Año	Comarca código	Comarca nombre	Número de actividades	Sector código	Sector	Rama código	Rama de actividad
2018	01	La Jacetania	166	1	Agricultura, ganadería y pesca	01	Agricultura, ganadería, silvicultura y pesca (cnae 01, 02, 03)
2018	01	La Jacetania	5	2	Industria y energía	02	Industrias extractivas (cnae 05, 06, 07, 08, 09)
2018	01	La Jacetania	30	2	Industria y energía	03	Industria de la alimentación, bebidas y tabaco (cnae 10, 11, 12)
2018	01	La Jacetania	8	2	Industria y energía	04	Industria textil, confección de prendas de vestir, cuero y calzado (cnae 13, 14, 15)
2018	01	La Jacetania	27	2	Industria y energía	05	Industria de la madera y corcho, papel y artes gráficas (cnae 16, 17, 18)
2018	01	La Jacetania	1	2	Industria y energía	06	Coquerías y refino de petróleo; industria química; productos farmacéuticos (cnae 19, 20, 21)
2018	01	La Jacetania	8	2	Industria y energía	07	Fabricación de productos de caucho y plástico y de otros minerales no metálicos (cnae 22, 23)
2018	01	La Jacetania	31	2	Industria y energía	08	Metalurgia y fabricación de productos metálicos, excepto maquinaria y equipo (cnae 24, 25)
2018	01	La Jacetania	6	2	Industria y energía	09	Fabricación de productos informáticos, electrónicos y ópticos; material y equipo eléctrico; maquinaria y equipo (cnae 26, 27, 28)
2018	01	La Jacetania	3	2	Industria y energía	10	Fabricación de material de transporte (cnae 29, 30)
2018	01	La Jacetania	25	2	Industria y energía	11	Fabricación de muebles; otras industrias manufactureras y reparación e instalación de maquinaria y equipo (cnae 31, 32, 33)
2018	01	La Jacetania	17	2	Industria y energía	12	Suministro de energía eléctrica, gas, vapor y aire acondicionado (cnae 35)
2018	01	La Jacetania	18	2	Industria y energía	13	Suministro de agua, actividades de saneamiento, gestión de residuos y descontaminación (cnae 36, 37, 38, 39)
2018	01	La Jacetania	598	3	Construcción	14	Construcción (cnae 41, 42, 43)
2018	01	La Jacetania	974	4	Servicios	15	Comercio al por mayor y al por menor; reparación de vehículos de motor y motocicletas (cnae 45, 46, 47)
2018	01	La Jacetania	111	4	Servicios	16	Transporte y almacenamiento (cnae 49, 50, 51, 52, 53)
2018	01	La Jacetania	645	4	Servicios	17	Hostelería (cnae 55, 56)
2018	01	La Jacetania	40	4	Servicios	18	Información y comunicaciones (cnae 58, 59, 60, 61, 62, 63)
2018	01	La Jacetania	73	4	Servicios	19	Actividades financieras y de seguros (cnae 64, 65, 66)
2018	01	La Jacetania	449	4	Servicios	20	Actividades inmobiliarias (cnae 68)
2018	01	La Jacetania	258	4	Servicios	21	Actividades profesionales, científicas y técnicas (cnae 69, 70, 71, 72, 73, 74, 75)
2018	01	La Jacetania	222	4	Servicios	22	Actividades administrativas y servicios auxliares (cnae 77, 78, 79, 80, 81, 82)
2018	01	La Jacetania	163	4	Servicios	23	Educación (cnae 85)
2018	01	La Jacetania	94	4	Servicios	24	Actividades sanitarias y de servicios sociales (cnae 86, 87, 88)
2018	01	La Jacetania	187	4	Servicios	25	Actividades artísticas, recreativas y de entretenimiento (cnae 90, 91, 92, 93)
2018	01	La Jacetania	156	4	Servicios	26	Otros servicios (cnae 94, 95, 96)
2018	02	Alto Gállego	67	1	Agricultura, ganadería y pesca	01	Agricultura, ganadería, silvicultura y pesca (cnae 01, 02, 03)
2018	02	Alto Gállego	3	2	Industria y energía	02	Industrias extractivas (cnae 05, 06, 07, 08, 09)
2018	02	Alto Gállego	32	2	Industria y energía	03	Industria de la alimentación, bebidas y tabaco (cnae 10, 11, 12)
2018	02	Alto Gállego	14	2	Industria y energía	04	Industria textil, confección de prendas de vestir, cuero y calzado (cnae 13, 14, 15)
2018	02	Alto Gállego	15	2	Industria y energía	05	Industria de la madera y corcho, papel y artes gráficas (cnae 16, 17, 18)
2018	02	Alto Gállego	16	2	Industria y energía	06	Coquerías y refino de petróleo; industria química; productos farmacéuticos (cnae 19, 20, 21)
2018	02	Alto Gállego	8	2	Industria y energía	07	Fabricación de productos de caucho y plástico y de otros minerales no metálicos (cnae 22, 23)
2018	02	Alto Gállego	29	2	Industria y energía	08	Metalurgia y fabricación de productos metálicos, excepto maquinaria y equipo (cnae 24, 25)
2018	02	Alto Gállego	3	2	Industria y energía	09	Fabricación de productos informáticos, electrónicos y ópticos; material y equipo eléctrico; maquinaria y equipo (cnae 26, 27, 28)
2018	02	Alto Gállego	2	2	Industria y energía	10	Fabricación de material de transporte (cnae 29, 30)
2018	02	Alto Gállego	13	2	Industria y energía	11	Fabricación de muebles; otras industrias manufactureras y reparación e instalación de maquinaria y equipo (cnae 31, 32, 33)
2018	02	Alto Gállego	28	2	Industria y energía	12	Suministro de energía eléctrica, gas, vapor y aire acondicionado (cnae 35)
2018	02	Alto Gállego	17	2	Industria y energía	13	Suministro de agua, actividades de saneamiento, gestión de residuos y descontaminación (cnae 36, 37, 38, 39)
2018	02	Alto Gállego	463	3	Construcción	14	Construcción (cnae 41, 42, 43)
2018	02	Alto Gállego	716	4	Servicios	15	Comercio al por mayor y al por menor; reparación de vehículos de motor y motocicletas (cnae 45, 46, 47)
2018	02	Alto Gállego	78	4	Servicios	16	Transporte y almacenamiento (cnae 49, 50, 51, 52, 53)
2018	02	Alto Gállego	560	4	Servicios	17	Hostelería (cnae 55, 56)
2018	02	Alto Gállego	17	4	Servicios	18	Información y comunicaciones (cnae 58, 59, 60, 61, 62, 63)
2018	02	Alto Gállego	55	4	Servicios	19	Actividades financieras y de seguros (cnae 64, 65, 66)
2018	02	Alto Gállego	367	4	Servicios	20	Actividades inmobiliarias (cnae 68)
2018	02	Alto Gállego	174	4	Servicios	21	Actividades profesionales, científicas y técnicas (cnae 69, 70, 71, 72, 73, 74, 75)
2018	02	Alto Gállego	216	4	Servicios	22	Actividades administrativas y servicios auxliares (cnae 77, 78, 79, 80, 81, 82)
2018	02	Alto Gállego	110	4	Servicios	23	Educación (cnae 85)
2018	02	Alto Gállego	47	4	Servicios	24	Actividades sanitarias y de servicios sociales (cnae 86, 87, 88)
2018	02	Alto Gállego	130	4	Servicios	25	Actividades artísticas, recreativas y de entretenimiento (cnae 90, 91, 92, 93)
2018	02	Alto Gállego	132	4	Servicios	26	Otros servicios (cnae 94, 95, 96)
2018	03	Sobrarbe	205	1	Agricultura, ganadería y pesca	01	Agricultura, ganadería, silvicultura y pesca (cnae 01, 02, 03)
2018	03	Sobrarbe	3	2	Industria y energía	02	Industrias extractivas (cnae 05, 06, 07, 08, 09)
2018	03	Sobrarbe	26	2	Industria y energía	03	Industria de la alimentación, bebidas y tabaco (cnae 10, 11, 12)
2018	03	Sobrarbe	2	2	Industria y energía	04	Industria textil, confección de prendas de vestir, cuero y calzado (cnae 13, 14, 15)
2018	03	Sobrarbe	20	2	Industria y energía	05	Industria de la madera y corcho, papel y artes gráficas (cnae 16, 17, 18)
2018	03	Sobrarbe	10	2	Industria y energía	07	Fabricación de productos de caucho y plástico y de otros minerales no metálicos (cnae 22, 23)
2018	03	Sobrarbe	5	2	Industria y energía	08	Metalurgia y fabricación de productos metálicos, excepto maquinaria y equipo (cnae 24, 25)
2018	03	Sobrarbe	1	2	Industria y energía	10	Fabricación de material de transporte (cnae 29, 30)
2018	03	Sobrarbe	6	2	Industria y energía	11	Fabricación de muebles; otras industrias manufactureras y reparación e instalación de maquinaria y equipo (cnae 31, 32, 33)
2018	03	Sobrarbe	22	2	Industria y energía	12	Suministro de energía eléctrica, gas, vapor y aire acondicionado (cnae 35)
2018	03	Sobrarbe	8	2	Industria y energía	13	Suministro de agua, actividades de saneamiento, gestión de residuos y descontaminación (cnae 36, 37, 38, 39)
2018	03	Sobrarbe	340	3	Construcción	14	Construcción (cnae 41, 42, 43)
2018	03	Sobrarbe	435	4	Servicios	15	Comercio al por mayor y al por menor; reparación de vehículos de motor y motocicletas (cnae 45, 46, 47)
2018	03	Sobrarbe	67	4	Servicios	16	Transporte y almacenamiento (cnae 49, 50, 51, 52, 53)
2018	03	Sobrarbe	529	4	Servicios	17	Hostelería (cnae 55, 56)
2018	03	Sobrarbe	18	4	Servicios	18	Información y comunicaciones (cnae 58, 59, 60, 61, 62, 63)
2018	03	Sobrarbe	35	4	Servicios	19	Actividades financieras y de seguros (cnae 64, 65, 66)
2018	03	Sobrarbe	232	4	Servicios	20	Actividades inmobiliarias (cnae 68)
2018	03	Sobrarbe	142	4	Servicios	21	Actividades profesionales, científicas y técnicas (cnae 69, 70, 71, 72, 73, 74, 75)
2018	03	Sobrarbe	119	4	Servicios	22	Actividades administrativas y servicios auxliares (cnae 77, 78, 79, 80, 81, 82)
2018	03	Sobrarbe	71	4	Servicios	23	Educación (cnae 85)
2018	03	Sobrarbe	33	4	Servicios	24	Actividades sanitarias y de servicios sociales (cnae 86, 87, 88)
2018	03	Sobrarbe	79	4	Servicios	25	Actividades artísticas, recreativas y de entretenimiento (cnae 90, 91, 92, 93)
2018	03	Sobrarbe	62	4	Servicios	26	Otros servicios (cnae 94, 95, 96)
2018	04	La Ribagorza	413	1	Agricultura, ganadería y pesca	01	Agricultura, ganadería, silvicultura y pesca (cnae 01, 02, 03)
2018	04	La Ribagorza	4	2	Industria y energía	02	Industrias extractivas (cnae 05, 06, 07, 08, 09)
2018	04	La Ribagorza	58	2	Industria y energía	03	Industria de la alimentación, bebidas y tabaco (cnae 10, 11, 12)
2018	04	La Ribagorza	8	2	Industria y energía	04	Industria textil, confección de prendas de vestir, cuero y calzado (cnae 13, 14, 15)
2018	04	La Ribagorza	21	2	Industria y energía	05	Industria de la madera y corcho, papel y artes gráficas (cnae 16, 17, 18)
2018	04	La Ribagorza	3	2	Industria y energía	06	Coquerías y refino de petróleo; industria química; productos farmacéuticos (cnae 19, 20, 21)
2018	04	La Ribagorza	10	2	Industria y energía	07	Fabricación de productos de caucho y plástico y de otros minerales no metálicos (cnae 22, 23)
2018	04	La Ribagorza	26	2	Industria y energía	08	Metalurgia y fabricación de productos metálicos, excepto maquinaria y equipo (cnae 24, 25)
2018	04	La Ribagorza	2	2	Industria y energía	09	Fabricación de productos informáticos, electrónicos y ópticos; material y equipo eléctrico; maquinaria y equipo (cnae 26, 27, 28)
2018	04	La Ribagorza	10	2	Industria y energía	11	Fabricación de muebles; otras industrias manufactureras y reparación e instalación de maquinaria y equipo (cnae 31, 32, 33)
2018	04	La Ribagorza	52	2	Industria y energía	12	Suministro de energía eléctrica, gas, vapor y aire acondicionado (cnae 35)
2018	04	La Ribagorza	17	2	Industria y energía	13	Suministro de agua, actividades de saneamiento, gestión de residuos y descontaminación (cnae 36, 37, 38, 39)
2018	04	La Ribagorza	516	3	Construcción	14	Construcción (cnae 41, 42, 43)
2018	04	La Ribagorza	640	4	Servicios	15	Comercio al por mayor y al por menor; reparación de vehículos de motor y motocicletas (cnae 45, 46, 47)
2018	04	La Ribagorza	110	4	Servicios	16	Transporte y almacenamiento (cnae 49, 50, 51, 52, 53)
2018	04	La Ribagorza	505	4	Servicios	17	Hostelería (cnae 55, 56)
2018	04	La Ribagorza	34	4	Servicios	18	Información y comunicaciones (cnae 58, 59, 60, 61, 62, 63)
2018	04	La Ribagorza	57	4	Servicios	19	Actividades financieras y de seguros (cnae 64, 65, 66)
2018	04	La Ribagorza	337	4	Servicios	20	Actividades inmobiliarias (cnae 68)
2018	04	La Ribagorza	187	4	Servicios	21	Actividades profesionales, científicas y técnicas (cnae 69, 70, 71, 72, 73, 74, 75)
2018	04	La Ribagorza	157	4	Servicios	22	Actividades administrativas y servicios auxliares (cnae 77, 78, 79, 80, 81, 82)
2018	04	La Ribagorza	172	4	Servicios	23	Educación (cnae 85)
2018	04	La Ribagorza	43	4	Servicios	24	Actividades sanitarias y de servicios sociales (cnae 86, 87, 88)
2018	04	La Ribagorza	115	4	Servicios	25	Actividades artísticas, recreativas y de entretenimiento (cnae 90, 91, 92, 93)
2018	04	La Ribagorza	99	4	Servicios	26	Otros servicios (cnae 94, 95, 96)
2018	05	Cinco Villas	684	1	Agricultura, ganadería y pesca	01	Agricultura, ganadería, silvicultura y pesca (cnae 01, 02, 03)
2018	05	Cinco Villas	8	2	Industria y energía	02	Industrias extractivas (cnae 05, 06, 07, 08, 09)
2018	05	Cinco Villas	73	2	Industria y energía	03	Industria de la alimentación, bebidas y tabaco (cnae 10, 11, 12)
2018	05	Cinco Villas	16	2	Industria y energía	04	Industria textil, confección de prendas de vestir, cuero y calzado (cnae 13, 14, 15)
2018	05	Cinco Villas	33	2	Industria y energía	05	Industria de la madera y corcho, papel y artes gráficas (cnae 16, 17, 18)
2018	05	Cinco Villas	9	2	Industria y energía	06	Coquerías y refino de petróleo; industria química; productos farmacéuticos (cnae 19, 20, 21)
2018	05	Cinco Villas	26	2	Industria y energía	07	Fabricación de productos de caucho y plástico y de otros minerales no metálicos (cnae 22, 23)
2018	05	Cinco Villas	90	2	Industria y energía	08	Metalurgia y fabricación de productos metálicos, excepto maquinaria y equipo (cnae 24, 25)
2018	05	Cinco Villas	58	2	Industria y energía	09	Fabricación de productos informáticos, electrónicos y ópticos; material y equipo eléctrico; maquinaria y equipo (cnae 26, 27, 28)
2018	05	Cinco Villas	12	2	Industria y energía	10	Fabricación de material de transporte (cnae 29, 30)
2018	05	Cinco Villas	30	2	Industria y energía	11	Fabricación de muebles; otras industrias manufactureras y reparación e instalación de maquinaria y equipo (cnae 31, 32, 33)
2018	05	Cinco Villas	274	2	Industria y energía	12	Suministro de energía eléctrica, gas, vapor y aire acondicionado (cnae 35)
2018	05	Cinco Villas	17	2	Industria y energía	13	Suministro de agua, actividades de saneamiento, gestión de residuos y descontaminación (cnae 36, 37, 38, 39)
2018	05	Cinco Villas	694	3	Construcción	14	Construcción (cnae 41, 42, 43)
2018	05	Cinco Villas	1263	4	Servicios	15	Comercio al por mayor y al por menor; reparación de vehículos de motor y motocicletas (cnae 45, 46, 47)
2018	05	Cinco Villas	202	4	Servicios	16	Transporte y almacenamiento (cnae 49, 50, 51, 52, 53)
2018	05	Cinco Villas	397	4	Servicios	17	Hostelería (cnae 55, 56)
2018	05	Cinco Villas	32	4	Servicios	18	Información y comunicaciones (cnae 58, 59, 60, 61, 62, 63)
2018	05	Cinco Villas	108	4	Servicios	19	Actividades financieras y de seguros (cnae 64, 65, 66)
2018	05	Cinco Villas	489	4	Servicios	20	Actividades inmobiliarias (cnae 68)
2018	05	Cinco Villas	271	4	Servicios	21	Actividades profesionales, científicas y técnicas (cnae 69, 70, 71, 72, 73, 74, 75)
2018	05	Cinco Villas	187	4	Servicios	22	Actividades administrativas y servicios auxliares (cnae 77, 78, 79, 80, 81, 82)
2018	05	Cinco Villas	119	4	Servicios	23	Educación (cnae 85)
2018	05	Cinco Villas	85	4	Servicios	24	Actividades sanitarias y de servicios sociales (cnae 86, 87, 88)
2018	05	Cinco Villas	99	4	Servicios	25	Actividades artísticas, recreativas y de entretenimiento (cnae 90, 91, 92, 93)
2018	05	Cinco Villas	162	4	Servicios	26	Otros servicios (cnae 94, 95, 96)
2018	06	Hoya de Huesca / Plana de Uesca	649	1	Agricultura, ganadería y pesca	01	Agricultura, ganadería, silvicultura y pesca (cnae 01, 02, 03)
2018	06	Hoya de Huesca / Plana de Uesca	15	2	Industria y energía	02	Industrias extractivas (cnae 05, 06, 07, 08, 09)
2018	06	Hoya de Huesca / Plana de Uesca	87	2	Industria y energía	03	Industria de la alimentación, bebidas y tabaco (cnae 10, 11, 12)
2018	06	Hoya de Huesca / Plana de Uesca	38	2	Industria y energía	04	Industria textil, confección de prendas de vestir, cuero y calzado (cnae 13, 14, 15)
2018	06	Hoya de Huesca / Plana de Uesca	87	2	Industria y energía	05	Industria de la madera y corcho, papel y artes gráficas (cnae 16, 17, 18)
2018	06	Hoya de Huesca / Plana de Uesca	15	2	Industria y energía	06	Coquerías y refino de petróleo; industria química; productos farmacéuticos (cnae 19, 20, 21)
2018	06	Hoya de Huesca / Plana de Uesca	32	2	Industria y energía	07	Fabricación de productos de caucho y plástico y de otros minerales no metálicos (cnae 22, 23)
2018	06	Hoya de Huesca / Plana de Uesca	121	2	Industria y energía	08	Metalurgia y fabricación de productos metálicos, excepto maquinaria y equipo (cnae 24, 25)
2018	06	Hoya de Huesca / Plana de Uesca	43	2	Industria y energía	09	Fabricación de productos informáticos, electrónicos y ópticos; material y equipo eléctrico; maquinaria y equipo (cnae 26, 27, 28)
2018	06	Hoya de Huesca / Plana de Uesca	16	2	Industria y energía	10	Fabricación de material de transporte (cnae 29, 30)
2018	06	Hoya de Huesca / Plana de Uesca	91	2	Industria y energía	11	Fabricación de muebles; otras industrias manufactureras y reparación e instalación de maquinaria y equipo (cnae 31, 32, 33)
2018	06	Hoya de Huesca / Plana de Uesca	90	2	Industria y energía	12	Suministro de energía eléctrica, gas, vapor y aire acondicionado (cnae 35)
2018	06	Hoya de Huesca / Plana de Uesca	45	2	Industria y energía	13	Suministro de agua, actividades de saneamiento, gestión de residuos y descontaminación (cnae 36, 37, 38, 39)
2018	06	Hoya de Huesca / Plana de Uesca	1485	3	Construcción	14	Construcción (cnae 41, 42, 43)
2018	06	Hoya de Huesca / Plana de Uesca	2800	4	Servicios	15	Comercio al por mayor y al por menor; reparación de vehículos de motor y motocicletas (cnae 45, 46, 47)
2018	06	Hoya de Huesca / Plana de Uesca	409	4	Servicios	16	Transporte y almacenamiento (cnae 49, 50, 51, 52, 53)
2018	06	Hoya de Huesca / Plana de Uesca	857	4	Servicios	17	Hostelería (cnae 55, 56)
2018	06	Hoya de Huesca / Plana de Uesca	238	4	Servicios	18	Información y comunicaciones (cnae 58, 59, 60, 61, 62, 63)
2018	06	Hoya de Huesca / Plana de Uesca	269	4	Servicios	19	Actividades financieras y de seguros (cnae 64, 65, 66)
2018	06	Hoya de Huesca / Plana de Uesca	1283	4	Servicios	20	Actividades inmobiliarias (cnae 68)
2018	06	Hoya de Huesca / Plana de Uesca	1270	4	Servicios	21	Actividades profesionales, científicas y técnicas (cnae 69, 70, 71, 72, 73, 74, 75)
2018	06	Hoya de Huesca / Plana de Uesca	646	4	Servicios	22	Actividades administrativas y servicios auxliares (cnae 77, 78, 79, 80, 81, 82)
2018	06	Hoya de Huesca / Plana de Uesca	664	4	Servicios	23	Educación (cnae 85)
2018	06	Hoya de Huesca / Plana de Uesca	458	4	Servicios	24	Actividades sanitarias y de servicios sociales (cnae 86, 87, 88)
2018	06	Hoya de Huesca / Plana de Uesca	569	4	Servicios	25	Actividades artísticas, recreativas y de entretenimiento (cnae 90, 91, 92, 93)
2018	06	Hoya de Huesca / Plana de Uesca	550	4	Servicios	26	Otros servicios (cnae 94, 95, 96)
2018	07	Somontano de Barbastro	407	1	Agricultura, ganadería y pesca	01	Agricultura, ganadería, silvicultura y pesca (cnae 01, 02, 03)
2018	07	Somontano de Barbastro	6	2	Industria y energía	02	Industrias extractivas (cnae 05, 06, 07, 08, 09)
2018	07	Somontano de Barbastro	95	2	Industria y energía	03	Industria de la alimentación, bebidas y tabaco (cnae 10, 11, 12)
2018	07	Somontano de Barbastro	13	2	Industria y energía	04	Industria textil, confección de prendas de vestir, cuero y calzado (cnae 13, 14, 15)
2018	07	Somontano de Barbastro	36	2	Industria y energía	05	Industria de la madera y corcho, papel y artes gráficas (cnae 16, 17, 18)
2018	07	Somontano de Barbastro	21	2	Industria y energía	06	Coquerías y refino de petróleo; industria química; productos farmacéuticos (cnae 19, 20, 21)
2018	07	Somontano de Barbastro	23	2	Industria y energía	07	Fabricación de productos de caucho y plástico y de otros minerales no metálicos (cnae 22, 23)
2018	07	Somontano de Barbastro	53	2	Industria y energía	08	Metalurgia y fabricación de productos metálicos, excepto maquinaria y equipo (cnae 24, 25)
2018	07	Somontano de Barbastro	20	2	Industria y energía	09	Fabricación de productos informáticos, electrónicos y ópticos; material y equipo eléctrico; maquinaria y equipo (cnae 26, 27, 28)
2018	07	Somontano de Barbastro	1	2	Industria y energía	10	Fabricación de material de transporte (cnae 29, 30)
2018	07	Somontano de Barbastro	39	2	Industria y energía	11	Fabricación de muebles; otras industrias manufactureras y reparación e instalación de maquinaria y equipo (cnae 31, 32, 33)
2018	07	Somontano de Barbastro	40	2	Industria y energía	12	Suministro de energía eléctrica, gas, vapor y aire acondicionado (cnae 35)
2018	07	Somontano de Barbastro	15	2	Industria y energía	13	Suministro de agua, actividades de saneamiento, gestión de residuos y descontaminación (cnae 36, 37, 38, 39)
2018	07	Somontano de Barbastro	462	3	Construcción	14	Construcción (cnae 41, 42, 43)
2018	07	Somontano de Barbastro	1035	4	Servicios	15	Comercio al por mayor y al por menor; reparación de vehículos de motor y motocicletas (cnae 45, 46, 47)
2018	07	Somontano de Barbastro	121	4	Servicios	16	Transporte y almacenamiento (cnae 49, 50, 51, 52, 53)
2018	07	Somontano de Barbastro	434	4	Servicios	17	Hostelería (cnae 55, 56)
2018	07	Somontano de Barbastro	64	4	Servicios	18	Información y comunicaciones (cnae 58, 59, 60, 61, 62, 63)
2018	07	Somontano de Barbastro	77	4	Servicios	19	Actividades financieras y de seguros (cnae 64, 65, 66)
2018	07	Somontano de Barbastro	515	4	Servicios	20	Actividades inmobiliarias (cnae 68)
2018	07	Somontano de Barbastro	323	4	Servicios	21	Actividades profesionales, científicas y técnicas (cnae 69, 70, 71, 72, 73, 74, 75)
2018	07	Somontano de Barbastro	206	4	Servicios	22	Actividades administrativas y servicios auxliares (cnae 77, 78, 79, 80, 81, 82)
2018	07	Somontano de Barbastro	197	4	Servicios	23	Educación (cnae 85)
2018	07	Somontano de Barbastro	101	4	Servicios	24	Actividades sanitarias y de servicios sociales (cnae 86, 87, 88)
2018	07	Somontano de Barbastro	122	4	Servicios	25	Actividades artísticas, recreativas y de entretenimiento (cnae 90, 91, 92, 93)
2018	07	Somontano de Barbastro	148	4	Servicios	26	Otros servicios (cnae 94, 95, 96)
2018	08	Cinca Medio	476	1	Agricultura, ganadería y pesca	01	Agricultura, ganadería, silvicultura y pesca (cnae 01, 02, 03)
2018	08	Cinca Medio	8	2	Industria y energía	02	Industrias extractivas (cnae 05, 06, 07, 08, 09)
2018	08	Cinca Medio	62	2	Industria y energía	03	Industria de la alimentación, bebidas y tabaco (cnae 10, 11, 12)
2018	08	Cinca Medio	16	2	Industria y energía	04	Industria textil, confección de prendas de vestir, cuero y calzado (cnae 13, 14, 15)
2018	08	Cinca Medio	29	2	Industria y energía	05	Industria de la madera y corcho, papel y artes gráficas (cnae 16, 17, 18)
2018	08	Cinca Medio	25	2	Industria y energía	06	Coquerías y refino de petróleo; industria química; productos farmacéuticos (cnae 19, 20, 21)
2018	08	Cinca Medio	18	2	Industria y energía	07	Fabricación de productos de caucho y plástico y de otros minerales no metálicos (cnae 22, 23)
2018	08	Cinca Medio	78	2	Industria y energía	08	Metalurgia y fabricación de productos metálicos, excepto maquinaria y equipo (cnae 24, 25)
2018	08	Cinca Medio	26	2	Industria y energía	09	Fabricación de productos informáticos, electrónicos y ópticos; material y equipo eléctrico; maquinaria y equipo (cnae 26, 27, 28)
2018	08	Cinca Medio	3	2	Industria y energía	10	Fabricación de material de transporte (cnae 29, 30)
2018	08	Cinca Medio	36	2	Industria y energía	11	Fabricación de muebles; otras industrias manufactureras y reparación e instalación de maquinaria y equipo (cnae 31, 32, 33)
2018	08	Cinca Medio	20	2	Industria y energía	12	Suministro de energía eléctrica, gas, vapor y aire acondicionado (cnae 35)
2018	08	Cinca Medio	22	2	Industria y energía	13	Suministro de agua, actividades de saneamiento, gestión de residuos y descontaminación (cnae 36, 37, 38, 39)
2018	08	Cinca Medio	514	3	Construcción	14	Construcción (cnae 41, 42, 43)
2018	08	Cinca Medio	1008	4	Servicios	15	Comercio al por mayor y al por menor; reparación de vehículos de motor y motocicletas (cnae 45, 46, 47)
2018	08	Cinca Medio	162	4	Servicios	16	Transporte y almacenamiento (cnae 49, 50, 51, 52, 53)
2018	08	Cinca Medio	248	4	Servicios	17	Hostelería (cnae 55, 56)
2018	08	Cinca Medio	47	4	Servicios	18	Información y comunicaciones (cnae 58, 59, 60, 61, 62, 63)
2018	08	Cinca Medio	126	4	Servicios	19	Actividades financieras y de seguros (cnae 64, 65, 66)
2018	08	Cinca Medio	418	4	Servicios	20	Actividades inmobiliarias (cnae 68)
2018	08	Cinca Medio	311	4	Servicios	21	Actividades profesionales, científicas y técnicas (cnae 69, 70, 71, 72, 73, 74, 75)
2018	08	Cinca Medio	169	4	Servicios	22	Actividades administrativas y servicios auxliares (cnae 77, 78, 79, 80, 81, 82)
2018	08	Cinca Medio	125	4	Servicios	23	Educación (cnae 85)
2018	08	Cinca Medio	82	4	Servicios	24	Actividades sanitarias y de servicios sociales (cnae 86, 87, 88)
2018	08	Cinca Medio	137	4	Servicios	25	Actividades artísticas, recreativas y de entretenimiento (cnae 90, 91, 92, 93)
2018	08	Cinca Medio	165	4	Servicios	26	Otros servicios (cnae 94, 95, 96)
2018	09	La Litera / La Llitera	931	1	Agricultura, ganadería y pesca	01	Agricultura, ganadería, silvicultura y pesca (cnae 01, 02, 03)
2018	09	La Litera / La Llitera	3	2	Industria y energía	02	Industrias extractivas (cnae 05, 06, 07, 08, 09)
2018	09	La Litera / La Llitera	61	2	Industria y energía	03	Industria de la alimentación, bebidas y tabaco (cnae 10, 11, 12)
2018	09	La Litera / La Llitera	15	2	Industria y energía	04	Industria textil, confección de prendas de vestir, cuero y calzado (cnae 13, 14, 15)
2018	09	La Litera / La Llitera	24	2	Industria y energía	05	Industria de la madera y corcho, papel y artes gráficas (cnae 16, 17, 18)
2018	09	La Litera / La Llitera	9	2	Industria y energía	06	Coquerías y refino de petróleo; industria química; productos farmacéuticos (cnae 19, 20, 21)
2018	09	La Litera / La Llitera	15	2	Industria y energía	07	Fabricación de productos de caucho y plástico y de otros minerales no metálicos (cnae 22, 23)
2018	09	La Litera / La Llitera	68	2	Industria y energía	08	Metalurgia y fabricación de productos metálicos, excepto maquinaria y equipo (cnae 24, 25)
2018	09	La Litera / La Llitera	24	2	Industria y energía	09	Fabricación de productos informáticos, electrónicos y ópticos; material y equipo eléctrico; maquinaria y equipo (cnae 26, 27, 28)
2018	09	La Litera / La Llitera	9	2	Industria y energía	10	Fabricación de material de transporte (cnae 29, 30)
2018	09	La Litera / La Llitera	35	2	Industria y energía	11	Fabricación de muebles; otras industrias manufactureras y reparación e instalación de maquinaria y equipo (cnae 31, 32, 33)
2018	09	La Litera / La Llitera	16	2	Industria y energía	12	Suministro de energía eléctrica, gas, vapor y aire acondicionado (cnae 35)
2018	09	La Litera / La Llitera	15	2	Industria y energía	13	Suministro de agua, actividades de saneamiento, gestión de residuos y descontaminación (cnae 36, 37, 38, 39)
2018	09	La Litera / La Llitera	488	3	Construcción	14	Construcción (cnae 41, 42, 43)
2018	09	La Litera / La Llitera	986	4	Servicios	15	Comercio al por mayor y al por menor; reparación de vehículos de motor y motocicletas (cnae 45, 46, 47)
2018	09	La Litera / La Llitera	139	4	Servicios	16	Transporte y almacenamiento (cnae 49, 50, 51, 52, 53)
2018	09	La Litera / La Llitera	183	4	Servicios	17	Hostelería (cnae 55, 56)
2018	09	La Litera / La Llitera	34	4	Servicios	18	Información y comunicaciones (cnae 58, 59, 60, 61, 62, 63)
2018	09	La Litera / La Llitera	79	4	Servicios	19	Actividades financieras y de seguros (cnae 64, 65, 66)
2018	09	La Litera / La Llitera	420	4	Servicios	20	Actividades inmobiliarias (cnae 68)
2018	09	La Litera / La Llitera	270	4	Servicios	21	Actividades profesionales, científicas y técnicas (cnae 69, 70, 71, 72, 73, 74, 75)
2018	09	La Litera / La Llitera	162	4	Servicios	22	Actividades administrativas y servicios auxliares (cnae 77, 78, 79, 80, 81, 82)
2018	09	La Litera / La Llitera	83	4	Servicios	23	Educación (cnae 85)
2018	09	La Litera / La Llitera	53	4	Servicios	24	Actividades sanitarias y de servicios sociales (cnae 86, 87, 88)
2018	09	La Litera / La Llitera	81	4	Servicios	25	Actividades artísticas, recreativas y de entretenimiento (cnae 90, 91, 92, 93)
2018	09	La Litera / La Llitera	119	4	Servicios	26	Otros servicios (cnae 94, 95, 96)
2018	10	Los Monegros	847	1	Agricultura, ganadería y pesca	01	Agricultura, ganadería, silvicultura y pesca (cnae 01, 02, 03)
2018	10	Los Monegros	3	2	Industria y energía	02	Industrias extractivas (cnae 05, 06, 07, 08, 09)
2018	10	Los Monegros	80	2	Industria y energía	03	Industria de la alimentación, bebidas y tabaco (cnae 10, 11, 12)
2018	10	Los Monegros	13	2	Industria y energía	04	Industria textil, confección de prendas de vestir, cuero y calzado (cnae 13, 14, 15)
2018	10	Los Monegros	16	2	Industria y energía	05	Industria de la madera y corcho, papel y artes gráficas (cnae 16, 17, 18)
2018	10	Los Monegros	4	2	Industria y energía	06	Coquerías y refino de petróleo; industria química; productos farmacéuticos (cnae 19, 20, 21)
2018	10	Los Monegros	11	2	Industria y energía	07	Fabricación de productos de caucho y plástico y de otros minerales no metálicos (cnae 22, 23)
2018	10	Los Monegros	47	2	Industria y energía	08	Metalurgia y fabricación de productos metálicos, excepto maquinaria y equipo (cnae 24, 25)
2018	10	Los Monegros	7	2	Industria y energía	09	Fabricación de productos informáticos, electrónicos y ópticos; material y equipo eléctrico; maquinaria y equipo (cnae 26, 27, 28)
2018	10	Los Monegros	4	2	Industria y energía	10	Fabricación de material de transporte (cnae 29, 30)
2018	10	Los Monegros	13	2	Industria y energía	11	Fabricación de muebles; otras industrias manufactureras y reparación e instalación de maquinaria y equipo (cnae 31, 32, 33)
2018	10	Los Monegros	124	2	Industria y energía	12	Suministro de energía eléctrica, gas, vapor y aire acondicionado (cnae 35)
2018	10	Los Monegros	24	2	Industria y energía	13	Suministro de agua, actividades de saneamiento, gestión de residuos y descontaminación (cnae 36, 37, 38, 39)
2018	10	Los Monegros	408	3	Construcción	14	Construcción (cnae 41, 42, 43)
2018	10	Los Monegros	787	4	Servicios	15	Comercio al por mayor y al por menor; reparación de vehículos de motor y motocicletas (cnae 45, 46, 47)
2018	10	Los Monegros	121	4	Servicios	16	Transporte y almacenamiento (cnae 49, 50, 51, 52, 53)
2018	10	Los Monegros	241	4	Servicios	17	Hostelería (cnae 55, 56)
2018	10	Los Monegros	17	4	Servicios	18	Información y comunicaciones (cnae 58, 59, 60, 61, 62, 63)
2018	10	Los Monegros	71	4	Servicios	19	Actividades financieras y de seguros (cnae 64, 65, 66)
2018	10	Los Monegros	277	4	Servicios	20	Actividades inmobiliarias (cnae 68)
2018	10	Los Monegros	92	4	Servicios	21	Actividades profesionales, científicas y técnicas (cnae 69, 70, 71, 72, 73, 74, 75)
2018	10	Los Monegros	115	4	Servicios	22	Actividades administrativas y servicios auxliares (cnae 77, 78, 79, 80, 81, 82)
2018	10	Los Monegros	44	4	Servicios	23	Educación (cnae 85)
2018	10	Los Monegros	22	4	Servicios	24	Actividades sanitarias y de servicios sociales (cnae 86, 87, 88)
2018	10	Los Monegros	112	4	Servicios	25	Actividades artísticas, recreativas y de entretenimiento (cnae 90, 91, 92, 93)
2018	10	Los Monegros	114	4	Servicios	26	Otros servicios (cnae 94, 95, 96)
2018	11	Bajo Cinca / Baix Cinca	459	1	Agricultura, ganadería y pesca	01	Agricultura, ganadería, silvicultura y pesca (cnae 01, 02, 03)
2018	11	Bajo Cinca / Baix Cinca	8	2	Industria y energía	02	Industrias extractivas (cnae 05, 06, 07, 08, 09)
2018	11	Bajo Cinca / Baix Cinca	60	2	Industria y energía	03	Industria de la alimentación, bebidas y tabaco (cnae 10, 11, 12)
2018	11	Bajo Cinca / Baix Cinca	13	2	Industria y energía	04	Industria textil, confección de prendas de vestir, cuero y calzado (cnae 13, 14, 15)
2018	11	Bajo Cinca / Baix Cinca	39	2	Industria y energía	05	Industria de la madera y corcho, papel y artes gráficas (cnae 16, 17, 18)
2018	11	Bajo Cinca / Baix Cinca	11	2	Industria y energía	06	Coquerías y refino de petróleo; industria química; productos farmacéuticos (cnae 19, 20, 21)
2018	11	Bajo Cinca / Baix Cinca	20	2	Industria y energía	07	Fabricación de productos de caucho y plástico y de otros minerales no metálicos (cnae 22, 23)
2018	11	Bajo Cinca / Baix Cinca	54	2	Industria y energía	08	Metalurgia y fabricación de productos metálicos, excepto maquinaria y equipo (cnae 24, 25)
2018	11	Bajo Cinca / Baix Cinca	19	2	Industria y energía	09	Fabricación de productos informáticos, electrónicos y ópticos; material y equipo eléctrico; maquinaria y equipo (cnae 26, 27, 28)
2018	11	Bajo Cinca / Baix Cinca	7	2	Industria y energía	10	Fabricación de material de transporte (cnae 29, 30)
2018	11	Bajo Cinca / Baix Cinca	19	2	Industria y energía	11	Fabricación de muebles; otras industrias manufactureras y reparación e instalación de maquinaria y equipo (cnae 31, 32, 33)
2018	11	Bajo Cinca / Baix Cinca	47	2	Industria y energía	12	Suministro de energía eléctrica, gas, vapor y aire acondicionado (cnae 35)
2018	11	Bajo Cinca / Baix Cinca	25	2	Industria y energía	13	Suministro de agua, actividades de saneamiento, gestión de residuos y descontaminación (cnae 36, 37, 38, 39)
2018	11	Bajo Cinca / Baix Cinca	469	3	Construcción	14	Construcción (cnae 41, 42, 43)
2018	11	Bajo Cinca / Baix Cinca	1166	4	Servicios	15	Comercio al por mayor y al por menor; reparación de vehículos de motor y motocicletas (cnae 45, 46, 47)
2018	11	Bajo Cinca / Baix Cinca	170	4	Servicios	16	Transporte y almacenamiento (cnae 49, 50, 51, 52, 53)
2018	11	Bajo Cinca / Baix Cinca	268	4	Servicios	17	Hostelería (cnae 55, 56)
2018	11	Bajo Cinca / Baix Cinca	25	4	Servicios	18	Información y comunicaciones (cnae 58, 59, 60, 61, 62, 63)
2018	11	Bajo Cinca / Baix Cinca	100	4	Servicios	19	Actividades financieras y de seguros (cnae 64, 65, 66)
2018	11	Bajo Cinca / Baix Cinca	418	4	Servicios	20	Actividades inmobiliarias (cnae 68)
2018	11	Bajo Cinca / Baix Cinca	255	4	Servicios	21	Actividades profesionales, científicas y técnicas (cnae 69, 70, 71, 72, 73, 74, 75)
2018	11	Bajo Cinca / Baix Cinca	186	4	Servicios	22	Actividades administrativas y servicios auxliares (cnae 77, 78, 79, 80, 81, 82)
2018	11	Bajo Cinca / Baix Cinca	85	4	Servicios	23	Educación (cnae 85)
2018	11	Bajo Cinca / Baix Cinca	68	4	Servicios	24	Actividades sanitarias y de servicios sociales (cnae 86, 87, 88)
2018	11	Bajo Cinca / Baix Cinca	73	4	Servicios	25	Actividades artísticas, recreativas y de entretenimiento (cnae 90, 91, 92, 93)
2018	11	Bajo Cinca / Baix Cinca	158	4	Servicios	26	Otros servicios (cnae 94, 95, 96)
2018	12	Tarazona y el Moncayo	85	1	Agricultura, ganadería y pesca	01	Agricultura, ganadería, silvicultura y pesca (cnae 01, 02, 03)
2018	12	Tarazona y el Moncayo	1	2	Industria y energía	02	Industrias extractivas (cnae 05, 06, 07, 08, 09)
2018	12	Tarazona y el Moncayo	22	2	Industria y energía	03	Industria de la alimentación, bebidas y tabaco (cnae 10, 11, 12)
2018	12	Tarazona y el Moncayo	16	2	Industria y energía	04	Industria textil, confección de prendas de vestir, cuero y calzado (cnae 13, 14, 15)
2018	12	Tarazona y el Moncayo	12	2	Industria y energía	05	Industria de la madera y corcho, papel y artes gráficas (cnae 16, 17, 18)
2018	12	Tarazona y el Moncayo	1	2	Industria y energía	06	Coquerías y refino de petróleo; industria química; productos farmacéuticos (cnae 19, 20, 21)
2018	12	Tarazona y el Moncayo	5	2	Industria y energía	07	Fabricación de productos de caucho y plástico y de otros minerales no metálicos (cnae 22, 23)
2018	12	Tarazona y el Moncayo	29	2	Industria y energía	08	Metalurgia y fabricación de productos metálicos, excepto maquinaria y equipo (cnae 24, 25)
2018	12	Tarazona y el Moncayo	8	2	Industria y energía	09	Fabricación de productos informáticos, electrónicos y ópticos; material y equipo eléctrico; maquinaria y equipo (cnae 26, 27, 28)
2018	12	Tarazona y el Moncayo	11	2	Industria y energía	10	Fabricación de material de transporte (cnae 29, 30)
2018	12	Tarazona y el Moncayo	18	2	Industria y energía	11	Fabricación de muebles; otras industrias manufactureras y reparación e instalación de maquinaria y equipo (cnae 31, 32, 33)
2018	12	Tarazona y el Moncayo	25	2	Industria y energía	12	Suministro de energía eléctrica, gas, vapor y aire acondicionado (cnae 35)
2018	12	Tarazona y el Moncayo	4	2	Industria y energía	13	Suministro de agua, actividades de saneamiento, gestión de residuos y descontaminación (cnae 36, 37, 38, 39)
2018	12	Tarazona y el Moncayo	300	3	Construcción	14	Construcción (cnae 41, 42, 43)
2018	12	Tarazona y el Moncayo	622	4	Servicios	15	Comercio al por mayor y al por menor; reparación de vehículos de motor y motocicletas (cnae 45, 46, 47)
2018	12	Tarazona y el Moncayo	81	4	Servicios	16	Transporte y almacenamiento (cnae 49, 50, 51, 52, 53)
2018	12	Tarazona y el Moncayo	169	4	Servicios	17	Hostelería (cnae 55, 56)
2018	12	Tarazona y el Moncayo	14	4	Servicios	18	Información y comunicaciones (cnae 58, 59, 60, 61, 62, 63)
2018	12	Tarazona y el Moncayo	55	4	Servicios	19	Actividades financieras y de seguros (cnae 64, 65, 66)
2018	12	Tarazona y el Moncayo	208	4	Servicios	20	Actividades inmobiliarias (cnae 68)
2018	12	Tarazona y el Moncayo	124	4	Servicios	21	Actividades profesionales, científicas y técnicas (cnae 69, 70, 71, 72, 73, 74, 75)
2018	12	Tarazona y el Moncayo	53	4	Servicios	22	Actividades administrativas y servicios auxliares (cnae 77, 78, 79, 80, 81, 82)
2018	12	Tarazona y el Moncayo	32	4	Servicios	23	Educación (cnae 85)
2018	12	Tarazona y el Moncayo	34	4	Servicios	24	Actividades sanitarias y de servicios sociales (cnae 86, 87, 88)
2018	12	Tarazona y el Moncayo	56	4	Servicios	25	Actividades artísticas, recreativas y de entretenimiento (cnae 90, 91, 92, 93)
2018	12	Tarazona y el Moncayo	97	4	Servicios	26	Otros servicios (cnae 94, 95, 96)
2018	13	Campo de Borja	201	1	Agricultura, ganadería y pesca	01	Agricultura, ganadería, silvicultura y pesca (cnae 01, 02, 03)
2018	13	Campo de Borja	7	2	Industria y energía	02	Industrias extractivas (cnae 05, 06, 07, 08, 09)
2018	13	Campo de Borja	69	2	Industria y energía	03	Industria de la alimentación, bebidas y tabaco (cnae 10, 11, 12)
2018	13	Campo de Borja	5	2	Industria y energía	04	Industria textil, confección de prendas de vestir, cuero y calzado (cnae 13, 14, 15)
2018	13	Campo de Borja	10	2	Industria y energía	05	Industria de la madera y corcho, papel y artes gráficas (cnae 16, 17, 18)
2018	13	Campo de Borja	3	2	Industria y energía	06	Coquerías y refino de petróleo; industria química; productos farmacéuticos (cnae 19, 20, 21)
2018	13	Campo de Borja	3	2	Industria y energía	07	Fabricación de productos de caucho y plástico y de otros minerales no metálicos (cnae 22, 23)
2018	13	Campo de Borja	26	2	Industria y energía	08	Metalurgia y fabricación de productos metálicos, excepto maquinaria y equipo (cnae 24, 25)
2018	13	Campo de Borja	7	2	Industria y energía	09	Fabricación de productos informáticos, electrónicos y ópticos; material y equipo eléctrico; maquinaria y equipo (cnae 26, 27, 28)
2018	13	Campo de Borja	5	2	Industria y energía	10	Fabricación de material de transporte (cnae 29, 30)
2018	13	Campo de Borja	13	2	Industria y energía	11	Fabricación de muebles; otras industrias manufactureras y reparación e instalación de maquinaria y equipo (cnae 31, 32, 33)
2018	13	Campo de Borja	23	2	Industria y energía	12	Suministro de energía eléctrica, gas, vapor y aire acondicionado (cnae 35)
2018	13	Campo de Borja	11	2	Industria y energía	13	Suministro de agua, actividades de saneamiento, gestión de residuos y descontaminación (cnae 36, 37, 38, 39)
2018	13	Campo de Borja	289	3	Construcción	14	Construcción (cnae 41, 42, 43)
2018	13	Campo de Borja	674	4	Servicios	15	Comercio al por mayor y al por menor; reparación de vehículos de motor y motocicletas (cnae 45, 46, 47)
2018	13	Campo de Borja	57	4	Servicios	16	Transporte y almacenamiento (cnae 49, 50, 51, 52, 53)
2018	13	Campo de Borja	159	4	Servicios	17	Hostelería (cnae 55, 56)
2018	13	Campo de Borja	9	4	Servicios	18	Información y comunicaciones (cnae 58, 59, 60, 61, 62, 63)
2018	13	Campo de Borja	48	4	Servicios	19	Actividades financieras y de seguros (cnae 64, 65, 66)
2018	13	Campo de Borja	229	4	Servicios	20	Actividades inmobiliarias (cnae 68)
2018	13	Campo de Borja	101	4	Servicios	21	Actividades profesionales, científicas y técnicas (cnae 69, 70, 71, 72, 73, 74, 75)
2018	13	Campo de Borja	79	4	Servicios	22	Actividades administrativas y servicios auxliares (cnae 77, 78, 79, 80, 81, 82)
2018	13	Campo de Borja	44	4	Servicios	23	Educación (cnae 85)
2018	13	Campo de Borja	51	4	Servicios	24	Actividades sanitarias y de servicios sociales (cnae 86, 87, 88)
2018	13	Campo de Borja	46	4	Servicios	25	Actividades artísticas, recreativas y de entretenimiento (cnae 90, 91, 92, 93)
2018	13	Campo de Borja	101	4	Servicios	26	Otros servicios (cnae 94, 95, 96)
2018	14	Aranda	37	1	Agricultura, ganadería y pesca	01	Agricultura, ganadería, silvicultura y pesca (cnae 01, 02, 03)
2018	14	Aranda	4	2	Industria y energía	02	Industrias extractivas (cnae 05, 06, 07, 08, 09)
2018	14	Aranda	11	2	Industria y energía	03	Industria de la alimentación, bebidas y tabaco (cnae 10, 11, 12)
2018	14	Aranda	118	2	Industria y energía	04	Industria textil, confección de prendas de vestir, cuero y calzado (cnae 13, 14, 15)
2018	14	Aranda	7	2	Industria y energía	05	Industria de la madera y corcho, papel y artes gráficas (cnae 16, 17, 18)
2018	14	Aranda	4	2	Industria y energía	07	Fabricación de productos de caucho y plástico y de otros minerales no metálicos (cnae 22, 23)
2018	14	Aranda	12	2	Industria y energía	08	Metalurgia y fabricación de productos metálicos, excepto maquinaria y equipo (cnae 24, 25)
2018	14	Aranda	3	2	Industria y energía	09	Fabricación de productos informáticos, electrónicos y ópticos; material y equipo eléctrico; maquinaria y equipo (cnae 26, 27, 28)
2018	14	Aranda	11	2	Industria y energía	11	Fabricación de muebles; otras industrias manufactureras y reparación e instalación de maquinaria y equipo (cnae 31, 32, 33)
2018	14	Aranda	14	2	Industria y energía	12	Suministro de energía eléctrica, gas, vapor y aire acondicionado (cnae 35)
2018	14	Aranda	6	2	Industria y energía	13	Suministro de agua, actividades de saneamiento, gestión de residuos y descontaminación (cnae 36, 37, 38, 39)
2018	14	Aranda	124	3	Construcción	14	Construcción (cnae 41, 42, 43)
2018	14	Aranda	369	4	Servicios	15	Comercio al por mayor y al por menor; reparación de vehículos de motor y motocicletas (cnae 45, 46, 47)
2018	14	Aranda	29	4	Servicios	16	Transporte y almacenamiento (cnae 49, 50, 51, 52, 53)
2018	14	Aranda	82	4	Servicios	17	Hostelería (cnae 55, 56)
2018	14	Aranda	3	4	Servicios	18	Información y comunicaciones (cnae 58, 59, 60, 61, 62, 63)
2018	14	Aranda	31	4	Servicios	19	Actividades financieras y de seguros (cnae 64, 65, 66)
2018	14	Aranda	112	4	Servicios	20	Actividades inmobiliarias (cnae 68)
2018	14	Aranda	34	4	Servicios	21	Actividades profesionales, científicas y técnicas (cnae 69, 70, 71, 72, 73, 74, 75)
2018	14	Aranda	36	4	Servicios	22	Actividades administrativas y servicios auxliares (cnae 77, 78, 79, 80, 81, 82)
2018	14	Aranda	19	4	Servicios	23	Educación (cnae 85)
2018	14	Aranda	16	4	Servicios	24	Actividades sanitarias y de servicios sociales (cnae 86, 87, 88)
2018	14	Aranda	8	4	Servicios	25	Actividades artísticas, recreativas y de entretenimiento (cnae 90, 91, 92, 93)
2018	14	Aranda	32	4	Servicios	26	Otros servicios (cnae 94, 95, 96)
2018	15	Ribera Alta del Ebro	179	1	Agricultura, ganadería y pesca	01	Agricultura, ganadería, silvicultura y pesca (cnae 01, 02, 03)
2018	15	Ribera Alta del Ebro	12	2	Industria y energía	02	Industrias extractivas (cnae 05, 06, 07, 08, 09)
2018	15	Ribera Alta del Ebro	38	2	Industria y energía	03	Industria de la alimentación, bebidas y tabaco (cnae 10, 11, 12)
2018	15	Ribera Alta del Ebro	42	2	Industria y energía	04	Industria textil, confección de prendas de vestir, cuero y calzado (cnae 13, 14, 15)
2018	15	Ribera Alta del Ebro	26	2	Industria y energía	05	Industria de la madera y corcho, papel y artes gráficas (cnae 16, 17, 18)
2018	15	Ribera Alta del Ebro	17	2	Industria y energía	06	Coquerías y refino de petróleo; industria química; productos farmacéuticos (cnae 19, 20, 21)
2018	15	Ribera Alta del Ebro	31	2	Industria y energía	07	Fabricación de productos de caucho y plástico y de otros minerales no metálicos (cnae 22, 23)
2018	15	Ribera Alta del Ebro	90	2	Industria y energía	08	Metalurgia y fabricación de productos metálicos, excepto maquinaria y equipo (cnae 24, 25)
2018	15	Ribera Alta del Ebro	9	2	Industria y energía	09	Fabricación de productos informáticos, electrónicos y ópticos; material y equipo eléctrico; maquinaria y equipo (cnae 26, 27, 28)
2018	15	Ribera Alta del Ebro	37	2	Industria y energía	10	Fabricación de material de transporte (cnae 29, 30)
2018	15	Ribera Alta del Ebro	40	2	Industria y energía	11	Fabricación de muebles; otras industrias manufactureras y reparación e instalación de maquinaria y equipo (cnae 31, 32, 33)
2018	15	Ribera Alta del Ebro	36	2	Industria y energía	12	Suministro de energía eléctrica, gas, vapor y aire acondicionado (cnae 35)
2018	15	Ribera Alta del Ebro	12	2	Industria y energía	13	Suministro de agua, actividades de saneamiento, gestión de residuos y descontaminación (cnae 36, 37, 38, 39)
2018	15	Ribera Alta del Ebro	564	3	Construcción	14	Construcción (cnae 41, 42, 43)
2018	15	Ribera Alta del Ebro	1043	4	Servicios	15	Comercio al por mayor y al por menor; reparación de vehículos de motor y motocicletas (cnae 45, 46, 47)
2018	15	Ribera Alta del Ebro	215	4	Servicios	16	Transporte y almacenamiento (cnae 49, 50, 51, 52, 53)
2018	15	Ribera Alta del Ebro	257	4	Servicios	17	Hostelería (cnae 55, 56)
2018	15	Ribera Alta del Ebro	24	4	Servicios	18	Información y comunicaciones (cnae 58, 59, 60, 61, 62, 63)
2018	15	Ribera Alta del Ebro	67	4	Servicios	19	Actividades financieras y de seguros (cnae 64, 65, 66)
2018	15	Ribera Alta del Ebro	355	4	Servicios	20	Actividades inmobiliarias (cnae 68)
2018	15	Ribera Alta del Ebro	146	4	Servicios	21	Actividades profesionales, científicas y técnicas (cnae 69, 70, 71, 72, 73, 74, 75)
2018	15	Ribera Alta del Ebro	157	4	Servicios	22	Actividades administrativas y servicios auxliares (cnae 77, 78, 79, 80, 81, 82)
2018	15	Ribera Alta del Ebro	91	4	Servicios	23	Educación (cnae 85)
2018	15	Ribera Alta del Ebro	45	4	Servicios	24	Actividades sanitarias y de servicios sociales (cnae 86, 87, 88)
2018	15	Ribera Alta del Ebro	81	4	Servicios	25	Actividades artísticas, recreativas y de entretenimiento (cnae 90, 91, 92, 93)
2018	15	Ribera Alta del Ebro	176	4	Servicios	26	Otros servicios (cnae 94, 95, 96)
2018	16	Valdejalón	214	1	Agricultura, ganadería y pesca	01	Agricultura, ganadería, silvicultura y pesca (cnae 01, 02, 03)
2018	16	Valdejalón	10	2	Industria y energía	02	Industrias extractivas (cnae 05, 06, 07, 08, 09)
2018	16	Valdejalón	81	2	Industria y energía	03	Industria de la alimentación, bebidas y tabaco (cnae 10, 11, 12)
2018	16	Valdejalón	23	2	Industria y energía	04	Industria textil, confección de prendas de vestir, cuero y calzado (cnae 13, 14, 15)
2018	16	Valdejalón	32	2	Industria y energía	05	Industria de la madera y corcho, papel y artes gráficas (cnae 16, 17, 18)
2018	16	Valdejalón	8	2	Industria y energía	06	Coquerías y refino de petróleo; industria química; productos farmacéuticos (cnae 19, 20, 21)
2018	16	Valdejalón	28	2	Industria y energía	07	Fabricación de productos de caucho y plástico y de otros minerales no metálicos (cnae 22, 23)
2018	16	Valdejalón	99	2	Industria y energía	08	Metalurgia y fabricación de productos metálicos, excepto maquinaria y equipo (cnae 24, 25)
2018	16	Valdejalón	47	2	Industria y energía	09	Fabricación de productos informáticos, electrónicos y ópticos; material y equipo eléctrico; maquinaria y equipo (cnae 26, 27, 28)
2018	16	Valdejalón	16	2	Industria y energía	10	Fabricación de material de transporte (cnae 29, 30)
2018	16	Valdejalón	39	2	Industria y energía	11	Fabricación de muebles; otras industrias manufactureras y reparación e instalación de maquinaria y equipo (cnae 31, 32, 33)
2018	16	Valdejalón	97	2	Industria y energía	12	Suministro de energía eléctrica, gas, vapor y aire acondicionado (cnae 35)
2018	16	Valdejalón	15	2	Industria y energía	13	Suministro de agua, actividades de saneamiento, gestión de residuos y descontaminación (cnae 36, 37, 38, 39)
2018	16	Valdejalón	614	3	Construcción	14	Construcción (cnae 41, 42, 43)
2018	16	Valdejalón	1293	4	Servicios	15	Comercio al por mayor y al por menor; reparación de vehículos de motor y motocicletas (cnae 45, 46, 47)
2018	16	Valdejalón	191	4	Servicios	16	Transporte y almacenamiento (cnae 49, 50, 51, 52, 53)
2018	16	Valdejalón	260	4	Servicios	17	Hostelería (cnae 55, 56)
2018	16	Valdejalón	31	4	Servicios	18	Información y comunicaciones (cnae 58, 59, 60, 61, 62, 63)
2018	16	Valdejalón	80	4	Servicios	19	Actividades financieras y de seguros (cnae 64, 65, 66)
2018	16	Valdejalón	472	4	Servicios	20	Actividades inmobiliarias (cnae 68)
2018	16	Valdejalón	190	4	Servicios	21	Actividades profesionales, científicas y técnicas (cnae 69, 70, 71, 72, 73, 74, 75)
2018	16	Valdejalón	166	4	Servicios	22	Actividades administrativas y servicios auxliares (cnae 77, 78, 79, 80, 81, 82)
2018	16	Valdejalón	81	4	Servicios	23	Educación (cnae 85)
2018	16	Valdejalón	72	4	Servicios	24	Actividades sanitarias y de servicios sociales (cnae 86, 87, 88)
2018	16	Valdejalón	69	4	Servicios	25	Actividades artísticas, recreativas y de entretenimiento (cnae 90, 91, 92, 93)
2018	16	Valdejalón	135	4	Servicios	26	Otros servicios (cnae 94, 95, 96)
2018	17	D.C. Zaragoza	818	1	Agricultura, ganadería y pesca	01	Agricultura, ganadería, silvicultura y pesca (cnae 01, 02, 03)
2018	17	D.C. Zaragoza	40	2	Industria y energía	02	Industrias extractivas (cnae 05, 06, 07, 08, 09)
2018	17	D.C. Zaragoza	530	2	Industria y energía	03	Industria de la alimentación, bebidas y tabaco (cnae 10, 11, 12)
2018	17	D.C. Zaragoza	542	2	Industria y energía	04	Industria textil, confección de prendas de vestir, cuero y calzado (cnae 13, 14, 15)
2018	17	D.C. Zaragoza	692	2	Industria y energía	05	Industria de la madera y corcho, papel y artes gráficas (cnae 16, 17, 18)
2018	17	D.C. Zaragoza	134	2	Industria y energía	06	Coquerías y refino de petróleo; industria química; productos farmacéuticos (cnae 19, 20, 21)
2018	17	D.C. Zaragoza	327	2	Industria y energía	07	Fabricación de productos de caucho y plástico y de otros minerales no metálicos (cnae 22, 23)
2018	17	D.C. Zaragoza	1143	2	Industria y energía	08	Metalurgia y fabricación de productos metálicos, excepto maquinaria y equipo (cnae 24, 25)
2018	17	D.C. Zaragoza	650	2	Industria y energía	09	Fabricación de productos informáticos, electrónicos y ópticos; material y equipo eléctrico; maquinaria y equipo (cnae 26, 27, 28)
2018	17	D.C. Zaragoza	144	2	Industria y energía	10	Fabricación de material de transporte (cnae 29, 30)
2018	17	D.C. Zaragoza	1182	2	Industria y energía	11	Fabricación de muebles; otras industrias manufactureras y reparación e instalación de maquinaria y equipo (cnae 31, 32, 33)
2018	17	D.C. Zaragoza	374	2	Industria y energía	12	Suministro de energía eléctrica, gas, vapor y aire acondicionado (cnae 35)
2018	17	D.C. Zaragoza	207	2	Industria y energía	13	Suministro de agua, actividades de saneamiento, gestión de residuos y descontaminación (cnae 36, 37, 38, 39)
2018	17	D.C. Zaragoza	12681	3	Construcción	14	Construcción (cnae 41, 42, 43)
2018	17	D.C. Zaragoza	26649	4	Servicios	15	Comercio al por mayor y al por menor; reparación de vehículos de motor y motocicletas (cnae 45, 46, 47)
2018	17	D.C. Zaragoza	6199	4	Servicios	16	Transporte y almacenamiento (cnae 49, 50, 51, 52, 53)
2018	17	D.C. Zaragoza	6975	4	Servicios	17	Hostelería (cnae 55, 56)
2018	17	D.C. Zaragoza	2404	4	Servicios	18	Información y comunicaciones (cnae 58, 59, 60, 61, 62, 63)
2018	17	D.C. Zaragoza	3052	4	Servicios	19	Actividades financieras y de seguros (cnae 64, 65, 66)
2018	17	D.C. Zaragoza	13239	4	Servicios	20	Actividades inmobiliarias (cnae 68)
2018	17	D.C. Zaragoza	13677	4	Servicios	21	Actividades profesionales, científicas y técnicas (cnae 69, 70, 71, 72, 73, 74, 75)
2018	17	D.C. Zaragoza	6443	4	Servicios	22	Actividades administrativas y servicios auxliares (cnae 77, 78, 79, 80, 81, 82)
2018	17	D.C. Zaragoza	4719	4	Servicios	23	Educación (cnae 85)
2018	17	D.C. Zaragoza	4807	4	Servicios	24	Actividades sanitarias y de servicios sociales (cnae 86, 87, 88)
2018	17	D.C. Zaragoza	3570	4	Servicios	25	Actividades artísticas, recreativas y de entretenimiento (cnae 90, 91, 92, 93)
2018	17	D.C. Zaragoza	4727	4	Servicios	26	Otros servicios (cnae 94, 95, 96)
2018	18	Ribera Baja del Ebro	197	1	Agricultura, ganadería y pesca	01	Agricultura, ganadería, silvicultura y pesca (cnae 01, 02, 03)
2018	18	Ribera Baja del Ebro	11	2	Industria y energía	02	Industrias extractivas (cnae 05, 06, 07, 08, 09)
2018	18	Ribera Baja del Ebro	20	2	Industria y energía	03	Industria de la alimentación, bebidas y tabaco (cnae 10, 11, 12)
2018	18	Ribera Baja del Ebro	1	2	Industria y energía	04	Industria textil, confección de prendas de vestir, cuero y calzado (cnae 13, 14, 15)
2018	18	Ribera Baja del Ebro	6	2	Industria y energía	05	Industria de la madera y corcho, papel y artes gráficas (cnae 16, 17, 18)
2018	18	Ribera Baja del Ebro	7	2	Industria y energía	06	Coquerías y refino de petróleo; industria química; productos farmacéuticos (cnae 19, 20, 21)
2018	18	Ribera Baja del Ebro	20	2	Industria y energía	07	Fabricación de productos de caucho y plástico y de otros minerales no metálicos (cnae 22, 23)
2018	18	Ribera Baja del Ebro	25	2	Industria y energía	08	Metalurgia y fabricación de productos metálicos, excepto maquinaria y equipo (cnae 24, 25)
2018	18	Ribera Baja del Ebro	6	2	Industria y energía	09	Fabricación de productos informáticos, electrónicos y ópticos; material y equipo eléctrico; maquinaria y equipo (cnae 26, 27, 28)
2018	18	Ribera Baja del Ebro	1	2	Industria y energía	10	Fabricación de material de transporte (cnae 29, 30)
2018	18	Ribera Baja del Ebro	10	2	Industria y energía	11	Fabricación de muebles; otras industrias manufactureras y reparación e instalación de maquinaria y equipo (cnae 31, 32, 33)
2018	18	Ribera Baja del Ebro	79	2	Industria y energía	12	Suministro de energía eléctrica, gas, vapor y aire acondicionado (cnae 35)
2018	18	Ribera Baja del Ebro	27	2	Industria y energía	13	Suministro de agua, actividades de saneamiento, gestión de residuos y descontaminación (cnae 36, 37, 38, 39)
2018	18	Ribera Baja del Ebro	181	3	Construcción	14	Construcción (cnae 41, 42, 43)
2018	18	Ribera Baja del Ebro	356	4	Servicios	15	Comercio al por mayor y al por menor; reparación de vehículos de motor y motocicletas (cnae 45, 46, 47)
2018	18	Ribera Baja del Ebro	41	4	Servicios	16	Transporte y almacenamiento (cnae 49, 50, 51, 52, 53)
2018	18	Ribera Baja del Ebro	87	4	Servicios	17	Hostelería (cnae 55, 56)
2018	18	Ribera Baja del Ebro	5	4	Servicios	18	Información y comunicaciones (cnae 58, 59, 60, 61, 62, 63)
2018	18	Ribera Baja del Ebro	24	4	Servicios	19	Actividades financieras y de seguros (cnae 64, 65, 66)
2018	18	Ribera Baja del Ebro	126	4	Servicios	20	Actividades inmobiliarias (cnae 68)
2018	18	Ribera Baja del Ebro	46	4	Servicios	21	Actividades profesionales, científicas y técnicas (cnae 69, 70, 71, 72, 73, 74, 75)
2018	18	Ribera Baja del Ebro	45	4	Servicios	22	Actividades administrativas y servicios auxliares (cnae 77, 78, 79, 80, 81, 82)
2018	18	Ribera Baja del Ebro	29	4	Servicios	23	Educación (cnae 85)
2018	18	Ribera Baja del Ebro	33	4	Servicios	24	Actividades sanitarias y de servicios sociales (cnae 86, 87, 88)
2018	18	Ribera Baja del Ebro	24	4	Servicios	25	Actividades artísticas, recreativas y de entretenimiento (cnae 90, 91, 92, 93)
2018	18	Ribera Baja del Ebro	58	4	Servicios	26	Otros servicios (cnae 94, 95, 96)
2018	19	Bajo Aragón-Caspe / Baix Aragó-Casp	222	1	Agricultura, ganadería y pesca	01	Agricultura, ganadería, silvicultura y pesca (cnae 01, 02, 03)
2018	19	Bajo Aragón-Caspe / Baix Aragó-Casp	41	2	Industria y energía	03	Industria de la alimentación, bebidas y tabaco (cnae 10, 11, 12)
2018	19	Bajo Aragón-Caspe / Baix Aragó-Casp	24	2	Industria y energía	04	Industria textil, confección de prendas de vestir, cuero y calzado (cnae 13, 14, 15)
2018	19	Bajo Aragón-Caspe / Baix Aragó-Casp	15	2	Industria y energía	05	Industria de la madera y corcho, papel y artes gráficas (cnae 16, 17, 18)
2018	19	Bajo Aragón-Caspe / Baix Aragó-Casp	2	2	Industria y energía	06	Coquerías y refino de petróleo; industria química; productos farmacéuticos (cnae 19, 20, 21)
2018	19	Bajo Aragón-Caspe / Baix Aragó-Casp	5	2	Industria y energía	07	Fabricación de productos de caucho y plástico y de otros minerales no metálicos (cnae 22, 23)
2018	19	Bajo Aragón-Caspe / Baix Aragó-Casp	24	2	Industria y energía	08	Metalurgia y fabricación de productos metálicos, excepto maquinaria y equipo (cnae 24, 25)
2018	19	Bajo Aragón-Caspe / Baix Aragó-Casp	12	2	Industria y energía	09	Fabricación de productos informáticos, electrónicos y ópticos; material y equipo eléctrico; maquinaria y equipo (cnae 26, 27, 28)
2018	19	Bajo Aragón-Caspe / Baix Aragó-Casp	2	2	Industria y energía	10	Fabricación de material de transporte (cnae 29, 30)
2018	19	Bajo Aragón-Caspe / Baix Aragó-Casp	11	2	Industria y energía	11	Fabricación de muebles; otras industrias manufactureras y reparación e instalación de maquinaria y equipo (cnae 31, 32, 33)
2018	19	Bajo Aragón-Caspe / Baix Aragó-Casp	31	2	Industria y energía	12	Suministro de energía eléctrica, gas, vapor y aire acondicionado (cnae 35)
2018	19	Bajo Aragón-Caspe / Baix Aragó-Casp	10	2	Industria y energía	13	Suministro de agua, actividades de saneamiento, gestión de residuos y descontaminación (cnae 36, 37, 38, 39)
2018	19	Bajo Aragón-Caspe / Baix Aragó-Casp	296	3	Construcción	14	Construcción (cnae 41, 42, 43)
2018	19	Bajo Aragón-Caspe / Baix Aragó-Casp	667	4	Servicios	15	Comercio al por mayor y al por menor; reparación de vehículos de motor y motocicletas (cnae 45, 46, 47)
2018	19	Bajo Aragón-Caspe / Baix Aragó-Casp	35	4	Servicios	16	Transporte y almacenamiento (cnae 49, 50, 51, 52, 53)
2018	19	Bajo Aragón-Caspe / Baix Aragó-Casp	163	4	Servicios	17	Hostelería (cnae 55, 56)
2018	19	Bajo Aragón-Caspe / Baix Aragó-Casp	19	4	Servicios	18	Información y comunicaciones (cnae 58, 59, 60, 61, 62, 63)
2018	19	Bajo Aragón-Caspe / Baix Aragó-Casp	53	4	Servicios	19	Actividades financieras y de seguros (cnae 64, 65, 66)
2018	19	Bajo Aragón-Caspe / Baix Aragó-Casp	230	4	Servicios	20	Actividades inmobiliarias (cnae 68)
2018	19	Bajo Aragón-Caspe / Baix Aragó-Casp	101	4	Servicios	21	Actividades profesionales, científicas y técnicas (cnae 69, 70, 71, 72, 73, 74, 75)
2018	19	Bajo Aragón-Caspe / Baix Aragó-Casp	106	4	Servicios	22	Actividades administrativas y servicios auxliares (cnae 77, 78, 79, 80, 81, 82)
2018	19	Bajo Aragón-Caspe / Baix Aragó-Casp	69	4	Servicios	23	Educación (cnae 85)
2018	19	Bajo Aragón-Caspe / Baix Aragó-Casp	33	4	Servicios	24	Actividades sanitarias y de servicios sociales (cnae 86, 87, 88)
2018	19	Bajo Aragón-Caspe / Baix Aragó-Casp	52	4	Servicios	25	Actividades artísticas, recreativas y de entretenimiento (cnae 90, 91, 92, 93)
2018	19	Bajo Aragón-Caspe / Baix Aragó-Casp	95	4	Servicios	26	Otros servicios (cnae 94, 95, 96)
2018	20	Comunidad de Calatayud	184	1	Agricultura, ganadería y pesca	01	Agricultura, ganadería, silvicultura y pesca (cnae 01, 02, 03)
2018	20	Comunidad de Calatayud	20	2	Industria y energía	02	Industrias extractivas (cnae 05, 06, 07, 08, 09)
2018	20	Comunidad de Calatayud	86	2	Industria y energía	03	Industria de la alimentación, bebidas y tabaco (cnae 10, 11, 12)
2018	20	Comunidad de Calatayud	26	2	Industria y energía	04	Industria textil, confección de prendas de vestir, cuero y calzado (cnae 13, 14, 15)
2018	20	Comunidad de Calatayud	34	2	Industria y energía	05	Industria de la madera y corcho, papel y artes gráficas (cnae 16, 17, 18)
2018	20	Comunidad de Calatayud	9	2	Industria y energía	06	Coquerías y refino de petróleo; industria química; productos farmacéuticos (cnae 19, 20, 21)
2018	20	Comunidad de Calatayud	24	2	Industria y energía	07	Fabricación de productos de caucho y plástico y de otros minerales no metálicos (cnae 22, 23)
2018	20	Comunidad de Calatayud	44	2	Industria y energía	08	Metalurgia y fabricación de productos metálicos, excepto maquinaria y equipo (cnae 24, 25)
2018	20	Comunidad de Calatayud	18	2	Industria y energía	09	Fabricación de productos informáticos, electrónicos y ópticos; material y equipo eléctrico; maquinaria y equipo (cnae 26, 27, 28)
2018	20	Comunidad de Calatayud	8	2	Industria y energía	10	Fabricación de material de transporte (cnae 29, 30)
2018	20	Comunidad de Calatayud	29	2	Industria y energía	11	Fabricación de muebles; otras industrias manufactureras y reparación e instalación de maquinaria y equipo (cnae 31, 32, 33)
2018	20	Comunidad de Calatayud	47	2	Industria y energía	12	Suministro de energía eléctrica, gas, vapor y aire acondicionado (cnae 35)
2018	20	Comunidad de Calatayud	29	2	Industria y energía	13	Suministro de agua, actividades de saneamiento, gestión de residuos y descontaminación (cnae 36, 37, 38, 39)
2018	20	Comunidad de Calatayud	761	3	Construcción	14	Construcción (cnae 41, 42, 43)
2018	20	Comunidad de Calatayud	1875	4	Servicios	15	Comercio al por mayor y al por menor; reparación de vehículos de motor y motocicletas (cnae 45, 46, 47)
2018	20	Comunidad de Calatayud	216	4	Servicios	16	Transporte y almacenamiento (cnae 49, 50, 51, 52, 53)
2018	20	Comunidad de Calatayud	549	4	Servicios	17	Hostelería (cnae 55, 56)
2018	20	Comunidad de Calatayud	26	4	Servicios	18	Información y comunicaciones (cnae 58, 59, 60, 61, 62, 63)
2018	20	Comunidad de Calatayud	144	4	Servicios	19	Actividades financieras y de seguros (cnae 64, 65, 66)
2018	20	Comunidad de Calatayud	571	4	Servicios	20	Actividades inmobiliarias (cnae 68)
2018	20	Comunidad de Calatayud	256	4	Servicios	21	Actividades profesionales, científicas y técnicas (cnae 69, 70, 71, 72, 73, 74, 75)
2018	20	Comunidad de Calatayud	145	4	Servicios	22	Actividades administrativas y servicios auxliares (cnae 77, 78, 79, 80, 81, 82)
2018	20	Comunidad de Calatayud	137	4	Servicios	23	Educación (cnae 85)
2018	20	Comunidad de Calatayud	120	4	Servicios	24	Actividades sanitarias y de servicios sociales (cnae 86, 87, 88)
2018	20	Comunidad de Calatayud	113	4	Servicios	25	Actividades artísticas, recreativas y de entretenimiento (cnae 90, 91, 92, 93)
2018	20	Comunidad de Calatayud	205	4	Servicios	26	Otros servicios (cnae 94, 95, 96)
2018	21	Campo de Cariñena	101	1	Agricultura, ganadería y pesca	01	Agricultura, ganadería, silvicultura y pesca (cnae 01, 02, 03)
2018	21	Campo de Cariñena	1	2	Industria y energía	02	Industrias extractivas (cnae 05, 06, 07, 08, 09)
2018	21	Campo de Cariñena	58	2	Industria y energía	03	Industria de la alimentación, bebidas y tabaco (cnae 10, 11, 12)
2018	21	Campo de Cariñena	1	2	Industria y energía	04	Industria textil, confección de prendas de vestir, cuero y calzado (cnae 13, 14, 15)
2018	21	Campo de Cariñena	6	2	Industria y energía	05	Industria de la madera y corcho, papel y artes gráficas (cnae 16, 17, 18)
2018	21	Campo de Cariñena	2	2	Industria y energía	06	Coquerías y refino de petróleo; industria química; productos farmacéuticos (cnae 19, 20, 21)
2018	21	Campo de Cariñena	13	2	Industria y energía	07	Fabricación de productos de caucho y plástico y de otros minerales no metálicos (cnae 22, 23)
2018	21	Campo de Cariñena	27	2	Industria y energía	08	Metalurgia y fabricación de productos metálicos, excepto maquinaria y equipo (cnae 24, 25)
2018	21	Campo de Cariñena	11	2	Industria y energía	09	Fabricación de productos informáticos, electrónicos y ópticos; material y equipo eléctrico; maquinaria y equipo (cnae 26, 27, 28)
2018	21	Campo de Cariñena	17	2	Industria y energía	11	Fabricación de muebles; otras industrias manufactureras y reparación e instalación de maquinaria y equipo (cnae 31, 32, 33)
2018	21	Campo de Cariñena	38	2	Industria y energía	12	Suministro de energía eléctrica, gas, vapor y aire acondicionado (cnae 35)
2018	21	Campo de Cariñena	7	2	Industria y energía	13	Suministro de agua, actividades de saneamiento, gestión de residuos y descontaminación (cnae 36, 37, 38, 39)
2018	21	Campo de Cariñena	248	3	Construcción	14	Construcción (cnae 41, 42, 43)
2018	21	Campo de Cariñena	490	4	Servicios	15	Comercio al por mayor y al por menor; reparación de vehículos de motor y motocicletas (cnae 45, 46, 47)
2018	21	Campo de Cariñena	50	4	Servicios	16	Transporte y almacenamiento (cnae 49, 50, 51, 52, 53)
2018	21	Campo de Cariñena	132	4	Servicios	17	Hostelería (cnae 55, 56)
2018	21	Campo de Cariñena	6	4	Servicios	18	Información y comunicaciones (cnae 58, 59, 60, 61, 62, 63)
2018	21	Campo de Cariñena	30	4	Servicios	19	Actividades financieras y de seguros (cnae 64, 65, 66)
2018	21	Campo de Cariñena	130	4	Servicios	20	Actividades inmobiliarias (cnae 68)
2018	21	Campo de Cariñena	44	4	Servicios	21	Actividades profesionales, científicas y técnicas (cnae 69, 70, 71, 72, 73, 74, 75)
2018	21	Campo de Cariñena	42	4	Servicios	22	Actividades administrativas y servicios auxliares (cnae 77, 78, 79, 80, 81, 82)
2018	21	Campo de Cariñena	21	4	Servicios	23	Educación (cnae 85)
2018	21	Campo de Cariñena	24	4	Servicios	24	Actividades sanitarias y de servicios sociales (cnae 86, 87, 88)
2018	21	Campo de Cariñena	26	4	Servicios	25	Actividades artísticas, recreativas y de entretenimiento (cnae 90, 91, 92, 93)
2018	21	Campo de Cariñena	53	4	Servicios	26	Otros servicios (cnae 94, 95, 96)
2018	22	Campo de Belchite	117	1	Agricultura, ganadería y pesca	01	Agricultura, ganadería, silvicultura y pesca (cnae 01, 02, 03)
2018	22	Campo de Belchite	5	2	Industria y energía	02	Industrias extractivas (cnae 05, 06, 07, 08, 09)
2018	22	Campo de Belchite	17	2	Industria y energía	03	Industria de la alimentación, bebidas y tabaco (cnae 10, 11, 12)
2018	22	Campo de Belchite	1	2	Industria y energía	04	Industria textil, confección de prendas de vestir, cuero y calzado (cnae 13, 14, 15)
2018	22	Campo de Belchite	3	2	Industria y energía	05	Industria de la madera y corcho, papel y artes gráficas (cnae 16, 17, 18)
2018	22	Campo de Belchite	8	2	Industria y energía	07	Fabricación de productos de caucho y plástico y de otros minerales no metálicos (cnae 22, 23)
2018	22	Campo de Belchite	7	2	Industria y energía	08	Metalurgia y fabricación de productos metálicos, excepto maquinaria y equipo (cnae 24, 25)
2018	22	Campo de Belchite	2	2	Industria y energía	09	Fabricación de productos informáticos, electrónicos y ópticos; material y equipo eléctrico; maquinaria y equipo (cnae 26, 27, 28)
2018	22	Campo de Belchite	2	2	Industria y energía	10	Fabricación de material de transporte (cnae 29, 30)
2018	22	Campo de Belchite	9	2	Industria y energía	11	Fabricación de muebles; otras industrias manufactureras y reparación e instalación de maquinaria y equipo (cnae 31, 32, 33)
2018	22	Campo de Belchite	8	2	Industria y energía	12	Suministro de energía eléctrica, gas, vapor y aire acondicionado (cnae 35)
2018	22	Campo de Belchite	11	2	Industria y energía	13	Suministro de agua, actividades de saneamiento, gestión de residuos y descontaminación (cnae 36, 37, 38, 39)
2018	22	Campo de Belchite	84	3	Construcción	14	Construcción (cnae 41, 42, 43)
2018	22	Campo de Belchite	253	4	Servicios	15	Comercio al por mayor y al por menor; reparación de vehículos de motor y motocicletas (cnae 45, 46, 47)
2018	22	Campo de Belchite	33	4	Servicios	16	Transporte y almacenamiento (cnae 49, 50, 51, 52, 53)
2018	22	Campo de Belchite	88	4	Servicios	17	Hostelería (cnae 55, 56)
2018	22	Campo de Belchite	1	4	Servicios	18	Información y comunicaciones (cnae 58, 59, 60, 61, 62, 63)
2018	22	Campo de Belchite	18	4	Servicios	19	Actividades financieras y de seguros (cnae 64, 65, 66)
2018	22	Campo de Belchite	90	4	Servicios	20	Actividades inmobiliarias (cnae 68)
2018	22	Campo de Belchite	15	4	Servicios	21	Actividades profesionales, científicas y técnicas (cnae 69, 70, 71, 72, 73, 74, 75)
2018	22	Campo de Belchite	16	4	Servicios	22	Actividades administrativas y servicios auxliares (cnae 77, 78, 79, 80, 81, 82)
2018	22	Campo de Belchite	7	4	Servicios	23	Educación (cnae 85)
2018	22	Campo de Belchite	8	4	Servicios	24	Actividades sanitarias y de servicios sociales (cnae 86, 87, 88)
2018	22	Campo de Belchite	16	4	Servicios	25	Actividades artísticas, recreativas y de entretenimiento (cnae 90, 91, 92, 93)
2018	22	Campo de Belchite	17	4	Servicios	26	Otros servicios (cnae 94, 95, 96)
2018	23	Bajo Martín	170	1	Agricultura, ganadería y pesca	01	Agricultura, ganadería, silvicultura y pesca (cnae 01, 02, 03)
2018	23	Bajo Martín	9	2	Industria y energía	02	Industrias extractivas (cnae 05, 06, 07, 08, 09)
2018	23	Bajo Martín	33	2	Industria y energía	03	Industria de la alimentación, bebidas y tabaco (cnae 10, 11, 12)
2018	23	Bajo Martín	6	2	Industria y energía	04	Industria textil, confección de prendas de vestir, cuero y calzado (cnae 13, 14, 15)
2018	23	Bajo Martín	8	2	Industria y energía	05	Industria de la madera y corcho, papel y artes gráficas (cnae 16, 17, 18)
2018	23	Bajo Martín	6	2	Industria y energía	06	Coquerías y refino de petróleo; industria química; productos farmacéuticos (cnae 19, 20, 21)
2018	23	Bajo Martín	21	2	Industria y energía	07	Fabricación de productos de caucho y plástico y de otros minerales no metálicos (cnae 22, 23)
2018	23	Bajo Martín	14	2	Industria y energía	08	Metalurgia y fabricación de productos metálicos, excepto maquinaria y equipo (cnae 24, 25)
2018	23	Bajo Martín	5	2	Industria y energía	09	Fabricación de productos informáticos, electrónicos y ópticos; material y equipo eléctrico; maquinaria y equipo (cnae 26, 27, 28)
2018	23	Bajo Martín	1	2	Industria y energía	10	Fabricación de material de transporte (cnae 29, 30)
2018	23	Bajo Martín	6	2	Industria y energía	11	Fabricación de muebles; otras industrias manufactureras y reparación e instalación de maquinaria y equipo (cnae 31, 32, 33)
2018	23	Bajo Martín	28	2	Industria y energía	12	Suministro de energía eléctrica, gas, vapor y aire acondicionado (cnae 35)
2018	23	Bajo Martín	10	2	Industria y energía	13	Suministro de agua, actividades de saneamiento, gestión de residuos y descontaminación (cnae 36, 37, 38, 39)
2018	23	Bajo Martín	145	3	Construcción	14	Construcción (cnae 41, 42, 43)
2018	23	Bajo Martín	262	4	Servicios	15	Comercio al por mayor y al por menor; reparación de vehículos de motor y motocicletas (cnae 45, 46, 47)
2018	23	Bajo Martín	36	4	Servicios	16	Transporte y almacenamiento (cnae 49, 50, 51, 52, 53)
2018	23	Bajo Martín	65	4	Servicios	17	Hostelería (cnae 55, 56)
2018	23	Bajo Martín	8	4	Servicios	18	Información y comunicaciones (cnae 58, 59, 60, 61, 62, 63)
2018	23	Bajo Martín	23	4	Servicios	19	Actividades financieras y de seguros (cnae 64, 65, 66)
2018	23	Bajo Martín	98	4	Servicios	20	Actividades inmobiliarias (cnae 68)
2018	23	Bajo Martín	29	4	Servicios	21	Actividades profesionales, científicas y técnicas (cnae 69, 70, 71, 72, 73, 74, 75)
2018	23	Bajo Martín	30	4	Servicios	22	Actividades administrativas y servicios auxliares (cnae 77, 78, 79, 80, 81, 82)
2018	23	Bajo Martín	21	4	Servicios	23	Educación (cnae 85)
2018	23	Bajo Martín	8	4	Servicios	24	Actividades sanitarias y de servicios sociales (cnae 86, 87, 88)
2018	23	Bajo Martín	22	4	Servicios	25	Actividades artísticas, recreativas y de entretenimiento (cnae 90, 91, 92, 93)
2018	23	Bajo Martín	37	4	Servicios	26	Otros servicios (cnae 94, 95, 96)
2018	24	Campo de Daroca	100	1	Agricultura, ganadería y pesca	01	Agricultura, ganadería, silvicultura y pesca (cnae 01, 02, 03)
2018	24	Campo de Daroca	2	2	Industria y energía	02	Industrias extractivas (cnae 05, 06, 07, 08, 09)
2018	24	Campo de Daroca	27	2	Industria y energía	03	Industria de la alimentación, bebidas y tabaco (cnae 10, 11, 12)
2018	24	Campo de Daroca	1	2	Industria y energía	04	Industria textil, confección de prendas de vestir, cuero y calzado (cnae 13, 14, 15)
2018	24	Campo de Daroca	3	2	Industria y energía	05	Industria de la madera y corcho, papel y artes gráficas (cnae 16, 17, 18)
2018	24	Campo de Daroca	1	2	Industria y energía	07	Fabricación de productos de caucho y plástico y de otros minerales no metálicos (cnae 22, 23)
2018	24	Campo de Daroca	10	2	Industria y energía	08	Metalurgia y fabricación de productos metálicos, excepto maquinaria y equipo (cnae 24, 25)
2018	24	Campo de Daroca	2	2	Industria y energía	09	Fabricación de productos informáticos, electrónicos y ópticos; material y equipo eléctrico; maquinaria y equipo (cnae 26, 27, 28)
2018	24	Campo de Daroca	4	2	Industria y energía	11	Fabricación de muebles; otras industrias manufactureras y reparación e instalación de maquinaria y equipo (cnae 31, 32, 33)
2018	24	Campo de Daroca	32	2	Industria y energía	12	Suministro de energía eléctrica, gas, vapor y aire acondicionado (cnae 35)
2018	24	Campo de Daroca	3	2	Industria y energía	13	Suministro de agua, actividades de saneamiento, gestión de residuos y descontaminación (cnae 36, 37, 38, 39)
2018	24	Campo de Daroca	117	3	Construcción	14	Construcción (cnae 41, 42, 43)
2018	24	Campo de Daroca	382	4	Servicios	15	Comercio al por mayor y al por menor; reparación de vehículos de motor y motocicletas (cnae 45, 46, 47)
2018	24	Campo de Daroca	40	4	Servicios	16	Transporte y almacenamiento (cnae 49, 50, 51, 52, 53)
2018	24	Campo de Daroca	98	4	Servicios	17	Hostelería (cnae 55, 56)
2018	24	Campo de Daroca	1	4	Servicios	18	Información y comunicaciones (cnae 58, 59, 60, 61, 62, 63)
2018	24	Campo de Daroca	21	4	Servicios	19	Actividades financieras y de seguros (cnae 64, 65, 66)
2018	24	Campo de Daroca	76	4	Servicios	20	Actividades inmobiliarias (cnae 68)
2018	24	Campo de Daroca	33	4	Servicios	21	Actividades profesionales, científicas y técnicas (cnae 69, 70, 71, 72, 73, 74, 75)
2018	24	Campo de Daroca	24	4	Servicios	22	Actividades administrativas y servicios auxliares (cnae 77, 78, 79, 80, 81, 82)
2018	24	Campo de Daroca	8	4	Servicios	23	Educación (cnae 85)
2018	24	Campo de Daroca	8	4	Servicios	24	Actividades sanitarias y de servicios sociales (cnae 86, 87, 88)
2018	24	Campo de Daroca	8	4	Servicios	25	Actividades artísticas, recreativas y de entretenimiento (cnae 90, 91, 92, 93)
2018	24	Campo de Daroca	18	4	Servicios	26	Otros servicios (cnae 94, 95, 96)
2018	25	Jiloca	271	1	Agricultura, ganadería y pesca	01	Agricultura, ganadería, silvicultura y pesca (cnae 01, 02, 03)
2018	25	Jiloca	7	2	Industria y energía	02	Industrias extractivas (cnae 05, 06, 07, 08, 09)
2018	25	Jiloca	51	2	Industria y energía	03	Industria de la alimentación, bebidas y tabaco (cnae 10, 11, 12)
2018	25	Jiloca	2	2	Industria y energía	04	Industria textil, confección de prendas de vestir, cuero y calzado (cnae 13, 14, 15)
2018	25	Jiloca	17	2	Industria y energía	05	Industria de la madera y corcho, papel y artes gráficas (cnae 16, 17, 18)
2018	25	Jiloca	20	2	Industria y energía	07	Fabricación de productos de caucho y plástico y de otros minerales no metálicos (cnae 22, 23)
2018	25	Jiloca	28	2	Industria y energía	08	Metalurgia y fabricación de productos metálicos, excepto maquinaria y equipo (cnae 24, 25)
2018	25	Jiloca	6	2	Industria y energía	09	Fabricación de productos informáticos, electrónicos y ópticos; material y equipo eléctrico; maquinaria y equipo (cnae 26, 27, 28)
2018	25	Jiloca	3	2	Industria y energía	10	Fabricación de material de transporte (cnae 29, 30)
2018	25	Jiloca	7	2	Industria y energía	11	Fabricación de muebles; otras industrias manufactureras y reparación e instalación de maquinaria y equipo (cnae 31, 32, 33)
2018	25	Jiloca	48	2	Industria y energía	12	Suministro de energía eléctrica, gas, vapor y aire acondicionado (cnae 35)
2018	25	Jiloca	8	2	Industria y energía	13	Suministro de agua, actividades de saneamiento, gestión de residuos y descontaminación (cnae 36, 37, 38, 39)
2018	25	Jiloca	338	3	Construcción	14	Construcción (cnae 41, 42, 43)
2018	25	Jiloca	545	4	Servicios	15	Comercio al por mayor y al por menor; reparación de vehículos de motor y motocicletas (cnae 45, 46, 47)
2018	25	Jiloca	72	4	Servicios	16	Transporte y almacenamiento (cnae 49, 50, 51, 52, 53)
2018	25	Jiloca	206	4	Servicios	17	Hostelería (cnae 55, 56)
2018	25	Jiloca	20	4	Servicios	18	Información y comunicaciones (cnae 58, 59, 60, 61, 62, 63)
2018	25	Jiloca	47	4	Servicios	19	Actividades financieras y de seguros (cnae 64, 65, 66)
2018	25	Jiloca	122	4	Servicios	20	Actividades inmobiliarias (cnae 68)
2018	25	Jiloca	95	4	Servicios	21	Actividades profesionales, científicas y técnicas (cnae 69, 70, 71, 72, 73, 74, 75)
2018	25	Jiloca	69	4	Servicios	22	Actividades administrativas y servicios auxliares (cnae 77, 78, 79, 80, 81, 82)
2018	25	Jiloca	31	4	Servicios	23	Educación (cnae 85)
2018	25	Jiloca	24	4	Servicios	24	Actividades sanitarias y de servicios sociales (cnae 86, 87, 88)
2018	25	Jiloca	56	4	Servicios	25	Actividades artísticas, recreativas y de entretenimiento (cnae 90, 91, 92, 93)
2018	25	Jiloca	62	4	Servicios	26	Otros servicios (cnae 94, 95, 96)
2018	26	Cuencas Mineras	50	1	Agricultura, ganadería y pesca	01	Agricultura, ganadería, silvicultura y pesca (cnae 01, 02, 03)
2018	26	Cuencas Mineras	11	2	Industria y energía	02	Industrias extractivas (cnae 05, 06, 07, 08, 09)
2018	26	Cuencas Mineras	14	2	Industria y energía	03	Industria de la alimentación, bebidas y tabaco (cnae 10, 11, 12)
2018	26	Cuencas Mineras	1	2	Industria y energía	04	Industria textil, confección de prendas de vestir, cuero y calzado (cnae 13, 14, 15)
2018	26	Cuencas Mineras	11	2	Industria y energía	05	Industria de la madera y corcho, papel y artes gráficas (cnae 16, 17, 18)
2018	26	Cuencas Mineras	9	2	Industria y energía	06	Coquerías y refino de petróleo; industria química; productos farmacéuticos (cnae 19, 20, 21)
2018	26	Cuencas Mineras	7	2	Industria y energía	07	Fabricación de productos de caucho y plástico y de otros minerales no metálicos (cnae 22, 23)
2018	26	Cuencas Mineras	19	2	Industria y energía	08	Metalurgia y fabricación de productos metálicos, excepto maquinaria y equipo (cnae 24, 25)
2018	26	Cuencas Mineras	4	2	Industria y energía	09	Fabricación de productos informáticos, electrónicos y ópticos; material y equipo eléctrico; maquinaria y equipo (cnae 26, 27, 28)
2018	26	Cuencas Mineras	2	2	Industria y energía	10	Fabricación de material de transporte (cnae 29, 30)
2018	26	Cuencas Mineras	14	2	Industria y energía	11	Fabricación de muebles; otras industrias manufactureras y reparación e instalación de maquinaria y equipo (cnae 31, 32, 33)
2018	26	Cuencas Mineras	32	2	Industria y energía	12	Suministro de energía eléctrica, gas, vapor y aire acondicionado (cnae 35)
2018	26	Cuencas Mineras	24	2	Industria y energía	13	Suministro de agua, actividades de saneamiento, gestión de residuos y descontaminación (cnae 36, 37, 38, 39)
2018	26	Cuencas Mineras	157	3	Construcción	14	Construcción (cnae 41, 42, 43)
2018	26	Cuencas Mineras	274	4	Servicios	15	Comercio al por mayor y al por menor; reparación de vehículos de motor y motocicletas (cnae 45, 46, 47)
2018	26	Cuencas Mineras	26	4	Servicios	16	Transporte y almacenamiento (cnae 49, 50, 51, 52, 53)
2018	26	Cuencas Mineras	141	4	Servicios	17	Hostelería (cnae 55, 56)
2018	26	Cuencas Mineras	3	4	Servicios	18	Información y comunicaciones (cnae 58, 59, 60, 61, 62, 63)
2018	26	Cuencas Mineras	20	4	Servicios	19	Actividades financieras y de seguros (cnae 64, 65, 66)
2018	26	Cuencas Mineras	68	4	Servicios	20	Actividades inmobiliarias (cnae 68)
2018	26	Cuencas Mineras	36	4	Servicios	21	Actividades profesionales, científicas y técnicas (cnae 69, 70, 71, 72, 73, 74, 75)
2018	26	Cuencas Mineras	42	4	Servicios	22	Actividades administrativas y servicios auxliares (cnae 77, 78, 79, 80, 81, 82)
2018	26	Cuencas Mineras	16	4	Servicios	23	Educación (cnae 85)
2018	26	Cuencas Mineras	16	4	Servicios	24	Actividades sanitarias y de servicios sociales (cnae 86, 87, 88)
2018	26	Cuencas Mineras	38	4	Servicios	25	Actividades artísticas, recreativas y de entretenimiento (cnae 90, 91, 92, 93)
2018	26	Cuencas Mineras	45	4	Servicios	26	Otros servicios (cnae 94, 95, 96)
2018	27	Andorra-Sierra de Arcos	49	1	Agricultura, ganadería y pesca	01	Agricultura, ganadería, silvicultura y pesca (cnae 01, 02, 03)
2018	27	Andorra-Sierra de Arcos	20	2	Industria y energía	02	Industrias extractivas (cnae 05, 06, 07, 08, 09)
2018	27	Andorra-Sierra de Arcos	26	2	Industria y energía	03	Industria de la alimentación, bebidas y tabaco (cnae 10, 11, 12)
2018	27	Andorra-Sierra de Arcos	4	2	Industria y energía	04	Industria textil, confección de prendas de vestir, cuero y calzado (cnae 13, 14, 15)
2018	27	Andorra-Sierra de Arcos	8	2	Industria y energía	05	Industria de la madera y corcho, papel y artes gráficas (cnae 16, 17, 18)
2018	27	Andorra-Sierra de Arcos	5	2	Industria y energía	06	Coquerías y refino de petróleo; industria química; productos farmacéuticos (cnae 19, 20, 21)
2018	27	Andorra-Sierra de Arcos	15	2	Industria y energía	07	Fabricación de productos de caucho y plástico y de otros minerales no metálicos (cnae 22, 23)
2018	27	Andorra-Sierra de Arcos	14	2	Industria y energía	08	Metalurgia y fabricación de productos metálicos, excepto maquinaria y equipo (cnae 24, 25)
2018	27	Andorra-Sierra de Arcos	2	2	Industria y energía	09	Fabricación de productos informáticos, electrónicos y ópticos; material y equipo eléctrico; maquinaria y equipo (cnae 26, 27, 28)
2018	27	Andorra-Sierra de Arcos	7	2	Industria y energía	11	Fabricación de muebles; otras industrias manufactureras y reparación e instalación de maquinaria y equipo (cnae 31, 32, 33)
2018	27	Andorra-Sierra de Arcos	11	2	Industria y energía	12	Suministro de energía eléctrica, gas, vapor y aire acondicionado (cnae 35)
2018	27	Andorra-Sierra de Arcos	8	2	Industria y energía	13	Suministro de agua, actividades de saneamiento, gestión de residuos y descontaminación (cnae 36, 37, 38, 39)
2018	27	Andorra-Sierra de Arcos	199	3	Construcción	14	Construcción (cnae 41, 42, 43)
2018	27	Andorra-Sierra de Arcos	385	4	Servicios	15	Comercio al por mayor y al por menor; reparación de vehículos de motor y motocicletas (cnae 45, 46, 47)
2018	27	Andorra-Sierra de Arcos	65	4	Servicios	16	Transporte y almacenamiento (cnae 49, 50, 51, 52, 53)
2018	27	Andorra-Sierra de Arcos	127	4	Servicios	17	Hostelería (cnae 55, 56)
2018	27	Andorra-Sierra de Arcos	8	4	Servicios	18	Información y comunicaciones (cnae 58, 59, 60, 61, 62, 63)
2018	27	Andorra-Sierra de Arcos	34	4	Servicios	19	Actividades financieras y de seguros (cnae 64, 65, 66)
2018	27	Andorra-Sierra de Arcos	117	4	Servicios	20	Actividades inmobiliarias (cnae 68)
2018	27	Andorra-Sierra de Arcos	52	4	Servicios	21	Actividades profesionales, científicas y técnicas (cnae 69, 70, 71, 72, 73, 74, 75)
2018	27	Andorra-Sierra de Arcos	56	4	Servicios	22	Actividades administrativas y servicios auxliares (cnae 77, 78, 79, 80, 81, 82)
2018	27	Andorra-Sierra de Arcos	50	4	Servicios	23	Educación (cnae 85)
2018	27	Andorra-Sierra de Arcos	33	4	Servicios	24	Actividades sanitarias y de servicios sociales (cnae 86, 87, 88)
2018	27	Andorra-Sierra de Arcos	29	4	Servicios	25	Actividades artísticas, recreativas y de entretenimiento (cnae 90, 91, 92, 93)
2018	27	Andorra-Sierra de Arcos	63	4	Servicios	26	Otros servicios (cnae 94, 95, 96)
2018	28	Bajo Aragón	319	1	Agricultura, ganadería y pesca	01	Agricultura, ganadería, silvicultura y pesca (cnae 01, 02, 03)
2018	28	Bajo Aragón	25	2	Industria y energía	02	Industrias extractivas (cnae 05, 06, 07, 08, 09)
2018	28	Bajo Aragón	85	2	Industria y energía	03	Industria de la alimentación, bebidas y tabaco (cnae 10, 11, 12)
2018	28	Bajo Aragón	26	2	Industria y energía	04	Industria textil, confección de prendas de vestir, cuero y calzado (cnae 13, 14, 15)
2018	28	Bajo Aragón	48	2	Industria y energía	05	Industria de la madera y corcho, papel y artes gráficas (cnae 16, 17, 18)
2018	28	Bajo Aragón	8	2	Industria y energía	06	Coquerías y refino de petróleo; industria química; productos farmacéuticos (cnae 19, 20, 21)
2018	28	Bajo Aragón	40	2	Industria y energía	07	Fabricación de productos de caucho y plástico y de otros minerales no metálicos (cnae 22, 23)
2018	28	Bajo Aragón	54	2	Industria y energía	08	Metalurgia y fabricación de productos metálicos, excepto maquinaria y equipo (cnae 24, 25)
2018	28	Bajo Aragón	6	2	Industria y energía	09	Fabricación de productos informáticos, electrónicos y ópticos; material y equipo eléctrico; maquinaria y equipo (cnae 26, 27, 28)
2018	28	Bajo Aragón	6	2	Industria y energía	10	Fabricación de material de transporte (cnae 29, 30)
2018	28	Bajo Aragón	45	2	Industria y energía	11	Fabricación de muebles; otras industrias manufactureras y reparación e instalación de maquinaria y equipo (cnae 31, 32, 33)
2018	28	Bajo Aragón	85	2	Industria y energía	12	Suministro de energía eléctrica, gas, vapor y aire acondicionado (cnae 35)
2018	28	Bajo Aragón	11	2	Industria y energía	13	Suministro de agua, actividades de saneamiento, gestión de residuos y descontaminación (cnae 36, 37, 38, 39)
2018	28	Bajo Aragón	770	3	Construcción	14	Construcción (cnae 41, 42, 43)
2018	28	Bajo Aragón	1475	4	Servicios	15	Comercio al por mayor y al por menor; reparación de vehículos de motor y motocicletas (cnae 45, 46, 47)
2018	28	Bajo Aragón	176	4	Servicios	16	Transporte y almacenamiento (cnae 49, 50, 51, 52, 53)
2018	28	Bajo Aragón	385	4	Servicios	17	Hostelería (cnae 55, 56)
2018	28	Bajo Aragón	66	4	Servicios	18	Información y comunicaciones (cnae 58, 59, 60, 61, 62, 63)
2018	28	Bajo Aragón	154	4	Servicios	19	Actividades financieras y de seguros (cnae 64, 65, 66)
2018	28	Bajo Aragón	695	4	Servicios	20	Actividades inmobiliarias (cnae 68)
2018	28	Bajo Aragón	371	4	Servicios	21	Actividades profesionales, científicas y técnicas (cnae 69, 70, 71, 72, 73, 74, 75)
2018	28	Bajo Aragón	221	4	Servicios	22	Actividades administrativas y servicios auxliares (cnae 77, 78, 79, 80, 81, 82)
2018	28	Bajo Aragón	163	4	Servicios	23	Educación (cnae 85)
2018	28	Bajo Aragón	105	4	Servicios	24	Actividades sanitarias y de servicios sociales (cnae 86, 87, 88)
2018	28	Bajo Aragón	151	4	Servicios	25	Actividades artísticas, recreativas y de entretenimiento (cnae 90, 91, 92, 93)
2018	28	Bajo Aragón	219	4	Servicios	26	Otros servicios (cnae 94, 95, 96)
2018	29	Comunidad de Teruel	243	1	Agricultura, ganadería y pesca	01	Agricultura, ganadería, silvicultura y pesca (cnae 01, 02, 03)
2018	29	Comunidad de Teruel	11	2	Industria y energía	02	Industrias extractivas (cnae 05, 06, 07, 08, 09)
2018	29	Comunidad de Teruel	79	2	Industria y energía	03	Industria de la alimentación, bebidas y tabaco (cnae 10, 11, 12)
2018	29	Comunidad de Teruel	20	2	Industria y energía	04	Industria textil, confección de prendas de vestir, cuero y calzado (cnae 13, 14, 15)
2018	29	Comunidad de Teruel	72	2	Industria y energía	05	Industria de la madera y corcho, papel y artes gráficas (cnae 16, 17, 18)
2018	29	Comunidad de Teruel	9	2	Industria y energía	06	Coquerías y refino de petróleo; industria química; productos farmacéuticos (cnae 19, 20, 21)
2018	29	Comunidad de Teruel	31	2	Industria y energía	07	Fabricación de productos de caucho y plástico y de otros minerales no metálicos (cnae 22, 23)
2018	29	Comunidad de Teruel	77	2	Industria y energía	08	Metalurgia y fabricación de productos metálicos, excepto maquinaria y equipo (cnae 24, 25)
2018	29	Comunidad de Teruel	9	2	Industria y energía	09	Fabricación de productos informáticos, electrónicos y ópticos; material y equipo eléctrico; maquinaria y equipo (cnae 26, 27, 28)
2018	29	Comunidad de Teruel	9	2	Industria y energía	10	Fabricación de material de transporte (cnae 29, 30)
2018	29	Comunidad de Teruel	51	2	Industria y energía	11	Fabricación de muebles; otras industrias manufactureras y reparación e instalación de maquinaria y equipo (cnae 31, 32, 33)
2018	29	Comunidad de Teruel	91	2	Industria y energía	12	Suministro de energía eléctrica, gas, vapor y aire acondicionado (cnae 35)
2018	29	Comunidad de Teruel	51	2	Industria y energía	13	Suministro de agua, actividades de saneamiento, gestión de residuos y descontaminación (cnae 36, 37, 38, 39)
2018	29	Comunidad de Teruel	1008	3	Construcción	14	Construcción (cnae 41, 42, 43)
2018	29	Comunidad de Teruel	1847	4	Servicios	15	Comercio al por mayor y al por menor; reparación de vehículos de motor y motocicletas (cnae 45, 46, 47)
2018	29	Comunidad de Teruel	379	4	Servicios	16	Transporte y almacenamiento (cnae 49, 50, 51, 52, 53)
2018	29	Comunidad de Teruel	627	4	Servicios	17	Hostelería (cnae 55, 56)
2018	29	Comunidad de Teruel	104	4	Servicios	18	Información y comunicaciones (cnae 58, 59, 60, 61, 62, 63)
2018	29	Comunidad de Teruel	217	4	Servicios	19	Actividades financieras y de seguros (cnae 64, 65, 66)
2018	29	Comunidad de Teruel	599	4	Servicios	20	Actividades inmobiliarias (cnae 68)
2018	29	Comunidad de Teruel	703	4	Servicios	21	Actividades profesionales, científicas y técnicas (cnae 69, 70, 71, 72, 73, 74, 75)
2018	29	Comunidad de Teruel	326	4	Servicios	22	Actividades administrativas y servicios auxliares (cnae 77, 78, 79, 80, 81, 82)
2018	29	Comunidad de Teruel	393	4	Servicios	23	Educación (cnae 85)
2018	29	Comunidad de Teruel	277	4	Servicios	24	Actividades sanitarias y de servicios sociales (cnae 86, 87, 88)
2018	29	Comunidad de Teruel	206	4	Servicios	25	Actividades artísticas, recreativas y de entretenimiento (cnae 90, 91, 92, 93)
2018	29	Comunidad de Teruel	307	4	Servicios	26	Otros servicios (cnae 94, 95, 96)
2018	30	Maestrazgo	142	1	Agricultura, ganadería y pesca	01	Agricultura, ganadería, silvicultura y pesca (cnae 01, 02, 03)
2018	30	Maestrazgo	17	2	Industria y energía	02	Industrias extractivas (cnae 05, 06, 07, 08, 09)
2018	30	Maestrazgo	21	2	Industria y energía	03	Industria de la alimentación, bebidas y tabaco (cnae 10, 11, 12)
2018	30	Maestrazgo	1	2	Industria y energía	04	Industria textil, confección de prendas de vestir, cuero y calzado (cnae 13, 14, 15)
2018	30	Maestrazgo	8	2	Industria y energía	05	Industria de la madera y corcho, papel y artes gráficas (cnae 16, 17, 18)
2018	30	Maestrazgo	1	2	Industria y energía	07	Fabricación de productos de caucho y plástico y de otros minerales no metálicos (cnae 22, 23)
2018	30	Maestrazgo	4	2	Industria y energía	08	Metalurgia y fabricación de productos metálicos, excepto maquinaria y equipo (cnae 24, 25)
2018	30	Maestrazgo	3	2	Industria y energía	11	Fabricación de muebles; otras industrias manufactureras y reparación e instalación de maquinaria y equipo (cnae 31, 32, 33)
2018	30	Maestrazgo	18	2	Industria y energía	12	Suministro de energía eléctrica, gas, vapor y aire acondicionado (cnae 35)
2018	30	Maestrazgo	1	2	Industria y energía	13	Suministro de agua, actividades de saneamiento, gestión de residuos y descontaminación (cnae 36, 37, 38, 39)
2018	30	Maestrazgo	105	3	Construcción	14	Construcción (cnae 41, 42, 43)
2018	30	Maestrazgo	168	4	Servicios	15	Comercio al por mayor y al por menor; reparación de vehículos de motor y motocicletas (cnae 45, 46, 47)
2018	30	Maestrazgo	11	4	Servicios	16	Transporte y almacenamiento (cnae 49, 50, 51, 52, 53)
2018	30	Maestrazgo	129	4	Servicios	17	Hostelería (cnae 55, 56)
2018	30	Maestrazgo	2	4	Servicios	18	Información y comunicaciones (cnae 58, 59, 60, 61, 62, 63)
2018	30	Maestrazgo	9	4	Servicios	19	Actividades financieras y de seguros (cnae 64, 65, 66)
2018	30	Maestrazgo	64	4	Servicios	20	Actividades inmobiliarias (cnae 68)
2018	30	Maestrazgo	27	4	Servicios	21	Actividades profesionales, científicas y técnicas (cnae 69, 70, 71, 72, 73, 74, 75)
2018	30	Maestrazgo	22	4	Servicios	22	Actividades administrativas y servicios auxliares (cnae 77, 78, 79, 80, 81, 82)
2018	30	Maestrazgo	8	4	Servicios	23	Educación (cnae 85)
2018	30	Maestrazgo	6	4	Servicios	24	Actividades sanitarias y de servicios sociales (cnae 86, 87, 88)
2018	30	Maestrazgo	19	4	Servicios	25	Actividades artísticas, recreativas y de entretenimiento (cnae 90, 91, 92, 93)
2018	30	Maestrazgo	18	4	Servicios	26	Otros servicios (cnae 94, 95, 96)
2018	31	Sierra de Albarracín	31	1	Agricultura, ganadería y pesca	01	Agricultura, ganadería, silvicultura y pesca (cnae 01, 02, 03)
2018	31	Sierra de Albarracín	6	2	Industria y energía	02	Industrias extractivas (cnae 05, 06, 07, 08, 09)
2018	31	Sierra de Albarracín	22	2	Industria y energía	03	Industria de la alimentación, bebidas y tabaco (cnae 10, 11, 12)
2018	31	Sierra de Albarracín	16	2	Industria y energía	05	Industria de la madera y corcho, papel y artes gráficas (cnae 16, 17, 18)
2018	31	Sierra de Albarracín	3	2	Industria y energía	06	Coquerías y refino de petróleo; industria química; productos farmacéuticos (cnae 19, 20, 21)
2018	31	Sierra de Albarracín	4	2	Industria y energía	07	Fabricación de productos de caucho y plástico y de otros minerales no metálicos (cnae 22, 23)
2018	31	Sierra de Albarracín	8	2	Industria y energía	08	Metalurgia y fabricación de productos metálicos, excepto maquinaria y equipo (cnae 24, 25)
2018	31	Sierra de Albarracín	1	2	Industria y energía	11	Fabricación de muebles; otras industrias manufactureras y reparación e instalación de maquinaria y equipo (cnae 31, 32, 33)
2018	31	Sierra de Albarracín	4	2	Industria y energía	12	Suministro de energía eléctrica, gas, vapor y aire acondicionado (cnae 35)
2018	31	Sierra de Albarracín	11	2	Industria y energía	13	Suministro de agua, actividades de saneamiento, gestión de residuos y descontaminación (cnae 36, 37, 38, 39)
2018	31	Sierra de Albarracín	143	3	Construcción	14	Construcción (cnae 41, 42, 43)
2018	31	Sierra de Albarracín	125	4	Servicios	15	Comercio al por mayor y al por menor; reparación de vehículos de motor y motocicletas (cnae 45, 46, 47)
2018	31	Sierra de Albarracín	17	4	Servicios	16	Transporte y almacenamiento (cnae 49, 50, 51, 52, 53)
2018	31	Sierra de Albarracín	213	4	Servicios	17	Hostelería (cnae 55, 56)
2018	31	Sierra de Albarracín	1	4	Servicios	18	Información y comunicaciones (cnae 58, 59, 60, 61, 62, 63)
2018	31	Sierra de Albarracín	8	4	Servicios	19	Actividades financieras y de seguros (cnae 64, 65, 66)
2018	31	Sierra de Albarracín	28	4	Servicios	20	Actividades inmobiliarias (cnae 68)
2018	31	Sierra de Albarracín	20	4	Servicios	21	Actividades profesionales, científicas y técnicas (cnae 69, 70, 71, 72, 73, 74, 75)
2018	31	Sierra de Albarracín	20	4	Servicios	22	Actividades administrativas y servicios auxliares (cnae 77, 78, 79, 80, 81, 82)
2018	31	Sierra de Albarracín	15	4	Servicios	23	Educación (cnae 85)
2018	31	Sierra de Albarracín	7	4	Servicios	24	Actividades sanitarias y de servicios sociales (cnae 86, 87, 88)
2018	31	Sierra de Albarracín	20	4	Servicios	25	Actividades artísticas, recreativas y de entretenimiento (cnae 90, 91, 92, 93)
2018	31	Sierra de Albarracín	17	4	Servicios	26	Otros servicios (cnae 94, 95, 96)
2018	32	Gúdar-Javalambre	94	1	Agricultura, ganadería y pesca	01	Agricultura, ganadería, silvicultura y pesca (cnae 01, 02, 03)
2018	32	Gúdar-Javalambre	25	2	Industria y energía	02	Industrias extractivas (cnae 05, 06, 07, 08, 09)
2018	32	Gúdar-Javalambre	47	2	Industria y energía	03	Industria de la alimentación, bebidas y tabaco (cnae 10, 11, 12)
2018	32	Gúdar-Javalambre	9	2	Industria y energía	04	Industria textil, confección de prendas de vestir, cuero y calzado (cnae 13, 14, 15)
2018	32	Gúdar-Javalambre	16	2	Industria y energía	05	Industria de la madera y corcho, papel y artes gráficas (cnae 16, 17, 18)
2018	32	Gúdar-Javalambre	5	2	Industria y energía	06	Coquerías y refino de petróleo; industria química; productos farmacéuticos (cnae 19, 20, 21)
2018	32	Gúdar-Javalambre	8	2	Industria y energía	07	Fabricación de productos de caucho y plástico y de otros minerales no metálicos (cnae 22, 23)
2018	32	Gúdar-Javalambre	14	2	Industria y energía	08	Metalurgia y fabricación de productos metálicos, excepto maquinaria y equipo (cnae 24, 25)
2018	32	Gúdar-Javalambre	7	2	Industria y energía	09	Fabricación de productos informáticos, electrónicos y ópticos; material y equipo eléctrico; maquinaria y equipo (cnae 26, 27, 28)
2018	32	Gúdar-Javalambre	1	2	Industria y energía	10	Fabricación de material de transporte (cnae 29, 30)
2018	32	Gúdar-Javalambre	8	2	Industria y energía	11	Fabricación de muebles; otras industrias manufactureras y reparación e instalación de maquinaria y equipo (cnae 31, 32, 33)
2018	32	Gúdar-Javalambre	22	2	Industria y energía	12	Suministro de energía eléctrica, gas, vapor y aire acondicionado (cnae 35)
2018	32	Gúdar-Javalambre	9	2	Industria y energía	13	Suministro de agua, actividades de saneamiento, gestión de residuos y descontaminación (cnae 36, 37, 38, 39)
2018	32	Gúdar-Javalambre	345	3	Construcción	14	Construcción (cnae 41, 42, 43)
2018	32	Gúdar-Javalambre	432	4	Servicios	15	Comercio al por mayor y al por menor; reparación de vehículos de motor y motocicletas (cnae 45, 46, 47)
2018	32	Gúdar-Javalambre	57	4	Servicios	16	Transporte y almacenamiento (cnae 49, 50, 51, 52, 53)
2018	32	Gúdar-Javalambre	328	4	Servicios	17	Hostelería (cnae 55, 56)
2018	32	Gúdar-Javalambre	8	4	Servicios	18	Información y comunicaciones (cnae 58, 59, 60, 61, 62, 63)
2018	32	Gúdar-Javalambre	31	4	Servicios	19	Actividades financieras y de seguros (cnae 64, 65, 66)
2018	32	Gúdar-Javalambre	96	4	Servicios	20	Actividades inmobiliarias (cnae 68)
2018	32	Gúdar-Javalambre	53	4	Servicios	21	Actividades profesionales, científicas y técnicas (cnae 69, 70, 71, 72, 73, 74, 75)
2018	32	Gúdar-Javalambre	64	4	Servicios	22	Actividades administrativas y servicios auxliares (cnae 77, 78, 79, 80, 81, 82)
2018	32	Gúdar-Javalambre	31	4	Servicios	23	Educación (cnae 85)
2018	32	Gúdar-Javalambre	11	4	Servicios	24	Actividades sanitarias y de servicios sociales (cnae 86, 87, 88)
2018	32	Gúdar-Javalambre	38	4	Servicios	25	Actividades artísticas, recreativas y de entretenimiento (cnae 90, 91, 92, 93)
2018	32	Gúdar-Javalambre	46	4	Servicios	26	Otros servicios (cnae 94, 95, 96)
2018	33	Matarraña / Matarranya	284	1	Agricultura, ganadería y pesca	01	Agricultura, ganadería, silvicultura y pesca (cnae 01, 02, 03)
2018	33	Matarraña / Matarranya	2	2	Industria y energía	02	Industrias extractivas (cnae 05, 06, 07, 08, 09)
2018	33	Matarraña / Matarranya	85	2	Industria y energía	03	Industria de la alimentación, bebidas y tabaco (cnae 10, 11, 12)
2018	33	Matarraña / Matarranya	9	2	Industria y energía	04	Industria textil, confección de prendas de vestir, cuero y calzado (cnae 13, 14, 15)
2018	33	Matarraña / Matarranya	25	2	Industria y energía	05	Industria de la madera y corcho, papel y artes gráficas (cnae 16, 17, 18)
2018	33	Matarraña / Matarranya	2	2	Industria y energía	06	Coquerías y refino de petróleo; industria química; productos farmacéuticos (cnae 19, 20, 21)
2018	33	Matarraña / Matarranya	7	2	Industria y energía	07	Fabricación de productos de caucho y plástico y de otros minerales no metálicos (cnae 22, 23)
2018	33	Matarraña / Matarranya	21	2	Industria y energía	08	Metalurgia y fabricación de productos metálicos, excepto maquinaria y equipo (cnae 24, 25)
2018	33	Matarraña / Matarranya	13	2	Industria y energía	09	Fabricación de productos informáticos, electrónicos y ópticos; material y equipo eléctrico; maquinaria y equipo (cnae 26, 27, 28)
2018	33	Matarraña / Matarranya	3	2	Industria y energía	10	Fabricación de material de transporte (cnae 29, 30)
2018	33	Matarraña / Matarranya	5	2	Industria y energía	11	Fabricación de muebles; otras industrias manufactureras y reparación e instalación de maquinaria y equipo (cnae 31, 32, 33)
2018	33	Matarraña / Matarranya	16	2	Industria y energía	12	Suministro de energía eléctrica, gas, vapor y aire acondicionado (cnae 35)
2018	33	Matarraña / Matarranya	11	2	Industria y energía	13	Suministro de agua, actividades de saneamiento, gestión de residuos y descontaminación (cnae 36, 37, 38, 39)
2018	33	Matarraña / Matarranya	244	3	Construcción	14	Construcción (cnae 41, 42, 43)
2018	33	Matarraña / Matarranya	374	4	Servicios	15	Comercio al por mayor y al por menor; reparación de vehículos de motor y motocicletas (cnae 45, 46, 47)
2018	33	Matarraña / Matarranya	39	4	Servicios	16	Transporte y almacenamiento (cnae 49, 50, 51, 52, 53)
2018	33	Matarraña / Matarranya	255	4	Servicios	17	Hostelería (cnae 55, 56)
2018	33	Matarraña / Matarranya	32	4	Servicios	18	Información y comunicaciones (cnae 58, 59, 60, 61, 62, 63)
2018	33	Matarraña / Matarranya	42	4	Servicios	19	Actividades financieras y de seguros (cnae 64, 65, 66)
2018	33	Matarraña / Matarranya	197	4	Servicios	20	Actividades inmobiliarias (cnae 68)
2018	33	Matarraña / Matarranya	75	4	Servicios	21	Actividades profesionales, científicas y técnicas (cnae 69, 70, 71, 72, 73, 74, 75)
2018	33	Matarraña / Matarranya	63	4	Servicios	22	Actividades administrativas y servicios auxliares (cnae 77, 78, 79, 80, 81, 82)
2018	33	Matarraña / Matarranya	26	4	Servicios	23	Educación (cnae 85)
2018	33	Matarraña / Matarranya	20	4	Servicios	24	Actividades sanitarias y de servicios sociales (cnae 86, 87, 88)
2018	33	Matarraña / Matarranya	29	4	Servicios	25	Actividades artísticas, recreativas y de entretenimiento (cnae 90, 91, 92, 93)
2018	33	Matarraña / Matarranya	53	4	Servicios	26	Otros servicios (cnae 94, 95, 96)