Año	Municipio código	Municipio nombre	Edificios nueva planta, total	Edificios nueva planta, residencial	Edificios nueva planta, no residencial	Superficie nueva planta, total	Superficie nueva planta, residencial	Superficie nueva planta, no residencial	Viviendas nueva planta	Edificios rehabilitación	Viviendas rehabilitación	Edificios demolición	Viviendas demolición	Estado de la información
2019	22001	Abiego	0,0	0,0	0,0	0,0	0,0	0,0	0,0	1,0	0,0	0,0	1,0	COMPLETA
2019	22002	Abizanda	3,0	0,0	3,0	1193,0	0,0	1193,0	0,0	0,0	0,0	0,0	0,0	COMPLETA
2019	22003	Adahuesca	3,0	2,0	1,0	3697,0	558,0	3139,0	2,0	3,0	0,0	0,0	0,0	COMPLETA
2019	22004	Agüero	0,0	0,0	0,0	0,0	0,0	0,0	0,0	4,0	0,0	0,0	0,0	COMPLETA
2019	22006	Aísa	0,0	0,0	0,0	0,0	0,0	0,0	0,0	6,0	1,0	1,0	0,0	COMPLETA
2019	22007	Albalate de Cinca	4,0	0,0	4,0	1770,0	0,0	1770,0	0,0	2,0	0,0	0,0	0,0	COMPLETA
2019	22008	Albalatillo												SIN INFORMACIÓN
2019	22009	Albelda	11,0	0,0	11,0	12312,0	0,0	12312,0	0,0	0,0	0,0	0,0	0,0	COMPLETA
2019	22011	Albero Alto												SIN INFORMACIÓN
2019	22012	Albero Bajo	1,0	0,0	1,0	395,0	0,0	395,0	0,0	0,0	0,0	0,0	0,0	COMPLETA
2019	22013	Alberuela de Tubo												SIN INFORMACIÓN
2019	22014	Alcalá de Gurrea	2,0	0,0	2,0	3300,0	0,0	3300,0	0,0	2,0	0,0	0,0	0,0	COMPLETA
2019	22015	Alcalá del Obispo												SIN INFORMACIÓN
2019	22016	Alcampell	1,0	1,0	0,0	143,0	143,0	0,0	1,0	0,0	0,0	0,0	0,0	COMPLETA
2019	22017	Alcolea de Cinca	13,0	0,0	13,0	14081,0	0,0	14081,0	0,0	0,0	0,0	1,0	1,0	COMPLETA
2019	22018	Alcubierre	4,0	0,0	4,0	4272,0	0,0	4272,0	0,0	0,0	0,0	0,0	0,0	COMPLETA
2019	22019	Alerre	1,0	0,0	1,0	1882,0	0,0	1882,0	0,0	0,0	0,0	0,0	0,0	COMPLETA
2019	22020	Alfántega												SIN INFORMACIÓN
2019	22021	Almudévar	22,0	0,0	22,0	19117,0	0,0	19117,0	0,0	4,0	0,0	1,0	1,0	COMPLETA
2019	22022	Almunia de San Juan	9,0	2,0	7,0	14864,0	436,0	14428,0	2,0					INCOMPLETA
2019	22023	Almuniente	1,0	0,0	1,0	1446,0	0,0	1446,0	0,0	0,0	0,0	0,0	0,0	COMPLETA
2019	22024	Alquézar	1,0	1,0	0,0	307,0	307,0	0,0	4,0	2,0	0,0	1,0	0,0	COMPLETA
2019	22025	Altorricón	5,0	1,0	4,0	4683,0	126,0	4557,0	1,0	1,0	0,0	0,0	0,0	COMPLETA
2019	22027	Angüés	9,0	0,0	9,0	5993,0	0,0	5993,0	0,0	0,0	0,0	0,0	0,0	COMPLETA
2019	22028	Ansó	0,0	0,0	0,0	0,0	0,0	0,0	0,0	2,0	0,0	0,0	0,0	COMPLETA
2019	22029	Antillón	1,0	0,0	1,0	3616,0	0,0	3616,0	0,0	1,0	0,0	0,0	0,0	COMPLETA
2019	22032	Aragüés del Puerto												SIN INFORMACIÓN
2019	22035	Arén	0,0	0,0	0,0	0,0	0,0	0,0	0,0	2,0	2,0	0,0	0,0	COMPLETA
2019	22036	Argavieso												SIN INFORMACIÓN
2019	22037	Arguis	0,0	0,0	0,0	0,0	0,0	0,0	0,0	1,0	0,0	0,0	0,0	COMPLETA
2019	22039	Ayerbe	3,0	2,0	1,0	623,0	575,0	48,0	4,0	6,0	8,0	6,0	4,0	COMPLETA
2019	22040	Azanuy-Alins	0,0	0,0	0,0	0,0	0,0	0,0	0,0	3,0	0,0	0,0	0,0	COMPLETA
2019	22041	Azara	1,0	0,0	1,0	833,0	0,0	833,0	0,0	0,0	0,0	0,0	0,0	COMPLETA
2019	22042	Azlor												SIN INFORMACIÓN
2019	22043	Baells												SIN INFORMACIÓN
2019	22044	Bailo												SIN INFORMACIÓN
2019	22045	Baldellou												SIN INFORMACIÓN
2019	22046	Ballobar	0,0	0,0	0,0	0,0	0,0	0,0	0,0	2,0	0,0	0,0	0,0	COMPLETA
2019	22047	Banastás												SIN INFORMACIÓN
2019	22048	Barbastro	14,0	10,0	4,0	8978,0	4623,0	4355,0	25,0	3,0	1,0	0,0	0,0	COMPLETA
2019	22049	Barbués	4,0	0,0	4,0	4060,0	0,0	4060,0	0,0	0,0	0,0	0,0	0,0	COMPLETA
2019	22050	Barbuñales												SIN INFORMACIÓN
2019	22051	Bárcabo	0,0	0,0	0,0	0,0	0,0	0,0	0,0	1,0	1,0	0,0	0,0	COMPLETA
2019	22052	Belver de Cinca	6,0	1,0	5,0	8679,0	205,0	8474,0	1,0	1,0	0,0	2,0	1,0	COMPLETA
2019	22053	Benabarre	1,0	1,0	0,0	216,0	216,0	0,0	1,0	2,0	0,0	0,0	0,0	COMPLETA
2019	22054	Benasque	5,0	5,0	0,0	11404,0	11404,0	0,0	71,0	6,0	1,0	1,0	1,0	COMPLETA
2019	22055	Berbegal												SIN INFORMACIÓN
2019	22057	Bielsa	12,0	9,0	3,0	1531,0	1385,0	146,0	9,0	3,0	3,0	0,0	0,0	COMPLETA
2019	22058	Bierge	1,0	1,0	0,0	392,0	392,0	0,0	0,0	1,0	0,0	0,0	0,0	COMPLETA
2019	22059	Biescas	1,0	1,0		162,0	162,0			4,0	1,0	1,0		INCOMPLETA
2019	22060	Binaced	12,0	2,0	10,0	9035,0	432,0	8603,0	2,0	5,0		1,0	1,0	INCOMPLETA
2019	22061	Binéfar	11,0	2,0	9,0	10693,0	1978,0	8715,0	10,0	11,0	3,0	6,0	7,0	COMPLETA
2019	22062	Bisaurri												SIN INFORMACIÓN
2019	22063	Biscarrués	3,0	0,0	3,0	2264,0	0,0	2264,0	0,0	2,0	0,0	0,0	0,0	COMPLETA
2019	22064	Blecua y Torres	0,0	0,0	0,0	0,0	0,0	0,0	0,0	1,0	0,0	0,0	0,0	COMPLETA
2019	22066	Boltaña	8,0	4,0	4,0	1132,0	792,0	340,0	4,0	0,0	0,0	0,0	0,0	COMPLETA
2019	22067	Bonansa	0,0	0,0	0,0	0,0	0,0	0,0	0,0	2,0	1,0	0,0	0,0	COMPLETA
2019	22068	Borau												SIN INFORMACIÓN
2019	22069	Broto												SIN INFORMACIÓN
2019	22072	Caldearenas	1,0	1,0	0,0	281,0	281,0	0,0	1,0	0,0	0,0	0,0	0,0	COMPLETA
2019	22074	Campo	1,0	1,0		445,0	445,0		1,0					INCOMPLETA
2019	22075	Camporrells	0,0	0,0	0,0	0,0	0,0	0,0	0,0	1,0	0,0	0,0	0,0	COMPLETA
2019	22076	Canal de Berdún	0,0	0,0	0,0	0,0	0,0	0,0	0,0	1,0	0,0	0,0	0,0	COMPLETA
2019	22077	Candasnos												SIN INFORMACIÓN
2019	22078	Canfranc												SIN INFORMACIÓN
2019	22079	Capdesaso												SIN INFORMACIÓN
2019	22080	Capella	0,0	0,0	0,0	0,0	0,0	0,0	0,0	1,0	0,0	0,0	0,0	COMPLETA
2019	22081	Casbas de Huesca	1,0	0,0	1,0	984,0	0,0	984,0	0,0	0,0	0,0	0,0	0,0	COMPLETA
2019	22082	Castejón del Puente	0,0	0,0	0,0	0,0	0,0	0,0	0,0	2,0	0,0	0,0	0,0	COMPLETA
2019	22083	Castejón de Monegros	4,0	0,0	4,0	4420,0	0,0	4420,0	0,0	2,0	0,0	0,0	0,0	COMPLETA
2019	22084	Castejón de Sos	2,0	2,0	0,0	383,0	383,0	0,0	2,0	2,0	0,0	0,0	0,0	COMPLETA
2019	22085	Castelflorite												SIN INFORMACIÓN
2019	22086	Castiello de Jaca	1,0	1,0	0,0	320,0	320,0	0,0	1,0	1,0	0,0	0,0	0,0	COMPLETA
2019	22087	Castigaleu	3,0	0,0	3,0	14816,0	0,0	14816,0	0,0	0,0	0,0	0,0	0,0	COMPLETA
2019	22088	Castillazuelo												SIN INFORMACIÓN
2019	22089	Castillonroy	1,0	1,0	0,0	254,0	254,0	0,0	1,0	0,0	0,0	0,0	0,0	COMPLETA
2019	22090	Colungo	0,0	0,0	0,0	0,0	0,0	0,0	0,0	2,0	0,0	0,0	0,0	COMPLETA
2019	22094	Chalamera												SIN INFORMACIÓN
2019	22095	Chía	0,0	0,0	0,0	0,0	0,0	0,0	0,0	1,0	1,0	0,0	0,0	COMPLETA
2019	22096	Chimillas												SIN INFORMACIÓN
2019	22099	Esplús	5,0	1,0	4,0	2923,0	314,0	2609,0	1,0	3,0	1,0	1,0	1,0	COMPLETA
2019	22102	Estada												SIN INFORMACIÓN
2019	22103	Estadilla	1,0	0,0	1,0	56,0	0,0	56,0	0,0	1,0	0,0	1,0	1,0	COMPLETA
2019	22105	Estopiñán del Castillo	3,0	0,0	3,0	821,0	0,0	821,0	0,0	0,0	0,0	0,0	0,0	COMPLETA
2019	22106	Fago												SIN INFORMACIÓN
2019	22107	Fanlo	0,0	0,0	0,0	0,0	0,0	0,0	0,0	1,0	0,0	0,0	0,0	COMPLETA
2019	22109	Fiscal	2,0	2,0	0,0	249,0	249,0	0,0	2,0	3,0	0,0	0,0	0,0	COMPLETA
2019	22110	Fonz	6,0	0,0	6,0	1734,0	0,0	1734,0	0,0	1,0	0,0	0,0	0,0	COMPLETA
2019	22111	Foradada del Toscar	1,0	1,0	0,0	282,0	282,0	0,0	1,0	0,0	0,0	0,0	0,0	COMPLETA
2019	22112	Fraga	16,0	6,0	10,0	12280,0	4557,0	7723,0	25,0	15,0	2,0	2,0	0,0	COMPLETA
2019	22113	Fueva (La)	9,0	0,0	9,0	8102,0	0,0	8102,0	0,0	2,0	1,0	2,0	2,0	COMPLETA
2019	22114	Gistaín												SIN INFORMACIÓN
2019	22115	Grado (El)	0,0	0,0	0,0	0,0	0,0	0,0	0,0	2,0	0,0	0,0	0,0	COMPLETA
2019	22116	Grañén	12,0	0,0	12,0	18789,0	0,0	18789,0	0,0	3,0	0,0	0,0	0,0	COMPLETA
2019	22117	Graus	6,0	3,0	3,0	657,0	416,0	241,0	3,0	13,0	8,0	1,0	0,0	COMPLETA
2019	22119	Gurrea de Gállego	1,0	0,0	1,0	1077,0	0,0	1077,0	0,0	1,0	0,0	0,0	0,0	COMPLETA
2019	22122	Hoz de Jaca	1,0	1,0	0,0	160,0	160,0	0,0	1,0	0,0	0,0	0,0	0,0	COMPLETA
2019	22124	Huerto	4,0	0,0	4,0	4319,0	0,0	4319,0	0,0	0,0	0,0	0,0	0,0	COMPLETA
2019	22125	Huesca	7,0	6,0	1,0	17768,0	16902,0	866,0	69,0	5,0	0,0	4,0	12,0	COMPLETA
2019	22126	Ibieca	1,0	0,0	1,0	630,0	0,0	630,0	0,0	0,0	0,0	0,0	0,0	COMPLETA
2019	22127	Igriés												SIN INFORMACIÓN
2019	22128	Ilche												SIN INFORMACIÓN
2019	22129	Isábena	0,0	0,0	0,0	0,0	0,0	0,0	0,0	1,0	0,0	0,0	0,0	COMPLETA
2019	22130	Jaca	2,0	1,0	1,0	2481,0	1426,0	1055,0	8,0	13,0	2,0	1,0		INCOMPLETA
2019	22131	Jasa												SIN INFORMACIÓN
2019	22133	Labuerda	2,0	2,0	0,0	312,0	312,0	0,0	2,0	2,0	0,0	0,0	0,0	COMPLETA
2019	22135	Laluenga	2,0	0,0	2,0	1688,0	0,0	1688,0	0,0	0,0	0,0	0,0	0,0	COMPLETA
2019	22136	Lalueza	10,0	0,0	10,0	6785,0	0,0	6785,0	0,0	0,0	0,0	0,0	0,0	COMPLETA
2019	22137	Lanaja	18,0	0,0	18,0	37765,0	0,0	37765,0	0,0	2,0	0,0	0,0	0,0	COMPLETA
2019	22139	Laperdiguera												SIN INFORMACIÓN
2019	22141	Lascellas-Ponzano	1,0	0,0	1,0	1774,0	0,0	1774,0	0,0	1,0	0,0	0,0	0,0	COMPLETA
2019	22142	Lascuarre	0,0	0,0	0,0	0,0	0,0	0,0	0,0	3,0	1,0	0,0	0,0	COMPLETA
2019	22143	Laspaúles												SIN INFORMACIÓN
2019	22144	Laspuña	0,0	0,0	0,0	0,0	0,0	0,0	0,0	1,0	1,0	0,0	0,0	COMPLETA
2019	22149	Loarre												SIN INFORMACIÓN
2019	22150	Loporzano	2,0	1,0	1,0	314,0	116,0	198,0	1,0	2,0	0,0	0,0	0,0	COMPLETA
2019	22151	Loscorrales												SIN INFORMACIÓN
2019	22155	Monesma y Cajigar	0,0	0,0	0,0	0,0	0,0	0,0	0,0	2,0	0,0	0,0	0,0	COMPLETA
2019	22156	Monflorite-Lascasas	1,0	0,0	1,0	552,0	0,0	552,0	0,0	0,0	0,0	1,0	1,0	COMPLETA
2019	22157	Montanuy	1,0	0,0	1,0	1360,0	0,0	1360,0	0,0	1,0	0,0	0,0	0,0	COMPLETA
2019	22158	Monzón	8,0	3,0	5,0	7692,0	879,0	6813,0	6,0	2,0	0,0	5,0	13,0	COMPLETA
2019	22160	Naval	3,0	0,0	3,0	1775,0	0,0	1775,0	0,0	1,0	0,0	0,0	0,0	COMPLETA
2019	22162	Novales												SIN INFORMACIÓN
2019	22163	Nueno	1,0	1,0	0,0	348,0	348,0	0,0	0,0	2,0	0,0	0,0	0,0	COMPLETA
2019	22164	Olvena												SIN INFORMACIÓN
2019	22165	Ontiñena	12,0	8,0	4,0	4571,0	490,0	4081,0	0,0	0,0	0,0	0,0	0,0	COMPLETA
2019	22167	Osso de Cinca	7,0	1,0	6,0	7107,0	359,0	6748,0	1,0	0,0	0,0	1,0	1,0	COMPLETA
2019	22168	Palo												SIN INFORMACIÓN
2019	22170	Panticosa	3,0	3,0	0,0	978,0	978,0	0,0	6,0	0,0	0,0	0,0	0,0	COMPLETA
2019	22172	Peñalba	11,0	0,0	11,0	12012,0	0,0	12012,0	0,0	3,0	0,0	0,0	0,0	COMPLETA
2019	22173	Peñas de Riglos (Las)	0,0	0,0	0,0	0,0	0,0	0,0	0,0	5,0	0,0	0,0	0,0	COMPLETA
2019	22174	Peralta de Alcofea	1,0	0,0	1,0	60,0	0,0	60,0	0,0	1,0	0,0	1,0	0,0	COMPLETA
2019	22175	Peralta de Calasanz	2,0	0,0	2,0	1764,0	0,0	1764,0	0,0	2,0	0,0	0,0	0,0	COMPLETA
2019	22176	Peraltilla	0,0	0,0	0,0	0,0	0,0	0,0	0,0	2,0	0,0	0,0	0,0	COMPLETA
2019	22177	Perarrúa												SIN INFORMACIÓN
2019	22178	Pertusa												SIN INFORMACIÓN
2019	22181	Piracés												SIN INFORMACIÓN
2019	22182	Plan												SIN INFORMACIÓN
2019	22184	Poleñino												SIN INFORMACIÓN
2019	22186	Pozán de Vero												SIN INFORMACIÓN
2019	22187	Puebla de Castro (La)	0,0	0,0	0,0	0,0	0,0	0,0	0,0	1,0	0,0	0,0	0,0	COMPLETA
2019	22188	Puente de Montañana	1,0		1,0	105,0		105,0		3,0				INCOMPLETA
2019	22189	Puértolas	1,0	1,0	0,0	324,0	324,0	0,0	4,0	1,0	1,0	0,0	0,0	COMPLETA
2019	22190	Pueyo de Araguás (El)	1,0	1,0	0,0	126,0	126,0	0,0	1,0	2,0	2,0	0,0	0,0	COMPLETA
2019	22193	Pueyo de Santa Cruz	6,0	1,0	5,0	4241,0	102,0	4139,0	1,0	1,0	0,0	0,0	0,0	COMPLETA
2019	22195	Quicena	0,0	0,0	0,0	0,0	0,0	0,0	0,0	1,0	0,0	4,0	0,0	COMPLETA
2019	22197	Robres												SIN INFORMACIÓN
2019	22199	Sabiñánigo	4,0	1,0	3,0	8296,0	141,0	8155,0	1,0	4,0	2,0	0,0	0,0	COMPLETA
2019	22200	Sahún	0,0	0,0	0,0	0,0	0,0	0,0	0,0	3,0	6,0	0,0	0,0	COMPLETA
2019	22201	Salas Altas												SIN INFORMACIÓN
2019	22202	Salas Bajas												SIN INFORMACIÓN
2019	22203	Salillas												SIN INFORMACIÓN
2019	22204	Sallent de Gállego	3,0	3,0	0,0	875,0	875,0	0,0	2,0	3,0	0,0	0,0	0,0	COMPLETA
2019	22205	San Esteban de Litera	6,0	0,0	6,0	3180,0	0,0	3180,0	0,0	1,0	0,0	0,0	0,0	COMPLETA
2019	22206	Sangarrén	12,0	0,0	12,0	10083,0	0,0	10083,0	0,0	1,0	0,0	0,0	0,0	COMPLETA
2019	22207	San Juan de Plan	1,0	0,0	1,0	125,0	0,0	125,0	0,0	0,0	0,0	0,0	0,0	COMPLETA
2019	22208	Santa Cilia												SIN INFORMACIÓN
2019	22209	Santa Cruz de la Serós												SIN INFORMACIÓN
2019	22212	Santaliestra y San Quílez												SIN INFORMACIÓN
2019	22213	Sariñena	48,0	2,0	46,0	65262,0	451,0	64811,0	2,0	2,0	1,0	1,0	1,0	INCOMPLETA
2019	22214	Secastilla	1,0	0,0	1,0	71,0	0,0	71,0	0,0	0,0	0,0	0,0	0,0	COMPLETA
2019	22215	Seira	0,0	0,0	0,0	0,0	0,0	0,0	0,0	1,0	0,0	0,0	0,0	COMPLETA
2019	22217	Sena	4,0	0,0	4,0	5600,0	0,0	5600,0	0,0	0,0	0,0	0,0	0,0	COMPLETA
2019	22218	Senés de Alcubierre	3,0		3,0	2446,0		2446,0						INCOMPLETA
2019	22220	Sesa	10,0	0,0	10,0	14353,0	0,0	14353,0	0,0	0,0	0,0	0,0	0,0	COMPLETA
2019	22221	Sesué	1,0	1,0	0,0	199,0	199,0	0,0	1,0	0,0	0,0	0,0	0,0	COMPLETA
2019	22222	Siétamo	2,0	1,0	1,0	177,0	147,0	30,0	1,0	0,0	0,0	1,0	1,0	COMPLETA
2019	22223	Sopeira												SIN INFORMACIÓN
2019	22225	Tamarite de Litera	4,0	0,0	4,0	2719,0	0,0	2719,0	0,0	1,0	1,0	2,0	0,0	COMPLETA
2019	22226	Tardienta	4,0	0,0	4,0	5857,0	0,0	5857,0	0,0	1,0	0,0	1,0	1,0	COMPLETA
2019	22227	Tella-Sin												SIN INFORMACIÓN
2019	22228	Tierz	3,0	3,0	0,0	553,0	553,0	0,0	3,0	1,0	0,0	0,0	0,0	COMPLETA
2019	22229	Tolva												SIN INFORMACIÓN
2019	22230	Torla-Ordesa	0,0	0,0	0,0	0,0	0,0	0,0	0,0	2,0	1,0	0,0	0,0	COMPLETA
2019	22232	Torralba de Aragón	4,0		4,0	3646,0		3646,0						INCOMPLETA
2019	22233	Torre la Ribera	0,0	0,0	0,0	0,0	0,0	0,0	0,0	2,0	0,0	0,0	0,0	COMPLETA
2019	22234	Torrente de Cinca								2,0				INCOMPLETA
2019	22235	Torres de Alcanadre												SIN INFORMACIÓN
2019	22236	Torres de Barbués	1,0	0,0	1,0	144,0	0,0	144,0	0,0	1,0	0,0	0,0	0,0	COMPLETA
2019	22239	Tramaced												SIN INFORMACIÓN
2019	22242	Valfarta												SIN INFORMACIÓN
2019	22243	Valle de Bardají												SIN INFORMACIÓN
2019	22244	Valle de Lierp												SIN INFORMACIÓN
2019	22245	Velilla de Cinca												SIN INFORMACIÓN
2019	22246	Beranuy												SIN INFORMACIÓN
2019	22247	Viacamp y Litera												SIN INFORMACIÓN
2019	22248	Vicién	1,0	0,0	1,0	46,0	0,0	46,0	0,0	1,0	0,0	0,0	0,0	COMPLETA
2019	22249	Villanova												SIN INFORMACIÓN
2019	22250	Villanúa	2,0	2,0	0,0	1215,0	1215,0	0,0	18,0	1,0	0,0	0,0	0,0	COMPLETA
2019	22251	Villanueva de Sigena	7,0	0,0	7,0	7705,0	0,0	7705,0	0,0	2,0	0,0	0,0	0,0	COMPLETA
2019	22252	Yebra de Basa	1,0	0,0	1,0	47,0	0,0	47,0	0,0	1,0	1,0	0,0	0,0	COMPLETA
2019	22253	Yésero	0,0	0,0	0,0	0,0	0,0	0,0	0,0	1,0	0,0	0,0	0,0	COMPLETA
2019	22254	Zaidín	2,0	0,0	2,0	1617,0	0,0	1617,0	0,0	5,0	0,0	0,0	0,0	COMPLETA
2019	22901	Valle de Hecho	1,0	1,0	0,0	147,0	147,0	0,0	1,0	3,0	1,0	0,0	0,0	COMPLETA
2019	22902	Puente la Reina de Jaca												SIN INFORMACIÓN
2019	22903	San Miguel del Cinca	7,0	1,0	6,0	6404,0	245,0	6159,0	1,0	0,0	0,0	4,0	1,0	COMPLETA
2019	22904	Sotonera (La)	6,0	0,0	6,0	5292,0	0,0	5292,0	0,0	2,0	0,0	0,0	0,0	COMPLETA
2019	22905	Lupiñén-Ortilla	11,0	0,0	11,0	15744,0	0,0	15744,0	0,0	0,0	0,0	0,0	0,0	COMPLETA
2019	22906	Santa María de Dulcis	1,0	1,0	0,0	423,0	423,0	0,0	0,0	1,0	0,0	0,0	0,0	COMPLETA
2019	22907	Aínsa-Sobrarbe	7,0	5,0	2,0	2538,0	1732,0	806,0	5,0	3,0	0,0	0,0	0,0	COMPLETA
2019	22908	Hoz y Costeán												SIN INFORMACIÓN
2019	22909	Vencillón	6,0	0,0	6,0	2681,0	0,0	2681,0	0,0	1,0	0,0	0,0	0,0	COMPLETA
2019	44001	Ababuj												SIN INFORMACIÓN
2019	44002	Abejuela												SIN INFORMACIÓN
2019	44003	Aguatón	1,0	0,0	1,0	64,0	0,0	64,0	0,0	0,0	0,0	0,0	0,0	COMPLETA
2019	44004	Aguaviva	1,0	1,0	0,0	321,0	321,0	0,0	1,0	1,0	0,0	1,0	0,0	COMPLETA
2019	44005	Aguilar del Alfambra												SIN INFORMACIÓN
2019	44006	Alacón	2,0	0,0	2,0	1353,0	0,0	1353,0	0,0	0,0	0,0	0,0	0,0	COMPLETA
2019	44007	Alba	0,0	0,0	0,0	0,0	0,0	0,0	0,0	1,0	0,0	0,0	0,0	COMPLETA
2019	44008	Albalate del Arzobispo	0,0	0,0	0,0	0,0	0,0	0,0	0,0	4,0	0,0	0,0	0,0	COMPLETA
2019	44009	Albarracín												SIN INFORMACIÓN
2019	44010	Albentosa	1,0	0,0	1,0	216,0	0,0	216,0	0,0	2,0	0,0	0,0	0,0	COMPLETA
2019	44011	Alcaine												SIN INFORMACIÓN
2019	44012	Alcalá de la Selva												SIN INFORMACIÓN
2019	44013	Alcañiz	22,0	2,0	20,0	9208,0	426,0	8782,0	2,0	17,0	1,0	2,0	1,0	COMPLETA
2019	44014	Alcorisa	11,0	6,0	5,0	4048,0	1868,0	2180,0	6,0	6,0	1,0	0,0	0,0	COMPLETA
2019	44016	Alfambra	1,0	0,0	1,0	88,0	0,0	88,0	0,0	0,0	0,0	1,0	1,0	COMPLETA
2019	44017	Aliaga	2,0	2,0	0,0	568,0	568,0	0,0	2,0	0,0	0,0	0,0	0,0	COMPLETA
2019	44018	Almohaja												SIN INFORMACIÓN
2019	44019	Alobras												SIN INFORMACIÓN
2019	44020	Alpeñés												SIN INFORMACIÓN
2019	44021	Allepuz												SIN INFORMACIÓN
2019	44022	Alloza												SIN INFORMACIÓN
2019	44023	Allueva												SIN INFORMACIÓN
2019	44024	Anadón												SIN INFORMACIÓN
2019	44025	Andorra	9,0	4,0	5,0	1347,0	854,0	493,0	4,0	5,0	0,0	2,0	1,0	COMPLETA
2019	44026	Arcos de las Salinas	1,0	0,0	1,0	560,0	0,0	560,0	0,0	1,0	0,0	0,0	0,0	COMPLETA
2019	44027	Arens de Lledó												SIN INFORMACIÓN
2019	44028	Argente												SIN INFORMACIÓN
2019	44029	Ariño												SIN INFORMACIÓN
2019	44031	Azaila												SIN INFORMACIÓN
2019	44032	Bádenas												SIN INFORMACIÓN
2019	44033	Báguena								1,0		1,0		INCOMPLETA
2019	44034	Bañón												SIN INFORMACIÓN
2019	44035	Barrachina	0,0	0,0	0,0	0,0	0,0	0,0	0,0	0,0	0,0	1,0	1,0	COMPLETA
2019	44036	Bea												SIN INFORMACIÓN
2019	44037	Beceite												SIN INFORMACIÓN
2019	44038	Belmonte de San José	4,0	0,0	4,0	2873,0	0,0	2873,0	0,0	1,0	0,0	0,0	0,0	COMPLETA
2019	44039	Bello	1,0	0,0	1,0	1058,0	0,0	1058,0	0,0	0,0	0,0	0,0	0,0	COMPLETA
2019	44040	Berge	1,0		1,0	1303,0		1303,0		1,0				INCOMPLETA
2019	44041	Bezas												SIN INFORMACIÓN
2019	44042	Blancas	1,0	0,0	1,0	87,0	0,0	87,0	0,0	1,0	0,0	0,0	0,0	COMPLETA
2019	44043	Blesa												SIN INFORMACIÓN
2019	44044	Bordón	1,0	1,0		317,0	317,0		1,0					INCOMPLETA
2019	44045	Bronchales												SIN INFORMACIÓN
2019	44046	Bueña												SIN INFORMACIÓN
2019	44047	Burbáguena												SIN INFORMACIÓN
2019	44048	Cabra de Mora	0,0	0,0	0,0	0,0	0,0	0,0	0,0	11,0	0,0	0,0	0,0	COMPLETA
2019	44049	Calaceite	2,0	0,0	2,0	1169,0	0,0	1169,0	0,0	7,0	2,0	0,0	1,0	COMPLETA
2019	44050	Calamocha	7,0	4,0	3,0	2264,0	673,0	1591,0	4,0	6,0	0,0	10,0	4,0	COMPLETA
2019	44051	Calanda	3,0	2,0	1,0	930,0	771,0	159,0	2,0	3,0	0,0	0,0	0,0	COMPLETA
2019	44052	Calomarde	2,0	2,0	0,0	182,0	182,0	0,0	2,0	0,0	0,0	0,0	0,0	COMPLETA
2019	44053	Camañas												SIN INFORMACIÓN
2019	44054	Camarena de la Sierra	0,0	0,0	0,0	0,0	0,0	0,0	0,0	1,0	0,0	0,0	0,0	COMPLETA
2019	44055	Camarillas												SIN INFORMACIÓN
2019	44056	Caminreal	2,0	2,0	0,0	815,0	815,0	0,0	2,0	0,0	0,0	0,0	0,0	COMPLETA
2019	44059	Cantavieja	0,0	0,0	0,0	0,0	0,0	0,0	0,0	2,0	0,0	0,0	0,0	COMPLETA
2019	44060	Cañada de Benatanduz												SIN INFORMACIÓN
2019	44061	Cañada de Verich (La)	0,0	0,0	0,0	0,0	0,0	0,0	0,0	1,0	0,0	0,0	0,0	COMPLETA
2019	44062	Cañada Vellida												SIN INFORMACIÓN
2019	44063	Cañizar del Olivar	0,0	0,0	0,0	0,0	0,0	0,0	0,0	1,0	0,0	0,0	0,0	COMPLETA
2019	44064	Cascante del Río	0,0	0,0	0,0	0,0	0,0	0,0	0,0	2,0	0,0	0,0	0,0	COMPLETA
2019	44065	Castejón de Tornos												SIN INFORMACIÓN
2019	44066	Castel de Cabra												SIN INFORMACIÓN
2019	44067	Castelnou												SIN INFORMACIÓN
2019	44068	Castelserás	1,0	1,0	0,0	305,0	305,0	0,0	1,0	1,0	0,0	0,0	0,0	COMPLETA
2019	44070	Castellar (El)	0,0	0,0	0,0	0,0	0,0	0,0	0,0	5,0	0,0	0,0	0,0	COMPLETA
2019	44071	Castellote	1,0	1,0	0,0	255,0	255,0	0,0	1,0	2,0	0,0	0,0	0,0	COMPLETA
2019	44074	Cedrillas												SIN INFORMACIÓN
2019	44075	Celadas												SIN INFORMACIÓN
2019	44076	Cella	6,0	0,0	6,0	7414,0	0,0	7414,0	0,0	2,0	0,0	0,0	0,0	COMPLETA
2019	44077	Cerollera (La)												SIN INFORMACIÓN
2019	44080	Codoñera (La)	1,0	1,0	0,0	139,0	139,0	0,0	1,0	0,0	0,0	0,0	0,0	COMPLETA
2019	44082	Corbalán	1,0	0,0	1,0	416,0	0,0	416,0	0,0	0,0	0,0	0,0	0,0	COMPLETA
2019	44084	Cortes de Aragón												SIN INFORMACIÓN
2019	44085	Cosa												SIN INFORMACIÓN
2019	44086	Cretas	3,0	3,0	0,0	871,0	871,0	0,0	3,0	3,0	1,0	0,0	0,0	COMPLETA
2019	44087	Crivillén												SIN INFORMACIÓN
2019	44088	Cuba (La)												SIN INFORMACIÓN
2019	44089	Cubla												SIN INFORMACIÓN
2019	44090	Cucalón												SIN INFORMACIÓN
2019	44092	Cuervo (El)												SIN INFORMACIÓN
2019	44093	Cuevas de Almudén												SIN INFORMACIÓN
2019	44094	Cuevas Labradas												SIN INFORMACIÓN
2019	44096	Ejulve												SIN INFORMACIÓN
2019	44097	Escorihuela	1,0	0,0	1,0	72,0	0,0	72,0	0,0	1,0	0,0	0,0	0,0	COMPLETA
2019	44099	Escucha												SIN INFORMACIÓN
2019	44100	Estercuel	1,0	0,0	1,0	93,0	0,0	93,0	0,0	0,0	0,0	0,0	0,0	COMPLETA
2019	44101	Ferreruela de Huerva												SIN INFORMACIÓN
2019	44102	Fonfría												SIN INFORMACIÓN
2019	44103	Formiche Alto	0,0	0,0	0,0	0,0	0,0	0,0	0,0	1,0	0,0	0,0	0,0	COMPLETA
2019	44105	Fórnoles	0,0	0,0	0,0	0,0	0,0	0,0	0,0	1,0	0,0	0,0	0,0	COMPLETA
2019	44106	Fortanete	0,0	0,0	0,0	0,0	0,0	0,0	0,0	3,0	0,0	0,0	0,0	COMPLETA
2019	44107	Foz-Calanda												SIN INFORMACIÓN
2019	44108	Fresneda (La)												SIN INFORMACIÓN
2019	44109	Frías de Albarracín												SIN INFORMACIÓN
2019	44110	Fuenferrada												SIN INFORMACIÓN
2019	44111	Fuentes Calientes												SIN INFORMACIÓN
2019	44112	Fuentes Claras	0,0	0,0	0,0	0,0	0,0	0,0	0,0	2,0	0,0	1,0	1,0	COMPLETA
2019	44113	Fuentes de Rubielos	1,0	0,0	1,0	74,0	0,0	74,0	0,0	0,0	0,0	0,0	0,0	COMPLETA
2019	44114	Fuentespalda	2,0	1,0	1,0	236,0	193,0	43,0	1,0	0,0	0,0	0,0	0,0	COMPLETA
2019	44115	Galve												SIN INFORMACIÓN
2019	44116	Gargallo												SIN INFORMACIÓN
2019	44117	Gea de Albarracín	1,0	1,0	0,0	268,0	268,0	0,0	1,0	0,0	0,0	1,0	1,0	COMPLETA
2019	44118	Ginebrosa (La)	0,0	0,0	0,0	0,0	0,0	0,0	0,0	3,0	1,0	0,0	2,0	COMPLETA
2019	44119	Griegos												SIN INFORMACIÓN
2019	44120	Guadalaviar												SIN INFORMACIÓN
2019	44121	Gúdar	1,0	1,0	0,0	272,0	272,0	0,0	1,0	0,0	0,0	0,0	0,0	COMPLETA
2019	44122	Híjar	4,0	0,0	4,0	2720,0	0,0	2720,0	0,0	9,0	1,0	0,0	0,0	COMPLETA
2019	44123	Hinojosa de Jarque	0,0	0,0	0,0	0,0	0,0	0,0	0,0	2,0	0,0	0,0	0,0	COMPLETA
2019	44124	Hoz de la Vieja (La)												SIN INFORMACIÓN
2019	44125	Huesa del Común												SIN INFORMACIÓN
2019	44126	Iglesuela del Cid (La)								2,0	3,0			INCOMPLETA
2019	44127	Jabaloyas												SIN INFORMACIÓN
2019	44128	Jarque de la Val												SIN INFORMACIÓN
2019	44129	Jatiel												SIN INFORMACIÓN
2019	44130	Jorcas												SIN INFORMACIÓN
2019	44131	Josa												SIN INFORMACIÓN
2019	44132	Lagueruela												SIN INFORMACIÓN
2019	44133	Lanzuela												SIN INFORMACIÓN
2019	44135	Libros												SIN INFORMACIÓN
2019	44136	Lidón												SIN INFORMACIÓN
2019	44137	Linares de Mora	1,0	1,0		242,0	242,0		1,0	1,0				INCOMPLETA
2019	44138	Loscos												SIN INFORMACIÓN
2019	44141	Lledó												SIN INFORMACIÓN
2019	44142	Maicas												SIN INFORMACIÓN
2019	44143	Manzanera	2,0		2,0	982,0		982,0		2,0	1,0			INCOMPLETA
2019	44144	Martín del Río												SIN INFORMACIÓN
2019	44145	Mas de las Matas	5,0	2,0	3,0	851,0	416,0	435,0	2,0	1,0	1,0	0,0	0,0	COMPLETA
2019	44146	Mata de los Olmos (La)	1,0	0,0	1,0	235,0	0,0	235,0	0,0	1,0	0,0	0,0	0,0	COMPLETA
2019	44147	Mazaleón	3,0	1,0	2,0	2214,0	498,0	1716,0	1,0	0,0	0,0	0,0	0,0	COMPLETA
2019	44148	Mezquita de Jarque	0,0	0,0	0,0	0,0	0,0	0,0	0,0	0,0	0,0	1,0	1,0	COMPLETA
2019	44149	Mirambel	0,0	0,0	0,0	0,0	0,0	0,0	0,0	1,0	0,0	0,0	0,0	COMPLETA
2019	44150	Miravete de la Sierra												SIN INFORMACIÓN
2019	44151	Molinos												SIN INFORMACIÓN
2019	44152	Monforte de Moyuela	1,0	0,0	1,0	1200,0	0,0	1200,0	0,0	0,0	0,0	0,0	0,0	COMPLETA
2019	44153	Monreal del Campo	7,0	2,0	5,0	4336,0	493,0	3843,0	2,0	1,0	1,0	4,0	2,0	COMPLETA
2019	44154	Monroyo	0,0	0,0	0,0	0,0	0,0	0,0	0,0	1,0	0,0	0,0	0,0	COMPLETA
2019	44155	Montalbán	1,0	1,0	0,0	227,0	227,0	0,0	1,0	6,0	0,0	0,0	0,0	COMPLETA
2019	44156	Monteagudo del Castillo												SIN INFORMACIÓN
2019	44157	Monterde de Albarracín	0,0	0,0	0,0	0,0	0,0	0,0	0,0	1,0	1,0	0,0	0,0	COMPLETA
2019	44158	Mora de Rubielos	3,0	3,0	0,0	951,0	951,0	0,0	4,0	5,0	2,0	1,0	1,0	COMPLETA
2019	44159	Moscardón												SIN INFORMACIÓN
2019	44160	Mosqueruela	2,0	2,0	0,0	611,0	611,0	0,0	3,0	0,0	0,0	1,0	1,0	COMPLETA
2019	44161	Muniesa	1,0	1,0	0,0	186,0	186,0	0,0	1,0	0,0	0,0	0,0	0,0	COMPLETA
2019	44163	Noguera de Albarracín	1,0	0,0	1,0	109,0	0,0	109,0	0,0	0,0	0,0	0,0	0,0	COMPLETA
2019	44164	Nogueras												SIN INFORMACIÓN
2019	44165	Nogueruelas	1,0	1,0	0,0	415,0	415,0	0,0	3,0	5,0	2,0	1,0	1,0	COMPLETA
2019	44167	Obón	1,0	1,0	0,0	119,0	119,0	0,0	1,0	1,0	0,0	0,0	0,0	COMPLETA
2019	44168	Odón												SIN INFORMACIÓN
2019	44169	Ojos Negros	3,0	0,0	3,0	1489,0	0,0	1489,0	0,0	1,0	0,0	2,0	2,0	COMPLETA
2019	44171	Olba	2,0	2,0	0,0	367,0	367,0	0,0	3,0	1,0	0,0	0,0	0,0	COMPLETA
2019	44172	Oliete												SIN INFORMACIÓN
2019	44173	Olmos (Los)												SIN INFORMACIÓN
2019	44174	Orihuela del Tremedal	1,0	1,0	0,0	372,0	372,0	0,0	1,0	0,0	0,0	0,0	0,0	COMPLETA
2019	44175	Orrios												SIN INFORMACIÓN
2019	44176	Palomar de Arroyos												SIN INFORMACIÓN
2019	44177	Pancrudo												SIN INFORMACIÓN
2019	44178	Parras de Castellote (Las)	1,0	0,0	1,0	72,0	0,0	72,0	0,0	0,0	0,0	0,0	0,0	COMPLETA
2019	44179	Peñarroya de Tastavins	2,0	1,0	1,0	932,0	402,0	530,0	1,0	2,0	0,0	0,0	0,0	COMPLETA
2019	44180	Peracense												SIN INFORMACIÓN
2019	44181	Peralejos												SIN INFORMACIÓN
2019	44182	Perales del Alfambra	8,0	0,0	8,0	22769,0	0,0	22769,0	0,0	0,0	0,0	0,0	0,0	COMPLETA
2019	44183	Pitarque												SIN INFORMACIÓN
2019	44184	Plou												SIN INFORMACIÓN
2019	44185	Pobo (El)	1,0	1,0	0,0	127,0	127,0	0,0	1,0	0,0	0,0	0,0	0,0	COMPLETA
2019	44187	Portellada (La)	1,0	1,0	0,0	237,0	237,0	0,0	1,0	1,0	0,0	0,0	0,0	COMPLETA
2019	44189	Pozondón	0,0	0,0	0,0	0,0	0,0	0,0	0,0	3,0	0,0	0,0	0,0	COMPLETA
2019	44190	Pozuel del Campo	3,0	0,0	3,0	1926,0	0,0	1926,0	0,0	2,0	0,0	0,0	0,0	COMPLETA
2019	44191	Puebla de Híjar (La)	4,0	0,0	4,0	3993,0	0,0	3993,0	0,0	1,0	0,0	0,0	0,0	COMPLETA
2019	44192	Puebla de Valverde (La)	0,0	0,0	0,0	0,0	0,0	0,0	0,0	4,0	0,0	0,0	0,0	COMPLETA
2019	44193	Puertomingalvo	0,0	0,0	0,0	0,0	0,0	0,0	0,0	2,0	0,0	0,0	0,0	COMPLETA
2019	44194	Ráfales	1,0	0,0	1,0	1938,0	0,0	1938,0	0,0	2,0	0,0	0,0	0,0	COMPLETA
2019	44195	Rillo												SIN INFORMACIÓN
2019	44196	Riodeva												SIN INFORMACIÓN
2019	44197	Ródenas	1,0	0,0	1,0	32,0	0,0	32,0	0,0	0,0	0,0	2,0	2,0	COMPLETA
2019	44198	Royuela												SIN INFORMACIÓN
2019	44199	Rubiales												SIN INFORMACIÓN
2019	44200	Rubielos de la Cérida												SIN INFORMACIÓN
2019	44201	Rubielos de Mora	1,0	1,0		165,0	165,0		1,0	4,0		1,0		INCOMPLETA
2019	44203	Salcedillo												SIN INFORMACIÓN
2019	44204	Saldón	0,0	0,0	0,0	0,0	0,0	0,0	0,0	1,0	0,0	1,0	1,0	COMPLETA
2019	44205	Samper de Calanda	1,0	1,0	0,0	124,0	124,0	0,0	1,0	3,0	0,0	0,0	0,0	COMPLETA
2019	44206	San Agustín												SIN INFORMACIÓN
2019	44207	San Martín del Río												SIN INFORMACIÓN
2019	44208	Santa Cruz de Nogueras												SIN INFORMACIÓN
2019	44209	Santa Eulalia	3,0	2,0	1,0	645,0	430,0	215,0	2,0	0,0	0,0	1,0	1,0	COMPLETA
2019	44210	Sarrión	9,0	7,0	2,0	2095,0	2023,0	72,0	7,0	3,0	0,0	2,0	1,0	COMPLETA
2019	44211	Segura de los Baños												SIN INFORMACIÓN
2019	44212	Seno												SIN INFORMACIÓN
2019	44213	Singra												SIN INFORMACIÓN
2019	44215	Terriente												SIN INFORMACIÓN
2019	44216	Teruel	20,0	12,0	8,0	61492,0	33525,0	27967,0	129,0	31,0	4,0	11,0	10,0	COMPLETA
2019	44217	Toril y Masegoso												SIN INFORMACIÓN
2019	44218	Tormón												SIN INFORMACIÓN
2019	44219	Tornos												SIN INFORMACIÓN
2019	44220	Torralba de los Sisones	4,0	0,0	4,0	5266,0	0,0	5266,0	0,0	0,0	0,0	0,0	0,0	COMPLETA
2019	44221	Torrecilla de Alcañiz	1,0	1,0		240,0	240,0		1,0			1,0		INCOMPLETA
2019	44222	Torrecilla del Rebollar												SIN INFORMACIÓN
2019	44223	Torre de Arcas												SIN INFORMACIÓN
2019	44224	Torre de las Arcas												SIN INFORMACIÓN
2019	44225	Torre del Compte	1,0	0,0	1,0	42,0	0,0	42,0	0,0	1,0	0,0	0,0	0,0	COMPLETA
2019	44226	Torrelacárcel												SIN INFORMACIÓN
2019	44227	Torre los Negros												SIN INFORMACIÓN
2019	44228	Torremocha de Jiloca												SIN INFORMACIÓN
2019	44229	Torres de Albarracín												SIN INFORMACIÓN
2019	44230	Torrevelilla												SIN INFORMACIÓN
2019	44231	Torrijas	2,0	1,0	1,0	594,0	426,0	168,0	1,0	1,0	0,0	0,0	0,0	COMPLETA
2019	44232	Torrijo del Campo	1,0	1,0	0,0	202,0	202,0	0,0	1,0	0,0	0,0	0,0	0,0	COMPLETA
2019	44234	Tramacastiel												SIN INFORMACIÓN
2019	44235	Tramacastilla												SIN INFORMACIÓN
2019	44236	Tronchón	0,0	0,0	0,0	0,0	0,0	0,0	0,0	4,0	0,0	0,0	0,0	COMPLETA
2019	44237	Urrea de Gaén	1,0	1,0	0,0	286,0	286,0	0,0	1,0	1,0	0,0	0,0	0,0	COMPLETA
2019	44238	Utrillas												SIN INFORMACIÓN
2019	44239	Valacloche												SIN INFORMACIÓN
2019	44240	Valbona	0,0	0,0	0,0	0,0	0,0	0,0	0,0	2,0	0,0	0,0	0,0	COMPLETA
2019	44241	Valdealgorfa	2,0	1,0	1,0	305,0	247,0	58,0	1,0	3,0	0,0	0,0	0,0	COMPLETA
2019	44243	Valdecuenca	1,0	0,0	1,0	154,0	0,0	154,0	0,0	0,0	0,0	1,0	0,0	COMPLETA
2019	44244	Valdelinares	1,0	1,0	0,0	363,0	363,0	0,0	2,0	1,0	0,0	0,0	0,0	COMPLETA
2019	44245	Valdeltormo	0,0	0,0	0,0	0,0	0,0	0,0	0,0	1,0	0,0	0,0	0,0	COMPLETA
2019	44246	Valderrobres	11,0	4,0	7,0	7852,0	744,0	7108,0	4,0	4,0	0,0	1,0	1,0	COMPLETA
2019	44247	Valjunquera												SIN INFORMACIÓN
2019	44249	Vallecillo (El)												SIN INFORMACIÓN
2019	44250	Veguillas de la Sierra												SIN INFORMACIÓN
2019	44251	Villafranca del Campo												SIN INFORMACIÓN
2019	44252	Villahermosa del Campo												SIN INFORMACIÓN
2019	44256	Villanueva del Rebollar de la Sierra												SIN INFORMACIÓN
2019	44257	Villar del Cobo												SIN INFORMACIÓN
2019	44258	Villar del Salz												SIN INFORMACIÓN
2019	44260	Villarluengo												SIN INFORMACIÓN
2019	44261	Villarquemado	1,0	1,0	0,0	96,0	96,0	0,0	1,0	0,0	0,0	0,0	0,0	COMPLETA
2019	44262	Villarroya de los Pinares												SIN INFORMACIÓN
2019	44263	Villastar	0,0	0,0	0,0	0,0	0,0	0,0	0,0	0,0	0,0	1,0	0,0	COMPLETA
2019	44264	Villel												SIN INFORMACIÓN
2019	44265	Vinaceite	1,0	0,0	1,0	288,0	0,0	288,0	0,0	0,0	0,0	0,0	0,0	COMPLETA
2019	44266	Visiedo												SIN INFORMACIÓN
2019	44267	Vivel del Río Martín												SIN INFORMACIÓN
2019	44268	Zoma (La)	1,0		1,0	90,0		90,0						INCOMPLETA
2019	50001	Abanto												SIN INFORMACIÓN
2019	50002	Acered												SIN INFORMACIÓN
2019	50003	Agón												SIN INFORMACIÓN
2019	50004	Aguarón	1,0	0,0	1,0	74,0	0,0	74,0	0,0	1,0	0,0	0,0	0,0	COMPLETA
2019	50005	Aguilón												SIN INFORMACIÓN
2019	50006	Ainzón	2,0	1,0	1,0	1478,0	407,0	1071,0	2,0	1,0	0,0	2,0	1,0	COMPLETA
2019	50007	Aladrén												SIN INFORMACIÓN
2019	50008	Alagón	4,0	4,0	0,0	710,0	710,0	0,0	4,0	5,0	0,0	0,0	0,0	COMPLETA
2019	50009	Alarba												SIN INFORMACIÓN
2019	50010	Alberite de San Juan												SIN INFORMACIÓN
2019	50011	Albeta												SIN INFORMACIÓN
2019	50012	Alborge												SIN INFORMACIÓN
2019	50013	Alcalá de Ebro	1,0	1,0	0,0	216,0	216,0	0,0	1,0	0,0	0,0	0,0	0,0	COMPLETA
2019	50014	Alcalá de Moncayo												SIN INFORMACIÓN
2019	50015	Alconchel de Ariza												SIN INFORMACIÓN
2019	50016	Aldehuela de Liestos												SIN INFORMACIÓN
2019	50017	Alfajarín	0,0	0,0	0,0	0,0	0,0	0,0	0,0	0,0	0,0	1,0	1,0	COMPLETA
2019	50018	Alfamén	11,0	2,0	9,0	5323,0	197,0	5126,0	2,0	1,0	0,0	0,0	0,0	COMPLETA
2019	50019	Alforque												SIN INFORMACIÓN
2019	50020	Alhama de Aragón												SIN INFORMACIÓN
2019	50021	Almochuel												SIN INFORMACIÓN
2019	50022	Almolda (La)	2,0	1,0	1,0	179,0	147,0	32,0	1,0	2,0	0,0	1,0	0,0	COMPLETA
2019	50023	Almonacid de la Cuba												SIN INFORMACIÓN
2019	50024	Almonacid de la Sierra	0,0	0,0	0,0	0,0	0,0	0,0	0,0	1,0	0,0	0,0	0,0	COMPLETA
2019	50025	Almunia de Doña Godina (La)	16,0	6,0	10,0	12568,0	2558,0	10010,0	14,0	4,0	0,0	2,0	2,0	COMPLETA
2019	50026	Alpartir												SIN INFORMACIÓN
2019	50027	Ambel	1,0	0,0	1,0	29,0	0,0	29,0	0,0	0,0	0,0	6,0	5,0	COMPLETA
2019	50028	Anento												SIN INFORMACIÓN
2019	50029	Aniñón	4,0	2,0	2,0	1219,0	519,0	700,0	2,0	0,0	0,0	0,0	0,0	COMPLETA
2019	50030	Añón de Moncayo												SIN INFORMACIÓN
2019	50031	Aranda de Moncayo												SIN INFORMACIÓN
2019	50032	Arándiga	1,0	0,0	1,0	462,0	0,0	462,0	0,0	0,0	0,0	0,0	0,0	COMPLETA
2019	50033	Ardisa												SIN INFORMACIÓN
2019	50034	Ariza	1,0	1,0	0,0	243,0	243,0	0,0	1,0	0,0	0,0	0,0	0,0	COMPLETA
2019	50035	Artieda												SIN INFORMACIÓN
2019	50036	Asín												SIN INFORMACIÓN
2019	50037	Atea												SIN INFORMACIÓN
2019	50038	Ateca	1,0	1,0	0,0	302,0	302,0	0,0	1,0	1,0	0,0	0,0	0,0	COMPLETA
2019	50039	Azuara												SIN INFORMACIÓN
2019	50040	Badules												SIN INFORMACIÓN
2019	50041	Bagüés												SIN INFORMACIÓN
2019	50042	Balconchán												SIN INFORMACIÓN
2019	50043	Bárboles												SIN INFORMACIÓN
2019	50044	Bardallur												SIN INFORMACIÓN
2019	50045	Belchite	0,0	0,0	0,0	0,0	0,0	0,0	0,0	1,0	0,0	0,0	0,0	COMPLETA
2019	50046	Belmonte de Gracián												SIN INFORMACIÓN
2019	50047	Berdejo												SIN INFORMACIÓN
2019	50048	Berrueco												SIN INFORMACIÓN
2019	50050	Bijuesca												SIN INFORMACIÓN
2019	50051	Biota	6,0	0,0	6,0	8259,0	0,0	8259,0	0,0	1,0	0,0	1,0	1,0	COMPLETA
2019	50052	Bisimbre												SIN INFORMACIÓN
2019	50053	Boquiñeni	5,0	1,0	4,0	14911,0	252,0	14659,0	1,0	1,0	0,0	0,0	0,0	COMPLETA
2019	50054	Bordalba												SIN INFORMACIÓN
2019	50055	Borja	4,0	2,0	2,0	904,0	518,0	386,0	2,0	1,0	0,0	0,0	0,0	COMPLETA
2019	50056	Botorrita	0,0	0,0	0,0	0,0	0,0	0,0	0,0	4,0	0,0	0,0	0,0	COMPLETA
2019	50057	Brea de Aragón	1,0	1,0	0,0	268,0	268,0	0,0	1,0	0,0	0,0	1,0	1,0	COMPLETA
2019	50058	Bubierca												SIN INFORMACIÓN
2019	50059	Bujaraloz	13,0	1,0	12,0	9341,0	127,0	9214,0	1,0	6,0	4,0	1,0	2,0	COMPLETA
2019	50060	Bulbuente	4,0	0,0	4,0	4807,0	0,0	4807,0	0,0	0,0	0,0	0,0	0,0	COMPLETA
2019	50061	Bureta												SIN INFORMACIÓN
2019	50062	Burgo de Ebro (El)	2,0	1,0	1,0	595,0	436,0	159,0	1,0	1,0	0,0	0,0	0,0	COMPLETA
2019	50063	Buste (El)												SIN INFORMACIÓN
2019	50064	Cabañas de Ebro												SIN INFORMACIÓN
2019	50065	Cabolafuente												SIN INFORMACIÓN
2019	50066	Cadrete	7,0	7,0	0,0	7945,0	7945,0	0,0	24,0	7,0	0,0	4,0	4,0	COMPLETA
2019	50067	Calatayud	2,0	1,0	1,0	1517,0	138,0	1379,0	1,0	4,0	0,0	0,0	0,0	COMPLETA
2019	50068	Calatorao	6,0	3,0	3,0	3304,0	1740,0	1564,0	9,0	2,0	1,0	5,0	3,0	COMPLETA
2019	50069	Calcena												SIN INFORMACIÓN
2019	50070	Calmarza												SIN INFORMACIÓN
2019	50071	Campillo de Aragón												SIN INFORMACIÓN
2019	50072	Carenas												SIN INFORMACIÓN
2019	50073	Cariñena	6,0	0,0	6,0	6723,0	0,0	6723,0	0,0	2,0	0,0	0,0	0,0	COMPLETA
2019	50074	Caspe	9,0	1,0	8,0	7996,0	169,0	7827,0	1,0	9,0	2,0	3,0	1,0	COMPLETA
2019	50075	Castejón de Alarba												SIN INFORMACIÓN
2019	50076	Castejón de las Armas												SIN INFORMACIÓN
2019	50077	Castejón de Valdejasa	2,0		2,0	1900,0		1900,0		1,0				INCOMPLETA
2019	50078	Castiliscar												SIN INFORMACIÓN
2019	50079	Cervera de la Cañada												SIN INFORMACIÓN
2019	50080	Cerveruela												SIN INFORMACIÓN
2019	50081	Cetina	2,0	0,0	2,0	652,0	0,0	652,0	0,0	3,0	0,0	0,0	1,0	COMPLETA
2019	50082	Cimballa												SIN INFORMACIÓN
2019	50083	Cinco Olivas												SIN INFORMACIÓN
2019	50084	Clarés de Ribota												SIN INFORMACIÓN
2019	50085	Codo												SIN INFORMACIÓN
2019	50086	Codos												SIN INFORMACIÓN
2019	50087	Contamina												SIN INFORMACIÓN
2019	50088	Cosuenda	0,0	0,0	0,0	0,0	0,0	0,0	0,0	1,0	0,0	0,0	0,0	COMPLETA
2019	50089	Cuarte de Huerva	43,0	43,0	0,0	57830,0	57830,0	0,0	245,0	4,0	0,0	2,0	0,0	COMPLETA
2019	50090	Cubel												SIN INFORMACIÓN
2019	50091	Cuerlas (Las)												SIN INFORMACIÓN
2019	50092	Chiprana	2,0	0,0	2,0	155,0	0,0	155,0	0,0	1,0	0,0	2,0	1,0	COMPLETA
2019	50093	Chodes												SIN INFORMACIÓN
2019	50094	Daroca	0,0	0,0	0,0	0,0	0,0	0,0	0,0	3,0	0,0	1,0	1,0	COMPLETA
2019	50095	Ejea de los Caballeros	12,0	1,0	11,0	11948,0	148,0	11800,0	1,0	6,0				INCOMPLETA
2019	50096	Embid de Ariza												SIN INFORMACIÓN
2019	50098	Encinacorba												SIN INFORMACIÓN
2019	50099	Épila	1,0	0,0	1,0	150,0	0,0	150,0	0,0	4,0	0,0	2,0	0,0	COMPLETA
2019	50100	Erla												SIN INFORMACIÓN
2019	50101	Escatrón	4,0	0,0	4,0	316,0	0,0	316,0	0,0	2,0	0,0	1,0	1,0	COMPLETA
2019	50102	Fabara												SIN INFORMACIÓN
2019	50104	Farlete	1,0	0,0	1,0	1882,0	0,0	1882,0	0,0	0,0	0,0	0,0	0,0	COMPLETA
2019	50105	Fayón	8,0	0,0	8,0	8945,0	0,0	8945,0	0,0	0,0	0,0	0,0	0,0	COMPLETA
2019	50106	Fayos (Los)												SIN INFORMACIÓN
2019	50107	Figueruelas	2,0	0,0	2,0	20121,0	0,0	20121,0	0,0	3,0	0,0	0,0	0,0	COMPLETA
2019	50108	Fombuena												SIN INFORMACIÓN
2019	50109	Frago (El)	0,0	0,0	0,0	0,0	0,0	0,0	0,0	1,0	0,0	0,0	0,0	COMPLETA
2019	50110	Frasno (El)	0,0	0,0	0,0	0,0	0,0	0,0	0,0	1,0	0,0	0,0	0,0	COMPLETA
2019	50111	Fréscano	1,0	1,0	0,0	250,0	250,0	0,0	1,0	0,0	0,0	0,0	0,0	COMPLETA
2019	50113	Fuendejalón	10,0	0,0	10,0	9943,0	0,0	9943,0	0,0	3,0	0,0	3,0	1,0	COMPLETA
2019	50114	Fuendetodos												SIN INFORMACIÓN
2019	50115	Fuentes de Ebro	0,0	0,0	0,0	0,0	0,0	0,0	0,0	1,0	0,0	0,0	0,0	COMPLETA
2019	50116	Fuentes de Jiloca												SIN INFORMACIÓN
2019	50117	Gallocanta												SIN INFORMACIÓN
2019	50118	Gallur	0,0	0,0	0,0	0,0	0,0	0,0	0,0	0,0	0,0	1,0	1,0	COMPLETA
2019	50119	Gelsa	1,0	1,0	0,0	133,0	133,0	0,0	1,0	1,0	0,0	0,0	0,0	COMPLETA
2019	50120	Godojos												SIN INFORMACIÓN
2019	50121	Gotor												SIN INFORMACIÓN
2019	50122	Grisel												SIN INFORMACIÓN
2019	50123	Grisén												SIN INFORMACIÓN
2019	50124	Herrera de los Navarros												SIN INFORMACIÓN
2019	50125	Ibdes	0,0	0,0	0,0	0,0	0,0	0,0	0,0	1,0	0,0	0,0	0,0	COMPLETA
2019	50126	Illueca	0,0	0,0	0,0	0,0	0,0	0,0	0,0	1,0	0,0	1,0	1,0	COMPLETA
2019	50128	Isuerre												SIN INFORMACIÓN
2019	50129	Jaraba												SIN INFORMACIÓN
2019	50130	Jarque	1,0	0,0	1,0	2424,0	0,0	2424,0	0,0	0,0	0,0	0,0	0,0	COMPLETA
2019	50131	Jaulín	2,0	1,0	1,0	2450,0	184,0	2266,0	1,0	0,0	0,0	1,0	1,0	COMPLETA
2019	50132	Joyosa (La)												SIN INFORMACIÓN
2019	50133	Lagata	0,0	0,0	0,0	0,0	0,0	0,0	0,0	1,0	0,0	0,0	0,0	COMPLETA
2019	50134	Langa del Castillo												SIN INFORMACIÓN
2019	50135	Layana												SIN INFORMACIÓN
2019	50136	Lécera												SIN INFORMACIÓN
2019	50137	Leciñena	2,0	2,0	0,0	371,0	371,0	0,0	2,0	0,0	0,0	0,0	0,0	COMPLETA
2019	50138	Lechón												SIN INFORMACIÓN
2019	50139	Letux												SIN INFORMACIÓN
2019	50140	Litago	1,0	1,0	0,0	300,0	300,0	0,0	1,0	0,0	0,0	0,0	0,0	COMPLETA
2019	50141	Lituénigo												SIN INFORMACIÓN
2019	50142	Lobera de Onsella												SIN INFORMACIÓN
2019	50143	Longares	0,0	0,0	0,0	0,0	0,0	0,0	0,0	4,0	0,0	0,0	0,0	COMPLETA
2019	50144	Longás												SIN INFORMACIÓN
2019	50146	Lucena de Jalón	2,0	0,0	2,0	3032,0	0,0	3032,0	0,0	0,0	0,0	0,0	0,0	COMPLETA
2019	50147	Luceni	3,0	1,0	2,0	496,0	223,0	273,0	1,0	0,0	0,0	0,0	0,0	COMPLETA
2019	50148	Luesia												SIN INFORMACIÓN
2019	50149	Luesma												SIN INFORMACIÓN
2019	50150	Lumpiaque	2,0	0,0	2,0	2346,0	0,0	2346,0	0,0	1,0	0,0	1,0	1,0	COMPLETA
2019	50151	Luna												SIN INFORMACIÓN
2019	50152	Maella	2,0	0,0	2,0	127,0	0,0	127,0	0,0	11,0	0,0	0,0	0,0	COMPLETA
2019	50153	Magallón	2,0	2,0	0,0	434,0	434,0	0,0	2,0	0,0	0,0	1,0	1,0	COMPLETA
2019	50154	Mainar												SIN INFORMACIÓN
2019	50155	Malanquilla												SIN INFORMACIÓN
2019	50156	Maleján												SIN INFORMACIÓN
2019	50157	Malón												SIN INFORMACIÓN
2019	50159	Maluenda	0,0	0,0	0,0	0,0	0,0	0,0	0,0	2,0	0,0	0,0	0,0	COMPLETA
2019	50160	Mallén	2,0	1,0	1,0	2634,0	842,0	1792,0	2,0	1,0	0,0	0,0	0,0	COMPLETA
2019	50161	Manchones	0,0	0,0	0,0	0,0	0,0	0,0	0,0	2,0	0,0	0,0	0,0	COMPLETA
2019	50162	Mara												SIN INFORMACIÓN
2019	50163	María de Huerva	2,0	1,0	1,0	299,0	140,0	159,0	1,0	1,0	0,0	1,0	1,0	COMPLETA
2019	50164	Mediana de Aragón												SIN INFORMACIÓN
2019	50165	Mequinenza	3,0	1,0	2,0	2414,0	342,0	2072,0	1,0	8,0	0,0	0,0	0,0	COMPLETA
2019	50166	Mesones de Isuela												SIN INFORMACIÓN
2019	50167	Mezalocha												SIN INFORMACIÓN
2019	50168	Mianos												SIN INFORMACIÓN
2019	50169	Miedes de Aragón	2,0	0,0	2,0	374,0	0,0	374,0	0,0	0,0	0,0	0,0	0,0	COMPLETA
2019	50170	Monegrillo	1,0	0,0	1,0	400,0	0,0	400,0	0,0	0,0	0,0	3,0	1,0	COMPLETA
2019	50171	Moneva												SIN INFORMACIÓN
2019	50172	Monreal de Ariza												SIN INFORMACIÓN
2019	50173	Monterde												SIN INFORMACIÓN
2019	50174	Montón												SIN INFORMACIÓN
2019	50175	Morata de Jalón												SIN INFORMACIÓN
2019	50176	Morata de Jiloca												SIN INFORMACIÓN
2019	50177	Morés												SIN INFORMACIÓN
2019	50178	Moros												SIN INFORMACIÓN
2019	50179	Moyuela												SIN INFORMACIÓN
2019	50180	Mozota												SIN INFORMACIÓN
2019	50181	Muel												SIN INFORMACIÓN
2019	50182	Muela (La)	3,0	3,0		381,0	381,0		3,0	9,0		1,0		INCOMPLETA
2019	50183	Munébrega												SIN INFORMACIÓN
2019	50184	Murero												SIN INFORMACIÓN
2019	50185	Murillo de Gállego	0,0	0,0	0,0	0,0	0,0	0,0	0,0	1,0	0,0	0,0	0,0	COMPLETA
2019	50186	Navardún												SIN INFORMACIÓN
2019	50187	Nigüella												SIN INFORMACIÓN
2019	50188	Nombrevilla												SIN INFORMACIÓN
2019	50189	Nonaspe	3,0	1,0	2,0	891,0	326,0	565,0	1,0	14,0	0,0	0,0	0,0	COMPLETA
2019	50190	Novallas	0,0	0,0	0,0	0,0	0,0	0,0	0,0	1,0	0,0	1,0	1,0	COMPLETA
2019	50191	Novillas												SIN INFORMACIÓN
2019	50192	Nuévalos												SIN INFORMACIÓN
2019	50193	Nuez de Ebro	1,0	1,0	0,0	342,0	342,0	0,0	1,0	0,0	0,0	0,0	0,0	COMPLETA
2019	50194	Olvés												SIN INFORMACIÓN
2019	50195	Orcajo	1,0	0,0	1,0	351,0	0,0	351,0	0,0	0,0	0,0	0,0	0,0	COMPLETA
2019	50196	Orera												SIN INFORMACIÓN
2019	50197	Orés	1,0	1,0	0,0	142,0	142,0	0,0	1,0	0,0	0,0	0,0	0,0	COMPLETA
2019	50198	Oseja												SIN INFORMACIÓN
2019	50199	Osera de Ebro	0,0	0,0	0,0	0,0	0,0	0,0	0,0	1,0	0,0	2,0	0,0	COMPLETA
2019	50200	Paniza	0,0	0,0	0,0	0,0	0,0	0,0	0,0	1,0	0,0	0,0	0,0	COMPLETA
2019	50201	Paracuellos de Jiloca	0,0	0,0	0,0	0,0	0,0	0,0	0,0	1,0	0,0	0,0	0,0	COMPLETA
2019	50202	Paracuellos de la Ribera												SIN INFORMACIÓN
2019	50203	Pastriz	0,0	0,0	0,0	0,0	0,0	0,0	0,0	2,0	0,0	0,0	0,0	COMPLETA
2019	50204	Pedrola	4,0	1,0	3,0	696,0	230,0	466,0	1,0	3,0	0,0	1,0	1,0	COMPLETA
2019	50205	Pedrosas (Las)	0,0	0,0	0,0	0,0	0,0	0,0	0,0	1,0	0,0	0,0	0,0	COMPLETA
2019	50206	Perdiguera	9,0	0,0	9,0	13750,0	0,0	13750,0	0,0	1,0	0,0	0,0	0,0	COMPLETA
2019	50207	Piedratajada												SIN INFORMACIÓN
2019	50208	Pina de Ebro	2,0	0,0	2,0	82259,0	0,0	82259,0	0,0	0,0	0,0	0,0	0,0	COMPLETA
2019	50209	Pinseque	1,0	1,0	0,0	150,0	150,0	0,0	1,0	1,0	0,0	0,0	0,0	COMPLETA
2019	50210	Pintanos (Los)												SIN INFORMACIÓN
2019	50211	Plasencia de Jalón												SIN INFORMACIÓN
2019	50212	Pleitas												SIN INFORMACIÓN
2019	50213	Plenas												SIN INFORMACIÓN
2019	50214	Pomer												SIN INFORMACIÓN
2019	50215	Pozuel de Ariza												SIN INFORMACIÓN
2019	50216	Pozuelo de Aragón												SIN INFORMACIÓN
2019	50217	Pradilla de Ebro	3,0		3,0	1295,0		1295,0		2,0				INCOMPLETA
2019	50218	Puebla de Albortón	2,0		2,0	3492,0		3492,0						INCOMPLETA
2019	50219	Puebla de Alfindén (La)	3,0	2,0	1,0	8668,0	5958,0	2710,0	42,0	2,0	0,0	2,0	0,0	COMPLETA
2019	50220	Puendeluna	0,0	0,0	0,0	0,0	0,0	0,0	0,0	1,0	1,0	0,0	0,0	COMPLETA
2019	50221	Purujosa												SIN INFORMACIÓN
2019	50222	Quinto	6,0	4,0	2,0	4450,0	628,0	3822,0	4,0	0,0	0,0	2,0	2,0	COMPLETA
2019	50223	Remolinos	0,0	0,0	0,0	0,0	0,0	0,0	0,0	1,0	0,0	3,0	1,0	COMPLETA
2019	50224	Retascón												SIN INFORMACIÓN
2019	50225	Ricla	3,0	2,0	1,0	602,0	498,0	104,0	1,0	1,0	0,0	1,0	0,0	COMPLETA
2019	50227	Romanos												SIN INFORMACIÓN
2019	50228	Rueda de Jalón	0,0	0,0	0,0	0,0	0,0	0,0	0,0	0,0	0,0	2,0	2,0	COMPLETA
2019	50229	Ruesca												SIN INFORMACIÓN
2019	50230	Sádaba	5,0	0,0	5,0	7554,0	0,0	7554,0	0,0	0,0	0,0	0,0	0,0	COMPLETA
2019	50231	Salillas de Jalón	0,0	0,0	0,0	0,0	0,0	0,0	0,0	2,0	1,0	0,0	0,0	COMPLETA
2019	50232	Salvatierra de Esca												SIN INFORMACIÓN
2019	50233	Samper del Salz												SIN INFORMACIÓN
2019	50234	San Martín de la Virgen de Moncayo												SIN INFORMACIÓN
2019	50235	San Mateo de Gállego	3,0	3,0	0,0	381,0	381,0	0,0	3,0	4,0	0,0	0,0	0,0	COMPLETA
2019	50236	Santa Cruz de Grío												SIN INFORMACIÓN
2019	50237	Santa Cruz de Moncayo	1,0	1,0		79,0	79,0		1,0					INCOMPLETA
2019	50238	Santa Eulalia de Gállego												SIN INFORMACIÓN
2019	50239	Santed												SIN INFORMACIÓN
2019	50240	Sástago	0,0	0,0	0,0	0,0	0,0	0,0	0,0	2,0	0,0	0,0	0,0	COMPLETA
2019	50241	Saviñán								1,0				INCOMPLETA
2019	50242	Sediles												SIN INFORMACIÓN
2019	50243	Sestrica												SIN INFORMACIÓN
2019	50244	Sierra de Luna												SIN INFORMACIÓN
2019	50245	Sigüés												SIN INFORMACIÓN
2019	50246	Sisamón												SIN INFORMACIÓN
2019	50247	Sobradiel												SIN INFORMACIÓN
2019	50248	Sos del Rey Católico	0,0	0,0	0,0	0,0	0,0	0,0	0,0	2,0	0,0	0,0	0,0	COMPLETA
2019	50249	Tabuenca	0,0	0,0	0,0	0,0	0,0	0,0	0,0	2,0	0,0	0,0	0,0	COMPLETA
2019	50250	Talamantes												SIN INFORMACIÓN
2019	50251	Tarazona	4,0	2,0	2,0	3599,0	1228,0	2371,0	1,0	5,0	0,0	1,0	1,0	COMPLETA
2019	50252	Tauste	4,0	4,0		1317,0	1317,0		4,0	4,0	1,0	5,0	4,0	INCOMPLETA
2019	50253	Terrer												SIN INFORMACIÓN
2019	50254	Tierga												SIN INFORMACIÓN
2019	50255	Tobed												SIN INFORMACIÓN
2019	50256	Torralba de los Frailes												SIN INFORMACIÓN
2019	50257	Torralba de Ribota												SIN INFORMACIÓN
2019	50258	Torralbilla	2,0		2,0	3102,0		3102,0						INCOMPLETA
2019	50259	Torrehermosa												SIN INFORMACIÓN
2019	50260	Torrelapaja												SIN INFORMACIÓN
2019	50261	Torrellas												SIN INFORMACIÓN
2019	50262	Torres de Berrellén	1,0	1,0	0,0	128,0	128,0	0,0	1,0	1,0	0,0	0,0	0,0	COMPLETA
2019	50263	Torrijo de la Cañada												SIN INFORMACIÓN
2019	50264	Tosos												SIN INFORMACIÓN
2019	50265	Trasmoz												SIN INFORMACIÓN
2019	50266	Trasobares												SIN INFORMACIÓN
2019	50267	Uncastillo	0,0	0,0	0,0	0,0	0,0	0,0	0,0	1,0	0,0	0,0	0,0	COMPLETA
2019	50268	Undués de Lerda												SIN INFORMACIÓN
2019	50269	Urrea de Jalón	1,0	0,0	1,0	87,0	0,0	87,0	0,0	0,0	0,0	0,0	0,0	COMPLETA
2019	50270	Urriés												SIN INFORMACIÓN
2019	50271	Used												SIN INFORMACIÓN
2019	50272	Utebo	6,0	4,0	2,0	5163,0	2484,0	2679,0	14,0	13,0	0,0	5,0	3,0	COMPLETA
2019	50273	Valdehorna												SIN INFORMACIÓN
2019	50274	Val de San Martín												SIN INFORMACIÓN
2019	50275	Valmadrid												SIN INFORMACIÓN
2019	50276	Valpalmas	1,0	0,0	1,0	80,0	0,0	80,0	0,0	0,0	0,0	0,0	0,0	COMPLETA
2019	50277	Valtorres												SIN INFORMACIÓN
2019	50278	Velilla de Ebro	0,0	0,0	0,0	0,0	0,0	0,0	0,0	1,0	0,0	0,0	0,0	COMPLETA
2019	50279	Velilla de Jiloca												SIN INFORMACIÓN
2019	50280	Vera de Moncayo	2,0	0,0	2,0	534,0	0,0	534,0	0,0	3,0	0,0	0,0	0,0	COMPLETA
2019	50281	Vierlas												SIN INFORMACIÓN
2019	50282	Vilueña (La)												SIN INFORMACIÓN
2019	50283	Villadoz												SIN INFORMACIÓN
2019	50284	Villafeliche												SIN INFORMACIÓN
2019	50285	Villafranca de Ebro	0,0	0,0	0,0	0,0	0,0	0,0	0,0	0,0	0,0	1,0	1,0	COMPLETA
2019	50286	Villalba de Perejil												SIN INFORMACIÓN
2019	50287	Villalengua	2,0	2,0	0,0	518,0	518,0	0,0	2,0	0,0	0,0	0,0	0,0	COMPLETA
2019	50288	Villanueva de Gállego	1,0	0,0	1,0	7564,0	0,0	7564,0	0,0	1,0	0,0	0,0	0,0	COMPLETA
2019	50289	Villanueva de Jiloca												SIN INFORMACIÓN
2019	50290	Villanueva de Huerva												SIN INFORMACIÓN
2019	50291	Villar de los Navarros												SIN INFORMACIÓN
2019	50292	Villarreal de Huerva												SIN INFORMACIÓN
2019	50293	Villarroya de la Sierra	1,0	1,0	0,0	214,0	214,0	0,0	1,0	0,0	0,0	2,0	2,0	COMPLETA
2019	50294	Villarroya del Campo												SIN INFORMACIÓN
2019	50295	Vistabella												SIN INFORMACIÓN
2019	50296	Zaida (La)												SIN INFORMACIÓN
2019	50297	Zaragoza	143,0	98,0	45,0	485454,0	335975,0	149479,0	1686,0	1268,0	38,0	64,0	114,0	COMPLETA
2019	50298	Zuera	5,0	4,0	1,0	1281,0	1073,0	208,0	5,0	4,0	1,0	0,0	2,0	COMPLETA
2019	50901	Biel	0,0	0,0	0,0	0,0	0,0	0,0	0,0	1,0	0,0	0,0	0,0	COMPLETA
2019	50902	Marracos												SIN INFORMACIÓN
2019	50903	Villamayor de Gállego	4,0	1,0	3,0	3384,0	297,0	3087,0	2,0	5,0	0,0	4,0	4,0	COMPLETA
2015	22001	Abiego	1,0	1,0	0,0	244,0	244,0	0,0	1,0	0,0	0,0	0,0	0,0	COMPLETA
2015	22002	Abizanda												SIN INFORMACIÓN
2015	22003	Adahuesca	1,0	1,0	0,0	310,0	310,0	0,0	1,0	0,0	0,0	0,0	0,0	COMPLETA
2015	22004	Agüero												SIN INFORMACIÓN
2015	22006	Aísa												SIN INFORMACIÓN
2015	22007	Albalate de Cinca	0,0	0,0	0,0	0,0	0,0	0,0	0,0	2,0	0,0	0,0	0,0	COMPLETA
2015	22008	Albalatillo												SIN INFORMACIÓN
2015	22009	Albelda	1,0	0,0	1,0	240,0	0,0	240,0	0,0	0,0	0,0	0,0	0,0	COMPLETA
2015	22011	Albero Alto												SIN INFORMACIÓN
2015	22012	Albero Bajo	1,0	0,0	1,0	480,0	0,0	480,0	0,0	0,0	0,0	0,0	0,0	COMPLETA
2015	22013	Alberuela de Tubo	4,0	0,0	4,0	3509,0	0,0	3509,0	0,0	0,0	0,0	0,0	0,0	COMPLETA
2015	22014	Alcalá de Gurrea	2,0	0,0	2,0	3654,0	0,0	3654,0	0,0	4,0	0,0	0,0	0,0	COMPLETA
2015	22015	Alcalá del Obispo	5,0	1,0	4,0	3945,0	181,0	3764,0	1,0	1,0	0,0	0,0	0,0	COMPLETA
2015	22016	Alcampell												SIN INFORMACIÓN
2015	22017	Alcolea de Cinca	3,0	0,0	3,0	2678,0	0,0	2678,0	0,0	2,0	1,0	1,0	1,0	COMPLETA
2015	22018	Alcubierre	4,0	0,0	4,0	3125,0	0,0	3125,0	0,0	0,0	0,0	0,0	0,0	COMPLETA
2015	22019	Alerre												SIN INFORMACIÓN
2015	22020	Alfántega												SIN INFORMACIÓN
2015	22021	Almudévar	12,0	0,0	12,0	3340,0	0,0	3340,0	0,0	1,0	1,0	0,0	0,0	COMPLETA
2015	22022	Almunia de San Juan	1,0	0,0	1,0	99,0	0,0	99,0	0,0	0,0	0,0	0,0	0,0	COMPLETA
2015	22023	Almuniente												SIN INFORMACIÓN
2015	22024	Alquézar	0,0	0,0	0,0	0,0	0,0	0,0	0,0	1,0	0,0	0,0	0,0	COMPLETA
2015	22025	Altorricón	21,0	1,0	20,0	1403,0	143,0	1260,0	1,0	2,0	0,0	0,0	0,0	COMPLETA
2015	22027	Angüés	6,0	0,0	6,0	5978,0	0,0	5978,0	0,0	1,0	0,0	0,0	0,0	COMPLETA
2015	22028	Ansó	1,0	1,0	0,0	185,0	185,0	0,0	1,0	3,0	0,0	1,0	1,0	COMPLETA
2015	22029	Antillón	4,0	0,0	4,0	3646,0	0,0	3646,0	0,0	1,0	0,0	0,0	0,0	COMPLETA
2015	22032	Aragüés del Puerto												SIN INFORMACIÓN
2015	22035	Arén	1,0	1,0	0,0	153,0	153,0	0,0	1,0	0,0	0,0	1,0	1,0	COMPLETA
2015	22036	Argavieso										1,0		INCOMPLETA
2015	22037	Arguis												SIN INFORMACIÓN
2015	22039	Ayerbe	0,0	0,0	0,0	0,0	0,0	0,0	0,0	2,0	1,0	0,0	0,0	COMPLETA
2015	22040	Azanuy-Alins	1,0	1,0	0,0	127,0	127,0	0,0	1,0	0,0	0,0	3,0	1,0	COMPLETA
2015	22041	Azara	0,0	0,0	0,0	0,0	0,0	0,0	0,0	1,0	0,0	0,0	0,0	COMPLETA
2015	22042	Azlor												SIN INFORMACIÓN
2015	22043	Baells	0,0	0,0	0,0	0,0	0,0	0,0	0,0	1,0	1,0	0,0	0,0	COMPLETA
2015	22044	Bailo												SIN INFORMACIÓN
2015	22045	Baldellou												SIN INFORMACIÓN
2015	22046	Ballobar												SIN INFORMACIÓN
2015	22047	Banastás												SIN INFORMACIÓN
2015	22048	Barbastro	12,0	7,0	5,0	6451,0	3925,0	2526,0	16,0	5,0		2,0	7,0	INCOMPLETA
2015	22049	Barbués												SIN INFORMACIÓN
2015	22050	Barbuñales												SIN INFORMACIÓN
2015	22051	Bárcabo												SIN INFORMACIÓN
2015	22052	Belver de Cinca	4,0	0,0	4,0	2066,0	0,0	2066,0	0,0	0,0	0,0	0,0	0,0	COMPLETA
2015	22053	Benabarre	1,0	0,0	1,0	1086,0	0,0	1086,0	0,0	3,0	1,0	0,0	0,0	COMPLETA
2015	22054	Benasque	3,0	2,0	1,0	1100,0	1008,0	92,0	2,0	0,0	0,0	1,0	0,0	COMPLETA
2015	22055	Berbegal	1,0	0,0	1,0	393,0	0,0	393,0	0,0	3,0	0,0	0,0	0,0	COMPLETA
2015	22057	Bielsa	2,0	1,0	1,0	1136,0	268,0	868,0	2,0	3,0	2,0	1,0	0,0	COMPLETA
2015	22058	Bierge	1,0	0,0	1,0	195,0	0,0	195,0	0,0	2,0	0,0	0,0	0,0	COMPLETA
2015	22059	Biescas	1,0	1,0	0,0	130,0	130,0	0,0	1,0	4,0	2,0	0,0	0,0	COMPLETA
2015	22060	Binaced	0,0	0,0	0,0	0,0	0,0	0,0	0,0	3,0	1,0	3,0	3,0	COMPLETA
2015	22061	Binéfar	13,0	2,0	11,0	12999,0	1092,0	11907,0	3,0	16,0	5,0	1,0	1,0	COMPLETA
2015	22062	Bisaurri												SIN INFORMACIÓN
2015	22063	Biscarrués	4,0	0,0	4,0	2182,0	0,0	2182,0	0,0	0,0	0,0	0,0	0,0	COMPLETA
2015	22064	Blecua y Torres	1,0	0,0	1,0	140,0	0,0	140,0	0,0	1,0	0,0	0,0	0,0	COMPLETA
2015	22066	Boltaña	0,0	0,0	0,0	0,0	0,0	0,0	0,0	2,0	0,0	0,0	0,0	COMPLETA
2015	22067	Bonansa												SIN INFORMACIÓN
2015	22068	Borau												SIN INFORMACIÓN
2015	22069	Broto												SIN INFORMACIÓN
2015	22072	Caldearenas	2,0	1,0	1,0	1032,0	225,0	807,0	1,0	0,0	0,0	2,0	1,0	COMPLETA
2015	22074	Campo												SIN INFORMACIÓN
2015	22075	Camporrells	0,0	0,0	0,0	0,0	0,0	0,0	0,0	2,0	0,0	0,0	0,0	COMPLETA
2015	22076	Canal de Berdún	0,0	0,0	0,0	0,0	0,0	0,0	0,0	2,0	1,0	1,0	1,0	COMPLETA
2015	22077	Candasnos	2,0	0,0	2,0	900,0	0,0	900,0	0,0	1,0	0,0	0,0	0,0	COMPLETA
2015	22078	Canfranc	0,0	0,0	0,0	0,0	0,0	0,0	0,0	1,0	0,0	0,0	3,0	COMPLETA
2015	22079	Capdesaso	1,0	1,0	0,0	126,0	126,0	0,0	1,0	0,0	0,0	0,0	0,0	COMPLETA
2015	22080	Capella	9,0	0,0	9,0	15218,0	0,0	15218,0	0,0	6,0	5,0	0,0	0,0	COMPLETA
2015	22081	Casbas de Huesca	1,0	0,0	1,0	136,0	0,0	136,0	0,0	0,0	0,0	0,0	0,0	COMPLETA
2015	22082	Castejón del Puente												SIN INFORMACIÓN
2015	22083	Castejón de Monegros												SIN INFORMACIÓN
2015	22084	Castejón de Sos	0,0	0,0	0,0	0,0	0,0	0,0	0,0	5,0	2,0	0,0	0,0	COMPLETA
2015	22085	Castelflorite												SIN INFORMACIÓN
2015	22086	Castiello de Jaca												SIN INFORMACIÓN
2015	22087	Castigaleu												SIN INFORMACIÓN
2015	22088	Castillazuelo												SIN INFORMACIÓN
2015	22089	Castillonroy												SIN INFORMACIÓN
2015	22090	Colungo												SIN INFORMACIÓN
2015	22094	Chalamera												SIN INFORMACIÓN
2015	22095	Chía	0,0	0,0	0,0	0,0	0,0	0,0	0,0	1,0	1,0	0,0	0,0	COMPLETA
2015	22096	Chimillas												SIN INFORMACIÓN
2015	22099	Esplús	0,0	0,0	0,0	0,0	0,0	0,0	0,0	1,0	1,0	0,0	0,0	COMPLETA
2015	22102	Estada												SIN INFORMACIÓN
2015	22103	Estadilla	3,0	0,0	3,0	1290,0	0,0	1290,0	0,0	0,0	0,0	0,0	0,0	COMPLETA
2015	22105	Estopiñán del Castillo	1,0	0,0	1,0	3600,0	0,0	3600,0	0,0	2,0	0,0	0,0	0,0	COMPLETA
2015	22106	Fago	0,0	0,0	0,0	0,0	0,0	0,0	0,0	1,0	2,0	0,0	0,0	COMPLETA
2015	22107	Fanlo	0,0	0,0	0,0	0,0	0,0	0,0	0,0	2,0	0,0	0,0	0,0	COMPLETA
2015	22109	Fiscal	1,0	1,0	0,0	272,0	272,0	0,0	1,0	2,0	2,0	0,0	0,0	COMPLETA
2015	22110	Fonz	1,0	0,0	1,0	224,0	0,0	224,0	0,0	1,0	0,0	1,0	1,0	COMPLETA
2015	22111	Foradada del Toscar												SIN INFORMACIÓN
2015	22112	Fraga	7,0	1,0	6,0	1072,0	198,0	874,0	1,0	10,0	2,0	2,0	2,0	COMPLETA
2015	22113	Fueva (La)	8,0	0,0	8,0	5518,0	0,0	5518,0	0,0	1,0	0,0	0,0	0,0	COMPLETA
2015	22114	Gistaín	0,0	0,0	0,0	0,0	0,0	0,0	0,0	1,0	1,0	0,0	0,0	COMPLETA
2015	22115	Grado (El)	0,0	0,0	0,0	0,0	0,0	0,0	0,0	1,0	0,0	0,0	0,0	COMPLETA
2015	22116	Grañén	13,0	1,0	12,0	9600,0	327,0	9273,0	1,0	0,0	0,0	0,0	0,0	COMPLETA
2015	22117	Graus	6,0	0,0	6,0	3900,0	0,0	3900,0	0,0	20,0	4,0	0,0	1,0	COMPLETA
2015	22119	Gurrea de Gállego	5,0	0,0	5,0	3741,0	0,0	3741,0	0,0	1,0	0,0	0,0	0,0	COMPLETA
2015	22122	Hoz de Jaca												SIN INFORMACIÓN
2015	22124	Huerto	8,0	0,0	8,0	18779,0	0,0	18779,0	0,0	0,0	0,0	0,0	0,0	COMPLETA
2015	22125	Huesca	3,0	2,0	1,0	516,0	442,0	74,0	2,0	3,0	0,0	0,0	0,0	COMPLETA
2015	22126	Ibieca	2,0	0,0	2,0	2146,0	0,0	2146,0	0,0	0,0	0,0	0,0	0,0	COMPLETA
2015	22127	Igriés	1,0	0,0	1,0	1440,0	0,0	1440,0	0,0	0,0	0,0	0,0	0,0	COMPLETA
2015	22128	Ilche	3,0	0,0	3,0	2484,0	0,0	2484,0	0,0	0,0	0,0	0,0	0,0	COMPLETA
2015	22129	Isábena	0,0	0,0	0,0	0,0	0,0	0,0	0,0	2,0	3,0	0,0	1,0	COMPLETA
2015	22130	Jaca	3,0	1,0	2,0	1237,0	123,0	1114,0	1,0	7,0	2,0			INCOMPLETA
2015	22131	Jasa												SIN INFORMACIÓN
2015	22133	Labuerda												SIN INFORMACIÓN
2015	22135	Laluenga	1,0	0,0	1,0	101,0	0,0	101,0	0,0	0,0	0,0	0,0	0,0	COMPLETA
2015	22136	Lalueza	13,0	0,0	13,0	8795,0	0,0	8795,0	0,0	0,0	0,0	0,0	0,0	COMPLETA
2015	22137	Lanaja	0,0	0,0	0,0	0,0	0,0	0,0	0,0	1,0	0,0	1,0	0,0	COMPLETA
2015	22139	Laperdiguera												SIN INFORMACIÓN
2015	22141	Lascellas-Ponzano												SIN INFORMACIÓN
2015	22142	Lascuarre	2,0	1,0	1,0	718,0	118,0	600,0	1,0	3,0	0,0	0,0	0,0	COMPLETA
2015	22143	Laspaúles	0,0	0,0	0,0	0,0	0,0	0,0	0,0	3,0	1,0	0,0	0,0	COMPLETA
2015	22144	Laspuña	1,0	1,0	0,0	149,0	149,0	0,0	1,0	0,0	0,0	0,0	0,0	COMPLETA
2015	22149	Loarre	3,0	2,0	1,0	497,0	428,0	69,0	2,0	0,0	0,0	0,0	0,0	COMPLETA
2015	22150	Loporzano	4,0	2,0	2,0	4298,0	353,0	3945,0	2,0	1,0	0,0	0,0	0,0	COMPLETA
2015	22151	Loscorrales												SIN INFORMACIÓN
2015	22155	Monesma y Cajigar												SIN INFORMACIÓN
2015	22156	Monflorite-Lascasas	5,0	1,0	4,0	1996,0	172,0	1824,0	1,0	0,0	0,0	1,0	0,0	COMPLETA
2015	22157	Montanuy	1,0	1,0	0,0	313,0	313,0	0,0	1,0	0,0	0,0	1,0	1,0	COMPLETA
2015	22158	Monzón	5,0	2,0	3,0	3481,0	1001,0	2480,0	4,0	6,0	0,0	2,0	3,0	COMPLETA
2015	22160	Naval												SIN INFORMACIÓN
2015	22162	Novales												SIN INFORMACIÓN
2015	22163	Nueno	0,0	0,0	0,0	0,0	0,0	0,0	0,0	1,0	0,0	0,0	0,0	COMPLETA
2015	22164	Olvena												SIN INFORMACIÓN
2015	22165	Ontiñena	3,0	0,0	3,0	4210,0	0,0	4210,0	0,0	0,0	0,0	0,0	0,0	COMPLETA
2015	22167	Osso de Cinca	5,0	1,0	4,0	2125,0	229,0	1896,0	1,0	0,0	0,0	0,0	0,0	COMPLETA
2015	22168	Palo												SIN INFORMACIÓN
2015	22170	Panticosa	0,0	0,0	0,0	0,0	0,0	0,0	0,0	1,0	13,0	0,0	0,0	COMPLETA
2015	22172	Peñalba	4,0	2,0	2,0	2351,0	635,0	1716,0	2,0	1,0	0,0	1,0	1,0	COMPLETA
2015	22173	Peñas de Riglos (Las)	1,0	0,0	1,0	57,0	0,0	57,0	0,0	3,0	0,0	0,0	0,0	COMPLETA
2015	22174	Peralta de Alcofea	17,0	2,0	15,0	27185,0	359,0	26826,0	2,0	0,0	0,0	0,0	0,0	COMPLETA
2015	22175	Peralta de Calasanz	2,0	0,0	2,0	443,0	0,0	443,0	0,0	0,0	0,0	0,0	0,0	COMPLETA
2015	22176	Peraltilla												SIN INFORMACIÓN
2015	22177	Perarrúa												SIN INFORMACIÓN
2015	22178	Pertusa												SIN INFORMACIÓN
2015	22181	Piracés												SIN INFORMACIÓN
2015	22182	Plan												SIN INFORMACIÓN
2015	22184	Poleñino												SIN INFORMACIÓN
2015	22186	Pozán de Vero												SIN INFORMACIÓN
2015	22187	Puebla de Castro (La)	1,0	0,0	1,0	42,0	0,0	42,0	0,0	0,0	0,0	0,0	0,0	COMPLETA
2015	22188	Puente de Montañana	0,0	0,0	0,0	0,0	0,0	0,0	0,0	1,0	0,0	0,0	0,0	COMPLETA
2015	22189	Puértolas	1,0	0,0	1,0	2129,0	0,0	2129,0	0,0	0,0	0,0	0,0	0,0	COMPLETA
2015	22190	Pueyo de Araguás (El)												SIN INFORMACIÓN
2015	22193	Pueyo de Santa Cruz												SIN INFORMACIÓN
2015	22195	Quicena												SIN INFORMACIÓN
2015	22197	Robres												SIN INFORMACIÓN
2015	22199	Sabiñánigo	4,0	3,0	1,0	4601,0	1721,0	2880,0	2,0	4,0	3,0	0,0	0,0	COMPLETA
2015	22200	Sahún												SIN INFORMACIÓN
2015	22201	Salas Altas												SIN INFORMACIÓN
2015	22202	Salas Bajas												SIN INFORMACIÓN
2015	22203	Salillas	2,0	1,0	1,0	1275,0	90,0	1185,0	1,0	1,0	0,0	0,0	0,0	COMPLETA
2015	22204	Sallent de Gállego	3,0	2,0	1,0	670,0	394,0	276,0	2,0	2,0	2,0	0,0	1,0	COMPLETA
2015	22205	San Esteban de Litera	0,0	0,0	0,0	0,0	0,0	0,0	0,0	1,0	1,0	0,0	0,0	COMPLETA
2015	22206	Sangarrén												SIN INFORMACIÓN
2015	22207	San Juan de Plan												SIN INFORMACIÓN
2015	22208	Santa Cilia	0,0	0,0	0,0	0,0	0,0	0,0	0,0	1,0	1,0	0,0	0,0	COMPLETA
2015	22209	Santa Cruz de la Serós	0,0	0,0	0,0	0,0	0,0	0,0	0,0	1,0	1,0	0,0	0,0	COMPLETA
2015	22212	Santaliestra y San Quílez	0,0	0,0	0,0	0,0	0,0	0,0	0,0	2,0	1,0	0,0	0,0	COMPLETA
2015	22213	Sariñena	14,0	1,0	13,0	12796,0	236,0	12560,0	1,0	1,0	0,0	2,0	2,0	COMPLETA
2015	22214	Secastilla	0,0	0,0	0,0	0,0	0,0	0,0	0,0	1,0	0,0	0,0	0,0	COMPLETA
2015	22215	Seira	0,0	0,0	0,0	0,0	0,0	0,0	0,0	3,0	1,0	0,0	0,0	COMPLETA
2015	22217	Sena	5,0	0,0	5,0	3555,0	0,0	3555,0	0,0	0,0	0,0	0,0	0,0	COMPLETA
2015	22218	Senés de Alcubierre												SIN INFORMACIÓN
2015	22220	Sesa												SIN INFORMACIÓN
2015	22221	Sesué	0,0	0,0	0,0	0,0	0,0	0,0	0,0	2,0	1,0	0,0	0,0	COMPLETA
2015	22222	Siétamo	0,0	0,0	0,0	0,0	0,0	0,0	0,0	3,0	0,0	0,0	0,0	COMPLETA
2015	22223	Sopeira	0,0	0,0	0,0	0,0	0,0	0,0	0,0	3,0	1,0	0,0	0,0	COMPLETA
2015	22225	Tamarite de Litera	15,0	2,0	13,0	19241,0	692,0	18549,0	2,0	5,0	2,0	0,0	0,0	COMPLETA
2015	22226	Tardienta	3,0	0,0	3,0	2354,0	0,0	2354,0	0,0	2,0	0,0	2,0	1,0	COMPLETA
2015	22227	Tella-Sin												SIN INFORMACIÓN
2015	22228	Tierz	2,0	2,0	0,0	398,0	398,0	0,0	2,0	0,0	0,0	0,0	0,0	COMPLETA
2015	22229	Tolva												SIN INFORMACIÓN
2015	22230	Torla-Ordesa	0,0	0,0	0,0	0,0	0,0	0,0	0,0	3,0	0,0	0,0	0,0	COMPLETA
2015	22232	Torralba de Aragón												SIN INFORMACIÓN
2015	22233	Torre la Ribera												SIN INFORMACIÓN
2015	22234	Torrente de Cinca	1,0	0,0	1,0	1300,0	0,0	1300,0	0,0	1,0	0,0	0,0	0,0	COMPLETA
2015	22235	Torres de Alcanadre												SIN INFORMACIÓN
2015	22236	Torres de Barbués												SIN INFORMACIÓN
2015	22239	Tramaced												SIN INFORMACIÓN
2015	22242	Valfarta												SIN INFORMACIÓN
2015	22243	Valle de Bardají												SIN INFORMACIÓN
2015	22244	Valle de Lierp												SIN INFORMACIÓN
2015	22245	Velilla de Cinca	0,0	0,0	0,0	0,0	0,0	0,0	0,0	1,0	0,0	0,0	0,0	COMPLETA
2015	22246	Beranuy	0,0	0,0	0,0	0,0	0,0	0,0	0,0	1,0	1,0	0,0	0,0	COMPLETA
2015	22247	Viacamp y Litera												SIN INFORMACIÓN
2015	22248	Vicién	2,0	0,0	2,0	1764,0	0,0	1764,0	0,0	0,0	0,0	0,0	0,0	COMPLETA
2015	22249	Villanova	0,0	0,0	0,0	0,0	0,0	0,0	0,0	1,0	1,0	0,0	0,0	COMPLETA
2015	22250	Villanúa	2,0	2,0	0,0	496,0	496,0	0,0	2,0	0,0	0,0	0,0	0,0	COMPLETA
2015	22251	Villanueva de Sigena	1,0	0,0	1,0	60,0	0,0	60,0	0,0	0,0	0,0	1,0	1,0	COMPLETA
2015	22252	Yebra de Basa	0,0	0,0	0,0	0,0	0,0	0,0	0,0	1,0	0,0	0,0	0,0	COMPLETA
2015	22253	Yésero												SIN INFORMACIÓN
2015	22254	Zaidín	5,0	0,0	5,0	3416,0	0,0	3416,0	0,0	4,0	3,0	2,0	0,0	COMPLETA
2015	22901	Valle de Hecho	1,0	1,0	0,0	327,0	327,0	0,0	1,0	0,0	0,0	1,0	1,0	COMPLETA
2015	22902	Puente la Reina de Jaca	0,0	0,0	0,0	0,0	0,0	0,0	0,0	0,0	0,0	0,0	0,0	COMPLETA
2015	22903	San Miguel del Cinca	10,0	0,0	10,0	9255,0	0,0	9255,0	0,0	1,0	0,0	0,0	0,0	COMPLETA
2015	22904	Sotonera (La)	0,0	0,0	0,0	0,0	0,0	0,0	0,0	3,0	0,0	0,0	0,0	COMPLETA
2015	22905	Lupiñén-Ortilla	2,0	0,0	2,0	1372,0	0,0	1372,0	0,0	3,0	1,0	0,0	0,0	COMPLETA
2015	22906	Santa María de Dulcis												SIN INFORMACIÓN
2015	22907	Aínsa-Sobrarbe	0,0	0,0	0,0	0,0	0,0	0,0	0,0	4,0	2,0	0,0	0,0	COMPLETA
2015	22908	Hoz y Costeán												SIN INFORMACIÓN
2015	22909	Vencillón	2,0	0,0	2,0	370,0	0,0	370,0	0,0	1,0	0,0	0,0	0,0	COMPLETA
2015	44001	Ababuj												SIN INFORMACIÓN
2015	44002	Abejuela	0,0	0,0	0,0	0,0	0,0	0,0	0,0	1,0	0,0	0,0	0,0	COMPLETA
2015	44003	Aguatón												SIN INFORMACIÓN
2015	44004	Aguaviva	0,0	0,0	0,0	0,0	0,0	0,0	0,0	0,0	0,0	1,0	1,0	COMPLETA
2015	44005	Aguilar del Alfambra												SIN INFORMACIÓN
2015	44006	Alacón												SIN INFORMACIÓN
2015	44007	Alba												SIN INFORMACIÓN
2015	44008	Albalate del Arzobispo	0,0	0,0	0,0	0,0	0,0	0,0	0,0	0,0	0,0	2,0	2,0	COMPLETA
2015	44009	Albarracín	1,0	1,0	0,0	799,0	799,0	0,0	0,0	3,0	0,0	0,0	0,0	COMPLETA
2015	44010	Albentosa	1,0	0,0	1,0	593,0	0,0	593,0	0,0	1,0	1,0	0,0	0,0	COMPLETA
2015	44011	Alcaine												SIN INFORMACIÓN
2015	44012	Alcalá de la Selva												SIN INFORMACIÓN
2015	44013	Alcañiz	23,0	12,0	11,0	12264,0	5782,0	6482,0	32,0	23,0	2,0	7,0	14,0	INCOMPLETA
2015	44014	Alcorisa	3,0	1,0	2,0	1323,0	423,0	900,0	1,0	3,0	0,0	1,0	0,0	COMPLETA
2015	44016	Alfambra	0,0	0,0	0,0	0,0	0,0	0,0	0,0	1,0	0,0	0,0	0,0	COMPLETA
2015	44017	Aliaga												SIN INFORMACIÓN
2015	44018	Almohaja												SIN INFORMACIÓN
2015	44019	Alobras												SIN INFORMACIÓN
2015	44020	Alpeñés												SIN INFORMACIÓN
2015	44021	Allepuz												SIN INFORMACIÓN
2015	44022	Alloza	4,0	1,0	3,0	699,0	285,0	414,0	1,0	0,0	0,0	0,0	0,0	COMPLETA
2015	44023	Allueva												SIN INFORMACIÓN
2015	44024	Anadón												SIN INFORMACIÓN
2015	44025	Andorra	4,0	0,0	4,0	460,0	0,0	460,0	0,0	2,0	0,0	2,0	2,0	COMPLETA
2015	44026	Arcos de las Salinas	3,0	0,0	3,0	34,0	0,0	34,0	0,0	0,0	0,0	0,0	0,0	COMPLETA
2015	44027	Arens de Lledó	5,0		5,0	1011,0		1011,0						INCOMPLETA
2015	44028	Argente												SIN INFORMACIÓN
2015	44029	Ariño	1,0	0,0	1,0	142,0	0,0	142,0	0,0	1,0	0,0	1,0	0,0	COMPLETA
2015	44031	Azaila												SIN INFORMACIÓN
2015	44032	Bádenas												SIN INFORMACIÓN
2015	44033	Báguena												SIN INFORMACIÓN
2015	44034	Bañón												SIN INFORMACIÓN
2015	44035	Barrachina												SIN INFORMACIÓN
2015	44036	Bea												SIN INFORMACIÓN
2015	44037	Beceite												SIN INFORMACIÓN
2015	44038	Belmonte de San José												SIN INFORMACIÓN
2015	44039	Bello	0,0	0,0	0,0	0,0	0,0	0,0	0,0	1,0	0,0	2,0	2,0	COMPLETA
2015	44040	Berge	0,0	0,0	0,0	0,0	0,0	0,0	0,0	1,0	0,0	0,0	0,0	COMPLETA
2015	44041	Bezas												SIN INFORMACIÓN
2015	44042	Blancas												SIN INFORMACIÓN
2015	44043	Blesa												SIN INFORMACIÓN
2015	44044	Bordón	1,0	0,0	1,0	245,0	0,0	245,0	0,0	1,0	0,0	1,0	1,0	COMPLETA
2015	44045	Bronchales												SIN INFORMACIÓN
2015	44046	Bueña												SIN INFORMACIÓN
2015	44047	Burbáguena												SIN INFORMACIÓN
2015	44048	Cabra de Mora												SIN INFORMACIÓN
2015	44049	Calaceite	2,0	0,0	2,0	556,0	0,0	556,0	0,0	3,0	1,0	0,0	0,0	COMPLETA
2015	44050	Calamocha	8,0	1,0	7,0	2852,0	257,0	2595,0	1,0	9,0		2,0	2,0	INCOMPLETA
2015	44051	Calanda	3,0	1,0	2,0	1030,0	433,0	597,0	1,0	2,0	0,0	1,0	1,0	COMPLETA
2015	44052	Calomarde												SIN INFORMACIÓN
2015	44053	Camañas												SIN INFORMACIÓN
2015	44054	Camarena de la Sierra	1,0	0,0	1,0	57,0	0,0	57,0	0,0	0,0	0,0	0,0	0,0	COMPLETA
2015	44055	Camarillas												SIN INFORMACIÓN
2015	44056	Caminreal	1,0	0,0	1,0	124,0	0,0	124,0	0,0	0,0	0,0	0,0	0,0	COMPLETA
2015	44059	Cantavieja	0,0	0,0	0,0	0,0	0,0	0,0	0,0	3,0	1,0	0,0	0,0	COMPLETA
2015	44060	Cañada de Benatanduz												SIN INFORMACIÓN
2015	44061	Cañada de Verich (La)												SIN INFORMACIÓN
2015	44062	Cañada Vellida												SIN INFORMACIÓN
2015	44063	Cañizar del Olivar	0,0	0,0	0,0	0,0	0,0	0,0	0,0	2,0	0,0	0,0	0,0	COMPLETA
2015	44064	Cascante del Río												SIN INFORMACIÓN
2015	44065	Castejón de Tornos												SIN INFORMACIÓN
2015	44066	Castel de Cabra												SIN INFORMACIÓN
2015	44067	Castelnou												SIN INFORMACIÓN
2015	44068	Castelserás	1,0	1,0	0,0	290,0	290,0	0,0	0,0	3,0	0,0	2,0	2,0	COMPLETA
2015	44070	Castellar (El)												SIN INFORMACIÓN
2015	44071	Castellote	2,0	1,0	1,0	516,0	314,0	202,0	1,0	0,0	0,0	0,0	0,0	COMPLETA
2015	44074	Cedrillas												SIN INFORMACIÓN
2015	44075	Celadas												SIN INFORMACIÓN
2015	44076	Cella	8,0	3,0	5,0	6109,0	667,0	5442,0	3,0	4,0	0,0	5,0	4,0	COMPLETA
2015	44077	Cerollera (La)												SIN INFORMACIÓN
2015	44080	Codoñera (La)	0,0	0,0	0,0	0,0	0,0	0,0	0,0	1,0	0,0	0,0	0,0	COMPLETA
2015	44082	Corbalán												SIN INFORMACIÓN
2015	44084	Cortes de Aragón												SIN INFORMACIÓN
2015	44085	Cosa												SIN INFORMACIÓN
2015	44086	Cretas	3,0	2,0	1,0	840,0	615,0	225,0	2,0	4,0	0,0	1,0	0,0	COMPLETA
2015	44087	Crivillén												SIN INFORMACIÓN
2015	44088	Cuba (La)												SIN INFORMACIÓN
2015	44089	Cubla												SIN INFORMACIÓN
2015	44090	Cucalón												SIN INFORMACIÓN
2015	44092	Cuervo (El)												SIN INFORMACIÓN
2015	44093	Cuevas de Almudén												SIN INFORMACIÓN
2015	44094	Cuevas Labradas												SIN INFORMACIÓN
2015	44096	Ejulve	2,0	0,0	2,0	1758,0	0,0	1758,0	0,0	0,0	0,0	0,0	0,0	COMPLETA
2015	44097	Escorihuela	0,0	0,0	0,0	0,0	0,0	0,0	0,0	0,0	0,0	1,0	1,0	COMPLETA
2015	44099	Escucha												SIN INFORMACIÓN
2015	44100	Estercuel												SIN INFORMACIÓN
2015	44101	Ferreruela de Huerva	5,0	0,0	5,0	10482,0	0,0	10482,0	0,0	0,0	0,0	0,0	0,0	COMPLETA
2015	44102	Fonfría												SIN INFORMACIÓN
2015	44103	Formiche Alto												SIN INFORMACIÓN
2015	44105	Fórnoles												SIN INFORMACIÓN
2015	44106	Fortanete	1,0	0,0	1,0	258,0	0,0	258,0	0,0	2,0	4,0	0,0	1,0	COMPLETA
2015	44107	Foz-Calanda												SIN INFORMACIÓN
2015	44108	Fresneda (La)												SIN INFORMACIÓN
2015	44109	Frías de Albarracín												SIN INFORMACIÓN
2015	44110	Fuenferrada												SIN INFORMACIÓN
2015	44111	Fuentes Calientes												SIN INFORMACIÓN
2015	44112	Fuentes Claras	3,0	1,0	2,0	420,0	237,0	183,0	1,0	0,0	0,0	1,0	0,0	COMPLETA
2015	44113	Fuentes de Rubielos	1,0	1,0	0,0	111,0	111,0	0,0	1,0	0,0	0,0	0,0	0,0	COMPLETA
2015	44114	Fuentespalda	0,0	0,0	0,0	0,0	0,0	0,0	0,0	4,0	1,0	0,0	0,0	COMPLETA
2015	44115	Galve												SIN INFORMACIÓN
2015	44116	Gargallo	0,0	0,0	0,0	0,0	0,0	0,0	0,0	2,0	0,0	0,0	0,0	COMPLETA
2015	44117	Gea de Albarracín												SIN INFORMACIÓN
2015	44118	Ginebrosa (La)	1,0	1,0	0,0	182,0	182,0	0,0	1,0	0,0	0,0	0,0	0,0	COMPLETA
2015	44119	Griegos	2,0	2,0	0,0	707,0	707,0	0,0	3,0	0,0	0,0	0,0	0,0	COMPLETA
2015	44120	Guadalaviar	0,0	0,0	0,0	0,0	0,0	0,0	0,0	1,0	0,0	0,0	0,0	COMPLETA
2015	44121	Gúdar	0,0	0,0	0,0	0,0	0,0	0,0	0,0	2,0	0,0	0,0	0,0	COMPLETA
2015	44122	Híjar	4,0	1,0	3,0	1376,0	168,0	1208,0	1,0	4,0	1,0	0,0	0,0	COMPLETA
2015	44123	Hinojosa de Jarque												SIN INFORMACIÓN
2015	44124	Hoz de la Vieja (La)												SIN INFORMACIÓN
2015	44125	Huesa del Común												SIN INFORMACIÓN
2015	44126	Iglesuela del Cid (La)												SIN INFORMACIÓN
2015	44127	Jabaloyas												SIN INFORMACIÓN
2015	44128	Jarque de la Val												SIN INFORMACIÓN
2015	44129	Jatiel												SIN INFORMACIÓN
2015	44130	Jorcas												SIN INFORMACIÓN
2015	44131	Josa												SIN INFORMACIÓN
2015	44132	Lagueruela												SIN INFORMACIÓN
2015	44133	Lanzuela												SIN INFORMACIÓN
2015	44135	Libros												SIN INFORMACIÓN
2015	44136	Lidón												SIN INFORMACIÓN
2015	44137	Linares de Mora	0,0	0,0	0,0	0,0	0,0	0,0	0,0	1,0	0,0	0,0	0,0	COMPLETA
2015	44138	Loscos								2,0				INCOMPLETA
2015	44141	Lledó												SIN INFORMACIÓN
2015	44142	Maicas												SIN INFORMACIÓN
2015	44143	Manzanera	1,0	1,0	0,0	123,0	123,0	0,0	1,0	4,0	0,0	0,0	0,0	COMPLETA
2015	44144	Martín del Río	1,0	0,0	1,0	104,0	0,0	104,0	0,0	2,0	0,0	0,0	0,0	COMPLETA
2015	44145	Mas de las Matas	2,0	1,0	1,0	271,0	117,0	154,0	1,0	4,0	1,0	1,0	0,0	COMPLETA
2015	44146	Mata de los Olmos (La)	1,0	1,0	0,0	301,0	301,0	0,0	2,0	0,0	0,0	0,0	0,0	COMPLETA
2015	44147	Mazaleón	1,0	0,0	1,0	270,0	0,0	270,0	0,0	2,0	0,0	0,0	0,0	COMPLETA
2015	44148	Mezquita de Jarque												SIN INFORMACIÓN
2015	44149	Mirambel	0,0	0,0	0,0	0,0	0,0	0,0	0,0	1,0	0,0	0,0	0,0	COMPLETA
2015	44150	Miravete de la Sierra												SIN INFORMACIÓN
2015	44151	Molinos												SIN INFORMACIÓN
2015	44152	Monforte de Moyuela												SIN INFORMACIÓN
2015	44153	Monreal del Campo	8,0	3,0	5,0	4655,0	568,0	4087,0	3,0	3,0	0,0	5,0	5,0	COMPLETA
2015	44154	Monroyo												SIN INFORMACIÓN
2015	44155	Montalbán	3,0	1,0	2,0	532,0	359,0	173,0	1,0	2,0	3,0	0,0	0,0	COMPLETA
2015	44156	Monteagudo del Castillo												SIN INFORMACIÓN
2015	44157	Monterde de Albarracín												SIN INFORMACIÓN
2015	44158	Mora de Rubielos	0,0	0,0	0,0	0,0	0,0	0,0	0,0	4,0	0,0	1,0	0,0	COMPLETA
2015	44159	Moscardón												SIN INFORMACIÓN
2015	44160	Mosqueruela	0,0	0,0	0,0	0,0	0,0	0,0	0,0	2,0	2,0	0,0	0,0	COMPLETA
2015	44161	Muniesa	3,0	2,0	1,0	1290,0	435,0	855,0	2,0	1,0	0,0	2,0	0,0	COMPLETA
2015	44163	Noguera de Albarracín	1,0	1,0	0,0	311,0	311,0	0,0	2,0	1,0	0,0	0,0	0,0	COMPLETA
2015	44164	Nogueras												SIN INFORMACIÓN
2015	44165	Nogueruelas												SIN INFORMACIÓN
2015	44167	Obón												SIN INFORMACIÓN
2015	44168	Odón												SIN INFORMACIÓN
2015	44169	Ojos Negros	6,0	1,0	5,0	6236,0	169,0	6067,0	1,0	1,0	0,0	0,0	0,0	COMPLETA
2015	44171	Olba												SIN INFORMACIÓN
2015	44172	Oliete	0,0	0,0	0,0	0,0	0,0	0,0	0,0	1,0	0,0	1,0	1,0	COMPLETA
2015	44173	Olmos (Los)	2,0	0,0	2,0	784,0	0,0	784,0	0,0	2,0	0,0	0,0	0,0	COMPLETA
2015	44174	Orihuela del Tremedal	2,0	1,0	1,0	380,0	192,0	188,0	1,0	2,0	1,0	2,0	1,0	COMPLETA
2015	44175	Orrios												SIN INFORMACIÓN
2015	44176	Palomar de Arroyos												SIN INFORMACIÓN
2015	44177	Pancrudo												SIN INFORMACIÓN
2015	44178	Parras de Castellote (Las)												SIN INFORMACIÓN
2015	44179	Peñarroya de Tastavins	0,0	0,0	0,0	0,0	0,0	0,0	0,0	1,0	0,0	0,0	0,0	COMPLETA
2015	44180	Peracense	1,0	1,0	0,0	187,0	187,0	0,0	1,0	0,0	0,0	1,0	1,0	COMPLETA
2015	44181	Peralejos												SIN INFORMACIÓN
2015	44182	Perales del Alfambra												SIN INFORMACIÓN
2015	44183	Pitarque												SIN INFORMACIÓN
2015	44184	Plou												SIN INFORMACIÓN
2015	44185	Pobo (El)												SIN INFORMACIÓN
2015	44187	Portellada (La)	1,0	0,0	1,0	165,0	0,0	165,0	0,0	0,0	0,0	0,0	0,0	COMPLETA
2015	44189	Pozondón	1,0	0,0	1,0	46,0	0,0	46,0	0,0	1,0	0,0	0,0	0,0	COMPLETA
2015	44190	Pozuel del Campo	0,0	0,0	0,0	0,0	0,0	0,0	0,0	2,0	0,0	0,0	0,0	COMPLETA
2015	44191	Puebla de Híjar (La)	4,0	0,0	4,0	1085,0	0,0	1085,0	0,0	0,0	0,0	3,0	3,0	COMPLETA
2015	44192	Puebla de Valverde (La)	3,0	1,0	2,0	406,0	106,0	300,0	1,0	3,0	0,0	1,0	2,0	COMPLETA
2015	44193	Puertomingalvo	0,0	0,0	0,0	0,0	0,0	0,0	0,0	2,0	0,0	0,0	0,0	COMPLETA
2015	44194	Ráfales												SIN INFORMACIÓN
2015	44195	Rillo												SIN INFORMACIÓN
2015	44196	Riodeva												SIN INFORMACIÓN
2015	44197	Ródenas												SIN INFORMACIÓN
2015	44198	Royuela												SIN INFORMACIÓN
2015	44199	Rubiales												SIN INFORMACIÓN
2015	44200	Rubielos de la Cérida												SIN INFORMACIÓN
2015	44201	Rubielos de Mora	0,0	0,0	0,0	0,0	0,0	0,0	0,0	4,0	0,0	0,0	0,0	COMPLETA
2015	44203	Salcedillo												SIN INFORMACIÓN
2015	44204	Saldón												SIN INFORMACIÓN
2015	44205	Samper de Calanda	0,0	0,0	0,0	0,0	0,0	0,0	0,0	2,0	0,0	0,0	0,0	COMPLETA
2015	44206	San Agustín												SIN INFORMACIÓN
2015	44207	San Martín del Río												SIN INFORMACIÓN
2015	44208	Santa Cruz de Nogueras												SIN INFORMACIÓN
2015	44209	Santa Eulalia	3,0	0,0	3,0	1385,0	0,0	1385,0	0,0	0,0	0,0	0,0	0,0	COMPLETA
2015	44210	Sarrión	7,0	4,0	3,0	3218,0	1549,0	1669,0	4,0	4,0	1,0	1,0	2,0	COMPLETA
2015	44211	Segura de los Baños												SIN INFORMACIÓN
2015	44212	Seno												SIN INFORMACIÓN
2015	44213	Singra												SIN INFORMACIÓN
2015	44215	Terriente												SIN INFORMACIÓN
2015	44216	Teruel	16,0	12,0	4,0	10528,0	7163,0	3365,0	36,0	9,0	0,0	4,0	1,0	COMPLETA
2015	44217	Toril y Masegoso												SIN INFORMACIÓN
2015	44218	Tormón												SIN INFORMACIÓN
2015	44219	Tornos												SIN INFORMACIÓN
2015	44220	Torralba de los Sisones												SIN INFORMACIÓN
2015	44221	Torrecilla de Alcañiz								3,0				INCOMPLETA
2015	44222	Torrecilla del Rebollar												SIN INFORMACIÓN
2015	44223	Torre de Arcas												SIN INFORMACIÓN
2015	44224	Torre de las Arcas												SIN INFORMACIÓN
2015	44225	Torre del Compte	0,0	0,0	0,0	0,0	0,0	0,0	0,0	2,0	1,0	0,0	0,0	COMPLETA
2015	44226	Torrelacárcel												SIN INFORMACIÓN
2015	44227	Torre los Negros												SIN INFORMACIÓN
2015	44228	Torremocha de Jiloca												SIN INFORMACIÓN
2015	44229	Torres de Albarracín												SIN INFORMACIÓN
2015	44230	Torrevelilla												SIN INFORMACIÓN
2015	44231	Torrijas	1,0	1,0	0,0	246,0	246,0	0,0	1,0	1,0	0,0	1,0	1,0	COMPLETA
2015	44232	Torrijo del Campo	2,0	0,0	2,0	1554,0	0,0	1554,0	0,0	0,0	0,0	2,0	1,0	COMPLETA
2015	44234	Tramacastiel	1,0	0,0	1,0	149,0	0,0	149,0	0,0	0,0	0,0	0,0	0,0	COMPLETA
2015	44235	Tramacastilla												SIN INFORMACIÓN
2015	44236	Tronchón	0,0	0,0	0,0	0,0	0,0	0,0	0,0	1,0	0,0	0,0	0,0	COMPLETA
2015	44237	Urrea de Gaén	1,0	1,0	0,0	93,0	93,0	0,0	1,0	3,0	0,0	0,0	0,0	COMPLETA
2015	44238	Utrillas	1,0	1,0	0,0	204,0	204,0	0,0	1,0	0,0	0,0	1,0	1,0	COMPLETA
2015	44239	Valacloche												SIN INFORMACIÓN
2015	44240	Valbona	1,0	1,0	0,0	147,0	147,0	0,0	1,0	0,0	0,0	0,0	0,0	COMPLETA
2015	44241	Valdealgorfa	0,0	0,0	0,0	0,0	0,0	0,0	0,0	1,0	1,0	0,0	0,0	COMPLETA
2015	44243	Valdecuenca												SIN INFORMACIÓN
2015	44244	Valdelinares												SIN INFORMACIÓN
2015	44245	Valdeltormo	1,0	0,0	1,0	108,0	0,0	108,0	0,0	3,0	0,0	0,0	0,0	COMPLETA
2015	44246	Valderrobres	11,0	2,0	9,0	6179,0	492,0	5687,0	2,0	4,0	0,0	0,0	0,0	COMPLETA
2015	44247	Valjunquera	1,0	1,0	0,0	428,0	428,0	0,0	2,0	0,0	0,0	1,0	1,0	COMPLETA
2015	44249	Vallecillo (El)												SIN INFORMACIÓN
2015	44250	Veguillas de la Sierra												SIN INFORMACIÓN
2015	44251	Villafranca del Campo	7,0	0,0	7,0	6867,0	0,0	6867,0	0,0	0,0	0,0	0,0	0,0	COMPLETA
2015	44252	Villahermosa del Campo												SIN INFORMACIÓN
2015	44256	Villanueva del Rebollar de la Sierra												SIN INFORMACIÓN
2015	44257	Villar del Cobo	0,0	0,0	0,0	0,0	0,0	0,0	0,0	1,0	0,0	0,0	0,0	COMPLETA
2015	44258	Villar del Salz												SIN INFORMACIÓN
2015	44260	Villarluengo												SIN INFORMACIÓN
2015	44261	Villarquemado	2,0	2,0	0,0	385,0	385,0	0,0	2,0	0,0	0,0	0,0	0,0	COMPLETA
2015	44262	Villarroya de los Pinares												SIN INFORMACIÓN
2015	44263	Villastar	0,0	0,0	0,0	0,0	0,0	0,0	0,0	1,0	0,0	0,0	0,0	COMPLETA
2015	44264	Villel												SIN INFORMACIÓN
2015	44265	Vinaceite	1,0	0,0	1,0	144,0	0,0	144,0	0,0	0,0	0,0	0,0	0,0	COMPLETA
2015	44266	Visiedo												SIN INFORMACIÓN
2015	44267	Vivel del Río Martín												SIN INFORMACIÓN
2015	44268	Zoma (La)												SIN INFORMACIÓN
2015	50001	Abanto												SIN INFORMACIÓN
2015	50002	Acered												SIN INFORMACIÓN
2015	50003	Agón												SIN INFORMACIÓN
2015	50004	Aguarón												SIN INFORMACIÓN
2015	50005	Aguilón												SIN INFORMACIÓN
2015	50006	Ainzón	5,0	1,0	4,0	4661,0	195,0	4466,0	1,0	1,0	0,0	0,0	0,0	COMPLETA
2015	50007	Aladrén												SIN INFORMACIÓN
2015	50008	Alagón	2,0	1,0	1,0	3126,0	401,0	2725,0	1,0	5,0	0,0	2,0	2,0	COMPLETA
2015	50009	Alarba												SIN INFORMACIÓN
2015	50010	Alberite de San Juan												SIN INFORMACIÓN
2015	50011	Albeta												SIN INFORMACIÓN
2015	50012	Alborge												SIN INFORMACIÓN
2015	50013	Alcalá de Ebro												SIN INFORMACIÓN
2015	50014	Alcalá de Moncayo												SIN INFORMACIÓN
2015	50015	Alconchel de Ariza												SIN INFORMACIÓN
2015	50016	Aldehuela de Liestos												SIN INFORMACIÓN
2015	50017	Alfajarín	1,0	1,0	0,0	240,0	240,0	0,0	1,0	0,0	0,0	0,0	0,0	COMPLETA
2015	50018	Alfamén	0,0	0,0	0,0	0,0	0,0	0,0	0,0	3,0	0,0	0,0	0,0	COMPLETA
2015	50019	Alforque												SIN INFORMACIÓN
2015	50020	Alhama de Aragón	0,0	0,0	0,0	0,0	0,0	0,0	0,0	1,0	0,0	0,0	0,0	COMPLETA
2015	50021	Almochuel												SIN INFORMACIÓN
2015	50022	Almolda (La)	1,0	0,0	1,0	88,0	0,0	88,0	0,0	4,0	0,0	4,0	0,0	COMPLETA
2015	50023	Almonacid de la Cuba	1,0	1,0	0,0	221,0	221,0	0,0	1,0	0,0	0,0	0,0	0,0	COMPLETA
2015	50024	Almonacid de la Sierra												SIN INFORMACIÓN
2015	50025	Almunia de Doña Godina (La)	6,0	4,0	2,0	1064,0	867,0	197,0	4,0	5,0	4,0	8,0	6,0	COMPLETA
2015	50026	Alpartir	0,0	0,0	0,0	0,0	0,0	0,0	0,0	1,0	0,0	3,0	3,0	COMPLETA
2015	50027	Ambel	2,0	2,0	0,0	420,0	420,0	0,0	2,0	0,0	0,0	0,0	0,0	COMPLETA
2015	50028	Anento												SIN INFORMACIÓN
2015	50029	Aniñón	0,0	0,0	0,0	0,0	0,0	0,0	0,0	4,0	0,0	0,0	0,0	COMPLETA
2015	50030	Añón de Moncayo												SIN INFORMACIÓN
2015	50031	Aranda de Moncayo												SIN INFORMACIÓN
2015	50032	Arándiga												SIN INFORMACIÓN
2015	50033	Ardisa												SIN INFORMACIÓN
2015	50034	Ariza	1,0	1,0	0,0	105,0	105,0	0,0	1,0	0,0	0,0	2,0	2,0	COMPLETA
2015	50035	Artieda	2,0		2,0	798,0		798,0						INCOMPLETA
2015	50036	Asín												SIN INFORMACIÓN
2015	50037	Atea												SIN INFORMACIÓN
2015	50038	Ateca	1,0	0,0	1,0	136,0	0,0	136,0	0,0	1,0	1,0	0,0	0,0	COMPLETA
2015	50039	Azuara	1,0	1,0	0,0	403,0	403,0	0,0	1,0	2,0	0,0	0,0	0,0	COMPLETA
2015	50040	Badules												SIN INFORMACIÓN
2015	50041	Bagüés												SIN INFORMACIÓN
2015	50042	Balconchán												SIN INFORMACIÓN
2015	50043	Bárboles	1,0	1,0	0,0	127,0	127,0	0,0	1,0	1,0	0,0	1,0	1,0	COMPLETA
2015	50044	Bardallur												SIN INFORMACIÓN
2015	50045	Belchite	0,0	0,0	0,0	0,0	0,0	0,0	0,0	1,0	0,0	0,0	0,0	COMPLETA
2015	50046	Belmonte de Gracián												SIN INFORMACIÓN
2015	50047	Berdejo												SIN INFORMACIÓN
2015	50048	Berrueco												SIN INFORMACIÓN
2015	50050	Bijuesca												SIN INFORMACIÓN
2015	50051	Biota	1,0	0,0	1,0	1662,0	0,0	1662,0	0,0	1,0	0,0	0,0	0,0	COMPLETA
2015	50052	Bisimbre												SIN INFORMACIÓN
2015	50053	Boquiñeni	1,0	1,0	0,0	272,0	272,0	0,0	1,0	0,0	0,0	2,0	1,0	COMPLETA
2015	50054	Bordalba												SIN INFORMACIÓN
2015	50055	Borja	0,0	0,0	0,0	0,0	0,0	0,0	0,0	3,0	2,0	0,0	0,0	COMPLETA
2015	50056	Botorrita	0,0	0,0	0,0	0,0	0,0	0,0	0,0	1,0	0,0	0,0	0,0	COMPLETA
2015	50057	Brea de Aragón	0,0	0,0	0,0	0,0	0,0	0,0	0,0	3,0	0,0	0,0	0,0	COMPLETA
2015	50058	Bubierca												SIN INFORMACIÓN
2015	50059	Bujaraloz	4,0	1,0	3,0	4147,0	401,0	3746,0	1,0	0,0	0,0	0,0	0,0	COMPLETA
2015	50060	Bulbuente	0,0	0,0	0,0	0,0	0,0	0,0	0,0	1,0	0,0	0,0	0,0	COMPLETA
2015	50061	Bureta												SIN INFORMACIÓN
2015	50062	Burgo de Ebro (El)												SIN INFORMACIÓN
2015	50063	Buste (El)	0,0	0,0	0,0	0,0	0,0	0,0	0,0	1,0	0,0	2,0	2,0	COMPLETA
2015	50064	Cabañas de Ebro	1,0	1,0	0,0	422,0	422,0	0,0	1,0	0,0	0,0	0,0	0,0	COMPLETA
2015	50065	Cabolafuente												SIN INFORMACIÓN
2015	50066	Cadrete	4,0	4,0	0,0	923,0	923,0	0,0	4,0	4,0	1,0	1,0	2,0	COMPLETA
2015	50067	Calatayud	3,0	1,0	2,0	2002,0	151,0	1851,0	1,0	1,0	0,0	2,0	2,0	COMPLETA
2015	50068	Calatorao	1,0	1,0	0,0	183,0	183,0	0,0	1,0	0,0	0,0	0,0	0,0	COMPLETA
2015	50069	Calcena												SIN INFORMACIÓN
2015	50070	Calmarza												SIN INFORMACIÓN
2015	50071	Campillo de Aragón												SIN INFORMACIÓN
2015	50072	Carenas												SIN INFORMACIÓN
2015	50073	Cariñena	2,0	2,0	0,0	381,0	381,0	0,0	2,0	1,0	1,0	0,0	0,0	COMPLETA
2015	50074	Caspe	12,0	5,0	7,0	2975,0	1798,0	1177,0	4,0	8,0	0,0	6,0	5,0	COMPLETA
2015	50075	Castejón de Alarba												SIN INFORMACIÓN
2015	50076	Castejón de las Armas	0,0	0,0	0,0	0,0	0,0	0,0	0,0	1,0	0,0	0,0	0,0	COMPLETA
2015	50077	Castejón de Valdejasa	1,0		1,0	275,0		275,0						INCOMPLETA
2015	50078	Castiliscar												SIN INFORMACIÓN
2015	50079	Cervera de la Cañada	1,0	0,0	1,0	145,0	0,0	145,0	0,0	0,0	0,0	0,0	0,0	COMPLETA
2015	50080	Cerveruela												SIN INFORMACIÓN
2015	50081	Cetina	1,0	1,0	0,0	279,0	279,0	0,0	1,0	0,0	0,0	0,0	0,0	COMPLETA
2015	50082	Cimballa												SIN INFORMACIÓN
2015	50083	Cinco Olivas												SIN INFORMACIÓN
2015	50084	Clarés de Ribota												SIN INFORMACIÓN
2015	50085	Codo												SIN INFORMACIÓN
2015	50086	Codos												SIN INFORMACIÓN
2015	50087	Contamina												SIN INFORMACIÓN
2015	50088	Cosuenda												SIN INFORMACIÓN
2015	50089	Cuarte de Huerva	6,0	1,0	5,0	11643,0	135,0	11508,0	1,0	9,0	0,0	0,0	0,0	COMPLETA
2015	50090	Cubel												SIN INFORMACIÓN
2015	50091	Cuerlas (Las)												SIN INFORMACIÓN
2015	50092	Chiprana	0,0	0,0	0,0	0,0	0,0	0,0	0,0	1,0	0,0	0,0	0,0	COMPLETA
2015	50093	Chodes												SIN INFORMACIÓN
2015	50094	Daroca												SIN INFORMACIÓN
2015	50095	Ejea de los Caballeros	8,0	2,0	6,0	2560,0	513,0	2047,0	2,0	16,0	1,0	1,0	3,0	COMPLETA
2015	50096	Embid de Ariza												SIN INFORMACIÓN
2015	50098	Encinacorba												SIN INFORMACIÓN
2015	50099	Épila	1,0	0,0	1,0	30,0	0,0	30,0	0,0	3,0	0,0	0,0	0,0	COMPLETA
2015	50100	Erla												SIN INFORMACIÓN
2015	50101	Escatrón	1,0	0,0	1,0	70,0	0,0	70,0	0,0	1,0	0,0	2,0	1,0	COMPLETA
2015	50102	Fabara	0,0	0,0	0,0	0,0	0,0	0,0	0,0	6,0	1,0	1,0	0,0	COMPLETA
2015	50104	Farlete												SIN INFORMACIÓN
2015	50105	Fayón	2,0	1,0	1,0	244,0	108,0	136,0	1,0	0,0	0,0	1,0	0,0	COMPLETA
2015	50106	Fayos (Los)												SIN INFORMACIÓN
2015	50107	Figueruelas	0,0	0,0	0,0	0,0	0,0	0,0	0,0	1,0	1,0	1,0	1,0	COMPLETA
2015	50108	Fombuena												SIN INFORMACIÓN
2015	50109	Frago (El)	0,0	0,0	0,0	0,0	0,0	0,0	0,0	2,0	1,0	0,0	0,0	COMPLETA
2015	50110	Frasno (El)												SIN INFORMACIÓN
2015	50111	Fréscano	2,0	0,0	2,0	3752,0	0,0	3752,0	0,0	0,0	0,0	0,0	0,0	COMPLETA
2015	50113	Fuendejalón												SIN INFORMACIÓN
2015	50114	Fuendetodos												SIN INFORMACIÓN
2015	50115	Fuentes de Ebro	1,0	1,0	0,0	337,0	337,0	0,0	1,0	0,0	0,0	0,0	0,0	COMPLETA
2015	50116	Fuentes de Jiloca												SIN INFORMACIÓN
2015	50117	Gallocanta												SIN INFORMACIÓN
2015	50118	Gallur	2,0	1,0	1,0	329,0	258,0	71,0	1,0	1,0	0,0	0,0	0,0	COMPLETA
2015	50119	Gelsa	1,0	1,0	0,0	193,0	193,0	0,0	1,0	1,0	0,0	2,0	1,0	COMPLETA
2015	50120	Godojos												SIN INFORMACIÓN
2015	50121	Gotor												SIN INFORMACIÓN
2015	50122	Grisel	1,0	0,0	1,0	54,0	0,0	54,0	0,0	0,0	0,0	1,0	0,0	COMPLETA
2015	50123	Grisén	1,0	1,0	0,0	163,0	163,0	0,0	1,0	1,0	0,0	2,0	1,0	COMPLETA
2015	50124	Herrera de los Navarros	1,0	1,0	0,0	189,0	189,0	0,0	1,0	0,0	0,0	1,0	1,0	COMPLETA
2015	50125	Ibdes	1,0	0,0	1,0	567,0	0,0	567,0	0,0	1,0	0,0	0,0	0,0	COMPLETA
2015	50126	Illueca	1,0	0,0	1,0	73,0	0,0	73,0	0,0	0,0	0,0	1,0	0,0	COMPLETA
2015	50128	Isuerre												SIN INFORMACIÓN
2015	50129	Jaraba												SIN INFORMACIÓN
2015	50130	Jarque												SIN INFORMACIÓN
2015	50131	Jaulín	3,0	0,0	3,0	1807,0	0,0	1807,0	0,0	0,0	0,0	0,0	0,0	COMPLETA
2015	50132	Joyosa (La)	0,0	0,0	0,0	0,0	0,0	0,0	0,0	2,0	0,0	0,0	0,0	COMPLETA
2015	50133	Lagata	1,0	1,0	0,0	87,0	87,0	0,0	1,0	0,0	0,0	0,0	0,0	COMPLETA
2015	50134	Langa del Castillo	5,0		5,0	3050,0		3050,0						INCOMPLETA
2015	50135	Layana	0,0	0,0	0,0	0,0	0,0	0,0	0,0	1,0	0,0	0,0	0,0	COMPLETA
2015	50136	Lécera	5,0	1,0	4,0	2154,0	137,0	2017,0	1,0	0,0	0,0	1,0	0,0	COMPLETA
2015	50137	Leciñena	3,0	1,0	2,0	2129,0	247,0	1882,0	1,0	0,0	0,0	0,0	0,0	COMPLETA
2015	50138	Lechón												SIN INFORMACIÓN
2015	50139	Letux	1,0		1,0	180,0		180,0				1,0		INCOMPLETA
2015	50140	Litago	1,0	0,0	1,0	75,0	0,0	75,0	0,0	0,0	0,0	0,0	0,0	COMPLETA
2015	50141	Lituénigo												SIN INFORMACIÓN
2015	50142	Lobera de Onsella	0,0	0,0	0,0	0,0	0,0	0,0	0,0	2,0	0,0	0,0	0,0	COMPLETA
2015	50143	Longares												SIN INFORMACIÓN
2015	50144	Longás												SIN INFORMACIÓN
2015	50146	Lucena de Jalón	2,0	0,0	2,0	632,0	0,0	632,0	0,0	0,0	0,0	0,0	0,0	COMPLETA
2015	50147	Luceni	1,0	1,0	0,0	182,0	182,0	0,0	1,0	0,0	0,0	1,0	1,0	COMPLETA
2015	50148	Luesia												SIN INFORMACIÓN
2015	50149	Luesma												SIN INFORMACIÓN
2015	50150	Lumpiaque	0,0	0,0	0,0	0,0	0,0	0,0	0,0	0,0	0,0	0,0	0,0	COMPLETA
2015	50151	Luna	5,0	1,0	4,0	3844,0	122,0	3722,0	1,0	2,0	0,0	0,0	0,0	COMPLETA
2015	50152	Maella	7,0	0,0	7,0	4423,0	0,0	4423,0	0,0	5,0	0,0	0,0	0,0	COMPLETA
2015	50153	Magallón												SIN INFORMACIÓN
2015	50154	Mainar												SIN INFORMACIÓN
2015	50155	Malanquilla												SIN INFORMACIÓN
2015	50156	Maleján												SIN INFORMACIÓN
2015	50157	Malón												SIN INFORMACIÓN
2015	50159	Maluenda	1,0	1,0	0,0	137,0	137,0	0,0	1,0	0,0	0,0	0,0	0,0	COMPLETA
2015	50160	Mallén	2,0	0,0	2,0	1967,0	0,0	1967,0	0,0	3,0	0,0	2,0	2,0	COMPLETA
2015	50161	Manchones												SIN INFORMACIÓN
2015	50162	Mara												SIN INFORMACIÓN
2015	50163	María de Huerva	0,0	0,0	0,0	0,0	0,0	0,0	0,0	0,0	0,0	1,0	0,0	COMPLETA
2015	50164	Mediana de Aragón												SIN INFORMACIÓN
2015	50165	Mequinenza	1,0	0,0	1,0	1000,0	0,0	1000,0	0,0	5,0	0,0	0,0	0,0	COMPLETA
2015	50166	Mesones de Isuela												SIN INFORMACIÓN
2015	50167	Mezalocha												SIN INFORMACIÓN
2015	50168	Mianos												SIN INFORMACIÓN
2015	50169	Miedes de Aragón												SIN INFORMACIÓN
2015	50170	Monegrillo												SIN INFORMACIÓN
2015	50171	Moneva												SIN INFORMACIÓN
2015	50172	Monreal de Ariza	1,0	1,0	0,0	686,0	686,0	0,0	1,0	0,0	0,0	0,0	0,0	COMPLETA
2015	50173	Monterde												SIN INFORMACIÓN
2015	50174	Montón	0,0	0,0	0,0	0,0	0,0	0,0	0,0	0,0	0,0	1,0	0,0	COMPLETA
2015	50175	Morata de Jalón	1,0	1,0	0,0	282,0	282,0	0,0	1,0	1,0	0,0	0,0	0,0	COMPLETA
2015	50176	Morata de Jiloca												SIN INFORMACIÓN
2015	50177	Morés	1,0	0,0	1,0	61,0	0,0	61,0	0,0	0,0	0,0	0,0	0,0	COMPLETA
2015	50178	Moros												SIN INFORMACIÓN
2015	50179	Moyuela												SIN INFORMACIÓN
2015	50180	Mozota	0,0	0,0	0,0	0,0	0,0	0,0	0,0	1,0	0,0	0,0	0,0	COMPLETA
2015	50181	Muel	1,0	1,0	0,0	241,0	241,0	0,0	1,0	0,0	0,0	0,0	0,0	COMPLETA
2015	50182	Muela (La)	2,0	1,0	1,0	698,0	278,0	420,0	1,0	5,0		1,0		INCOMPLETA
2015	50183	Munébrega												SIN INFORMACIÓN
2015	50184	Murero												SIN INFORMACIÓN
2015	50185	Murillo de Gállego	0,0	0,0	0,0	0,0	0,0	0,0	0,0	2,0	0,0	0,0	0,0	COMPLETA
2015	50186	Navardún												SIN INFORMACIÓN
2015	50187	Nigüella												SIN INFORMACIÓN
2015	50188	Nombrevilla												SIN INFORMACIÓN
2015	50189	Nonaspe	2,0	1,0	1,0	240,0	220,0	20,0	1,0	2,0	0,0	1,0	0,0	COMPLETA
2015	50190	Novallas												SIN INFORMACIÓN
2015	50191	Novillas	3,0	1,0	2,0	1988,0	224,0	1764,0	1,0	0,0	0,0	2,0	0,0	COMPLETA
2015	50192	Nuévalos	0,0	0,0	0,0	0,0	0,0	0,0	0,0	1,0	0,0	0,0	0,0	COMPLETA
2015	50193	Nuez de Ebro	1,0	0,0	1,0	25,0	0,0	25,0	0,0	0,0	0,0	0,0	0,0	COMPLETA
2015	50194	Olvés												SIN INFORMACIÓN
2015	50195	Orcajo												SIN INFORMACIÓN
2015	50196	Orera												SIN INFORMACIÓN
2015	50197	Orés												SIN INFORMACIÓN
2015	50198	Oseja												SIN INFORMACIÓN
2015	50199	Osera de Ebro	0,0	0,0	0,0	0,0	0,0	0,0	0,0	0,0	0,0	1,0	1,0	COMPLETA
2015	50200	Paniza	0,0	0,0	0,0	0,0	0,0	0,0	0,0	2,0	0,0	3,0	3,0	COMPLETA
2015	50201	Paracuellos de Jiloca												SIN INFORMACIÓN
2015	50202	Paracuellos de la Ribera												SIN INFORMACIÓN
2015	50203	Pastriz	1,0	1,0	0,0	318,0	318,0	0,0	1,0	1,0	0,0	0,0	0,0	COMPLETA
2015	50204	Pedrola	3,0	0,0	3,0	1717,0	0,0	1717,0	0,0	1,0	0,0	3,0	2,0	COMPLETA
2015	50205	Pedrosas (Las)												SIN INFORMACIÓN
2015	50206	Perdiguera	2,0	0,0	2,0	3765,0	0,0	3765,0	0,0	0,0	0,0	0,0	0,0	COMPLETA
2015	50207	Piedratajada												SIN INFORMACIÓN
2015	50208	Pina de Ebro	1,0	0,0	1,0	1389,0	0,0	1389,0	0,0	2,0	0,0	0,0	0,0	COMPLETA
2015	50209	Pinseque	2,0	2,0	0,0	595,0	595,0	0,0	2,0	4,0	0,0	4,0	2,0	COMPLETA
2015	50210	Pintanos (Los)												SIN INFORMACIÓN
2015	50211	Plasencia de Jalón												SIN INFORMACIÓN
2015	50212	Pleitas												SIN INFORMACIÓN
2015	50213	Plenas												SIN INFORMACIÓN
2015	50214	Pomer	1,0	1,0	0,0	97,0	97,0	0,0	1,0	0,0	0,0	0,0	0,0	COMPLETA
2015	50215	Pozuel de Ariza												SIN INFORMACIÓN
2015	50216	Pozuelo de Aragón												SIN INFORMACIÓN
2015	50217	Pradilla de Ebro	1,0	0,0	1,0	1523,0	0,0	1523,0	0,0	1,0	0,0	1,0	1,0	COMPLETA
2015	50218	Puebla de Albortón												SIN INFORMACIÓN
2015	50219	Puebla de Alfindén (La)	0,0	0,0	0,0	0,0	0,0	0,0	0,0	7,0	0,0	2,0	1,0	COMPLETA
2015	50220	Puendeluna												SIN INFORMACIÓN
2015	50221	Purujosa												SIN INFORMACIÓN
2015	50222	Quinto	5,0	2,0	3,0	4297,0	389,0	3908,0	2,0	0,0	0,0	0,0	0,0	COMPLETA
2015	50223	Remolinos												SIN INFORMACIÓN
2015	50224	Retascón												SIN INFORMACIÓN
2015	50225	Ricla	3,0	1,0	2,0	655,0	342,0	313,0	1,0	3,0	0,0	0,0	0,0	COMPLETA
2015	50227	Romanos												SIN INFORMACIÓN
2015	50228	Rueda de Jalón												SIN INFORMACIÓN
2015	50229	Ruesca												SIN INFORMACIÓN
2015	50230	Sádaba	1,0	0,0	1,0	1029,0	0,0	1029,0	0,0	2,0	0,0	0,0	0,0	COMPLETA
2015	50231	Salillas de Jalón												SIN INFORMACIÓN
2015	50232	Salvatierra de Esca												SIN INFORMACIÓN
2015	50233	Samper del Salz	0,0	0,0	0,0	0,0	0,0	0,0	0,0	0,0	0,0	2,0	2,0	COMPLETA
2015	50234	San Martín de la Virgen de Moncayo	1,0	1,0	0,0	82,0	82,0	0,0	1,0	0,0	0,0	0,0	0,0	COMPLETA
2015	50235	San Mateo de Gállego	11,0	3,0	8,0	16391,0	353,0	16038,0	3,0	0,0	0,0	2,0	2,0	COMPLETA
2015	50236	Santa Cruz de Grío												SIN INFORMACIÓN
2015	50237	Santa Cruz de Moncayo												SIN INFORMACIÓN
2015	50238	Santa Eulalia de Gállego								2,0				INCOMPLETA
2015	50239	Santed												SIN INFORMACIÓN
2015	50240	Sástago												SIN INFORMACIÓN
2015	50241	Saviñán	0,0	0,0	0,0	0,0	0,0	0,0	0,0	3,0	0,0	0,0	0,0	COMPLETA
2015	50242	Sediles												SIN INFORMACIÓN
2015	50243	Sestrica												SIN INFORMACIÓN
2015	50244	Sierra de Luna												SIN INFORMACIÓN
2015	50245	Sigüés	0,0	0,0	0,0	0,0	0,0	0,0	0,0	2,0	0,0	0,0	0,0	COMPLETA
2015	50246	Sisamón												SIN INFORMACIÓN
2015	50247	Sobradiel	2,0	1,0	1,0	138,0	88,0	50,0	1,0	0,0	0,0	0,0	0,0	COMPLETA
2015	50248	Sos del Rey Católico												SIN INFORMACIÓN
2015	50249	Tabuenca												SIN INFORMACIÓN
2015	50250	Talamantes	0,0	0,0	0,0	0,0	0,0	0,0	0,0	1,0	0,0	0,0	0,0	COMPLETA
2015	50251	Tarazona	2,0	0,0	2,0	2780,0	0,0	2780,0	0,0	2,0	1,0	0,0	0,0	COMPLETA
2015	50252	Tauste	3,0	1,0	2,0	1752,0	471,0	1281,0	2,0	2,0	1,0	3,0	2,0	INCOMPLETA
2015	50253	Terrer												SIN INFORMACIÓN
2015	50254	Tierga												SIN INFORMACIÓN
2015	50255	Tobed												SIN INFORMACIÓN
2015	50256	Torralba de los Frailes												SIN INFORMACIÓN
2015	50257	Torralba de Ribota												SIN INFORMACIÓN
2015	50258	Torralbilla	0,0	0,0	0,0	0,0	0,0	0,0	0,0	1,0	0,0	0,0	0,0	COMPLETA
2015	50259	Torrehermosa												SIN INFORMACIÓN
2015	50260	Torrelapaja												SIN INFORMACIÓN
2015	50261	Torrellas	2,0	1,0	1,0	251,0	226,0	25,0	1,0	1,0	0,0	1,0	1,0	COMPLETA
2015	50262	Torres de Berrellén	0,0	0,0	0,0	0,0	0,0	0,0	0,0	2,0	0,0	1,0	0,0	COMPLETA
2015	50263	Torrijo de la Cañada	1,0	1,0	0,0	175,0	175,0	0,0	1,0	4,0	0,0	0,0	0,0	COMPLETA
2015	50264	Tosos												SIN INFORMACIÓN
2015	50265	Trasmoz												SIN INFORMACIÓN
2015	50266	Trasobares												SIN INFORMACIÓN
2015	50267	Uncastillo												SIN INFORMACIÓN
2015	50268	Undués de Lerda												SIN INFORMACIÓN
2015	50269	Urrea de Jalón	0,0	0,0	0,0	0,0	0,0	0,0	0,0	1,0	0,0	2,0	2,0	COMPLETA
2015	50270	Urriés												SIN INFORMACIÓN
2015	50271	Used	1,0	1,0	0,0	475,0	475,0	0,0	2,0	0,0	0,0	0,0	0,0	COMPLETA
2015	50272	Utebo	0,0	0,0	0,0	0,0	0,0	0,0	0,0	4,0	1,0	6,0	3,0	COMPLETA
2015	50273	Valdehorna												SIN INFORMACIÓN
2015	50274	Val de San Martín												SIN INFORMACIÓN
2015	50275	Valmadrid												SIN INFORMACIÓN
2015	50276	Valpalmas												SIN INFORMACIÓN
2015	50277	Valtorres												SIN INFORMACIÓN
2015	50278	Velilla de Ebro	0,0	0,0	0,0	0,0	0,0	0,0	0,0	0,0	0,0	1,0	0,0	COMPLETA
2015	50279	Velilla de Jiloca												SIN INFORMACIÓN
2015	50280	Vera de Moncayo	1,0	0,0	1,0	41,0	0,0	41,0	0,0	3,0	0,0	0,0	0,0	COMPLETA
2015	50281	Vierlas												SIN INFORMACIÓN
2015	50282	Vilueña (La)												SIN INFORMACIÓN
2015	50283	Villadoz												SIN INFORMACIÓN
2015	50284	Villafeliche												SIN INFORMACIÓN
2015	50285	Villafranca de Ebro												SIN INFORMACIÓN
2015	50286	Villalba de Perejil												SIN INFORMACIÓN
2015	50287	Villalengua												SIN INFORMACIÓN
2015	50288	Villanueva de Gállego	1,0	1,0	0,0	242,0	242,0	0,0	1,0	3,0	0,0	1,0	1,0	COMPLETA
2015	50289	Villanueva de Jiloca												SIN INFORMACIÓN
2015	50290	Villanueva de Huerva												SIN INFORMACIÓN
2015	50291	Villar de los Navarros												SIN INFORMACIÓN
2015	50292	Villarreal de Huerva												SIN INFORMACIÓN
2015	50293	Villarroya de la Sierra	2,0	0,0	2,0	324,0	0,0	324,0	0,0	1,0	0,0	0,0	0,0	COMPLETA
2015	50294	Villarroya del Campo												SIN INFORMACIÓN
2015	50295	Vistabella												SIN INFORMACIÓN
2015	50296	Zaida (La)	1,0	0,0	1,0	290,0	0,0	290,0	0,0	0,0	0,0	0,0	0,0	COMPLETA
2015	50297	Zaragoza	134,0	93,0	41,0	344343,0	199444,0	144899,0	1007,0	716,0	21,0	46,0	69,0	COMPLETA
2015	50298	Zuera	1,0	1,0	0,0	65,0	65,0	0,0	1,0	4,0	0,0	1,0	1,0	COMPLETA
2015	50901	Biel												SIN INFORMACIÓN
2015	50902	Marracos												SIN INFORMACIÓN
2015	50903	Villamayor de Gállego	3,0	1,0	2,0	312,0	208,0	104,0	1,0	3,0	0,0	4,0	3,0	COMPLETA
2014	22001	Abiego	1,0	0,0	1,0	51,0	0,0	51,0	0,0	1,0	0,0	0,0	0,0	COMPLETA
2014	22002	Abizanda												SIN INFORMACIÓN
2014	22003	Adahuesca												SIN INFORMACIÓN
2014	22004	Agüero	0,0	0,0	0,0	0,0	0,0	0,0	0,0	2,0	0,0	0,0	0,0	COMPLETA
2014	22006	Aísa	2,0	2,0	0,0	272,0	272,0	0,0	2,0	1,0	0,0	0,0	0,0	COMPLETA
2014	22007	Albalate de Cinca	2,0	0,0	2,0	1771,0	0,0	1771,0	0,0	1,0	0,0	0,0	0,0	COMPLETA
2014	22008	Albalatillo												SIN INFORMACIÓN
2014	22009	Albelda	1,0	0,0	1,0	325,0	0,0	325,0	0,0	2,0	0,0	0,0	0,0	COMPLETA
2014	22011	Albero Alto												SIN INFORMACIÓN
2014	22012	Albero Bajo												SIN INFORMACIÓN
2014	22013	Alberuela de Tubo	3,0	1,0	2,0	1082,0	200,0	882,0	1,0	0,0	0,0	1,0	0,0	COMPLETA
2014	22014	Alcalá de Gurrea	1,0	0,0	1,0	288,0	0,0	288,0	0,0	2,0	0,0	0,0	0,0	COMPLETA
2014	22015	Alcalá del Obispo	3,0	1,0	2,0	834,0	114,0	720,0	1,0	0,0	0,0	4,0	1,0	COMPLETA
2014	22016	Alcampell	1,0	0,0	1,0	176,0	0,0	176,0	0,0	0,0	0,0	0,0	0,0	COMPLETA
2014	22017	Alcolea de Cinca	5,0	0,0	5,0	3742,0	0,0	3742,0	0,0	0,0	0,0	2,0	0,0	COMPLETA
2014	22018	Alcubierre	1,0	0,0	1,0	450,0	0,0	450,0	0,0	0,0	0,0	0,0	0,0	COMPLETA
2014	22019	Alerre												SIN INFORMACIÓN
2014	22020	Alfántega												SIN INFORMACIÓN
2014	22021	Almudévar	7,0	0,0	7,0	7448,0	0,0	7448,0	0,0	1,0	0,0	1,0	1,0	COMPLETA
2014	22022	Almunia de San Juan	3,0	2,0	1,0	732,0	572,0	160,0	2,0	0,0	0,0	0,0	0,0	COMPLETA
2014	22023	Almuniente	2,0	0,0	2,0	2326,0	0,0	2326,0	0,0	0,0	0,0	0,0	0,0	COMPLETA
2014	22024	Alquézar	0,0	0,0	0,0	0,0	0,0	0,0	0,0	2,0	1,0	0,0	0,0	COMPLETA
2014	22025	Altorricón	2,0	2,0	0,0	530,0	530,0	0,0	2,0	0,0	0,0	1,0	1,0	COMPLETA
2014	22027	Angüés	4,0	2,0	2,0	434,0	190,0	244,0	2,0	0,0	0,0	0,0	0,0	COMPLETA
2014	22028	Ansó												SIN INFORMACIÓN
2014	22029	Antillón	0,0	0,0	0,0	0,0	0,0	0,0	0,0	1,0	0,0	0,0	0,0	COMPLETA
2014	22032	Aragüés del Puerto												SIN INFORMACIÓN
2014	22035	Arén	0,0	0,0	0,0	0,0	0,0	0,0	0,0	2,0	0,0	0,0	0,0	COMPLETA
2014	22036	Argavieso	1,0	0,0	1,0	1022,0	0,0	1022,0	0,0	0,0	0,0	0,0	0,0	COMPLETA
2014	22037	Arguis	0,0	0,0	0,0	0,0	0,0	0,0	0,0	2,0	0,0	0,0	0,0	COMPLETA
2014	22039	Ayerbe	0,0	0,0	0,0	0,0	0,0	0,0	0,0	4,0	0,0	1,0	0,0	COMPLETA
2014	22040	Azanuy-Alins												SIN INFORMACIÓN
2014	22041	Azara												SIN INFORMACIÓN
2014	22042	Azlor	0,0	0,0	0,0	0,0	0,0	0,0	0,0	1,0	1,0	0,0	0,0	COMPLETA
2014	22043	Baells	0,0	0,0	0,0	0,0	0,0	0,0	0,0	1,0	0,0	0,0	0,0	COMPLETA
2014	22044	Bailo												SIN INFORMACIÓN
2014	22045	Baldellou												SIN INFORMACIÓN
2014	22046	Ballobar												SIN INFORMACIÓN
2014	22047	Banastás												SIN INFORMACIÓN
2014	22048	Barbastro	6,0	4,0	2,0	2965,0	1212,0	1753,0	5,0	2,0	4,0	1,0	2,0	INCOMPLETA
2014	22049	Barbués	3,0	0,0	3,0	3646,0	0,0	3646,0	0,0	0,0	0,0	0,0	0,0	COMPLETA
2014	22050	Barbuñales	2,0	0,0	2,0	1764,0	0,0	1764,0	0,0	0,0	0,0	0,0	0,0	COMPLETA
2014	22051	Bárcabo												SIN INFORMACIÓN
2014	22052	Belver de Cinca	4,0	1,0	3,0	7520,0	250,0	7270,0	1,0	1,0	1,0	0,0	0,0	COMPLETA
2014	22053	Benabarre	7,0	0,0	7,0	2523,0	0,0	2523,0	0,0	6,0	0,0	1,0	0,0	COMPLETA
2014	22054	Benasque	0,0	0,0	0,0	0,0	0,0	0,0	0,0	4,0	0,0	0,0	0,0	COMPLETA
2014	22055	Berbegal	1,0	0,0	1,0	117,0	0,0	117,0	0,0	0,0	0,0	0,0	0,0	COMPLETA
2014	22057	Bielsa	1,0	0,0	1,0	195,0	0,0	195,0	0,0	1,0	0,0	0,0	0,0	COMPLETA
2014	22058	Bierge	1,0	0,0	1,0	195,0	0,0	195,0	0,0	6,0	0,0	0,0	0,0	COMPLETA
2014	22059	Biescas	4,0	0,0	4,0	1250,0	0,0	1250,0	0,0	1,0	1,0	0,0	0,0	COMPLETA
2014	22060	Binaced	11,0	3,0	8,0	6830,0	516,0	6314,0	3,0	3,0	1,0	0,0	0,0	COMPLETA
2014	22061	Binéfar	9,0	1,0	8,0	17964,0	11813,0	6151,0	0,0	7,0	0,0	1,0	0,0	COMPLETA
2014	22062	Bisaurri	1,0	0,0	1,0	63,0	0,0	63,0	0,0	1,0	0,0	0,0	0,0	COMPLETA
2014	22063	Biscarrués	1,0	0,0	1,0	23,0	0,0	23,0	0,0	2,0	1,0	0,0	0,0	COMPLETA
2014	22064	Blecua y Torres	7,0	0,0	7,0	4272,0	0,0	4272,0	0,0	5,0	0,0	1,0	0,0	COMPLETA
2014	22066	Boltaña	1,0	0,0	1,0	122,0	0,0	122,0	0,0	2,0	0,0	0,0	0,0	COMPLETA
2014	22067	Bonansa	1,0	1,0	0,0	485,0	485,0	0,0	1,0	0,0	0,0	0,0	0,0	COMPLETA
2014	22068	Borau												SIN INFORMACIÓN
2014	22069	Broto												SIN INFORMACIÓN
2014	22072	Caldearenas												SIN INFORMACIÓN
2014	22074	Campo												SIN INFORMACIÓN
2014	22075	Camporrells												SIN INFORMACIÓN
2014	22076	Canal de Berdún	0,0	0,0	0,0	0,0	0,0	0,0	0,0	1,0	0,0	0,0	0,0	COMPLETA
2014	22077	Candasnos												SIN INFORMACIÓN
2014	22078	Canfranc	0,0	0,0	0,0	0,0	0,0	0,0	0,0	1,0	0,0	0,0	0,0	COMPLETA
2014	22079	Capdesaso												SIN INFORMACIÓN
2014	22080	Capella	6,0	0,0	6,0	4896,0	0,0	4896,0	0,0	0,0	0,0	0,0	0,0	COMPLETA
2014	22081	Casbas de Huesca												SIN INFORMACIÓN
2014	22082	Castejón del Puente												SIN INFORMACIÓN
2014	22083	Castejón de Monegros	2,0	0,0	2,0	2251,0	0,0	2251,0	0,0	2,0	0,0	0,0	0,0	COMPLETA
2014	22084	Castejón de Sos	4,0	1,0	3,0	1475,0	378,0	1097,0	2,0	0,0	0,0	1,0	1,0	COMPLETA
2014	22085	Castelflorite	0,0	0,0	0,0	0,0	0,0	0,0	0,0	1,0	0,0	0,0	0,0	COMPLETA
2014	22086	Castiello de Jaca												SIN INFORMACIÓN
2014	22087	Castigaleu	0,0	0,0	0,0	0,0	0,0	0,0	0,0	1,0	0,0	0,0	0,0	COMPLETA
2014	22088	Castillazuelo	0,0	0,0	0,0	0,0	0,0	0,0	0,0	1,0	0,0	0,0	0,0	COMPLETA
2014	22089	Castillonroy												SIN INFORMACIÓN
2014	22090	Colungo	1,0	1,0	0,0	105,0	105,0	0,0	1,0	0,0	0,0	1,0	0,0	COMPLETA
2014	22094	Chalamera												SIN INFORMACIÓN
2014	22095	Chía	0,0	0,0	0,0	0,0	0,0	0,0	0,0	2,0	0,0	0,0	0,0	COMPLETA
2014	22096	Chimillas												SIN INFORMACIÓN
2014	22099	Esplús	1,0	0,0	1,0	54,0	0,0	54,0	0,0	0,0	0,0	0,0	0,0	COMPLETA
2014	22102	Estada												SIN INFORMACIÓN
2014	22103	Estadilla	2,0	0,0	2,0	1852,0	0,0	1852,0	0,0	1,0	0,0	0,0	0,0	COMPLETA
2014	22105	Estopiñán del Castillo	0,0	0,0	0,0	0,0	0,0	0,0	0,0	2,0	0,0	0,0	0,0	COMPLETA
2014	22106	Fago												SIN INFORMACIÓN
2014	22107	Fanlo	0,0	0,0	0,0	0,0	0,0	0,0	0,0	4,0	0,0	0,0	0,0	COMPLETA
2014	22109	Fiscal	0,0	0,0	0,0	0,0	0,0	0,0	0,0	1,0	0,0	0,0	0,0	COMPLETA
2014	22110	Fonz	1,0	0,0	1,0	272,0	0,0	272,0	0,0	2,0	0,0	0,0	0,0	COMPLETA
2014	22111	Foradada del Toscar												SIN INFORMACIÓN
2014	22112	Fraga	3,0	1,0	2,0	8845,0	459,0	8386,0	1,0	3,0	3,0	3,0	3,0	COMPLETA
2014	22113	Fueva (La)	5,0	1,0	4,0	3773,0	140,0	3633,0	1,0	5,0	1,0	0,0	0,0	COMPLETA
2014	22114	Gistaín	0,0	0,0	0,0	0,0	0,0	0,0	0,0	1,0	0,0	0,0	0,0	COMPLETA
2014	22115	Grado (El)	1,0	1,0	0,0	171,0	171,0	0,0	1,0	0,0	0,0	0,0	0,0	COMPLETA
2014	22116	Grañén	10,0	1,0	9,0	11243,0	283,0	10960,0	1,0	0,0	0,0	0,0	0,0	COMPLETA
2014	22117	Graus	16,0	2,0	14,0	6299,0	548,0	5751,0	3,0	13,0	7,0	2,0	0,0	COMPLETA
2014	22119	Gurrea de Gállego	2,0	0,0	2,0	3664,0	0,0	3664,0	0,0	0,0	0,0	1,0	1,0	COMPLETA
2014	22122	Hoz de Jaca	1,0	1,0	0,0	254,0	254,0	0,0	1,0	0,0	0,0	0,0	0,0	COMPLETA
2014	22124	Huerto												SIN INFORMACIÓN
2014	22125	Huesca	1,0	1,0	0,0	9267,0	9267,0	0,0	54,0	6,0	9,0	5,0	8,0	COMPLETA
2014	22126	Ibieca												SIN INFORMACIÓN
2014	22127	Igriés	1,0	0,0	1,0	1878,0	0,0	1878,0	0,0	0,0	0,0	0,0	0,0	COMPLETA
2014	22128	Ilche	3,0	0,0	3,0	2214,0	0,0	2214,0	0,0	0,0	0,0	0,0	0,0	COMPLETA
2014	22129	Isábena	0,0	0,0	0,0	0,0	0,0	0,0	0,0	4,0	3,0	0,0	1,0	COMPLETA
2014	22130	Jaca	2,0	1,0	1,0	584,0	401,0	183,0	1,0	10,0	8,0	0,0	3,0	COMPLETA
2014	22131	Jasa	0,0	0,0	0,0	0,0	0,0	0,0	0,0	1,0	0,0	0,0	0,0	COMPLETA
2014	22133	Labuerda	1,0	1,0	0,0	243,0	243,0	0,0	1,0	0,0	0,0	0,0	0,0	COMPLETA
2014	22135	Laluenga	1,0	0,0	1,0	195,0	0,0	195,0	0,0	0,0	0,0	0,0	0,0	COMPLETA
2014	22136	Lalueza	3,0	0,0	3,0	2416,0	0,0	2416,0	0,0	1,0	0,0	0,0	0,0	COMPLETA
2014	22137	Lanaja	0,0	0,0	0,0	0,0	0,0	0,0	0,0	3,0	3,0	0,0	0,0	COMPLETA
2014	22139	Laperdiguera	0,0	0,0	0,0	0,0	0,0	0,0	0,0	1,0	0,0	0,0	0,0	COMPLETA
2014	22141	Lascellas-Ponzano	1,0	0,0	1,0	480,0	0,0	480,0	0,0	0,0	0,0	0,0	0,0	COMPLETA
2014	22142	Lascuarre	0,0	0,0	0,0	0,0	0,0	0,0	0,0	1,0	0,0	0,0	0,0	COMPLETA
2014	22143	Laspaúles												SIN INFORMACIÓN
2014	22144	Laspuña	0,0	0,0	0,0	0,0	0,0	0,0	0,0	2,0	1,0	0,0	2,0	COMPLETA
2014	22149	Loarre												SIN INFORMACIÓN
2014	22150	Loporzano	1,0	0,0	1,0	324,0	0,0	324,0	0,0	2,0	0,0	0,0	0,0	COMPLETA
2014	22151	Loscorrales	1,0	0,0	1,0	1852,0	0,0	1852,0	0,0	0,0	0,0	0,0	0,0	COMPLETA
2014	22155	Monesma y Cajigar												SIN INFORMACIÓN
2014	22156	Monflorite-Lascasas	7,0	1,0	6,0	5564,0	176,0	5388,0	1,0	0,0	0,0	0,0	0,0	COMPLETA
2014	22157	Montanuy	0,0	0,0	0,0	0,0	0,0	0,0	0,0	2,0	0,0	0,0	0,0	COMPLETA
2014	22158	Monzón	4,0	2,0	2,0	631,0	492,0	139,0	2,0	2,0	0,0	0,0	0,0	COMPLETA
2014	22160	Naval												SIN INFORMACIÓN
2014	22162	Novales												SIN INFORMACIÓN
2014	22163	Nueno	2,0	0,0	2,0	674,0	0,0	674,0	0,0	0,0	0,0	0,0	0,0	COMPLETA
2014	22164	Olvena												SIN INFORMACIÓN
2014	22165	Ontiñena	1,0	1,0	0,0	385,0	385,0	0,0	1,0	0,0	0,0	0,0	0,0	COMPLETA
2014	22167	Osso de Cinca	2,0	0,0	2,0	635,0	0,0	635,0	0,0	0,0	0,0	0,0	0,0	COMPLETA
2014	22168	Palo												SIN INFORMACIÓN
2014	22170	Panticosa	0,0	0,0	0,0	0,0	0,0	0,0	0,0	2,0	0,0	0,0	0,0	COMPLETA
2014	22172	Peñalba	2,0	1,0	1,0	1478,0	378,0	1100,0	1,0	3,0	1,0	0,0	0,0	COMPLETA
2014	22173	Peñas de Riglos (Las)	0,0	0,0	0,0	0,0	0,0	0,0	0,0	2,0	2,0	0,0	0,0	COMPLETA
2014	22174	Peralta de Alcofea	5,0	0,0	5,0	14274,0	0,0	14274,0	0,0	0,0	0,0	1,0	1,0	COMPLETA
2014	22175	Peralta de Calasanz												SIN INFORMACIÓN
2014	22176	Peraltilla												SIN INFORMACIÓN
2014	22177	Perarrúa												SIN INFORMACIÓN
2014	22178	Pertusa												SIN INFORMACIÓN
2014	22181	Piracés												SIN INFORMACIÓN
2014	22182	Plan												SIN INFORMACIÓN
2014	22184	Poleñino												SIN INFORMACIÓN
2014	22186	Pozán de Vero	0,0	0,0	0,0	0,0	0,0	0,0	0,0	1,0	0,0	0,0	0,0	COMPLETA
2014	22187	Puebla de Castro (La)	0,0	0,0	0,0	0,0	0,0	0,0	0,0	2,0	0,0	0,0	0,0	COMPLETA
2014	22188	Puente de Montañana	0,0	0,0	0,0	0,0	0,0	0,0	0,0	1,0	0,0	0,0	0,0	COMPLETA
2014	22189	Puértolas												SIN INFORMACIÓN
2014	22190	Pueyo de Araguás (El)	2,0	2,0	0,0	460,0	460,0	0,0	2,0	0,0	0,0	0,0	0,0	COMPLETA
2014	22193	Pueyo de Santa Cruz												SIN INFORMACIÓN
2014	22195	Quicena												SIN INFORMACIÓN
2014	22197	Robres												SIN INFORMACIÓN
2014	22199	Sabiñánigo	3,0	0,0	3,0	950,0	0,0	950,0	0,0	2,0	1,0	0,0	0,0	COMPLETA
2014	22200	Sahún	0,0	0,0	0,0	0,0	0,0	0,0	0,0	2,0	0,0	0,0	0,0	COMPLETA
2014	22201	Salas Altas												SIN INFORMACIÓN
2014	22202	Salas Bajas												SIN INFORMACIÓN
2014	22203	Salillas	1,0	0,0	1,0	660,0	0,0	660,0	0,0	1,0	0,0	0,0	0,0	COMPLETA
2014	22204	Sallent de Gállego	2,0	2,0	0,0	7532,0	7532,0	0,0	46,0	1,0	1,0	1,0	0,0	COMPLETA
2014	22205	San Esteban de Litera	2,0	0,0	2,0	923,0	0,0	923,0	0,0	0,0	0,0	0,0	0,0	COMPLETA
2014	22206	Sangarrén												SIN INFORMACIÓN
2014	22207	San Juan de Plan	1,0	0,0	1,0	150,0	0,0	150,0	0,0	1,0	0,0	0,0	0,0	COMPLETA
2014	22208	Santa Cilia								1,0				INCOMPLETA
2014	22209	Santa Cruz de la Serós	0,0	0,0	0,0	0,0	0,0	0,0	0,0	1,0	1,0	0,0	0,0	COMPLETA
2014	22212	Santaliestra y San Quílez	0,0	0,0	0,0	0,0	0,0	0,0	0,0	1,0	0,0	0,0	0,0	COMPLETA
2014	22213	Sariñena	20,0	2,0	18,0	14765,0	243,0	14522,0	2,0	0,0	0,0	2,0	2,0	COMPLETA
2014	22214	Secastilla												SIN INFORMACIÓN
2014	22215	Seira	0,0	0,0	0,0	0,0	0,0	0,0	0,0	1,0	2,0	0,0	0,0	COMPLETA
2014	22217	Sena	3,0	0,0	3,0	1873,0	0,0	1873,0	0,0	2,0	0,0	0,0	0,0	COMPLETA
2014	22218	Senés de Alcubierre												SIN INFORMACIÓN
2014	22220	Sesa	2,0	1,0	1,0	301,0	250,0	51,0	1,0	1,0	0,0	1,0	0,0	COMPLETA
2014	22221	Sesué	1,0	0,0	1,0	90,0	0,0	90,0	0,0	0,0	0,0	0,0	0,0	COMPLETA
2014	22222	Siétamo												SIN INFORMACIÓN
2014	22223	Sopeira												SIN INFORMACIÓN
2014	22225	Tamarite de Litera	1,0	0,0	1,0	371,0	0,0	371,0	0,0	2,0	1,0	0,0	0,0	COMPLETA
2014	22226	Tardienta	5,0	2,0	3,0	642,0	425,0	217,0	2,0	2,0	0,0	1,0	1,0	COMPLETA
2014	22227	Tella-Sin												SIN INFORMACIÓN
2014	22228	Tierz												SIN INFORMACIÓN
2014	22229	Tolva												SIN INFORMACIÓN
2014	22230	Torla-Ordesa	1,0	1,0	0,0	287,0	287,0	0,0	1,0	4,0	2,0	1,0	0,0	COMPLETA
2014	22232	Torralba de Aragón												SIN INFORMACIÓN
2014	22233	Torre la Ribera	1,0	0,0	1,0	39,0	0,0	39,0	0,0	1,0	0,0	0,0	0,0	COMPLETA
2014	22234	Torrente de Cinca	7,0	1,0	6,0	3229,0	83,0	3146,0	1,0	3,0	0,0	0,0	0,0	COMPLETA
2014	22235	Torres de Alcanadre												SIN INFORMACIÓN
2014	22236	Torres de Barbués												SIN INFORMACIÓN
2014	22239	Tramaced	1,0		1,0	1852,0		1852,0		3,0				INCOMPLETA
2014	22242	Valfarta												SIN INFORMACIÓN
2014	22243	Valle de Bardají												SIN INFORMACIÓN
2014	22244	Valle de Lierp												SIN INFORMACIÓN
2014	22245	Velilla de Cinca												SIN INFORMACIÓN
2014	22246	Beranuy												SIN INFORMACIÓN
2014	22247	Viacamp y Litera	0,0	0,0	0,0	0,0	0,0	0,0	0,0	1,0	0,0	0,0	0,0	COMPLETA
2014	22248	Vicién												SIN INFORMACIÓN
2014	22249	Villanova												SIN INFORMACIÓN
2014	22250	Villanúa	1,0	1,0	0,0	115,0	115,0	0,0	1,0	0,0	0,0	0,0	0,0	COMPLETA
2014	22251	Villanueva de Sigena	1,0	0,0	1,0	160,0	0,0	160,0	0,0	1,0	0,0	1,0	1,0	COMPLETA
2014	22252	Yebra de Basa												SIN INFORMACIÓN
2014	22253	Yésero												SIN INFORMACIÓN
2014	22254	Zaidín	3,0	1,0	2,0	1165,0	361,0	804,0	1,0	2,0	1,0	0,0	0,0	COMPLETA
2014	22901	Valle de Hecho	1,0	0,0	1,0	89,0	0,0	89,0	0,0	2,0	1,0	0,0	0,0	COMPLETA
2014	22902	Puente la Reina de Jaca	0,0	0,0	0,0	0,0	0,0	0,0	0,0	1,0	0,0	0,0	0,0	COMPLETA
2014	22903	San Miguel del Cinca	12,0	2,0	10,0	8703,0	769,0	7934,0	2,0	0,0	0,0	1,0	1,0	COMPLETA
2014	22904	Sotonera (La)	3,0	1,0	2,0	2001,0	101,0	1900,0	1,0	1,0	0,0	0,0	0,0	COMPLETA
2014	22905	Lupiñén-Ortilla	6,0	0,0	6,0	4105,0	0,0	4105,0	0,0	1,0	0,0	0,0	0,0	COMPLETA
2014	22906	Santa María de Dulcis												SIN INFORMACIÓN
2014	22907	Aínsa-Sobrarbe	1,0	1,0	0,0	185,0	185,0	0,0	1,0	4,0	1,0	0,0	0,0	COMPLETA
2014	22908	Hoz y Costeán												SIN INFORMACIÓN
2014	22909	Vencillón	0,0	0,0	0,0	0,0	0,0	0,0	0,0	1,0	0,0	0,0	0,0	COMPLETA
2014	44001	Ababuj												SIN INFORMACIÓN
2014	44002	Abejuela	0,0	0,0	0,0	0,0	0,0	0,0	0,0	4,0	0,0	0,0	0,0	COMPLETA
2014	44003	Aguatón												SIN INFORMACIÓN
2014	44004	Aguaviva	1,0	1,0	0,0	149,0	149,0	0,0	1,0	1,0	0,0	0,0	0,0	COMPLETA
2014	44005	Aguilar del Alfambra												SIN INFORMACIÓN
2014	44006	Alacón												SIN INFORMACIÓN
2014	44007	Alba	0,0	0,0	0,0	0,0	0,0	0,0	0,0	1,0	0,0	0,0	0,0	COMPLETA
2014	44008	Albalate del Arzobispo	3,0	0,0	3,0	477,0	0,0	477,0	0,0	0,0	0,0	2,0	2,0	COMPLETA
2014	44009	Albarracín	0,0	0,0	0,0	0,0	0,0	0,0	0,0	3,0	1,0	0,0	0,0	COMPLETA
2014	44010	Albentosa	1,0	0,0	1,0	217,0	0,0	217,0	0,0	0,0	0,0	0,0	0,0	COMPLETA
2014	44011	Alcaine												SIN INFORMACIÓN
2014	44012	Alcalá de la Selva	1,0	1,0	0,0	303,0	303,0	0,0	1,0	1,0	0,0	0,0	0,0	COMPLETA
2014	44013	Alcañiz	13,0	5,0	8,0	4585,0	3891,0	694,0	17,0	9,0	3,0	3,0	1,0	COMPLETA
2014	44014	Alcorisa	1,0	0,0	1,0	189,0	0,0	189,0	0,0	2,0	1,0	2,0	0,0	COMPLETA
2014	44016	Alfambra	3,0	0,0	3,0	3734,0	0,0	3734,0	0,0	0,0	0,0	0,0	0,0	COMPLETA
2014	44017	Aliaga												SIN INFORMACIÓN
2014	44018	Almohaja												SIN INFORMACIÓN
2014	44019	Alobras												SIN INFORMACIÓN
2014	44020	Alpeñés												SIN INFORMACIÓN
2014	44021	Allepuz												SIN INFORMACIÓN
2014	44022	Alloza	0,0	0,0	0,0	0,0	0,0	0,0	0,0	1,0	0,0	2,0	2,0	COMPLETA
2014	44023	Allueva												SIN INFORMACIÓN
2014	44024	Anadón												SIN INFORMACIÓN
2014	44025	Andorra	0,0	0,0	0,0	0,0	0,0	0,0	0,0	8,0	2,0	0,0	0,0	COMPLETA
2014	44026	Arcos de las Salinas	0,0	0,0	0,0	0,0	0,0	0,0	0,0	1,0	0,0	0,0	0,0	COMPLETA
2014	44027	Arens de Lledó	3,0	3,0		569,0	569,0		3,0					INCOMPLETA
2014	44028	Argente												SIN INFORMACIÓN
2014	44029	Ariño	4,0	0,0	4,0	2400,0	0,0	2400,0	0,0	1,0	0,0	1,0	0,0	COMPLETA
2014	44031	Azaila												SIN INFORMACIÓN
2014	44032	Bádenas												SIN INFORMACIÓN
2014	44033	Báguena	0,0	0,0	0,0	0,0	0,0	0,0	0,0	1,0	0,0	0,0	0,0	COMPLETA
2014	44034	Bañón												SIN INFORMACIÓN
2014	44035	Barrachina												SIN INFORMACIÓN
2014	44036	Bea												SIN INFORMACIÓN
2014	44037	Beceite												SIN INFORMACIÓN
2014	44038	Belmonte de San José												SIN INFORMACIÓN
2014	44039	Bello	0,0	0,0	0,0	0,0	0,0	0,0	0,0	2,0	0,0	0,0	0,0	COMPLETA
2014	44040	Berge	0,0	0,0	0,0	0,0	0,0	0,0	0,0	1,0	0,0	0,0	0,0	COMPLETA
2014	44041	Bezas												SIN INFORMACIÓN
2014	44042	Blancas								1,0				INCOMPLETA
2014	44043	Blesa												SIN INFORMACIÓN
2014	44044	Bordón												SIN INFORMACIÓN
2014	44045	Bronchales	1,0	1,0	0,0	167,0	167,0	0,0	1,0	0,0	0,0	0,0	0,0	COMPLETA
2014	44046	Bueña												SIN INFORMACIÓN
2014	44047	Burbáguena												SIN INFORMACIÓN
2014	44048	Cabra de Mora												SIN INFORMACIÓN
2014	44049	Calaceite	7,0	3,0	4,0	2621,0	2090,0	531,0	7,0	4,0	1,0	0,0	0,0	COMPLETA
2014	44050	Calamocha	10,0	5,0	5,0	6031,0	1283,0	4748,0	5,0	4,0	1,0	8,0	3,0	INCOMPLETA
2014	44051	Calanda	4,0	1,0	3,0	1339,0	261,0	1078,0	1,0	1,0	0,0	2,0	2,0	COMPLETA
2014	44052	Calomarde												SIN INFORMACIÓN
2014	44053	Camañas												SIN INFORMACIÓN
2014	44054	Camarena de la Sierra												SIN INFORMACIÓN
2014	44055	Camarillas												SIN INFORMACIÓN
2014	44056	Caminreal	5,0	2,0	3,0	3486,0	815,0	2671,0	2,0	0,0	0,0	0,0	0,0	COMPLETA
2014	44059	Cantavieja												SIN INFORMACIÓN
2014	44060	Cañada de Benatanduz												SIN INFORMACIÓN
2014	44061	Cañada de Verich (La)												SIN INFORMACIÓN
2014	44062	Cañada Vellida												SIN INFORMACIÓN
2014	44063	Cañizar del Olivar	1,0	0,0	1,0	8,0	0,0	8,0	0,0	0,0	0,0	0,0	0,0	COMPLETA
2014	44064	Cascante del Río												SIN INFORMACIÓN
2014	44065	Castejón de Tornos												SIN INFORMACIÓN
2014	44066	Castel de Cabra												SIN INFORMACIÓN
2014	44067	Castelnou												SIN INFORMACIÓN
2014	44068	Castelserás	1,0	0,0	1,0	458,0	0,0	458,0	0,0	0,0	0,0	4,0	3,0	COMPLETA
2014	44070	Castellar (El)	0,0	0,0	0,0	0,0	0,0	0,0	0,0	1,0	0,0	0,0	0,0	COMPLETA
2014	44071	Castellote	3,0	3,0	0,0	518,0	518,0	0,0	3,0	0,0	0,0	0,0	0,0	COMPLETA
2014	44074	Cedrillas												SIN INFORMACIÓN
2014	44075	Celadas												SIN INFORMACIÓN
2014	44076	Cella	7,0	2,0	5,0	7045,0	527,0	6518,0	2,0	8,0	5,0	0,0	0,0	COMPLETA
2014	44077	Cerollera (La)												SIN INFORMACIÓN
2014	44080	Codoñera (La)	1,0	1,0	0,0	107,0	107,0	0,0	1,0	2,0	2,0	0,0	0,0	COMPLETA
2014	44082	Corbalán	1,0	0,0	1,0	106,0	0,0	106,0	0,0	0,0	0,0	0,0	0,0	COMPLETA
2014	44084	Cortes de Aragón												SIN INFORMACIÓN
2014	44085	Cosa												SIN INFORMACIÓN
2014	44086	Cretas	1,0	1,0	0,0	209,0	209,0	0,0	1,0	3,0	1,0	0,0	0,0	COMPLETA
2014	44087	Crivillén												SIN INFORMACIÓN
2014	44088	Cuba (La)	0,0	0,0	0,0	0,0	0,0	0,0	0,0	1,0	0,0	0,0	0,0	COMPLETA
2014	44089	Cubla												SIN INFORMACIÓN
2014	44090	Cucalón												SIN INFORMACIÓN
2014	44092	Cuervo (El)												SIN INFORMACIÓN
2014	44093	Cuevas de Almudén												SIN INFORMACIÓN
2014	44094	Cuevas Labradas												SIN INFORMACIÓN
2014	44096	Ejulve												SIN INFORMACIÓN
2014	44097	Escorihuela												SIN INFORMACIÓN
2014	44099	Escucha	0,0	0,0	0,0	0,0	0,0	0,0	0,0	0,0	0,0	1,0	0,0	COMPLETA
2014	44100	Estercuel	1,0	0,0	1,0	69,0	0,0	69,0	0,0	0,0	0,0	0,0	0,0	COMPLETA
2014	44101	Ferreruela de Huerva	3,0	0,0	3,0	2160,0	0,0	2160,0	0,0	1,0	0,0	0,0	0,0	COMPLETA
2014	44102	Fonfría												SIN INFORMACIÓN
2014	44103	Formiche Alto												SIN INFORMACIÓN
2014	44105	Fórnoles												SIN INFORMACIÓN
2014	44106	Fortanete	0,0	0,0	0,0	0,0	0,0	0,0	0,0	0,0	0,0	1,0	0,0	COMPLETA
2014	44107	Foz-Calanda	1,0	1,0	0,0	256,0	256,0	0,0	1,0	0,0	0,0	0,0	0,0	COMPLETA
2014	44108	Fresneda (La)												SIN INFORMACIÓN
2014	44109	Frías de Albarracín												SIN INFORMACIÓN
2014	44110	Fuenferrada												SIN INFORMACIÓN
2014	44111	Fuentes Calientes												SIN INFORMACIÓN
2014	44112	Fuentes Claras	0,0	0,0	0,0	0,0	0,0	0,0	0,0	3,0	0,0	8,0	2,0	COMPLETA
2014	44113	Fuentes de Rubielos	1,0	1,0	0,0	192,0	192,0	0,0	1,0	0,0	0,0	0,0	0,0	COMPLETA
2014	44114	Fuentespalda	1,0	0,0	1,0	93,0	0,0	93,0	0,0	1,0	1,0	0,0	0,0	COMPLETA
2014	44115	Galve												SIN INFORMACIÓN
2014	44116	Gargallo	0,0	0,0	0,0	0,0	0,0	0,0	0,0	0,0	0,0	1,0	1,0	COMPLETA
2014	44117	Gea de Albarracín												SIN INFORMACIÓN
2014	44118	Ginebrosa (La)	0,0	0,0	0,0	0,0	0,0	0,0	0,0	2,0	0,0	0,0	0,0	COMPLETA
2014	44119	Griegos												SIN INFORMACIÓN
2014	44120	Guadalaviar	0,0	0,0	0,0	0,0	0,0	0,0	0,0	2,0	0,0	0,0	0,0	COMPLETA
2014	44121	Gúdar	0,0	0,0	0,0	0,0	0,0	0,0	0,0	2,0	0,0	0,0	0,0	COMPLETA
2014	44122	Híjar	0,0	0,0	0,0	0,0	0,0	0,0	0,0	4,0	0,0	0,0	0,0	COMPLETA
2014	44123	Hinojosa de Jarque	1,0	0,0	1,0	439,0	0,0	439,0	0,0	0,0	0,0	0,0	0,0	COMPLETA
2014	44124	Hoz de la Vieja (La)												SIN INFORMACIÓN
2014	44125	Huesa del Común												SIN INFORMACIÓN
2014	44126	Iglesuela del Cid (La)	0,0	0,0	0,0	0,0	0,0	0,0	0,0	1,0	0,0	1,0	2,0	COMPLETA
2014	44127	Jabaloyas												SIN INFORMACIÓN
2014	44128	Jarque de la Val												SIN INFORMACIÓN
2014	44129	Jatiel												SIN INFORMACIÓN
2014	44130	Jorcas												SIN INFORMACIÓN
2014	44131	Josa												SIN INFORMACIÓN
2014	44132	Lagueruela												SIN INFORMACIÓN
2014	44133	Lanzuela												SIN INFORMACIÓN
2014	44135	Libros												SIN INFORMACIÓN
2014	44136	Lidón												SIN INFORMACIÓN
2014	44137	Linares de Mora								1,0				INCOMPLETA
2014	44138	Loscos												SIN INFORMACIÓN
2014	44141	Lledó												SIN INFORMACIÓN
2014	44142	Maicas												SIN INFORMACIÓN
2014	44143	Manzanera	1,0		1,0	107,0		107,0				1,0		INCOMPLETA
2014	44144	Martín del Río	0,0	0,0	0,0	0,0	0,0	0,0	0,0	1,0	0,0	0,0	0,0	COMPLETA
2014	44145	Mas de las Matas	5,0	0,0	5,0	1869,0	0,0	1869,0	0,0	1,0	0,0	0,0	0,0	COMPLETA
2014	44146	Mata de los Olmos (La)												SIN INFORMACIÓN
2014	44147	Mazaleón	1,0	0,0	1,0	2228,0	0,0	2228,0	0,0	1,0	0,0	0,0	0,0	COMPLETA
2014	44148	Mezquita de Jarque	1,0	1,0	0,0	161,0	161,0	0,0	1,0	0,0	0,0	1,0	0,0	COMPLETA
2014	44149	Mirambel												SIN INFORMACIÓN
2014	44150	Miravete de la Sierra												SIN INFORMACIÓN
2014	44151	Molinos	1,0	0,0	1,0	200,0	0,0	200,0	0,0	0,0	0,0	0,0	0,0	COMPLETA
2014	44152	Monforte de Moyuela												SIN INFORMACIÓN
2014	44153	Monreal del Campo	6,0	4,0	2,0	1860,0	1262,0	598,0	4,0	4,0	0,0	0,0	0,0	COMPLETA
2014	44154	Monroyo	1,0		1,0	167,0		167,0						INCOMPLETA
2014	44155	Montalbán	2,0	1,0	1,0	326,0	275,0	51,0	1,0	2,0	0,0	0,0	0,0	COMPLETA
2014	44156	Monteagudo del Castillo												SIN INFORMACIÓN
2014	44157	Monterde de Albarracín												SIN INFORMACIÓN
2014	44158	Mora de Rubielos	1,0	1,0	0,0	447,0	447,0	0,0	1,0	1,0	0,0	0,0	0,0	COMPLETA
2014	44159	Moscardón												SIN INFORMACIÓN
2014	44160	Mosqueruela	1,0	1,0	0,0	180,0	180,0	0,0	1,0	1,0	0,0	0,0	0,0	COMPLETA
2014	44161	Muniesa												SIN INFORMACIÓN
2014	44163	Noguera de Albarracín	0,0	0,0	0,0	0,0	0,0	0,0	0,0	2,0	0,0	0,0	0,0	COMPLETA
2014	44164	Nogueras												SIN INFORMACIÓN
2014	44165	Nogueruelas												SIN INFORMACIÓN
2014	44167	Obón												SIN INFORMACIÓN
2014	44168	Odón												SIN INFORMACIÓN
2014	44169	Ojos Negros	7,0	0,0	7,0	5034,0	0,0	5034,0	0,0	0,0	0,0	0,0	0,0	COMPLETA
2014	44171	Olba	1,0	1,0	0,0	335,0	335,0	0,0	1,0	2,0	0,0	1,0	1,0	COMPLETA
2014	44172	Oliete	1,0	0,0	1,0	104,0	0,0	104,0	0,0	3,0	0,0	0,0	0,0	COMPLETA
2014	44173	Olmos (Los)												SIN INFORMACIÓN
2014	44174	Orihuela del Tremedal	0,0	0,0	0,0	0,0	0,0	0,0	0,0	1,0	2,0	1,0	2,0	COMPLETA
2014	44175	Orrios												SIN INFORMACIÓN
2014	44176	Palomar de Arroyos												SIN INFORMACIÓN
2014	44177	Pancrudo												SIN INFORMACIÓN
2014	44178	Parras de Castellote (Las)												SIN INFORMACIÓN
2014	44179	Peñarroya de Tastavins	1,0	1,0	0,0	256,0	256,0	0,0	1,0	0,0	0,0	0,0	0,0	COMPLETA
2014	44180	Peracense												SIN INFORMACIÓN
2014	44181	Peralejos												SIN INFORMACIÓN
2014	44182	Perales del Alfambra												SIN INFORMACIÓN
2014	44183	Pitarque												SIN INFORMACIÓN
2014	44184	Plou												SIN INFORMACIÓN
2014	44185	Pobo (El)												SIN INFORMACIÓN
2014	44187	Portellada (La)												SIN INFORMACIÓN
2014	44189	Pozondón												SIN INFORMACIÓN
2014	44190	Pozuel del Campo	1,0	0,0	1,0	700,0	0,0	700,0	0,0	1,0	0,0	0,0	0,0	COMPLETA
2014	44191	Puebla de Híjar (La)	0,0	0,0	0,0	0,0	0,0	0,0	0,0	1,0	0,0	0,0	0,0	COMPLETA
2014	44192	Puebla de Valverde (La)	0,0	0,0	0,0	0,0	0,0	0,0	0,0	3,0	3,0	0,0	1,0	COMPLETA
2014	44193	Puertomingalvo	0,0	0,0	0,0	0,0	0,0	0,0	0,0	2,0	0,0	0,0	0,0	COMPLETA
2014	44194	Ráfales	0,0	0,0	0,0	0,0	0,0	0,0	0,0	1,0	1,0	0,0	0,0	COMPLETA
2014	44195	Rillo												SIN INFORMACIÓN
2014	44196	Riodeva	1,0	0,0	1,0	87,0	0,0	87,0	0,0	0,0	0,0	0,0	0,0	COMPLETA
2014	44197	Ródenas	0,0	0,0	0,0	0,0	0,0	0,0	0,0	1,0	0,0	0,0	0,0	COMPLETA
2014	44198	Royuela												SIN INFORMACIÓN
2014	44199	Rubiales												SIN INFORMACIÓN
2014	44200	Rubielos de la Cérida												SIN INFORMACIÓN
2014	44201	Rubielos de Mora	0,0	0,0	0,0	0,0	0,0	0,0	0,0	3,0	0,0	0,0	0,0	COMPLETA
2014	44203	Salcedillo												SIN INFORMACIÓN
2014	44204	Saldón	1,0	0,0	1,0	60,0	0,0	60,0	0,0	1,0	0,0	0,0	0,0	COMPLETA
2014	44205	Samper de Calanda	1,0	1,0	0,0	165,0	165,0	0,0	1,0	0,0	0,0	0,0	0,0	COMPLETA
2014	44206	San Agustín												SIN INFORMACIÓN
2014	44207	San Martín del Río												SIN INFORMACIÓN
2014	44208	Santa Cruz de Nogueras												SIN INFORMACIÓN
2014	44209	Santa Eulalia	0,0	0,0	0,0	0,0	0,0	0,0	0,0	0,0	0,0	1,0	1,0	COMPLETA
2014	44210	Sarrión	6,0	4,0	2,0	1446,0	1032,0	414,0	5,0	5,0	1,0	2,0	2,0	COMPLETA
2014	44211	Segura de los Baños												SIN INFORMACIÓN
2014	44212	Seno												SIN INFORMACIÓN
2014	44213	Singra	0,0	0,0	0,0	0,0	0,0	0,0	0,0	0,0	0,0	3,0	0,0	COMPLETA
2014	44215	Terriente												SIN INFORMACIÓN
2014	44216	Teruel	7,0	3,0	4,0	9514,0	884,0	8630,0	3,0	7,0	0,0	1,0	21,0	COMPLETA
2014	44217	Toril y Masegoso												SIN INFORMACIÓN
2014	44218	Tormón												SIN INFORMACIÓN
2014	44219	Tornos												SIN INFORMACIÓN
2014	44220	Torralba de los Sisones	3,0	0,0	3,0	1941,0	0,0	1941,0	0,0	0,0	0,0	0,0	0,0	COMPLETA
2014	44221	Torrecilla de Alcañiz								1,0				INCOMPLETA
2014	44222	Torrecilla del Rebollar												SIN INFORMACIÓN
2014	44223	Torre de Arcas												SIN INFORMACIÓN
2014	44224	Torre de las Arcas												SIN INFORMACIÓN
2014	44225	Torre del Compte	1,0	0,0	1,0	127,0	0,0	127,0	0,0	3,0	1,0	0,0	0,0	COMPLETA
2014	44226	Torrelacárcel	1,0	0,0	1,0	93,0	0,0	93,0	0,0	0,0	0,0	0,0	0,0	COMPLETA
2014	44227	Torre los Negros												SIN INFORMACIÓN
2014	44228	Torremocha de Jiloca												SIN INFORMACIÓN
2014	44229	Torres de Albarracín												SIN INFORMACIÓN
2014	44230	Torrevelilla												SIN INFORMACIÓN
2014	44231	Torrijas	2,0	1,0	1,0	480,0	381,0	99,0	1,0	2,0	1,0	0,0	0,0	COMPLETA
2014	44232	Torrijo del Campo	1,0	0,0	1,0	73,0	0,0	73,0	0,0	0,0	0,0	1,0	1,0	COMPLETA
2014	44234	Tramacastiel												SIN INFORMACIÓN
2014	44235	Tramacastilla	1,0	1,0	0,0	170,0	170,0	0,0	1,0	0,0	0,0	1,0	0,0	COMPLETA
2014	44236	Tronchón												SIN INFORMACIÓN
2014	44237	Urrea de Gaén	2,0	0,0	2,0	3972,0	0,0	3972,0	0,0	1,0	0,0	2,0	1,0	COMPLETA
2014	44238	Utrillas	0,0	0,0	0,0	0,0	0,0	0,0	0,0	3,0	0,0	1,0	1,0	COMPLETA
2014	44239	Valacloche												SIN INFORMACIÓN
2014	44240	Valbona												SIN INFORMACIÓN
2014	44241	Valdealgorfa	0,0	0,0	0,0	0,0	0,0	0,0	0,0	2,0	1,0	0,0	0,0	COMPLETA
2014	44243	Valdecuenca												SIN INFORMACIÓN
2014	44244	Valdelinares												SIN INFORMACIÓN
2014	44245	Valdeltormo	0,0	0,0	0,0	0,0	0,0	0,0	0,0	2,0	1,0	0,0	0,0	COMPLETA
2014	44246	Valderrobres	11,0	3,0	8,0	3853,0	406,0	3447,0	2,0	4,0	2,0	0,0	0,0	COMPLETA
2014	44247	Valjunquera								1,0				INCOMPLETA
2014	44249	Vallecillo (El)												SIN INFORMACIÓN
2014	44250	Veguillas de la Sierra												SIN INFORMACIÓN
2014	44251	Villafranca del Campo												SIN INFORMACIÓN
2014	44252	Villahermosa del Campo												SIN INFORMACIÓN
2014	44256	Villanueva del Rebollar de la Sierra												SIN INFORMACIÓN
2014	44257	Villar del Cobo	1,0	0,0	1,0	39,0	0,0	39,0	0,0	2,0	0,0	0,0	0,0	COMPLETA
2014	44258	Villar del Salz												SIN INFORMACIÓN
2014	44260	Villarluengo												SIN INFORMACIÓN
2014	44261	Villarquemado	3,0	3,0	0,0	555,0	555,0	0,0	3,0	0,0	0,0	0,0	0,0	COMPLETA
2014	44262	Villarroya de los Pinares												SIN INFORMACIÓN
2014	44263	Villastar	2,0	0,0	2,0	499,0	0,0	499,0	0,0	0,0	0,0	0,0	0,0	COMPLETA
2014	44264	Villel	1,0	1,0	0,0	273,0	273,0	0,0	1,0	0,0	0,0	1,0	0,0	COMPLETA
2014	44265	Vinaceite												SIN INFORMACIÓN
2014	44266	Visiedo												SIN INFORMACIÓN
2014	44267	Vivel del Río Martín												SIN INFORMACIÓN
2014	44268	Zoma (La)												SIN INFORMACIÓN
2014	50001	Abanto												SIN INFORMACIÓN
2014	50002	Acered												SIN INFORMACIÓN
2014	50003	Agón												SIN INFORMACIÓN
2014	50004	Aguarón												SIN INFORMACIÓN
2014	50005	Aguilón	1,0	0,0	1,0	780,0	0,0	780,0	0,0	0,0	0,0	0,0	0,0	COMPLETA
2014	50006	Ainzón	2,0	0,0	2,0	3070,0	0,0	3070,0	0,0	1,0	0,0	0,0	0,0	COMPLETA
2014	50007	Aladrén												SIN INFORMACIÓN
2014	50008	Alagón	2,0	2,0	0,0	452,0	452,0	0,0	2,0	3,0	0,0	4,0	2,0	COMPLETA
2014	50009	Alarba												SIN INFORMACIÓN
2014	50010	Alberite de San Juan												SIN INFORMACIÓN
2014	50011	Albeta												SIN INFORMACIÓN
2014	50012	Alborge												SIN INFORMACIÓN
2014	50013	Alcalá de Ebro												SIN INFORMACIÓN
2014	50014	Alcalá de Moncayo												SIN INFORMACIÓN
2014	50015	Alconchel de Ariza												SIN INFORMACIÓN
2014	50016	Aldehuela de Liestos												SIN INFORMACIÓN
2014	50017	Alfajarín												SIN INFORMACIÓN
2014	50018	Alfamén	2,0	2,0	0,0	498,0	498,0	0,0	2,0	1,0	0,0	1,0	1,0	COMPLETA
2014	50019	Alforque												SIN INFORMACIÓN
2014	50020	Alhama de Aragón												SIN INFORMACIÓN
2014	50021	Almochuel												SIN INFORMACIÓN
2014	50022	Almolda (La)	4,0	0,0	4,0	2358,0	0,0	2358,0	0,0	0,0	0,0	3,0	0,0	COMPLETA
2014	50023	Almonacid de la Cuba												SIN INFORMACIÓN
2014	50024	Almonacid de la Sierra	0,0	0,0	0,0	0,0	0,0	0,0	0,0	1,0	0,0	0,0	0,0	COMPLETA
2014	50025	Almunia de Doña Godina (La)	7,0	4,0	3,0	2343,0	980,0	1363,0	5,0	7,0	2,0	1,0	1,0	COMPLETA
2014	50026	Alpartir	2,0	1,0	1,0	324,0	204,0	120,0	1,0	1,0		1,0		INCOMPLETA
2014	50027	Ambel	1,0	1,0	0,0	267,0	267,0	0,0	1,0	0,0	0,0	0,0	0,0	COMPLETA
2014	50028	Anento												SIN INFORMACIÓN
2014	50029	Aniñón	1,0	0,0	1,0	102,0	0,0	102,0	0,0	5,0	0,0	1,0	0,0	COMPLETA
2014	50030	Añón de Moncayo												SIN INFORMACIÓN
2014	50031	Aranda de Moncayo												SIN INFORMACIÓN
2014	50032	Arándiga												SIN INFORMACIÓN
2014	50033	Ardisa	0,0	0,0	0,0	0,0	0,0	0,0	0,0	1,0	1,0	0,0	0,0	COMPLETA
2014	50034	Ariza	2,0	2,0	0,0	586,0	586,0	0,0	2,0	0,0	0,0	0,0	0,0	COMPLETA
2014	50035	Artieda												SIN INFORMACIÓN
2014	50036	Asín												SIN INFORMACIÓN
2014	50037	Atea												SIN INFORMACIÓN
2014	50038	Ateca	2,0	2,0	0,0	1170,0	1170,0	0,0	1,0	0,0	0,0	0,0	0,0	COMPLETA
2014	50039	Azuara	0,0	0,0	0,0	0,0	0,0	0,0	0,0	2,0	0,0	0,0	0,0	COMPLETA
2014	50040	Badules												SIN INFORMACIÓN
2014	50041	Bagüés												SIN INFORMACIÓN
2014	50042	Balconchán												SIN INFORMACIÓN
2014	50043	Bárboles												SIN INFORMACIÓN
2014	50044	Bardallur												SIN INFORMACIÓN
2014	50045	Belchite	1,0	1,0	0,0	353,0	353,0	0,0	1,0	3,0	0,0	0,0	0,0	COMPLETA
2014	50046	Belmonte de Gracián												SIN INFORMACIÓN
2014	50047	Berdejo												SIN INFORMACIÓN
2014	50048	Berrueco												SIN INFORMACIÓN
2014	50050	Bijuesca												SIN INFORMACIÓN
2014	50051	Biota	2,0	0,0	2,0	1732,0	0,0	1732,0	0,0	0,0	0,0	0,0	0,0	COMPLETA
2014	50052	Bisimbre												SIN INFORMACIÓN
2014	50053	Boquiñeni												SIN INFORMACIÓN
2014	50054	Bordalba												SIN INFORMACIÓN
2014	50055	Borja	1,0	1,0	0,0	243,0	243,0	0,0	1,0	1,0	0,0	0,0	0,0	COMPLETA
2014	50056	Botorrita	2,0	2,0	0,0	276,0	276,0	0,0	2,0	0,0	0,0	0,0	0,0	COMPLETA
2014	50057	Brea de Aragón	0,0	0,0	0,0	0,0	0,0	0,0	0,0	1,0	0,0	0,0	0,0	COMPLETA
2014	50058	Bubierca												SIN INFORMACIÓN
2014	50059	Bujaraloz	4,0	2,0	2,0	1067,0	483,0	584,0	2,0	4,0	0,0	1,0	0,0	COMPLETA
2014	50060	Bulbuente	1,0	0,0	1,0	435,0	0,0	435,0	0,0	1,0	0,0	0,0	0,0	COMPLETA
2014	50061	Bureta	0,0	0,0	0,0	0,0	0,0	0,0	0,0	1,0	0,0	0,0	0,0	COMPLETA
2014	50062	Burgo de Ebro (El)												SIN INFORMACIÓN
2014	50063	Buste (El)	0,0	0,0	0,0	0,0	0,0	0,0	0,0	4,0	0,0	0,0	0,0	COMPLETA
2014	50064	Cabañas de Ebro	3,0	1,0	2,0	1178,0	155,0	1023,0	1,0	0,0	0,0	0,0	0,0	COMPLETA
2014	50065	Cabolafuente												SIN INFORMACIÓN
2014	50066	Cadrete	2,0	2,0	0,0	392,0	392,0	0,0	2,0	8,0	0,0	0,0	0,0	COMPLETA
2014	50067	Calatayud	2,0	0,0	2,0	1128,0	0,0	1128,0	0,0	1,0	0,0	1,0	0,0	COMPLETA
2014	50068	Calatorao	0,0	0,0	0,0	0,0	0,0	0,0	0,0	1,0	0,0	0,0	0,0	COMPLETA
2014	50069	Calcena												SIN INFORMACIÓN
2014	50070	Calmarza												SIN INFORMACIÓN
2014	50071	Campillo de Aragón												SIN INFORMACIÓN
2014	50072	Carenas												SIN INFORMACIÓN
2014	50073	Cariñena												SIN INFORMACIÓN
2014	50074	Caspe	16,0	8,0	8,0	4890,0	1294,0	3596,0	2,0	7,0	0,0	2,0	1,0	COMPLETA
2014	50075	Castejón de Alarba												SIN INFORMACIÓN
2014	50076	Castejón de las Armas												SIN INFORMACIÓN
2014	50077	Castejón de Valdejasa	1,0	1,0	0,0	196,0	196,0	0,0	1,0	0,0	0,0	0,0	0,0	COMPLETA
2014	50078	Castiliscar	0,0	0,0	0,0	0,0	0,0	0,0	0,0	1,0	0,0	0,0	0,0	COMPLETA
2014	50079	Cervera de la Cañada												SIN INFORMACIÓN
2014	50080	Cerveruela												SIN INFORMACIÓN
2014	50081	Cetina	2,0	0,0	2,0	1793,0	0,0	1793,0	0,0	0,0	0,0	0,0	0,0	COMPLETA
2014	50082	Cimballa												SIN INFORMACIÓN
2014	50083	Cinco Olivas												SIN INFORMACIÓN
2014	50084	Clarés de Ribota												SIN INFORMACIÓN
2014	50085	Codo	3,0	3,0	0,0	173,0	173,0	0,0	0,0	0,0	0,0	0,0	0,0	COMPLETA
2014	50086	Codos												SIN INFORMACIÓN
2014	50087	Contamina												SIN INFORMACIÓN
2014	50088	Cosuenda												SIN INFORMACIÓN
2014	50089	Cuarte de Huerva	5,0	4,0	1,0	1209,0	604,0	605,0	4,0	6,0	0,0	0,0	0,0	COMPLETA
2014	50090	Cubel												SIN INFORMACIÓN
2014	50091	Cuerlas (Las)												SIN INFORMACIÓN
2014	50092	Chiprana	3,0	1,0	2,0	1239,0	93,0	1146,0	1,0	2,0	0,0	0,0	0,0	COMPLETA
2014	50093	Chodes												SIN INFORMACIÓN
2014	50094	Daroca	0,0	0,0	0,0	0,0	0,0	0,0	0,0	3,0	0,0	1,0	1,0	COMPLETA
2014	50095	Ejea de los Caballeros	7,0	4,0	3,0	4566,0	1043,0	3523,0	4,0	10,0	0,0	0,0	0,0	COMPLETA
2014	50096	Embid de Ariza												SIN INFORMACIÓN
2014	50098	Encinacorba												SIN INFORMACIÓN
2014	50099	Épila	0,0	0,0	0,0	0,0	0,0	0,0	0,0	4,0	1,0	0,0	0,0	COMPLETA
2014	50100	Erla	2,0	0,0	2,0	1034,0	0,0	1034,0	0,0	0,0	0,0	0,0	0,0	COMPLETA
2014	50101	Escatrón	2,0	1,0	1,0	241,0	205,0	36,0	1,0	1,0	0,0	1,0	0,0	COMPLETA
2014	50102	Fabara	6,0	0,0	6,0	2107,0	0,0	2107,0	0,0	2,0	0,0	1,0	1,0	COMPLETA
2014	50104	Farlete												SIN INFORMACIÓN
2014	50105	Fayón	1,0	1,0	0,0	206,0	206,0	0,0	1,0	0,0	0,0	0,0	0,0	COMPLETA
2014	50106	Fayos (Los)	1,0	1,0	0,0	398,0	398,0	0,0	1,0	0,0	0,0	0,0	0,0	COMPLETA
2014	50107	Figueruelas	1,0	1,0	0,0	150,0	150,0	0,0	1,0	0,0	0,0	0,0	0,0	COMPLETA
2014	50108	Fombuena												SIN INFORMACIÓN
2014	50109	Frago (El)												SIN INFORMACIÓN
2014	50110	Frasno (El)												SIN INFORMACIÓN
2014	50111	Fréscano	1,0	1,0	0,0	62,0	62,0	0,0	1,0	0,0	0,0	1,0	1,0	COMPLETA
2014	50113	Fuendejalón	2,0	1,0	1,0	1109,0	243,0	866,0	1,0	1,0	0,0	0,0	0,0	COMPLETA
2014	50114	Fuendetodos												SIN INFORMACIÓN
2014	50115	Fuentes de Ebro	2,0	2,0	0,0	466,0	466,0	0,0	2,0	0,0	0,0	0,0	0,0	COMPLETA
2014	50116	Fuentes de Jiloca	1,0	0,0	1,0	41,0	0,0	41,0	0,0	0,0	0,0	0,0	0,0	COMPLETA
2014	50117	Gallocanta	1,0	0,0	1,0	1100,0	0,0	1100,0	0,0	0,0	0,0	0,0	0,0	COMPLETA
2014	50118	Gallur	1,0	0,0	1,0	51,0	0,0	51,0	0,0	2,0	0,0	0,0	0,0	COMPLETA
2014	50119	Gelsa												SIN INFORMACIÓN
2014	50120	Godojos												SIN INFORMACIÓN
2014	50121	Gotor												SIN INFORMACIÓN
2014	50122	Grisel												SIN INFORMACIÓN
2014	50123	Grisén												SIN INFORMACIÓN
2014	50124	Herrera de los Navarros	1,0	0,0	1,0	480,0	0,0	480,0	0,0	0,0	0,0	0,0	0,0	COMPLETA
2014	50125	Ibdes	1,0	0,0	1,0	353,0	0,0	353,0	0,0	0,0	0,0	0,0	0,0	COMPLETA
2014	50126	Illueca	1,0	0,0	1,0	158,0	0,0	158,0	0,0	0,0	0,0	0,0	0,0	COMPLETA
2014	50128	Isuerre												SIN INFORMACIÓN
2014	50129	Jaraba	1,0	1,0	0,0	321,0	321,0	0,0	1,0	0,0	0,0	0,0	0,0	COMPLETA
2014	50130	Jarque												SIN INFORMACIÓN
2014	50131	Jaulín	1,0	0,0	1,0	1680,0	0,0	1680,0	0,0	0,0	0,0	0,0	0,0	COMPLETA
2014	50132	Joyosa (La)	0,0	0,0	0,0	0,0	0,0	0,0	0,0	0,0	0,0	1,0	0,0	COMPLETA
2014	50133	Lagata												SIN INFORMACIÓN
2014	50134	Langa del Castillo	1,0		1,0	1734,0		1734,0		1,0				INCOMPLETA
2014	50135	Layana												SIN INFORMACIÓN
2014	50136	Lécera	0,0	0,0	0,0	0,0	0,0	0,0	0,0	3,0	0,0	0,0	0,0	COMPLETA
2014	50137	Leciñena	6,0	1,0	5,0	7402,0	170,0	7232,0	1,0	0,0	0,0	1,0	1,0	COMPLETA
2014	50138	Lechón												SIN INFORMACIÓN
2014	50139	Letux												SIN INFORMACIÓN
2014	50140	Litago												SIN INFORMACIÓN
2014	50141	Lituénigo												SIN INFORMACIÓN
2014	50142	Lobera de Onsella												SIN INFORMACIÓN
2014	50143	Longares	0,0	0,0	0,0	0,0	0,0	0,0	0,0	1,0	0,0	0,0	0,0	COMPLETA
2014	50144	Longás												SIN INFORMACIÓN
2014	50146	Lucena de Jalón												SIN INFORMACIÓN
2014	50147	Luceni	0,0	0,0	0,0	0,0	0,0	0,0	0,0	3,0	0,0	0,0	0,0	COMPLETA
2014	50148	Luesia												SIN INFORMACIÓN
2014	50149	Luesma												SIN INFORMACIÓN
2014	50150	Lumpiaque	0,0	0,0	0,0	0,0	0,0	0,0	0,0	2,0	0,0	3,0	3,0	COMPLETA
2014	50151	Luna	2,0	0,0	2,0	3450,0	0,0	3450,0	0,0	0,0	0,0	0,0	0,0	COMPLETA
2014	50152	Maella	5,0	1,0	4,0	2156,0	235,0	1921,0	1,0	5,0	0,0	0,0	0,0	COMPLETA
2014	50153	Magallón	2,0	0,0	2,0	285,0	0,0	285,0	0,0	0,0	0,0	1,0	1,0	COMPLETA
2014	50154	Mainar												SIN INFORMACIÓN
2014	50155	Malanquilla												SIN INFORMACIÓN
2014	50156	Maleján												SIN INFORMACIÓN
2014	50157	Malón												SIN INFORMACIÓN
2014	50159	Maluenda												SIN INFORMACIÓN
2014	50160	Mallén	2,0	0,0	2,0	1593,0	0,0	1593,0	0,0	3,0	0,0	2,0	1,0	COMPLETA
2014	50161	Manchones	0,0	0,0	0,0	0,0	0,0	0,0	0,0	1,0	0,0	0,0	0,0	COMPLETA
2014	50162	Mara												SIN INFORMACIÓN
2014	50163	María de Huerva	0,0	0,0	0,0	0,0	0,0	0,0	0,0	0,0	0,0	0,0	0,0	COMPLETA
2014	50164	Mediana de Aragón												SIN INFORMACIÓN
2014	50165	Mequinenza	6,0	1,0	5,0	789,0	300,0	489,0	1,0	2,0	0,0	0,0	0,0	COMPLETA
2014	50166	Mesones de Isuela	1,0	1,0	0,0	156,0	156,0	0,0	1,0	0,0	0,0	0,0	0,0	COMPLETA
2014	50167	Mezalocha												SIN INFORMACIÓN
2014	50168	Mianos												SIN INFORMACIÓN
2014	50169	Miedes de Aragón	1,0	0,0	1,0	180,0	0,0	180,0	0,0	0,0	0,0	0,0	0,0	COMPLETA
2014	50170	Monegrillo	1,0	0,0	1,0	152,0	0,0	152,0	0,0	0,0	0,0	0,0	0,0	COMPLETA
2014	50171	Moneva	0,0	0,0	0,0	0,0	0,0	0,0	0,0	1,0	0,0	0,0	0,0	COMPLETA
2014	50172	Monreal de Ariza												SIN INFORMACIÓN
2014	50173	Monterde	0,0	0,0	0,0	0,0	0,0	0,0	0,0	1,0	0,0	0,0	0,0	COMPLETA
2014	50174	Montón												SIN INFORMACIÓN
2014	50175	Morata de Jalón	0,0	0,0	0,0	0,0	0,0	0,0	0,0	1,0	0,0	1,0	1,0	COMPLETA
2014	50176	Morata de Jiloca	0,0	0,0	0,0	0,0	0,0	0,0	0,0	1,0	0,0	0,0	0,0	COMPLETA
2014	50177	Morés	0,0	0,0	0,0	0,0	0,0	0,0	0,0	1,0	0,0	0,0	0,0	COMPLETA
2014	50178	Moros												SIN INFORMACIÓN
2014	50179	Moyuela	0,0	0,0	0,0	0,0	0,0	0,0	0,0	1,0	0,0	0,0	0,0	COMPLETA
2014	50180	Mozota												SIN INFORMACIÓN
2014	50181	Muel	0,0	0,0	0,0	0,0	0,0	0,0	0,0	1,0	0,0	0,0	0,0	COMPLETA
2014	50182	Muela (La)	0,0	0,0	0,0	0,0	0,0	0,0	0,0	3,0	0,0	0,0	0,0	COMPLETA
2014	50183	Munébrega												SIN INFORMACIÓN
2014	50184	Murero												SIN INFORMACIÓN
2014	50185	Murillo de Gállego												SIN INFORMACIÓN
2014	50186	Navardún	0,0	0,0	0,0	0,0	0,0	0,0	0,0	0,0	0,0	0,0	0,0	COMPLETA
2014	50187	Nigüella												SIN INFORMACIÓN
2014	50188	Nombrevilla												SIN INFORMACIÓN
2014	50189	Nonaspe	2,0	0,0	2,0	103,0	0,0	103,0	0,0	4,0	2,0	3,0	2,0	COMPLETA
2014	50190	Novallas												SIN INFORMACIÓN
2014	50191	Novillas	3,0	1,0	2,0	919,0	273,0	646,0	1,0	1,0	0,0	1,0	1,0	COMPLETA
2014	50192	Nuévalos												SIN INFORMACIÓN
2014	50193	Nuez de Ebro	2,0	0,0	2,0	64,0	0,0	64,0	0,0	3,0	0,0	0,0	0,0	COMPLETA
2014	50194	Olvés												SIN INFORMACIÓN
2014	50195	Orcajo												SIN INFORMACIÓN
2014	50196	Orera												SIN INFORMACIÓN
2014	50197	Orés												SIN INFORMACIÓN
2014	50198	Oseja												SIN INFORMACIÓN
2014	50199	Osera de Ebro	1,0	1,0	0,0	466,0	466,0	0,0	1,0	0,0	0,0	5,0	5,0	COMPLETA
2014	50200	Paniza												SIN INFORMACIÓN
2014	50201	Paracuellos de Jiloca	0,0	0,0	0,0	0,0	0,0	0,0	0,0	2,0	0,0	0,0	0,0	COMPLETA
2014	50202	Paracuellos de la Ribera												SIN INFORMACIÓN
2014	50203	Pastriz	1,0	0,0	1,0	309,0	0,0	309,0	0,0	0,0	0,0	0,0	0,0	COMPLETA
2014	50204	Pedrola	0,0	0,0	0,0	0,0	0,0	0,0	0,0	2,0	0,0	0,0	0,0	COMPLETA
2014	50205	Pedrosas (Las)												SIN INFORMACIÓN
2014	50206	Perdiguera	10,0	0,0	10,0	9282,0	0,0	9282,0	0,0	1,0	0,0	3,0	2,0	COMPLETA
2014	50207	Piedratajada	1,0	1,0	0,0	112,0	112,0	0,0	1,0	0,0	0,0	1,0	1,0	COMPLETA
2014	50208	Pina de Ebro	4,0	1,0	3,0	3316,0	213,0	3103,0	1,0	1,0	0,0	1,0	1,0	COMPLETA
2014	50209	Pinseque	2,0	1,0	1,0	166,0	128,0	38,0	1,0	5,0	0,0	1,0	1,0	COMPLETA
2014	50210	Pintanos (Los)	0,0	0,0	0,0	0,0	0,0	0,0	0,0	1,0	0,0	0,0	0,0	COMPLETA
2014	50211	Plasencia de Jalón												SIN INFORMACIÓN
2014	50212	Pleitas												SIN INFORMACIÓN
2014	50213	Plenas												SIN INFORMACIÓN
2014	50214	Pomer												SIN INFORMACIÓN
2014	50215	Pozuel de Ariza												SIN INFORMACIÓN
2014	50216	Pozuelo de Aragón	2,0		2,0	3943,0		3943,0						INCOMPLETA
2014	50217	Pradilla de Ebro	0,0	0,0	0,0	0,0	0,0	0,0	0,0	1,0	0,0	0,0	0,0	COMPLETA
2014	50218	Puebla de Albortón												SIN INFORMACIÓN
2014	50219	Puebla de Alfindén (La)	0,0	0,0	0,0	0,0	0,0	0,0	0,0	1,0	0,0	2,0	0,0	COMPLETA
2014	50220	Puendeluna												SIN INFORMACIÓN
2014	50221	Purujosa												SIN INFORMACIÓN
2014	50222	Quinto	3,0	1,0	2,0	1629,0	204,0	1425,0	1,0	0,0	0,0	1,0	1,0	COMPLETA
2014	50223	Remolinos												SIN INFORMACIÓN
2014	50224	Retascón												SIN INFORMACIÓN
2014	50225	Ricla	4,0	0,0	4,0	828,0	0,0	828,0	0,0	4,0	0,0	0,0	0,0	COMPLETA
2014	50227	Romanos												SIN INFORMACIÓN
2014	50228	Rueda de Jalón	1,0	1,0	0,0	131,0	131,0	0,0	1,0	0,0	0,0	0,0	0,0	COMPLETA
2014	50229	Ruesca												SIN INFORMACIÓN
2014	50230	Sádaba	2,0	0,0	2,0	1748,0	0,0	1748,0	0,0	2,0	0,0	0,0	0,0	COMPLETA
2014	50231	Salillas de Jalón	1,0	1,0	0,0	346,0	346,0	0,0	1,0	0,0	0,0	0,0	0,0	COMPLETA
2014	50232	Salvatierra de Esca								1,0	1,0			INCOMPLETA
2014	50233	Samper del Salz												SIN INFORMACIÓN
2014	50234	San Martín de la Virgen de Moncayo	1,0	1,0	0,0	207,0	207,0	0,0	1,0	1,0	1,0	0,0	0,0	COMPLETA
2014	50235	San Mateo de Gállego	5,0	5,0	0,0	1303,0	1303,0	0,0	4,0	3,0	0,0	0,0	0,0	COMPLETA
2014	50236	Santa Cruz de Grío												SIN INFORMACIÓN
2014	50237	Santa Cruz de Moncayo												SIN INFORMACIÓN
2014	50238	Santa Eulalia de Gállego	0,0	0,0	0,0	0,0	0,0	0,0	0,0	1,0	0,0	0,0	0,0	COMPLETA
2014	50239	Santed												SIN INFORMACIÓN
2014	50240	Sástago	0,0	0,0	0,0	0,0	0,0	0,0	0,0	0,0	0,0	2,0	2,0	COMPLETA
2014	50241	Saviñán												SIN INFORMACIÓN
2014	50242	Sediles												SIN INFORMACIÓN
2014	50243	Sestrica	3,0	3,0	0,0	417,0	417,0	0,0	3,0	0,0	0,0	0,0	0,0	COMPLETA
2014	50244	Sierra de Luna	2,0	0,0	2,0	3456,0	0,0	3456,0	0,0	1,0	0,0	0,0	0,0	COMPLETA
2014	50245	Sigüés												SIN INFORMACIÓN
2014	50246	Sisamón												SIN INFORMACIÓN
2014	50247	Sobradiel	0,0	0,0	0,0	0,0	0,0	0,0	0,0	1,0	0,0	0,0	0,0	COMPLETA
2014	50248	Sos del Rey Católico	1,0	0,0	1,0	384,0	0,0	384,0	0,0	0,0	0,0	0,0	0,0	COMPLETA
2014	50249	Tabuenca								3,0				INCOMPLETA
2014	50250	Talamantes												SIN INFORMACIÓN
2014	50251	Tarazona	1,0	0,0	1,0	50,0	0,0	50,0	0,0	2,0	0,0	1,0	1,0	COMPLETA
2014	50252	Tauste	2,0	2,0	0,0	1169,0	1169,0	0,0	2,0	2,0	0,0	2,0	4,0	COMPLETA
2014	50253	Terrer												SIN INFORMACIÓN
2014	50254	Tierga												SIN INFORMACIÓN
2014	50255	Tobed	1,0	1,0		286,0	286,0		1,0					INCOMPLETA
2014	50256	Torralba de los Frailes												SIN INFORMACIÓN
2014	50257	Torralba de Ribota	0,0	0,0	0,0	0,0	0,0	0,0	0,0	1,0	0,0	0,0	0,0	COMPLETA
2014	50258	Torralbilla												SIN INFORMACIÓN
2014	50259	Torrehermosa												SIN INFORMACIÓN
2014	50260	Torrelapaja												SIN INFORMACIÓN
2014	50261	Torrellas	1,0	1,0	0,0	179,0	179,0	0,0	1,0	0,0	0,0	0,0	0,0	COMPLETA
2014	50262	Torres de Berrellén	3,0	2,0	1,0	537,0	440,0	97,0	2,0	1,0	1,0	3,0	2,0	COMPLETA
2014	50263	Torrijo de la Cañada	0,0	0,0	0,0	0,0	0,0	0,0	0,0	1,0	0,0	0,0	0,0	COMPLETA
2014	50264	Tosos												SIN INFORMACIÓN
2014	50265	Trasmoz	3,0	0,0	3,0	1182,0	0,0	1182,0	0,0	0,0	0,0	0,0	0,0	COMPLETA
2014	50266	Trasobares												SIN INFORMACIÓN
2014	50267	Uncastillo	0,0	0,0	0,0	0,0	0,0	0,0	0,0	1,0	1,0	0,0	0,0	COMPLETA
2014	50268	Undués de Lerda	1,0	0,0	1,0	592,0	0,0	592,0	0,0	0,0	0,0	0,0	0,0	COMPLETA
2014	50269	Urrea de Jalón	5,0	1,0	4,0	1992,0	188,0	1804,0	1,0	0,0	0,0	1,0	1,0	COMPLETA
2014	50270	Urriés												SIN INFORMACIÓN
2014	50271	Used												SIN INFORMACIÓN
2014	50272	Utebo	3,0	2,0	1,0	2878,0	555,0	2323,0	2,0	1,0	0,0	2,0	1,0	COMPLETA
2014	50273	Valdehorna												SIN INFORMACIÓN
2014	50274	Val de San Martín												SIN INFORMACIÓN
2014	50275	Valmadrid	2,0	0,0	2,0	22500,0	0,0	22500,0	0,0	0,0	0,0	0,0	0,0	COMPLETA
2014	50276	Valpalmas	0,0	0,0	0,0	0,0	0,0	0,0	0,0	2,0	0,0	0,0	0,0	COMPLETA
2014	50277	Valtorres												SIN INFORMACIÓN
2014	50278	Velilla de Ebro												SIN INFORMACIÓN
2014	50279	Velilla de Jiloca												SIN INFORMACIÓN
2014	50280	Vera de Moncayo	0,0	0,0	0,0	0,0	0,0	0,0	0,0	0,0	0,0	3,0	1,0	COMPLETA
2014	50281	Vierlas												SIN INFORMACIÓN
2014	50282	Vilueña (La)												SIN INFORMACIÓN
2014	50283	Villadoz												SIN INFORMACIÓN
2014	50284	Villafeliche	1,0	1,0	0,0	537,0	537,0	0,0	0,0	0,0	0,0	2,0	2,0	COMPLETA
2014	50285	Villafranca de Ebro	1,0	0,0	1,0	105,0	0,0	105,0	0,0	2,0	0,0	0,0	0,0	COMPLETA
2014	50286	Villalba de Perejil												SIN INFORMACIÓN
2014	50287	Villalengua												SIN INFORMACIÓN
2014	50288	Villanueva de Gállego	0,0	0,0	0,0	0,0	0,0	0,0	0,0	3,0	0,0	0,0	0,0	COMPLETA
2014	50289	Villanueva de Jiloca												SIN INFORMACIÓN
2014	50290	Villanueva de Huerva												SIN INFORMACIÓN
2014	50291	Villar de los Navarros												SIN INFORMACIÓN
2014	50292	Villarreal de Huerva												SIN INFORMACIÓN
2014	50293	Villarroya de la Sierra												SIN INFORMACIÓN
2014	50294	Villarroya del Campo												SIN INFORMACIÓN
2014	50295	Vistabella												SIN INFORMACIÓN
2014	50296	Zaida (La)												SIN INFORMACIÓN
2014	50297	Zaragoza	127,0	74,0	53,0	221086,0	119942,0	101144,0	699,0	610,0	40,0	40,0	85,0	COMPLETA
2014	50298	Zuera	2,0	1,0	1,0	8299,0	212,0	8087,0	1,0	8,0	0,0	1,0	1,0	COMPLETA
2014	50901	Biel												SIN INFORMACIÓN
2014	50902	Marracos	1,0	1,0	0,0	126,0	126,0	0,0	1,0	0,0	0,0	0,0	0,0	COMPLETA
2014	50903	Villamayor de Gállego	7,0	6,0	1,0	3601,0	1779,0	1822,0	6,0	5,0	0,0	2,0	0,0	COMPLETA
2013	22001	Abiego	2,0	2,0	0,0	786,0	786,0	0,0	3,0	1,0	0,0	1,0	1,0	COMPLETA
2013	22002	Abizanda	0,0	0,0	0,0	0,0	0,0	0,0	0,0	1,0	1,0	0,0	0,0	COMPLETA
2013	22003	Adahuesca												SIN INFORMACIÓN
2013	22004	Agüero	0,0	0,0	0,0	0,0	0,0	0,0	0,0	9,0	1,0	0,0	0,0	COMPLETA
2013	22006	Aísa												SIN INFORMACIÓN
2013	22007	Albalate de Cinca	2,0	1,0	1,0	331,0	211,0	120,0	1,0	0,0	0,0	1,0	1,0	COMPLETA
2013	22008	Albalatillo												SIN INFORMACIÓN
2013	22009	Albelda	0,0	0,0	0,0	0,0	0,0	0,0	0,0	1,0	0,0	0,0	0,0	COMPLETA
2013	22011	Albero Alto												SIN INFORMACIÓN
2013	22012	Albero Bajo	0,0	0,0	0,0	0,0	0,0	0,0	0,0	2,0	0,0	0,0	0,0	COMPLETA
2013	22013	Alberuela de Tubo	2,0	1,0	1,0	538,0	172,0	366,0	1,0	0,0	0,0	0,0	0,0	COMPLETA
2013	22014	Alcalá de Gurrea	3,0	1,0	2,0	1289,0	160,0	1129,0	1,0	0,0	0,0	1,0	0,0	COMPLETA
2013	22015	Alcalá del Obispo	0,0	0,0	0,0	0,0	0,0	0,0	0,0	1,0	0,0	0,0	0,0	COMPLETA
2013	22016	Alcampell	4,0	0,0	4,0	2044,0	0,0	2044,0	0,0	0,0	0,0	0,0	0,0	COMPLETA
2013	22017	Alcolea de Cinca	4,0	2,0	2,0	633,0	380,0	253,0	2,0	0,0	0,0	0,0	0,0	COMPLETA
2013	22018	Alcubierre												SIN INFORMACIÓN
2013	22019	Alerre												SIN INFORMACIÓN
2013	22020	Alfántega												SIN INFORMACIÓN
2013	22021	Almudévar	2,0	0,0	2,0	1751,0	0,0	1751,0	0,0	1,0	0,0	0,0	0,0	COMPLETA
2013	22022	Almunia de San Juan												SIN INFORMACIÓN
2013	22023	Almuniente	4,0	0,0	4,0	4452,0	0,0	4452,0	0,0	0,0	0,0	0,0	0,0	COMPLETA
2013	22024	Alquézar												SIN INFORMACIÓN
2013	22025	Altorricón	0,0	0,0	0,0	0,0	0,0	0,0	0,0	1,0	0,0	0,0	0,0	COMPLETA
2013	22027	Angüés	9,0	0,0	9,0	8686,0	0,0	8686,0	0,0	0,0	0,0	0,0	0,0	COMPLETA
2013	22028	Ansó	0,0	0,0	0,0	0,0	0,0	0,0	0,0	3,0	0,0	0,0	0,0	COMPLETA
2013	22029	Antillón	1,0		1,0	132,0		132,0		2,0		1,0		INCOMPLETA
2013	22032	Aragüés del Puerto												SIN INFORMACIÓN
2013	22035	Arén	0,0	0,0	0,0	0,0	0,0	0,0	0,0	2,0	0,0	0,0	0,0	COMPLETA
2013	22036	Argavieso	1,0	0,0	1,0	47,0	0,0	47,0	0,0	0,0	0,0	0,0	0,0	COMPLETA
2013	22037	Arguis								1,0				INCOMPLETA
2013	22039	Ayerbe	2,0	0,0	2,0	322,0	0,0	322,0	0,0	1,0	0,0	0,0	0,0	COMPLETA
2013	22040	Azanuy-Alins												SIN INFORMACIÓN
2013	22041	Azara												SIN INFORMACIÓN
2013	22042	Azlor												SIN INFORMACIÓN
2013	22043	Baells	1,0		1,0	970,0		970,0						INCOMPLETA
2013	22044	Bailo	1,0	1,0	0,0	171,0	171,0	0,0	1,0	0,0	0,0	0,0	0,0	COMPLETA
2013	22045	Baldellou												SIN INFORMACIÓN
2013	22046	Ballobar												SIN INFORMACIÓN
2013	22047	Banastás												SIN INFORMACIÓN
2013	22048	Barbastro	3,0	1,0	2,0	2277,0	298,0	1979,0	1,0	5,0	9,0	0,0	0,0	COMPLETA
2013	22049	Barbués	3,0	0,0	3,0	2405,0	0,0	2405,0	0,0	0,0	0,0	0,0	0,0	COMPLETA
2013	22050	Barbuñales												SIN INFORMACIÓN
2013	22051	Bárcabo												SIN INFORMACIÓN
2013	22052	Belver de Cinca	5,0	0,0	5,0	2271,0	0,0	2271,0	0,0	0,0	0,0	1,0	1,0	COMPLETA
2013	22053	Benabarre	3,0	0,0	3,0	875,0	0,0	875,0	0,0	9,0	0,0	0,0	0,0	COMPLETA
2013	22054	Benasque	3,0	3,0	0,0	1174,0	1174,0	0,0	5,0	0,0	0,0	2,0	2,0	COMPLETA
2013	22055	Berbegal	0,0	0,0	0,0	0,0	0,0	0,0	0,0	3,0	0,0	0,0	0,0	COMPLETA
2013	22057	Bielsa	2,0	1,0	1,0	1008,0	140,0	868,0	1,0	1,0	0,0	0,0	0,0	COMPLETA
2013	22058	Bierge												SIN INFORMACIÓN
2013	22059	Biescas	1,0	1,0	0,0	187,0	187,0	0,0	1,0	1,0	0,0	0,0	0,0	COMPLETA
2013	22060	Binaced	22,0	4,0	18,0	11927,0	825,0	11102,0	4,0	3,0	0,0	1,0	0,0	COMPLETA
2013	22061	Binéfar	9,0	5,0	4,0	3874,0	1908,0	1966,0	5,0	5,0	4,0	0,0	2,0	COMPLETA
2013	22062	Bisaurri												SIN INFORMACIÓN
2013	22063	Biscarrués	2,0	0,0	2,0	2476,0	0,0	2476,0	0,0	2,0	0,0	0,0	0,0	COMPLETA
2013	22064	Blecua y Torres	2,0	0,0	2,0	2600,0	0,0	2600,0	0,0	3,0	0,0	0,0	0,0	COMPLETA
2013	22066	Boltaña	1,0	0,0	1,0	265,0	0,0	265,0	0,0	4,0	1,0	0,0	0,0	COMPLETA
2013	22067	Bonansa	0,0	0,0	0,0	0,0	0,0	0,0	0,0	1,0	0,0	0,0	0,0	COMPLETA
2013	22068	Borau												SIN INFORMACIÓN
2013	22069	Broto												SIN INFORMACIÓN
2013	22072	Caldearenas	2,0	1,0	1,0	140,0	99,0	41,0	1,0	3,0	0,0	0,0	0,0	COMPLETA
2013	22074	Campo												SIN INFORMACIÓN
2013	22075	Camporrells	1,0		1,0	60,0		60,0		2,0				INCOMPLETA
2013	22076	Canal de Berdún												SIN INFORMACIÓN
2013	22077	Candasnos	5,0	0,0	5,0	2500,0	0,0	2500,0	0,0	0,0	0,0	0,0	0,0	COMPLETA
2013	22078	Canfranc	0,0	0,0	0,0	0,0	0,0	0,0	0,0	2,0	0,0	0,0	0,0	COMPLETA
2013	22079	Capdesaso												SIN INFORMACIÓN
2013	22080	Capella	4,0	1,0	3,0	1382,0	339,0	1043,0	1,0	2,0	0,0	1,0	0,0	COMPLETA
2013	22081	Casbas de Huesca	3,0	0,0	3,0	2387,0	0,0	2387,0	0,0	2,0	0,0	0,0	0,0	COMPLETA
2013	22082	Castejón del Puente	0,0	0,0	0,0	0,0	0,0	0,0	0,0	1,0	0,0	0,0	0,0	COMPLETA
2013	22083	Castejón de Monegros	3,0	0,0	3,0	2122,0	0,0	2122,0	0,0	4,0	0,0	0,0	0,0	COMPLETA
2013	22084	Castejón de Sos	0,0	0,0	0,0	0,0	0,0	0,0	0,0	1,0	0,0	0,0	0,0	COMPLETA
2013	22085	Castelflorite	3,0	0,0	3,0	3630,0	0,0	3630,0	0,0	0,0	0,0	0,0	0,0	COMPLETA
2013	22086	Castiello de Jaca	0,0	0,0	0,0	0,0	0,0	0,0	0,0	9,0	0,0	0,0	0,0	COMPLETA
2013	22087	Castigaleu												SIN INFORMACIÓN
2013	22088	Castillazuelo	0,0	0,0	0,0	0,0	0,0	0,0	0,0	3,0	0,0	0,0	0,0	COMPLETA
2013	22089	Castillonroy	0,0	0,0	0,0	0,0	0,0	0,0	0,0	1,0	0,0	1,0	0,0	COMPLETA
2013	22090	Colungo												SIN INFORMACIÓN
2013	22094	Chalamera												SIN INFORMACIÓN
2013	22095	Chía												SIN INFORMACIÓN
2013	22096	Chimillas												SIN INFORMACIÓN
2013	22099	Esplús	2,0	2,0	0,0	555,0	555,0	0,0	2,0	0,0	0,0	0,0	0,0	COMPLETA
2013	22102	Estada												SIN INFORMACIÓN
2013	22103	Estadilla	3,0	0,0	3,0	810,0	0,0	810,0	0,0	0,0	0,0	0,0	0,0	COMPLETA
2013	22105	Estopiñán del Castillo	0,0	0,0	0,0	0,0	0,0	0,0	0,0	2,0	0,0	0,0	0,0	COMPLETA
2013	22106	Fago												SIN INFORMACIÓN
2013	22107	Fanlo												SIN INFORMACIÓN
2013	22109	Fiscal												SIN INFORMACIÓN
2013	22110	Fonz	0,0	0,0	0,0	0,0	0,0	0,0	0,0	1,0	1,0	0,0	0,0	COMPLETA
2013	22111	Foradada del Toscar	2,0	0,0	2,0	1794,0	0,0	1794,0	0,0	1,0	0,0	0,0	0,0	COMPLETA
2013	22112	Fraga	5,0	3,0	2,0	1428,0	1295,0	133,0	3,0	5,0	5,0	2,0	6,0	COMPLETA
2013	22113	Fueva (La)	2,0	0,0	2,0	1273,0	0,0	1273,0	0,0	3,0	0,0	0,0	0,0	COMPLETA
2013	22114	Gistaín												SIN INFORMACIÓN
2013	22115	Grado (El)	3,0	0,0	3,0	1959,0	0,0	1959,0	0,0	0,0	0,0	0,0	0,0	COMPLETA
2013	22116	Grañén	5,0	0,0	5,0	3613,0	0,0	3613,0	0,0	0,0	0,0	0,0	0,0	COMPLETA
2013	22117	Graus	23,0	1,0	22,0	8881,0	273,0	8608,0	1,0	11,0	3,0	0,0	1,0	COMPLETA
2013	22119	Gurrea de Gállego	1,0	0,0	1,0	1144,0	0,0	1144,0	0,0	2,0	0,0	0,0	0,0	COMPLETA
2013	22122	Hoz de Jaca												SIN INFORMACIÓN
2013	22124	Huerto	2,0	1,0	1,0	201,0	100,0	101,0	1,0	1,0	0,0	1,0	0,0	COMPLETA
2013	22125	Huesca	4,0	1,0	3,0	4496,0	1332,0	3164,0	4,0	7,0	1,0	1,0	3,0	COMPLETA
2013	22126	Ibieca	0,0	0,0	0,0	0,0	0,0	0,0	0,0	1,0	0,0	0,0	0,0	COMPLETA
2013	22127	Igriés												SIN INFORMACIÓN
2013	22128	Ilche	2,0	0,0	2,0	2561,0	0,0	2561,0	0,0	0,0	0,0	0,0	0,0	COMPLETA
2013	22129	Isábena												SIN INFORMACIÓN
2013	22130	Jaca	3,0	0,0	3,0	1627,0	0,0	1627,0	0,0	12,0	10,0	0,0	0,0	COMPLETA
2013	22131	Jasa	1,0	0,0	1,0	225,0	0,0	225,0	0,0	1,0	0,0	0,0	0,0	COMPLETA
2013	22133	Labuerda	0,0	0,0	0,0	0,0	0,0	0,0	0,0	1,0	0,0	0,0	0,0	COMPLETA
2013	22135	Laluenga	0,0	0,0	0,0	0,0	0,0	0,0	0,0	1,0	0,0	0,0	0,0	COMPLETA
2013	22136	Lalueza	4,0	0,0	4,0	4855,0	0,0	4855,0	0,0	0,0	0,0	0,0	0,0	COMPLETA
2013	22137	Lanaja	1,0	1,0	0,0	120,0	120,0	0,0	1,0	0,0	0,0	0,0	0,0	COMPLETA
2013	22139	Laperdiguera												SIN INFORMACIÓN
2013	22141	Lascellas-Ponzano												SIN INFORMACIÓN
2013	22142	Lascuarre	3,0	0,0	3,0	2184,0	0,0	2184,0	0,0	0,0	0,0	0,0	0,0	COMPLETA
2013	22143	Laspaúles	0,0	0,0	0,0	0,0	0,0	0,0	0,0	2,0	0,0	0,0	0,0	COMPLETA
2013	22144	Laspuña	2,0	1,0	1,0	499,0	355,0	144,0	1,0	2,0	0,0	0,0	0,0	COMPLETA
2013	22149	Loarre												SIN INFORMACIÓN
2013	22150	Loporzano	1,0	1,0	0,0	134,0	134,0	0,0	1,0	0,0	0,0	0,0	0,0	COMPLETA
2013	22151	Loscorrales	2,0		2,0	882,0		882,0						INCOMPLETA
2013	22155	Monesma y Cajigar												SIN INFORMACIÓN
2013	22156	Monflorite-Lascasas	1,0	0,0	1,0	1815,0	0,0	1815,0	0,0	1,0	0,0	0,0	0,0	COMPLETA
2013	22157	Montanuy												SIN INFORMACIÓN
2013	22158	Monzón	3,0	0,0	3,0	1601,0	0,0	1601,0	0,0	4,0	0,0	0,0	0,0	COMPLETA
2013	22160	Naval												SIN INFORMACIÓN
2013	22162	Novales	1,0	1,0	0,0	213,0	213,0	0,0	1,0	0,0	0,0	0,0	0,0	COMPLETA
2013	22163	Nueno	0,0	0,0	0,0	0,0	0,0	0,0	0,0	1,0	0,0	0,0	0,0	COMPLETA
2013	22164	Olvena	2,0	0,0	2,0	1498,0	0,0	1498,0	0,0	0,0	0,0	0,0	0,0	COMPLETA
2013	22165	Ontiñena												SIN INFORMACIÓN
2013	22167	Osso de Cinca	7,0	2,0	5,0	4355,0	438,0	3917,0	2,0	2,0	1,0	2,0	0,0	COMPLETA
2013	22168	Palo												SIN INFORMACIÓN
2013	22170	Panticosa	0,0	0,0	0,0	0,0	0,0	0,0	0,0	2,0	0,0	0,0	0,0	COMPLETA
2013	22172	Peñalba	5,0	1,0	4,0	2284,0	291,0	1993,0	1,0	2,0	0,0	1,0	1,0	COMPLETA
2013	22173	Peñas de Riglos (Las)	0,0	0,0	0,0	0,0	0,0	0,0	0,0	4,0	1,0	0,0	0,0	COMPLETA
2013	22174	Peralta de Alcofea	3,0	0,0	3,0	2619,0	0,0	2619,0	0,0	1,0	0,0	0,0	0,0	COMPLETA
2013	22175	Peralta de Calasanz												SIN INFORMACIÓN
2013	22176	Peraltilla												SIN INFORMACIÓN
2013	22177	Perarrúa												SIN INFORMACIÓN
2013	22178	Pertusa	1,0		1,0	1815,0		1815,0						INCOMPLETA
2013	22181	Piracés	2,0	0,0	2,0	882,0	0,0	882,0	0,0	0,0	0,0	0,0	0,0	COMPLETA
2013	22182	Plan												SIN INFORMACIÓN
2013	22184	Poleñino												SIN INFORMACIÓN
2013	22186	Pozán de Vero								1,0				INCOMPLETA
2013	22187	Puebla de Castro (La)	1,0	1,0	0,0	445,0	445,0	0,0	2,0	4,0	0,0	2,0	1,0	COMPLETA
2013	22188	Puente de Montañana												SIN INFORMACIÓN
2013	22189	Puértolas												SIN INFORMACIÓN
2013	22190	Pueyo de Araguás (El)	1,0	1,0	0,0	215,0	215,0	0,0	1,0	1,0	0,0	0,0	0,0	COMPLETA
2013	22193	Pueyo de Santa Cruz												SIN INFORMACIÓN
2013	22195	Quicena	1,0	1,0	0,0	129,0	129,0	0,0	1,0	1,0	0,0	0,0	0,0	COMPLETA
2013	22197	Robres	9,0	0,0	9,0	7240,0	0,0	7240,0	0,0	0,0	0,0	0,0	0,0	COMPLETA
2013	22199	Sabiñánigo	1,0	0,0	1,0	456,0	0,0	456,0	0,0	2,0	0,0	0,0	0,0	COMPLETA
2013	22200	Sahún	1,0	1,0	0,0	80,0	80,0	0,0	1,0	3,0	3,0	0,0	1,0	COMPLETA
2013	22201	Salas Altas												SIN INFORMACIÓN
2013	22202	Salas Bajas												SIN INFORMACIÓN
2013	22203	Salillas	6,0		6,0	24380,0		24380,0						INCOMPLETA
2013	22204	Sallent de Gállego	2,0	1,0	1,0	3497,0	1140,0	2357,0	9,0	2,0	0,0	1,0	0,0	COMPLETA
2013	22205	San Esteban de Litera	2,0	0,0	2,0	851,0	0,0	851,0	0,0	2,0	0,0	0,0	0,0	COMPLETA
2013	22206	Sangarrén								3,0				INCOMPLETA
2013	22207	San Juan de Plan												SIN INFORMACIÓN
2013	22208	Santa Cilia	1,0	1,0		185,0	185,0		1,0					INCOMPLETA
2013	22209	Santa Cruz de la Serós												SIN INFORMACIÓN
2013	22212	Santaliestra y San Quílez	0,0	0,0	0,0	0,0	0,0	0,0	0,0	3,0	0,0	0,0	0,0	COMPLETA
2013	22213	Sariñena	7,0	1,0	6,0	4847,0	292,0	4555,0	1,0	2,0	0,0	1,0	1,0	COMPLETA
2013	22214	Secastilla	2,0	0,0	2,0	724,0	0,0	724,0	0,0	1,0	0,0	0,0	0,0	COMPLETA
2013	22215	Seira												SIN INFORMACIÓN
2013	22217	Sena	1,0	0,0	1,0	209,0	0,0	209,0	0,0	1,0	0,0	0,0	0,0	COMPLETA
2013	22218	Senés de Alcubierre	1,0	1,0	0,0	56,0	56,0	0,0	1,0	0,0	0,0	0,0	0,0	COMPLETA
2013	22220	Sesa												SIN INFORMACIÓN
2013	22221	Sesué												SIN INFORMACIÓN
2013	22222	Siétamo	4,0	0,0	4,0	9240,0	0,0	9240,0	0,0	1,0	0,0	0,0	0,0	COMPLETA
2013	22223	Sopeira												SIN INFORMACIÓN
2013	22225	Tamarite de Litera												SIN INFORMACIÓN
2013	22226	Tardienta	3,0	2,0	1,0	540,0	429,0	111,0	2,0	1,0	0,0	0,0	0,0	COMPLETA
2013	22227	Tella-Sin												SIN INFORMACIÓN
2013	22228	Tierz	2,0	1,0	1,0	760,0	231,0	529,0	1,0	1,0	0,0	0,0	0,0	COMPLETA
2013	22229	Tolva	0,0	0,0	0,0	0,0	0,0	0,0	0,0	1,0	0,0	0,0	0,0	COMPLETA
2013	22230	Torla-Ordesa												SIN INFORMACIÓN
2013	22232	Torralba de Aragón	1,0	0,0	1,0	1852,0	0,0	1852,0	0,0	0,0	0,0	0,0	0,0	COMPLETA
2013	22233	Torre la Ribera								1,0	1,0			INCOMPLETA
2013	22234	Torrente de Cinca	2,0	2,0	0,0	807,0	807,0	0,0	2,0	1,0	0,0	0,0	0,0	COMPLETA
2013	22235	Torres de Alcanadre												SIN INFORMACIÓN
2013	22236	Torres de Barbués												SIN INFORMACIÓN
2013	22239	Tramaced	1,0		1,0	47,0		47,0						INCOMPLETA
2013	22242	Valfarta												SIN INFORMACIÓN
2013	22243	Valle de Bardají												SIN INFORMACIÓN
2013	22244	Valle de Lierp												SIN INFORMACIÓN
2013	22245	Velilla de Cinca	1,0	0,0	1,0	16,0	0,0	16,0	0,0	0,0	0,0	0,0	0,0	COMPLETA
2013	22246	Beranuy	0,0	0,0	0,0	0,0	0,0	0,0	0,0	1,0	0,0	0,0	0,0	COMPLETA
2013	22247	Viacamp y Litera	1,0	1,0	0,0	494,0	494,0	0,0	1,0	0,0	0,0	1,0	0,0	COMPLETA
2013	22248	Vicién	0,0	0,0	0,0	0,0	0,0	0,0	0,0	1,0	0,0	0,0	0,0	COMPLETA
2013	22249	Villanova												SIN INFORMACIÓN
2013	22250	Villanúa	1,0	0,0	1,0	82,0	0,0	82,0	0,0	0,0	0,0	0,0	0,0	COMPLETA
2013	22251	Villanueva de Sigena	6,0	0,0	6,0	4164,0	0,0	4164,0	0,0	3,0	0,0	0,0	0,0	COMPLETA
2013	22252	Yebra de Basa												SIN INFORMACIÓN
2013	22253	Yésero	0,0	0,0	0,0	0,0	0,0	0,0	0,0	1,0	0,0	0,0	0,0	COMPLETA
2013	22254	Zaidín	6,0	1,0	5,0	5069,0	343,0	4726,0	1,0	5,0	2,0	0,0	0,0	COMPLETA
2013	22901	Valle de Hecho	0,0	0,0	0,0	0,0	0,0	0,0	0,0	3,0	2,0	0,0	0,0	COMPLETA
2013	22902	Puente la Reina de Jaca												SIN INFORMACIÓN
2013	22903	San Miguel del Cinca	5,0	0,0	5,0	8020,0	0,0	8020,0	0,0	3,0	0,0	0,0	0,0	COMPLETA
2013	22904	Sotonera (La)	1,0	0,0	1,0	40,0	0,0	40,0	0,0	1,0	0,0	0,0	0,0	COMPLETA
2013	22905	Lupiñén-Ortilla	4,0	4,0	0,0	347,0	347,0	0,0	0,0	0,0	0,0	0,0	0,0	COMPLETA
2013	22906	Santa María de Dulcis												SIN INFORMACIÓN
2013	22907	Aínsa-Sobrarbe	4,0	4,0	0,0	1219,0	1219,0	0,0	4,0	0,0	0,0	0,0	0,0	COMPLETA
2013	22908	Hoz y Costeán												SIN INFORMACIÓN
2013	22909	Vencillón	2,0	1,0	1,0	530,0	217,0	313,0	1,0	0,0	0,0	0,0	0,0	COMPLETA
2013	44001	Ababuj												SIN INFORMACIÓN
2013	44002	Abejuela	0,0	0,0	0,0	0,0	0,0	0,0	0,0	1,0	0,0	0,0	0,0	COMPLETA
2013	44003	Aguatón	0,0	0,0	0,0	0,0	0,0	0,0	0,0	2,0	0,0	0,0	0,0	COMPLETA
2013	44004	Aguaviva	2,0	2,0	0,0	659,0	659,0	0,0	2,0	0,0	0,0	1,0	1,0	COMPLETA
2013	44005	Aguilar del Alfambra												SIN INFORMACIÓN
2013	44006	Alacón												SIN INFORMACIÓN
2013	44007	Alba												SIN INFORMACIÓN
2013	44008	Albalate del Arzobispo	0,0	0,0	0,0	0,0	0,0	0,0	0,0	2,0	0,0	3,0	4,0	COMPLETA
2013	44009	Albarracín	0,0	0,0	0,0	0,0	0,0	0,0	0,0	2,0	0,0	0,0	0,0	COMPLETA
2013	44010	Albentosa	2,0	0,0	2,0	663,0	0,0	663,0	0,0	0,0	0,0	0,0	0,0	COMPLETA
2013	44011	Alcaine												SIN INFORMACIÓN
2013	44012	Alcalá de la Selva	1,0	0,0	1,0	25,0	0,0	25,0	0,0	0,0	0,0	0,0	0,0	COMPLETA
2013	44013	Alcañiz	27,0	3,0	24,0	7699,0	850,0	6849,0	3,0	5,0	2,0	3,0	4,0	COMPLETA
2013	44014	Alcorisa	4,0	1,0	3,0	519,0	333,0	186,0	1,0	4,0	1,0	1,0	1,0	COMPLETA
2013	44016	Alfambra	3,0	0,0	3,0	3835,0	0,0	3835,0	0,0	1,0	0,0	2,0	2,0	COMPLETA
2013	44017	Aliaga												SIN INFORMACIÓN
2013	44018	Almohaja												SIN INFORMACIÓN
2013	44019	Alobras												SIN INFORMACIÓN
2013	44020	Alpeñés												SIN INFORMACIÓN
2013	44021	Allepuz												SIN INFORMACIÓN
2013	44022	Alloza	1,0	1,0	0,0	326,0	326,0	0,0	1,0	1,0	0,0	0,0	0,0	COMPLETA
2013	44023	Allueva												SIN INFORMACIÓN
2013	44024	Anadón												SIN INFORMACIÓN
2013	44025	Andorra	7,0	0,0	7,0	804,0	0,0	804,0	0,0	8,0	0,0	0,0	0,0	COMPLETA
2013	44026	Arcos de las Salinas	1,0	0,0	1,0	38,0	0,0	38,0	0,0	0,0	0,0	0,0	0,0	COMPLETA
2013	44027	Arens de Lledó												SIN INFORMACIÓN
2013	44028	Argente												SIN INFORMACIÓN
2013	44029	Ariño	1,0	0,0	1,0	155,0	0,0	155,0	0,0	2,0	0,0	0,0	0,0	COMPLETA
2013	44031	Azaila												SIN INFORMACIÓN
2013	44032	Bádenas												SIN INFORMACIÓN
2013	44033	Báguena	3,0	3,0	0,0	515,0	515,0	0,0	3,0	3,0	0,0	0,0	0,0	COMPLETA
2013	44034	Bañón												SIN INFORMACIÓN
2013	44035	Barrachina												SIN INFORMACIÓN
2013	44036	Bea												SIN INFORMACIÓN
2013	44037	Beceite												SIN INFORMACIÓN
2013	44038	Belmonte de San José	0,0	0,0	0,0	0,0	0,0	0,0	0,0	1,0	0,0	0,0	0,0	COMPLETA
2013	44039	Bello												SIN INFORMACIÓN
2013	44040	Berge	2,0	1,0	1,0	561,0	148,0	413,0	1,0	0,0	0,0	1,0	1,0	COMPLETA
2013	44041	Bezas	1,0	1,0	0,0	353,0	353,0	0,0	1,0	0,0	0,0	0,0	0,0	COMPLETA
2013	44042	Blancas												SIN INFORMACIÓN
2013	44043	Blesa												SIN INFORMACIÓN
2013	44044	Bordón	1,0		1,0	126,0		126,0						INCOMPLETA
2013	44045	Bronchales												SIN INFORMACIÓN
2013	44046	Bueña												SIN INFORMACIÓN
2013	44047	Burbáguena												SIN INFORMACIÓN
2013	44048	Cabra de Mora	1,0	0,0	1,0	174,0	0,0	174,0	0,0	1,0	0,0	0,0	0,0	COMPLETA
2013	44049	Calaceite	4,0	2,0	2,0	1037,0	631,0	406,0	3,0	2,0	0,0	0,0	0,0	COMPLETA
2013	44050	Calamocha	8,0	3,0	5,0	4202,0	694,0	3508,0	3,0	8,0	0,0	4,0	3,0	COMPLETA
2013	44051	Calanda	5,0	3,0	2,0	1600,0	758,0	842,0	3,0	1,0	0,0	2,0	2,0	COMPLETA
2013	44052	Calomarde												SIN INFORMACIÓN
2013	44053	Camañas												SIN INFORMACIÓN
2013	44054	Camarena de la Sierra												SIN INFORMACIÓN
2013	44055	Camarillas												SIN INFORMACIÓN
2013	44056	Caminreal	3,0	0,0	3,0	357,0	0,0	357,0	0,0	1,0	0,0	0,0	0,0	COMPLETA
2013	44059	Cantavieja	2,0	2,0	0,0	381,0	381,0	0,0	2,0	0,0	0,0	2,0	0,0	COMPLETA
2013	44060	Cañada de Benatanduz												SIN INFORMACIÓN
2013	44061	Cañada de Verich (La)												SIN INFORMACIÓN
2013	44062	Cañada Vellida												SIN INFORMACIÓN
2013	44063	Cañizar del Olivar												SIN INFORMACIÓN
2013	44064	Cascante del Río												SIN INFORMACIÓN
2013	44065	Castejón de Tornos												SIN INFORMACIÓN
2013	44066	Castel de Cabra												SIN INFORMACIÓN
2013	44067	Castelnou												SIN INFORMACIÓN
2013	44068	Castelserás	0,0	0,0	0,0	0,0	0,0	0,0	0,0	1,0	0,0	0,0	0,0	COMPLETA
2013	44070	Castellar (El)												SIN INFORMACIÓN
2013	44071	Castellote												SIN INFORMACIÓN
2013	44074	Cedrillas												SIN INFORMACIÓN
2013	44075	Celadas												SIN INFORMACIÓN
2013	44076	Cella	10,0	7,0	3,0	2435,0	1773,0	662,0	7,0	5,0	0,0	2,0	4,0	COMPLETA
2013	44077	Cerollera (La)												SIN INFORMACIÓN
2013	44080	Codoñera (La)												SIN INFORMACIÓN
2013	44082	Corbalán	2,0	2,0	0,0	588,0	588,0	0,0	2,0	3,0	0,0	0,0	0,0	COMPLETA
2013	44084	Cortes de Aragón												SIN INFORMACIÓN
2013	44085	Cosa												SIN INFORMACIÓN
2013	44086	Cretas	0,0	0,0	0,0	0,0	0,0	0,0	0,0	2,0	0,0	0,0	0,0	COMPLETA
2013	44087	Crivillén												SIN INFORMACIÓN
2013	44088	Cuba (La)	0,0	0,0	0,0	0,0	0,0	0,0	0,0	1,0	0,0	0,0	0,0	COMPLETA
2013	44089	Cubla												SIN INFORMACIÓN
2013	44090	Cucalón												SIN INFORMACIÓN
2013	44092	Cuervo (El)												SIN INFORMACIÓN
2013	44093	Cuevas de Almudén												SIN INFORMACIÓN
2013	44094	Cuevas Labradas	1,0	1,0	0,0	678,0	678,0	0,0	1,0	0,0	0,0	0,0	0,0	COMPLETA
2013	44096	Ejulve												SIN INFORMACIÓN
2013	44097	Escorihuela	1,0	1,0	0,0	68,0	68,0	0,0	1,0	0,0	0,0	0,0	0,0	COMPLETA
2013	44099	Escucha	1,0	1,0	0,0	145,0	145,0	0,0	1,0	1,0	0,0	0,0	0,0	COMPLETA
2013	44100	Estercuel	1,0	0,0	1,0	432,0	0,0	432,0	0,0	1,0	0,0	0,0	0,0	COMPLETA
2013	44101	Ferreruela de Huerva												SIN INFORMACIÓN
2013	44102	Fonfría												SIN INFORMACIÓN
2013	44103	Formiche Alto	1,0	0,0	1,0	199,0	0,0	199,0	0,0	0,0	0,0	0,0	0,0	COMPLETA
2013	44105	Fórnoles												SIN INFORMACIÓN
2013	44106	Fortanete												SIN INFORMACIÓN
2013	44107	Foz-Calanda												SIN INFORMACIÓN
2013	44108	Fresneda (La)												SIN INFORMACIÓN
2013	44109	Frías de Albarracín												SIN INFORMACIÓN
2013	44110	Fuenferrada												SIN INFORMACIÓN
2013	44111	Fuentes Calientes												SIN INFORMACIÓN
2013	44112	Fuentes Claras	1,0	0,0	1,0	112,0	0,0	112,0	0,0	6,0	0,0	0,0	0,0	COMPLETA
2013	44113	Fuentes de Rubielos												SIN INFORMACIÓN
2013	44114	Fuentespalda	0,0	0,0	0,0	0,0	0,0	0,0	0,0	1,0	0,0	0,0	0,0	COMPLETA
2013	44115	Galve												SIN INFORMACIÓN
2013	44116	Gargallo	1,0	1,0	0,0	258,0	258,0	0,0	1,0	1,0	0,0	1,0	0,0	COMPLETA
2013	44117	Gea de Albarracín												SIN INFORMACIÓN
2013	44118	Ginebrosa (La)												SIN INFORMACIÓN
2013	44119	Griegos												SIN INFORMACIÓN
2013	44120	Guadalaviar	1,0	0,0	1,0	67,0	0,0	67,0	0,0	0,0	0,0	1,0	0,0	COMPLETA
2013	44121	Gúdar												SIN INFORMACIÓN
2013	44122	Híjar	0,0	0,0	0,0	0,0	0,0	0,0	0,0	2,0	3,0	0,0	0,0	COMPLETA
2013	44123	Hinojosa de Jarque												SIN INFORMACIÓN
2013	44124	Hoz de la Vieja (La)												SIN INFORMACIÓN
2013	44125	Huesa del Común												SIN INFORMACIÓN
2013	44126	Iglesuela del Cid (La)												SIN INFORMACIÓN
2013	44127	Jabaloyas												SIN INFORMACIÓN
2013	44128	Jarque de la Val										1,0		INCOMPLETA
2013	44129	Jatiel												SIN INFORMACIÓN
2013	44130	Jorcas												SIN INFORMACIÓN
2013	44131	Josa												SIN INFORMACIÓN
2013	44132	Lagueruela												SIN INFORMACIÓN
2013	44133	Lanzuela												SIN INFORMACIÓN
2013	44135	Libros												SIN INFORMACIÓN
2013	44136	Lidón												SIN INFORMACIÓN
2013	44137	Linares de Mora	1,0	1,0	0,0	352,0	352,0	0,0	1,0	2,0	0,0	0,0	0,0	COMPLETA
2013	44138	Loscos												SIN INFORMACIÓN
2013	44141	Lledó												SIN INFORMACIÓN
2013	44142	Maicas												SIN INFORMACIÓN
2013	44143	Manzanera	4,0	2,0	2,0	394,0	235,0	159,0	2,0	2,0	0,0	0,0	0,0	COMPLETA
2013	44144	Martín del Río												SIN INFORMACIÓN
2013	44145	Mas de las Matas	3,0	0,0	3,0	217,0	0,0	217,0	0,0	2,0	0,0	0,0	1,0	COMPLETA
2013	44146	Mata de los Olmos (La)												SIN INFORMACIÓN
2013	44147	Mazaleón	0,0	0,0	0,0	0,0	0,0	0,0	0,0	1,0	0,0	0,0	0,0	COMPLETA
2013	44148	Mezquita de Jarque	0,0	0,0	0,0	0,0	0,0	0,0	0,0	1,0	1,0	0,0	0,0	COMPLETA
2013	44149	Mirambel	0,0	0,0	0,0	0,0	0,0	0,0	0,0	1,0	0,0	0,0	0,0	COMPLETA
2013	44150	Miravete de la Sierra												SIN INFORMACIÓN
2013	44151	Molinos	1,0	1,0	0,0	250,0	250,0	0,0	1,0	1,0	0,0	0,0	0,0	COMPLETA
2013	44152	Monforte de Moyuela												SIN INFORMACIÓN
2013	44153	Monreal del Campo	2,0	2,0	0,0	377,0	377,0	0,0	2,0	1,0	1,0	9,0	9,0	COMPLETA
2013	44154	Monroyo	1,0	0,0	1,0	287,0	0,0	287,0	0,0	0,0	0,0	0,0	0,0	COMPLETA
2013	44155	Montalbán	2,0	2,0	0,0	317,0	317,0	0,0	2,0	1,0	0,0	1,0	1,0	COMPLETA
2013	44156	Monteagudo del Castillo												SIN INFORMACIÓN
2013	44157	Monterde de Albarracín												SIN INFORMACIÓN
2013	44158	Mora de Rubielos	1,0	1,0	0,0	220,0	220,0	0,0	1,0	2,0	0,0	0,0	0,0	COMPLETA
2013	44159	Moscardón												SIN INFORMACIÓN
2013	44160	Mosqueruela												SIN INFORMACIÓN
2013	44161	Muniesa	0,0	0,0	0,0	0,0	0,0	0,0	0,0	0,0	0,0	1,0	1,0	COMPLETA
2013	44163	Noguera de Albarracín	1,0	0,0	1,0	311,0	0,0	311,0	0,0	0,0	0,0	0,0	0,0	COMPLETA
2013	44164	Nogueras												SIN INFORMACIÓN
2013	44165	Nogueruelas												SIN INFORMACIÓN
2013	44167	Obón												SIN INFORMACIÓN
2013	44168	Odón												SIN INFORMACIÓN
2013	44169	Ojos Negros												SIN INFORMACIÓN
2013	44171	Olba	0,0	0,0	0,0	0,0	0,0	0,0	0,0	2,0	0,0	0,0	0,0	COMPLETA
2013	44172	Oliete	0,0	0,0	0,0	0,0	0,0	0,0	0,0	2,0	0,0	0,0	0,0	COMPLETA
2013	44173	Olmos (Los)												SIN INFORMACIÓN
2013	44174	Orihuela del Tremedal	0,0	0,0	0,0	0,0	0,0	0,0	0,0	2,0	0,0	0,0	0,0	COMPLETA
2013	44175	Orrios												SIN INFORMACIÓN
2013	44176	Palomar de Arroyos												SIN INFORMACIÓN
2013	44177	Pancrudo												SIN INFORMACIÓN
2013	44178	Parras de Castellote (Las)												SIN INFORMACIÓN
2013	44179	Peñarroya de Tastavins	1,0	0,0	1,0	115,0	0,0	115,0	0,0	0,0	0,0	0,0	0,0	COMPLETA
2013	44180	Peracense	0,0	0,0	0,0	0,0	0,0	0,0	0,0	1,0	1,0	0,0	0,0	COMPLETA
2013	44181	Peralejos	0,0	0,0	0,0	0,0	0,0	0,0	0,0	0,0	0,0	1,0	1,0	COMPLETA
2013	44182	Perales del Alfambra												SIN INFORMACIÓN
2013	44183	Pitarque												SIN INFORMACIÓN
2013	44184	Plou												SIN INFORMACIÓN
2013	44185	Pobo (El)												SIN INFORMACIÓN
2013	44187	Portellada (La)												SIN INFORMACIÓN
2013	44189	Pozondón	0,0	0,0	0,0	0,0	0,0	0,0	0,0	1,0	0,0	0,0	0,0	COMPLETA
2013	44190	Pozuel del Campo	1,0	0,0	1,0	73,0	0,0	73,0	0,0	0,0	0,0	0,0	0,0	COMPLETA
2013	44191	Puebla de Híjar (La)	1,0	0,0	1,0	25,0	0,0	25,0	0,0	0,0	0,0	0,0	0,0	COMPLETA
2013	44192	Puebla de Valverde (La)	0,0	0,0	0,0	0,0	0,0	0,0	0,0	2,0	0,0	0,0	0,0	COMPLETA
2013	44193	Puertomingalvo												SIN INFORMACIÓN
2013	44194	Ráfales												SIN INFORMACIÓN
2013	44195	Rillo												SIN INFORMACIÓN
2013	44196	Riodeva												SIN INFORMACIÓN
2013	44197	Ródenas	0,0	0,0	0,0	0,0	0,0	0,0	0,0	1,0	0,0	0,0	0,0	COMPLETA
2013	44198	Royuela												SIN INFORMACIÓN
2013	44199	Rubiales	0,0	0,0	0,0	0,0	0,0	0,0	0,0	0,0	0,0	0,0	0,0	COMPLETA
2013	44200	Rubielos de la Cérida												SIN INFORMACIÓN
2013	44201	Rubielos de Mora	0,0	0,0	0,0	0,0	0,0	0,0	0,0	3,0	2,0	0,0	1,0	COMPLETA
2013	44203	Salcedillo												SIN INFORMACIÓN
2013	44204	Saldón												SIN INFORMACIÓN
2013	44205	Samper de Calanda	0,0	0,0	0,0	0,0	0,0	0,0	0,0	0,0	0,0	2,0	2,0	COMPLETA
2013	44206	San Agustín												SIN INFORMACIÓN
2013	44207	San Martín del Río												SIN INFORMACIÓN
2013	44208	Santa Cruz de Nogueras												SIN INFORMACIÓN
2013	44209	Santa Eulalia	0,0	0,0	0,0	0,0	0,0	0,0	0,0	0,0	0,0	2,0	2,0	COMPLETA
2013	44210	Sarrión	4,0	4,0	0,0	1929,0	1929,0	0,0	5,0	3,0	2,0	1,0	1,0	COMPLETA
2013	44211	Segura de los Baños												SIN INFORMACIÓN
2013	44212	Seno												SIN INFORMACIÓN
2013	44213	Singra												SIN INFORMACIÓN
2013	44215	Terriente												SIN INFORMACIÓN
2013	44216	Teruel	7,0	3,0	4,0	3680,0	1091,0	2589,0	3,0	11,0	9,0	0,0	5,0	COMPLETA
2013	44217	Toril y Masegoso												SIN INFORMACIÓN
2013	44218	Tormón												SIN INFORMACIÓN
2013	44219	Tornos												SIN INFORMACIÓN
2013	44220	Torralba de los Sisones												SIN INFORMACIÓN
2013	44221	Torrecilla de Alcañiz								4,0	1,0			INCOMPLETA
2013	44222	Torrecilla del Rebollar												SIN INFORMACIÓN
2013	44223	Torre de Arcas												SIN INFORMACIÓN
2013	44224	Torre de las Arcas												SIN INFORMACIÓN
2013	44225	Torre del Compte												SIN INFORMACIÓN
2013	44226	Torrelacárcel												SIN INFORMACIÓN
2013	44227	Torre los Negros												SIN INFORMACIÓN
2013	44228	Torremocha de Jiloca	1,0	0,0	1,0	165,0	0,0	165,0	0,0	0,0	0,0	1,0	0,0	COMPLETA
2013	44229	Torres de Albarracín												SIN INFORMACIÓN
2013	44230	Torrevelilla												SIN INFORMACIÓN
2013	44231	Torrijas												SIN INFORMACIÓN
2013	44232	Torrijo del Campo	2,0	0,0	2,0	587,0	0,0	587,0	0,0	0,0	0,0	0,0	0,0	COMPLETA
2013	44234	Tramacastiel												SIN INFORMACIÓN
2013	44235	Tramacastilla												SIN INFORMACIÓN
2013	44236	Tronchón	0,0	0,0	0,0	0,0	0,0	0,0	0,0	1,0	1,0	0,0	0,0	COMPLETA
2013	44237	Urrea de Gaén	0,0	0,0	0,0	0,0	0,0	0,0	0,0	1,0	0,0	0,0	0,0	COMPLETA
2013	44238	Utrillas	0,0	0,0	0,0	0,0	0,0	0,0	0,0	4,0	0,0	1,0	1,0	COMPLETA
2013	44239	Valacloche												SIN INFORMACIÓN
2013	44240	Valbona	1,0	1,0	0,0	725,0	725,0	0,0	2,0	1,0	1,0	0,0	0,0	COMPLETA
2013	44241	Valdealgorfa	1,0	1,0	0,0	299,0	299,0	0,0	1,0	0,0	0,0	0,0	0,0	COMPLETA
2013	44243	Valdecuenca	0,0	0,0	0,0	0,0	0,0	0,0	0,0	1,0	0,0	0,0	0,0	COMPLETA
2013	44244	Valdelinares												SIN INFORMACIÓN
2013	44245	Valdeltormo	2,0	0,0	2,0	72,0	0,0	72,0	0,0	3,0	1,0	0,0	0,0	COMPLETA
2013	44246	Valderrobres	3,0	1,0	2,0	1222,0	1006,0	216,0	0,0	2,0	0,0	0,0	0,0	COMPLETA
2013	44247	Valjunquera	0,0	0,0	0,0	0,0	0,0	0,0	0,0	1,0	0,0	0,0	0,0	COMPLETA
2013	44249	Vallecillo (El)												SIN INFORMACIÓN
2013	44250	Veguillas de la Sierra												SIN INFORMACIÓN
2013	44251	Villafranca del Campo												SIN INFORMACIÓN
2013	44252	Villahermosa del Campo												SIN INFORMACIÓN
2013	44256	Villanueva del Rebollar de la Sierra												SIN INFORMACIÓN
2013	44257	Villar del Cobo												SIN INFORMACIÓN
2013	44258	Villar del Salz												SIN INFORMACIÓN
2013	44260	Villarluengo												SIN INFORMACIÓN
2013	44261	Villarquemado	2,0	2,0	0,0	472,0	472,0	0,0	2,0	0,0	0,0	0,0	0,0	COMPLETA
2013	44262	Villarroya de los Pinares												SIN INFORMACIÓN
2013	44263	Villastar												SIN INFORMACIÓN
2013	44264	Villel												SIN INFORMACIÓN
2013	44265	Vinaceite												SIN INFORMACIÓN
2013	44266	Visiedo												SIN INFORMACIÓN
2013	44267	Vivel del Río Martín												SIN INFORMACIÓN
2013	44268	Zoma (La)												SIN INFORMACIÓN
2013	50001	Abanto												SIN INFORMACIÓN
2013	50002	Acered												SIN INFORMACIÓN
2013	50003	Agón												SIN INFORMACIÓN
2013	50004	Aguarón	1,0	0,0	1,0	496,0	0,0	496,0	0,0	0,0	0,0	0,0	0,0	COMPLETA
2013	50005	Aguilón												SIN INFORMACIÓN
2013	50006	Ainzón	1,0	1,0	0,0	143,0	143,0	0,0	1,0	1,0	0,0	2,0	1,0	COMPLETA
2013	50007	Aladrén												SIN INFORMACIÓN
2013	50008	Alagón	2,0	1,0	1,0	2212,0	227,0	1985,0	1,0	2,0	0,0	0,0	0,0	COMPLETA
2013	50009	Alarba												SIN INFORMACIÓN
2013	50010	Alberite de San Juan	0,0	0,0	0,0	0,0	0,0	0,0	0,0	1,0	0,0	0,0	0,0	COMPLETA
2013	50011	Albeta												SIN INFORMACIÓN
2013	50012	Alborge												SIN INFORMACIÓN
2013	50013	Alcalá de Ebro	0,0	0,0	0,0	0,0	0,0	0,0	0,0	1,0	0,0	1,0	1,0	COMPLETA
2013	50014	Alcalá de Moncayo	0,0	0,0	0,0	0,0	0,0	0,0	0,0	0,0	0,0	1,0	1,0	COMPLETA
2013	50015	Alconchel de Ariza												SIN INFORMACIÓN
2013	50016	Aldehuela de Liestos												SIN INFORMACIÓN
2013	50017	Alfajarín	1,0	1,0	0,0	78,0	78,0	0,0	1,0	0,0	0,0	1,0	1,0	COMPLETA
2013	50018	Alfamén	7,0	7,0	0,0	1225,0	1225,0	0,0	7,0	0,0	0,0	0,0	0,0	COMPLETA
2013	50019	Alforque												SIN INFORMACIÓN
2013	50020	Alhama de Aragón												SIN INFORMACIÓN
2013	50021	Almochuel												SIN INFORMACIÓN
2013	50022	Almolda (La)	1,0	1,0	0,0	291,0	291,0	0,0	1,0	2,0	1,0	0,0	0,0	COMPLETA
2013	50023	Almonacid de la Cuba	1,0	1,0	0,0	152,0	152,0	0,0	1,0	0,0	0,0	1,0	1,0	COMPLETA
2013	50024	Almonacid de la Sierra												SIN INFORMACIÓN
2013	50025	Almunia de Doña Godina (La)	9,0	1,0	8,0	5306,0	314,0	4992,0	1,0	8,0	2,0	2,0	4,0	COMPLETA
2013	50026	Alpartir	0,0	0,0	0,0	0,0	0,0	0,0	0,0	0,0	0,0	1,0	2,0	COMPLETA
2013	50027	Ambel	2,0	2,0	0,0	479,0	479,0	0,0	2,0	1,0	0,0	0,0	0,0	COMPLETA
2013	50028	Anento												SIN INFORMACIÓN
2013	50029	Aniñón												SIN INFORMACIÓN
2013	50030	Añón de Moncayo												SIN INFORMACIÓN
2013	50031	Aranda de Moncayo												SIN INFORMACIÓN
2013	50032	Arándiga												SIN INFORMACIÓN
2013	50033	Ardisa												SIN INFORMACIÓN
2013	50034	Ariza	1,0	1,0	0,0	834,0	834,0	0,0	1,0	0,0	0,0	0,0	0,0	COMPLETA
2013	50035	Artieda												SIN INFORMACIÓN
2013	50036	Asín												SIN INFORMACIÓN
2013	50037	Atea												SIN INFORMACIÓN
2013	50038	Ateca	1,0	1,0	0,0	770,0	770,0	0,0	2,0	1,0	0,0	0,0	0,0	COMPLETA
2013	50039	Azuara	0,0	0,0	0,0	0,0	0,0	0,0	0,0	1,0	0,0	0,0	0,0	COMPLETA
2013	50040	Badules	1,0	1,0	0,0	140,0	140,0	0,0	1,0	0,0	0,0	0,0	0,0	COMPLETA
2013	50041	Bagüés												SIN INFORMACIÓN
2013	50042	Balconchán												SIN INFORMACIÓN
2013	50043	Bárboles												SIN INFORMACIÓN
2013	50044	Bardallur	0,0	0,0	0,0	0,0	0,0	0,0	0,0	1,0	0,0	0,0	0,0	COMPLETA
2013	50045	Belchite	2,0	1,0	1,0	718,0	333,0	385,0	1,0	1,0	0,0	0,0	0,0	COMPLETA
2013	50046	Belmonte de Gracián												SIN INFORMACIÓN
2013	50047	Berdejo	1,0	1,0	0,0	311,0	311,0	0,0	1,0	0,0	0,0	0,0	0,0	COMPLETA
2013	50048	Berrueco												SIN INFORMACIÓN
2013	50050	Bijuesca												SIN INFORMACIÓN
2013	50051	Biota	0,0	0,0	0,0	0,0	0,0	0,0	0,0	2,0	0,0	1,0	1,0	COMPLETA
2013	50052	Bisimbre												SIN INFORMACIÓN
2013	50053	Boquiñeni												SIN INFORMACIÓN
2013	50054	Bordalba												SIN INFORMACIÓN
2013	50055	Borja	1,0	1,0	0,0	230,0	230,0	0,0	1,0	2,0	0,0	0,0	0,0	COMPLETA
2013	50056	Botorrita	0,0	0,0	0,0	0,0	0,0	0,0	0,0	1,0	0,0	0,0	0,0	COMPLETA
2013	50057	Brea de Aragón	1,0	0,0	1,0	90,0	0,0	90,0	0,0	2,0	0,0	0,0	0,0	COMPLETA
2013	50058	Bubierca												SIN INFORMACIÓN
2013	50059	Bujaraloz	1,0	0,0	1,0	539,0	0,0	539,0	0,0	1,0	0,0	0,0	0,0	COMPLETA
2013	50060	Bulbuente												SIN INFORMACIÓN
2013	50061	Bureta												SIN INFORMACIÓN
2013	50062	Burgo de Ebro (El)												SIN INFORMACIÓN
2013	50063	Buste (El)	0,0	0,0	0,0	0,0	0,0	0,0	0,0	1,0	0,0	0,0	0,0	COMPLETA
2013	50064	Cabañas de Ebro												SIN INFORMACIÓN
2013	50065	Cabolafuente												SIN INFORMACIÓN
2013	50066	Cadrete	3,0	2,0	1,0	616,0	490,0	126,0	2,0	1,0	0,0	0,0	0,0	COMPLETA
2013	50067	Calatayud	3,0	0,0	3,0	331,0	0,0	331,0	0,0	1,0	1,0	0,0	2,0	COMPLETA
2013	50068	Calatorao	0,0	0,0	0,0	0,0	0,0	0,0	0,0	1,0	0,0	6,0	6,0	COMPLETA
2013	50069	Calcena												SIN INFORMACIÓN
2013	50070	Calmarza												SIN INFORMACIÓN
2013	50071	Campillo de Aragón												SIN INFORMACIÓN
2013	50072	Carenas												SIN INFORMACIÓN
2013	50073	Cariñena												SIN INFORMACIÓN
2013	50074	Caspe	13,0	11,0	2,0	2294,0	1646,0	648,0	2,0	4,0	1,0	4,0	3,0	COMPLETA
2013	50075	Castejón de Alarba												SIN INFORMACIÓN
2013	50076	Castejón de las Armas												SIN INFORMACIÓN
2013	50077	Castejón de Valdejasa	1,0	1,0	0,0	523,0	523,0	0,0	1,0	0,0	0,0	0,0	0,0	COMPLETA
2013	50078	Castiliscar	1,0	0,0	1,0	509,0	0,0	509,0	0,0	0,0	0,0	0,0	0,0	COMPLETA
2013	50079	Cervera de la Cañada												SIN INFORMACIÓN
2013	50080	Cerveruela												SIN INFORMACIÓN
2013	50081	Cetina	2,0	1,0	1,0	500,0	240,0	260,0	1,0	1,0	0,0	0,0	0,0	COMPLETA
2013	50082	Cimballa												SIN INFORMACIÓN
2013	50083	Cinco Olivas	0,0	0,0	0,0	0,0	0,0	0,0	0,0	1,0	0,0	0,0	1,0	COMPLETA
2013	50084	Clarés de Ribota												SIN INFORMACIÓN
2013	50085	Codo	1,0	1,0	0,0	273,0	273,0	0,0	1,0	0,0	0,0	0,0	0,0	COMPLETA
2013	50086	Codos												SIN INFORMACIÓN
2013	50087	Contamina												SIN INFORMACIÓN
2013	50088	Cosuenda												SIN INFORMACIÓN
2013	50089	Cuarte de Huerva	1,0	1,0	0,0	324,0	324,0	0,0	1,0	3,0	0,0	0,0	0,0	COMPLETA
2013	50090	Cubel	1,0	1,0	0,0	343,0	343,0	0,0	1,0	0,0	0,0	1,0	0,0	COMPLETA
2013	50091	Cuerlas (Las)												SIN INFORMACIÓN
2013	50092	Chiprana	0,0	0,0	0,0	0,0	0,0	0,0	0,0	4,0	0,0	0,0	0,0	COMPLETA
2013	50093	Chodes	2,0	0,0	2,0	1306,0	0,0	1306,0	0,0	0,0	0,0	0,0	0,0	COMPLETA
2013	50094	Daroca	1,0	1,0	0,0	474,0	474,0	0,0	1,0	7,0	1,0	0,0	0,0	COMPLETA
2013	50095	Ejea de los Caballeros	7,0	1,0	6,0	20273,0	360,0	19913,0	1,0	8,0	2,0	0,0	0,0	COMPLETA
2013	50096	Embid de Ariza												SIN INFORMACIÓN
2013	50098	Encinacorba								2,0				INCOMPLETA
2013	50099	Épila	1,0	0,0	1,0	280,0	0,0	280,0	0,0	5,0	0,0	0,0	0,0	COMPLETA
2013	50100	Erla	0,0	0,0	0,0	0,0	0,0	0,0	0,0	0,0	0,0	1,0	1,0	COMPLETA
2013	50101	Escatrón	2,0	1,0	1,0	188,0	178,0	10,0	1,0	1,0	0,0	0,0	0,0	COMPLETA
2013	50102	Fabara	2,0	0,0	2,0	508,0	0,0	508,0	0,0	7,0	0,0	0,0	0,0	COMPLETA
2013	50104	Farlete												SIN INFORMACIÓN
2013	50105	Fayón												SIN INFORMACIÓN
2013	50106	Fayos (Los)												SIN INFORMACIÓN
2013	50107	Figueruelas	0,0	0,0	0,0	0,0	0,0	0,0	0,0	0,0	0,0	1,0	1,0	COMPLETA
2013	50108	Fombuena												SIN INFORMACIÓN
2013	50109	Frago (El)	0,0	0,0	0,0	0,0	0,0	0,0	0,0	1,0	0,0	0,0	0,0	COMPLETA
2013	50110	Frasno (El)												SIN INFORMACIÓN
2013	50111	Fréscano	1,0	0,0	1,0	162,0	0,0	162,0	0,0	1,0	0,0	0,0	0,0	COMPLETA
2013	50113	Fuendejalón												SIN INFORMACIÓN
2013	50114	Fuendetodos												SIN INFORMACIÓN
2013	50115	Fuentes de Ebro	4,0	4,0	0,0	1241,0	1241,0	0,0	4,0	0,0	0,0	1,0	0,0	COMPLETA
2013	50116	Fuentes de Jiloca												SIN INFORMACIÓN
2013	50117	Gallocanta												SIN INFORMACIÓN
2013	50118	Gallur	0,0	0,0	0,0	0,0	0,0	0,0	0,0	0,0	0,0	5,0	3,0	COMPLETA
2013	50119	Gelsa												SIN INFORMACIÓN
2013	50120	Godojos												SIN INFORMACIÓN
2013	50121	Gotor												SIN INFORMACIÓN
2013	50122	Grisel												SIN INFORMACIÓN
2013	50123	Grisén												SIN INFORMACIÓN
2013	50124	Herrera de los Navarros												SIN INFORMACIÓN
2013	50125	Ibdes	0,0	0,0	0,0	0,0	0,0	0,0	0,0	1,0	1,0	0,0	0,0	COMPLETA
2013	50126	Illueca												SIN INFORMACIÓN
2013	50128	Isuerre												SIN INFORMACIÓN
2013	50129	Jaraba												SIN INFORMACIÓN
2013	50130	Jarque	1,0	0,0	1,0	63,0	0,0	63,0	0,0	0,0	0,0	0,0	0,0	COMPLETA
2013	50131	Jaulín												SIN INFORMACIÓN
2013	50132	Joyosa (La)	0,0	0,0	0,0	0,0	0,0	0,0	0,0	1,0	0,0	0,0	0,0	COMPLETA
2013	50133	Lagata												SIN INFORMACIÓN
2013	50134	Langa del Castillo	2,0		2,0	1716,0		1716,0		1,0				INCOMPLETA
2013	50135	Layana												SIN INFORMACIÓN
2013	50136	Lécera	0,0	0,0	0,0	0,0	0,0	0,0	0,0	2,0	0,0	0,0	0,0	COMPLETA
2013	50137	Leciñena	3,0	0,0	3,0	4052,0	0,0	4052,0	0,0	0,0	0,0	0,0	0,0	COMPLETA
2013	50138	Lechón												SIN INFORMACIÓN
2013	50139	Letux								2,0				INCOMPLETA
2013	50140	Litago	1,0	0,0	1,0	159,0	0,0	159,0	0,0	0,0	0,0	0,0	0,0	COMPLETA
2013	50141	Lituénigo												SIN INFORMACIÓN
2013	50142	Lobera de Onsella												SIN INFORMACIÓN
2013	50143	Longares	0,0	0,0	0,0	0,0	0,0	0,0	0,0	1,0	0,0	0,0	0,0	COMPLETA
2013	50144	Longás												SIN INFORMACIÓN
2013	50146	Lucena de Jalón												SIN INFORMACIÓN
2013	50147	Luceni	2,0	0,0	2,0	940,0	0,0	940,0	0,0	0,0	0,0	1,0	0,0	COMPLETA
2013	50148	Luesia												SIN INFORMACIÓN
2013	50149	Luesma												SIN INFORMACIÓN
2013	50150	Lumpiaque	0,0	0,0	0,0	0,0	0,0	0,0	0,0	0,0	0,0	1,0	0,0	COMPLETA
2013	50151	Luna												SIN INFORMACIÓN
2013	50152	Maella	7,0	1,0	6,0	3357,0	266,0	3091,0	1,0	2,0	0,0	1,0	1,0	COMPLETA
2013	50153	Magallón												SIN INFORMACIÓN
2013	50154	Mainar												SIN INFORMACIÓN
2013	50155	Malanquilla												SIN INFORMACIÓN
2013	50156	Maleján												SIN INFORMACIÓN
2013	50157	Malón												SIN INFORMACIÓN
2013	50159	Maluenda												SIN INFORMACIÓN
2013	50160	Mallén	1,0	0,0	1,0	60,0	0,0	60,0	0,0	1,0	0,0	2,0	2,0	COMPLETA
2013	50161	Manchones												SIN INFORMACIÓN
2013	50162	Mara	2,0	0,0	2,0	411,0	0,0	411,0	0,0	0,0	0,0	0,0	0,0	COMPLETA
2013	50163	María de Huerva												SIN INFORMACIÓN
2013	50164	Mediana de Aragón												SIN INFORMACIÓN
2013	50165	Mequinenza	7,0	2,0	5,0	2760,0	528,0	2232,0	2,0	4,0	0,0	0,0	0,0	COMPLETA
2013	50166	Mesones de Isuela	1,0	0,0	1,0	53,0	0,0	53,0	0,0	0,0	0,0	0,0	0,0	COMPLETA
2013	50167	Mezalocha												SIN INFORMACIÓN
2013	50168	Mianos												SIN INFORMACIÓN
2013	50169	Miedes de Aragón												SIN INFORMACIÓN
2013	50170	Monegrillo	1,0	0,0	1,0	205,0	0,0	205,0	0,0	0,0	0,0	3,0	0,0	COMPLETA
2013	50171	Moneva												SIN INFORMACIÓN
2013	50172	Monreal de Ariza												SIN INFORMACIÓN
2013	50173	Monterde	0,0	0,0	0,0	0,0	0,0	0,0	0,0	1,0	0,0	0,0	0,0	COMPLETA
2013	50174	Montón												SIN INFORMACIÓN
2013	50175	Morata de Jalón	0,0	0,0	0,0	0,0	0,0	0,0	0,0	1,0	0,0	0,0	0,0	COMPLETA
2013	50176	Morata de Jiloca	1,0	0,0	1,0	900,0	0,0	900,0	0,0	0,0	0,0	0,0	0,0	COMPLETA
2013	50177	Morés	0,0	0,0	0,0	0,0	0,0	0,0	0,0	1,0	0,0	0,0	0,0	COMPLETA
2013	50178	Moros	1,0	0,0	1,0	56,0	0,0	56,0	0,0	0,0	0,0	0,0	0,0	COMPLETA
2013	50179	Moyuela												SIN INFORMACIÓN
2013	50180	Mozota												SIN INFORMACIÓN
2013	50181	Muel												SIN INFORMACIÓN
2013	50182	Muela (La)	3,0	0,0	3,0	1978,0	0,0	1978,0	0,0	5,0	0,0	2,0	0,0	COMPLETA
2013	50183	Munébrega												SIN INFORMACIÓN
2013	50184	Murero												SIN INFORMACIÓN
2013	50185	Murillo de Gállego												SIN INFORMACIÓN
2013	50186	Navardún												SIN INFORMACIÓN
2013	50187	Nigüella												SIN INFORMACIÓN
2013	50188	Nombrevilla												SIN INFORMACIÓN
2013	50189	Nonaspe	5,0	0,0	5,0	1085,0	0,0	1085,0	0,0	4,0	0,0	0,0	0,0	COMPLETA
2013	50190	Novallas												SIN INFORMACIÓN
2013	50191	Novillas	1,0	0,0	1,0	362,0	0,0	362,0	0,0	0,0	0,0	4,0	1,0	COMPLETA
2013	50192	Nuévalos												SIN INFORMACIÓN
2013	50193	Nuez de Ebro	1,0	1,0	0,0	89,0	89,0	0,0	1,0	0,0	0,0	0,0	0,0	COMPLETA
2013	50194	Olvés	1,0	0,0	1,0	90,0	0,0	90,0	0,0	0,0	0,0	0,0	0,0	COMPLETA
2013	50195	Orcajo	1,0	0,0	1,0	300,0	0,0	300,0	0,0	0,0	0,0	0,0	0,0	COMPLETA
2013	50196	Orera												SIN INFORMACIÓN
2013	50197	Orés												SIN INFORMACIÓN
2013	50198	Oseja												SIN INFORMACIÓN
2013	50199	Osera de Ebro												SIN INFORMACIÓN
2013	50200	Paniza												SIN INFORMACIÓN
2013	50201	Paracuellos de Jiloca	1,0	0,0	1,0	168,0	0,0	168,0	0,0	0,0	0,0	0,0	0,0	COMPLETA
2013	50202	Paracuellos de la Ribera												SIN INFORMACIÓN
2013	50203	Pastriz	3,0	0,0	3,0	1424,0	0,0	1424,0	0,0	1,0	0,0	0,0	0,0	COMPLETA
2013	50204	Pedrola	2,0	1,0	1,0	451,0	411,0	40,0	1,0	1,0	0,0	2,0	3,0	COMPLETA
2013	50205	Pedrosas (Las)												SIN INFORMACIÓN
2013	50206	Perdiguera	1,0	0,0	1,0	200,0	0,0	200,0	0,0	0,0	0,0	0,0	0,0	COMPLETA
2013	50207	Piedratajada												SIN INFORMACIÓN
2013	50208	Pina de Ebro	3,0	1,0	2,0	1980,0	204,0	1776,0	1,0	1,0	0,0	1,0	0,0	COMPLETA
2013	50209	Pinseque	4,0	0,0	4,0	233,0	0,0	233,0	0,0	3,0	0,0	3,0	1,0	COMPLETA
2013	50210	Pintanos (Los)												SIN INFORMACIÓN
2013	50211	Plasencia de Jalón	0,0	0,0	0,0	0,0	0,0	0,0	0,0	1,0	0,0	0,0	0,0	COMPLETA
2013	50212	Pleitas												SIN INFORMACIÓN
2013	50213	Plenas												SIN INFORMACIÓN
2013	50214	Pomer	2,0	1,0	1,0	422,0	336,0	86,0	1,0	0,0	0,0	0,0	0,0	COMPLETA
2013	50215	Pozuel de Ariza												SIN INFORMACIÓN
2013	50216	Pozuelo de Aragón												SIN INFORMACIÓN
2013	50217	Pradilla de Ebro	1,0	1,0	0,0	192,0	192,0	0,0	1,0	0,0	0,0	0,0	0,0	COMPLETA
2013	50218	Puebla de Albortón												SIN INFORMACIÓN
2013	50219	Puebla de Alfindén (La)	2,0	1,0	1,0	397,0	277,0	120,0	1,0	0,0	0,0	1,0	1,0	COMPLETA
2013	50220	Puendeluna												SIN INFORMACIÓN
2013	50221	Purujosa												SIN INFORMACIÓN
2013	50222	Quinto	1,0	1,0	0,0	247,0	247,0	0,0	1,0	2,0	0,0	7,0	7,0	COMPLETA
2013	50223	Remolinos	1,0	1,0	0,0	611,0	611,0	0,0	4,0	1,0	0,0	2,0	2,0	COMPLETA
2013	50224	Retascón												SIN INFORMACIÓN
2013	50225	Ricla	3,0	0,0	3,0	1586,0	0,0	1586,0	0,0	1,0	0,0	0,0	0,0	COMPLETA
2013	50227	Romanos												SIN INFORMACIÓN
2013	50228	Rueda de Jalón	1,0	0,0	1,0	1000,0	0,0	1000,0	0,0	0,0	0,0	0,0	0,0	COMPLETA
2013	50229	Ruesca												SIN INFORMACIÓN
2013	50230	Sádaba	2,0	0,0	2,0	1030,0	0,0	1030,0	0,0	5,0	0,0	1,0	0,0	COMPLETA
2013	50231	Salillas de Jalón	1,0	0,0	1,0	34,0	0,0	34,0	0,0	0,0	0,0	1,0	1,0	COMPLETA
2013	50232	Salvatierra de Esca												SIN INFORMACIÓN
2013	50233	Samper del Salz												SIN INFORMACIÓN
2013	50234	San Martín de la Virgen de Moncayo	1,0	1,0	0,0	225,0	225,0	0,0	1,0	0,0	0,0	0,0	0,0	COMPLETA
2013	50235	San Mateo de Gállego	3,0	3,0	0,0	422,0	422,0	0,0	3,0	5,0	0,0	2,0	1,0	COMPLETA
2013	50236	Santa Cruz de Grío												SIN INFORMACIÓN
2013	50237	Santa Cruz de Moncayo												SIN INFORMACIÓN
2013	50238	Santa Eulalia de Gállego												SIN INFORMACIÓN
2013	50239	Santed												SIN INFORMACIÓN
2013	50240	Sástago	1,0	1,0	0,0	122,0	122,0	0,0	1,0	2,0	0,0	1,0	1,0	COMPLETA
2013	50241	Saviñán	1,0	0,0	1,0	124,0	0,0	124,0	0,0	0,0	0,0	0,0	0,0	COMPLETA
2013	50242	Sediles												SIN INFORMACIÓN
2013	50243	Sestrica	1,0	1,0	0,0	81,0	81,0	0,0	1,0	0,0	0,0	1,0	0,0	COMPLETA
2013	50244	Sierra de Luna												SIN INFORMACIÓN
2013	50245	Sigüés												SIN INFORMACIÓN
2013	50246	Sisamón												SIN INFORMACIÓN
2013	50247	Sobradiel												SIN INFORMACIÓN
2013	50248	Sos del Rey Católico	1,0	0,0	1,0	1008,0	0,0	1008,0	0,0	2,0	0,0	0,0	0,0	COMPLETA
2013	50249	Tabuenca	1,0	0,0	1,0	84,0	0,0	84,0	0,0	1,0	0,0	1,0	0,0	COMPLETA
2013	50250	Talamantes												SIN INFORMACIÓN
2013	50251	Tarazona	3,0	2,0	1,0	1720,0	332,0	1388,0	2,0	1,0	0,0	2,0	2,0	COMPLETA
2013	50252	Tauste	3,0	2,0	1,0	2654,0	616,0	2038,0	2,0	5,0	0,0	3,0	2,0	COMPLETA
2013	50253	Terrer												SIN INFORMACIÓN
2013	50254	Tierga	0,0	0,0	0,0	0,0	0,0	0,0	0,0	2,0	0,0	0,0	0,0	COMPLETA
2013	50255	Tobed												SIN INFORMACIÓN
2013	50256	Torralba de los Frailes												SIN INFORMACIÓN
2013	50257	Torralba de Ribota												SIN INFORMACIÓN
2013	50258	Torralbilla	1,0	1,0	0,0	122,0	122,0	0,0	1,0	0,0	0,0	0,0	0,0	COMPLETA
2013	50259	Torrehermosa												SIN INFORMACIÓN
2013	50260	Torrelapaja												SIN INFORMACIÓN
2013	50261	Torrellas												SIN INFORMACIÓN
2013	50262	Torres de Berrellén	4,0	1,0	3,0	420,0	209,0	211,0	1,0	1,0	0,0	0,0	0,0	COMPLETA
2013	50263	Torrijo de la Cañada												SIN INFORMACIÓN
2013	50264	Tosos												SIN INFORMACIÓN
2013	50265	Trasmoz												SIN INFORMACIÓN
2013	50266	Trasobares												SIN INFORMACIÓN
2013	50267	Uncastillo	1,0	1,0	0,0	251,0	251,0	0,0	1,0	0,0	0,0	0,0	0,0	COMPLETA
2013	50268	Undués de Lerda												SIN INFORMACIÓN
2013	50269	Urrea de Jalón												SIN INFORMACIÓN
2013	50270	Urriés												SIN INFORMACIÓN
2013	50271	Used												SIN INFORMACIÓN
2013	50272	Utebo	11,0	8,0	3,0	8819,0	8730,0	89,0	43,0	0,0	0,0	0,0	0,0	COMPLETA
2013	50273	Valdehorna												SIN INFORMACIÓN
2013	50274	Val de San Martín												SIN INFORMACIÓN
2013	50275	Valmadrid	1,0	0,0	1,0	253,0	0,0	253,0	0,0	0,0	0,0	1,0	1,0	COMPLETA
2013	50276	Valpalmas												SIN INFORMACIÓN
2013	50277	Valtorres												SIN INFORMACIÓN
2013	50278	Velilla de Ebro												SIN INFORMACIÓN
2013	50279	Velilla de Jiloca												SIN INFORMACIÓN
2013	50280	Vera de Moncayo	1,0	1,0	0,0	292,0	292,0	0,0	0,0	2,0	0,0	1,0	1,0	COMPLETA
2013	50281	Vierlas												SIN INFORMACIÓN
2013	50282	Vilueña (La)												SIN INFORMACIÓN
2013	50283	Villadoz												SIN INFORMACIÓN
2013	50284	Villafeliche												SIN INFORMACIÓN
2013	50285	Villafranca de Ebro	1,0	1,0	0,0	200,0	200,0	0,0	1,0	0,0	0,0	1,0	1,0	COMPLETA
2013	50286	Villalba de Perejil												SIN INFORMACIÓN
2013	50287	Villalengua	1,0	1,0	0,0	228,0	228,0	0,0	1,0	0,0	0,0	0,0	0,0	COMPLETA
2013	50288	Villanueva de Gállego	1,0	0,0	1,0	2128,0	0,0	2128,0	0,0	0,0	0,0	0,0	0,0	COMPLETA
2013	50289	Villanueva de Jiloca												SIN INFORMACIÓN
2013	50290	Villanueva de Huerva												SIN INFORMACIÓN
2013	50291	Villar de los Navarros												SIN INFORMACIÓN
2013	50292	Villarreal de Huerva	1,0	0,0	1,0	370,0	0,0	370,0	0,0	1,0	0,0	1,0	0,0	COMPLETA
2013	50293	Villarroya de la Sierra	2,0	0,0	2,0	1343,0	0,0	1343,0	0,0	1,0	0,0	0,0	0,0	COMPLETA
2013	50294	Villarroya del Campo												SIN INFORMACIÓN
2013	50295	Vistabella												SIN INFORMACIÓN
2013	50296	Zaida (La)												SIN INFORMACIÓN
2013	50297	Zaragoza	171,0	134,0	37,0	319442,0	276531,0	42911,0	1538,0	591,0	14,0	59,0	45,0	COMPLETA
2013	50298	Zuera	4,0	3,0	1,0	8878,0	1213,0	7665,0	3,0	1,0	0,0	2,0	2,0	COMPLETA
2013	50901	Biel												SIN INFORMACIÓN
2013	50902	Marracos												SIN INFORMACIÓN
2013	50903	Villamayor de Gállego	3,0	2,0	1,0	709,0	687,0	22,0	2,0	11,0	0,0	3,0	1,0	COMPLETA
2012	22001	Abiego	0,0	0,0	0,0	0,0	0,0	0,0	0,0	2,0	0,0	0,0	0,0	COMPLETA
2012	22002	Abizanda	0,0	0,0	0,0	0,0	0,0	0,0	0,0	3,0	2,0	0,0	1,0	COMPLETA
2012	22003	Adahuesca	0,0	0,0	0,0	0,0	0,0	0,0	0,0	1,0	1,0	0,0	0,0	COMPLETA
2012	22004	Agüero												SIN INFORMACIÓN
2012	22006	Aísa	0,0	0,0	0,0	0,0	0,0	0,0	0,0	1,0	0,0	0,0	0,0	COMPLETA
2012	22007	Albalate de Cinca	5,0	2,0	3,0	2458,0	520,0	1938,0	2,0	1,0	0,0	1,0	1,0	COMPLETA
2012	22008	Albalatillo												SIN INFORMACIÓN
2012	22009	Albelda	3,0	2,0	1,0	434,0	314,0	120,0	2,0	0,0	0,0	0,0	0,0	COMPLETA
2012	22011	Albero Alto												SIN INFORMACIÓN
2012	22012	Albero Bajo												SIN INFORMACIÓN
2012	22013	Alberuela de Tubo	8,0	2,0	6,0	3830,0	332,0	3498,0	2,0	2,0	1,0	0,0	0,0	COMPLETA
2012	22014	Alcalá de Gurrea	1,0	1,0	0,0	133,0	133,0	0,0	1,0	1,0	0,0	0,0	0,0	COMPLETA
2012	22015	Alcalá del Obispo	1,0	1,0	0,0	122,0	122,0	0,0	1,0	2,0	0,0	0,0	0,0	COMPLETA
2012	22016	Alcampell	1,0	0,0	1,0	835,0	0,0	835,0	0,0	2,0	0,0	0,0	0,0	COMPLETA
2012	22017	Alcolea de Cinca	1,0	0,0	1,0	12,0	0,0	12,0	0,0	0,0	0,0	0,0	0,0	COMPLETA
2012	22018	Alcubierre	3,0	0,0	3,0	747,0	0,0	747,0	0,0	0,0	0,0	1,0	1,0	COMPLETA
2012	22019	Alerre												SIN INFORMACIÓN
2012	22020	Alfántega												SIN INFORMACIÓN
2012	22021	Almudévar	4,0	3,0	1,0	1187,0	947,0	240,0	3,0	1,0	0,0	2,0	2,0	COMPLETA
2012	22022	Almunia de San Juan												SIN INFORMACIÓN
2012	22023	Almuniente	3,0	0,0	3,0	2598,0	0,0	2598,0	0,0	0,0	0,0	0,0	0,0	COMPLETA
2012	22024	Alquézar	1,0	1,0	0,0	385,0	385,0	0,0	3,0	0,0	0,0	0,0	0,0	COMPLETA
2012	22025	Altorricón	1,0	1,0	0,0	239,0	239,0	0,0	1,0	1,0	1,0	1,0	1,0	COMPLETA
2012	22027	Angüés												SIN INFORMACIÓN
2012	22028	Ansó	2,0	2,0	0,0	1231,0	1231,0	0,0	3,0	6,0	1,0	1,0	1,0	COMPLETA
2012	22029	Antillón	1,0	0,0	1,0	612,0	0,0	612,0	0,0	1,0	0,0	0,0	0,0	COMPLETA
2012	22032	Aragüés del Puerto												SIN INFORMACIÓN
2012	22035	Arén	0,0	0,0	0,0	0,0	0,0	0,0	0,0	2,0	0,0	0,0	0,0	COMPLETA
2012	22036	Argavieso												SIN INFORMACIÓN
2012	22037	Arguis	0,0	0,0	0,0	0,0	0,0	0,0	0,0	1,0	1,0	0,0	0,0	COMPLETA
2012	22039	Ayerbe	1,0	0,0	1,0	394,0	0,0	394,0	0,0	2,0	0,0	0,0	0,0	COMPLETA
2012	22040	Azanuy-Alins												SIN INFORMACIÓN
2012	22041	Azara												SIN INFORMACIÓN
2012	22042	Azlor												SIN INFORMACIÓN
2012	22043	Baells	2,0	0,0	2,0	1798,0	0,0	1798,0	0,0	0,0	0,0	0,0	0,0	COMPLETA
2012	22044	Bailo	0,0	0,0	0,0	0,0	0,0	0,0	0,0	1,0	0,0	0,0	0,0	COMPLETA
2012	22045	Baldellou												SIN INFORMACIÓN
2012	22046	Ballobar												SIN INFORMACIÓN
2012	22047	Banastás												SIN INFORMACIÓN
2012	22048	Barbastro	11,0	7,0	4,0	4222,0	1993,0	2229,0	7,0	4,0	1,0	2,0	0,0	COMPLETA
2012	22049	Barbués	3,0		3,0	2168,0		2168,0						INCOMPLETA
2012	22050	Barbuñales												SIN INFORMACIÓN
2012	22051	Bárcabo	1,0	0,0	1,0	119,0	0,0	119,0	0,0	0,0	0,0	0,0	0,0	COMPLETA
2012	22052	Belver de Cinca	0,0	0,0	0,0	0,0	0,0	0,0	0,0	2,0	1,0	0,0	0,0	COMPLETA
2012	22053	Benabarre	3,0	0,0	3,0	1575,0	0,0	1575,0	0,0	4,0	2,0	0,0	1,0	COMPLETA
2012	22054	Benasque	1,0	0,0	1,0	212,0	0,0	212,0	0,0	1,0	0,0	1,0	0,0	COMPLETA
2012	22055	Berbegal	5,0	3,0	2,0	2882,0	956,0	1926,0	3,0	4,0	0,0	0,0	0,0	COMPLETA
2012	22057	Bielsa	0,0	0,0	0,0	0,0	0,0	0,0	0,0	1,0	1,0	0,0	0,0	COMPLETA
2012	22058	Bierge	0,0	0,0	0,0	0,0	0,0	0,0	0,0	2,0	0,0	0,0	0,0	COMPLETA
2012	22059	Biescas	1,0	1,0	0,0	1633,0	1633,0	0,0	0,0	3,0	0,0	0,0	0,0	COMPLETA
2012	22060	Binaced	8,0	0,0	8,0	3063,0	0,0	3063,0	0,0	1,0	2,0	1,0	2,0	COMPLETA
2012	22061	Binéfar	12,0	3,0	9,0	4011,0	1029,0	2982,0	5,0	8,0	0,0	2,0	0,0	COMPLETA
2012	22062	Bisaurri	0,0	0,0	0,0	0,0	0,0	0,0	0,0	2,0	2,0	0,0	0,0	COMPLETA
2012	22063	Biscarrués	1,0	0,0	1,0	1852,0	0,0	1852,0	0,0	0,0	0,0	0,0	0,0	COMPLETA
2012	22064	Blecua y Torres	0,0	0,0	0,0	0,0	0,0	0,0	0,0	1,0	0,0	0,0	0,0	COMPLETA
2012	22066	Boltaña	1,0	1,0	0,0	89,0	89,0	0,0	1,0	0,0	0,0	0,0	0,0	COMPLETA
2012	22067	Bonansa												SIN INFORMACIÓN
2012	22068	Borau												SIN INFORMACIÓN
2012	22069	Broto	0,0	0,0	0,0	0,0	0,0	0,0	0,0	1,0	0,0	0,0	0,0	COMPLETA
2012	22072	Caldearenas	2,0	2,0	0,0	343,0	343,0	0,0	2,0	3,0	1,0	0,0	0,0	COMPLETA
2012	22074	Campo												SIN INFORMACIÓN
2012	22075	Camporrells	1,0	0,0	1,0	180,0	0,0	180,0	0,0	1,0	0,0	0,0	0,0	COMPLETA
2012	22076	Canal de Berdún												SIN INFORMACIÓN
2012	22077	Candasnos	1,0	1,0	0,0	273,0	273,0	0,0	1,0	0,0	0,0	0,0	0,0	COMPLETA
2012	22078	Canfranc												SIN INFORMACIÓN
2012	22079	Capdesaso												SIN INFORMACIÓN
2012	22080	Capella	6,0	0,0	6,0	2285,0	0,0	2285,0	0,0	0,0	0,0	0,0	0,0	COMPLETA
2012	22081	Casbas de Huesca	2,0	0,0	2,0	498,0	0,0	498,0	0,0	2,0	0,0	0,0	0,0	COMPLETA
2012	22082	Castejón del Puente	1,0	1,0	0,0	348,0	348,0	0,0	1,0	0,0	0,0	0,0	0,0	COMPLETA
2012	22083	Castejón de Monegros	1,0	0,0	1,0	171,0	0,0	171,0	0,0	0,0	0,0	1,0	1,0	COMPLETA
2012	22084	Castejón de Sos	1,0	1,0	0,0	227,0	227,0	0,0	1,0	3,0	4,0	1,0	2,0	COMPLETA
2012	22085	Castelflorite												SIN INFORMACIÓN
2012	22086	Castiello de Jaca												SIN INFORMACIÓN
2012	22087	Castigaleu	1,0	1,0	0,0	144,0	144,0	0,0	1,0	0,0	0,0	0,0	0,0	COMPLETA
2012	22088	Castillazuelo								1,0				INCOMPLETA
2012	22089	Castillonroy												SIN INFORMACIÓN
2012	22090	Colungo	1,0	0,0	1,0	119,0	0,0	119,0	0,0	0,0	0,0	0,0	0,0	COMPLETA
2012	22094	Chalamera												SIN INFORMACIÓN
2012	22095	Chía												SIN INFORMACIÓN
2012	22096	Chimillas												SIN INFORMACIÓN
2012	22099	Esplús												SIN INFORMACIÓN
2012	22102	Estada												SIN INFORMACIÓN
2012	22103	Estadilla	0,0	0,0	0,0	0,0	0,0	0,0	0,0	2,0	1,0	0,0	0,0	COMPLETA
2012	22105	Estopiñán del Castillo	3,0	0,0	3,0	198,0	0,0	198,0	0,0	3,0	0,0	1,0	0,0	COMPLETA
2012	22106	Fago	0,0	0,0	0,0	0,0	0,0	0,0	0,0	2,0	0,0	0,0	0,0	COMPLETA
2012	22107	Fanlo												SIN INFORMACIÓN
2012	22109	Fiscal	3,0	2,0	1,0	1095,0	675,0	420,0	2,0	4,0	1,0	0,0	0,0	COMPLETA
2012	22110	Fonz	0,0	0,0	0,0	0,0	0,0	0,0	0,0	4,0	1,0	0,0	0,0	COMPLETA
2012	22111	Foradada del Toscar	0,0	0,0	0,0	0,0	0,0	0,0	0,0	3,0	0,0	0,0	0,0	COMPLETA
2012	22112	Fraga	2,0	1,0	1,0	240,0	44,0	196,0	1,0	11,0	1,0	1,0	2,0	COMPLETA
2012	22113	Fueva (La)	2,0	0,0	2,0	1235,0	0,0	1235,0	0,0	2,0	0,0	0,0	0,0	COMPLETA
2012	22114	Gistaín	1,0	1,0	0,0	414,0	414,0	0,0	3,0	1,0	0,0	1,0	1,0	COMPLETA
2012	22115	Grado (El)	0,0	0,0	0,0	0,0	0,0	0,0	0,0	1,0	0,0	0,0	0,0	COMPLETA
2012	22116	Grañén	1,0	0,0	1,0	1852,0	0,0	1852,0	0,0	0,0	0,0	0,0	0,0	COMPLETA
2012	22117	Graus	11,0	1,0	10,0	7326,0	384,0	6942,0	1,0	15,0	4,0	2,0	0,0	COMPLETA
2012	22119	Gurrea de Gállego	0,0	0,0	0,0	0,0	0,0	0,0	0,0	0,0	0,0	2,0	1,0	COMPLETA
2012	22122	Hoz de Jaca												SIN INFORMACIÓN
2012	22124	Huerto	2,0	0,0	2,0	2734,0	0,0	2734,0	0,0	1,0	0,0	0,0	0,0	COMPLETA
2012	22125	Huesca	15,0	11,0	4,0	4199,0	2394,0	1805,0	11,0	9,0	0,0	5,0	2,0	COMPLETA
2012	22126	Ibieca												SIN INFORMACIÓN
2012	22127	Igriés												SIN INFORMACIÓN
2012	22128	Ilche	2,0	2,0	0,0	745,0	745,0	0,0	2,0	0,0	0,0	0,0	0,0	COMPLETA
2012	22129	Isábena	0,0	0,0	0,0	0,0	0,0	0,0	0,0	2,0	1,0	0,0	0,0	COMPLETA
2012	22130	Jaca	3,0	1,0	2,0	2286,0	342,0	1944,0	2,0	14,0	3,0	1,0	7,0	COMPLETA
2012	22131	Jasa												SIN INFORMACIÓN
2012	22133	Labuerda												SIN INFORMACIÓN
2012	22135	Laluenga												SIN INFORMACIÓN
2012	22136	Lalueza	6,0	3,0	3,0	3718,0	973,0	2745,0	3,0	0,0	0,0	1,0	0,0	COMPLETA
2012	22137	Lanaja	0,0	0,0	0,0	0,0	0,0	0,0	0,0	1,0	0,0	2,0	1,0	COMPLETA
2012	22139	Laperdiguera												SIN INFORMACIÓN
2012	22141	Lascellas-Ponzano												SIN INFORMACIÓN
2012	22142	Lascuarre												SIN INFORMACIÓN
2012	22143	Laspaúles	0,0	0,0	0,0	0,0	0,0	0,0	0,0	1,0	1,0	0,0	0,0	COMPLETA
2012	22144	Laspuña	1,0	0,0	1,0	236,0	0,0	236,0	0,0	1,0	1,0	0,0	0,0	COMPLETA
2012	22149	Loarre	4,0	1,0	3,0	4781,0	101,0	4680,0	1,0	1,0	0,0	0,0	0,0	COMPLETA
2012	22150	Loporzano	2,0	1,0	1,0	834,0	184,0	650,0	1,0	4,0	1,0	0,0	1,0	COMPLETA
2012	22151	Loscorrales												SIN INFORMACIÓN
2012	22155	Monesma y Cajigar												SIN INFORMACIÓN
2012	22156	Monflorite-Lascasas												SIN INFORMACIÓN
2012	22157	Montanuy	0,0	0,0	0,0	0,0	0,0	0,0	0,0	1,0	1,0	0,0	0,0	COMPLETA
2012	22158	Monzón	5,0	3,0	2,0	1768,0	944,0	824,0	3,0	5,0	0,0	1,0	0,0	COMPLETA
2012	22160	Naval												SIN INFORMACIÓN
2012	22162	Novales												SIN INFORMACIÓN
2012	22163	Nueno	2,0	2,0	0,0	400,0	400,0	0,0	1,0	2,0	0,0	0,0	0,0	COMPLETA
2012	22164	Olvena												SIN INFORMACIÓN
2012	22165	Ontiñena												SIN INFORMACIÓN
2012	22167	Osso de Cinca	6,0	4,0	2,0	1556,0	1002,0	554,0	4,0	1,0	0,0	0,0	0,0	COMPLETA
2012	22168	Palo	2,0	0,0	2,0	1794,0	0,0	1794,0	0,0	0,0	0,0	0,0	0,0	COMPLETA
2012	22170	Panticosa	1,0	1,0	0,0	513,0	513,0	0,0	4,0	0,0	0,0	0,0	0,0	COMPLETA
2012	22172	Peñalba	3,0		3,0	1648,0		1648,0		1,0	1,0			INCOMPLETA
2012	22173	Peñas de Riglos (Las)	0,0	0,0	0,0	0,0	0,0	0,0	0,0	5,0	1,0	0,0	0,0	COMPLETA
2012	22174	Peralta de Alcofea	2,0	1,0	1,0	1449,0	469,0	980,0	1,0	0,0	0,0	0,0	0,0	COMPLETA
2012	22175	Peralta de Calasanz												SIN INFORMACIÓN
2012	22176	Peraltilla												SIN INFORMACIÓN
2012	22177	Perarrúa												SIN INFORMACIÓN
2012	22178	Pertusa	3,0	0,0	3,0	3602,0	0,0	3602,0	0,0	0,0	0,0	0,0	0,0	COMPLETA
2012	22181	Piracés												SIN INFORMACIÓN
2012	22182	Plan												SIN INFORMACIÓN
2012	22184	Poleñino	2,0	0,0	2,0	3704,0	0,0	3704,0	0,0	0,0	0,0	0,0	0,0	COMPLETA
2012	22186	Pozán de Vero												SIN INFORMACIÓN
2012	22187	Puebla de Castro (La)	2,0	0,0	2,0	621,0	0,0	621,0	0,0	2,0	0,0	0,0	0,0	COMPLETA
2012	22188	Puente de Montañana	0,0	0,0	0,0	0,0	0,0	0,0	0,0	2,0	0,0	0,0	0,0	COMPLETA
2012	22189	Puértolas	6,0	6,0	0,0	403,0	403,0	0,0	6,0	4,0	2,0	0,0	0,0	COMPLETA
2012	22190	Pueyo de Araguás (El)	2,0	2,0	0,0	749,0	749,0	0,0	2,0	2,0	0,0	0,0	0,0	COMPLETA
2012	22193	Pueyo de Santa Cruz												SIN INFORMACIÓN
2012	22195	Quicena												SIN INFORMACIÓN
2012	22197	Robres												SIN INFORMACIÓN
2012	22199	Sabiñánigo	2,0	1,0	1,0	919,0	292,0	627,0	1,0	8,0	1,0	0,0	0,0	COMPLETA
2012	22200	Sahún	0,0	0,0	0,0	0,0	0,0	0,0	0,0	1,0	0,0	1,0	0,0	COMPLETA
2012	22201	Salas Altas												SIN INFORMACIÓN
2012	22202	Salas Bajas												SIN INFORMACIÓN
2012	22203	Salillas	0,0	0,0	0,0	0,0	0,0	0,0	0,0	2,0	2,0	0,0	0,0	COMPLETA
2012	22204	Sallent de Gállego	1,0	0,0	1,0	150,0	0,0	150,0	0,0	3,0	0,0	0,0	0,0	COMPLETA
2012	22205	San Esteban de Litera	3,0	0,0	3,0	266,0	0,0	266,0	0,0	2,0	0,0	0,0	0,0	COMPLETA
2012	22206	Sangarrén	1,0	1,0	0,0	290,0	290,0	0,0	1,0	0,0	0,0	1,0	1,0	COMPLETA
2012	22207	San Juan de Plan												SIN INFORMACIÓN
2012	22208	Santa Cilia	3,0	1,0	2,0	712,0	280,0	432,0	1,0	0,0	0,0	0,0	0,0	COMPLETA
2012	22209	Santa Cruz de la Serós												SIN INFORMACIÓN
2012	22212	Santaliestra y San Quílez												SIN INFORMACIÓN
2012	22213	Sariñena	21,0	5,0	16,0	15993,0	530,0	15463,0	5,0	5,0	0,0	0,0	0,0	COMPLETA
2012	22214	Secastilla	0,0	0,0	0,0	0,0	0,0	0,0	0,0	1,0	0,0	0,0	0,0	COMPLETA
2012	22215	Seira												SIN INFORMACIÓN
2012	22217	Sena	2,0	1,0	1,0	289,0	211,0	78,0	1,0	0,0	0,0	0,0	0,0	COMPLETA
2012	22218	Senés de Alcubierre												SIN INFORMACIÓN
2012	22220	Sesa	2,0	1,0	1,0	289,0	213,0	76,0	1,0	4,0	0,0	0,0	0,0	COMPLETA
2012	22221	Sesué												SIN INFORMACIÓN
2012	22222	Siétamo	0,0	0,0	0,0	0,0	0,0	0,0	0,0	2,0	0,0	0,0	0,0	COMPLETA
2012	22223	Sopeira												SIN INFORMACIÓN
2012	22225	Tamarite de Litera												SIN INFORMACIÓN
2012	22226	Tardienta	4,0	1,0	3,0	2934,0	200,0	2734,0	1,0	3,0	0,0	3,0	3,0	COMPLETA
2012	22227	Tella-Sin												SIN INFORMACIÓN
2012	22228	Tierz	2,0	2,0	0,0	743,0	743,0	0,0	2,0	0,0	0,0	0,0	0,0	COMPLETA
2012	22229	Tolva												SIN INFORMACIÓN
2012	22230	Torla-Ordesa	0,0	0,0	0,0	0,0	0,0	0,0	0,0	2,0	0,0	0,0	2,0	COMPLETA
2012	22232	Torralba de Aragón												SIN INFORMACIÓN
2012	22233	Torre la Ribera	0,0	0,0	0,0	0,0	0,0	0,0	0,0	1,0	1,0	0,0	0,0	COMPLETA
2012	22234	Torrente de Cinca	0,0	0,0	0,0	0,0	0,0	0,0	0,0	3,0	2,0	1,0	1,0	COMPLETA
2012	22235	Torres de Alcanadre	3,0	0,0	3,0	2025,0	0,0	2025,0	0,0	0,0	0,0	1,0	1,0	COMPLETA
2012	22236	Torres de Barbués	2,0	1,0	1,0	637,0	145,0	492,0	1,0	0,0	0,0	0,0	0,0	COMPLETA
2012	22239	Tramaced												SIN INFORMACIÓN
2012	22242	Valfarta	1,0	1,0	0,0	164,0	164,0	0,0	1,0	1,0	0,0	0,0	0,0	COMPLETA
2012	22243	Valle de Bardají												SIN INFORMACIÓN
2012	22244	Valle de Lierp												SIN INFORMACIÓN
2012	22245	Velilla de Cinca	2,0	0,0	2,0	303,0	0,0	303,0	0,0	1,0	0,0	1,0	1,0	COMPLETA
2012	22246	Beranuy	0,0	0,0	0,0	0,0	0,0	0,0	0,0	2,0	0,0	0,0	0,0	COMPLETA
2012	22247	Viacamp y Litera												SIN INFORMACIÓN
2012	22248	Vicién	1,0	0,0	1,0	233,0	0,0	233,0	0,0	0,0	0,0	0,0	0,0	COMPLETA
2012	22249	Villanova	1,0	1,0	0,0	412,0	412,0	0,0	1,0	0,0	0,0	0,0	0,0	COMPLETA
2012	22250	Villanúa	0,0	0,0	0,0	0,0	0,0	0,0	0,0	1,0	0,0	0,0	0,0	COMPLETA
2012	22251	Villanueva de Sigena	1,0	0,0	1,0	93,0	0,0	93,0	0,0	4,0	0,0	1,0	0,0	COMPLETA
2012	22252	Yebra de Basa												SIN INFORMACIÓN
2012	22253	Yésero												SIN INFORMACIÓN
2012	22254	Zaidín	3,0	0,0	3,0	492,0	0,0	492,0	0,0	5,0	0,0	0,0	0,0	COMPLETA
2012	22901	Valle de Hecho	3,0	3,0	0,0	1050,0	1050,0	0,0	3,0	4,0	3,0	1,0	1,0	COMPLETA
2012	22902	Puente la Reina de Jaca	0,0	0,0	0,0	0,0	0,0	0,0	0,0	2,0	0,0	0,0	0,0	COMPLETA
2012	22903	San Miguel del Cinca	1,0	0,0	1,0	979,0	0,0	979,0	0,0	2,0	0,0	0,0	0,0	COMPLETA
2012	22904	Sotonera (La)	2,0	2,0	0,0	347,0	347,0	0,0	2,0	4,0	3,0	1,0	1,0	COMPLETA
2012	22905	Lupiñén-Ortilla	1,0	0,0	1,0	197,0	0,0	197,0	0,0	2,0	0,0	0,0	0,0	COMPLETA
2012	22906	Santa María de Dulcis												SIN INFORMACIÓN
2012	22907	Aínsa-Sobrarbe	2,0	2,0	0,0	897,0	897,0	0,0	3,0	10,0	3,0	0,0	1,0	COMPLETA
2012	22908	Hoz y Costeán												SIN INFORMACIÓN
2012	22909	Vencillón												SIN INFORMACIÓN
2012	44001	Ababuj												SIN INFORMACIÓN
2012	44002	Abejuela												SIN INFORMACIÓN
2012	44003	Aguatón	1,0	1,0	0,0	77,0	77,0	0,0	1,0	0,0	0,0	1,0	1,0	COMPLETA
2012	44004	Aguaviva	2,0	0,0	2,0	1044,0	0,0	1044,0	0,0	0,0	0,0	1,0	1,0	COMPLETA
2012	44005	Aguilar del Alfambra												SIN INFORMACIÓN
2012	44006	Alacón												SIN INFORMACIÓN
2012	44007	Alba												SIN INFORMACIÓN
2012	44008	Albalate del Arzobispo	2,0	1,0	1,0	391,0	326,0	65,0	1,0	0,0	0,0	0,0	0,0	COMPLETA
2012	44009	Albarracín	3,0	2,0	1,0	733,0	693,0	40,0	2,0	6,0	0,0	0,0	0,0	COMPLETA
2012	44010	Albentosa	5,0	5,0	0,0	714,0	714,0	0,0	0,0	3,0	0,0	0,0	0,0	COMPLETA
2012	44011	Alcaine												SIN INFORMACIÓN
2012	44012	Alcalá de la Selva	0,0	0,0	0,0	0,0	0,0	0,0	0,0	2,0	0,0	1,0	1,0	COMPLETA
2012	44013	Alcañiz	14,0	1,0	13,0	2612,0	1329,0	1283,0	2,0	11,0	11,0	0,0	0,0	COMPLETA
2012	44014	Alcorisa	3,0	2,0	1,0	1305,0	1101,0	204,0	6,0	4,0	0,0	3,0	1,0	COMPLETA
2012	44016	Alfambra	1,0	1,0	0,0	373,0	373,0	0,0	1,0	4,0	2,0	2,0	1,0	COMPLETA
2012	44017	Aliaga	1,0	1,0	0,0	418,0	418,0	0,0	1,0	0,0	0,0	0,0	0,0	COMPLETA
2012	44018	Almohaja												SIN INFORMACIÓN
2012	44019	Alobras												SIN INFORMACIÓN
2012	44020	Alpeñés												SIN INFORMACIÓN
2012	44021	Allepuz												SIN INFORMACIÓN
2012	44022	Alloza												SIN INFORMACIÓN
2012	44023	Allueva												SIN INFORMACIÓN
2012	44024	Anadón												SIN INFORMACIÓN
2012	44025	Andorra	3,0	1,0	2,0	1682,0	117,0	1565,0	1,0	7,0	0,0	0,0	0,0	COMPLETA
2012	44026	Arcos de las Salinas												SIN INFORMACIÓN
2012	44027	Arens de Lledó												SIN INFORMACIÓN
2012	44028	Argente												SIN INFORMACIÓN
2012	44029	Ariño												SIN INFORMACIÓN
2012	44031	Azaila								1,0				INCOMPLETA
2012	44032	Bádenas												SIN INFORMACIÓN
2012	44033	Báguena												SIN INFORMACIÓN
2012	44034	Bañón												SIN INFORMACIÓN
2012	44035	Barrachina												SIN INFORMACIÓN
2012	44036	Bea	1,0	1,0	0,0	99,0	99,0	0,0	1,0	0,0	0,0	0,0	0,0	COMPLETA
2012	44037	Beceite	1,0	0,0	1,0	30,0	0,0	30,0	0,0	1,0	0,0	0,0	0,0	COMPLETA
2012	44038	Belmonte de San José	1,0	1,0	0,0	142,0	142,0	0,0	1,0	0,0	0,0	1,0	1,0	COMPLETA
2012	44039	Bello												SIN INFORMACIÓN
2012	44040	Berge	0,0	0,0	0,0	0,0	0,0	0,0	0,0	1,0	0,0	0,0	0,0	COMPLETA
2012	44041	Bezas	1,0	1,0	0,0	244,0	244,0	0,0	1,0	0,0	0,0	0,0	0,0	COMPLETA
2012	44042	Blancas												SIN INFORMACIÓN
2012	44043	Blesa												SIN INFORMACIÓN
2012	44044	Bordón												SIN INFORMACIÓN
2012	44045	Bronchales	2,0	2,0	0,0	405,0	405,0	0,0	2,0	2,0	0,0	0,0	0,0	COMPLETA
2012	44046	Bueña												SIN INFORMACIÓN
2012	44047	Burbáguena												SIN INFORMACIÓN
2012	44048	Cabra de Mora	3,0	1,0	2,0	1152,0	251,0	901,0	1,0	0,0	0,0	0,0	0,0	COMPLETA
2012	44049	Calaceite	8,0	2,0	6,0	1741,0	258,0	1483,0	2,0	3,0	0,0	0,0	0,0	COMPLETA
2012	44050	Calamocha	6,0	2,0	4,0	1959,0	605,0	1354,0	2,0	5,0	2,0	3,0	3,0	COMPLETA
2012	44051	Calanda	3,0	3,0	0,0	931,0	931,0	0,0	3,0	4,0	0,0	2,0	2,0	COMPLETA
2012	44052	Calomarde												SIN INFORMACIÓN
2012	44053	Camañas	1,0		1,0	74,0		74,0						INCOMPLETA
2012	44054	Camarena de la Sierra												SIN INFORMACIÓN
2012	44055	Camarillas												SIN INFORMACIÓN
2012	44056	Caminreal	3,0	1,0	2,0	1532,0	299,0	1233,0	1,0	3,0	0,0	0,0	0,0	COMPLETA
2012	44059	Cantavieja	1,0	1,0	0,0	497,0	497,0	0,0	1,0	0,0	0,0	1,0	0,0	COMPLETA
2012	44060	Cañada de Benatanduz												SIN INFORMACIÓN
2012	44061	Cañada de Verich (La)												SIN INFORMACIÓN
2012	44062	Cañada Vellida												SIN INFORMACIÓN
2012	44063	Cañizar del Olivar	1,0		1,0	61,0		61,0		1,0				INCOMPLETA
2012	44064	Cascante del Río												SIN INFORMACIÓN
2012	44065	Castejón de Tornos												SIN INFORMACIÓN
2012	44066	Castel de Cabra												SIN INFORMACIÓN
2012	44067	Castelnou												SIN INFORMACIÓN
2012	44068	Castelserás	1,0	0,0	1,0	134,0	0,0	134,0	0,0	1,0	1,0	0,0	0,0	COMPLETA
2012	44070	Castellar (El)	1,0	0,0	1,0	68,0	0,0	68,0	0,0	1,0	0,0	0,0	0,0	COMPLETA
2012	44071	Castellote	0,0	0,0	0,0	0,0	0,0	0,0	0,0	1,0	0,0	0,0	0,0	COMPLETA
2012	44074	Cedrillas	1,0	0,0	1,0	646,0	0,0	646,0	0,0	0,0	0,0	0,0	0,0	COMPLETA
2012	44075	Celadas												SIN INFORMACIÓN
2012	44076	Cella	6,0	5,0	1,0	1713,0	1271,0	442,0	5,0	3,0	2,0	0,0	0,0	COMPLETA
2012	44077	Cerollera (La)												SIN INFORMACIÓN
2012	44080	Codoñera (La)	1,0	1,0	0,0	612,0	612,0	0,0	1,0	1,0	0,0	0,0	0,0	COMPLETA
2012	44082	Corbalán												SIN INFORMACIÓN
2012	44084	Cortes de Aragón												SIN INFORMACIÓN
2012	44085	Cosa												SIN INFORMACIÓN
2012	44086	Cretas	3,0	0,0	3,0	202,0	0,0	202,0	0,0	3,0	3,0	0,0	0,0	COMPLETA
2012	44087	Crivillén												SIN INFORMACIÓN
2012	44088	Cuba (La)	0,0	0,0	0,0	0,0	0,0	0,0	0,0	2,0	0,0	0,0	0,0	COMPLETA
2012	44089	Cubla												SIN INFORMACIÓN
2012	44090	Cucalón	1,0	1,0	0,0	338,0	338,0	0,0	0,0	0,0	0,0	0,0	0,0	COMPLETA
2012	44092	Cuervo (El)												SIN INFORMACIÓN
2012	44093	Cuevas de Almudén												SIN INFORMACIÓN
2012	44094	Cuevas Labradas												SIN INFORMACIÓN
2012	44096	Ejulve												SIN INFORMACIÓN
2012	44097	Escorihuela												SIN INFORMACIÓN
2012	44099	Escucha	1,0	0,0	1,0	45,0	0,0	45,0	0,0	0,0	0,0	0,0	0,0	COMPLETA
2012	44100	Estercuel	0,0	0,0	0,0	0,0	0,0	0,0	0,0	3,0	0,0	0,0	0,0	COMPLETA
2012	44101	Ferreruela de Huerva												SIN INFORMACIÓN
2012	44102	Fonfría												SIN INFORMACIÓN
2012	44103	Formiche Alto	1,0	1,0	0,0	155,0	155,0	0,0	1,0	0,0	0,0	1,0	1,0	COMPLETA
2012	44105	Fórnoles												SIN INFORMACIÓN
2012	44106	Fortanete	0,0	0,0	0,0	0,0	0,0	0,0	0,0	1,0	0,0	0,0	0,0	COMPLETA
2012	44107	Foz-Calanda												SIN INFORMACIÓN
2012	44108	Fresneda (La)												SIN INFORMACIÓN
2012	44109	Frías de Albarracín												SIN INFORMACIÓN
2012	44110	Fuenferrada												SIN INFORMACIÓN
2012	44111	Fuentes Calientes												SIN INFORMACIÓN
2012	44112	Fuentes Claras	1,0	1,0	0,0	99,0	99,0	0,0	1,0	4,0	0,0	1,0	1,0	COMPLETA
2012	44113	Fuentes de Rubielos	0,0	0,0	0,0	0,0	0,0	0,0	0,0	1,0	0,0	0,0	0,0	COMPLETA
2012	44114	Fuentespalda	0,0	0,0	0,0	0,0	0,0	0,0	0,0	1,0	1,0	0,0	0,0	COMPLETA
2012	44115	Galve												SIN INFORMACIÓN
2012	44116	Gargallo	0,0	0,0	0,0	0,0	0,0	0,0	0,0	2,0	0,0	0,0	0,0	COMPLETA
2012	44117	Gea de Albarracín												SIN INFORMACIÓN
2012	44118	Ginebrosa (La)	1,0	0,0	1,0	1332,0	0,0	1332,0	0,0	1,0	3,0	0,0	1,0	COMPLETA
2012	44119	Griegos	1,0	1,0	0,0	60,0	60,0	0,0	1,0	0,0	0,0	0,0	0,0	COMPLETA
2012	44120	Guadalaviar	0,0	0,0	0,0	0,0	0,0	0,0	0,0	3,0	0,0	0,0	0,0	COMPLETA
2012	44121	Gúdar	1,0	0,0	1,0	37,0	0,0	37,0	0,0	0,0	0,0	1,0	1,0	COMPLETA
2012	44122	Híjar	5,0	1,0	4,0	899,0	290,0	609,0	1,0	2,0	0,0	1,0	1,0	COMPLETA
2012	44123	Hinojosa de Jarque								1,0				INCOMPLETA
2012	44124	Hoz de la Vieja (La)												SIN INFORMACIÓN
2012	44125	Huesa del Común												SIN INFORMACIÓN
2012	44126	Iglesuela del Cid (La)	3,0	3,0		497,0	497,0		3,0					INCOMPLETA
2012	44127	Jabaloyas												SIN INFORMACIÓN
2012	44128	Jarque de la Val										1,0	1,0	INCOMPLETA
2012	44129	Jatiel												SIN INFORMACIÓN
2012	44130	Jorcas												SIN INFORMACIÓN
2012	44131	Josa												SIN INFORMACIÓN
2012	44132	Lagueruela												SIN INFORMACIÓN
2012	44133	Lanzuela												SIN INFORMACIÓN
2012	44135	Libros												SIN INFORMACIÓN
2012	44136	Lidón												SIN INFORMACIÓN
2012	44137	Linares de Mora	1,0	1,0	0,0	419,0	419,0	0,0	1,0	2,0	0,0	0,0	0,0	COMPLETA
2012	44138	Loscos												SIN INFORMACIÓN
2012	44141	Lledó												SIN INFORMACIÓN
2012	44142	Maicas												SIN INFORMACIÓN
2012	44143	Manzanera	0,0	0,0	0,0	0,0	0,0	0,0	0,0	2,0	1,0	1,0	1,0	COMPLETA
2012	44144	Martín del Río												SIN INFORMACIÓN
2012	44145	Mas de las Matas	3,0	3,0	0,0	1112,0	1112,0	0,0	3,0	1,0	2,0	1,0	0,0	COMPLETA
2012	44146	Mata de los Olmos (La)	1,0	0,0	1,0	217,0	0,0	217,0	0,0	0,0	0,0	0,0	0,0	COMPLETA
2012	44147	Mazaleón	2,0	0,0	2,0	242,0	0,0	242,0	0,0	1,0	0,0	1,0	0,0	COMPLETA
2012	44148	Mezquita de Jarque												SIN INFORMACIÓN
2012	44149	Mirambel	1,0	0,0	1,0	100,0	0,0	100,0	0,0	0,0	0,0	0,0	0,0	COMPLETA
2012	44150	Miravete de la Sierra												SIN INFORMACIÓN
2012	44151	Molinos	1,0	0,0	1,0	14,0	0,0	14,0	0,0	2,0	0,0	0,0	0,0	COMPLETA
2012	44152	Monforte de Moyuela												SIN INFORMACIÓN
2012	44153	Monreal del Campo	7,0	6,0	1,0	1404,0	1248,0	156,0	7,0	2,0	0,0	6,0	6,0	COMPLETA
2012	44154	Monroyo	1,0	0,0	1,0	199,0	0,0	199,0	0,0	0,0	0,0	0,0	0,0	COMPLETA
2012	44155	Montalbán	5,0	4,0	1,0	4396,0	4333,0	63,0	3,0	2,0	0,0	0,0	0,0	COMPLETA
2012	44156	Monteagudo del Castillo												SIN INFORMACIÓN
2012	44157	Monterde de Albarracín												SIN INFORMACIÓN
2012	44158	Mora de Rubielos	3,0	3,0	0,0	1060,0	1060,0	0,0	3,0	5,0	0,0	0,0	0,0	COMPLETA
2012	44159	Moscardón												SIN INFORMACIÓN
2012	44160	Mosqueruela	1,0	1,0	0,0	195,0	195,0	0,0	1,0	0,0	0,0	0,0	0,0	COMPLETA
2012	44161	Muniesa												SIN INFORMACIÓN
2012	44163	Noguera de Albarracín												SIN INFORMACIÓN
2012	44164	Nogueras												SIN INFORMACIÓN
2012	44165	Nogueruelas												SIN INFORMACIÓN
2012	44167	Obón												SIN INFORMACIÓN
2012	44168	Odón												SIN INFORMACIÓN
2012	44169	Ojos Negros	1,0	1,0	0,0	244,0	244,0	0,0	1,0	0,0	0,0	1,0	1,0	COMPLETA
2012	44171	Olba	2,0	2,0	0,0	282,0	282,0	0,0	2,0	2,0	0,0	0,0	0,0	COMPLETA
2012	44172	Oliete	0,0	0,0	0,0	0,0	0,0	0,0	0,0	1,0	0,0	0,0	0,0	COMPLETA
2012	44173	Olmos (Los)												SIN INFORMACIÓN
2012	44174	Orihuela del Tremedal	0,0	0,0	0,0	0,0	0,0	0,0	0,0	1,0	0,0	0,0	0,0	COMPLETA
2012	44175	Orrios												SIN INFORMACIÓN
2012	44176	Palomar de Arroyos												SIN INFORMACIÓN
2012	44177	Pancrudo												SIN INFORMACIÓN
2012	44178	Parras de Castellote (Las)												SIN INFORMACIÓN
2012	44179	Peñarroya de Tastavins	2,0	1,0	1,0	559,0	199,0	360,0	1,0	0,0	0,0	1,0	1,0	COMPLETA
2012	44180	Peracense	1,0	1,0	0,0	90,0	90,0	0,0	1,0	0,0	0,0	0,0	0,0	COMPLETA
2012	44181	Peralejos												SIN INFORMACIÓN
2012	44182	Perales del Alfambra												SIN INFORMACIÓN
2012	44183	Pitarque												SIN INFORMACIÓN
2012	44184	Plou												SIN INFORMACIÓN
2012	44185	Pobo (El)	0,0	0,0	0,0	0,0	0,0	0,0	0,0	3,0	0,0	1,0	1,0	COMPLETA
2012	44187	Portellada (La)	2,0	2,0	0,0	699,0	699,0	0,0	2,0	0,0	0,0	0,0	0,0	COMPLETA
2012	44189	Pozondón	0,0	0,0	0,0	0,0	0,0	0,0	0,0	1,0	0,0	0,0	0,0	COMPLETA
2012	44190	Pozuel del Campo	1,0		1,0	101,0		101,0		1,0		1,0		INCOMPLETA
2012	44191	Puebla de Híjar (La)	1,0	0,0	1,0	132,0	0,0	132,0	0,0	2,0	0,0	2,0	2,0	COMPLETA
2012	44192	Puebla de Valverde (La)	1,0	1,0	0,0	324,0	324,0	0,0	1,0	0,0	0,0	2,0	2,0	COMPLETA
2012	44193	Puertomingalvo												SIN INFORMACIÓN
2012	44194	Ráfales								1,0				INCOMPLETA
2012	44195	Rillo												SIN INFORMACIÓN
2012	44196	Riodeva												SIN INFORMACIÓN
2012	44197	Ródenas	1,0	1,0	0,0	260,0	260,0	0,0	1,0	1,0	0,0	0,0	0,0	COMPLETA
2012	44198	Royuela	1,0	1,0	0,0	239,0	239,0	0,0	1,0	0,0	0,0	0,0	0,0	COMPLETA
2012	44199	Rubiales												SIN INFORMACIÓN
2012	44200	Rubielos de la Cérida												SIN INFORMACIÓN
2012	44201	Rubielos de Mora	1,0	1,0		1004,0	1004,0		7,0	2,0				INCOMPLETA
2012	44203	Salcedillo												SIN INFORMACIÓN
2012	44204	Saldón	1,0	0,0	1,0	195,0	0,0	195,0	0,0	1,0	0,0	0,0	0,0	COMPLETA
2012	44205	Samper de Calanda												SIN INFORMACIÓN
2012	44206	San Agustín												SIN INFORMACIÓN
2012	44207	San Martín del Río												SIN INFORMACIÓN
2012	44208	Santa Cruz de Nogueras												SIN INFORMACIÓN
2012	44209	Santa Eulalia	3,0	2,0	1,0	717,0	465,0	252,0	2,0	1,0	0,0	0,0	0,0	COMPLETA
2012	44210	Sarrión	7,0	5,0	2,0	1462,0	1162,0	300,0	5,0	3,0	0,0	0,0	0,0	COMPLETA
2012	44211	Segura de los Baños												SIN INFORMACIÓN
2012	44212	Seno	0,0	0,0	0,0	0,0	0,0	0,0	0,0	1,0	1,0	0,0	0,0	COMPLETA
2012	44213	Singra												SIN INFORMACIÓN
2012	44215	Terriente												SIN INFORMACIÓN
2012	44216	Teruel	5,0	4,0	1,0	62663,0	2687,0	59976,0	11,0	6,0	0,0	0,0	5,0	COMPLETA
2012	44217	Toril y Masegoso												SIN INFORMACIÓN
2012	44218	Tormón												SIN INFORMACIÓN
2012	44219	Tornos												SIN INFORMACIÓN
2012	44220	Torralba de los Sisones	0,0	0,0	0,0	0,0	0,0	0,0	0,0	1,0	0,0	4,0	1,0	COMPLETA
2012	44221	Torrecilla de Alcañiz	3,0	3,0	0,0	560,0	560,0	0,0	3,0	1,0	0,0	0,0	0,0	COMPLETA
2012	44222	Torrecilla del Rebollar												SIN INFORMACIÓN
2012	44223	Torre de Arcas												SIN INFORMACIÓN
2012	44224	Torre de las Arcas												SIN INFORMACIÓN
2012	44225	Torre del Compte	1,0	0,0	1,0	274,0	0,0	274,0	0,0	3,0	0,0	0,0	0,0	COMPLETA
2012	44226	Torrelacárcel												SIN INFORMACIÓN
2012	44227	Torre los Negros												SIN INFORMACIÓN
2012	44228	Torremocha de Jiloca												SIN INFORMACIÓN
2012	44229	Torres de Albarracín	1,0	0,0	1,0	70,0	0,0	70,0	0,0	1,0	0,0	1,0	0,0	COMPLETA
2012	44230	Torrevelilla												SIN INFORMACIÓN
2012	44231	Torrijas												SIN INFORMACIÓN
2012	44232	Torrijo del Campo	0,0	0,0	0,0	0,0	0,0	0,0	0,0	1,0	0,0	3,0	3,0	COMPLETA
2012	44234	Tramacastiel	0,0	0,0	0,0	0,0	0,0	0,0	0,0	3,0	0,0	0,0	0,0	COMPLETA
2012	44235	Tramacastilla												SIN INFORMACIÓN
2012	44236	Tronchón												SIN INFORMACIÓN
2012	44237	Urrea de Gaén	5,0	1,0	4,0	1037,0	349,0	688,0	1,0	0,0	0,0	0,0	0,0	COMPLETA
2012	44238	Utrillas	1,0	0,0	1,0	266,0	0,0	266,0	0,0	1,0	0,0	1,0	0,0	COMPLETA
2012	44239	Valacloche												SIN INFORMACIÓN
2012	44240	Valbona												SIN INFORMACIÓN
2012	44241	Valdealgorfa	1,0	1,0	0,0	165,0	165,0	0,0	1,0	0,0	0,0	0,0	0,0	COMPLETA
2012	44243	Valdecuenca												SIN INFORMACIÓN
2012	44244	Valdelinares												SIN INFORMACIÓN
2012	44245	Valdeltormo	2,0	1,0	1,0	397,0	300,0	97,0	1,0	1,0	0,0	0,0	0,0	COMPLETA
2012	44246	Valderrobres	13,0	2,0	11,0	8110,0	4220,0	3890,0	1,0	5,0	0,0	4,0	0,0	COMPLETA
2012	44247	Valjunquera								1,0			1,0	INCOMPLETA
2012	44249	Vallecillo (El)												SIN INFORMACIÓN
2012	44250	Veguillas de la Sierra												SIN INFORMACIÓN
2012	44251	Villafranca del Campo	1,0	0,0	1,0	327,0	0,0	327,0	0,0	0,0	0,0	0,0	0,0	COMPLETA
2012	44252	Villahermosa del Campo	0,0	0,0	0,0	0,0	0,0	0,0	0,0	1,0	0,0	0,0	0,0	COMPLETA
2012	44256	Villanueva del Rebollar de la Sierra												SIN INFORMACIÓN
2012	44257	Villar del Cobo	0,0	0,0	0,0	0,0	0,0	0,0	0,0	1,0	0,0	0,0	0,0	COMPLETA
2012	44258	Villar del Salz												SIN INFORMACIÓN
2012	44260	Villarluengo												SIN INFORMACIÓN
2012	44261	Villarquemado	2,0	2,0	0,0	366,0	366,0	0,0	2,0	0,0	0,0	0,0	0,0	COMPLETA
2012	44262	Villarroya de los Pinares												SIN INFORMACIÓN
2012	44263	Villastar	1,0	0,0	1,0	53,0	0,0	53,0	0,0	0,0	0,0	1,0	1,0	COMPLETA
2012	44264	Villel	0,0	0,0	0,0	0,0	0,0	0,0	0,0	1,0	0,0	0,0	0,0	COMPLETA
2012	44265	Vinaceite												SIN INFORMACIÓN
2012	44266	Visiedo												SIN INFORMACIÓN
2012	44267	Vivel del Río Martín												SIN INFORMACIÓN
2012	44268	Zoma (La)												SIN INFORMACIÓN
2012	50001	Abanto												SIN INFORMACIÓN
2012	50002	Acered												SIN INFORMACIÓN
2012	50003	Agón												SIN INFORMACIÓN
2012	50004	Aguarón												SIN INFORMACIÓN
2012	50005	Aguilón												SIN INFORMACIÓN
2012	50006	Ainzón	1,0	0,0	1,0	1430,0	0,0	1430,0	0,0	0,0	0,0	1,0	1,0	COMPLETA
2012	50007	Aladrén												SIN INFORMACIÓN
2012	50008	Alagón	2,0	2,0	0,0	1029,0	1029,0	0,0	4,0	4,0	0,0	0,0	0,0	COMPLETA
2012	50009	Alarba												SIN INFORMACIÓN
2012	50010	Alberite de San Juan												SIN INFORMACIÓN
2012	50011	Albeta												SIN INFORMACIÓN
2012	50012	Alborge												SIN INFORMACIÓN
2012	50013	Alcalá de Ebro	0,0	0,0	0,0	0,0	0,0	0,0	0,0	0,0	0,0	1,0	1,0	COMPLETA
2012	50014	Alcalá de Moncayo												SIN INFORMACIÓN
2012	50015	Alconchel de Ariza												SIN INFORMACIÓN
2012	50016	Aldehuela de Liestos												SIN INFORMACIÓN
2012	50017	Alfajarín	3,0	2,0	1,0	545,0	485,0	60,0	2,0	0,0	0,0	0,0	0,0	COMPLETA
2012	50018	Alfamén	3,0	1,0	2,0	583,0	238,0	345,0	1,0	3,0	0,0	1,0	0,0	COMPLETA
2012	50019	Alforque								1,0				INCOMPLETA
2012	50020	Alhama de Aragón	1,0	1,0	0,0	173,0	173,0	0,0	1,0	0,0	0,0	0,0	0,0	COMPLETA
2012	50021	Almochuel												SIN INFORMACIÓN
2012	50022	Almolda (La)	0,0	0,0	0,0	0,0	0,0	0,0	0,0	2,0	0,0	0,0	0,0	COMPLETA
2012	50023	Almonacid de la Cuba												SIN INFORMACIÓN
2012	50024	Almonacid de la Sierra	1,0	1,0	0,0	62,0	62,0	0,0	1,0	0,0	0,0	0,0	0,0	COMPLETA
2012	50025	Almunia de Doña Godina (La)	13,0	7,0	6,0	4082,0	1471,0	2611,0	7,0	10,0	0,0	2,0	1,0	COMPLETA
2012	50026	Alpartir												SIN INFORMACIÓN
2012	50027	Ambel	3,0	0,0	3,0	1840,0	0,0	1840,0	0,0	0,0	0,0	0,0	0,0	COMPLETA
2012	50028	Anento												SIN INFORMACIÓN
2012	50029	Aniñón	3,0	1,0	2,0	496,0	89,0	407,0	1,0	3,0	1,0	3,0	3,0	COMPLETA
2012	50030	Añón de Moncayo												SIN INFORMACIÓN
2012	50031	Aranda de Moncayo												SIN INFORMACIÓN
2012	50032	Arándiga												SIN INFORMACIÓN
2012	50033	Ardisa	1,0	1,0	0,0	98,0	98,0	0,0	1,0	0,0	0,0	0,0	0,0	COMPLETA
2012	50034	Ariza												SIN INFORMACIÓN
2012	50035	Artieda												SIN INFORMACIÓN
2012	50036	Asín												SIN INFORMACIÓN
2012	50037	Atea												SIN INFORMACIÓN
2012	50038	Ateca	1,0	0,0	1,0	200,0	0,0	200,0	0,0	3,0	2,0	0,0	0,0	COMPLETA
2012	50039	Azuara												SIN INFORMACIÓN
2012	50040	Badules	0,0	0,0	0,0	0,0	0,0	0,0	0,0	0,0	0,0	3,0	2,0	COMPLETA
2012	50041	Bagüés												SIN INFORMACIÓN
2012	50042	Balconchán												SIN INFORMACIÓN
2012	50043	Bárboles	0,0	0,0	0,0	0,0	0,0	0,0	0,0	1,0	0,0	0,0	0,0	COMPLETA
2012	50044	Bardallur												SIN INFORMACIÓN
2012	50045	Belchite	0,0	0,0	0,0	0,0	0,0	0,0	0,0	1,0	0,0	0,0	0,0	COMPLETA
2012	50046	Belmonte de Gracián												SIN INFORMACIÓN
2012	50047	Berdejo												SIN INFORMACIÓN
2012	50048	Berrueco												SIN INFORMACIÓN
2012	50050	Bijuesca												SIN INFORMACIÓN
2012	50051	Biota	2,0	0,0	2,0	2602,0	0,0	2602,0	0,0	1,0	0,0	0,0	0,0	COMPLETA
2012	50052	Bisimbre												SIN INFORMACIÓN
2012	50053	Boquiñeni												SIN INFORMACIÓN
2012	50054	Bordalba												SIN INFORMACIÓN
2012	50055	Borja	4,0	3,0	1,0	838,0	740,0	98,0	3,0	1,0	0,0	0,0	0,0	COMPLETA
2012	50056	Botorrita	0,0	0,0	0,0	0,0	0,0	0,0	0,0	2,0	1,0	0,0	0,0	COMPLETA
2012	50057	Brea de Aragón	0,0	0,0	0,0	0,0	0,0	0,0	0,0	0,0	0,0	2,0	2,0	COMPLETA
2012	50058	Bubierca												SIN INFORMACIÓN
2012	50059	Bujaraloz	3,0	1,0	2,0	824,0	290,0	534,0	1,0	2,0	0,0	1,0	0,0	COMPLETA
2012	50060	Bulbuente												SIN INFORMACIÓN
2012	50061	Bureta	1,0	1,0	0,0	244,0	244,0	0,0	1,0	0,0	0,0	0,0	0,0	COMPLETA
2012	50062	Burgo de Ebro (El)	1,0	1,0	0,0	382,0	382,0	0,0	1,0	0,0	0,0	0,0	0,0	COMPLETA
2012	50063	Buste (El)												SIN INFORMACIÓN
2012	50064	Cabañas de Ebro	0,0	0,0	0,0	0,0	0,0	0,0	0,0	1,0	0,0	0,0	0,0	COMPLETA
2012	50065	Cabolafuente												SIN INFORMACIÓN
2012	50066	Cadrete	4,0	2,0	2,0	1555,0	389,0	1166,0	2,0	1,0	0,0	2,0	1,0	COMPLETA
2012	50067	Calatayud	0,0	0,0	0,0	0,0	0,0	0,0	0,0	0,0	0,0	0,0	0,0	COMPLETA
2012	50068	Calatorao	0,0	0,0	0,0	0,0	0,0	0,0	0,0	1,0	0,0	0,0	0,0	COMPLETA
2012	50069	Calcena												SIN INFORMACIÓN
2012	50070	Calmarza												SIN INFORMACIÓN
2012	50071	Campillo de Aragón												SIN INFORMACIÓN
2012	50072	Carenas												SIN INFORMACIÓN
2012	50073	Cariñena	8,0	3,0	5,0	2314,0	1190,0	1124,0	5,0	5,0	3,0	0,0	0,0	COMPLETA
2012	50074	Caspe	17,0	10,0	7,0	6589,0	3061,0	3528,0	11,0	15,0	5,0	4,0	3,0	COMPLETA
2012	50075	Castejón de Alarba												SIN INFORMACIÓN
2012	50076	Castejón de las Armas												SIN INFORMACIÓN
2012	50077	Castejón de Valdejasa												SIN INFORMACIÓN
2012	50078	Castiliscar												SIN INFORMACIÓN
2012	50079	Cervera de la Cañada								1,0				INCOMPLETA
2012	50080	Cerveruela												SIN INFORMACIÓN
2012	50081	Cetina	1,0	1,0	0,0	126,0	126,0	0,0	1,0	2,0	0,0	0,0	0,0	COMPLETA
2012	50082	Cimballa												SIN INFORMACIÓN
2012	50083	Cinco Olivas												SIN INFORMACIÓN
2012	50084	Clarés de Ribota												SIN INFORMACIÓN
2012	50085	Codo	1,0	0,0	1,0	230,0	0,0	230,0	0,0	0,0	0,0	0,0	0,0	COMPLETA
2012	50086	Codos												SIN INFORMACIÓN
2012	50087	Contamina												SIN INFORMACIÓN
2012	50088	Cosuenda												SIN INFORMACIÓN
2012	50089	Cuarte de Huerva	0,0	0,0	0,0	0,0	0,0	0,0	0,0	4,0	0,0	2,0	0,0	COMPLETA
2012	50090	Cubel												SIN INFORMACIÓN
2012	50091	Cuerlas (Las)												SIN INFORMACIÓN
2012	50092	Chiprana	3,0	1,0	2,0	2086,0	265,0	1821,0	1,0	2,0				INCOMPLETA
2012	50093	Chodes												SIN INFORMACIÓN
2012	50094	Daroca	0,0	0,0	0,0	0,0	0,0	0,0	0,0	1,0	0,0	2,0	0,0	COMPLETA
2012	50095	Ejea de los Caballeros	10,0	7,0	3,0	2807,0	2130,0	677,0	7,0	9,0	4,0	1,0	2,0	COMPLETA
2012	50096	Embid de Ariza												SIN INFORMACIÓN
2012	50098	Encinacorba	1,0	1,0		201,0	201,0		1,0	3,0				INCOMPLETA
2012	50099	Épila	7,0	2,0	5,0	1161,0	848,0	313,0	2,0	3,0	2,0	1,0	0,0	COMPLETA
2012	50100	Erla												SIN INFORMACIÓN
2012	50101	Escatrón	1,0	1,0	0,0	277,0	277,0	0,0	1,0	5,0	0,0	0,0	0,0	COMPLETA
2012	50102	Fabara	1,0	0,0	1,0	499,0	0,0	499,0	0,0	4,0	1,0	0,0	0,0	COMPLETA
2012	50104	Farlete												SIN INFORMACIÓN
2012	50105	Fayón												SIN INFORMACIÓN
2012	50106	Fayos (Los)												SIN INFORMACIÓN
2012	50107	Figueruelas	1,0	0,0	1,0	69,0	0,0	69,0	0,0	0,0	0,0	0,0	0,0	COMPLETA
2012	50108	Fombuena												SIN INFORMACIÓN
2012	50109	Frago (El)	0,0	0,0	0,0	0,0	0,0	0,0	0,0	2,0	0,0	0,0	0,0	COMPLETA
2012	50110	Frasno (El)												SIN INFORMACIÓN
2012	50111	Fréscano												SIN INFORMACIÓN
2012	50113	Fuendejalón	1,0	1,0	0,0	131,0	131,0	0,0	1,0	0,0	0,0	1,0	1,0	COMPLETA
2012	50114	Fuendetodos												SIN INFORMACIÓN
2012	50115	Fuentes de Ebro	7,0	7,0	0,0	4575,0	4575,0	0,0	20,0	1,0	0,0	0,0	0,0	COMPLETA
2012	50116	Fuentes de Jiloca												SIN INFORMACIÓN
2012	50117	Gallocanta												SIN INFORMACIÓN
2012	50118	Gallur	2,0	0,0	2,0	1034,0	0,0	1034,0	0,0	0,0	0,0	2,0	2,0	COMPLETA
2012	50119	Gelsa												SIN INFORMACIÓN
2012	50120	Godojos												SIN INFORMACIÓN
2012	50121	Gotor												SIN INFORMACIÓN
2012	50122	Grisel												SIN INFORMACIÓN
2012	50123	Grisén												SIN INFORMACIÓN
2012	50124	Herrera de los Navarros												SIN INFORMACIÓN
2012	50125	Ibdes	0,0	0,0	0,0	0,0	0,0	0,0	0,0	1,0	0,0	0,0	0,0	COMPLETA
2012	50126	Illueca	0,0	0,0	0,0	0,0	0,0	0,0	0,0	4,0	0,0	4,0	1,0	COMPLETA
2012	50128	Isuerre												SIN INFORMACIÓN
2012	50129	Jaraba												SIN INFORMACIÓN
2012	50130	Jarque	0,0	0,0	0,0	0,0	0,0	0,0	0,0	1,0	0,0	0,0	0,0	COMPLETA
2012	50131	Jaulín	1,0	1,0	0,0	239,0	239,0	0,0	1,0	0,0	0,0	0,0	0,0	COMPLETA
2012	50132	Joyosa (La)												SIN INFORMACIÓN
2012	50133	Lagata												SIN INFORMACIÓN
2012	50134	Langa del Castillo	7,0	0,0	7,0	579,0	0,0	579,0	0,0	0,0	0,0	0,0	0,0	COMPLETA
2012	50135	Layana	0,0	0,0	0,0	0,0	0,0	0,0	0,0	1,0	0,0	0,0	0,0	COMPLETA
2012	50136	Lécera	7,0	2,0	5,0	7650,0	446,0	7204,0	2,0	3,0	1,0	1,0	1,0	COMPLETA
2012	50137	Leciñena	1,0	1,0	0,0	154,0	154,0	0,0	1,0	0,0	0,0	0,0	0,0	COMPLETA
2012	50138	Lechón												SIN INFORMACIÓN
2012	50139	Letux								1,0				INCOMPLETA
2012	50140	Litago	1,0	1,0	0,0	88,0	88,0	0,0	1,0	5,0	0,0	0,0	0,0	COMPLETA
2012	50141	Lituénigo												SIN INFORMACIÓN
2012	50142	Lobera de Onsella								1,0				INCOMPLETA
2012	50143	Longares	1,0	1,0	0,0	122,0	122,0	0,0	1,0	0,0	0,0	1,0	1,0	COMPLETA
2012	50144	Longás												SIN INFORMACIÓN
2012	50146	Lucena de Jalón												SIN INFORMACIÓN
2012	50147	Luceni	1,0	0,0	1,0	46,0	0,0	46,0	0,0	2,0	0,0	1,0	1,0	COMPLETA
2012	50148	Luesia												SIN INFORMACIÓN
2012	50149	Luesma												SIN INFORMACIÓN
2012	50150	Lumpiaque	1,0	0,0	1,0	845,0	0,0	845,0	0,0	4,0	0,0	3,0	0,0	COMPLETA
2012	50151	Luna	0,0	0,0	0,0	0,0	0,0	0,0	0,0	1,0	0,0	0,0	0,0	COMPLETA
2012	50152	Maella	4,0	3,0	1,0	637,0	439,0	198,0	3,0	7,0	0,0	1,0	1,0	COMPLETA
2012	50153	Magallón	0,0	0,0	0,0	0,0	0,0	0,0	0,0	1,0	0,0	0,0	0,0	COMPLETA
2012	50154	Mainar												SIN INFORMACIÓN
2012	50155	Malanquilla												SIN INFORMACIÓN
2012	50156	Maleján												SIN INFORMACIÓN
2012	50157	Malón												SIN INFORMACIÓN
2012	50159	Maluenda												SIN INFORMACIÓN
2012	50160	Mallén	2,0	2,0	0,0	295,0	295,0	0,0	2,0	1,0	0,0	2,0	3,0	COMPLETA
2012	50161	Manchones	1,0	1,0	0,0	299,0	299,0	0,0	1,0	0,0	0,0	0,0	0,0	COMPLETA
2012	50162	Mara	0,0	0,0	0,0	0,0	0,0	0,0	0,0	1,0	1,0	0,0	0,0	COMPLETA
2012	50163	María de Huerva	0,0	0,0	0,0	0,0	0,0	0,0	0,0	0,0	0,0	0,0	0,0	COMPLETA
2012	50164	Mediana de Aragón												SIN INFORMACIÓN
2012	50165	Mequinenza	7,0	2,0	5,0	2834,0	2294,0	540,0	22,0	7,0	0,0	1,0	1,0	COMPLETA
2012	50166	Mesones de Isuela												SIN INFORMACIÓN
2012	50167	Mezalocha												SIN INFORMACIÓN
2012	50168	Mianos												SIN INFORMACIÓN
2012	50169	Miedes de Aragón	4,0	1,0	3,0	1224,0	150,0	1074,0	1,0	0,0	0,0	0,0	0,0	COMPLETA
2012	50170	Monegrillo												SIN INFORMACIÓN
2012	50171	Moneva												SIN INFORMACIÓN
2012	50172	Monreal de Ariza												SIN INFORMACIÓN
2012	50173	Monterde	2,0	0,0	2,0	123,0	0,0	123,0	0,0	1,0	0,0	0,0	0,0	COMPLETA
2012	50174	Montón	0,0	0,0	0,0	0,0	0,0	0,0	0,0	1,0	0,0	0,0	0,0	COMPLETA
2012	50175	Morata de Jalón	0,0	0,0	0,0	0,0	0,0	0,0	0,0	4,0	1,0	0,0	0,0	COMPLETA
2012	50176	Morata de Jiloca												SIN INFORMACIÓN
2012	50177	Morés												SIN INFORMACIÓN
2012	50178	Moros												SIN INFORMACIÓN
2012	50179	Moyuela												SIN INFORMACIÓN
2012	50180	Mozota												SIN INFORMACIÓN
2012	50181	Muel	1,0	0,0	1,0	91,0	0,0	91,0	0,0	0,0	0,0	0,0	0,0	COMPLETA
2012	50182	Muela (La)	7,0	2,0	5,0	2149,0	425,0	1724,0	2,0	5,0				INCOMPLETA
2012	50183	Munébrega												SIN INFORMACIÓN
2012	50184	Murero												SIN INFORMACIÓN
2012	50185	Murillo de Gállego												SIN INFORMACIÓN
2012	50186	Navardún												SIN INFORMACIÓN
2012	50187	Nigüella	0,0	0,0	0,0	0,0	0,0	0,0	0,0	1,0	0,0	0,0	0,0	COMPLETA
2012	50188	Nombrevilla												SIN INFORMACIÓN
2012	50189	Nonaspe	6,0	0,0	6,0	2458,0	0,0	2458,0	0,0	2,0	1,0	0,0	0,0	COMPLETA
2012	50190	Novallas	2,0	2,0	0,0	459,0	459,0	0,0	2,0	0,0	0,0	0,0	0,0	COMPLETA
2012	50191	Novillas	0,0	0,0	0,0	0,0	0,0	0,0	0,0	3,0	0,0	1,0	1,0	COMPLETA
2012	50192	Nuévalos	0,0	0,0	0,0	0,0	0,0	0,0	0,0	1,0	0,0	0,0	0,0	COMPLETA
2012	50193	Nuez de Ebro	2,0	2,0	0,0	403,0	403,0	0,0	2,0	1,0	0,0	0,0	0,0	COMPLETA
2012	50194	Olvés												SIN INFORMACIÓN
2012	50195	Orcajo												SIN INFORMACIÓN
2012	50196	Orera												SIN INFORMACIÓN
2012	50197	Orés												SIN INFORMACIÓN
2012	50198	Oseja												SIN INFORMACIÓN
2012	50199	Osera de Ebro												SIN INFORMACIÓN
2012	50200	Paniza												SIN INFORMACIÓN
2012	50201	Paracuellos de Jiloca	1,0	1,0	0,0	121,0	121,0	0,0	1,0	0,0	0,0	0,0	0,0	COMPLETA
2012	50202	Paracuellos de la Ribera												SIN INFORMACIÓN
2012	50203	Pastriz	7,0	6,0	1,0	979,0	682,0	297,0	6,0	0,0	0,0	1,0	1,0	COMPLETA
2012	50204	Pedrola	4,0	1,0	3,0	1031,0	179,0	852,0	1,0	1,0	0,0	0,0	0,0	COMPLETA
2012	50205	Pedrosas (Las)												SIN INFORMACIÓN
2012	50206	Perdiguera	3,0	1,0	2,0	4660,0	250,0	4410,0	1,0	0,0	0,0	0,0	0,0	COMPLETA
2012	50207	Piedratajada												SIN INFORMACIÓN
2012	50208	Pina de Ebro	6,0	2,0	4,0	2747,0	610,0	2137,0	2,0	2,0	0,0	0,0	0,0	COMPLETA
2012	50209	Pinseque	2,0	2,0	0,0	361,0	361,0	0,0	2,0	5,0	0,0	2,0	1,0	COMPLETA
2012	50210	Pintanos (Los)												SIN INFORMACIÓN
2012	50211	Plasencia de Jalón	1,0	1,0	0,0	137,0	137,0	0,0	1,0	1,0	0,0	0,0	0,0	COMPLETA
2012	50212	Pleitas												SIN INFORMACIÓN
2012	50213	Plenas												SIN INFORMACIÓN
2012	50214	Pomer												SIN INFORMACIÓN
2012	50215	Pozuel de Ariza												SIN INFORMACIÓN
2012	50216	Pozuelo de Aragón												SIN INFORMACIÓN
2012	50217	Pradilla de Ebro												SIN INFORMACIÓN
2012	50218	Puebla de Albortón	2,0		2,0	2500,0		2500,0						INCOMPLETA
2012	50219	Puebla de Alfindén (La)	0,0	0,0	0,0	0,0	0,0	0,0	0,0	3,0	0,0	1,0	0,0	COMPLETA
2012	50220	Puendeluna												SIN INFORMACIÓN
2012	50221	Purujosa												SIN INFORMACIÓN
2012	50222	Quinto	4,0	4,0	0,0	905,0	905,0	0,0	4,0	0,0	0,0	1,0	1,0	COMPLETA
2012	50223	Remolinos	0,0	0,0	0,0	0,0	0,0	0,0	0,0	0,0	0,0	0,0	0,0	COMPLETA
2012	50224	Retascón												SIN INFORMACIÓN
2012	50225	Ricla	4,0	3,0	1,0	3192,0	725,0	2467,0	3,0	1,0	0,0	0,0	0,0	COMPLETA
2012	50227	Romanos												SIN INFORMACIÓN
2012	50228	Rueda de Jalón	0,0	0,0	0,0	0,0	0,0	0,0	0,0	0,0	0,0	1,0	1,0	COMPLETA
2012	50229	Ruesca												SIN INFORMACIÓN
2012	50230	Sádaba	3,0	2,0	1,0	1166,0	496,0	670,0	2,0	1,0	0,0	3,0	1,0	COMPLETA
2012	50231	Salillas de Jalón	0,0	0,0	0,0	0,0	0,0	0,0	0,0	1,0	0,0	0,0	0,0	COMPLETA
2012	50232	Salvatierra de Esca												SIN INFORMACIÓN
2012	50233	Samper del Salz												SIN INFORMACIÓN
2012	50234	San Martín de la Virgen de Moncayo	1,0	1,0	0,0	184,0	184,0	0,0	1,0	2,0	0,0	0,0	0,0	COMPLETA
2012	50235	San Mateo de Gállego	6,0	4,0	2,0	991,0	762,0	229,0	4,0	2,0	2,0	0,0	0,0	COMPLETA
2012	50236	Santa Cruz de Grío												SIN INFORMACIÓN
2012	50237	Santa Cruz de Moncayo												SIN INFORMACIÓN
2012	50238	Santa Eulalia de Gállego												SIN INFORMACIÓN
2012	50239	Santed												SIN INFORMACIÓN
2012	50240	Sástago	1,0	1,0		323,0	323,0		1,0	1,0				INCOMPLETA
2012	50241	Saviñán	0,0	0,0	0,0	0,0	0,0	0,0	0,0	3,0	0,0	0,0	0,0	COMPLETA
2012	50242	Sediles												SIN INFORMACIÓN
2012	50243	Sestrica	3,0	0,0	3,0	198,0	0,0	198,0	0,0	0,0	0,0	0,0	0,0	COMPLETA
2012	50244	Sierra de Luna	1,0	0,0	1,0	172,0	0,0	172,0	0,0	0,0	0,0	0,0	0,0	COMPLETA
2012	50245	Sigüés	1,0	0,0	1,0	321,0	0,0	321,0	0,0	1,0	0,0	0,0	0,0	COMPLETA
2012	50246	Sisamón												SIN INFORMACIÓN
2012	50247	Sobradiel	0,0	0,0	0,0	0,0	0,0	0,0	0,0	2,0	0,0	0,0	0,0	COMPLETA
2012	50248	Sos del Rey Católico	1,0	0,0	1,0	1008,0	0,0	1008,0	0,0	0,0	0,0	0,0	0,0	COMPLETA
2012	50249	Tabuenca	2,0		2,0	399,0		399,0		3,0				INCOMPLETA
2012	50250	Talamantes												SIN INFORMACIÓN
2012	50251	Tarazona	1,0	1,0	0,0	80,0	80,0	0,0	1,0	7,0	4,0	2,0	3,0	COMPLETA
2012	50252	Tauste	5,0	5,0	0,0	1529,0	1529,0	0,0	5,0	1,0	0,0	16,0	7,0	COMPLETA
2012	50253	Terrer												SIN INFORMACIÓN
2012	50254	Tierga	0,0	0,0	0,0	0,0	0,0	0,0	0,0	1,0	0,0	0,0	0,0	COMPLETA
2012	50255	Tobed												SIN INFORMACIÓN
2012	50256	Torralba de los Frailes												SIN INFORMACIÓN
2012	50257	Torralba de Ribota												SIN INFORMACIÓN
2012	50258	Torralbilla	1,0	1,0	0,0	131,0	131,0	0,0	1,0	0,0	0,0	0,0	0,0	COMPLETA
2012	50259	Torrehermosa												SIN INFORMACIÓN
2012	50260	Torrelapaja												SIN INFORMACIÓN
2012	50261	Torrellas												SIN INFORMACIÓN
2012	50262	Torres de Berrellén	0,0	0,0	0,0	0,0	0,0	0,0	0,0	2,0	0,0	1,0	1,0	COMPLETA
2012	50263	Torrijo de la Cañada	1,0	1,0	0,0	265,0	265,0	0,0	1,0	0,0	0,0	0,0	0,0	COMPLETA
2012	50264	Tosos												SIN INFORMACIÓN
2012	50265	Trasmoz												SIN INFORMACIÓN
2012	50266	Trasobares												SIN INFORMACIÓN
2012	50267	Uncastillo	1,0	1,0	0,0	144,0	144,0	0,0	1,0	2,0	1,0	1,0	1,0	COMPLETA
2012	50268	Undués de Lerda	1,0	0,0	1,0	1152,0	0,0	1152,0	0,0	0,0	0,0	0,0	0,0	COMPLETA
2012	50269	Urrea de Jalón	2,0	1,0	1,0	415,0	122,0	293,0	0,0	0,0	0,0	1,0	1,0	COMPLETA
2012	50270	Urriés												SIN INFORMACIÓN
2012	50271	Used												SIN INFORMACIÓN
2012	50272	Utebo	0,0	0,0	0,0	0,0	0,0	0,0	0,0	17,0	0,0	2,0	2,0	COMPLETA
2012	50273	Valdehorna												SIN INFORMACIÓN
2012	50274	Val de San Martín												SIN INFORMACIÓN
2012	50275	Valmadrid	1,0		1,0	3999,0		3999,0						INCOMPLETA
2012	50276	Valpalmas												SIN INFORMACIÓN
2012	50277	Valtorres												SIN INFORMACIÓN
2012	50278	Velilla de Ebro	1,0	0,0	1,0	44,0	0,0	44,0	0,0	0,0	0,0	1,0	0,0	COMPLETA
2012	50279	Velilla de Jiloca												SIN INFORMACIÓN
2012	50280	Vera de Moncayo	1,0	1,0	0,0	205,0	205,0	0,0	2,0	1,0	0,0	1,0	1,0	COMPLETA
2012	50281	Vierlas												SIN INFORMACIÓN
2012	50282	Vilueña (La)												SIN INFORMACIÓN
2012	50283	Villadoz												SIN INFORMACIÓN
2012	50284	Villafeliche												SIN INFORMACIÓN
2012	50285	Villafranca de Ebro	2,0	1,0	1,0	385,0	295,0	90,0	1,0	0,0	0,0	0,0	0,0	COMPLETA
2012	50286	Villalba de Perejil												SIN INFORMACIÓN
2012	50287	Villalengua	3,0	3,0	0,0	481,0	481,0	0,0	3,0	0,0	0,0	0,0	0,0	COMPLETA
2012	50288	Villanueva de Gállego	1,0	0,0	1,0	99,0	0,0	99,0	0,0	1,0	0,0	1,0	1,0	COMPLETA
2012	50289	Villanueva de Jiloca												SIN INFORMACIÓN
2012	50290	Villanueva de Huerva	2,0	1,0	1,0	273,0	188,0	85,0	2,0	0,0	0,0	0,0	0,0	COMPLETA
2012	50291	Villar de los Navarros												SIN INFORMACIÓN
2012	50292	Villarreal de Huerva	1,0	0,0	1,0	576,0	0,0	576,0	0,0	0,0	0,0	0,0	0,0	COMPLETA
2012	50293	Villarroya de la Sierra	13,0	0,0	13,0	2989,0	0,0	2989,0	0,0	0,0	0,0	0,0	0,0	COMPLETA
2012	50294	Villarroya del Campo												SIN INFORMACIÓN
2012	50295	Vistabella												SIN INFORMACIÓN
2012	50296	Zaida (La)	2,0	0,0	2,0	581,0	0,0	581,0	0,0	0,0	0,0	10,0	0,0	COMPLETA
2012	50297	Zaragoza	184,0	140,0	44,0	278826,0	172494,0	106332,0	915,0	689,0	51,0	83,0	138,0	COMPLETA
2012	50298	Zuera	3,0	2,0	1,0	609,0	504,0	105,0	2,0	3,0	0,0	3,0	3,0	COMPLETA
2012	50901	Biel												SIN INFORMACIÓN
2012	50902	Marracos												SIN INFORMACIÓN
2012	50903	Villamayor de Gállego	5,0	3,0	2,0	891,0	655,0	236,0	3,0	7,0	0,0	2,0	0,0	COMPLETA
2011	22001	Abiego	1,0	1,0	0,0	170,0	170,0	0,0	1,0	2,0	5,0	0,0	0,0	COMPLETA
2011	22002	Abizanda	0,0	0,0	0,0	0,0	0,0	0,0	0,0	2,0	0,0	0,0	0,0	COMPLETA
2011	22003	Adahuesca												SIN INFORMACIÓN
2011	22004	Agüero	2,0	1,0	1,0	112,0	67,0	45,0	1,0	1,0	0,0	1,0	0,0	COMPLETA
2011	22006	Aísa	0,0	0,0	0,0	0,0	0,0	0,0	0,0	2,0	1,0	0,0	0,0	COMPLETA
2011	22007	Albalate de Cinca	2,0	0,0	2,0	2764,0	0,0	2764,0	0,0	5,0	2,0	0,0	1,0	COMPLETA
2011	22008	Albalatillo												SIN INFORMACIÓN
2011	22009	Albelda	4,0	1,0	3,0	900,0	314,0	586,0	1,0	2,0	0,0	0,0	0,0	COMPLETA
2011	22011	Albero Alto	1,0	1,0		260,0	260,0		1,0	1,0	1,0			INCOMPLETA
2011	22012	Albero Bajo												SIN INFORMACIÓN
2011	22013	Alberuela de Tubo	1,0	1,0	0,0	228,0	228,0	0,0	1,0	0,0	0,0	0,0	0,0	COMPLETA
2011	22014	Alcalá de Gurrea	1,0	0,0	1,0	924,0	0,0	924,0	0,0	2,0	0,0	1,0	16,0	COMPLETA
2011	22015	Alcalá del Obispo	1,0	1,0		280,0	280,0		1,0					INCOMPLETA
2011	22016	Alcampell	0,0	0,0	0,0	0,0	0,0	0,0	0,0	1,0	0,0	0,0	0,0	COMPLETA
2011	22017	Alcolea de Cinca	0,0	0,0	0,0	0,0	0,0	0,0	0,0	2,0	0,0	0,0	0,0	COMPLETA
2011	22018	Alcubierre	1,0	1,0	0,0	153,0	153,0	0,0	1,0	0,0	0,0	2,0	2,0	COMPLETA
2011	22019	Alerre												SIN INFORMACIÓN
2011	22020	Alfántega												SIN INFORMACIÓN
2011	22021	Almudévar	6,0	1,0	5,0	4090,0	320,0	3770,0	1,0	2,0	0,0	4,0	4,0	COMPLETA
2011	22022	Almunia de San Juan	1,0	1,0	0,0	531,0	531,0	0,0	1,0	0,0	0,0	0,0	0,0	COMPLETA
2011	22023	Almuniente												SIN INFORMACIÓN
2011	22024	Alquézar	0,0	0,0	0,0	0,0	0,0	0,0	0,0	1,0	0,0	0,0	0,0	COMPLETA
2011	22025	Altorricón	3,0	3,0	0,0	659,0	659,0	0,0	3,0	0,0	0,0	0,0	0,0	COMPLETA
2011	22027	Angüés	1,0	1,0	0,0	141,0	141,0	0,0	1,0	0,0	0,0	1,0	0,0	COMPLETA
2011	22028	Ansó	0,0	0,0	0,0	0,0	0,0	0,0	0,0	3,0	0,0	0,0	0,0	COMPLETA
2011	22029	Antillón	1,0	0,0	1,0	400,0	0,0	400,0	0,0	0,0	0,0	0,0	0,0	COMPLETA
2011	22032	Aragüés del Puerto												SIN INFORMACIÓN
2011	22035	Arén	1,0	0,0	1,0	71,0	0,0	71,0	0,0	3,0	1,0	0,0	0,0	COMPLETA
2011	22036	Argavieso	1,0		1,0	150,0		150,0		1,0				INCOMPLETA
2011	22037	Arguis	0,0	0,0	0,0	0,0	0,0	0,0	0,0	1,0	0,0	0,0	0,0	COMPLETA
2011	22039	Ayerbe	2,0	2,0	0,0	690,0	690,0	0,0	2,0	7,0	1,0	0,0	0,0	COMPLETA
2011	22040	Azanuy-Alins	0,0	0,0	0,0	0,0	0,0	0,0	0,0	2,0	0,0	0,0	0,0	COMPLETA
2011	22041	Azara												SIN INFORMACIÓN
2011	22042	Azlor												SIN INFORMACIÓN
2011	22043	Baells	2,0	1,0	1,0	341,0	261,0	80,0	1,0	0,0	0,0	1,0	0,0	COMPLETA
2011	22044	Bailo	3,0	0,0	3,0	2264,0	0,0	2264,0	0,0	0,0	0,0	0,0	0,0	COMPLETA
2011	22045	Baldellou												SIN INFORMACIÓN
2011	22046	Ballobar	1,0	1,0	0,0	307,0	307,0	0,0	1,0	0,0	0,0	0,0	0,0	COMPLETA
2011	22047	Banastás												SIN INFORMACIÓN
2011	22048	Barbastro	10,0	5,0	5,0	7737,0	2326,0	5411,0	6,0	16,0	12,0	3,0	2,0	COMPLETA
2011	22049	Barbués												SIN INFORMACIÓN
2011	22050	Barbuñales												SIN INFORMACIÓN
2011	22051	Bárcabo												SIN INFORMACIÓN
2011	22052	Belver de Cinca	2,0	2,0	0,0	764,0	764,0	0,0	2,0	1,0	0,0	1,0	0,0	COMPLETA
2011	22053	Benabarre	2,0	2,0	0,0	568,0	568,0	0,0	2,0	9,0	0,0	0,0	0,0	COMPLETA
2011	22054	Benasque	0,0	0,0	0,0	0,0	0,0	0,0	0,0	3,0	0,0	0,0	0,0	COMPLETA
2011	22055	Berbegal	1,0	1,0	0,0	530,0	530,0	0,0	0,0	0,0	0,0	0,0	0,0	COMPLETA
2011	22057	Bielsa	1,0	1,0	0,0	177,0	177,0	0,0	0,0	3,0	1,0	0,0	0,0	COMPLETA
2011	22058	Bierge												SIN INFORMACIÓN
2011	22059	Biescas	5,0	3,0	2,0	462,0	352,0	110,0	3,0	1,0	1,0	0,0	0,0	COMPLETA
2011	22060	Binaced	8,0	2,0	6,0	3482,0	992,0	2490,0	2,0	4,0	0,0	1,0	1,0	COMPLETA
2011	22061	Binéfar	8,0	1,0	7,0	5214,0	604,0	4610,0	1,0	22,0	4,0	8,0	9,0	COMPLETA
2011	22062	Bisaurri	1,0	1,0	0,0	549,0	549,0	0,0	1,0	1,0	0,0	1,0	1,0	COMPLETA
2011	22063	Biscarrués	2,0	1,0	1,0	2225,0	120,0	2105,0	1,0	0,0	0,0	3,0	3,0	COMPLETA
2011	22064	Blecua y Torres	0,0	0,0	0,0	0,0	0,0	0,0	0,0	2,0	0,0	0,0	0,0	COMPLETA
2011	22066	Boltaña	4,0	1,0	3,0	1302,0	122,0	1180,0	1,0	4,0	0,0	0,0	0,0	COMPLETA
2011	22067	Bonansa												SIN INFORMACIÓN
2011	22068	Borau												SIN INFORMACIÓN
2011	22069	Broto												SIN INFORMACIÓN
2011	22072	Caldearenas	0,0	0,0	0,0	0,0	0,0	0,0	0,0	2,0	0,0	1,0	1,0	COMPLETA
2011	22074	Campo												SIN INFORMACIÓN
2011	22075	Camporrells	0,0	0,0	0,0	0,0	0,0	0,0	0,0	1,0	0,0	0,0	0,0	COMPLETA
2011	22076	Canal de Berdún	0,0	0,0	0,0	0,0	0,0	0,0	0,0	2,0	0,0	0,0	0,0	COMPLETA
2011	22077	Candasnos	2,0	2,0		545,0	545,0		2,0	1,0		3,0	2,0	INCOMPLETA
2011	22078	Canfranc												SIN INFORMACIÓN
2011	22079	Capdesaso	1,0	1,0	0,0	129,0	129,0	0,0	1,0	1,0	0,0	0,0	0,0	COMPLETA
2011	22080	Capella	3,0	0,0	3,0	378,0	0,0	378,0	0,0	4,0	0,0	0,0	0,0	COMPLETA
2011	22081	Casbas de Huesca	3,0	1,0	2,0	1631,0	201,0	1430,0	2,0	2,0	0,0	2,0	2,0	COMPLETA
2011	22082	Castejón del Puente												SIN INFORMACIÓN
2011	22083	Castejón de Monegros	2,0	1,0	1,0	261,0	121,0	140,0	1,0	3,0	0,0	3,0	2,0	COMPLETA
2011	22084	Castejón de Sos	1,0	1,0	0,0	379,0	379,0	0,0	1,0	2,0	1,0	1,0	0,0	COMPLETA
2011	22085	Castelflorite												SIN INFORMACIÓN
2011	22086	Castiello de Jaca	1,0	1,0	0,0	175,0	175,0	0,0	1,0	1,0	2,0	0,0	0,0	COMPLETA
2011	22087	Castigaleu												SIN INFORMACIÓN
2011	22088	Castillazuelo												SIN INFORMACIÓN
2011	22089	Castillonroy												SIN INFORMACIÓN
2011	22090	Colungo												SIN INFORMACIÓN
2011	22094	Chalamera												SIN INFORMACIÓN
2011	22095	Chía	0,0	0,0	0,0	0,0	0,0	0,0	0,0	0,0	0,0	1,0	0,0	COMPLETA
2011	22096	Chimillas												SIN INFORMACIÓN
2011	22099	Esplús	4,0	0,0	4,0	858,0	0,0	858,0	0,0	0,0	0,0	0,0	0,0	COMPLETA
2011	22102	Estada	1,0	0,0	1,0	100,0	0,0	100,0	0,0	0,0	0,0	0,0	0,0	COMPLETA
2011	22103	Estadilla	2,0	1,0	1,0	675,0	287,0	388,0	1,0	0,0	0,0	0,0	0,0	COMPLETA
2011	22105	Estopiñán del Castillo	1,0	0,0	1,0	292,0	0,0	292,0	0,0	2,0	1,0	0,0	0,0	COMPLETA
2011	22106	Fago	0,0	0,0	0,0	0,0	0,0	0,0	0,0	1,0	0,0	0,0	0,0	COMPLETA
2011	22107	Fanlo												SIN INFORMACIÓN
2011	22109	Fiscal	3,0	2,0	1,0	686,0	641,0	45,0	2,0	1,0	0,0	0,0	0,0	COMPLETA
2011	22110	Fonz	0,0	0,0	0,0	0,0	0,0	0,0	0,0	2,0	0,0	0,0	0,0	COMPLETA
2011	22111	Foradada del Toscar	0,0	0,0	0,0	0,0	0,0	0,0	0,0	2,0	0,0	0,0	0,0	COMPLETA
2011	22112	Fraga	12,0	5,0	7,0	3866,0	1499,0	2367,0	4,0	13,0	4,0	2,0	16,0	COMPLETA
2011	22113	Fueva (La)	3,0	0,0	3,0	673,0	0,0	673,0	0,0	6,0	3,0	0,0	0,0	COMPLETA
2011	22114	Gistaín	1,0	0,0	1,0	120,0	0,0	120,0	0,0	0,0	0,0	0,0	0,0	COMPLETA
2011	22115	Grado (El)												SIN INFORMACIÓN
2011	22116	Grañén	3,0	0,0	3,0	2188,0	0,0	2188,0	0,0	0,0	0,0	0,0	0,0	COMPLETA
2011	22117	Graus	12,0	6,0	6,0	3774,0	1944,0	1830,0	10,0	16,0	3,0	5,0	6,0	COMPLETA
2011	22119	Gurrea de Gállego	1,0	0,0	1,0	23,0	0,0	23,0	0,0	1,0	1,0	0,0	0,0	COMPLETA
2011	22122	Hoz de Jaca												SIN INFORMACIÓN
2011	22124	Huerto	1,0	1,0	0,0	223,0	223,0	0,0	1,0	1,0	0,0	1,0	0,0	COMPLETA
2011	22125	Huesca	7,0	0,0	7,0	3191,0	0,0	3191,0	0,0	6,0	0,0	1,0	2,0	COMPLETA
2011	22126	Ibieca												SIN INFORMACIÓN
2011	22127	Igriés	0,0	0,0	0,0	0,0	0,0	0,0	0,0	3,0	0,0	0,0	0,0	COMPLETA
2011	22128	Ilche												SIN INFORMACIÓN
2011	22129	Isábena	0,0	0,0	0,0	0,0	0,0	0,0	0,0	1,0	0,0	0,0	0,0	COMPLETA
2011	22130	Jaca	6,0	6,0	0,0	3646,0	3646,0	0,0	18,0	10,0	9,0	1,0	5,0	COMPLETA
2011	22131	Jasa	1,0	1,0	0,0	280,0	280,0	0,0	1,0	0,0	0,0	0,0	0,0	COMPLETA
2011	22133	Labuerda												SIN INFORMACIÓN
2011	22135	Laluenga												SIN INFORMACIÓN
2011	22136	Lalueza	1,0	1,0	0,0	104,0	104,0	0,0	1,0	1,0	0,0	0,0	0,0	COMPLETA
2011	22137	Lanaja	2,0	2,0	0,0	495,0	495,0	0,0	2,0	2,0	0,0	1,0	1,0	COMPLETA
2011	22139	Laperdiguera	2,0	0,0	2,0	455,0	0,0	455,0	0,0	0,0	0,0	0,0	0,0	COMPLETA
2011	22141	Lascellas-Ponzano												SIN INFORMACIÓN
2011	22142	Lascuarre	0,0	0,0	0,0	0,0	0,0	0,0	0,0	1,0	1,0	0,0	0,0	COMPLETA
2011	22143	Laspaúles	1,0	0,0	1,0	115,0	0,0	115,0	0,0	3,0	0,0	0,0	0,0	COMPLETA
2011	22144	Laspuña	2,0	2,0	0,0	446,0	446,0	0,0	2,0	1,0	0,0	0,0	0,0	COMPLETA
2011	22149	Loarre	0,0	0,0	0,0	0,0	0,0	0,0	0,0	2,0	1,0	0,0	0,0	COMPLETA
2011	22150	Loporzano												SIN INFORMACIÓN
2011	22151	Loscorrales	1,0	0,0	1,0	143,0	0,0	143,0	0,0	0,0	0,0	0,0	0,0	COMPLETA
2011	22155	Monesma y Cajigar												SIN INFORMACIÓN
2011	22156	Monflorite-Lascasas												SIN INFORMACIÓN
2011	22157	Montanuy	1,0	1,0	0,0	178,0	178,0	0,0	1,0	0,0	0,0	1,0	0,0	COMPLETA
2011	22158	Monzón	8,0	3,0	5,0	6169,0	1233,0	4936,0	3,0	8,0	0,0	3,0	3,0	COMPLETA
2011	22160	Naval												SIN INFORMACIÓN
2011	22162	Novales												SIN INFORMACIÓN
2011	22163	Nueno	2,0	1,0	1,0	958,0	286,0	672,0	1,0	1,0	2,0	1,0	0,0	COMPLETA
2011	22164	Olvena												SIN INFORMACIÓN
2011	22165	Ontiñena	2,0	2,0	0,0	529,0	529,0	0,0	2,0	1,0	0,0	0,0	0,0	COMPLETA
2011	22167	Osso de Cinca	2,0	0,0	2,0	4289,0	0,0	4289,0	0,0	0,0	0,0	0,0	0,0	COMPLETA
2011	22168	Palo	0,0	0,0	0,0	0,0	0,0	0,0	0,0	1,0	0,0	0,0	0,0	COMPLETA
2011	22170	Panticosa	3,0	3,0	0,0	1424,0	1424,0	0,0	10,0	3,0	3,0	2,0	2,0	COMPLETA
2011	22172	Peñalba	4,0	0,0	4,0	1045,0	0,0	1045,0	0,0	2,0	2,0	0,0	0,0	COMPLETA
2011	22173	Peñas de Riglos (Las)	2,0	1,0	1,0	307,0	210,0	97,0	1,0	5,0	2,0	0,0	0,0	COMPLETA
2011	22174	Peralta de Alcofea	5,0	2,0	3,0	908,0	413,0	495,0	2,0	2,0	1,0	1,0	1,0	COMPLETA
2011	22175	Peralta de Calasanz												SIN INFORMACIÓN
2011	22176	Peraltilla												SIN INFORMACIÓN
2011	22177	Perarrúa												SIN INFORMACIÓN
2011	22178	Pertusa	4,0		4,0	4657,0		4657,0						INCOMPLETA
2011	22181	Piracés												SIN INFORMACIÓN
2011	22182	Plan	0,0	0,0	0,0	0,0	0,0	0,0	0,0	1,0	0,0	0,0	0,0	COMPLETA
2011	22184	Poleñino	1,0	0,0	1,0	2340,0	0,0	2340,0	0,0	0,0	0,0	0,0	0,0	COMPLETA
2011	22186	Pozán de Vero												SIN INFORMACIÓN
2011	22187	Puebla de Castro (La)	7,0	0,0	7,0	9515,0	0,0	9515,0	0,0	0,0	0,0	0,0	0,0	COMPLETA
2011	22188	Puente de Montañana	0,0	0,0	0,0	0,0	0,0	0,0	0,0	3,0	0,0	0,0	0,0	COMPLETA
2011	22189	Puértolas												SIN INFORMACIÓN
2011	22190	Pueyo de Araguás (El)	4,0	4,0	0,0	1154,0	1154,0	0,0	4,0	2,0	2,0	0,0	0,0	COMPLETA
2011	22193	Pueyo de Santa Cruz												SIN INFORMACIÓN
2011	22195	Quicena												SIN INFORMACIÓN
2011	22197	Robres												SIN INFORMACIÓN
2011	22199	Sabiñánigo	5,0	5,0	0,0	1510,0	1510,0	0,0	5,0	6,0	4,0	1,0	0,0	COMPLETA
2011	22200	Sahún	2,0	2,0	0,0	467,0	467,0	0,0	2,0	2,0	0,0	0,0	0,0	COMPLETA
2011	22201	Salas Altas												SIN INFORMACIÓN
2011	22202	Salas Bajas												SIN INFORMACIÓN
2011	22203	Salillas	1,0	0,0	1,0	470,0	0,0	470,0	0,0	0,0	0,0	0,0	0,0	COMPLETA
2011	22204	Sallent de Gállego	2,0	2,0	0,0	342,0	342,0	0,0	2,0	2,0	2,0	2,0	2,0	COMPLETA
2011	22205	San Esteban de Litera	4,0	0,0	4,0	875,0	0,0	875,0	0,0	0,0	0,0	0,0	0,0	COMPLETA
2011	22206	Sangarrén												SIN INFORMACIÓN
2011	22207	San Juan de Plan	0,0	0,0	0,0	0,0	0,0	0,0	0,0	2,0	2,0	0,0	0,0	COMPLETA
2011	22208	Santa Cilia	2,0	1,0	1,0	2059,0	1915,0	144,0	14,0	0,0	0,0	0,0	0,0	COMPLETA
2011	22209	Santa Cruz de la Serós												SIN INFORMACIÓN
2011	22212	Santaliestra y San Quílez												SIN INFORMACIÓN
2011	22213	Sariñena	5,0	4,0	1,0	3048,0	1148,0	1900,0	4,0	4,0	0,0	0,0	0,0	COMPLETA
2011	22214	Secastilla												SIN INFORMACIÓN
2011	22215	Seira	0,0	0,0	0,0	0,0	0,0	0,0	0,0	1,0	5,0	0,0	1,0	COMPLETA
2011	22217	Sena	1,0	1,0	0,0	232,0	232,0	0,0	1,0	2,0	0,0	1,0	1,0	COMPLETA
2011	22218	Senés de Alcubierre												SIN INFORMACIÓN
2011	22220	Sesa	1,0	1,0	0,0	330,0	330,0	0,0	1,0	2,0	0,0	0,0	0,0	COMPLETA
2011	22221	Sesué	1,0	0,0	1,0	60,0	0,0	60,0	0,0	1,0	1,0	0,0	0,0	COMPLETA
2011	22222	Siétamo	2,0	0,0	2,0	2032,0	0,0	2032,0	0,0	1,0	0,0	0,0	0,0	COMPLETA
2011	22223	Sopeira												SIN INFORMACIÓN
2011	22225	Tamarite de Litera	5,0	4,0	1,0	1478,0	1439,0	39,0	4,0	1,0	0,0	0,0	0,0	COMPLETA
2011	22226	Tardienta	1,0	1,0	0,0	369,0	369,0	0,0	1,0	1,0	0,0	0,0	0,0	COMPLETA
2011	22227	Tella-Sin												SIN INFORMACIÓN
2011	22228	Tierz	3,0	2,0	1,0	2389,0	537,0	1852,0	2,0	1,0	1,0	0,0	0,0	COMPLETA
2011	22229	Tolva												SIN INFORMACIÓN
2011	22230	Torla-Ordesa	0,0	0,0	0,0	0,0	0,0	0,0	0,0	4,0	2,0	0,0	1,0	COMPLETA
2011	22232	Torralba de Aragón	1,0	1,0	0,0	99,0	99,0	0,0	1,0	0,0	0,0	0,0	0,0	COMPLETA
2011	22233	Torre la Ribera	0,0	0,0	0,0	0,0	0,0	0,0	0,0	1,0	0,0	0,0	0,0	COMPLETA
2011	22234	Torrente de Cinca	0,0	0,0	0,0	0,0	0,0	0,0	0,0	4,0	2,0	1,0	1,0	COMPLETA
2011	22235	Torres de Alcanadre												SIN INFORMACIÓN
2011	22236	Torres de Barbués												SIN INFORMACIÓN
2011	22239	Tramaced												SIN INFORMACIÓN
2011	22242	Valfarta												SIN INFORMACIÓN
2011	22243	Valle de Bardají												SIN INFORMACIÓN
2011	22244	Valle de Lierp												SIN INFORMACIÓN
2011	22245	Velilla de Cinca	4,0	0,0	4,0	917,0	0,0	917,0	0,0	4,0	0,0	0,0	0,0	COMPLETA
2011	22246	Beranuy												SIN INFORMACIÓN
2011	22247	Viacamp y Litera	0,0	0,0	0,0	0,0	0,0	0,0	0,0	1,0	0,0	0,0	0,0	COMPLETA
2011	22248	Vicién												SIN INFORMACIÓN
2011	22249	Villanova	1,0	1,0	0,0	101,0	101,0	0,0	1,0	0,0	0,0	0,0	0,0	COMPLETA
2011	22250	Villanúa	1,0	1,0	0,0	519,0	519,0	0,0	3,0	1,0	0,0	0,0	0,0	COMPLETA
2011	22251	Villanueva de Sigena	3,0	2,0	1,0	819,0	309,0	510,0	3,0	2,0	0,0	0,0	0,0	COMPLETA
2011	22252	Yebra de Basa	1,0	0,0	1,0	360,0	0,0	360,0	0,0	0,0	0,0	0,0	0,0	COMPLETA
2011	22253	Yésero	0,0	0,0	0,0	0,0	0,0	0,0	0,0	2,0	1,0	0,0	0,0	COMPLETA
2011	22254	Zaidín	2,0	0,0	2,0	1680,0	0,0	1680,0	0,0	1,0	0,0	0,0	0,0	COMPLETA
2011	22901	Valle de Hecho	4,0	3,0	1,0	907,0	842,0	65,0	3,0	7,0	3,0	1,0	0,0	COMPLETA
2011	22902	Puente la Reina de Jaca	1,0	1,0	0,0	665,0	665,0	0,0	7,0	0,0	0,0	0,0	0,0	COMPLETA
2011	22903	San Miguel del Cinca	4,0	0,0	4,0	3528,0	0,0	3528,0	0,0	2,0	0,0	0,0	0,0	COMPLETA
2011	22904	Sotonera (La)	3,0	3,0	0,0	607,0	607,0	0,0	3,0	0,0	0,0	1,0	0,0	COMPLETA
2011	22905	Lupiñén-Ortilla	1,0	1,0	0,0	118,0	118,0	0,0	1,0	1,0	0,0	0,0	0,0	COMPLETA
2011	22906	Santa María de Dulcis												SIN INFORMACIÓN
2011	22907	Aínsa-Sobrarbe	1,0	0,0	1,0	45,0	0,0	45,0	0,0	8,0	13,0	0,0	1,0	COMPLETA
2011	22908	Hoz y Costeán												SIN INFORMACIÓN
2011	22909	Vencillón												SIN INFORMACIÓN
2011	44001	Ababuj												SIN INFORMACIÓN
2011	44002	Abejuela	0,0	0,0	0,0	0,0	0,0	0,0	0,0	1,0	0,0	0,0	0,0	COMPLETA
2011	44003	Aguatón												SIN INFORMACIÓN
2011	44004	Aguaviva	5,0	4,0	1,0	3194,0	1130,0	2064,0	4,0	1,0	0,0	0,0	0,0	COMPLETA
2011	44005	Aguilar del Alfambra												SIN INFORMACIÓN
2011	44006	Alacón												SIN INFORMACIÓN
2011	44007	Alba												SIN INFORMACIÓN
2011	44008	Albalate del Arzobispo	9,0	3,0	6,0	15423,0	1874,0	13549,0	8,0	5,0	3,0	0,0	0,0	COMPLETA
2011	44009	Albarracín								1,0				INCOMPLETA
2011	44010	Albentosa	4,0	4,0	0,0	1819,0	1819,0	0,0	7,0	0,0	0,0	0,0	0,0	COMPLETA
2011	44011	Alcaine												SIN INFORMACIÓN
2011	44012	Alcalá de la Selva	3,0	3,0	0,0	581,0	581,0	0,0	4,0	2,0	2,0	1,0	1,0	COMPLETA
2011	44013	Alcañiz	20,0	7,0	13,0	3909,0	1790,0	2119,0	9,0	28,0	34,0	6,0	20,0	COMPLETA
2011	44014	Alcorisa	10,0	5,0	5,0	3208,0	1310,0	1898,0	5,0	3,0	0,0	2,0	2,0	COMPLETA
2011	44016	Alfambra	1,0	1,0	0,0	277,0	277,0	0,0	1,0	1,0	0,0	0,0	0,0	COMPLETA
2011	44017	Aliaga	1,0	1,0	0,0	209,0	209,0	0,0	1,0	0,0	0,0	1,0	0,0	COMPLETA
2011	44018	Almohaja												SIN INFORMACIÓN
2011	44019	Alobras												SIN INFORMACIÓN
2011	44020	Alpeñés												SIN INFORMACIÓN
2011	44021	Allepuz												SIN INFORMACIÓN
2011	44022	Alloza	2,0	2,0	0,0	420,0	420,0	0,0	2,0	4,0	1,0	0,0	0,0	COMPLETA
2011	44023	Allueva												SIN INFORMACIÓN
2011	44024	Anadón												SIN INFORMACIÓN
2011	44025	Andorra	9,0	3,0	6,0	5483,0	740,0	4743,0	3,0	3,0	0,0	2,0	2,0	COMPLETA
2011	44026	Arcos de las Salinas	2,0	2,0	0,0	408,0	408,0	0,0	2,0	0,0	0,0	0,0	0,0	COMPLETA
2011	44027	Arens de Lledó	5,0	3,0	2,0	574,0	383,0	191,0	3,0					INCOMPLETA
2011	44028	Argente												SIN INFORMACIÓN
2011	44029	Ariño	1,0		1,0	56,0		56,0		3,0				INCOMPLETA
2011	44031	Azaila												SIN INFORMACIÓN
2011	44032	Bádenas												SIN INFORMACIÓN
2011	44033	Báguena	0,0	0,0	0,0	0,0	0,0	0,0	0,0	1,0	0,0	0,0	0,0	COMPLETA
2011	44034	Bañón												SIN INFORMACIÓN
2011	44035	Barrachina												SIN INFORMACIÓN
2011	44036	Bea												SIN INFORMACIÓN
2011	44037	Beceite	1,0	0,0	1,0	78,0	0,0	78,0	0,0	1,0	0,0	0,0	0,0	COMPLETA
2011	44038	Belmonte de San José	1,0	0,0	1,0	73,0	0,0	73,0	0,0	0,0	0,0	0,0	0,0	COMPLETA
2011	44039	Bello	0,0	0,0	0,0	0,0	0,0	0,0	0,0	1,0	0,0	0,0	0,0	COMPLETA
2011	44040	Berge	0,0	0,0	0,0	0,0	0,0	0,0	0,0	1,0	0,0	0,0	0,0	COMPLETA
2011	44041	Bezas												SIN INFORMACIÓN
2011	44042	Blancas								2,0				INCOMPLETA
2011	44043	Blesa												SIN INFORMACIÓN
2011	44044	Bordón												SIN INFORMACIÓN
2011	44045	Bronchales	1,0	1,0	0,0	195,0	195,0	0,0	1,0	0,0	0,0	0,0	0,0	COMPLETA
2011	44046	Bueña												SIN INFORMACIÓN
2011	44047	Burbáguena												SIN INFORMACIÓN
2011	44048	Cabra de Mora	3,0	1,0	2,0	605,0	198,0	407,0	1,0					INCOMPLETA
2011	44049	Calaceite	5,0	2,0	3,0	774,0	215,0	559,0	2,0	8,0	7,0	0,0	1,0	COMPLETA
2011	44050	Calamocha	9,0	5,0	4,0	4578,0	1269,0	3309,0	5,0	10,0	1,0	0,0	0,0	COMPLETA
2011	44051	Calanda	5,0	3,0	2,0	2211,0	1476,0	735,0	7,0	3,0	0,0	2,0	1,0	COMPLETA
2011	44052	Calomarde												SIN INFORMACIÓN
2011	44053	Camañas												SIN INFORMACIÓN
2011	44054	Camarena de la Sierra												SIN INFORMACIÓN
2011	44055	Camarillas												SIN INFORMACIÓN
2011	44056	Caminreal												SIN INFORMACIÓN
2011	44059	Cantavieja	0,0	0,0	0,0	0,0	0,0	0,0	0,0	3,0	0,0	0,0	0,0	COMPLETA
2011	44060	Cañada de Benatanduz												SIN INFORMACIÓN
2011	44061	Cañada de Verich (La)												SIN INFORMACIÓN
2011	44062	Cañada Vellida												SIN INFORMACIÓN
2011	44063	Cañizar del Olivar	1,0	0,0	1,0	20,0	0,0	20,0	0,0	2,0	0,0	0,0	0,0	COMPLETA
2011	44064	Cascante del Río												SIN INFORMACIÓN
2011	44065	Castejón de Tornos												SIN INFORMACIÓN
2011	44066	Castel de Cabra												SIN INFORMACIÓN
2011	44067	Castelnou												SIN INFORMACIÓN
2011	44068	Castelserás	2,0	2,0	0,0	534,0	534,0	0,0	2,0	0,0	0,0	0,0	0,0	COMPLETA
2011	44070	Castellar (El)								1,0				INCOMPLETA
2011	44071	Castellote	0,0	0,0	0,0	0,0	0,0	0,0	0,0	2,0	0,0	0,0	0,0	COMPLETA
2011	44074	Cedrillas												SIN INFORMACIÓN
2011	44075	Celadas												SIN INFORMACIÓN
2011	44076	Cella	5,0	3,0	2,0	3166,0	869,0	2297,0	3,0	4,0	2,0	0,0	0,0	COMPLETA
2011	44077	Cerollera (La)	1,0	1,0		1643,0	1643,0		9,0					INCOMPLETA
2011	44080	Codoñera (La)												SIN INFORMACIÓN
2011	44082	Corbalán	0,0	0,0	0,0	0,0	0,0	0,0	0,0	1,0	0,0	0,0	0,0	COMPLETA
2011	44084	Cortes de Aragón												SIN INFORMACIÓN
2011	44085	Cosa												SIN INFORMACIÓN
2011	44086	Cretas	3,0	2,0	1,0	286,0	255,0	31,0	2,0	1,0	1,0	0,0	0,0	COMPLETA
2011	44087	Crivillén												SIN INFORMACIÓN
2011	44088	Cuba (La)	0,0	0,0	0,0	0,0	0,0	0,0	0,0	2,0	0,0	0,0	0,0	COMPLETA
2011	44089	Cubla												SIN INFORMACIÓN
2011	44090	Cucalón												SIN INFORMACIÓN
2011	44092	Cuervo (El)												SIN INFORMACIÓN
2011	44093	Cuevas de Almudén												SIN INFORMACIÓN
2011	44094	Cuevas Labradas												SIN INFORMACIÓN
2011	44096	Ejulve	0,0	0,0	0,0	0,0	0,0	0,0	0,0	2,0	2,0	0,0	0,0	COMPLETA
2011	44097	Escorihuela	1,0	1,0	0,0	262,0	262,0	0,0	1,0	1,0	0,0	0,0	0,0	COMPLETA
2011	44099	Escucha												SIN INFORMACIÓN
2011	44100	Estercuel	2,0	0,0	2,0	143,0	0,0	143,0	0,0	0,0	0,0	1,0	0,0	COMPLETA
2011	44101	Ferreruela de Huerva												SIN INFORMACIÓN
2011	44102	Fonfría												SIN INFORMACIÓN
2011	44103	Formiche Alto												SIN INFORMACIÓN
2011	44105	Fórnoles												SIN INFORMACIÓN
2011	44106	Fortanete	2,0	2,0	0,0	340,0	340,0	0,0	2,0	3,0	0,0	3,0	2,0	COMPLETA
2011	44107	Foz-Calanda												SIN INFORMACIÓN
2011	44108	Fresneda (La)												SIN INFORMACIÓN
2011	44109	Frías de Albarracín												SIN INFORMACIÓN
2011	44110	Fuenferrada												SIN INFORMACIÓN
2011	44111	Fuentes Calientes												SIN INFORMACIÓN
2011	44112	Fuentes Claras	0,0	0,0	0,0	0,0	0,0	0,0	0,0	2,0	0,0	0,0	0,0	COMPLETA
2011	44113	Fuentes de Rubielos	3,0	3,0	0,0	678,0	678,0	0,0	3,0	1,0	0,0	0,0	0,0	COMPLETA
2011	44114	Fuentespalda	2,0	1,0	1,0	255,0	115,0	140,0	1,0	2,0	0,0	0,0	0,0	COMPLETA
2011	44115	Galve												SIN INFORMACIÓN
2011	44116	Gargallo	0,0	0,0	0,0	0,0	0,0	0,0	0,0	1,0	0,0	0,0	0,0	COMPLETA
2011	44117	Gea de Albarracín	0,0	0,0	0,0	0,0	0,0	0,0	0,0	2,0	0,0	0,0	0,0	COMPLETA
2011	44118	Ginebrosa (La)												SIN INFORMACIÓN
2011	44119	Griegos												SIN INFORMACIÓN
2011	44120	Guadalaviar												SIN INFORMACIÓN
2011	44121	Gúdar	1,0	1,0	0,0	317,0	317,0	0,0	1,0	0,0	0,0	0,0	0,0	COMPLETA
2011	44122	Híjar	2,0	1,0	1,0	1127,0	1077,0	50,0	4,0	5,0	2,0	1,0	1,0	COMPLETA
2011	44123	Hinojosa de Jarque	0,0	0,0	0,0	0,0	0,0	0,0	0,0	0,0	0,0	1,0	1,0	COMPLETA
2011	44124	Hoz de la Vieja (La)												SIN INFORMACIÓN
2011	44125	Huesa del Común												SIN INFORMACIÓN
2011	44126	Iglesuela del Cid (La)	1,0	1,0	0,0	141,0	141,0	0,0	1,0	3,0	0,0	0,0	0,0	COMPLETA
2011	44127	Jabaloyas												SIN INFORMACIÓN
2011	44128	Jarque de la Val												SIN INFORMACIÓN
2011	44129	Jatiel												SIN INFORMACIÓN
2011	44130	Jorcas												SIN INFORMACIÓN
2011	44131	Josa												SIN INFORMACIÓN
2011	44132	Lagueruela												SIN INFORMACIÓN
2011	44133	Lanzuela												SIN INFORMACIÓN
2011	44135	Libros												SIN INFORMACIÓN
2011	44136	Lidón												SIN INFORMACIÓN
2011	44137	Linares de Mora	1,0	1,0		280,0	280,0		1,0	1,0				INCOMPLETA
2011	44138	Loscos	1,0		1,0	576,0		576,0						INCOMPLETA
2011	44141	Lledó												SIN INFORMACIÓN
2011	44142	Maicas												SIN INFORMACIÓN
2011	44143	Manzanera	6,0	5,0	1,0	1332,0	1266,0	66,0	8,0	4,0	1,0	3,0	3,0	COMPLETA
2011	44144	Martín del Río	1,0	1,0	0,0	314,0	314,0	0,0	1,0	0,0	0,0	0,0	0,0	COMPLETA
2011	44145	Mas de las Matas	2,0	1,0	1,0	501,0	233,0	268,0	1,0	6,0	3,0	0,0	0,0	COMPLETA
2011	44146	Mata de los Olmos (La)	2,0	0,0	2,0	434,0	0,0	434,0	0,0	0,0	0,0	0,0	0,0	COMPLETA
2011	44147	Mazaleón	1,0	0,0	1,0	3383,0	0,0	3383,0	0,0	0,0	0,0	0,0	0,0	COMPLETA
2011	44148	Mezquita de Jarque												SIN INFORMACIÓN
2011	44149	Mirambel												SIN INFORMACIÓN
2011	44150	Miravete de la Sierra												SIN INFORMACIÓN
2011	44151	Molinos	2,0	2,0	0,0	811,0	811,0	0,0	4,0	5,0	2,0	0,0	1,0	COMPLETA
2011	44152	Monforte de Moyuela												SIN INFORMACIÓN
2011	44153	Monreal del Campo	5,0	4,0	1,0	3001,0	1096,0	1905,0	4,0	2,0	0,0	7,0	1,0	COMPLETA
2011	44154	Monroyo	1,0	0,0	1,0	124,0	0,0	124,0	0,0	0,0	0,0	0,0	0,0	COMPLETA
2011	44155	Montalbán	0,0	0,0	0,0	0,0	0,0	0,0	0,0	4,0	0,0	0,0	0,0	COMPLETA
2011	44156	Monteagudo del Castillo												SIN INFORMACIÓN
2011	44157	Monterde de Albarracín												SIN INFORMACIÓN
2011	44158	Mora de Rubielos	3,0	2,0	1,0	606,0	533,0	73,0	2,0	3,0	0,0	0,0	0,0	COMPLETA
2011	44159	Moscardón												SIN INFORMACIÓN
2011	44160	Mosqueruela	4,0	3,0	1,0	1177,0	727,0	450,0	3,0	0,0	0,0	1,0	1,0	COMPLETA
2011	44161	Muniesa												SIN INFORMACIÓN
2011	44163	Noguera de Albarracín	1,0	1,0	0,0	433,0	433,0	0,0	2,0	0,0	0,0	0,0	0,0	COMPLETA
2011	44164	Nogueras												SIN INFORMACIÓN
2011	44165	Nogueruelas												SIN INFORMACIÓN
2011	44167	Obón												SIN INFORMACIÓN
2011	44168	Odón												SIN INFORMACIÓN
2011	44169	Ojos Negros	1,0	1,0	0,0	460,0	460,0	0,0	1,0	2,0	0,0	0,0	0,0	COMPLETA
2011	44171	Olba	2,0	2,0	0,0	463,0	463,0	0,0	2,0	3,0	0,0	0,0	0,0	COMPLETA
2011	44172	Oliete												SIN INFORMACIÓN
2011	44173	Olmos (Los)												SIN INFORMACIÓN
2011	44174	Orihuela del Tremedal	1,0	1,0	0,0	254,0	254,0	0,0	3,0	4,0	0,0	0,0	0,0	COMPLETA
2011	44175	Orrios												SIN INFORMACIÓN
2011	44176	Palomar de Arroyos												SIN INFORMACIÓN
2011	44177	Pancrudo												SIN INFORMACIÓN
2011	44178	Parras de Castellote (Las)												SIN INFORMACIÓN
2011	44179	Peñarroya de Tastavins	0,0	0,0	0,0	0,0	0,0	0,0	0,0	2,0	0,0	0,0	0,0	COMPLETA
2011	44180	Peracense												SIN INFORMACIÓN
2011	44181	Peralejos	1,0	1,0	0,0	376,0	376,0	0,0	1,0	0,0	0,0	0,0	0,0	COMPLETA
2011	44182	Perales del Alfambra												SIN INFORMACIÓN
2011	44183	Pitarque												SIN INFORMACIÓN
2011	44184	Plou												SIN INFORMACIÓN
2011	44185	Pobo (El)	0,0	0,0	0,0	0,0	0,0	0,0	0,0	1,0	0,0	0,0	0,0	COMPLETA
2011	44187	Portellada (La)												SIN INFORMACIÓN
2011	44189	Pozondón	0,0	0,0	0,0	0,0	0,0	0,0	0,0	1,0	0,0	0,0	0,0	COMPLETA
2011	44190	Pozuel del Campo	1,0	0,0	1,0	79,0	0,0	79,0	0,0	1,0	0,0	0,0	0,0	COMPLETA
2011	44191	Puebla de Híjar (La)	2,0	2,0	0,0	427,0	427,0	0,0	2,0	1,0	0,0	0,0	0,0	COMPLETA
2011	44192	Puebla de Valverde (La)	0,0	0,0	0,0	0,0	0,0	0,0	0,0	2,0	0,0	0,0	0,0	COMPLETA
2011	44193	Puertomingalvo	3,0	3,0	0,0	657,0	657,0	0,0	3,0	0,0	0,0	3,0	3,0	COMPLETA
2011	44194	Ráfales												SIN INFORMACIÓN
2011	44195	Rillo												SIN INFORMACIÓN
2011	44196	Riodeva												SIN INFORMACIÓN
2011	44197	Ródenas	0,0	0,0	0,0	0,0	0,0	0,0	0,0	1,0	0,0	0,0	0,0	COMPLETA
2011	44198	Royuela												SIN INFORMACIÓN
2011	44199	Rubiales	3,0	2,0	1,0	441,0	381,0	60,0	2,0	0,0	0,0	0,0	0,0	COMPLETA
2011	44200	Rubielos de la Cérida												SIN INFORMACIÓN
2011	44201	Rubielos de Mora	1,0	1,0	0,0	183,0	183,0	0,0	1,0	7,0	2,0	1,0	1,0	COMPLETA
2011	44203	Salcedillo												SIN INFORMACIÓN
2011	44204	Saldón	1,0	0,0	1,0	72,0	0,0	72,0	0,0	1,0	0,0	0,0	0,0	COMPLETA
2011	44205	Samper de Calanda	0,0	0,0	0,0	0,0	0,0	0,0	0,0	3,0	1,0	0,0	0,0	COMPLETA
2011	44206	San Agustín												SIN INFORMACIÓN
2011	44207	San Martín del Río	1,0	1,0	0,0	193,0	193,0	0,0	1,0	1,0	0,0	0,0	0,0	COMPLETA
2011	44208	Santa Cruz de Nogueras	0,0	0,0	0,0	0,0	0,0	0,0	0,0	1,0	1,0	0,0	0,0	COMPLETA
2011	44209	Santa Eulalia	6,0	4,0	2,0	960,0	719,0	241,0	4,0	3,0	2,0	4,0	3,0	COMPLETA
2011	44210	Sarrión	9,0	6,0	3,0	2248,0	1536,0	712,0	6,0	8,0	1,0	1,0	0,0	COMPLETA
2011	44211	Segura de los Baños												SIN INFORMACIÓN
2011	44212	Seno	1,0	0,0	1,0	40,0	0,0	40,0	0,0	0,0	0,0	0,0	0,0	COMPLETA
2011	44213	Singra												SIN INFORMACIÓN
2011	44215	Terriente												SIN INFORMACIÓN
2011	44216	Teruel	7,0	7,0	0,0	15461,0	15461,0	0,0	83,0	8,0	1,0	6,0	12,0	COMPLETA
2011	44217	Toril y Masegoso												SIN INFORMACIÓN
2011	44218	Tormón												SIN INFORMACIÓN
2011	44219	Tornos												SIN INFORMACIÓN
2011	44220	Torralba de los Sisones												SIN INFORMACIÓN
2011	44221	Torrecilla de Alcañiz	1,0	1,0		315,0	315,0		1,0	1,0				INCOMPLETA
2011	44222	Torrecilla del Rebollar												SIN INFORMACIÓN
2011	44223	Torre de Arcas												SIN INFORMACIÓN
2011	44224	Torre de las Arcas												SIN INFORMACIÓN
2011	44225	Torre del Compte	1,0	1,0	0,0	292,0	292,0	0,0	1,0	0,0	0,0	0,0	0,0	COMPLETA
2011	44226	Torrelacárcel	2,0	2,0	0,0	543,0	543,0	0,0	2,0	0,0	0,0	0,0	0,0	COMPLETA
2011	44227	Torre los Negros												SIN INFORMACIÓN
2011	44228	Torremocha de Jiloca												SIN INFORMACIÓN
2011	44229	Torres de Albarracín												SIN INFORMACIÓN
2011	44230	Torrevelilla												SIN INFORMACIÓN
2011	44231	Torrijas	1,0	0,0	1,0	98,0	0,0	98,0	0,0	0,0	0,0	1,0	1,0	COMPLETA
2011	44232	Torrijo del Campo	2,0	2,0	0,0	547,0	547,0	0,0	2,0	4,0	0,0	0,0	0,0	COMPLETA
2011	44234	Tramacastiel	0,0	0,0	0,0	0,0	0,0	0,0	0,0	1,0	1,0	0,0	0,0	COMPLETA
2011	44235	Tramacastilla												SIN INFORMACIÓN
2011	44236	Tronchón	0,0	0,0	0,0	0,0	0,0	0,0	0,0	1,0	0,0	0,0	0,0	COMPLETA
2011	44237	Urrea de Gaén	2,0	1,0	1,0	767,0	502,0	265,0	5,0	1,0	0,0	0,0	0,0	COMPLETA
2011	44238	Utrillas	0,0	0,0	0,0	0,0	0,0	0,0	0,0	3,0	0,0	0,0	0,0	COMPLETA
2011	44239	Valacloche												SIN INFORMACIÓN
2011	44240	Valbona												SIN INFORMACIÓN
2011	44241	Valdealgorfa	4,0	4,0		846,0	846,0		4,0	1,0		1,0		INCOMPLETA
2011	44243	Valdecuenca												SIN INFORMACIÓN
2011	44244	Valdelinares								1,0				INCOMPLETA
2011	44245	Valdeltormo	0,0	0,0	0,0	0,0	0,0	0,0	0,0	2,0	1,0	0,0	0,0	COMPLETA
2011	44246	Valderrobres	6,0	2,0	4,0	4943,0	4146,0	797,0	18,0	6,0	1,0	0,0	0,0	COMPLETA
2011	44247	Valjunquera	1,0	1,0	0,0	412,0	412,0	0,0	1,0	4,0	2,0	0,0	1,0	COMPLETA
2011	44249	Vallecillo (El)												SIN INFORMACIÓN
2011	44250	Veguillas de la Sierra												SIN INFORMACIÓN
2011	44251	Villafranca del Campo	3,0	2,0	1,0	503,0	334,0	169,0	2,0	0,0	0,0	0,0	0,0	COMPLETA
2011	44252	Villahermosa del Campo												SIN INFORMACIÓN
2011	44256	Villanueva del Rebollar de la Sierra												SIN INFORMACIÓN
2011	44257	Villar del Cobo	1,0	1,0	0,0	366,0	366,0	0,0	2,0	1,0	0,0	0,0	0,0	COMPLETA
2011	44258	Villar del Salz												SIN INFORMACIÓN
2011	44260	Villarluengo												SIN INFORMACIÓN
2011	44261	Villarquemado	1,0	1,0	0,0	403,0	403,0	0,0	1,0	0,0	0,0	1,0	0,0	COMPLETA
2011	44262	Villarroya de los Pinares												SIN INFORMACIÓN
2011	44263	Villastar	3,0	0,0	3,0	208,0	0,0	208,0	0,0	1,0	0,0	0,0	0,0	COMPLETA
2011	44264	Villel												SIN INFORMACIÓN
2011	44265	Vinaceite												SIN INFORMACIÓN
2011	44266	Visiedo												SIN INFORMACIÓN
2011	44267	Vivel del Río Martín												SIN INFORMACIÓN
2011	44268	Zoma (La)												SIN INFORMACIÓN
2011	50001	Abanto												SIN INFORMACIÓN
2011	50002	Acered												SIN INFORMACIÓN
2011	50003	Agón												SIN INFORMACIÓN
2011	50004	Aguarón	0,0	0,0	0,0	0,0	0,0	0,0	0,0	1,0	0,0	0,0	0,0	COMPLETA
2011	50005	Aguilón												SIN INFORMACIÓN
2011	50006	Ainzón	0,0	0,0	0,0	0,0	0,0	0,0	0,0	1,0	0,0	0,0	0,0	COMPLETA
2011	50007	Aladrén												SIN INFORMACIÓN
2011	50008	Alagón	7,0	6,0	1,0	1298,0	1246,0	52,0	6,0	6,0	1,0	6,0	6,0	COMPLETA
2011	50009	Alarba												SIN INFORMACIÓN
2011	50010	Alberite de San Juan												SIN INFORMACIÓN
2011	50011	Albeta												SIN INFORMACIÓN
2011	50012	Alborge												SIN INFORMACIÓN
2011	50013	Alcalá de Ebro	2,0	0,0	2,0	140,0	0,0	140,0	0,0	2,0	0,0	0,0	0,0	COMPLETA
2011	50014	Alcalá de Moncayo	1,0	1,0	0,0	302,0	302,0	0,0	2,0	0,0	0,0	0,0	0,0	COMPLETA
2011	50015	Alconchel de Ariza												SIN INFORMACIÓN
2011	50016	Aldehuela de Liestos												SIN INFORMACIÓN
2011	50017	Alfajarín	4,0	4,0	0,0	936,0	936,0	0,0	4,0	0,0	0,0	0,0	0,0	COMPLETA
2011	50018	Alfamén	1,0	1,0	0,0	360,0	360,0	0,0	1,0	6,0	0,0	0,0	0,0	COMPLETA
2011	50019	Alforque												SIN INFORMACIÓN
2011	50020	Alhama de Aragón	1,0	1,0	0,0	160,0	160,0	0,0	1,0	0,0	0,0	1,0	0,0	COMPLETA
2011	50021	Almochuel												SIN INFORMACIÓN
2011	50022	Almolda (La)	0,0	0,0	0,0	0,0	0,0	0,0	0,0	1,0	0,0	0,0	0,0	COMPLETA
2011	50023	Almonacid de la Cuba												SIN INFORMACIÓN
2011	50024	Almonacid de la Sierra	0,0	0,0	0,0	0,0	0,0	0,0	0,0	1,0	0,0	0,0	0,0	COMPLETA
2011	50025	Almunia de Doña Godina (La)	16,0	10,0	6,0	10772,0	8574,0	2198,0	39,0	7,0	3,0	3,0	3,0	COMPLETA
2011	50026	Alpartir	1,0	0,0	1,0	54,0	0,0	54,0	0,0	2,0	0,0	2,0	0,0	COMPLETA
2011	50027	Ambel	1,0	0,0	1,0	604,0	0,0	604,0	0,0	0,0	0,0	0,0	0,0	COMPLETA
2011	50028	Anento												SIN INFORMACIÓN
2011	50029	Aniñón	0,0	0,0	0,0	0,0	0,0	0,0	0,0	1,0	6,0	0,0	1,0	COMPLETA
2011	50030	Añón de Moncayo												SIN INFORMACIÓN
2011	50031	Aranda de Moncayo												SIN INFORMACIÓN
2011	50032	Arándiga	1,0	1,0	0,0	228,0	228,0	0,0	1,0	0,0	0,0	0,0	0,0	COMPLETA
2011	50033	Ardisa												SIN INFORMACIÓN
2011	50034	Ariza												SIN INFORMACIÓN
2011	50035	Artieda												SIN INFORMACIÓN
2011	50036	Asín	1,0	1,0	0,0	151,0	151,0	0,0	1,0	0,0	0,0	1,0	0,0	COMPLETA
2011	50037	Atea												SIN INFORMACIÓN
2011	50038	Ateca	3,0	0,0	3,0	502,0	0,0	502,0	0,0	0,0	0,0	1,0	0,0	COMPLETA
2011	50039	Azuara												SIN INFORMACIÓN
2011	50040	Badules	1,0	1,0	0,0	172,0	172,0	0,0	1,0	0,0	0,0	0,0	0,0	COMPLETA
2011	50041	Bagüés												SIN INFORMACIÓN
2011	50042	Balconchán												SIN INFORMACIÓN
2011	50043	Bárboles	0,0	0,0	0,0	0,0	0,0	0,0	0,0	1,0	0,0	0,0	0,0	COMPLETA
2011	50044	Bardallur	0,0	0,0	0,0	0,0	0,0	0,0	0,0	0,0	0,0	1,0	0,0	COMPLETA
2011	50045	Belchite	1,0	0,0	1,0	215,0	0,0	215,0	0,0	3,0	0,0	0,0	0,0	COMPLETA
2011	50046	Belmonte de Gracián												SIN INFORMACIÓN
2011	50047	Berdejo												SIN INFORMACIÓN
2011	50048	Berrueco												SIN INFORMACIÓN
2011	50050	Bijuesca												SIN INFORMACIÓN
2011	50051	Biota												SIN INFORMACIÓN
2011	50052	Bisimbre												SIN INFORMACIÓN
2011	50053	Boquiñeni												SIN INFORMACIÓN
2011	50054	Bordalba												SIN INFORMACIÓN
2011	50055	Borja	3,0	1,0	2,0	644,0	357,0	287,0	1,0	1,0	0,0	0,0	0,0	COMPLETA
2011	50056	Botorrita												SIN INFORMACIÓN
2011	50057	Brea de Aragón	0,0	0,0	0,0	0,0	0,0	0,0	0,0	1,0	2,0	0,0	0,0	COMPLETA
2011	50058	Bubierca												SIN INFORMACIÓN
2011	50059	Bujaraloz	7,0	2,0	5,0	4128,0	570,0	3558,0	2,0	0,0	0,0	0,0	0,0	COMPLETA
2011	50060	Bulbuente	0,0	0,0	0,0	0,0	0,0	0,0	0,0	1,0	0,0	0,0	0,0	COMPLETA
2011	50061	Bureta	0,0	0,0	0,0	0,0	0,0	0,0	0,0	1,0	0,0	0,0	0,0	COMPLETA
2011	50062	Burgo de Ebro (El)	11,0	11,0	0,0	2035,0	2035,0	0,0	11,0	1,0	0,0	0,0	0,0	COMPLETA
2011	50063	Buste (El)	0,0	0,0	0,0	0,0	0,0	0,0	0,0	1,0	0,0	0,0	0,0	COMPLETA
2011	50064	Cabañas de Ebro	0,0	0,0	0,0	0,0	0,0	0,0	0,0	1,0	0,0	0,0	0,0	COMPLETA
2011	50065	Cabolafuente												SIN INFORMACIÓN
2011	50066	Cadrete	3,0	3,0	0,0	656,0	656,0	0,0	3,0	7,0	4,0	1,0	1,0	COMPLETA
2011	50067	Calatayud	4,0	2,0	2,0	5067,0	3205,0	1862,0	21,0	1,0	0,0	0,0	0,0	COMPLETA
2011	50068	Calatorao	3,0	3,0	0,0	909,0	909,0	0,0	3,0	1,0	0,0	0,0	0,0	COMPLETA
2011	50069	Calcena												SIN INFORMACIÓN
2011	50070	Calmarza												SIN INFORMACIÓN
2011	50071	Campillo de Aragón												SIN INFORMACIÓN
2011	50072	Carenas												SIN INFORMACIÓN
2011	50073	Cariñena	4,0	2,0	2,0	1380,0	491,0	889,0	2,0	0,0	0,0	0,0	0,0	COMPLETA
2011	50074	Caspe	12,0	7,0	5,0	7029,0	4450,0	2579,0	21,0	25,0	2,0	0,0	0,0	COMPLETA
2011	50075	Castejón de Alarba												SIN INFORMACIÓN
2011	50076	Castejón de las Armas												SIN INFORMACIÓN
2011	50077	Castejón de Valdejasa												SIN INFORMACIÓN
2011	50078	Castiliscar												SIN INFORMACIÓN
2011	50079	Cervera de la Cañada												SIN INFORMACIÓN
2011	50080	Cerveruela												SIN INFORMACIÓN
2011	50081	Cetina	1,0	1,0	0,0	102,0	102,0	0,0	1,0	2,0	0,0	0,0	0,0	COMPLETA
2011	50082	Cimballa												SIN INFORMACIÓN
2011	50083	Cinco Olivas												SIN INFORMACIÓN
2011	50084	Clarés de Ribota												SIN INFORMACIÓN
2011	50085	Codo	0,0	0,0	0,0	0,0	0,0	0,0	0,0	1,0	0,0	0,0	0,0	COMPLETA
2011	50086	Codos												SIN INFORMACIÓN
2011	50087	Contamina												SIN INFORMACIÓN
2011	50088	Cosuenda												SIN INFORMACIÓN
2011	50089	Cuarte de Huerva	1,0	1,0	0,0	371,0	371,0	0,0	3,0	11,0	0,0	1,0	1,0	COMPLETA
2011	50090	Cubel	1,0	1,0	0,0	172,0	172,0	0,0	1,0	0,0	0,0	0,0	0,0	COMPLETA
2011	50091	Cuerlas (Las)												SIN INFORMACIÓN
2011	50092	Chiprana	0,0	0,0	0,0	0,0	0,0	0,0	0,0	5,0	0,0	0,0	0,0	COMPLETA
2011	50093	Chodes												SIN INFORMACIÓN
2011	50094	Daroca	2,0	0,0	2,0	317,0	0,0	317,0	0,0	0,0	0,0	1,0	0,0	COMPLETA
2011	50095	Ejea de los Caballeros	19,0	15,0	4,0	17029,0	2814,0	14215,0	17,0	12,0	3,0	3,0	3,0	COMPLETA
2011	50096	Embid de Ariza												SIN INFORMACIÓN
2011	50098	Encinacorba												SIN INFORMACIÓN
2011	50099	Épila	5,0	1,0	4,0	11644,0	148,0	11496,0	1,0	1,0	0,0	1,0	1,0	COMPLETA
2011	50100	Erla	0,0	0,0	0,0	0,0	0,0	0,0	0,0	1,0	0,0	2,0	2,0	COMPLETA
2011	50101	Escatrón	5,0	1,0	4,0	2125,0	1744,0	381,0	0,0	2,0	0,0	2,0	0,0	COMPLETA
2011	50102	Fabara	1,0	0,0	1,0	170,0	0,0	170,0	0,0	2,0	1,0	0,0	0,0	COMPLETA
2011	50104	Farlete												SIN INFORMACIÓN
2011	50105	Fayón												SIN INFORMACIÓN
2011	50106	Fayos (Los)	1,0	1,0	0,0	96,0	96,0	0,0	1,0	1,0	0,0	0,0	0,0	COMPLETA
2011	50107	Figueruelas	4,0	2,0	2,0	663,0	285,0	378,0	2,0	0,0	0,0	0,0	0,0	COMPLETA
2011	50108	Fombuena												SIN INFORMACIÓN
2011	50109	Frago (El)	0,0	0,0	0,0	0,0	0,0	0,0	0,0	2,0	0,0	0,0	0,0	COMPLETA
2011	50110	Frasno (El)												SIN INFORMACIÓN
2011	50111	Fréscano												SIN INFORMACIÓN
2011	50113	Fuendejalón	1,0	0,0	1,0	274,0	0,0	274,0	0,0	0,0	0,0	0,0	0,0	COMPLETA
2011	50114	Fuendetodos												SIN INFORMACIÓN
2011	50115	Fuentes de Ebro	2,0	2,0	0,0	528,0	528,0	0,0	2,0	2,0	2,0	1,0	2,0	COMPLETA
2011	50116	Fuentes de Jiloca												SIN INFORMACIÓN
2011	50117	Gallocanta												SIN INFORMACIÓN
2011	50118	Gallur	0,0	0,0	0,0	0,0	0,0	0,0	0,0	4,0	0,0	0,0	0,0	COMPLETA
2011	50119	Gelsa	0,0	0,0	0,0	0,0	0,0	0,0	0,0	1,0	0,0	0,0	0,0	COMPLETA
2011	50120	Godojos												SIN INFORMACIÓN
2011	50121	Gotor	1,0	0,0	1,0	75,0	0,0	75,0	0,0	0,0	0,0	0,0	0,0	COMPLETA
2011	50122	Grisel												SIN INFORMACIÓN
2011	50123	Grisén	0,0	0,0	0,0	0,0	0,0	0,0	0,0	1,0	0,0	0,0	0,0	COMPLETA
2011	50124	Herrera de los Navarros	1,0	0,0	1,0	43,0	0,0	43,0	0,0	1,0	0,0	0,0	0,0	COMPLETA
2011	50125	Ibdes	1,0	0,0	1,0	138,0	0,0	138,0	0,0	0,0	0,0	1,0	1,0	COMPLETA
2011	50126	Illueca	1,0	1,0	0,0	411,0	411,0	0,0	1,0	0,0	0,0	0,0	0,0	COMPLETA
2011	50128	Isuerre												SIN INFORMACIÓN
2011	50129	Jaraba												SIN INFORMACIÓN
2011	50130	Jarque	0,0	0,0	0,0	0,0	0,0	0,0	0,0	0,0	0,0	1,0	1,0	COMPLETA
2011	50131	Jaulín	0,0	0,0	0,0	0,0	0,0	0,0	0,0	2,0	0,0	0,0	0,0	COMPLETA
2011	50132	Joyosa (La)												SIN INFORMACIÓN
2011	50133	Lagata												SIN INFORMACIÓN
2011	50134	Langa del Castillo												SIN INFORMACIÓN
2011	50135	Layana	0,0	0,0	0,0	0,0	0,0	0,0	0,0	1,0	0,0	0,0	0,0	COMPLETA
2011	50136	Lécera	3,0	1,0	2,0	412,0	253,0	159,0	1,0	3,0	0,0	4,0	3,0	COMPLETA
2011	50137	Leciñena	5,0	3,0	2,0	2404,0	610,0	1794,0	3,0	0,0	0,0	0,0	0,0	COMPLETA
2011	50138	Lechón	1,0	0,0	1,0	87,0	0,0	87,0	0,0	1,0	0,0	0,0	0,0	COMPLETA
2011	50139	Letux												SIN INFORMACIÓN
2011	50140	Litago	2,0	1,0	1,0	405,0	200,0	205,0	1,0	0,0	0,0	0,0	0,0	COMPLETA
2011	50141	Lituénigo												SIN INFORMACIÓN
2011	50142	Lobera de Onsella												SIN INFORMACIÓN
2011	50143	Longares												SIN INFORMACIÓN
2011	50144	Longás												SIN INFORMACIÓN
2011	50146	Lucena de Jalón												SIN INFORMACIÓN
2011	50147	Luceni												SIN INFORMACIÓN
2011	50148	Luesia	1,0	0,0	1,0	345,0	0,0	345,0	0,0	2,0	0,0	0,0	0,0	COMPLETA
2011	50149	Luesma												SIN INFORMACIÓN
2011	50150	Lumpiaque	2,0	1,0	1,0	570,0	268,0	302,0	1,0	0,0	0,0	1,0	1,0	COMPLETA
2011	50151	Luna	0,0	0,0	0,0	0,0	0,0	0,0	0,0	1,0	0,0	0,0	0,0	COMPLETA
2011	50152	Maella	6,0	2,0	4,0	3332,0	416,0	2916,0	2,0	6,0	1,0	1,0	1,0	COMPLETA
2011	50153	Magallón	2,0	1,0	1,0	390,0	224,0	166,0	1,0	3,0	2,0	0,0	0,0	COMPLETA
2011	50154	Mainar												SIN INFORMACIÓN
2011	50155	Malanquilla												SIN INFORMACIÓN
2011	50156	Maleján												SIN INFORMACIÓN
2011	50157	Malón	2,0	2,0		170,0	170,0		2,0					INCOMPLETA
2011	50159	Maluenda												SIN INFORMACIÓN
2011	50160	Mallén	7,0	3,0	4,0	1980,0	536,0	1444,0	3,0	1,0	0,0	0,0	0,0	COMPLETA
2011	50161	Manchones												SIN INFORMACIÓN
2011	50162	Mara	1,0	0,0	1,0	1940,0	0,0	1940,0	0,0	0,0	0,0	0,0	0,0	COMPLETA
2011	50163	María de Huerva	0,0	0,0	0,0	0,0	0,0	0,0	0,0	1,0	0,0	0,0	0,0	COMPLETA
2011	50164	Mediana de Aragón												SIN INFORMACIÓN
2011	50165	Mequinenza	1,0	0,0	1,0	828,0	0,0	828,0	0,0	10,0	0,0	3,0	2,0	COMPLETA
2011	50166	Mesones de Isuela												SIN INFORMACIÓN
2011	50167	Mezalocha												SIN INFORMACIÓN
2011	50168	Mianos												SIN INFORMACIÓN
2011	50169	Miedes de Aragón	3,0	2,0	1,0	592,0	292,0	300,0	2,0	0,0	0,0	0,0	0,0	COMPLETA
2011	50170	Monegrillo												SIN INFORMACIÓN
2011	50171	Moneva												SIN INFORMACIÓN
2011	50172	Monreal de Ariza												SIN INFORMACIÓN
2011	50173	Monterde												SIN INFORMACIÓN
2011	50174	Montón												SIN INFORMACIÓN
2011	50175	Morata de Jalón	1,0	0,0	1,0	753,0	0,0	753,0	0,0	2,0	0,0	0,0	0,0	COMPLETA
2011	50176	Morata de Jiloca												SIN INFORMACIÓN
2011	50177	Morés	3,0	2,0	1,0	755,0	520,0	235,0	2,0	0,0	0,0	0,0	0,0	COMPLETA
2011	50178	Moros												SIN INFORMACIÓN
2011	50179	Moyuela												SIN INFORMACIÓN
2011	50180	Mozota												SIN INFORMACIÓN
2011	50181	Muel								3,0				INCOMPLETA
2011	50182	Muela (La)	3,0	2,0	1,0	1748,0	776,0	972,0	3,0	4,0	0,0	0,0	0,0	COMPLETA
2011	50183	Munébrega												SIN INFORMACIÓN
2011	50184	Murero												SIN INFORMACIÓN
2011	50185	Murillo de Gállego												SIN INFORMACIÓN
2011	50186	Navardún												SIN INFORMACIÓN
2011	50187	Nigüella												SIN INFORMACIÓN
2011	50188	Nombrevilla												SIN INFORMACIÓN
2011	50189	Nonaspe	10,0	2,0	8,0	2355,0	339,0	2016,0	2,0	9,0	0,0	1,0	0,0	COMPLETA
2011	50190	Novallas												SIN INFORMACIÓN
2011	50191	Novillas	1,0	0,0	1,0	64,0	0,0	64,0	0,0	2,0	0,0	2,0	2,0	COMPLETA
2011	50192	Nuévalos												SIN INFORMACIÓN
2011	50193	Nuez de Ebro	1,0	0,0	1,0	1012,0	0,0	1012,0	0,0	1,0	0,0	0,0	0,0	COMPLETA
2011	50194	Olvés												SIN INFORMACIÓN
2011	50195	Orcajo												SIN INFORMACIÓN
2011	50196	Orera												SIN INFORMACIÓN
2011	50197	Orés												SIN INFORMACIÓN
2011	50198	Oseja												SIN INFORMACIÓN
2011	50199	Osera de Ebro												SIN INFORMACIÓN
2011	50200	Paniza												SIN INFORMACIÓN
2011	50201	Paracuellos de Jiloca												SIN INFORMACIÓN
2011	50202	Paracuellos de la Ribera												SIN INFORMACIÓN
2011	50203	Pastriz												SIN INFORMACIÓN
2011	50204	Pedrola	1,0	1,0	0,0	231,0	231,0	0,0	1,0	3,0	0,0	1,0	1,0	COMPLETA
2011	50205	Pedrosas (Las)												SIN INFORMACIÓN
2011	50206	Perdiguera	0,0	0,0	0,0	0,0	0,0	0,0	0,0	1,0	0,0	2,0	1,0	COMPLETA
2011	50207	Piedratajada												SIN INFORMACIÓN
2011	50208	Pina de Ebro	2,0	2,0	0,0	716,0	716,0	0,0	3,0	3,0	0,0	0,0	0,0	COMPLETA
2011	50209	Pinseque	5,0	1,0	4,0	437,0	313,0	124,0	1,0	5,0	0,0	1,0	1,0	COMPLETA
2011	50210	Pintanos (Los)												SIN INFORMACIÓN
2011	50211	Plasencia de Jalón	0,0	0,0	0,0	0,0	0,0	0,0	0,0	1,0	0,0	1,0	1,0	COMPLETA
2011	50212	Pleitas	2,0	2,0	0,0	373,0	373,0	0,0	2,0	1,0	0,0	0,0	0,0	COMPLETA
2011	50213	Plenas												SIN INFORMACIÓN
2011	50214	Pomer												SIN INFORMACIÓN
2011	50215	Pozuel de Ariza												SIN INFORMACIÓN
2011	50216	Pozuelo de Aragón	2,0	1,0	1,0	304,0	201,0	103,0	1,0	0,0	0,0	0,0	0,0	COMPLETA
2011	50217	Pradilla de Ebro	1,0	1,0	0,0	242,0	242,0	0,0	1,0	0,0	0,0	1,0	0,0	COMPLETA
2011	50218	Puebla de Albortón	1,0	0,0	1,0	568,0	0,0	568,0	0,0	0,0	0,0	0,0	0,0	COMPLETA
2011	50219	Puebla de Alfindén (La)	4,0	4,0	0,0	1602,0	1602,0	0,0	4,0	5,0	0,0	1,0	0,0	COMPLETA
2011	50220	Puendeluna												SIN INFORMACIÓN
2011	50221	Purujosa												SIN INFORMACIÓN
2011	50222	Quinto	6,0	5,0	1,0	1424,0	1332,0	92,0	5,0	2,0	0,0	3,0	3,0	COMPLETA
2011	50223	Remolinos	2,0	1,0	1,0	257,0	190,0	67,0	1,0	2,0	1,0	2,0	2,0	COMPLETA
2011	50224	Retascón												SIN INFORMACIÓN
2011	50225	Ricla	8,0	5,0	3,0	4158,0	1105,0	3053,0	5,0	4,0	0,0	0,0	0,0	COMPLETA
2011	50227	Romanos												SIN INFORMACIÓN
2011	50228	Rueda de Jalón												SIN INFORMACIÓN
2011	50229	Ruesca												SIN INFORMACIÓN
2011	50230	Sádaba	1,0	0,0	1,0	854,0	0,0	854,0	0,0	1,0	0,0	0,0	0,0	COMPLETA
2011	50231	Salillas de Jalón												SIN INFORMACIÓN
2011	50232	Salvatierra de Esca												SIN INFORMACIÓN
2011	50233	Samper del Salz												SIN INFORMACIÓN
2011	50234	San Martín de la Virgen de Moncayo	0,0	0,0	0,0	0,0	0,0	0,0	0,0	1,0	0,0	0,0	0,0	COMPLETA
2011	50235	San Mateo de Gállego	22,0	10,0	12,0	5602,0	1662,0	3940,0	10,0	0,0	0,0	0,0	0,0	COMPLETA
2011	50236	Santa Cruz de Grío												SIN INFORMACIÓN
2011	50237	Santa Cruz de Moncayo	1,0	0,0	1,0	540,0	0,0	540,0	0,0	0,0	0,0	0,0	0,0	COMPLETA
2011	50238	Santa Eulalia de Gállego												SIN INFORMACIÓN
2011	50239	Santed												SIN INFORMACIÓN
2011	50240	Sástago	4,0	1,0	3,0	837,0	119,0	718,0	1,0	1,0	0,0	0,0	0,0	COMPLETA
2011	50241	Saviñán	2,0	2,0		380,0	380,0		2,0					INCOMPLETA
2011	50242	Sediles												SIN INFORMACIÓN
2011	50243	Sestrica												SIN INFORMACIÓN
2011	50244	Sierra de Luna	1,0	0,0	1,0	324,0	0,0	324,0	0,0	3,0	0,0	0,0	0,0	COMPLETA
2011	50245	Sigüés	1,0	0,0	1,0	624,0	0,0	624,0	0,0	1,0	0,0	0,0	0,0	COMPLETA
2011	50246	Sisamón												SIN INFORMACIÓN
2011	50247	Sobradiel	1,0	1,0	0,0	228,0	228,0	0,0	1,0	0,0	0,0	2,0	0,0	COMPLETA
2011	50248	Sos del Rey Católico	1,0	1,0	0,0	443,0	443,0	0,0	3,0	0,0	0,0	0,0	0,0	COMPLETA
2011	50249	Tabuenca	1,0	0,0	1,0	106,0	0,0	106,0	0,0	2,0	0,0	0,0	0,0	COMPLETA
2011	50250	Talamantes												SIN INFORMACIÓN
2011	50251	Tarazona	0,0	0,0	0,0	0,0	0,0	0,0	0,0	4,0	0,0	1,0	0,0	COMPLETA
2011	50252	Tauste	3,0	2,0	1,0	488,0	370,0	118,0	2,0	5,0	2,0	4,0	3,0	INCOMPLETA
2011	50253	Terrer												SIN INFORMACIÓN
2011	50254	Tierga												SIN INFORMACIÓN
2011	50255	Tobed												SIN INFORMACIÓN
2011	50256	Torralba de los Frailes												SIN INFORMACIÓN
2011	50257	Torralba de Ribota												SIN INFORMACIÓN
2011	50258	Torralbilla												SIN INFORMACIÓN
2011	50259	Torrehermosa												SIN INFORMACIÓN
2011	50260	Torrelapaja												SIN INFORMACIÓN
2011	50261	Torrellas												SIN INFORMACIÓN
2011	50262	Torres de Berrellén	1,0	1,0	0,0	191,0	191,0	0,0	1,0	0,0	0,0	3,0	2,0	COMPLETA
2011	50263	Torrijo de la Cañada												SIN INFORMACIÓN
2011	50264	Tosos												SIN INFORMACIÓN
2011	50265	Trasmoz												SIN INFORMACIÓN
2011	50266	Trasobares												SIN INFORMACIÓN
2011	50267	Uncastillo	1,0	1,0	0,0	351,0	351,0	0,0	1,0	3,0	0,0	0,0	0,0	COMPLETA
2011	50268	Undués de Lerda												SIN INFORMACIÓN
2011	50269	Urrea de Jalón	2,0	0,0	2,0	1318,0	0,0	1318,0	0,0	0,0	0,0	0,0	0,0	COMPLETA
2011	50270	Urriés												SIN INFORMACIÓN
2011	50271	Used												SIN INFORMACIÓN
2011	50272	Utebo	5,0	4,0	1,0	11965,0	11919,0	46,0	57,0	3,0	0,0	0,0	0,0	COMPLETA
2011	50273	Valdehorna												SIN INFORMACIÓN
2011	50274	Val de San Martín	0,0	0,0	0,0	0,0	0,0	0,0	0,0	1,0	0,0	0,0	0,0	COMPLETA
2011	50275	Valmadrid												SIN INFORMACIÓN
2011	50276	Valpalmas	1,0	1,0	0,0	281,0	281,0	0,0	1,0	0,0	0,0	0,0	0,0	COMPLETA
2011	50277	Valtorres												SIN INFORMACIÓN
2011	50278	Velilla de Ebro	0,0	0,0	0,0	0,0	0,0	0,0	0,0	2,0	0,0	0,0	0,0	COMPLETA
2011	50279	Velilla de Jiloca												SIN INFORMACIÓN
2011	50280	Vera de Moncayo	1,0	0,0	1,0	53,0	0,0	53,0	0,0	1,0	0,0	0,0	0,0	COMPLETA
2011	50281	Vierlas												SIN INFORMACIÓN
2011	50282	Vilueña (La)												SIN INFORMACIÓN
2011	50283	Villadoz	0,0	0,0	0,0	0,0	0,0	0,0	0,0	1,0	0,0	0,0	0,0	COMPLETA
2011	50284	Villafeliche												SIN INFORMACIÓN
2011	50285	Villafranca de Ebro												SIN INFORMACIÓN
2011	50286	Villalba de Perejil												SIN INFORMACIÓN
2011	50287	Villalengua	1,0	0,0	1,0	96,0	0,0	96,0	0,0	0,0	0,0	2,0	2,0	COMPLETA
2011	50288	Villanueva de Gállego	4,0	2,0	2,0	3085,0	548,0	2537,0	2,0	1,0	0,0	0,0	0,0	COMPLETA
2011	50289	Villanueva de Jiloca												SIN INFORMACIÓN
2011	50290	Villanueva de Huerva												SIN INFORMACIÓN
2011	50291	Villar de los Navarros												SIN INFORMACIÓN
2011	50292	Villarreal de Huerva	0,0	0,0	0,0	0,0	0,0	0,0	0,0	1,0	0,0	0,0	0,0	COMPLETA
2011	50293	Villarroya de la Sierra	19,0	0,0	19,0	242,0	0,0	242,0	0,0	2,0	0,0	0,0	0,0	COMPLETA
2011	50294	Villarroya del Campo												SIN INFORMACIÓN
2011	50295	Vistabella												SIN INFORMACIÓN
2011	50296	Zaida (La)												SIN INFORMACIÓN
2011	50297	Zaragoza	327,0	269,0	58,0	562436,0	333075,0	229361,0	1906,0	834,0	110,0	44,0	71,0	COMPLETA
2011	50298	Zuera	4,0	4,0	0,0	1273,0	1273,0	0,0	4,0	4,0	2,0	10,0	8,0	COMPLETA
2011	50901	Biel												SIN INFORMACIÓN
2011	50902	Marracos												SIN INFORMACIÓN
2011	50903	Villamayor de Gállego	1,0	0,0	1,0	81,0	0,0	81,0	0,0	4,0	0,0	1,0	0,0	COMPLETA
2010	22001	Abiego	1,0	1,0	0,0	342,0	342,0	0,0	1,0	0,0	0,0	0,0	0,0	COMPLETA
2010	22002	Abizanda	0,0	0,0	0,0	0,0	0,0	0,0	0,0	2,0	0,0	0,0	0,0	COMPLETA
2010	22003	Adahuesca	6,0	6,0	0,0	1142,0	1142,0	0,0	6,0	0,0	0,0	0,0	0,0	COMPLETA
2010	22004	Agüero	0,0	0,0	0,0	0,0	0,0	0,0	0,0	3,0	3,0	0,0	0,0	COMPLETA
2010	22006	Aísa	4,0	3,0	1,0	959,0	889,0	70,0	3,0	2,0	0,0	0,0	0,0	COMPLETA
2010	22007	Albalate de Cinca	1,0	1,0	0,0	460,0	460,0	0,0	1,0	2,0	1,0	2,0	2,0	COMPLETA
2010	22008	Albalatillo												SIN INFORMACIÓN
2010	22009	Albelda	4,0	2,0	2,0	984,0	356,0	628,0	2,0	2,0	1,0	0,0	0,0	COMPLETA
2010	22011	Albero Alto												SIN INFORMACIÓN
2010	22012	Albero Bajo												SIN INFORMACIÓN
2010	22013	Alberuela de Tubo												SIN INFORMACIÓN
2010	22014	Alcalá de Gurrea	2,0	0,0	2,0	1764,0	0,0	1764,0	0,0	1,0	0,0	0,0	0,0	COMPLETA
2010	22015	Alcalá del Obispo	3,0	1,0	2,0	362,0	246,0	116,0	1,0	0,0	0,0	1,0	1,0	COMPLETA
2010	22016	Alcampell	1,0	0,0	1,0	29,0	0,0	29,0	0,0	0,0	0,0	0,0	0,0	COMPLETA
2010	22017	Alcolea de Cinca	1,0	0,0	1,0	72,0	0,0	72,0	0,0	2,0	0,0	1,0	2,0	COMPLETA
2010	22018	Alcubierre	1,0	1,0	0,0	222,0	222,0	0,0	1,0	2,0	0,0	1,0	1,0	COMPLETA
2010	22019	Alerre												SIN INFORMACIÓN
2010	22020	Alfántega												SIN INFORMACIÓN
2010	22021	Almudévar	6,0	2,0	4,0	3183,0	1642,0	1541,0	1,0	2,0	3,0	1,0	2,0	COMPLETA
2010	22022	Almunia de San Juan	2,0	2,0	0,0	665,0	665,0	0,0	2,0	1,0	0,0	0,0	0,0	COMPLETA
2010	22023	Almuniente												SIN INFORMACIÓN
2010	22024	Alquézar	5,0	5,0	0,0	1804,0	1804,0	0,0	16,0	2,0	2,0	2,0	1,0	COMPLETA
2010	22025	Altorricón	5,0	5,0	0,0	1055,0	1055,0	0,0	5,0	1,0	0,0	3,0	2,0	COMPLETA
2010	22027	Angüés	1,0	1,0	0,0	302,0	302,0	0,0	1,0	1,0	0,0	0,0	0,0	COMPLETA
2010	22028	Ansó	0,0	0,0	0,0	0,0	0,0	0,0	0,0	1,0	0,0	0,0	0,0	COMPLETA
2010	22029	Antillón	1,0	0,0	1,0	1852,0	0,0	1852,0	0,0	0,0	0,0	0,0	0,0	COMPLETA
2010	22032	Aragüés del Puerto												SIN INFORMACIÓN
2010	22035	Arén	0,0	0,0	0,0	0,0	0,0	0,0	0,0	2,0	2,0	0,0	1,0	COMPLETA
2010	22036	Argavieso												SIN INFORMACIÓN
2010	22037	Arguis												SIN INFORMACIÓN
2010	22039	Ayerbe	0,0	0,0	0,0	0,0	0,0	0,0	0,0	5,0	2,0	0,0	0,0	COMPLETA
2010	22040	Azanuy-Alins												SIN INFORMACIÓN
2010	22041	Azara												SIN INFORMACIÓN
2010	22042	Azlor												SIN INFORMACIÓN
2010	22043	Baells												SIN INFORMACIÓN
2010	22044	Bailo	0,0	0,0	0,0	0,0	0,0	0,0	0,0	2,0	0,0	0,0	0,0	COMPLETA
2010	22045	Baldellou												SIN INFORMACIÓN
2010	22046	Ballobar												SIN INFORMACIÓN
2010	22047	Banastás												SIN INFORMACIÓN
2010	22048	Barbastro	20,0	7,0	13,0	9757,0	5302,0	4455,0	24,0	11,0	16,0	0,0	4,0	COMPLETA
2010	22049	Barbués	0,0	0,0	0,0	0,0	0,0	0,0	0,0	1,0	0,0	0,0	0,0	COMPLETA
2010	22050	Barbuñales												SIN INFORMACIÓN
2010	22051	Bárcabo												SIN INFORMACIÓN
2010	22052	Belver de Cinca	2,0	1,0	1,0	717,0	276,0	441,0	1,0	1,0	1,0	0,0	0,0	COMPLETA
2010	22053	Benabarre	4,0	3,0	1,0	2515,0	1285,0	1230,0	4,0	11,0	1,0	0,0	0,0	COMPLETA
2010	22054	Benasque	5,0	3,0	2,0	3799,0	3092,0	707,0	17,0	1,0	1,0	0,0	0,0	COMPLETA
2010	22055	Berbegal	0,0	0,0	0,0	0,0	0,0	0,0	0,0	3,0	0,0	0,0	0,0	COMPLETA
2010	22057	Bielsa	3,0	2,0	1,0	3262,0	504,0	2758,0	1,0	4,0	5,0	0,0	0,0	COMPLETA
2010	22058	Bierge	0,0	0,0	0,0	0,0	0,0	0,0	0,0	2,0	1,0	0,0	0,0	COMPLETA
2010	22059	Biescas	0,0	0,0	0,0	0,0	0,0	0,0	0,0	3,0	0,0	0,0	0,0	COMPLETA
2010	22060	Binaced	3,0	2,0	1,0	638,0	488,0	150,0	2,0	3,0	1,0	0,0	0,0	COMPLETA
2010	22061	Binéfar	13,0	5,0	8,0	5779,0	2581,0	3198,0	8,0	16,0	5,0	3,0	2,0	COMPLETA
2010	22062	Bisaurri	0,0	0,0	0,0	0,0	0,0	0,0	0,0	2,0	3,0	0,0	0,0	COMPLETA
2010	22063	Biscarrués												SIN INFORMACIÓN
2010	22064	Blecua y Torres	1,0	1,0	0,0	341,0	341,0	0,0	1,0	1,0	0,0	0,0	0,0	COMPLETA
2010	22066	Boltaña	5,0	5,0	0,0	1230,0	1230,0	0,0	5,0	7,0	1,0	0,0	0,0	COMPLETA
2010	22067	Bonansa	0,0	0,0	0,0	0,0	0,0	0,0	0,0	1,0	0,0	0,0	0,0	COMPLETA
2010	22068	Borau												SIN INFORMACIÓN
2010	22069	Broto	1,0	1,0	0,0	258,0	258,0	0,0	1,0	2,0	4,0	2,0	0,0	COMPLETA
2010	22072	Caldearenas	0,0	0,0	0,0	0,0	0,0	0,0	0,0	1,0	0,0	0,0	0,0	COMPLETA
2010	22074	Campo												SIN INFORMACIÓN
2010	22075	Camporrells												SIN INFORMACIÓN
2010	22076	Canal de Berdún	0,0	0,0	0,0	0,0	0,0	0,0	0,0	1,0	0,0	0,0	0,0	COMPLETA
2010	22077	Candasnos	0,0	0,0	0,0	0,0	0,0	0,0	0,0	4,0	0,0	0,0	0,0	COMPLETA
2010	22078	Canfranc	0,0	0,0	0,0	0,0	0,0	0,0	0,0	1,0	0,0	0,0	0,0	COMPLETA
2010	22079	Capdesaso												SIN INFORMACIÓN
2010	22080	Capella	4,0	1,0	3,0	1711,0	290,0	1421,0	1,0	1,0	0,0	0,0	0,0	COMPLETA
2010	22081	Casbas de Huesca	1,0	1,0	0,0	181,0	181,0	0,0	1,0	2,0	2,0	1,0	1,0	COMPLETA
2010	22082	Castejón del Puente												SIN INFORMACIÓN
2010	22083	Castejón de Monegros	3,0	2,0	1,0	764,0	524,0	240,0	2,0	0,0	0,0	0,0	0,0	COMPLETA
2010	22084	Castejón de Sos	0,0	0,0	0,0	0,0	0,0	0,0	0,0	1,0	1,0	0,0	0,0	COMPLETA
2010	22085	Castelflorite												SIN INFORMACIÓN
2010	22086	Castiello de Jaca	2,0	0,0	2,0	118,0	0,0	118,0	0,0	1,0	0,0	0,0	0,0	COMPLETA
2010	22087	Castigaleu												SIN INFORMACIÓN
2010	22088	Castillazuelo												SIN INFORMACIÓN
2010	22089	Castillonroy												SIN INFORMACIÓN
2010	22090	Colungo												SIN INFORMACIÓN
2010	22094	Chalamera												SIN INFORMACIÓN
2010	22095	Chía	1,0	1,0	0,0	126,0	126,0	0,0	1,0	3,0	1,0	0,0	0,0	COMPLETA
2010	22096	Chimillas												SIN INFORMACIÓN
2010	22099	Esplús												SIN INFORMACIÓN
2010	22102	Estada												SIN INFORMACIÓN
2010	22103	Estadilla	2,0	1,0	1,0	536,0	236,0	300,0	1,0	2,0	1,0	0,0	0,0	COMPLETA
2010	22105	Estopiñán del Castillo	3,0	0,0	3,0	2725,0	0,0	2725,0	0,0	6,0	0,0	0,0	0,0	COMPLETA
2010	22106	Fago	0,0	0,0	0,0	0,0	0,0	0,0	0,0	1,0	0,0	0,0	0,0	COMPLETA
2010	22107	Fanlo												SIN INFORMACIÓN
2010	22109	Fiscal	0,0	0,0	0,0	0,0	0,0	0,0	0,0	2,0	7,0	0,0	2,0	COMPLETA
2010	22110	Fonz	1,0	0,0	1,0	297,0	0,0	297,0	0,0	1,0	0,0	0,0	0,0	COMPLETA
2010	22111	Foradada del Toscar	1,0	1,0	0,0	217,0	217,0	0,0	1,0	3,0	1,0	1,0	1,0	COMPLETA
2010	22112	Fraga	7,0	3,0	4,0	3554,0	2567,0	987,0	16,0	8,0	2,0	2,0	1,0	COMPLETA
2010	22113	Fueva (La)	2,0	1,0	1,0	928,0	278,0	650,0	1,0	3,0	1,0	0,0	0,0	COMPLETA
2010	22114	Gistaín	0,0	0,0	0,0	0,0	0,0	0,0	0,0	1,0	1,0	0,0	0,0	COMPLETA
2010	22115	Grado (El)	2,0	1,0	1,0	148,0	84,0	64,0	1,0	0,0	0,0	0,0	0,0	COMPLETA
2010	22116	Grañén	6,0	0,0	6,0	11920,0	0,0	11920,0	0,0	0,0	0,0	0,0	0,0	COMPLETA
2010	22117	Graus	12,0	5,0	7,0	6522,0	1449,0	5073,0	5,0	21,0	12,0	5,0	2,0	COMPLETA
2010	22119	Gurrea de Gállego	2,0	0,0	2,0	156,0	0,0	156,0	0,0	3,0	0,0	0,0	0,0	COMPLETA
2010	22122	Hoz de Jaca												SIN INFORMACIÓN
2010	22124	Huerto												SIN INFORMACIÓN
2010	22125	Huesca	11,0	10,0	1,0	23446,0	23406,0	40,0	131,0	11,0	8,0	4,0	3,0	COMPLETA
2010	22126	Ibieca												SIN INFORMACIÓN
2010	22127	Igriés												SIN INFORMACIÓN
2010	22128	Ilche	1,0	1,0	0,0	162,0	162,0	0,0	1,0	0,0	0,0	0,0	0,0	COMPLETA
2010	22129	Isábena												SIN INFORMACIÓN
2010	22130	Jaca	6,0	3,0	3,0	13069,0	8439,0	4630,0	17,0	19,0	4,0	0,0	0,0	COMPLETA
2010	22131	Jasa	1,0	1,0	0,0	300,0	300,0	0,0	1,0	3,0	3,0	0,0	0,0	COMPLETA
2010	22133	Labuerda	1,0	1,0	0,0	362,0	362,0	0,0	1,0	2,0	0,0	0,0	0,0	COMPLETA
2010	22135	Laluenga	1,0	0,0	1,0	384,0	0,0	384,0	0,0	1,0	0,0	0,0	0,0	COMPLETA
2010	22136	Lalueza	4,0	2,0	2,0	2229,0	465,0	1764,0	2,0	0,0	0,0	0,0	0,0	COMPLETA
2010	22137	Lanaja	1,0	1,0	0,0	102,0	102,0	0,0	1,0	0,0	0,0	0,0	0,0	COMPLETA
2010	22139	Laperdiguera												SIN INFORMACIÓN
2010	22141	Lascellas-Ponzano												SIN INFORMACIÓN
2010	22142	Lascuarre	1,0	1,0	0,0	154,0	154,0	0,0	1,0	4,0	3,0	0,0	0,0	COMPLETA
2010	22143	Laspaúles	1,0	0,0	1,0	196,0	0,0	196,0	0,0	2,0	0,0	0,0	0,0	COMPLETA
2010	22144	Laspuña	1,0	1,0	0,0	180,0	180,0	0,0	1,0	1,0	1,0	0,0	0,0	COMPLETA
2010	22149	Loarre	0,0	0,0	0,0	0,0	0,0	0,0	0,0	2,0	0,0	0,0	0,0	COMPLETA
2010	22150	Loporzano	1,0	1,0	0,0	181,0	181,0	0,0	1,0	1,0	0,0	0,0	0,0	COMPLETA
2010	22151	Loscorrales												SIN INFORMACIÓN
2010	22155	Monesma y Cajigar	1,0	0,0	1,0	912,0	0,0	912,0	0,0	0,0	0,0	0,0	0,0	COMPLETA
2010	22156	Monflorite-Lascasas												SIN INFORMACIÓN
2010	22157	Montanuy	0,0	0,0	0,0	0,0	0,0	0,0	0,0	3,0	2,0	0,0	0,0	COMPLETA
2010	22158	Monzón	2,0	2,0	0,0	5560,0	5560,0	0,0	30,0	6,0	0,0	2,0	1,0	COMPLETA
2010	22160	Naval												SIN INFORMACIÓN
2010	22162	Novales												SIN INFORMACIÓN
2010	22163	Nueno	4,0	2,0	2,0	1676,0	543,0	1133,0	2,0	2,0	1,0	0,0	0,0	COMPLETA
2010	22164	Olvena												SIN INFORMACIÓN
2010	22165	Ontiñena												SIN INFORMACIÓN
2010	22167	Osso de Cinca	4,0	1,0	3,0	801,0	278,0	523,0	1,0	0,0	0,0	0,0	0,0	COMPLETA
2010	22168	Palo												SIN INFORMACIÓN
2010	22170	Panticosa	3,0	3,0	0,0	2555,0	2555,0	0,0	20,0	1,0	0,0	0,0	0,0	COMPLETA
2010	22172	Peñalba	2,0	0,0	2,0	1108,0	0,0	1108,0	0,0	4,0	1,0	1,0	1,0	COMPLETA
2010	22173	Peñas de Riglos (Las)	2,0	2,0	0,0	243,0	243,0	0,0	2,0	3,0	1,0	0,0	0,0	COMPLETA
2010	22174	Peralta de Alcofea	5,0	1,0	4,0	1723,0	400,0	1323,0	1,0	4,0	1,0	2,0	2,0	COMPLETA
2010	22175	Peralta de Calasanz												SIN INFORMACIÓN
2010	22176	Peraltilla												SIN INFORMACIÓN
2010	22177	Perarrúa												SIN INFORMACIÓN
2010	22178	Pertusa												SIN INFORMACIÓN
2010	22181	Piracés												SIN INFORMACIÓN
2010	22182	Plan	1,0	1,0	0,0	470,0	470,0	0,0	1,0	0,0	0,0	0,0	0,0	COMPLETA
2010	22184	Poleñino												SIN INFORMACIÓN
2010	22186	Pozán de Vero												SIN INFORMACIÓN
2010	22187	Puebla de Castro (La)	0,0	0,0	0,0	0,0	0,0	0,0	0,0	4,0	4,0	0,0	1,0	COMPLETA
2010	22188	Puente de Montañana	0,0	0,0	0,0	0,0	0,0	0,0	0,0	1,0	0,0	0,0	0,0	COMPLETA
2010	22189	Puértolas												SIN INFORMACIÓN
2010	22190	Pueyo de Araguás (El)	1,0	1,0	0,0	426,0	426,0	0,0	1,0	2,0	1,0	0,0	0,0	COMPLETA
2010	22193	Pueyo de Santa Cruz	0,0	0,0	0,0	0,0	0,0	0,0	0,0	0,0	0,0	0,0	0,0	COMPLETA
2010	22195	Quicena												SIN INFORMACIÓN
2010	22197	Robres	2,0	1,0	1,0	309,0	163,0	146,0	1,0	0,0	0,0	0,0	0,0	COMPLETA
2010	22199	Sabiñánigo	11,0	10,0	1,0	6931,0	6280,0	651,0	46,0	4,0	2,0	0,0	0,0	COMPLETA
2010	22200	Sahún	2,0	1,0	1,0	1330,0	330,0	1000,0	1,0	1,0	0,0	0,0	0,0	COMPLETA
2010	22201	Salas Altas												SIN INFORMACIÓN
2010	22202	Salas Bajas												SIN INFORMACIÓN
2010	22203	Salillas	6,0	0,0	6,0	16188,0	0,0	16188,0	0,0	0,0	0,0	0,0	0,0	COMPLETA
2010	22204	Sallent de Gállego	4,0	4,0		800,0	800,0		4,0	7,0	13,0	2,0	3,0	INCOMPLETA
2010	22205	San Esteban de Litera	2,0	0,0	2,0	234,0	0,0	234,0	0,0	0,0	0,0	0,0	0,0	COMPLETA
2010	22206	Sangarrén												SIN INFORMACIÓN
2010	22207	San Juan de Plan												SIN INFORMACIÓN
2010	22208	Santa Cilia								1,0				INCOMPLETA
2010	22209	Santa Cruz de la Serós												SIN INFORMACIÓN
2010	22212	Santaliestra y San Quílez	0,0	0,0	0,0	0,0	0,0	0,0	0,0	3,0	0,0	0,0	0,0	COMPLETA
2010	22213	Sariñena	24,0	3,0	21,0	18137,0	1168,0	16969,0	6,0	4,0	0,0	0,0	0,0	COMPLETA
2010	22214	Secastilla	0,0	0,0	0,0	0,0	0,0	0,0	0,0	2,0	1,0	0,0	0,0	COMPLETA
2010	22215	Seira												SIN INFORMACIÓN
2010	22217	Sena	1,0	1,0	0,0	333,0	333,0	0,0	1,0	0,0	0,0	0,0	0,0	COMPLETA
2010	22218	Senés de Alcubierre												SIN INFORMACIÓN
2010	22220	Sesa	1,0	0,0	1,0	1000,0	0,0	1000,0	0,0	0,0	0,0	0,0	0,0	COMPLETA
2010	22221	Sesué	2,0	2,0	0,0	563,0	563,0	0,0	2,0	1,0	2,0	0,0	0,0	COMPLETA
2010	22222	Siétamo	2,0	0,0	2,0	1773,0	0,0	1773,0	0,0	0,0	0,0	0,0	0,0	COMPLETA
2010	22223	Sopeira												SIN INFORMACIÓN
2010	22225	Tamarite de Litera	2,0	1,0	1,0	358,0	246,0	112,0	1,0	4,0	0,0	1,0	1,0	COMPLETA
2010	22226	Tardienta												SIN INFORMACIÓN
2010	22227	Tella-Sin												SIN INFORMACIÓN
2010	22228	Tierz	1,0	1,0	0,0	352,0	352,0	0,0	1,0	0,0	0,0	0,0	0,0	COMPLETA
2010	22229	Tolva												SIN INFORMACIÓN
2010	22230	Torla-Ordesa	1,0	1,0	0,0	139,0	139,0	0,0	1,0	3,0	1,0	0,0	0,0	COMPLETA
2010	22232	Torralba de Aragón												SIN INFORMACIÓN
2010	22233	Torre la Ribera	1,0	1,0	0,0	136,0	136,0	0,0	1,0	0,0	0,0	0,0	0,0	COMPLETA
2010	22234	Torrente de Cinca	3,0	2,0	1,0	493,0	443,0	50,0	2,0	2,0	1,0			INCOMPLETA
2010	22235	Torres de Alcanadre												SIN INFORMACIÓN
2010	22236	Torres de Barbués	1,0	1,0	0,0	256,0	256,0	0,0	1,0	0,0	0,0	0,0	0,0	COMPLETA
2010	22239	Tramaced												SIN INFORMACIÓN
2010	22242	Valfarta												SIN INFORMACIÓN
2010	22243	Valle de Bardají												SIN INFORMACIÓN
2010	22244	Valle de Lierp												SIN INFORMACIÓN
2010	22245	Velilla de Cinca	0,0	0,0	0,0	0,0	0,0	0,0	0,0	1,0	0,0	0,0	0,0	COMPLETA
2010	22246	Beranuy												SIN INFORMACIÓN
2010	22247	Viacamp y Litera												SIN INFORMACIÓN
2010	22248	Vicién	0,0	0,0	0,0	0,0	0,0	0,0	0,0	1,0	0,0	0,0	0,0	COMPLETA
2010	22249	Villanova	0,0	0,0	0,0	0,0	0,0	0,0	0,0	2,0	2,0	0,0	0,0	COMPLETA
2010	22250	Villanúa	2,0	0,0	2,0	352,0	0,0	352,0	0,0	2,0	0,0	1,0	1,0	COMPLETA
2010	22251	Villanueva de Sigena	3,0	0,0	3,0	202,0	0,0	202,0	0,0	2,0	0,0	0,0	0,0	COMPLETA
2010	22252	Yebra de Basa	2,0	2,0	0,0	221,0	221,0	0,0	2,0	1,0	0,0	1,0	0,0	COMPLETA
2010	22253	Yésero												SIN INFORMACIÓN
2010	22254	Zaidín	8,0	0,0	8,0	5404,0	0,0	5404,0	0,0	5,0	0,0	0,0	0,0	COMPLETA
2010	22901	Valle de Hecho	0,0	0,0	0,0	0,0	0,0	0,0	0,0	8,0	0,0	2,0	1,0	COMPLETA
2010	22902	Puente la Reina de Jaca	2,0	2,0	0,0	188,0	188,0	0,0	2,0	1,0	0,0	0,0	0,0	COMPLETA
2010	22903	San Miguel del Cinca	7,0	2,0	5,0	3258,0	549,0	2709,0	2,0	3,0	2,0	2,0	2,0	COMPLETA
2010	22904	Sotonera (La)	2,0	2,0	0,0	551,0	551,0	0,0	2,0	3,0	0,0	0,0	0,0	COMPLETA
2010	22905	Lupiñén-Ortilla	0,0	0,0	0,0	0,0	0,0	0,0	0,0	1,0	0,0	1,0	0,0	COMPLETA
2010	22906	Santa María de Dulcis	1,0	1,0	0,0	275,0	275,0	0,0	1,0	0,0	0,0	0,0	0,0	COMPLETA
2010	22907	Aínsa-Sobrarbe	0,0	0,0	0,0	0,0	0,0	0,0	0,0	3,0	1,0	0,0	0,0	COMPLETA
2010	22908	Hoz y Costeán												SIN INFORMACIÓN
2010	22909	Vencillón	3,0	0,0	3,0	962,0	0,0	962,0	0,0	2,0	0,0	0,0	0,0	COMPLETA
2010	44001	Ababuj												SIN INFORMACIÓN
2010	44002	Abejuela	1,0	1,0	0,0	410,0	410,0	0,0	1,0	0,0	0,0	0,0	0,0	COMPLETA
2010	44003	Aguatón												SIN INFORMACIÓN
2010	44004	Aguaviva	5,0	4,0	1,0	2245,0	845,0	1400,0	4,0	1,0	1,0	0,0	0,0	COMPLETA
2010	44005	Aguilar del Alfambra												SIN INFORMACIÓN
2010	44006	Alacón												SIN INFORMACIÓN
2010	44007	Alba												SIN INFORMACIÓN
2010	44008	Albalate del Arzobispo	0,0	0,0	0,0	0,0	0,0	0,0	0,0	1,0	1,0	2,0	3,0	COMPLETA
2010	44009	Albarracín	3,0	2,0	1,0	823,0	723,0	100,0	2,0	1,0	0,0	0,0	0,0	COMPLETA
2010	44010	Albentosa	1,0	0,0	1,0	2450,0	0,0	2450,0	0,0	1,0	0,0	0,0	0,0	COMPLETA
2010	44011	Alcaine												SIN INFORMACIÓN
2010	44012	Alcalá de la Selva	3,0	2,0	1,0	952,0	240,0	712,0	2,0	1,0	0,0	0,0	0,0	COMPLETA
2010	44013	Alcañiz	18,0	11,0	7,0	15848,0	13062,0	2786,0	109,0	32,0	13,0	8,0	7,0	COMPLETA
2010	44014	Alcorisa	12,0	6,0	6,0	5203,0	1961,0	3242,0	8,0	6,0	0,0	4,0	2,0	COMPLETA
2010	44016	Alfambra	1,0	1,0	0,0	408,0	408,0	0,0	1,0	2,0	1,0	1,0	1,0	COMPLETA
2010	44017	Aliaga												SIN INFORMACIÓN
2010	44018	Almohaja												SIN INFORMACIÓN
2010	44019	Alobras												SIN INFORMACIÓN
2010	44020	Alpeñés												SIN INFORMACIÓN
2010	44021	Allepuz	1,0	1,0	0,0	280,0	280,0	0,0	1,0	0,0	0,0	1,0	1,0	COMPLETA
2010	44022	Alloza	4,0	2,0	2,0	1480,0	797,0	683,0	2,0	3,0	1,0	2,0	0,0	COMPLETA
2010	44023	Allueva												SIN INFORMACIÓN
2010	44024	Anadón												SIN INFORMACIÓN
2010	44025	Andorra	8,0	5,0	3,0	1710,0	1304,0	406,0	6,0	9,0	0,0	1,0	2,0	COMPLETA
2010	44026	Arcos de las Salinas	1,0	0,0	1,0	48,0	0,0	48,0	0,0	2,0	1,0	0,0	0,0	COMPLETA
2010	44027	Arens de Lledó	2,0	2,0		306,0	306,0		2,0					INCOMPLETA
2010	44028	Argente												SIN INFORMACIÓN
2010	44029	Ariño	2,0	1,0	1,0	378,0	309,0	69,0	1,0	0,0	0,0	1,0	0,0	COMPLETA
2010	44031	Azaila												SIN INFORMACIÓN
2010	44032	Bádenas												SIN INFORMACIÓN
2010	44033	Báguena	0,0	0,0	0,0	0,0	0,0	0,0	0,0	3,0	0,0	1,0	1,0	COMPLETA
2010	44034	Bañón												SIN INFORMACIÓN
2010	44035	Barrachina												SIN INFORMACIÓN
2010	44036	Bea												SIN INFORMACIÓN
2010	44037	Beceite	1,0	1,0	0,0	134,0	134,0	0,0	1,0	0,0	0,0	0,0	0,0	COMPLETA
2010	44038	Belmonte de San José												SIN INFORMACIÓN
2010	44039	Bello												SIN INFORMACIÓN
2010	44040	Berge	1,0	1,0	0,0	209,0	209,0	0,0	1,0	1,0	0,0	0,0	0,0	COMPLETA
2010	44041	Bezas	0,0	0,0	0,0	0,0	0,0	0,0	0,0	1,0	0,0	0,0	0,0	COMPLETA
2010	44042	Blancas												SIN INFORMACIÓN
2010	44043	Blesa												SIN INFORMACIÓN
2010	44044	Bordón												SIN INFORMACIÓN
2010	44045	Bronchales	0,0	0,0	0,0	0,0	0,0	0,0	0,0	1,0	1,0	0,0	0,0	COMPLETA
2010	44046	Bueña												SIN INFORMACIÓN
2010	44047	Burbáguena												SIN INFORMACIÓN
2010	44048	Cabra de Mora	0,0	0,0	0,0	0,0	0,0	0,0	0,0	0,0	0,0	1,0	1,0	COMPLETA
2010	44049	Calaceite	3,0	2,0	1,0	626,0	369,0	257,0	2,0	14,0	5,0	0,0	0,0	COMPLETA
2010	44050	Calamocha	6,0	2,0	4,0	1174,0	598,0	576,0	3,0	9,0	0,0	4,0	3,0	COMPLETA
2010	44051	Calanda	9,0	8,0	1,0	3212,0	3084,0	128,0	17,0	7,0	3,0	2,0	1,0	COMPLETA
2010	44052	Calomarde												SIN INFORMACIÓN
2010	44053	Camañas												SIN INFORMACIÓN
2010	44054	Camarena de la Sierra												SIN INFORMACIÓN
2010	44055	Camarillas	0,0	0,0	0,0	0,0	0,0	0,0	0,0	2,0	1,0	0,0	0,0	COMPLETA
2010	44056	Caminreal	3,0	1,0	2,0	2335,0	146,0	2189,0	1,0	0,0	0,0	0,0	0,0	COMPLETA
2010	44059	Cantavieja	0,0	0,0	0,0	0,0	0,0	0,0	0,0	1,0	1,0	0,0	0,0	COMPLETA
2010	44060	Cañada de Benatanduz												SIN INFORMACIÓN
2010	44061	Cañada de Verich (La)												SIN INFORMACIÓN
2010	44062	Cañada Vellida												SIN INFORMACIÓN
2010	44063	Cañizar del Olivar	1,0	0,0	1,0	200,0	0,0	200,0	0,0	0,0	0,0	2,0	2,0	COMPLETA
2010	44064	Cascante del Río												SIN INFORMACIÓN
2010	44065	Castejón de Tornos												SIN INFORMACIÓN
2010	44066	Castel de Cabra												SIN INFORMACIÓN
2010	44067	Castelnou												SIN INFORMACIÓN
2010	44068	Castelserás	3,0	2,0	1,0	714,0	584,0	130,0	2,0	3,0	0,0	0,0	0,0	COMPLETA
2010	44070	Castellar (El)												SIN INFORMACIÓN
2010	44071	Castellote												SIN INFORMACIÓN
2010	44074	Cedrillas												SIN INFORMACIÓN
2010	44075	Celadas												SIN INFORMACIÓN
2010	44076	Cella	9,0	5,0	4,0	2189,0	1754,0	435,0	5,0	5,0	1,0	2,0	1,0	COMPLETA
2010	44077	Cerollera (La)												SIN INFORMACIÓN
2010	44080	Codoñera (La)	1,0	1,0	0,0	84,0	84,0	0,0	1,0	2,0	1,0	0,0	0,0	COMPLETA
2010	44082	Corbalán												SIN INFORMACIÓN
2010	44084	Cortes de Aragón												SIN INFORMACIÓN
2010	44085	Cosa												SIN INFORMACIÓN
2010	44086	Cretas	6,0	6,0	0,0	1157,0	1157,0	0,0	6,0	5,0	0,0	0,0	0,0	COMPLETA
2010	44087	Crivillén												SIN INFORMACIÓN
2010	44088	Cuba (La)												SIN INFORMACIÓN
2010	44089	Cubla												SIN INFORMACIÓN
2010	44090	Cucalón												SIN INFORMACIÓN
2010	44092	Cuervo (El)												SIN INFORMACIÓN
2010	44093	Cuevas de Almudén												SIN INFORMACIÓN
2010	44094	Cuevas Labradas												SIN INFORMACIÓN
2010	44096	Ejulve	1,0	1,0	0,0	412,0	412,0	0,0	1,0	1,0	0,0	0,0	0,0	COMPLETA
2010	44097	Escorihuela	0,0	0,0	0,0	0,0	0,0	0,0	0,0	2,0	0,0	0,0	0,0	COMPLETA
2010	44099	Escucha	0,0	0,0	0,0	0,0	0,0	0,0	0,0	1,0	0,0	0,0	0,0	COMPLETA
2010	44100	Estercuel	0,0	0,0	0,0	0,0	0,0	0,0	0,0	1,0	0,0	0,0	0,0	COMPLETA
2010	44101	Ferreruela de Huerva												SIN INFORMACIÓN
2010	44102	Fonfría												SIN INFORMACIÓN
2010	44103	Formiche Alto												SIN INFORMACIÓN
2010	44105	Fórnoles												SIN INFORMACIÓN
2010	44106	Fortanete	2,0	0,0	2,0	998,0	0,0	998,0	0,0	1,0	0,0	1,0	0,0	COMPLETA
2010	44107	Foz-Calanda												SIN INFORMACIÓN
2010	44108	Fresneda (La)												SIN INFORMACIÓN
2010	44109	Frías de Albarracín												SIN INFORMACIÓN
2010	44110	Fuenferrada												SIN INFORMACIÓN
2010	44111	Fuentes Calientes												SIN INFORMACIÓN
2010	44112	Fuentes Claras	2,0	1,0	1,0	230,0	102,0	128,0	1,0	6,0	0,0	4,0	2,0	COMPLETA
2010	44113	Fuentes de Rubielos	0,0	0,0	0,0	0,0	0,0	0,0	0,0	2,0	0,0	0,0	0,0	COMPLETA
2010	44114	Fuentespalda	1,0	1,0	0,0	180,0	180,0	0,0	1,0	1,0	0,0	2,0	0,0	COMPLETA
2010	44115	Galve												SIN INFORMACIÓN
2010	44116	Gargallo	2,0	0,0	2,0	243,0	0,0	243,0	0,0	3,0	0,0	0,0	0,0	COMPLETA
2010	44117	Gea de Albarracín	0,0	0,0	0,0	0,0	0,0	0,0	0,0	1,0	0,0	0,0	0,0	COMPLETA
2010	44118	Ginebrosa (La)	1,0	0,0	1,0	138,0	0,0	138,0	0,0	1,0	0,0	1,0	0,0	COMPLETA
2010	44119	Griegos	1,0	0,0	1,0	76,0	0,0	76,0	0,0	0,0	0,0	0,0	0,0	COMPLETA
2010	44120	Guadalaviar												SIN INFORMACIÓN
2010	44121	Gúdar	4,0	4,0	0,0	1151,0	1151,0	0,0	4,0	0,0	0,0	3,0	1,0	COMPLETA
2010	44122	Híjar	5,0	5,0	0,0	1567,0	1567,0	0,0	6,0	3,0	0,0	0,0	0,0	COMPLETA
2010	44123	Hinojosa de Jarque												SIN INFORMACIÓN
2010	44124	Hoz de la Vieja (La)												SIN INFORMACIÓN
2010	44125	Huesa del Común												SIN INFORMACIÓN
2010	44126	Iglesuela del Cid (La)	0,0	0,0	0,0	0,0	0,0	0,0	0,0	2,0	1,0	0,0	1,0	COMPLETA
2010	44127	Jabaloyas												SIN INFORMACIÓN
2010	44128	Jarque de la Val												SIN INFORMACIÓN
2010	44129	Jatiel	0,0	0,0	0,0	0,0	0,0	0,0	0,0	1,0	0,0	0,0	0,0	COMPLETA
2010	44130	Jorcas												SIN INFORMACIÓN
2010	44131	Josa												SIN INFORMACIÓN
2010	44132	Lagueruela												SIN INFORMACIÓN
2010	44133	Lanzuela												SIN INFORMACIÓN
2010	44135	Libros												SIN INFORMACIÓN
2010	44136	Lidón	1,0	1,0	0,0	84,0	84,0	0,0	1,0	0,0	0,0	0,0	0,0	COMPLETA
2010	44137	Linares de Mora	5,0	4,0	1,0	1148,0	1080,0	68,0	4,0	1,0	1,0	0,0	1,0	COMPLETA
2010	44138	Loscos												SIN INFORMACIÓN
2010	44141	Lledó	0,0	0,0	0,0	0,0	0,0	0,0	0,0	1,0	0,0	0,0	0,0	COMPLETA
2010	44142	Maicas												SIN INFORMACIÓN
2010	44143	Manzanera	2,0	1,0	1,0	2202,0	755,0	1447,0	1,0	0,0	0,0	0,0	0,0	COMPLETA
2010	44144	Martín del Río	1,0	1,0	0,0	290,0	290,0	0,0	1,0	0,0	0,0	0,0	0,0	COMPLETA
2010	44145	Mas de las Matas	3,0	2,0	1,0	713,0	638,0	75,0	2,0	7,0	2,0	0,0	0,0	COMPLETA
2010	44146	Mata de los Olmos (La)	1,0	1,0	0,0	240,0	240,0	0,0	1,0	0,0	0,0	0,0	0,0	COMPLETA
2010	44147	Mazaleón	2,0	0,0	2,0	175,0	0,0	175,0	0,0	2,0	0,0	0,0	0,0	COMPLETA
2010	44148	Mezquita de Jarque												SIN INFORMACIÓN
2010	44149	Mirambel	0,0	0,0	0,0	0,0	0,0	0,0	0,0	1,0	0,0	0,0	0,0	COMPLETA
2010	44150	Miravete de la Sierra												SIN INFORMACIÓN
2010	44151	Molinos	2,0	0,0	2,0	440,0	0,0	440,0	0,0	0,0	0,0	0,0	0,0	COMPLETA
2010	44152	Monforte de Moyuela												SIN INFORMACIÓN
2010	44153	Monreal del Campo	4,0	2,0	2,0	2593,0	466,0	2127,0	2,0	0,0	0,0	2,0	2,0	COMPLETA
2010	44154	Monroyo	0,0	0,0	0,0	0,0	0,0	0,0	0,0	2,0	0,0	0,0	0,0	COMPLETA
2010	44155	Montalbán	0,0	0,0	0,0	0,0	0,0	0,0	0,0	3,0	0,0	0,0	0,0	COMPLETA
2010	44156	Monteagudo del Castillo												SIN INFORMACIÓN
2010	44157	Monterde de Albarracín												SIN INFORMACIÓN
2010	44158	Mora de Rubielos	9,0	7,0	2,0	3272,0	2835,0	437,0	10,0	4,0	1,0	2,0	1,0	COMPLETA
2010	44159	Moscardón												SIN INFORMACIÓN
2010	44160	Mosqueruela	4,0	2,0	2,0	1248,0	498,0	750,0	2,0	3,0	0,0	2,0	0,0	COMPLETA
2010	44161	Muniesa	0,0	0,0	0,0	0,0	0,0	0,0	0,0	0,0	0,0	2,0	2,0	COMPLETA
2010	44163	Noguera de Albarracín								1,0				INCOMPLETA
2010	44164	Nogueras	2,0	2,0	0,0	304,0	304,0	0,0	2,0	0,0	0,0	0,0	0,0	COMPLETA
2010	44165	Nogueruelas	0,0	0,0	0,0	0,0	0,0	0,0	0,0	1,0	0,0	0,0	0,0	COMPLETA
2010	44167	Obón												SIN INFORMACIÓN
2010	44168	Odón												SIN INFORMACIÓN
2010	44169	Ojos Negros	3,0	1,0	2,0	571,0	144,0	427,0	1,0	2,0	0,0	0,0	0,0	COMPLETA
2010	44171	Olba	0,0	0,0	0,0	0,0	0,0	0,0	0,0	2,0	1,0	0,0	1,0	COMPLETA
2010	44172	Oliete												SIN INFORMACIÓN
2010	44173	Olmos (Los)												SIN INFORMACIÓN
2010	44174	Orihuela del Tremedal	0,0	0,0	0,0	0,0	0,0	0,0	0,0	0,0	0,0	1,0	1,0	COMPLETA
2010	44175	Orrios												SIN INFORMACIÓN
2010	44176	Palomar de Arroyos												SIN INFORMACIÓN
2010	44177	Pancrudo												SIN INFORMACIÓN
2010	44178	Parras de Castellote (Las)												SIN INFORMACIÓN
2010	44179	Peñarroya de Tastavins	2,0	1,0	1,0	469,0	202,0	267,0	1,0	3,0	1,0	0,0	0,0	COMPLETA
2010	44180	Peracense	0,0	0,0	0,0	0,0	0,0	0,0	0,0	1,0	1,0	0,0	0,0	COMPLETA
2010	44181	Peralejos												SIN INFORMACIÓN
2010	44182	Perales del Alfambra												SIN INFORMACIÓN
2010	44183	Pitarque												SIN INFORMACIÓN
2010	44184	Plou												SIN INFORMACIÓN
2010	44185	Pobo (El)												SIN INFORMACIÓN
2010	44187	Portellada (La)												SIN INFORMACIÓN
2010	44189	Pozondón	0,0	0,0	0,0	0,0	0,0	0,0	0,0	1,0	0,0	0,0	0,0	COMPLETA
2010	44190	Pozuel del Campo												SIN INFORMACIÓN
2010	44191	Puebla de Híjar (La)	3,0	2,0	1,0	2360,0	1722,0	638,0	11,0	6,0	0,0	3,0	1,0	COMPLETA
2010	44192	Puebla de Valverde (La)	1,0	1,0	0,0	255,0	255,0	0,0	1,0	2,0	1,0	0,0	0,0	COMPLETA
2010	44193	Puertomingalvo	1,0	1,0	0,0	144,0	144,0	0,0	1,0	2,0	0,0	0,0	0,0	COMPLETA
2010	44194	Ráfales												SIN INFORMACIÓN
2010	44195	Rillo												SIN INFORMACIÓN
2010	44196	Riodeva												SIN INFORMACIÓN
2010	44197	Ródenas	0,0	0,0	0,0	0,0	0,0	0,0	0,0	2,0	0,0	0,0	0,0	COMPLETA
2010	44198	Royuela												SIN INFORMACIÓN
2010	44199	Rubiales												SIN INFORMACIÓN
2010	44200	Rubielos de la Cérida												SIN INFORMACIÓN
2010	44201	Rubielos de Mora	3,0	3,0	0,0	770,0	770,0	0,0	5,0	3,0	2,0	0,0	1,0	COMPLETA
2010	44203	Salcedillo												SIN INFORMACIÓN
2010	44204	Saldón												SIN INFORMACIÓN
2010	44205	Samper de Calanda	3,0	3,0	0,0	696,0	696,0	0,0	3,0	4,0	0,0	0,0	0,0	COMPLETA
2010	44206	San Agustín	1,0	1,0	0,0	372,0	372,0	0,0	1,0	0,0	0,0	0,0	0,0	COMPLETA
2010	44207	San Martín del Río												SIN INFORMACIÓN
2010	44208	Santa Cruz de Nogueras												SIN INFORMACIÓN
2010	44209	Santa Eulalia	3,0	3,0	0,0	818,0	818,0	0,0	3,0	2,0	0,0	0,0	0,0	COMPLETA
2010	44210	Sarrión	16,0	14,0	2,0	3724,0	3598,0	126,0	15,0	4,0	0,0	0,0	0,0	COMPLETA
2010	44211	Segura de los Baños												SIN INFORMACIÓN
2010	44212	Seno								1,0				INCOMPLETA
2010	44213	Singra												SIN INFORMACIÓN
2010	44215	Terriente												SIN INFORMACIÓN
2010	44216	Teruel	5,0	2,0	3,0	10232,0	2428,0	7804,0	16,0	3,0	0,0	2,0	2,0	COMPLETA
2010	44217	Toril y Masegoso												SIN INFORMACIÓN
2010	44218	Tormón												SIN INFORMACIÓN
2010	44219	Tornos												SIN INFORMACIÓN
2010	44220	Torralba de los Sisones												SIN INFORMACIÓN
2010	44221	Torrecilla de Alcañiz	1,0	1,0	0,0	299,0	299,0	0,0	1,0	0,0	0,0	0,0	0,0	COMPLETA
2010	44222	Torrecilla del Rebollar												SIN INFORMACIÓN
2010	44223	Torre de Arcas												SIN INFORMACIÓN
2010	44224	Torre de las Arcas												SIN INFORMACIÓN
2010	44225	Torre del Compte	1,0	0,0	1,0	59,0	0,0	59,0	0,0	1,0	1,0	0,0	0,0	COMPLETA
2010	44226	Torrelacárcel												SIN INFORMACIÓN
2010	44227	Torre los Negros												SIN INFORMACIÓN
2010	44228	Torremocha de Jiloca												SIN INFORMACIÓN
2010	44229	Torres de Albarracín												SIN INFORMACIÓN
2010	44230	Torrevelilla	2,0	2,0	0,0	474,0	474,0	0,0	2,0	1,0	1,0	2,0	0,0	COMPLETA
2010	44231	Torrijas												SIN INFORMACIÓN
2010	44232	Torrijo del Campo	0,0	0,0	0,0	0,0	0,0	0,0	0,0	2,0	0,0	0,0	0,0	COMPLETA
2010	44234	Tramacastiel												SIN INFORMACIÓN
2010	44235	Tramacastilla												SIN INFORMACIÓN
2010	44236	Tronchón	1,0	0,0	1,0	120,0	0,0	120,0	0,0	1,0	0,0	1,0	0,0	COMPLETA
2010	44237	Urrea de Gaén	1,0	1,0	0,0	259,0	259,0	0,0	1,0	3,0	0,0	1,0	1,0	COMPLETA
2010	44238	Utrillas	4,0	4,0	0,0	1106,0	1106,0	0,0	4,0	1,0	0,0	0,0	0,0	COMPLETA
2010	44239	Valacloche												SIN INFORMACIÓN
2010	44240	Valbona	2,0	0,0	2,0	471,0	0,0	471,0	0,0	0,0	0,0	0,0	0,0	COMPLETA
2010	44241	Valdealgorfa	3,0	3,0	0,0	828,0	828,0	0,0	3,0	1,0	0,0	0,0	0,0	COMPLETA
2010	44243	Valdecuenca												SIN INFORMACIÓN
2010	44244	Valdelinares	1,0	1,0	0,0	337,0	337,0	0,0	4,0	2,0	1,0	1,0	0,0	COMPLETA
2010	44245	Valdeltormo	2,0	0,0	2,0	169,0	0,0	169,0	0,0	0,0	0,0	0,0	0,0	COMPLETA
2010	44246	Valderrobres	2,0	1,0	1,0	613,0	373,0	240,0	1,0	2,0	1,0	1,0	1,0	COMPLETA
2010	44247	Valjunquera	2,0	0,0	2,0	133,0	0,0	133,0	0,0	0,0	0,0	0,0	0,0	COMPLETA
2010	44249	Vallecillo (El)												SIN INFORMACIÓN
2010	44250	Veguillas de la Sierra												SIN INFORMACIÓN
2010	44251	Villafranca del Campo	1,0	1,0	0,0	234,0	234,0	0,0	1,0	1,0	1,0	0,0	0,0	COMPLETA
2010	44252	Villahermosa del Campo												SIN INFORMACIÓN
2010	44256	Villanueva del Rebollar de la Sierra												SIN INFORMACIÓN
2010	44257	Villar del Cobo	2,0	2,0	0,0	297,0	297,0	0,0	2,0	1,0	0,0	1,0	2,0	COMPLETA
2010	44258	Villar del Salz												SIN INFORMACIÓN
2010	44260	Villarluengo												SIN INFORMACIÓN
2010	44261	Villarquemado	5,0	4,0	1,0	906,0	706,0	200,0	4,0	1,0	1,0	1,0	0,0	COMPLETA
2010	44262	Villarroya de los Pinares												SIN INFORMACIÓN
2010	44263	Villastar	1,0	1,0	0,0	386,0	386,0	0,0	1,0	1,0	0,0	0,0	0,0	COMPLETA
2010	44264	Villel	1,0	1,0	0,0	308,0	308,0	0,0	1,0	0,0	0,0	1,0	1,0	COMPLETA
2010	44265	Vinaceite	3,0	3,0	0,0	858,0	858,0	0,0	3,0	0,0	0,0	0,0	0,0	COMPLETA
2010	44266	Visiedo												SIN INFORMACIÓN
2010	44267	Vivel del Río Martín												SIN INFORMACIÓN
2010	44268	Zoma (La)												SIN INFORMACIÓN
2010	50001	Abanto												SIN INFORMACIÓN
2010	50002	Acered												SIN INFORMACIÓN
2010	50003	Agón												SIN INFORMACIÓN
2010	50004	Aguarón	1,0	1,0	0,0	337,0	337,0	0,0	1,0	1,0	0,0	0,0	1,0	COMPLETA
2010	50005	Aguilón												SIN INFORMACIÓN
2010	50006	Ainzón	10,0	4,0	6,0	3647,0	937,0	2710,0	4,0	5,0	0,0	2,0	1,0	COMPLETA
2010	50007	Aladrén												SIN INFORMACIÓN
2010	50008	Alagón	9,0	6,0	3,0	2720,0	1387,0	1333,0	6,0	0,0	0,0	0,0	0,0	COMPLETA
2010	50009	Alarba												SIN INFORMACIÓN
2010	50010	Alberite de San Juan												SIN INFORMACIÓN
2010	50011	Albeta	0,0	0,0	0,0	0,0	0,0	0,0	0,0	1,0	0,0	0,0	0,0	COMPLETA
2010	50012	Alborge												SIN INFORMACIÓN
2010	50013	Alcalá de Ebro												SIN INFORMACIÓN
2010	50014	Alcalá de Moncayo	5,0	5,0	0,0	1409,0	1409,0	0,0	15,0	0,0	0,0	0,0	0,0	COMPLETA
2010	50015	Alconchel de Ariza												SIN INFORMACIÓN
2010	50016	Aldehuela de Liestos												SIN INFORMACIÓN
2010	50017	Alfajarín	3,0	3,0	0,0	795,0	795,0	0,0	3,0	0,0	0,0	0,0	0,0	COMPLETA
2010	50018	Alfamén	1,0	1,0	0,0	169,0	169,0	0,0	1,0	1,0	0,0	0,0	0,0	COMPLETA
2010	50019	Alforque												SIN INFORMACIÓN
2010	50020	Alhama de Aragón	0,0	0,0	0,0	0,0	0,0	0,0	0,0	2,0	3,0	1,0	2,0	COMPLETA
2010	50021	Almochuel												SIN INFORMACIÓN
2010	50022	Almolda (La)	1,0	1,0	0,0	294,0	294,0	0,0	1,0	2,0	0,0	0,0	0,0	COMPLETA
2010	50023	Almonacid de la Cuba												SIN INFORMACIÓN
2010	50024	Almonacid de la Sierra												SIN INFORMACIÓN
2010	50025	Almunia de Doña Godina (La)	7,0	2,0	5,0	5435,0	500,0	4935,0	2,0	3,0		5,0	4,0	INCOMPLETA
2010	50026	Alpartir	4,0	4,0	0,0	1153,0	1153,0	0,0	4,0	1,0	0,0	2,0	1,0	COMPLETA
2010	50027	Ambel	1,0	1,0	0,0	96,0	96,0	0,0	1,0	1,0	0,0	0,0	0,0	COMPLETA
2010	50028	Anento	1,0	1,0	0,0	213,0	213,0	0,0	1,0	0,0	0,0	1,0	1,0	COMPLETA
2010	50029	Aniñón	2,0	0,0	2,0	262,0	0,0	262,0	0,0	2,0	1,0	0,0	0,0	COMPLETA
2010	50030	Añón de Moncayo												SIN INFORMACIÓN
2010	50031	Aranda de Moncayo												SIN INFORMACIÓN
2010	50032	Arándiga												SIN INFORMACIÓN
2010	50033	Ardisa												SIN INFORMACIÓN
2010	50034	Ariza	2,0	1,0	1,0	252,0	142,0	110,0	1,0	1,0	1,0	0,0	0,0	COMPLETA
2010	50035	Artieda												SIN INFORMACIÓN
2010	50036	Asín												SIN INFORMACIÓN
2010	50037	Atea												SIN INFORMACIÓN
2010	50038	Ateca	2,0	0,0	2,0	784,0	0,0	784,0	0,0	2,0	0,0	1,0	1,0	COMPLETA
2010	50039	Azuara	2,0	1,0	1,0	2114,0	1834,0	280,0	11,0	2,0	0,0	0,0	0,0	COMPLETA
2010	50040	Badules												SIN INFORMACIÓN
2010	50041	Bagüés												SIN INFORMACIÓN
2010	50042	Balconchán												SIN INFORMACIÓN
2010	50043	Bárboles	0,0	0,0	0,0	0,0	0,0	0,0	0,0	1,0	0,0	0,0	0,0	COMPLETA
2010	50044	Bardallur												SIN INFORMACIÓN
2010	50045	Belchite	0,0	0,0	0,0	0,0	0,0	0,0	0,0	4,0	0,0	0,0	0,0	COMPLETA
2010	50046	Belmonte de Gracián												SIN INFORMACIÓN
2010	50047	Berdejo												SIN INFORMACIÓN
2010	50048	Berrueco												SIN INFORMACIÓN
2010	50050	Bijuesca	1,0	1,0	0,0	177,0	177,0	0,0	1,0	0,0	0,0	0,0	0,0	COMPLETA
2010	50051	Biota												SIN INFORMACIÓN
2010	50052	Bisimbre												SIN INFORMACIÓN
2010	50053	Boquiñeni	3,0	0,0	3,0	3494,0	0,0	3494,0	0,0	0,0	0,0	2,0	2,0	COMPLETA
2010	50054	Bordalba												SIN INFORMACIÓN
2010	50055	Borja	2,0	0,0	2,0	1005,0	0,0	1005,0	0,0	3,0	0,0	0,0	0,0	COMPLETA
2010	50056	Botorrita	2,0	2,0	0,0	352,0	352,0	0,0	2,0	1,0	0,0	1,0	1,0	COMPLETA
2010	50057	Brea de Aragón	0,0	0,0	0,0	0,0	0,0	0,0	0,0	1,0	0,0	0,0	3,0	COMPLETA
2010	50058	Bubierca												SIN INFORMACIÓN
2010	50059	Bujaraloz	6,0	2,0	4,0	1878,0	619,0	1259,0	2,0	0,0	0,0	1,0	0,0	COMPLETA
2010	50060	Bulbuente	3,0	0,0	3,0	706,0	0,0	706,0	0,0	0,0	0,0	0,0	0,0	COMPLETA
2010	50061	Bureta												SIN INFORMACIÓN
2010	50062	Burgo de Ebro (El)	15,0	15,0	0,0	3637,0	3637,0	0,0	19,0	0,0	0,0	0,0	0,0	COMPLETA
2010	50063	Buste (El)												SIN INFORMACIÓN
2010	50064	Cabañas de Ebro	1,0	1,0	0,0	127,0	127,0	0,0	1,0	0,0	0,0	1,0	1,0	COMPLETA
2010	50065	Cabolafuente												SIN INFORMACIÓN
2010	50066	Cadrete	0,0	0,0	0,0	0,0	0,0	0,0	0,0	3,0	0,0	0,0	0,0	COMPLETA
2010	50067	Calatayud	1,0	1,0	0,0	67,0	67,0	0,0	1,0	1,0	0,0	0,0	0,0	COMPLETA
2010	50068	Calatorao	7,0	6,0	1,0	2013,0	1949,0	64,0	9,0	0,0	0,0	1,0	1,0	COMPLETA
2010	50069	Calcena												SIN INFORMACIÓN
2010	50070	Calmarza												SIN INFORMACIÓN
2010	50071	Campillo de Aragón												SIN INFORMACIÓN
2010	50072	Carenas												SIN INFORMACIÓN
2010	50073	Cariñena	3,0	3,0	0,0	997,0	997,0	0,0	3,0	0,0	0,0	0,0	0,0	COMPLETA
2010	50074	Caspe	19,0	7,0	12,0	7003,0	3272,0	3731,0	6,0	23,0	26,0	1,0	3,0	COMPLETA
2010	50075	Castejón de Alarba												SIN INFORMACIÓN
2010	50076	Castejón de las Armas												SIN INFORMACIÓN
2010	50077	Castejón de Valdejasa	1,0	0,0	1,0	540,0	0,0	540,0	0,0	1,0	0,0	0,0	0,0	COMPLETA
2010	50078	Castiliscar	0,0	0,0	0,0	0,0	0,0	0,0	0,0	2,0	0,0	0,0	0,0	COMPLETA
2010	50079	Cervera de la Cañada												SIN INFORMACIÓN
2010	50080	Cerveruela												SIN INFORMACIÓN
2010	50081	Cetina	6,0	6,0	0,0	1742,0	1742,0	0,0	6,0	0,0	0,0	0,0	0,0	COMPLETA
2010	50082	Cimballa												SIN INFORMACIÓN
2010	50083	Cinco Olivas												SIN INFORMACIÓN
2010	50084	Clarés de Ribota												SIN INFORMACIÓN
2010	50085	Codo												SIN INFORMACIÓN
2010	50086	Codos												SIN INFORMACIÓN
2010	50087	Contamina												SIN INFORMACIÓN
2010	50088	Cosuenda	3,0	2,0	1,0	500,0	191,0	309,0	2,0	1,0	0,0	0,0	0,0	COMPLETA
2010	50089	Cuarte de Huerva	5,0	0,0	5,0	1020,0	0,0	1020,0	0,0	6,0	0,0	1,0	0,0	COMPLETA
2010	50090	Cubel	1,0	1,0	0,0	329,0	329,0	0,0	1,0	0,0	0,0	0,0	0,0	COMPLETA
2010	50091	Cuerlas (Las)												SIN INFORMACIÓN
2010	50092	Chiprana	1,0	1,0		254,0	254,0		1,0					INCOMPLETA
2010	50093	Chodes	0,0	0,0	0,0	0,0	0,0	0,0	0,0	2,0	0,0	0,0	0,0	COMPLETA
2010	50094	Daroca												SIN INFORMACIÓN
2010	50095	Ejea de los Caballeros	8,0	6,0	2,0	3169,0	1400,0	1769,0	6,0	19,0	5,0	3,0	2,0	INCOMPLETA
2010	50096	Embid de Ariza												SIN INFORMACIÓN
2010	50098	Encinacorba												SIN INFORMACIÓN
2010	50099	Épila	5,0	5,0	0,0	1794,0	1794,0	0,0	12,0	2,0	0,0	4,0	3,0	COMPLETA
2010	50100	Erla												SIN INFORMACIÓN
2010	50101	Escatrón	4,0	0,0	4,0	1531,0	0,0	1531,0	0,0	4,0	0,0	2,0	2,0	COMPLETA
2010	50102	Fabara												SIN INFORMACIÓN
2010	50104	Farlete												SIN INFORMACIÓN
2010	50105	Fayón	2,0	2,0	0,0	769,0	769,0	0,0	2,0	0,0	0,0	0,0	0,0	COMPLETA
2010	50106	Fayos (Los)												SIN INFORMACIÓN
2010	50107	Figueruelas	4,0	4,0	0,0	704,0	704,0	0,0	4,0	2,0	0,0	0,0	0,0	COMPLETA
2010	50108	Fombuena												SIN INFORMACIÓN
2010	50109	Frago (El)	1,0	0,0	1,0	177,0	0,0	177,0	0,0	2,0	1,0	0,0	0,0	COMPLETA
2010	50110	Frasno (El)												SIN INFORMACIÓN
2010	50111	Fréscano	3,0	3,0	0,0	586,0	586,0	0,0	3,0	0,0	0,0	1,0	1,0	COMPLETA
2010	50113	Fuendejalón	3,0	2,0	1,0	1036,0	784,0	252,0	2,0	2,0	0,0	0,0	0,0	COMPLETA
2010	50114	Fuendetodos												SIN INFORMACIÓN
2010	50115	Fuentes de Ebro	13,0	13,0	0,0	4517,0	4517,0	0,0	14,0	2,0	1,0	2,0	1,0	COMPLETA
2010	50116	Fuentes de Jiloca												SIN INFORMACIÓN
2010	50117	Gallocanta	1,0	1,0	0,0	90,0	90,0	0,0	1,0	0,0	0,0	0,0	0,0	COMPLETA
2010	50118	Gallur	1,0	1,0	0,0	388,0	388,0	0,0	1,0	0,0	0,0	1,0	0,0	COMPLETA
2010	50119	Gelsa	3,0	2,0	1,0	751,0	397,0	354,0	2,0	0,0	0,0	1,0	1,0	COMPLETA
2010	50120	Godojos												SIN INFORMACIÓN
2010	50121	Gotor												SIN INFORMACIÓN
2010	50122	Grisel												SIN INFORMACIÓN
2010	50123	Grisén												SIN INFORMACIÓN
2010	50124	Herrera de los Navarros	6,0	3,0	3,0	1425,0	646,0	779,0	3,0	2,0	0,0	1,0	0,0	COMPLETA
2010	50125	Ibdes	1,0	0,0	1,0	886,0	0,0	886,0	0,0	0,0	0,0	0,0	0,0	COMPLETA
2010	50126	Illueca												SIN INFORMACIÓN
2010	50128	Isuerre												SIN INFORMACIÓN
2010	50129	Jaraba	1,0	1,0	0,0	225,0	225,0	0,0	1,0	0,0	0,0	0,0	0,0	COMPLETA
2010	50130	Jarque												SIN INFORMACIÓN
2010	50131	Jaulín	0,0	0,0	0,0	0,0	0,0	0,0	0,0	1,0	0,0	0,0	0,0	COMPLETA
2010	50132	Joyosa (La)	0,0	0,0	0,0	0,0	0,0	0,0	0,0	1,0	0,0	0,0	0,0	COMPLETA
2010	50133	Lagata												SIN INFORMACIÓN
2010	50134	Langa del Castillo												SIN INFORMACIÓN
2010	50135	Layana								1,0				INCOMPLETA
2010	50136	Lécera	2,0	0,0	2,0	293,0	0,0	293,0	0,0	3,0	0,0	5,0	0,0	COMPLETA
2010	50137	Leciñena	1,0	1,0	0,0	274,0	274,0	0,0	1,0	0,0	0,0	0,0	0,0	COMPLETA
2010	50138	Lechón												SIN INFORMACIÓN
2010	50139	Letux												SIN INFORMACIÓN
2010	50140	Litago	0,0	0,0	0,0	0,0	0,0	0,0	0,0	1,0	0,0	0,0	0,0	COMPLETA
2010	50141	Lituénigo												SIN INFORMACIÓN
2010	50142	Lobera de Onsella												SIN INFORMACIÓN
2010	50143	Longares	2,0	2,0	0,0	523,0	523,0	0,0	2,0	0,0	0,0	0,0	0,0	COMPLETA
2010	50144	Longás												SIN INFORMACIÓN
2010	50146	Lucena de Jalón												SIN INFORMACIÓN
2010	50147	Luceni	0,0	0,0	0,0	0,0	0,0	0,0	0,0	2,0	0,0	0,0	0,0	COMPLETA
2010	50148	Luesia												SIN INFORMACIÓN
2010	50149	Luesma												SIN INFORMACIÓN
2010	50150	Lumpiaque	2,0	2,0	0,0	356,0	356,0	0,0	2,0	1,0	0,0	0,0	0,0	COMPLETA
2010	50151	Luna	1,0	1,0	0,0	207,0	207,0	0,0	1,0	0,0	0,0	0,0	0,0	COMPLETA
2010	50152	Maella	1,0	0,0	1,0	360,0	0,0	360,0	0,0	1,0	1,0	0,0	0,0	COMPLETA
2010	50153	Magallón	5,0	3,0	2,0	1232,0	826,0	406,0	3,0	0,0	0,0	0,0	0,0	COMPLETA
2010	50154	Mainar												SIN INFORMACIÓN
2010	50155	Malanquilla												SIN INFORMACIÓN
2010	50156	Maleján	1,0	1,0	0,0	110,0	110,0	0,0	1,0	0,0	0,0	0,0	0,0	COMPLETA
2010	50157	Malón	1,0	1,0		328,0	328,0		1,0					INCOMPLETA
2010	50159	Maluenda	1,0	1,0	0,0	219,0	219,0	0,0	1,0	0,0	0,0	0,0	0,0	COMPLETA
2010	50160	Mallén	7,0	5,0	2,0	4228,0	1255,0	2973,0	5,0	2,0	0,0	1,0	1,0	COMPLETA
2010	50161	Manchones												SIN INFORMACIÓN
2010	50162	Mara												SIN INFORMACIÓN
2010	50163	María de Huerva	0,0	0,0	0,0	0,0	0,0	0,0	0,0	0,0	0,0	0,0	0,0	COMPLETA
2010	50164	Mediana de Aragón												SIN INFORMACIÓN
2010	50165	Mequinenza	20,0	18,0	2,0	4345,0	2581,0	1764,0	18,0	2,0	1,0	0,0	0,0	COMPLETA
2010	50166	Mesones de Isuela												SIN INFORMACIÓN
2010	50167	Mezalocha	1,0	1,0	0,0	97,0	97,0	0,0	1,0	0,0	0,0	0,0	0,0	COMPLETA
2010	50168	Mianos												SIN INFORMACIÓN
2010	50169	Miedes de Aragón	0,0	0,0	0,0	0,0	0,0	0,0	0,0	0,0	0,0	1,0	0,0	COMPLETA
2010	50170	Monegrillo	1,0	0,0	1,0	266,0	0,0	266,0	0,0	0,0	0,0	0,0	0,0	COMPLETA
2010	50171	Moneva												SIN INFORMACIÓN
2010	50172	Monreal de Ariza												SIN INFORMACIÓN
2010	50173	Monterde												SIN INFORMACIÓN
2010	50174	Montón	0,0	0,0	0,0	0,0	0,0	0,0	0,0	1,0	0,0	0,0	0,0	COMPLETA
2010	50175	Morata de Jalón	2,0	1,0	1,0	574,0	328,0	246,0	1,0	2,0	0,0	1,0	0,0	COMPLETA
2010	50176	Morata de Jiloca												SIN INFORMACIÓN
2010	50177	Morés								1,0				INCOMPLETA
2010	50178	Moros												SIN INFORMACIÓN
2010	50179	Moyuela												SIN INFORMACIÓN
2010	50180	Mozota	0,0	0,0	0,0	0,0	0,0	0,0	0,0	1,0	0,0	0,0	0,0	COMPLETA
2010	50181	Muel	5,0	5,0		810,0	810,0		5,0					INCOMPLETA
2010	50182	Muela (La)	5,0	3,0	2,0	5929,0	659,0	5270,0	3,0	11,0	1,0	3,0	3,0	COMPLETA
2010	50183	Munébrega												SIN INFORMACIÓN
2010	50184	Murero	1,0	1,0	0,0	179,0	179,0	0,0	1,0	0,0	0,0	0,0	0,0	COMPLETA
2010	50185	Murillo de Gállego												SIN INFORMACIÓN
2010	50186	Navardún												SIN INFORMACIÓN
2010	50187	Nigüella												SIN INFORMACIÓN
2010	50188	Nombrevilla												SIN INFORMACIÓN
2010	50189	Nonaspe	5,0	1,0	4,0	1700,0	335,0	1365,0	1,0	8,0	2,0	2,0	0,0	COMPLETA
2010	50190	Novallas	3,0	1,0	2,0	400,0	157,0	243,0	1,0	0,0	0,0	0,0	0,0	COMPLETA
2010	50191	Novillas	3,0	1,0	2,0	500,0	168,0	332,0	1,0	1,0	0,0	0,0	0,0	COMPLETA
2010	50192	Nuévalos												SIN INFORMACIÓN
2010	50193	Nuez de Ebro	1,0	1,0	0,0	176,0	176,0	0,0	1,0	0,0	0,0	0,0	0,0	COMPLETA
2010	50194	Olvés												SIN INFORMACIÓN
2010	50195	Orcajo												SIN INFORMACIÓN
2010	50196	Orera												SIN INFORMACIÓN
2010	50197	Orés												SIN INFORMACIÓN
2010	50198	Oseja												SIN INFORMACIÓN
2010	50199	Osera de Ebro												SIN INFORMACIÓN
2010	50200	Paniza	1,0	1,0	0,0	231,0	231,0	0,0	1,0	0,0	0,0	0,0	0,0	COMPLETA
2010	50201	Paracuellos de Jiloca	1,0	1,0	0,0	120,0	120,0	0,0	1,0	1,0	1,0	0,0	0,0	COMPLETA
2010	50202	Paracuellos de la Ribera												SIN INFORMACIÓN
2010	50203	Pastriz	3,0	3,0	0,0	504,0	504,0	0,0	3,0	0,0	0,0	0,0	0,0	COMPLETA
2010	50204	Pedrola	6,0	5,0	1,0	1709,0	1637,0	72,0	5,0	1,0	0,0	4,0	5,0	COMPLETA
2010	50205	Pedrosas (Las)												SIN INFORMACIÓN
2010	50206	Perdiguera	3,0	1,0	2,0	718,0	164,0	554,0	1,0	1,0	0,0	0,0	0,0	COMPLETA
2010	50207	Piedratajada												SIN INFORMACIÓN
2010	50208	Pina de Ebro	3,0	2,0	1,0	1891,0	410,0	1481,0	2,0	5,0	0,0	2,0	1,0	COMPLETA
2010	50209	Pinseque	4,0	3,0	1,0	754,0	645,0	109,0	3,0	5,0	0,0	0,0	0,0	COMPLETA
2010	50210	Pintanos (Los)												SIN INFORMACIÓN
2010	50211	Plasencia de Jalón												SIN INFORMACIÓN
2010	50212	Pleitas												SIN INFORMACIÓN
2010	50213	Plenas												SIN INFORMACIÓN
2010	50214	Pomer												SIN INFORMACIÓN
2010	50215	Pozuel de Ariza												SIN INFORMACIÓN
2010	50216	Pozuelo de Aragón	1,0	1,0	0,0	277,0	277,0	0,0	1,0	3,0	0,0	0,0	0,0	COMPLETA
2010	50217	Pradilla de Ebro	1,0	1,0	0,0	429,0	429,0	0,0	1,0	1,0	0,0	0,0	0,0	COMPLETA
2010	50218	Puebla de Albortón	1,0		1,0	1250,0		1250,0						INCOMPLETA
2010	50219	Puebla de Alfindén (La)	2,0	2,0	0,0	11143,0	11143,0	0,0	74,0	2,0	0,0	0,0	0,0	COMPLETA
2010	50220	Puendeluna												SIN INFORMACIÓN
2010	50221	Purujosa												SIN INFORMACIÓN
2010	50222	Quinto	7,0	6,0	1,0	1990,0	1929,0	61,0	7,0	6,0	0,0	1,0	1,0	COMPLETA
2010	50223	Remolinos	9,0	7,0	2,0	4513,0	3976,0	537,0	20,0	1,0	0,0	4,0	1,0	COMPLETA
2010	50224	Retascón												SIN INFORMACIÓN
2010	50225	Ricla	3,0		3,0	1691,0		1691,0						INCOMPLETA
2010	50227	Romanos	1,0	1,0	0,0	99,0	99,0	0,0	1,0	1,0	0,0	0,0	0,0	COMPLETA
2010	50228	Rueda de Jalón												SIN INFORMACIÓN
2010	50229	Ruesca												SIN INFORMACIÓN
2010	50230	Sádaba	2,0	2,0	0,0	188,0	188,0	0,0	2,0	3,0	0,0	0,0	0,0	COMPLETA
2010	50231	Salillas de Jalón												SIN INFORMACIÓN
2010	50232	Salvatierra de Esca	1,0	1,0	0,0	308,0	308,0	0,0	1,0	0,0	0,0	0,0	0,0	COMPLETA
2010	50233	Samper del Salz												SIN INFORMACIÓN
2010	50234	San Martín de la Virgen de Moncayo	0,0	0,0	0,0	0,0	0,0	0,0	0,0	1,0	0,0	1,0	1,0	COMPLETA
2010	50235	San Mateo de Gállego	35,0	18,0	17,0	3597,0	2720,0	877,0	18,0	4,0	0,0	0,0	0,0	COMPLETA
2010	50236	Santa Cruz de Grío												SIN INFORMACIÓN
2010	50237	Santa Cruz de Moncayo	0,0	0,0	0,0	0,0	0,0	0,0	0,0	1,0	0,0	0,0	0,0	COMPLETA
2010	50238	Santa Eulalia de Gállego												SIN INFORMACIÓN
2010	50239	Santed												SIN INFORMACIÓN
2010	50240	Sástago	0,0	0,0	0,0	0,0	0,0	0,0	0,0	1,0	0,0	3,0	3,0	COMPLETA
2010	50241	Saviñán	1,0		1,0	3000,0		3000,0		1,0	1,0			INCOMPLETA
2010	50242	Sediles												SIN INFORMACIÓN
2010	50243	Sestrica												SIN INFORMACIÓN
2010	50244	Sierra de Luna												SIN INFORMACIÓN
2010	50245	Sigüés	2,0	2,0	0,0	578,0	578,0	0,0	3,0	2,0	0,0	0,0	0,0	COMPLETA
2010	50246	Sisamón												SIN INFORMACIÓN
2010	50247	Sobradiel	1,0	1,0	0,0	157,0	157,0	0,0	1,0	1,0	0,0	2,0	1,0	COMPLETA
2010	50248	Sos del Rey Católico	3,0	1,0	2,0	2306,0	290,0	2016,0	0,0	0,0	0,0	0,0	0,0	COMPLETA
2010	50249	Tabuenca	1,0		1,0	70,0		70,0		1,0				INCOMPLETA
2010	50250	Talamantes												SIN INFORMACIÓN
2010	50251	Tarazona	1,0	1,0	0,0	1870,0	1870,0	0,0	16,0	11,0	5,0	1,0	5,0	COMPLETA
2010	50252	Tauste	9,0	4,0	5,0	2428,0	1334,0	1094,0	4,0	4,0	0,0	7,0	6,0	COMPLETA
2010	50253	Terrer												SIN INFORMACIÓN
2010	50254	Tierga	0,0	0,0	0,0	0,0	0,0	0,0	0,0	1,0	0,0	0,0	0,0	COMPLETA
2010	50255	Tobed												SIN INFORMACIÓN
2010	50256	Torralba de los Frailes												SIN INFORMACIÓN
2010	50257	Torralba de Ribota												SIN INFORMACIÓN
2010	50258	Torralbilla												SIN INFORMACIÓN
2010	50259	Torrehermosa												SIN INFORMACIÓN
2010	50260	Torrelapaja												SIN INFORMACIÓN
2010	50261	Torrellas												SIN INFORMACIÓN
2010	50262	Torres de Berrellén	9,0	7,0	2,0	3083,0	995,0	2088,0	7,0	1,0	0,0	1,0	0,0	COMPLETA
2010	50263	Torrijo de la Cañada	0,0	0,0	0,0	0,0	0,0	0,0	0,0	1,0	0,0	0,0	0,0	COMPLETA
2010	50264	Tosos	0,0	0,0	0,0	0,0	0,0	0,0	0,0	3,0	0,0	0,0	0,0	COMPLETA
2010	50265	Trasmoz												SIN INFORMACIÓN
2010	50266	Trasobares												SIN INFORMACIÓN
2010	50267	Uncastillo	2,0	2,0	0,0	485,0	485,0	0,0	2,0	1,0	0,0	0,0	0,0	COMPLETA
2010	50268	Undués de Lerda												SIN INFORMACIÓN
2010	50269	Urrea de Jalón												SIN INFORMACIÓN
2010	50270	Urriés												SIN INFORMACIÓN
2010	50271	Used												SIN INFORMACIÓN
2010	50272	Utebo	1,0	1,0	0,0	170,0	170,0	0,0	1,0	4,0	1,0	0,0	2,0	COMPLETA
2010	50273	Valdehorna												SIN INFORMACIÓN
2010	50274	Val de San Martín												SIN INFORMACIÓN
2010	50275	Valmadrid	1,0	1,0	0,0	1027,0	1027,0	0,0	0,0	0,0	0,0	0,0	0,0	COMPLETA
2010	50276	Valpalmas	1,0	1,0	0,0	157,0	157,0	0,0	1,0	0,0	0,0	0,0	0,0	COMPLETA
2010	50277	Valtorres												SIN INFORMACIÓN
2010	50278	Velilla de Ebro	0,0	0,0	0,0	0,0	0,0	0,0	0,0	1,0	0,0	3,0	3,0	COMPLETA
2010	50279	Velilla de Jiloca												SIN INFORMACIÓN
2010	50280	Vera de Moncayo	0,0	0,0	0,0	0,0	0,0	0,0	0,0	0,0	0,0	0,0	0,0	COMPLETA
2010	50281	Vierlas												SIN INFORMACIÓN
2010	50282	Vilueña (La)												SIN INFORMACIÓN
2010	50283	Villadoz												SIN INFORMACIÓN
2010	50284	Villafeliche												SIN INFORMACIÓN
2010	50285	Villafranca de Ebro	0,0	0,0	0,0	0,0	0,0	0,0	0,0	1,0	0,0	0,0	0,0	COMPLETA
2010	50286	Villalba de Perejil												SIN INFORMACIÓN
2010	50287	Villalengua	2,0	0,0	2,0	224,0	0,0	224,0	0,0	0,0	0,0	0,0	0,0	COMPLETA
2010	50288	Villanueva de Gállego	3,0	1,0	2,0	2779,0	446,0	2333,0	1,0	0,0	0,0	6,0	0,0	COMPLETA
2010	50289	Villanueva de Jiloca												SIN INFORMACIÓN
2010	50290	Villanueva de Huerva	6,0	6,0	0,0	554,0	554,0	0,0	6,0	0,0	0,0	1,0	1,0	COMPLETA
2010	50291	Villar de los Navarros												SIN INFORMACIÓN
2010	50292	Villarreal de Huerva	0,0	0,0	0,0	0,0	0,0	0,0	0,0	0,0	0,0	1,0	1,0	COMPLETA
2010	50293	Villarroya de la Sierra												SIN INFORMACIÓN
2010	50294	Villarroya del Campo												SIN INFORMACIÓN
2010	50295	Vistabella												SIN INFORMACIÓN
2010	50296	Zaida (La)												SIN INFORMACIÓN
2010	50297	Zaragoza	203,0	140,0	63,0	612064,0	331611,0	280453,0	1889,0	608,0	20,0	86,0	56,0	COMPLETA
2010	50298	Zuera	8,0	7,0	1,0	2447,0	2283,0	164,0	7,0	0,0	0,0	1,0	0,0	COMPLETA
2010	50901	Biel												SIN INFORMACIÓN
2010	50902	Marracos												SIN INFORMACIÓN
2010	50903	Villamayor de Gállego	4,0	2,0	2,0	9600,0	7760,0	1840,0	46,0	6,0	0,0	0,0	0,0	COMPLETA
2009	22001	Abiego												SIN INFORMACIÓN
2009	22002	Abizanda	0,0	0,0	0,0	0,0	0,0	0,0	0,0	1,0	0,0	0,0	0,0	COMPLETA
2009	22003	Adahuesca	1,0	1,0	0,0	356,0	356,0	0,0	3,0	0,0	0,0	0,0	0,0	COMPLETA
2009	22004	Agüero	0,0	0,0	0,0	0,0	0,0	0,0	0,0	1,0	0,0	0,0	0,0	COMPLETA
2009	22006	Aísa	0,0	0,0	0,0	0,0	0,0	0,0	0,0	1,0	0,0	0,0	0,0	COMPLETA
2009	22007	Albalate de Cinca	3,0	1,0	2,0	643,0	393,0	250,0	1,0	0,0	0,0	0,0	0,0	COMPLETA
2009	22008	Albalatillo												SIN INFORMACIÓN
2009	22009	Albelda	2,0	0,0	2,0	1750,0	0,0	1750,0	0,0	0,0	0,0	0,0	0,0	COMPLETA
2009	22011	Albero Alto												SIN INFORMACIÓN
2009	22012	Albero Bajo												SIN INFORMACIÓN
2009	22013	Alberuela de Tubo	3,0	0,0	3,0	2644,0	0,0	2644,0	0,0	0,0	0,0	0,0	0,0	COMPLETA
2009	22014	Alcalá de Gurrea	0,0	0,0	0,0	0,0	0,0	0,0	0,0	3,0	9,0	0,0	6,0	COMPLETA
2009	22015	Alcalá del Obispo	1,0	0,0	1,0	246,0	0,0	246,0	0,0	0,0	0,0	0,0	0,0	COMPLETA
2009	22016	Alcampell	0,0	0,0	0,0	0,0	0,0	0,0	0,0	2,0	0,0	0,0	0,0	COMPLETA
2009	22017	Alcolea de Cinca	4,0	1,0	3,0	2931,0	329,0	2602,0	1,0	2,0	2,0	0,0	0,0	COMPLETA
2009	22018	Alcubierre												SIN INFORMACIÓN
2009	22019	Alerre												SIN INFORMACIÓN
2009	22020	Alfántega												SIN INFORMACIÓN
2009	22021	Almudévar	8,0	4,0	4,0	1509,0	1188,0	321,0	4,0	2,0	0,0	1,0	0,0	COMPLETA
2009	22022	Almunia de San Juan	2,0	2,0		692,0	692,0		2,0					INCOMPLETA
2009	22023	Almuniente	2,0	0,0	2,0	1764,0	0,0	1764,0	0,0	0,0	0,0	0,0	0,0	COMPLETA
2009	22024	Alquézar												SIN INFORMACIÓN
2009	22025	Altorricón	4,0	3,0	1,0	1896,0	1829,0	67,0	2,0	2,0	0,0	0,0	0,0	COMPLETA
2009	22027	Angüés	1,0	1,0	0,0	265,0	265,0	0,0	1,0	1,0	0,0	0,0	0,0	COMPLETA
2009	22028	Ansó	0,0	0,0	0,0	0,0	0,0	0,0	0,0	4,0	3,0	0,0	0,0	COMPLETA
2009	22029	Antillón												SIN INFORMACIÓN
2009	22032	Aragüés del Puerto												SIN INFORMACIÓN
2009	22035	Arén	1,0	1,0	0,0	271,0	271,0	0,0	1,0	0,0	0,0	0,0	0,0	COMPLETA
2009	22036	Argavieso												SIN INFORMACIÓN
2009	22037	Arguis												SIN INFORMACIÓN
2009	22039	Ayerbe	1,0	0,0	1,0	919,0	0,0	919,0	0,0	1,0	0,0	1,0	1,0	COMPLETA
2009	22040	Azanuy-Alins												SIN INFORMACIÓN
2009	22041	Azara												SIN INFORMACIÓN
2009	22042	Azlor	0,0	0,0	0,0	0,0	0,0	0,0	0,0	1,0	1,0	0,0	0,0	COMPLETA
2009	22043	Baells												SIN INFORMACIÓN
2009	22044	Bailo	0,0	0,0	0,0	0,0	0,0	0,0	0,0	1,0	0,0	0,0	0,0	COMPLETA
2009	22045	Baldellou												SIN INFORMACIÓN
2009	22046	Ballobar												SIN INFORMACIÓN
2009	22047	Banastás												SIN INFORMACIÓN
2009	22048	Barbastro	26,0	15,0	11,0	9310,0	4189,0	5121,0	25,0	6,0	10,0	0,0	5,0	COMPLETA
2009	22049	Barbués	2,0	0,0	2,0	1411,0	0,0	1411,0	0,0	0,0	0,0	0,0	0,0	COMPLETA
2009	22050	Barbuñales	1,0	1,0		214,0	214,0		1,0					INCOMPLETA
2009	22051	Bárcabo	0,0	0,0	0,0	0,0	0,0	0,0	0,0	1,0	0,0	0,0	0,0	COMPLETA
2009	22052	Belver de Cinca	4,0	3,0	1,0	1063,0	919,0	144,0	3,0	0,0	0,0	0,0	0,0	COMPLETA
2009	22053	Benabarre	3,0	0,0	3,0	2928,0	0,0	2928,0	0,0	11,0	0,0	0,0	0,0	COMPLETA
2009	22054	Benasque	11,0	11,0	0,0	24622,0	24622,0	0,0	184,0	1,0	2,0	2,0	3,0	COMPLETA
2009	22055	Berbegal	0,0	0,0	0,0	0,0	0,0	0,0	0,0	1,0	0,0	0,0	0,0	COMPLETA
2009	22057	Bielsa	3,0	0,0	3,0	540,0	0,0	540,0	0,0	1,0	0,0	1,0	1,0	COMPLETA
2009	22058	Bierge	1,0	1,0	0,0	136,0	136,0	0,0	1,0	0,0	0,0	0,0	0,0	COMPLETA
2009	22059	Biescas	6,0	1,0	5,0	796,0	222,0	574,0	1,0	6,0	3,0	0,0	1,0	COMPLETA
2009	22060	Binaced	8,0	3,0	5,0	8034,0	3114,0	4920,0	18,0	2,0	0,0	0,0	0,0	COMPLETA
2009	22061	Binéfar	29,0	9,0	20,0	19785,0	8264,0	11521,0	40,0	13,0	0,0	2,0	2,0	COMPLETA
2009	22062	Bisaurri												SIN INFORMACIÓN
2009	22063	Biscarrués	3,0	0,0	3,0	2482,0	0,0	2482,0	0,0	2,0	1,0	0,0	0,0	COMPLETA
2009	22064	Blecua y Torres	0,0	0,0	0,0	0,0	0,0	0,0	0,0	1,0	0,0	0,0	0,0	COMPLETA
2009	22066	Boltaña	4,0	4,0	0,0	6030,0	6030,0	0,0	34,0	6,0	0,0	0,0	0,0	COMPLETA
2009	22067	Bonansa	0,0	0,0	0,0	0,0	0,0	0,0	0,0	1,0	1,0	0,0	0,0	COMPLETA
2009	22068	Borau												SIN INFORMACIÓN
2009	22069	Broto												SIN INFORMACIÓN
2009	22072	Caldearenas	0,0	0,0	0,0	0,0	0,0	0,0	0,0	4,0	1,0	1,0	0,0	COMPLETA
2009	22074	Campo												SIN INFORMACIÓN
2009	22075	Camporrells	1,0	0,0	1,0	1952,0	0,0	1952,0	0,0	0,0	0,0	0,0	0,0	COMPLETA
2009	22076	Canal de Berdún	0,0	0,0	0,0	0,0	0,0	0,0	0,0	1,0	1,0	0,0	0,0	COMPLETA
2009	22077	Candasnos	1,0	0,0	1,0	1980,0	0,0	1980,0	0,0	2,0	0,0	2,0	1,0	COMPLETA
2009	22078	Canfranc	1,0	0,0	1,0	2665,0	0,0	2665,0	0,0	0,0	0,0	0,0	0,0	COMPLETA
2009	22079	Capdesaso												SIN INFORMACIÓN
2009	22080	Capella	1,0	1,0	0,0	370,0	370,0	0,0	1,0	0,0	0,0	0,0	0,0	COMPLETA
2009	22081	Casbas de Huesca	1,0	0,0	1,0	290,0	0,0	290,0	0,0	1,0	0,0	0,0	0,0	COMPLETA
2009	22082	Castejón del Puente												SIN INFORMACIÓN
2009	22083	Castejón de Monegros	1,0	1,0	0,0	75,0	75,0	0,0	1,0	0,0	0,0	0,0	0,0	COMPLETA
2009	22084	Castejón de Sos	7,0	7,0	0,0	1568,0	1568,0	0,0	8,0	5,0	2,0	3,0	1,0	COMPLETA
2009	22085	Castelflorite												SIN INFORMACIÓN
2009	22086	Castiello de Jaca												SIN INFORMACIÓN
2009	22087	Castigaleu												SIN INFORMACIÓN
2009	22088	Castillazuelo	0,0	0,0	0,0	0,0	0,0	0,0	0,0	1,0	0,0	0,0	0,0	COMPLETA
2009	22089	Castillonroy												SIN INFORMACIÓN
2009	22090	Colungo												SIN INFORMACIÓN
2009	22094	Chalamera												SIN INFORMACIÓN
2009	22095	Chía	0,0	0,0	0,0	0,0	0,0	0,0	0,0	1,0	1,0	0,0	0,0	COMPLETA
2009	22096	Chimillas												SIN INFORMACIÓN
2009	22099	Esplús	3,0	2,0	1,0	1627,0	475,0	1152,0	2,0	0,0	0,0	0,0	0,0	COMPLETA
2009	22102	Estada	3,0	1,0	2,0	840,0	360,0	480,0	1,0	0,0	0,0	0,0	0,0	COMPLETA
2009	22103	Estadilla	1,0	1,0	0,0	299,0	299,0	0,0	1,0	1,0	1,0	0,0	0,0	COMPLETA
2009	22105	Estopiñán del Castillo	1,0	0,0	1,0	60,0	0,0	60,0	0,0	6,0	1,0	0,0	0,0	COMPLETA
2009	22106	Fago	0,0	0,0	0,0	0,0	0,0	0,0	0,0	1,0	0,0	0,0	0,0	COMPLETA
2009	22107	Fanlo	1,0	1,0	0,0	326,0	326,0	0,0	4,0	2,0	1,0	0,0	0,0	COMPLETA
2009	22109	Fiscal	3,0	2,0	1,0	691,0	391,0	300,0	2,0	3,0	10,0		1,0	INCOMPLETA
2009	22110	Fonz	3,0	2,0	1,0	774,0	342,0	432,0	2,0	1,0	0,0	0,0	0,0	COMPLETA
2009	22111	Foradada del Toscar	0,0	0,0	0,0	0,0	0,0	0,0	0,0	1,0	0,0	0,0	0,0	COMPLETA
2009	22112	Fraga	7,0	4,0	3,0	3338,0	1460,0	1878,0	5,0	7,0	7,0	0,0	2,0	COMPLETA
2009	22113	Fueva (La)								2,0				INCOMPLETA
2009	22114	Gistaín	0,0	0,0	0,0	0,0	0,0	0,0	0,0	1,0	1,0	0,0	0,0	COMPLETA
2009	22115	Grado (El)												SIN INFORMACIÓN
2009	22116	Grañén	7,0	0,0	7,0	10790,0	0,0	10790,0	0,0	0,0	0,0	0,0	0,0	COMPLETA
2009	22117	Graus	11,0	8,0	3,0	3023,0	2292,0	731,0	8,0	29,0	2,0	1,0	0,0	COMPLETA
2009	22119	Gurrea de Gállego	1,0	0,0	1,0	480,0	0,0	480,0	0,0	4,0	0,0	0,0	0,0	COMPLETA
2009	22122	Hoz de Jaca	2,0	1,0	1,0	139,0	113,0	26,0	1,0	0,0	0,0	0,0	0,0	COMPLETA
2009	22124	Huerto												SIN INFORMACIÓN
2009	22125	Huesca	10,0	6,0	4,0	32271,0	27242,0	5029,0	176,0	12,0	1,0	2,0	8,0	COMPLETA
2009	22126	Ibieca												SIN INFORMACIÓN
2009	22127	Igriés												SIN INFORMACIÓN
2009	22128	Ilche												SIN INFORMACIÓN
2009	22129	Isábena	1,0	0,0	1,0	122,0	0,0	122,0	0,0	2,0	3,0	0,0	0,0	COMPLETA
2009	22130	Jaca	19,0	16,0	3,0	15536,0	7972,0	7564,0	45,0	17,0	13,0	0,0	0,0	COMPLETA
2009	22131	Jasa	0,0	0,0	0,0	0,0	0,0	0,0	0,0	1,0	1,0	0,0	0,0	COMPLETA
2009	22133	Labuerda	1,0	0,0	1,0	360,0	0,0	360,0	0,0	1,0	0,0	0,0	0,0	COMPLETA
2009	22135	Laluenga												SIN INFORMACIÓN
2009	22136	Lalueza	2,0	1,0	1,0	800,0	111,0	689,0	1,0	1,0	0,0	0,0	0,0	COMPLETA
2009	22137	Lanaja	0,0	0,0	0,0	0,0	0,0	0,0	0,0	3,0	2,0	0,0	0,0	COMPLETA
2009	22139	Laperdiguera	1,0	1,0	0,0	243,0	243,0	0,0	1,0	0,0	0,0	1,0	1,0	COMPLETA
2009	22141	Lascellas-Ponzano												SIN INFORMACIÓN
2009	22142	Lascuarre	5,0	1,0	4,0	2361,0	79,0	2282,0	1,0	1,0	2,0	0,0	1,0	COMPLETA
2009	22143	Laspaúles	3,0	3,0	0,0	908,0	908,0	0,0	3,0	2,0	0,0	1,0	0,0	COMPLETA
2009	22144	Laspuña	0,0	0,0	0,0	0,0	0,0	0,0	0,0	4,0	7,0	0,0	1,0	COMPLETA
2009	22149	Loarre	0,0	0,0	0,0	0,0	0,0	0,0	0,0	2,0	0,0	0,0	0,0	COMPLETA
2009	22150	Loporzano	0,0	0,0	0,0	0,0	0,0	0,0	0,0	0,0	0,0	1,0	0,0	COMPLETA
2009	22151	Loscorrales	1,0	0,0	1,0	615,0	0,0	615,0	0,0	0,0	0,0	0,0	0,0	COMPLETA
2009	22155	Monesma y Cajigar												SIN INFORMACIÓN
2009	22156	Monflorite-Lascasas	2,0	1,0	1,0	2499,0	1869,0	630,0	14,0	0,0	0,0	0,0	0,0	COMPLETA
2009	22157	Montanuy	2,0	2,0	0,0	488,0	488,0	0,0	3,0	2,0	4,0	1,0	0,0	COMPLETA
2009	22158	Monzón	7,0	6,0	1,0	10782,0	9925,0	857,0	54,0	7,0	12,0	1,0	4,0	COMPLETA
2009	22160	Naval												SIN INFORMACIÓN
2009	22162	Novales												SIN INFORMACIÓN
2009	22163	Nueno	0,0	0,0	0,0	0,0	0,0	0,0	0,0	1,0	0,0	0,0	0,0	COMPLETA
2009	22164	Olvena												SIN INFORMACIÓN
2009	22165	Ontiñena	2,0	0,0	2,0	1794,0	0,0	1794,0	0,0	0,0	0,0	0,0	0,0	COMPLETA
2009	22167	Osso de Cinca	6,0	1,0	5,0	2601,0	272,0	2329,0	1,0	0,0	0,0	0,0	0,0	COMPLETA
2009	22168	Palo								1,0				INCOMPLETA
2009	22170	Panticosa	1,0	1,0	0,0	2685,0	2685,0	0,0	0,0	1,0	0,0	0,0	0,0	COMPLETA
2009	22172	Peñalba												SIN INFORMACIÓN
2009	22173	Peñas de Riglos (Las)	2,0	1,0	1,0	302,0	283,0	19,0	1,0	5,0	4,0	0,0	1,0	COMPLETA
2009	22174	Peralta de Alcofea	11,0	0,0	11,0	13222,0	0,0	13222,0	0,0	2,0	0,0	1,0	1,0	COMPLETA
2009	22175	Peralta de Calasanz												SIN INFORMACIÓN
2009	22176	Peraltilla												SIN INFORMACIÓN
2009	22177	Perarrúa												SIN INFORMACIÓN
2009	22178	Pertusa	0,0	0,0	0,0	0,0	0,0	0,0	0,0	1,0	0,0	0,0	0,0	COMPLETA
2009	22181	Piracés												SIN INFORMACIÓN
2009	22182	Plan												SIN INFORMACIÓN
2009	22184	Poleñino	1,0	0,0	1,0	94,0	0,0	94,0	0,0	0,0	0,0	0,0	0,0	COMPLETA
2009	22186	Pozán de Vero	0,0	0,0	0,0	0,0	0,0	0,0	0,0	1,0	0,0	0,0	0,0	COMPLETA
2009	22187	Puebla de Castro (La)	1,0	1,0	0,0	184,0	184,0	0,0	1,0	1,0	0,0	0,0	0,0	COMPLETA
2009	22188	Puente de Montañana								1,0	1,0			INCOMPLETA
2009	22189	Puértolas	1,0	1,0		471,0	471,0		2,0	1,0	1,0	1,0	1,0	INCOMPLETA
2009	22190	Pueyo de Araguás (El)	1,0	1,0	0,0	200,0	200,0	0,0	1,0	1,0	1,0	0,0	0,0	COMPLETA
2009	22193	Pueyo de Santa Cruz	0,0	0,0	0,0	0,0	0,0	0,0	0,0	2,0	0,0	0,0	0,0	COMPLETA
2009	22195	Quicena												SIN INFORMACIÓN
2009	22197	Robres	2,0	0,0	2,0	508,0	0,0	508,0	0,0	1,0	1,0	2,0	2,0	COMPLETA
2009	22199	Sabiñánigo	4,0	4,0	0,0	4520,0	4520,0	0,0	24,0	3,0	7,0	0,0	0,0	COMPLETA
2009	22200	Sahún	3,0	3,0	0,0	630,0	630,0	0,0	4,0	0,0	0,0	2,0	0,0	COMPLETA
2009	22201	Salas Altas												SIN INFORMACIÓN
2009	22202	Salas Bajas												SIN INFORMACIÓN
2009	22203	Salillas	2,0	1,0	1,0	831,0	243,0	588,0	1,0	0,0	0,0	1,0	1,0	COMPLETA
2009	22204	Sallent de Gállego	1,0	0,0	1,0	65,0	0,0	65,0	0,0	2,0	1,0	0,0	0,0	COMPLETA
2009	22205	San Esteban de Litera	10,0	0,0	10,0	5059,0	0,0	5059,0	0,0	1,0	0,0	0,0	0,0	COMPLETA
2009	22206	Sangarrén												SIN INFORMACIÓN
2009	22207	San Juan de Plan	1,0	1,0	0,0	116,0	116,0	0,0	1,0	1,0	1,0	1,0	0,0	COMPLETA
2009	22208	Santa Cilia	1,0	1,0	0,0	176,0	176,0	0,0	1,0	1,0	1,0	0,0	0,0	COMPLETA
2009	22209	Santa Cruz de la Serós	2,0	1,0	1,0	605,0	127,0	478,0	1,0	2,0				INCOMPLETA
2009	22212	Santaliestra y San Quílez												SIN INFORMACIÓN
2009	22213	Sariñena	21,0	10,0	11,0	21707,0	12766,0	8941,0	81,0	6,0	0,0	4,0	4,0	COMPLETA
2009	22214	Secastilla	0,0	0,0	0,0	0,0	0,0	0,0	0,0	4,0	1,0	0,0	0,0	COMPLETA
2009	22215	Seira	0,0	0,0	0,0	0,0	0,0	0,0	0,0	2,0	1,0	0,0	0,0	COMPLETA
2009	22217	Sena	3,0	0,0	3,0	495,0	0,0	495,0	0,0	2,0	0,0	2,0	2,0	COMPLETA
2009	22218	Senés de Alcubierre												SIN INFORMACIÓN
2009	22220	Sesa	0,0	0,0	0,0	0,0	0,0	0,0	0,0	2,0	0,0	0,0	0,0	COMPLETA
2009	22221	Sesué	1,0	1,0	0,0	288,0	288,0	0,0	1,0	0,0	0,0	2,0	0,0	COMPLETA
2009	22222	Siétamo	1,0	0,0	1,0	1088,0	0,0	1088,0	0,0	3,0	0,0	0,0	0,0	COMPLETA
2009	22223	Sopeira	2,0	2,0	0,0	951,0	951,0	0,0	6,0	0,0	0,0	1,0	0,0	COMPLETA
2009	22225	Tamarite de Litera	1,0	1,0	0,0	263,0	263,0	0,0	1,0	2,0	0,0	0,0	0,0	COMPLETA
2009	22226	Tardienta	4,0	4,0	0,0	918,0	918,0	0,0	4,0	1,0	0,0	1,0	1,0	COMPLETA
2009	22227	Tella-Sin	0,0	0,0	0,0	0,0	0,0	0,0	0,0	1,0	1,0	0,0	0,0	COMPLETA
2009	22228	Tierz	1,0	0,0	1,0	360,0	0,0	360,0	0,0	1,0	1,0	0,0	0,0	COMPLETA
2009	22229	Tolva												SIN INFORMACIÓN
2009	22230	Torla-Ordesa	0,0	0,0	0,0	0,0	0,0	0,0	0,0	1,0	0,0	0,0	0,0	COMPLETA
2009	22232	Torralba de Aragón												SIN INFORMACIÓN
2009	22233	Torre la Ribera												SIN INFORMACIÓN
2009	22234	Torrente de Cinca												SIN INFORMACIÓN
2009	22235	Torres de Alcanadre												SIN INFORMACIÓN
2009	22236	Torres de Barbués	0,0	0,0	0,0	0,0	0,0	0,0	0,0	1,0	0,0	0,0	0,0	COMPLETA
2009	22239	Tramaced												SIN INFORMACIÓN
2009	22242	Valfarta												SIN INFORMACIÓN
2009	22243	Valle de Bardají												SIN INFORMACIÓN
2009	22244	Valle de Lierp												SIN INFORMACIÓN
2009	22245	Velilla de Cinca	1,0	1,0	0,0	503,0	503,0	0,0	1,0	1,0	1,0	0,0	0,0	COMPLETA
2009	22246	Beranuy	0,0	0,0	0,0	0,0	0,0	0,0	0,0	2,0	3,0	0,0	0,0	COMPLETA
2009	22247	Viacamp y Litera												SIN INFORMACIÓN
2009	22248	Vicién	1,0	1,0	0,0	170,0	170,0	0,0	1,0	0,0	0,0	0,0	0,0	COMPLETA
2009	22249	Villanova	2,0	2,0	0,0	1364,0	1364,0	0,0	8,0	0,0	0,0	1,0	1,0	COMPLETA
2009	22250	Villanúa	11,0	11,0	0,0	1537,0	1537,0	0,0	11,0	4,0	2,0	0,0	0,0	COMPLETA
2009	22251	Villanueva de Sigena	5,0	0,0	5,0	5423,0	0,0	5423,0	0,0	2,0	1,0	0,0	0,0	COMPLETA
2009	22252	Yebra de Basa	0,0	0,0	0,0	0,0	0,0	0,0	0,0	1,0	0,0	0,0	0,0	COMPLETA
2009	22253	Yésero												SIN INFORMACIÓN
2009	22254	Zaidín	4,0	1,0	3,0	2705,0	432,0	2273,0	1,0	3,0	1,0	0,0	0,0	COMPLETA
2009	22901	Valle de Hecho	1,0	0,0	1,0	200,0	0,0	200,0	0,0	6,0	4,0	0,0	0,0	COMPLETA
2009	22902	Puente la Reina de Jaca	3,0		3,0	1425,0		1425,0		1,0	2,0			INCOMPLETA
2009	22903	San Miguel del Cinca	2,0	0,0	2,0	597,0	0,0	597,0	0,0	1,0	0,0	0,0	0,0	COMPLETA
2009	22904	Sotonera (La)	4,0	0,0	4,0	3164,0	0,0	3164,0	0,0	7,0	3,0	0,0	0,0	COMPLETA
2009	22905	Lupiñén-Ortilla	1,0	1,0	0,0	197,0	197,0	0,0	1,0	1,0	0,0	0,0	0,0	COMPLETA
2009	22906	Santa María de Dulcis	1,0	1,0	0,0	384,0	384,0	0,0	5,0	0,0	0,0	2,0	1,0	COMPLETA
2009	22907	Aínsa-Sobrarbe	4,0	4,0	0,0	1221,0	1221,0	0,0	6,0	12,0	11,0	2,0	2,0	COMPLETA
2009	22908	Hoz y Costeán												SIN INFORMACIÓN
2009	22909	Vencillón	1,0	1,0		110,0	110,0		1,0					INCOMPLETA
2009	44001	Ababuj												SIN INFORMACIÓN
2009	44002	Abejuela	0,0	0,0	0,0	0,0	0,0	0,0	0,0	1,0	0,0	0,0	0,0	COMPLETA
2009	44003	Aguatón												SIN INFORMACIÓN
2009	44004	Aguaviva	3,0	3,0	0,0	1171,0	1171,0	0,0	3,0	1,0	1,0	1,0	1,0	COMPLETA
2009	44005	Aguilar del Alfambra												SIN INFORMACIÓN
2009	44006	Alacón												SIN INFORMACIÓN
2009	44007	Alba	0,0	0,0	0,0	0,0	0,0	0,0	0,0	1,0	0,0	0,0	0,0	COMPLETA
2009	44008	Albalate del Arzobispo	6,0	2,0	4,0	2932,0	1548,0	1384,0	9,0	2,0	0,0	0,0	0,0	COMPLETA
2009	44009	Albarracín	2,0	2,0	0,0	279,0	279,0	0,0	3,0	3,0	0,0	1,0	1,0	COMPLETA
2009	44010	Albentosa	2,0	2,0	0,0	727,0	727,0	0,0	2,0	2,0	1,0	0,0	0,0	COMPLETA
2009	44011	Alcaine												SIN INFORMACIÓN
2009	44012	Alcalá de la Selva	34,0	34,0	0,0	12592,0	12592,0	0,0	35,0	5,0	4,0	0,0	2,0	COMPLETA
2009	44013	Alcañiz	39,0	10,0	29,0	16416,0	6973,0	9443,0	17,0	31,0	19,0	3,0	3,0	COMPLETA
2009	44014	Alcorisa	12,0	5,0	7,0	4770,0	1578,0	3192,0	5,0	7,0	7,0	1,0		INCOMPLETA
2009	44016	Alfambra	5,0	4,0	1,0	1120,0	1073,0	47,0	4,0	5,0	2,0	0,0	1,0	COMPLETA
2009	44017	Aliaga												SIN INFORMACIÓN
2009	44018	Almohaja												SIN INFORMACIÓN
2009	44019	Alobras												SIN INFORMACIÓN
2009	44020	Alpeñés												SIN INFORMACIÓN
2009	44021	Allepuz												SIN INFORMACIÓN
2009	44022	Alloza	3,0	1,0	2,0	368,0	278,0	90,0	1,0	2,0	0,0	1,0	0,0	COMPLETA
2009	44023	Allueva												SIN INFORMACIÓN
2009	44024	Anadón												SIN INFORMACIÓN
2009	44025	Andorra	18,0	5,0	13,0	15606,0	12891,0	2715,0	84,0	8,0	1,0	2,0	4,0	COMPLETA
2009	44026	Arcos de las Salinas												SIN INFORMACIÓN
2009	44027	Arens de Lledó								1,0				INCOMPLETA
2009	44028	Argente												SIN INFORMACIÓN
2009	44029	Ariño	1,0	0,0	1,0	59,0	0,0	59,0	0,0	1,0	0,0	1,0	0,0	COMPLETA
2009	44031	Azaila												SIN INFORMACIÓN
2009	44032	Bádenas												SIN INFORMACIÓN
2009	44033	Báguena	1,0	1,0	0,0	264,0	264,0	0,0	1,0	3,0	1,0	0,0	0,0	COMPLETA
2009	44034	Bañón												SIN INFORMACIÓN
2009	44035	Barrachina												SIN INFORMACIÓN
2009	44036	Bea												SIN INFORMACIÓN
2009	44037	Beceite	4,0	4,0	0,0	786,0	786,0	0,0	4,0	0,0	0,0	0,0	0,0	COMPLETA
2009	44038	Belmonte de San José												SIN INFORMACIÓN
2009	44039	Bello												SIN INFORMACIÓN
2009	44040	Berge												SIN INFORMACIÓN
2009	44041	Bezas												SIN INFORMACIÓN
2009	44042	Blancas	2,0	2,0	0,0	433,0	433,0	0,0	2,0	0,0	0,0	0,0	0,0	COMPLETA
2009	44043	Blesa												SIN INFORMACIÓN
2009	44044	Bordón												SIN INFORMACIÓN
2009	44045	Bronchales	2,0	2,0	0,0	572,0	572,0	0,0	2,0	0,0	0,0	0,0	0,0	COMPLETA
2009	44046	Bueña												SIN INFORMACIÓN
2009	44047	Burbáguena												SIN INFORMACIÓN
2009	44048	Cabra de Mora	0,0	0,0	0,0	0,0	0,0	0,0	0,0	2,0	0,0	0,0	0,0	COMPLETA
2009	44049	Calaceite	7,0	4,0	3,0	1983,0	1648,0	335,0	7,0	9,0	3,0	1,0	0,0	COMPLETA
2009	44050	Calamocha	15,0	9,0	6,0	8111,0	3301,0	4810,0	12,0	10,0	4,0	7,0	6,0	COMPLETA
2009	44051	Calanda	9,0	8,0	1,0	3880,0	3242,0	638,0	16,0	4,0	4,0	0,0	0,0	COMPLETA
2009	44052	Calomarde	1,0	1,0	0,0	308,0	308,0	0,0	1,0	1,0	0,0	0,0	0,0	COMPLETA
2009	44053	Camañas												SIN INFORMACIÓN
2009	44054	Camarena de la Sierra												SIN INFORMACIÓN
2009	44055	Camarillas	0,0	0,0	0,0	0,0	0,0	0,0	0,0	1,0	0,0	0,0	0,0	COMPLETA
2009	44056	Caminreal	1,0	1,0	0,0	237,0	237,0	0,0	1,0	2,0	0,0	0,0	0,0	COMPLETA
2009	44059	Cantavieja	2,0	2,0	0,0	441,0	441,0	0,0	2,0	1,0	0,0	2,0	1,0	COMPLETA
2009	44060	Cañada de Benatanduz	1,0	0,0	1,0	24,0	0,0	24,0	0,0	0,0	0,0	0,0	0,0	COMPLETA
2009	44061	Cañada de Verich (La)												SIN INFORMACIÓN
2009	44062	Cañada Vellida												SIN INFORMACIÓN
2009	44063	Cañizar del Olivar												SIN INFORMACIÓN
2009	44064	Cascante del Río												SIN INFORMACIÓN
2009	44065	Castejón de Tornos												SIN INFORMACIÓN
2009	44066	Castel de Cabra												SIN INFORMACIÓN
2009	44067	Castelnou												SIN INFORMACIÓN
2009	44068	Castelserás	4,0	3,0	1,0	1157,0	1076,0	81,0	4,0	1,0	1,0	0,0	0,0	COMPLETA
2009	44070	Castellar (El)	2,0	2,0	0,0	570,0	570,0	0,0	2,0	1,0	2,0	0,0	0,0	COMPLETA
2009	44071	Castellote	2,0	2,0	0,0	250,0	250,0	0,0	2,0	3,0	0,0	0,0	0,0	COMPLETA
2009	44074	Cedrillas	0,0	0,0	0,0	0,0	0,0	0,0	0,0	3,0	0,0	2,0	2,0	COMPLETA
2009	44075	Celadas												SIN INFORMACIÓN
2009	44076	Cella	15,0	8,0	7,0	6328,0	2742,0	3586,0	13,0	7,0	3,0	1,0	1,0	COMPLETA
2009	44077	Cerollera (La)												SIN INFORMACIÓN
2009	44080	Codoñera (La)												SIN INFORMACIÓN
2009	44082	Corbalán												SIN INFORMACIÓN
2009	44084	Cortes de Aragón												SIN INFORMACIÓN
2009	44085	Cosa												SIN INFORMACIÓN
2009	44086	Cretas	2,0	1,0	1,0	559,0	359,0	200,0	1,0	2,0	0,0	0,0	0,0	COMPLETA
2009	44087	Crivillén												SIN INFORMACIÓN
2009	44088	Cuba (La)	0,0	0,0	0,0	0,0	0,0	0,0	0,0	1,0	0,0	0,0	0,0	COMPLETA
2009	44089	Cubla												SIN INFORMACIÓN
2009	44090	Cucalón	1,0	1,0	0,0	247,0	247,0	0,0	1,0	0,0	0,0	1,0	1,0	COMPLETA
2009	44092	Cuervo (El)												SIN INFORMACIÓN
2009	44093	Cuevas de Almudén												SIN INFORMACIÓN
2009	44094	Cuevas Labradas												SIN INFORMACIÓN
2009	44096	Ejulve	1,0		1,0	60,0		60,0		1,0		2,0	1,0	INCOMPLETA
2009	44097	Escorihuela	0,0	0,0	0,0	0,0	0,0	0,0	0,0	1,0	0,0	0,0	0,0	COMPLETA
2009	44099	Escucha	0,0	0,0	0,0	0,0	0,0	0,0	0,0	2,0	0,0	0,0	0,0	COMPLETA
2009	44100	Estercuel												SIN INFORMACIÓN
2009	44101	Ferreruela de Huerva												SIN INFORMACIÓN
2009	44102	Fonfría												SIN INFORMACIÓN
2009	44103	Formiche Alto												SIN INFORMACIÓN
2009	44105	Fórnoles												SIN INFORMACIÓN
2009	44106	Fortanete	6,0	4,0	2,0	1743,0	1121,0	622,0	5,0	1,0	0,0	2,0	0,0	COMPLETA
2009	44107	Foz-Calanda												SIN INFORMACIÓN
2009	44108	Fresneda (La)												SIN INFORMACIÓN
2009	44109	Frías de Albarracín	3,0	3,0	0,0	533,0	533,0	0,0	3,0	1,0	0,0	0,0	0,0	COMPLETA
2009	44110	Fuenferrada	1,0	1,0	0,0	340,0	340,0	0,0	1,0	0,0	0,0	1,0	1,0	COMPLETA
2009	44111	Fuentes Calientes												SIN INFORMACIÓN
2009	44112	Fuentes Claras	2,0	0,0	2,0	165,0	0,0	165,0	0,0	5,0	0,0	1,0	1,0	COMPLETA
2009	44113	Fuentes de Rubielos	1,0	1,0	0,0	171,0	171,0	0,0	1,0	3,0	2,0	0,0	0,0	COMPLETA
2009	44114	Fuentespalda												SIN INFORMACIÓN
2009	44115	Galve												SIN INFORMACIÓN
2009	44116	Gargallo	0,0	0,0	0,0	0,0	0,0	0,0	0,0	2,0	0,0	0,0	0,0	COMPLETA
2009	44117	Gea de Albarracín	2,0	1,0	1,0	390,0	330,0	60,0	1,0	0,0	0,0	0,0	0,0	COMPLETA
2009	44118	Ginebrosa (La)	0,0	0,0	0,0	0,0	0,0	0,0	0,0	2,0	1,0	0,0	0,0	COMPLETA
2009	44119	Griegos	2,0	2,0	0,0	394,0	394,0	0,0	2,0	0,0	0,0	0,0	0,0	COMPLETA
2009	44120	Guadalaviar	2,0	2,0	0,0	527,0	527,0	0,0	2,0	0,0	0,0	0,0	0,0	COMPLETA
2009	44121	Gúdar	0,0	0,0	0,0	0,0	0,0	0,0	0,0	1,0	0,0	0,0	0,0	COMPLETA
2009	44122	Híjar	1,0	1,0	0,0	289,0	289,0	0,0	1,0	5,0	1,0	3,0	3,0	COMPLETA
2009	44123	Hinojosa de Jarque	1,0	0,0	1,0	1246,0	0,0	1246,0	0,0	0,0	0,0	0,0	0,0	COMPLETA
2009	44124	Hoz de la Vieja (La)												SIN INFORMACIÓN
2009	44125	Huesa del Común												SIN INFORMACIÓN
2009	44126	Iglesuela del Cid (La)	10,0	9,0	1,0	1914,0	1727,0	187,0	9,0	0,0	0,0	0,0	0,0	COMPLETA
2009	44127	Jabaloyas												SIN INFORMACIÓN
2009	44128	Jarque de la Val	1,0	1,0	0,0	252,0	252,0	0,0	1,0	0,0	0,0	0,0	0,0	COMPLETA
2009	44129	Jatiel												SIN INFORMACIÓN
2009	44130	Jorcas												SIN INFORMACIÓN
2009	44131	Josa												SIN INFORMACIÓN
2009	44132	Lagueruela												SIN INFORMACIÓN
2009	44133	Lanzuela												SIN INFORMACIÓN
2009	44135	Libros												SIN INFORMACIÓN
2009	44136	Lidón												SIN INFORMACIÓN
2009	44137	Linares de Mora	10,0	10,0		2437,0	2437,0		11,0	4,0	1,0	1,0	2,0	INCOMPLETA
2009	44138	Loscos												SIN INFORMACIÓN
2009	44141	Lledó												SIN INFORMACIÓN
2009	44142	Maicas												SIN INFORMACIÓN
2009	44143	Manzanera	2,0	2,0	0,0	550,0	550,0	0,0	3,0	0,0	0,0	0,0	0,0	COMPLETA
2009	44144	Martín del Río	3,0	3,0	0,0	737,0	737,0	0,0	3,0	0,0	0,0	0,0	0,0	COMPLETA
2009	44145	Mas de las Matas	7,0	4,0	3,0	1462,0	1184,0	278,0	5,0	2,0	0,0	3,0	2,0	COMPLETA
2009	44146	Mata de los Olmos (La)												SIN INFORMACIÓN
2009	44147	Mazaleón	2,0	0,0	2,0	269,0	0,0	269,0	0,0	2,0	0,0	0,0	0,0	COMPLETA
2009	44148	Mezquita de Jarque												SIN INFORMACIÓN
2009	44149	Mirambel	1,0	0,0	1,0	379,0	0,0	379,0	0,0	1,0	0,0	0,0	0,0	COMPLETA
2009	44150	Miravete de la Sierra												SIN INFORMACIÓN
2009	44151	Molinos	0,0	0,0	0,0	0,0	0,0	0,0	0,0	1,0	0,0	0,0	0,0	COMPLETA
2009	44152	Monforte de Moyuela												SIN INFORMACIÓN
2009	44153	Monreal del Campo	5,0	5,0	0,0	1050,0	1050,0	0,0	5,0	3,0	0,0	2,0	2,0	COMPLETA
2009	44154	Monroyo	5,0	1,0	4,0	2833,0	461,0	2372,0	1,0	1,0	1,0	1,0	1,0	COMPLETA
2009	44155	Montalbán	1,0	1,0	0,0	515,0	515,0	0,0	1,0	0,0	0,0	0,0	0,0	COMPLETA
2009	44156	Monteagudo del Castillo												SIN INFORMACIÓN
2009	44157	Monterde de Albarracín												SIN INFORMACIÓN
2009	44158	Mora de Rubielos	4,0	4,0	0,0	1707,0	1707,0	0,0	5,0	3,0	2,0	4,0	1,0	COMPLETA
2009	44159	Moscardón												SIN INFORMACIÓN
2009	44160	Mosqueruela	8,0	7,0	1,0	2248,0	2080,0	168,0	9,0	2,0	0,0	1,0	0,0	COMPLETA
2009	44161	Muniesa	1,0	1,0	0,0	246,0	246,0	0,0	1,0	0,0	0,0	0,0	0,0	COMPLETA
2009	44163	Noguera de Albarracín												SIN INFORMACIÓN
2009	44164	Nogueras												SIN INFORMACIÓN
2009	44165	Nogueruelas	0,0	0,0	0,0	0,0	0,0	0,0	0,0	1,0	0,0	0,0	0,0	COMPLETA
2009	44167	Obón												SIN INFORMACIÓN
2009	44168	Odón												SIN INFORMACIÓN
2009	44169	Ojos Negros	6,0	6,0	0,0	1537,0	1537,0	0,0	6,0	1,0	0,0	0,0	0,0	COMPLETA
2009	44171	Olba	2,0	2,0	0,0	256,0	256,0	0,0	3,0	2,0	0,0	1,0	0,0	COMPLETA
2009	44172	Oliete	1,0	1,0	0,0	227,0	227,0	0,0	1,0	0,0	0,0	0,0	0,0	COMPLETA
2009	44173	Olmos (Los)												SIN INFORMACIÓN
2009	44174	Orihuela del Tremedal	3,0	1,0	2,0	397,0	320,0	77,0	2,0	4,0	1,0	0,0	0,0	COMPLETA
2009	44175	Orrios												SIN INFORMACIÓN
2009	44176	Palomar de Arroyos												SIN INFORMACIÓN
2009	44177	Pancrudo	0,0	0,0	0,0	0,0	0,0	0,0	0,0	1,0	0,0	0,0	0,0	COMPLETA
2009	44178	Parras de Castellote (Las)												SIN INFORMACIÓN
2009	44179	Peñarroya de Tastavins	1,0	1,0	0,0	304,0	304,0	0,0	1,0	5,0	2,0	0,0	0,0	COMPLETA
2009	44180	Peracense												SIN INFORMACIÓN
2009	44181	Peralejos												SIN INFORMACIÓN
2009	44182	Perales del Alfambra												SIN INFORMACIÓN
2009	44183	Pitarque												SIN INFORMACIÓN
2009	44184	Plou												SIN INFORMACIÓN
2009	44185	Pobo (El)												SIN INFORMACIÓN
2009	44187	Portellada (La)	1,0	0,0	1,0	304,0	0,0	304,0	0,0	0,0	0,0	0,0	0,0	COMPLETA
2009	44189	Pozondón	0,0	0,0	0,0	0,0	0,0	0,0	0,0	1,0	0,0	0,0	0,0	COMPLETA
2009	44190	Pozuel del Campo												SIN INFORMACIÓN
2009	44191	Puebla de Híjar (La)	3,0	1,0	2,0	551,0	156,0	395,0	1,0	6,0	0,0	0,0	0,0	COMPLETA
2009	44192	Puebla de Valverde (La)	1,0	0,0	1,0	172,0	0,0	172,0	0,0	1,0	0,0	0,0	0,0	COMPLETA
2009	44193	Puertomingalvo	0,0	0,0	0,0	0,0	0,0	0,0	0,0	2,0	2,0	0,0	1,0	COMPLETA
2009	44194	Ráfales												SIN INFORMACIÓN
2009	44195	Rillo	2,0	2,0	0,0	562,0	562,0	0,0	4,0	0,0	0,0	0,0	0,0	COMPLETA
2009	44196	Riodeva												SIN INFORMACIÓN
2009	44197	Ródenas	0,0	0,0	0,0	0,0	0,0	0,0	0,0	1,0	0,0	0,0	0,0	COMPLETA
2009	44198	Royuela												SIN INFORMACIÓN
2009	44199	Rubiales												SIN INFORMACIÓN
2009	44200	Rubielos de la Cérida												SIN INFORMACIÓN
2009	44201	Rubielos de Mora	1,0	0,0	1,0	199,0	0,0	199,0	0,0	3,0	3,0	2,0	1,0	COMPLETA
2009	44203	Salcedillo												SIN INFORMACIÓN
2009	44204	Saldón												SIN INFORMACIÓN
2009	44205	Samper de Calanda	1,0	1,0	0,0	182,0	182,0	0,0	1,0	2,0	0,0	0,0	0,0	COMPLETA
2009	44206	San Agustín												SIN INFORMACIÓN
2009	44207	San Martín del Río	2,0	1,0	1,0	344,0	243,0	101,0	1,0	0,0	0,0	0,0	0,0	COMPLETA
2009	44208	Santa Cruz de Nogueras												SIN INFORMACIÓN
2009	44209	Santa Eulalia	11,0	9,0	2,0	2167,0	2087,0	80,0	10,0	2,0	2,0	1,0	1,0	COMPLETA
2009	44210	Sarrión	5,0	3,0	2,0	1181,0	1064,0	117,0	3,0	3,0	0,0	1,0	0,0	COMPLETA
2009	44211	Segura de los Baños												SIN INFORMACIÓN
2009	44212	Seno												SIN INFORMACIÓN
2009	44213	Singra												SIN INFORMACIÓN
2009	44215	Terriente												SIN INFORMACIÓN
2009	44216	Teruel	9,0	5,0	4,0	9669,0	6197,0	3472,0	39,0	4,0	3,0	1,0	0,0	COMPLETA
2009	44217	Toril y Masegoso												SIN INFORMACIÓN
2009	44218	Tormón												SIN INFORMACIÓN
2009	44219	Tornos												SIN INFORMACIÓN
2009	44220	Torralba de los Sisones												SIN INFORMACIÓN
2009	44221	Torrecilla de Alcañiz	4,0	3,0	1,0	1161,0	999,0	162,0	3,0	0,0	0,0	0,0	0,0	COMPLETA
2009	44222	Torrecilla del Rebollar												SIN INFORMACIÓN
2009	44223	Torre de Arcas												SIN INFORMACIÓN
2009	44224	Torre de las Arcas												SIN INFORMACIÓN
2009	44225	Torre del Compte	1,0	1,0	0,0	68,0	68,0	0,0	1,0	1,0	0,0	0,0	0,0	COMPLETA
2009	44226	Torrelacárcel												SIN INFORMACIÓN
2009	44227	Torre los Negros												SIN INFORMACIÓN
2009	44228	Torremocha de Jiloca												SIN INFORMACIÓN
2009	44229	Torres de Albarracín												SIN INFORMACIÓN
2009	44230	Torrevelilla	2,0	2,0	0,0	450,0	450,0	0,0	2,0	0,0	0,0	1,0	1,0	COMPLETA
2009	44231	Torrijas	1,0	1,0	0,0	315,0	315,0	0,0	4,0	0,0	0,0	0,0	0,0	COMPLETA
2009	44232	Torrijo del Campo	4,0	4,0	0,0	952,0	952,0	0,0	4,0	7,0	3,0	3,0	3,0	COMPLETA
2009	44234	Tramacastiel	2,0	2,0	0,0	492,0	492,0	0,0	2,0	0,0	0,0	1,0	1,0	COMPLETA
2009	44235	Tramacastilla												SIN INFORMACIÓN
2009	44236	Tronchón	1,0	1,0	0,0	115,0	115,0	0,0	1,0	0,0	0,0	0,0	0,0	COMPLETA
2009	44237	Urrea de Gaén	1,0	0,0	1,0	840,0	0,0	840,0	0,0	1,0	0,0	0,0	0,0	COMPLETA
2009	44238	Utrillas	9,0	8,0	1,0	2389,0	2041,0	348,0	8,0	0,0	0,0	0,0	0,0	COMPLETA
2009	44239	Valacloche												SIN INFORMACIÓN
2009	44240	Valbona												SIN INFORMACIÓN
2009	44241	Valdealgorfa	2,0	2,0		269,0	269,0		2,0	3,0	1,0	1,0	1,0	INCOMPLETA
2009	44243	Valdecuenca	1,0	1,0	0,0	189,0	189,0	0,0	1,0	0,0	0,0	0,0	0,0	COMPLETA
2009	44244	Valdelinares	4,0	4,0	0,0	776,0	776,0	0,0	5,0	1,0	0,0	0,0	0,0	COMPLETA
2009	44245	Valdeltormo	3,0	2,0	1,0	1000,0	573,0	427,0	2,0	4,0	3,0	0,0	0,0	COMPLETA
2009	44246	Valderrobres	9,0	1,0	8,0	916,0	62,0	854,0	1,0	10,0	11,0	0,0	0,0	COMPLETA
2009	44247	Valjunquera	1,0		1,0	625,0		625,0		1,0	1,0			INCOMPLETA
2009	44249	Vallecillo (El)												SIN INFORMACIÓN
2009	44250	Veguillas de la Sierra												SIN INFORMACIÓN
2009	44251	Villafranca del Campo	0,0	0,0	0,0	0,0	0,0	0,0	0,0	0,0	0,0	0,0	0,0	COMPLETA
2009	44252	Villahermosa del Campo												SIN INFORMACIÓN
2009	44256	Villanueva del Rebollar de la Sierra												SIN INFORMACIÓN
2009	44257	Villar del Cobo	0,0	0,0	0,0	0,0	0,0	0,0	0,0	1,0	1,0	0,0	0,0	COMPLETA
2009	44258	Villar del Salz												SIN INFORMACIÓN
2009	44260	Villarluengo												SIN INFORMACIÓN
2009	44261	Villarquemado	4,0	4,0	0,0	1147,0	1147,0	0,0	4,0	0,0	0,0	0,0	0,0	COMPLETA
2009	44262	Villarroya de los Pinares												SIN INFORMACIÓN
2009	44263	Villastar	2,0	2,0	0,0	285,0	285,0	0,0	2,0	1,0	0,0	0,0	0,0	COMPLETA
2009	44264	Villel												SIN INFORMACIÓN
2009	44265	Vinaceite												SIN INFORMACIÓN
2009	44266	Visiedo												SIN INFORMACIÓN
2009	44267	Vivel del Río Martín												SIN INFORMACIÓN
2009	44268	Zoma (La)												SIN INFORMACIÓN
2009	50001	Abanto												SIN INFORMACIÓN
2009	50002	Acered												SIN INFORMACIÓN
2009	50003	Agón												SIN INFORMACIÓN
2009	50004	Aguarón	1,0	1,0	0,0	292,0	292,0	0,0	1,0	0,0	0,0	2,0	2,0	COMPLETA
2009	50005	Aguilón												SIN INFORMACIÓN
2009	50006	Ainzón	9,0	1,0	8,0	1368,0	282,0	1086,0	1,0	2,0	0,0	2,0	2,0	COMPLETA
2009	50007	Aladrén												SIN INFORMACIÓN
2009	50008	Alagón	5,0	4,0	1,0	5941,0	1930,0	4011,0	3,0	1,0	0,0	5,0	5,0	COMPLETA
2009	50009	Alarba												SIN INFORMACIÓN
2009	50010	Alberite de San Juan	1,0	0,0	1,0	30,0	0,0	30,0	0,0	0,0	0,0	0,0	0,0	COMPLETA
2009	50011	Albeta	1,0	1,0	0,0	242,0	242,0	0,0	1,0	0,0	0,0	0,0	0,0	COMPLETA
2009	50012	Alborge												SIN INFORMACIÓN
2009	50013	Alcalá de Ebro												SIN INFORMACIÓN
2009	50014	Alcalá de Moncayo	0,0	0,0	0,0	0,0	0,0	0,0	0,0	1,0	0,0	0,0	0,0	COMPLETA
2009	50015	Alconchel de Ariza												SIN INFORMACIÓN
2009	50016	Aldehuela de Liestos												SIN INFORMACIÓN
2009	50017	Alfajarín												SIN INFORMACIÓN
2009	50018	Alfamén	4,0	4,0	0,0	1179,0	1179,0	0,0	9,0	0,0	0,0	0,0	0,0	COMPLETA
2009	50019	Alforque												SIN INFORMACIÓN
2009	50020	Alhama de Aragón	1,0	1,0		115,0	115,0		1,0					INCOMPLETA
2009	50021	Almochuel												SIN INFORMACIÓN
2009	50022	Almolda (La)	0,0	0,0	0,0	0,0	0,0	0,0	0,0	0,0	0,0	1,0	1,0	COMPLETA
2009	50023	Almonacid de la Cuba												SIN INFORMACIÓN
2009	50024	Almonacid de la Sierra	3,0	2,0	1,0	670,0	624,0	46,0	3,0	1,0	0,0	0,0	0,0	COMPLETA
2009	50025	Almunia de Doña Godina (La)	6,0	2,0	4,0	6681,0	567,0	6114,0	5,0	5,0	2,0	2,0	3,0	COMPLETA
2009	50026	Alpartir	4,0	2,0	2,0	5716,0	416,0	5300,0	2,0	0,0	0,0	1,0	0,0	COMPLETA
2009	50027	Ambel	1,0	0,0	1,0	203,0	0,0	203,0	0,0	0,0	0,0	0,0	0,0	COMPLETA
2009	50028	Anento												SIN INFORMACIÓN
2009	50029	Aniñón	1,0	1,0	0,0	196,0	196,0	0,0	1,0	2,0	2,0	0,0	0,0	COMPLETA
2009	50030	Añón de Moncayo												SIN INFORMACIÓN
2009	50031	Aranda de Moncayo												SIN INFORMACIÓN
2009	50032	Arándiga	2,0	0,0	2,0	1445,0	0,0	1445,0	0,0	0,0	0,0	0,0	0,0	COMPLETA
2009	50033	Ardisa												SIN INFORMACIÓN
2009	50034	Ariza												SIN INFORMACIÓN
2009	50035	Artieda												SIN INFORMACIÓN
2009	50036	Asín												SIN INFORMACIÓN
2009	50037	Atea												SIN INFORMACIÓN
2009	50038	Ateca	2,0	1,0	1,0	462,0	294,0	168,0	1,0	0,0	0,0	0,0	0,0	COMPLETA
2009	50039	Azuara												SIN INFORMACIÓN
2009	50040	Badules												SIN INFORMACIÓN
2009	50041	Bagüés												SIN INFORMACIÓN
2009	50042	Balconchán												SIN INFORMACIÓN
2009	50043	Bárboles	3,0	2,0	1,0	305,0	272,0	33,0	2,0			1,0		INCOMPLETA
2009	50044	Bardallur	1,0	0,0	1,0	104,0	0,0	104,0	0,0	0,0	0,0	0,0	0,0	COMPLETA
2009	50045	Belchite	5,0	1,0	4,0	2237,0	165,0	2072,0	1,0	1,0	0,0	0,0	0,0	COMPLETA
2009	50046	Belmonte de Gracián												SIN INFORMACIÓN
2009	50047	Berdejo												SIN INFORMACIÓN
2009	50048	Berrueco												SIN INFORMACIÓN
2009	50050	Bijuesca												SIN INFORMACIÓN
2009	50051	Biota	0,0	0,0	0,0	0,0	0,0	0,0	0,0	1,0	0,0	0,0	0,0	COMPLETA
2009	50052	Bisimbre												SIN INFORMACIÓN
2009	50053	Boquiñeni	0,0	0,0	0,0	0,0	0,0	0,0	0,0	1,0	0,0	1,0	1,0	COMPLETA
2009	50054	Bordalba												SIN INFORMACIÓN
2009	50055	Borja	3,0	2,0	1,0	927,0	491,0	436,0	2,0	3,0	0,0	1,0	6,0	COMPLETA
2009	50056	Botorrita												SIN INFORMACIÓN
2009	50057	Brea de Aragón	3,0	2,0	1,0	609,0	397,0	212,0	2,0	2,0	0,0	1,0	1,0	COMPLETA
2009	50058	Bubierca												SIN INFORMACIÓN
2009	50059	Bujaraloz	3,0	0,0	3,0	1182,0	0,0	1182,0	0,0	1,0	1,0	0,0	0,0	COMPLETA
2009	50060	Bulbuente	4,0	0,0	4,0	1900,0	0,0	1900,0	0,0	1,0	0,0	0,0	0,0	COMPLETA
2009	50061	Bureta	0,0	0,0	0,0	0,0	0,0	0,0	0,0	1,0	0,0	0,0	0,0	COMPLETA
2009	50062	Burgo de Ebro (El)	1,0	1,0	0,0	182,0	182,0	0,0	1,0	0,0	0,0	1,0	1,0	COMPLETA
2009	50063	Buste (El)												SIN INFORMACIÓN
2009	50064	Cabañas de Ebro	1,0	1,0	0,0	192,0	192,0	0,0	1,0	2,0	0,0	1,0	1,0	COMPLETA
2009	50065	Cabolafuente												SIN INFORMACIÓN
2009	50066	Cadrete	5,0	5,0	0,0	1027,0	1027,0	0,0	5,0	1,0	0,0	1,0	1,0	COMPLETA
2009	50067	Calatayud	2,0	1,0	1,0	2944,0	1436,0	1508,0	12,0	3,0	0,0	0,0	0,0	COMPLETA
2009	50068	Calatorao	4,0	2,0	2,0	4926,0	1870,0	3056,0	1,0	0,0	0,0	0,0	0,0	COMPLETA
2009	50069	Calcena												SIN INFORMACIÓN
2009	50070	Calmarza												SIN INFORMACIÓN
2009	50071	Campillo de Aragón												SIN INFORMACIÓN
2009	50072	Carenas												SIN INFORMACIÓN
2009	50073	Cariñena	2,0	2,0	0,0	316,0	316,0	0,0	2,0	2,0	0,0	0,0	1,0	COMPLETA
2009	50074	Caspe	8,0	7,0	1,0	6340,0	6152,0	188,0	31,0	13,0	20,0	6,0	9,0	COMPLETA
2009	50075	Castejón de Alarba												SIN INFORMACIÓN
2009	50076	Castejón de las Armas												SIN INFORMACIÓN
2009	50077	Castejón de Valdejasa	3,0	2,0	1,0	602,0	448,0	154,0	2,0	0,0	0,0	0,0	0,0	COMPLETA
2009	50078	Castiliscar	0,0	0,0	0,0	0,0	0,0	0,0	0,0	2,0	0,0	0,0	0,0	COMPLETA
2009	50079	Cervera de la Cañada												SIN INFORMACIÓN
2009	50080	Cerveruela												SIN INFORMACIÓN
2009	50081	Cetina	5,0	4,0	1,0	1110,0	1071,0	39,0	4,0	2,0	0,0	0,0	0,0	COMPLETA
2009	50082	Cimballa												SIN INFORMACIÓN
2009	50083	Cinco Olivas												SIN INFORMACIÓN
2009	50084	Clarés de Ribota												SIN INFORMACIÓN
2009	50085	Codo												SIN INFORMACIÓN
2009	50086	Codos												SIN INFORMACIÓN
2009	50087	Contamina												SIN INFORMACIÓN
2009	50088	Cosuenda	0,0	0,0	0,0	0,0	0,0	0,0	0,0	0,0	0,0	0,0	0,0	COMPLETA
2009	50089	Cuarte de Huerva	1,0	1,0		244,0	244,0		1,0	8,0		24,0	1,0	INCOMPLETA
2009	50090	Cubel	1,0	1,0	0,0	354,0	354,0	0,0	1,0	0,0	0,0	0,0	0,0	COMPLETA
2009	50091	Cuerlas (Las)												SIN INFORMACIÓN
2009	50092	Chiprana	5,0	4,0	1,0	935,0	745,0	190,0	5,0	2,0	0,0	0,0	0,0	COMPLETA
2009	50093	Chodes	2,0		2,0	332,0		332,0						INCOMPLETA
2009	50094	Daroca	3,0	1,0	2,0	5581,0	372,0	5209,0	1,0	0,0	0,0	2,0	1,0	COMPLETA
2009	50095	Ejea de los Caballeros	10,0	6,0	4,0	5559,0	2397,0	3162,0	11,0	14,0		2,0	2,0	INCOMPLETA
2009	50096	Embid de Ariza												SIN INFORMACIÓN
2009	50098	Encinacorba	0,0	0,0	0,0	0,0	0,0	0,0	0,0	5,0	0,0	0,0	0,0	COMPLETA
2009	50099	Épila	6,0	4,0	2,0	1126,0	975,0	151,0	3,0	2,0	0,0	0,0	0,0	COMPLETA
2009	50100	Erla	0,0	0,0	0,0	0,0	0,0	0,0	0,0	0,0	0,0	2,0	2,0	COMPLETA
2009	50101	Escatrón	3,0	2,0	1,0	1109,0	953,0	156,0	3,0	3,0	0,0	5,0	5,0	COMPLETA
2009	50102	Fabara	1,0	0,0	1,0	340,0	0,0	340,0	0,0	1,0	0,0	0,0	0,0	COMPLETA
2009	50104	Farlete	1,0	1,0		183,0	183,0		1,0					INCOMPLETA
2009	50105	Fayón												SIN INFORMACIÓN
2009	50106	Fayos (Los)												SIN INFORMACIÓN
2009	50107	Figueruelas	2,0	2,0	0,0	897,0	897,0	0,0	2,0	2,0	0,0	0,0	0,0	COMPLETA
2009	50108	Fombuena												SIN INFORMACIÓN
2009	50109	Frago (El)	0,0	0,0	0,0	0,0	0,0	0,0	0,0	1,0	0,0	0,0	0,0	COMPLETA
2009	50110	Frasno (El)												SIN INFORMACIÓN
2009	50111	Fréscano												SIN INFORMACIÓN
2009	50113	Fuendejalón												SIN INFORMACIÓN
2009	50114	Fuendetodos												SIN INFORMACIÓN
2009	50115	Fuentes de Ebro	14,0	14,0	0,0	5630,0	5630,0	0,0	32,0	1,0	0,0	2,0	1,0	COMPLETA
2009	50116	Fuentes de Jiloca												SIN INFORMACIÓN
2009	50117	Gallocanta												SIN INFORMACIÓN
2009	50118	Gallur												SIN INFORMACIÓN
2009	50119	Gelsa	6,0	6,0		1830,0	1830,0		6,0	1,0				INCOMPLETA
2009	50120	Godojos												SIN INFORMACIÓN
2009	50121	Gotor	1,0	1,0	0,0	185,0	185,0	0,0	1,0	0,0	0,0	0,0	0,0	COMPLETA
2009	50122	Grisel	1,0	1,0	0,0	124,0	124,0	0,0	1,0	0,0	0,0	1,0	0,0	COMPLETA
2009	50123	Grisén												SIN INFORMACIÓN
2009	50124	Herrera de los Navarros	3,0	2,0	1,0	2646,0	1526,0	1120,0	8,0	1,0	1,0	0,0	0,0	COMPLETA
2009	50125	Ibdes	1,0	1,0	0,0	375,0	375,0	0,0	1,0	0,0	0,0	0,0	0,0	COMPLETA
2009	50126	Illueca	0,0	0,0	0,0	0,0	0,0	0,0	0,0	2,0	1,0	0,0	0,0	COMPLETA
2009	50128	Isuerre												SIN INFORMACIÓN
2009	50129	Jaraba												SIN INFORMACIÓN
2009	50130	Jarque	1,0	1,0	0,0	274,0	274,0	0,0	1,0	0,0	0,0	0,0	0,0	COMPLETA
2009	50131	Jaulín	1,0	1,0	0,0	240,0	240,0	0,0	1,0	1,0	0,0	0,0	0,0	COMPLETA
2009	50132	Joyosa (La)	7,0	0,0	7,0	5528,0	0,0	5528,0	0,0	2,0	0,0	0,0	0,0	COMPLETA
2009	50133	Lagata												SIN INFORMACIÓN
2009	50134	Langa del Castillo												SIN INFORMACIÓN
2009	50135	Layana								1,0				INCOMPLETA
2009	50136	Lécera	0,0	0,0	0,0	0,0	0,0	0,0	0,0	1,0	0,0	1,0	2,0	COMPLETA
2009	50137	Leciñena	9,0	5,0	4,0	2998,0	1195,0	1803,0	5,0	0,0	0,0	2,0	2,0	COMPLETA
2009	50138	Lechón								1,0				INCOMPLETA
2009	50139	Letux	5,0	5,0		855,0	855,0		5,0	1,0				INCOMPLETA
2009	50140	Litago	1,0		1,0	88,0		88,0						INCOMPLETA
2009	50141	Lituénigo												SIN INFORMACIÓN
2009	50142	Lobera de Onsella												SIN INFORMACIÓN
2009	50143	Longares												SIN INFORMACIÓN
2009	50144	Longás												SIN INFORMACIÓN
2009	50146	Lucena de Jalón												SIN INFORMACIÓN
2009	50147	Luceni	4,0	2,0	2,0	860,0	178,0	682,0	2,0	0,0	0,0	0,0	0,0	COMPLETA
2009	50148	Luesia	3,0	3,0		1120,0	1120,0		8,0	1,0	2,0	1,0	2,0	INCOMPLETA
2009	50149	Luesma												SIN INFORMACIÓN
2009	50150	Lumpiaque	1,0	0,0	1,0	620,0	0,0	620,0	0,0	5,0	0,0	0,0	0,0	COMPLETA
2009	50151	Luna	2,0	0,0	2,0	1031,0	0,0	1031,0	0,0	0,0	0,0	0,0	0,0	COMPLETA
2009	50152	Maella	3,0	0,0	3,0	434,0	0,0	434,0	0,0	10,0	0,0	0,0	0,0	COMPLETA
2009	50153	Magallón	1,0	0,0	1,0	547,0	0,0	547,0	0,0	1,0	0,0	3,0	3,0	COMPLETA
2009	50154	Mainar												SIN INFORMACIÓN
2009	50155	Malanquilla												SIN INFORMACIÓN
2009	50156	Maleján												SIN INFORMACIÓN
2009	50157	Malón												SIN INFORMACIÓN
2009	50159	Maluenda												SIN INFORMACIÓN
2009	50160	Mallén	8,0	3,0	5,0	10212,0	2329,0	7883,0	17,0	2,0	6,0	1,0	1,0	COMPLETA
2009	50161	Manchones	1,0	1,0	0,0	192,0	192,0	0,0	1,0	0,0	0,0	0,0	0,0	COMPLETA
2009	50162	Mara												SIN INFORMACIÓN
2009	50163	María de Huerva												SIN INFORMACIÓN
2009	50164	Mediana de Aragón												SIN INFORMACIÓN
2009	50165	Mequinenza	4,0	2,0	2,0	750,0	544,0	206,0	2,0	2,0	0,0	0,0	0,0	COMPLETA
2009	50166	Mesones de Isuela												SIN INFORMACIÓN
2009	50167	Mezalocha												SIN INFORMACIÓN
2009	50168	Mianos												SIN INFORMACIÓN
2009	50169	Miedes de Aragón												SIN INFORMACIÓN
2009	50170	Monegrillo												SIN INFORMACIÓN
2009	50171	Moneva												SIN INFORMACIÓN
2009	50172	Monreal de Ariza												SIN INFORMACIÓN
2009	50173	Monterde												SIN INFORMACIÓN
2009	50174	Montón												SIN INFORMACIÓN
2009	50175	Morata de Jalón										2,0		INCOMPLETA
2009	50176	Morata de Jiloca												SIN INFORMACIÓN
2009	50177	Morés												SIN INFORMACIÓN
2009	50178	Moros												SIN INFORMACIÓN
2009	50179	Moyuela												SIN INFORMACIÓN
2009	50180	Mozota												SIN INFORMACIÓN
2009	50181	Muel												SIN INFORMACIÓN
2009	50182	Muela (La)	5,0	2,0	3,0	7521,0	489,0	7032,0	2,0	1,0		2,0	2,0	INCOMPLETA
2009	50183	Munébrega												SIN INFORMACIÓN
2009	50184	Murero	1,0	1,0	0,0	245,0	245,0	0,0	1,0	0,0	0,0	1,0	0,0	COMPLETA
2009	50185	Murillo de Gállego												SIN INFORMACIÓN
2009	50186	Navardún												SIN INFORMACIÓN
2009	50187	Nigüella												SIN INFORMACIÓN
2009	50188	Nombrevilla												SIN INFORMACIÓN
2009	50189	Nonaspe	2,0	0,0	2,0	356,0	0,0	356,0	0,0	1,0	0,0	0,0	0,0	COMPLETA
2009	50190	Novallas	6,0	6,0	0,0	1454,0	1454,0	0,0	6,0	0,0	0,0	3,0	2,0	COMPLETA
2009	50191	Novillas	0,0	0,0	0,0	0,0	0,0	0,0	0,0	3,0	1,0	1,0	1,0	COMPLETA
2009	50192	Nuévalos												SIN INFORMACIÓN
2009	50193	Nuez de Ebro	2,0	2,0	0,0	576,0	576,0	0,0	2,0	0,0	0,0	0,0	0,0	COMPLETA
2009	50194	Olvés												SIN INFORMACIÓN
2009	50195	Orcajo												SIN INFORMACIÓN
2009	50196	Orera												SIN INFORMACIÓN
2009	50197	Orés												SIN INFORMACIÓN
2009	50198	Oseja												SIN INFORMACIÓN
2009	50199	Osera de Ebro	1,0	1,0	0,0	234,0	234,0	0,0	1,0	2,0	0,0	1,0	1,0	COMPLETA
2009	50200	Paniza	3,0	2,0	1,0	540,0	367,0	173,0	2,0	0,0	0,0	0,0	0,0	COMPLETA
2009	50201	Paracuellos de Jiloca	0,0	0,0	0,0	0,0	0,0	0,0	0,0	1,0	0,0	0,0	0,0	COMPLETA
2009	50202	Paracuellos de la Ribera												SIN INFORMACIÓN
2009	50203	Pastriz	1,0	1,0	0,0	303,0	303,0	0,0	1,0	1,0	0,0	1,0	1,0	COMPLETA
2009	50204	Pedrola	2,0	2,0	0,0	444,0	444,0	0,0	2,0	3,0	2,0	2,0	4,0	COMPLETA
2009	50205	Pedrosas (Las)												SIN INFORMACIÓN
2009	50206	Perdiguera	1,0	0,0	1,0	1852,0	0,0	1852,0	0,0	0,0	0,0	2,0	1,0	COMPLETA
2009	50207	Piedratajada												SIN INFORMACIÓN
2009	50208	Pina de Ebro	5,0	5,0	0,0	1504,0	1504,0	0,0	6,0	2,0	0,0	1,0	1,0	COMPLETA
2009	50209	Pinseque	2,0	2,0		756,0	756,0		3,0	3,0		2,0	1,0	INCOMPLETA
2009	50210	Pintanos (Los)												SIN INFORMACIÓN
2009	50211	Plasencia de Jalón	1,0	0,0	1,0	96,0	0,0	96,0	0,0	0,0	0,0	0,0	0,0	COMPLETA
2009	50212	Pleitas												SIN INFORMACIÓN
2009	50213	Plenas												SIN INFORMACIÓN
2009	50214	Pomer												SIN INFORMACIÓN
2009	50215	Pozuel de Ariza												SIN INFORMACIÓN
2009	50216	Pozuelo de Aragón	1,0		1,0	79,0		79,0		3,0				INCOMPLETA
2009	50217	Pradilla de Ebro	1,0	1,0	0,0	226,0	226,0	0,0	1,0	2,0	0,0	0,0	0,0	COMPLETA
2009	50218	Puebla de Albortón	1,0	1,0	0,0	82,0	82,0	0,0	1,0	0,0	0,0	0,0	0,0	COMPLETA
2009	50219	Puebla de Alfindén (La)	4,0	2,0	2,0	5716,0	659,0	5057,0	2,0	0,0	0,0	0,0	0,0	COMPLETA
2009	50220	Puendeluna	1,0	1,0	0,0	107,0	107,0	0,0	1,0	0,0	0,0	0,0	0,0	COMPLETA
2009	50221	Purujosa												SIN INFORMACIÓN
2009	50222	Quinto	1,0	1,0	0,0	172,0	172,0	0,0	1,0	0,0	0,0	1,0	2,0	COMPLETA
2009	50223	Remolinos	1,0	1,0	0,0	266,0	266,0	0,0	1,0	3,0	0,0	1,0	1,0	COMPLETA
2009	50224	Retascón	1,0	1,0		390,0	390,0		1,0					INCOMPLETA
2009	50225	Ricla	5,0	4,0	1,0	2551,0	2499,0	52,0	15,0	1,0	0,0	0,0	0,0	COMPLETA
2009	50227	Romanos												SIN INFORMACIÓN
2009	50228	Rueda de Jalón	3,0	0,0	3,0	568,0	0,0	568,0	0,0	0,0	0,0	0,0	0,0	COMPLETA
2009	50229	Ruesca	1,0	0,0	1,0	882,0	0,0	882,0	0,0	0,0	0,0	0,0	0,0	COMPLETA
2009	50230	Sádaba	2,0	1,0	1,0	505,0	335,0	170,0	1,0	3,0	1,0	0,0	0,0	COMPLETA
2009	50231	Salillas de Jalón												SIN INFORMACIÓN
2009	50232	Salvatierra de Esca												SIN INFORMACIÓN
2009	50233	Samper del Salz												SIN INFORMACIÓN
2009	50234	San Martín de la Virgen de Moncayo	1,0	0,0	1,0	450,0	0,0	450,0	0,0	2,0	0,0	2,0	2,0	COMPLETA
2009	50235	San Mateo de Gállego	61,0	39,0	22,0	9251,0	8344,0	907,0	51,0	1,0	1,0	0,0	0,0	COMPLETA
2009	50236	Santa Cruz de Grío												SIN INFORMACIÓN
2009	50237	Santa Cruz de Moncayo	1,0	0,0	1,0	96,0	0,0	96,0	0,0	0,0	0,0	0,0	0,0	COMPLETA
2009	50238	Santa Eulalia de Gállego												SIN INFORMACIÓN
2009	50239	Santed												SIN INFORMACIÓN
2009	50240	Sástago	2,0	2,0	0,0	806,0	806,0	0,0	2,0	2,0	0,0	0,0	0,0	COMPLETA
2009	50241	Saviñán												SIN INFORMACIÓN
2009	50242	Sediles												SIN INFORMACIÓN
2009	50243	Sestrica												SIN INFORMACIÓN
2009	50244	Sierra de Luna	1,0	1,0	0,0	210,0	210,0	0,0	1,0	1,0	0,0	0,0	0,0	COMPLETA
2009	50245	Sigüés												SIN INFORMACIÓN
2009	50246	Sisamón												SIN INFORMACIÓN
2009	50247	Sobradiel	0,0	0,0	0,0	0,0	0,0	0,0	0,0	1,0	1,0	0,0	0,0	COMPLETA
2009	50248	Sos del Rey Católico	0,0	0,0	0,0	0,0	0,0	0,0	0,0	1,0	0,0	0,0	0,0	COMPLETA
2009	50249	Tabuenca	0,0	0,0	0,0	0,0	0,0	0,0	0,0	1,0	0,0	1,0	0,0	COMPLETA
2009	50250	Talamantes												SIN INFORMACIÓN
2009	50251	Tarazona	8,0	2,0	6,0	8048,0	1310,0	6738,0	10,0	4,0	0,0	1,0	3,0	COMPLETA
2009	50252	Tauste	8,0	7,0	1,0	2531,0	2517,0	14,0	8,0	4,0	1,0	9,0	6,0	INCOMPLETA
2009	50253	Terrer												SIN INFORMACIÓN
2009	50254	Tierga	1,0	1,0	0,0	244,0	244,0	0,0	1,0	1,0	0,0	0,0	0,0	COMPLETA
2009	50255	Tobed												SIN INFORMACIÓN
2009	50256	Torralba de los Frailes												SIN INFORMACIÓN
2009	50257	Torralba de Ribota												SIN INFORMACIÓN
2009	50258	Torralbilla												SIN INFORMACIÓN
2009	50259	Torrehermosa												SIN INFORMACIÓN
2009	50260	Torrelapaja												SIN INFORMACIÓN
2009	50261	Torrellas												SIN INFORMACIÓN
2009	50262	Torres de Berrellén	2,0	1,0	1,0	1641,0	218,0	1423,0	1,0	5,0	1,0	0,0	0,0	COMPLETA
2009	50263	Torrijo de la Cañada												SIN INFORMACIÓN
2009	50264	Tosos												SIN INFORMACIÓN
2009	50265	Trasmoz												SIN INFORMACIÓN
2009	50266	Trasobares												SIN INFORMACIÓN
2009	50267	Uncastillo	3,0	3,0	0,0	1344,0	1344,0	0,0	8,0	2,0	0,0	0,0	0,0	COMPLETA
2009	50268	Undués de Lerda												SIN INFORMACIÓN
2009	50269	Urrea de Jalón	1,0	0,0	1,0	133,0	0,0	133,0	0,0	0,0	0,0	0,0	0,0	COMPLETA
2009	50270	Urriés												SIN INFORMACIÓN
2009	50271	Used												SIN INFORMACIÓN
2009	50272	Utebo	3,0	3,0	0,0	938,0	938,0	0,0	3,0	4,0	0,0	5,0	0,0	COMPLETA
2009	50273	Valdehorna												SIN INFORMACIÓN
2009	50274	Val de San Martín												SIN INFORMACIÓN
2009	50275	Valmadrid												SIN INFORMACIÓN
2009	50276	Valpalmas												SIN INFORMACIÓN
2009	50277	Valtorres	1,0	1,0	0,0	378,0	378,0	0,0	1,0	0,0	0,0	0,0	0,0	COMPLETA
2009	50278	Velilla de Ebro	1,0	1,0	0,0	230,0	230,0	0,0	1,0	0,0	0,0	0,0	0,0	COMPLETA
2009	50279	Velilla de Jiloca												SIN INFORMACIÓN
2009	50280	Vera de Moncayo	2,0	0,0	2,0	1626,0	0,0	1626,0	0,0	0,0	0,0	1,0	0,0	COMPLETA
2009	50281	Vierlas												SIN INFORMACIÓN
2009	50282	Vilueña (La)												SIN INFORMACIÓN
2009	50283	Villadoz	1,0	0,0	1,0	465,0	0,0	465,0	0,0	1,0	0,0	0,0	0,0	COMPLETA
2009	50284	Villafeliche												SIN INFORMACIÓN
2009	50285	Villafranca de Ebro	0,0	0,0	0,0	0,0	0,0	0,0	0,0	1,0	1,0	0,0	0,0	COMPLETA
2009	50286	Villalba de Perejil												SIN INFORMACIÓN
2009	50287	Villalengua	2,0	1,0	1,0	406,0	294,0	112,0	1,0					INCOMPLETA
2009	50288	Villanueva de Gállego	0,0	0,0	0,0	0,0	0,0	0,0	0,0	6,0	2,0	0,0	1,0	COMPLETA
2009	50289	Villanueva de Jiloca												SIN INFORMACIÓN
2009	50290	Villanueva de Huerva												SIN INFORMACIÓN
2009	50291	Villar de los Navarros												SIN INFORMACIÓN
2009	50292	Villarreal de Huerva	1,0	0,0	1,0	64,0	0,0	64,0	0,0	1,0	0,0	0,0	0,0	COMPLETA
2009	50293	Villarroya de la Sierra	4,0	0,0	4,0	300,0	0,0	300,0	0,0	4,0	0,0	0,0	0,0	COMPLETA
2009	50294	Villarroya del Campo												SIN INFORMACIÓN
2009	50295	Vistabella												SIN INFORMACIÓN
2009	50296	Zaida (La)	1,0	1,0	0,0	239,0	239,0	0,0	1,0	0,0	0,0	0,0	0,0	COMPLETA
2009	50297	Zaragoza	392,0	275,0	117,0	994534,0	641402,0	353132,0	3491,0	621,0	76,0	37,0	56,0	COMPLETA
2009	50298	Zuera	5,0	4,0	1,0	1911,0	1831,0	80,0	9,0	3,0	0,0	5,0	2,0	COMPLETA
2009	50901	Biel	2,0	1,0	1,0	233,0	163,0	70,0	1,0	0,0	0,0	1,0	0,0	COMPLETA
2009	50902	Marracos												SIN INFORMACIÓN
2009	50903	Villamayor de Gállego	12,0	11,0	1,0	11080,0	10982,0	98,0	96,0	2,0	1,0	6,0	1,0	COMPLETA
2008	22001	Abiego	2,0	2,0	0,0	628,0	628,0	0,0	2,0	0,0	0,0	0,0	0,0	COMPLETA
2008	22002	Abizanda	1,0	1,0	0,0	433,0	433,0	0,0	1,0	0,0	0,0	0,0	0,0	COMPLETA
2008	22003	Adahuesca												SIN INFORMACIÓN
2008	22004	Agüero								2,0				INCOMPLETA
2008	22006	Aísa	1,0	1,0	0,0	305,0	305,0	0,0	2,0	2,0	3,0	1,0	0,0	COMPLETA
2008	22007	Albalate de Cinca	4,0	2,0	2,0	1406,0	523,0	883,0	2,0	2,0	0,0	0,0	0,0	COMPLETA
2008	22008	Albalatillo												SIN INFORMACIÓN
2008	22009	Albelda												SIN INFORMACIÓN
2008	22011	Albero Alto												SIN INFORMACIÓN
2008	22012	Albero Bajo	1,0	0,0	1,0	514,0	0,0	514,0	0,0	0,0	0,0	0,0	0,0	COMPLETA
2008	22013	Alberuela de Tubo												SIN INFORMACIÓN
2008	22014	Alcalá de Gurrea	0,0	0,0	0,0	0,0	0,0	0,0	0,0	4,0	0,0	0,0	0,0	COMPLETA
2008	22015	Alcalá del Obispo	1,0	0,0	1,0	437,0	0,0	437,0	0,0	0,0	0,0	0,0	0,0	COMPLETA
2008	22016	Alcampell	6,0	2,0	4,0	7177,0	607,0	6570,0	2,0	5,0	0,0	0,0	0,0	COMPLETA
2008	22017	Alcolea de Cinca	4,0	2,0	2,0	2414,0	502,0	1912,0	2,0	0,0	0,0	1,0	1,0	COMPLETA
2008	22018	Alcubierre	1,0	1,0	0,0	1314,0	1314,0	0,0	0,0	1,0	0,0	2,0	2,0	COMPLETA
2008	22019	Alerre												SIN INFORMACIÓN
2008	22020	Alfántega	1,0	1,0	0,0	292,0	292,0	0,0	1,0	0,0	0,0	0,0	0,0	COMPLETA
2008	22021	Almudévar	11,0	6,0	5,0	10566,0	4568,0	5998,0	29,0	1,0	1,0	0,0	0,0	COMPLETA
2008	22022	Almunia de San Juan	1,0		1,0	127,0		127,0						INCOMPLETA
2008	22023	Almuniente												SIN INFORMACIÓN
2008	22024	Alquézar	0,0	0,0	0,0	0,0	0,0	0,0	0,0	2,0	1,0	0,0	0,0	COMPLETA
2008	22025	Altorricón	2,0	2,0	0,0	1021,0	1021,0	0,0	6,0	3,0	1,0	1,0	0,0	COMPLETA
2008	22027	Angüés	2,0	1,0	1,0	1021,0	350,0	671,0	1,0	1,0	0,0	0,0	0,0	COMPLETA
2008	22028	Ansó	0,0	0,0	0,0	0,0	0,0	0,0	0,0	3,0	2,0	0,0	0,0	COMPLETA
2008	22029	Antillón												SIN INFORMACIÓN
2008	22032	Aragüés del Puerto												SIN INFORMACIÓN
2008	22035	Arén	0,0	0,0	0,0	0,0	0,0	0,0	0,0	3,0	0,0	0,0	0,0	COMPLETA
2008	22036	Argavieso												SIN INFORMACIÓN
2008	22037	Arguis	3,0	3,0	0,0	504,0	504,0	0,0	3,0	2,0	0,0	0,0	0,0	COMPLETA
2008	22039	Ayerbe	5,0	5,0	0,0	5589,0	5589,0	0,0	51,0	8,0	1,0	4,0	3,0	COMPLETA
2008	22040	Azanuy-Alins												SIN INFORMACIÓN
2008	22041	Azara	1,0	1,0	0,0	455,0	455,0	0,0	0,0	0,0	0,0	0,0	0,0	COMPLETA
2008	22042	Azlor												SIN INFORMACIÓN
2008	22043	Baells	2,0	2,0	0,0	372,0	372,0	0,0	2,0	0,0	0,0	0,0	0,0	COMPLETA
2008	22044	Bailo												SIN INFORMACIÓN
2008	22045	Baldellou	1,0	1,0	0,0	69,0	69,0	0,0	1,0	0,0	0,0	0,0	0,0	COMPLETA
2008	22046	Ballobar	2,0	2,0	0,0	881,0	881,0	0,0	2,0	0,0	0,0	2,0	2,0	COMPLETA
2008	22047	Banastás												SIN INFORMACIÓN
2008	22048	Barbastro	35,0	24,0	11,0	29293,0	14594,0	14699,0	79,0	6,0	0,0	2,0	5,0	COMPLETA
2008	22049	Barbués												SIN INFORMACIÓN
2008	22050	Barbuñales												SIN INFORMACIÓN
2008	22051	Bárcabo												SIN INFORMACIÓN
2008	22052	Belver de Cinca	20,0	12,0	8,0	7273,0	2785,0	4488,0	12,0	3,0	0,0	0,0	0,0	COMPLETA
2008	22053	Benabarre	14,0	11,0	3,0	5936,0	4297,0	1639,0	28,0	8,0	2,0	1,0	1,0	COMPLETA
2008	22054	Benasque	1,0	1,0	0,0	1608,0	1608,0	0,0	14,0	1,0	1,0	0,0	0,0	COMPLETA
2008	22055	Berbegal	12,0	10,0	2,0	3918,0	2048,0	1870,0	10,0	0,0	0,0	0,0	0,0	COMPLETA
2008	22057	Bielsa	1,0	0,0	1,0	25,0	0,0	25,0	0,0	0,0	0,0	0,0	0,0	COMPLETA
2008	22058	Bierge	1,0	1,0	0,0	142,0	142,0	0,0	1,0	0,0	0,0	0,0	0,0	COMPLETA
2008	22059	Biescas	2,0	2,0	0,0	1031,0	1031,0	0,0	7,0	4,0	5,0	1,0	2,0	COMPLETA
2008	22060	Binaced	12,0	2,0	10,0	8776,0	496,0	8280,0	2,0	4,0	0,0	1,0	0,0	COMPLETA
2008	22061	Binéfar	49,0	10,0	39,0	37573,0	9123,0	28450,0	71,0	14,0	4,0	9,0	8,0	COMPLETA
2008	22062	Bisaurri												SIN INFORMACIÓN
2008	22063	Biscarrués								1,0				INCOMPLETA
2008	22064	Blecua y Torres	3,0	1,0	2,0	1937,0	257,0	1680,0	1,0	2,0	0,0	0,0	0,0	COMPLETA
2008	22066	Boltaña	0,0	0,0	0,0	0,0	0,0	0,0	0,0	6,0	23,0	0,0	2,0	COMPLETA
2008	22067	Bonansa	1,0	1,0	0,0	248,0	248,0	0,0	1,0	0,0	0,0	0,0	0,0	COMPLETA
2008	22068	Borau	1,0	1,0	0,0	730,0	730,0	0,0	3,0	0,0	0,0	0,0	0,0	COMPLETA
2008	22069	Broto												SIN INFORMACIÓN
2008	22072	Caldearenas	2,0	2,0	0,0	287,0	287,0	0,0	2,0	3,0	3,0	0,0	0,0	COMPLETA
2008	22074	Campo												SIN INFORMACIÓN
2008	22075	Camporrells	0,0	0,0	0,0	0,0	0,0	0,0	0,0	2,0	2,0	0,0	0,0	COMPLETA
2008	22076	Canal de Berdún												SIN INFORMACIÓN
2008	22077	Candasnos	1,0	0,0	1,0	540,0	0,0	540,0	0,0	1,0	0,0	0,0	0,0	COMPLETA
2008	22078	Canfranc	1,0	1,0	0,0	3132,0	3132,0	0,0	21,0	4,0	0,0	0,0	0,0	COMPLETA
2008	22079	Capdesaso	2,0	0,0	2,0	1764,0	0,0	1764,0	0,0	0,0	0,0	0,0	0,0	COMPLETA
2008	22080	Capella	1,0	0,0	1,0	67,0	0,0	67,0	0,0	5,0	0,0	0,0	0,0	COMPLETA
2008	22081	Casbas de Huesca	4,0	2,0	2,0	2175,0	411,0	1764,0	5,0	2,0	0,0	0,0	0,0	COMPLETA
2008	22082	Castejón del Puente												SIN INFORMACIÓN
2008	22083	Castejón de Monegros	1,0	1,0	0,0	227,0	227,0	0,0	1,0	2,0	0,0	0,0	0,0	COMPLETA
2008	22084	Castejón de Sos	4,0	3,0	1,0	531,0	339,0	192,0	3,0	4,0	2,0	1,0	0,0	COMPLETA
2008	22085	Castelflorite	1,0	0,0	1,0	200,0	0,0	200,0	0,0	0,0	0,0	0,0	0,0	COMPLETA
2008	22086	Castiello de Jaca	1,0	1,0	0,0	155,0	155,0	0,0	1,0	1,0	0,0	0,0	0,0	COMPLETA
2008	22087	Castigaleu	1,0	1,0	0,0	165,0	165,0	0,0	1,0	0,0	0,0	0,0	0,0	COMPLETA
2008	22088	Castillazuelo												SIN INFORMACIÓN
2008	22089	Castillonroy	2,0	0,0	2,0	1746,0	0,0	1746,0	0,0	0,0	0,0	0,0	0,0	COMPLETA
2008	22090	Colungo	2,0	2,0	0,0	389,0	389,0	0,0	2,0	0,0	0,0	0,0	0,0	COMPLETA
2008	22094	Chalamera												SIN INFORMACIÓN
2008	22095	Chía												SIN INFORMACIÓN
2008	22096	Chimillas												SIN INFORMACIÓN
2008	22099	Esplús	2,0	1,0	1,0	901,0	185,0	716,0	1,0	1,0	0,0	0,0	0,0	COMPLETA
2008	22102	Estada	9,0	9,0	0,0	1213,0	1213,0	0,0	9,0	0,0	0,0	0,0	0,0	COMPLETA
2008	22103	Estadilla	5,0	1,0	4,0	1508,0	308,0	1200,0	2,0	0,0	0,0	0,0	0,0	COMPLETA
2008	22105	Estopiñán del Castillo	5,0	1,0	4,0	603,0	197,0	406,0	1,0	1,0	1,0	0,0	0,0	COMPLETA
2008	22106	Fago	1,0	1,0	0,0	169,0	169,0	0,0	1,0	3,0	2,0	0,0	0,0	COMPLETA
2008	22107	Fanlo												SIN INFORMACIÓN
2008	22109	Fiscal	0,0	0,0	0,0	0,0	0,0	0,0	0,0	1,0	1,0	0,0	0,0	COMPLETA
2008	22110	Fonz	2,0	0,0	2,0	791,0	0,0	791,0	0,0	2,0	0,0	6,0	0,0	COMPLETA
2008	22111	Foradada del Toscar	2,0	2,0	0,0	515,0	515,0	0,0	3,0	2,0	2,0	0,0	0,0	COMPLETA
2008	22112	Fraga	26,0	21,0	5,0	28806,0	20088,0	8718,0	108,0	9,0	4,0	4,0	4,0	COMPLETA
2008	22113	Fueva (La)												SIN INFORMACIÓN
2008	22114	Gistaín												SIN INFORMACIÓN
2008	22115	Grado (El)	2,0	1,0	1,0	1202,0	320,0	882,0	1,0	3,0	4,0	0,0	1,0	COMPLETA
2008	22116	Grañén	2,0	2,0	0,0	313,0	313,0	0,0	2,0	0,0	0,0	0,0	0,0	COMPLETA
2008	22117	Graus	13,0	3,0	10,0	7005,0	2571,0	4434,0	22,0	34,0	5,0	3,0	0,0	COMPLETA
2008	22119	Gurrea de Gállego	4,0	2,0	2,0	736,0	472,0	264,0	2,0	1,0	0,0	0,0	0,0	COMPLETA
2008	22122	Hoz de Jaca												SIN INFORMACIÓN
2008	22124	Huerto	4,0	0,0	4,0	720,0	0,0	720,0	0,0	0,0	0,0	0,0	0,0	COMPLETA
2008	22125	Huesca	31,0	14,0	17,0	38675,0	27016,0	11659,0	149,0	11,0	0,0	2,0	9,0	COMPLETA
2008	22126	Ibieca												SIN INFORMACIÓN
2008	22127	Igriés	4,0	3,0	1,0	2521,0	2312,0	209,0	25,0	0,0	0,0	0,0	0,0	COMPLETA
2008	22128	Ilche	5,0	1,0	4,0	3070,0	342,0	2728,0	1,0	0,0	0,0	1,0	0,0	COMPLETA
2008	22129	Isábena	2,0	2,0	0,0	1044,0	1044,0	0,0	9,0	2,0	2,0	1,0	0,0	COMPLETA
2008	22130	Jaca	16,0	14,0	2,0	16009,0	15959,0	50,0	129,0	25,0	15,0	4,0	11,0	COMPLETA
2008	22131	Jasa												SIN INFORMACIÓN
2008	22133	Labuerda	0,0	0,0	0,0	0,0	0,0	0,0	0,0	3,0	2,0	0,0	0,0	COMPLETA
2008	22135	Laluenga	1,0	1,0	0,0	176,0	176,0	0,0	1,0	0,0	0,0	0,0	0,0	COMPLETA
2008	22136	Lalueza	4,0	1,0	3,0	1890,0	178,0	1712,0	1,0	2,0	0,0	1,0	1,0	COMPLETA
2008	22137	Lanaja	9,0	9,0	0,0	1153,0	1153,0	0,0	9,0	1,0	0,0	0,0	0,0	COMPLETA
2008	22139	Laperdiguera												SIN INFORMACIÓN
2008	22141	Lascellas-Ponzano	1,0	1,0	0,0	434,0	434,0	0,0	1,0	0,0	0,0	0,0	0,0	COMPLETA
2008	22142	Lascuarre	0,0	0,0	0,0	0,0	0,0	0,0	0,0	4,0	2,0	0,0	0,0	COMPLETA
2008	22143	Laspaúles	1,0	1,0	0,0	969,0	969,0	0,0	9,0	2,0	3,0	0,0	0,0	COMPLETA
2008	22144	Laspuña	6,0	5,0	1,0	1368,0	918,0	450,0	5,0	2,0	1,0	0,0	0,0	COMPLETA
2008	22149	Loarre	1,0	1,0	0,0	444,0	444,0	0,0	1,0	4,0	0,0	0,0	0,0	COMPLETA
2008	22150	Loporzano	1,0	1,0	0,0	133,0	133,0	0,0	1,0	1,0	0,0	0,0	0,0	COMPLETA
2008	22151	Loscorrales	2,0		2,0	1764,0		1764,0						INCOMPLETA
2008	22155	Monesma y Cajigar												SIN INFORMACIÓN
2008	22156	Monflorite-Lascasas	2,0	1,0	1,0	708,0	456,0	252,0	1,0	0,0	0,0	0,0	0,0	COMPLETA
2008	22157	Montanuy	8,0	7,0	1,0	857,0	777,0	80,0	7,0	7,0	4,0	1,0	0,0	COMPLETA
2008	22158	Monzón	8,0	7,0	1,0	12333,0	12303,0	30,0	80,0	5,0	1,0	3,0	2,0	COMPLETA
2008	22160	Naval	0,0	0,0	0,0	0,0	0,0	0,0	0,0	1,0	1,0	0,0	0,0	COMPLETA
2008	22162	Novales	2,0		2,0	2146,0		2146,0						INCOMPLETA
2008	22163	Nueno	1,0	1,0	0,0	225,0	225,0	0,0	1,0	3,0	0,0	0,0	0,0	COMPLETA
2008	22164	Olvena												SIN INFORMACIÓN
2008	22165	Ontiñena	1,0	1,0	0,0	287,0	287,0	0,0	1,0	0,0	0,0	0,0	0,0	COMPLETA
2008	22167	Osso de Cinca	4,0	1,0	3,0	2450,0	92,0	2358,0	1,0	2,0	0,0	0,0	0,0	COMPLETA
2008	22168	Palo												SIN INFORMACIÓN
2008	22170	Panticosa	5,0	5,0	0,0	9577,0	9577,0	0,0	55,0	1,0	0,0	0,0	0,0	COMPLETA
2008	22172	Peñalba												SIN INFORMACIÓN
2008	22173	Peñas de Riglos (Las)	1,0	1,0	0,0	61,0	61,0	0,0	1,0	7,0	3,0	0,0	0,0	COMPLETA
2008	22174	Peralta de Alcofea	10,0	1,0	9,0	7634,0	140,0	7494,0	1,0	2,0	0,0	0,0	0,0	COMPLETA
2008	22175	Peralta de Calasanz												SIN INFORMACIÓN
2008	22176	Peraltilla												SIN INFORMACIÓN
2008	22177	Perarrúa												SIN INFORMACIÓN
2008	22178	Pertusa												SIN INFORMACIÓN
2008	22181	Piracés												SIN INFORMACIÓN
2008	22182	Plan												SIN INFORMACIÓN
2008	22184	Poleñino	0,0	0,0	0,0	0,0	0,0	0,0	0,0	1,0	1,0	0,0	0,0	COMPLETA
2008	22186	Pozán de Vero	0,0	0,0	0,0	0,0	0,0	0,0	0,0	0,0	0,0	1,0	1,0	COMPLETA
2008	22187	Puebla de Castro (La)	7,0	7,0	0,0	1032,0	1032,0	0,0	7,0	2,0	1,0	0,0	0,0	COMPLETA
2008	22188	Puente de Montañana	0,0	0,0	0,0	0,0	0,0	0,0	0,0	3,0	2,0	0,0	0,0	COMPLETA
2008	22189	Puértolas												SIN INFORMACIÓN
2008	22190	Pueyo de Araguás (El)	0,0	0,0	0,0	0,0	0,0	0,0	0,0	4,0	5,0	0,0	0,0	COMPLETA
2008	22193	Pueyo de Santa Cruz												SIN INFORMACIÓN
2008	22195	Quicena												SIN INFORMACIÓN
2008	22197	Robres	2,0	0,0	2,0	444,0	0,0	444,0	0,0	0,0	0,0	0,0	0,0	COMPLETA
2008	22199	Sabiñánigo	6,0	5,0	1,0	2089,0	2033,0	56,0	6,0	6,0	6,0	0,0	0,0	COMPLETA
2008	22200	Sahún	10,0	10,0	0,0	4343,0	4343,0	0,0	20,0	10,0	7,0	0,0	0,0	COMPLETA
2008	22201	Salas Altas												SIN INFORMACIÓN
2008	22202	Salas Bajas												SIN INFORMACIÓN
2008	22203	Salillas	2,0	0,0	2,0	1764,0	0,0	1764,0	0,0	0,0	0,0	0,0	0,0	COMPLETA
2008	22204	Sallent de Gállego	3,0	2,0	1,0	555,0	525,0	30,0	2,0	2,0	3,0	0,0	0,0	COMPLETA
2008	22205	San Esteban de Litera	17,0	0,0	17,0	10567,0	0,0	10567,0	0,0	1,0	1,0	1,0	1,0	COMPLETA
2008	22206	Sangarrén												SIN INFORMACIÓN
2008	22207	San Juan de Plan												SIN INFORMACIÓN
2008	22208	Santa Cilia	1,0	1,0	0,0	255,0	255,0	0,0	1,0	0,0	0,0	0,0	0,0	COMPLETA
2008	22209	Santa Cruz de la Serós												SIN INFORMACIÓN
2008	22212	Santaliestra y San Quílez												SIN INFORMACIÓN
2008	22213	Sariñena	19,0	4,0	15,0	16984,0	1550,0	15434,0	8,0	0,0	0,0	2,0	1,0	COMPLETA
2008	22214	Secastilla												SIN INFORMACIÓN
2008	22215	Seira	0,0	0,0	0,0	0,0	0,0	0,0	0,0	4,0	0,0	0,0	0,0	COMPLETA
2008	22217	Sena	4,0	3,0	1,0	778,0	733,0	45,0	3,0	1,0	0,0	1,0	0,0	COMPLETA
2008	22218	Senés de Alcubierre												SIN INFORMACIÓN
2008	22220	Sesa	0,0	0,0	0,0	0,0	0,0	0,0	0,0	1,0	0,0	0,0	0,0	COMPLETA
2008	22221	Sesué	0,0	0,0	0,0	0,0	0,0	0,0	0,0	2,0	1,0	0,0	0,0	COMPLETA
2008	22222	Siétamo	18,0	16,0	2,0	2277,0	2140,0	137,0	16,0	1,0	0,0	0,0	0,0	COMPLETA
2008	22223	Sopeira	1,0	1,0	0,0	458,0	458,0	0,0	4,0	1,0	1,0	0,0	0,0	COMPLETA
2008	22225	Tamarite de Litera	2,0	2,0	0,0	1429,0	1429,0	0,0	7,0	2,0	1,0	0,0	0,0	COMPLETA
2008	22226	Tardienta	3,0	2,0	1,0	1284,0	694,0	590,0	2,0	1,0	0,0	0,0	0,0	COMPLETA
2008	22227	Tella-Sin	1,0	1,0	0,0	264,0	264,0	0,0	1,0	1,0	1,0	0,0	0,0	COMPLETA
2008	22228	Tierz	1,0	1,0	0,0	209,0	209,0	0,0	1,0	0,0	0,0	0,0	0,0	COMPLETA
2008	22229	Tolva												SIN INFORMACIÓN
2008	22230	Torla-Ordesa	1,0	1,0	0,0	114,0	114,0	0,0	1,0	0,0	0,0	0,0	0,0	COMPLETA
2008	22232	Torralba de Aragón												SIN INFORMACIÓN
2008	22233	Torre la Ribera	0,0	0,0	0,0	0,0	0,0	0,0	0,0	1,0	0,0	0,0	0,0	COMPLETA
2008	22234	Torrente de Cinca												SIN INFORMACIÓN
2008	22235	Torres de Alcanadre								1,0	1,0			INCOMPLETA
2008	22236	Torres de Barbués	1,0	1,0	0,0	244,0	244,0	0,0	1,0	1,0	1,0	0,0	0,0	COMPLETA
2008	22239	Tramaced												SIN INFORMACIÓN
2008	22242	Valfarta												SIN INFORMACIÓN
2008	22243	Valle de Bardají												SIN INFORMACIÓN
2008	22244	Valle de Lierp												SIN INFORMACIÓN
2008	22245	Velilla de Cinca	1,0	1,0	0,0	504,0	504,0	0,0	1,0	2,0	0,0	0,0	0,0	COMPLETA
2008	22246	Beranuy	1,0	1,0	0,0	237,0	237,0	0,0	1,0	1,0	0,0	0,0	0,0	COMPLETA
2008	22247	Viacamp y Litera												SIN INFORMACIÓN
2008	22248	Vicién	1,0	1,0	0,0	297,0	297,0	0,0	1,0	1,0	1,0	0,0	0,0	COMPLETA
2008	22249	Villanova	0,0	0,0	0,0	0,0	0,0	0,0	0,0	2,0	1,0	1,0	0,0	COMPLETA
2008	22250	Villanúa	4,0	4,0	0,0	5411,0	5411,0	0,0	42,0	1,0	0,0	0,0	0,0	COMPLETA
2008	22251	Villanueva de Sigena	2,0	0,0	2,0	306,0	0,0	306,0	0,0	1,0	0,0	0,0	0,0	COMPLETA
2008	22252	Yebra de Basa	3,0	1,0	2,0	376,0	235,0	141,0	1,0	4,0	3,0	0,0	0,0	COMPLETA
2008	22253	Yésero	1,0	1,0	0,0	118,0	118,0	0,0	1,0	0,0	0,0	0,0	0,0	COMPLETA
2008	22254	Zaidín	5,0	3,0	2,0	2368,0	976,0	1392,0	3,0	1,0	0,0	2,0	2,0	COMPLETA
2008	22901	Valle de Hecho	2,0	2,0	0,0	457,0	457,0	0,0	2,0	6,0	1,0	1,0	0,0	COMPLETA
2008	22902	Puente la Reina de Jaca												SIN INFORMACIÓN
2008	22903	San Miguel del Cinca	16,0	16,0	0,0	2811,0	2811,0	0,0	16,0	1,0	0,0	0,0	0,0	COMPLETA
2008	22904	Sotonera (La)	20,0	1,0	19,0	8111,0	288,0	7823,0	1,0	1,0	0,0	0,0	1,0	COMPLETA
2008	22905	Lupiñén-Ortilla	3,0	0,0	3,0	1500,0	0,0	1500,0	0,0	2,0	0,0	0,0	0,0	COMPLETA
2008	22906	Santa María de Dulcis	3,0	3,0	0,0	2554,0	2554,0	0,0	17,0	1,0	0,0	0,0	0,0	COMPLETA
2008	22907	Aínsa-Sobrarbe	3,0	3,0	0,0	1540,0	1540,0	0,0	6,0	9,0	16,0	0,0	2,0	COMPLETA
2008	22908	Hoz y Costeán												SIN INFORMACIÓN
2008	22909	Vencillón	2,0		2,0	324,0		324,0						INCOMPLETA
2008	44001	Ababuj												SIN INFORMACIÓN
2008	44002	Abejuela												SIN INFORMACIÓN
2008	44003	Aguatón												SIN INFORMACIÓN
2008	44004	Aguaviva	3,0	1,0	2,0	2245,0	232,0	2013,0	1,0	0,0	0,0	0,0	0,0	COMPLETA
2008	44005	Aguilar del Alfambra												SIN INFORMACIÓN
2008	44006	Alacón												SIN INFORMACIÓN
2008	44007	Alba												SIN INFORMACIÓN
2008	44008	Albalate del Arzobispo	14,0	14,0	0,0	3583,0	3583,0	0,0	14,0	2,0	0,0	4,0	2,0	COMPLETA
2008	44009	Albarracín	3,0	1,0	2,0	4055,0	210,0	3845,0	1,0	4,0	0,0	1,0	0,0	COMPLETA
2008	44010	Albentosa	4,0	3,0	1,0	686,0	643,0	43,0	3,0	1,0	0,0	0,0	0,0	COMPLETA
2008	44011	Alcaine												SIN INFORMACIÓN
2008	44012	Alcalá de la Selva	44,0	44,0	0,0	26759,0	26759,0	0,0	182,0	2,0	0,0	3,0	2,0	COMPLETA
2008	44013	Alcañiz	21,0	13,0	8,0	9979,0	7867,0	2112,0	46,0	10,0	4,0	7,0	10,0	COMPLETA
2008	44014	Alcorisa	5,0	3,0	2,0	1234,0	1061,0	173,0	3,0	11,0	5,0	1,0		INCOMPLETA
2008	44016	Alfambra	2,0	2,0	0,0	351,0	351,0	0,0	2,0	4,0	0,0	1,0	0,0	COMPLETA
2008	44017	Aliaga												SIN INFORMACIÓN
2008	44018	Almohaja												SIN INFORMACIÓN
2008	44019	Alobras												SIN INFORMACIÓN
2008	44020	Alpeñés												SIN INFORMACIÓN
2008	44021	Allepuz												SIN INFORMACIÓN
2008	44022	Alloza												SIN INFORMACIÓN
2008	44023	Allueva												SIN INFORMACIÓN
2008	44024	Anadón												SIN INFORMACIÓN
2008	44025	Andorra	46,0	44,0	2,0	16669,0	15927,0	742,0	69,0	11,0	2,0	10,0	4,0	COMPLETA
2008	44026	Arcos de las Salinas												SIN INFORMACIÓN
2008	44027	Arens de Lledó								2,0				INCOMPLETA
2008	44028	Argente												SIN INFORMACIÓN
2008	44029	Ariño	1,0	1,0	0,0	161,0	161,0	0,0	1,0	0,0	0,0	0,0	0,0	COMPLETA
2008	44031	Azaila												SIN INFORMACIÓN
2008	44032	Bádenas	1,0	1,0	0,0	217,0	217,0	0,0	1,0	0,0	0,0	0,0	0,0	COMPLETA
2008	44033	Báguena												SIN INFORMACIÓN
2008	44034	Bañón												SIN INFORMACIÓN
2008	44035	Barrachina												SIN INFORMACIÓN
2008	44036	Bea												SIN INFORMACIÓN
2008	44037	Beceite	0,0	0,0	0,0	0,0	0,0	0,0	0,0	1,0	1,0	0,0	0,0	COMPLETA
2008	44038	Belmonte de San José												SIN INFORMACIÓN
2008	44039	Bello	1,0	1,0	0,0	189,0	189,0	0,0	1,0	0,0	0,0	0,0	0,0	COMPLETA
2008	44040	Berge	2,0	2,0	0,0	447,0	447,0	0,0	2,0	3,0	0,0	0,0	0,0	COMPLETA
2008	44041	Bezas												SIN INFORMACIÓN
2008	44042	Blancas												SIN INFORMACIÓN
2008	44043	Blesa												SIN INFORMACIÓN
2008	44044	Bordón	0,0	0,0	0,0	0,0	0,0	0,0	0,0	1,0	0,0	0,0	0,0	COMPLETA
2008	44045	Bronchales	8,0	4,0	4,0	5243,0	645,0	4598,0	4,0	0,0	0,0	0,0	0,0	COMPLETA
2008	44046	Bueña												SIN INFORMACIÓN
2008	44047	Burbáguena												SIN INFORMACIÓN
2008	44048	Cabra de Mora												SIN INFORMACIÓN
2008	44049	Calaceite	7,0	4,0	3,0	4167,0	2670,0	1497,0	15,0	6,0	2,0	0,0	0,0	COMPLETA
2008	44050	Calamocha	13,0	7,0	6,0	14322,0	12398,0	1924,0	63,0	11,0	1,0	12,0	11,0	COMPLETA
2008	44051	Calanda	13,0	9,0	4,0	4339,0	2697,0	1642,0	9,0	4,0	5,0	5,0	3,0	COMPLETA
2008	44052	Calomarde	3,0	3,0	0,0	834,0	834,0	0,0	3,0	0,0	0,0	0,0	0,0	COMPLETA
2008	44053	Camañas												SIN INFORMACIÓN
2008	44054	Camarena de la Sierra												SIN INFORMACIÓN
2008	44055	Camarillas												SIN INFORMACIÓN
2008	44056	Caminreal	2,0	2,0	0,0	340,0	340,0	0,0	3,0	0,0	0,0	0,0	0,0	COMPLETA
2008	44059	Cantavieja	4,0	4,0	0,0	7606,0	7606,0	0,0	39,0	1,0	0,0	0,0	0,0	COMPLETA
2008	44060	Cañada de Benatanduz	1,0	0,0	1,0	30,0	0,0	30,0	0,0	0,0	0,0	0,0	0,0	COMPLETA
2008	44061	Cañada de Verich (La)												SIN INFORMACIÓN
2008	44062	Cañada Vellida												SIN INFORMACIÓN
2008	44063	Cañizar del Olivar	1,0	1,0	0,0	320,0	320,0	0,0	1,0	0,0	0,0	0,0	0,0	COMPLETA
2008	44064	Cascante del Río												SIN INFORMACIÓN
2008	44065	Castejón de Tornos												SIN INFORMACIÓN
2008	44066	Castel de Cabra												SIN INFORMACIÓN
2008	44067	Castelnou												SIN INFORMACIÓN
2008	44068	Castelserás	10,0	8,0	2,0	2249,0	2151,0	98,0	7,0	0,0	0,0	2,0	1,0	COMPLETA
2008	44070	Castellar (El)												SIN INFORMACIÓN
2008	44071	Castellote	11,0	10,0	1,0	4747,0	4683,0	64,0	32,0	1,0	1,0	0,0	0,0	COMPLETA
2008	44074	Cedrillas	1,0	1,0	0,0	329,0	329,0	0,0	1,0	0,0	0,0	0,0	0,0	COMPLETA
2008	44075	Celadas												SIN INFORMACIÓN
2008	44076	Cella	28,0	19,0	9,0	12605,0	8025,0	4580,0	37,0	4,0	7,0	1,0	1,0	COMPLETA
2008	44077	Cerollera (La)	0,0	0,0	0,0	0,0	0,0	0,0	0,0	1,0	1,0	0,0	0,0	COMPLETA
2008	44080	Codoñera (La)	0,0	0,0	0,0	0,0	0,0	0,0	0,0	1,0	0,0	0,0	0,0	COMPLETA
2008	44082	Corbalán												SIN INFORMACIÓN
2008	44084	Cortes de Aragón												SIN INFORMACIÓN
2008	44085	Cosa												SIN INFORMACIÓN
2008	44086	Cretas	9,0	8,0	1,0	3536,0	3488,0	48,0	24,0	4,0	1,0	0,0	0,0	COMPLETA
2008	44087	Crivillén												SIN INFORMACIÓN
2008	44088	Cuba (La)												SIN INFORMACIÓN
2008	44089	Cubla												SIN INFORMACIÓN
2008	44090	Cucalón												SIN INFORMACIÓN
2008	44092	Cuervo (El)												SIN INFORMACIÓN
2008	44093	Cuevas de Almudén												SIN INFORMACIÓN
2008	44094	Cuevas Labradas												SIN INFORMACIÓN
2008	44096	Ejulve	1,0	1,0		237,0	237,0		1,0					INCOMPLETA
2008	44097	Escorihuela	1,0	1,0	0,0	158,0	158,0	0,0	1,0	0,0	0,0	0,0	0,0	COMPLETA
2008	44099	Escucha	0,0	0,0	0,0	0,0	0,0	0,0	0,0	0,0	0,0	1,0	0,0	COMPLETA
2008	44100	Estercuel	0,0	0,0	0,0	0,0	0,0	0,0	0,0	1,0	0,0	0,0	0,0	COMPLETA
2008	44101	Ferreruela de Huerva												SIN INFORMACIÓN
2008	44102	Fonfría												SIN INFORMACIÓN
2008	44103	Formiche Alto												SIN INFORMACIÓN
2008	44105	Fórnoles												SIN INFORMACIÓN
2008	44106	Fortanete	6,0	6,0	0,0	1576,0	1576,0	0,0	5,0	2,0	0,0	4,0	2,0	COMPLETA
2008	44107	Foz-Calanda	1,0	0,0	1,0	285,0	0,0	285,0	0,0	0,0	0,0	0,0	0,0	COMPLETA
2008	44108	Fresneda (La)												SIN INFORMACIÓN
2008	44109	Frías de Albarracín	2,0	2,0	0,0	248,0	248,0	0,0	2,0	0,0	0,0	0,0	0,0	COMPLETA
2008	44110	Fuenferrada												SIN INFORMACIÓN
2008	44111	Fuentes Calientes												SIN INFORMACIÓN
2008	44112	Fuentes Claras	2,0	1,0	1,0	1167,0	243,0	924,0	1,0	0,0	0,0	0,0	0,0	COMPLETA
2008	44113	Fuentes de Rubielos	2,0	2,0	0,0	578,0	578,0	0,0	3,0	1,0	0,0	1,0	1,0	COMPLETA
2008	44114	Fuentespalda	0,0	0,0	0,0	0,0	0,0	0,0	0,0	1,0	5,0	0,0	0,0	COMPLETA
2008	44115	Galve												SIN INFORMACIÓN
2008	44116	Gargallo								2,0				INCOMPLETA
2008	44117	Gea de Albarracín	1,0	1,0	0,0	356,0	356,0	0,0	1,0	1,0	2,0	0,0	1,0	COMPLETA
2008	44118	Ginebrosa (La)	2,0	0,0	2,0	1717,0	0,0	1717,0	0,0	1,0	0,0	0,0	0,0	COMPLETA
2008	44119	Griegos												SIN INFORMACIÓN
2008	44120	Guadalaviar	8,0	8,0	0,0	2397,0	2397,0	0,0	8,0	0,0	0,0	0,0	0,0	COMPLETA
2008	44121	Gúdar												SIN INFORMACIÓN
2008	44122	Híjar	12,0	10,0	2,0	4252,0	2535,0	1717,0	10,0	5,0	1,0	3,0	4,0	COMPLETA
2008	44123	Hinojosa de Jarque												SIN INFORMACIÓN
2008	44124	Hoz de la Vieja (La)												SIN INFORMACIÓN
2008	44125	Huesa del Común												SIN INFORMACIÓN
2008	44126	Iglesuela del Cid (La)												SIN INFORMACIÓN
2008	44127	Jabaloyas												SIN INFORMACIÓN
2008	44128	Jarque de la Val												SIN INFORMACIÓN
2008	44129	Jatiel												SIN INFORMACIÓN
2008	44130	Jorcas												SIN INFORMACIÓN
2008	44131	Josa												SIN INFORMACIÓN
2008	44132	Lagueruela												SIN INFORMACIÓN
2008	44133	Lanzuela												SIN INFORMACIÓN
2008	44135	Libros	1,0	1,0	0,0	331,0	331,0	0,0	1,0	0,0	0,0	1,0	1,0	COMPLETA
2008	44136	Lidón												SIN INFORMACIÓN
2008	44137	Linares de Mora	33,0	33,0	0,0	7213,0	7213,0	0,0	33,0	2,0	1,0	0,0	0,0	COMPLETA
2008	44138	Loscos												SIN INFORMACIÓN
2008	44141	Lledó												SIN INFORMACIÓN
2008	44142	Maicas												SIN INFORMACIÓN
2008	44143	Manzanera	9,0	6,0	3,0	3767,0	3180,0	587,0	24,0	2,0	4,0	0,0	1,0	COMPLETA
2008	44144	Martín del Río	0,0	0,0	0,0	0,0	0,0	0,0	0,0	1,0	0,0	0,0	0,0	COMPLETA
2008	44145	Mas de las Matas	13,0	11,0	2,0	2606,0	2505,0	101,0	11,0	4,0	1,0	1,0	0,0	COMPLETA
2008	44146	Mata de los Olmos (La)								1,0	1,0			INCOMPLETA
2008	44147	Mazaleón	4,0	3,0	1,0	1275,0	724,0	551,0	5,0	1,0	1,0	0,0	0,0	COMPLETA
2008	44148	Mezquita de Jarque	1,0	0,0	1,0	408,0	0,0	408,0	0,0	0,0	0,0	0,0	0,0	COMPLETA
2008	44149	Mirambel	0,0	0,0	0,0	0,0	0,0	0,0	0,0	1,0	1,0	0,0	0,0	COMPLETA
2008	44150	Miravete de la Sierra												SIN INFORMACIÓN
2008	44151	Molinos												SIN INFORMACIÓN
2008	44152	Monforte de Moyuela												SIN INFORMACIÓN
2008	44153	Monreal del Campo	21,0	17,0	4,0	12181,0	3344,0	8837,0	17,0	2,0	2,0	3,0	3,0	COMPLETA
2008	44154	Monroyo	1,0	1,0	0,0	345,0	345,0	0,0	1,0	1,0	1,0	0,0	0,0	COMPLETA
2008	44155	Montalbán	2,0	1,0	1,0	810,0	310,0	500,0	1,0	1,0	0,0	0,0	0,0	COMPLETA
2008	44156	Monteagudo del Castillo												SIN INFORMACIÓN
2008	44157	Monterde de Albarracín												SIN INFORMACIÓN
2008	44158	Mora de Rubielos	7,0	7,0	0,0	4624,0	4624,0	0,0	39,0	5,0	2,0	2,0	2,0	COMPLETA
2008	44159	Moscardón												SIN INFORMACIÓN
2008	44160	Mosqueruela	11,0	11,0	0,0	3188,0	3188,0	0,0	12,0	2,0	3,0	4,0	6,0	COMPLETA
2008	44161	Muniesa												SIN INFORMACIÓN
2008	44163	Noguera de Albarracín												SIN INFORMACIÓN
2008	44164	Nogueras												SIN INFORMACIÓN
2008	44165	Nogueruelas	0,0	0,0	0,0	0,0	0,0	0,0	0,0	3,0	1,0	0,0	0,0	COMPLETA
2008	44167	Obón												SIN INFORMACIÓN
2008	44168	Odón	2,0	0,0	2,0	2088,0	0,0	2088,0	0,0	0,0	0,0	0,0	0,0	COMPLETA
2008	44169	Ojos Negros	8,0	6,0	2,0	2556,0	1152,0	1404,0	6,0	7,0	10,0	0,0	0,0	COMPLETA
2008	44171	Olba	4,0	4,0	0,0	743,0	743,0	0,0	4,0	3,0	0,0	0,0	0,0	COMPLETA
2008	44172	Oliete												SIN INFORMACIÓN
2008	44173	Olmos (Los)	1,0	1,0	0,0	275,0	275,0	0,0	1,0	0,0	0,0	0,0	0,0	COMPLETA
2008	44174	Orihuela del Tremedal	4,0	4,0	0,0	4466,0	4466,0	0,0	39,0	5,0	3,0	1,0	1,0	COMPLETA
2008	44175	Orrios												SIN INFORMACIÓN
2008	44176	Palomar de Arroyos												SIN INFORMACIÓN
2008	44177	Pancrudo												SIN INFORMACIÓN
2008	44178	Parras de Castellote (Las)	2,0	2,0	0,0	552,0	552,0	0,0	2,0	1,0	0,0	0,0	0,0	COMPLETA
2008	44179	Peñarroya de Tastavins	2,0	0,0	2,0	360,0	0,0	360,0	0,0	2,0	0,0	0,0	0,0	COMPLETA
2008	44180	Peracense												SIN INFORMACIÓN
2008	44181	Peralejos												SIN INFORMACIÓN
2008	44182	Perales del Alfambra												SIN INFORMACIÓN
2008	44183	Pitarque												SIN INFORMACIÓN
2008	44184	Plou												SIN INFORMACIÓN
2008	44185	Pobo (El)												SIN INFORMACIÓN
2008	44187	Portellada (La)	1,0	1,0	0,0	367,0	367,0	0,0	1,0	0,0	0,0	0,0	0,0	COMPLETA
2008	44189	Pozondón												SIN INFORMACIÓN
2008	44190	Pozuel del Campo	0,0	0,0	0,0	0,0	0,0	0,0	0,0	4,0	2,0	0,0	0,0	COMPLETA
2008	44191	Puebla de Híjar (La)	2,0	2,0	0,0	300,0	300,0	0,0	2,0	0,0	0,0	0,0	0,0	COMPLETA
2008	44192	Puebla de Valverde (La)	13,0	13,0	0,0	2537,0	2537,0	0,0	13,0	2,0	2,0	0,0	0,0	COMPLETA
2008	44193	Puertomingalvo	0,0	0,0	0,0	0,0	0,0	0,0	0,0	3,0	1,0	0,0	0,0	COMPLETA
2008	44194	Ráfales	2,0	0,0	2,0	441,0	0,0	441,0	0,0	1,0	1,0	0,0	0,0	COMPLETA
2008	44195	Rillo												SIN INFORMACIÓN
2008	44196	Riodeva												SIN INFORMACIÓN
2008	44197	Ródenas	0,0	0,0	0,0	0,0	0,0	0,0	0,0	3,0	0,0	0,0	0,0	COMPLETA
2008	44198	Royuela												SIN INFORMACIÓN
2008	44199	Rubiales	1,0	1,0	0,0	139,0	139,0	0,0	1,0	0,0	0,0	0,0	0,0	COMPLETA
2008	44200	Rubielos de la Cérida												SIN INFORMACIÓN
2008	44201	Rubielos de Mora	3,0	2,0	1,0	1718,0	1634,0	84,0	17,0	5,0	0,0	4,0	1,0	COMPLETA
2008	44203	Salcedillo												SIN INFORMACIÓN
2008	44204	Saldón												SIN INFORMACIÓN
2008	44205	Samper de Calanda	7,0	7,0	0,0	1848,0	1848,0	0,0	7,0	2,0	0,0	3,0	2,0	COMPLETA
2008	44206	San Agustín												SIN INFORMACIÓN
2008	44207	San Martín del Río												SIN INFORMACIÓN
2008	44208	Santa Cruz de Nogueras												SIN INFORMACIÓN
2008	44209	Santa Eulalia	15,0	7,0	8,0	4640,0	1320,0	3320,0	7,0	1,0	0,0	1,0	1,0	COMPLETA
2008	44210	Sarrión	8,0	4,0	4,0	1210,0	763,0	447,0	4,0	4,0	1,0	1,0	3,0	COMPLETA
2008	44211	Segura de los Baños												SIN INFORMACIÓN
2008	44212	Seno												SIN INFORMACIÓN
2008	44213	Singra	1,0	0,0	1,0	237,0	0,0	237,0	0,0	0,0	0,0	0,0	0,0	COMPLETA
2008	44215	Terriente												SIN INFORMACIÓN
2008	44216	Teruel	12,0	11,0	1,0	26150,0	25672,0	478,0	157,0	4,0	1,0	2,0	3,0	COMPLETA
2008	44217	Toril y Masegoso												SIN INFORMACIÓN
2008	44218	Tormón												SIN INFORMACIÓN
2008	44219	Tornos												SIN INFORMACIÓN
2008	44220	Torralba de los Sisones	1,0	0,0	1,0	60,0	0,0	60,0	0,0	0,0	0,0	0,0	0,0	COMPLETA
2008	44221	Torrecilla de Alcañiz	4,0		4,0	1744,0		1744,0				2,0		INCOMPLETA
2008	44222	Torrecilla del Rebollar												SIN INFORMACIÓN
2008	44223	Torre de Arcas												SIN INFORMACIÓN
2008	44224	Torre de las Arcas												SIN INFORMACIÓN
2008	44225	Torre del Compte	2,0	0,0	2,0	106,0	0,0	106,0	0,0	2,0	1,0	0,0	0,0	COMPLETA
2008	44226	Torrelacárcel												SIN INFORMACIÓN
2008	44227	Torre los Negros												SIN INFORMACIÓN
2008	44228	Torremocha de Jiloca												SIN INFORMACIÓN
2008	44229	Torres de Albarracín												SIN INFORMACIÓN
2008	44230	Torrevelilla												SIN INFORMACIÓN
2008	44231	Torrijas												SIN INFORMACIÓN
2008	44232	Torrijo del Campo	13,0	3,0	10,0	12087,0	776,0	11311,0	3,0	1,0	1,0	0,0	0,0	COMPLETA
2008	44234	Tramacastiel												SIN INFORMACIÓN
2008	44235	Tramacastilla												SIN INFORMACIÓN
2008	44236	Tronchón	2,0	1,0	1,0	223,0	131,0	92,0	1,0	1,0	0,0	1,0	1,0	COMPLETA
2008	44237	Urrea de Gaén	1,0	1,0	0,0	175,0	175,0	0,0	1,0	2,0	0,0	2,0	2,0	COMPLETA
2008	44238	Utrillas	2,0	2,0	0,0	467,0	467,0	0,0	2,0	0,0	0,0	1,0	1,0	COMPLETA
2008	44239	Valacloche												SIN INFORMACIÓN
2008	44240	Valbona	14,0	13,0	1,0	3593,0	3033,0	560,0	17,0	2,0	0,0	0,0	0,0	COMPLETA
2008	44241	Valdealgorfa	17,0	16,0	1,0	6158,0	6011,0	147,0	40,0	4,0	1,0	1,0		INCOMPLETA
2008	44243	Valdecuenca	0,0	0,0	0,0	0,0	0,0	0,0	0,0	2,0	1,0	0,0	0,0	COMPLETA
2008	44244	Valdelinares												SIN INFORMACIÓN
2008	44245	Valdeltormo												SIN INFORMACIÓN
2008	44246	Valderrobres	10,0	3,0	7,0	2524,0	1599,0	925,0	8,0	8,0	5,0	0,0	0,0	COMPLETA
2008	44247	Valjunquera	4,0	4,0		818,0	818,0		4,0	1,0	1,0			INCOMPLETA
2008	44249	Vallecillo (El)												SIN INFORMACIÓN
2008	44250	Veguillas de la Sierra												SIN INFORMACIÓN
2008	44251	Villafranca del Campo												SIN INFORMACIÓN
2008	44252	Villahermosa del Campo												SIN INFORMACIÓN
2008	44256	Villanueva del Rebollar de la Sierra												SIN INFORMACIÓN
2008	44257	Villar del Cobo	3,0	3,0	0,0	775,0	775,0	0,0	6,0	0,0	0,0	3,0	2,0	COMPLETA
2008	44258	Villar del Salz												SIN INFORMACIÓN
2008	44260	Villarluengo												SIN INFORMACIÓN
2008	44261	Villarquemado	13,0	12,0	1,0	3363,0	2403,0	960,0	12,0	1,0	1,0	0,0	0,0	COMPLETA
2008	44262	Villarroya de los Pinares	1,0	1,0	0,0	252,0	252,0	0,0	1,0	0,0	0,0	0,0	0,0	COMPLETA
2008	44263	Villastar	0,0	0,0	0,0	0,0	0,0	0,0	0,0	1,0	0,0	0,0	0,0	COMPLETA
2008	44264	Villel												SIN INFORMACIÓN
2008	44265	Vinaceite	1,0	1,0		344,0	344,0		1,0					INCOMPLETA
2008	44266	Visiedo												SIN INFORMACIÓN
2008	44267	Vivel del Río Martín												SIN INFORMACIÓN
2008	44268	Zoma (La)												SIN INFORMACIÓN
2008	50001	Abanto												SIN INFORMACIÓN
2008	50002	Acered												SIN INFORMACIÓN
2008	50003	Agón												SIN INFORMACIÓN
2008	50004	Aguarón	4,0	4,0	0,0	1067,0	1067,0	0,0	4,0	1,0	0,0	0,0	0,0	COMPLETA
2008	50005	Aguilón												SIN INFORMACIÓN
2008	50006	Ainzón	3,0	2,0	1,0	673,0	643,0	30,0	2,0	1,0	0,0	2,0	1,0	COMPLETA
2008	50007	Aladrén												SIN INFORMACIÓN
2008	50008	Alagón	42,0	42,0	0,0	28900,0	28900,0	0,0	175,0	3,0	0,0	2,0	2,0	COMPLETA
2008	50009	Alarba												SIN INFORMACIÓN
2008	50010	Alberite de San Juan												SIN INFORMACIÓN
2008	50011	Albeta	2,0	1,0	1,0	806,0	374,0	432,0	1,0	0,0	0,0	0,0	0,0	COMPLETA
2008	50012	Alborge												SIN INFORMACIÓN
2008	50013	Alcalá de Ebro	1,0	1,0	0,0	243,0	243,0	0,0	1,0	0,0	0,0	0,0	0,0	COMPLETA
2008	50014	Alcalá de Moncayo												SIN INFORMACIÓN
2008	50015	Alconchel de Ariza												SIN INFORMACIÓN
2008	50016	Aldehuela de Liestos												SIN INFORMACIÓN
2008	50017	Alfajarín	12,0	12,0	0,0	8160,0	8160,0	0,0	41,0	1,0	0,0	1,0	0,0	COMPLETA
2008	50018	Alfamén	5,0	3,0	2,0	13710,0	686,0	13024,0	3,0	0,0	0,0	0,0	0,0	COMPLETA
2008	50019	Alforque								1,0				INCOMPLETA
2008	50020	Alhama de Aragón												SIN INFORMACIÓN
2008	50021	Almochuel												SIN INFORMACIÓN
2008	50022	Almolda (La)	1,0	1,0	0,0	228,0	228,0	0,0	1,0	1,0	0,0	0,0	0,0	COMPLETA
2008	50023	Almonacid de la Cuba												SIN INFORMACIÓN
2008	50024	Almonacid de la Sierra	2,0	2,0	0,0	367,0	367,0	0,0	2,0	0,0	0,0	0,0	0,0	COMPLETA
2008	50025	Almunia de Doña Godina (La)	5,0	4,0	1,0	2022,0	1022,0	1000,0	4,0	1,0	0,0	5,0	5,0	COMPLETA
2008	50026	Alpartir	6,0	4,0	2,0	1327,0	941,0	386,0	4,0	0,0	0,0	2,0	2,0	COMPLETA
2008	50027	Ambel	3,0	3,0	0,0	951,0	951,0	0,0	4,0	0,0	0,0	0,0	0,0	COMPLETA
2008	50028	Anento	0,0	0,0	0,0	0,0	0,0	0,0	0,0	1,0	0,0	0,0	0,0	COMPLETA
2008	50029	Aniñón	0,0	0,0	0,0	0,0	0,0	0,0	0,0	4,0	0,0	0,0	0,0	COMPLETA
2008	50030	Añón de Moncayo												SIN INFORMACIÓN
2008	50031	Aranda de Moncayo												SIN INFORMACIÓN
2008	50032	Arándiga												SIN INFORMACIÓN
2008	50033	Ardisa	1,0	1,0	0,0	124,0	124,0	0,0	1,0	1,0	1,0	0,0	0,0	COMPLETA
2008	50034	Ariza												SIN INFORMACIÓN
2008	50035	Artieda												SIN INFORMACIÓN
2008	50036	Asín												SIN INFORMACIÓN
2008	50037	Atea												SIN INFORMACIÓN
2008	50038	Ateca	3,0	2,0	1,0	1192,0	1003,0	189,0	7,0	1,0	0,0	0,0	0,0	COMPLETA
2008	50039	Azuara	0,0	0,0	0,0	0,0	0,0	0,0	0,0	1,0	0,0	0,0	0,0	COMPLETA
2008	50040	Badules												SIN INFORMACIÓN
2008	50041	Bagüés												SIN INFORMACIÓN
2008	50042	Balconchán												SIN INFORMACIÓN
2008	50043	Bárboles	0,0	0,0	0,0	0,0	0,0	0,0	0,0	1,0	0,0	1,0	1,0	COMPLETA
2008	50044	Bardallur	1,0	0,0	1,0	1190,0	0,0	1190,0	0,0	0,0	0,0	0,0	0,0	COMPLETA
2008	50045	Belchite	2,0	2,0	0,0	630,0	630,0	0,0	2,0	2,0	0,0	1,0	0,0	COMPLETA
2008	50046	Belmonte de Gracián												SIN INFORMACIÓN
2008	50047	Berdejo	1,0	1,0	0,0	284,0	284,0	0,0	1,0	0,0	0,0	0,0	0,0	COMPLETA
2008	50048	Berrueco	0,0	0,0	0,0	0,0	0,0	0,0	0,0	1,0	0,0	0,0	0,0	COMPLETA
2008	50050	Bijuesca												SIN INFORMACIÓN
2008	50051	Biota	1,0	0,0	1,0	108,0	0,0	108,0	0,0	1,0	0,0	0,0	0,0	COMPLETA
2008	50052	Bisimbre												SIN INFORMACIÓN
2008	50053	Boquiñeni												SIN INFORMACIÓN
2008	50054	Bordalba												SIN INFORMACIÓN
2008	50055	Borja	5,0	4,0	1,0	1232,0	980,0	252,0	4,0	2,0	1,0	0,0	0,0	COMPLETA
2008	50056	Botorrita	2,0	2,0	0,0	536,0	536,0	0,0	2,0	1,0	0,0	0,0	0,0	COMPLETA
2008	50057	Brea de Aragón	1,0	1,0	0,0	431,0	431,0	0,0	1,0	1,0	0,0	0,0	0,0	COMPLETA
2008	50058	Bubierca												SIN INFORMACIÓN
2008	50059	Bujaraloz	6,0	5,0	1,0	3007,0	2407,0	600,0	15,0	1,0	0,0	0,0	0,0	COMPLETA
2008	50060	Bulbuente	2,0	1,0	1,0	779,0	417,0	362,0	1,0	2,0	1,0	1,0	1,0	COMPLETA
2008	50061	Bureta												SIN INFORMACIÓN
2008	50062	Burgo de Ebro (El)	3,0	3,0	0,0	1160,0	1160,0	0,0	3,0	0,0	0,0	1,0	1,0	COMPLETA
2008	50063	Buste (El)												SIN INFORMACIÓN
2008	50064	Cabañas de Ebro	3,0	1,0	2,0	471,0	376,0	95,0	1,0	2,0	0,0	0,0	0,0	COMPLETA
2008	50065	Cabolafuente												SIN INFORMACIÓN
2008	50066	Cadrete	29,0	28,0	1,0	23998,0	21149,0	2849,0	99,0	11,0	0,0	6,0	3,0	COMPLETA
2008	50067	Calatayud	21,0	19,0	2,0	42343,0	41257,0	1086,0	247,0	4,0	1,0	0,0	0,0	COMPLETA
2008	50068	Calatorao	21,0	17,0	4,0	8104,0	5869,0	2235,0	39,0	3,0	3,0	3,0	3,0	COMPLETA
2008	50069	Calcena												SIN INFORMACIÓN
2008	50070	Calmarza												SIN INFORMACIÓN
2008	50071	Campillo de Aragón												SIN INFORMACIÓN
2008	50072	Carenas												SIN INFORMACIÓN
2008	50073	Cariñena	2,0	2,0	0,0	459,0	459,0	0,0	2,0	3,0	0,0	3,0	3,0	COMPLETA
2008	50074	Caspe	9,0	4,0	5,0	3029,0	1792,0	1237,0	5,0	9,0	1,0	6,0	0,0	COMPLETA
2008	50075	Castejón de Alarba												SIN INFORMACIÓN
2008	50076	Castejón de las Armas												SIN INFORMACIÓN
2008	50077	Castejón de Valdejasa												SIN INFORMACIÓN
2008	50078	Castiliscar												SIN INFORMACIÓN
2008	50079	Cervera de la Cañada	0,0	0,0	0,0	0,0	0,0	0,0	0,0	1,0	0,0	0,0	0,0	COMPLETA
2008	50080	Cerveruela												SIN INFORMACIÓN
2008	50081	Cetina	4,0	4,0	0,0	755,0	755,0	0,0	4,0	1,0	0,0	0,0	0,0	COMPLETA
2008	50082	Cimballa												SIN INFORMACIÓN
2008	50083	Cinco Olivas												SIN INFORMACIÓN
2008	50084	Clarés de Ribota												SIN INFORMACIÓN
2008	50085	Codo												SIN INFORMACIÓN
2008	50086	Codos												SIN INFORMACIÓN
2008	50087	Contamina												SIN INFORMACIÓN
2008	50088	Cosuenda	2,0	2,0	0,0	618,0	618,0	0,0	2,0	2,0	0,0	0,0	0,0	COMPLETA
2008	50089	Cuarte de Huerva	62,0	40,0	22,0	80546,0	58577,0	21969,0	335,0	12,0	0,0	19,0	15,0	COMPLETA
2008	50090	Cubel												SIN INFORMACIÓN
2008	50091	Cuerlas (Las)												SIN INFORMACIÓN
2008	50092	Chiprana	6,0	4,0	2,0	1047,0	754,0	293,0	4,0	2,0	0,0	1,0	1,0	COMPLETA
2008	50093	Chodes	1,0	1,0	0,0	211,0	211,0	0,0	1,0	0,0	0,0	0,0	0,0	COMPLETA
2008	50094	Daroca	1,0	1,0	0,0	191,0	191,0	0,0	1,0	0,0	0,0	1,0	1,0	COMPLETA
2008	50095	Ejea de los Caballeros	29,0	25,0	4,0	20489,0	9301,0	11188,0	49,0	9,0		4,0	2,0	INCOMPLETA
2008	50096	Embid de Ariza	0,0	0,0	0,0	0,0	0,0	0,0	0,0	1,0	0,0	0,0	1,0	COMPLETA
2008	50098	Encinacorba	0,0	0,0	0,0	0,0	0,0	0,0	0,0	0,0	0,0	1,0	1,0	COMPLETA
2008	50099	Épila	34,0	5,0	29,0	20477,0	2138,0	18339,0	4,0	4,0	2,0	7,0	10,0	COMPLETA
2008	50100	Erla	1,0	1,0	0,0	148,0	148,0	0,0	1,0	0,0	0,0	0,0	0,0	COMPLETA
2008	50101	Escatrón	6,0	4,0	2,0	3192,0	3090,0	102,0	27,0	1,0	0,0	1,0	0,0	COMPLETA
2008	50102	Fabara	2,0	2,0	0,0	437,0	437,0	0,0	2,0	0,0	0,0	0,0	0,0	COMPLETA
2008	50104	Farlete	1,0	1,0	0,0	159,0	159,0	0,0	1,0	0,0	0,0	0,0	0,0	COMPLETA
2008	50105	Fayón	8,0	7,0	1,0	3787,0	3704,0	83,0	21,0	0,0	0,0	0,0	0,0	COMPLETA
2008	50106	Fayos (Los)	0,0	0,0	0,0	0,0	0,0	0,0	0,0	1,0	0,0	0,0	0,0	COMPLETA
2008	50107	Figueruelas	57,0	54,0	3,0	16654,0	11733,0	4921,0	54,0	2,0	0,0	0,0	0,0	COMPLETA
2008	50108	Fombuena												SIN INFORMACIÓN
2008	50109	Frago (El)	1,0	1,0	0,0	117,0	117,0	0,0	1,0	1,0	0,0	0,0	0,0	COMPLETA
2008	50110	Frasno (El)												SIN INFORMACIÓN
2008	50111	Fréscano	3,0	1,0	2,0	1595,0	208,0	1387,0	1,0	2,0	0,0	0,0	0,0	COMPLETA
2008	50113	Fuendejalón												SIN INFORMACIÓN
2008	50114	Fuendetodos	1,0	1,0	0,0	143,0	143,0	0,0	1,0	1,0	0,0	0,0	0,0	COMPLETA
2008	50115	Fuentes de Ebro	19,0	19,0	0,0	12828,0	12828,0	0,0	86,0	1,0	0,0	1,0	0,0	COMPLETA
2008	50116	Fuentes de Jiloca												SIN INFORMACIÓN
2008	50117	Gallocanta												SIN INFORMACIÓN
2008	50118	Gallur	9,0	8,0	1,0	2925,0	2883,0	42,0	22,0	3,0	1,0	3,0	3,0	COMPLETA
2008	50119	Gelsa	3,0	3,0	0,0	807,0	807,0	0,0	3,0	0,0	0,0	0,0	0,0	COMPLETA
2008	50120	Godojos												SIN INFORMACIÓN
2008	50121	Gotor												SIN INFORMACIÓN
2008	50122	Grisel												SIN INFORMACIÓN
2008	50123	Grisén	4,0	4,0	0,0	1569,0	1569,0	0,0	19,0	0,0	0,0	0,0	0,0	COMPLETA
2008	50124	Herrera de los Navarros												SIN INFORMACIÓN
2008	50125	Ibdes	1,0	0,0	1,0	229,0	0,0	229,0	0,0	0,0	0,0	0,0	0,0	COMPLETA
2008	50126	Illueca	2,0	2,0	0,0	1056,0	1056,0	0,0	2,0	0,0	0,0	1,0	1,0	COMPLETA
2008	50128	Isuerre												SIN INFORMACIÓN
2008	50129	Jaraba												SIN INFORMACIÓN
2008	50130	Jarque												SIN INFORMACIÓN
2008	50131	Jaulín												SIN INFORMACIÓN
2008	50132	Joyosa (La)	14,0	13,0	1,0	2482,0	2069,0	413,0	13,0	1,0	0,0	0,0	0,0	COMPLETA
2008	50133	Lagata												SIN INFORMACIÓN
2008	50134	Langa del Castillo												SIN INFORMACIÓN
2008	50135	Layana	1,0	1,0	0,0	189,0	189,0	0,0	1,0	1,0	0,0	0,0	0,0	COMPLETA
2008	50136	Lécera												SIN INFORMACIÓN
2008	50137	Leciñena	17,0	17,0	0,0	4160,0	4160,0	0,0	17,0	0,0	0,0	1,0	0,0	COMPLETA
2008	50138	Lechón												SIN INFORMACIÓN
2008	50139	Letux												SIN INFORMACIÓN
2008	50140	Litago	0,0	0,0	0,0	0,0	0,0	0,0	0,0	1,0	0,0	0,0	0,0	COMPLETA
2008	50141	Lituénigo												SIN INFORMACIÓN
2008	50142	Lobera de Onsella												SIN INFORMACIÓN
2008	50143	Longares												SIN INFORMACIÓN
2008	50144	Longás												SIN INFORMACIÓN
2008	50146	Lucena de Jalón												SIN INFORMACIÓN
2008	50147	Luceni	3,0	1,0	2,0	957,0	280,0	677,0	1,0	1,0	0,0	0,0	0,0	COMPLETA
2008	50148	Luesia												SIN INFORMACIÓN
2008	50149	Luesma												SIN INFORMACIÓN
2008	50150	Lumpiaque	6,0	3,0	3,0	1712,0	458,0	1254,0	3,0	3,0	1,0	0,0	0,0	COMPLETA
2008	50151	Luna	19,0	1,0	18,0	25515,0	130,0	25385,0	1,0	0,0	0,0	0,0	0,0	COMPLETA
2008	50152	Maella	5,0	1,0	4,0	1163,0	344,0	819,0	1,0	6,0	1,0	0,0	0,0	COMPLETA
2008	50153	Magallón	4,0	0,0	4,0	2036,0	0,0	2036,0	0,0	1,0	1,0	0,0	0,0	COMPLETA
2008	50154	Mainar												SIN INFORMACIÓN
2008	50155	Malanquilla												SIN INFORMACIÓN
2008	50156	Maleján												SIN INFORMACIÓN
2008	50157	Malón												SIN INFORMACIÓN
2008	50159	Maluenda	0,0	0,0	0,0	0,0	0,0	0,0	0,0	1,0	1,0	0,0	0,0	COMPLETA
2008	50160	Mallén	6,0	3,0	3,0	4489,0	3015,0	1474,0	12,0	1,0	0,0	2,0	2,0	COMPLETA
2008	50161	Manchones	2,0	2,0	0,0	324,0	324,0	0,0	2,0	0,0	0,0	0,0	0,0	COMPLETA
2008	50162	Mara	1,0	0,0	1,0	3005,0	0,0	3005,0	0,0	0,0	0,0	0,0	0,0	COMPLETA
2008	50163	María de Huerva	6,0	6,0	0,0	2372,0	2372,0	0,0	11,0	0,0	0,0	2,0	1,0	COMPLETA
2008	50164	Mediana de Aragón												SIN INFORMACIÓN
2008	50165	Mequinenza	3,0	2,0	1,0	973,0	325,0	648,0	2,0	5,0	2,0	1,0	1,0	COMPLETA
2008	50166	Mesones de Isuela												SIN INFORMACIÓN
2008	50167	Mezalocha	1,0	1,0	0,0	219,0	219,0	0,0	2,0	0,0	0,0	1,0	1,0	COMPLETA
2008	50168	Mianos												SIN INFORMACIÓN
2008	50169	Miedes de Aragón	1,0	1,0	0,0	410,0	410,0	0,0	1,0	0,0	0,0	0,0	0,0	COMPLETA
2008	50170	Monegrillo												SIN INFORMACIÓN
2008	50171	Moneva												SIN INFORMACIÓN
2008	50172	Monreal de Ariza												SIN INFORMACIÓN
2008	50173	Monterde												SIN INFORMACIÓN
2008	50174	Montón												SIN INFORMACIÓN
2008	50175	Morata de Jalón	2,0	2,0	0,0	912,0	912,0	0,0	3,0	1,0	0,0	0,0	1,0	COMPLETA
2008	50176	Morata de Jiloca												SIN INFORMACIÓN
2008	50177	Morés												SIN INFORMACIÓN
2008	50178	Moros												SIN INFORMACIÓN
2008	50179	Moyuela												SIN INFORMACIÓN
2008	50180	Mozota												SIN INFORMACIÓN
2008	50181	Muel	2,0	2,0		386,0	386,0		2,0					INCOMPLETA
2008	50182	Muela (La)	57,0	36,0	21,0	59885,0	36733,0	23152,0	281,0	7,0	1,0		1,0	INCOMPLETA
2008	50183	Munébrega												SIN INFORMACIÓN
2008	50184	Murero	2,0	2,0	0,0	795,0	795,0	0,0	4,0	0,0	0,0	0,0	0,0	COMPLETA
2008	50185	Murillo de Gállego												SIN INFORMACIÓN
2008	50186	Navardún												SIN INFORMACIÓN
2008	50187	Nigüella												SIN INFORMACIÓN
2008	50188	Nombrevilla												SIN INFORMACIÓN
2008	50189	Nonaspe	4,0	3,0	1,0	1166,0	1006,0	160,0	3,0	1,0	0,0	1,0	0,0	COMPLETA
2008	50190	Novallas	1,0	1,0	0,0	149,0	149,0	0,0	1,0	1,0	0,0	0,0	0,0	COMPLETA
2008	50191	Novillas	2,0	1,0	1,0	182,0	132,0	50,0	1,0	0,0	0,0	1,0	0,0	COMPLETA
2008	50192	Nuévalos												SIN INFORMACIÓN
2008	50193	Nuez de Ebro	22,0	20,0	2,0	2936,0	2880,0	56,0	20,0	1,0	0,0	1,0	0,0	COMPLETA
2008	50194	Olvés												SIN INFORMACIÓN
2008	50195	Orcajo												SIN INFORMACIÓN
2008	50196	Orera												SIN INFORMACIÓN
2008	50197	Orés												SIN INFORMACIÓN
2008	50198	Oseja												SIN INFORMACIÓN
2008	50199	Osera de Ebro	1,0	1,0	0,0	293,0	293,0	0,0	1,0	1,0	0,0	0,0	0,0	COMPLETA
2008	50200	Paniza	2,0	2,0	0,0	493,0	493,0	0,0	2,0	1,0	1,0	0,0	0,0	COMPLETA
2008	50201	Paracuellos de Jiloca	1,0	1,0	0,0	732,0	732,0	0,0	6,0	1,0	0,0	0,0	0,0	COMPLETA
2008	50202	Paracuellos de la Ribera												SIN INFORMACIÓN
2008	50203	Pastriz	5,0	4,0	1,0	1199,0	1174,0	25,0	4,0	0,0	0,0	0,0	0,0	COMPLETA
2008	50204	Pedrola	9,0	6,0	3,0	28572,0	8550,0	20022,0	67,0	4,0	0,0	1,0	0,0	COMPLETA
2008	50205	Pedrosas (Las)												SIN INFORMACIÓN
2008	50206	Perdiguera	31,0	31,0	0,0	6536,0	6536,0	0,0	33,0	0,0	0,0	0,0	0,0	COMPLETA
2008	50207	Piedratajada												SIN INFORMACIÓN
2008	50208	Pina de Ebro	6,0	5,0	1,0	7240,0	3577,0	3663,0	19,0	9,0	0,0	1,0	0,0	COMPLETA
2008	50209	Pinseque	11,0	6,0	5,0	4778,0	1751,0	3027,0	6,0	4,0	1,0	1,0	1,0	COMPLETA
2008	50210	Pintanos (Los)												SIN INFORMACIÓN
2008	50211	Plasencia de Jalón	1,0	0,0	1,0	170,0	0,0	170,0	0,0	0,0	0,0	0,0	0,0	COMPLETA
2008	50212	Pleitas												SIN INFORMACIÓN
2008	50213	Plenas												SIN INFORMACIÓN
2008	50214	Pomer	0,0	0,0	0,0	0,0	0,0	0,0	0,0	1,0	2,0	0,0	1,0	COMPLETA
2008	50215	Pozuel de Ariza												SIN INFORMACIÓN
2008	50216	Pozuelo de Aragón												SIN INFORMACIÓN
2008	50217	Pradilla de Ebro	4,0	4,0	0,0	445,0	445,0	0,0	4,0	0,0	0,0	0,0	0,0	COMPLETA
2008	50218	Puebla de Albortón	2,0	0,0	2,0	1764,0	0,0	1764,0	0,0	0,0	0,0	0,0	0,0	COMPLETA
2008	50219	Puebla de Alfindén (La)	35,0	32,0	3,0	45904,0	43918,0	1986,0	313,0	5,0	3,0	1,0	2,0	COMPLETA
2008	50220	Puendeluna												SIN INFORMACIÓN
2008	50221	Purujosa												SIN INFORMACIÓN
2008	50222	Quinto	7,0	5,0	2,0	2558,0	2042,0	516,0	6,0	0,0	0,0	1,0	1,0	COMPLETA
2008	50223	Remolinos	7,0	7,0	0,0	1835,0	1835,0	0,0	7,0	7,0	0,0	1,0	0,0	COMPLETA
2008	50224	Retascón												SIN INFORMACIÓN
2008	50225	Ricla	9,0	9,0	0,0	3188,0	3188,0	0,0	18,0	1,0	1,0	1,0	0,0	COMPLETA
2008	50227	Romanos	1,0	0,0	1,0	350,0	0,0	350,0	0,0	0,0	0,0	0,0	0,0	COMPLETA
2008	50228	Rueda de Jalón	1,0	1,0	0,0	271,0	271,0	0,0	1,0	0,0	0,0	0,0	0,0	COMPLETA
2008	50229	Ruesca												SIN INFORMACIÓN
2008	50230	Sádaba	1,0	1,0	0,0	333,0	333,0	0,0	1,0	5,0	1,0	0,0	0,0	COMPLETA
2008	50231	Salillas de Jalón	14,0	13,0	1,0	2316,0	2131,0	185,0	13,0	0,0	0,0	0,0	0,0	COMPLETA
2008	50232	Salvatierra de Esca	1,0	1,0	0,0	233,0	233,0	0,0	1,0	0,0	0,0	1,0	1,0	COMPLETA
2008	50233	Samper del Salz												SIN INFORMACIÓN
2008	50234	San Martín de la Virgen de Moncayo	4,0	2,0	2,0	842,0	652,0	190,0	2,0	1,0	1,0	1,0	0,0	COMPLETA
2008	50235	San Mateo de Gállego	128,0	108,0	20,0	22925,0	22168,0	757,0	111,0	1,0	0,0	0,0	0,0	COMPLETA
2008	50236	Santa Cruz de Grío	0,0	0,0	0,0	0,0	0,0	0,0	0,0	2,0	0,0	0,0	0,0	COMPLETA
2008	50237	Santa Cruz de Moncayo	2,0	2,0	0,0	234,0	234,0	0,0	2,0	0,0	0,0	0,0	0,0	COMPLETA
2008	50238	Santa Eulalia de Gállego												SIN INFORMACIÓN
2008	50239	Santed												SIN INFORMACIÓN
2008	50240	Sástago	1,0	1,0	0,0	107,0	107,0	0,0	1,0	2,0	0,0	0,0	0,0	COMPLETA
2008	50241	Saviñán	0,0	0,0	0,0	0,0	0,0	0,0	0,0	2,0	0,0	1,0	1,0	COMPLETA
2008	50242	Sediles												SIN INFORMACIÓN
2008	50243	Sestrica	2,0	0,0	2,0	491,0	0,0	491,0	0,0	0,0	0,0	0,0	0,0	COMPLETA
2008	50244	Sierra de Luna	3,0	0,0	3,0	844,0	0,0	844,0	0,0	2,0	1,0	0,0	1,0	COMPLETA
2008	50245	Sigüés	0,0	0,0	0,0	0,0	0,0	0,0	0,0	1,0	0,0	0,0	0,0	COMPLETA
2008	50246	Sisamón												SIN INFORMACIÓN
2008	50247	Sobradiel	9,0	8,0	1,0	1692,0	1667,0	25,0	8,0	0,0	0,0	0,0	0,0	COMPLETA
2008	50248	Sos del Rey Católico												SIN INFORMACIÓN
2008	50249	Tabuenca	1,0	0,0	1,0	29,0	0,0	29,0	0,0	2,0	0,0	4,0	2,0	COMPLETA
2008	50250	Talamantes												SIN INFORMACIÓN
2008	50251	Tarazona	27,0	14,0	13,0	17725,0	9311,0	8414,0	63,0	7,0	7,0	7,0	11,0	COMPLETA
2008	50252	Tauste	9,0	8,0	1,0	4395,0	3548,0	847,0	19,0	3,0	3,0	3,0	2,0	COMPLETA
2008	50253	Terrer												SIN INFORMACIÓN
2008	50254	Tierga												SIN INFORMACIÓN
2008	50255	Tobed												SIN INFORMACIÓN
2008	50256	Torralba de los Frailes												SIN INFORMACIÓN
2008	50257	Torralba de Ribota												SIN INFORMACIÓN
2008	50258	Torralbilla												SIN INFORMACIÓN
2008	50259	Torrehermosa												SIN INFORMACIÓN
2008	50260	Torrelapaja												SIN INFORMACIÓN
2008	50261	Torrellas	1,0	1,0	0,0	495,0	495,0	0,0	6,0	0,0	0,0	3,0	0,0	COMPLETA
2008	50262	Torres de Berrellén	8,0	7,0	1,0	3146,0	3099,0	47,0	6,0	1,0	0,0	6,0	5,0	COMPLETA
2008	50263	Torrijo de la Cañada	0,0	0,0	0,0	0,0	0,0	0,0	0,0	1,0	0,0	0,0	0,0	COMPLETA
2008	50264	Tosos												SIN INFORMACIÓN
2008	50265	Trasmoz	1,0	0,0	1,0	365,0	0,0	365,0	0,0	0,0	0,0	0,0	0,0	COMPLETA
2008	50266	Trasobares												SIN INFORMACIÓN
2008	50267	Uncastillo	4,0	3,0	1,0	1142,0	804,0	338,0	3,0	1,0	0,0	0,0	0,0	COMPLETA
2008	50268	Undués de Lerda												SIN INFORMACIÓN
2008	50269	Urrea de Jalón												SIN INFORMACIÓN
2008	50270	Urriés												SIN INFORMACIÓN
2008	50271	Used												SIN INFORMACIÓN
2008	50272	Utebo	9,0	4,0	5,0	12403,0	3159,0	9244,0	19,0	7,0	0,0	2,0	1,0	COMPLETA
2008	50273	Valdehorna												SIN INFORMACIÓN
2008	50274	Val de San Martín												SIN INFORMACIÓN
2008	50275	Valmadrid												SIN INFORMACIÓN
2008	50276	Valpalmas												SIN INFORMACIÓN
2008	50277	Valtorres												SIN INFORMACIÓN
2008	50278	Velilla de Ebro												SIN INFORMACIÓN
2008	50279	Velilla de Jiloca												SIN INFORMACIÓN
2008	50280	Vera de Moncayo	5,0	1,0	4,0	1190,0	192,0	998,0	2,0	0,0	0,0	0,0	0,0	COMPLETA
2008	50281	Vierlas	0,0	0,0	0,0	0,0	0,0	0,0	0,0	1,0	0,0	0,0	0,0	COMPLETA
2008	50282	Vilueña (La)												SIN INFORMACIÓN
2008	50283	Villadoz												SIN INFORMACIÓN
2008	50284	Villafeliche												SIN INFORMACIÓN
2008	50285	Villafranca de Ebro	4,0	4,0	0,0	2640,0	2640,0	0,0	16,0	4,0	1,0	4,0	2,0	COMPLETA
2008	50286	Villalba de Perejil												SIN INFORMACIÓN
2008	50287	Villalengua	2,0	1,0	1,0	241,0	232,0	9,0	1,0	0,0	0,0	0,0	0,0	COMPLETA
2008	50288	Villanueva de Gállego	3,0	1,0	2,0	11413,0	3426,0	7987,0	12,0	1,0	0,0	1,0	1,0	COMPLETA
2008	50289	Villanueva de Jiloca	0,0	0,0	0,0	0,0	0,0	0,0	0,0	1,0	0,0	0,0	0,0	COMPLETA
2008	50290	Villanueva de Huerva	1,0	0,0	1,0	1934,0	0,0	1934,0	0,0	0,0	0,0	0,0	0,0	COMPLETA
2008	50291	Villar de los Navarros												SIN INFORMACIÓN
2008	50292	Villarreal de Huerva	0,0	0,0	0,0	0,0	0,0	0,0	0,0	1,0	0,0	0,0	0,0	COMPLETA
2008	50293	Villarroya de la Sierra	2,0	0,0	2,0	234,0	0,0	234,0	0,0	1,0	0,0	0,0	0,0	COMPLETA
2008	50294	Villarroya del Campo												SIN INFORMACIÓN
2008	50295	Vistabella												SIN INFORMACIÓN
2008	50296	Zaida (La)	1,0	1,0	0,0	273,0	273,0	0,0	1,0	0,0	0,0	0,0	0,0	COMPLETA
2008	50297	Zaragoza	931,0	441,0	490,0	1626051,0	644366,0	981685,0	3636,0	738,0	148,0	190,0	319,0	COMPLETA
2008	50298	Zuera	71,0	70,0	1,0	26944,0	26681,0	263,0	126,0	9,0	2,0	4,0	4,0	COMPLETA
2008	50901	Biel	0,0	0,0	0,0	0,0	0,0	0,0	0,0	1,0	0,0	0,0	0,0	COMPLETA
2008	50902	Marracos												SIN INFORMACIÓN
2008	50903	Villamayor de Gállego	7,0	6,0	1,0	1369,0	1354,0	15,0	6,0	7,0	0,0	8,0	8,0	COMPLETA
2007	22001	Abiego												SIN INFORMACIÓN
2007	22002	Abizanda												SIN INFORMACIÓN
2007	22003	Adahuesca	0,0	0,0	0,0	0,0	0,0	0,0	0,0	1,0	0,0	0,0	0,0	COMPLETA
2007	22004	Agüero	0,0	0,0	0,0	0,0	0,0	0,0	0,0	1,0	1,0	0,0	0,0	COMPLETA
2007	22006	Aísa	5,0	4,0	1,0	924,0	842,0	82,0	4,0	2,0	2,0	1,0	1,0	COMPLETA
2007	22007	Albalate de Cinca	9,0	2,0	7,0	4398,0	439,0	3959,0	2,0	1,0	0,0	0,0	0,0	COMPLETA
2007	22008	Albalatillo												SIN INFORMACIÓN
2007	22009	Albelda	8,0	3,0	5,0	3772,0	1294,0	2478,0	3,0	2,0	0,0	2,0	2,0	COMPLETA
2007	22011	Albero Alto	1,0	1,0		624,0	624,0		1,0					INCOMPLETA
2007	22012	Albero Bajo	12,0	12,0	0,0	1632,0	1632,0	0,0	12,0	0,0	0,0	0,0	0,0	COMPLETA
2007	22013	Alberuela de Tubo	3,0	3,0	0,0	363,0	363,0	0,0	3,0	0,0	0,0	0,0	0,0	COMPLETA
2007	22014	Alcalá de Gurrea	2,0	0,0	2,0	1764,0	0,0	1764,0	0,0	0,0	0,0	0,0	0,0	COMPLETA
2007	22015	Alcalá del Obispo	1,0	1,0	0,0	237,0	237,0	0,0	1,0	1,0	0,0	0,0	0,0	COMPLETA
2007	22016	Alcampell	2,0	0,0	2,0	408,0	0,0	408,0	0,0	1,0	6,0	0,0	0,0	COMPLETA
2007	22017	Alcolea de Cinca	3,0	3,0	0,0	802,0	802,0	0,0	3,0	0,0	0,0	1,0	1,0	COMPLETA
2007	22018	Alcubierre	4,0	1,0	3,0	1303,0	85,0	1218,0	1,0	0,0	0,0	0,0	0,0	COMPLETA
2007	22019	Alerre												SIN INFORMACIÓN
2007	22020	Alfántega	0,0	0,0	0,0	0,0	0,0	0,0	0,0	1,0	1,0	0,0	0,0	COMPLETA
2007	22021	Almudévar	36,0	35,0	1,0	7721,0	7666,0	55,0	40,0	3,0	1,0	18,0	7,0	COMPLETA
2007	22022	Almunia de San Juan												SIN INFORMACIÓN
2007	22023	Almuniente	3,0	1,0	2,0	1627,0	187,0	1440,0	1,0	0,0	0,0	0,0	0,0	COMPLETA
2007	22024	Alquézar	1,0	1,0	0,0	237,0	237,0	0,0	3,0	2,0	2,0	1,0	0,0	COMPLETA
2007	22025	Altorricón	18,0	15,0	3,0	15059,0	12187,0	2872,0	98,0	0,0	0,0	1,0	0,0	COMPLETA
2007	22027	Angüés	5,0	1,0	4,0	1816,0	148,0	1668,0	1,0	0,0	0,0	0,0	0,0	COMPLETA
2007	22028	Ansó	3,0	3,0	0,0	834,0	834,0	0,0	6,0	2,0	3,0	2,0	3,0	COMPLETA
2007	22029	Antillón												SIN INFORMACIÓN
2007	22032	Aragüés del Puerto												SIN INFORMACIÓN
2007	22035	Arén	1,0	1,0	0,0	1543,0	1543,0	0,0	8,0	0,0	0,0	1,0	0,0	COMPLETA
2007	22036	Argavieso	1,0	1,0	0,0	143,0	143,0	0,0	1,0	0,0	0,0	0,0	0,0	COMPLETA
2007	22037	Arguis												SIN INFORMACIÓN
2007	22039	Ayerbe	8,0	3,0	5,0	3287,0	2256,0	1031,0	17,0	12,0	17,0	3,0	14,0	COMPLETA
2007	22040	Azanuy-Alins												SIN INFORMACIÓN
2007	22041	Azara	1,0	1,0		376,0	376,0		1,0					INCOMPLETA
2007	22042	Azlor	5,0	1,0	4,0	2510,0	210,0	2300,0	1,0					INCOMPLETA
2007	22043	Baells												SIN INFORMACIÓN
2007	22044	Bailo	5,0	3,0	2,0	2850,0	1086,0	1764,0	12,0	3,0	3,0	2,0	1,0	INCOMPLETA
2007	22045	Baldellou												SIN INFORMACIÓN
2007	22046	Ballobar								1,0	1,0			INCOMPLETA
2007	22047	Banastás												SIN INFORMACIÓN
2007	22048	Barbastro	20,0	16,0	4,0	25583,0	20970,0	4613,0	118,0	11,0	17,0	1,0	4,0	COMPLETA
2007	22049	Barbués												SIN INFORMACIÓN
2007	22050	Barbuñales	1,0	1,0		94,0	94,0		1,0					INCOMPLETA
2007	22051	Bárcabo								3,0	2,0			INCOMPLETA
2007	22052	Belver de Cinca	8,0	3,0	5,0	3264,0	960,0	2304,0	3,0	0,0	0,0	1,0	1,0	COMPLETA
2007	22053	Benabarre	14,0	11,0	3,0	14450,0	11193,0	3257,0	77,0	4,0	1,0	1,0	1,0	COMPLETA
2007	22054	Benasque	25,0	24,0	1,0	44001,0	43625,0	376,0	263,0	6,0	8,0	1,0	2,0	COMPLETA
2007	22055	Berbegal	0,0	0,0	0,0	0,0	0,0	0,0	0,0	2,0	0,0	0,0	0,0	COMPLETA
2007	22057	Bielsa	2,0	1,0	1,0	674,0	284,0	390,0	3,0	3,0	1,0	0,0	0,0	COMPLETA
2007	22058	Bierge												SIN INFORMACIÓN
2007	22059	Biescas	5,0	5,0	0,0	2063,0	2063,0	0,0	12,0	4,0	6,0	2,0	3,0	COMPLETA
2007	22060	Binaced	7,0	3,0	4,0	1975,0	824,0	1151,0	3,0	2,0	1,0	6,0	3,0	COMPLETA
2007	22061	Binéfar	82,0	59,0	23,0	77850,0	60509,0	17341,0	423,0	11,0	16,0	16,0	13,0	COMPLETA
2007	22062	Bisaurri	1,0	1,0	0,0	240,0	240,0	0,0	1,0	0,0	0,0	0,0	0,0	COMPLETA
2007	22063	Biscarrués												SIN INFORMACIÓN
2007	22064	Blecua y Torres	2,0	1,0	1,0	1120,0	250,0	870,0	1,0	2,0	0,0	0,0	0,0	COMPLETA
2007	22066	Boltaña	6,0	6,0		5691,0	5691,0		36,0	8,0	1,0			INCOMPLETA
2007	22067	Bonansa	2,0	2,0	0,0	541,0	541,0	0,0	2,0	0,0	0,0	0,0	0,0	COMPLETA
2007	22068	Borau	11,0	11,0	0,0	1741,0	1741,0	0,0	11,0	0,0	0,0	0,0	0,0	COMPLETA
2007	22069	Broto	1,0	1,0	0,0	220,0	220,0	0,0	1,0	2,0	2,0	1,0	0,0	COMPLETA
2007	22072	Caldearenas	1,0	1,0	0,0	102,0	102,0	0,0	1,0	2,0	0,0	0,0	0,0	COMPLETA
2007	22074	Campo												SIN INFORMACIÓN
2007	22075	Camporrells												SIN INFORMACIÓN
2007	22076	Canal de Berdún	0,0	0,0	0,0	0,0	0,0	0,0	0,0	2,0	1,0	0,0	0,0	COMPLETA
2007	22077	Candasnos	3,0	2,0	1,0	956,0	740,0	216,0	2,0	2,0				INCOMPLETA
2007	22078	Canfranc	3,0	2,0	1,0	3447,0	2997,0	450,0	37,0	4,0	1,0	4,0	0,0	COMPLETA
2007	22079	Capdesaso												SIN INFORMACIÓN
2007	22080	Capella	3,0	0,0	3,0	1178,0	0,0	1178,0	0,0	0,0	0,0	0,0	0,0	COMPLETA
2007	22081	Casbas de Huesca	0,0	0,0	0,0	0,0	0,0	0,0	0,0	2,0	2,0	0,0	0,0	COMPLETA
2007	22082	Castejón del Puente	0,0	0,0	0,0	0,0	0,0	0,0	0,0	4,0	1,0	0,0	0,0	COMPLETA
2007	22083	Castejón de Monegros	2,0	1,0	1,0	183,0	136,0	47,0	1,0	2,0	0,0	0,0	0,0	COMPLETA
2007	22084	Castejón de Sos	16,0	16,0	0,0	7424,0	7424,0	0,0	56,0	6,0	6,0	3,0	0,0	COMPLETA
2007	22085	Castelflorite												SIN INFORMACIÓN
2007	22086	Castiello de Jaca	5,0	5,0	0,0	3476,0	3476,0	0,0	33,0	3,0	2,0	0,0	0,0	COMPLETA
2007	22087	Castigaleu	1,0	0,0	1,0	1748,0	0,0	1748,0	0,0	0,0	0,0	0,0	0,0	COMPLETA
2007	22088	Castillazuelo	5,0	4,0	1,0	1251,0	909,0	342,0	3,0	0,0	0,0	2,0	1,0	COMPLETA
2007	22089	Castillonroy	10,0	7,0	3,0	3993,0	933,0	3060,0	7,0	0,0	0,0	0,0	0,0	COMPLETA
2007	22090	Colungo												SIN INFORMACIÓN
2007	22094	Chalamera												SIN INFORMACIÓN
2007	22095	Chía	1,0	1,0	0,0	167,0	167,0	0,0	1,0	1,0	1,0	0,0	0,0	COMPLETA
2007	22096	Chimillas												SIN INFORMACIÓN
2007	22099	Esplús	32,0	25,0	7,0	11997,0	4679,0	7318,0	25,0	1,0	0,0	0,0	0,0	COMPLETA
2007	22102	Estada												SIN INFORMACIÓN
2007	22103	Estadilla	14,0	13,0	1,0	9735,0	9335,0	400,0	27,0	2,0	0,0	2,0	0,0	COMPLETA
2007	22105	Estopiñán del Castillo	0,0	0,0	0,0	0,0	0,0	0,0	0,0	4,0	1,0	0,0	0,0	COMPLETA
2007	22106	Fago	0,0	0,0	0,0	0,0	0,0	0,0	0,0	1,0	1,0	0,0	0,0	COMPLETA
2007	22107	Fanlo	0,0	0,0	0,0	0,0	0,0	0,0	0,0	1,0	1,0	0,0	0,0	COMPLETA
2007	22109	Fiscal	2,0	2,0	0,0	439,0	439,0	0,0	2,0	0,0	0,0	0,0	0,0	COMPLETA
2007	22110	Fonz	44,0	42,0	2,0	6934,0	5170,0	1764,0	44,0	1,0	0,0	0,0	0,0	COMPLETA
2007	22111	Foradada del Toscar								1,0				INCOMPLETA
2007	22112	Fraga	27,0	24,0	3,0	27147,0	21691,0	5456,0	163,0	14,0	16,0	3,0	5,0	COMPLETA
2007	22113	Fueva (La)												SIN INFORMACIÓN
2007	22114	Gistaín												SIN INFORMACIÓN
2007	22115	Grado (El)	3,0	3,0	0,0	645,0	645,0	0,0	3,0	1,0	0,0	0,0	0,0	COMPLETA
2007	22116	Grañén	7,0	1,0	6,0	3463,0	109,0	3354,0	1,0	0,0	0,0	1,0	1,0	COMPLETA
2007	22117	Graus	28,0	17,0	11,0	15472,0	9500,0	5972,0	45,0	30,0	13,0	6,0	4,0	COMPLETA
2007	22119	Gurrea de Gállego	7,0	4,0	3,0	14142,0	860,0	13282,0	4,0	8,0	1,0	0,0	0,0	COMPLETA
2007	22122	Hoz de Jaca	4,0	4,0		851,0	851,0		4,0					INCOMPLETA
2007	22124	Huerto	2,0	0,0	2,0	600,0	0,0	600,0	0,0	0,0	0,0	0,0	0,0	COMPLETA
2007	22125	Huesca	39,0	18,0	21,0	53426,0	42893,0	10533,0	290,0	16,0	7,0	10,0	15,0	COMPLETA
2007	22126	Ibieca												SIN INFORMACIÓN
2007	22127	Igriés	4,0	4,0	0,0	3895,0	3895,0	0,0	26,0	0,0	0,0	1,0	1,0	COMPLETA
2007	22128	Ilche	1,0	0,0	1,0	1533,0	0,0	1533,0	0,0	0,0	0,0	0,0	0,0	COMPLETA
2007	22129	Isábena	7,0	3,0	4,0	6096,0	3817,0	2279,0	32,0	4,0	1,0	1,0	1,0	COMPLETA
2007	22130	Jaca	36,0	28,0	8,0	35467,0	18765,0	16702,0	110,0	15,0	18,0	7,0	5,0	COMPLETA
2007	22131	Jasa	4,0	4,0		864,0	864,0		5,0					INCOMPLETA
2007	22133	Labuerda	0,0	0,0	0,0	0,0	0,0	0,0	0,0	3,0	1,0	0,0	0,0	COMPLETA
2007	22135	Laluenga												SIN INFORMACIÓN
2007	22136	Lalueza	4,0	1,0	3,0	3593,0	229,0	3364,0	1,0	1,0	0,0	0,0	0,0	COMPLETA
2007	22137	Lanaja	3,0	3,0	0,0	745,0	745,0	0,0	3,0	0,0	0,0	0,0	0,0	COMPLETA
2007	22139	Laperdiguera												SIN INFORMACIÓN
2007	22141	Lascellas-Ponzano	1,0	0,0	1,0	200,0	0,0	200,0	0,0	0,0	0,0	0,0	0,0	COMPLETA
2007	22142	Lascuarre	2,0	1,0	1,0	1241,0	373,0	868,0	1,0	1,0	0,0	0,0	0,0	COMPLETA
2007	22143	Laspaúles	14,0	14,0	0,0	4520,0	4520,0	0,0	29,0	2,0	0,0	0,0	0,0	COMPLETA
2007	22144	Laspuña	1,0	1,0	0,0	940,0	940,0	0,0	9,0	0,0	0,0	0,0	0,0	COMPLETA
2007	22149	Loarre	4,0	3,0	1,0	1888,0	778,0	1110,0	3,0	1,0	2,0			INCOMPLETA
2007	22150	Loporzano	5,0	2,0	3,0	2178,0	293,0	1885,0	2,0	5,0	4,0	0,0	1,0	COMPLETA
2007	22151	Loscorrales												SIN INFORMACIÓN
2007	22155	Monesma y Cajigar												SIN INFORMACIÓN
2007	22156	Monflorite-Lascasas	26,0	23,0	3,0	7759,0	5989,0	1770,0	23,0	0,0	0,0	0,0	0,0	COMPLETA
2007	22157	Montanuy	5,0	5,0	0,0	2293,0	2293,0	0,0	17,0	4,0	2,0	1,0	0,0	COMPLETA
2007	22158	Monzón	37,0	36,0	1,0	43753,0	43653,0	100,0	264,0	1,0	0,0	12,0	16,0	COMPLETA
2007	22160	Naval	0,0	0,0	0,0	0,0	0,0	0,0	0,0	1,0	0,0	0,0	0,0	COMPLETA
2007	22162	Novales								1,0				INCOMPLETA
2007	22163	Nueno	4,0	3,0	1,0	1373,0	667,0	706,0	3,0	4,0	2,0	0,0	0,0	COMPLETA
2007	22164	Olvena												SIN INFORMACIÓN
2007	22165	Ontiñena												SIN INFORMACIÓN
2007	22167	Osso de Cinca	7,0	0,0	7,0	3279,0	0,0	3279,0	0,0	0,0	0,0	0,0	0,0	COMPLETA
2007	22168	Palo												SIN INFORMACIÓN
2007	22170	Panticosa	15,0	15,0	0,0	13547,0	13547,0	0,0	104,0	4,0	5,0	0,0	0,0	COMPLETA
2007	22172	Peñalba												SIN INFORMACIÓN
2007	22173	Peñas de Riglos (Las)	0,0	0,0	0,0	0,0	0,0	0,0	0,0	1,0	1,0	0,0	0,0	COMPLETA
2007	22174	Peralta de Alcofea	16,0	15,0	1,0	3018,0	2136,0	882,0	15,0	0,0	0,0	0,0	0,0	COMPLETA
2007	22175	Peralta de Calasanz												SIN INFORMACIÓN
2007	22176	Peraltilla												SIN INFORMACIÓN
2007	22177	Perarrúa												SIN INFORMACIÓN
2007	22178	Pertusa												SIN INFORMACIÓN
2007	22181	Piracés												SIN INFORMACIÓN
2007	22182	Plan												SIN INFORMACIÓN
2007	22184	Poleñino	1,0	1,0	0,0	316,0	316,0	0,0	1,0	0,0	0,0	0,0	0,0	COMPLETA
2007	22186	Pozán de Vero	17,0	17,0	0,0	3830,0	3830,0	0,0	17,0	1,0	1,0	0,0	0,0	COMPLETA
2007	22187	Puebla de Castro (La)	34,0	33,0	1,0	6946,0	6810,0	136,0	48,0	2,0	1,0	1,0		INCOMPLETA
2007	22188	Puente de Montañana								2,0	1,0			INCOMPLETA
2007	22189	Puértolas												SIN INFORMACIÓN
2007	22190	Pueyo de Araguás (El)	1,0	1,0	0,0	221,0	221,0	0,0	1,0	0,0	0,0	0,0	0,0	COMPLETA
2007	22193	Pueyo de Santa Cruz	1,0	1,0	0,0	238,0	238,0	0,0	1,0	1,0	0,0	0,0	0,0	COMPLETA
2007	22195	Quicena												SIN INFORMACIÓN
2007	22197	Robres	2,0	1,0	1,0	866,0	337,0	529,0	1,0	0,0	0,0	1,0	1,0	COMPLETA
2007	22199	Sabiñánigo	58,0	56,0	2,0	72513,0	70533,0	1980,0	470,0	5,0	7,0	2,0	1,0	COMPLETA
2007	22200	Sahún	8,0	8,0	0,0	2183,0	2183,0	0,0	15,0	6,0	2,0	3,0	2,0	COMPLETA
2007	22201	Salas Altas												SIN INFORMACIÓN
2007	22202	Salas Bajas												SIN INFORMACIÓN
2007	22203	Salillas	5,0	0,0	5,0	2361,0	0,0	2361,0	0,0	0,0	0,0	0,0	0,0	COMPLETA
2007	22204	Sallent de Gállego	10,0	10,0	0,0	2464,0	2464,0	0,0	16,0	0,0	0,0	0,0	0,0	COMPLETA
2007	22205	San Esteban de Litera	5,0	3,0	2,0	2595,0	1254,0	1341,0	3,0					INCOMPLETA
2007	22206	Sangarrén	0,0	0,0	0,0	0,0	0,0	0,0	0,0	2,0	1,0	0,0	0,0	COMPLETA
2007	22207	San Juan de Plan	2,0	2,0	0,0	742,0	742,0	0,0	6,0	0,0	0,0	0,0	0,0	COMPLETA
2007	22208	Santa Cilia	8,0	7,0	1,0	3373,0	2616,0	757,0	18,0	2,0	1,0	1,0	1,0	COMPLETA
2007	22209	Santa Cruz de la Serós												SIN INFORMACIÓN
2007	22212	Santaliestra y San Quílez	2,0	2,0		2943,0	2943,0		28,0	3,0				INCOMPLETA
2007	22213	Sariñena	29,0	27,0	2,0	16248,0	13349,0	2899,0	80,0	4,0	4,0	2,0	3,0	COMPLETA
2007	22214	Secastilla	1,0	1,0	0,0	72,0	72,0	0,0	1,0	1,0	1,0	0,0	0,0	COMPLETA
2007	22215	Seira	6,0	6,0	0,0	3426,0	3426,0	0,0	24,0	1,0	3,0	1,0	1,0	COMPLETA
2007	22217	Sena	7,0	1,0	6,0	3653,0	404,0	3249,0	1,0	1,0	0,0	1,0	1,0	COMPLETA
2007	22218	Senés de Alcubierre												SIN INFORMACIÓN
2007	22220	Sesa	3,0	0,0	3,0	3781,0	0,0	3781,0	0,0	2,0	1,0	1,0	1,0	COMPLETA
2007	22221	Sesué	13,0	13,0	0,0	7109,0	7109,0	0,0	46,0	1,0	1,0	0,0	0,0	COMPLETA
2007	22222	Siétamo	47,0	44,0	3,0	11659,0	7774,0	3885,0	53,0	1,0	0,0	0,0	0,0	COMPLETA
2007	22223	Sopeira	2,0	2,0	0,0	910,0	910,0	0,0	2,0	0,0	0,0	1,0	0,0	COMPLETA
2007	22225	Tamarite de Litera	6,0	6,0	0,0	6126,0	6126,0	0,0	34,0	5,0	2,0	2,0	0,0	COMPLETA
2007	22226	Tardienta	3,0	1,0	2,0	3792,0	2408,0	1384,0	15,0	4,0	0,0	1,0	0,0	COMPLETA
2007	22227	Tella-Sin												SIN INFORMACIÓN
2007	22228	Tierz	7,0	6,0	1,0	2992,0	1140,0	1852,0	6,0	1,0	0,0	0,0	0,0	COMPLETA
2007	22229	Tolva												SIN INFORMACIÓN
2007	22230	Torla-Ordesa												SIN INFORMACIÓN
2007	22232	Torralba de Aragón												SIN INFORMACIÓN
2007	22233	Torre la Ribera	0,0	0,0	0,0	0,0	0,0	0,0	0,0	0,0	0,0	2,0	0,0	COMPLETA
2007	22234	Torrente de Cinca												SIN INFORMACIÓN
2007	22235	Torres de Alcanadre	2,0		2,0	1764,0		1764,0						INCOMPLETA
2007	22236	Torres de Barbués	0,0	0,0	0,0	0,0	0,0	0,0	0,0	1,0	0,0	0,0	0,0	COMPLETA
2007	22239	Tramaced												SIN INFORMACIÓN
2007	22242	Valfarta												SIN INFORMACIÓN
2007	22243	Valle de Bardají												SIN INFORMACIÓN
2007	22244	Valle de Lierp												SIN INFORMACIÓN
2007	22245	Velilla de Cinca	5,0	3,0	2,0	1731,0	954,0	777,0	3,0	2,0	0,0	1,0	1,0	COMPLETA
2007	22246	Beranuy	0,0	0,0	0,0	0,0	0,0	0,0	0,0	2,0	0,0	0,0	0,0	COMPLETA
2007	22247	Viacamp y Litera												SIN INFORMACIÓN
2007	22248	Vicién												SIN INFORMACIÓN
2007	22249	Villanova	1,0	1,0	0,0	1665,0	1665,0	0,0	15,0	9,0	6,0	0,0	0,0	COMPLETA
2007	22250	Villanúa	31,0	31,0	0,0	11615,0	11615,0	0,0	110,0	2,0	5,0	1,0	1,0	COMPLETA
2007	22251	Villanueva de Sigena	3,0	1,0	2,0	1085,0	300,0	785,0	1,0	1,0	0,0	0,0	0,0	COMPLETA
2007	22252	Yebra de Basa												SIN INFORMACIÓN
2007	22253	Yésero												SIN INFORMACIÓN
2007	22254	Zaidín	13,0	2,0	11,0	8293,0	1183,0	7110,0	10,0	3,0	1,0	2,0	0,0	COMPLETA
2007	22901	Valle de Hecho	1,0	0,0	1,0	9,0	0,0	9,0	0,0	10,0	13,0	0,0	0,0	COMPLETA
2007	22902	Puente la Reina de Jaca												SIN INFORMACIÓN
2007	22903	San Miguel del Cinca												SIN INFORMACIÓN
2007	22904	Sotonera (La)	1,0	1,0	0,0	101,0	101,0	0,0	1,0	1,0	1,0	1,0	0,0	COMPLETA
2007	22905	Lupiñén-Ortilla	1,0	0,0	1,0	180,0	0,0	180,0	0,0	0,0	0,0	0,0	0,0	COMPLETA
2007	22906	Santa María de Dulcis	1,0	1,0	0,0	170,0	170,0	0,0	1,0	0,0	0,0	0,0	0,0	COMPLETA
2007	22907	Aínsa-Sobrarbe	3,0	3,0	0,0	4138,0	4138,0	0,0	44,0	21,0	17,0	0,0	4,0	COMPLETA
2007	22908	Hoz y Costeán												SIN INFORMACIÓN
2007	22909	Vencillón								1,0				INCOMPLETA
2007	44001	Ababuj												SIN INFORMACIÓN
2007	44002	Abejuela												SIN INFORMACIÓN
2007	44003	Aguatón												SIN INFORMACIÓN
2007	44004	Aguaviva	12,0	10,0	2,0	2797,0	2271,0	526,0	10,0	1,0	0,0	0,0	0,0	COMPLETA
2007	44005	Aguilar del Alfambra	14,0	14,0	0,0	2547,0	2547,0	0,0	27,0	0,0	0,0	0,0	0,0	COMPLETA
2007	44006	Alacón												SIN INFORMACIÓN
2007	44007	Alba	0,0	0,0	0,0	0,0	0,0	0,0	0,0	1,0	0,0	0,0	0,0	COMPLETA
2007	44008	Albalate del Arzobispo	6,0	6,0	0,0	1305,0	1305,0	0,0	6,0	2,0	0,0	0,0	0,0	COMPLETA
2007	44009	Albarracín	12,0	12,0	0,0	2258,0	2258,0	0,0	12,0	3,0	6,0	0,0	4,0	COMPLETA
2007	44010	Albentosa	2,0	2,0	0,0	837,0	837,0	0,0	9,0	1,0	0,0	0,0	0,0	COMPLETA
2007	44011	Alcaine	1,0	1,0	0,0	427,0	427,0	0,0	2,0	0,0	0,0	0,0	0,0	COMPLETA
2007	44012	Alcalá de la Selva	19,0	19,0	0,0	5043,0	5043,0	0,0	19,0	6,0	14,0	0,0	4,0	COMPLETA
2007	44013	Alcañiz	43,0	24,0	19,0	36073,0	32050,0	4023,0	186,0	14,0	21,0	15,0	24,0	COMPLETA
2007	44014	Alcorisa	18,0	6,0	12,0	11064,0	2316,0	8748,0	10,0	4,0	2,0	3,0	3,0	COMPLETA
2007	44016	Alfambra	1,0	1,0	0,0	1234,0	1234,0	0,0	8,0	2,0	0,0	3,0	0,0	COMPLETA
2007	44017	Aliaga												SIN INFORMACIÓN
2007	44018	Almohaja												SIN INFORMACIÓN
2007	44019	Alobras												SIN INFORMACIÓN
2007	44020	Alpeñés												SIN INFORMACIÓN
2007	44021	Allepuz												SIN INFORMACIÓN
2007	44022	Alloza	1,0	1,0	0,0	264,0	264,0	0,0	1,0	0,0	0,0	0,0	0,0	COMPLETA
2007	44023	Allueva												SIN INFORMACIÓN
2007	44024	Anadón												SIN INFORMACIÓN
2007	44025	Andorra	40,0	26,0	14,0	16560,0	9354,0	7206,0	50,0	15,0	1,0	3,0	4,0	COMPLETA
2007	44026	Arcos de las Salinas												SIN INFORMACIÓN
2007	44027	Arens de Lledó												SIN INFORMACIÓN
2007	44028	Argente	1,0	1,0	0,0	227,0	227,0	0,0	1,0	0,0	0,0	0,0	0,0	COMPLETA
2007	44029	Ariño												SIN INFORMACIÓN
2007	44031	Azaila												SIN INFORMACIÓN
2007	44032	Bádenas												SIN INFORMACIÓN
2007	44033	Báguena	5,0	5,0	0,0	838,0	838,0	0,0	5,0	0,0	0,0	0,0	0,0	COMPLETA
2007	44034	Bañón												SIN INFORMACIÓN
2007	44035	Barrachina												SIN INFORMACIÓN
2007	44036	Bea												SIN INFORMACIÓN
2007	44037	Beceite	1,0	1,0	0,0	166,0	166,0	0,0	1,0	0,0	0,0	0,0	0,0	COMPLETA
2007	44038	Belmonte de San José												SIN INFORMACIÓN
2007	44039	Bello	1,0	0,0	1,0	135,0	0,0	135,0	0,0	1,0	0,0	0,0	0,0	COMPLETA
2007	44040	Berge	2,0	0,0	2,0	1643,0	0,0	1643,0	0,0	0,0	0,0	0,0	0,0	COMPLETA
2007	44041	Bezas	1,0	1,0	0,0	203,0	203,0	0,0	1,0	0,0	0,0	0,0	0,0	COMPLETA
2007	44042	Blancas												SIN INFORMACIÓN
2007	44043	Blesa												SIN INFORMACIÓN
2007	44044	Bordón	0,0	0,0	0,0	0,0	0,0	0,0	0,0	1,0	0,0	0,0	0,0	COMPLETA
2007	44045	Bronchales	3,0	3,0	0,0	805,0	805,0	0,0	4,0	1,0	0,0	1,0	1,0	COMPLETA
2007	44046	Bueña												SIN INFORMACIÓN
2007	44047	Burbáguena												SIN INFORMACIÓN
2007	44048	Cabra de Mora												SIN INFORMACIÓN
2007	44049	Calaceite	11,0	9,0	2,0	6142,0	5908,0	234,0	44,0	10,0	2,0	1,0	0,0	COMPLETA
2007	44050	Calamocha	39,0	35,0	4,0	36525,0	35283,0	1242,0	214,0	8,0	1,0	2,0	2,0	COMPLETA
2007	44051	Calanda	23,0	14,0	9,0	23371,0	11879,0	11492,0	80,0	3,0	0,0	2,0	1,0	COMPLETA
2007	44052	Calomarde												SIN INFORMACIÓN
2007	44053	Camañas												SIN INFORMACIÓN
2007	44054	Camarena de la Sierra	2,0	2,0	0,0	591,0	591,0	0,0	2,0	0,0	0,0	0,0	0,0	COMPLETA
2007	44055	Camarillas												SIN INFORMACIÓN
2007	44056	Caminreal	5,0	5,0	0,0	1208,0	1208,0	0,0	5,0	2,0	0,0	0,0	0,0	COMPLETA
2007	44059	Cantavieja	2,0	1,0	1,0	1120,0	644,0	476,0	6,0	5,0	2,0	0,0	1,0	COMPLETA
2007	44060	Cañada de Benatanduz	0,0	0,0	0,0	0,0	0,0	0,0	0,0	1,0	0,0	0,0	0,0	COMPLETA
2007	44061	Cañada de Verich (La)												SIN INFORMACIÓN
2007	44062	Cañada Vellida												SIN INFORMACIÓN
2007	44063	Cañizar del Olivar	2,0	1,0	1,0	363,0	291,0	72,0	1,0	0,0	0,0	1,0	0,0	COMPLETA
2007	44064	Cascante del Río												SIN INFORMACIÓN
2007	44065	Castejón de Tornos												SIN INFORMACIÓN
2007	44066	Castel de Cabra								1,0				INCOMPLETA
2007	44067	Castelnou												SIN INFORMACIÓN
2007	44068	Castelserás	13,0	13,0	0,0	3132,0	3132,0	0,0	13,0	0,0	0,0	0,0	0,0	COMPLETA
2007	44070	Castellar (El)	2,0	1,0	1,0	2100,0	1992,0	108,0	17,0	0,0	0,0	0,0	0,0	COMPLETA
2007	44071	Castellote	13,0	12,0	1,0	2736,0	2436,0	300,0	14,0	1,0	1,0	1,0		INCOMPLETA
2007	44074	Cedrillas	1,0	1,0	0,0	1357,0	1357,0	0,0	12,0	0,0	0,0	1,0	0,0	COMPLETA
2007	44075	Celadas												SIN INFORMACIÓN
2007	44076	Cella	37,0	32,0	5,0	13101,0	11579,0	1522,0	66,0	5,0	2,0	0,0	0,0	COMPLETA
2007	44077	Cerollera (La)												SIN INFORMACIÓN
2007	44080	Codoñera (La)	1,0	1,0		435,0	435,0		1,0	1,0		1,0	1,0	INCOMPLETA
2007	44082	Corbalán												SIN INFORMACIÓN
2007	44084	Cortes de Aragón												SIN INFORMACIÓN
2007	44085	Cosa												SIN INFORMACIÓN
2007	44086	Cretas	6,0	4,0	2,0	4105,0	2569,0	1536,0	18,0	5,0	4,0	0,0	1,0	COMPLETA
2007	44087	Crivillén												SIN INFORMACIÓN
2007	44088	Cuba (La)	0,0	0,0	0,0	0,0	0,0	0,0	0,0	1,0	0,0	0,0	0,0	COMPLETA
2007	44089	Cubla	0,0	0,0	0,0	0,0	0,0	0,0	0,0	0,0	0,0	1,0	1,0	COMPLETA
2007	44090	Cucalón												SIN INFORMACIÓN
2007	44092	Cuervo (El)												SIN INFORMACIÓN
2007	44093	Cuevas de Almudén												SIN INFORMACIÓN
2007	44094	Cuevas Labradas	0,0	0,0	0,0	0,0	0,0	0,0	0,0	1,0	0,0	0,0	0,0	COMPLETA
2007	44096	Ejulve												SIN INFORMACIÓN
2007	44097	Escorihuela	1,0		1,0	1127,0		1127,0						INCOMPLETA
2007	44099	Escucha	1,0	1,0	0,0	270,0	270,0	0,0	1,0	0,0	0,0	0,0	0,0	COMPLETA
2007	44100	Estercuel	1,0	1,0	0,0	302,0	302,0	0,0	1,0	0,0	0,0	0,0	0,0	COMPLETA
2007	44101	Ferreruela de Huerva	0,0	0,0	0,0	0,0	0,0	0,0	0,0	1,0	10,0	0,0	0,0	COMPLETA
2007	44102	Fonfría												SIN INFORMACIÓN
2007	44103	Formiche Alto	2,0	2,0	0,0	658,0	658,0	0,0	2,0	0,0	0,0	0,0	0,0	COMPLETA
2007	44105	Fórnoles												SIN INFORMACIÓN
2007	44106	Fortanete	3,0	2,0	1,0	1188,0	428,0	760,0	2,0	5,0	0,0	0,0	0,0	COMPLETA
2007	44107	Foz-Calanda												SIN INFORMACIÓN
2007	44108	Fresneda (La)	1,0	0,0	1,0	441,0	0,0	441,0	0,0	0,0	0,0	0,0	0,0	COMPLETA
2007	44109	Frías de Albarracín												SIN INFORMACIÓN
2007	44110	Fuenferrada												SIN INFORMACIÓN
2007	44111	Fuentes Calientes												SIN INFORMACIÓN
2007	44112	Fuentes Claras	1,0	1,0	0,0	254,0	254,0	0,0	1,0	0,0	0,0	0,0	0,0	COMPLETA
2007	44113	Fuentes de Rubielos	5,0	5,0	0,0	907,0	907,0	0,0	5,0	2,0	0,0	0,0	0,0	COMPLETA
2007	44114	Fuentespalda	1,0	1,0	0,0	2293,0	2293,0	0,0	18,0	1,0	1,0	0,0	0,0	COMPLETA
2007	44115	Galve	0,0	0,0	0,0	0,0	0,0	0,0	0,0	1,0	0,0	0,0	0,0	COMPLETA
2007	44116	Gargallo	1,0	1,0		205,0	205,0		1,0					INCOMPLETA
2007	44117	Gea de Albarracín												SIN INFORMACIÓN
2007	44118	Ginebrosa (La)	2,0	1,0	1,0	481,0	174,0	307,0	1,0	0,0	0,0	0,0	0,0	COMPLETA
2007	44119	Griegos												SIN INFORMACIÓN
2007	44120	Guadalaviar	1,0	1,0	0,0	197,0	197,0	0,0	1,0	0,0	0,0	0,0	0,0	COMPLETA
2007	44121	Gúdar	5,0	4,0	1,0	1726,0	1510,0	216,0	14,0	0,0	0,0	2,0	1,0	COMPLETA
2007	44122	Híjar	5,0	4,0	1,0	2793,0	2736,0	57,0	14,0	0,0	0,0	6,0	4,0	COMPLETA
2007	44123	Hinojosa de Jarque	0,0	0,0	0,0	0,0	0,0	0,0	0,0	0,0	0,0	1,0	1,0	COMPLETA
2007	44124	Hoz de la Vieja (La)												SIN INFORMACIÓN
2007	44125	Huesa del Común												SIN INFORMACIÓN
2007	44126	Iglesuela del Cid (La)	2,0	2,0	0,0	684,0	684,0	0,0	5,0	0,0	0,0	0,0	0,0	COMPLETA
2007	44127	Jabaloyas												SIN INFORMACIÓN
2007	44128	Jarque de la Val												SIN INFORMACIÓN
2007	44129	Jatiel												SIN INFORMACIÓN
2007	44130	Jorcas												SIN INFORMACIÓN
2007	44131	Josa												SIN INFORMACIÓN
2007	44132	Lagueruela												SIN INFORMACIÓN
2007	44133	Lanzuela												SIN INFORMACIÓN
2007	44135	Libros	1,0	1,0	0,0	363,0	363,0	0,0	3,0	0,0	0,0	0,0	0,0	COMPLETA
2007	44136	Lidón												SIN INFORMACIÓN
2007	44137	Linares de Mora	4,0	2,0	2,0	1928,0	978,0	950,0	8,0	4,0	1,0	1,0	0,0	COMPLETA
2007	44138	Loscos												SIN INFORMACIÓN
2007	44141	Lledó	1,0	1,0		1473,0	1473,0		12,0					INCOMPLETA
2007	44142	Maicas												SIN INFORMACIÓN
2007	44143	Manzanera	16,0	13,0	3,0	10027,0	8871,0	1156,0	62,0	2,0	0,0	1,0	1,0	COMPLETA
2007	44144	Martín del Río												SIN INFORMACIÓN
2007	44145	Mas de las Matas	2,0	1,0	1,0	485,0	385,0	100,0	1,0	3,0	2,0	1,0	1,0	COMPLETA
2007	44146	Mata de los Olmos (La)	1,0	1,0		251,0	251,0		2,0					INCOMPLETA
2007	44147	Mazaleón	3,0	1,0	2,0	1477,0	912,0	565,0	5,0	0,0	0,0	0,0	0,0	COMPLETA
2007	44148	Mezquita de Jarque	0,0	0,0	0,0	0,0	0,0	0,0	0,0	1,0	0,0	0,0	0,0	COMPLETA
2007	44149	Mirambel	2,0	0,0	2,0	820,0	0,0	820,0	0,0	3,0	0,0	0,0	0,0	COMPLETA
2007	44150	Miravete de la Sierra												SIN INFORMACIÓN
2007	44151	Molinos	2,0	1,0	1,0	1498,0	144,0	1354,0	1,0	1,0	0,0	0,0	0,0	COMPLETA
2007	44152	Monforte de Moyuela												SIN INFORMACIÓN
2007	44153	Monreal del Campo	29,0	22,0	7,0	16416,0	10990,0	5426,0	54,0	1,0	0,0	11,0	6,0	COMPLETA
2007	44154	Monroyo	2,0	2,0		658,0	658,0		2,0					INCOMPLETA
2007	44155	Montalbán												SIN INFORMACIÓN
2007	44156	Monteagudo del Castillo												SIN INFORMACIÓN
2007	44157	Monterde de Albarracín												SIN INFORMACIÓN
2007	44158	Mora de Rubielos	12,0	12,0	0,0	10848,0	10848,0	0,0	66,0	1,0	0,0	0,0	0,0	COMPLETA
2007	44159	Moscardón												SIN INFORMACIÓN
2007	44160	Mosqueruela	5,0	5,0		2413,0	2413,0		16,0					INCOMPLETA
2007	44161	Muniesa	1,0	1,0	0,0	184,0	184,0	0,0	1,0	0,0	0,0	0,0	0,0	COMPLETA
2007	44163	Noguera de Albarracín												SIN INFORMACIÓN
2007	44164	Nogueras	1,0	1,0	0,0	309,0	309,0	0,0	1,0	0,0	0,0	1,0	0,0	COMPLETA
2007	44165	Nogueruelas	13,0	13,0	0,0	13511,0	13511,0	0,0	125,0	1,0	0,0	0,0	0,0	COMPLETA
2007	44167	Obón	0,0	0,0	0,0	0,0	0,0	0,0	0,0	1,0	0,0	0,0	0,0	COMPLETA
2007	44168	Odón	2,0	0,0	2,0	1998,0	0,0	1998,0	0,0	0,0	0,0	0,0	0,0	COMPLETA
2007	44169	Ojos Negros	1,0	1,0	0,0	126,0	126,0	0,0	1,0	5,0	0,0	0,0	0,0	COMPLETA
2007	44171	Olba	1,0	1,0	0,0	263,0	263,0	0,0	2,0	6,0	1,0	0,0	0,0	COMPLETA
2007	44172	Oliete	0,0	0,0	0,0	0,0	0,0	0,0	0,0	1,0	0,0	0,0	0,0	COMPLETA
2007	44173	Olmos (Los)												SIN INFORMACIÓN
2007	44174	Orihuela del Tremedal	5,0	5,0	0,0	3465,0	3465,0	0,0	28,0	2,0	2,0	1,0	1,0	COMPLETA
2007	44175	Orrios												SIN INFORMACIÓN
2007	44176	Palomar de Arroyos												SIN INFORMACIÓN
2007	44177	Pancrudo												SIN INFORMACIÓN
2007	44178	Parras de Castellote (Las)	2,0	0,0	2,0	498,0	0,0	498,0	0,0	0,0	0,0	0,0	0,0	COMPLETA
2007	44179	Peñarroya de Tastavins	2,0	1,0	1,0	363,0	245,0	118,0	1,0	7,0	6,0		1,0	INCOMPLETA
2007	44180	Peracense												SIN INFORMACIÓN
2007	44181	Peralejos												SIN INFORMACIÓN
2007	44182	Perales del Alfambra												SIN INFORMACIÓN
2007	44183	Pitarque												SIN INFORMACIÓN
2007	44184	Plou												SIN INFORMACIÓN
2007	44185	Pobo (El)												SIN INFORMACIÓN
2007	44187	Portellada (La)	2,0	1,0	1,0	425,0	365,0	60,0	1,0	0,0	0,0	0,0	0,0	COMPLETA
2007	44189	Pozondón	0,0	0,0	0,0	0,0	0,0	0,0	0,0	1,0	0,0	0,0	0,0	COMPLETA
2007	44190	Pozuel del Campo												SIN INFORMACIÓN
2007	44191	Puebla de Híjar (La)	4,0	0,0	4,0	2695,0	0,0	2695,0	0,0	6,0	2,0	0,0	0,0	COMPLETA
2007	44192	Puebla de Valverde (La)	1,0	1,0	0,0	225,0	225,0	0,0	1,0	9,0	2,0	0,0	1,0	COMPLETA
2007	44193	Puertomingalvo	1,0	1,0		742,0	742,0		7,0					INCOMPLETA
2007	44194	Ráfales	0,0	0,0	0,0	0,0	0,0	0,0	0,0	1,0	0,0	0,0	0,0	COMPLETA
2007	44195	Rillo												SIN INFORMACIÓN
2007	44196	Riodeva												SIN INFORMACIÓN
2007	44197	Ródenas	1,0	1,0	0,0	113,0	113,0	0,0	1,0	0,0	0,0	0,0	0,0	COMPLETA
2007	44198	Royuela												SIN INFORMACIÓN
2007	44199	Rubiales	3,0	3,0	0,0	415,0	415,0	0,0	3,0	1,0	0,0	0,0	0,0	COMPLETA
2007	44200	Rubielos de la Cérida												SIN INFORMACIÓN
2007	44201	Rubielos de Mora	9,0	8,0	1,0	18331,0	17582,0	749,0	96,0	2,0	15,0	1,0	1,0	COMPLETA
2007	44203	Salcedillo												SIN INFORMACIÓN
2007	44204	Saldón	1,0	1,0	0,0	96,0	96,0	0,0	1,0	0,0	0,0	0,0	0,0	COMPLETA
2007	44205	Samper de Calanda	4,0	4,0	0,0	1120,0	1120,0	0,0	7,0	4,0	0,0	3,0	3,0	COMPLETA
2007	44206	San Agustín												SIN INFORMACIÓN
2007	44207	San Martín del Río												SIN INFORMACIÓN
2007	44208	Santa Cruz de Nogueras												SIN INFORMACIÓN
2007	44209	Santa Eulalia	7,0	2,0	5,0	5727,0	412,0	5315,0	2,0	2,0	0,0	0,0	0,0	COMPLETA
2007	44210	Sarrión	21,0	18,0	3,0	3619,0	3149,0	470,0	21,0	5,0	0,0	0,0	0,0	COMPLETA
2007	44211	Segura de los Baños												SIN INFORMACIÓN
2007	44212	Seno												SIN INFORMACIÓN
2007	44213	Singra	1,0	0,0	1,0	800,0	0,0	800,0	0,0	0,0	0,0	0,0	0,0	COMPLETA
2007	44215	Terriente	1,0	1,0		495,0	495,0		1,0					INCOMPLETA
2007	44216	Teruel	13,0	12,0	1,0	17677,0	17520,0	157,0	89,0	3,0	8,0	4,0	8,0	COMPLETA
2007	44217	Toril y Masegoso	1,0	1,0		248,0	248,0		1,0			1,0	1,0	INCOMPLETA
2007	44218	Tormón												SIN INFORMACIÓN
2007	44219	Tornos												SIN INFORMACIÓN
2007	44220	Torralba de los Sisones												SIN INFORMACIÓN
2007	44221	Torrecilla de Alcañiz	5,0	2,0	3,0	2052,0	1230,0	822,0	7,0	1,0				INCOMPLETA
2007	44222	Torrecilla del Rebollar												SIN INFORMACIÓN
2007	44223	Torre de Arcas												SIN INFORMACIÓN
2007	44224	Torre de las Arcas												SIN INFORMACIÓN
2007	44225	Torre del Compte	2,0	2,0	0,0	955,0	955,0	0,0	9,0	4,0	2,0	0,0	0,0	COMPLETA
2007	44226	Torrelacárcel												SIN INFORMACIÓN
2007	44227	Torre los Negros												SIN INFORMACIÓN
2007	44228	Torremocha de Jiloca												SIN INFORMACIÓN
2007	44229	Torres de Albarracín	1,0	1,0	0,0	93,0	93,0	0,0	1,0	0,0	0,0	0,0	0,0	COMPLETA
2007	44230	Torrevelilla												SIN INFORMACIÓN
2007	44231	Torrijas												SIN INFORMACIÓN
2007	44232	Torrijo del Campo	17,0	2,0	15,0	19021,0	475,0	18546,0	2,0	1,0	0,0	0,0	0,0	COMPLETA
2007	44234	Tramacastiel												SIN INFORMACIÓN
2007	44235	Tramacastilla												SIN INFORMACIÓN
2007	44236	Tronchón	0,0	0,0	0,0	0,0	0,0	0,0	0,0	1,0	0,0	0,0	0,0	COMPLETA
2007	44237	Urrea de Gaén	6,0	0,0	6,0	1051,0	0,0	1051,0	0,0	0,0	0,0	0,0	0,0	COMPLETA
2007	44238	Utrillas	4,0	4,0	0,0	1231,0	1231,0	0,0	4,0	2,0	0,0	0,0	0,0	COMPLETA
2007	44239	Valacloche												SIN INFORMACIÓN
2007	44240	Valbona	9,0	9,0	0,0	1721,0	1721,0	0,0	10,0	0,0	0,0	1,0	1,0	COMPLETA
2007	44241	Valdealgorfa	6,0	5,0	1,0	2325,0	1691,0	634,0	8,0			6,0	2,0	INCOMPLETA
2007	44243	Valdecuenca	3,0	3,0	0,0	554,0	554,0	0,0	3,0	0,0	0,0	0,0	0,0	COMPLETA
2007	44244	Valdelinares												SIN INFORMACIÓN
2007	44245	Valdeltormo	1,0	1,0	0,0	401,0	401,0	0,0	1,0	2,0	2,0	0,0	0,0	COMPLETA
2007	44246	Valderrobres	20,0	17,0	3,0	20277,0	19675,0	602,0	120,0	4,0	7,0	2,0	2,0	INCOMPLETA
2007	44247	Valjunquera	1,0		1,0	534,0		534,0		1,0				INCOMPLETA
2007	44249	Vallecillo (El)												SIN INFORMACIÓN
2007	44250	Veguillas de la Sierra												SIN INFORMACIÓN
2007	44251	Villafranca del Campo	1,0	0,0	1,0	672,0	0,0	672,0	0,0	0,0	0,0	0,0	0,0	COMPLETA
2007	44252	Villahermosa del Campo												SIN INFORMACIÓN
2007	44256	Villanueva del Rebollar de la Sierra												SIN INFORMACIÓN
2007	44257	Villar del Cobo	2,0	1,0	1,0	384,0	234,0	150,0	1,0	0,0	0,0	0,0	0,0	COMPLETA
2007	44258	Villar del Salz												SIN INFORMACIÓN
2007	44260	Villarluengo												SIN INFORMACIÓN
2007	44261	Villarquemado	18,0	15,0	3,0	5692,0	4135,0	1557,0	15,0	1,0	1,0	0,0	0,0	COMPLETA
2007	44262	Villarroya de los Pinares												SIN INFORMACIÓN
2007	44263	Villastar								1,0				INCOMPLETA
2007	44264	Villel												SIN INFORMACIÓN
2007	44265	Vinaceite	1,0	1,0		336,0	336,0		3,0					INCOMPLETA
2007	44266	Visiedo	1,0	0,0	1,0	450,0	0,0	450,0	0,0	0,0	0,0	0,0	0,0	COMPLETA
2007	44267	Vivel del Río Martín												SIN INFORMACIÓN
2007	44268	Zoma (La)												SIN INFORMACIÓN
2007	50001	Abanto												SIN INFORMACIÓN
2007	50002	Acered												SIN INFORMACIÓN
2007	50003	Agón												SIN INFORMACIÓN
2007	50004	Aguarón	1,0	1,0	0,0	168,0	168,0	0,0	1,0	2,0	0,0	0,0	0,0	COMPLETA
2007	50005	Aguilón												SIN INFORMACIÓN
2007	50006	Ainzón	7,0	3,0	4,0	1929,0	822,0	1107,0	3,0	2,0	0,0	1,0	1,0	COMPLETA
2007	50007	Aladrén												SIN INFORMACIÓN
2007	50008	Alagón	38,0	38,0	0,0	44341,0	44341,0	0,0	315,0	3,0	7,0	7,0	17,0	COMPLETA
2007	50009	Alarba												SIN INFORMACIÓN
2007	50010	Alberite de San Juan	0,0	0,0	0,0	0,0	0,0	0,0	0,0	1,0	1,0	0,0	0,0	COMPLETA
2007	50011	Albeta												SIN INFORMACIÓN
2007	50012	Alborge												SIN INFORMACIÓN
2007	50013	Alcalá de Ebro	1,0	1,0	0,0	243,0	243,0	0,0	1,0	1,0	0,0	0,0	0,0	COMPLETA
2007	50014	Alcalá de Moncayo												SIN INFORMACIÓN
2007	50015	Alconchel de Ariza												SIN INFORMACIÓN
2007	50016	Aldehuela de Liestos												SIN INFORMACIÓN
2007	50017	Alfajarín	31,0	29,0	2,0	10023,0	9162,0	861,0	35,0	6,0	0,0	1,0	1,0	COMPLETA
2007	50018	Alfamén	5,0	4,0	1,0	2553,0	1713,0	840,0	13,0	0,0	0,0	0,0	0,0	COMPLETA
2007	50019	Alforque												SIN INFORMACIÓN
2007	50020	Alhama de Aragón	1,0	1,0	0,0	307,0	307,0	0,0	1,0	0,0	0,0	0,0	0,0	COMPLETA
2007	50021	Almochuel												SIN INFORMACIÓN
2007	50022	Almolda (La)												SIN INFORMACIÓN
2007	50023	Almonacid de la Cuba	0,0	0,0	0,0	0,0	0,0	0,0	0,0	1,0	1,0	0,0	0,0	COMPLETA
2007	50024	Almonacid de la Sierra	3,0	3,0	0,0	653,0	653,0	0,0	3,0	0,0	0,0	0,0	0,0	COMPLETA
2007	50025	Almunia de Doña Godina (La)	22,0	22,0	0,0	14348,0	14348,0	0,0	82,0	4,0	2,0	6,0	7,0	COMPLETA
2007	50026	Alpartir	2,0	2,0	0,0	788,0	788,0	0,0	3,0	0,0	0,0	1,0	1,0	COMPLETA
2007	50027	Ambel	0,0	0,0	0,0	0,0	0,0	0,0	0,0	1,0	0,0	0,0	0,0	COMPLETA
2007	50028	Anento												SIN INFORMACIÓN
2007	50029	Aniñón	0,0	0,0	0,0	0,0	0,0	0,0	0,0	2,0	0,0	0,0	0,0	COMPLETA
2007	50030	Añón de Moncayo												SIN INFORMACIÓN
2007	50031	Aranda de Moncayo												SIN INFORMACIÓN
2007	50032	Arándiga	1,0	1,0	0,0	484,0	484,0	0,0	4,0	0,0	0,0	0,0	0,0	COMPLETA
2007	50033	Ardisa	2,0	2,0	0,0	248,0	248,0	0,0	2,0	0,0	0,0	0,0	0,0	COMPLETA
2007	50034	Ariza	1,0	1,0	0,0	206,0	206,0	0,0	1,0	0,0	0,0	0,0	0,0	COMPLETA
2007	50035	Artieda												SIN INFORMACIÓN
2007	50036	Asín												SIN INFORMACIÓN
2007	50037	Atea												SIN INFORMACIÓN
2007	50038	Ateca	6,0	4,0	2,0	1300,0	1016,0	284,0	4,0	5,0	0,0	1,0	2,0	COMPLETA
2007	50039	Azuara												SIN INFORMACIÓN
2007	50040	Badules												SIN INFORMACIÓN
2007	50041	Bagüés	0,0	0,0	0,0	0,0	0,0	0,0	0,0	1,0	0,0	0,0	0,0	COMPLETA
2007	50042	Balconchán												SIN INFORMACIÓN
2007	50043	Bárboles	0,0	0,0	0,0	0,0	0,0	0,0	0,0	2,0	0,0	0,0	0,0	COMPLETA
2007	50044	Bardallur												SIN INFORMACIÓN
2007	50045	Belchite	2,0	0,0	2,0	589,0	0,0	589,0	0,0	1,0	0,0	0,0	0,0	COMPLETA
2007	50046	Belmonte de Gracián												SIN INFORMACIÓN
2007	50047	Berdejo												SIN INFORMACIÓN
2007	50048	Berrueco	0,0	0,0	0,0	0,0	0,0	0,0	0,0	1,0	0,0	0,0	0,0	COMPLETA
2007	50050	Bijuesca												SIN INFORMACIÓN
2007	50051	Biota	2,0	1,0	1,0	950,0	262,0	688,0	1,0	1,0	0,0	0,0	0,0	COMPLETA
2007	50052	Bisimbre												SIN INFORMACIÓN
2007	50053	Boquiñeni												SIN INFORMACIÓN
2007	50054	Bordalba												SIN INFORMACIÓN
2007	50055	Borja	18,0	17,0	1,0	8340,0	5427,0	2913,0	28,0	0,0	0,0	0,0	0,0	COMPLETA
2007	50056	Botorrita	6,0	6,0	0,0	1436,0	1436,0	0,0	13,0	0,0	0,0	0,0	0,0	COMPLETA
2007	50057	Brea de Aragón	3,0	1,0	2,0	1287,0	330,0	957,0	0,0	1,0	0,0	0,0	0,0	COMPLETA
2007	50058	Bubierca												SIN INFORMACIÓN
2007	50059	Bujaraloz	9,0	6,0	3,0	5163,0	3279,0	1884,0	23,0	1,0	0,0	1,0	0,0	COMPLETA
2007	50060	Bulbuente	3,0	0,0	3,0	706,0	0,0	706,0	0,0	1,0	0,0	0,0	0,0	COMPLETA
2007	50061	Bureta	0,0	0,0	0,0	0,0	0,0	0,0	0,0	1,0	0,0	0,0	0,0	COMPLETA
2007	50062	Burgo de Ebro (El)	6,0	6,0	0,0	6157,0	6157,0	0,0	32,0	0,0	0,0	8,0	6,0	COMPLETA
2007	50063	Buste (El)												SIN INFORMACIÓN
2007	50064	Cabañas de Ebro	0,0	0,0	0,0	0,0	0,0	0,0	0,0	1,0	0,0	0,0	0,0	COMPLETA
2007	50065	Cabolafuente												SIN INFORMACIÓN
2007	50066	Cadrete	60,0	59,0	1,0	45803,0	41659,0	4144,0	252,0	4,0	0,0	20,0	6,0	COMPLETA
2007	50067	Calatayud	22,0	18,0	4,0	29267,0	26781,0	2486,0	171,0	1,0	0,0	6,0	26,0	COMPLETA
2007	50068	Calatorao	16,0	13,0	3,0	2567,0	1867,0	700,0	13,0	2,0	0,0	2,0	1,0	COMPLETA
2007	50069	Calcena												SIN INFORMACIÓN
2007	50070	Calmarza												SIN INFORMACIÓN
2007	50071	Campillo de Aragón												SIN INFORMACIÓN
2007	50072	Carenas												SIN INFORMACIÓN
2007	50073	Cariñena	44,0	37,0	7,0	30108,0	25815,0	4293,0	162,0	3,0	0,0	7,0	3,0	COMPLETA
2007	50074	Caspe	41,0	38,0	3,0	15541,0	15045,0	496,0	63,0	5,0	0,0	6,0	6,0	COMPLETA
2007	50075	Castejón de Alarba												SIN INFORMACIÓN
2007	50076	Castejón de las Armas												SIN INFORMACIÓN
2007	50077	Castejón de Valdejasa												SIN INFORMACIÓN
2007	50078	Castiliscar												SIN INFORMACIÓN
2007	50079	Cervera de la Cañada												SIN INFORMACIÓN
2007	50080	Cerveruela												SIN INFORMACIÓN
2007	50081	Cetina	2,0	2,0	0,0	491,0	491,0	0,0	2,0	0,0	0,0	0,0	0,0	COMPLETA
2007	50082	Cimballa												SIN INFORMACIÓN
2007	50083	Cinco Olivas												SIN INFORMACIÓN
2007	50084	Clarés de Ribota												SIN INFORMACIÓN
2007	50085	Codo												SIN INFORMACIÓN
2007	50086	Codos	1,0	1,0	0,0	129,0	129,0	0,0	1,0	0,0	0,0	0,0	0,0	COMPLETA
2007	50087	Contamina	2,0	0,0	2,0	809,0	0,0	809,0	0,0	0,0	0,0	0,0	0,0	COMPLETA
2007	50088	Cosuenda	1,0	1,0	0,0	159,0	159,0	0,0	1,0	0,0	0,0	0,0	0,0	COMPLETA
2007	50089	Cuarte de Huerva	280,0	220,0	60,0	166677,0	141084,0	25593,0	718,0	11,0	0,0	32,0	2,0	COMPLETA
2007	50090	Cubel												SIN INFORMACIÓN
2007	50091	Cuerlas (Las)												SIN INFORMACIÓN
2007	50092	Chiprana	1,0	0,0	1,0	562,0	0,0	562,0	0,0	0,0	0,0	0,0	0,0	COMPLETA
2007	50093	Chodes												SIN INFORMACIÓN
2007	50094	Daroca	1,0	0,0	1,0	275,0	0,0	275,0	0,0	0,0	0,0	0,0	0,0	COMPLETA
2007	50095	Ejea de los Caballeros	33,0	21,0	12,0	24388,0	13267,0	11121,0	90,0	20,0	0,0	22,0	5,0	COMPLETA
2007	50096	Embid de Ariza												SIN INFORMACIÓN
2007	50098	Encinacorba	0,0	0,0	0,0	0,0	0,0	0,0	0,0	3,0	0,0	0,0	0,0	COMPLETA
2007	50099	Épila	23,0	14,0	9,0	17511,0	7934,0	9577,0	58,0	3,0	0,0	16,0	23,0	COMPLETA
2007	50100	Erla												SIN INFORMACIÓN
2007	50101	Escatrón	9,0	0,0	9,0	1485,0	0,0	1485,0	0,0	6,0	0,0	1,0	1,0	COMPLETA
2007	50102	Fabara												SIN INFORMACIÓN
2007	50104	Farlete	2,0	1,0	1,0	1988,0	136,0	1852,0	1,0	0,0	0,0	0,0	0,0	COMPLETA
2007	50105	Fayón	4,0	0,0	4,0	3318,0	0,0	3318,0	0,0	0,0	0,0	0,0	0,0	COMPLETA
2007	50106	Fayos (Los)								2,0				INCOMPLETA
2007	50107	Figueruelas	49,0	2,0	47,0	20530,0	283,0	20247,0	2,0	1,0	0,0	6,0	0,0	COMPLETA
2007	50108	Fombuena												SIN INFORMACIÓN
2007	50109	Frago (El)												SIN INFORMACIÓN
2007	50110	Frasno (El)												SIN INFORMACIÓN
2007	50111	Fréscano	1,0	0,0	1,0	230,0	0,0	230,0	0,0	1,0	0,0	2,0	2,0	COMPLETA
2007	50113	Fuendejalón												SIN INFORMACIÓN
2007	50114	Fuendetodos												SIN INFORMACIÓN
2007	50115	Fuentes de Ebro	37,0	37,0	0,0	32897,0	32897,0	0,0	204,0	2,0	2,0	3,0	1,0	COMPLETA
2007	50116	Fuentes de Jiloca												SIN INFORMACIÓN
2007	50117	Gallocanta												SIN INFORMACIÓN
2007	50118	Gallur	16,0	5,0	11,0	8810,0	1495,0	7315,0	9,0	4,0	0,0	10,0	8,0	COMPLETA
2007	50119	Gelsa	0,0	0,0	0,0	0,0	0,0	0,0	0,0	2,0	0,0	1,0	0,0	COMPLETA
2007	50120	Godojos												SIN INFORMACIÓN
2007	50121	Gotor	1,0	1,0	0,0	281,0	281,0	0,0	1,0	0,0	0,0	0,0	0,0	COMPLETA
2007	50122	Grisel												SIN INFORMACIÓN
2007	50123	Grisén	53,0	53,0	0,0	6067,0	6067,0	0,0	53,0	0,0	0,0	0,0	0,0	COMPLETA
2007	50124	Herrera de los Navarros												SIN INFORMACIÓN
2007	50125	Ibdes	10,0	10,0	0,0	1296,0	1296,0	0,0	10,0	0,0	0,0	0,0	0,0	COMPLETA
2007	50126	Illueca	1,0	1,0	0,0	283,0	283,0	0,0	1,0	0,0	0,0	0,0	0,0	COMPLETA
2007	50128	Isuerre												SIN INFORMACIÓN
2007	50129	Jaraba	1,0	1,0	0,0	316,0	316,0	0,0	1,0	1,0	0,0	0,0	0,0	COMPLETA
2007	50130	Jarque												SIN INFORMACIÓN
2007	50131	Jaulín	1,0	1,0	0,0	307,0	307,0	0,0	1,0	0,0	0,0	0,0	0,0	COMPLETA
2007	50132	Joyosa (La)	26,0	25,0	1,0	6140,0	6032,0	108,0	25,0	2,0	0,0	0,0	0,0	COMPLETA
2007	50133	Lagata												SIN INFORMACIÓN
2007	50134	Langa del Castillo												SIN INFORMACIÓN
2007	50135	Layana												SIN INFORMACIÓN
2007	50136	Lécera	3,0	3,0	0,0	670,0	670,0	0,0	3,0	0,0	0,0	0,0	0,0	COMPLETA
2007	50137	Leciñena	8,0	6,0	2,0	3718,0	1702,0	2016,0	6,0	1,0	0,0	6,0	4,0	COMPLETA
2007	50138	Lechón												SIN INFORMACIÓN
2007	50139	Letux												SIN INFORMACIÓN
2007	50140	Litago												SIN INFORMACIÓN
2007	50141	Lituénigo												SIN INFORMACIÓN
2007	50142	Lobera de Onsella												SIN INFORMACIÓN
2007	50143	Longares	1,0	0,0	1,0	101,0	0,0	101,0	0,0	0,0	0,0	0,0	0,0	COMPLETA
2007	50144	Longás												SIN INFORMACIÓN
2007	50146	Lucena de Jalón	3,0	3,0	0,0	2935,0	2935,0	0,0	22,0	0,0	0,0	0,0	0,0	COMPLETA
2007	50147	Luceni	3,0	3,0	0,0	888,0	888,0	0,0	3,0	0,0	0,0	0,0	0,0	COMPLETA
2007	50148	Luesia	2,0	1,0	1,0	517,0	265,0	252,0	1,0	0,0	0,0	1,0	1,0	COMPLETA
2007	50149	Luesma												SIN INFORMACIÓN
2007	50150	Lumpiaque	3,0	3,0	0,0	1051,0	1051,0	0,0	3,0	3,0	0,0	0,0	0,0	COMPLETA
2007	50151	Luna	3,0	3,0	0,0	868,0	868,0	0,0	3,0	1,0	0,0	1,0	0,0	COMPLETA
2007	50152	Maella	8,0	4,0	4,0	5647,0	2712,0	2935,0	12,0	5,0	1,0	0,0	0,0	COMPLETA
2007	50153	Magallón	5,0	3,0	2,0	6807,0	2318,0	4489,0	17,0	2,0	1,0	0,0	0,0	COMPLETA
2007	50154	Mainar												SIN INFORMACIÓN
2007	50155	Malanquilla												SIN INFORMACIÓN
2007	50156	Maleján												SIN INFORMACIÓN
2007	50157	Malón	3,0	3,0	0,0	1800,0	1800,0	0,0	2,0	0,0	0,0	0,0	0,0	COMPLETA
2007	50159	Maluenda												SIN INFORMACIÓN
2007	50160	Mallén	30,0	17,0	13,0	16861,0	8425,0	8436,0	43,0	0,0	0,0	5,0	5,0	COMPLETA
2007	50161	Manchones												SIN INFORMACIÓN
2007	50162	Mara												SIN INFORMACIÓN
2007	50163	María de Huerva	125,0	125,0	0,0	35442,0	35442,0	0,0	205,0	0,0	0,0	4,0	4,0	COMPLETA
2007	50164	Mediana de Aragón	45,0	45,0	0,0	6624,0	6624,0	0,0	45,0	0,0	0,0	1,0	0,0	COMPLETA
2007	50165	Mequinenza	14,0	9,0	5,0	6346,0	2847,0	3499,0	15,0	4,0	3,0	0,0	0,0	COMPLETA
2007	50166	Mesones de Isuela												SIN INFORMACIÓN
2007	50167	Mezalocha	0,0	0,0	0,0	0,0	0,0	0,0	0,0	1,0	0,0	0,0	0,0	COMPLETA
2007	50168	Mianos												SIN INFORMACIÓN
2007	50169	Miedes de Aragón	3,0	0,0	3,0	2211,0	0,0	2211,0	0,0	0,0	0,0	0,0	0,0	COMPLETA
2007	50170	Monegrillo												SIN INFORMACIÓN
2007	50171	Moneva												SIN INFORMACIÓN
2007	50172	Monreal de Ariza												SIN INFORMACIÓN
2007	50173	Monterde												SIN INFORMACIÓN
2007	50174	Montón												SIN INFORMACIÓN
2007	50175	Morata de Jalón	2,0	2,0		534,0	534,0		2,0					INCOMPLETA
2007	50176	Morata de Jiloca												SIN INFORMACIÓN
2007	50177	Morés	1,0	0,0	1,0	4306,0	0,0	4306,0	0,0	0,0	0,0	0,0	0,0	COMPLETA
2007	50178	Moros												SIN INFORMACIÓN
2007	50179	Moyuela												SIN INFORMACIÓN
2007	50180	Mozota	1,0	1,0	0,0	296,0	296,0	0,0	1,0	0,0	0,0	0,0	0,0	COMPLETA
2007	50181	Muel	10,0	10,0	0,0	13092,0	13092,0	0,0	83,0	0,0	0,0	1,0	1,0	COMPLETA
2007	50182	Muela (La)	699,0	674,0	25,0	267604,0	245293,0	22311,0	1365,0	7,0	0,0	4,0	3,0	COMPLETA
2007	50183	Munébrega												SIN INFORMACIÓN
2007	50184	Murero												SIN INFORMACIÓN
2007	50185	Murillo de Gállego												SIN INFORMACIÓN
2007	50186	Navardún	0,0	0,0	0,0	0,0	0,0	0,0	0,0	1,0	0,0	0,0	0,0	COMPLETA
2007	50187	Nigüella												SIN INFORMACIÓN
2007	50188	Nombrevilla												SIN INFORMACIÓN
2007	50189	Nonaspe	5,0	2,0	3,0	887,0	573,0	314,0	2,0	3,0	3,0	0,0	1,0	COMPLETA
2007	50190	Novallas	4,0	4,0	0,0	3331,0	3331,0	0,0	28,0	0,0	0,0	1,0	1,0	COMPLETA
2007	50191	Novillas	3,0	0,0	3,0	646,0	0,0	646,0	0,0	5,0	0,0	2,0	0,0	COMPLETA
2007	50192	Nuévalos												SIN INFORMACIÓN
2007	50193	Nuez de Ebro	5,0	5,0	0,0	1374,0	1374,0	0,0	5,0	3,0	0,0	1,0	0,0	COMPLETA
2007	50194	Olvés												SIN INFORMACIÓN
2007	50195	Orcajo												SIN INFORMACIÓN
2007	50196	Orera												SIN INFORMACIÓN
2007	50197	Orés												SIN INFORMACIÓN
2007	50198	Oseja												SIN INFORMACIÓN
2007	50199	Osera de Ebro	2,0	2,0	0,0	378,0	378,0	0,0	3,0	3,0	0,0	3,0	4,0	COMPLETA
2007	50200	Paniza	3,0	3,0	0,0	1086,0	1086,0	0,0	4,0	0,0	0,0	0,0	0,0	COMPLETA
2007	50201	Paracuellos de Jiloca	22,0	22,0	0,0	7648,0	7648,0	0,0	61,0	0,0	0,0	1,0	1,0	COMPLETA
2007	50202	Paracuellos de la Ribera												SIN INFORMACIÓN
2007	50203	Pastriz	14,0	13,0	1,0	3743,0	3018,0	725,0	13,0	0,0	0,0	0,0	0,0	COMPLETA
2007	50204	Pedrola	59,0	59,0	0,0	15507,0	15507,0	0,0	94,0	1,0	0,0	0,0	0,0	COMPLETA
2007	50205	Pedrosas (Las)	0,0	0,0	0,0	0,0	0,0	0,0	0,0	1,0	0,0	0,0	0,0	COMPLETA
2007	50206	Perdiguera	6,0	6,0	0,0	911,0	911,0	0,0	6,0	1,0	0,0	0,0	0,0	COMPLETA
2007	50207	Piedratajada												SIN INFORMACIÓN
2007	50208	Pina de Ebro	13,0	11,0	2,0	8954,0	5977,0	2977,0	49,0	3,0	0,0	2,0	2,0	COMPLETA
2007	50209	Pinseque	74,0	70,0	4,0	36968,0	35003,0	1965,0	217,0	1,0	0,0	1,0	1,0	COMPLETA
2007	50210	Pintanos (Los)												SIN INFORMACIÓN
2007	50211	Plasencia de Jalón	22,0	20,0	2,0	3374,0	2076,0	1298,0	20,0	1,0	0,0	0,0	0,0	COMPLETA
2007	50212	Pleitas	0,0	0,0	0,0	0,0	0,0	0,0	0,0	1,0	0,0	0,0	0,0	COMPLETA
2007	50213	Plenas												SIN INFORMACIÓN
2007	50214	Pomer												SIN INFORMACIÓN
2007	50215	Pozuel de Ariza												SIN INFORMACIÓN
2007	50216	Pozuelo de Aragón	1,0	1,0	0,0	240,0	240,0	0,0	1,0	0,0	0,0	0,0	0,0	COMPLETA
2007	50217	Pradilla de Ebro												SIN INFORMACIÓN
2007	50218	Puebla de Albortón												SIN INFORMACIÓN
2007	50219	Puebla de Alfindén (La)	37,0	37,0	0,0	28204,0	28204,0	0,0	254,0	3,0	0,0	14,0	12,0	COMPLETA
2007	50220	Puendeluna												SIN INFORMACIÓN
2007	50221	Purujosa												SIN INFORMACIÓN
2007	50222	Quinto	16,0	9,0	7,0	9815,0	6461,0	3354,0	48,0	1,0	0,0	8,0	6,0	COMPLETA
2007	50223	Remolinos	14,0	13,0	1,0	3978,0	3543,0	435,0	12,0	1,0	0,0	9,0	5,0	COMPLETA
2007	50224	Retascón												SIN INFORMACIÓN
2007	50225	Ricla	17,0	13,0	4,0	9208,0	6795,0	2413,0	42,0	5,0	0,0	1,0	1,0	COMPLETA
2007	50227	Romanos												SIN INFORMACIÓN
2007	50228	Rueda de Jalón												SIN INFORMACIÓN
2007	50229	Ruesca												SIN INFORMACIÓN
2007	50230	Sádaba	2,0	1,0	1,0	901,0	724,0	177,0	4,0	0,0	0,0	0,0	0,0	COMPLETA
2007	50231	Salillas de Jalón	23,0	23,0	0,0	3892,0	3892,0	0,0	23,0	0,0	0,0	0,0	0,0	COMPLETA
2007	50232	Salvatierra de Esca												SIN INFORMACIÓN
2007	50233	Samper del Salz												SIN INFORMACIÓN
2007	50234	San Martín de la Virgen de Moncayo	5,0	5,0	0,0	1472,0	1472,0	0,0	4,0	0,0	0,0	0,0	0,0	COMPLETA
2007	50235	San Mateo de Gállego	192,0	183,0	9,0	64671,0	63178,0	1493,0	382,0	2,0	1,0	3,0	1,0	COMPLETA
2007	50236	Santa Cruz de Grío												SIN INFORMACIÓN
2007	50237	Santa Cruz de Moncayo												SIN INFORMACIÓN
2007	50238	Santa Eulalia de Gállego												SIN INFORMACIÓN
2007	50239	Santed												SIN INFORMACIÓN
2007	50240	Sástago	1,0	1,0	0,0	302,0	302,0	0,0	1,0	0,0	0,0	0,0	0,0	COMPLETA
2007	50241	Saviñán	1,0	1,0	0,0	523,0	523,0	0,0	1,0	3,0	0,0	0,0	0,0	COMPLETA
2007	50242	Sediles												SIN INFORMACIÓN
2007	50243	Sestrica												SIN INFORMACIÓN
2007	50244	Sierra de Luna	11,0	8,0	3,0	2587,0	1186,0	1401,0	8,0	2,0	0,0	1,0	0,0	COMPLETA
2007	50245	Sigüés												SIN INFORMACIÓN
2007	50246	Sisamón												SIN INFORMACIÓN
2007	50247	Sobradiel	101,0	101,0	0,0	29239,0	29239,0	0,0	118,0	3,0	0,0	2,0	1,0	COMPLETA
2007	50248	Sos del Rey Católico	3,0	3,0	0,0	1032,0	1032,0	0,0	5,0	0,0	0,0	1,0	1,0	COMPLETA
2007	50249	Tabuenca												SIN INFORMACIÓN
2007	50250	Talamantes												SIN INFORMACIÓN
2007	50251	Tarazona	29,0	28,0	1,0	32114,0	31440,0	674,0	216,0	5,0	0,0	14,0	25,0	COMPLETA
2007	50252	Tauste	34,0	32,0	2,0	33867,0	31316,0	2551,0	189,0	1,0	0,0	20,0	14,0	COMPLETA
2007	50253	Terrer												SIN INFORMACIÓN
2007	50254	Tierga												SIN INFORMACIÓN
2007	50255	Tobed												SIN INFORMACIÓN
2007	50256	Torralba de los Frailes												SIN INFORMACIÓN
2007	50257	Torralba de Ribota												SIN INFORMACIÓN
2007	50258	Torralbilla												SIN INFORMACIÓN
2007	50259	Torrehermosa												SIN INFORMACIÓN
2007	50260	Torrelapaja												SIN INFORMACIÓN
2007	50261	Torrellas	4,0	4,0	0,0	728,0	728,0	0,0	4,0	0,0	0,0	1,0	1,0	COMPLETA
2007	50262	Torres de Berrellén	27,0	25,0	2,0	8532,0	8381,0	151,0	37,0	6,0	0,0	14,0	7,0	COMPLETA
2007	50263	Torrijo de la Cañada												SIN INFORMACIÓN
2007	50264	Tosos												SIN INFORMACIÓN
2007	50265	Trasmoz	1,0	1,0	0,0	589,0	589,0	0,0	5,0	0,0	0,0	0,0	0,0	COMPLETA
2007	50266	Trasobares												SIN INFORMACIÓN
2007	50267	Uncastillo	2,0	1,0	1,0	313,0	287,0	26,0	1,0	4,0	0,0	0,0	0,0	COMPLETA
2007	50268	Undués de Lerda	0,0	0,0	0,0	0,0	0,0	0,0	0,0	1,0	0,0	0,0	0,0	COMPLETA
2007	50269	Urrea de Jalón	2,0	2,0	0,0	650,0	650,0	0,0	2,0	0,0	0,0	0,0	0,0	COMPLETA
2007	50270	Urriés												SIN INFORMACIÓN
2007	50271	Used												SIN INFORMACIÓN
2007	50272	Utebo	62,0	53,0	9,0	73360,0	52972,0	20388,0	375,0	4,0	0,0	22,0	20,0	COMPLETA
2007	50273	Valdehorna												SIN INFORMACIÓN
2007	50274	Val de San Martín												SIN INFORMACIÓN
2007	50275	Valmadrid												SIN INFORMACIÓN
2007	50276	Valpalmas	0,0	0,0	0,0	0,0	0,0	0,0	0,0	1,0	0,0	0,0	0,0	COMPLETA
2007	50277	Valtorres												SIN INFORMACIÓN
2007	50278	Velilla de Ebro	0,0	0,0	0,0	0,0	0,0	0,0	0,0	2,0	0,0	1,0	0,0	COMPLETA
2007	50279	Velilla de Jiloca												SIN INFORMACIÓN
2007	50280	Vera de Moncayo	2,0	1,0	1,0	624,0	575,0	49,0	2,0	2,0	0,0	2,0	2,0	COMPLETA
2007	50281	Vierlas												SIN INFORMACIÓN
2007	50282	Vilueña (La)												SIN INFORMACIÓN
2007	50283	Villadoz												SIN INFORMACIÓN
2007	50284	Villafeliche												SIN INFORMACIÓN
2007	50285	Villafranca de Ebro	3,0	2,0	1,0	880,0	635,0	245,0	7,0	0,0	0,0	1,0	1,0	COMPLETA
2007	50286	Villalba de Perejil												SIN INFORMACIÓN
2007	50287	Villalengua												SIN INFORMACIÓN
2007	50288	Villanueva de Gállego	19,0	13,0	6,0	32154,0	20543,0	11611,0	143,0	2,0	0,0	4,0	6,0	COMPLETA
2007	50289	Villanueva de Jiloca												SIN INFORMACIÓN
2007	50290	Villanueva de Huerva	1,0	1,0	0,0	383,0	383,0	0,0	1,0	0,0	0,0	0,0	0,0	COMPLETA
2007	50291	Villar de los Navarros												SIN INFORMACIÓN
2007	50292	Villarreal de Huerva												SIN INFORMACIÓN
2007	50293	Villarroya de la Sierra	4,0	0,0	4,0	261,0	0,0	261,0	0,0	6,0	2,0	0,0	0,0	COMPLETA
2007	50294	Villarroya del Campo												SIN INFORMACIÓN
2007	50295	Vistabella												SIN INFORMACIÓN
2007	50296	Zaida (La)	2,0	2,0	0,0	423,0	423,0	0,0	2,0	0,0	0,0	1,0	1,0	COMPLETA
2007	50297	Zaragoza	1816,0	616,0	1200,0	2155699,0	1137316,0	1018383,0	5915,0	532,0	126,0	263,0	388,0	COMPLETA
2007	50298	Zuera	153,0	146,0	7,0	62626,0	54571,0	8055,0	258,0	4,0	3,0	18,0	12,0	COMPLETA
2007	50901	Biel												SIN INFORMACIÓN
2007	50902	Marracos												SIN INFORMACIÓN
2006	22001	Abiego	3,0		3,0	5284,0		5284,0						INCOMPLETA
2006	22002	Abizanda												SIN INFORMACIÓN
2006	22003	Adahuesca	1,0	1,0	0,0	149,0	149,0	0,0	1,0	0,0	0,0	0,0	0,0	COMPLETA
2006	22004	Agüero	1,0	1,0		444,0	444,0		4,0	1,0	1,0			INCOMPLETA
2006	22006	Aísa	3,0	3,0	0,0	512,0	512,0	0,0	3,0	6,0	10,0	0,0	0,0	COMPLETA
2006	22007	Albalate de Cinca	9,0	5,0	4,0	2952,0	1494,0	1458,0	5,0	3,0	6,0	0,0	1,0	COMPLETA
2006	22008	Albalatillo												SIN INFORMACIÓN
2006	22009	Albelda								1,0		4,0	3,0	INCOMPLETA
2006	22011	Albero Alto	1,0		1,0	1146,0		1146,0						INCOMPLETA
2006	22012	Albero Bajo	1,0	1,0		96,0	96,0		1,0	1,0				INCOMPLETA
2006	22013	Alberuela de Tubo												SIN INFORMACIÓN
2006	22014	Alcalá de Gurrea	3,0	2,0	1,0	1352,0	1064,0	288,0	7,0	1,0				INCOMPLETA
2006	22015	Alcalá del Obispo												SIN INFORMACIÓN
2006	22016	Alcampell	10,0	5,0	5,0	6475,0	1198,0	5277,0	5,0	1,0	1,0	1,0	1,0	COMPLETA
2006	22017	Alcolea de Cinca	6,0	3,0	3,0	3128,0	1013,0	2115,0	9,0	2,0	0,0	1,0	1,0	COMPLETA
2006	22018	Alcubierre	5,0	2,0	3,0	3687,0	263,0	3424,0	2,0	0,0	0,0	2,0	2,0	COMPLETA
2006	22019	Alerre	1,0	1,0	0,0	321,0	321,0	0,0	1,0	0,0	0,0	0,0	0,0	COMPLETA
2006	22020	Alfántega	22,0	22,0	0,0	2769,0	2769,0	0,0	22,0	0,0	0,0	0,0	0,0	COMPLETA
2006	22021	Almudévar	30,0	25,0	5,0	9078,0	5546,0	3532,0	30,0	4,0	7,0	0,0	1,0	COMPLETA
2006	22022	Almunia de San Juan												SIN INFORMACIÓN
2006	22023	Almuniente	10,0	4,0	6,0	4160,0	721,0	3439,0	4,0	0,0	0,0	0,0	0,0	COMPLETA
2006	22024	Alquézar	2,0	1,0	1,0	1024,0	424,0	600,0	1,0	2,0	4,0	0,0	0,0	COMPLETA
2006	22025	Altorricón	17,0	17,0	0,0	4405,0	4405,0	0,0	18,0	1,0	0,0	0,0	0,0	COMPLETA
2006	22027	Angüés	3,0	1,0	2,0	2023,0	259,0	1764,0	4,0	3,0	0,0	0,0	0,0	COMPLETA
2006	22028	Ansó	4,0	4,0	0,0	3569,0	3569,0	0,0	24,0	3,0	1,0	3,0	1,0	COMPLETA
2006	22029	Antillón	1,0	0,0	1,0	137,0	0,0	137,0	0,0	0,0	0,0	1,0	1,0	COMPLETA
2006	22032	Aragüés del Puerto												SIN INFORMACIÓN
2006	22035	Arén	4,0	3,0	1,0	3182,0	2565,0	617,0	23,0	1,0	0,0	1,0	0,0	COMPLETA
2006	22036	Argavieso												SIN INFORMACIÓN
2006	22037	Arguis	1,0	1,0	0,0	305,0	305,0	0,0	1,0	1,0	3,0	0,0	1,0	COMPLETA
2006	22039	Ayerbe	11,0	8,0	3,0	6097,0	5820,0	277,0	55,0	12,0	7,0	4,0	4,0	COMPLETA
2006	22040	Azanuy-Alins	0,0	0,0	0,0	0,0	0,0	0,0	0,0	0,0	0,0	1,0	1,0	COMPLETA
2006	22041	Azara												SIN INFORMACIÓN
2006	22042	Azlor												SIN INFORMACIÓN
2006	22043	Baells	3,0	2,0	1,0	152,0	118,0	34,0	2,0					INCOMPLETA
2006	22044	Bailo	2,0	1,0	1,0	316,0	100,0	216,0	1,0	1,0				INCOMPLETA
2006	22045	Baldellou												SIN INFORMACIÓN
2006	22046	Ballobar	2,0	2,0		721,0	721,0		2,0	1,0				INCOMPLETA
2006	22047	Banastás	2,0	2,0	0,0	585,0	585,0	0,0	2,0	0,0	0,0	0,0	0,0	COMPLETA
2006	22048	Barbastro	71,0	68,0	3,0	88167,0	86063,0	2104,0	473,0	6,0	16,0	1,0	8,0	COMPLETA
2006	22049	Barbués												SIN INFORMACIÓN
2006	22050	Barbuñales								1,0				INCOMPLETA
2006	22051	Bárcabo	0,0	0,0	0,0	0,0	0,0	0,0	0,0	1,0	1,0	0,0	0,0	COMPLETA
2006	22052	Belver de Cinca	8,0	2,0	6,0	2972,0	639,0	2333,0	2,0	1,0	0,0	0,0	0,0	COMPLETA
2006	22053	Benabarre	7,0	1,0	6,0	4712,0	1250,0	3462,0	17,0	5,0	0,0	0,0	0,0	COMPLETA
2006	22054	Benasque	3,0	3,0	0,0	1208,0	1208,0	0,0	3,0	3,0	0,0	3,0	1,0	COMPLETA
2006	22055	Berbegal	0,0	0,0	0,0	0,0	0,0	0,0	0,0	3,0	1,0	0,0	0,0	COMPLETA
2006	22057	Bielsa	4,0	4,0		1382,0	1382,0		8,0	2,0	3,0			INCOMPLETA
2006	22058	Bierge	2,0	1,0	1,0	485,0	275,0	210,0	1,0	2,0	0,0	0,0	0,0	COMPLETA
2006	22059	Biescas	21,0	21,0	0,0	6258,0	6258,0	0,0	45,0	3,0	1,0	0,0	0,0	COMPLETA
2006	22060	Binaced	8,0	5,0	3,0	2848,0	1803,0	1045,0	6,0	1,0	0,0	0,0	0,0	COMPLETA
2006	22061	Binéfar	39,0	31,0	8,0	28480,0	26075,0	2405,0	161,0	17,0	16,0	18,0	12,0	COMPLETA
2006	22062	Bisaurri												SIN INFORMACIÓN
2006	22063	Biscarrués												SIN INFORMACIÓN
2006	22064	Blecua y Torres	0,0	0,0	0,0	0,0	0,0	0,0	0,0	3,0	1,0	0,0	0,0	COMPLETA
2006	22066	Boltaña	4,0	4,0		2188,0	2188,0		14,0	5,0	7,0		1,0	INCOMPLETA
2006	22067	Bonansa	1,0	1,0	0,0	379,0	379,0	0,0	4,0	0,0	0,0	0,0	0,0	COMPLETA
2006	22068	Borau	0,0	0,0	0,0	0,0	0,0	0,0	0,0	3,0	2,0	0,0	0,0	COMPLETA
2006	22069	Broto	6,0	5,0	1,0	4651,0	4219,0	432,0	40,0	3,0	4,0	0,0	0,0	COMPLETA
2006	22072	Caldearenas	1,0	1,0	0,0	230,0	230,0	0,0	1,0	8,0	4,0	0,0	0,0	COMPLETA
2006	22074	Campo												SIN INFORMACIÓN
2006	22075	Camporrells												SIN INFORMACIÓN
2006	22076	Canal de Berdún												SIN INFORMACIÓN
2006	22077	Candasnos	11,0	9,0	2,0	1440,0	1357,0	83,0	9,0	2,0		2,0		INCOMPLETA
2006	22078	Canfranc	0,0	0,0	0,0	0,0	0,0	0,0	0,0	2,0	0,0	0,0	0,0	COMPLETA
2006	22079	Capdesaso												SIN INFORMACIÓN
2006	22080	Capella	2,0	2,0	0,0	1070,0	1070,0	0,0	7,0	1,0	0,0	2,0	0,0	COMPLETA
2006	22081	Casbas de Huesca	3,0	3,0	0,0	1392,0	1392,0	0,0	6,0	0,0	0,0	1,0	1,0	COMPLETA
2006	22082	Castejón del Puente	5,0	0,0	5,0	3579,0	0,0	3579,0	0,0	0,0	0,0	1,0	0,0	COMPLETA
2006	22083	Castejón de Monegros												SIN INFORMACIÓN
2006	22084	Castejón de Sos	17,0	15,0	2,0	5769,0	3079,0	2690,0	14,0	15,0	18,0	2,0	0,0	COMPLETA
2006	22085	Castelflorite												SIN INFORMACIÓN
2006	22086	Castiello de Jaca	4,0	4,0		350,0	350,0		4,0	3,0	1,0			INCOMPLETA
2006	22087	Castigaleu												SIN INFORMACIÓN
2006	22088	Castillazuelo	3,0	2,0	1,0	1324,0	442,0	882,0	2,0	1,0	0,0	0,0	0,0	COMPLETA
2006	22089	Castillonroy	1,0	1,0	0,0	222,0	222,0	0,0	1,0	0,0	0,0	0,0	0,0	COMPLETA
2006	22090	Colungo												SIN INFORMACIÓN
2006	22094	Chalamera												SIN INFORMACIÓN
2006	22095	Chía	1,0	1,0		1003,0	1003,0		8,0	2,0	5,0			INCOMPLETA
2006	22096	Chimillas												SIN INFORMACIÓN
2006	22099	Esplús	10,0	2,0	8,0	12388,0	426,0	11962,0	2,0	2,0	2,0	0,0	0,0	COMPLETA
2006	22102	Estada												SIN INFORMACIÓN
2006	22103	Estadilla	3,0	3,0	0,0	932,0	932,0	0,0	3,0	1,0	0,0	0,0	0,0	COMPLETA
2006	22105	Estopiñán del Castillo	5,0	1,0	4,0	727,0	226,0	501,0	1,0	5,0	3,0	0,0	1,0	COMPLETA
2006	22106	Fago								1,0				INCOMPLETA
2006	22107	Fanlo												SIN INFORMACIÓN
2006	22109	Fiscal	33,0	33,0	0,0	9571,0	9571,0	0,0	101,0	0,0	0,0	0,0	0,0	COMPLETA
2006	22110	Fonz	6,0	2,0	4,0	7956,0	4266,0	3690,0	1,0	1,0	1,0	0,0	0,0	COMPLETA
2006	22111	Foradada del Toscar												SIN INFORMACIÓN
2006	22112	Fraga	48,0	46,0	2,0	54043,0	52234,0	1809,0	285,0	11,0	2,0	5,0	5,0	COMPLETA
2006	22113	Fueva (La)												SIN INFORMACIÓN
2006	22114	Gistaín												SIN INFORMACIÓN
2006	22115	Grado (El)	2,0	2,0		752,0	752,0		2,0					INCOMPLETA
2006	22116	Grañén	34,0	26,0	8,0	11463,0	5557,0	5906,0	26,0	1,0	2,0	2,0	1,0	COMPLETA
2006	22117	Graus	31,0	19,0	12,0	15714,0	10405,0	5309,0	50,0	23,0	6,0	2,0	2,0	COMPLETA
2006	22119	Gurrea de Gállego	12,0	5,0	7,0	3762,0	990,0	2772,0	5,0	3,0	0,0	3,0	2,0	COMPLETA
2006	22122	Hoz de Jaca	8,0	8,0		2308,0	2308,0		16,0					INCOMPLETA
2006	22124	Huerto	3,0	2,0	1,0	1674,0	1395,0	279,0	11,0	0,0	0,0	0,0	0,0	COMPLETA
2006	22125	Huesca	33,0	19,0	14,0	80730,0	66754,0	13976,0	418,0	12,0	19,0	1,0	4,0	COMPLETA
2006	22126	Ibieca												SIN INFORMACIÓN
2006	22127	Igriés	39,0	39,0	0,0	9082,0	9082,0	0,0	57,0	0,0	0,0	3,0	0,0	COMPLETA
2006	22128	Ilche												SIN INFORMACIÓN
2006	22129	Isábena	1,0	1,0	0,0	906,0	906,0	0,0	6,0	0,0	0,0	0,0	0,0	COMPLETA
2006	22130	Jaca	51,0	46,0	5,0	60384,0	59886,0	498,0	431,0	12,0	13,0	7,0	10,0	COMPLETA
2006	22131	Jasa												SIN INFORMACIÓN
2006	22133	Labuerda	0,0	0,0	0,0	0,0	0,0	0,0	0,0	2,0	1,0	0,0	0,0	COMPLETA
2006	22135	Laluenga	0,0	0,0	0,0	0,0	0,0	0,0	0,0	0,0	0,0	0,0	0,0	COMPLETA
2006	22136	Lalueza	11,0	4,0	7,0	6136,0	742,0	5394,0	4,0	3,0	0,0	1,0	0,0	COMPLETA
2006	22137	Lanaja	2,0	2,0	0,0	479,0	479,0	0,0	2,0	0,0	0,0	0,0	0,0	COMPLETA
2006	22139	Laperdiguera												SIN INFORMACIÓN
2006	22141	Lascellas-Ponzano	0,0	0,0	0,0	0,0	0,0	0,0	0,0	1,0	0,0	0,0	0,0	COMPLETA
2006	22142	Lascuarre	0,0	0,0	0,0	0,0	0,0	0,0	0,0	3,0	1,0	1,0	1,0	COMPLETA
2006	22143	Laspaúles	8,0	7,0	1,0	4046,0	3530,0	516,0	35,0	5,0	11,0	1,0	3,0	COMPLETA
2006	22144	Laspuña	3,0	3,0	0,0	579,0	579,0	0,0	6,0	0,0	0,0	0,0	0,0	COMPLETA
2006	22149	Loarre								1,0				INCOMPLETA
2006	22150	Loporzano	2,0	0,0	2,0	1998,0	0,0	1998,0	0,0	2,0	0,0	0,0	0,0	COMPLETA
2006	22151	Loscorrales	1,0	1,0	0,0	120,0	120,0	0,0	1,0	0,0	0,0	0,0	0,0	COMPLETA
2006	22155	Monesma y Cajigar												SIN INFORMACIÓN
2006	22156	Monflorite-Lascasas	42,0	42,0	0,0	10256,0	10256,0	0,0	42,0	0,0	0,0	0,0	0,0	COMPLETA
2006	22157	Montanuy	1,0	1,0	0,0	140,0	140,0	0,0	1,0	3,0	4,0	0,0	1,0	COMPLETA
2006	22158	Monzón	23,0	23,0	0,0	24613,0	24613,0	0,0	134,0	3,0	5,0	1,0	1,0	COMPLETA
2006	22160	Naval												SIN INFORMACIÓN
2006	22162	Novales	2,0		2,0	1764,0		1764,0						INCOMPLETA
2006	22163	Nueno	8,0	8,0	0,0	1685,0	1685,0	0,0	8,0	4,0	2,0	0,0	0,0	COMPLETA
2006	22164	Olvena												SIN INFORMACIÓN
2006	22165	Ontiñena	2,0	2,0	0,0	563,0	563,0	0,0	2,0	0,0	0,0	0,0	0,0	COMPLETA
2006	22167	Osso de Cinca	9,0	3,0	6,0	4804,0	972,0	3832,0	3,0	1,0	0,0	0,0	0,0	COMPLETA
2006	22168	Palo												SIN INFORMACIÓN
2006	22170	Panticosa	6,0	6,0		5680,0	5680,0		45,0	2,0	3,0	1,0		INCOMPLETA
2006	22172	Peñalba												SIN INFORMACIÓN
2006	22173	Peñas de Riglos (Las)	0,0	0,0	0,0	0,0	0,0	0,0	0,0	3,0	0,0	0,0	0,0	COMPLETA
2006	22174	Peralta de Alcofea	7,0	0,0	7,0	7174,0	0,0	7174,0	0,0	1,0	0,0	0,0	0,0	COMPLETA
2006	22175	Peralta de Calasanz	1,0	1,0	0,0	96,0	96,0	0,0	1,0	1,0	1,0	0,0	0,0	COMPLETA
2006	22176	Peraltilla												SIN INFORMACIÓN
2006	22177	Perarrúa												SIN INFORMACIÓN
2006	22178	Pertusa												SIN INFORMACIÓN
2006	22181	Piracés												SIN INFORMACIÓN
2006	22182	Plan	3,0	3,0	0,0	1018,0	1018,0	0,0	3,0	0,0	0,0	0,0	0,0	COMPLETA
2006	22184	Poleñino												SIN INFORMACIÓN
2006	22186	Pozán de Vero	0,0	0,0	0,0	0,0	0,0	0,0	0,0	4,0	1,0	0,0	0,0	COMPLETA
2006	22187	Puebla de Castro (La)	2,0	2,0		527,0	527,0		2,0					INCOMPLETA
2006	22188	Puente de Montañana								1,0				INCOMPLETA
2006	22189	Puértolas												SIN INFORMACIÓN
2006	22190	Pueyo de Araguás (El)												SIN INFORMACIÓN
2006	22193	Pueyo de Santa Cruz	3,0	3,0	0,0	708,0	708,0	0,0	3,0	1,0	0,0	0,0	0,0	COMPLETA
2006	22195	Quicena	1,0	0,0	1,0	613,0	0,0	613,0	0,0	2,0	0,0	0,0	0,0	COMPLETA
2006	22197	Robres	9,0	1,0	8,0	5063,0	210,0	4853,0	1,0	0,0	0,0	0,0	0,0	COMPLETA
2006	22199	Sabiñánigo	65,0	63,0	2,0	66300,0	66100,0	200,0	505,0	15,0	16,0	8,0	4,0	COMPLETA
2006	22200	Sahún	4,0	4,0		1324,0	1324,0		7,0	4,0	2,0	1,0		INCOMPLETA
2006	22201	Salas Altas												SIN INFORMACIÓN
2006	22202	Salas Bajas												SIN INFORMACIÓN
2006	22203	Salillas	3,0	0,0	3,0	4143,0	0,0	4143,0	0,0	2,0	0,0	0,0	0,0	COMPLETA
2006	22204	Sallent de Gállego	34,0	34,0		12005,0	12005,0		88,0	2,0	5,0			INCOMPLETA
2006	22205	San Esteban de Litera	0,0	0,0	0,0	0,0	0,0	0,0	0,0	1,0	0,0	0,0	0,0	COMPLETA
2006	22206	Sangarrén												SIN INFORMACIÓN
2006	22207	San Juan de Plan												SIN INFORMACIÓN
2006	22208	Santa Cilia	2,0	2,0		322,0	322,0		2,0	4,0		2,0	2,0	INCOMPLETA
2006	22209	Santa Cruz de la Serós												SIN INFORMACIÓN
2006	22212	Santaliestra y San Quílez												SIN INFORMACIÓN
2006	22213	Sariñena	20,0	8,0	12,0	8988,0	2219,0	6769,0	8,0	5,0	2,0	3,0	3,0	COMPLETA
2006	22214	Secastilla	0,0	0,0	0,0	0,0	0,0	0,0	0,0	1,0	0,0	1,0	1,0	COMPLETA
2006	22215	Seira												SIN INFORMACIÓN
2006	22217	Sena	3,0	2,0	1,0	746,0	703,0	43,0	5,0	3,0	0,0	0,0	0,0	COMPLETA
2006	22218	Senés de Alcubierre												SIN INFORMACIÓN
2006	22220	Sesa	1,0	0,0	1,0	156,0	0,0	156,0	0,0	1,0	0,0	1,0	0,0	COMPLETA
2006	22221	Sesué	11,0	11,0	0,0	5421,0	5421,0	0,0	37,0	2,0	1,0	1,0	0,0	COMPLETA
2006	22222	Siétamo	12,0	12,0	0,0	2685,0	2685,0	0,0	12,0	4,0	3,0	0,0	0,0	COMPLETA
2006	22223	Sopeira												SIN INFORMACIÓN
2006	22225	Tamarite de Litera	9,0	8,0	1,0	8307,0	8243,0	64,0	55,0	6,0	9,0	1,0	4,0	COMPLETA
2006	22226	Tardienta	10,0	5,0	5,0	5043,0	1981,0	3062,0	9,0	2,0	10,0	1,0	1,0	COMPLETA
2006	22227	Tella-Sin												SIN INFORMACIÓN
2006	22228	Tierz	9,0	8,0	1,0	2430,0	1366,0	1064,0	8,0	0,0	0,0	0,0	0,0	COMPLETA
2006	22229	Tolva												SIN INFORMACIÓN
2006	22230	Torla-Ordesa	1,0	1,0	0,0	299,0	299,0	0,0	1,0	2,0	1,0	0,0	0,0	COMPLETA
2006	22232	Torralba de Aragón	1,0	0,0	1,0	90,0	0,0	90,0	0,0	0,0	0,0	0,0	0,0	COMPLETA
2006	22233	Torre la Ribera	0,0	0,0	0,0	0,0	0,0	0,0	0,0	1,0	3,0	0,0	0,0	COMPLETA
2006	22234	Torrente de Cinca												SIN INFORMACIÓN
2006	22235	Torres de Alcanadre								1,0	1,0			INCOMPLETA
2006	22236	Torres de Barbués	0,0	0,0	0,0	0,0	0,0	0,0	0,0	1,0	0,0	0,0	0,0	COMPLETA
2006	22239	Tramaced												SIN INFORMACIÓN
2006	22242	Valfarta	2,0		2,0	1764,0		1764,0						INCOMPLETA
2006	22243	Valle de Bardají												SIN INFORMACIÓN
2006	22244	Valle de Lierp												SIN INFORMACIÓN
2006	22245	Velilla de Cinca	3,0	2,0	1,0	1514,0	604,0	910,0	2,0	0,0	0,0	0,0	0,0	COMPLETA
2006	22246	Beranuy	1,0	1,0	0,0	317,0	317,0	0,0	1,0	2,0	2,0	0,0	0,0	COMPLETA
2006	22247	Viacamp y Litera												SIN INFORMACIÓN
2006	22248	Vicién	1,0	0,0	1,0	121,0	0,0	121,0	0,0	2,0	3,0	0,0	0,0	COMPLETA
2006	22249	Villanova	2,0	2,0		1519,0	1519,0		14,0	1,0	1,0			INCOMPLETA
2006	22250	Villanúa	35,0	35,0	0,0	10629,0	10629,0	0,0	105,0	2,0	0,0	1,0	3,0	COMPLETA
2006	22251	Villanueva de Sigena	2,0	2,0	0,0	672,0	672,0	0,0	7,0	0,0	0,0	0,0	0,0	COMPLETA
2006	22252	Yebra de Basa	2,0	0,0	2,0	772,0	0,0	772,0	0,0	1,0	0,0	0,0	0,0	COMPLETA
2006	22253	Yésero												SIN INFORMACIÓN
2006	22254	Zaidín	9,0	2,0	7,0	3193,0	927,0	2266,0	6,0	2,0	0,0	3,0	3,0	COMPLETA
2006	22901	Valle de Hecho	7,0	7,0	0,0	1248,0	1248,0	0,0	7,0	8,0	8,0	1,0	1,0	COMPLETA
2006	22902	Puente la Reina de Jaca												SIN INFORMACIÓN
2006	22903	San Miguel del Cinca	20,0	15,0	5,0	6941,0	2628,0	4313,0	15,0	1,0	0,0	0,0	0,0	COMPLETA
2006	22904	Sotonera (La)	9,0	6,0	3,0	7181,0	1003,0	6178,0	6,0	3,0	0,0	2,0	0,0	COMPLETA
2006	22905	Lupiñén-Ortilla	1,0	1,0	0,0	221,0	221,0	0,0	1,0	1,0	0,0	0,0	0,0	COMPLETA
2006	22906	Santa María de Dulcis								1,0				INCOMPLETA
2006	22907	Aínsa-Sobrarbe	23,0	23,0	0,0	18495,0	18495,0	0,0	150,0	14,0	20,0	0,0	1,0	COMPLETA
2006	22908	Hoz y Costeán												SIN INFORMACIÓN
2006	22909	Vencillón	1,0		1,0	400,0		400,0						INCOMPLETA
2006	44001	Ababuj												SIN INFORMACIÓN
2006	44002	Abejuela												SIN INFORMACIÓN
2006	44003	Aguatón												SIN INFORMACIÓN
2006	44004	Aguaviva	2,0	2,0	0,0	445,0	445,0	0,0	2,0	1,0	0,0	0,0	0,0	COMPLETA
2006	44005	Aguilar del Alfambra												SIN INFORMACIÓN
2006	44006	Alacón												SIN INFORMACIÓN
2006	44007	Alba	1,0	1,0	0,0	412,0	412,0	0,0	1,0	1,0	0,0	0,0	0,0	COMPLETA
2006	44008	Albalate del Arzobispo												SIN INFORMACIÓN
2006	44009	Albarracín	1,0	0,0	1,0	30,0	0,0	30,0	0,0	4,0	7,0	0,0	0,0	COMPLETA
2006	44010	Albentosa	5,0	5,0	0,0	1503,0	1503,0	0,0	5,0	0,0	0,0	1,0	1,0	COMPLETA
2006	44011	Alcaine												SIN INFORMACIÓN
2006	44012	Alcalá de la Selva	26,0	26,0	0,0	5192,0	5192,0	0,0	28,0	2,0	1,0	2,0	2,0	COMPLETA
2006	44013	Alcañiz	46,0	36,0	10,0	43971,0	39423,0	4548,0	192,0	7,0	6,0	10,0	8,0	COMPLETA
2006	44014	Alcorisa	46,0	45,0	1,0	33465,0	32965,0	500,0	177,0	9,0	1,0	3,0	2,0	COMPLETA
2006	44016	Alfambra												SIN INFORMACIÓN
2006	44017	Aliaga												SIN INFORMACIÓN
2006	44018	Almohaja												SIN INFORMACIÓN
2006	44019	Alobras												SIN INFORMACIÓN
2006	44020	Alpeñés												SIN INFORMACIÓN
2006	44021	Allepuz												SIN INFORMACIÓN
2006	44022	Alloza	8,0	5,0	3,0	2003,0	1562,0	441,0	5,0	2,0	1,0	2,0	0,0	COMPLETA
2006	44023	Allueva												SIN INFORMACIÓN
2006	44024	Anadón												SIN INFORMACIÓN
2006	44025	Andorra	14,0	10,0	4,0	4383,0	2711,0	1672,0	10,0	8,0	2,0	0,0	2,0	COMPLETA
2006	44026	Arcos de las Salinas												SIN INFORMACIÓN
2006	44027	Arens de Lledó												SIN INFORMACIÓN
2006	44028	Argente												SIN INFORMACIÓN
2006	44029	Ariño	1,0		1,0	73,0		73,0		1,0	1,0			INCOMPLETA
2006	44031	Azaila												SIN INFORMACIÓN
2006	44032	Bádenas												SIN INFORMACIÓN
2006	44033	Báguena	2,0	1,0	1,0	277,0	144,0	133,0	1,0	0,0	0,0	0,0	0,0	COMPLETA
2006	44034	Bañón												SIN INFORMACIÓN
2006	44035	Barrachina												SIN INFORMACIÓN
2006	44036	Bea												SIN INFORMACIÓN
2006	44037	Beceite	6,0	1,0	5,0	3221,0	2254,0	967,0	10,0	2,0	1,0	0,0	0,0	COMPLETA
2006	44038	Belmonte de San José	1,0	0,0	1,0	632,0	0,0	632,0	0,0	0,0	0,0	0,0	0,0	COMPLETA
2006	44039	Bello												SIN INFORMACIÓN
2006	44040	Berge	1,0	1,0	0,0	262,0	262,0	0,0	1,0	1,0	0,0	0,0	0,0	COMPLETA
2006	44041	Bezas												SIN INFORMACIÓN
2006	44042	Blancas												SIN INFORMACIÓN
2006	44043	Blesa												SIN INFORMACIÓN
2006	44044	Bordón	2,0	1,0	1,0	242,0	201,0	41,0	1,0					INCOMPLETA
2006	44045	Bronchales	1,0	1,0	0,0	254,0	254,0	0,0	1,0	0,0	0,0	0,0	0,0	COMPLETA
2006	44046	Bueña	0,0	0,0	0,0	0,0	0,0	0,0	0,0	1,0	0,0	0,0	0,0	COMPLETA
2006	44047	Burbáguena												SIN INFORMACIÓN
2006	44048	Cabra de Mora												SIN INFORMACIÓN
2006	44049	Calaceite	8,0	2,0	6,0	7334,0	651,0	6683,0	2,0	7,0	0,0	4,0	1,0	COMPLETA
2006	44050	Calamocha	32,0	28,0	4,0	17974,0	13111,0	4863,0	64,0	10,0	1,0	8,0	8,0	COMPLETA
2006	44051	Calanda	14,0	9,0	5,0	9896,0	4616,0	5280,0	26,0	6,0	0,0	7,0	5,0	COMPLETA
2006	44052	Calomarde												SIN INFORMACIÓN
2006	44053	Camañas												SIN INFORMACIÓN
2006	44054	Camarena de la Sierra												SIN INFORMACIÓN
2006	44055	Camarillas												SIN INFORMACIÓN
2006	44056	Caminreal	3,0	3,0	0,0	1530,0	1530,0	0,0	8,0	0,0	0,0	0,0	0,0	COMPLETA
2006	44059	Cantavieja	4,0	2,0	2,0	3862,0	1326,0	2536,0	9,0	1,0	0,0	0,0	0,0	COMPLETA
2006	44060	Cañada de Benatanduz												SIN INFORMACIÓN
2006	44061	Cañada de Verich (La)	0,0	0,0	0,0	0,0	0,0	0,0	0,0	2,0	0,0	0,0	1,0	COMPLETA
2006	44062	Cañada Vellida												SIN INFORMACIÓN
2006	44063	Cañizar del Olivar	0,0	0,0	0,0	0,0	0,0	0,0	0,0	1,0	1,0	0,0	0,0	COMPLETA
2006	44064	Cascante del Río												SIN INFORMACIÓN
2006	44065	Castejón de Tornos												SIN INFORMACIÓN
2006	44066	Castel de Cabra	0,0	0,0	0,0	0,0	0,0	0,0	0,0	1,0	2,0	0,0	0,0	COMPLETA
2006	44067	Castelnou												SIN INFORMACIÓN
2006	44068	Castelserás	7,0	6,0	1,0	2419,0	1939,0	480,0	6,0	2,0	0,0	0,0	0,0	COMPLETA
2006	44070	Castellar (El)												SIN INFORMACIÓN
2006	44071	Castellote	2,0		2,0	934,0		934,0		4,0				INCOMPLETA
2006	44074	Cedrillas	45,0	44,0	1,0	11085,0	10842,0	243,0	44,0	1,0	0,0	0,0	0,0	COMPLETA
2006	44075	Celadas												SIN INFORMACIÓN
2006	44076	Cella	21,0	16,0	5,0	9818,0	5952,0	3866,0	30,0	3,0	0,0	0,0	0,0	COMPLETA
2006	44077	Cerollera (La)												SIN INFORMACIÓN
2006	44080	Codoñera (La)	1,0	1,0	0,0	472,0	472,0	0,0	3,0	0,0	0,0	0,0	0,0	COMPLETA
2006	44082	Corbalán	1,0	1,0	0,0	443,0	443,0	0,0	1,0	0,0	0,0	0,0	0,0	COMPLETA
2006	44084	Cortes de Aragón												SIN INFORMACIÓN
2006	44085	Cosa												SIN INFORMACIÓN
2006	44086	Cretas	8,0	5,0	3,0	2502,0	902,0	1600,0	5,0	3,0	1,0	2,0	2,0	COMPLETA
2006	44087	Crivillén												SIN INFORMACIÓN
2006	44088	Cuba (La)	0,0	0,0	0,0	0,0	0,0	0,0	0,0	1,0	0,0	0,0	0,0	COMPLETA
2006	44089	Cubla												SIN INFORMACIÓN
2006	44090	Cucalón												SIN INFORMACIÓN
2006	44092	Cuervo (El)												SIN INFORMACIÓN
2006	44093	Cuevas de Almudén												SIN INFORMACIÓN
2006	44094	Cuevas Labradas												SIN INFORMACIÓN
2006	44096	Ejulve	1,0		1,0	70,0		70,0						INCOMPLETA
2006	44097	Escorihuela												SIN INFORMACIÓN
2006	44099	Escucha	0,0	0,0	0,0	0,0	0,0	0,0	0,0	3,0	0,0	0,0	0,0	COMPLETA
2006	44100	Estercuel	1,0	1,0	0,0	302,0	302,0	0,0	1,0	0,0	0,0	0,0	0,0	COMPLETA
2006	44101	Ferreruela de Huerva												SIN INFORMACIÓN
2006	44102	Fonfría												SIN INFORMACIÓN
2006	44103	Formiche Alto												SIN INFORMACIÓN
2006	44105	Fórnoles												SIN INFORMACIÓN
2006	44106	Fortanete												SIN INFORMACIÓN
2006	44107	Foz-Calanda												SIN INFORMACIÓN
2006	44108	Fresneda (La)												SIN INFORMACIÓN
2006	44109	Frías de Albarracín	1,0	1,0	0,0	165,0	165,0	0,0	1,0	0,0	0,0	0,0	0,0	COMPLETA
2006	44110	Fuenferrada	5,0	5,0	0,0	421,0	421,0	0,0	5,0	0,0	0,0	0,0	0,0	COMPLETA
2006	44111	Fuentes Calientes												SIN INFORMACIÓN
2006	44112	Fuentes Claras	1,0	1,0	0,0	185,0	185,0	0,0	1,0	0,0	0,0	0,0	0,0	COMPLETA
2006	44113	Fuentes de Rubielos	2,0	1,0	1,0	290,0	146,0	144,0	1,0	1,0	0,0	0,0	0,0	COMPLETA
2006	44114	Fuentespalda	1,0	1,0	0,0	217,0	217,0	0,0	1,0	0,0	0,0	0,0	0,0	COMPLETA
2006	44115	Galve												SIN INFORMACIÓN
2006	44116	Gargallo								1,0				INCOMPLETA
2006	44117	Gea de Albarracín	1,0	1,0	0,0	316,0	316,0	0,0	2,0	1,0	2,0	0,0	1,0	COMPLETA
2006	44118	Ginebrosa (La)	1,0	1,0	0,0	428,0	428,0	0,0	1,0	0,0	0,0	0,0	0,0	COMPLETA
2006	44119	Griegos												SIN INFORMACIÓN
2006	44120	Guadalaviar	1,0	1,0	0,0	228,0	228,0	0,0	1,0	0,0	0,0	0,0	0,0	COMPLETA
2006	44121	Gúdar	6,0	6,0	0,0	3895,0	3895,0	0,0	37,0	3,0	0,0	7,0	5,0	COMPLETA
2006	44122	Híjar	8,0	7,0	1,0	4082,0	3954,0	128,0	21,0	6,0	0,0	2,0	2,0	COMPLETA
2006	44123	Hinojosa de Jarque	0,0	0,0	0,0	0,0	0,0	0,0	0,0	1,0	0,0	0,0	0,0	COMPLETA
2006	44124	Hoz de la Vieja (La)												SIN INFORMACIÓN
2006	44125	Huesa del Común												SIN INFORMACIÓN
2006	44126	Iglesuela del Cid (La)	5,0	5,0	0,0	914,0	914,0	0,0	5,0	1,0	0,0	0,0	0,0	COMPLETA
2006	44127	Jabaloyas												SIN INFORMACIÓN
2006	44128	Jarque de la Val												SIN INFORMACIÓN
2006	44129	Jatiel												SIN INFORMACIÓN
2006	44130	Jorcas												SIN INFORMACIÓN
2006	44131	Josa												SIN INFORMACIÓN
2006	44132	Lagueruela												SIN INFORMACIÓN
2006	44133	Lanzuela												SIN INFORMACIÓN
2006	44135	Libros												SIN INFORMACIÓN
2006	44136	Lidón												SIN INFORMACIÓN
2006	44137	Linares de Mora	0,0	0,0	0,0	0,0	0,0	0,0	0,0	3,0	0,0	0,0	0,0	COMPLETA
2006	44138	Loscos												SIN INFORMACIÓN
2006	44141	Lledó												SIN INFORMACIÓN
2006	44142	Maicas												SIN INFORMACIÓN
2006	44143	Manzanera	16,0	13,0	3,0	4648,0	4008,0	640,0	28,0	2,0				INCOMPLETA
2006	44144	Martín del Río	2,0	2,0	0,0	1011,0	1011,0	0,0	5,0	2,0	0,0	0,0	0,0	COMPLETA
2006	44145	Mas de las Matas	14,0	11,0	3,0	5827,0	4909,0	918,0	29,0	2,0	0,0	0,0	0,0	COMPLETA
2006	44146	Mata de los Olmos (La)												SIN INFORMACIÓN
2006	44147	Mazaleón	2,0	1,0	1,0	151,0	91,0	60,0	1,0	1,0	0,0	0,0	0,0	COMPLETA
2006	44148	Mezquita de Jarque												SIN INFORMACIÓN
2006	44149	Mirambel												SIN INFORMACIÓN
2006	44150	Miravete de la Sierra												SIN INFORMACIÓN
2006	44151	Molinos	0,0	0,0	0,0	0,0	0,0	0,0	0,0	3,0	1,0	0,0	0,0	COMPLETA
2006	44152	Monforte de Moyuela												SIN INFORMACIÓN
2006	44153	Monreal del Campo	20,0	19,0	1,0	4094,0	3943,0	151,0	19,0	2,0	8,0	1,0	4,0	COMPLETA
2006	44154	Monroyo	1,0	1,0	0,0	391,0	391,0	0,0	1,0	0,0	0,0	0,0	0,0	COMPLETA
2006	44155	Montalbán	2,0	2,0	0,0	528,0	528,0	0,0	2,0	1,0	0,0	0,0	0,0	COMPLETA
2006	44156	Monteagudo del Castillo												SIN INFORMACIÓN
2006	44157	Monterde de Albarracín												SIN INFORMACIÓN
2006	44158	Mora de Rubielos	24,0	21,0	3,0	12712,0	9747,0	2965,0	56,0	2,0	2,0	1,0	0,0	COMPLETA
2006	44159	Moscardón												SIN INFORMACIÓN
2006	44160	Mosqueruela	4,0	4,0		1034,0	1034,0		7,0	1,0		1,0		INCOMPLETA
2006	44161	Muniesa												SIN INFORMACIÓN
2006	44163	Noguera de Albarracín												SIN INFORMACIÓN
2006	44164	Nogueras												SIN INFORMACIÓN
2006	44165	Nogueruelas	3,0	3,0	0,0	543,0	543,0	0,0	3,0	1,0	0,0	0,0	0,0	COMPLETA
2006	44167	Obón	0,0	0,0	0,0	0,0	0,0	0,0	0,0	1,0	0,0	0,0	0,0	COMPLETA
2006	44168	Odón												SIN INFORMACIÓN
2006	44169	Ojos Negros	3,0	2,0	1,0	579,0	375,0	204,0	2,0	2,0	0,0	0,0	0,0	COMPLETA
2006	44171	Olba	2,0	2,0	0,0	528,0	528,0	0,0	2,0	1,0	2,0	0,0	1,0	COMPLETA
2006	44172	Oliete	1,0	0,0	1,0	1495,0	0,0	1495,0	0,0	0,0	0,0	0,0	0,0	COMPLETA
2006	44173	Olmos (Los)												SIN INFORMACIÓN
2006	44174	Orihuela del Tremedal	2,0	1,0	1,0	698,0	363,0	335,0	1,0	3,0	10,0	0,0	4,0	COMPLETA
2006	44175	Orrios	1,0	0,0	1,0	816,0	0,0	816,0	0,0	0,0	0,0	0,0	0,0	COMPLETA
2006	44176	Palomar de Arroyos												SIN INFORMACIÓN
2006	44177	Pancrudo												SIN INFORMACIÓN
2006	44178	Parras de Castellote (Las)												SIN INFORMACIÓN
2006	44179	Peñarroya de Tastavins												SIN INFORMACIÓN
2006	44180	Peracense												SIN INFORMACIÓN
2006	44181	Peralejos	1,0	1,0	0,0	181,0	181,0	0,0	1,0	0,0	0,0	0,0	0,0	COMPLETA
2006	44182	Perales del Alfambra												SIN INFORMACIÓN
2006	44183	Pitarque												SIN INFORMACIÓN
2006	44184	Plou												SIN INFORMACIÓN
2006	44185	Pobo (El)	1,0	1,0	0,0	458,0	458,0	0,0	1,0	0,0	0,0	0,0	0,0	COMPLETA
2006	44187	Portellada (La)	3,0	3,0	0,0	959,0	959,0	0,0	3,0	2,0	7,0	0,0	2,0	COMPLETA
2006	44189	Pozondón	1,0	1,0	0,0	313,0	313,0	0,0	1,0	3,0	0,0	0,0	0,0	COMPLETA
2006	44190	Pozuel del Campo	2,0	2,0	0,0	790,0	790,0	0,0	3,0	0,0	0,0	0,0	0,0	COMPLETA
2006	44191	Puebla de Híjar (La)	6,0	4,0	2,0	1083,0	916,0	167,0	4,0	5,0	4,0	1,0	1,0	COMPLETA
2006	44192	Puebla de Valverde (La)	2,0	2,0	0,0	788,0	788,0	0,0	2,0	2,0	3,0	1,0	1,0	COMPLETA
2006	44193	Puertomingalvo	3,0	3,0	0,0	2141,0	2141,0	0,0	20,0	2,0	0,0	0,0	0,0	COMPLETA
2006	44194	Ráfales	2,0	0,0	2,0	1630,0	0,0	1630,0	0,0	2,0	0,0	0,0	0,0	COMPLETA
2006	44195	Rillo												SIN INFORMACIÓN
2006	44196	Riodeva												SIN INFORMACIÓN
2006	44197	Ródenas	1,0	0,0	1,0	466,0	0,0	466,0	0,0	0,0	0,0	0,0	0,0	COMPLETA
2006	44198	Royuela												SIN INFORMACIÓN
2006	44199	Rubiales												SIN INFORMACIÓN
2006	44200	Rubielos de la Cérida												SIN INFORMACIÓN
2006	44201	Rubielos de Mora	17,0	17,0	0,0	10636,0	10636,0	0,0	64,0	6,0	0,0	2,0	1,0	COMPLETA
2006	44203	Salcedillo												SIN INFORMACIÓN
2006	44204	Saldón												SIN INFORMACIÓN
2006	44205	Samper de Calanda	2,0	1,0	1,0	367,0	163,0	204,0	1,0	3,0	0,0	2,0	2,0	COMPLETA
2006	44206	San Agustín	2,0	2,0	0,0	762,0	762,0	0,0	2,0	0,0	0,0	2,0	2,0	COMPLETA
2006	44207	San Martín del Río												SIN INFORMACIÓN
2006	44208	Santa Cruz de Nogueras												SIN INFORMACIÓN
2006	44209	Santa Eulalia	8,0	7,0	1,0	1376,0	1260,0	116,0	7,0	0,0	0,0	0,0	0,0	COMPLETA
2006	44210	Sarrión	17,0	15,0	2,0	3704,0	3408,0	296,0	21,0	2,0	1,0	1,0	1,0	COMPLETA
2006	44211	Segura de los Baños												SIN INFORMACIÓN
2006	44212	Seno												SIN INFORMACIÓN
2006	44213	Singra												SIN INFORMACIÓN
2006	44215	Terriente												SIN INFORMACIÓN
2006	44216	Teruel	29,0	28,0	1,0	50643,0	49451,0	1192,0	227,0	8,0	11,0	3,0	6,0	COMPLETA
2006	44217	Toril y Masegoso												SIN INFORMACIÓN
2006	44218	Tormón												SIN INFORMACIÓN
2006	44219	Tornos												SIN INFORMACIÓN
2006	44220	Torralba de los Sisones												SIN INFORMACIÓN
2006	44221	Torrecilla de Alcañiz	1,0	1,0		322,0	322,0		1,0	2,0				INCOMPLETA
2006	44222	Torrecilla del Rebollar												SIN INFORMACIÓN
2006	44223	Torre de Arcas												SIN INFORMACIÓN
2006	44224	Torre de las Arcas												SIN INFORMACIÓN
2006	44225	Torre del Compte	5,0	4,0	1,0	1010,0	960,0	50,0	4,0	1,0	0,0	0,0	0,0	COMPLETA
2006	44226	Torrelacárcel												SIN INFORMACIÓN
2006	44227	Torre los Negros												SIN INFORMACIÓN
2006	44228	Torremocha de Jiloca												SIN INFORMACIÓN
2006	44229	Torres de Albarracín	1,0	1,0	0,0	315,0	315,0	0,0	1,0	0,0	0,0	0,0	0,0	COMPLETA
2006	44230	Torrevelilla	1,0	1,0	0,0	421,0	421,0	0,0	1,0	0,0	0,0	0,0	0,0	COMPLETA
2006	44231	Torrijas												SIN INFORMACIÓN
2006	44232	Torrijo del Campo	7,0	4,0	3,0	3517,0	2093,0	1424,0	14,0	0,0	0,0	0,0	0,0	COMPLETA
2006	44234	Tramacastiel												SIN INFORMACIÓN
2006	44235	Tramacastilla												SIN INFORMACIÓN
2006	44236	Tronchón	0,0	0,0	0,0	0,0	0,0	0,0	0,0	2,0	0,0	0,0	0,0	COMPLETA
2006	44237	Urrea de Gaén	3,0	3,0	0,0	777,0	777,0	0,0	3,0	1,0	0,0	0,0	0,0	COMPLETA
2006	44238	Utrillas	11,0	9,0	2,0	2958,0	2361,0	597,0	10,0	1,0	0,0	0,0	0,0	COMPLETA
2006	44239	Valacloche												SIN INFORMACIÓN
2006	44240	Valbona	5,0	3,0	2,0	874,0	523,0	351,0	3,0	1,0	0,0	0,0	0,0	COMPLETA
2006	44241	Valdealgorfa	16,0	15,0	1,0	3362,0	3276,0	86,0	15,0	3,0		1,0	1,0	INCOMPLETA
2006	44243	Valdecuenca	1,0	1,0	0,0	239,0	239,0	0,0	1,0	0,0	0,0	0,0	0,0	COMPLETA
2006	44244	Valdelinares												SIN INFORMACIÓN
2006	44245	Valdeltormo	1,0	0,0	1,0	623,0	0,0	623,0	0,0	1,0	0,0	0,0	0,0	COMPLETA
2006	44246	Valderrobres	14,0	9,0	5,0	13124,0	11697,0	1427,0	60,0	5,0	6,0		1,0	INCOMPLETA
2006	44247	Valjunquera	1,0	1,0		227,0	227,0		1,0	3,0				INCOMPLETA
2006	44249	Vallecillo (El)												SIN INFORMACIÓN
2006	44250	Veguillas de la Sierra												SIN INFORMACIÓN
2006	44251	Villafranca del Campo												SIN INFORMACIÓN
2006	44252	Villahermosa del Campo												SIN INFORMACIÓN
2006	44256	Villanueva del Rebollar de la Sierra												SIN INFORMACIÓN
2006	44257	Villar del Cobo	0,0	0,0	0,0	0,0	0,0	0,0	0,0	1,0	0,0	0,0	0,0	COMPLETA
2006	44258	Villar del Salz												SIN INFORMACIÓN
2006	44260	Villarluengo												SIN INFORMACIÓN
2006	44261	Villarquemado	2,0	2,0	0,0	487,0	487,0	0,0	2,0	1,0	1,0	0,0	0,0	COMPLETA
2006	44262	Villarroya de los Pinares	1,0	1,0		361,0	361,0		1,0					INCOMPLETA
2006	44263	Villastar	38,0	37,0	1,0	10042,0	9737,0	305,0	49,0	0,0	0,0	2,0	2,0	COMPLETA
2006	44264	Villel	2,0	1,0	1,0	303,0	216,0	87,0	2,0	0,0	0,0	0,0	0,0	COMPLETA
2006	44265	Vinaceite	1,0	1,0		221,0	221,0		1,0			1,0	1,0	INCOMPLETA
2006	44266	Visiedo												SIN INFORMACIÓN
2006	44267	Vivel del Río Martín												SIN INFORMACIÓN
2006	44268	Zoma (La)												SIN INFORMACIÓN
2006	50001	Abanto												SIN INFORMACIÓN
2006	50002	Acered												SIN INFORMACIÓN
2006	50003	Agón	10,0	10,0	0,0	1354,0	1354,0	0,0	10,0	1,0	0,0	0,0	0,0	COMPLETA
2006	50004	Aguarón	2,0	2,0	0,0	1559,0	1559,0	0,0	9,0	1,0	1,0	0,0	0,0	COMPLETA
2006	50005	Aguilón	1,0	1,0	0,0	305,0	305,0	0,0	1,0	0,0	0,0	0,0	0,0	COMPLETA
2006	50006	Ainzón	9,0	3,0	6,0	6236,0	2373,0	3863,0	12,0	2,0	0,0	0,0	0,0	COMPLETA
2006	50007	Aladrén												SIN INFORMACIÓN
2006	50008	Alagón	47,0	44,0	3,0	28811,0	26591,0	2220,0	185,0	2,0	6,0	10,0	13,0	COMPLETA
2006	50009	Alarba												SIN INFORMACIÓN
2006	50010	Alberite de San Juan												SIN INFORMACIÓN
2006	50011	Albeta	3,0	0,0	3,0	572,0	0,0	572,0	0,0	0,0	0,0	0,0	0,0	COMPLETA
2006	50012	Alborge	1,0		1,0	960,0		960,0						INCOMPLETA
2006	50013	Alcalá de Ebro	2,0	1,0	1,0	600,0	452,0	148,0	3,0	1,0	6,0	2,0	3,0	COMPLETA
2006	50014	Alcalá de Moncayo												SIN INFORMACIÓN
2006	50015	Alconchel de Ariza												SIN INFORMACIÓN
2006	50016	Aldehuela de Liestos												SIN INFORMACIÓN
2006	50017	Alfajarín	118,0	118,0	0,0	24772,0	24772,0	0,0	120,0	1,0	0,0	0,0	0,0	COMPLETA
2006	50018	Alfamén	17,0	16,0	1,0	2610,0	2511,0	99,0	17,0	0,0	0,0	0,0	0,0	COMPLETA
2006	50019	Alforque												SIN INFORMACIÓN
2006	50020	Alhama de Aragón												SIN INFORMACIÓN
2006	50021	Almochuel												SIN INFORMACIÓN
2006	50022	Almolda (La)	2,0	2,0	0,0	339,0	339,0	0,0	2,0	0,0	0,0	0,0	0,0	COMPLETA
2006	50023	Almonacid de la Cuba												SIN INFORMACIÓN
2006	50024	Almonacid de la Sierra	3,0	3,0	0,0	662,0	662,0	0,0	3,0	1,0	0,0	0,0	0,0	COMPLETA
2006	50025	Almunia de Doña Godina (La)	70,0	68,0	2,0	28303,0	27931,0	372,0	184,0	2,0	0,0	7,0	10,0	COMPLETA
2006	50026	Alpartir	2,0	2,0	0,0	696,0	696,0	0,0	2,0	0,0	0,0	1,0	1,0	COMPLETA
2006	50027	Ambel												SIN INFORMACIÓN
2006	50028	Anento												SIN INFORMACIÓN
2006	50029	Aniñón	7,0	4,0	3,0	1535,0	1252,0	283,0	4,0	3,0	0,0	0,0	0,0	COMPLETA
2006	50030	Añón de Moncayo												SIN INFORMACIÓN
2006	50031	Aranda de Moncayo	1,0	1,0	0,0	198,0	198,0	0,0	1,0	0,0	0,0	1,0	1,0	COMPLETA
2006	50032	Arándiga												SIN INFORMACIÓN
2006	50033	Ardisa	0,0	0,0	0,0	0,0	0,0	0,0	0,0	2,0	0,0	0,0	0,0	COMPLETA
2006	50034	Ariza	1,0	1,0	0,0	455,0	455,0	0,0	5,0	0,0	0,0	0,0	0,0	COMPLETA
2006	50035	Artieda												SIN INFORMACIÓN
2006	50036	Asín												SIN INFORMACIÓN
2006	50037	Atea												SIN INFORMACIÓN
2006	50038	Ateca	2,0	2,0	0,0	838,0	838,0	0,0	2,0	1,0	0,0	0,0	0,0	COMPLETA
2006	50039	Azuara	0,0	0,0	0,0	0,0	0,0	0,0	0,0	1,0	0,0	0,0	0,0	COMPLETA
2006	50040	Badules												SIN INFORMACIÓN
2006	50041	Bagüés	0,0	0,0	0,0	0,0	0,0	0,0	0,0	1,0	0,0	0,0	0,0	COMPLETA
2006	50042	Balconchán												SIN INFORMACIÓN
2006	50043	Bárboles	0,0	0,0	0,0	0,0	0,0	0,0	0,0	0,0	0,0	1,0	1,0	COMPLETA
2006	50044	Bardallur												SIN INFORMACIÓN
2006	50045	Belchite	1,0	0,0	1,0	900,0	0,0	900,0	0,0	0,0	0,0	0,0	0,0	COMPLETA
2006	50046	Belmonte de Gracián												SIN INFORMACIÓN
2006	50047	Berdejo												SIN INFORMACIÓN
2006	50048	Berrueco												SIN INFORMACIÓN
2006	50050	Bijuesca												SIN INFORMACIÓN
2006	50051	Biota	6,0	2,0	4,0	3653,0	821,0	2832,0	2,0	1,0	0,0	0,0	0,0	COMPLETA
2006	50052	Bisimbre	1,0	1,0	0,0	179,0	179,0	0,0	1,0	0,0	0,0	0,0	0,0	COMPLETA
2006	50053	Boquiñeni												SIN INFORMACIÓN
2006	50054	Bordalba												SIN INFORMACIÓN
2006	50055	Borja	36,0	35,0	1,0	33017,0	32507,0	510,0	291,0	4,0	3,0	3,0	4,0	INCOMPLETA
2006	50056	Botorrita	5,0	5,0	0,0	721,0	721,0	0,0	5,0	1,0	0,0	0,0	0,0	COMPLETA
2006	50057	Brea de Aragón	1,0	1,0	0,0	1059,0	1059,0	0,0	5,0	3,0	0,0	0,0	0,0	COMPLETA
2006	50058	Bubierca												SIN INFORMACIÓN
2006	50059	Bujaraloz	19,0	5,0	14,0	27509,0	1163,0	26346,0	5,0	2,0	0,0	7,0	0,0	COMPLETA
2006	50060	Bulbuente	3,0	3,0	0,0	1915,0	1915,0	0,0	16,0	0,0	0,0	0,0	0,0	COMPLETA
2006	50061	Bureta	1,0	0,0	1,0	40,0	0,0	40,0	0,0	0,0	0,0	0,0	0,0	COMPLETA
2006	50062	Burgo de Ebro (El)	12,0	11,0	1,0	7758,0	7698,0	60,0	48,0	3,0	1,0	5,0	2,0	COMPLETA
2006	50063	Buste (El)												SIN INFORMACIÓN
2006	50064	Cabañas de Ebro	2,0	2,0	0,0	875,0	875,0	0,0	6,0	2,0	0,0	2,0	1,0	COMPLETA
2006	50065	Cabolafuente												SIN INFORMACIÓN
2006	50066	Cadrete	85,0	82,0	3,0	87326,0	82930,0	4396,0	586,0	2,0	0,0	35,0	25,0	COMPLETA
2006	50067	Calatayud	29,0	20,0	9,0	21325,0	15539,0	5786,0	75,0	5,0	6,0	10,0	48,0	COMPLETA
2006	50068	Calatorao	16,0	13,0	3,0	12675,0	11406,0	1269,0	37,0	1,0	1,0	1,0	1,0	COMPLETA
2006	50069	Calcena												SIN INFORMACIÓN
2006	50070	Calmarza												SIN INFORMACIÓN
2006	50071	Campillo de Aragón												SIN INFORMACIÓN
2006	50072	Carenas												SIN INFORMACIÓN
2006	50073	Cariñena	39,0	38,0	1,0	18241,0	14689,0	3552,0	92,0	5,0	5,0	1,0	1,0	COMPLETA
2006	50074	Caspe	31,0	24,0	7,0	20475,0	16420,0	4055,0	101,0	3,0	0,0	8,0	1,0	COMPLETA
2006	50075	Castejón de Alarba												SIN INFORMACIÓN
2006	50076	Castejón de las Armas												SIN INFORMACIÓN
2006	50077	Castejón de Valdejasa	2,0	2,0	0,0	710,0	710,0	0,0	3,0	0,0	0,0	0,0	0,0	COMPLETA
2006	50078	Castiliscar												SIN INFORMACIÓN
2006	50079	Cervera de la Cañada	1,0	0,0	1,0	65,0	0,0	65,0	0,0	0,0	0,0	2,0	0,0	COMPLETA
2006	50080	Cerveruela												SIN INFORMACIÓN
2006	50081	Cetina	2,0	2,0	0,0	320,0	320,0	0,0	2,0	0,0	0,0	0,0	0,0	COMPLETA
2006	50082	Cimballa												SIN INFORMACIÓN
2006	50083	Cinco Olivas												SIN INFORMACIÓN
2006	50084	Clarés de Ribota												SIN INFORMACIÓN
2006	50085	Codo	1,0	1,0	0,0	410,0	410,0	0,0	1,0	0,0	0,0	0,0	0,0	COMPLETA
2006	50086	Codos												SIN INFORMACIÓN
2006	50087	Contamina												SIN INFORMACIÓN
2006	50088	Cosuenda	10,0	9,0	1,0	1738,0	1616,0	122,0	9,0	0,0	0,0	0,0	0,0	COMPLETA
2006	50089	Cuarte de Huerva	257,0	178,0	79,0	155995,0	118058,0	37937,0	739,0	10,0	0,0	45,0	12,0	COMPLETA
2006	50090	Cubel												SIN INFORMACIÓN
2006	50091	Cuerlas (Las)												SIN INFORMACIÓN
2006	50092	Chiprana	0,0	0,0	0,0	0,0	0,0	0,0	0,0	3,0	1,0	0,0	0,0	COMPLETA
2006	50093	Chodes												SIN INFORMACIÓN
2006	50094	Daroca												SIN INFORMACIÓN
2006	50095	Ejea de los Caballeros	37,0	29,0	8,0	28276,0	17914,0	10362,0	113,0	15,0	0,0	16,0	11,0	COMPLETA
2006	50096	Embid de Ariza												SIN INFORMACIÓN
2006	50098	Encinacorba	22,0	22,0	0,0	3018,0	3018,0	0,0	22,0	2,0	0,0	0,0	0,0	COMPLETA
2006	50099	Épila	24,0	10,0	14,0	20074,0	4554,0	15520,0	28,0	1,0	0,0	8,0	6,0	COMPLETA
2006	50100	Erla	4,0	0,0	4,0	2021,0	0,0	2021,0	0,0	0,0	0,0	0,0	0,0	COMPLETA
2006	50101	Escatrón	12,0	5,0	7,0	2363,0	2094,0	269,0	12,0	8,0	0,0	1,0	1,0	COMPLETA
2006	50102	Fabara	5,0	2,0	3,0	843,0	378,0	465,0	2,0	0,0	0,0	1,0	0,0	COMPLETA
2006	50104	Farlete	4,0	1,0	3,0	4661,0	343,0	4318,0	1,0	0,0	0,0	0,0	0,0	COMPLETA
2006	50105	Fayón												SIN INFORMACIÓN
2006	50106	Fayos (Los)	1,0	1,0		137,0	137,0		1,0			1,0	1,0	INCOMPLETA
2006	50107	Figueruelas	15,0	15,0	0,0	4312,0	4312,0	0,0	20,0	1,0	0,0	1,0	1,0	COMPLETA
2006	50108	Fombuena												SIN INFORMACIÓN
2006	50109	Frago (El)												SIN INFORMACIÓN
2006	50110	Frasno (El)												SIN INFORMACIÓN
2006	50111	Fréscano												SIN INFORMACIÓN
2006	50113	Fuendejalón												SIN INFORMACIÓN
2006	50114	Fuendetodos												SIN INFORMACIÓN
2006	50115	Fuentes de Ebro	57,0	57,0	0,0	29391,0	29391,0	0,0	181,0	1,0	1,0	11,0	6,0	COMPLETA
2006	50116	Fuentes de Jiloca												SIN INFORMACIÓN
2006	50117	Gallocanta	1,0	1,0		133,0	133,0		1,0					INCOMPLETA
2006	50118	Gallur	30,0	29,0	1,0	16393,0	10147,0	6246,0	66,0	1,0	0,0	2,0	0,0	COMPLETA
2006	50119	Gelsa	3,0	3,0	0,0	789,0	789,0	0,0	3,0	0,0	0,0	0,0	0,0	COMPLETA
2006	50120	Godojos												SIN INFORMACIÓN
2006	50121	Gotor												SIN INFORMACIÓN
2006	50122	Grisel												SIN INFORMACIÓN
2006	50123	Grisén	49,0	49,0	0,0	8242,0	8242,0	0,0	54,0	0,0	0,0	3,0	4,0	COMPLETA
2006	50124	Herrera de los Navarros	17,0	16,0	1,0	4984,0	2354,0	2630,0	22,0	0,0	0,0	0,0	0,0	COMPLETA
2006	50125	Ibdes	1,0	1,0	0,0	351,0	351,0	0,0	1,0	0,0	0,0	0,0	0,0	COMPLETA
2006	50126	Illueca	1,0	0,0	1,0	1334,0	0,0	1334,0	0,0	0,0	0,0	0,0	0,0	COMPLETA
2006	50128	Isuerre												SIN INFORMACIÓN
2006	50129	Jaraba	5,0	5,0	0,0	1091,0	1091,0	0,0	5,0	1,0	1,0	0,0	0,0	COMPLETA
2006	50130	Jarque												SIN INFORMACIÓN
2006	50131	Jaulín	0,0	0,0	0,0	0,0	0,0	0,0	0,0	1,0	0,0	0,0	0,0	COMPLETA
2006	50132	Joyosa (La)	2,0	2,0	0,0	788,0	788,0	0,0	4,0	0,0	0,0	1,0	0,0	COMPLETA
2006	50133	Lagata												SIN INFORMACIÓN
2006	50134	Langa del Castillo								1,0				INCOMPLETA
2006	50135	Layana												SIN INFORMACIÓN
2006	50136	Lécera	1,0	1,0	0,0	345,0	345,0	0,0	0,0	0,0	0,0	0,0	0,0	COMPLETA
2006	50137	Leciñena	17,0	15,0	2,0	4110,0	3300,0	810,0	16,0	0,0	0,0	0,0	0,0	COMPLETA
2006	50138	Lechón												SIN INFORMACIÓN
2006	50139	Letux	1,0	0,0	1,0	250,0	0,0	250,0	0,0	0,0	0,0	0,0	0,0	COMPLETA
2006	50140	Litago												SIN INFORMACIÓN
2006	50141	Lituénigo												SIN INFORMACIÓN
2006	50142	Lobera de Onsella	1,0	1,0	0,0	131,0	131,0	0,0	1,0	0,0	0,0	1,0	0,0	COMPLETA
2006	50143	Longares	3,0	2,0	1,0	694,0	427,0	267,0	2,0	0,0	0,0	1,0	0,0	COMPLETA
2006	50144	Longás												SIN INFORMACIÓN
2006	50146	Lucena de Jalón	12,0	12,0	0,0	4206,0	4206,0	0,0	29,0	0,0	0,0	0,0	0,0	COMPLETA
2006	50147	Luceni	50,0	45,0	5,0	10970,0	6964,0	4006,0	45,0	0,0	0,0	0,0	0,0	COMPLETA
2006	50148	Luesia								1,0				INCOMPLETA
2006	50149	Luesma												SIN INFORMACIÓN
2006	50150	Lumpiaque	62,0	54,0	8,0	13402,0	8712,0	4690,0	55,0	3,0	0,0	5,0	3,0	COMPLETA
2006	50151	Luna	3,0	1,0	2,0	1929,0	234,0	1695,0	1,0	0,0	0,0	0,0	0,0	COMPLETA
2006	50152	Maella	7,0	5,0	2,0	3307,0	1539,0	1768,0	8,0	1,0	0,0	0,0	0,0	COMPLETA
2006	50153	Magallón	17,0	6,0	11,0	10892,0	5185,0	5707,0	33,0	0,0	0,0	3,0	2,0	COMPLETA
2006	50154	Mainar												SIN INFORMACIÓN
2006	50155	Malanquilla												SIN INFORMACIÓN
2006	50156	Maleján	2,0	2,0	0,0	597,0	597,0	0,0	2,0	0,0	0,0	0,0	0,0	COMPLETA
2006	50157	Malón	2,0	2,0	0,0	532,0	532,0	0,0	2,0	0,0	0,0	1,0	1,0	COMPLETA
2006	50159	Maluenda												SIN INFORMACIÓN
2006	50160	Mallén	21,0	19,0	2,0	17032,0	6173,0	10859,0	31,0	1,0	2,0	2,0	3,0	COMPLETA
2006	50161	Manchones	2,0	0,0	2,0	860,0	0,0	860,0	0,0	0,0	0,0	0,0	0,0	COMPLETA
2006	50162	Mara												SIN INFORMACIÓN
2006	50163	María de Huerva	134,0	134,0	0,0	35601,0	35601,0	0,0	170,0	0,0	0,0	14,0	10,0	COMPLETA
2006	50164	Mediana de Aragón	1,0	0,0	1,0	506,0	0,0	506,0	0,0	0,0	0,0	2,0	1,0	COMPLETA
2006	50165	Mequinenza	15,0	13,0	2,0	15924,0	14357,0	1567,0	37,0	6,0	1,0	0,0	0,0	COMPLETA
2006	50166	Mesones de Isuela												SIN INFORMACIÓN
2006	50167	Mezalocha												SIN INFORMACIÓN
2006	50168	Mianos	4,0	4,0	0,0	571,0	571,0	0,0	4,0	1,0	0,0	0,0	0,0	COMPLETA
2006	50169	Miedes de Aragón	1,0	0,0	1,0	705,0	0,0	705,0	0,0	1,0	0,0	0,0	0,0	COMPLETA
2006	50170	Monegrillo	2,0	1,0	1,0	1608,0	88,0	1520,0	1,0	0,0	0,0	1,0	0,0	COMPLETA
2006	50171	Moneva												SIN INFORMACIÓN
2006	50172	Monreal de Ariza												SIN INFORMACIÓN
2006	50173	Monterde												SIN INFORMACIÓN
2006	50174	Montón												SIN INFORMACIÓN
2006	50175	Morata de Jalón	3,0	2,0	1,0	779,0	702,0	77,0	3,0	0,0	0,0	2,0	1,0	COMPLETA
2006	50176	Morata de Jiloca												SIN INFORMACIÓN
2006	50177	Morés	0,0	0,0	0,0	0,0	0,0	0,0	0,0	1,0	0,0	0,0	0,0	COMPLETA
2006	50178	Moros												SIN INFORMACIÓN
2006	50179	Moyuela												SIN INFORMACIÓN
2006	50180	Mozota	1,0	1,0	0,0	221,0	221,0	0,0	1,0	0,0	0,0	0,0	0,0	COMPLETA
2006	50181	Muel	5,0	5,0	0,0	4230,0	4230,0	0,0	33,0	1,0	0,0	1,0	2,0	COMPLETA
2006	50182	Muela (La)	293,0	32,0	261,0	262706,0	68156,0	194550,0	498,0	2,0	0,0	1,0	1,0	COMPLETA
2006	50183	Munébrega												SIN INFORMACIÓN
2006	50184	Murero												SIN INFORMACIÓN
2006	50185	Murillo de Gállego												SIN INFORMACIÓN
2006	50186	Navardún												SIN INFORMACIÓN
2006	50187	Nigüella												SIN INFORMACIÓN
2006	50188	Nombrevilla												SIN INFORMACIÓN
2006	50189	Nonaspe	5,0	2,0	3,0	2789,0	535,0	2254,0	2,0	3,0	0,0	0,0	0,0	COMPLETA
2006	50190	Novallas	16,0	16,0	0,0	2050,0	2050,0	0,0	16,0	1,0	0,0	1,0	1,0	COMPLETA
2006	50191	Novillas	10,0	10,0	0,0	1409,0	1409,0	0,0	10,0	1,0	0,0	1,0	1,0	COMPLETA
2006	50192	Nuévalos	1,0	1,0	0,0	219,0	219,0	0,0	1,0	0,0	0,0	0,0	0,0	COMPLETA
2006	50193	Nuez de Ebro	38,0	37,0	1,0	8902,0	7144,0	1758,0	37,0	2,0	0,0	3,0	2,0	COMPLETA
2006	50194	Olvés												SIN INFORMACIÓN
2006	50195	Orcajo												SIN INFORMACIÓN
2006	50196	Orera												SIN INFORMACIÓN
2006	50197	Orés												SIN INFORMACIÓN
2006	50198	Oseja												SIN INFORMACIÓN
2006	50199	Osera de Ebro	2,0	2,0	0,0	340,0	340,0	0,0	2,0	0,0	0,0	0,0	0,0	COMPLETA
2006	50200	Paniza	1,0	1,0	0,0	286,0	286,0	0,0	1,0	0,0	0,0	0,0	0,0	COMPLETA
2006	50201	Paracuellos de Jiloca	10,0	10,0	0,0	4646,0	4646,0	0,0	27,0	0,0	0,0	0,0	0,0	COMPLETA
2006	50202	Paracuellos de la Ribera												SIN INFORMACIÓN
2006	50203	Pastriz	33,0	33,0	0,0	8546,0	8546,0	0,0	33,0	0,0	0,0	1,0	1,0	COMPLETA
2006	50204	Pedrola	21,0	21,0	0,0	11486,0	11486,0	0,0	84,0	1,0	2,0	1,0	2,0	COMPLETA
2006	50205	Pedrosas (Las)	2,0	2,0	0,0	1381,0	1381,0	0,0	12,0	0,0	0,0	0,0	0,0	COMPLETA
2006	50206	Perdiguera	7,0	7,0	0,0	1287,0	1287,0	0,0	7,0	2,0	0,0	1,0	1,0	COMPLETA
2006	50207	Piedratajada												SIN INFORMACIÓN
2006	50208	Pina de Ebro	5,0	3,0	2,0	11330,0	822,0	10508,0	3,0	2,0	0,0	7,0	5,0	COMPLETA
2006	50209	Pinseque	150,0	134,0	16,0	44710,0	38829,0	5881,0	236,0	8,0	1,0	1,0	1,0	COMPLETA
2006	50210	Pintanos (Los)												SIN INFORMACIÓN
2006	50211	Plasencia de Jalón	5,0	4,0	1,0	1392,0	792,0	600,0	4,0	0,0	0,0	0,0	0,0	COMPLETA
2006	50212	Pleitas	1,0	1,0	0,0	481,0	481,0	0,0	1,0	0,0	0,0	0,0	0,0	COMPLETA
2006	50213	Plenas												SIN INFORMACIÓN
2006	50214	Pomer												SIN INFORMACIÓN
2006	50215	Pozuel de Ariza												SIN INFORMACIÓN
2006	50216	Pozuelo de Aragón	9,0	1,0	8,0	2941,0	296,0	2645,0	1,0	2,0				INCOMPLETA
2006	50217	Pradilla de Ebro	2,0	2,0	0,0	377,0	377,0	0,0	2,0	1,0	0,0	0,0	0,0	COMPLETA
2006	50218	Puebla de Albortón												SIN INFORMACIÓN
2006	50219	Puebla de Alfindén (La)	52,0	50,0	2,0	32334,0	30408,0	1926,0	235,0	1,0	0,0	10,0	7,0	COMPLETA
2006	50220	Puendeluna	7,0	7,0	0,0	958,0	958,0	0,0	7,0	0,0	0,0	0,0	0,0	COMPLETA
2006	50221	Purujosa												SIN INFORMACIÓN
2006	50222	Quinto	21,0	19,0	2,0	5432,0	3889,0	1543,0	19,0	2,0	0,0	3,0	2,0	COMPLETA
2006	50223	Remolinos	36,0	33,0	3,0	8735,0	6097,0	2638,0	33,0	2,0	0,0	2,0	2,0	COMPLETA
2006	50224	Retascón												SIN INFORMACIÓN
2006	50225	Ricla	62,0	57,0	5,0	28395,0	26320,0	2075,0	176,0	2,0	3,0	6,0	8,0	COMPLETA
2006	50227	Romanos												SIN INFORMACIÓN
2006	50228	Rueda de Jalón	3,0	3,0	0,0	951,0	951,0	0,0	3,0	0,0	0,0	2,0	1,0	COMPLETA
2006	50229	Ruesca												SIN INFORMACIÓN
2006	50230	Sádaba	2,0	2,0	0,0	370,0	370,0	0,0	2,0	2,0	0,0	1,0	1,0	COMPLETA
2006	50231	Salillas de Jalón	8,0	8,0	0,0	1300,0	1300,0	0,0	8,0	0,0	0,0	0,0	0,0	COMPLETA
2006	50232	Salvatierra de Esca	0,0	0,0	0,0	0,0	0,0	0,0	0,0	1,0	1,0	0,0	0,0	COMPLETA
2006	50233	Samper del Salz												SIN INFORMACIÓN
2006	50234	San Martín de la Virgen de Moncayo	1,0	1,0	0,0	57,0	57,0	0,0	1,0	2,0	1,0	0,0	0,0	COMPLETA
2006	50235	San Mateo de Gállego	113,0	109,0	4,0	28086,0	27898,0	188,0	175,0	3,0	2,0	4,0	1,0	COMPLETA
2006	50236	Santa Cruz de Grío												SIN INFORMACIÓN
2006	50237	Santa Cruz de Moncayo												SIN INFORMACIÓN
2006	50238	Santa Eulalia de Gállego												SIN INFORMACIÓN
2006	50239	Santed												SIN INFORMACIÓN
2006	50240	Sástago	6,0	4,0	2,0	2978,0	1227,0	1751,0	4,0	2,0	2,0	7,0	8,0	COMPLETA
2006	50241	Saviñán	3,0	3,0	0,0	402,0	402,0	0,0	3,0	0,0	0,0	0,0	0,0	COMPLETA
2006	50242	Sediles												SIN INFORMACIÓN
2006	50243	Sestrica												SIN INFORMACIÓN
2006	50244	Sierra de Luna	4,0	4,0	0,0	665,0	665,0	0,0	4,0	1,0	0,0	0,0	0,0	COMPLETA
2006	50245	Sigüés	0,0	0,0	0,0	0,0	0,0	0,0	0,0	1,0	0,0	0,0	0,0	COMPLETA
2006	50246	Sisamón												SIN INFORMACIÓN
2006	50247	Sobradiel	39,0	38,0	1,0	7345,0	6949,0	396,0	38,0	0,0	0,0	4,0	1,0	COMPLETA
2006	50248	Sos del Rey Católico	4,0	4,0	0,0	1569,0	1569,0	0,0	8,0	0,0	0,0	1,0	1,0	COMPLETA
2006	50249	Tabuenca												SIN INFORMACIÓN
2006	50250	Talamantes												SIN INFORMACIÓN
2006	50251	Tarazona	11,0	10,0	1,0	15328,0	10022,0	5306,0	68,0	9,0	2,0	3,0	0,0	COMPLETA
2006	50252	Tauste	21,0	21,0	0,0	13607,0	13607,0	0,0	71,0	1,0	0,0	11,0	7,0	COMPLETA
2006	50253	Terrer												SIN INFORMACIÓN
2006	50254	Tierga												SIN INFORMACIÓN
2006	50255	Tobed												SIN INFORMACIÓN
2006	50256	Torralba de los Frailes												SIN INFORMACIÓN
2006	50257	Torralba de Ribota	1,0	1,0	0,0	908,0	908,0	0,0	4,0	1,0	0,0	0,0	0,0	COMPLETA
2006	50258	Torralbilla												SIN INFORMACIÓN
2006	50259	Torrehermosa												SIN INFORMACIÓN
2006	50260	Torrelapaja												SIN INFORMACIÓN
2006	50261	Torrellas	1,0	1,0	0,0	88,0	88,0	0,0	1,0	1,0	0,0	1,0	0,0	COMPLETA
2006	50262	Torres de Berrellén	6,0	5,0	1,0	5034,0	1818,0	3216,0	12,0	0,0	0,0	3,0	2,0	COMPLETA
2006	50263	Torrijo de la Cañada	2,0	2,0	0,0	667,0	667,0	0,0	2,0	0,0	0,0	0,0	0,0	COMPLETA
2006	50264	Tosos	2,0	2,0	0,0	619,0	619,0	0,0	2,0	0,0	0,0	0,0	0,0	COMPLETA
2006	50265	Trasmoz	1,0	1,0	0,0	167,0	167,0	0,0	1,0	0,0	0,0	0,0	0,0	COMPLETA
2006	50266	Trasobares												SIN INFORMACIÓN
2006	50267	Uncastillo	1,0	1,0	0,0	215,0	215,0	0,0	1,0	5,0	1,0	0,0	0,0	COMPLETA
2006	50268	Undués de Lerda												SIN INFORMACIÓN
2006	50269	Urrea de Jalón	2,0	2,0	0,0	628,0	628,0	0,0	2,0	0,0	0,0	0,0	0,0	COMPLETA
2006	50270	Urriés												SIN INFORMACIÓN
2006	50271	Used												SIN INFORMACIÓN
2006	50272	Utebo	84,0	84,0	0,0	55493,0	55493,0	0,0	355,0	4,0	0,0	38,0	18,0	COMPLETA
2006	50273	Valdehorna												SIN INFORMACIÓN
2006	50274	Val de San Martín												SIN INFORMACIÓN
2006	50275	Valmadrid												SIN INFORMACIÓN
2006	50276	Valpalmas												SIN INFORMACIÓN
2006	50277	Valtorres												SIN INFORMACIÓN
2006	50278	Velilla de Ebro	1,0	1,0	0,0	356,0	356,0	0,0	1,0	0,0	0,0	1,0	1,0	COMPLETA
2006	50279	Velilla de Jiloca												SIN INFORMACIÓN
2006	50280	Vera de Moncayo	8,0	2,0	6,0	2594,0	1007,0	1587,0	10,0	4,0	0,0	1,0	1,0	COMPLETA
2006	50281	Vierlas												SIN INFORMACIÓN
2006	50282	Vilueña (La)												SIN INFORMACIÓN
2006	50283	Villadoz												SIN INFORMACIÓN
2006	50284	Villafeliche												SIN INFORMACIÓN
2006	50285	Villafranca de Ebro	68,0	67,0	1,0	13538,0	13178,0	360,0	92,0	0,0	0,0	0,0	0,0	COMPLETA
2006	50286	Villalba de Perejil												SIN INFORMACIÓN
2006	50287	Villalengua	3,0	0,0	3,0	1599,0	0,0	1599,0	0,0	1,0	1,0	2,0	1,0	COMPLETA
2006	50288	Villanueva de Gállego	9,0	7,0	2,0	7955,0	6297,0	1658,0	48,0	2,0	4,0	10,0	10,0	COMPLETA
2006	50289	Villanueva de Jiloca												SIN INFORMACIÓN
2006	50290	Villanueva de Huerva	1,0	1,0	0,0	232,0	232,0	0,0	1,0	2,0	0,0	0,0	0,0	COMPLETA
2006	50291	Villar de los Navarros												SIN INFORMACIÓN
2006	50292	Villarreal de Huerva												SIN INFORMACIÓN
2006	50293	Villarroya de la Sierra	0,0	0,0	0,0	0,0	0,0	0,0	0,0	2,0	0,0	0,0	0,0	COMPLETA
2006	50294	Villarroya del Campo												SIN INFORMACIÓN
2006	50295	Vistabella												SIN INFORMACIÓN
2006	50296	Zaida (La)	1,0	1,0	0,0	179,0	179,0	0,0	1,0	0,0	0,0	0,0	0,0	COMPLETA
2006	50297	Zaragoza	1359,0	899,0	460,0	2165543,0	1468197,0	697346,0	8642,0	463,0	186,0	414,0	500,0	COMPLETA
2006	50298	Zuera	133,0	129,0	4,0	87613,0	72114,0	15499,0	368,0	6,0	1,0	29,0	5,0	COMPLETA
2006	50901	Biel	12,0	12,0	0,0	1542,0	1542,0	0,0	12,0	2,0	1,0	0,0	0,0	COMPLETA
2006	50902	Marracos												SIN INFORMACIÓN
2005	22001	Abiego	1,0	1,0	0,0	243,0	243,0	0,0	1,0	1,0	0,0	0,0	0,0	COMPLETA
2005	22002	Abizanda	2,0	1,0	1,0	1060,0	288,0	772,0	1,0	0,0	0,0	0,0	0,0	COMPLETA
2005	22003	Adahuesca												SIN INFORMACIÓN
2005	22004	Agüero								2,0	1,0			INCOMPLETA
2005	22006	Aísa	2,0	2,0	0,0	290,0	290,0	0,0	2,0	2,0	2,0	0,0	0,0	COMPLETA
2005	22007	Albalate de Cinca	9,0	3,0	6,0	5758,0	1135,0	4623,0	3,0	3,0	7,0	1,0	1,0	COMPLETA
2005	22008	Albalatillo												SIN INFORMACIÓN
2005	22009	Albelda	5,0	1,0	4,0	3195,0	392,0	2803,0	1,0	5,0	1,0	3,0	1,0	INCOMPLETA
2005	22011	Albero Alto	2,0		2,0	2612,0		2612,0						INCOMPLETA
2005	22012	Albero Bajo												SIN INFORMACIÓN
2005	22013	Alberuela de Tubo	1,0	1,0	0,0	89,0	89,0	0,0	1,0	0,0	0,0	0,0	0,0	COMPLETA
2005	22014	Alcalá de Gurrea												SIN INFORMACIÓN
2005	22015	Alcalá del Obispo												SIN INFORMACIÓN
2005	22016	Alcampell	2,0	1,0	1,0	370,0	219,0	151,0	1,0	0,0	0,0	0,0	0,0	COMPLETA
2005	22017	Alcolea de Cinca	5,0	1,0	4,0	6135,0	399,0	5736,0	1,0	0,0	0,0	0,0	0,0	COMPLETA
2005	22018	Alcubierre	3,0	2,0	1,0	1375,0	491,0	884,0	2,0	0,0	0,0	0,0	0,0	COMPLETA
2005	22019	Alerre	3,0	3,0	0,0	813,0	813,0	0,0	3,0	2,0	2,0	0,0	0,0	COMPLETA
2005	22020	Alfántega												SIN INFORMACIÓN
2005	22021	Almudévar	23,0	14,0	9,0	9314,0	5225,0	4089,0	34,0	4,0	0,0	3,0	1,0	COMPLETA
2005	22022	Almunia de San Juan												SIN INFORMACIÓN
2005	22023	Almuniente	7,0	0,0	7,0	3956,0	0,0	3956,0	0,0	0,0	0,0	0,0	0,0	COMPLETA
2005	22024	Alquézar	1,0	1,0	0,0	679,0	679,0	0,0	3,0	3,0	0,0	0,0	0,0	COMPLETA
2005	22025	Altorricón	19,0	17,0	2,0	2827,0	2434,0	393,0	17,0	0,0	0,0	0,0	0,0	COMPLETA
2005	22027	Angüés	2,0	0,0	2,0	894,0	0,0	894,0	0,0	0,0	0,0	2,0	2,0	COMPLETA
2005	22028	Ansó								2,0				INCOMPLETA
2005	22029	Antillón												SIN INFORMACIÓN
2005	22032	Aragüés del Puerto												SIN INFORMACIÓN
2005	22035	Arén												SIN INFORMACIÓN
2005	22036	Argavieso												SIN INFORMACIÓN
2005	22037	Arguis	2,0	2,0	0,0	449,0	449,0	0,0	2,0	2,0	0,0	0,0	0,0	COMPLETA
2005	22039	Ayerbe	10,0	9,0	1,0	4080,0	3203,0	877,0	27,0	7,0	4,0	3,0	2,0	COMPLETA
2005	22040	Azanuy-Alins	0,0	0,0	0,0	0,0	0,0	0,0	0,0	1,0	0,0	0,0	0,0	COMPLETA
2005	22041	Azara												SIN INFORMACIÓN
2005	22042	Azlor												SIN INFORMACIÓN
2005	22043	Baells	1,0	1,0		679,0	679,0		2,0					INCOMPLETA
2005	22044	Bailo	2,0	2,0		313,0	313,0		2,0	2,0		1,0	1,0	INCOMPLETA
2005	22045	Baldellou												SIN INFORMACIÓN
2005	22046	Ballobar	1,0	1,0		268,0	268,0		1,0			1,0	1,0	INCOMPLETA
2005	22047	Banastás	2,0	2,0	0,0	332,0	332,0	0,0	2,0	0,0	0,0	0,0	0,0	COMPLETA
2005	22048	Barbastro	58,0	47,0	11,0	66667,0	34068,0	32599,0	190,0	7,0	1,0	0,0	0,0	COMPLETA
2005	22049	Barbués												SIN INFORMACIÓN
2005	22050	Barbuñales												SIN INFORMACIÓN
2005	22051	Bárcabo	1,0	0,0	1,0	141,0	0,0	141,0	0,0	0,0	0,0	0,0	0,0	COMPLETA
2005	22052	Belver de Cinca	4,0	4,0	0,0	1384,0	1384,0	0,0	4,0	1,0	0,0	0,0	0,0	COMPLETA
2005	22053	Benabarre	7,0	6,0	1,0	2837,0	1967,0	870,0	12,0	2,0	0,0	0,0	0,0	COMPLETA
2005	22054	Benasque	11,0	10,0	1,0	4723,0	4016,0	707,0	24,0	4,0	5,0	2,0	1,0	COMPLETA
2005	22055	Berbegal	4,0	1,0	3,0	3405,0	112,0	3293,0	1,0	3,0	1,0	0,0	0,0	COMPLETA
2005	22057	Bielsa	17,0	16,0	1,0	12117,0	11917,0	200,0	122,0	5,0	2,0			INCOMPLETA
2005	22058	Bierge	4,0	1,0	3,0	1593,0	423,0	1170,0	0,0	4,0	0,0	0,0	0,0	COMPLETA
2005	22059	Biescas	27,0	26,0	1,0	11401,0	11377,0	24,0	98,0	7,0	17,0	0,0	9,0	COMPLETA
2005	22060	Binaced	14,0	9,0	5,0	3873,0	2424,0	1449,0	9,0	1,0	1,0	3,0	1,0	COMPLETA
2005	22061	Binéfar	41,0	33,0	8,0	42823,0	26379,0	16444,0	201,0	12,0	6,0	13,0	3,0	COMPLETA
2005	22062	Bisaurri	0,0	0,0	0,0	0,0	0,0	0,0	0,0	1,0	1,0	1,0	0,0	COMPLETA
2005	22063	Biscarrués	5,0	1,0	4,0	3683,0	123,0	3560,0	1,0	1,0	1,0			INCOMPLETA
2005	22064	Blecua y Torres	7,0	0,0	7,0	6269,0	0,0	6269,0	0,0	2,0	0,0	0,0	0,0	COMPLETA
2005	22066	Boltaña	24,0	23,0	1,0	6658,0	5789,0	869,0	56,0	9,0	6,0		1,0	INCOMPLETA
2005	22067	Bonansa	1,0	1,0	0,0	168,0	168,0	0,0	1,0	0,0	0,0	0,0	0,0	COMPLETA
2005	22068	Borau	2,0	2,0	0,0	378,0	378,0	0,0	2,0	1,0	1,0	0,0	0,0	COMPLETA
2005	22069	Broto	7,0	6,0	1,0	1711,0	1588,0	123,0	10,0	5,0	11,0	1,0	2,0	COMPLETA
2005	22072	Caldearenas	2,0	0,0	2,0	85,0	0,0	85,0	0,0	3,0	0,0	0,0	0,0	COMPLETA
2005	22074	Campo												SIN INFORMACIÓN
2005	22075	Camporrells	1,0	1,0		216,0	216,0		1,0					INCOMPLETA
2005	22076	Canal de Berdún												SIN INFORMACIÓN
2005	22077	Candasnos	3,0	2,0	1,0	370,0	266,0	104,0	2,0	2,0	0,0	2,0	2,0	COMPLETA
2005	22078	Canfranc	0,0	0,0	0,0	0,0	0,0	0,0	0,0	1,0	0,0	0,0	0,0	COMPLETA
2005	22079	Capdesaso												SIN INFORMACIÓN
2005	22080	Capella	4,0	3,0	1,0	1063,0	863,0	200,0	3,0	1,0	2,0	0,0	1,0	COMPLETA
2005	22081	Casbas de Huesca	3,0	0,0	3,0	1230,0	0,0	1230,0	0,0	0,0	0,0	0,0	0,0	COMPLETA
2005	22082	Castejón del Puente	0,0	0,0	0,0	0,0	0,0	0,0	0,0	1,0	0,0	0,0	0,0	COMPLETA
2005	22083	Castejón de Monegros	3,0	1,0	2,0	614,0	146,0	468,0	1,0	0,0	0,0	2,0	1,0	COMPLETA
2005	22084	Castejón de Sos	7,0	7,0	0,0	6755,0	6755,0	0,0	48,0	8,0	5,0	1,0	2,0	COMPLETA
2005	22085	Castelflorite	3,0	0,0	3,0	3531,0	0,0	3531,0	0,0	0,0	0,0	0,0	0,0	COMPLETA
2005	22086	Castiello de Jaca	25,0	25,0	0,0	7169,0	7169,0	0,0	65,0	2,0	4,0	4,0	3,0	COMPLETA
2005	22087	Castigaleu												SIN INFORMACIÓN
2005	22088	Castillazuelo	1,0	0,0	1,0	2148,0	0,0	2148,0	0,0	0,0	0,0	0,0	0,0	COMPLETA
2005	22089	Castillonroy	7,0	6,0	1,0	3945,0	623,0	3322,0	6,0	0,0	0,0	0,0	0,0	COMPLETA
2005	22090	Colungo	2,0	2,0	0,0	552,0	552,0	0,0	2,0	0,0	0,0	2,0	0,0	COMPLETA
2005	22094	Chalamera												SIN INFORMACIÓN
2005	22095	Chía								4,0	1,0			INCOMPLETA
2005	22096	Chimillas	2,0	2,0	0,0	574,0	574,0	0,0	2,0	0,0	0,0	0,0	0,0	COMPLETA
2005	22099	Esplús	1,0	1,0	0,0	214,0	214,0	0,0	1,0	0,0	0,0	0,0	0,0	COMPLETA
2005	22102	Estada												SIN INFORMACIÓN
2005	22103	Estadilla	1,0	1,0	0,0	228,0	228,0	0,0	1,0	0,0	0,0	0,0	0,0	COMPLETA
2005	22105	Estopiñán del Castillo	2,0	0,0	2,0	1012,0	0,0	1012,0	0,0	4,0	0,0	0,0	0,0	COMPLETA
2005	22106	Fago								1,0	1,0			INCOMPLETA
2005	22107	Fanlo	1,0	1,0	0,0	238,0	238,0	0,0	1,0	0,0	0,0	0,0	0,0	COMPLETA
2005	22109	Fiscal	2,0	2,0		2314,0	2314,0		19,0	5,0	7,0		1,0	INCOMPLETA
2005	22110	Fonz	4,0	2,0	2,0	1979,0	518,0	1461,0	2,0	1,0	1,0	1,0	1,0	COMPLETA
2005	22111	Foradada del Toscar	1,0	1,0		1343,0	1343,0		12,0					INCOMPLETA
2005	22112	Fraga	30,0	29,0	1,0	24970,0	24961,0	9,0	174,0	5,0	1,0	3,0	1,0	COMPLETA
2005	22113	Fueva (La)												SIN INFORMACIÓN
2005	22114	Gistaín	3,0	3,0	0,0	1560,0	1560,0	0,0	9,0	1,0	2,0	0,0	1,0	COMPLETA
2005	22115	Grado (El)	19,0	19,0		3650,0	3650,0		19,0	2,0				INCOMPLETA
2005	22116	Grañén	16,0	10,0	6,0	6050,0	1834,0	4216,0	10,0	2,0	0,0	0,0	0,0	COMPLETA
2005	22117	Graus	26,0	19,0	7,0	14243,0	10870,0	3373,0	53,0	14,0	16,0	3,0	2,0	COMPLETA
2005	22119	Gurrea de Gállego	0,0	0,0	0,0	0,0	0,0	0,0	0,0	8,0	0,0	0,0	0,0	COMPLETA
2005	22122	Hoz de Jaca	4,0	4,0		878,0	878,0		4,0					INCOMPLETA
2005	22124	Huerto	2,0	0,0	2,0	1764,0	0,0	1764,0	0,0	0,0	0,0	0,0	0,0	COMPLETA
2005	22125	Huesca	34,0	22,0	12,0	62690,0	51278,0	11412,0	258,0	10,0	47,0	9,0	16,0	COMPLETA
2005	22126	Ibieca												SIN INFORMACIÓN
2005	22127	Igriés	1,0	1,0	0,0	265,0	265,0	0,0	1,0	0,0	0,0	0,0	0,0	COMPLETA
2005	22128	Ilche	10,0		10,0	8291,0		8291,0						INCOMPLETA
2005	22129	Isábena	4,0	2,0	2,0	1348,0	1234,0	114,0	16,0	3,0	1,0	0,0	0,0	COMPLETA
2005	22130	Jaca	55,0	52,0	3,0	20162,0	17800,0	2362,0	81,0	14,0	13,0	8,0	8,0	COMPLETA
2005	22131	Jasa												SIN INFORMACIÓN
2005	22133	Labuerda	3,0	2,0	1,0	2011,0	1142,0	869,0	14,0	1,0	2,0		1,0	INCOMPLETA
2005	22135	Laluenga	2,0	0,0	2,0	736,0	0,0	736,0	0,0	1,0	0,0	0,0	0,0	COMPLETA
2005	22136	Lalueza	10,0	2,0	8,0	6357,0	494,0	5863,0	2,0	1,0	0,0	0,0	0,0	COMPLETA
2005	22137	Lanaja	0,0	0,0	0,0	0,0	0,0	0,0	0,0	1,0	0,0	0,0	0,0	COMPLETA
2005	22139	Laperdiguera	2,0	1,0	1,0	1198,0	316,0	882,0	2,0	0,0	0,0	0,0	0,0	COMPLETA
2005	22141	Lascellas-Ponzano	1,0	0,0	1,0	500,0	0,0	500,0	0,0	0,0	0,0	0,0	0,0	COMPLETA
2005	22142	Lascuarre	0,0	0,0	0,0	0,0	0,0	0,0	0,0	4,0	16,0	0,0	0,0	COMPLETA
2005	22143	Laspaúles	12,0	11,0	1,0	2142,0	1780,0	362,0	13,0	6,0	10,0	0,0	0,0	COMPLETA
2005	22144	Laspuña												SIN INFORMACIÓN
2005	22149	Loarre												SIN INFORMACIÓN
2005	22150	Loporzano	0,0	0,0	0,0	0,0	0,0	0,0	0,0	3,0	0,0	0,0	0,0	COMPLETA
2005	22151	Loscorrales	1,0	0,0	1,0	700,0	0,0	700,0	0,0	1,0	0,0	0,0	0,0	COMPLETA
2005	22155	Monesma y Cajigar	1,0	0,0	1,0	929,0	0,0	929,0	0,0	0,0	0,0	0,0	0,0	COMPLETA
2005	22156	Monflorite-Lascasas	15,0	12,0	3,0	4121,0	3053,0	1068,0	12,0	0,0	0,0	0,0	0,0	COMPLETA
2005	22157	Montanuy	3,0	3,0	0,0	587,0	587,0	0,0	3,0	5,0	9,0	3,0	1,0	COMPLETA
2005	22158	Monzón	30,0	23,0	7,0	44609,0	40531,0	4078,0	207,0	6,0	7,0	2,0	16,0	COMPLETA
2005	22160	Naval	0,0	0,0	0,0	0,0	0,0	0,0	0,0	1,0	0,0	0,0	0,0	COMPLETA
2005	22162	Novales	1,0		1,0	1353,0		1353,0						INCOMPLETA
2005	22163	Nueno	7,0	4,0	3,0	2060,0	904,0	1156,0	4,0	7,0	2,0	1,0	1,0	COMPLETA
2005	22164	Olvena												SIN INFORMACIÓN
2005	22165	Ontiñena	1,0	1,0	0,0	410,0	410,0	0,0	1,0	0,0	0,0	0,0	0,0	COMPLETA
2005	22167	Osso de Cinca	5,0	1,0	4,0	2883,0	353,0	2530,0	1,0	0,0	0,0	0,0	0,0	COMPLETA
2005	22168	Palo												SIN INFORMACIÓN
2005	22170	Panticosa	17,0	17,0		24301,0	24301,0		134,0	4,0	2,0	1,0	1,0	INCOMPLETA
2005	22172	Peñalba												SIN INFORMACIÓN
2005	22173	Peñas de Riglos (Las)	3,0	1,0	2,0	2006,0	336,0	1670,0	3,0	2,0	0,0	1,0	0,0	COMPLETA
2005	22174	Peralta de Alcofea	5,0	0,0	5,0	4112,0	0,0	4112,0	0,0	2,0	0,0	0,0	0,0	COMPLETA
2005	22175	Peralta de Calasanz												SIN INFORMACIÓN
2005	22176	Peraltilla												SIN INFORMACIÓN
2005	22177	Perarrúa												SIN INFORMACIÓN
2005	22178	Pertusa	10,0		10,0	9956,0		9956,0						INCOMPLETA
2005	22181	Piracés	1,0		1,0	1784,0		1784,0						INCOMPLETA
2005	22182	Plan												SIN INFORMACIÓN
2005	22184	Poleñino												SIN INFORMACIÓN
2005	22186	Pozán de Vero	1,0	1,0	0,0	254,0	254,0	0,0	1,0	1,0	1,0	0,0	0,0	COMPLETA
2005	22187	Puebla de Castro (La)	1,0	1,0		120,0	120,0		1,0	2,0	1,0			INCOMPLETA
2005	22188	Puente de Montañana	0,0	0,0	0,0	0,0	0,0	0,0	0,0	1,0	0,0	0,0	0,0	COMPLETA
2005	22189	Puértolas												SIN INFORMACIÓN
2005	22190	Pueyo de Araguás (El)								1,0				INCOMPLETA
2005	22193	Pueyo de Santa Cruz	1,0	1,0	0,0	279,0	279,0	0,0	1,0	0,0	0,0	0,0	0,0	COMPLETA
2005	22195	Quicena												SIN INFORMACIÓN
2005	22197	Robres	3,0	1,0	2,0	1799,0	83,0	1716,0	1,0	0,0	0,0	9,0	7,0	COMPLETA
2005	22199	Sabiñánigo	66,0	66,0	0,0	60891,0	60891,0	0,0	559,0	12,0	6,0	3,0	1,0	COMPLETA
2005	22200	Sahún	1,0	1,0		482,0	482,0		4,0	6,0	6,0	1,0		INCOMPLETA
2005	22201	Salas Altas												SIN INFORMACIÓN
2005	22202	Salas Bajas												SIN INFORMACIÓN
2005	22203	Salillas	1,0	1,0	0,0	125,0	125,0	0,0	1,0	0,0	0,0	0,0	0,0	COMPLETA
2005	22204	Sallent de Gállego	40,0	40,0		30091,0	30091,0		371,0	7,0	9,0	2,0	2,0	INCOMPLETA
2005	22205	San Esteban de Litera	1,0	1,0	0,0	225,0	225,0	0,0	1,0	0,0	0,0	0,0	0,0	COMPLETA
2005	22206	Sangarrén												SIN INFORMACIÓN
2005	22207	San Juan de Plan	1,0	1,0	0,0	664,0	664,0	0,0	3,0	3,0	6,0	0,0	0,0	COMPLETA
2005	22208	Santa Cilia								1,0	1,0	1,0		INCOMPLETA
2005	22209	Santa Cruz de la Serós												SIN INFORMACIÓN
2005	22212	Santaliestra y San Quílez												SIN INFORMACIÓN
2005	22213	Sariñena	54,0	32,0	22,0	26530,0	7136,0	19394,0	34,0	4,0	1,0	0,0	0,0	COMPLETA
2005	22214	Secastilla	1,0	0,0	1,0	1010,0	0,0	1010,0	0,0	0,0	0,0	0,0	0,0	COMPLETA
2005	22215	Seira												SIN INFORMACIÓN
2005	22217	Sena	4,0	3,0	1,0	837,0	809,0	28,0	3,0	1,0	0,0	0,0	0,0	COMPLETA
2005	22218	Senés de Alcubierre												SIN INFORMACIÓN
2005	22220	Sesa	1,0	1,0	0,0	193,0	193,0	0,0	1,0	2,0	0,0	1,0	1,0	COMPLETA
2005	22221	Sesué	15,0	14,0	1,0	8081,0	7892,0	189,0	69,0	1,0	0,0	2,0	1,0	COMPLETA
2005	22222	Siétamo	34,0	29,0	5,0	9343,0	5456,0	3887,0	29,0	0,0	0,0	0,0	0,0	COMPLETA
2005	22223	Sopeira	0,0	0,0	0,0	0,0	0,0	0,0	0,0	1,0	1,0	0,0	0,0	COMPLETA
2005	22225	Tamarite de Litera	7,0	7,0	0,0	3739,0	3739,0	0,0	18,0	3,0	5,0	1,0	2,0	COMPLETA
2005	22226	Tardienta	5,0	1,0	4,0	3511,0	632,0	2879,0	1,0	0,0	0,0	0,0	0,0	COMPLETA
2005	22227	Tella-Sin	1,0	1,0	0,0	296,0	296,0	0,0	3,0	0,0	0,0	1,0	0,0	COMPLETA
2005	22228	Tierz	19,0	19,0	0,0	3804,0	3804,0	0,0	19,0	0,0	0,0	0,0	0,0	COMPLETA
2005	22229	Tolva												SIN INFORMACIÓN
2005	22230	Torla-Ordesa	2,0	2,0	0,0	1758,0	1758,0	0,0	7,0	3,0	3,0	1,0	1,0	COMPLETA
2005	22232	Torralba de Aragón	2,0	0,0	2,0	1764,0	0,0	1764,0	0,0	0,0	0,0	0,0	0,0	COMPLETA
2005	22233	Torre la Ribera												SIN INFORMACIÓN
2005	22234	Torrente de Cinca	3,0	2,0	1,0	3248,0	2945,0	303,0	16,0	2,0				INCOMPLETA
2005	22235	Torres de Alcanadre												SIN INFORMACIÓN
2005	22236	Torres de Barbués	1,0	0,0	1,0	882,0	0,0	882,0	0,0	0,0	0,0	0,0	0,0	COMPLETA
2005	22239	Tramaced												SIN INFORMACIÓN
2005	22242	Valfarta												SIN INFORMACIÓN
2005	22243	Valle de Bardají												SIN INFORMACIÓN
2005	22244	Valle de Lierp												SIN INFORMACIÓN
2005	22245	Velilla de Cinca	1,0	0,0	1,0	1082,0	0,0	1082,0	0,0	3,0	1,0	0,0	0,0	COMPLETA
2005	22246	Beranuy	1,0	1,0	0,0	237,0	237,0	0,0	1,0	0,0	0,0	1,0	1,0	COMPLETA
2005	22247	Viacamp y Litera	0,0	0,0	0,0	0,0	0,0	0,0	0,0	1,0	0,0	0,0	1,0	COMPLETA
2005	22248	Vicién												SIN INFORMACIÓN
2005	22249	Villanova	1,0	1,0		1119,0	1119,0		11,0	2,0	3,0	1,0	2,0	INCOMPLETA
2005	22250	Villanúa	45,0	45,0	0,0	16502,0	16502,0	0,0	170,0	1,0	0,0	5,0	4,0	COMPLETA
2005	22251	Villanueva de Sigena	4,0	0,0	4,0	1988,0	0,0	1988,0	0,0	1,0	0,0	0,0	0,0	COMPLETA
2005	22252	Yebra de Basa	2,0	2,0	0,0	513,0	513,0	0,0	3,0	1,0	0,0	0,0	0,0	COMPLETA
2005	22253	Yésero	1,0	1,0	0,0	230,0	230,0	0,0	2,0	0,0	0,0	0,0	0,0	COMPLETA
2005	22254	Zaidín	7,0	0,0	7,0	5446,0	0,0	5446,0	0,0	4,0	1,0	0,0	0,0	COMPLETA
2005	22901	Valle de Hecho	8,0	2,0	6,0	2913,0	826,0	2087,0	2,0	5,0	3,0	0,0	0,0	COMPLETA
2005	22902	Puente la Reina de Jaca												SIN INFORMACIÓN
2005	22903	San Miguel del Cinca	9,0	4,0	5,0	6381,0	1754,0	4627,0	4,0	0,0	0,0	3,0	3,0	COMPLETA
2005	22904	Sotonera (La)	15,0	10,0	5,0	3933,0	1720,0	2213,0	10,0	2,0	1,0	0,0	0,0	COMPLETA
2005	22905	Lupiñén-Ortilla	14,0	14,0		2439,0	2439,0		14,0	1,0	3,0		1,0	INCOMPLETA
2005	22906	Santa María de Dulcis	1,0	1,0		224,0	224,0		1,0					INCOMPLETA
2005	22907	Aínsa-Sobrarbe	12,0	10,0	2,0	7132,0	6926,0	206,0	45,0	6,0	11,0	0,0	3,0	COMPLETA
2005	22908	Hoz y Costeán												SIN INFORMACIÓN
2005	22909	Vencillón												SIN INFORMACIÓN
2005	44001	Ababuj												SIN INFORMACIÓN
2005	44002	Abejuela												SIN INFORMACIÓN
2005	44003	Aguatón												SIN INFORMACIÓN
2005	44004	Aguaviva	4,0	3,0	1,0	1056,0	821,0	235,0	3,0	1,0	0,0	0,0	0,0	COMPLETA
2005	44005	Aguilar del Alfambra												SIN INFORMACIÓN
2005	44006	Alacón												SIN INFORMACIÓN
2005	44007	Alba	0,0	0,0	0,0	0,0	0,0	0,0	0,0	1,0	0,0	0,0	0,0	COMPLETA
2005	44008	Albalate del Arzobispo	11,0	9,0	2,0	2231,0	2013,0	218,0	9,0	2,0	0,0	3,0	3,0	COMPLETA
2005	44009	Albarracín	2,0	2,0	0,0	728,0	728,0	0,0	1,0	1,0	0,0	2,0	1,0	COMPLETA
2005	44010	Albentosa	2,0	2,0	0,0	650,0	650,0	0,0	5,0	1,0	0,0	1,0	1,0	COMPLETA
2005	44011	Alcaine												SIN INFORMACIÓN
2005	44012	Alcalá de la Selva	13,0	13,0	0,0	9133,0	9133,0	0,0	65,0	4,0	3,0	0,0	0,0	COMPLETA
2005	44013	Alcañiz	56,0	30,0	26,0	60702,0	50789,0	9913,0	254,0	11,0	9,0	12,0	21,0	COMPLETA
2005	44014	Alcorisa	34,0	29,0	5,0	14731,0	8771,0	5960,0	41,0	8,0	2,0	3,0	3,0	COMPLETA
2005	44016	Alfambra	2,0	2,0		622,0	622,0		2,0	2,0	4,0		1,0	INCOMPLETA
2005	44017	Aliaga	1,0	1,0	0,0	485,0	485,0	0,0	1,0	0,0	0,0	0,0	0,0	COMPLETA
2005	44018	Almohaja												SIN INFORMACIÓN
2005	44019	Alobras												SIN INFORMACIÓN
2005	44020	Alpeñés												SIN INFORMACIÓN
2005	44021	Allepuz												SIN INFORMACIÓN
2005	44022	Alloza	6,0	3,0	3,0	2176,0	780,0	1396,0	4,0	1,0	0,0	1,0	0,0	COMPLETA
2005	44023	Allueva												SIN INFORMACIÓN
2005	44024	Anadón												SIN INFORMACIÓN
2005	44025	Andorra	83,0	71,0	12,0	24157,0	20034,0	4123,0	83,0	15,0	1,0	4,0	2,0	COMPLETA
2005	44026	Arcos de las Salinas												SIN INFORMACIÓN
2005	44027	Arens de Lledó												SIN INFORMACIÓN
2005	44028	Argente												SIN INFORMACIÓN
2005	44029	Ariño								1,0				INCOMPLETA
2005	44031	Azaila												SIN INFORMACIÓN
2005	44032	Bádenas												SIN INFORMACIÓN
2005	44033	Báguena	1,0	1,0	0,0	117,0	117,0	0,0	1,0	0,0	0,0	1,0	1,0	COMPLETA
2005	44034	Bañón												SIN INFORMACIÓN
2005	44035	Barrachina												SIN INFORMACIÓN
2005	44036	Bea												SIN INFORMACIÓN
2005	44037	Beceite	1,0	0,0	1,0	52,0	0,0	52,0	0,0	3,0	2,0	0,0	1,0	COMPLETA
2005	44038	Belmonte de San José												SIN INFORMACIÓN
2005	44039	Bello												SIN INFORMACIÓN
2005	44040	Berge	3,0	3,0	0,0	515,0	515,0	0,0	3,0	0,0	0,0	1,0	0,0	COMPLETA
2005	44041	Bezas												SIN INFORMACIÓN
2005	44042	Blancas												SIN INFORMACIÓN
2005	44043	Blesa												SIN INFORMACIÓN
2005	44044	Bordón												SIN INFORMACIÓN
2005	44045	Bronchales	30,0	29,0	1,0	9686,0	9367,0	319,0	71,0	0,0	0,0	0,0	0,0	COMPLETA
2005	44046	Bueña												SIN INFORMACIÓN
2005	44047	Burbáguena												SIN INFORMACIÓN
2005	44048	Cabra de Mora												SIN INFORMACIÓN
2005	44049	Calaceite	12,0	0,0	12,0	5668,0	0,0	5668,0	0,0	7,0	3,0	1,0	1,0	COMPLETA
2005	44050	Calamocha	47,0	45,0	2,0	18223,0	17545,0	678,0	88,0	8,0	20,0	8,0	11,0	COMPLETA
2005	44051	Calanda	28,0	23,0	5,0	9603,0	6583,0	3020,0	26,0	9,0	1,0	2,0	1,0	COMPLETA
2005	44052	Calomarde												SIN INFORMACIÓN
2005	44053	Camañas												SIN INFORMACIÓN
2005	44054	Camarena de la Sierra												SIN INFORMACIÓN
2005	44055	Camarillas												SIN INFORMACIÓN
2005	44056	Caminreal	12,0	11,0	1,0	2840,0	2406,0	434,0	11,0	0,0	0,0	4,0	4,0	COMPLETA
2005	44059	Cantavieja	12,0	12,0	0,0	2659,0	2659,0	0,0	13,0	2,0	2,0	0,0	1,0	COMPLETA
2005	44060	Cañada de Benatanduz												SIN INFORMACIÓN
2005	44061	Cañada de Verich (La)												SIN INFORMACIÓN
2005	44062	Cañada Vellida												SIN INFORMACIÓN
2005	44063	Cañizar del Olivar												SIN INFORMACIÓN
2005	44064	Cascante del Río												SIN INFORMACIÓN
2005	44065	Castejón de Tornos												SIN INFORMACIÓN
2005	44066	Castel de Cabra												SIN INFORMACIÓN
2005	44067	Castelnou												SIN INFORMACIÓN
2005	44068	Castelserás	6,0	6,0	0,0	1407,0	1407,0	0,0	6,0	3,0	1,0	0,0	0,0	COMPLETA
2005	44070	Castellar (El)	1,0	0,0	1,0	94,0	0,0	94,0	0,0	1,0	1,0	0,0	0,0	COMPLETA
2005	44071	Castellote	11,0	8,0	3,0	3439,0	1630,0	1809,0	8,0	1,0	0,0	0,0	0,0	COMPLETA
2005	44074	Cedrillas	3,0	2,0	1,0	2044,0	786,0	1258,0	2,0	1,0	1,0	0,0	0,0	COMPLETA
2005	44075	Celadas												SIN INFORMACIÓN
2005	44076	Cella	33,0	24,0	9,0	11992,0	6648,0	5344,0	29,0	3,0	0,0	2,0	3,0	COMPLETA
2005	44077	Cerollera (La)												SIN INFORMACIÓN
2005	44080	Codoñera (La)	3,0	3,0	0,0	1242,0	1242,0	0,0	3,0	1,0	0,0	1,0	1,0	COMPLETA
2005	44082	Corbalán	0,0	0,0	0,0	0,0	0,0	0,0	0,0	2,0	0,0	0,0	0,0	COMPLETA
2005	44084	Cortes de Aragón												SIN INFORMACIÓN
2005	44085	Cosa												SIN INFORMACIÓN
2005	44086	Cretas	6,0	4,0	2,0	1157,0	707,0	450,0	4,0	0,0	0,0	0,0	0,0	COMPLETA
2005	44087	Crivillén												SIN INFORMACIÓN
2005	44088	Cuba (La)												SIN INFORMACIÓN
2005	44089	Cubla												SIN INFORMACIÓN
2005	44090	Cucalón												SIN INFORMACIÓN
2005	44092	Cuervo (El)												SIN INFORMACIÓN
2005	44093	Cuevas de Almudén												SIN INFORMACIÓN
2005	44094	Cuevas Labradas												SIN INFORMACIÓN
2005	44096	Ejulve								1,0		1,0	1,0	INCOMPLETA
2005	44097	Escorihuela												SIN INFORMACIÓN
2005	44099	Escucha	1,0	1,0	0,0	235,0	235,0	0,0	1,0	1,0	0,0	0,0	0,0	COMPLETA
2005	44100	Estercuel	0,0	0,0	0,0	0,0	0,0	0,0	0,0	1,0	0,0	0,0	0,0	COMPLETA
2005	44101	Ferreruela de Huerva												SIN INFORMACIÓN
2005	44102	Fonfría												SIN INFORMACIÓN
2005	44103	Formiche Alto												SIN INFORMACIÓN
2005	44105	Fórnoles												SIN INFORMACIÓN
2005	44106	Fortanete	3,0	1,0	2,0	1037,0	212,0	825,0	1,0	1,0	0,0	0,0	0,0	COMPLETA
2005	44107	Foz-Calanda												SIN INFORMACIÓN
2005	44108	Fresneda (La)												SIN INFORMACIÓN
2005	44109	Frías de Albarracín	2,0	1,0	1,0	355,0	294,0	61,0	1,0	1,0	0,0	0,0	0,0	COMPLETA
2005	44110	Fuenferrada												SIN INFORMACIÓN
2005	44111	Fuentes Calientes												SIN INFORMACIÓN
2005	44112	Fuentes Claras												SIN INFORMACIÓN
2005	44113	Fuentes de Rubielos	6,0	5,0	1,0	1331,0	1293,0	38,0	5,0	2,0	0,0	0,0	0,0	COMPLETA
2005	44114	Fuentespalda	1,0	0,0	1,0	281,0	0,0	281,0	0,0	0,0	0,0	1,0	0,0	COMPLETA
2005	44115	Galve	1,0	1,0	0,0	324,0	324,0	0,0	1,0	0,0	0,0	0,0	0,0	COMPLETA
2005	44116	Gargallo	1,0		1,0	85,0		85,0						INCOMPLETA
2005	44117	Gea de Albarracín	2,0	2,0	0,0	408,0	408,0	0,0	2,0	0,0	0,0	0,0	0,0	COMPLETA
2005	44118	Ginebrosa (La)												SIN INFORMACIÓN
2005	44119	Griegos	1,0	1,0	0,0	354,0	354,0	0,0	1,0	0,0	0,0	1,0	0,0	COMPLETA
2005	44120	Guadalaviar	6,0	6,0	0,0	357,0	357,0	0,0	6,0	0,0	0,0	0,0	0,0	COMPLETA
2005	44121	Gúdar	2,0	2,0	0,0	473,0	473,0	0,0	2,0	0,0	0,0	1,0	0,0	COMPLETA
2005	44122	Híjar	3,0	2,0	1,0	1421,0	745,0	676,0	3,0	5,0	0,0	2,0	2,0	COMPLETA
2005	44123	Hinojosa de Jarque												SIN INFORMACIÓN
2005	44124	Hoz de la Vieja (La)												SIN INFORMACIÓN
2005	44125	Huesa del Común												SIN INFORMACIÓN
2005	44126	Iglesuela del Cid (La)	3,0	3,0	0,0	1368,0	1368,0	0,0	9,0	0,0	0,0	0,0	0,0	COMPLETA
2005	44127	Jabaloyas												SIN INFORMACIÓN
2005	44128	Jarque de la Val												SIN INFORMACIÓN
2005	44129	Jatiel												SIN INFORMACIÓN
2005	44130	Jorcas												SIN INFORMACIÓN
2005	44131	Josa												SIN INFORMACIÓN
2005	44132	Lagueruela												SIN INFORMACIÓN
2005	44133	Lanzuela												SIN INFORMACIÓN
2005	44135	Libros												SIN INFORMACIÓN
2005	44136	Lidón	1,0	0,0	1,0	800,0	0,0	800,0	0,0	1,0	0,0	0,0	0,0	COMPLETA
2005	44137	Linares de Mora	2,0	1,0	1,0	368,0	308,0	60,0	1,0	0,0	0,0	1,0	1,0	COMPLETA
2005	44138	Loscos												SIN INFORMACIÓN
2005	44141	Lledó												SIN INFORMACIÓN
2005	44142	Maicas												SIN INFORMACIÓN
2005	44143	Manzanera	10,0	9,0	1,0	3067,0	2906,0	161,0	20,0	7,0	2,0	2,0	2,0	COMPLETA
2005	44144	Martín del Río												SIN INFORMACIÓN
2005	44145	Mas de las Matas	9,0	5,0	4,0	4620,0	1888,0	2732,0	5,0	0,0	0,0	1,0	1,0	COMPLETA
2005	44146	Mata de los Olmos (La)	1,0		1,0	2352,0		2352,0						INCOMPLETA
2005	44147	Mazaleón	3,0	0,0	3,0	1340,0	0,0	1340,0	0,0	2,0	0,0	0,0	0,0	COMPLETA
2005	44148	Mezquita de Jarque												SIN INFORMACIÓN
2005	44149	Mirambel	0,0	0,0	0,0	0,0	0,0	0,0	0,0	1,0	0,0	0,0	0,0	COMPLETA
2005	44150	Miravete de la Sierra												SIN INFORMACIÓN
2005	44151	Molinos	1,0	1,0	0,0	146,0	146,0	0,0	1,0	1,0	0,0	1,0	0,0	COMPLETA
2005	44152	Monforte de Moyuela												SIN INFORMACIÓN
2005	44153	Monreal del Campo	31,0	29,0	2,0	11430,0	8242,0	3188,0	40,0	0,0	0,0	0,0	0,0	COMPLETA
2005	44154	Monroyo												SIN INFORMACIÓN
2005	44155	Montalbán	9,0	7,0	2,0	3200,0	3116,0	84,0	7,0	1,0	0,0	0,0	0,0	COMPLETA
2005	44156	Monteagudo del Castillo												SIN INFORMACIÓN
2005	44157	Monterde de Albarracín												SIN INFORMACIÓN
2005	44158	Mora de Rubielos	23,0	21,0	2,0	14922,0	14269,0	653,0	84,0	2,0	2,0	4,0	8,0	COMPLETA
2005	44159	Moscardón												SIN INFORMACIÓN
2005	44160	Mosqueruela	5,0	5,0	0,0	1581,0	1581,0	0,0	7,0	0,0	0,0	1,0	1,0	COMPLETA
2005	44161	Muniesa												SIN INFORMACIÓN
2005	44163	Noguera de Albarracín												SIN INFORMACIÓN
2005	44164	Nogueras												SIN INFORMACIÓN
2005	44165	Nogueruelas	0,0	0,0	0,0	0,0	0,0	0,0	0,0	4,0	0,0	0,0	0,0	COMPLETA
2005	44167	Obón												SIN INFORMACIÓN
2005	44168	Odón												SIN INFORMACIÓN
2005	44169	Ojos Negros	4,0	2,0	2,0	1574,0	527,0	1047,0	2,0	0,0	0,0	2,0	1,0	COMPLETA
2005	44171	Olba	2,0	2,0	0,0	470,0	470,0	0,0	2,0	1,0	0,0	0,0	0,0	COMPLETA
2005	44172	Oliete												SIN INFORMACIÓN
2005	44173	Olmos (Los)												SIN INFORMACIÓN
2005	44174	Orihuela del Tremedal	6,0	6,0	0,0	2025,0	2025,0	0,0	18,0	4,0	0,0	0,0	0,0	COMPLETA
2005	44175	Orrios												SIN INFORMACIÓN
2005	44176	Palomar de Arroyos												SIN INFORMACIÓN
2005	44177	Pancrudo												SIN INFORMACIÓN
2005	44178	Parras de Castellote (Las)	2,0	0,0	2,0	440,0	0,0	440,0	0,0	0,0	0,0	0,0	0,0	COMPLETA
2005	44179	Peñarroya de Tastavins	1,0		1,0	737,0		737,0						INCOMPLETA
2005	44180	Peracense												SIN INFORMACIÓN
2005	44181	Peralejos												SIN INFORMACIÓN
2005	44182	Perales del Alfambra												SIN INFORMACIÓN
2005	44183	Pitarque												SIN INFORMACIÓN
2005	44184	Plou												SIN INFORMACIÓN
2005	44185	Pobo (El)	5,0	5,0	0,0	881,0	881,0	0,0	5,0	0,0	0,0	0,0	0,0	COMPLETA
2005	44187	Portellada (La)	0,0	0,0	0,0	0,0	0,0	0,0	0,0	1,0	0,0	0,0	0,0	COMPLETA
2005	44189	Pozondón	0,0	0,0	0,0	0,0	0,0	0,0	0,0	1,0	0,0	0,0	0,0	COMPLETA
2005	44190	Pozuel del Campo								1,0		1,0	1,0	INCOMPLETA
2005	44191	Puebla de Híjar (La)	2,0	1,0	1,0	376,0	308,0	68,0	1,0	0,0	0,0	0,0	0,0	COMPLETA
2005	44192	Puebla de Valverde (La)	3,0	3,0	0,0	2906,0	2906,0	0,0	16,0	2,0	0,0	1,0	1,0	COMPLETA
2005	44193	Puertomingalvo	6,0	6,0	0,0	1191,0	1191,0	0,0	7,0	4,0	5,0	0,0	1,0	COMPLETA
2005	44194	Ráfales	1,0	1,0	0,0	202,0	202,0	0,0	1,0	1,0	0,0	0,0	0,0	COMPLETA
2005	44195	Rillo												SIN INFORMACIÓN
2005	44196	Riodeva	2,0	2,0	0,0	571,0	571,0	0,0	2,0	1,0	0,0	1,0	1,0	COMPLETA
2005	44197	Ródenas												SIN INFORMACIÓN
2005	44198	Royuela												SIN INFORMACIÓN
2005	44199	Rubiales												SIN INFORMACIÓN
2005	44200	Rubielos de la Cérida												SIN INFORMACIÓN
2005	44201	Rubielos de Mora	33,0	31,0	2,0	8273,0	7514,0	759,0	31,0	6,0	1,0	2,0	1,0	INCOMPLETA
2005	44203	Salcedillo												SIN INFORMACIÓN
2005	44204	Saldón												SIN INFORMACIÓN
2005	44205	Samper de Calanda	1,0	1,0	0,0	373,0	373,0	0,0	2,0	7,0	0,0	2,0	2,0	COMPLETA
2005	44206	San Agustín	2,0	2,0	0,0	498,0	498,0	0,0	2,0	0,0	0,0	0,0	0,0	COMPLETA
2005	44207	San Martín del Río												SIN INFORMACIÓN
2005	44208	Santa Cruz de Nogueras												SIN INFORMACIÓN
2005	44209	Santa Eulalia	5,0	2,0	3,0	1191,0	262,0	929,0	2,0	1,0	0,0	0,0	0,0	COMPLETA
2005	44210	Sarrión	8,0	6,0	2,0	2803,0	2329,0	474,0	14,0	4,0	0,0	3,0	1,0	COMPLETA
2005	44211	Segura de los Baños												SIN INFORMACIÓN
2005	44212	Seno	1,0	0,0	1,0	723,0	0,0	723,0	0,0	0,0	0,0	0,0	0,0	COMPLETA
2005	44213	Singra												SIN INFORMACIÓN
2005	44215	Terriente												SIN INFORMACIÓN
2005	44216	Teruel	22,0	19,0	3,0	35514,0	33341,0	2173,0	159,0	5,0	6,0	4,0	4,0	COMPLETA
2005	44217	Toril y Masegoso												SIN INFORMACIÓN
2005	44218	Tormón												SIN INFORMACIÓN
2005	44219	Tornos												SIN INFORMACIÓN
2005	44220	Torralba de los Sisones												SIN INFORMACIÓN
2005	44221	Torrecilla de Alcañiz	2,0	1,0	1,0	327,0	268,0	59,0	1,0	1,0	0,0	0,0	0,0	COMPLETA
2005	44222	Torrecilla del Rebollar												SIN INFORMACIÓN
2005	44223	Torre de Arcas												SIN INFORMACIÓN
2005	44224	Torre de las Arcas												SIN INFORMACIÓN
2005	44225	Torre del Compte	4,0	3,0	1,0	859,0	619,0	240,0	3,0	1,0	0,0	1,0	0,0	COMPLETA
2005	44226	Torrelacárcel												SIN INFORMACIÓN
2005	44227	Torre los Negros												SIN INFORMACIÓN
2005	44228	Torremocha de Jiloca												SIN INFORMACIÓN
2005	44229	Torres de Albarracín												SIN INFORMACIÓN
2005	44230	Torrevelilla	2,0	0,0	2,0	1549,0	0,0	1549,0	0,0	0,0	0,0	0,0	0,0	COMPLETA
2005	44231	Torrijas												SIN INFORMACIÓN
2005	44232	Torrijo del Campo												SIN INFORMACIÓN
2005	44234	Tramacastiel	1,0	1,0	0,0	199,0	199,0	0,0	1,0	0,0	0,0	0,0	0,0	COMPLETA
2005	44235	Tramacastilla												SIN INFORMACIÓN
2005	44236	Tronchón	1,0	0,0	1,0	528,0	0,0	528,0	0,0	0,0	0,0	0,0	0,0	COMPLETA
2005	44237	Urrea de Gaén	3,0	1,0	2,0	1539,0	184,0	1355,0	1,0	0,0	0,0	0,0	0,0	COMPLETA
2005	44238	Utrillas	11,0	11,0	0,0	2986,0	2986,0	0,0	12,0	1,0	0,0	1,0	1,0	COMPLETA
2005	44239	Valacloche												SIN INFORMACIÓN
2005	44240	Valbona	5,0	5,0	0,0	1224,0	1224,0	0,0	5,0	0,0	0,0	0,0	0,0	COMPLETA
2005	44241	Valdealgorfa	2,0	2,0		609,0	609,0		2,0					INCOMPLETA
2005	44243	Valdecuenca												SIN INFORMACIÓN
2005	44244	Valdelinares	1,0	1,0		214,0	214,0		1,0					INCOMPLETA
2005	44245	Valdeltormo	0,0	0,0	0,0	0,0	0,0	0,0	0,0	3,0	0,0	0,0	0,0	COMPLETA
2005	44246	Valderrobres	11,0	9,0	2,0	7880,0	7561,0	319,0	34,0	5,0	4,0			INCOMPLETA
2005	44247	Valjunquera	1,0	1,0	0,0	229,0	229,0	0,0	1,0	0,0	0,0	0,0	0,0	COMPLETA
2005	44249	Vallecillo (El)	1,0	1,0		207,0	207,0		1,0					INCOMPLETA
2005	44250	Veguillas de la Sierra												SIN INFORMACIÓN
2005	44251	Villafranca del Campo	4,0	0,0	4,0	5662,0	0,0	5662,0	0,0	0,0	0,0	0,0	0,0	COMPLETA
2005	44252	Villahermosa del Campo												SIN INFORMACIÓN
2005	44256	Villanueva del Rebollar de la Sierra												SIN INFORMACIÓN
2005	44257	Villar del Cobo	0,0	0,0	0,0	0,0	0,0	0,0	0,0	3,0	0,0	0,0	0,0	COMPLETA
2005	44258	Villar del Salz												SIN INFORMACIÓN
2005	44260	Villarluengo												SIN INFORMACIÓN
2005	44261	Villarquemado	4,0	2,0	2,0	760,0	319,0	441,0	2,0	0,0	0,0	0,0	0,0	COMPLETA
2005	44262	Villarroya de los Pinares												SIN INFORMACIÓN
2005	44263	Villastar	22,0	22,0	0,0	11584,0	11584,0	0,0	65,0	0,0	0,0	3,0	0,0	COMPLETA
2005	44264	Villel												SIN INFORMACIÓN
2005	44265	Vinaceite												SIN INFORMACIÓN
2005	44266	Visiedo	2,0	0,0	2,0	2242,0	0,0	2242,0	0,0	0,0	0,0	0,0	0,0	COMPLETA
2005	44267	Vivel del Río Martín												SIN INFORMACIÓN
2005	44268	Zoma (La)												SIN INFORMACIÓN
2005	50001	Abanto												SIN INFORMACIÓN
2005	50002	Acered												SIN INFORMACIÓN
2005	50003	Agón												SIN INFORMACIÓN
2005	50004	Aguarón	2,0	2,0	0,0	358,0	358,0	0,0	2,0	0,0	0,0	0,0	0,0	COMPLETA
2005	50005	Aguilón												SIN INFORMACIÓN
2005	50006	Ainzón	2,0	0,0	2,0	539,0	0,0	539,0	0,0	2,0	1,0	2,0	0,0	COMPLETA
2005	50007	Aladrén												SIN INFORMACIÓN
2005	50008	Alagón	28,0	20,0	8,0	22857,0	16315,0	6542,0	108,0	3,0	15,0	11,0	12,0	COMPLETA
2005	50009	Alarba												SIN INFORMACIÓN
2005	50010	Alberite de San Juan												SIN INFORMACIÓN
2005	50011	Albeta	9,0	9,0	0,0	1298,0	1298,0	0,0	9,0	0,0	0,0	0,0	0,0	COMPLETA
2005	50012	Alborge												SIN INFORMACIÓN
2005	50013	Alcalá de Ebro	2,0	2,0	0,0	499,0	499,0	0,0	2,0	0,0	0,0	1,0	1,0	COMPLETA
2005	50014	Alcalá de Moncayo												SIN INFORMACIÓN
2005	50015	Alconchel de Ariza												SIN INFORMACIÓN
2005	50016	Aldehuela de Liestos												SIN INFORMACIÓN
2005	50017	Alfajarín	34,0	29,0	5,0	10269,0	8088,0	2181,0	35,0	1,0	0,0	2,0	1,0	COMPLETA
2005	50018	Alfamén	3,0	3,0	0,0	824,0	824,0	0,0	6,0	1,0	0,0	1,0	0,0	COMPLETA
2005	50019	Alforque												SIN INFORMACIÓN
2005	50020	Alhama de Aragón												SIN INFORMACIÓN
2005	50021	Almochuel												SIN INFORMACIÓN
2005	50022	Almolda (La)	2,0	0,0	2,0	1739,0	0,0	1739,0	0,0	0,0	0,0	0,0	0,0	COMPLETA
2005	50023	Almonacid de la Cuba												SIN INFORMACIÓN
2005	50024	Almonacid de la Sierra	3,0	2,0	1,0	636,0	394,0	242,0	2,0	0,0	0,0	1,0	1,0	COMPLETA
2005	50025	Almunia de Doña Godina (La)	19,0	18,0	1,0	12809,0	8612,0	4197,0	58,0	2,0	2,0	5,0	6,0	COMPLETA
2005	50026	Alpartir	1,0	1,0	0,0	290,0	290,0	0,0	1,0	0,0	0,0	0,0	0,0	COMPLETA
2005	50027	Ambel	2,0	1,0	1,0	502,0	142,0	360,0	1,0	0,0	0,0	0,0	0,0	COMPLETA
2005	50028	Anento												SIN INFORMACIÓN
2005	50029	Aniñón	3,0	3,0	0,0	984,0	984,0	0,0	3,0	5,0	2,0	0,0	1,0	COMPLETA
2005	50030	Añón de Moncayo												SIN INFORMACIÓN
2005	50031	Aranda de Moncayo	1,0	1,0	0,0	177,0	177,0	0,0	1,0	1,0	0,0	0,0	0,0	COMPLETA
2005	50032	Arándiga												SIN INFORMACIÓN
2005	50033	Ardisa												SIN INFORMACIÓN
2005	50034	Ariza	3,0	3,0	0,0	1319,0	1319,0	0,0	7,0	0,0	0,0	0,0	0,0	COMPLETA
2005	50035	Artieda												SIN INFORMACIÓN
2005	50036	Asín	1,0	1,0	0,0	260,0	260,0	0,0	1,0	0,0	0,0	1,0	1,0	COMPLETA
2005	50037	Atea												SIN INFORMACIÓN
2005	50038	Ateca	1,0	1,0	0,0	157,0	157,0	0,0	1,0	0,0	0,0	0,0	0,0	COMPLETA
2005	50039	Azuara												SIN INFORMACIÓN
2005	50040	Badules												SIN INFORMACIÓN
2005	50041	Bagüés	1,0	1,0	0,0	112,0	112,0	0,0	1,0	0,0	0,0	0,0	0,0	COMPLETA
2005	50042	Balconchán												SIN INFORMACIÓN
2005	50043	Bárboles	0,0	0,0	0,0	0,0	0,0	0,0	0,0	0,0	0,0	1,0	1,0	COMPLETA
2005	50044	Bardallur	1,0	1,0	0,0	231,0	231,0	0,0	1,0	0,0	0,0	1,0	1,0	COMPLETA
2005	50045	Belchite	2,0	1,0	1,0	539,0	223,0	316,0	1,0	2,0	0,0	0,0	0,0	COMPLETA
2005	50046	Belmonte de Gracián												SIN INFORMACIÓN
2005	50047	Berdejo												SIN INFORMACIÓN
2005	50048	Berrueco												SIN INFORMACIÓN
2005	50050	Bijuesca												SIN INFORMACIÓN
2005	50051	Biota	13,0	5,0	8,0	5060,0	806,0	4254,0	5,0	0,0	0,0	1,0	1,0	COMPLETA
2005	50052	Bisimbre												SIN INFORMACIÓN
2005	50053	Boquiñeni												SIN INFORMACIÓN
2005	50054	Bordalba												SIN INFORMACIÓN
2005	50055	Borja	22,0	21,0	1,0	18789,0	18289,0	500,0	116,0	3,0	15,0	3,0	6,0	COMPLETA
2005	50056	Botorrita	6,0	6,0	0,0	1072,0	1072,0	0,0	6,0	0,0	0,0	0,0	0,0	COMPLETA
2005	50057	Brea de Aragón												SIN INFORMACIÓN
2005	50058	Bubierca												SIN INFORMACIÓN
2005	50059	Bujaraloz	7,0	4,0	3,0	2953,0	824,0	2129,0	4,0	0,0	0,0	2,0	1,0	COMPLETA
2005	50060	Bulbuente	1,0	0,0	1,0	610,0	0,0	610,0	0,0	0,0	0,0	0,0	0,0	COMPLETA
2005	50061	Bureta												SIN INFORMACIÓN
2005	50062	Burgo de Ebro (El)	8,0	8,0	0,0	8295,0	8295,0	0,0	63,0	0,0	0,0	3,0	3,0	COMPLETA
2005	50063	Buste (El)												SIN INFORMACIÓN
2005	50064	Cabañas de Ebro	11,0	3,0	8,0	12074,0	1343,0	10731,0	6,0	2,0	0,0	1,0	0,0	COMPLETA
2005	50065	Cabolafuente												SIN INFORMACIÓN
2005	50066	Cadrete	66,0	64,0	2,0	38852,0	38450,0	402,0	221,0	3,0	0,0	29,0	11,0	COMPLETA
2005	50067	Calatayud	9,0	7,0	2,0	28417,0	27114,0	1303,0	144,0	1,0	0,0	10,0	17,0	COMPLETA
2005	50068	Calatorao	21,0	17,0	4,0	6917,0	6390,0	527,0	51,0	1,0	0,0	4,0	0,0	COMPLETA
2005	50069	Calcena												SIN INFORMACIÓN
2005	50070	Calmarza												SIN INFORMACIÓN
2005	50071	Campillo de Aragón	1,0	0,0	1,0	630,0	0,0	630,0	0,0	0,0	0,0	0,0	0,0	COMPLETA
2005	50072	Carenas												SIN INFORMACIÓN
2005	50073	Cariñena	20,0	19,0	1,0	14131,0	10500,0	3631,0	64,0	3,0	0,0	6,0	4,0	COMPLETA
2005	50074	Caspe	21,0	17,0	4,0	14286,0	12629,0	1657,0	57,0	6,0	1,0	1,0	0,0	COMPLETA
2005	50075	Castejón de Alarba												SIN INFORMACIÓN
2005	50076	Castejón de las Armas												SIN INFORMACIÓN
2005	50077	Castejón de Valdejasa	1,0	1,0	0,0	346,0	346,0	0,0	1,0	0,0	0,0	0,0	0,0	COMPLETA
2005	50078	Castiliscar												SIN INFORMACIÓN
2005	50079	Cervera de la Cañada	0,0	0,0	0,0	0,0	0,0	0,0	0,0	3,0	1,0	0,0	0,0	COMPLETA
2005	50080	Cerveruela												SIN INFORMACIÓN
2005	50081	Cetina												SIN INFORMACIÓN
2005	50082	Cimballa												SIN INFORMACIÓN
2005	50083	Cinco Olivas												SIN INFORMACIÓN
2005	50084	Clarés de Ribota												SIN INFORMACIÓN
2005	50085	Codo	1,0	1,0	0,0	98,0	98,0	0,0	1,0	0,0	0,0	0,0	0,0	COMPLETA
2005	50086	Codos												SIN INFORMACIÓN
2005	50087	Contamina												SIN INFORMACIÓN
2005	50088	Cosuenda	7,0	7,0	0,0	1625,0	1625,0	0,0	7,0	0,0	0,0	0,0	0,0	COMPLETA
2005	50089	Cuarte de Huerva	240,0	170,0	70,0	193927,0	150158,0	43769,0	1041,0	6,0	0,0	40,0	11,0	COMPLETA
2005	50090	Cubel												SIN INFORMACIÓN
2005	50091	Cuerlas (Las)												SIN INFORMACIÓN
2005	50092	Chiprana	4,0	4,0	0,0	1248,0	1248,0	0,0	4,0	0,0	0,0	0,0	0,0	COMPLETA
2005	50093	Chodes												SIN INFORMACIÓN
2005	50094	Daroca	1,0	1,0	0,0	198,0	198,0	0,0	1,0	2,0	4,0	0,0	3,0	COMPLETA
2005	50095	Ejea de los Caballeros	66,0	56,0	10,0	44581,0	29187,0	15394,0	147,0	13,0	1,0	10,0	6,0	COMPLETA
2005	50096	Embid de Ariza												SIN INFORMACIÓN
2005	50098	Encinacorba	1,0	1,0	0,0	47,0	47,0	0,0	1,0	2,0	0,0	0,0	0,0	COMPLETA
2005	50099	Épila	8,0	5,0	3,0	24636,0	3272,0	21364,0	19,0	2,0	0,0	3,0	3,0	COMPLETA
2005	50100	Erla	2,0	2,0	0,0	415,0	415,0	0,0	2,0	0,0	0,0	0,0	0,0	COMPLETA
2005	50101	Escatrón	8,0	3,0	5,0	818,0	424,0	394,0	3,0	3,0	0,0	0,0	0,0	COMPLETA
2005	50102	Fabara	0,0	0,0	0,0	0,0	0,0	0,0	0,0	2,0	0,0	0,0	0,0	COMPLETA
2005	50104	Farlete	1,0	1,0	0,0	327,0	327,0	0,0	1,0	0,0	0,0	0,0	0,0	COMPLETA
2005	50105	Fayón	8,0	6,0	2,0	814,0	752,0	62,0	6,0	1,0	0,0	0,0	0,0	COMPLETA
2005	50106	Fayos (Los)												SIN INFORMACIÓN
2005	50107	Figueruelas	7,0	7,0	0,0	1311,0	1311,0	0,0	7,0	0,0	0,0	0,0	0,0	COMPLETA
2005	50108	Fombuena												SIN INFORMACIÓN
2005	50109	Frago (El)												SIN INFORMACIÓN
2005	50110	Frasno (El)												SIN INFORMACIÓN
2005	50111	Fréscano	1,0	1,0	0,0	214,0	214,0	0,0	1,0	0,0	0,0	0,0	0,0	COMPLETA
2005	50113	Fuendejalón												SIN INFORMACIÓN
2005	50114	Fuendetodos												SIN INFORMACIÓN
2005	50115	Fuentes de Ebro	73,0	73,0	0,0	22150,0	22150,0	0,0	108,0	4,0	0,0	0,0	0,0	COMPLETA
2005	50116	Fuentes de Jiloca												SIN INFORMACIÓN
2005	50117	Gallocanta												SIN INFORMACIÓN
2005	50118	Gallur	5,0	5,0	0,0	2018,0	2018,0	0,0	12,0	4,0	2,0	1,0	2,0	COMPLETA
2005	50119	Gelsa	8,0	8,0	0,0	1742,0	1742,0	0,0	8,0	0,0	0,0	0,0	0,0	COMPLETA
2005	50120	Godojos												SIN INFORMACIÓN
2005	50121	Gotor	1,0	1,0	0,0	178,0	178,0	0,0	1,0	0,0	0,0	0,0	0,0	COMPLETA
2005	50122	Grisel												SIN INFORMACIÓN
2005	50123	Grisén	18,0	18,0	0,0	3160,0	3160,0	0,0	18,0	1,0	2,0	0,0	0,0	COMPLETA
2005	50124	Herrera de los Navarros	3,0	3,0	0,0	417,0	417,0	0,0	3,0	0,0	0,0	0,0	0,0	COMPLETA
2005	50125	Ibdes												SIN INFORMACIÓN
2005	50126	Illueca	4,0	2,0	2,0	2245,0	306,0	1939,0	2,0	1,0	0,0	0,0	0,0	COMPLETA
2005	50128	Isuerre												SIN INFORMACIÓN
2005	50129	Jaraba	1,0	1,0	0,0	193,0	193,0	0,0	1,0	1,0	0,0	0,0	0,0	COMPLETA
2005	50130	Jarque												SIN INFORMACIÓN
2005	50131	Jaulín	2,0	1,0	1,0	584,0	224,0	360,0	1,0	0,0	0,0	0,0	0,0	COMPLETA
2005	50132	Joyosa (La)	12,0	12,0	0,0	1926,0	1926,0	0,0	12,0	0,0	0,0	1,0	0,0	COMPLETA
2005	50133	Lagata												SIN INFORMACIÓN
2005	50134	Langa del Castillo	1,0		1,0	1734,0		1734,0						INCOMPLETA
2005	50135	Layana												SIN INFORMACIÓN
2005	50136	Lécera	3,0	2,0	1,0	796,0	434,0	362,0	2,0	0,0	0,0	0,0	0,0	COMPLETA
2005	50137	Leciñena	24,0	14,0	10,0	19093,0	2347,0	16746,0	14,0	1,0	0,0	5,0	2,0	COMPLETA
2005	50138	Lechón												SIN INFORMACIÓN
2005	50139	Letux												SIN INFORMACIÓN
2005	50140	Litago												SIN INFORMACIÓN
2005	50141	Lituénigo												SIN INFORMACIÓN
2005	50142	Lobera de Onsella												SIN INFORMACIÓN
2005	50143	Longares	2,0	2,0	0,0	617,0	617,0	0,0	2,0	0,0	0,0	0,0	0,0	COMPLETA
2005	50144	Longás												SIN INFORMACIÓN
2005	50146	Lucena de Jalón	0,0	0,0	0,0	0,0	0,0	0,0	0,0	1,0	0,0	0,0	0,0	COMPLETA
2005	50147	Luceni	10,0	5,0	5,0	3424,0	1331,0	2093,0	11,0	1,0	0,0	0,0	0,0	COMPLETA
2005	50148	Luesia	4,0	1,0	3,0	2299,0	321,0	1978,0	1,0	2,0				INCOMPLETA
2005	50149	Luesma												SIN INFORMACIÓN
2005	50150	Lumpiaque	18,0	18,0	0,0	2846,0	2846,0	0,0	18,0	1,0	0,0	0,0	0,0	COMPLETA
2005	50151	Luna	0,0	0,0	0,0	0,0	0,0	0,0	0,0	1,0	0,0	0,0	0,0	COMPLETA
2005	50152	Maella	7,0	2,0	5,0	11555,0	1432,0	10123,0	9,0	3,0	2,0	0,0	0,0	COMPLETA
2005	50153	Magallón	7,0	0,0	7,0	5347,0	0,0	5347,0	0,0	0,0	0,0	0,0	0,0	COMPLETA
2005	50154	Mainar												SIN INFORMACIÓN
2005	50155	Malanquilla												SIN INFORMACIÓN
2005	50156	Maleján	0,0	0,0	0,0	0,0	0,0	0,0	0,0	1,0	0,0	0,0	0,0	COMPLETA
2005	50157	Malón	2,0	2,0	0,0	539,0	539,0	0,0	2,0	0,0	0,0	0,0	0,0	COMPLETA
2005	50159	Maluenda	2,0	2,0	0,0	513,0	513,0	0,0	2,0	0,0	0,0	0,0	0,0	COMPLETA
2005	50160	Mallén	31,0	30,0	1,0	9636,0	8750,0	886,0	43,0	1,0	0,0	1,0	1,0	COMPLETA
2005	50161	Manchones												SIN INFORMACIÓN
2005	50162	Mara												SIN INFORMACIÓN
2005	50163	María de Huerva	268,0	268,0	0,0	60285,0	60285,0	0,0	352,0	1,0	0,0	9,0	7,0	COMPLETA
2005	50164	Mediana de Aragón	2,0	2,0	0,0	320,0	320,0	0,0	2,0	0,0	0,0	0,0	0,0	COMPLETA
2005	50165	Mequinenza	11,0	7,0	4,0	4687,0	1656,0	3031,0	10,0	12,0	4,0	0,0	0,0	COMPLETA
2005	50166	Mesones de Isuela												SIN INFORMACIÓN
2005	50167	Mezalocha	7,0	0,0	7,0	3948,0	0,0	3948,0	0,0	0,0	0,0	0,0	0,0	COMPLETA
2005	50168	Mianos	2,0	1,0	1,0	382,0	286,0	96,0	1,0	2,0				INCOMPLETA
2005	50169	Miedes de Aragón	2,0	0,0	2,0	1764,0	0,0	1764,0	0,0	0,0	0,0	0,0	0,0	COMPLETA
2005	50170	Monegrillo	1,0	1,0	0,0	88,0	88,0	0,0	1,0	0,0	0,0	0,0	0,0	COMPLETA
2005	50171	Moneva												SIN INFORMACIÓN
2005	50172	Monreal de Ariza												SIN INFORMACIÓN
2005	50173	Monterde	0,0	0,0	0,0	0,0	0,0	0,0	0,0	2,0	0,0	0,0	0,0	COMPLETA
2005	50174	Montón	0,0	0,0	0,0	0,0	0,0	0,0	0,0	1,0	0,0	0,0	0,0	COMPLETA
2005	50175	Morata de Jalón	13,0	12,0	1,0	2143,0	2027,0	116,0	12,0	1,0	0,0	2,0	0,0	COMPLETA
2005	50176	Morata de Jiloca												SIN INFORMACIÓN
2005	50177	Morés												SIN INFORMACIÓN
2005	50178	Moros												SIN INFORMACIÓN
2005	50179	Moyuela												SIN INFORMACIÓN
2005	50180	Mozota												SIN INFORMACIÓN
2005	50181	Muel	38,0	38,0	0,0	6595,0	6595,0	0,0	45,0	0,0	0,0	0,0	0,0	COMPLETA
2005	50182	Muela (La)	170,0	88,0	82,0	112080,0	69542,0	42538,0	404,0	0,0	0,0	9,0	5,0	COMPLETA
2005	50183	Munébrega												SIN INFORMACIÓN
2005	50184	Murero	0,0	0,0	0,0	0,0	0,0	0,0	0,0	1,0	0,0	0,0	0,0	COMPLETA
2005	50185	Murillo de Gállego												SIN INFORMACIÓN
2005	50186	Navardún												SIN INFORMACIÓN
2005	50187	Nigüella												SIN INFORMACIÓN
2005	50188	Nombrevilla												SIN INFORMACIÓN
2005	50189	Nonaspe	7,0	4,0	3,0	2405,0	1423,0	982,0	4,0	2,0	1,0	0,0	0,0	COMPLETA
2005	50190	Novallas	3,0	3,0	0,0	494,0	494,0	0,0	3,0	0,0	0,0	1,0	0,0	COMPLETA
2005	50191	Novillas	4,0	1,0	3,0	1759,0	298,0	1461,0	1,0	3,0	0,0	0,0	0,0	COMPLETA
2005	50192	Nuévalos												SIN INFORMACIÓN
2005	50193	Nuez de Ebro	37,0	37,0	0,0	6965,0	6965,0	0,0	37,0	2,0	0,0	1,0	0,0	COMPLETA
2005	50194	Olvés												SIN INFORMACIÓN
2005	50195	Orcajo												SIN INFORMACIÓN
2005	50196	Orera	2,0	0,0	2,0	1058,0	0,0	1058,0	0,0	0,0	0,0	0,0	0,0	COMPLETA
2005	50197	Orés												SIN INFORMACIÓN
2005	50198	Oseja	1,0	0,0	1,0	187,0	0,0	187,0	1,0	0,0	0,0	0,0	0,0	COMPLETA
2005	50199	Osera de Ebro	1,0	1,0	0,0	72,0	72,0	0,0	1,0	0,0	0,0	0,0	0,0	COMPLETA
2005	50200	Paniza	3,0	1,0	2,0	625,0	246,0	379,0	1,0	0,0	0,0	0,0	0,0	COMPLETA
2005	50201	Paracuellos de Jiloca	24,0	24,0	0,0	4302,0	4302,0	0,0	24,0	0,0	0,0	0,0	0,0	COMPLETA
2005	50202	Paracuellos de la Ribera												SIN INFORMACIÓN
2005	50203	Pastriz	15,0	15,0	0,0	4467,0	4467,0	0,0	17,0	2,0	0,0	0,0	0,0	COMPLETA
2005	50204	Pedrola	32,0	32,0	0,0	10448,0	10448,0	0,0	70,0	0,0	0,0	4,0	1,0	COMPLETA
2005	50205	Pedrosas (Las)												SIN INFORMACIÓN
2005	50206	Perdiguera	5,0	5,0	0,0	1285,0	1285,0	0,0	5,0	2,0	1,0	2,0	2,0	COMPLETA
2005	50207	Piedratajada												SIN INFORMACIÓN
2005	50208	Pina de Ebro	10,0	10,0	0,0	3233,0	3233,0	0,0	27,0	6,0	8,0	1,0	4,0	COMPLETA
2005	50209	Pinseque	93,0	92,0	1,0	19234,0	19162,0	72,0	112,0	3,0	0,0	0,0	0,0	COMPLETA
2005	50210	Pintanos (Los)												SIN INFORMACIÓN
2005	50211	Plasencia de Jalón												SIN INFORMACIÓN
2005	50212	Pleitas												SIN INFORMACIÓN
2005	50213	Plenas												SIN INFORMACIÓN
2005	50214	Pomer												SIN INFORMACIÓN
2005	50215	Pozuel de Ariza												SIN INFORMACIÓN
2005	50216	Pozuelo de Aragón												SIN INFORMACIÓN
2005	50217	Pradilla de Ebro	4,0	4,0	0,0	817,0	817,0	0,0	4,0	0,0	0,0	2,0	1,0	COMPLETA
2005	50218	Puebla de Albortón												SIN INFORMACIÓN
2005	50219	Puebla de Alfindén (La)	67,0	66,0	1,0	25315,0	24775,0	540,0	167,0	1,0	0,0	7,0	5,0	COMPLETA
2005	50220	Puendeluna												SIN INFORMACIÓN
2005	50221	Purujosa												SIN INFORMACIÓN
2005	50222	Quinto	8,0	5,0	3,0	5579,0	1994,0	3585,0	8,0	0,0	0,0	2,0	1,0	COMPLETA
2005	50223	Remolinos	6,0	3,0	3,0	1957,0	841,0	1116,0	3,0	1,0	1,0	4,0	1,0	COMPLETA
2005	50224	Retascón	2,0		2,0	1069,0		1069,0						INCOMPLETA
2005	50225	Ricla	19,0	17,0	2,0	9903,0	7803,0	2100,0	53,0	2,0	4,0	3,0	6,0	COMPLETA
2005	50227	Romanos												SIN INFORMACIÓN
2005	50228	Rueda de Jalón	0,0	0,0	0,0	0,0	0,0	0,0	0,0	1,0	0,0	0,0	0,0	COMPLETA
2005	50229	Ruesca	1,0	0,0	1,0	882,0	0,0	882,0	0,0	0,0	0,0	0,0	0,0	COMPLETA
2005	50230	Sádaba	3,0	2,0	1,0	1853,0	530,0	1323,0	2,0	2,0	0,0	1,0	1,0	COMPLETA
2005	50231	Salillas de Jalón	2,0	2,0	0,0	545,0	545,0	0,0	2,0	0,0	0,0	0,0	0,0	COMPLETA
2005	50232	Salvatierra de Esca												SIN INFORMACIÓN
2005	50233	Samper del Salz												SIN INFORMACIÓN
2005	50234	San Martín de la Virgen de Moncayo	22,0	22,0	0,0	6998,0	6998,0	0,0	59,0	0,0	0,0	0,0	0,0	COMPLETA
2005	50235	San Mateo de Gállego	91,0	90,0	1,0	25685,0	25634,0	51,0	134,0	3,0	0,0	1,0	0,0	COMPLETA
2005	50236	Santa Cruz de Grío												SIN INFORMACIÓN
2005	50237	Santa Cruz de Moncayo	3,0	3,0	0,0	661,0	661,0	0,0	3,0	0,0	0,0	0,0	0,0	COMPLETA
2005	50238	Santa Eulalia de Gállego												SIN INFORMACIÓN
2005	50239	Santed												SIN INFORMACIÓN
2005	50240	Sástago	1,0	1,0	0,0	244,0	244,0	0,0	1,0	0,0	0,0	1,0	1,0	COMPLETA
2005	50241	Saviñán												SIN INFORMACIÓN
2005	50242	Sediles												SIN INFORMACIÓN
2005	50243	Sestrica												SIN INFORMACIÓN
2005	50244	Sierra de Luna	0,0	0,0	0,0	0,0	0,0	0,0	0,0	2,0	0,0	0,0	0,0	COMPLETA
2005	50245	Sigüés	0,0	0,0	0,0	0,0	0,0	0,0	0,0	1,0	0,0	0,0	0,0	COMPLETA
2005	50246	Sisamón												SIN INFORMACIÓN
2005	50247	Sobradiel	21,0	19,0	2,0	5894,0	3734,0	2160,0	20,0	4,0	1,0	1,0	0,0	COMPLETA
2005	50248	Sos del Rey Católico	10,0	10,0	0,0	3526,0	3526,0	0,0	17,0	1,0	0,0	0,0	0,0	COMPLETA
2005	50249	Tabuenca	1,0	1,0	0,0	531,0	531,0	0,0	1,0	2,0	0,0	1,0	0,0	COMPLETA
2005	50250	Talamantes												SIN INFORMACIÓN
2005	50251	Tarazona	14,0	9,0	5,0	15185,0	10997,0	4188,0	65,0	3,0	0,0	9,0	8,0	COMPLETA
2005	50252	Tauste	25,0	16,0	9,0	15727,0	10750,0	4977,0	60,0	4,0	0,0	22,0	15,0	COMPLETA
2005	50253	Terrer	10,0	10,0	0,0	1750,0	1750,0	0,0	10,0	0,0	0,0	0,0	0,0	COMPLETA
2005	50254	Tierga												SIN INFORMACIÓN
2005	50255	Tobed												SIN INFORMACIÓN
2005	50256	Torralba de los Frailes												SIN INFORMACIÓN
2005	50257	Torralba de Ribota	0,0	0,0	0,0	0,0	0,0	0,0	0,0	3,0	0,0	0,0	0,0	COMPLETA
2005	50258	Torralbilla												SIN INFORMACIÓN
2005	50259	Torrehermosa												SIN INFORMACIÓN
2005	50260	Torrelapaja												SIN INFORMACIÓN
2005	50261	Torrellas	1,0	1,0	0,0	217,0	217,0	0,0	1,0	0,0	0,0	3,0	0,0	COMPLETA
2005	50262	Torres de Berrellén	20,0	20,0	0,0	3689,0	3689,0	0,0	25,0	2,0	0,0	1,0	1,0	COMPLETA
2005	50263	Torrijo de la Cañada	1,0	1,0	0,0	66,0	66,0	0,0	1,0	0,0	0,0	0,0	0,0	COMPLETA
2005	50264	Tosos												SIN INFORMACIÓN
2005	50265	Trasmoz												SIN INFORMACIÓN
2005	50266	Trasobares												SIN INFORMACIÓN
2005	50267	Uncastillo	3,0	3,0	0,0	838,0	838,0	0,0	2,0	4,0	1,0	3,0	2,0	COMPLETA
2005	50268	Undués de Lerda	1,0	1,0	0,0	307,0	307,0	0,0	1,0	0,0	0,0	0,0	0,0	COMPLETA
2005	50269	Urrea de Jalón	1,0	1,0	0,0	167,0	167,0	0,0	1,0	0,0	0,0	0,0	0,0	COMPLETA
2005	50270	Urriés												SIN INFORMACIÓN
2005	50271	Used	1,0	1,0	0,0	229,0	229,0	0,0	1,0	0,0	0,0	0,0	0,0	COMPLETA
2005	50272	Utebo	131,0	116,0	15,0	78717,0	60429,0	18288,0	297,0	5,0	0,0	17,0	11,0	COMPLETA
2005	50273	Valdehorna												SIN INFORMACIÓN
2005	50274	Val de San Martín												SIN INFORMACIÓN
2005	50275	Valmadrid												SIN INFORMACIÓN
2005	50276	Valpalmas												SIN INFORMACIÓN
2005	50277	Valtorres												SIN INFORMACIÓN
2005	50278	Velilla de Ebro	4,0	4,0	0,0	534,0	534,0	0,0	4,0	0,0	0,0	2,0	1,0	COMPLETA
2005	50279	Velilla de Jiloca												SIN INFORMACIÓN
2005	50280	Vera de Moncayo	4,0	4,0	0,0	1245,0	1245,0	0,0	9,0	3,0	0,0	2,0	1,0	COMPLETA
2005	50281	Vierlas												SIN INFORMACIÓN
2005	50282	Vilueña (La)												SIN INFORMACIÓN
2005	50283	Villadoz												SIN INFORMACIÓN
2005	50284	Villafeliche												SIN INFORMACIÓN
2005	50285	Villafranca de Ebro	2,0	1,0	1,0	2080,0	1200,0	880,0	7,0	5,0	0,0	0,0	0,0	COMPLETA
2005	50286	Villalba de Perejil												SIN INFORMACIÓN
2005	50287	Villalengua												SIN INFORMACIÓN
2005	50288	Villanueva de Gállego	8,0	0,0	8,0	13733,0	0,0	13733,0	0,0	0,0	0,0	1,0	0,0	COMPLETA
2005	50289	Villanueva de Jiloca												SIN INFORMACIÓN
2005	50290	Villanueva de Huerva	4,0	0,0	4,0	2616,0	0,0	2616,0	0,0	1,0	0,0	0,0	0,0	COMPLETA
2005	50291	Villar de los Navarros												SIN INFORMACIÓN
2005	50292	Villarreal de Huerva	1,0	0,0	1,0	45,0	0,0	45,0	0,0	1,0	1,0	0,0	0,0	COMPLETA
2005	50293	Villarroya de la Sierra	3,0	0,0	3,0	1389,0	0,0	1389,0	0,0	2,0	0,0	0,0	0,0	COMPLETA
2005	50294	Villarroya del Campo												SIN INFORMACIÓN
2005	50295	Vistabella												SIN INFORMACIÓN
2005	50296	Zaida (La)												SIN INFORMACIÓN
2005	50297	Zaragoza	811,0	388,0	423,0	1653016,0	814605,0	838411,0	4609,0	438,0	153,0	298,0	492,0	COMPLETA
2005	50298	Zuera	83,0	82,0	1,0	43955,0	43843,0	112,0	225,0	3,0	3,0	12,0	2,0	COMPLETA
2005	50901	Biel	2,0	2,0	0,0	226,0	226,0	0,0	2,0	2,0	0,0	0,0	0,0	COMPLETA
2005	50902	Marracos												SIN INFORMACIÓN
2004	22001	Abiego												SIN INFORMACIÓN
2004	22002	Abizanda	1,0	0,0	1,0	218,0	0,0	218,0	0,0	0,0	0,0	1,0	0,0	COMPLETA
2004	22003	Adahuesca												SIN INFORMACIÓN
2004	22004	Agüero	11,0	10,0	1,0	2356,0	1895,0	461,0	10,0					INCOMPLETA
2004	22006	Aísa	2,0	2,0		371,0	371,0		2,0	1,0	1,0	1,0		INCOMPLETA
2004	22007	Albalate de Cinca	19,0	2,0	17,0	15589,0	198,0	15391,0	2,0	1,0	0,0	1,0	1,0	COMPLETA
2004	22008	Albalatillo												SIN INFORMACIÓN
2004	22009	Albelda	4,0	1,0	3,0	789,0	248,0	541,0	1,0	2,0		1,0		INCOMPLETA
2004	22011	Albero Alto	1,0	1,0		255,0	255,0		1,0					INCOMPLETA
2004	22012	Albero Bajo	2,0	2,0	0,0	336,0	336,0	0,0	2,0	1,0	0,0	0,0	0,0	COMPLETA
2004	22013	Alberuela de Tubo												SIN INFORMACIÓN
2004	22014	Alcalá de Gurrea												SIN INFORMACIÓN
2004	22015	Alcalá del Obispo	3,0	0,0	3,0	1740,0	0,0	1740,0	0,0	0,0	0,0	0,0	0,0	COMPLETA
2004	22016	Alcampell	6,0	2,0	4,0	2391,0	418,0	1973,0	2,0	0,0	0,0	0,0	0,0	COMPLETA
2004	22017	Alcolea de Cinca	8,0	2,0	6,0	6526,0	624,0	5902,0	2,0	1,0	1,0	0,0	0,0	COMPLETA
2004	22018	Alcubierre	6,0	3,0	3,0	2005,0	853,0	1152,0	3,0	0,0	0,0	0,0	0,0	COMPLETA
2004	22019	Alerre	3,0	2,0	1,0	1517,0	1149,0	368,0	2,0	0,0	0,0	0,0	0,0	COMPLETA
2004	22020	Alfántega	2,0	1,0	1,0	1514,0	443,0	1071,0	4,0	1,0	0,0	0,0	0,0	COMPLETA
2004	22021	Almudévar	111,0	95,0	16,0	27698,0	11979,0	15719,0	96,0	6,0	0,0	0,0	0,0	COMPLETA
2004	22022	Almunia de San Juan	1,0	1,0		318,0	318,0		1,0					INCOMPLETA
2004	22023	Almuniente	1,0	0,0	1,0	800,0	0,0	800,0	0,0	1,0	0,0	0,0	0,0	COMPLETA
2004	22024	Alquézar								3,0				INCOMPLETA
2004	22025	Altorricón	12,0	8,0	4,0	12946,0	2199,0	10747,0	8,0					INCOMPLETA
2004	22027	Angüés	3,0	1,0	2,0	2015,0	251,0	1764,0	1,0	4,0	0,0	0,0	0,0	COMPLETA
2004	22028	Ansó	1,0	1,0		133,0	133,0		1,0	1,0	1,0			INCOMPLETA
2004	22029	Antillón	6,0	0,0	6,0	4199,0	0,0	4199,0	0,0	1,0	0,0	0,0	0,0	COMPLETA
2004	22032	Aragüés del Puerto												SIN INFORMACIÓN
2004	22035	Arén	2,0	2,0	0,0	3124,0	3124,0	0,0	26,0	0,0	0,0	0,0	0,0	COMPLETA
2004	22036	Argavieso	2,0	2,0	0,0	466,0	466,0	0,0	2,0	1,0	0,0	0,0	0,0	COMPLETA
2004	22037	Arguis	3,0	3,0		764,0	764,0		3,0					INCOMPLETA
2004	22039	Ayerbe	4,0	3,0	1,0	1801,0	1600,0	201,0	14,0	9,0	2,0	1,0	0,0	COMPLETA
2004	22040	Azanuy-Alins	3,0	1,0	2,0	1057,0	340,0	717,0	1,0	0,0	0,0	1,0	1,0	COMPLETA
2004	22041	Azara												SIN INFORMACIÓN
2004	22042	Azlor												SIN INFORMACIÓN
2004	22043	Baells	5,0	1,0	4,0	2803,0	69,0	2734,0	1,0					INCOMPLETA
2004	22044	Bailo												SIN INFORMACIÓN
2004	22045	Baldellou												SIN INFORMACIÓN
2004	22046	Ballobar	2,0	1,0	1,0	465,0	235,0	230,0	1,0	1,0				INCOMPLETA
2004	22047	Banastás	2,0	2,0	0,0	352,0	352,0	0,0	2,0	0,0	0,0	0,0	0,0	COMPLETA
2004	22048	Barbastro	35,0	26,0	9,0	61521,0	50590,0	10931,0	319,0	6,0	6,0	5,0	12,0	COMPLETA
2004	22049	Barbués	4,0	0,0	4,0	3528,0	0,0	3528,0	0,0	0,0	0,0	0,0	0,0	COMPLETA
2004	22050	Barbuñales												SIN INFORMACIÓN
2004	22051	Bárcabo												SIN INFORMACIÓN
2004	22052	Belver de Cinca	12,0	3,0	9,0	4440,0	818,0	3622,0	3,0	4,0	1,0	0,0	0,0	COMPLETA
2004	22053	Benabarre	16,0	14,0	2,0	3625,0	2827,0	798,0	14,0	2,0	0,0	0,0	0,0	COMPLETA
2004	22054	Benasque	40,0	38,0	2,0	27732,0	26726,0	1006,0	171,0	3,0	1,0	7,0	7,0	COMPLETA
2004	22055	Berbegal	1,0	0,0	1,0	360,0	0,0	360,0	0,0	0,0	0,0	0,0	0,0	COMPLETA
2004	22057	Bielsa	11,0	10,0	1,0	5663,0	5367,0	296,0	39,0	7,0	7,0	1,0	0,0	COMPLETA
2004	22058	Bierge	1,0	0,0	1,0	1005,0	0,0	1005,0	0,0	1,0	0,0	0,0	0,0	COMPLETA
2004	22059	Biescas	5,0	4,0	1,0	6879,0	6258,0	621,0	73,0	3,0	4,0	0,0	0,0	COMPLETA
2004	22060	Binaced	3,0	2,0	1,0	1046,0	406,0	640,0	2,0	2,0	0,0	1,0	1,0	COMPLETA
2004	22061	Binéfar	22,0	16,0	6,0	18299,0	17423,0	876,0	99,0	13,0	7,0	9,0	7,0	COMPLETA
2004	22062	Bisaurri	1,0	1,0	0,0	334,0	334,0	0,0	3,0	3,0	4,0	1,0	1,0	COMPLETA
2004	22063	Biscarrués	1,0	1,0		270,0	270,0		1,0	1,0				INCOMPLETA
2004	22064	Blecua y Torres	1,0	0,0	1,0	600,0	0,0	600,0	0,0	3,0	0,0	0,0	0,0	COMPLETA
2004	22066	Boltaña	6,0	6,0		4979,0	4979,0		53,0	8,0	3,0	2,0		INCOMPLETA
2004	22067	Bonansa												SIN INFORMACIÓN
2004	22068	Borau												SIN INFORMACIÓN
2004	22069	Broto	4,0	4,0	0,0	2974,0	2974,0	0,0	28,0	5,0	7,0	0,0	0,0	COMPLETA
2004	22072	Caldearenas	1,0		1,0	1000,0		1000,0						INCOMPLETA
2004	22074	Campo												SIN INFORMACIÓN
2004	22075	Camporrells	1,0	0,0	1,0	70,0	0,0	70,0	0,0	0,0	0,0	0,0	0,0	COMPLETA
2004	22076	Canal de Berdún	1,0	1,0	0,0	144,0	144,0	0,0	1,0	1,0	0,0	0,0	0,0	COMPLETA
2004	22077	Candasnos	2,0	2,0		515,0	515,0		2,0	3,0				INCOMPLETA
2004	22078	Canfranc	3,0	3,0	0,0	4429,0	4429,0	0,0	36,0	1,0	0,0	0,0	0,0	COMPLETA
2004	22079	Capdesaso	4,0	1,0	3,0	2084,0	106,0	1978,0	1,0	0,0	0,0	0,0	0,0	COMPLETA
2004	22080	Capella	12,0	1,0	11,0	12257,0	1047,0	11210,0	3,0	0,0	0,0	1,0	1,0	COMPLETA
2004	22081	Casbas de Huesca	5,0	4,0	1,0	1841,0	1361,0	480,0	8,0	1,0	0,0	3,0	1,0	COMPLETA
2004	22082	Castejón del Puente	0,0	0,0	0,0	0,0	0,0	0,0	0,0	1,0	0,0	0,0	0,0	COMPLETA
2004	22083	Castejón de Monegros	5,0	0,0	5,0	1931,0	0,0	1931,0	0,0	2,0	0,0	0,0	0,0	COMPLETA
2004	22084	Castejón de Sos	10,0	10,0	0,0	7885,0	7885,0	0,0	76,0	7,0	5,0	0,0	1,0	COMPLETA
2004	22085	Castelflorite												SIN INFORMACIÓN
2004	22086	Castiello de Jaca	5,0	4,0	1,0	2567,0	1218,0	1349,0	14,0					INCOMPLETA
2004	22087	Castigaleu	2,0	0,0	2,0	2058,0	0,0	2058,0	0,0	0,0	0,0	0,0	0,0	COMPLETA
2004	22088	Castillazuelo												INCOMPLETA
2004	22089	Castillonroy	5,0	5,0	0,0	773,0	773,0	0,0	5,0	0,0	0,0	0,0	0,0	COMPLETA
2004	22090	Colungo	3,0	2,0	1,0	447,0	400,0	47,0	2,0	1,0				INCOMPLETA
2004	22094	Chalamera												SIN INFORMACIÓN
2004	22095	Chía	1,0	1,0	0,0	262,0	262,0	0,0	1,0	3,0	3,0	0,0	0,0	COMPLETA
2004	22096	Chimillas	2,0	2,0	0,0	852,0	852,0	0,0	2,0	0,0	0,0	0,0	0,0	COMPLETA
2004	22099	Esplús	3,0	3,0		740,0	740,0		3,0	1,0	2,0			INCOMPLETA
2004	22102	Estada												SIN INFORMACIÓN
2004	22103	Estadilla												SIN INFORMACIÓN
2004	22105	Estopiñán del Castillo	13,0	2,0	11,0	6255,0	359,0	5896,0	2,0	5,0	1,0	2,0	1,0	COMPLETA
2004	22106	Fago												SIN INFORMACIÓN
2004	22107	Fanlo	0,0	0,0	0,0	0,0	0,0	0,0	0,0	1,0	0,0	0,0	0,0	COMPLETA
2004	22109	Fiscal												SIN INFORMACIÓN
2004	22110	Fonz	4,0	3,0	1,0	866,0	763,0	103,0	3,0	1,0	0,0	2,0	0,0	COMPLETA
2004	22111	Foradada del Toscar												SIN INFORMACIÓN
2004	22112	Fraga	13,0	10,0	3,0	15666,0	10609,0	5057,0	60,0	3,0	0,0	0,0	0,0	COMPLETA
2004	22113	Fueva (La)												SIN INFORMACIÓN
2004	22114	Gistaín												SIN INFORMACIÓN
2004	22115	Grado (El)	2,0		2,0	324,0		324,0						INCOMPLETA
2004	22116	Grañén	20,0	2,0	18,0	15162,0	501,0	14661,0	2,0	4,0	2,0	2,0	0,0	COMPLETA
2004	22117	Graus	18,0	3,0	15,0	13531,0	2578,0	10953,0	10,0	10,0	6,0	0,0	2,0	COMPLETA
2004	22119	Gurrea de Gállego	5,0	0,0	5,0	470,0	0,0	470,0	0,0	2,0	1,0	0,0	0,0	COMPLETA
2004	22122	Hoz de Jaca												SIN INFORMACIÓN
2004	22124	Huerto												SIN INFORMACIÓN
2004	22125	Huesca	41,0	28,0	13,0	156879,0	148227,0	8652,0	696,0	3,0	7,0	0,0	0,0	COMPLETA
2004	22126	Ibieca	1,0		1,0	165,0		165,0						INCOMPLETA
2004	22127	Igriés	4,0	3,0	1,0	878,0	733,0	145,0	3,0					INCOMPLETA
2004	22128	Ilche												SIN INFORMACIÓN
2004	22129	Isábena	2,0	1,0	1,0	1593,0	908,0	685,0	10,0	0,0	0,0	1,0	0,0	COMPLETA
2004	22130	Jaca	104,0	96,0	8,0	64499,0	59815,0	4684,0	318,0	27,0	31,0	0,0	7,0	COMPLETA
2004	22131	Jasa												SIN INFORMACIÓN
2004	22133	Labuerda	1,0	1,0		199,0	199,0		1,0	2,0	1,0			INCOMPLETA
2004	22135	Laluenga	9,0	3,0	6,0	7527,0	637,0	6890,0	3,0	1,0	0,0	0,0	0,0	COMPLETA
2004	22136	Lalueza	8,0	1,0	7,0	5170,0	160,0	5010,0	1,0	1,0	0,0	0,0	0,0	COMPLETA
2004	22137	Lanaja	1,0	1,0		141,0	141,0		1,0	1,0				INCOMPLETA
2004	22139	Laperdiguera	2,0	0,0	2,0	1764,0	0,0	1764,0	0,0	0,0	0,0	0,0	0,0	COMPLETA
2004	22141	Lascellas-Ponzano	3,0	0,0	3,0	1123,0	0,0	1123,0	0,0	1,0	2,0	0,0	1,0	COMPLETA
2004	22142	Lascuarre	4,0	4,0	0,0	835,0	835,0	0,0	4,0	1,0	1,0	0,0	0,0	COMPLETA
2004	22143	Laspaúles	8,0	8,0	0,0	5873,0	5873,0	0,0	51,0	3,0	2,0	1,0	0,0	COMPLETA
2004	22144	Laspuña												SIN INFORMACIÓN
2004	22149	Loarre	1,0	1,0		173,0	173,0		1,0			1,0		INCOMPLETA
2004	22150	Loporzano	2,0	2,0	0,0	276,0	276,0	0,0	2,0	1,0	0,0	0,0	0,0	COMPLETA
2004	22151	Loscorrales												SIN INFORMACIÓN
2004	22155	Monesma y Cajigar												SIN INFORMACIÓN
2004	22156	Monflorite-Lascasas	2,0	2,0	0,0	665,0	665,0	0,0	2,0	0,0	0,0	0,0	0,0	COMPLETA
2004	22157	Montanuy	1,0	1,0	0,0	828,0	828,0	0,0	6,0	2,0	1,0	0,0	0,0	COMPLETA
2004	22158	Monzón	35,0	34,0	1,0	16393,0	16273,0	120,0	87,0	2,0	1,0	0,0	0,0	COMPLETA
2004	22160	Naval												SIN INFORMACIÓN
2004	22162	Novales	2,0		2,0	1794,0		1794,0						INCOMPLETA
2004	22163	Nueno	4,0	3,0	1,0	1282,0	566,0	716,0	3,0	3,0		2,0	1,0	INCOMPLETA
2004	22164	Olvena												SIN INFORMACIÓN
2004	22165	Ontiñena	1,0	1,0	0,0	227,0	227,0	0,0	1,0	0,0	0,0	0,0	0,0	COMPLETA
2004	22167	Osso de Cinca	6,0	5,0	1,0	1436,0	1004,0	432,0	5,0	0,0	0,0	0,0	0,0	COMPLETA
2004	22168	Palo												SIN INFORMACIÓN
2004	22170	Panticosa												SIN INFORMACIÓN
2004	22172	Peñalba												SIN INFORMACIÓN
2004	22173	Peñas de Riglos (Las)	0,0	0,0	0,0	0,0	0,0	0,0	0,0	4,0	0,0	0,0	0,0	INCOMPLETA
2004	22174	Peralta de Alcofea	12,0	5,0	7,0	6470,0	1355,0	5115,0	5,0	1,0	1,0	0,0	0,0	COMPLETA
2004	22175	Peralta de Calasanz	0,0	0,0	0,0	0,0	0,0	0,0	0,0	1,0	0,0	0,0	0,0	COMPLETA
2004	22176	Peraltilla												SIN INFORMACIÓN
2004	22177	Perarrúa												SIN INFORMACIÓN
2004	22178	Pertusa	1,0		1,0	435,0		435,0						INCOMPLETA
2004	22181	Piracés												SIN INFORMACIÓN
2004	22182	Plan	0,0	0,0	0,0	0,0	0,0	0,0	0,0	2,0	1,0	0,0	0,0	COMPLETA
2004	22184	Poleñino	2,0	0,0	2,0	1449,0	0,0	1449,0	0,0	0,0	0,0	0,0	0,0	COMPLETA
2004	22186	Pozán de Vero	1,0	1,0		377,0	377,0		1,0	2,0				INCOMPLETA
2004	22187	Puebla de Castro (La)												SIN INFORMACIÓN
2004	22188	Puente de Montañana	1,0	0,0	1,0	1208,0	0,0	1208,0	0,0	1,0	0,0	0,0	0,0	COMPLETA
2004	22189	Puértolas												SIN INFORMACIÓN
2004	22190	Pueyo de Araguás (El)												SIN INFORMACIÓN
2004	22193	Pueyo de Santa Cruz	1,0	1,0		346,0	346,0		1,0	1,0	1,0			INCOMPLETA
2004	22195	Quicena												SIN INFORMACIÓN
2004	22197	Robres	10,0	0,0	10,0	7894,0	0,0	7894,0	0,0	0,0	0,0	0,0	0,0	COMPLETA
2004	22199	Sabiñánigo	30,0	27,0	3,0	44481,0	43621,0	860,0	379,0	11,0	9,0	4,0	1,0	COMPLETA
2004	22200	Sahún												SIN INFORMACIÓN
2004	22201	Salas Altas												SIN INFORMACIÓN
2004	22202	Salas Bajas												SIN INFORMACIÓN
2004	22203	Salillas												SIN INFORMACIÓN
2004	22204	Sallent de Gállego	10,0	8,0	2,0	7490,0	2330,0	5160,0	12,0	7,0	37,0	1,0	0,0	COMPLETA
2004	22205	San Esteban de Litera								1,0		1,0	1,0	INCOMPLETA
2004	22206	Sangarrén	1,0		1,0	300,0		300,0		2,0	2,0			INCOMPLETA
2004	22207	San Juan de Plan												SIN INFORMACIÓN
2004	22208	Santa Cilia												SIN INFORMACIÓN
2004	22209	Santa Cruz de la Serós												SIN INFORMACIÓN
2004	22212	Santaliestra y San Quílez												SIN INFORMACIÓN
2004	22213	Sariñena	67,0	59,0	8,0	13925,0	9431,0	4494,0	59,0	2,0	0,0	4,0	4,0	COMPLETA
2004	22214	Secastilla												SIN INFORMACIÓN
2004	22215	Seira												SIN INFORMACIÓN
2004	22217	Sena	3,0	0,0	3,0	1847,0	0,0	1847,0	0,0	3,0	1,0	1,0	0,0	COMPLETA
2004	22218	Senés de Alcubierre												SIN INFORMACIÓN
2004	22220	Sesa	1,0	0,0	1,0	172,0	0,0	172,0	0,0	1,0	0,0	0,0	0,0	COMPLETA
2004	22221	Sesué	2,0	2,0	0,0	1025,0	1025,0	0,0	12,0	0,0	0,0	0,0	0,0	COMPLETA
2004	22222	Siétamo	23,0	22,0	1,0	4821,0	4101,0	720,0	22,0	1,0	0,0	0,0	0,0	COMPLETA
2004	22223	Sopeira												SIN INFORMACIÓN
2004	22225	Tamarite de Litera	6,0	6,0		2244,0	2244,0		11,0	3,0	1,0			INCOMPLETA
2004	22226	Tardienta	5,0	3,0	2,0	2860,0	914,0	1946,0	3,0	0,0	0,0	0,0	0,0	COMPLETA
2004	22227	Tella-Sin	0,0	0,0	0,0	0,0	0,0	0,0	0,0	1,0	0,0	0,0	0,0	COMPLETA
2004	22228	Tierz	4,0	3,0	1,0	1474,0	754,0	720,0	3,0	1,0	1,0	1,0	0,0	COMPLETA
2004	22229	Tolva												SIN INFORMACIÓN
2004	22230	Torla-Ordesa	2,0	1,0	1,0	1000,0	280,0	720,0	1,0	3,0	2,0	0,0	0,0	COMPLETA
2004	22232	Torralba de Aragón	2,0	0,0	2,0	1764,0	0,0	1764,0	0,0	0,0	0,0	0,0	0,0	COMPLETA
2004	22233	Torre la Ribera												SIN INFORMACIÓN
2004	22234	Torrente de Cinca	3,0	1,0	2,0	1957,0	471,0	1486,0	1,0	5,0				INCOMPLETA
2004	22235	Torres de Alcanadre												SIN INFORMACIÓN
2004	22236	Torres de Barbués	2,0	0,0	2,0	1199,0	0,0	1199,0	0,0	0,0	0,0	0,0	0,0	COMPLETA
2004	22239	Tramaced												SIN INFORMACIÓN
2004	22242	Valfarta												SIN INFORMACIÓN
2004	22243	Valle de Bardají												SIN INFORMACIÓN
2004	22244	Valle de Lierp												SIN INFORMACIÓN
2004	22245	Velilla de Cinca	2,0	2,0	0,0	714,0	714,0	0,0	2,0	1,0	0,0	1,0	1,0	COMPLETA
2004	22246	Beranuy												SIN INFORMACIÓN
2004	22247	Viacamp y Litera												SIN INFORMACIÓN
2004	22248	Vicién	2,0		2,0	1534,0		1534,0						INCOMPLETA
2004	22249	Villanova	1,0		1,0	1450,0		1450,0						INCOMPLETA
2004	22250	Villanúa	24,0	24,0	0,0	11123,0	11123,0	0,0	112,0	1,0	0,0	1,0	0,0	COMPLETA
2004	22251	Villanueva de Sigena	7,0	2,0	5,0	1481,0	472,0	1009,0	2,0	0,0	0,0	2,0	2,0	COMPLETA
2004	22252	Yebra de Basa												SIN INFORMACIÓN
2004	22253	Yésero	0,0	0,0	0,0	0,0	0,0	0,0	0,0	1,0	5,0	0,0	0,0	COMPLETA
2004	22254	Zaidín	10,0	3,0	7,0	5230,0	2074,0	3156,0	14,0	4,0	1,0	0,0	0,0	COMPLETA
2004	22901	Valle de Hecho	3,0	3,0	0,0	849,0	849,0	0,0	3,0	1,0	0,0	1,0	1,0	COMPLETA
2004	22902	Puente la Reina de Jaca												SIN INFORMACIÓN
2004	22903	San Miguel del Cinca	4,0	1,0	3,0	2653,0	420,0	2233,0	1,0	1,0	1,0	0,0	0,0	INCOMPLETA
2004	22904	Sotonera (La)	6,0	3,0	3,0	2083,0	597,0	1486,0	3,0	9,0	2,0	1,0	0,0	INCOMPLETA
2004	22905	Lupiñén-Ortilla												SIN INFORMACIÓN
2004	22906	Santa María de Dulcis	1,0		1,0	882,0		882,0						INCOMPLETA
2004	22907	Aínsa-Sobrarbe	8,0	7,0	1,0	12392,0	11899,0	493,0	83,0	4,0	2,0	2,0	0,0	COMPLETA
2004	22908	Hoz y Costeán												SIN INFORMACIÓN
2004	22909	Vencillón	2,0	2,0		412,0	412,0		2,0					INCOMPLETA
2004	44001	Ababuj												SIN INFORMACIÓN
2004	44002	Abejuela												SIN INFORMACIÓN
2004	44003	Aguatón												SIN INFORMACIÓN
2004	44004	Aguaviva	11,0	10,0	1,0	2791,0	2543,0	248,0	10,0	1,0	0,0	0,0	0,0	COMPLETA
2004	44005	Aguilar del Alfambra	2,0	0,0	2,0	2424,0	0,0	2424,0	0,0	0,0	0,0	0,0	0,0	COMPLETA
2004	44006	Alacón												SIN INFORMACIÓN
2004	44007	Alba												SIN INFORMACIÓN
2004	44008	Albalate del Arzobispo	7,0	6,0	1,0	1443,0	1335,0	108,0	6,0	4,0	0,0	3,0	1,0	COMPLETA
2004	44009	Albarracín	1,0	1,0		189,0	189,0		1,0	3,0			1,0	INCOMPLETA
2004	44010	Albentosa	2,0	2,0	0,0	508,0	508,0	0,0	2,0	1,0	0,0	1,0	1,0	COMPLETA
2004	44011	Alcaine												SIN INFORMACIÓN
2004	44012	Alcalá de la Selva	39,0	39,0	0,0	9612,0	9612,0	0,0	65,0	6,0	1,0	0,0	0,0	COMPLETA
2004	44013	Alcañiz	71,0	57,0	14,0	58948,0	52715,0	6233,0	276,0	29,0	19,0	19,0	24,0	COMPLETA
2004	44014	Alcorisa	15,0	8,0	7,0	7309,0	4788,0	2521,0	24,0	5,0	1,0	5,0	3,0	COMPLETA
2004	44016	Alfambra	1,0	1,0		500,0	500,0		1,0					INCOMPLETA
2004	44017	Aliaga												SIN INFORMACIÓN
2004	44018	Almohaja												SIN INFORMACIÓN
2004	44019	Alobras												SIN INFORMACIÓN
2004	44020	Alpeñés												SIN INFORMACIÓN
2004	44021	Allepuz												SIN INFORMACIÓN
2004	44022	Alloza	1,0	0,0	1,0	72,0	0,0	72,0	0,0	1,0	0,0	0,0	0,0	COMPLETA
2004	44023	Allueva												SIN INFORMACIÓN
2004	44024	Anadón												SIN INFORMACIÓN
2004	44025	Andorra	38,0	27,0	11,0	11489,0	6937,0	4552,0	28,0	6,0	0,0	0,0	0,0	COMPLETA
2004	44026	Arcos de las Salinas												SIN INFORMACIÓN
2004	44027	Arens de Lledó												SIN INFORMACIÓN
2004	44028	Argente												SIN INFORMACIÓN
2004	44029	Ariño	2,0	1,0	1,0	335,0	207,0	128,0	1,0					INCOMPLETA
2004	44031	Azaila												SIN INFORMACIÓN
2004	44032	Bádenas												SIN INFORMACIÓN
2004	44033	Báguena	0,0	0,0	0,0	0,0	0,0	0,0	0,0	1,0	0,0	0,0	0,0	COMPLETA
2004	44034	Bañón												SIN INFORMACIÓN
2004	44035	Barrachina												SIN INFORMACIÓN
2004	44036	Bea												SIN INFORMACIÓN
2004	44037	Beceite	1,0	0,0	1,0	48,0	0,0	48,0	0,0	0,0	0,0	0,0	0,0	COMPLETA
2004	44038	Belmonte de San José												SIN INFORMACIÓN
2004	44039	Bello	1,0	1,0	0,0	264,0	264,0	0,0	1,0	0,0	0,0	0,0	0,0	COMPLETA
2004	44040	Berge	9,0	9,0	0,0	1752,0	1752,0	0,0	9,0	2,0	0,0	1,0	1,0	COMPLETA
2004	44041	Bezas												SIN INFORMACIÓN
2004	44042	Blancas	4,0	0,0	4,0	3582,0	0,0	3582,0	0,0	0,0	0,0	0,0	0,0	COMPLETA
2004	44043	Blesa												SIN INFORMACIÓN
2004	44044	Bordón												SIN INFORMACIÓN
2004	44045	Bronchales	8,0	7,0	1,0	6126,0	5989,0	137,0	38,0	1,0	0,0	0,0	0,0	COMPLETA
2004	44046	Bueña												SIN INFORMACIÓN
2004	44047	Burbáguena												SIN INFORMACIÓN
2004	44048	Cabra de Mora	1,0	1,0	0,0	541,0	541,0	0,0	2,0	2,0	0,0	0,0	0,0	COMPLETA
2004	44049	Calaceite	5,0	2,0	3,0	1638,0	382,0	1256,0	2,0	5,0	1,0	0,0	0,0	COMPLETA
2004	44050	Calamocha	21,0	10,0	11,0	13205,0	4273,0	8932,0	10,0	3,0	1,0	14,0	6,0	COMPLETA
2004	44051	Calanda	52,0	42,0	10,0	19078,0	8315,0	10763,0	46,0	2,0	0,0	3,0	1,0	COMPLETA
2004	44052	Calomarde												SIN INFORMACIÓN
2004	44053	Camañas												SIN INFORMACIÓN
2004	44054	Camarena de la Sierra												SIN INFORMACIÓN
2004	44055	Camarillas								1,0				INCOMPLETA
2004	44056	Caminreal	3,0	2,0	1,0	787,0	575,0	212,0	2,0	0,0	0,0	1,0	1,0	COMPLETA
2004	44059	Cantavieja	2,0	2,0	0,0	359,0	359,0	0,0	2,0	1,0	1,0	1,0	1,0	COMPLETA
2004	44060	Cañada de Benatanduz												SIN INFORMACIÓN
2004	44061	Cañada de Verich (La)												SIN INFORMACIÓN
2004	44062	Cañada Vellida												SIN INFORMACIÓN
2004	44063	Cañizar del Olivar	1,0	1,0		456,0	456,0		1,0					INCOMPLETA
2004	44064	Cascante del Río												SIN INFORMACIÓN
2004	44065	Castejón de Tornos												SIN INFORMACIÓN
2004	44066	Castel de Cabra												SIN INFORMACIÓN
2004	44067	Castelnou												SIN INFORMACIÓN
2004	44068	Castelserás	7,0	7,0	0,0	2468,0	2468,0	0,0	7,0	2,0	1,0	3,0	1,0	COMPLETA
2004	44070	Castellar (El)	0,0	0,0	0,0	0,0	0,0	0,0	0,0	1,0	0,0	0,0	0,0	INCOMPLETA
2004	44071	Castellote	2,0	2,0		297,0	297,0		2,0	3,0	2,0			INCOMPLETA
2004	44074	Cedrillas	5,0	5,0	0,0	3394,0	3394,0	0,0	19,0	2,0	3,0	0,0	1,0	COMPLETA
2004	44075	Celadas												SIN INFORMACIÓN
2004	44076	Cella	17,0	13,0	4,0	7855,0	6023,0	1832,0	20,0	0,0	0,0	1,0	0,0	COMPLETA
2004	44077	Cerollera (La)												SIN INFORMACIÓN
2004	44080	Codoñera (La)	1,0	1,0	0,0	199,0	199,0	0,0	1,0	0,0	0,0	0,0	0,0	INCOMPLETA
2004	44082	Corbalán												SIN INFORMACIÓN
2004	44084	Cortes de Aragón												SIN INFORMACIÓN
2004	44085	Cosa												SIN INFORMACIÓN
2004	44086	Cretas												SIN INFORMACIÓN
2004	44087	Crivillén												SIN INFORMACIÓN
2004	44088	Cuba (La)	3,0	1,0	2,0	817,0	569,0	248,0	0,0	0,0	0,0	0,0	0,0	INCOMPLETA
2004	44089	Cubla												SIN INFORMACIÓN
2004	44090	Cucalón												SIN INFORMACIÓN
2004	44092	Cuervo (El)												SIN INFORMACIÓN
2004	44093	Cuevas de Almudén												SIN INFORMACIÓN
2004	44094	Cuevas Labradas												SIN INFORMACIÓN
2004	44096	Ejulve												SIN INFORMACIÓN
2004	44097	Escorihuela												SIN INFORMACIÓN
2004	44099	Escucha	1,0	1,0	0,0	232,0	232,0	0,0	1,0	3,0	0,0	0,0	0,0	COMPLETA
2004	44100	Estercuel	0,0	0,0	0,0	0,0	0,0	0,0	0,0	1,0	0,0	0,0	0,0	COMPLETA
2004	44101	Ferreruela de Huerva												SIN INFORMACIÓN
2004	44102	Fonfría												SIN INFORMACIÓN
2004	44103	Formiche Alto												SIN INFORMACIÓN
2004	44105	Fórnoles												SIN INFORMACIÓN
2004	44106	Fortanete	0,0	0,0	0,0	0,0	0,0	0,0	0,0	2,0	0,0	1,0	1,0	COMPLETA
2004	44107	Foz-Calanda	1,0	0,0	1,0	150,0	0,0	150,0	0,0	0,0	0,0	1,0	1,0	COMPLETA
2004	44108	Fresneda (La)												SIN INFORMACIÓN
2004	44109	Frías de Albarracín	1,0	1,0	0,0	50,0	50,0	0,0	1,0	0,0	0,0	0,0	0,0	COMPLETA
2004	44110	Fuenferrada												SIN INFORMACIÓN
2004	44111	Fuentes Calientes												SIN INFORMACIÓN
2004	44112	Fuentes Claras	4,0		4,0	1436,0		1436,0						INCOMPLETA
2004	44113	Fuentes de Rubielos	0,0	0,0	0,0	0,0	0,0	0,0	0,0	3,0	0,0	0,0	0,0	COMPLETA
2004	44114	Fuentespalda	0,0	0,0	0,0	0,0	0,0	0,0	0,0	3,0	0,0	0,0	0,0	COMPLETA
2004	44115	Galve												SIN INFORMACIÓN
2004	44116	Gargallo												SIN INFORMACIÓN
2004	44117	Gea de Albarracín	0,0	0,0	0,0	0,0	0,0	0,0	0,0	2,0	3,0	0,0	0,0	COMPLETA
2004	44118	Ginebrosa (La)												SIN INFORMACIÓN
2004	44119	Griegos	1,0	1,0	0,0	228,0	228,0	0,0	1,0	0,0	0,0	0,0	0,0	COMPLETA
2004	44120	Guadalaviar	5,0	5,0	0,0	1316,0	1316,0	0,0	5,0	0,0	0,0	0,0	0,0	COMPLETA
2004	44121	Gúdar	2,0	2,0		508,0	508,0		2,0	2,0				INCOMPLETA
2004	44122	Híjar	6,0	2,0	4,0	893,0	662,0	231,0	2,0	5,0	2,0	2,0	2,0	COMPLETA
2004	44123	Hinojosa de Jarque												SIN INFORMACIÓN
2004	44124	Hoz de la Vieja (La)												SIN INFORMACIÓN
2004	44125	Huesa del Común												SIN INFORMACIÓN
2004	44126	Iglesuela del Cid (La)												SIN INFORMACIÓN
2004	44127	Jabaloyas												SIN INFORMACIÓN
2004	44128	Jarque de la Val												SIN INFORMACIÓN
2004	44129	Jatiel												SIN INFORMACIÓN
2004	44130	Jorcas												SIN INFORMACIÓN
2004	44131	Josa												SIN INFORMACIÓN
2004	44132	Lagueruela												SIN INFORMACIÓN
2004	44133	Lanzuela												SIN INFORMACIÓN
2004	44135	Libros												SIN INFORMACIÓN
2004	44136	Lidón												SIN INFORMACIÓN
2004	44137	Linares de Mora	3,0	3,0		548,0	548,0		3,0	5,0	2,0		1,0	INCOMPLETA
2004	44138	Loscos	1,0	0,0	1,0	555,0	0,0	555,0	0,0	0,0	0,0	0,0	0,0	COMPLETA
2004	44141	Lledó												SIN INFORMACIÓN
2004	44142	Maicas												SIN INFORMACIÓN
2004	44143	Manzanera	6,0	6,0	0,0	1410,0	1410,0	0,0	11,0	2,0	0,0	1,0	1,0	COMPLETA
2004	44144	Martín del Río												SIN INFORMACIÓN
2004	44145	Mas de las Matas	4,0	1,0	3,0	2649,0	213,0	2436,0	1,0	0,0	0,0	0,0	0,0	COMPLETA
2004	44146	Mata de los Olmos (La)												SIN INFORMACIÓN
2004	44147	Mazaleón	3,0	2,0	1,0	644,0	462,0	182,0	2,0	2,0	1,0	1,0	1,0	COMPLETA
2004	44148	Mezquita de Jarque												SIN INFORMACIÓN
2004	44149	Mirambel	1,0	0,0	1,0	252,0	0,0	252,0	0,0	0,0	0,0	0,0	0,0	COMPLETA
2004	44150	Miravete de la Sierra												SIN INFORMACIÓN
2004	44151	Molinos	0,0	0,0	0,0	0,0	0,0	0,0	0,0	0,0	0,0	1,0	1,0	COMPLETA
2004	44152	Monforte de Moyuela												SIN INFORMACIÓN
2004	44153	Monreal del Campo	31,0	23,0	8,0	11457,0	6954,0	4503,0	37,0	2,0	0,0	5,0	5,0	COMPLETA
2004	44154	Monroyo												SIN INFORMACIÓN
2004	44155	Montalbán	0,0	0,0	0,0	0,0	0,0	0,0	0,0	1,0	0,0	0,0	0,0	COMPLETA
2004	44156	Monteagudo del Castillo												SIN INFORMACIÓN
2004	44157	Monterde de Albarracín												SIN INFORMACIÓN
2004	44158	Mora de Rubielos	19,0	18,0	1,0	9062,0	8945,0	117,0	64,0	9,0	15,0	4,0	8,0	COMPLETA
2004	44159	Moscardón												SIN INFORMACIÓN
2004	44160	Mosqueruela	6,0	6,0	0,0	2250,0	2250,0	0,0	16,0	3,0	0,0	1,0	1,0	COMPLETA
2004	44161	Muniesa	3,0	2,0	1,0	1336,0	351,0	985,0	2,0	0,0	0,0	0,0	0,0	COMPLETA
2004	44163	Noguera de Albarracín												SIN INFORMACIÓN
2004	44164	Nogueras												SIN INFORMACIÓN
2004	44165	Nogueruelas	2,0	1,0	1,0	435,0	363,0	72,0	1,0	6,0	2,0	0,0	1,0	COMPLETA
2004	44167	Obón												SIN INFORMACIÓN
2004	44168	Odón	1,0	1,0	0,0	185,0	185,0	0,0	1,0	0,0	0,0	0,0	0,0	COMPLETA
2004	44169	Ojos Negros	4,0	3,0	1,0	1222,0	646,0	576,0	3,0	9,0	2,0	0,0	1,0	COMPLETA
2004	44171	Olba	3,0	3,0	0,0	748,0	748,0	0,0	3,0	1,0	1,0	0,0	0,0	COMPLETA
2004	44172	Oliete												SIN INFORMACIÓN
2004	44173	Olmos (Los)												SIN INFORMACIÓN
2004	44174	Orihuela del Tremedal												SIN INFORMACIÓN
2004	44175	Orrios												SIN INFORMACIÓN
2004	44176	Palomar de Arroyos	0,0	0,0	0,0	0,0	0,0	0,0	0,0	0,0	0,0	1,0	0,0	COMPLETA
2004	44177	Pancrudo												SIN INFORMACIÓN
2004	44178	Parras de Castellote (Las)												SIN INFORMACIÓN
2004	44179	Peñarroya de Tastavins												SIN INFORMACIÓN
2004	44180	Peracense												SIN INFORMACIÓN
2004	44181	Peralejos												SIN INFORMACIÓN
2004	44182	Perales del Alfambra												SIN INFORMACIÓN
2004	44183	Pitarque												SIN INFORMACIÓN
2004	44184	Plou												SIN INFORMACIÓN
2004	44185	Pobo (El)												SIN INFORMACIÓN
2004	44187	Portellada (La)												SIN INFORMACIÓN
2004	44189	Pozondón	0,0	0,0	0,0	0,0	0,0	0,0	0,0	1,0	0,0	0,0	0,0	COMPLETA
2004	44190	Pozuel del Campo												SIN INFORMACIÓN
2004	44191	Puebla de Híjar (La)	3,0	3,0	0,0	763,0	763,0	0,0	3,0	3,0	0,0	0,0	0,0	INCOMPLETA
2004	44192	Puebla de Valverde (La)	1,0	0,0	1,0	302,0	0,0	302,0	0,0	2,0	0,0	2,0	2,0	INCOMPLETA
2004	44193	Puertomingalvo												SIN INFORMACIÓN
2004	44194	Ráfales												SIN INFORMACIÓN
2004	44195	Rillo												SIN INFORMACIÓN
2004	44196	Riodeva												SIN INFORMACIÓN
2004	44197	Ródenas	0,0	0,0	0,0	0,0	0,0	0,0	0,0	1,0	0,0	0,0	0,0	COMPLETA
2004	44198	Royuela												SIN INFORMACIÓN
2004	44199	Rubiales												SIN INFORMACIÓN
2004	44200	Rubielos de la Cérida												SIN INFORMACIÓN
2004	44201	Rubielos de Mora	10,0	10,0		3786,0	3786,0		21,0	7,0		4,0	2,0	INCOMPLETA
2004	44203	Salcedillo												SIN INFORMACIÓN
2004	44204	Saldón												SIN INFORMACIÓN
2004	44205	Samper de Calanda	7,0	5,0	2,0	2039,0	1444,0	595,0	5,0	1,0	0,0	6,0	6,0	COMPLETA
2004	44206	San Agustín	3,0	3,0	0,0	535,0	535,0	0,0	3,0	1,0	0,0	0,0	0,0	COMPLETA
2004	44207	San Martín del Río												SIN INFORMACIÓN
2004	44208	Santa Cruz de Nogueras												SIN INFORMACIÓN
2004	44209	Santa Eulalia	8,0	2,0	6,0	3477,0	563,0	2914,0	2,0	2,0	0,0	2,0	0,0	COMPLETA
2004	44210	Sarrión	8,0	6,0	2,0	3210,0	2847,0	363,0	16,0	6,0	1,0	1,0	1,0	COMPLETA
2004	44211	Segura de los Baños												SIN INFORMACIÓN
2004	44212	Seno												SIN INFORMACIÓN
2004	44213	Singra												SIN INFORMACIÓN
2004	44215	Terriente												SIN INFORMACIÓN
2004	44216	Teruel	15,0	9,0	6,0	8949,0	4392,0	4557,0	26,0	5,0	1,0	0,0	0,0	COMPLETA
2004	44217	Toril y Masegoso												SIN INFORMACIÓN
2004	44218	Tormón												SIN INFORMACIÓN
2004	44219	Tornos												SIN INFORMACIÓN
2004	44220	Torralba de los Sisones												SIN INFORMACIÓN
2004	44221	Torrecilla de Alcañiz	2,0	2,0	0,0	598,0	598,0	0,0	2,0	1,0	0,0	0,0	0,0	COMPLETA
2004	44222	Torrecilla del Rebollar												SIN INFORMACIÓN
2004	44223	Torre de Arcas												SIN INFORMACIÓN
2004	44224	Torre de las Arcas												SIN INFORMACIÓN
2004	44225	Torre del Compte	5,0	2,0	3,0	815,0	443,0	372,0	4,0	6,0	2,0	0,0	0,0	COMPLETA
2004	44226	Torrelacárcel												SIN INFORMACIÓN
2004	44227	Torre los Negros												SIN INFORMACIÓN
2004	44228	Torremocha de Jiloca												SIN INFORMACIÓN
2004	44229	Torres de Albarracín												SIN INFORMACIÓN
2004	44230	Torrevelilla												SIN INFORMACIÓN
2004	44231	Torrijas												SIN INFORMACIÓN
2004	44232	Torrijo del Campo												SIN INFORMACIÓN
2004	44234	Tramacastiel												SIN INFORMACIÓN
2004	44235	Tramacastilla												SIN INFORMACIÓN
2004	44236	Tronchón												SIN INFORMACIÓN
2004	44237	Urrea de Gaén	4,0	1,0	3,0	1867,0	200,0	1667,0	1,0	2,0	0,0	0,0	0,0	COMPLETA
2004	44238	Utrillas	13,0	13,0		8175,0	8175,0		32,0	1,0		1,0	1,0	INCOMPLETA
2004	44239	Valacloche												SIN INFORMACIÓN
2004	44240	Valbona	4,0	3,0	1,0	1296,0	1212,0	84,0	6,0	2,0	6,0			INCOMPLETA
2004	44241	Valdealgorfa	3,0	2,0	1,0	1015,0	475,0	540,0	2,0	1,0				INCOMPLETA
2004	44243	Valdecuenca												SIN INFORMACIÓN
2004	44244	Valdelinares												SIN INFORMACIÓN
2004	44245	Valdeltormo	1,0	0,0	1,0	500,0	0,0	500,0	0,0	2,0	0,0	0,0	0,0	COMPLETA
2004	44246	Valderrobres	3,0	2,0	1,0	1780,0	1586,0	194,0	9,0	1,0	2,0			INCOMPLETA
2004	44247	Valjunquera	2,0	1,0	1,0	589,0	205,0	384,0	1,0	1,0	0,0	0,0	0,0	COMPLETA
2004	44249	Vallecillo (El)												SIN INFORMACIÓN
2004	44250	Veguillas de la Sierra												SIN INFORMACIÓN
2004	44251	Villafranca del Campo	1,0	1,0		179,0	179,0		1,0					INCOMPLETA
2004	44252	Villahermosa del Campo												SIN INFORMACIÓN
2004	44256	Villanueva del Rebollar de la Sierra												SIN INFORMACIÓN
2004	44257	Villar del Cobo	3,0	0,0	3,0	408,0	0,0	408,0	0,0	0,0	0,0	0,0	0,0	COMPLETA
2004	44258	Villar del Salz												SIN INFORMACIÓN
2004	44260	Villarluengo												SIN INFORMACIÓN
2004	44261	Villarquemado												SIN INFORMACIÓN
2004	44262	Villarroya de los Pinares												SIN INFORMACIÓN
2004	44263	Villastar	4,0	3,0	1,0	923,0	752,0	171,0	3,0	0,0	0,0	0,0	0,0	COMPLETA
2004	44264	Villel												SIN INFORMACIÓN
2004	44265	Vinaceite												SIN INFORMACIÓN
2004	44266	Visiedo												SIN INFORMACIÓN
2004	44267	Vivel del Río Martín												SIN INFORMACIÓN
2004	44268	Zoma (La)												SIN INFORMACIÓN
2004	50001	Abanto												SIN INFORMACIÓN
2004	50002	Acered												SIN INFORMACIÓN
2004	50003	Agón	1,0	0,0	1,0	326,0	0,0	326,0	0,0	0,0	0,0	0,0	0,0	COMPLETA
2004	50004	Aguarón	1,0	1,0	0,0	241,0	241,0	0,0	1,0	0,0	0,0	0,0	0,0	COMPLETA
2004	50005	Aguilón												SIN INFORMACIÓN
2004	50006	Ainzón	8,0	3,0	5,0	2280,0	756,0	1524,0	3,0	1,0	0,0	0,0	0,0	COMPLETA
2004	50007	Aladrén												SIN INFORMACIÓN
2004	50008	Alagón	24,0	21,0	3,0	10653,0	9426,0	1227,0	47,0	3,0	12,0	14,0	8,0	COMPLETA
2004	50009	Alarba												SIN INFORMACIÓN
2004	50010	Alberite de San Juan												SIN INFORMACIÓN
2004	50011	Albeta	1,0	1,0	0,0	228,0	228,0	0,0	1,0	2,0	0,0	0,0	0,0	COMPLETA
2004	50012	Alborge	2,0	2,0		407,0	407,0		2,0	1,0				INCOMPLETA
2004	50013	Alcalá de Ebro												SIN INFORMACIÓN
2004	50014	Alcalá de Moncayo												SIN INFORMACIÓN
2004	50015	Alconchel de Ariza												SIN INFORMACIÓN
2004	50016	Aldehuela de Liestos												SIN INFORMACIÓN
2004	50017	Alfajarín	27,0	19,0	8,0	17760,0	4730,0	13030,0	24,0	1,0	0,0	0,0	0,0	COMPLETA
2004	50018	Alfamén	2,0	1,0	1,0	504,0	304,0	200,0	1,0	0,0	0,0	0,0	0,0	COMPLETA
2004	50019	Alforque												SIN INFORMACIÓN
2004	50020	Alhama de Aragón	1,0	1,0	0,0	269,0	269,0	0,0	1,0	0,0	0,0	0,0	0,0	COMPLETA
2004	50021	Almochuel												SIN INFORMACIÓN
2004	50022	Almolda (La)	7,0	5,0	2,0	1674,0	1062,0	612,0	5,0	0,0	0,0	3,0	3,0	INCOMPLETA
2004	50023	Almonacid de la Cuba												SIN INFORMACIÓN
2004	50024	Almonacid de la Sierra	3,0	3,0	0,0	801,0	801,0	0,0	3,0	0,0	0,0	0,0	0,0	COMPLETA
2004	50025	Almunia de Doña Godina (La)	20,0	17,0	3,0	11457,0	10448,0	1009,0	55,0	1,0	3,0	8,0	7,0	INCOMPLETA
2004	50026	Alpartir												SIN INFORMACIÓN
2004	50027	Ambel	3,0	0,0	3,0	2618,0	0,0	2618,0	0,0	0,0	0,0	0,0	0,0	COMPLETA
2004	50028	Anento	1,0	1,0	0,0	150,0	150,0	0,0	1,0	0,0	0,0	0,0	0,0	COMPLETA
2004	50029	Aniñón	0,0	0,0	0,0	0,0	0,0	0,0	0,0	7,0	0,0	0,0	0,0	COMPLETA
2004	50030	Añón de Moncayo												SIN INFORMACIÓN
2004	50031	Aranda de Moncayo												SIN INFORMACIÓN
2004	50032	Arándiga												SIN INFORMACIÓN
2004	50033	Ardisa												SIN INFORMACIÓN
2004	50034	Ariza	1,0	1,0	0,0	314,0	314,0	0,0	2,0	0,0	0,0	0,0	0,0	COMPLETA
2004	50035	Artieda												SIN INFORMACIÓN
2004	50036	Asín												SIN INFORMACIÓN
2004	50037	Atea												SIN INFORMACIÓN
2004	50038	Ateca	6,0	5,0	1,0	2184,0	2064,0	120,0	13,0	0,0	0,0	0,0	0,0	COMPLETA
2004	50039	Azuara												SIN INFORMACIÓN
2004	50040	Badules												SIN INFORMACIÓN
2004	50041	Bagüés												SIN INFORMACIÓN
2004	50042	Balconchán												SIN INFORMACIÓN
2004	50043	Bárboles	3,0	3,0	0,0	794,0	794,0	0,0	3,0	0,0	0,0	0,0	0,0	COMPLETA
2004	50044	Bardallur												SIN INFORMACIÓN
2004	50045	Belchite	2,0	0,0	2,0	865,0	0,0	865,0	0,0	5,0	0,0	0,0	0,0	COMPLETA
2004	50046	Belmonte de Gracián												SIN INFORMACIÓN
2004	50047	Berdejo												SIN INFORMACIÓN
2004	50048	Berrueco												SIN INFORMACIÓN
2004	50050	Bijuesca												SIN INFORMACIÓN
2004	50051	Biota	5,0	0,0	5,0	3774,0	0,0	3774,0	0,0	2,0	0,0	0,0	0,0	COMPLETA
2004	50052	Bisimbre												SIN INFORMACIÓN
2004	50053	Boquiñeni												SIN INFORMACIÓN
2004	50054	Bordalba												SIN INFORMACIÓN
2004	50055	Borja	14,0	13,0	1,0	12213,0	11470,0	743,0	93,0	2,0	3,0	0,0	1,0	COMPLETA
2004	50056	Botorrita	26,0	26,0	0,0	3232,0	3232,0	0,0	26,0	0,0	0,0	0,0	0,0	COMPLETA
2004	50057	Brea de Aragón	2,0	1,0	1,0	901,0	247,0	654,0	1,0	1,0	0,0	2,0	2,0	COMPLETA
2004	50058	Bubierca												SIN INFORMACIÓN
2004	50059	Bujaraloz	14,0	8,0	6,0	4005,0	1860,0	2145,0	8,0			1,0	1,0	INCOMPLETA
2004	50060	Bulbuente	1,0	1,0	0,0	283,0	283,0	0,0	1,0	1,0	0,0	0,0	0,0	COMPLETA
2004	50061	Bureta												SIN INFORMACIÓN
2004	50062	Burgo de Ebro (El)	20,0	20,0	0,0	18069,0	18069,0	0,0	127,0	1,0	0,0	1,0	2,0	INCOMPLETA
2004	50063	Buste (El)												SIN INFORMACIÓN
2004	50064	Cabañas de Ebro	3,0	3,0	0,0	700,0	700,0	0,0	3,0	1,0	0,0	0,0	0,0	COMPLETA
2004	50065	Cabolafuente												SIN INFORMACIÓN
2004	50066	Cadrete	24,0	20,0	4,0	11122,0	5295,0	5827,0	36,0	8,0	0,0	5,0	3,0	COMPLETA
2004	50067	Calatayud	15,0	12,0	3,0	32541,0	25363,0	7178,0	181,0	2,0	0,0	7,0	11,0	COMPLETA
2004	50068	Calatorao	4,0	2,0	2,0	1667,0	564,0	1103,0	2,0	2,0	2,0	0,0	0,0	COMPLETA
2004	50069	Calcena												SIN INFORMACIÓN
2004	50070	Calmarza	1,0	1,0		143,0	143,0		1,0					INCOMPLETA
2004	50071	Campillo de Aragón												SIN INFORMACIÓN
2004	50072	Carenas												SIN INFORMACIÓN
2004	50073	Cariñena	43,0	41,0	2,0	21126,0	16833,0	4293,0	93,0	1,0	0,0	6,0	6,0	COMPLETA
2004	50074	Caspe	36,0	27,0	9,0	29086,0	16523,0	12563,0	82,0	5,0	0,0	5,0	0,0	COMPLETA
2004	50075	Castejón de Alarba												SIN INFORMACIÓN
2004	50076	Castejón de las Armas												SIN INFORMACIÓN
2004	50077	Castejón de Valdejasa												SIN INFORMACIÓN
2004	50078	Castiliscar												SIN INFORMACIÓN
2004	50079	Cervera de la Cañada	3,0	2,0	1,0	241,0	181,0	60,0	2,0	0,0	0,0	1,0	0,0	COMPLETA
2004	50080	Cerveruela												SIN INFORMACIÓN
2004	50081	Cetina												SIN INFORMACIÓN
2004	50082	Cimballa												SIN INFORMACIÓN
2004	50083	Cinco Olivas												SIN INFORMACIÓN
2004	50084	Clarés de Ribota												SIN INFORMACIÓN
2004	50085	Codo												SIN INFORMACIÓN
2004	50086	Codos												SIN INFORMACIÓN
2004	50087	Contamina												SIN INFORMACIÓN
2004	50088	Cosuenda												SIN INFORMACIÓN
2004	50089	Cuarte de Huerva	348,0	275,0	73,0	266027,0	210920,0	55107,0	1298,0	9,0	0,0	47,0	10,0	COMPLETA
2004	50090	Cubel												SIN INFORMACIÓN
2004	50091	Cuerlas (Las)												SIN INFORMACIÓN
2004	50092	Chiprana												SIN INFORMACIÓN
2004	50093	Chodes												SIN INFORMACIÓN
2004	50094	Daroca	4,0	4,0	0,0	1701,0	1701,0	0,0	4,0	2,0	5,0	0,0	0,0	COMPLETA
2004	50095	Ejea de los Caballeros	40,0	28,0	12,0	24035,0	13466,0	10569,0	58,0	9,0	3,0	7,0	16,0	COMPLETA
2004	50096	Embid de Ariza												SIN INFORMACIÓN
2004	50098	Encinacorba	1,0	1,0	0,0	116,0	116,0	0,0	1,0	0,0	0,0	0,0	0,0	COMPLETA
2004	50099	Épila	32,0	11,0	21,0	24921,0	5666,0	19255,0	25,0	0,0	0,0	8,0	3,0	COMPLETA
2004	50100	Erla	7,0	7,0	0,0	878,0	878,0	0,0	7,0	0,0	0,0	0,0	0,0	COMPLETA
2004	50101	Escatrón	4,0	2,0	2,0	830,0	439,0	391,0	2,0	2,0	0,0	1,0	0,0	COMPLETA
2004	50102	Fabara	3,0	2,0	1,0	1123,0	1062,0	61,0	3,0	1,0	1,0	0,0	0,0	COMPLETA
2004	50104	Farlete	2,0	0,0	2,0	860,0	0,0	860,0	0,0	1,0	0,0	0,0	0,0	COMPLETA
2004	50105	Fayón	1,0	0,0	1,0	150,0	0,0	150,0	0,0	0,0	0,0	0,0	0,0	COMPLETA
2004	50106	Fayos (Los)	1,0	1,0	0,0	79,0	79,0	0,0	1,0	0,0	0,0	0,0	0,0	INCOMPLETA
2004	50107	Figueruelas	4,0	4,0	0,0	1127,0	1127,0	0,0	4,0	0,0	0,0	0,0	0,0	COMPLETA
2004	50108	Fombuena												SIN INFORMACIÓN
2004	50109	Frago (El)												SIN INFORMACIÓN
2004	50110	Frasno (El)												SIN INFORMACIÓN
2004	50111	Fréscano	4,0	0,0	4,0	858,0	0,0	858,0	0,0	0,0	0,0	0,0	0,0	COMPLETA
2004	50113	Fuendejalón												SIN INFORMACIÓN
2004	50114	Fuendetodos	1,0		1,0	144,0		144,0						INCOMPLETA
2004	50115	Fuentes de Ebro	67,0	67,0	0,0	17542,0	17542,0	0,0	90,0	2,0	1,0	1,0	0,0	COMPLETA
2004	50116	Fuentes de Jiloca												SIN INFORMACIÓN
2004	50117	Gallocanta												SIN INFORMACIÓN
2004	50118	Gallur	9,0	8,0	1,0	2460,0	2098,0	362,0	13,0	2,0	0,0	9,0	6,0	COMPLETA
2004	50119	Gelsa	5,0	5,0	0,0	1226,0	1226,0	0,0	5,0	0,0	0,0	0,0	0,0	COMPLETA
2004	50120	Godojos												SIN INFORMACIÓN
2004	50121	Gotor												SIN INFORMACIÓN
2004	50122	Grisel	1,0	1,0		91,0	91,0		1,0					INCOMPLETA
2004	50123	Grisén	1,0	0,0	1,0	60,0	0,0	60,0	0,0	0,0	0,0	0,0	0,0	COMPLETA
2004	50124	Herrera de los Navarros												SIN INFORMACIÓN
2004	50125	Ibdes	0,0	0,0	0,0	0,0	0,0	0,0	0,0	1,0	0,0	0,0	0,0	COMPLETA
2004	50126	Illueca	1,0	1,0	0,0	273,0	273,0	0,0	1,0	0,0	0,0	1,0	0,0	COMPLETA
2004	50128	Isuerre												SIN INFORMACIÓN
2004	50129	Jaraba	14,0	12,0	2,0	3294,0	2620,0	674,0	21,0	3,0				INCOMPLETA
2004	50130	Jarque	3,0	3,0	0,0	564,0	564,0	0,0	3,0	0,0	0,0	0,0	0,0	COMPLETA
2004	50131	Jaulín	0,0	0,0	0,0	0,0	0,0	0,0	0,0	1,0	0,0	0,0	0,0	COMPLETA
2004	50132	Joyosa (La)	28,0	28,0	0,0	4191,0	4191,0	0,0	28,0	2,0	1,0	2,0	2,0	INCOMPLETA
2004	50133	Lagata												SIN INFORMACIÓN
2004	50134	Langa del Castillo	2,0	0,0	2,0	1785,0	0,0	1785,0	0,0	0,0	0,0	0,0	0,0	COMPLETA
2004	50135	Layana	2,0	2,0		382,0	382,0		2,0					INCOMPLETA
2004	50136	Lécera	3,0	2,0	1,0	672,0	472,0	200,0	2,0	0,0	0,0	0,0	0,0	COMPLETA
2004	50137	Leciñena	10,0	5,0	5,0	6856,0	960,0	5896,0	6,0	0,0	0,0	0,0	0,0	COMPLETA
2004	50138	Lechón												SIN INFORMACIÓN
2004	50139	Letux												SIN INFORMACIÓN
2004	50140	Litago												SIN INFORMACIÓN
2004	50141	Lituénigo												SIN INFORMACIÓN
2004	50142	Lobera de Onsella												SIN INFORMACIÓN
2004	50143	Longares	3,0	2,0	1,0	1130,0	698,0	432,0	2,0	0,0	0,0	1,0	0,0	COMPLETA
2004	50144	Longás												SIN INFORMACIÓN
2004	50146	Lucena de Jalón	6,0	6,0	0,0	1004,0	1004,0	0,0	6,0	0,0	0,0	0,0	0,0	COMPLETA
2004	50147	Luceni	5,0	4,0	1,0	5595,0	2445,0	3150,0	15,0	0,0	0,0	2,0	0,0	COMPLETA
2004	50148	Luesia												SIN INFORMACIÓN
2004	50149	Luesma												SIN INFORMACIÓN
2004	50150	Lumpiaque	9,0	5,0	4,0	1254,0	935,0	319,0	5,0	0,0	0,0	1,0	1,0	COMPLETA
2004	50151	Luna	23,0	14,0	9,0	10512,0	2445,0	8067,0	14,0	2,0	0,0	1,0	0,0	COMPLETA
2004	50152	Maella	9,0	8,0	1,0	2413,0	2247,0	166,0	8,0	1,0	0,0	0,0	0,0	COMPLETA
2004	50153	Magallón	1,0	1,0	0,0	192,0	192,0	0,0	1,0	0,0	0,0	0,0	0,0	COMPLETA
2004	50154	Mainar												SIN INFORMACIÓN
2004	50155	Malanquilla												SIN INFORMACIÓN
2004	50156	Maleján	0,0	0,0	0,0	0,0	0,0	0,0	0,0	2,0	0,0	0,0	0,0	COMPLETA
2004	50157	Malón	9,0	9,0		1023,0	1023,0		9,0	1,0				INCOMPLETA
2004	50159	Maluenda												SIN INFORMACIÓN
2004	50160	Mallén	34,0	33,0	1,0	10916,0	8912,0	2004,0	33,0	3,0	4,0	1,0	1,0	COMPLETA
2004	50161	Manchones												SIN INFORMACIÓN
2004	50162	Mara												SIN INFORMACIÓN
2004	50163	María de Huerva	174,0	174,0	0,0	39573,0	39573,0	0,0	211,0	0,0	0,0	4,0	1,0	COMPLETA
2004	50164	Mediana de Aragón	20,0	20,0	0,0	3183,0	3183,0	0,0	20,0	0,0	0,0	2,0	2,0	COMPLETA
2004	50165	Mequinenza	1,0	0,0	1,0	550,0	0,0	550,0	0,0	3,0	3,0	0,0	0,0	COMPLETA
2004	50166	Mesones de Isuela												SIN INFORMACIÓN
2004	50167	Mezalocha												SIN INFORMACIÓN
2004	50168	Mianos												SIN INFORMACIÓN
2004	50169	Miedes de Aragón	3,0	0,0	3,0	1107,0	0,0	1107,0	0,0	0,0	0,0	0,0	0,0	COMPLETA
2004	50170	Monegrillo												SIN INFORMACIÓN
2004	50171	Moneva												SIN INFORMACIÓN
2004	50172	Monreal de Ariza												SIN INFORMACIÓN
2004	50173	Monterde												SIN INFORMACIÓN
2004	50174	Montón												SIN INFORMACIÓN
2004	50175	Morata de Jalón	1,0	1,0	0,0	230,0	230,0	0,0	1,0	0,0	0,0	0,0	0,0	COMPLETA
2004	50176	Morata de Jiloca												SIN INFORMACIÓN
2004	50177	Morés												SIN INFORMACIÓN
2004	50178	Moros												SIN INFORMACIÓN
2004	50179	Moyuela												SIN INFORMACIÓN
2004	50180	Mozota												SIN INFORMACIÓN
2004	50181	Muel	2,0	2,0	0,0	517,0	517,0	0,0	2,0	1,0	0,0	0,0	0,0	COMPLETA
2004	50182	Muela (La)	148,0	109,0	39,0	81488,0	32467,0	49021,0	194,0	6,0	0,0	2,0	0,0	INCOMPLETA
2004	50183	Munébrega												SIN INFORMACIÓN
2004	50184	Murero												SIN INFORMACIÓN
2004	50185	Murillo de Gállego												SIN INFORMACIÓN
2004	50186	Navardún	0,0	0,0	0,0	0,0	0,0	0,0	0,0	2,0	0,0	0,0	0,0	COMPLETA
2004	50187	Nigüella												SIN INFORMACIÓN
2004	50188	Nombrevilla												SIN INFORMACIÓN
2004	50189	Nonaspe	3,0	1,0	2,0	1770,0	330,0	1440,0	1,0	2,0	1,0	0,0	0,0	COMPLETA
2004	50190	Novallas	0,0	0,0	0,0	0,0	0,0	0,0	0,0	2,0	0,0	3,0	2,0	COMPLETA
2004	50191	Novillas	5,0	2,0	3,0	2963,0	375,0	2588,0	2,0	1,0	1,0	2,0	1,0	COMPLETA
2004	50192	Nuévalos	0,0	0,0	0,0	0,0	0,0	0,0	0,0	1,0	0,0	0,0	0,0	COMPLETA
2004	50193	Nuez de Ebro	5,0	5,0	0,0	880,0	880,0	0,0	5,0	1,0	1,0	0,0	0,0	COMPLETA
2004	50194	Olvés												SIN INFORMACIÓN
2004	50195	Orcajo												SIN INFORMACIÓN
2004	50196	Orera												SIN INFORMACIÓN
2004	50197	Orés												SIN INFORMACIÓN
2004	50198	Oseja												SIN INFORMACIÓN
2004	50199	Osera de Ebro	55,0	55,0	0,0	6016,0	6016,0	0,0	55,0	1,0	0,0	1,0	1,0	COMPLETA
2004	50200	Paniza	3,0	3,0	0,0	1079,0	1079,0	0,0	3,0	1,0	1,0	0,0	0,0	COMPLETA
2004	50201	Paracuellos de Jiloca	10,0	10,0	0,0	1665,0	1665,0	0,0	10,0	1,0	1,0	0,0	0,0	COMPLETA
2004	50202	Paracuellos de la Ribera												SIN INFORMACIÓN
2004	50203	Pastriz	21,0	21,0	0,0	4227,0	4227,0	0,0	21,0	0,0	0,0	0,0	0,0	COMPLETA
2004	50204	Pedrola	25,0	25,0	0,0	6790,0	6790,0	0,0	45,0	1,0	0,0	1,0	1,0	COMPLETA
2004	50205	Pedrosas (Las)												SIN INFORMACIÓN
2004	50206	Perdiguera	23,0	22,0	1,0	2838,0	2076,0	762,0	22,0	3,0	0,0	7,0	4,0	COMPLETA
2004	50207	Piedratajada												SIN INFORMACIÓN
2004	50208	Pina de Ebro	36,0	35,0	1,0	7470,0	7353,0	117,0	42,0	2,0	0,0	4,0	3,0	COMPLETA
2004	50209	Pinseque	147,0	71,0	76,0	41724,0	18100,0	23624,0	97,0	5,0	1,0	1,0	0,0	COMPLETA
2004	50210	Pintanos (Los)	1,0	0,0	1,0	95,0	0,0	95,0	0,0	0,0	0,0	0,0	0,0	INCOMPLETA
2004	50211	Plasencia de Jalón	1,0	1,0	0,0	408,0	408,0	0,0	1,0	1,0	1,0	1,0	1,0	COMPLETA
2004	50212	Pleitas												SIN INFORMACIÓN
2004	50213	Plenas												SIN INFORMACIÓN
2004	50214	Pomer												SIN INFORMACIÓN
2004	50215	Pozuel de Ariza												SIN INFORMACIÓN
2004	50216	Pozuelo de Aragón	1,0	1,0		235,0	235,0		1,0					INCOMPLETA
2004	50217	Pradilla de Ebro	4,0	4,0	0,0	767,0	767,0	0,0	4,0	1,0	0,0	1,0	1,0	COMPLETA
2004	50218	Puebla de Albortón	1,0		1,0	23,0		23,0						INCOMPLETA
2004	50219	Puebla de Alfindén (La)	17,0	14,0	3,0	17430,0	16751,0	679,0	119,0	3,0	1,0	3,0	3,0	INCOMPLETA
2004	50220	Puendeluna												SIN INFORMACIÓN
2004	50221	Purujosa												SIN INFORMACIÓN
2004	50222	Quinto	8,0	7,0	1,0	2934,0	1794,0	1140,0	8,0	1,0	0,0	1,0	3,0	COMPLETA
2004	50223	Remolinos	2,0	1,0	1,0	415,0	285,0	130,0	1,0	0,0	0,0	4,0	1,0	COMPLETA
2004	50224	Retascón												SIN INFORMACIÓN
2004	50225	Ricla	62,0	57,0	5,0	14658,0	10458,0	4200,0	57,0	1,0	0,0	2,0	0,0	COMPLETA
2004	50227	Romanos												SIN INFORMACIÓN
2004	50228	Rueda de Jalón	3,0	3,0	0,0	833,0	833,0	0,0	3,0	0,0	0,0	0,0	0,0	COMPLETA
2004	50229	Ruesca												SIN INFORMACIÓN
2004	50230	Sádaba	7,0	2,0	5,0	4287,0	427,0	3860,0	2,0	0,0	0,0	0,0	0,0	COMPLETA
2004	50231	Salillas de Jalón												SIN INFORMACIÓN
2004	50232	Salvatierra de Esca												SIN INFORMACIÓN
2004	50233	Samper del Salz												SIN INFORMACIÓN
2004	50234	San Martín de la Virgen de Moncayo	1,0	1,0	0,0	210,0	210,0	0,0	1,0	1,0	0,0	0,0	0,0	COMPLETA
2004	50235	San Mateo de Gállego	61,0	60,0	1,0	17194,0	17115,0	79,0	90,0	4,0	0,0	7,0	2,0	COMPLETA
2004	50236	Santa Cruz de Grío												SIN INFORMACIÓN
2004	50237	Santa Cruz de Moncayo												SIN INFORMACIÓN
2004	50238	Santa Eulalia de Gállego												SIN INFORMACIÓN
2004	50239	Santed												SIN INFORMACIÓN
2004	50240	Sástago	2,0	2,0		550,0	550,0		2,0	2,0		4,0	3,0	INCOMPLETA
2004	50241	Saviñán	2,0	2,0	0,0	369,0	369,0	0,0	2,0	1,0	0,0	0,0	0,0	COMPLETA
2004	50242	Sediles												SIN INFORMACIÓN
2004	50243	Sestrica	1,0	1,0	0,0	357,0	357,0	0,0	2,0	0,0	0,0	0,0	0,0	COMPLETA
2004	50244	Sierra de Luna	7,0		7,0	10366,0		10366,0		2,0				INCOMPLETA
2004	50245	Sigüés												SIN INFORMACIÓN
2004	50246	Sisamón												SIN INFORMACIÓN
2004	50247	Sobradiel	7,0	7,0	0,0	948,0	948,0	0,0	7,0	0,0	0,0	0,0	0,0	COMPLETA
2004	50248	Sos del Rey Católico	2,0	2,0	0,0	1879,0	1879,0	0,0	20,0	4,0	0,0	0,0	0,0	COMPLETA
2004	50249	Tabuenca	3,0		3,0	336,0		336,0				1,0		INCOMPLETA
2004	50250	Talamantes												SIN INFORMACIÓN
2004	50251	Tarazona	57,0	56,0	1,0	14940,0	13697,0	1243,0	73,0	11,0	0,0	17,0	14,0	COMPLETA
2004	50252	Tauste	40,0	15,0	25,0	19696,0	4704,0	14992,0	20,0	1,0	0,0	10,0	14,0	COMPLETA
2004	50253	Terrer												SIN INFORMACIÓN
2004	50254	Tierga												SIN INFORMACIÓN
2004	50255	Tobed												SIN INFORMACIÓN
2004	50256	Torralba de los Frailes												SIN INFORMACIÓN
2004	50257	Torralba de Ribota	1,0	1,0	0,0	257,0	257,0	0,0	1,0	1,0	0,0	0,0	0,0	COMPLETA
2004	50258	Torralbilla												SIN INFORMACIÓN
2004	50259	Torrehermosa												SIN INFORMACIÓN
2004	50260	Torrelapaja												SIN INFORMACIÓN
2004	50261	Torrellas	1,0	1,0	0,0	217,0	217,0	0,0	1,0	1,0	0,0	3,0	0,0	COMPLETA
2004	50262	Torres de Berrellén	18,0	18,0	0,0	3362,0	3362,0	0,0	18,0	4,0	0,0	9,0	2,0	COMPLETA
2004	50263	Torrijo de la Cañada												SIN INFORMACIÓN
2004	50264	Tosos												SIN INFORMACIÓN
2004	50265	Trasmoz												SIN INFORMACIÓN
2004	50266	Trasobares												SIN INFORMACIÓN
2004	50267	Uncastillo	3,0	3,0	0,0	975,0	975,0	0,0	2,0	4,0	0,0	1,0	3,0	COMPLETA
2004	50268	Undués de Lerda	0,0	0,0	0,0	0,0	0,0	0,0	0,0	2,0	2,0	0,0	0,0	COMPLETA
2004	50269	Urrea de Jalón	0,0	0,0	0,0	0,0	0,0	0,0	0,0	1,0	0,0	0,0	0,0	COMPLETA
2004	50270	Urriés												SIN INFORMACIÓN
2004	50271	Used												SIN INFORMACIÓN
2004	50272	Utebo	287,0	247,0	40,0	88042,0	74448,0	13594,0	393,0	6,0	0,0	17,0	11,0	COMPLETA
2004	50273	Valdehorna												SIN INFORMACIÓN
2004	50274	Val de San Martín												SIN INFORMACIÓN
2004	50275	Valmadrid	1,0	1,0	0,0	201,0	201,0	0,0	1,0	0,0	0,0	1,0	1,0	COMPLETA
2004	50276	Valpalmas												SIN INFORMACIÓN
2004	50277	Valtorres												SIN INFORMACIÓN
2004	50278	Velilla de Ebro	0,0	0,0	0,0	0,0	0,0	0,0	0,0	1,0	0,0	0,0	0,0	COMPLETA
2004	50279	Velilla de Jiloca												SIN INFORMACIÓN
2004	50280	Vera de Moncayo								7,0				INCOMPLETA
2004	50281	Vierlas												SIN INFORMACIÓN
2004	50282	Vilueña (La)												SIN INFORMACIÓN
2004	50283	Villadoz												SIN INFORMACIÓN
2004	50284	Villafeliche												SIN INFORMACIÓN
2004	50285	Villafranca de Ebro	7,0	7,0	0,0	1929,0	1929,0	0,0	8,0	2,0	1,0	1,0	0,0	COMPLETA
2004	50286	Villalba de Perejil												SIN INFORMACIÓN
2004	50287	Villalengua	1,0	1,0	0,0	282,0	282,0	0,0	1,0	0,0	0,0	0,0	0,0	COMPLETA
2004	50288	Villanueva de Gállego	5,0	1,0	4,0	8356,0	138,0	8218,0	1,0	3,0	0,0	3,0	1,0	COMPLETA
2004	50289	Villanueva de Jiloca												SIN INFORMACIÓN
2004	50290	Villanueva de Huerva												SIN INFORMACIÓN
2004	50291	Villar de los Navarros												SIN INFORMACIÓN
2004	50292	Villarreal de Huerva	1,0	1,0	0,0	288,0	288,0	0,0	1,0	0,0	0,0	0,0	0,0	COMPLETA
2004	50293	Villarroya de la Sierra	5,0	0,0	5,0	2334,0	0,0	2334,0	0,0	4,0	0,0	0,0	0,0	COMPLETA
2004	50294	Villarroya del Campo												SIN INFORMACIÓN
2004	50295	Vistabella												SIN INFORMACIÓN
2004	50296	Zaida (La)	1,0	0,0	1,0	462,0	0,0	462,0	0,0	0,0	0,0	0,0	0,0	INCOMPLETA
2004	50297	Zaragoza	931,0	663,0	268,0	1118526,0	828737,0	289789,0	4787,0	461,0	66,0	297,0	480,0	COMPLETA
2004	50298	Zuera	34,0	34,0	0,0	15090,0	15090,0	0,0	82,0	5,0	5,0	9,0	8,0	COMPLETA
2004	50901	Biel												SIN INFORMACIÓN
2004	50902	Marracos												SIN INFORMACIÓN
2003	22001	Abiego												SIN INFORMACIÓN
2003	22002	Abizanda												SIN INFORMACIÓN
2003	22003	Adahuesca												SIN INFORMACIÓN
2003	22004	Agüero	1,0	1,0		158,0	158,0		1,0					INCOMPLETA
2003	22006	Aísa	1,0	1,0		1700,0	1700,0		11,0	4,0	4,0			INCOMPLETA
2003	22007	Albalate de Cinca	15,0	6,0	9,0	14355,0	2013,0	12342,0	11,0	0,0	0,0	1,0	1,0	COMPLETA
2003	22008	Albalatillo												SIN INFORMACIÓN
2003	22009	Albelda	15,0		15,0	4975,0		4975,0		1,0				INCOMPLETA
2003	22011	Albero Alto	3,0	3,0		521,0	521,0		3,0					INCOMPLETA
2003	22012	Albero Bajo	6,0	6,0	0,0	1461,0	1461,0	0,0	6,0	0,0	0,0	0,0	0,0	COMPLETA
2003	22013	Alberuela de Tubo												SIN INFORMACIÓN
2003	22014	Alcalá de Gurrea												SIN INFORMACIÓN
2003	22015	Alcalá del Obispo												SIN INFORMACIÓN
2003	22016	Alcampell	5,0	1,0	4,0	2064,0	275,0	1789,0	1,0	0,0	0,0	2,0	1,0	COMPLETA
2003	22017	Alcolea de Cinca	6,0	3,0	3,0	3188,0	1634,0	1554,0	7,0	1,0	0,0	0,0	0,0	COMPLETA
2003	22018	Alcubierre	12,0	2,0	10,0	8033,0	279,0	7754,0	2,0	0,0	0,0	0,0	0,0	COMPLETA
2003	22019	Alerre	4,0	4,0	0,0	1224,0	1224,0	0,0	4,0	0,0	0,0	0,0	0,0	COMPLETA
2003	22020	Alfántega	2,0	2,0		437,0	437,0		2,0	1,0	1,0			INCOMPLETA
2003	22021	Almudévar	7,0	4,0	3,0	3500,0	1355,0	2145,0	4,0	2,0				INCOMPLETA
2003	22022	Almunia de San Juan	5,0	5,0		809,0	809,0		5,0					INCOMPLETA
2003	22023	Almuniente	2,0	0,0	2,0	1297,0	0,0	1297,0	0,0	0,0	0,0	0,0	0,0	COMPLETA
2003	22024	Alquézar												SIN INFORMACIÓN
2003	22025	Altorricón	9,0	2,0	7,0	4355,0	521,0	3834,0	2,0					INCOMPLETA
2003	22027	Angüés	5,0	0,0	5,0	3103,0	0,0	3103,0	0,0	0,0	0,0	0,0	0,0	COMPLETA
2003	22028	Ansó												SIN INFORMACIÓN
2003	22029	Antillón												SIN INFORMACIÓN
2003	22032	Aragüés del Puerto												SIN INFORMACIÓN
2003	22035	Arén												SIN INFORMACIÓN
2003	22036	Argavieso	1,0	1,0		156,0	156,0		1,0					INCOMPLETA
2003	22037	Arguis												SIN INFORMACIÓN
2003	22039	Ayerbe	7,0	3,0	4,0	5444,0	755,0	4689,0	4,0	2,0	0,0	2,0	2,0	COMPLETA
2003	22040	Azanuy-Alins	2,0	1,0	1,0	400,0	267,0	133,0	1,0	0,0	0,0	1,0	1,0	COMPLETA
2003	22041	Azara												SIN INFORMACIÓN
2003	22042	Azlor												SIN INFORMACIÓN
2003	22043	Baells												SIN INFORMACIÓN
2003	22044	Bailo	4,0	4,0	0,0	935,0	935,0	0,0	4,0	1,0	1,0	1,0	1,0	COMPLETA
2003	22045	Baldellou												SIN INFORMACIÓN
2003	22046	Ballobar												SIN INFORMACIÓN
2003	22047	Banastás	4,0	4,0	0,0	1117,0	1117,0	0,0	4,0	1,0	0,0	0,0	0,0	COMPLETA
2003	22048	Barbastro	68,0	57,0	11,0	59797,0	44501,0	15296,0	235,0	2,0	0,0	0,0	0,0	COMPLETA
2003	22049	Barbués	2,0	0,0	2,0	1794,0	0,0	1794,0	0,0	0,0	0,0	0,0	0,0	COMPLETA
2003	22050	Barbuñales								1,0				INCOMPLETA
2003	22051	Bárcabo												SIN INFORMACIÓN
2003	22052	Belver de Cinca	12,0	3,0	9,0	8349,0	2743,0	5606,0	2,0	0,0	0,0	0,0	0,0	COMPLETA
2003	22053	Benabarre	10,0	1,0	9,0	3090,0	313,0	2777,0	0,0	1,0	1,0	0,0	0,0	COMPLETA
2003	22054	Benasque	5,0	5,0		11984,0	11984,0		59,0	2,0	3,0		1,0	INCOMPLETA
2003	22055	Berbegal	4,0	0,0	4,0	2691,0	0,0	2691,0	0,0	1,0	1,0	0,0	0,0	COMPLETA
2003	22057	Bielsa	13,0	13,0		7401,0	7401,0		29,0					INCOMPLETA
2003	22058	Bierge	2,0	2,0	0,0	2150,0	2150,0	0,0	1,0	1,0	0,0	0,0	0,0	COMPLETA
2003	22059	Biescas	13,0	12,0	1,0	23398,0	23331,0	67,0	128,0	12,0	14,0	1,0	0,0	COMPLETA
2003	22060	Binaced	13,0	5,0	8,0	8327,0	1796,0	6531,0	5,0	4,0	3,0	1,0	0,0	COMPLETA
2003	22061	Binéfar	77,0	63,0	14,0	50808,0	39926,0	10882,0	178,0	13,0	5,0	2,0	2,0	COMPLETA
2003	22062	Bisaurri	3,0	3,0	0,0	1277,0	1277,0	0,0	14,0	6,0	13,0	0,0	1,0	COMPLETA
2003	22063	Biscarrués	2,0		2,0	672,0		672,0		1,0				INCOMPLETA
2003	22064	Blecua y Torres	2,0	0,0	2,0	1309,0	0,0	1309,0	0,0	0,0	0,0	0,0	0,0	COMPLETA
2003	22066	Boltaña	1,0	1,0	0,0	374,0	374,0	0,0	2,0	2,0	0,0	0,0	0,0	COMPLETA
2003	22067	Bonansa												SIN INFORMACIÓN
2003	22068	Borau								2,0	1,0			INCOMPLETA
2003	22069	Broto	3,0	3,0	0,0	7049,0	7049,0	0,0	38,0	2,0	5,0	0,0	0,0	COMPLETA
2003	22072	Caldearenas	5,0		5,0	1653,0		1653,0		1,0				INCOMPLETA
2003	22074	Campo												SIN INFORMACIÓN
2003	22075	Camporrells												SIN INFORMACIÓN
2003	22076	Canal de Berdún												SIN INFORMACIÓN
2003	22077	Candasnos								3,0		1,0	1,0	INCOMPLETA
2003	22078	Canfranc												SIN INFORMACIÓN
2003	22079	Capdesaso												SIN INFORMACIÓN
2003	22080	Capella	2,0	0,0	2,0	1788,0	0,0	1788,0	0,0	1,0	0,0	0,0	0,0	COMPLETA
2003	22081	Casbas de Huesca	0,0	0,0	0,0	0,0	0,0	0,0	0,0	2,0	0,0	0,0	0,0	COMPLETA
2003	22082	Castejón del Puente	2,0	2,0	0,0	234,0	234,0	0,0	2,0	0,0	0,0	0,0	0,0	COMPLETA
2003	22083	Castejón de Monegros												SIN INFORMACIÓN
2003	22084	Castejón de Sos	6,0	6,0	0,0	3941,0	3941,0	0,0	32,0	6,0	5,0	0,0	2,0	COMPLETA
2003	22085	Castelflorite	4,0	0,0	4,0	3448,0	0,0	3448,0	0,0	0,0	0,0	0,0	0,0	COMPLETA
2003	22086	Castiello de Jaca	2,0	1,0	1,0	393,0	320,0	73,0	1,0	1,0				INCOMPLETA
2003	22087	Castigaleu												SIN INFORMACIÓN
2003	22088	Castillazuelo	1,0	0,0	1,0	985,0	0,0	985,0	0,0	0,0	0,0	0,0	0,0	COMPLETA
2003	22089	Castillonroy	1,0	1,0	0,0	115,0	115,0	0,0	1,0	0,0	0,0	0,0	0,0	COMPLETA
2003	22090	Colungo												SIN INFORMACIÓN
2003	22094	Chalamera												SIN INFORMACIÓN
2003	22095	Chía	4,0	3,0	1,0	706,0	440,0	266,0	3,0	4,0	2,0	0,0	0,0	COMPLETA
2003	22096	Chimillas	8,0	8,0	0,0	2358,0	2358,0	0,0	8,0	0,0	0,0	0,0	0,0	COMPLETA
2003	22099	Esplús	2,0	0,0	2,0	288,0	0,0	288,0	0,0	1,0	0,0	0,0	0,0	COMPLETA
2003	22102	Estada												SIN INFORMACIÓN
2003	22103	Estadilla												SIN INFORMACIÓN
2003	22105	Estopiñán del Castillo	1,0	1,0	0,0	237,0	237,0	0,0	1,0	1,0	0,0	0,0	0,0	COMPLETA
2003	22106	Fago												SIN INFORMACIÓN
2003	22107	Fanlo												SIN INFORMACIÓN
2003	22109	Fiscal												SIN INFORMACIÓN
2003	22110	Fonz	4,0	1,0	3,0	1827,0	420,0	1407,0	1,0	1,0	2,0	0,0	0,0	COMPLETA
2003	22111	Foradada del Toscar												SIN INFORMACIÓN
2003	22112	Fraga	20,0	18,0	2,0	23580,0	20876,0	2704,0	125,0	8,0	6,0	3,0	4,0	COMPLETA
2003	22113	Fueva (La)												SIN INFORMACIÓN
2003	22114	Gistaín												SIN INFORMACIÓN
2003	22115	Grado (El)												SIN INFORMACIÓN
2003	22116	Grañén	16,0	4,0	12,0	11000,0	1353,0	9647,0	4,0	0,0	0,0	0,0	0,0	COMPLETA
2003	22117	Graus	26,0	17,0	9,0	10847,0	7828,0	3019,0	41,0	19,0	6,0	2,0	3,0	COMPLETA
2003	22119	Gurrea de Gállego	28,0	21,0	7,0	9333,0	4533,0	4800,0	21,0	4,0	2,0	0,0	0,0	COMPLETA
2003	22122	Hoz de Jaca	3,0	3,0	0,0	1098,0	1098,0	0,0	7,0	0,0	0,0	1,0	0,0	COMPLETA
2003	22124	Huerto	2,0	0,0	2,0	1764,0	0,0	1764,0	0,0	0,0	0,0	0,0	0,0	COMPLETA
2003	22125	Huesca	25,0	7,0	18,0	29893,0	16103,0	13790,0	101,0	9,0	37,0	4,0	11,0	COMPLETA
2003	22126	Ibieca												SIN INFORMACIÓN
2003	22127	Igriés	8,0	8,0		2124,0	2124,0		8,0					INCOMPLETA
2003	22128	Ilche												SIN INFORMACIÓN
2003	22129	Isábena	0,0	0,0	0,0	0,0	0,0	0,0	0,0	2,0	3,0	0,0	0,0	COMPLETA
2003	22130	Jaca	143,0	139,0	4,0	152593,0	151133,0	1460,0	680,0	25,0	17,0	3,0	10,0	COMPLETA
2003	22131	Jasa												SIN INFORMACIÓN
2003	22133	Labuerda												SIN INFORMACIÓN
2003	22135	Laluenga	3,0	1,0	2,0	2072,0	308,0	1764,0	1,0	0,0	0,0	0,0	0,0	COMPLETA
2003	22136	Lalueza	9,0	2,0	7,0	6309,0	448,0	5861,0	2,0	3,0	0,0	0,0	0,0	COMPLETA
2003	22137	Lanaja	1,0	1,0		335,0	335,0		1,0	2,0				INCOMPLETA
2003	22139	Laperdiguera	0,0	0,0	0,0	0,0	0,0	0,0	0,0	2,0	0,0	0,0	0,0	COMPLETA
2003	22141	Lascellas-Ponzano	1,0	0,0	1,0	360,0	0,0	360,0	0,0	0,0	0,0	0,0	0,0	COMPLETA
2003	22142	Lascuarre	6,0	6,0		1549,0	1549,0		6,0					INCOMPLETA
2003	22143	Laspaúles	5,0	4,0	1,0	1608,0	1300,0	308,0	12,0	0,0	0,0	2,0	0,0	COMPLETA
2003	22144	Laspuña												SIN INFORMACIÓN
2003	22149	Loarre												SIN INFORMACIÓN
2003	22150	Loporzano								1,0				INCOMPLETA
2003	22151	Loscorrales												SIN INFORMACIÓN
2003	22155	Monesma y Cajigar												SIN INFORMACIÓN
2003	22156	Monflorite-Lascasas	7,0	3,0	4,0	1816,0	494,0	1322,0	3,0	1,0				INCOMPLETA
2003	22157	Montanuy	0,0	0,0	0,0	0,0	0,0	0,0	0,0	2,0	1,0	0,0	0,0	COMPLETA
2003	22158	Monzón	22,0	17,0	5,0	40249,0	38538,0	1711,0	150,0	4,0	3,0	0,0	0,0	COMPLETA
2003	22160	Naval												SIN INFORMACIÓN
2003	22162	Novales	0,0	0,0	0,0	0,0	0,0	0,0	0,0	1,0	0,0	0,0	0,0	COMPLETA
2003	22163	Nueno	3,0	2,0	1,0	786,0	366,0	420,0	2,0	1,0				INCOMPLETA
2003	22164	Olvena												SIN INFORMACIÓN
2003	22165	Ontiñena	1,0	1,0	0,0	126,0	126,0	0,0	1,0	0,0	0,0	0,0	0,0	COMPLETA
2003	22167	Osso de Cinca	6,0	1,0	5,0	2246,0	386,0	1860,0	1,0	2,0	0,0	0,0	0,0	COMPLETA
2003	22168	Palo												SIN INFORMACIÓN
2003	22170	Panticosa	7,0	7,0		10544,0	10544,0		79,0	4,0	2,0			INCOMPLETA
2003	22172	Peñalba												SIN INFORMACIÓN
2003	22173	Peñas de Riglos (Las)	1,0	0,0	1,0	32,0	0,0	32,0	0,0	1,0	0,0	0,0	0,0	COMPLETA
2003	22174	Peralta de Alcofea	5,0	5,0		1193,0	1193,0		5,0	2,0				INCOMPLETA
2003	22175	Peralta de Calasanz												SIN INFORMACIÓN
2003	22176	Peraltilla												SIN INFORMACIÓN
2003	22177	Perarrúa												SIN INFORMACIÓN
2003	22178	Pertusa												SIN INFORMACIÓN
2003	22181	Piracés	1,0	1,0	0,0	214,0	214,0	0,0	1,0	0,0	0,0	0,0	0,0	COMPLETA
2003	22182	Plan												SIN INFORMACIÓN
2003	22184	Poleñino												SIN INFORMACIÓN
2003	22186	Pozán de Vero	0,0	0,0	0,0	0,0	0,0	0,0	0,0	3,0	0,0	0,0	0,0	COMPLETA
2003	22187	Puebla de Castro (La)												SIN INFORMACIÓN
2003	22188	Puente de Montañana												SIN INFORMACIÓN
2003	22189	Puértolas												SIN INFORMACIÓN
2003	22190	Pueyo de Araguás (El)												SIN INFORMACIÓN
2003	22193	Pueyo de Santa Cruz	2,0	2,0		638,0	638,0		2,0					INCOMPLETA
2003	22195	Quicena	48,0	47,0	1,0	21599,0	14633,0	6966,0	47,0	0,0	0,0	0,0	0,0	COMPLETA
2003	22197	Robres	8,0	2,0	6,0	8946,0	333,0	8613,0	2,0	1,0	1,0	1,0	1,0	COMPLETA
2003	22199	Sabiñánigo	28,0	25,0	3,0	29592,0	28472,0	1120,0	261,0	15,0	11,0	5,0	4,0	COMPLETA
2003	22200	Sahún												SIN INFORMACIÓN
2003	22201	Salas Altas												SIN INFORMACIÓN
2003	22202	Salas Bajas												SIN INFORMACIÓN
2003	22203	Salillas												SIN INFORMACIÓN
2003	22204	Sallent de Gállego	2,0	2,0		2153,0	2153,0		10,0					INCOMPLETA
2003	22205	San Esteban de Litera												SIN INFORMACIÓN
2003	22206	Sangarrén												SIN INFORMACIÓN
2003	22207	San Juan de Plan												SIN INFORMACIÓN
2003	22208	Santa Cilia												SIN INFORMACIÓN
2003	22209	Santa Cruz de la Serós												SIN INFORMACIÓN
2003	22212	Santaliestra y San Quílez												SIN INFORMACIÓN
2003	22213	Sariñena	28,0	8,0	20,0	18728,0	2342,0	16386,0	8,0	7,0	8,0	2,0	2,0	COMPLETA
2003	22214	Secastilla												SIN INFORMACIÓN
2003	22215	Seira	0,0	0,0	0,0	0,0	0,0	0,0	0,0	1,0	1,0	0,0	0,0	COMPLETA
2003	22217	Sena								1,0				INCOMPLETA
2003	22218	Senés de Alcubierre												SIN INFORMACIÓN
2003	22220	Sesa								1,0				INCOMPLETA
2003	22221	Sesué	2,0	2,0	0,0	2460,0	2460,0	0,0	21,0	2,0	1,0	1,0	1,0	COMPLETA
2003	22222	Siétamo	3,0	1,0	2,0	2094,0	330,0	1764,0	1,0	1,0	1,0			INCOMPLETA
2003	22223	Sopeira												SIN INFORMACIÓN
2003	22225	Tamarite de Litera	15,0	15,0	0,0	6327,0	6327,0	0,0	20,0	0,0	0,0	0,0	0,0	COMPLETA
2003	22226	Tardienta	6,0	2,0	4,0	2585,0	402,0	2183,0	2,0	0,0	0,0	0,0	0,0	COMPLETA
2003	22227	Tella-Sin												SIN INFORMACIÓN
2003	22228	Tierz	18,0	17,0	1,0	8999,0	8729,0	270,0	54,0	0,0	0,0	0,0	0,0	COMPLETA
2003	22229	Tolva												SIN INFORMACIÓN
2003	22230	Torla-Ordesa	2,0	2,0	0,0	797,0	797,0	0,0	4,0	3,0	2,0	0,0	0,0	COMPLETA
2003	22232	Torralba de Aragón	1,0	0,0	1,0	544,0	0,0	544,0	0,0	0,0	0,0	0,0	0,0	COMPLETA
2003	22233	Torre la Ribera	0,0	0,0	0,0	0,0	0,0	0,0	0,0	1,0	1,0	0,0	0,0	COMPLETA
2003	22234	Torrente de Cinca	6,0	6,0		4285,0	4285,0		13,0	6,0				INCOMPLETA
2003	22235	Torres de Alcanadre												SIN INFORMACIÓN
2003	22236	Torres de Barbués	2,0	0,0	2,0	1764,0	0,0	1764,0	0,0	0,0	0,0	0,0	0,0	COMPLETA
2003	22239	Tramaced												SIN INFORMACIÓN
2003	22242	Valfarta												SIN INFORMACIÓN
2003	22243	Valle de Bardají												SIN INFORMACIÓN
2003	22244	Valle de Lierp												SIN INFORMACIÓN
2003	22245	Velilla de Cinca	5,0	1,0	4,0	3863,0	335,0	3528,0	1,0	1,0	0,0	0,0	0,0	COMPLETA
2003	22246	Beranuy												SIN INFORMACIÓN
2003	22247	Viacamp y Litera												SIN INFORMACIÓN
2003	22248	Vicién												SIN INFORMACIÓN
2003	22249	Villanova	1,0	1,0		2060,0	2060,0		12,0			1,0	1,0	INCOMPLETA
2003	22250	Villanúa	43,0	40,0	3,0	13880,0	13451,0	429,0	106,0	2,0	2,0	4,0	0,0	COMPLETA
2003	22251	Villanueva de Sigena	10,0	0,0	10,0	4031,0	0,0	4031,0	0,0	0,0	0,0	0,0	0,0	COMPLETA
2003	22252	Yebra de Basa												SIN INFORMACIÓN
2003	22253	Yésero												SIN INFORMACIÓN
2003	22254	Zaidín	20,0	6,0	14,0	7891,0	1418,0	6473,0	6,0	5,0	0,0	0,0	0,0	COMPLETA
2003	22901	Valle de Hecho	14,0	14,0	0,0	6874,0	6874,0	0,0	47,0	6,0	4,0	3,0	2,0	COMPLETA
2003	22902	Puente la Reina de Jaca												SIN INFORMACIÓN
2003	22903	San Miguel del Cinca	3,0	0,0	3,0	2876,0	0,0	2876,0	0,0	0,0	0,0	0,0	0,0	COMPLETA
2003	22904	Sotonera (La)	8,0	4,0	4,0	4081,0	845,0	3236,0	4,0	2,0	2,0			INCOMPLETA
2003	22905	Lupiñén-Ortilla	5,0	3,0	2,0	2572,0	892,0	1680,0	3,0	0,0	0,0	0,0	0,0	COMPLETA
2003	22906	Santa María de Dulcis												SIN INFORMACIÓN
2003	22907	Aínsa-Sobrarbe	5,0	5,0	0,0	1071,0	1071,0	0,0	5,0	7,0	17,0	0,0	2,0	COMPLETA
2003	22908	Hoz y Costeán												SIN INFORMACIÓN
2003	22909	Vencillón												SIN INFORMACIÓN
2003	44001	Ababuj												SIN INFORMACIÓN
2003	44002	Abejuela												SIN INFORMACIÓN
2003	44003	Aguatón												SIN INFORMACIÓN
2003	44004	Aguaviva	5,0	3,0	2,0	2363,0	1065,0	1298,0	3,0	1,0	1,0	0,0	0,0	COMPLETA
2003	44005	Aguilar del Alfambra												SIN INFORMACIÓN
2003	44006	Alacón												SIN INFORMACIÓN
2003	44007	Alba	1,0	1,0	0,0	265,0	265,0	0,0	1,0	0,0	0,0	0,0	0,0	COMPLETA
2003	44008	Albalate del Arzobispo	10,0	6,0	4,0	4226,0	2332,0	1894,0	6,0			1,0	1,0	INCOMPLETA
2003	44009	Albarracín								2,0				INCOMPLETA
2003	44010	Albentosa	2,0	2,0		717,0	717,0		3,0	1,0		1,0	1,0	INCOMPLETA
2003	44011	Alcaine												SIN INFORMACIÓN
2003	44012	Alcalá de la Selva	5,0	4,0	1,0	1190,0	1069,0	121,0	6,0	4,0	1,0	1,0	3,0	COMPLETA
2003	44013	Alcañiz	9,0	7,0	2,0	8521,0	7853,0	668,0	39,0			4,0	4,0	INCOMPLETA
2003	44014	Alcorisa	16,0	9,0	7,0	8749,0	4016,0	4733,0	12,0	5,0	3,0	2,0	2,0	INCOMPLETA
2003	44016	Alfambra												SIN INFORMACIÓN
2003	44017	Aliaga												SIN INFORMACIÓN
2003	44018	Almohaja												SIN INFORMACIÓN
2003	44019	Alobras												SIN INFORMACIÓN
2003	44020	Alpeñés												SIN INFORMACIÓN
2003	44021	Allepuz												SIN INFORMACIÓN
2003	44022	Alloza	1,0	1,0	0,0	284,0	284,0	0,0	1,0	0,0	0,0	0,0	0,0	COMPLETA
2003	44023	Allueva												SIN INFORMACIÓN
2003	44024	Anadón												SIN INFORMACIÓN
2003	44025	Andorra	23,0	17,0	6,0	5764,0	4115,0	1649,0	20,0	7,0	0,0	6,0	5,0	COMPLETA
2003	44026	Arcos de las Salinas												SIN INFORMACIÓN
2003	44027	Arens de Lledó												SIN INFORMACIÓN
2003	44028	Argente												SIN INFORMACIÓN
2003	44029	Ariño	1,0	1,0		193,0	193,0		1,0					INCOMPLETA
2003	44031	Azaila												SIN INFORMACIÓN
2003	44032	Bádenas												SIN INFORMACIÓN
2003	44033	Báguena	1,0	1,0	0,0	158,0	158,0	0,0	1,0	1,0	0,0	0,0	0,0	COMPLETA
2003	44034	Bañón												SIN INFORMACIÓN
2003	44035	Barrachina												SIN INFORMACIÓN
2003	44036	Bea												SIN INFORMACIÓN
2003	44037	Beceite								1,0				INCOMPLETA
2003	44038	Belmonte de San José												SIN INFORMACIÓN
2003	44039	Bello												SIN INFORMACIÓN
2003	44040	Berge	1,0	0,0	1,0	101,0	0,0	101,0	0,0	0,0	0,0	0,0	0,0	COMPLETA
2003	44041	Bezas												SIN INFORMACIÓN
2003	44042	Blancas	1,0	0,0	1,0	626,0	0,0	626,0	0,0	0,0	0,0	0,0	0,0	COMPLETA
2003	44043	Blesa												SIN INFORMACIÓN
2003	44044	Bordón												SIN INFORMACIÓN
2003	44045	Bronchales	12,0	11,0	1,0	4119,0	3819,0	300,0	32,0	1,0	2,0	2,0	2,0	INCOMPLETA
2003	44046	Bueña	1,0		1,0	573,0		573,0						INCOMPLETA
2003	44047	Burbáguena												SIN INFORMACIÓN
2003	44048	Cabra de Mora	0,0	0,0	0,0	0,0	0,0	0,0	0,0	1,0	0,0	0,0	0,0	COMPLETA
2003	44049	Calaceite	7,0	1,0	6,0	2681,0	301,0	2380,0	1,0	1,0	0,0	0,0	0,0	COMPLETA
2003	44050	Calamocha	28,0	21,0	7,0	30287,0	26524,0	3763,0	132,0	6,0	3,0	4,0	2,0	INCOMPLETA
2003	44051	Calanda	19,0	17,0	2,0	3915,0	3817,0	98,0	19,0	2,0	0,0	1,0	1,0	COMPLETA
2003	44052	Calomarde												SIN INFORMACIÓN
2003	44053	Camañas												SIN INFORMACIÓN
2003	44054	Camarena de la Sierra												SIN INFORMACIÓN
2003	44055	Camarillas								1,0				INCOMPLETA
2003	44056	Caminreal	2,0	1,0	1,0	456,0	384,0	72,0	1,0	0,0	0,0	0,0	0,0	COMPLETA
2003	44059	Cantavieja	5,0	2,0	3,0	1397,0	490,0	907,0	2,0					INCOMPLETA
2003	44060	Cañada de Benatanduz	0,0	0,0	0,0	0,0	0,0	0,0	0,0	1,0	1,0	0,0	0,0	COMPLETA
2003	44061	Cañada de Verich (La)												SIN INFORMACIÓN
2003	44062	Cañada Vellida												SIN INFORMACIÓN
2003	44063	Cañizar del Olivar												SIN INFORMACIÓN
2003	44064	Cascante del Río												SIN INFORMACIÓN
2003	44065	Castejón de Tornos												SIN INFORMACIÓN
2003	44066	Castel de Cabra												SIN INFORMACIÓN
2003	44067	Castelnou												SIN INFORMACIÓN
2003	44068	Castelserás	7,0	6,0	1,0	2426,0	1426,0	1000,0	6,0	0,0	0,0	1,0	1,0	COMPLETA
2003	44070	Castellar (El)												SIN INFORMACIÓN
2003	44071	Castellote	2,0	1,0	1,0	610,0	344,0	266,0	1,0					INCOMPLETA
2003	44074	Cedrillas	1,0	0,0	1,0	504,0	0,0	504,0	0,0	2,0	0,0	0,0	0,0	COMPLETA
2003	44075	Celadas												SIN INFORMACIÓN
2003	44076	Cella	26,0	11,0	15,0	15278,0	4394,0	10884,0	14,0	4,0	2,0	2,0	1,0	COMPLETA
2003	44077	Cerollera (La)												SIN INFORMACIÓN
2003	44080	Codoñera (La)	1,0	0,0	1,0	167,0	0,0	167,0	0,0	3,0	1,0	0,0	0,0	COMPLETA
2003	44082	Corbalán												SIN INFORMACIÓN
2003	44084	Cortes de Aragón												SIN INFORMACIÓN
2003	44085	Cosa												SIN INFORMACIÓN
2003	44086	Cretas												SIN INFORMACIÓN
2003	44087	Crivillén												SIN INFORMACIÓN
2003	44088	Cuba (La)	3,0	0,0	3,0	1141,0	0,0	1141,0	0,0	1,0	0,0	0,0	0,0	COMPLETA
2003	44089	Cubla												SIN INFORMACIÓN
2003	44090	Cucalón	3,0	1,0	2,0	2171,0	231,0	1940,0	1,0	0,0	0,0	0,0	0,0	COMPLETA
2003	44092	Cuervo (El)												SIN INFORMACIÓN
2003	44093	Cuevas de Almudén												SIN INFORMACIÓN
2003	44094	Cuevas Labradas												SIN INFORMACIÓN
2003	44096	Ejulve	1,0	1,0		248,0	248,0		1,0			1,0	1,0	INCOMPLETA
2003	44097	Escorihuela												SIN INFORMACIÓN
2003	44099	Escucha	1,0	1,0		357,0	357,0		1,0					INCOMPLETA
2003	44100	Estercuel												SIN INFORMACIÓN
2003	44101	Ferreruela de Huerva												SIN INFORMACIÓN
2003	44102	Fonfría												SIN INFORMACIÓN
2003	44103	Formiche Alto												SIN INFORMACIÓN
2003	44105	Fórnoles												SIN INFORMACIÓN
2003	44106	Fortanete								1,0				INCOMPLETA
2003	44107	Foz-Calanda	10,0	2,0	8,0	4597,0	421,0	4176,0	2,0			1,0		INCOMPLETA
2003	44108	Fresneda (La)												SIN INFORMACIÓN
2003	44109	Frías de Albarracín	4,0	4,0	0,0	1023,0	1023,0	0,0	4,0	0,0	0,0	0,0	0,0	COMPLETA
2003	44110	Fuenferrada												SIN INFORMACIÓN
2003	44111	Fuentes Calientes	0,0	0,0	0,0	0,0	0,0	0,0	0,0	1,0	0,0	0,0	0,0	COMPLETA
2003	44112	Fuentes Claras												SIN INFORMACIÓN
2003	44113	Fuentes de Rubielos												SIN INFORMACIÓN
2003	44114	Fuentespalda	1,0	1,0	0,0	383,0	383,0	0,0	1,0	1,0	0,0	0,0	0,0	COMPLETA
2003	44115	Galve												SIN INFORMACIÓN
2003	44116	Gargallo												SIN INFORMACIÓN
2003	44117	Gea de Albarracín												SIN INFORMACIÓN
2003	44118	Ginebrosa (La)	5,0	1,0	4,0	2026,0	238,0	1788,0	1,0	1,0	0,0	0,0	0,0	COMPLETA
2003	44119	Griegos	0,0	0,0	0,0	0,0	0,0	0,0	0,0	2,0	0,0	0,0	0,0	COMPLETA
2003	44120	Guadalaviar	0,0	0,0	0,0	0,0	0,0	0,0	0,0	1,0	0,0	0,0	0,0	COMPLETA
2003	44121	Gúdar	5,0	5,0		908,0	908,0		5,0					INCOMPLETA
2003	44122	Híjar	24,0	13,0	11,0	10199,0	6443,0	3756,0	27,0	6,0	0,0	4,0	2,0	COMPLETA
2003	44123	Hinojosa de Jarque												SIN INFORMACIÓN
2003	44124	Hoz de la Vieja (La)												SIN INFORMACIÓN
2003	44125	Huesa del Común												SIN INFORMACIÓN
2003	44126	Iglesuela del Cid (La)												SIN INFORMACIÓN
2003	44127	Jabaloyas												SIN INFORMACIÓN
2003	44128	Jarque de la Val												SIN INFORMACIÓN
2003	44129	Jatiel												SIN INFORMACIÓN
2003	44130	Jorcas												SIN INFORMACIÓN
2003	44131	Josa												SIN INFORMACIÓN
2003	44132	Lagueruela												SIN INFORMACIÓN
2003	44133	Lanzuela												SIN INFORMACIÓN
2003	44135	Libros	1,0	1,0	0,0	173,0	173,0	0,0	1,0	0,0	0,0	0,0	0,0	COMPLETA
2003	44136	Lidón												SIN INFORMACIÓN
2003	44137	Linares de Mora												SIN INFORMACIÓN
2003	44138	Loscos												SIN INFORMACIÓN
2003	44141	Lledó												SIN INFORMACIÓN
2003	44142	Maicas												SIN INFORMACIÓN
2003	44143	Manzanera	7,0	5,0	2,0	1900,0	1208,0	692,0	6,0					INCOMPLETA
2003	44144	Martín del Río	3,0	2,0	1,0	855,0	591,0	264,0	2,0	0,0	0,0	0,0	0,0	COMPLETA
2003	44145	Mas de las Matas	13,0	8,0	5,0	3111,0	2191,0	920,0	8,0	7,0	1,0	1,0	2,0	COMPLETA
2003	44146	Mata de los Olmos (La)												SIN INFORMACIÓN
2003	44147	Mazaleón	3,0	2,0	1,0	1893,0	681,0	1212,0	2,0	1,0	0,0	0,0	0,0	COMPLETA
2003	44148	Mezquita de Jarque												SIN INFORMACIÓN
2003	44149	Mirambel	6,0	1,0	5,0	2107,0	229,0	1878,0	1,0	2,0	0,0	1,0	1,0	COMPLETA
2003	44150	Miravete de la Sierra												SIN INFORMACIÓN
2003	44151	Molinos	6,0	3,0	3,0	3222,0	1693,0	1529,0	5,0	1,0	0,0	1,0	1,0	COMPLETA
2003	44152	Monforte de Moyuela												SIN INFORMACIÓN
2003	44153	Monreal del Campo	9,0	5,0	4,0	7967,0	4115,0	3852,0	11,0	3,0	0,0	1,0	0,0	COMPLETA
2003	44154	Monroyo												SIN INFORMACIÓN
2003	44155	Montalbán	4,0	4,0	0,0	6071,0	6071,0	0,0	36,0	1,0	0,0	1,0	1,0	COMPLETA
2003	44156	Monteagudo del Castillo												SIN INFORMACIÓN
2003	44157	Monterde de Albarracín												SIN INFORMACIÓN
2003	44158	Mora de Rubielos	6,0	5,0	1,0	7949,0	7671,0	278,0	46,0	1,0	0,0	0,0	0,0	COMPLETA
2003	44159	Moscardón												SIN INFORMACIÓN
2003	44160	Mosqueruela	3,0	2,0	1,0	769,0	619,0	150,0	2,0	1,0		1,0		INCOMPLETA
2003	44161	Muniesa	1,0	1,0		221,0	221,0		1,0					INCOMPLETA
2003	44163	Noguera de Albarracín												SIN INFORMACIÓN
2003	44164	Nogueras												SIN INFORMACIÓN
2003	44165	Nogueruelas	1,0	1,0	0,0	363,0	363,0	0,0	1,0	1,0	1,0	0,0	0,0	COMPLETA
2003	44167	Obón	2,0	2,0		237,0	237,0		2,0					INCOMPLETA
2003	44168	Odón	1,0	0,0	1,0	1029,0	0,0	1029,0	0,0	0,0	0,0	0,0	0,0	COMPLETA
2003	44169	Ojos Negros	5,0	5,0	0,0	874,0	874,0	0,0	5,0	2,0	0,0	0,0	0,0	COMPLETA
2003	44171	Olba												SIN INFORMACIÓN
2003	44172	Oliete	1,0	0,0	1,0	803,0	0,0	803,0	0,0	0,0	0,0	0,0	0,0	COMPLETA
2003	44173	Olmos (Los)												SIN INFORMACIÓN
2003	44174	Orihuela del Tremedal	1,0	1,0	0,0	343,0	343,0	0,0	1,0	2,0	0,0	0,0	0,0	COMPLETA
2003	44175	Orrios												SIN INFORMACIÓN
2003	44176	Palomar de Arroyos												SIN INFORMACIÓN
2003	44177	Pancrudo												SIN INFORMACIÓN
2003	44178	Parras de Castellote (Las)	1,0	1,0	0,0	420,0	420,0	0,0	1,0	1,0	0,0	0,0	0,0	COMPLETA
2003	44179	Peñarroya de Tastavins												SIN INFORMACIÓN
2003	44180	Peracense												SIN INFORMACIÓN
2003	44181	Peralejos												SIN INFORMACIÓN
2003	44182	Perales del Alfambra												SIN INFORMACIÓN
2003	44183	Pitarque												SIN INFORMACIÓN
2003	44184	Plou												SIN INFORMACIÓN
2003	44185	Pobo (El)												SIN INFORMACIÓN
2003	44187	Portellada (La)	1,0	1,0	0,0	445,0	445,0	0,0	1,0	0,0	0,0	0,0	0,0	COMPLETA
2003	44189	Pozondón	0,0	0,0	0,0	0,0	0,0	0,0	0,0	3,0	0,0	0,0	0,0	COMPLETA
2003	44190	Pozuel del Campo	1,0	1,0		209,0	209,0		1,0	2,0				INCOMPLETA
2003	44191	Puebla de Híjar (La)	8,0	5,0	3,0	2623,0	1055,0	1568,0	5,0	5,0	1,0	0,0	0,0	COMPLETA
2003	44192	Puebla de Valverde (La)	6,0	4,0	2,0	3940,0	3235,0	705,0	19,0	2,0	0,0	2,0	4,0	COMPLETA
2003	44193	Puertomingalvo	5,0	4,0	1,0	2611,0	2111,0	500,0	38,0	2,0				INCOMPLETA
2003	44194	Ráfales	2,0	2,0		243,0	243,0		2,0					INCOMPLETA
2003	44195	Rillo												SIN INFORMACIÓN
2003	44196	Riodeva	1,0	1,0	0,0	549,0	549,0	0,0	1,0	0,0	0,0	0,0	0,0	COMPLETA
2003	44197	Ródenas												SIN INFORMACIÓN
2003	44198	Royuela												SIN INFORMACIÓN
2003	44199	Rubiales												SIN INFORMACIÓN
2003	44200	Rubielos de la Cérida												SIN INFORMACIÓN
2003	44201	Rubielos de Mora	6,0	5,0	1,0	4964,0	4774,0	190,0	32,0	1,0		1,0	1,0	INCOMPLETA
2003	44203	Salcedillo												SIN INFORMACIÓN
2003	44204	Saldón												SIN INFORMACIÓN
2003	44205	Samper de Calanda	4,0	1,0	3,0	650,0	120,0	530,0	1,0	4,0	1,0	0,0	0,0	COMPLETA
2003	44206	San Agustín	1,0	1,0	0,0	182,0	182,0	0,0	1,0	0,0	0,0	0,0	0,0	COMPLETA
2003	44207	San Martín del Río												SIN INFORMACIÓN
2003	44208	Santa Cruz de Nogueras												SIN INFORMACIÓN
2003	44209	Santa Eulalia	18,0	10,0	8,0	10264,0	1625,0	8639,0	10,0	0,0	0,0	1,0	1,0	COMPLETA
2003	44210	Sarrión	6,0	5,0	1,0	2209,0	2137,0	72,0	5,0	2,0	0,0	1,0	1,0	COMPLETA
2003	44211	Segura de los Baños												SIN INFORMACIÓN
2003	44212	Seno												SIN INFORMACIÓN
2003	44213	Singra												SIN INFORMACIÓN
2003	44215	Terriente								1,0				INCOMPLETA
2003	44216	Teruel	5,0	5,0	0,0	5310,0	5310,0	0,0	29,0	12,0	9,0	3,0	11,0	COMPLETA
2003	44217	Toril y Masegoso												SIN INFORMACIÓN
2003	44218	Tormón												SIN INFORMACIÓN
2003	44219	Tornos	1,0	1,0	0,0	102,0	102,0	0,0	1,0	0,0	0,0	0,0	0,0	COMPLETA
2003	44220	Torralba de los Sisones												SIN INFORMACIÓN
2003	44221	Torrecilla de Alcañiz	6,0	3,0	3,0	2735,0	1400,0	1335,0	3,0	1,0	0,0	0,0	0,0	COMPLETA
2003	44222	Torrecilla del Rebollar	1,0	1,0		189,0	189,0		1,0					INCOMPLETA
2003	44223	Torre de Arcas												SIN INFORMACIÓN
2003	44224	Torre de las Arcas												SIN INFORMACIÓN
2003	44225	Torre del Compte												SIN INFORMACIÓN
2003	44226	Torrelacárcel								1,0				INCOMPLETA
2003	44227	Torre los Negros												SIN INFORMACIÓN
2003	44228	Torremocha de Jiloca												SIN INFORMACIÓN
2003	44229	Torres de Albarracín												SIN INFORMACIÓN
2003	44230	Torrevelilla	5,0	2,0	3,0	1634,0	382,0	1252,0	2,0	0,0	0,0	0,0	0,0	COMPLETA
2003	44231	Torrijas												SIN INFORMACIÓN
2003	44232	Torrijo del Campo												SIN INFORMACIÓN
2003	44234	Tramacastiel												SIN INFORMACIÓN
2003	44235	Tramacastilla	1,0		1,0	435,0		435,0						INCOMPLETA
2003	44236	Tronchón	2,0	1,0	1,0	431,0	306,0	125,0	1,0	0,0	0,0	0,0	0,0	COMPLETA
2003	44237	Urrea de Gaén	4,0	1,0	3,0	3562,0	221,0	3341,0	1,0	0,0	0,0	0,0	0,0	COMPLETA
2003	44238	Utrillas	6,0	6,0	0,0	3024,0	3024,0	0,0	12,0	2,0	2,0	0,0	0,0	COMPLETA
2003	44239	Valacloche												SIN INFORMACIÓN
2003	44240	Valbona	1,0	1,0		177,0	177,0		1,0					INCOMPLETA
2003	44241	Valdealgorfa	3,0	2,0	1,0	990,0	357,0	633,0	2,0	1,0				INCOMPLETA
2003	44243	Valdecuenca	1,0	1,0	0,0	242,0	242,0	0,0	1,0	0,0	0,0	0,0	0,0	COMPLETA
2003	44244	Valdelinares												SIN INFORMACIÓN
2003	44245	Valdeltormo	1,0		1,0	482,0		482,0		1,0				INCOMPLETA
2003	44246	Valderrobres	7,0	5,0	2,0	1786,0	1599,0	187,0	5,0					INCOMPLETA
2003	44247	Valjunquera	2,0	2,0	0,0	794,0	794,0	0,0	2,0	1,0	0,0	0,0	0,0	COMPLETA
2003	44249	Vallecillo (El)												SIN INFORMACIÓN
2003	44250	Veguillas de la Sierra												SIN INFORMACIÓN
2003	44251	Villafranca del Campo												SIN INFORMACIÓN
2003	44252	Villahermosa del Campo												SIN INFORMACIÓN
2003	44256	Villanueva del Rebollar de la Sierra												SIN INFORMACIÓN
2003	44257	Villar del Cobo	2,0	1,0	1,0	848,0	226,0	622,0	1,0	0,0	0,0	0,0	0,0	COMPLETA
2003	44258	Villar del Salz												SIN INFORMACIÓN
2003	44260	Villarluengo												SIN INFORMACIÓN
2003	44261	Villarquemado	11,0	9,0	2,0	2303,0	1620,0	683,0	9,0	1,0	1,0	0,0	0,0	COMPLETA
2003	44262	Villarroya de los Pinares												SIN INFORMACIÓN
2003	44263	Villastar	3,0	1,0	2,0	2519,0	359,0	2160,0	1,0					INCOMPLETA
2003	44264	Villel	1,0	0,0	1,0	1888,0	0,0	1888,0	0,0	0,0	0,0	0,0	0,0	COMPLETA
2003	44265	Vinaceite	1,0	1,0		326,0	326,0		1,0	1,0	1,0			INCOMPLETA
2003	44266	Visiedo												SIN INFORMACIÓN
2003	44267	Vivel del Río Martín												SIN INFORMACIÓN
2003	44268	Zoma (La)												SIN INFORMACIÓN
2003	50001	Abanto												SIN INFORMACIÓN
2003	50002	Acered												SIN INFORMACIÓN
2003	50003	Agón	1,0	1,0	0,0	249,0	249,0	0,0	1,0	0,0	0,0	0,0	0,0	COMPLETA
2003	50004	Aguarón	1,0	1,0	0,0	236,0	236,0	0,0	1,0	0,0	0,0	0,0	0,0	COMPLETA
2003	50005	Aguilón												SIN INFORMACIÓN
2003	50006	Ainzón	7,0	6,0	1,0	3176,0	2512,0	664,0	9,0			1,0		INCOMPLETA
2003	50007	Aladrén												SIN INFORMACIÓN
2003	50008	Alagón	74,0	60,0	14,0	33760,0	28198,0	5562,0	151,0	4,0	1,0	7,0	7,0	INCOMPLETA
2003	50009	Alarba												SIN INFORMACIÓN
2003	50010	Alberite de San Juan												SIN INFORMACIÓN
2003	50011	Albeta	0,0	0,0	0,0	0,0	0,0	0,0	0,0	1,0	0,0	0,0	0,0	COMPLETA
2003	50012	Alborge	1,0		1,0	52,0		52,0						INCOMPLETA
2003	50013	Alcalá de Ebro	5,0	1,0	4,0	5104,0	120,0	4984,0	1,0	0,0	0,0	1,0	1,0	COMPLETA
2003	50014	Alcalá de Moncayo												SIN INFORMACIÓN
2003	50015	Alconchel de Ariza												SIN INFORMACIÓN
2003	50016	Aldehuela de Liestos												SIN INFORMACIÓN
2003	50017	Alfajarín	23,0	11,0	12,0	14692,0	2431,0	12261,0	13,0	2,0	0,0	1,0	1,0	COMPLETA
2003	50018	Alfamén	13,0	12,0	1,0	2371,0	1971,0	400,0	14,0	0,0	0,0	0,0	0,0	COMPLETA
2003	50019	Alforque	1,0	1,0		196,0	196,0		1,0	1,0				INCOMPLETA
2003	50020	Alhama de Aragón												SIN INFORMACIÓN
2003	50021	Almochuel												SIN INFORMACIÓN
2003	50022	Almolda (La)	2,0	1,0	1,0	782,0	282,0	500,0	1,0	0,0	0,0	0,0	0,0	COMPLETA
2003	50023	Almonacid de la Cuba	2,0	2,0	0,0	272,0	272,0	0,0	2,0	0,0	0,0	0,0	0,0	COMPLETA
2003	50024	Almonacid de la Sierra	3,0	3,0	0,0	695,0	695,0	0,0	3,0	0,0	0,0	0,0	0,0	COMPLETA
2003	50025	Almunia de Doña Godina (La)	25,0	19,0	6,0	14934,0	8544,0	6390,0	40,0	3,0		4,0	4,0	INCOMPLETA
2003	50026	Alpartir	2,0	2,0	0,0	493,0	493,0	0,0	2,0	2,0	1,0	0,0	0,0	COMPLETA
2003	50027	Ambel	4,0	0,0	4,0	954,0	0,0	954,0	0,0	0,0	0,0	0,0	0,0	COMPLETA
2003	50028	Anento												SIN INFORMACIÓN
2003	50029	Aniñón	0,0	0,0	0,0	0,0	0,0	0,0	0,0	3,0	0,0	0,0	0,0	COMPLETA
2003	50030	Añón de Moncayo												SIN INFORMACIÓN
2003	50031	Aranda de Moncayo	0,0	0,0	0,0	0,0	0,0	0,0	0,0	1,0	0,0	0,0	0,0	COMPLETA
2003	50032	Arándiga												SIN INFORMACIÓN
2003	50033	Ardisa												SIN INFORMACIÓN
2003	50034	Ariza												SIN INFORMACIÓN
2003	50035	Artieda												SIN INFORMACIÓN
2003	50036	Asín	0,0	0,0	0,0	0,0	0,0	0,0	0,0	1,0	0,0	0,0	0,0	COMPLETA
2003	50037	Atea												SIN INFORMACIÓN
2003	50038	Ateca	2,0	2,0		575,0	575,0		2,0	1,0				INCOMPLETA
2003	50039	Azuara												SIN INFORMACIÓN
2003	50040	Badules												SIN INFORMACIÓN
2003	50041	Bagüés												SIN INFORMACIÓN
2003	50042	Balconchán												SIN INFORMACIÓN
2003	50043	Bárboles												SIN INFORMACIÓN
2003	50044	Bardallur	3,0	3,0	0,0	786,0	786,0	0,0	3,0	0,0	0,0	0,0	0,0	COMPLETA
2003	50045	Belchite	2,0	0,0	2,0	1794,0	0,0	1794,0	0,0	1,0	0,0	0,0	0,0	COMPLETA
2003	50046	Belmonte de Gracián												SIN INFORMACIÓN
2003	50047	Berdejo												SIN INFORMACIÓN
2003	50048	Berrueco												SIN INFORMACIÓN
2003	50050	Bijuesca												SIN INFORMACIÓN
2003	50051	Biota	13,0	1,0	12,0	10550,0	790,0	9760,0	2,0	2,0	0,0	0,0	0,0	COMPLETA
2003	50052	Bisimbre												SIN INFORMACIÓN
2003	50053	Boquiñeni	1,0	1,0	0,0	243,0	243,0	0,0	1,0	0,0	0,0	0,0	0,0	COMPLETA
2003	50054	Bordalba												SIN INFORMACIÓN
2003	50055	Borja	80,0	80,0	0,0	21857,0	21857,0	0,0	95,0	4,0	0,0	1,0	3,0	COMPLETA
2003	50056	Botorrita	1,0	0,0	1,0	1500,0	0,0	1500,0	0,0	0,0	0,0	0,0	0,0	COMPLETA
2003	50057	Brea de Aragón	1,0	1,0	0,0	387,0	387,0	0,0	2,0	0,0	0,0	1,0	1,0	COMPLETA
2003	50058	Bubierca												SIN INFORMACIÓN
2003	50059	Bujaraloz	8,0	4,0	4,0	3337,0	1076,0	2261,0	4,0	0,0	0,0	0,0	0,0	COMPLETA
2003	50060	Bulbuente	1,0	1,0	0,0	122,0	122,0	0,0	1,0	1,0	0,0	0,0	0,0	COMPLETA
2003	50061	Bureta								1,0				INCOMPLETA
2003	50062	Burgo de Ebro (El)	6,0	6,0	0,0	2638,0	2638,0	0,0	10,0	0,0	0,0	0,0	0,0	COMPLETA
2003	50063	Buste (El)												SIN INFORMACIÓN
2003	50064	Cabañas de Ebro	5,0	4,0	1,0	949,0	919,0	30,0	4,0	0,0	0,0	3,0	2,0	COMPLETA
2003	50065	Cabolafuente												SIN INFORMACIÓN
2003	50066	Cadrete	79,0	78,0	1,0	16958,0	16748,0	210,0	84,0	3,0	0,0	2,0	1,0	COMPLETA
2003	50067	Calatayud	24,0	21,0	3,0	16644,0	12067,0	4577,0	58,0	1,0		1,0	3,0	INCOMPLETA
2003	50068	Calatorao	7,0	5,0	2,0	2438,0	1460,0	978,0	5,0	1,0	0,0	0,0	0,0	COMPLETA
2003	50069	Calcena												SIN INFORMACIÓN
2003	50070	Calmarza	0,0	0,0	0,0	0,0	0,0	0,0	0,0	1,0	0,0	0,0	0,0	COMPLETA
2003	50071	Campillo de Aragón												SIN INFORMACIÓN
2003	50072	Carenas												SIN INFORMACIÓN
2003	50073	Cariñena	19,0	11,0	8,0	11377,0	3959,0	7418,0	13,0	0,0	0,0	1,0	1,0	COMPLETA
2003	50074	Caspe	97,0	86,0	11,0	27715,0	23272,0	4443,0	109,0	4,0		1,0	1,0	INCOMPLETA
2003	50075	Castejón de Alarba												SIN INFORMACIÓN
2003	50076	Castejón de las Armas												SIN INFORMACIÓN
2003	50077	Castejón de Valdejasa												SIN INFORMACIÓN
2003	50078	Castiliscar												SIN INFORMACIÓN
2003	50079	Cervera de la Cañada								1,0				INCOMPLETA
2003	50080	Cerveruela												SIN INFORMACIÓN
2003	50081	Cetina	1,0	1,0	0,0	317,0	317,0	0,0	1,0	0,0	0,0	0,0	0,0	COMPLETA
2003	50082	Cimballa												SIN INFORMACIÓN
2003	50083	Cinco Olivas												SIN INFORMACIÓN
2003	50084	Clarés de Ribota												SIN INFORMACIÓN
2003	50085	Codo												SIN INFORMACIÓN
2003	50086	Codos												SIN INFORMACIÓN
2003	50087	Contamina												SIN INFORMACIÓN
2003	50088	Cosuenda	1,0	0,0	1,0	75,0	0,0	75,0	0,0	0,0	0,0	0,0	0,0	COMPLETA
2003	50089	Cuarte de Huerva	138,0	134,0	4,0	62034,0	58839,0	3195,0	322,0	1,0		3,0	3,0	INCOMPLETA
2003	50090	Cubel												SIN INFORMACIÓN
2003	50091	Cuerlas (Las)												SIN INFORMACIÓN
2003	50092	Chiprana												SIN INFORMACIÓN
2003	50093	Chodes												SIN INFORMACIÓN
2003	50094	Daroca	2,0	2,0		739,0	739,0		2,0			1,0	1,0	INCOMPLETA
2003	50095	Ejea de los Caballeros	89,0	54,0	35,0	65817,0	30142,0	35675,0	168,0	6,0		5,0	4,0	INCOMPLETA
2003	50096	Embid de Ariza												SIN INFORMACIÓN
2003	50098	Encinacorba	2,0	1,0	1,0	309,0	241,0	68,0	1,0	1,0	0,0	1,0	0,0	COMPLETA
2003	50099	Épila	13,0	8,0	5,0	5588,0	2647,0	2941,0	11,0	1,0	1,0	0,0	0,0	COMPLETA
2003	50100	Erla												SIN INFORMACIÓN
2003	50101	Escatrón	5,0	3,0	2,0	1425,0	1017,0	408,0	3,0					INCOMPLETA
2003	50102	Fabara	3,0	0,0	3,0	1318,0	0,0	1318,0	0,0	1,0	0,0	0,0	0,0	COMPLETA
2003	50104	Farlete	4,0		4,0	3252,0		3252,0						INCOMPLETA
2003	50105	Fayón	2,0	2,0	0,0	239,0	239,0	0,0	2,0	0,0	0,0	0,0	0,0	COMPLETA
2003	50106	Fayos (Los)												SIN INFORMACIÓN
2003	50107	Figueruelas	7,0	4,0	3,0	19375,0	2192,0	17183,0	15,0	1,0	0,0	0,0	0,0	COMPLETA
2003	50108	Fombuena												SIN INFORMACIÓN
2003	50109	Frago (El)												SIN INFORMACIÓN
2003	50110	Frasno (El)	1,0	1,0		122,0	122,0		1,0					INCOMPLETA
2003	50111	Fréscano	7,0	0,0	7,0	2534,0	0,0	2534,0	0,0	0,0	0,0	0,0	0,0	COMPLETA
2003	50113	Fuendejalón												SIN INFORMACIÓN
2003	50114	Fuendetodos												SIN INFORMACIÓN
2003	50115	Fuentes de Ebro	34,0	34,0	0,0	11430,0	11430,0	0,0	56,0	0,0	0,0	2,0	2,0	COMPLETA
2003	50116	Fuentes de Jiloca												SIN INFORMACIÓN
2003	50117	Gallocanta	1,0	1,0		154,0	154,0		1,0					INCOMPLETA
2003	50118	Gallur	8,0	7,0	1,0	9833,0	9215,0	618,0	54,0	1,0	2,0	6,0	5,0	COMPLETA
2003	50119	Gelsa	1,0	1,0	0,0	279,0	279,0	0,0	1,0	0,0	0,0	0,0	0,0	COMPLETA
2003	50120	Godojos												SIN INFORMACIÓN
2003	50121	Gotor												SIN INFORMACIÓN
2003	50122	Grisel	1,0		1,0	87,0		87,0						INCOMPLETA
2003	50123	Grisén												SIN INFORMACIÓN
2003	50124	Herrera de los Navarros												SIN INFORMACIÓN
2003	50125	Ibdes												SIN INFORMACIÓN
2003	50126	Illueca	0,0	0,0	0,0	0,0	0,0	0,0	0,0	1,0	1,0	0,0	0,0	COMPLETA
2003	50128	Isuerre												SIN INFORMACIÓN
2003	50129	Jaraba												SIN INFORMACIÓN
2003	50130	Jarque												SIN INFORMACIÓN
2003	50131	Jaulín	1,0	1,0	0,0	237,0	237,0	0,0	1,0	0,0	0,0	0,0	0,0	COMPLETA
2003	50132	Joyosa (La)												SIN INFORMACIÓN
2003	50133	Lagata												SIN INFORMACIÓN
2003	50134	Langa del Castillo												SIN INFORMACIÓN
2003	50135	Layana	0,0	0,0	0,0	0,0	0,0	0,0	0,0	2,0	0,0	0,0	0,0	COMPLETA
2003	50136	Lécera	2,0	0,0	2,0	287,0	0,0	287,0	0,0	0,0	0,0	0,0	0,0	COMPLETA
2003	50137	Leciñena	6,0	4,0	2,0	3873,0	1140,0	2733,0	3,0	1,0	1,0	0,0	0,0	COMPLETA
2003	50138	Lechón												SIN INFORMACIÓN
2003	50139	Letux												SIN INFORMACIÓN
2003	50140	Litago												SIN INFORMACIÓN
2003	50141	Lituénigo												SIN INFORMACIÓN
2003	50142	Lobera de Onsella												SIN INFORMACIÓN
2003	50143	Longares	6,0	6,0	0,0	1560,0	1560,0	0,0	9,0	0,0	0,0	0,0	0,0	COMPLETA
2003	50144	Longás	1,0	1,0	0,0	208,0	208,0	0,0	1,0	1,0	0,0	0,0	0,0	COMPLETA
2003	50146	Lucena de Jalón												SIN INFORMACIÓN
2003	50147	Luceni	7,0	5,0	2,0	2420,0	1209,0	1211,0	5,0	1,0	0,0	0,0	0,0	COMPLETA
2003	50148	Luesia												SIN INFORMACIÓN
2003	50149	Luesma												SIN INFORMACIÓN
2003	50150	Lumpiaque	6,0	2,0	4,0	856,0	407,0	449,0	2,0	1,0	0,0	0,0	0,0	COMPLETA
2003	50151	Luna	9,0	0,0	9,0	8950,0	0,0	8950,0	0,0	1,0	0,0	0,0	0,0	COMPLETA
2003	50152	Maella	4,0	3,0	1,0	1434,0	810,0	624,0	3,0	1,0	1,0	0,0	0,0	COMPLETA
2003	50153	Magallón	8,0	5,0	3,0	3435,0	1439,0	1996,0	5,0	0,0	0,0	0,0	0,0	COMPLETA
2003	50154	Mainar												SIN INFORMACIÓN
2003	50155	Malanquilla												SIN INFORMACIÓN
2003	50156	Maleján	0,0	0,0	0,0	0,0	0,0	0,0	0,0	1,0	1,0	0,0	0,0	COMPLETA
2003	50157	Malón	4,0	4,0		660,0	660,0		4,0					INCOMPLETA
2003	50159	Maluenda												SIN INFORMACIÓN
2003	50160	Mallén	28,0	24,0	4,0	11175,0	8377,0	2798,0	41,0	0,0	0,0	3,0	1,0	COMPLETA
2003	50161	Manchones												SIN INFORMACIÓN
2003	50162	Mara								1,0				INCOMPLETA
2003	50163	María de Huerva	163,0	162,0	1,0	42702,0	42237,0	465,0	238,0	2,0	0,0	3,0	1,0	COMPLETA
2003	50164	Mediana de Aragón	1,0	0,0	1,0	300,0	0,0	300,0	0,0	0,0	0,0	0,0	0,0	COMPLETA
2003	50165	Mequinenza	2,0	0,0	2,0	456,0	0,0	456,0	0,0	2,0	1,0	0,0	0,0	COMPLETA
2003	50166	Mesones de Isuela												SIN INFORMACIÓN
2003	50167	Mezalocha												SIN INFORMACIÓN
2003	50168	Mianos												SIN INFORMACIÓN
2003	50169	Miedes de Aragón												SIN INFORMACIÓN
2003	50170	Monegrillo	1,0	1,0	0,0	154,0	154,0	0,0	1,0	0,0	0,0	0,0	0,0	COMPLETA
2003	50171	Moneva												SIN INFORMACIÓN
2003	50172	Monreal de Ariza												SIN INFORMACIÓN
2003	50173	Monterde												SIN INFORMACIÓN
2003	50174	Montón												SIN INFORMACIÓN
2003	50175	Morata de Jalón												SIN INFORMACIÓN
2003	50176	Morata de Jiloca												SIN INFORMACIÓN
2003	50177	Morés												SIN INFORMACIÓN
2003	50178	Moros												SIN INFORMACIÓN
2003	50179	Moyuela												SIN INFORMACIÓN
2003	50180	Mozota												SIN INFORMACIÓN
2003	50181	Muel	42,0	42,0	0,0	9399,0	9399,0	0,0	47,0	0,0	0,0	2,0	0,0	COMPLETA
2003	50182	Muela (La)	140,0	102,0	38,0	87383,0	26797,0	60586,0	167,0	7,0	0,0	9,0	0,0	COMPLETA
2003	50183	Munébrega												SIN INFORMACIÓN
2003	50184	Murero	2,0		2,0	950,0		950,0						INCOMPLETA
2003	50185	Murillo de Gállego												SIN INFORMACIÓN
2003	50186	Navardún	0,0	0,0	0,0	0,0	0,0	0,0	0,0	1,0	0,0	0,0	0,0	COMPLETA
2003	50187	Nigüella												SIN INFORMACIÓN
2003	50188	Nombrevilla												SIN INFORMACIÓN
2003	50189	Nonaspe	5,0	2,0	3,0	2567,0	373,0	2194,0	2,0	0,0	0,0	0,0	0,0	COMPLETA
2003	50190	Novallas	3,0	3,0	0,0	666,0	666,0	0,0	3,0	2,0	1,0	0,0	2,0	COMPLETA
2003	50191	Novillas	4,0	1,0	3,0	1962,0	158,0	1804,0	1,0	2,0	1,0	3,0	3,0	COMPLETA
2003	50192	Nuévalos												SIN INFORMACIÓN
2003	50193	Nuez de Ebro	17,0	17,0	0,0	2935,0	2935,0	0,0	19,0	2,0	1,0	0,0	0,0	COMPLETA
2003	50194	Olvés												SIN INFORMACIÓN
2003	50195	Orcajo												SIN INFORMACIÓN
2003	50196	Orera												SIN INFORMACIÓN
2003	50197	Orés												SIN INFORMACIÓN
2003	50198	Oseja												SIN INFORMACIÓN
2003	50199	Osera de Ebro	1,0	1,0	0,0	158,0	158,0	0,0	1,0	2,0	0,0	0,0	0,0	COMPLETA
2003	50200	Paniza												SIN INFORMACIÓN
2003	50201	Paracuellos de Jiloca	1,0	1,0	0,0	620,0	620,0	0,0	4,0	0,0	0,0	0,0	0,0	COMPLETA
2003	50202	Paracuellos de la Ribera												SIN INFORMACIÓN
2003	50203	Pastriz	3,0	3,0	0,0	1061,0	1061,0	0,0	3,0	1,0	0,0	0,0	0,0	COMPLETA
2003	50204	Pedrola	15,0	14,0	1,0	3508,0	3407,0	101,0	14,0	1,0	0,0	0,0	0,0	COMPLETA
2003	50205	Pedrosas (Las)	3,0	3,0	0,0	361,0	361,0	0,0	3,0	0,0	0,0	0,0	0,0	COMPLETA
2003	50206	Perdiguera	12,0	10,0	2,0	3068,0	1068,0	2000,0	10,0					INCOMPLETA
2003	50207	Piedratajada												SIN INFORMACIÓN
2003	50208	Pina de Ebro	8,0	7,0	1,0	2239,0	2146,0	93,0	7,0	4,0	0,0	3,0	4,0	COMPLETA
2003	50209	Pinseque	106,0	100,0	6,0	19519,0	16561,0	2958,0	118,0	0,0	0,0	0,0	0,0	COMPLETA
2003	50210	Pintanos (Los)												SIN INFORMACIÓN
2003	50211	Plasencia de Jalón	1,0	0,0	1,0	1006,0	0,0	1006,0	0,0	0,0	0,0	0,0	0,0	COMPLETA
2003	50212	Pleitas												SIN INFORMACIÓN
2003	50213	Plenas												SIN INFORMACIÓN
2003	50214	Pomer												SIN INFORMACIÓN
2003	50215	Pozuel de Ariza												SIN INFORMACIÓN
2003	50216	Pozuelo de Aragón	4,0	1,0	3,0	2805,0	375,0	2430,0	1,0	0,0	0,0	1,0	0,0	COMPLETA
2003	50217	Pradilla de Ebro												SIN INFORMACIÓN
2003	50218	Puebla de Albortón												SIN INFORMACIÓN
2003	50219	Puebla de Alfindén (La)	35,0	35,0	0,0	11195,0	11195,0	0,0	72,0	4,0	0,0	2,0	0,0	COMPLETA
2003	50220	Puendeluna	1,0	0,0	1,0	213,0	0,0	213,0	0,0	0,0	0,0	0,0	0,0	COMPLETA
2003	50221	Purujosa												SIN INFORMACIÓN
2003	50222	Quinto												SIN INFORMACIÓN
2003	50223	Remolinos	1,0		1,0	108,0		108,0		3,0				INCOMPLETA
2003	50224	Retascón												SIN INFORMACIÓN
2003	50225	Ricla	6,0	5,0	1,0	3398,0	2996,0	402,0	24,0	0,0	0,0	0,0	0,0	COMPLETA
2003	50227	Romanos												SIN INFORMACIÓN
2003	50228	Rueda de Jalón	1,0	1,0	0,0	428,0	428,0	0,0	1,0	1,0	0,0	0,0	0,0	COMPLETA
2003	50229	Ruesca												SIN INFORMACIÓN
2003	50230	Sádaba	35,0	30,0	5,0	6723,0	4043,0	2680,0	33,0	7,0	1,0	1,0	2,0	COMPLETA
2003	50231	Salillas de Jalón	1,0	1,0		259,0	259,0		1,0					INCOMPLETA
2003	50232	Salvatierra de Esca	0,0	0,0	0,0	0,0	0,0	0,0	0,0	1,0	5,0	0,0	1,0	COMPLETA
2003	50233	Samper del Salz												SIN INFORMACIÓN
2003	50234	San Martín de la Virgen de Moncayo	1,0	1,0	0,0	146,0	146,0	0,0	1,0	1,0	0,0	0,0	0,0	COMPLETA
2003	50235	San Mateo de Gállego	25,0	25,0	0,0	5889,0	5889,0	0,0	32,0	0,0	0,0	4,0	4,0	COMPLETA
2003	50236	Santa Cruz de Grío	0,0	0,0	0,0	0,0	0,0	0,0	0,0	1,0	2,0	0,0	1,0	COMPLETA
2003	50237	Santa Cruz de Moncayo												SIN INFORMACIÓN
2003	50238	Santa Eulalia de Gállego												SIN INFORMACIÓN
2003	50239	Santed												SIN INFORMACIÓN
2003	50240	Sástago	9,0	8,0	1,0	1685,0	1461,0	224,0	8,0	2,0				INCOMPLETA
2003	50241	Saviñán	1,0	1,0		151,0	151,0		1,0					INCOMPLETA
2003	50242	Sediles	2,0	2,0	0,0	803,0	803,0	0,0	1,0	0,0	0,0	0,0	0,0	COMPLETA
2003	50243	Sestrica												SIN INFORMACIÓN
2003	50244	Sierra de Luna	10,0	10,0	0,0	1059,0	1059,0	0,0	10,0	0,0	0,0	0,0	0,0	COMPLETA
2003	50245	Sigüés												SIN INFORMACIÓN
2003	50246	Sisamón												SIN INFORMACIÓN
2003	50247	Sobradiel	8,0	8,0		1364,0	1364,0		8,0					INCOMPLETA
2003	50248	Sos del Rey Católico	0,0	0,0	0,0	0,0	0,0	0,0	0,0	1,0	3,0	0,0	0,0	COMPLETA
2003	50249	Tabuenca								1,0				INCOMPLETA
2003	50250	Talamantes												SIN INFORMACIÓN
2003	50251	Tarazona	6,0	5,0	1,0	5738,0	5488,0	250,0	26,0	4,0	1,0	3,0	3,0	COMPLETA
2003	50252	Tauste	28,0	16,0	12,0	21371,0	9823,0	11548,0	49,0			7,0	6,0	INCOMPLETA
2003	50253	Terrer												SIN INFORMACIÓN
2003	50254	Tierga												SIN INFORMACIÓN
2003	50255	Tobed												SIN INFORMACIÓN
2003	50256	Torralba de los Frailes												SIN INFORMACIÓN
2003	50257	Torralba de Ribota												SIN INFORMACIÓN
2003	50258	Torralbilla												SIN INFORMACIÓN
2003	50259	Torrehermosa												SIN INFORMACIÓN
2003	50260	Torrelapaja												SIN INFORMACIÓN
2003	50261	Torrellas								1,0				INCOMPLETA
2003	50262	Torres de Berrellén	18,0	18,0	0,0	5075,0	5075,0	0,0	26,0	0,0	0,0	0,0	0,0	COMPLETA
2003	50263	Torrijo de la Cañada												SIN INFORMACIÓN
2003	50264	Tosos												SIN INFORMACIÓN
2003	50265	Trasmoz												SIN INFORMACIÓN
2003	50266	Trasobares	0,0	0,0	0,0	0,0	0,0	0,0	0,0	1,0	0,0	0,0	0,0	COMPLETA
2003	50267	Uncastillo	0,0	0,0	0,0	0,0	0,0	0,0	0,0	6,0	0,0	0,0	0,0	COMPLETA
2003	50268	Undués de Lerda												SIN INFORMACIÓN
2003	50269	Urrea de Jalón	9,0	9,0	0,0	2533,0	2533,0	0,0	8,0	0,0	0,0	0,0	0,0	COMPLETA
2003	50270	Urriés												SIN INFORMACIÓN
2003	50271	Used												SIN INFORMACIÓN
2003	50272	Utebo	140,0	112,0	28,0	89345,0	70123,0	19222,0	418,0	5,0	0,0	5,0	4,0	COMPLETA
2003	50273	Valdehorna												SIN INFORMACIÓN
2003	50274	Val de San Martín												SIN INFORMACIÓN
2003	50275	Valmadrid	1,0		1,0	250,0		250,0						INCOMPLETA
2003	50276	Valpalmas												SIN INFORMACIÓN
2003	50277	Valtorres												SIN INFORMACIÓN
2003	50278	Velilla de Ebro												SIN INFORMACIÓN
2003	50279	Velilla de Jiloca												SIN INFORMACIÓN
2003	50280	Vera de Moncayo												SIN INFORMACIÓN
2003	50281	Vierlas												SIN INFORMACIÓN
2003	50282	Vilueña (La)												SIN INFORMACIÓN
2003	50283	Villadoz	1,0	1,0	0,0	142,0	142,0	0,0	1,0	0,0	0,0	0,0	0,0	COMPLETA
2003	50284	Villafeliche												SIN INFORMACIÓN
2003	50285	Villafranca de Ebro	7,0	7,0	0,0	1056,0	1056,0	0,0	7,0	3,0	1,0	0,0	0,0	COMPLETA
2003	50286	Villalba de Perejil												SIN INFORMACIÓN
2003	50287	Villalengua												SIN INFORMACIÓN
2003	50288	Villanueva de Gállego	32,0	30,0	2,0	11471,0	9546,0	1925,0	39,0	3,0	0,0	6,0	1,0	COMPLETA
2003	50289	Villanueva de Jiloca	1,0	1,0		172,0	172,0		1,0					INCOMPLETA
2003	50290	Villanueva de Huerva	1,0	0,0	1,0	2020,0	0,0	2020,0	0,0	0,0	0,0	0,0	0,0	COMPLETA
2003	50291	Villar de los Navarros												SIN INFORMACIÓN
2003	50292	Villarreal de Huerva												SIN INFORMACIÓN
2003	50293	Villarroya de la Sierra	3,0	1,0	2,0	529,0	201,0	328,0	1,0	0,0	0,0	0,0	0,0	COMPLETA
2003	50294	Villarroya del Campo												SIN INFORMACIÓN
2003	50295	Vistabella												SIN INFORMACIÓN
2003	50296	Zaida (La)												SIN INFORMACIÓN
2003	50297	Zaragoza	667,0	562,0	105,0	1062689,0	751764,0	310925,0	4606,0	388,0	204,0	298,0	563,0	COMPLETA
2003	50298	Zuera	26,0	26,0	0,0	7870,0	7870,0	0,0	40,0	3,0	0,0	3,0	2,0	COMPLETA
2003	50901	Biel												SIN INFORMACIÓN
2003	50902	Marracos												SIN INFORMACIÓN
2002	22001	Abiego												SIN INFORMACIÓN
2002	22002	Abizanda	0,0	0,0	0,0	0,0	0,0	0,0	0,0	1,0	0,0	0,0	0,0	COMPLETA
2002	22003	Adahuesca	1,0	1,0	0,0	528,0	528,0	0,0	1,0	1,0	1,0	0,0	0,0	COMPLETA
2002	22004	Agüero												SIN INFORMACIÓN
2002	22006	Aísa	1,0	1,0		114,0	114,0		1,0	3,0	2,0			INCOMPLETA
2002	22007	Albalate de Cinca	3,0	2,0	1,0	1043,0	701,0	342,0	2,0	2,0	1,0	0,0	0,0	COMPLETA
2002	22008	Albalatillo												SIN INFORMACIÓN
2002	22009	Albelda	4,0	3,0	1,0	1218,0	1165,0	53,0	3,0	6,0				INCOMPLETA
2002	22011	Albero Alto	1,0		1,0	1279,0		1279,0						INCOMPLETA
2002	22012	Albero Bajo												SIN INFORMACIÓN
2002	22013	Alberuela de Tubo	1,0	1,0		256,0	256,0		1,0					INCOMPLETA
2002	22014	Alcalá de Gurrea												SIN INFORMACIÓN
2002	22015	Alcalá del Obispo												SIN INFORMACIÓN
2002	22016	Alcampell	1,0	0,0	1,0	567,0	0,0	567,0	0,0	0,0	0,0	0,0	0,0	COMPLETA
2002	22017	Alcolea de Cinca	9,0	1,0	8,0	4056,0	657,0	3399,0	0,0	1,0	1,0	1,0	1,0	COMPLETA
2002	22018	Alcubierre	4,0	0,0	4,0	2719,0	0,0	2719,0	0,0	0,0	0,0	0,0	0,0	COMPLETA
2002	22019	Alerre												SIN INFORMACIÓN
2002	22020	Alfántega												SIN INFORMACIÓN
2002	22021	Almudévar	18,0	14,0	4,0	3476,0	2423,0	1053,0	14,0	1,0				INCOMPLETA
2002	22022	Almunia de San Juan												SIN INFORMACIÓN
2002	22023	Almuniente												SIN INFORMACIÓN
2002	22024	Alquézar	0,0	0,0	0,0	0,0	0,0	0,0	0,0	3,0	3,0	0,0	0,0	COMPLETA
2002	22025	Altorricón	3,0	3,0		814,0	814,0		3,0					INCOMPLETA
2002	22027	Angüés	1,0		1,0	367,0		367,0		2,0	1,0			INCOMPLETA
2002	22028	Ansó												SIN INFORMACIÓN
2002	22029	Antillón												SIN INFORMACIÓN
2002	22032	Aragüés del Puerto												SIN INFORMACIÓN
2002	22035	Arén												SIN INFORMACIÓN
2002	22036	Argavieso	1,0		1,0	186,0		186,0				1,0	1,0	INCOMPLETA
2002	22037	Arguis												SIN INFORMACIÓN
2002	22039	Ayerbe	1,0	1,0	0,0	92,0	92,0	0,0	1,0	7,0	1,0	1,0	0,0	COMPLETA
2002	22040	Azanuy-Alins												SIN INFORMACIÓN
2002	22041	Azara												SIN INFORMACIÓN
2002	22042	Azlor												SIN INFORMACIÓN
2002	22043	Baells												SIN INFORMACIÓN
2002	22044	Bailo								3,0	3,0			INCOMPLETA
2002	22045	Baldellou												SIN INFORMACIÓN
2002	22046	Ballobar								1,0				INCOMPLETA
2002	22047	Banastás	10,0	9,0	1,0	3955,0	1955,0	2000,0	9,0	1,0	0,0	0,0	0,0	COMPLETA
2002	22048	Barbastro	59,0	46,0	13,0	49396,0	32661,0	16735,0	153,0	3,0	20,0	1,0	7,0	COMPLETA
2002	22049	Barbués								4,0				INCOMPLETA
2002	22050	Barbuñales	1,0	1,0		124,0	124,0		1,0					INCOMPLETA
2002	22051	Bárcabo												SIN INFORMACIÓN
2002	22052	Belver de Cinca	6,0	3,0	3,0	2420,0	1870,0	550,0	9,0	1,0	0,0	2,0	1,0	COMPLETA
2002	22053	Benabarre	14,0	0,0	14,0	7721,0	0,0	7721,0	0,0	1,0	0,0	0,0	0,0	COMPLETA
2002	22054	Benasque	6,0	5,0	1,0	10599,0	9986,0	613,0	71,0	1,0	0,0	2,0	18,0	COMPLETA
2002	22055	Berbegal	3,0	0,0	3,0	1037,0	0,0	1037,0	0,0	0,0	0,0	0,0	0,0	COMPLETA
2002	22057	Bielsa	3,0	2,0	1,0	526,0	350,0	176,0	2,0	1,0	1,0			INCOMPLETA
2002	22058	Bierge	1,0	1,0	0,0	233,0	233,0	0,0	1,0	1,0	1,0	0,0	0,0	COMPLETA
2002	22059	Biescas	3,0	2,0	1,0	1274,0	1208,0	66,0	13,0	3,0	2,0			INCOMPLETA
2002	22060	Binaced	5,0	4,0	1,0	1186,0	1136,0	50,0	4,0	1,0	1,0	0,0	0,0	COMPLETA
2002	22061	Binéfar	24,0	15,0	9,0	10144,0	8440,0	1704,0	28,0	12,0	7,0	9,0	0,0	COMPLETA
2002	22062	Bisaurri	3,0	3,0	0,0	400,0	400,0	0,0	3,0	1,0	3,0	0,0	0,0	COMPLETA
2002	22063	Biscarrués												SIN INFORMACIÓN
2002	22064	Blecua y Torres	4,0	0,0	4,0	2889,0	0,0	2889,0	0,0	0,0	0,0	0,0	0,0	COMPLETA
2002	22066	Boltaña	3,0	3,0	0,0	1084,0	1084,0	0,0	3,0	1,0	1,0	0,0	0,0	COMPLETA
2002	22067	Bonansa												SIN INFORMACIÓN
2002	22068	Borau												SIN INFORMACIÓN
2002	22069	Broto	1,0	1,0		204,0	204,0		1,0					INCOMPLETA
2002	22072	Caldearenas												SIN INFORMACIÓN
2002	22074	Campo												SIN INFORMACIÓN
2002	22075	Camporrells	2,0	2,0	0,0	368,0	368,0	0,0	2,0	0,0	0,0	0,0	0,0	COMPLETA
2002	22076	Canal de Berdún												SIN INFORMACIÓN
2002	22077	Candasnos	2,0	0,0	2,0	3058,0	0,0	3058,0	0,0	4,0	0,0	0,0	0,0	COMPLETA
2002	22078	Canfranc												SIN INFORMACIÓN
2002	22079	Capdesaso								4,0				INCOMPLETA
2002	22080	Capella												SIN INFORMACIÓN
2002	22081	Casbas de Huesca	3,0	1,0	2,0	2027,0	191,0	1836,0	1,0	0,0	0,0	0,0	0,0	COMPLETA
2002	22082	Castejón del Puente	1,0	1,0	0,0	329,0	329,0	0,0	1,0	0,0	0,0	0,0	0,0	COMPLETA
2002	22083	Castejón de Monegros	2,0	0,0	2,0	661,0	0,0	661,0	0,0	0,0	0,0	0,0	0,0	COMPLETA
2002	22084	Castejón de Sos	0,0	0,0	0,0	0,0	0,0	0,0	0,0	2,0	0,0	0,0	0,0	COMPLETA
2002	22085	Castelflorite												SIN INFORMACIÓN
2002	22086	Castiello de Jaca	8,0	8,0		1449,0	1449,0		13,0	1,0	1,0			INCOMPLETA
2002	22087	Castigaleu												SIN INFORMACIÓN
2002	22088	Castillazuelo	3,0	1,0	2,0	743,0	214,0	529,0	1,0	0,0	0,0	1,0	0,0	COMPLETA
2002	22089	Castillonroy	2,0	1,0	1,0	1168,0	304,0	864,0	1,0					INCOMPLETA
2002	22090	Colungo												SIN INFORMACIÓN
2002	22094	Chalamera												SIN INFORMACIÓN
2002	22095	Chía												SIN INFORMACIÓN
2002	22096	Chimillas	5,0	5,0	0,0	1312,0	1312,0	0,0	5,0	0,0	0,0	0,0	0,0	COMPLETA
2002	22099	Esplús	7,0	2,0	5,0	5172,0	562,0	4610,0	2,0	0,0	0,0	0,0	0,0	COMPLETA
2002	22102	Estada												SIN INFORMACIÓN
2002	22103	Estadilla												SIN INFORMACIÓN
2002	22105	Estopiñán del Castillo	3,0	0,0	3,0	2734,0	0,0	2734,0	0,0	1,0	0,0	0,0	0,0	COMPLETA
2002	22106	Fago												SIN INFORMACIÓN
2002	22107	Fanlo												SIN INFORMACIÓN
2002	22109	Fiscal												SIN INFORMACIÓN
2002	22110	Fonz	8,0	2,0	6,0	5034,0	517,0	4517,0	2,0	3,0	0,0	0,0	0,0	COMPLETA
2002	22111	Foradada del Toscar												SIN INFORMACIÓN
2002	22112	Fraga	21,0	13,0	8,0	11409,0	7601,0	3808,0	38,0	2,0	0,0	1,0	1,0	COMPLETA
2002	22113	Fueva (La)												SIN INFORMACIÓN
2002	22114	Gistaín	1,0	1,0	0,0	230,0	230,0	0,0	1,0	1,0	1,0	0,0	0,0	COMPLETA
2002	22115	Grado (El)	1,0	1,0		131,0	131,0		1,0	1,0				INCOMPLETA
2002	22116	Grañén	5,0	2,0	3,0	6175,0	1101,0	5074,0	5,0	0,0	0,0	0,0	0,0	COMPLETA
2002	22117	Graus	9,0	4,0	5,0	6163,0	4685,0	1478,0	34,0	13,0	2,0	0,0	0,0	COMPLETA
2002	22119	Gurrea de Gállego	29,0	29,0	0,0	4902,0	4902,0	0,0	29,0	0,0	0,0	0,0	0,0	COMPLETA
2002	22122	Hoz de Jaca	1,0	1,0		137,0	137,0		1,0	1,0	1,0			INCOMPLETA
2002	22124	Huerto	4,0	0,0	4,0	3360,0	0,0	3360,0	0,0	0,0	0,0	0,0	0,0	COMPLETA
2002	22125	Huesca	42,0	40,0	2,0	53744,0	53449,0	295,0	348,0	1,0	0,0	1,0	1,0	COMPLETA
2002	22126	Ibieca	1,0	1,0	0,0	324,0	324,0	0,0	1,0	0,0	0,0	0,0	0,0	COMPLETA
2002	22127	Igriés	1,0		1,0	480,0		480,0		1,0				INCOMPLETA
2002	22128	Ilche	1,0	1,0		207,0	207,0		1,0					INCOMPLETA
2002	22129	Isábena												SIN INFORMACIÓN
2002	22130	Jaca	139,0	135,0	4,0	91496,0	89227,0	2269,0	570,0	12,0	7,0	4,0	5,0	COMPLETA
2002	22131	Jasa												SIN INFORMACIÓN
2002	22133	Labuerda												SIN INFORMACIÓN
2002	22135	Laluenga	3,0	0,0	3,0	2777,0	0,0	2777,0	0,0	1,0	0,0	0,0	0,0	COMPLETA
2002	22136	Lalueza	4,0	3,0	1,0	3534,0	821,0	2713,0	4,0	1,0	0,0	1,0	2,0	COMPLETA
2002	22137	Lanaja	2,0	2,0	0,0	349,0	349,0	0,0	2,0	1,0	0,0	0,0	0,0	COMPLETA
2002	22139	Laperdiguera												SIN INFORMACIÓN
2002	22141	Lascellas-Ponzano	0,0	0,0	0,0	0,0	0,0	0,0	0,0	1,0	0,0	0,0	0,0	COMPLETA
2002	22142	Lascuarre	0,0	0,0	0,0	0,0	0,0	0,0	0,0	1,0	0,0	0,0	0,0	COMPLETA
2002	22143	Laspaúles	11,0	10,0	1,0	3602,0	3346,0	256,0	26,0	1,0	0,0	0,0	0,0	COMPLETA
2002	22144	Laspuña												SIN INFORMACIÓN
2002	22149	Loarre												SIN INFORMACIÓN
2002	22150	Loporzano												SIN INFORMACIÓN
2002	22151	Loscorrales												SIN INFORMACIÓN
2002	22155	Monesma y Cajigar												SIN INFORMACIÓN
2002	22156	Monflorite-Lascasas	5,0	5,0	0,0	1073,0	1073,0	0,0	5,0	0,0	0,0	0,0	0,0	COMPLETA
2002	22157	Montanuy	0,0	0,0	0,0	0,0	0,0	0,0	0,0	2,0	1,0	0,0	0,0	COMPLETA
2002	22158	Monzón	61,0	49,0	12,0	71003,0	52991,0	18012,0	270,0	12,0	2,0	3,0	6,0	COMPLETA
2002	22160	Naval												SIN INFORMACIÓN
2002	22162	Novales	2,0	0,0	2,0	1713,0	0,0	1713,0	0,0	0,0	0,0	0,0	0,0	COMPLETA
2002	22163	Nueno	1,0	1,0	0,0	246,0	246,0	0,0	1,0	3,0	0,0	0,0	0,0	COMPLETA
2002	22164	Olvena												SIN INFORMACIÓN
2002	22165	Ontiñena												SIN INFORMACIÓN
2002	22167	Osso de Cinca	6,0	1,0	5,0	5685,0	351,0	5334,0	1,0	1,0				INCOMPLETA
2002	22168	Palo												SIN INFORMACIÓN
2002	22170	Panticosa	3,0	3,0		2749,0	2749,0		24,0	2,0	7,0	1,0	2,0	INCOMPLETA
2002	22172	Peñalba												SIN INFORMACIÓN
2002	22173	Peñas de Riglos (Las)								4,0				INCOMPLETA
2002	22174	Peralta de Alcofea	2,0	2,0	0,0	381,0	381,0	0,0	2,0	0,0	0,0	0,0	0,0	COMPLETA
2002	22175	Peralta de Calasanz												SIN INFORMACIÓN
2002	22176	Peraltilla												SIN INFORMACIÓN
2002	22177	Perarrúa												SIN INFORMACIÓN
2002	22178	Pertusa	1,0	1,0	0,0	266,0	266,0	0,0	1,0	0,0	0,0	0,0	0,0	COMPLETA
2002	22181	Piracés	1,0	0,0	1,0	1873,0	0,0	1873,0	0,0	0,0	0,0	0,0	0,0	COMPLETA
2002	22182	Plan	0,0	0,0	0,0	0,0	0,0	0,0	0,0	4,0	3,0	0,0	0,0	COMPLETA
2002	22184	Poleñino	3,0	0,0	3,0	2483,0	0,0	2483,0	0,0	0,0	0,0	0,0	0,0	COMPLETA
2002	22186	Pozán de Vero	1,0	0,0	1,0	252,0	0,0	252,0	0,0	0,0	0,0	0,0	0,0	COMPLETA
2002	22187	Puebla de Castro (La)												SIN INFORMACIÓN
2002	22188	Puente de Montañana	1,0	0,0	1,0	291,0	0,0	291,0	0,0	1,0	0,0	0,0	0,0	COMPLETA
2002	22189	Puértolas												SIN INFORMACIÓN
2002	22190	Pueyo de Araguás (El)												SIN INFORMACIÓN
2002	22193	Pueyo de Santa Cruz	1,0		1,0	975,0		975,0		2,0				INCOMPLETA
2002	22195	Quicena	8,0	8,0		1487,0	1487,0		8,0					INCOMPLETA
2002	22197	Robres	4,0	1,0	3,0	1885,0	444,0	1441,0	1,0	0,0	0,0	0,0	0,0	COMPLETA
2002	22199	Sabiñánigo	64,0	59,0	5,0	32553,0	23306,0	9247,0	169,0	7,0	8,0	0,0	0,0	COMPLETA
2002	22200	Sahún												SIN INFORMACIÓN
2002	22201	Salas Altas												SIN INFORMACIÓN
2002	22202	Salas Bajas												SIN INFORMACIÓN
2002	22203	Salillas	5,0	0,0	5,0	1986,0	0,0	1986,0	0,0	0,0	0,0	0,0	0,0	COMPLETA
2002	22204	Sallent de Gállego	50,0	50,0		31981,0	31981,0		238,0	7,0	6,0	6,0	1,0	INCOMPLETA
2002	22205	San Esteban de Litera												SIN INFORMACIÓN
2002	22206	Sangarrén	6,0		6,0	3514,0		3514,0		1,0				INCOMPLETA
2002	22207	San Juan de Plan	1,0	1,0	0,0	205,0	205,0	0,0	1,0	0,0	0,0	1,0	0,0	COMPLETA
2002	22208	Santa Cilia	0,0	0,0	0,0	0,0	0,0	0,0	0,0	1,0	1,0	0,0	0,0	COMPLETA
2002	22209	Santa Cruz de la Serós												SIN INFORMACIÓN
2002	22212	Santaliestra y San Quílez												SIN INFORMACIÓN
2002	22213	Sariñena	36,0	28,0	8,0	10129,0	4326,0	5803,0	28,0	5,0	0,0	2,0	2,0	COMPLETA
2002	22214	Secastilla												SIN INFORMACIÓN
2002	22215	Seira	1,0	1,0	0,0	1451,0	1451,0	0,0	12,0	0,0	0,0	0,0	0,0	COMPLETA
2002	22217	Sena	2,0	2,0		523,0	523,0		2,0	2,0				INCOMPLETA
2002	22218	Senés de Alcubierre												SIN INFORMACIÓN
2002	22220	Sesa	7,0		7,0	7360,0		7360,0						INCOMPLETA
2002	22221	Sesué	1,0	1,0	0,0	1745,0	1745,0	0,0	18,0	1,0	3,0	0,0	0,0	COMPLETA
2002	22222	Siétamo	7,0	7,0		5244,0	5244,0		36,0					INCOMPLETA
2002	22223	Sopeira												SIN INFORMACIÓN
2002	22225	Tamarite de Litera	5,0	5,0		2671,0	2671,0		5,0	3,0	1,0			INCOMPLETA
2002	22226	Tardienta	2,0	0,0	2,0	1123,0	0,0	1123,0	0,0	0,0	0,0	0,0	0,0	COMPLETA
2002	22227	Tella-Sin												SIN INFORMACIÓN
2002	22228	Tierz	59,0	57,0	2,0	9056,0	8336,0	720,0	57,0	1,0				INCOMPLETA
2002	22229	Tolva								2,0				INCOMPLETA
2002	22230	Torla-Ordesa	1,0	1,0	0,0	1071,0	1071,0	0,0	0,0	1,0	0,0	0,0	0,0	COMPLETA
2002	22232	Torralba de Aragón												SIN INFORMACIÓN
2002	22233	Torre la Ribera												SIN INFORMACIÓN
2002	22234	Torrente de Cinca												SIN INFORMACIÓN
2002	22235	Torres de Alcanadre												SIN INFORMACIÓN
2002	22236	Torres de Barbués	2,0	0,0	2,0	1762,0	0,0	1762,0	0,0	0,0	0,0	0,0	0,0	COMPLETA
2002	22239	Tramaced	1,0	0,0	1,0	202,0	0,0	202,0	0,0	3,0	0,0	0,0	0,0	COMPLETA
2002	22242	Valfarta												SIN INFORMACIÓN
2002	22243	Valle de Bardají												SIN INFORMACIÓN
2002	22244	Valle de Lierp												SIN INFORMACIÓN
2002	22245	Velilla de Cinca	1,0	1,0		306,0	306,0		1,0					INCOMPLETA
2002	22246	Beranuy												SIN INFORMACIÓN
2002	22247	Viacamp y Litera												SIN INFORMACIÓN
2002	22248	Vicién												SIN INFORMACIÓN
2002	22249	Villanova	3,0	3,0		3662,0	3662,0		25,0					INCOMPLETA
2002	22250	Villanúa	18,0	18,0	0,0	4475,0	4475,0	0,0	41,0	2,0	1,0	0,0	0,0	COMPLETA
2002	22251	Villanueva de Sigena												SIN INFORMACIÓN
2002	22252	Yebra de Basa												SIN INFORMACIÓN
2002	22253	Yésero												SIN INFORMACIÓN
2002	22254	Zaidín	2,0	1,0	1,0	401,0	351,0	50,0	1,0	1,0	0,0	0,0	0,0	COMPLETA
2002	22901	Valle de Hecho	2,0	2,0	0,0	622,0	622,0	0,0	2,0	2,0	2,0	0,0	0,0	COMPLETA
2002	22902	Puente la Reina de Jaca	1,0	1,0		135,0	135,0		1,0					INCOMPLETA
2002	22903	San Miguel del Cinca	4,0	0,0	4,0	2635,0	0,0	2635,0	0,0	0,0	0,0	0,0	0,0	COMPLETA
2002	22904	Sotonera (La)	2,0	2,0		328,0	328,0		2,0	4,0		1,0	1,0	INCOMPLETA
2002	22905	Lupiñén-Ortilla	12,0	1,0	11,0	11164,0	408,0	10756,0	1,0	1,0	0,0	0,0	0,0	COMPLETA
2002	22906	Santa María de Dulcis												SIN INFORMACIÓN
2002	22907	Aínsa-Sobrarbe	2,0	2,0	0,0	261,0	261,0	0,0	2,0	7,0	3,0	1,0	0,0	COMPLETA
2002	22908	Hoz y Costeán												SIN INFORMACIÓN
2002	22909	Vencillón												SIN INFORMACIÓN
2002	44001	Ababuj												SIN INFORMACIÓN
2002	44002	Abejuela												SIN INFORMACIÓN
2002	44003	Aguatón												SIN INFORMACIÓN
2002	44004	Aguaviva	4,0	1,0	3,0	1288,0	169,0	1119,0	1,0	1,0	0,0	0,0	0,0	COMPLETA
2002	44005	Aguilar del Alfambra												SIN INFORMACIÓN
2002	44006	Alacón												SIN INFORMACIÓN
2002	44007	Alba												SIN INFORMACIÓN
2002	44008	Albalate del Arzobispo	1,0	1,0		237,0	237,0		1,0	1,0				INCOMPLETA
2002	44009	Albarracín	3,0	0,0	3,0	1204,0	0,0	1204,0	0,0	10,0	3,0	0,0	0,0	COMPLETA
2002	44010	Albentosa	0,0	0,0	0,0	0,0	0,0	0,0	0,0	2,0	0,0	0,0	0,0	COMPLETA
2002	44011	Alcaine												SIN INFORMACIÓN
2002	44012	Alcalá de la Selva	30,0	29,0	1,0	4804,0	4524,0	280,0	29,0	7,0	4,0	2,0	3,0	COMPLETA
2002	44013	Alcañiz	55,0	40,0	15,0	98126,0	74784,0	23342,0	278,0	8,0	5,0	9,0	6,0	COMPLETA
2002	44014	Alcorisa	16,0	9,0	7,0	6821,0	3974,0	2847,0	19,0	8,0	1,0	4,0	1,0	COMPLETA
2002	44016	Alfambra												SIN INFORMACIÓN
2002	44017	Aliaga												SIN INFORMACIÓN
2002	44018	Almohaja												SIN INFORMACIÓN
2002	44019	Alobras												SIN INFORMACIÓN
2002	44020	Alpeñés												SIN INFORMACIÓN
2002	44021	Allepuz												SIN INFORMACIÓN
2002	44022	Alloza								1,0				INCOMPLETA
2002	44023	Allueva												SIN INFORMACIÓN
2002	44024	Anadón												SIN INFORMACIÓN
2002	44025	Andorra	21,0	18,0	3,0	6334,0	5899,0	435,0	22,0	5,0	4,0	2,0	2,0	COMPLETA
2002	44026	Arcos de las Salinas												SIN INFORMACIÓN
2002	44027	Arens de Lledó												SIN INFORMACIÓN
2002	44028	Argente												SIN INFORMACIÓN
2002	44029	Ariño								1,0				INCOMPLETA
2002	44031	Azaila	1,0	1,0		208,0	208,0		1,0					INCOMPLETA
2002	44032	Bádenas												SIN INFORMACIÓN
2002	44033	Báguena												SIN INFORMACIÓN
2002	44034	Bañón												SIN INFORMACIÓN
2002	44035	Barrachina												SIN INFORMACIÓN
2002	44036	Bea												SIN INFORMACIÓN
2002	44037	Beceite	4,0	2,0	2,0	537,0	471,0	66,0	2,0	4,0	0,0	0,0	0,0	COMPLETA
2002	44038	Belmonte de San José												SIN INFORMACIÓN
2002	44039	Bello	2,0	0,0	2,0	221,0	0,0	221,0	0,0	0,0	0,0	0,0	0,0	COMPLETA
2002	44040	Berge												SIN INFORMACIÓN
2002	44041	Bezas												SIN INFORMACIÓN
2002	44042	Blancas												SIN INFORMACIÓN
2002	44043	Blesa												SIN INFORMACIÓN
2002	44044	Bordón								2,0				INCOMPLETA
2002	44045	Bronchales	2,0	2,0	0,0	594,0	594,0	0,0	2,0	2,0	1,0	0,0	0,0	COMPLETA
2002	44046	Bueña												SIN INFORMACIÓN
2002	44047	Burbáguena												SIN INFORMACIÓN
2002	44048	Cabra de Mora	1,0	0,0	1,0	54,0	0,0	54,0	0,0	1,0	0,0	0,0	0,0	COMPLETA
2002	44049	Calaceite	6,0	3,0	3,0	2953,0	614,0	2339,0	5,0	2,0	0,0	0,0	0,0	COMPLETA
2002	44050	Calamocha	16,0	12,0	4,0	6418,0	5615,0	803,0	29,0	3,0	7,0	2,0	4,0	INCOMPLETA
2002	44051	Calanda	10,0	2,0	8,0	5137,0	600,0	4537,0	2,0	6,0	3,0			INCOMPLETA
2002	44052	Calomarde												SIN INFORMACIÓN
2002	44053	Camañas												SIN INFORMACIÓN
2002	44054	Camarena de la Sierra												SIN INFORMACIÓN
2002	44055	Camarillas												SIN INFORMACIÓN
2002	44056	Caminreal	1,0	1,0	0,0	210,0	210,0	0,0	1,0	0,0	0,0	0,0	0,0	COMPLETA
2002	44059	Cantavieja	6,0	6,0		2390,0	2390,0		9,0	1,0				INCOMPLETA
2002	44060	Cañada de Benatanduz												SIN INFORMACIÓN
2002	44061	Cañada de Verich (La)												SIN INFORMACIÓN
2002	44062	Cañada Vellida												SIN INFORMACIÓN
2002	44063	Cañizar del Olivar												SIN INFORMACIÓN
2002	44064	Cascante del Río												SIN INFORMACIÓN
2002	44065	Castejón de Tornos												SIN INFORMACIÓN
2002	44066	Castel de Cabra												SIN INFORMACIÓN
2002	44067	Castelnou								1,0	1,0		2,0	INCOMPLETA
2002	44068	Castelserás	1,0	1,0	0,0	909,0	909,0	0,0	2,0	0,0	0,0	0,0	0,0	COMPLETA
2002	44070	Castellar (El)												SIN INFORMACIÓN
2002	44071	Castellote	1,0	1,0	0,0	358,0	358,0	0,0	1,0	1,0	0,0	0,0	0,0	COMPLETA
2002	44074	Cedrillas	2,0	2,0	0,0	432,0	432,0	0,0	2,0	4,0	1,0	1,0	0,0	COMPLETA
2002	44075	Celadas	0,0	0,0	0,0	0,0	0,0	0,0	0,0	1,0	0,0	0,0	0,0	COMPLETA
2002	44076	Cella	14,0	8,0	6,0	5190,0	3524,0	1666,0	8,0	3,0	10,0	1,0	6,0	COMPLETA
2002	44077	Cerollera (La)												SIN INFORMACIÓN
2002	44080	Codoñera (La)	1,0	1,0	0,0	232,0	232,0	0,0	1,0	0,0	0,0	1,0	1,0	COMPLETA
2002	44082	Corbalán	2,0	2,0	0,0	429,0	429,0	0,0	2,0	0,0	0,0	1,0	1,0	COMPLETA
2002	44084	Cortes de Aragón												SIN INFORMACIÓN
2002	44085	Cosa												SIN INFORMACIÓN
2002	44086	Cretas												SIN INFORMACIÓN
2002	44087	Crivillén												SIN INFORMACIÓN
2002	44088	Cuba (La)												SIN INFORMACIÓN
2002	44089	Cubla												SIN INFORMACIÓN
2002	44090	Cucalón												SIN INFORMACIÓN
2002	44092	Cuervo (El)												SIN INFORMACIÓN
2002	44093	Cuevas de Almudén	1,0		1,0	700,0		700,0						INCOMPLETA
2002	44094	Cuevas Labradas												SIN INFORMACIÓN
2002	44096	Ejulve	1,0		1,0	140,0		140,0						INCOMPLETA
2002	44097	Escorihuela												SIN INFORMACIÓN
2002	44099	Escucha												SIN INFORMACIÓN
2002	44100	Estercuel	1,0	1,0	0,0	266,0	266,0	0,0	1,0	1,0	0,0	0,0	0,0	COMPLETA
2002	44101	Ferreruela de Huerva												SIN INFORMACIÓN
2002	44102	Fonfría												SIN INFORMACIÓN
2002	44103	Formiche Alto												SIN INFORMACIÓN
2002	44105	Fórnoles												SIN INFORMACIÓN
2002	44106	Fortanete								7,0		2,0	2,0	INCOMPLETA
2002	44107	Foz-Calanda	3,0		3,0	1436,0		1436,0						INCOMPLETA
2002	44108	Fresneda (La)												SIN INFORMACIÓN
2002	44109	Frías de Albarracín	0,0	0,0	0,0	0,0	0,0	0,0	0,0	1,0	0,0	0,0	0,0	COMPLETA
2002	44110	Fuenferrada												SIN INFORMACIÓN
2002	44111	Fuentes Calientes												SIN INFORMACIÓN
2002	44112	Fuentes Claras												SIN INFORMACIÓN
2002	44113	Fuentes de Rubielos	1,0	1,0		235,0	235,0		1,0	1,0				INCOMPLETA
2002	44114	Fuentespalda	1,0		1,0	1541,0		1541,0		1,0	1,0			INCOMPLETA
2002	44115	Galve	1,0	1,0	0,0	218,0	218,0	0,0	1,0	1,0	1,0	1,0	1,0	COMPLETA
2002	44116	Gargallo												SIN INFORMACIÓN
2002	44117	Gea de Albarracín	4,0	3,0	1,0	787,0	684,0	103,0	3,0	0,0	0,0	0,0	0,0	COMPLETA
2002	44118	Ginebrosa (La)												SIN INFORMACIÓN
2002	44119	Griegos												SIN INFORMACIÓN
2002	44120	Guadalaviar	2,0	2,0	0,0	808,0	808,0	0,0	4,0	3,0	0,0	0,0	0,0	COMPLETA
2002	44121	Gúdar												SIN INFORMACIÓN
2002	44122	Híjar	4,0	4,0	0,0	2082,0	2082,0	0,0	7,0	4,0	0,0	0,0	0,0	COMPLETA
2002	44123	Hinojosa de Jarque												SIN INFORMACIÓN
2002	44124	Hoz de la Vieja (La)												SIN INFORMACIÓN
2002	44125	Huesa del Común												SIN INFORMACIÓN
2002	44126	Iglesuela del Cid (La)	2,0	2,0		686,0	686,0		2,0					INCOMPLETA
2002	44127	Jabaloyas												SIN INFORMACIÓN
2002	44128	Jarque de la Val	1,0	1,0	0,0	856,0	856,0	0,0	0,0	0,0	0,0	0,0	0,0	COMPLETA
2002	44129	Jatiel												SIN INFORMACIÓN
2002	44130	Jorcas												SIN INFORMACIÓN
2002	44131	Josa												SIN INFORMACIÓN
2002	44132	Lagueruela												SIN INFORMACIÓN
2002	44133	Lanzuela												SIN INFORMACIÓN
2002	44135	Libros												SIN INFORMACIÓN
2002	44136	Lidón												SIN INFORMACIÓN
2002	44137	Linares de Mora	2,0	2,0		808,0	808,0		8,0					INCOMPLETA
2002	44138	Loscos												SIN INFORMACIÓN
2002	44141	Lledó												SIN INFORMACIÓN
2002	44142	Maicas												SIN INFORMACIÓN
2002	44143	Manzanera	10,0	8,0	2,0	2617,0	2245,0	372,0	14,0	2,0		1,0		INCOMPLETA
2002	44144	Martín del Río	3,0	3,0		1017,0	1017,0		3,0			1,0	1,0	INCOMPLETA
2002	44145	Mas de las Matas	4,0	2,0	2,0	1057,0	551,0	506,0	2,0	0,0	0,0	0,0	0,0	COMPLETA
2002	44146	Mata de los Olmos (La)	3,0	0,0	3,0	1979,0	0,0	1979,0	0,0	0,0	0,0	0,0	0,0	COMPLETA
2002	44147	Mazaleón	2,0	2,0	0,0	565,0	565,0	0,0	2,0	2,0	0,0	0,0	0,0	COMPLETA
2002	44148	Mezquita de Jarque	1,0	1,0	0,0	140,0	140,0	0,0	1,0	0,0	0,0	1,0	1,0	COMPLETA
2002	44149	Mirambel	3,0	0,0	3,0	821,0	0,0	821,0	0,0	2,0	0,0	0,0	0,0	COMPLETA
2002	44150	Miravete de la Sierra												SIN INFORMACIÓN
2002	44151	Molinos	3,0	3,0	0,0	1271,0	1271,0	0,0	3,0	0,0	0,0	1,0	0,0	COMPLETA
2002	44152	Monforte de Moyuela												SIN INFORMACIÓN
2002	44153	Monreal del Campo	20,0	11,0	9,0	9887,0	6483,0	3404,0	27,0	4,0	0,0	2,0	2,0	COMPLETA
2002	44154	Monroyo												SIN INFORMACIÓN
2002	44155	Montalbán	4,0	3,0	1,0	1137,0	983,0	154,0	3,0	0,0	0,0	0,0	0,0	COMPLETA
2002	44156	Monteagudo del Castillo	1,0	1,0	0,0	293,0	293,0	0,0	1,0	0,0	0,0	0,0	0,0	COMPLETA
2002	44157	Monterde de Albarracín												SIN INFORMACIÓN
2002	44158	Mora de Rubielos	3,0	3,0	0,0	4653,0	4653,0	0,0	40,0	1,0	0,0	0,0	0,0	COMPLETA
2002	44159	Moscardón												SIN INFORMACIÓN
2002	44160	Mosqueruela	3,0	3,0		1693,0	1693,0		8,0	2,0	1,0			INCOMPLETA
2002	44161	Muniesa												SIN INFORMACIÓN
2002	44163	Noguera de Albarracín								1,0				INCOMPLETA
2002	44164	Nogueras												SIN INFORMACIÓN
2002	44165	Nogueruelas	2,0		2,0	878,0		878,0		3,0				INCOMPLETA
2002	44167	Obón												SIN INFORMACIÓN
2002	44168	Odón	3,0	1,0	2,0	1962,0	342,0	1620,0	1,0	0,0	0,0	0,0	0,0	COMPLETA
2002	44169	Ojos Negros	0,0	0,0	0,0	0,0	0,0	0,0	0,0	6,0	1,0	0,0	0,0	COMPLETA
2002	44171	Olba												SIN INFORMACIÓN
2002	44172	Oliete	1,0	1,0	0,0	148,0	148,0	0,0	1,0	2,0	1,0	0,0	0,0	COMPLETA
2002	44173	Olmos (Los)	6,0	1,0	5,0	2890,0	415,0	2475,0	1,0	0,0	0,0	0,0	0,0	COMPLETA
2002	44174	Orihuela del Tremedal	2,0	2,0	0,0	692,0	692,0	0,0	2,0	1,0	0,0	0,0	0,0	COMPLETA
2002	44175	Orrios												SIN INFORMACIÓN
2002	44176	Palomar de Arroyos												SIN INFORMACIÓN
2002	44177	Pancrudo												SIN INFORMACIÓN
2002	44178	Parras de Castellote (Las)	1,0	0,0	1,0	345,0	0,0	345,0	0,0	1,0	0,0	0,0	0,0	COMPLETA
2002	44179	Peñarroya de Tastavins	2,0	1,0	1,0	876,0	227,0	649,0	1,0	1,0	1,0			INCOMPLETA
2002	44180	Peracense	1,0	1,0		270,0	270,0		1,0	1,0				INCOMPLETA
2002	44181	Peralejos												SIN INFORMACIÓN
2002	44182	Perales del Alfambra												SIN INFORMACIÓN
2002	44183	Pitarque												SIN INFORMACIÓN
2002	44184	Plou												SIN INFORMACIÓN
2002	44185	Pobo (El)												SIN INFORMACIÓN
2002	44187	Portellada (La)	2,0	2,0		887,0	887,0		2,0					INCOMPLETA
2002	44189	Pozondón	1,0	1,0	0,0	125,0	125,0	0,0	1,0	3,0	0,0	0,0	0,0	COMPLETA
2002	44190	Pozuel del Campo												SIN INFORMACIÓN
2002	44191	Puebla de Híjar (La)	3,0	3,0	0,0	1072,0	1072,0	0,0	3,0	2,0	1,0	0,0	0,0	COMPLETA
2002	44192	Puebla de Valverde (La)	3,0	3,0	0,0	1016,0	1016,0	0,0	4,0	5,0	0,0	1,0	0,0	COMPLETA
2002	44193	Puertomingalvo	6,0	6,0		910,0	910,0		6,0					INCOMPLETA
2002	44194	Ráfales												SIN INFORMACIÓN
2002	44195	Rillo												SIN INFORMACIÓN
2002	44196	Riodeva	0,0	0,0	0,0	0,0	0,0	0,0	0,0	2,0	0,0	0,0	0,0	COMPLETA
2002	44197	Ródenas	0,0	0,0	0,0	0,0	0,0	0,0	0,0	1,0	0,0	0,0	0,0	COMPLETA
2002	44198	Royuela												SIN INFORMACIÓN
2002	44199	Rubiales												SIN INFORMACIÓN
2002	44200	Rubielos de la Cérida												SIN INFORMACIÓN
2002	44201	Rubielos de Mora	9,0	7,0	2,0	1534,0	1452,0	82,0	7,0			3,0	3,0	INCOMPLETA
2002	44203	Salcedillo												SIN INFORMACIÓN
2002	44204	Saldón												SIN INFORMACIÓN
2002	44205	Samper de Calanda	3,0	2,0	1,0	669,0	576,0	93,0	2,0	4,0	0,0	0,0	0,0	COMPLETA
2002	44206	San Agustín												SIN INFORMACIÓN
2002	44207	San Martín del Río								1,0				INCOMPLETA
2002	44208	Santa Cruz de Nogueras												SIN INFORMACIÓN
2002	44209	Santa Eulalia	1,0	1,0		168,0	168,0		1,0					INCOMPLETA
2002	44210	Sarrión	7,0	6,0	1,0	2205,0	1642,0	563,0	7,0	2,0	0,0	1,0	1,0	COMPLETA
2002	44211	Segura de los Baños												SIN INFORMACIÓN
2002	44212	Seno												SIN INFORMACIÓN
2002	44213	Singra												SIN INFORMACIÓN
2002	44215	Terriente												SIN INFORMACIÓN
2002	44216	Teruel	28,0	23,0	5,0	54119,0	42556,0	11563,0	164,0	10,0	1,0	2,0	3,0	COMPLETA
2002	44217	Toril y Masegoso												SIN INFORMACIÓN
2002	44218	Tormón												SIN INFORMACIÓN
2002	44219	Tornos												SIN INFORMACIÓN
2002	44220	Torralba de los Sisones												SIN INFORMACIÓN
2002	44221	Torrecilla de Alcañiz	1,0	1,0		381,0	381,0		1,0					INCOMPLETA
2002	44222	Torrecilla del Rebollar												SIN INFORMACIÓN
2002	44223	Torre de Arcas												SIN INFORMACIÓN
2002	44224	Torre de las Arcas												SIN INFORMACIÓN
2002	44225	Torre del Compte	1,0	0,0	1,0	73,0	0,0	73,0	0,0	1,0	0,0	0,0	0,0	COMPLETA
2002	44226	Torrelacárcel												SIN INFORMACIÓN
2002	44227	Torre los Negros												SIN INFORMACIÓN
2002	44228	Torremocha de Jiloca												SIN INFORMACIÓN
2002	44229	Torres de Albarracín												SIN INFORMACIÓN
2002	44230	Torrevelilla												SIN INFORMACIÓN
2002	44231	Torrijas												SIN INFORMACIÓN
2002	44232	Torrijo del Campo												SIN INFORMACIÓN
2002	44234	Tramacastiel												SIN INFORMACIÓN
2002	44235	Tramacastilla	1,0	1,0		815,0	815,0		1,0					INCOMPLETA
2002	44236	Tronchón												SIN INFORMACIÓN
2002	44237	Urrea de Gaén	12,0	1,0	11,0	3125,0	259,0	2866,0	1,0	1,0	0,0	0,0	0,0	COMPLETA
2002	44238	Utrillas	11,0	11,0	0,0	3660,0	3660,0	0,0	23,0	0,0	0,0	0,0	0,0	COMPLETA
2002	44239	Valacloche												SIN INFORMACIÓN
2002	44240	Valbona	1,0	1,0		437,0	437,0		1,0					INCOMPLETA
2002	44241	Valdealgorfa								1,0				INCOMPLETA
2002	44243	Valdecuenca												SIN INFORMACIÓN
2002	44244	Valdelinares												SIN INFORMACIÓN
2002	44245	Valdeltormo	1,0	1,0	0,0	279,0	279,0	0,0	1,0	1,0	0,0	0,0	0,0	COMPLETA
2002	44246	Valderrobres												SIN INFORMACIÓN
2002	44247	Valjunquera	2,0	2,0	0,0	372,0	372,0	0,0	2,0	0,0	0,0	0,0	0,0	COMPLETA
2002	44249	Vallecillo (El)												SIN INFORMACIÓN
2002	44250	Veguillas de la Sierra												SIN INFORMACIÓN
2002	44251	Villafranca del Campo	3,0	1,0	2,0	2727,0	357,0	2370,0	1,0					INCOMPLETA
2002	44252	Villahermosa del Campo												SIN INFORMACIÓN
2002	44256	Villanueva del Rebollar de la Sierra												SIN INFORMACIÓN
2002	44257	Villar del Cobo	7,0	3,0	4,0	4274,0	490,0	3784,0	3,0	1,0	1,0	0,0	0,0	COMPLETA
2002	44258	Villar del Salz								1,0				INCOMPLETA
2002	44260	Villarluengo												SIN INFORMACIÓN
2002	44261	Villarquemado	4,0	1,0	3,0	2089,0	340,0	1749,0	1,0	1,0	0,0	0,0	0,0	COMPLETA
2002	44262	Villarroya de los Pinares												SIN INFORMACIÓN
2002	44263	Villastar												SIN INFORMACIÓN
2002	44264	Villel	1,0	1,0	0,0	339,0	339,0	0,0	1,0	0,0	0,0	0,0	0,0	COMPLETA
2002	44265	Vinaceite												SIN INFORMACIÓN
2002	44266	Visiedo												SIN INFORMACIÓN
2002	44267	Vivel del Río Martín												SIN INFORMACIÓN
2002	44268	Zoma (La)												SIN INFORMACIÓN
2002	50001	Abanto												SIN INFORMACIÓN
2002	50002	Acered												SIN INFORMACIÓN
2002	50003	Agón												SIN INFORMACIÓN
2002	50004	Aguarón												SIN INFORMACIÓN
2002	50005	Aguilón												SIN INFORMACIÓN
2002	50006	Ainzón												SIN INFORMACIÓN
2002	50007	Aladrén	1,0	1,0	0,0	249,0	249,0	0,0	2,0	0,0	0,0	0,0	0,0	COMPLETA
2002	50008	Alagón	87,0	84,0	3,0	25073,0	23628,0	1445,0	138,0			2,0	2,0	INCOMPLETA
2002	50009	Alarba												SIN INFORMACIÓN
2002	50010	Alberite de San Juan												SIN INFORMACIÓN
2002	50011	Albeta	1,0	0,0	1,0	160,0	0,0	160,0	0,0	1,0	0,0	0,0	0,0	COMPLETA
2002	50012	Alborge												SIN INFORMACIÓN
2002	50013	Alcalá de Ebro												SIN INFORMACIÓN
2002	50014	Alcalá de Moncayo												SIN INFORMACIÓN
2002	50015	Alconchel de Ariza												SIN INFORMACIÓN
2002	50016	Aldehuela de Liestos												SIN INFORMACIÓN
2002	50017	Alfajarín	24,0	14,0	10,0	19280,0	3220,0	16060,0	15,0	1,0	0,0	2,0	2,0	COMPLETA
2002	50018	Alfamén	5,0	4,0	1,0	1035,0	916,0	119,0	5,0	0,0	0,0	0,0	0,0	COMPLETA
2002	50019	Alforque												SIN INFORMACIÓN
2002	50020	Alhama de Aragón	3,0	2,0	1,0	581,0	414,0	167,0	2,0	0,0	0,0	0,0	0,0	COMPLETA
2002	50021	Almochuel												SIN INFORMACIÓN
2002	50022	Almolda (La)												SIN INFORMACIÓN
2002	50023	Almonacid de la Cuba												SIN INFORMACIÓN
2002	50024	Almonacid de la Sierra												SIN INFORMACIÓN
2002	50025	Almunia de Doña Godina (La)	16,0	16,0		4312,0	4312,0		19,0			2,0	2,0	INCOMPLETA
2002	50026	Alpartir	0,0	0,0	0,0	0,0	0,0	0,0	0,0	1,0	1,0	0,0	0,0	COMPLETA
2002	50027	Ambel	1,0	0,0	1,0	360,0	0,0	360,0	0,0	0,0	0,0	0,0	0,0	COMPLETA
2002	50028	Anento												SIN INFORMACIÓN
2002	50029	Aniñón	2,0	2,0	0,0	695,0	695,0	0,0	2,0	0,0	0,0	0,0	0,0	COMPLETA
2002	50030	Añón de Moncayo												SIN INFORMACIÓN
2002	50031	Aranda de Moncayo	1,0	1,0	0,0	152,0	152,0	0,0	1,0	0,0	0,0	0,0	0,0	COMPLETA
2002	50032	Arándiga												SIN INFORMACIÓN
2002	50033	Ardisa												SIN INFORMACIÓN
2002	50034	Ariza	3,0	3,0		985,0	985,0		3,0			1,0		INCOMPLETA
2002	50035	Artieda												SIN INFORMACIÓN
2002	50036	Asín	1,0	0,0	1,0	230,0	0,0	230,0	0,0	0,0	0,0	0,0	0,0	COMPLETA
2002	50037	Atea												SIN INFORMACIÓN
2002	50038	Ateca	4,0	3,0	1,0	865,0	738,0	127,0	3,0					INCOMPLETA
2002	50039	Azuara												SIN INFORMACIÓN
2002	50040	Badules												SIN INFORMACIÓN
2002	50041	Bagüés												SIN INFORMACIÓN
2002	50042	Balconchán												SIN INFORMACIÓN
2002	50043	Bárboles	3,0	0,0	3,0	4890,0	0,0	4890,0	0,0	0,0	0,0	0,0	0,0	COMPLETA
2002	50044	Bardallur												SIN INFORMACIÓN
2002	50045	Belchite												SIN INFORMACIÓN
2002	50046	Belmonte de Gracián												SIN INFORMACIÓN
2002	50047	Berdejo												SIN INFORMACIÓN
2002	50048	Berrueco												SIN INFORMACIÓN
2002	50050	Bijuesca												SIN INFORMACIÓN
2002	50051	Biota	5,0	3,0	2,0	2743,0	2348,0	395,0	19,0	2,0	0,0	0,0	0,0	COMPLETA
2002	50052	Bisimbre												SIN INFORMACIÓN
2002	50053	Boquiñeni	2,0	2,0		270,0	270,0		2,0					INCOMPLETA
2002	50054	Bordalba												SIN INFORMACIÓN
2002	50055	Borja	11,0	10,0	1,0	11532,0	11372,0	160,0	84,0	1,0	0,0	0,0	0,0	COMPLETA
2002	50056	Botorrita	1,0	1,0	0,0	103,0	103,0	0,0	1,0	0,0	0,0	0,0	0,0	COMPLETA
2002	50057	Brea de Aragón	14,0	14,0	0,0	2239,0	2239,0	0,0	17,0	1,0	0,0	0,0	1,0	COMPLETA
2002	50058	Bubierca												SIN INFORMACIÓN
2002	50059	Bujaraloz	5,0	3,0	2,0	4419,0	781,0	3638,0	3,0	0,0	0,0	0,0	0,0	COMPLETA
2002	50060	Bulbuente												SIN INFORMACIÓN
2002	50061	Bureta												SIN INFORMACIÓN
2002	50062	Burgo de Ebro (El)	24,0	23,0	1,0	6484,0	5557,0	927,0	30,0					INCOMPLETA
2002	50063	Buste (El)												SIN INFORMACIÓN
2002	50064	Cabañas de Ebro	1,0	0,0	1,0	287,0	0,0	287,0	0,0	1,0	0,0	0,0	0,0	COMPLETA
2002	50065	Cabolafuente												SIN INFORMACIÓN
2002	50066	Cadrete	29,0	28,0	1,0	7333,0	6886,0	447,0	36,0	6,0	0,0	5,0	3,0	COMPLETA
2002	50067	Calatayud	57,0	54,0	3,0	33212,0	31158,0	2054,0	177,0	3,0		1,0	1,0	INCOMPLETA
2002	50068	Calatorao	5,0	4,0	1,0	4034,0	3897,0	137,0	16,0	0,0	0,0	0,0	0,0	COMPLETA
2002	50069	Calcena												SIN INFORMACIÓN
2002	50070	Calmarza								2,0				INCOMPLETA
2002	50071	Campillo de Aragón												SIN INFORMACIÓN
2002	50072	Carenas												SIN INFORMACIÓN
2002	50073	Cariñena	32,0	31,0	1,0	10429,0	10265,0	164,0	51,0	3,0	1,0	1,0	3,0	COMPLETA
2002	50074	Caspe	15,0	8,0	7,0	14496,0	7914,0	6582,0	35,0	4,0	1,0	1,0	3,0	INCOMPLETA
2002	50075	Castejón de Alarba												SIN INFORMACIÓN
2002	50076	Castejón de las Armas												SIN INFORMACIÓN
2002	50077	Castejón de Valdejasa	2,0	2,0		705,0	705,0		2,0					INCOMPLETA
2002	50078	Castiliscar												SIN INFORMACIÓN
2002	50079	Cervera de la Cañada	1,0	0,0	1,0	71,0	0,0	71,0	0,0	0,0	0,0	0,0	0,0	COMPLETA
2002	50080	Cerveruela												SIN INFORMACIÓN
2002	50081	Cetina	3,0	3,0	0,0	834,0	834,0	0,0	3,0	0,0	0,0	0,0	0,0	COMPLETA
2002	50082	Cimballa												SIN INFORMACIÓN
2002	50083	Cinco Olivas												SIN INFORMACIÓN
2002	50084	Clarés de Ribota												SIN INFORMACIÓN
2002	50085	Codo												SIN INFORMACIÓN
2002	50086	Codos												SIN INFORMACIÓN
2002	50087	Contamina												SIN INFORMACIÓN
2002	50088	Cosuenda												SIN INFORMACIÓN
2002	50089	Cuarte de Huerva	156,0	154,0	2,0	81376,0	80443,0	933,0	479,0	6,0		5,0	2,0	INCOMPLETA
2002	50090	Cubel												SIN INFORMACIÓN
2002	50091	Cuerlas (Las)												SIN INFORMACIÓN
2002	50092	Chiprana	1,0	1,0	0,0	502,0	502,0	0,0	2,0	0,0	0,0	0,0	0,0	COMPLETA
2002	50093	Chodes												SIN INFORMACIÓN
2002	50094	Daroca	4,0	1,0	3,0	799,0	205,0	594,0	1,0	1,0	0,0	1,0	1,0	COMPLETA
2002	50095	Ejea de los Caballeros	63,0	30,0	33,0	29947,0	7582,0	22365,0	36,0	9,0	6,0	6,0	13,0	COMPLETA
2002	50096	Embid de Ariza												SIN INFORMACIÓN
2002	50098	Encinacorba	2,0	1,0	1,0	196,0	78,0	118,0	1,0	5,0	0,0	1,0	1,0	COMPLETA
2002	50099	Épila	10,0	5,0	5,0	5169,0	992,0	4177,0	5,0	2,0	0,0	3,0	1,0	COMPLETA
2002	50100	Erla												SIN INFORMACIÓN
2002	50101	Escatrón	1,0	1,0	0,0	641,0	641,0	0,0	2,0	4,0	0,0	0,0	0,0	COMPLETA
2002	50102	Fabara												SIN INFORMACIÓN
2002	50104	Farlete	1,0	1,0		166,0	166,0		1,0					INCOMPLETA
2002	50105	Fayón												SIN INFORMACIÓN
2002	50106	Fayos (Los)												SIN INFORMACIÓN
2002	50107	Figueruelas	8,0	7,0	1,0	8049,0	1746,0	6303,0	7,0	0,0	0,0	1,0	1,0	COMPLETA
2002	50108	Fombuena												SIN INFORMACIÓN
2002	50109	Frago (El)												SIN INFORMACIÓN
2002	50110	Frasno (El)												SIN INFORMACIÓN
2002	50111	Fréscano												SIN INFORMACIÓN
2002	50113	Fuendejalón												SIN INFORMACIÓN
2002	50114	Fuendetodos												SIN INFORMACIÓN
2002	50115	Fuentes de Ebro	23,0	21,0	2,0	6704,0	5673,0	1031,0	22,0	1,0	0,0	0,0	0,0	COMPLETA
2002	50116	Fuentes de Jiloca												SIN INFORMACIÓN
2002	50117	Gallocanta												SIN INFORMACIÓN
2002	50118	Gallur	5,0	3,0	2,0	870,0	653,0	217,0	3,0	3,0	0,0	4,0	2,0	COMPLETA
2002	50119	Gelsa	5,0	4,0	1,0	1356,0	1027,0	329,0	4,0	1,0	1,0	1,0	1,0	COMPLETA
2002	50120	Godojos												SIN INFORMACIÓN
2002	50121	Gotor												SIN INFORMACIÓN
2002	50122	Grisel												SIN INFORMACIÓN
2002	50123	Grisén	0,0	0,0	0,0	0,0	0,0	0,0	0,0	0,0	0,0	0,0	0,0	COMPLETA
2002	50124	Herrera de los Navarros	1,0	1,0	0,0	253,0	253,0	0,0	0,0	0,0	0,0	0,0	0,0	COMPLETA
2002	50125	Ibdes												SIN INFORMACIÓN
2002	50126	Illueca	8,0	3,0	5,0	5758,0	1116,0	4642,0	3,0	0,0	0,0	1,0	0,0	COMPLETA
2002	50128	Isuerre												SIN INFORMACIÓN
2002	50129	Jaraba	2,0	2,0	0,0	625,0	625,0	0,0	2,0	2,0	0,0	0,0	1,0	COMPLETA
2002	50130	Jarque												SIN INFORMACIÓN
2002	50131	Jaulín	2,0	1,0	1,0	1964,0	464,0	1500,0	1,0	0,0	0,0	0,0	0,0	COMPLETA
2002	50132	Joyosa (La)	17,0	17,0	0,0	3268,0	3268,0	0,0	17,0	1,0	0,0	0,0	0,0	COMPLETA
2002	50133	Lagata												SIN INFORMACIÓN
2002	50134	Langa del Castillo												SIN INFORMACIÓN
2002	50135	Layana												SIN INFORMACIÓN
2002	50136	Lécera	6,0	1,0	5,0	2485,0	265,0	2220,0	1,0	3,0				INCOMPLETA
2002	50137	Leciñena	9,0	7,0	2,0	4997,0	2033,0	2964,0	7,0	1,0	0,0	1,0	1,0	COMPLETA
2002	50138	Lechón												SIN INFORMACIÓN
2002	50139	Letux												SIN INFORMACIÓN
2002	50140	Litago												SIN INFORMACIÓN
2002	50141	Lituénigo												SIN INFORMACIÓN
2002	50142	Lobera de Onsella												SIN INFORMACIÓN
2002	50143	Longares												SIN INFORMACIÓN
2002	50144	Longás												SIN INFORMACIÓN
2002	50146	Lucena de Jalón	8,0	8,0	0,0	1027,0	1027,0	0,0	8,0	0,0	0,0	0,0	0,0	COMPLETA
2002	50147	Luceni	13,0	8,0	5,0	3114,0	1459,0	1655,0	8,0	1,0	0,0	0,0	0,0	COMPLETA
2002	50148	Luesia												SIN INFORMACIÓN
2002	50149	Luesma												SIN INFORMACIÓN
2002	50150	Lumpiaque												SIN INFORMACIÓN
2002	50151	Luna	19,0	1,0	18,0	19289,0	271,0	19018,0	1,0	0,0	0,0	0,0	0,0	COMPLETA
2002	50152	Maella	4,0	4,0	0,0	1132,0	1132,0	0,0	4,0	0,0	0,0	0,0	0,0	COMPLETA
2002	50153	Magallón	1,0	1,0	0,0	848,0	848,0	0,0	6,0	1,0	0,0	0,0	0,0	COMPLETA
2002	50154	Mainar												SIN INFORMACIÓN
2002	50155	Malanquilla												SIN INFORMACIÓN
2002	50156	Maleján												SIN INFORMACIÓN
2002	50157	Malón	1,0		1,0	118,0		118,0						INCOMPLETA
2002	50159	Maluenda	1,0	1,0	0,0	243,0	243,0	0,0	1,0	0,0	0,0	0,0	0,0	COMPLETA
2002	50160	Mallén	9,0	9,0	0,0	3518,0	3518,0	0,0	12,0	0,0	0,0	2,0	1,0	COMPLETA
2002	50161	Manchones												SIN INFORMACIÓN
2002	50162	Mara												SIN INFORMACIÓN
2002	50163	María de Huerva	161,0	161,0	0,0	35069,0	35069,0	0,0	195,0	0,0	0,0	2,0	4,0	COMPLETA
2002	50164	Mediana de Aragón	1,0	1,0	0,0	74,0	74,0	0,0	1,0	0,0	0,0	0,0	0,0	COMPLETA
2002	50165	Mequinenza	4,0	2,0	2,0	6587,0	4526,0	2061,0	40,0	6,0	1,0	0,0	0,0	COMPLETA
2002	50166	Mesones de Isuela												SIN INFORMACIÓN
2002	50167	Mezalocha												SIN INFORMACIÓN
2002	50168	Mianos												SIN INFORMACIÓN
2002	50169	Miedes de Aragón												SIN INFORMACIÓN
2002	50170	Monegrillo												SIN INFORMACIÓN
2002	50171	Moneva												SIN INFORMACIÓN
2002	50172	Monreal de Ariza												SIN INFORMACIÓN
2002	50173	Monterde												SIN INFORMACIÓN
2002	50174	Montón												SIN INFORMACIÓN
2002	50175	Morata de Jalón												SIN INFORMACIÓN
2002	50176	Morata de Jiloca												SIN INFORMACIÓN
2002	50177	Morés												SIN INFORMACIÓN
2002	50178	Moros												SIN INFORMACIÓN
2002	50179	Moyuela												SIN INFORMACIÓN
2002	50180	Mozota	1,0	1,0	0,0	195,0	195,0	0,0	1,0	1,0	1,0	0,0	0,0	COMPLETA
2002	50181	Muel	7,0	7,0	0,0	2801,0	2801,0	0,0	17,0	2,0	0,0	4,0	1,0	COMPLETA
2002	50182	Muela (La)	146,0	111,0	35,0	77309,0	19585,0	57724,0	111,0	8,0	0,0	1,0	1,0	COMPLETA
2002	50183	Munébrega												SIN INFORMACIÓN
2002	50184	Murero												SIN INFORMACIÓN
2002	50185	Murillo de Gállego												SIN INFORMACIÓN
2002	50186	Navardún												SIN INFORMACIÓN
2002	50187	Nigüella												SIN INFORMACIÓN
2002	50188	Nombrevilla												SIN INFORMACIÓN
2002	50189	Nonaspe	2,0	2,0	0,0	572,0	572,0	0,0	2,0	0,0	0,0	0,0	0,0	COMPLETA
2002	50190	Novallas	0,0	0,0	0,0	0,0	0,0	0,0	0,0	1,0	0,0	0,0	0,0	COMPLETA
2002	50191	Novillas	1,0	1,0	0,0	213,0	213,0	0,0	1,0	1,0	0,0	0,0	0,0	COMPLETA
2002	50192	Nuévalos												SIN INFORMACIÓN
2002	50193	Nuez de Ebro	31,0	31,0	0,0	5760,0	5760,0	0,0	31,0	0,0	0,0	1,0	1,0	COMPLETA
2002	50194	Olvés												SIN INFORMACIÓN
2002	50195	Orcajo												SIN INFORMACIÓN
2002	50196	Orera												SIN INFORMACIÓN
2002	50197	Orés												SIN INFORMACIÓN
2002	50198	Oseja												SIN INFORMACIÓN
2002	50199	Osera de Ebro	0,0	0,0	0,0	0,0	0,0	0,0	0,0	2,0	0,0	0,0	0,0	COMPLETA
2002	50200	Paniza												SIN INFORMACIÓN
2002	50201	Paracuellos de Jiloca	1,0	1,0	0,0	381,0	381,0	0,0	1,0	0,0	0,0	0,0	0,0	COMPLETA
2002	50202	Paracuellos de la Ribera	0,0	0,0	0,0	0,0	0,0	0,0	0,0	1,0	0,0	0,0	0,0	COMPLETA
2002	50203	Pastriz	6,0	6,0	0,0	3119,0	3119,0	0,0	17,0	1,0	0,0	0,0	0,0	COMPLETA
2002	50204	Pedrola	30,0	30,0	0,0	10186,0	10186,0	0,0	29,0	0,0	0,0	0,0	0,0	COMPLETA
2002	50205	Pedrosas (Las)	9,0	9,0	0,0	1056,0	1056,0	0,0	9,0	2,0	1,0	0,0	0,0	COMPLETA
2002	50206	Perdiguera	2,0	1,0	1,0	375,0	167,0	208,0	1,0	0,0	0,0	0,0	0,0	COMPLETA
2002	50207	Piedratajada												SIN INFORMACIÓN
2002	50208	Pina de Ebro	15,0	14,0	1,0	8982,0	3963,0	5019,0	18,0	2,0	0,0	0,0	0,0	COMPLETA
2002	50209	Pinseque	49,0	46,0	3,0	11080,0	7332,0	3748,0	54,0	1,0	0,0	0,0	0,0	COMPLETA
2002	50210	Pintanos (Los)												SIN INFORMACIÓN
2002	50211	Plasencia de Jalón												SIN INFORMACIÓN
2002	50212	Pleitas												SIN INFORMACIÓN
2002	50213	Plenas												SIN INFORMACIÓN
2002	50214	Pomer												SIN INFORMACIÓN
2002	50215	Pozuel de Ariza												SIN INFORMACIÓN
2002	50216	Pozuelo de Aragón	4,0	3,0	1,0	954,0	720,0	234,0	3,0			1,0	1,0	INCOMPLETA
2002	50217	Pradilla de Ebro	2,0		2,0	1289,0		1289,0						INCOMPLETA
2002	50218	Puebla de Albortón												SIN INFORMACIÓN
2002	50219	Puebla de Alfindén (La)	61,0	45,0	16,0	30656,0	19867,0	10789,0	113,0	3,0	0,0	0,0	0,0	COMPLETA
2002	50220	Puendeluna												SIN INFORMACIÓN
2002	50221	Purujosa												SIN INFORMACIÓN
2002	50222	Quinto	3,0	3,0	0,0	616,0	616,0	0,0	3,0	0,0	0,0	0,0	0,0	COMPLETA
2002	50223	Remolinos	2,0	2,0	0,0	497,0	497,0	0,0	2,0	2,0	0,0	0,0	0,0	COMPLETA
2002	50224	Retascón												SIN INFORMACIÓN
2002	50225	Ricla	4,0	2,0	2,0	1225,0	503,0	722,0	2,0					INCOMPLETA
2002	50227	Romanos												SIN INFORMACIÓN
2002	50228	Rueda de Jalón	0,0	0,0	0,0	0,0	0,0	0,0	0,0	0,0	0,0	1,0	2,0	COMPLETA
2002	50229	Ruesca												SIN INFORMACIÓN
2002	50230	Sádaba	8,0	7,0	1,0	3979,0	3102,0	877,0	16,0	8,0	0,0	0,0	0,0	COMPLETA
2002	50231	Salillas de Jalón												SIN INFORMACIÓN
2002	50232	Salvatierra de Esca												SIN INFORMACIÓN
2002	50233	Samper del Salz												SIN INFORMACIÓN
2002	50234	San Martín de la Virgen de Moncayo	1,0	1,0	0,0	87,0	87,0	0,0	1,0	0,0	0,0	0,0	0,0	COMPLETA
2002	50235	San Mateo de Gállego	14,0	14,0	0,0	2943,0	2943,0	0,0	14,0	2,0	2,0	0,0	0,0	COMPLETA
2002	50236	Santa Cruz de Grío												SIN INFORMACIÓN
2002	50237	Santa Cruz de Moncayo								1,0	1,0			INCOMPLETA
2002	50238	Santa Eulalia de Gállego												SIN INFORMACIÓN
2002	50239	Santed												SIN INFORMACIÓN
2002	50240	Sástago												SIN INFORMACIÓN
2002	50241	Saviñán												SIN INFORMACIÓN
2002	50242	Sediles	1,0	0,0	1,0	451,0	0,0	451,0	0,0	0,0	0,0	0,0	0,0	COMPLETA
2002	50243	Sestrica	2,0	2,0		532,0	532,0		2,0	1,0				INCOMPLETA
2002	50244	Sierra de Luna	16,0	14,0	2,0	2504,0	1616,0	888,0	14,0	2,0	1,0	0,0	0,0	COMPLETA
2002	50245	Sigüés												SIN INFORMACIÓN
2002	50246	Sisamón												SIN INFORMACIÓN
2002	50247	Sobradiel	10,0	10,0		1728,0	1728,0		10,0					INCOMPLETA
2002	50248	Sos del Rey Católico	0,0	0,0	0,0	0,0	0,0	0,0	0,0	1,0	0,0	0,0	0,0	COMPLETA
2002	50249	Tabuenca	1,0		1,0	416,0		416,0						INCOMPLETA
2002	50250	Talamantes												SIN INFORMACIÓN
2002	50251	Tarazona	82,0	81,0	1,0	22107,0	20149,0	1958,0	103,0	8,0	0,0	3,0	5,0	COMPLETA
2002	50252	Tauste	33,0	24,0	9,0	23432,0	13857,0	9575,0	69,0	3,0		6,0	6,0	INCOMPLETA
2002	50253	Terrer												SIN INFORMACIÓN
2002	50254	Tierga												SIN INFORMACIÓN
2002	50255	Tobed												SIN INFORMACIÓN
2002	50256	Torralba de los Frailes												SIN INFORMACIÓN
2002	50257	Torralba de Ribota												SIN INFORMACIÓN
2002	50258	Torralbilla												SIN INFORMACIÓN
2002	50259	Torrehermosa												SIN INFORMACIÓN
2002	50260	Torrelapaja												SIN INFORMACIÓN
2002	50261	Torrellas												SIN INFORMACIÓN
2002	50262	Torres de Berrellén	20,0	20,0	0,0	2917,0	2917,0	0,0	20,0	3,0	1,0	1,0	1,0	COMPLETA
2002	50263	Torrijo de la Cañada												SIN INFORMACIÓN
2002	50264	Tosos												SIN INFORMACIÓN
2002	50265	Trasmoz												SIN INFORMACIÓN
2002	50266	Trasobares												SIN INFORMACIÓN
2002	50267	Uncastillo	6,0	5,0	1,0	1270,0	1132,0	138,0	6,0	7,0	0,0	2,0	1,0	COMPLETA
2002	50268	Undués de Lerda												SIN INFORMACIÓN
2002	50269	Urrea de Jalón												SIN INFORMACIÓN
2002	50270	Urriés												SIN INFORMACIÓN
2002	50271	Used												SIN INFORMACIÓN
2002	50272	Utebo	132,0	130,0	2,0	77920,0	75258,0	2662,0	447,0	6,0	4,0	27,0	2,0	COMPLETA
2002	50273	Valdehorna												SIN INFORMACIÓN
2002	50274	Val de San Martín												SIN INFORMACIÓN
2002	50275	Valmadrid												SIN INFORMACIÓN
2002	50276	Valpalmas												SIN INFORMACIÓN
2002	50277	Valtorres												SIN INFORMACIÓN
2002	50278	Velilla de Ebro												SIN INFORMACIÓN
2002	50279	Velilla de Jiloca												SIN INFORMACIÓN
2002	50280	Vera de Moncayo												SIN INFORMACIÓN
2002	50281	Vierlas												SIN INFORMACIÓN
2002	50282	Vilueña (La)												SIN INFORMACIÓN
2002	50283	Villadoz												SIN INFORMACIÓN
2002	50284	Villafeliche												SIN INFORMACIÓN
2002	50285	Villafranca de Ebro	6,0	6,0		2611,0	2611,0		5,0	1,0				INCOMPLETA
2002	50286	Villalba de Perejil												SIN INFORMACIÓN
2002	50287	Villalengua	1,0	1,0	0,0	226,0	226,0	0,0	1,0	0,0	0,0	0,0	0,0	COMPLETA
2002	50288	Villanueva de Gállego	24,0	14,0	10,0	24571,0	2793,0	21778,0	16,0	1,0	0,0	2,0	0,0	COMPLETA
2002	50289	Villanueva de Jiloca												SIN INFORMACIÓN
2002	50290	Villanueva de Huerva												SIN INFORMACIÓN
2002	50291	Villar de los Navarros												SIN INFORMACIÓN
2002	50292	Villarreal de Huerva												SIN INFORMACIÓN
2002	50293	Villarroya de la Sierra	6,0	4,0	2,0	1463,0	824,0	639,0	4,0	6,0	0,0	0,0	0,0	COMPLETA
2002	50294	Villarroya del Campo												SIN INFORMACIÓN
2002	50295	Vistabella												SIN INFORMACIÓN
2002	50296	Zaida (La)	1,0	0,0	1,0	75,0	0,0	75,0	0,0	0,0	0,0	0,0	0,0	COMPLETA
2002	50297	Zaragoza	888,0	843,0	45,0	1330977,0	1017565,0	313412,0	6169,0	378,0	156,0	231,0	444,0	COMPLETA
2002	50298	Zuera	33,0	30,0	3,0	13835,0	12385,0	1450,0	60,0	3,0	1,0	4,0	3,0	COMPLETA
2002	50901	Biel	2,0	2,0	0,0	466,0	466,0	0,0	2,0	0,0	0,0	0,0	0,0	COMPLETA
2002	50902	Marracos												SIN INFORMACIÓN
2001	22001	Abiego	1,0	0,0	1,0	574,0	0,0	574,0	0,0	0,0	0,0	0,0	0,0	COMPLETA
2001	22002	Abizanda												SIN INFORMACIÓN
2001	22003	Adahuesca	3,0	0,0	3,0	1532,0	0,0	1532,0	0,0	0,0	0,0	0,0	0,0	COMPLETA
2001	22004	Agüero												SIN INFORMACIÓN
2001	22006	Aísa								2,0				INCOMPLETA
2001	22007	Albalate de Cinca	5,0	3,0	2,0	3363,0	968,0	2395,0	3,0	5,0	0,0	0,0	0,0	COMPLETA
2001	22008	Albalatillo												SIN INFORMACIÓN
2001	22009	Albelda	17,0	3,0	14,0	6603,0	1311,0	5292,0	2,0	3,0	2,0			INCOMPLETA
2001	22011	Albero Alto												SIN INFORMACIÓN
2001	22012	Albero Bajo	2,0		2,0	371,0		371,0						INCOMPLETA
2001	22013	Alberuela de Tubo												SIN INFORMACIÓN
2001	22014	Alcalá de Gurrea												SIN INFORMACIÓN
2001	22015	Alcalá del Obispo												SIN INFORMACIÓN
2001	22016	Alcampell	5,0	2,0	3,0	1778,0	309,0	1469,0	2,0	0,0	0,0	0,0	0,0	COMPLETA
2001	22017	Alcolea de Cinca	3,0	1,0	2,0	701,0	311,0	390,0	1,0	2,0	0,0	1,0	0,0	COMPLETA
2001	22018	Alcubierre	4,0	2,0	2,0	1115,0	266,0	849,0	2,0	0,0	0,0	0,0	0,0	COMPLETA
2001	22019	Alerre	5,0	5,0	0,0	1113,0	1113,0	0,0	5,0	0,0	0,0	0,0	0,0	COMPLETA
2001	22020	Alfántega												SIN INFORMACIÓN
2001	22021	Almudévar	7,0	3,0	4,0	2158,0	706,0	1452,0	3,0	2,0				INCOMPLETA
2001	22022	Almunia de San Juan												SIN INFORMACIÓN
2001	22023	Almuniente	1,0	0,0	1,0	1774,0	0,0	1774,0	0,0	0,0	0,0	0,0	0,0	COMPLETA
2001	22024	Alquézar												SIN INFORMACIÓN
2001	22025	Altorricón	4,0	2,0	2,0	1457,0	425,0	1032,0	2,0	1,0				INCOMPLETA
2001	22027	Angüés	1,0	1,0	0,0	458,0	458,0	0,0	1,0	2,0	0,0	0,0	0,0	COMPLETA
2001	22028	Ansó												SIN INFORMACIÓN
2001	22029	Antillón	2,0	0,0	2,0	620,0	0,0	620,0	0,0	0,0	0,0	0,0	0,0	COMPLETA
2001	22032	Aragüés del Puerto												SIN INFORMACIÓN
2001	22035	Arén	1,0	0,0	1,0	65,0	0,0	65,0	0,0	0,0	0,0	0,0	0,0	COMPLETA
2001	22036	Argavieso												SIN INFORMACIÓN
2001	22037	Arguis												SIN INFORMACIÓN
2001	22039	Ayerbe	12,0	11,0	1,0	2413,0	2281,0	132,0	11,0	0,0	0,0	2,0	3,0	COMPLETA
2001	22040	Azanuy-Alins	4,0	0,0	4,0	894,0	0,0	894,0	0,0	0,0	0,0	0,0	0,0	COMPLETA
2001	22041	Azara												SIN INFORMACIÓN
2001	22042	Azlor												SIN INFORMACIÓN
2001	22043	Baells												SIN INFORMACIÓN
2001	22044	Bailo	0,0	0,0	0,0	0,0	0,0	0,0	0,0	3,0	2,0	0,0	0,0	COMPLETA
2001	22045	Baldellou												SIN INFORMACIÓN
2001	22046	Ballobar	1,0	1,0		238,0	238,0		1,0	2,0	2,0			INCOMPLETA
2001	22047	Banastás	2,0	2,0	0,0	316,0	316,0	0,0	2,0	0,0	0,0	0,0	0,0	COMPLETA
2001	22048	Barbastro	58,0	30,0	28,0	47102,0	30693,0	16409,0	111,0	5,0	0,0	1,0	1,0	COMPLETA
2001	22049	Barbués												SIN INFORMACIÓN
2001	22050	Barbuñales												SIN INFORMACIÓN
2001	22051	Bárcabo												SIN INFORMACIÓN
2001	22052	Belver de Cinca	11,0	2,0	9,0	3438,0	719,0	2719,0	2,0	1,0	0,0	0,0	0,0	COMPLETA
2001	22053	Benabarre	7,0	1,0	6,0	3309,0	305,0	3004,0	1,0	0,0	0,0	0,0	0,0	COMPLETA
2001	22054	Benasque	9,0	5,0	4,0	15823,0	13327,0	2496,0	102,0	3,0	3,0	0,0	0,0	COMPLETA
2001	22055	Berbegal	0,0	0,0	0,0	0,0	0,0	0,0	0,0	1,0	0,0	0,0	0,0	COMPLETA
2001	22057	Bielsa	8,0	6,0	2,0	6949,0	6625,0	324,0	41,0	1,0		1,0		INCOMPLETA
2001	22058	Bierge												SIN INFORMACIÓN
2001	22059	Biescas	5,0	3,0	2,0	5810,0	5410,0	400,0	46,0	7,0	4,0	0,0	0,0	COMPLETA
2001	22060	Binaced	4,0	1,0	3,0	582,0	217,0	365,0	1,0	1,0				INCOMPLETA
2001	22061	Binéfar	32,0	24,0	8,0	41714,0	33855,0	7859,0	197,0	21,0	17,0	13,0	8,0	COMPLETA
2001	22062	Bisaurri	0,0	0,0	0,0	0,0	0,0	0,0	0,0	2,0	1,0	0,0	0,0	COMPLETA
2001	22063	Biscarrués	1,0	0,0	1,0	368,0	0,0	368,0	0,0	1,0	0,0	0,0	0,0	COMPLETA
2001	22064	Blecua y Torres	2,0	0,0	2,0	1441,0	0,0	1441,0	0,0	0,0	0,0	0,0	0,0	COMPLETA
2001	22066	Boltaña	1,0	1,0		2483,0	2483,0		18,0					INCOMPLETA
2001	22067	Bonansa												SIN INFORMACIÓN
2001	22068	Borau								1,0	1,0			INCOMPLETA
2001	22069	Broto	4,0	4,0	0,0	804,0	804,0	0,0	4,0	0,0	0,0	0,0	0,0	COMPLETA
2001	22072	Caldearenas												SIN INFORMACIÓN
2001	22074	Campo												SIN INFORMACIÓN
2001	22075	Camporrells	1,0		1,0	258,0		258,0						INCOMPLETA
2001	22076	Canal de Berdún												SIN INFORMACIÓN
2001	22077	Candasnos	5,0	3,0	2,0	1100,0	525,0	575,0	3,0	2,0		4,0	2,0	INCOMPLETA
2001	22078	Canfranc												SIN INFORMACIÓN
2001	22079	Capdesaso												SIN INFORMACIÓN
2001	22080	Capella	2,0	1,0	1,0	492,0	235,0	257,0	1,0	0,0	0,0	0,0	0,0	COMPLETA
2001	22081	Casbas de Huesca	1,0	0,0	1,0	200,0	0,0	200,0	0,0	1,0	1,0	0,0	0,0	COMPLETA
2001	22082	Castejón del Puente	2,0	0,0	2,0	1603,0	0,0	1603,0	1,0	1,0	0,0	0,0	0,0	COMPLETA
2001	22083	Castejón de Monegros												SIN INFORMACIÓN
2001	22084	Castejón de Sos	11,0	11,0	0,0	5419,0	5419,0	0,0	49,0	1,0	0,0	0,0	0,0	COMPLETA
2001	22085	Castelflorite												SIN INFORMACIÓN
2001	22086	Castiello de Jaca	21,0	19,0	2,0	6672,0	5712,0	960,0	36,0	4,0	3,0	1,0	1,0	COMPLETA
2001	22087	Castigaleu												SIN INFORMACIÓN
2001	22088	Castillazuelo	4,0	2,0	2,0	863,0	422,0	441,0	2,0	0,0	0,0	0,0	0,0	COMPLETA
2001	22089	Castillonroy	1,0	0,0	1,0	1092,0	0,0	1092,0	0,0	0,0	0,0	0,0	0,0	COMPLETA
2001	22090	Colungo												SIN INFORMACIÓN
2001	22094	Chalamera												SIN INFORMACIÓN
2001	22095	Chía	1,0	1,0	0,0	209,0	209,0	0,0	1,0	2,0	1,0	0,0	0,0	COMPLETA
2001	22096	Chimillas	25,0	25,0	0,0	5153,0	5153,0	0,0	25,0	0,0	0,0	0,0	0,0	COMPLETA
2001	22099	Esplús	5,0	0,0	5,0	2558,0	0,0	2558,0	0,0	0,0	0,0	0,0	0,0	COMPLETA
2001	22102	Estada												SIN INFORMACIÓN
2001	22103	Estadilla												SIN INFORMACIÓN
2001	22105	Estopiñán del Castillo	3,0	2,0	1,0	1363,0	410,0	953,0	2,0	1,0	0,0	0,0	0,0	COMPLETA
2001	22106	Fago												SIN INFORMACIÓN
2001	22107	Fanlo	0,0	0,0	0,0	0,0	0,0	0,0	0,0	1,0	1,0	0,0	0,0	COMPLETA
2001	22109	Fiscal												SIN INFORMACIÓN
2001	22110	Fonz	3,0	1,0	2,0	1434,0	348,0	1086,0	1,0	1,0	1,0			INCOMPLETA
2001	22111	Foradada del Toscar												SIN INFORMACIÓN
2001	22112	Fraga	13,0	12,0	1,0	13246,0	12683,0	563,0	73,0	6,0	4,0	0,0	0,0	COMPLETA
2001	22113	Fueva (La)												SIN INFORMACIÓN
2001	22114	Gistaín	2,0	2,0	0,0	1156,0	1156,0	0,0	0,0	0,0	0,0	0,0	0,0	COMPLETA
2001	22115	Grado (El)												SIN INFORMACIÓN
2001	22116	Grañén	24,0	14,0	10,0	9903,0	4416,0	5487,0	14,0	1,0	0,0	0,0	0,0	COMPLETA
2001	22117	Graus	16,0	3,0	13,0	8407,0	3925,0	4482,0	20,0	9,0	2,0	2,0	4,0	INCOMPLETA
2001	22119	Gurrea de Gállego	7,0	1,0	6,0	1063,0	204,0	859,0	1,0	1,0	0,0	0,0	0,0	COMPLETA
2001	22122	Hoz de Jaca	4,0	4,0		579,0	579,0		4,0	1,0	1,0			INCOMPLETA
2001	22124	Huerto	0,0	0,0	0,0	0,0	0,0	0,0	0,0	1,0	0,0	0,0	0,0	COMPLETA
2001	22125	Huesca	15,0	10,0	5,0	28615,0	16746,0	11869,0	119,0	6,0	16,0	0,0	4,0	COMPLETA
2001	22126	Ibieca												SIN INFORMACIÓN
2001	22127	Igriés								1,0				INCOMPLETA
2001	22128	Ilche												SIN INFORMACIÓN
2001	22129	Isábena	1,0	1,0		120,0	120,0		1,0	2,0	1,0			INCOMPLETA
2001	22130	Jaca	46,0	42,0	4,0	44510,0	42820,0	1690,0	299,0	16,0	11,0	3,0	3,0	COMPLETA
2001	22131	Jasa												SIN INFORMACIÓN
2001	22133	Labuerda												SIN INFORMACIÓN
2001	22135	Laluenga	0,0	0,0	0,0	0,0	0,0	0,0	0,0	1,0	0,0	0,0	0,0	COMPLETA
2001	22136	Lalueza	0,0	0,0	0,0	0,0	0,0	0,0	0,0	1,0	0,0	0,0	0,0	COMPLETA
2001	22137	Lanaja	1,0	1,0	0,0	237,0	237,0	0,0	1,0	2,0	2,0	0,0	0,0	COMPLETA
2001	22139	Laperdiguera	2,0	1,0	1,0	1126,0	265,0	861,0	1,0	0,0	0,0	1,0	1,0	COMPLETA
2001	22141	Lascellas-Ponzano	1,0	0,0	1,0	109,0	0,0	109,0	0,0	0,0	0,0	1,0	0,0	COMPLETA
2001	22142	Lascuarre	1,0	0,0	1,0	335,0	0,0	335,0	0,0	0,0	0,0	0,0	0,0	COMPLETA
2001	22143	Laspaúles	3,0	0,0	3,0	865,0	0,0	865,0	0,0	5,0	0,0	0,0	0,0	COMPLETA
2001	22144	Laspuña												SIN INFORMACIÓN
2001	22149	Loarre												SIN INFORMACIÓN
2001	22150	Loporzano												SIN INFORMACIÓN
2001	22151	Loscorrales												SIN INFORMACIÓN
2001	22155	Monesma y Cajigar												SIN INFORMACIÓN
2001	22156	Monflorite-Lascasas	1,0		1,0	160,0		160,0						INCOMPLETA
2001	22157	Montanuy	0,0	0,0	0,0	0,0	0,0	0,0	0,0	3,0	6,0	0,0	0,0	COMPLETA
2001	22158	Monzón	72,0	60,0	12,0	30574,0	27214,0	3360,0	112,0	14,0	6,0	1,0	1,0	COMPLETA
2001	22160	Naval												SIN INFORMACIÓN
2001	22162	Novales												SIN INFORMACIÓN
2001	22163	Nueno												SIN INFORMACIÓN
2001	22164	Olvena												SIN INFORMACIÓN
2001	22165	Ontiñena	5,0	1,0	4,0	1420,0	255,0	1165,0	1,0	0,0	0,0	0,0	0,0	COMPLETA
2001	22167	Osso de Cinca												SIN INFORMACIÓN
2001	22168	Palo	1,0	1,0		158,0	158,0		1,0					INCOMPLETA
2001	22170	Panticosa												SIN INFORMACIÓN
2001	22172	Peñalba												SIN INFORMACIÓN
2001	22173	Peñas de Riglos (Las)	1,0	1,0		118,0	118,0		1,0					INCOMPLETA
2001	22174	Peralta de Alcofea	6,0	1,0	5,0	4124,0	139,0	3985,0	1,0	2,0	0,0	0,0	0,0	COMPLETA
2001	22175	Peralta de Calasanz	2,0	2,0	0,0	769,0	769,0	0,0	2,0	0,0	0,0	1,0	1,0	COMPLETA
2001	22176	Peraltilla												SIN INFORMACIÓN
2001	22177	Perarrúa	2,0	2,0		350,0	350,0		3,0			1,0		INCOMPLETA
2001	22178	Pertusa												SIN INFORMACIÓN
2001	22181	Piracés	1,0	1,0	0,0	198,0	198,0	0,0	1,0	0,0	0,0	0,0	0,0	COMPLETA
2001	22182	Plan	3,0	3,0	0,0	1674,0	1674,0	0,0	3,0	2,0	0,0	0,0	0,0	COMPLETA
2001	22184	Poleñino												SIN INFORMACIÓN
2001	22186	Pozán de Vero	2,0	1,0	1,0	462,0	315,0	147,0	1,0					INCOMPLETA
2001	22187	Puebla de Castro (La)												SIN INFORMACIÓN
2001	22188	Puente de Montañana	0,0	0,0	0,0	0,0	0,0	0,0	0,0	1,0	0,0	0,0	0,0	COMPLETA
2001	22189	Puértolas												SIN INFORMACIÓN
2001	22190	Pueyo de Araguás (El)												SIN INFORMACIÓN
2001	22193	Pueyo de Santa Cruz	1,0		1,0	432,0		432,0						INCOMPLETA
2001	22195	Quicena												SIN INFORMACIÓN
2001	22197	Robres	8,0	1,0	7,0	4589,0	130,0	4459,0	1,0	0,0	0,0	0,0	0,0	COMPLETA
2001	22199	Sabiñánigo	81,0	19,0	62,0	44328,0	24434,0	19894,0	214,0	8,0	4,0	1,0	0,0	COMPLETA
2001	22200	Sahún												SIN INFORMACIÓN
2001	22201	Salas Altas												SIN INFORMACIÓN
2001	22202	Salas Bajas												SIN INFORMACIÓN
2001	22203	Salillas												SIN INFORMACIÓN
2001	22204	Sallent de Gállego	49,0	49,0		41921,0	41921,0		365,0	5,0	1,0	4,0	4,0	INCOMPLETA
2001	22205	San Esteban de Litera												SIN INFORMACIÓN
2001	22206	Sangarrén	1,0	1,0	0,0	476,0	476,0	0,0	1,0	0,0	0,0	0,0	0,0	COMPLETA
2001	22207	San Juan de Plan												SIN INFORMACIÓN
2001	22208	Santa Cilia												SIN INFORMACIÓN
2001	22209	Santa Cruz de la Serós												SIN INFORMACIÓN
2001	22212	Santaliestra y San Quílez												SIN INFORMACIÓN
2001	22213	Sariñena	17,0	17,0	0,0	6851,0	6851,0	0,0	43,0	2,0	0,0	0,0	0,0	COMPLETA
2001	22214	Secastilla												SIN INFORMACIÓN
2001	22215	Seira												SIN INFORMACIÓN
2001	22217	Sena	1,0	0,0	1,0	504,0	0,0	504,0	0,0	1,0	0,0	0,0	0,0	COMPLETA
2001	22218	Senés de Alcubierre												SIN INFORMACIÓN
2001	22220	Sesa												SIN INFORMACIÓN
2001	22221	Sesué												SIN INFORMACIÓN
2001	22222	Siétamo	5,0	4,0	1,0	960,0	780,0	180,0	4,0	2,0				INCOMPLETA
2001	22223	Sopeira												SIN INFORMACIÓN
2001	22225	Tamarite de Litera	8,0	8,0		2065,0	2065,0		8,0					INCOMPLETA
2001	22226	Tardienta												SIN INFORMACIÓN
2001	22227	Tella-Sin												SIN INFORMACIÓN
2001	22228	Tierz	6,0	5,0	1,0	7740,0	7674,0	66,0	52,0					INCOMPLETA
2001	22229	Tolva	1,0		1,0	478,0		478,0						INCOMPLETA
2001	22230	Torla-Ordesa	1,0	0,0	1,0	80,0	0,0	80,0	0,0	3,0	4,0	0,0	1,0	COMPLETA
2001	22232	Torralba de Aragón												SIN INFORMACIÓN
2001	22233	Torre la Ribera												SIN INFORMACIÓN
2001	22234	Torrente de Cinca												SIN INFORMACIÓN
2001	22235	Torres de Alcanadre												SIN INFORMACIÓN
2001	22236	Torres de Barbués												SIN INFORMACIÓN
2001	22239	Tramaced												SIN INFORMACIÓN
2001	22242	Valfarta												SIN INFORMACIÓN
2001	22243	Valle de Bardají												SIN INFORMACIÓN
2001	22244	Valle de Lierp												SIN INFORMACIÓN
2001	22245	Velilla de Cinca	4,0	4,0		1132,0	1132,0		4,0			3,0		INCOMPLETA
2001	22246	Beranuy	1,0	0,0	1,0	174,0	0,0	174,0	0,0	1,0	0,0	0,0	0,0	COMPLETA
2001	22247	Viacamp y Litera												SIN INFORMACIÓN
2001	22248	Vicién												SIN INFORMACIÓN
2001	22249	Villanova	8,0	8,0	0,0	2062,0	2062,0	0,0	19,0	2,0	1,0	1,0	1,0	COMPLETA
2001	22250	Villanúa	30,0	30,0	0,0	26626,0	26626,0	0,0	269,0	0,0	0,0	1,0	1,0	COMPLETA
2001	22251	Villanueva de Sigena	2,0	1,0	1,0	4170,0	270,0	3900,0	1,0	0,0	0,0	1,0	1,0	COMPLETA
2001	22252	Yebra de Basa												SIN INFORMACIÓN
2001	22253	Yésero												SIN INFORMACIÓN
2001	22254	Zaidín	17,0	2,0	15,0	25875,0	397,0	25478,0	2,0	3,0	1,0			INCOMPLETA
2001	22901	Valle de Hecho	3,0	3,0	0,0	3038,0	3038,0	0,0	4,0	3,0	3,0	1,0	0,0	COMPLETA
2001	22902	Puente la Reina de Jaca												SIN INFORMACIÓN
2001	22903	San Miguel del Cinca	5,0	5,0	0,0	1613,0	1613,0	0,0	8,0	1,0	0,0	0,0	0,0	COMPLETA
2001	22904	Sotonera (La)	2,0	1,0	1,0	608,0	176,0	432,0	1,0	1,0	0,0	0,0	0,0	COMPLETA
2001	22905	Lupiñén-Ortilla	7,0		7,0	10414,0		10414,0						INCOMPLETA
2001	22906	Santa María de Dulcis												SIN INFORMACIÓN
2001	22907	Aínsa-Sobrarbe	8,0	7,0	1,0	6991,0	6850,0	141,0	48,0	11,0	4,0	0,0	1,0	COMPLETA
2001	22908	Hoz y Costeán												SIN INFORMACIÓN
2001	22909	Vencillón												SIN INFORMACIÓN
2001	44001	Ababuj												SIN INFORMACIÓN
2001	44002	Abejuela												SIN INFORMACIÓN
2001	44003	Aguatón												SIN INFORMACIÓN
2001	44004	Aguaviva	2,0	1,0	1,0	1079,0	483,0	596,0	1,0	0,0	0,0	0,0	0,0	COMPLETA
2001	44005	Aguilar del Alfambra								1,0				INCOMPLETA
2001	44006	Alacón												SIN INFORMACIÓN
2001	44007	Alba												SIN INFORMACIÓN
2001	44008	Albalate del Arzobispo	3,0	1,0	2,0	1410,0	496,0	914,0	1,0	3,0	1,0	0,0	1,0	COMPLETA
2001	44009	Albarracín	2,0	2,0		296,0	296,0		2,0	3,0		1,0		INCOMPLETA
2001	44010	Albentosa	1,0	1,0	0,0	186,0	186,0	0,0	1,0	0,0	0,0	0,0	0,0	COMPLETA
2001	44011	Alcaine												SIN INFORMACIÓN
2001	44012	Alcalá de la Selva	11,0	10,0	1,0	2831,0	2790,0	41,0	15,0	6,0	2,0	2,0	3,0	COMPLETA
2001	44013	Alcañiz	16,0	11,0	5,0	12059,0	9739,0	2320,0	47,0	2,0				INCOMPLETA
2001	44014	Alcorisa	21,0	16,0	5,0	13926,0	11890,0	2036,0	80,0	6,0	2,0	3,0	2,0	INCOMPLETA
2001	44016	Alfambra												SIN INFORMACIÓN
2001	44017	Aliaga												SIN INFORMACIÓN
2001	44018	Almohaja												SIN INFORMACIÓN
2001	44019	Alobras												SIN INFORMACIÓN
2001	44020	Alpeñés												SIN INFORMACIÓN
2001	44021	Allepuz												SIN INFORMACIÓN
2001	44022	Alloza	2,0	0,0	2,0	356,0	0,0	356,0	0,0	0,0	0,0	0,0	0,0	COMPLETA
2001	44023	Allueva												SIN INFORMACIÓN
2001	44024	Anadón												SIN INFORMACIÓN
2001	44025	Andorra	12,0	7,0	5,0	9742,0	2364,0	7378,0	7,0	7,0	0,0	1,0	2,0	COMPLETA
2001	44026	Arcos de las Salinas												SIN INFORMACIÓN
2001	44027	Arens de Lledó												SIN INFORMACIÓN
2001	44028	Argente												SIN INFORMACIÓN
2001	44029	Ariño								2,0				INCOMPLETA
2001	44031	Azaila												SIN INFORMACIÓN
2001	44032	Bádenas												SIN INFORMACIÓN
2001	44033	Báguena	0,0	0,0	0,0	0,0	0,0	0,0	0,0	1,0	1,0	0,0	0,0	COMPLETA
2001	44034	Bañón												SIN INFORMACIÓN
2001	44035	Barrachina												SIN INFORMACIÓN
2001	44036	Bea												SIN INFORMACIÓN
2001	44037	Beceite	7,0	5,0	2,0	1802,0	1675,0	127,0	5,0	4,0	0,0	0,0	0,0	COMPLETA
2001	44038	Belmonte de San José												SIN INFORMACIÓN
2001	44039	Bello												SIN INFORMACIÓN
2001	44040	Berge												SIN INFORMACIÓN
2001	44041	Bezas												SIN INFORMACIÓN
2001	44042	Blancas												SIN INFORMACIÓN
2001	44043	Blesa												SIN INFORMACIÓN
2001	44044	Bordón												SIN INFORMACIÓN
2001	44045	Bronchales	4,0	4,0	0,0	1202,0	1202,0	0,0	4,0	2,0	0,0	0,0	0,0	COMPLETA
2001	44046	Bueña												SIN INFORMACIÓN
2001	44047	Burbáguena												SIN INFORMACIÓN
2001	44048	Cabra de Mora	0,0	0,0	0,0	0,0	0,0	0,0	0,0	1,0	0,0	0,0	0,0	COMPLETA
2001	44049	Calaceite	6,0	3,0	3,0	3983,0	2722,0	1261,0	2,0	0,0	0,0	0,0	0,0	COMPLETA
2001	44050	Calamocha	15,0	8,0	7,0	26183,0	8389,0	17794,0	43,0	6,0	3,0	0,0	0,0	COMPLETA
2001	44051	Calanda	12,0	10,0	2,0	3332,0	2823,0	509,0	13,0	3,0	0,0	6,0	4,0	COMPLETA
2001	44052	Calomarde												SIN INFORMACIÓN
2001	44053	Camañas												SIN INFORMACIÓN
2001	44054	Camarena de la Sierra												SIN INFORMACIÓN
2001	44055	Camarillas	0,0	0,0	0,0	0,0	0,0	0,0	0,0	1,0	1,0	0,0	0,0	COMPLETA
2001	44056	Caminreal	2,0	1,0	1,0	291,0	231,0	60,0	1,0	2,0	0,0	0,0	0,0	COMPLETA
2001	44059	Cantavieja	2,0	2,0		2069,0	2069,0		10,0	2,0	3,0			INCOMPLETA
2001	44060	Cañada de Benatanduz												SIN INFORMACIÓN
2001	44061	Cañada de Verich (La)	1,0	0,0	1,0	504,0	0,0	504,0	0,0	0,0	0,0	0,0	0,0	COMPLETA
2001	44062	Cañada Vellida												SIN INFORMACIÓN
2001	44063	Cañizar del Olivar												SIN INFORMACIÓN
2001	44064	Cascante del Río												SIN INFORMACIÓN
2001	44065	Castejón de Tornos												SIN INFORMACIÓN
2001	44066	Castel de Cabra								1,0				INCOMPLETA
2001	44067	Castelnou												SIN INFORMACIÓN
2001	44068	Castelserás	2,0	2,0	0,0	480,0	480,0	0,0	2,0	0,0	0,0	0,0	0,0	COMPLETA
2001	44070	Castellar (El)	1,0	0,0	1,0	104,0	0,0	104,0	0,0	0,0	0,0	0,0	0,0	COMPLETA
2001	44071	Castellote	0,0	0,0	0,0	0,0	0,0	0,0	0,0	2,0	1,0	0,0	0,0	COMPLETA
2001	44074	Cedrillas	4,0	4,0	0,0	3065,0	3065,0	0,0	4,0	1,0	0,0	1,0	1,0	COMPLETA
2001	44075	Celadas												SIN INFORMACIÓN
2001	44076	Cella	12,0	9,0	3,0	3673,0	2669,0	1004,0	9,0	2,0	1,0	2,0	1,0	INCOMPLETA
2001	44077	Cerollera (La)												SIN INFORMACIÓN
2001	44080	Codoñera (La)	1,0	1,0		362,0	362,0		1,0					INCOMPLETA
2001	44082	Corbalán												SIN INFORMACIÓN
2001	44084	Cortes de Aragón												SIN INFORMACIÓN
2001	44085	Cosa												SIN INFORMACIÓN
2001	44086	Cretas												SIN INFORMACIÓN
2001	44087	Crivillén												SIN INFORMACIÓN
2001	44088	Cuba (La)												SIN INFORMACIÓN
2001	44089	Cubla												SIN INFORMACIÓN
2001	44090	Cucalón												SIN INFORMACIÓN
2001	44092	Cuervo (El)												SIN INFORMACIÓN
2001	44093	Cuevas de Almudén	0,0	0,0	0,0	0,0	0,0	0,0	0,0	0,0	0,0	1,0	1,0	COMPLETA
2001	44094	Cuevas Labradas	0,0	0,0	0,0	0,0	0,0	0,0	0,0	1,0	2,0	0,0	0,0	COMPLETA
2001	44096	Ejulve	1,0	1,0		336,0	336,0		2,0					INCOMPLETA
2001	44097	Escorihuela												SIN INFORMACIÓN
2001	44099	Escucha												SIN INFORMACIÓN
2001	44100	Estercuel	0,0	0,0	0,0	0,0	0,0	0,0	0,0	1,0	0,0	0,0	0,0	COMPLETA
2001	44101	Ferreruela de Huerva												SIN INFORMACIÓN
2001	44102	Fonfría												SIN INFORMACIÓN
2001	44103	Formiche Alto	1,0	1,0	0,0	470,0	470,0	0,0	1,0	0,0	0,0	0,0	0,0	COMPLETA
2001	44105	Fórnoles												SIN INFORMACIÓN
2001	44106	Fortanete	2,0	2,0	0,0	1197,0	1197,0	0,0	3,0	2,0	0,0	0,0	0,0	COMPLETA
2001	44107	Foz-Calanda												SIN INFORMACIÓN
2001	44108	Fresneda (La)	1,0		1,0	312,0		312,0						INCOMPLETA
2001	44109	Frías de Albarracín												SIN INFORMACIÓN
2001	44110	Fuenferrada												SIN INFORMACIÓN
2001	44111	Fuentes Calientes												SIN INFORMACIÓN
2001	44112	Fuentes Claras	1,0	1,0		379,0	379,0		1,0					INCOMPLETA
2001	44113	Fuentes de Rubielos												SIN INFORMACIÓN
2001	44114	Fuentespalda												SIN INFORMACIÓN
2001	44115	Galve												SIN INFORMACIÓN
2001	44116	Gargallo												SIN INFORMACIÓN
2001	44117	Gea de Albarracín	4,0	4,0	0,0	955,0	955,0	0,0	4,0	0,0	0,0	0,0	0,0	COMPLETA
2001	44118	Ginebrosa (La)	6,0	2,0	4,0	4699,0	368,0	4331,0	2,0	0,0	0,0	1,0	1,0	COMPLETA
2001	44119	Griegos												SIN INFORMACIÓN
2001	44120	Guadalaviar												SIN INFORMACIÓN
2001	44121	Gúdar	3,0	3,0		671,0	671,0		3,0					INCOMPLETA
2001	44122	Híjar	6,0	5,0	1,0	2022,0	1960,0	62,0	9,0	2,0		5,0	5,0	INCOMPLETA
2001	44123	Hinojosa de Jarque												SIN INFORMACIÓN
2001	44124	Hoz de la Vieja (La)												SIN INFORMACIÓN
2001	44125	Huesa del Común												SIN INFORMACIÓN
2001	44126	Iglesuela del Cid (La)								1,0				INCOMPLETA
2001	44127	Jabaloyas												SIN INFORMACIÓN
2001	44128	Jarque de la Val												SIN INFORMACIÓN
2001	44129	Jatiel												SIN INFORMACIÓN
2001	44130	Jorcas												SIN INFORMACIÓN
2001	44131	Josa												SIN INFORMACIÓN
2001	44132	Lagueruela												SIN INFORMACIÓN
2001	44133	Lanzuela												SIN INFORMACIÓN
2001	44135	Libros												SIN INFORMACIÓN
2001	44136	Lidón												SIN INFORMACIÓN
2001	44137	Linares de Mora	2,0	2,0	0,0	294,0	294,0	0,0	2,0	0,0	0,0	0,0	0,0	COMPLETA
2001	44138	Loscos												SIN INFORMACIÓN
2001	44141	Lledó												SIN INFORMACIÓN
2001	44142	Maicas												SIN INFORMACIÓN
2001	44143	Manzanera	5,0	5,0	0,0	1097,0	1097,0	0,0	7,0	5,0	1,0	0,0	0,0	COMPLETA
2001	44144	Martín del Río												SIN INFORMACIÓN
2001	44145	Mas de las Matas	8,0	2,0	6,0	1957,0	682,0	1275,0	2,0	5,0	0,0	0,0	0,0	COMPLETA
2001	44146	Mata de los Olmos (La)												SIN INFORMACIÓN
2001	44147	Mazaleón	6,0	2,0	4,0	3937,0	314,0	3623,0	2,0	2,0	2,0			INCOMPLETA
2001	44148	Mezquita de Jarque	2,0	0,0	2,0	1254,0	0,0	1254,0	0,0	0,0	0,0	0,0	0,0	COMPLETA
2001	44149	Mirambel	2,0	0,0	2,0	442,0	0,0	442,0	0,0	0,0	0,0	1,0	0,0	COMPLETA
2001	44150	Miravete de la Sierra								1,0				INCOMPLETA
2001	44151	Molinos	1,0	0,0	1,0	408,0	0,0	408,0	0,0	3,0	3,0	1,0	0,0	COMPLETA
2001	44152	Monforte de Moyuela												SIN INFORMACIÓN
2001	44153	Monreal del Campo	21,0	17,0	4,0	7105,0	4710,0	2395,0	21,0	3,0	1,0	1,0	0,0	COMPLETA
2001	44154	Monroyo												SIN INFORMACIÓN
2001	44155	Montalbán	1,0	1,0	0,0	467,0	467,0	0,0	1,0	0,0	0,0	0,0	0,0	COMPLETA
2001	44156	Monteagudo del Castillo												SIN INFORMACIÓN
2001	44157	Monterde de Albarracín												SIN INFORMACIÓN
2001	44158	Mora de Rubielos	25,0	24,0	1,0	8205,0	6575,0	1630,0	27,0	5,0	4,0			INCOMPLETA
2001	44159	Moscardón												SIN INFORMACIÓN
2001	44160	Mosqueruela	6,0	5,0	1,0	1098,0	1009,0	89,0	6,0	1,0				INCOMPLETA
2001	44161	Muniesa	2,0	1,0	1,0	603,0	363,0	240,0	1,0	0,0	0,0	0,0	0,0	COMPLETA
2001	44163	Noguera de Albarracín	0,0	0,0	0,0	0,0	0,0	0,0	0,0	2,0	0,0	0,0	0,0	COMPLETA
2001	44164	Nogueras												SIN INFORMACIÓN
2001	44165	Nogueruelas	1,0	1,0	0,0	131,0	131,0	0,0	1,0	3,0	0,0	0,0	0,0	COMPLETA
2001	44167	Obón												SIN INFORMACIÓN
2001	44168	Odón	1,0	1,0	0,0	437,0	437,0	0,0	1,0	1,0	2,0	0,0	3,0	COMPLETA
2001	44169	Ojos Negros	7,0	4,0	3,0	2037,0	1116,0	921,0	4,0	4,0	0,0	1,0	1,0	COMPLETA
2001	44171	Olba	1,0	1,0	0,0	160,0	160,0	0,0	1,0	0,0	0,0	0,0	0,0	COMPLETA
2001	44172	Oliete												SIN INFORMACIÓN
2001	44173	Olmos (Los)	4,0	2,0	2,0	1349,0	497,0	852,0	2,0	0,0	0,0	0,0	0,0	COMPLETA
2001	44174	Orihuela del Tremedal	2,0	2,0	0,0	708,0	708,0	0,0	2,0	3,0	0,0	0,0	0,0	COMPLETA
2001	44175	Orrios												SIN INFORMACIÓN
2001	44176	Palomar de Arroyos												SIN INFORMACIÓN
2001	44177	Pancrudo												SIN INFORMACIÓN
2001	44178	Parras de Castellote (Las)												SIN INFORMACIÓN
2001	44179	Peñarroya de Tastavins	1,0	1,0		137,0	137,0		1,0					INCOMPLETA
2001	44180	Peracense												SIN INFORMACIÓN
2001	44181	Peralejos	1,0	0,0	1,0	428,0	0,0	428,0	0,0	0,0	0,0	0,0	0,0	COMPLETA
2001	44182	Perales del Alfambra												SIN INFORMACIÓN
2001	44183	Pitarque								1,0				INCOMPLETA
2001	44184	Plou												SIN INFORMACIÓN
2001	44185	Pobo (El)												SIN INFORMACIÓN
2001	44187	Portellada (La)												SIN INFORMACIÓN
2001	44189	Pozondón	2,0	2,0	0,0	651,0	651,0	0,0	3,0	1,0	0,0	0,0	0,0	COMPLETA
2001	44190	Pozuel del Campo								1,0	1,0			INCOMPLETA
2001	44191	Puebla de Híjar (La)	4,0	2,0	2,0	621,0	523,0	98,0	1,0	5,0	1,0	0,0	0,0	COMPLETA
2001	44192	Puebla de Valverde (La)	5,0	3,0	2,0	1233,0	998,0	235,0	6,0	5,0	1,0	1,0	1,0	COMPLETA
2001	44193	Puertomingalvo	1,0	1,0		616,0	616,0		2,0	3,0				INCOMPLETA
2001	44194	Ráfales												SIN INFORMACIÓN
2001	44195	Rillo												SIN INFORMACIÓN
2001	44196	Riodeva	0,0	0,0	0,0	0,0	0,0	0,0	0,0	3,0	1,0	0,0	0,0	COMPLETA
2001	44197	Ródenas	1,0	0,0	1,0	68,0	0,0	68,0	0,0	3,0	0,0	1,0	0,0	COMPLETA
2001	44198	Royuela												SIN INFORMACIÓN
2001	44199	Rubiales												SIN INFORMACIÓN
2001	44200	Rubielos de la Cérida												SIN INFORMACIÓN
2001	44201	Rubielos de Mora	4,0	2,0	2,0	3401,0	3048,0	353,0	24,0	7,0	2,0	2,0	3,0	INCOMPLETA
2001	44203	Salcedillo												SIN INFORMACIÓN
2001	44204	Saldón												SIN INFORMACIÓN
2001	44205	Samper de Calanda	2,0	1,0	1,0	369,0	276,0	93,0	1,0	2,0	0,0	1,0	1,0	COMPLETA
2001	44206	San Agustín												SIN INFORMACIÓN
2001	44207	San Martín del Río												SIN INFORMACIÓN
2001	44208	Santa Cruz de Nogueras												SIN INFORMACIÓN
2001	44209	Santa Eulalia	2,0	2,0		866,0	866,0		2,0					INCOMPLETA
2001	44210	Sarrión	9,0	5,0	4,0	2641,0	1982,0	659,0	9,0	6,0	1,0	1,0	1,0	COMPLETA
2001	44211	Segura de los Baños												SIN INFORMACIÓN
2001	44212	Seno												SIN INFORMACIÓN
2001	44213	Singra												SIN INFORMACIÓN
2001	44215	Terriente												SIN INFORMACIÓN
2001	44216	Teruel	16,0	13,0	3,0	26349,0	24522,0	1827,0	160,0	10,0	8,0	3,0	5,0	COMPLETA
2001	44217	Toril y Masegoso												SIN INFORMACIÓN
2001	44218	Tormón												SIN INFORMACIÓN
2001	44219	Tornos												SIN INFORMACIÓN
2001	44220	Torralba de los Sisones												SIN INFORMACIÓN
2001	44221	Torrecilla de Alcañiz	1,0	1,0	0,0	398,0	398,0	0,0	1,0	1,0	0,0	0,0	0,0	COMPLETA
2001	44222	Torrecilla del Rebollar												SIN INFORMACIÓN
2001	44223	Torre de Arcas												SIN INFORMACIÓN
2001	44224	Torre de las Arcas												SIN INFORMACIÓN
2001	44225	Torre del Compte	2,0	1,0	1,0	550,0	353,0	197,0	1,0	3,0	2,0	1,0	1,0	INCOMPLETA
2001	44226	Torrelacárcel												SIN INFORMACIÓN
2001	44227	Torre los Negros												SIN INFORMACIÓN
2001	44228	Torremocha de Jiloca												SIN INFORMACIÓN
2001	44229	Torres de Albarracín												SIN INFORMACIÓN
2001	44230	Torrevelilla	1,0		1,0	567,0		567,0						INCOMPLETA
2001	44231	Torrijas												SIN INFORMACIÓN
2001	44232	Torrijo del Campo												SIN INFORMACIÓN
2001	44234	Tramacastiel												SIN INFORMACIÓN
2001	44235	Tramacastilla												SIN INFORMACIÓN
2001	44236	Tronchón												SIN INFORMACIÓN
2001	44237	Urrea de Gaén	0,0	0,0	0,0	0,0	0,0	0,0	0,0	2,0	1,0	0,0	0,0	COMPLETA
2001	44238	Utrillas	15,0	15,0	0,0	10049,0	10049,0	0,0	53,0	0,0	0,0	0,0	0,0	COMPLETA
2001	44239	Valacloche												SIN INFORMACIÓN
2001	44240	Valbona												SIN INFORMACIÓN
2001	44241	Valdealgorfa	1,0	1,0		212,0	212,0		1,0	2,0				INCOMPLETA
2001	44243	Valdecuenca												SIN INFORMACIÓN
2001	44244	Valdelinares	1,0		1,0	360,0		360,0		1,0				INCOMPLETA
2001	44245	Valdeltormo	3,0	1,0	2,0	609,0	139,0	470,0	1,0	2,0	2,0	0,0	0,0	COMPLETA
2001	44246	Valderrobres	10,0	4,0	6,0	5585,0	3222,0	2363,0	12,0	3,0	1,0	1,0	1,0	INCOMPLETA
2001	44247	Valjunquera												SIN INFORMACIÓN
2001	44249	Vallecillo (El)												SIN INFORMACIÓN
2001	44250	Veguillas de la Sierra												SIN INFORMACIÓN
2001	44251	Villafranca del Campo												SIN INFORMACIÓN
2001	44252	Villahermosa del Campo												SIN INFORMACIÓN
2001	44256	Villanueva del Rebollar de la Sierra												SIN INFORMACIÓN
2001	44257	Villar del Cobo	1,0	0,0	1,0	720,0	0,0	720,0	0,0	0,0	0,0	0,0	0,0	COMPLETA
2001	44258	Villar del Salz												SIN INFORMACIÓN
2001	44260	Villarluengo	1,0	1,0		252,0	252,0		2,0					INCOMPLETA
2001	44261	Villarquemado	7,0	3,0	4,0	3714,0	678,0	3036,0	3,0	1,0	1,0	0,0	0,0	COMPLETA
2001	44262	Villarroya de los Pinares	1,0	1,0		189,0	189,0		1,0	1,0		1,0	3,0	INCOMPLETA
2001	44263	Villastar												SIN INFORMACIÓN
2001	44264	Villel	1,0	1,0	0,0	299,0	299,0	0,0	1,0	0,0	0,0	1,0	1,0	COMPLETA
2001	44265	Vinaceite												SIN INFORMACIÓN
2001	44266	Visiedo												SIN INFORMACIÓN
2001	44267	Vivel del Río Martín												SIN INFORMACIÓN
2001	44268	Zoma (La)												SIN INFORMACIÓN
2001	50001	Abanto												SIN INFORMACIÓN
2001	50002	Acered												SIN INFORMACIÓN
2001	50003	Agón												SIN INFORMACIÓN
2001	50004	Aguarón												SIN INFORMACIÓN
2001	50005	Aguilón												SIN INFORMACIÓN
2001	50006	Ainzón												SIN INFORMACIÓN
2001	50007	Aladrén												SIN INFORMACIÓN
2001	50008	Alagón	39,0	29,0	10,0	39235,0	13979,0	25256,0	78,0	12,0				INCOMPLETA
2001	50009	Alarba												SIN INFORMACIÓN
2001	50010	Alberite de San Juan												SIN INFORMACIÓN
2001	50011	Albeta	2,0	0,0	2,0	1001,0	0,0	1001,0	0,0	0,0	0,0	0,0	0,0	COMPLETA
2001	50012	Alborge												SIN INFORMACIÓN
2001	50013	Alcalá de Ebro												SIN INFORMACIÓN
2001	50014	Alcalá de Moncayo												SIN INFORMACIÓN
2001	50015	Alconchel de Ariza												SIN INFORMACIÓN
2001	50016	Aldehuela de Liestos												SIN INFORMACIÓN
2001	50017	Alfajarín	92,0	56,0	36,0	38173,0	13594,0	24579,0	70,0	2,0	0,0	0,0	0,0	COMPLETA
2001	50018	Alfamén	3,0	3,0	0,0	835,0	835,0	0,0	3,0	0,0	0,0	0,0	0,0	COMPLETA
2001	50019	Alforque												SIN INFORMACIÓN
2001	50020	Alhama de Aragón	0,0	0,0	0,0	0,0	0,0	0,0	0,0	1,0	1,0	0,0	0,0	COMPLETA
2001	50021	Almochuel												SIN INFORMACIÓN
2001	50022	Almolda (La)												SIN INFORMACIÓN
2001	50023	Almonacid de la Cuba												SIN INFORMACIÓN
2001	50024	Almonacid de la Sierra	2,0		2,0	151,0		151,0						INCOMPLETA
2001	50025	Almunia de Doña Godina (La)	19,0	16,0	3,0	9599,0	6735,0	2864,0	35,0	3,0	1,0	3,0	2,0	INCOMPLETA
2001	50026	Alpartir	3,0	3,0	0,0	1149,0	1149,0	0,0	4,0	2,0	0,0	1,0	1,0	COMPLETA
2001	50027	Ambel												SIN INFORMACIÓN
2001	50028	Anento	1,0		1,0	135,0		135,0		1,0				INCOMPLETA
2001	50029	Aniñón	3,0	2,0	1,0	734,0	535,0	199,0	3,0	3,0	0,0	0,0	0,0	COMPLETA
2001	50030	Añón de Moncayo												SIN INFORMACIÓN
2001	50031	Aranda de Moncayo												SIN INFORMACIÓN
2001	50032	Arándiga												SIN INFORMACIÓN
2001	50033	Ardisa												SIN INFORMACIÓN
2001	50034	Ariza	3,0	3,0		2328,0	2328,0		6,0					INCOMPLETA
2001	50035	Artieda												SIN INFORMACIÓN
2001	50036	Asín												SIN INFORMACIÓN
2001	50037	Atea												SIN INFORMACIÓN
2001	50038	Ateca	22,0	17,0	5,0	4812,0	4045,0	767,0	19,0	1,0		2,0	2,0	INCOMPLETA
2001	50039	Azuara												SIN INFORMACIÓN
2001	50040	Badules												SIN INFORMACIÓN
2001	50041	Bagüés												SIN INFORMACIÓN
2001	50042	Balconchán												SIN INFORMACIÓN
2001	50043	Bárboles	1,0	0,0	1,0	400,0	0,0	400,0	0,0	0,0	0,0	0,0	0,0	COMPLETA
2001	50044	Bardallur												SIN INFORMACIÓN
2001	50045	Belchite	1,0	1,0	0,0	298,0	298,0	0,0	1,0	1,0	0,0	0,0	0,0	COMPLETA
2001	50046	Belmonte de Gracián												SIN INFORMACIÓN
2001	50047	Berdejo												SIN INFORMACIÓN
2001	50048	Berrueco												SIN INFORMACIÓN
2001	50050	Bijuesca												SIN INFORMACIÓN
2001	50051	Biota	8,0	1,0	7,0	3034,0	204,0	2830,0	1,0	1,0	0,0	0,0	0,0	COMPLETA
2001	50052	Bisimbre												SIN INFORMACIÓN
2001	50053	Boquiñeni												SIN INFORMACIÓN
2001	50054	Bordalba												SIN INFORMACIÓN
2001	50055	Borja	40,0	37,0	3,0	11511,0	10462,0	1049,0	58,0	1,0	0,0	1,0	1,0	COMPLETA
2001	50056	Botorrita												SIN INFORMACIÓN
2001	50057	Brea de Aragón	25,0	22,0	3,0	6124,0	3758,0	2366,0	22,0	1,0	0,0	0,0	0,0	COMPLETA
2001	50058	Bubierca												SIN INFORMACIÓN
2001	50059	Bujaraloz	8,0	6,0	2,0	2811,0	2277,0	534,0	11,0	0,0	0,0	0,0	0,0	COMPLETA
2001	50060	Bulbuente	2,0	1,0	1,0	193,0	95,0	98,0	1,0	1,0	0,0	0,0	0,0	COMPLETA
2001	50061	Bureta												SIN INFORMACIÓN
2001	50062	Burgo de Ebro (El)	4,0	4,0		1636,0	1636,0		12,0	2,0				INCOMPLETA
2001	50063	Buste (El)												SIN INFORMACIÓN
2001	50064	Cabañas de Ebro	0,0	0,0	0,0	0,0	0,0	0,0	0,0	2,0	1,0	0,0	0,0	COMPLETA
2001	50065	Cabolafuente												SIN INFORMACIÓN
2001	50066	Cadrete	58,0	45,0	13,0	20203,0	13660,0	6543,0	54,0	2,0		2,0	1,0	INCOMPLETA
2001	50067	Calatayud	10,0	8,0	2,0	38487,0	34234,0	4253,0	144,0	6,0		1,0	1,0	INCOMPLETA
2001	50068	Calatorao	6,0	4,0	2,0	2515,0	1308,0	1207,0	4,0	2,0	0,0	0,0	0,0	COMPLETA
2001	50069	Calcena												SIN INFORMACIÓN
2001	50070	Calmarza	1,0	1,0		160,0	160,0		1,0	1,0				INCOMPLETA
2001	50071	Campillo de Aragón												SIN INFORMACIÓN
2001	50072	Carenas												SIN INFORMACIÓN
2001	50073	Cariñena	17,0	16,0	1,0	4899,0	2899,0	2000,0	16,0					INCOMPLETA
2001	50074	Caspe	19,0	13,0	6,0	11038,0	7603,0	3435,0	33,0	7,0		1,0		INCOMPLETA
2001	50075	Castejón de Alarba												SIN INFORMACIÓN
2001	50076	Castejón de las Armas												SIN INFORMACIÓN
2001	50077	Castejón de Valdejasa	1,0	1,0		294,0	294,0		1,0			1,0	1,0	INCOMPLETA
2001	50078	Castiliscar	0,0	0,0	0,0	0,0	0,0	0,0	0,0	1,0	0,0	0,0	0,0	COMPLETA
2001	50079	Cervera de la Cañada	2,0	0,0	2,0	928,0	0,0	928,0	0,0	3,0	0,0	0,0	0,0	COMPLETA
2001	50080	Cerveruela												SIN INFORMACIÓN
2001	50081	Cetina												SIN INFORMACIÓN
2001	50082	Cimballa												SIN INFORMACIÓN
2001	50083	Cinco Olivas												SIN INFORMACIÓN
2001	50084	Clarés de Ribota												SIN INFORMACIÓN
2001	50085	Codo												SIN INFORMACIÓN
2001	50086	Codos												SIN INFORMACIÓN
2001	50087	Contamina												SIN INFORMACIÓN
2001	50088	Cosuenda	3,0		3,0	457,0		457,0						INCOMPLETA
2001	50089	Cuarte de Huerva	76,0	72,0	4,0	63316,0	61472,0	1844,0	349,0	3,0	0,0	24,0	21,0	COMPLETA
2001	50090	Cubel												SIN INFORMACIÓN
2001	50091	Cuerlas (Las)												SIN INFORMACIÓN
2001	50092	Chiprana	1,0	1,0	0,0	296,0	296,0	0,0	1,0	0,0	0,0	0,0	0,0	COMPLETA
2001	50093	Chodes												SIN INFORMACIÓN
2001	50094	Daroca	7,0	7,0	0,0	3454,0	3454,0	0,0	17,0	3,0	0,0	1,0	1,0	COMPLETA
2001	50095	Ejea de los Caballeros	38,0	18,0	20,0	61983,0	37339,0	24644,0	186,0	10,0	4,0	7,0	2,0	COMPLETA
2001	50096	Embid de Ariza												SIN INFORMACIÓN
2001	50098	Encinacorba	2,0	2,0	0,0	381,0	381,0	0,0	2,0	5,0	0,0	1,0	1,0	COMPLETA
2001	50099	Épila	6,0	4,0	2,0	4737,0	1686,0	3051,0	9,0	1,0	0,0	0,0	0,0	COMPLETA
2001	50100	Erla												SIN INFORMACIÓN
2001	50101	Escatrón	3,0	3,0	0,0	832,0	832,0	0,0	4,0	0,0	0,0	0,0	0,0	COMPLETA
2001	50102	Fabara												SIN INFORMACIÓN
2001	50104	Farlete	3,0		3,0	2368,0		2368,0						INCOMPLETA
2001	50105	Fayón												SIN INFORMACIÓN
2001	50106	Fayos (Los)												SIN INFORMACIÓN
2001	50107	Figueruelas	7,0	7,0	0,0	2061,0	2061,0	0,0	8,0	1,0	0,0	0,0	0,0	COMPLETA
2001	50108	Fombuena												SIN INFORMACIÓN
2001	50109	Frago (El)												SIN INFORMACIÓN
2001	50110	Frasno (El)	1,0	1,0		298,0	298,0		1,0					INCOMPLETA
2001	50111	Fréscano	1,0	0,0	1,0	242,0	0,0	242,0	0,0	0,0	0,0	0,0	0,0	COMPLETA
2001	50113	Fuendejalón												SIN INFORMACIÓN
2001	50114	Fuendetodos												SIN INFORMACIÓN
2001	50115	Fuentes de Ebro	23,0	23,0	0,0	5868,0	5868,0	0,0	26,0	1,0	0,0	0,0	0,0	COMPLETA
2001	50116	Fuentes de Jiloca	2,0	2,0		266,0	266,0		2,0					INCOMPLETA
2001	50117	Gallocanta												SIN INFORMACIÓN
2001	50118	Gallur	2,0	2,0	0,0	569,0	569,0	0,0	3,0	3,0	0,0	2,0	2,0	COMPLETA
2001	50119	Gelsa	3,0	2,0	1,0	1106,0	897,0	209,0	2,0					INCOMPLETA
2001	50120	Godojos												SIN INFORMACIÓN
2001	50121	Gotor												SIN INFORMACIÓN
2001	50122	Grisel												SIN INFORMACIÓN
2001	50123	Grisén	2,0	2,0	0,0	911,0	911,0	0,0	3,0	0,0	0,0	2,0	2,0	COMPLETA
2001	50124	Herrera de los Navarros												SIN INFORMACIÓN
2001	50125	Ibdes												SIN INFORMACIÓN
2001	50126	Illueca	3,0	1,0	2,0	940,0	156,0	784,0	1,0	1,0	0,0	0,0	0,0	COMPLETA
2001	50128	Isuerre												SIN INFORMACIÓN
2001	50129	Jaraba	1,0	1,0		106,0	106,0		1,0	1,0				INCOMPLETA
2001	50130	Jarque	4,0	4,0	0,0	1017,0	1017,0	0,0	4,0	0,0	0,0	0,0	0,0	COMPLETA
2001	50131	Jaulín	1,0	1,0		363,0	363,0		1,0					INCOMPLETA
2001	50132	Joyosa (La)	5,0	5,0	0,0	949,0	949,0	0,0	5,0	1,0	1,0	0,0	0,0	COMPLETA
2001	50133	Lagata												SIN INFORMACIÓN
2001	50134	Langa del Castillo												SIN INFORMACIÓN
2001	50135	Layana	1,0	0,0	1,0	102,0	0,0	102,0	0,0	0,0	0,0	0,0	0,0	COMPLETA
2001	50136	Lécera	7,0	1,0	6,0	2021,0	315,0	1706,0	1,0	2,0	0,0	2,0	0,0	COMPLETA
2001	50137	Leciñena	7,0	4,0	3,0	2501,0	1157,0	1344,0	4,0	1,0	0,0	0,0	0,0	COMPLETA
2001	50138	Lechón												SIN INFORMACIÓN
2001	50139	Letux												SIN INFORMACIÓN
2001	50140	Litago												SIN INFORMACIÓN
2001	50141	Lituénigo												SIN INFORMACIÓN
2001	50142	Lobera de Onsella												SIN INFORMACIÓN
2001	50143	Longares	2,0	2,0	0,0	475,0	475,0	0,0	2,0	1,0	1,0	0,0	0,0	COMPLETA
2001	50144	Longás												SIN INFORMACIÓN
2001	50146	Lucena de Jalón												SIN INFORMACIÓN
2001	50147	Luceni	5,0	3,0	2,0	2131,0	569,0	1562,0	3,0	0,0	0,0	0,0	0,0	COMPLETA
2001	50148	Luesia												SIN INFORMACIÓN
2001	50149	Luesma												SIN INFORMACIÓN
2001	50150	Lumpiaque								1,0	1,0			INCOMPLETA
2001	50151	Luna	2,0	1,0	1,0	1173,0	93,0	1080,0	1,0	5,0	0,0	0,0	0,0	COMPLETA
2001	50152	Maella	3,0	3,0	0,0	858,0	858,0	0,0	3,0	1,0	1,0	0,0	0,0	COMPLETA
2001	50153	Magallón	5,0	2,0	3,0	1306,0	711,0	595,0	2,0	0,0	0,0	0,0	0,0	COMPLETA
2001	50154	Mainar												SIN INFORMACIÓN
2001	50155	Malanquilla												SIN INFORMACIÓN
2001	50156	Maleján												SIN INFORMACIÓN
2001	50157	Malón												SIN INFORMACIÓN
2001	50159	Maluenda												SIN INFORMACIÓN
2001	50160	Mallén	15,0	6,0	9,0	9366,0	4754,0	4612,0	21,0	0,0	0,0	2,0	2,0	COMPLETA
2001	50161	Manchones												SIN INFORMACIÓN
2001	50162	Mara												SIN INFORMACIÓN
2001	50163	María de Huerva	118,0	118,0	0,0	24445,0	24445,0	0,0	152,0	2,0	0,0	5,0	4,0	COMPLETA
2001	50164	Mediana de Aragón												SIN INFORMACIÓN
2001	50165	Mequinenza	6,0	2,0	4,0	23626,0	6177,0	17449,0	44,0	6,0	4,0	0,0	0,0	COMPLETA
2001	50166	Mesones de Isuela												SIN INFORMACIÓN
2001	50167	Mezalocha												SIN INFORMACIÓN
2001	50168	Mianos												SIN INFORMACIÓN
2001	50169	Miedes de Aragón	3,0	1,0	2,0	1007,0	308,0	699,0	1,0					INCOMPLETA
2001	50170	Monegrillo	1,0	1,0	0,0	236,0	236,0	0,0	1,0	0,0	0,0	0,0	0,0	COMPLETA
2001	50171	Moneva												SIN INFORMACIÓN
2001	50172	Monreal de Ariza												SIN INFORMACIÓN
2001	50173	Monterde												SIN INFORMACIÓN
2001	50174	Montón												SIN INFORMACIÓN
2001	50175	Morata de Jalón	2,0	2,0		602,0	602,0		3,0	1,0				INCOMPLETA
2001	50176	Morata de Jiloca												SIN INFORMACIÓN
2001	50177	Morés												SIN INFORMACIÓN
2001	50178	Moros												SIN INFORMACIÓN
2001	50179	Moyuela												SIN INFORMACIÓN
2001	50180	Mozota												SIN INFORMACIÓN
2001	50181	Muel	7,0	6,0	1,0	1921,0	1863,0	58,0	7,0	1,0	0,0	0,0	0,0	COMPLETA
2001	50182	Muela (La)	132,0	56,0	76,0	124683,0	8417,0	116266,0	56,0	1,0				INCOMPLETA
2001	50183	Munébrega												SIN INFORMACIÓN
2001	50184	Murero												SIN INFORMACIÓN
2001	50185	Murillo de Gállego	3,0	2,0	1,0	509,0	313,0	196,0	2,0	1,0				INCOMPLETA
2001	50186	Navardún												SIN INFORMACIÓN
2001	50187	Nigüella												SIN INFORMACIÓN
2001	50188	Nombrevilla												SIN INFORMACIÓN
2001	50189	Nonaspe	4,0	3,0	1,0	877,0	738,0	139,0	3,0	1,0	1,0	3,0	3,0	COMPLETA
2001	50190	Novallas	2,0	2,0	0,0	547,0	547,0	0,0	3,0	0,0	0,0	0,0	0,0	COMPLETA
2001	50191	Novillas	6,0	0,0	6,0	3192,0	0,0	3192,0	0,0	2,0	0,0	1,0	1,0	COMPLETA
2001	50192	Nuévalos	1,0	1,0	0,0	65,0	65,0	0,0	1,0	0,0	0,0	0,0	0,0	COMPLETA
2001	50193	Nuez de Ebro	2,0	2,0	0,0	437,0	437,0	0,0	2,0	0,0	0,0	0,0	0,0	COMPLETA
2001	50194	Olvés												SIN INFORMACIÓN
2001	50195	Orcajo												SIN INFORMACIÓN
2001	50196	Orera												SIN INFORMACIÓN
2001	50197	Orés												SIN INFORMACIÓN
2001	50198	Oseja												SIN INFORMACIÓN
2001	50199	Osera de Ebro	1,0	0,0	1,0	86,0	0,0	86,0	0,0	0,0	0,0	0,0	0,0	COMPLETA
2001	50200	Paniza	2,0	1,0	1,0	1496,0	246,0	1250,0	1,0	1,0	0,0	0,0	0,0	COMPLETA
2001	50201	Paracuellos de Jiloca												SIN INFORMACIÓN
2001	50202	Paracuellos de la Ribera												SIN INFORMACIÓN
2001	50203	Pastriz	25,0	25,0	0,0	4787,0	4787,0	0,0	25,0	0,0	0,0	1,0	1,0	COMPLETA
2001	50204	Pedrola	30,0	30,0	0,0	6600,0	6600,0	0,0	31,0	2,0	0,0	0,0	0,0	COMPLETA
2001	50205	Pedrosas (Las)												SIN INFORMACIÓN
2001	50206	Perdiguera	24,0	24,0	0,0	2448,0	2448,0	0,0	24,0	0,0	0,0	1,0	0,0	COMPLETA
2001	50207	Piedratajada	1,0	1,0	0,0	285,0	285,0	0,0	1,0	0,0	0,0	0,0	0,0	COMPLETA
2001	50208	Pina de Ebro	8,0	5,0	3,0	4727,0	1415,0	3312,0	5,0	4,0	1,0	0,0	0,0	COMPLETA
2001	50209	Pinseque	84,0	77,0	7,0	17411,0	12293,0	5118,0	90,0	2,0	0,0	0,0	0,0	COMPLETA
2001	50210	Pintanos (Los)												SIN INFORMACIÓN
2001	50211	Plasencia de Jalón												SIN INFORMACIÓN
2001	50212	Pleitas												SIN INFORMACIÓN
2001	50213	Plenas												SIN INFORMACIÓN
2001	50214	Pomer												SIN INFORMACIÓN
2001	50215	Pozuel de Ariza												SIN INFORMACIÓN
2001	50216	Pozuelo de Aragón												SIN INFORMACIÓN
2001	50217	Pradilla de Ebro								1,0				INCOMPLETA
2001	50218	Puebla de Albortón												SIN INFORMACIÓN
2001	50219	Puebla de Alfindén (La)	133,0	94,0	39,0	50794,0	29169,0	21625,0	145,0	2,0	0,0	6,0	1,0	COMPLETA
2001	50220	Puendeluna	1,0	1,0	0,0	116,0	116,0	0,0	1,0	0,0	0,0	0,0	0,0	COMPLETA
2001	50221	Purujosa												SIN INFORMACIÓN
2001	50222	Quinto	14,0	14,0		2998,0	2998,0		14,0					INCOMPLETA
2001	50223	Remolinos	3,0	3,0		705,0	705,0		3,0	1,0		1,0	1,0	INCOMPLETA
2001	50224	Retascón												SIN INFORMACIÓN
2001	50225	Ricla	12,0	12,0		3120,0	3120,0		14,0	1,0		3,0	3,0	INCOMPLETA
2001	50227	Romanos												SIN INFORMACIÓN
2001	50228	Rueda de Jalón	1,0	0,0	1,0	800,0	0,0	800,0	0,0	0,0	0,0	0,0	0,0	COMPLETA
2001	50229	Ruesca												SIN INFORMACIÓN
2001	50230	Sádaba	3,0	0,0	3,0	2444,0	0,0	2444,0	0,0	1,0	0,0	0,0	0,0	COMPLETA
2001	50231	Salillas de Jalón	1,0	1,0		254,0	254,0		1,0					INCOMPLETA
2001	50232	Salvatierra de Esca												SIN INFORMACIÓN
2001	50233	Samper del Salz												SIN INFORMACIÓN
2001	50234	San Martín de la Virgen de Moncayo												SIN INFORMACIÓN
2001	50235	San Mateo de Gállego	41,0	36,0	5,0	19344,0	8816,0	10528,0	44,0	3,0	3,0	1,0	0,0	COMPLETA
2001	50236	Santa Cruz de Grío												SIN INFORMACIÓN
2001	50237	Santa Cruz de Moncayo												SIN INFORMACIÓN
2001	50238	Santa Eulalia de Gállego	1,0		1,0	91,0		91,0						INCOMPLETA
2001	50239	Santed												SIN INFORMACIÓN
2001	50240	Sástago												SIN INFORMACIÓN
2001	50241	Saviñán												SIN INFORMACIÓN
2001	50242	Sediles												SIN INFORMACIÓN
2001	50243	Sestrica												INCOMPLETA
2001	50244	Sierra de Luna												SIN INFORMACIÓN
2001	50245	Sigüés												SIN INFORMACIÓN
2001	50246	Sisamón												SIN INFORMACIÓN
2001	50247	Sobradiel	1,0	1,0		543,0	543,0		4,0	1,0				INCOMPLETA
2001	50248	Sos del Rey Católico												SIN INFORMACIÓN
2001	50249	Tabuenca	1,0	1,0		124,0	124,0		1,0					INCOMPLETA
2001	50250	Talamantes												SIN INFORMACIÓN
2001	50251	Tarazona	24,0	8,0	16,0	17216,0	9396,0	7820,0	53,0	5,0	20,0	2,0	13,0	INCOMPLETA
2001	50252	Tauste	39,0	29,0	10,0	15043,0	9385,0	5658,0	38,0	4,0	1,0	2,0	2,0	INCOMPLETA
2001	50253	Terrer												SIN INFORMACIÓN
2001	50254	Tierga	1,0	1,0	0,0	237,0	237,0	0,0	1,0	0,0	0,0	0,0	0,0	COMPLETA
2001	50255	Tobed												SIN INFORMACIÓN
2001	50256	Torralba de los Frailes												SIN INFORMACIÓN
2001	50257	Torralba de Ribota	1,0	1,0	0,0	159,0	159,0	0,0	1,0	1,0	0,0	1,0	1,0	COMPLETA
2001	50258	Torralbilla												SIN INFORMACIÓN
2001	50259	Torrehermosa												SIN INFORMACIÓN
2001	50260	Torrelapaja												SIN INFORMACIÓN
2001	50261	Torrellas	1,0	1,0		98,0	98,0		1,0					INCOMPLETA
2001	50262	Torres de Berrellén	54,0	47,0	7,0	8566,0	6681,0	1885,0	48,0	2,0	0,0	1,0	0,0	COMPLETA
2001	50263	Torrijo de la Cañada	1,0	1,0		82,0	82,0		1,0					INCOMPLETA
2001	50264	Tosos												SIN INFORMACIÓN
2001	50265	Trasmoz												SIN INFORMACIÓN
2001	50266	Trasobares												SIN INFORMACIÓN
2001	50267	Uncastillo	3,0	3,0	0,0	1134,0	1134,0	0,0	6,0	8,0	1,0	3,0	4,0	COMPLETA
2001	50268	Undués de Lerda												SIN INFORMACIÓN
2001	50269	Urrea de Jalón	1,0		1,0	2310,0		2310,0		1,0				INCOMPLETA
2001	50270	Urriés												SIN INFORMACIÓN
2001	50271	Used												SIN INFORMACIÓN
2001	50272	Utebo	71,0	63,0	8,0	55337,0	48072,0	7265,0	282,0	3,0	0,0	6,0	6,0	COMPLETA
2001	50273	Valdehorna												SIN INFORMACIÓN
2001	50274	Val de San Martín								1,0				INCOMPLETA
2001	50275	Valmadrid												SIN INFORMACIÓN
2001	50276	Valpalmas												SIN INFORMACIÓN
2001	50277	Valtorres												SIN INFORMACIÓN
2001	50278	Velilla de Ebro												SIN INFORMACIÓN
2001	50279	Velilla de Jiloca												SIN INFORMACIÓN
2001	50280	Vera de Moncayo												SIN INFORMACIÓN
2001	50281	Vierlas	2,0	0,0	2,0	2474,0	0,0	2474,0	0,0	0,0	0,0	0,0	0,0	COMPLETA
2001	50282	Vilueña (La)												SIN INFORMACIÓN
2001	50283	Villadoz												SIN INFORMACIÓN
2001	50284	Villafeliche	1,0	0,0	1,0	615,0	0,0	615,0	0,0	0,0	0,0	0,0	0,0	COMPLETA
2001	50285	Villafranca de Ebro	4,0	2,0	2,0	3006,0	906,0	2100,0	5,0					INCOMPLETA
2001	50286	Villalba de Perejil												SIN INFORMACIÓN
2001	50287	Villalengua	2,0	0,0	2,0	312,0	0,0	312,0	0,0	0,0	0,0	0,0	0,0	COMPLETA
2001	50288	Villanueva de Gállego	9,0	6,0	3,0	9243,0	2017,0	7226,0	9,0	4,0	1,0	3,0	2,0	COMPLETA
2001	50289	Villanueva de Jiloca												SIN INFORMACIÓN
2001	50290	Villanueva de Huerva	1,0	1,0	0,0	290,0	290,0	0,0	1,0	0,0	0,0	0,0	0,0	COMPLETA
2001	50291	Villar de los Navarros												SIN INFORMACIÓN
2001	50292	Villarreal de Huerva												SIN INFORMACIÓN
2001	50293	Villarroya de la Sierra	2,0	1,0	1,0	648,0	640,0	8,0	1,0	1,0	4,0	0,0	0,0	COMPLETA
2001	50294	Villarroya del Campo	1,0	0,0	1,0	375,0	0,0	375,0	0,0	0,0	0,0	0,0	0,0	COMPLETA
2001	50295	Vistabella												SIN INFORMACIÓN
2001	50296	Zaida (La)												SIN INFORMACIÓN
2001	50297	Zaragoza	841,0	742,0	99,0	969639,0	796920,0	172719,0	5059,0	282,0	153,0	226,0	453,0	COMPLETA
2001	50298	Zuera	22,0	16,0	6,0	15196,0	5583,0	9613,0	21,0	5,0	0,0	3,0	3,0	COMPLETA
2001	50901	Biel	3,0	3,0	0,0	542,0	542,0	0,0	3,0	0,0	0,0	0,0	0,0	COMPLETA
2001	50902	Marracos												SIN INFORMACIÓN
2000	22001	Abiego	1,0	1,0	0,0	156,0	156,0	0,0	1,0	0,0	0,0	0,0	0,0	COMPLETA
2000	22002	Abizanda												SIN INFORMACIÓN
2000	22003	Adahuesca	1,0		1,0	290,0		290,0						INCOMPLETA
2000	22004	Agüero	1,0	1,0	0,0	198,0	198,0	0,0	1,0	1,0	0,0	0,0	0,0	COMPLETA
2000	22006	Aísa	4,0	1,0	3,0	649,0	225,0	424,0	1,0	3,0	1,0			INCOMPLETA
2000	22007	Albalate de Cinca	5,0	5,0	0,0	1263,0	1263,0	0,0	6,0	0,0	0,0	1,0	1,0	COMPLETA
2000	22008	Albalatillo	1,0	0,0	1,0	240,0	0,0	240,0	0,0	0,0	0,0	0,0	0,0	COMPLETA
2000	22009	Albelda												SIN INFORMACIÓN
2000	22011	Albero Alto	1,0	0,0	1,0	1092,0	0,0	1092,0	0,0	0,0	0,0	0,0	0,0	COMPLETA
2000	22012	Albero Bajo												SIN INFORMACIÓN
2000	22013	Alberuela de Tubo	1,0	0,0	1,0	390,0	0,0	390,0	0,0	0,0	0,0	0,0	0,0	COMPLETA
2000	22014	Alcalá de Gurrea												SIN INFORMACIÓN
2000	22015	Alcalá del Obispo												SIN INFORMACIÓN
2000	22016	Alcampell	7,0	0,0	7,0	4634,0	0,0	4634,0	0,0	5,0	0,0	0,0	0,0	COMPLETA
2000	22017	Alcolea de Cinca	3,0	1,0	2,0	566,0	356,0	210,0	1,0	4,0	1,0	3,0	3,0	COMPLETA
2000	22018	Alcubierre	0,0	0,0	0,0	0,0	0,0	0,0	0,0	1,0	2,0	0,0	0,0	COMPLETA
2000	22019	Alerre	2,0	2,0	0,0	587,0	587,0	0,0	2,0	0,0	0,0	0,0	0,0	COMPLETA
2000	22020	Alfántega	1,0	0,0	1,0	126,0	0,0	126,0	0,0	0,0	0,0	0,0	0,0	COMPLETA
2000	22021	Almudévar	16,0	14,0	2,0	4893,0	3289,0	1604,0	19,0	3,0		1,0		INCOMPLETA
2000	22022	Almunia de San Juan	1,0	1,0		264,0	264,0		1,0	2,0		1,0	1,0	INCOMPLETA
2000	22023	Almuniente	1,0	0,0	1,0	868,0	0,0	868,0	0,0	0,0	0,0	0,0	0,0	COMPLETA
2000	22024	Alquézar	1,0	1,0	0,0	475,0	475,0	0,0	3,0	1,0	0,0	3,0	3,0	COMPLETA
2000	22025	Altorricón	12,0	1,0	11,0	5650,0	332,0	5318,0	1,0	0,0	0,0	0,0	0,0	COMPLETA
2000	22027	Angüés	1,0	0,0	1,0	75,0	0,0	75,0	0,0	1,0	0,0	0,0	0,0	COMPLETA
2000	22028	Ansó												SIN INFORMACIÓN
2000	22029	Antillón	1,0	0,0	1,0	420,0	0,0	420,0	0,0	1,0	0,0	0,0	0,0	COMPLETA
2000	22032	Aragüés del Puerto												SIN INFORMACIÓN
2000	22035	Arén	1,0	1,0	0,0	269,0	269,0	0,0	1,0	1,0	0,0	0,0	0,0	COMPLETA
2000	22036	Argavieso												SIN INFORMACIÓN
2000	22037	Arguis												SIN INFORMACIÓN
2000	22039	Ayerbe	11,0	11,0	0,0	2582,0	2582,0	0,0	13,0	2,0	1,0	0,0	0,0	COMPLETA
2000	22040	Azanuy-Alins	0,0	0,0	0,0	0,0	0,0	0,0	0,0	1,0	0,0	0,0	0,0	COMPLETA
2000	22041	Azara												SIN INFORMACIÓN
2000	22042	Azlor	2,0	0,0	2,0	1116,0	0,0	1116,0	0,0	0,0	0,0	0,0	0,0	COMPLETA
2000	22043	Baells												SIN INFORMACIÓN
2000	22044	Bailo	1,0	1,0		188,0	188,0		1,0	1,0	2,0		1,0	INCOMPLETA
2000	22045	Baldellou	3,0	1,0	2,0	1093,0	182,0	911,0	1,0			1,0	1,0	INCOMPLETA
2000	22046	Ballobar												SIN INFORMACIÓN
2000	22047	Banastás	1,0	1,0	0,0	148,0	148,0	0,0	1,0	0,0	0,0	0,0	0,0	COMPLETA
2000	22048	Barbastro	53,0	46,0	7,0	40146,0	38033,0	2113,0	184,0	2,0	32,0	1,0	19,0	COMPLETA
2000	22049	Barbués	4,0	0,0	4,0	4278,0	0,0	4278,0	0,0	0,0	0,0	0,0	0,0	COMPLETA
2000	22050	Barbuñales												SIN INFORMACIÓN
2000	22051	Bárcabo												SIN INFORMACIÓN
2000	22052	Belver de Cinca	27,0	4,0	23,0	13858,0	1415,0	12443,0	4,0	3,0	0,0	1,0	0,0	COMPLETA
2000	22053	Benabarre	15,0	9,0	6,0	6432,0	2364,0	4068,0	14,0	2,0	2,0	0,0	0,0	COMPLETA
2000	22054	Benasque	10,0	10,0	0,0	11288,0	11288,0	0,0	87,0	4,0	6,0	0,0	0,0	COMPLETA
2000	22055	Berbegal	2,0	2,0	0,0	396,0	396,0	0,0	2,0	3,0	0,0	0,0	0,0	COMPLETA
2000	22057	Bielsa	2,0	2,0	0,0	479,0	479,0	0,0	2,0	7,0	3,0	0,0	0,0	COMPLETA
2000	22058	Bierge	1,0	1,0	0,0	402,0	402,0	0,0	1,0	5,0	6,0	1,0	1,0	COMPLETA
2000	22059	Biescas	14,0	13,0	1,0	17698,0	17248,0	450,0	168,0	7,0	2,0	2,0	4,0	COMPLETA
2000	22060	Binaced	17,0	6,0	11,0	10326,0	2168,0	8158,0	6,0	5,0	0,0	0,0	0,0	COMPLETA
2000	22061	Binéfar	44,0	29,0	15,0	17875,0	10457,0	7418,0	51,0	14,0	10,0	12,0	9,0	COMPLETA
2000	22062	Bisaurri	1,0	0,0	1,0	462,0	0,0	462,0	0,0	4,0	2,0	0,0	0,0	COMPLETA
2000	22063	Biscarrués	0,0	0,0	0,0	0,0	0,0	0,0	0,0	1,0	1,0	0,0	0,0	COMPLETA
2000	22064	Blecua y Torres												SIN INFORMACIÓN
2000	22066	Boltaña	70,0	68,0	2,0	16773,0	14253,0	2520,0	134,0	10,0	3,0	0,0	0,0	COMPLETA
2000	22067	Bonansa												SIN INFORMACIÓN
2000	22068	Borau								1,0	1,0			INCOMPLETA
2000	22069	Broto	15,0	15,0		2504,0	2504,0		24,0	1,0	1,0			INCOMPLETA
2000	22072	Caldearenas												SIN INFORMACIÓN
2000	22074	Campo												SIN INFORMACIÓN
2000	22075	Camporrells												SIN INFORMACIÓN
2000	22076	Canal de Berdún	2,0	1,0	1,0	757,0	277,0	480,0	1,0	1,0	0,0	0,0	0,0	COMPLETA
2000	22077	Candasnos	2,0		2,0	1800,0		1800,0		4,0	1,0			INCOMPLETA
2000	22078	Canfranc	1,0	1,0	0,0	3875,0	3875,0	0,0	40,0	0,0	0,0	0,0	0,0	COMPLETA
2000	22079	Capdesaso												SIN INFORMACIÓN
2000	22080	Capella	5,0	0,0	5,0	4865,0	0,0	4865,0	0,0	0,0	0,0	0,0	0,0	COMPLETA
2000	22081	Casbas de Huesca	1,0	0,0	1,0	280,0	0,0	280,0	0,0	3,0	0,0	0,0	0,0	COMPLETA
2000	22082	Castejón del Puente	3,0	0,0	3,0	3403,0	0,0	3403,0	0,0	0,0	0,0	0,0	0,0	COMPLETA
2000	22083	Castejón de Monegros	3,0	1,0	2,0	1180,0	177,0	1003,0	1,0	0,0	0,0	0,0	0,0	COMPLETA
2000	22084	Castejón de Sos	22,0	21,0	1,0	5110,0	5038,0	72,0	52,0	4,0	7,0	0,0	0,0	COMPLETA
2000	22085	Castelflorite												SIN INFORMACIÓN
2000	22086	Castiello de Jaca	3,0		3,0	1021,0		1021,0		1,0	1,0			INCOMPLETA
2000	22087	Castigaleu												SIN INFORMACIÓN
2000	22088	Castillazuelo	2,0	2,0	0,0	545,0	545,0	0,0	2,0	0,0	0,0	1,0	1,0	COMPLETA
2000	22089	Castillonroy												SIN INFORMACIÓN
2000	22090	Colungo												SIN INFORMACIÓN
2000	22094	Chalamera												SIN INFORMACIÓN
2000	22095	Chía	0,0	0,0	0,0	0,0	0,0	0,0	0,0	2,0	1,0	0,0	0,0	COMPLETA
2000	22096	Chimillas	2,0	2,0	0,0	381,0	381,0	0,0	2,0	0,0	0,0	0,0	0,0	COMPLETA
2000	22099	Esplús	5,0	2,0	3,0	1671,0	345,0	1326,0	2,0	3,0	2,0	0,0	0,0	COMPLETA
2000	22102	Estada												SIN INFORMACIÓN
2000	22103	Estadilla												SIN INFORMACIÓN
2000	22105	Estopiñán del Castillo	2,0	1,0	1,0	389,0	280,0	109,0	1,0	0,0	0,0	0,0	0,0	COMPLETA
2000	22106	Fago												SIN INFORMACIÓN
2000	22107	Fanlo	1,0	1,0	0,0	609,0	609,0	0,0	0,0	0,0	0,0	0,0	0,0	COMPLETA
2000	22109	Fiscal												SIN INFORMACIÓN
2000	22110	Fonz	2,0	0,0	2,0	558,0	0,0	558,0	0,0	0,0	0,0	0,0	0,0	COMPLETA
2000	22111	Foradada del Toscar												SIN INFORMACIÓN
2000	22112	Fraga	36,0	35,0	1,0	43161,0	43032,0	129,0	218,0	5,0	4,0	1,0	1,0	COMPLETA
2000	22113	Fueva (La)												SIN INFORMACIÓN
2000	22114	Gistaín												SIN INFORMACIÓN
2000	22115	Grado (El)	1,0	1,0		210,0	210,0		1,0					INCOMPLETA
2000	22116	Grañén	18,0	9,0	9,0	6270,0	1371,0	4899,0	9,0	6,0	3,0	1,0	1,0	COMPLETA
2000	22117	Graus	13,0	11,0	2,0	11998,0	10701,0	1297,0	42,0	12,0	4,0	1,0	1,0	INCOMPLETA
2000	22119	Gurrea de Gállego	7,0	1,0	6,0	848,0	217,0	631,0	1,0	4,0	0,0	2,0	1,0	COMPLETA
2000	22122	Hoz de Jaca								1,0				INCOMPLETA
2000	22124	Huerto	2,0		2,0	1287,0		1287,0						INCOMPLETA
2000	22125	Huesca	16,0	5,0	11,0	9458,0	5707,0	3751,0	46,0	12,0	14,0	0,0	3,0	COMPLETA
2000	22126	Ibieca												SIN INFORMACIÓN
2000	22127	Igriés												SIN INFORMACIÓN
2000	22128	Ilche												SIN INFORMACIÓN
2000	22129	Isábena												SIN INFORMACIÓN
2000	22130	Jaca	20,0	13,0	7,0	41412,0	35293,0	6119,0	254,0	5,0	3,0	3,0	8,0	COMPLETA
2000	22131	Jasa												SIN INFORMACIÓN
2000	22133	Labuerda												SIN INFORMACIÓN
2000	22135	Laluenga												SIN INFORMACIÓN
2000	22136	Lalueza	3,0	3,0	0,0	936,0	936,0	0,0	3,0	3,0	2,0	0,0	1,0	COMPLETA
2000	22137	Lanaja	3,0	3,0	0,0	517,0	517,0	0,0	6,0	0,0	0,0	1,0	1,0	COMPLETA
2000	22139	Laperdiguera	1,0	0,0	1,0	402,0	0,0	402,0	0,0	1,0	0,0	0,0	0,0	COMPLETA
2000	22141	Lascellas-Ponzano	1,0	0,0	1,0	360,0	0,0	360,0	0,0	2,0	2,0	0,0	0,0	COMPLETA
2000	22142	Lascuarre	2,0	0,0	2,0	500,0	0,0	500,0	0,0	0,0	0,0	0,0	0,0	COMPLETA
2000	22143	Laspaúles	1,0	1,0	0,0	326,0	326,0	0,0	1,0	1,0	1,0	0,0	0,0	COMPLETA
2000	22144	Laspuña												SIN INFORMACIÓN
2000	22149	Loarre												SIN INFORMACIÓN
2000	22150	Loporzano												SIN INFORMACIÓN
2000	22151	Loscorrales												SIN INFORMACIÓN
2000	22155	Monesma y Cajigar												SIN INFORMACIÓN
2000	22156	Monflorite-Lascasas												SIN INFORMACIÓN
2000	22157	Montanuy	1,0	1,0	0,0	210,0	210,0	0,0	1,0	0,0	0,0	0,0	0,0	COMPLETA
2000	22158	Monzón	71,0	57,0	14,0	37956,0	29682,0	8274,0	154,0	10,0	5,0	4,0	0,0	COMPLETA
2000	22160	Naval												SIN INFORMACIÓN
2000	22162	Novales												SIN INFORMACIÓN
2000	22163	Nueno												SIN INFORMACIÓN
2000	22164	Olvena												SIN INFORMACIÓN
2000	22165	Ontiñena	1,0	1,0	0,0	105,0	105,0	0,0	1,0	0,0	0,0	0,0	0,0	COMPLETA
2000	22167	Osso de Cinca	6,0	1,0	5,0	2431,0	179,0	2252,0	1,0					INCOMPLETA
2000	22168	Palo												SIN INFORMACIÓN
2000	22170	Panticosa	3,0	3,0		1215,0	1215,0		12,0	2,0				INCOMPLETA
2000	22172	Peñalba												SIN INFORMACIÓN
2000	22173	Peñas de Riglos (Las)												SIN INFORMACIÓN
2000	22174	Peralta de Alcofea	1,0	1,0	0,0	142,0	142,0	0,0	1,0	0,0	0,0	0,0	0,0	COMPLETA
2000	22175	Peralta de Calasanz												SIN INFORMACIÓN
2000	22176	Peraltilla												SIN INFORMACIÓN
2000	22177	Perarrúa												SIN INFORMACIÓN
2000	22178	Pertusa	1,0	0,0	1,0	367,0	0,0	367,0	0,0	0,0	0,0	0,0	0,0	COMPLETA
2000	22181	Piracés												SIN INFORMACIÓN
2000	22182	Plan												SIN INFORMACIÓN
2000	22184	Poleñino	2,0	0,0	2,0	858,0	0,0	858,0	0,0	0,0	0,0	0,0	0,0	COMPLETA
2000	22186	Pozán de Vero	2,0	1,0	1,0	496,0	399,0	97,0	1,0	1,0	0,0	0,0	0,0	COMPLETA
2000	22187	Puebla de Castro (La)	3,0	1,0	2,0	1000,0	120,0	880,0	1,0					INCOMPLETA
2000	22188	Puente de Montañana												SIN INFORMACIÓN
2000	22189	Puértolas												SIN INFORMACIÓN
2000	22190	Pueyo de Araguás (El)												SIN INFORMACIÓN
2000	22193	Pueyo de Santa Cruz	2,0	1,0	1,0	1112,0	690,0	422,0	2,0	2,0	1,0	1,0	1,0	COMPLETA
2000	22195	Quicena	1,0	1,0		153,0	153,0		1,0			1,0		INCOMPLETA
2000	22197	Robres	6,0	0,0	6,0	2865,0	0,0	2865,0	0,0	0,0	0,0	0,0	0,0	COMPLETA
2000	22199	Sabiñánigo	20,0	14,0	6,0	22883,0	19208,0	3675,0	108,0	5,0	2,0	3,0	3,0	COMPLETA
2000	22200	Sahún												SIN INFORMACIÓN
2000	22201	Salas Altas												SIN INFORMACIÓN
2000	22202	Salas Bajas												SIN INFORMACIÓN
2000	22203	Salillas												SIN INFORMACIÓN
2000	22204	Sallent de Gállego	72,0	72,0	0,0	23614,0	23614,0	0,0	188,0	4,0	11,0	0,0	0,0	COMPLETA
2000	22205	San Esteban de Litera												SIN INFORMACIÓN
2000	22206	Sangarrén												SIN INFORMACIÓN
2000	22207	San Juan de Plan												SIN INFORMACIÓN
2000	22208	Santa Cilia												SIN INFORMACIÓN
2000	22209	Santa Cruz de la Serós												SIN INFORMACIÓN
2000	22212	Santaliestra y San Quílez												SIN INFORMACIÓN
2000	22213	Sariñena	23,0	7,0	16,0	9020,0	1537,0	7483,0	7,0	1,0	0,0	1,0	0,0	COMPLETA
2000	22214	Secastilla								1,0				INCOMPLETA
2000	22215	Seira												SIN INFORMACIÓN
2000	22217	Sena	2,0	1,0	1,0	760,0	148,0	612,0	1,0	0,0	0,0	0,0	0,0	COMPLETA
2000	22218	Senés de Alcubierre	1,0	1,0	0,0	312,0	312,0	0,0	1,0	0,0	0,0	1,0	1,0	COMPLETA
2000	22220	Sesa												SIN INFORMACIÓN
2000	22221	Sesué	0,0	0,0	0,0	0,0	0,0	0,0	0,0	2,0	2,0	0,0	0,0	COMPLETA
2000	22222	Siétamo												SIN INFORMACIÓN
2000	22223	Sopeira												SIN INFORMACIÓN
2000	22225	Tamarite de Litera	4,0	3,0	1,0	2814,0	2334,0	480,0	10,0	1,0	0,0	0,0	0,0	COMPLETA
2000	22226	Tardienta	3,0	2,0	1,0	1337,0	1151,0	186,0	2,0	0,0	0,0	1,0	1,0	COMPLETA
2000	22227	Tella-Sin												SIN INFORMACIÓN
2000	22228	Tierz												SIN INFORMACIÓN
2000	22229	Tolva												SIN INFORMACIÓN
2000	22230	Torla-Ordesa	0,0	0,0	0,0	0,0	0,0	0,0	0,0	1,0	1,0	0,0	0,0	COMPLETA
2000	22232	Torralba de Aragón												SIN INFORMACIÓN
2000	22233	Torre la Ribera	1,0	1,0	0,0	181,0	181,0	0,0	1,0	0,0	0,0	0,0	0,0	COMPLETA
2000	22234	Torrente de Cinca	12,0	8,0	4,0	4780,0	2717,0	2063,0	8,0	4,0	1,0			INCOMPLETA
2000	22235	Torres de Alcanadre												SIN INFORMACIÓN
2000	22236	Torres de Barbués	1,0	0,0	1,0	540,0	0,0	540,0	0,0	0,0	0,0	0,0	0,0	COMPLETA
2000	22239	Tramaced												SIN INFORMACIÓN
2000	22242	Valfarta												SIN INFORMACIÓN
2000	22243	Valle de Bardají												SIN INFORMACIÓN
2000	22244	Valle de Lierp												SIN INFORMACIÓN
2000	22245	Velilla de Cinca												SIN INFORMACIÓN
2000	22246	Beranuy	0,0	0,0	0,0	0,0	0,0	0,0	0,0	1,0	0,0	0,0	0,0	COMPLETA
2000	22247	Viacamp y Litera	2,0	2,0	0,0	409,0	409,0	0,0	2,0	0,0	0,0	0,0	0,0	COMPLETA
2000	22248	Vicién												SIN INFORMACIÓN
2000	22249	Villanova	5,0	2,0	3,0	1436,0	309,0	1127,0	2,0	1,0	0,0	0,0	0,0	COMPLETA
2000	22250	Villanúa	22,0	21,0	1,0	19084,0	18712,0	372,0	182,0	0,0	0,0	0,0	0,0	COMPLETA
2000	22251	Villanueva de Sigena	2,0	0,0	2,0	533,0	0,0	533,0	0,0	0,0	0,0	0,0	0,0	COMPLETA
2000	22252	Yebra de Basa												SIN INFORMACIÓN
2000	22253	Yésero												SIN INFORMACIÓN
2000	22254	Zaidín	31,0	2,0	29,0	16718,0	510,0	16208,0	2,0	7,0	3,0	0,0	0,0	COMPLETA
2000	22901	Valle de Hecho	4,0	3,0	1,0	1711,0	1260,0	451,0	6,0	5,0	4,0	2,0	2,0	COMPLETA
2000	22902	Puente la Reina de Jaca												SIN INFORMACIÓN
2000	22903	San Miguel del Cinca	5,0	1,0	4,0	1526,0	158,0	1368,0	1,0	1,0	0,0	1,0	1,0	COMPLETA
2000	22904	Sotonera (La)	4,0	2,0	2,0	1727,0	256,0	1471,0	2,0	1,0	0,0	0,0	0,0	COMPLETA
2000	22905	Lupiñén-Ortilla	2,0	1,0	1,0	448,0	148,0	300,0	1,0	0,0	0,0	0,0	0,0	COMPLETA
2000	22906	Santa María de Dulcis												SIN INFORMACIÓN
2000	22907	Aínsa-Sobrarbe	12,0	11,0	1,0	5817,0	4857,0	960,0	22,0	11,0	8,0	0,0	2,0	COMPLETA
2000	22908	Hoz y Costeán												SIN INFORMACIÓN
2000	22909	Vencillón												SIN INFORMACIÓN
2000	44001	Ababuj								2,0	3,0			INCOMPLETA
2000	44002	Abejuela												SIN INFORMACIÓN
2000	44003	Aguatón												SIN INFORMACIÓN
2000	44004	Aguaviva												SIN INFORMACIÓN
2000	44005	Aguilar del Alfambra												SIN INFORMACIÓN
2000	44006	Alacón												SIN INFORMACIÓN
2000	44007	Alba												SIN INFORMACIÓN
2000	44008	Albalate del Arzobispo	1,0	1,0	0,0	198,0	198,0	0,0	1,0	2,0	1,0	1,0	1,0	COMPLETA
2000	44009	Albarracín	2,0	2,0		954,0	954,0		2,0					INCOMPLETA
2000	44010	Albentosa	1,0	1,0	0,0	577,0	577,0	0,0	4,0	0,0	0,0	0,0	0,0	COMPLETA
2000	44011	Alcaine												SIN INFORMACIÓN
2000	44012	Alcalá de la Selva	26,0	25,0	1,0	6114,0	5714,0	400,0	30,0	22,0	5,0	4,0	5,0	COMPLETA
2000	44013	Alcañiz	26,0	25,0	1,0	25850,0	25394,0	456,0	119,0	3,0		3,0	5,0	INCOMPLETA
2000	44014	Alcorisa	30,0	16,0	14,0	26392,0	7726,0	18666,0	35,0	5,0	3,0	2,0	1,0	COMPLETA
2000	44016	Alfambra												SIN INFORMACIÓN
2000	44017	Aliaga												SIN INFORMACIÓN
2000	44018	Almohaja												SIN INFORMACIÓN
2000	44019	Alobras												SIN INFORMACIÓN
2000	44020	Alpeñés												SIN INFORMACIÓN
2000	44021	Allepuz												SIN INFORMACIÓN
2000	44022	Alloza	4,0	2,0	2,0	1579,0	470,0	1109,0	2,0	1,0	0,0	1,0	0,0	COMPLETA
2000	44023	Allueva												SIN INFORMACIÓN
2000	44024	Anadón												SIN INFORMACIÓN
2000	44025	Andorra	24,0	16,0	8,0	9428,0	5852,0	3576,0	21,0	13,0	2,0	4,0	3,0	COMPLETA
2000	44026	Arcos de las Salinas												SIN INFORMACIÓN
2000	44027	Arens de Lledó												SIN INFORMACIÓN
2000	44028	Argente												SIN INFORMACIÓN
2000	44029	Ariño	1,0	1,0		177,0	177,0		1,0	1,0		2,0		INCOMPLETA
2000	44031	Azaila												SIN INFORMACIÓN
2000	44032	Bádenas												SIN INFORMACIÓN
2000	44033	Báguena	1,0	1,0	0,0	471,0	471,0	0,0	2,0	2,0	0,0	0,0	0,0	COMPLETA
2000	44034	Bañón												SIN INFORMACIÓN
2000	44035	Barrachina												SIN INFORMACIÓN
2000	44036	Bea												SIN INFORMACIÓN
2000	44037	Beceite	0,0	0,0	0,0	0,0	0,0	0,0	0,0	1,0	0,0	0,0	0,0	COMPLETA
2000	44038	Belmonte de San José												SIN INFORMACIÓN
2000	44039	Bello	1,0	1,0	0,0	389,0	389,0	0,0	1,0	0,0	0,0	1,0	1,0	COMPLETA
2000	44040	Berge	1,0	0,0	1,0	118,0	0,0	118,0	0,0	0,0	0,0	0,0	0,0	COMPLETA
2000	44041	Bezas	0,0	0,0	0,0	0,0	0,0	0,0	0,0	1,0	0,0	0,0	0,0	COMPLETA
2000	44042	Blancas												SIN INFORMACIÓN
2000	44043	Blesa												SIN INFORMACIÓN
2000	44044	Bordón												SIN INFORMACIÓN
2000	44045	Bronchales	2,0	1,0	1,0	761,0	303,0	458,0	2,0	4,0	4,0	0,0	0,0	COMPLETA
2000	44046	Bueña												SIN INFORMACIÓN
2000	44047	Burbáguena												SIN INFORMACIÓN
2000	44048	Cabra de Mora	2,0	0,0	2,0	275,0	0,0	275,0	0,0	2,0	2,0	0,0	1,0	COMPLETA
2000	44049	Calaceite	3,0	3,0	0,0	1562,0	1562,0	0,0	6,0	4,0	1,0	0,0	0,0	COMPLETA
2000	44050	Calamocha	16,0	10,0	6,0	22632,0	11269,0	11363,0	60,0	6,0	1,0	1,0	1,0	COMPLETA
2000	44051	Calanda	11,0	9,0	2,0	4278,0	3958,0	320,0	11,0	5,0	1,0	0,0	0,0	COMPLETA
2000	44052	Calomarde												SIN INFORMACIÓN
2000	44053	Camañas												SIN INFORMACIÓN
2000	44054	Camarena de la Sierra												SIN INFORMACIÓN
2000	44055	Camarillas	2,0		2,0	232,0		232,0		2,0				INCOMPLETA
2000	44056	Caminreal	2,0	2,0	0,0	1219,0	1219,0	0,0	2,0	0,0	0,0	2,0	2,0	COMPLETA
2000	44059	Cantavieja								1,0				INCOMPLETA
2000	44060	Cañada de Benatanduz												SIN INFORMACIÓN
2000	44061	Cañada de Verich (La)												SIN INFORMACIÓN
2000	44062	Cañada Vellida												SIN INFORMACIÓN
2000	44063	Cañizar del Olivar												SIN INFORMACIÓN
2000	44064	Cascante del Río												SIN INFORMACIÓN
2000	44065	Castejón de Tornos												SIN INFORMACIÓN
2000	44066	Castel de Cabra												SIN INFORMACIÓN
2000	44067	Castelnou	1,0		1,0	561,0		561,0						INCOMPLETA
2000	44068	Castelserás	2,0	1,0	1,0	513,0	313,0	200,0	1,0	2,0	0,0	0,0	0,0	COMPLETA
2000	44070	Castellar (El)												SIN INFORMACIÓN
2000	44071	Castellote	2,0	2,0	0,0	922,0	922,0	0,0	5,0	2,0	1,0	0,0	0,0	COMPLETA
2000	44074	Cedrillas												SIN INFORMACIÓN
2000	44075	Celadas												SIN INFORMACIÓN
2000	44076	Cella	17,0	16,0	1,0	6807,0	6183,0	624,0	27,0	0,0	0,0	0,0	0,0	COMPLETA
2000	44077	Cerollera (La)												SIN INFORMACIÓN
2000	44080	Codoñera (La)	3,0	1,0	2,0	818,0	629,0	189,0	1,0	0,0	0,0	2,0	0,0	COMPLETA
2000	44082	Corbalán												SIN INFORMACIÓN
2000	44084	Cortes de Aragón												SIN INFORMACIÓN
2000	44085	Cosa												SIN INFORMACIÓN
2000	44086	Cretas												SIN INFORMACIÓN
2000	44087	Crivillén												SIN INFORMACIÓN
2000	44088	Cuba (La)	1,0	0,0	1,0	352,0	0,0	352,0	0,0	0,0	0,0	0,0	0,0	COMPLETA
2000	44089	Cubla												SIN INFORMACIÓN
2000	44090	Cucalón												SIN INFORMACIÓN
2000	44092	Cuervo (El)												SIN INFORMACIÓN
2000	44093	Cuevas de Almudén												SIN INFORMACIÓN
2000	44094	Cuevas Labradas												SIN INFORMACIÓN
2000	44096	Ejulve	1,0		1,0	230,0		230,0		3,0	1,0			INCOMPLETA
2000	44097	Escorihuela												SIN INFORMACIÓN
2000	44099	Escucha												SIN INFORMACIÓN
2000	44100	Estercuel	2,0	1,0	1,0	298,0	178,0	120,0	1,0	4,0	0,0	0,0	0,0	COMPLETA
2000	44101	Ferreruela de Huerva												SIN INFORMACIÓN
2000	44102	Fonfría												SIN INFORMACIÓN
2000	44103	Formiche Alto	0,0	0,0	0,0	0,0	0,0	0,0	0,0	2,0	0,0	0,0	0,0	COMPLETA
2000	44105	Fórnoles												SIN INFORMACIÓN
2000	44106	Fortanete	1,0	1,0	0,0	919,0	919,0	0,0	4,0	0,0	0,0	0,0	0,0	COMPLETA
2000	44107	Foz-Calanda	3,0	0,0	3,0	1573,0	0,0	1573,0	0,0	0,0	0,0	0,0	0,0	COMPLETA
2000	44108	Fresneda (La)	3,0	1,0	2,0	1296,0	474,0	822,0	1,0	1,0	0,0	0,0	0,0	COMPLETA
2000	44109	Frías de Albarracín	3,0		3,0	3208,0		3208,0						INCOMPLETA
2000	44110	Fuenferrada												SIN INFORMACIÓN
2000	44111	Fuentes Calientes												SIN INFORMACIÓN
2000	44112	Fuentes Claras	3,0	2,0	1,0	553,0	464,0	89,0	2,0	0,0	0,0	0,0	0,0	COMPLETA
2000	44113	Fuentes de Rubielos	4,0	4,0	0,0	936,0	936,0	0,0	7,0	2,0	0,0	0,0	0,0	COMPLETA
2000	44114	Fuentespalda												SIN INFORMACIÓN
2000	44115	Galve												SIN INFORMACIÓN
2000	44116	Gargallo												SIN INFORMACIÓN
2000	44117	Gea de Albarracín												SIN INFORMACIÓN
2000	44118	Ginebrosa (La)												SIN INFORMACIÓN
2000	44119	Griegos												SIN INFORMACIÓN
2000	44120	Guadalaviar	3,0	3,0	0,0	807,0	807,0	0,0	3,0	0,0	0,0	0,0	0,0	COMPLETA
2000	44121	Gúdar												SIN INFORMACIÓN
2000	44122	Híjar	3,0	3,0	0,0	828,0	828,0	0,0	4,0	5,0	0,0	1,0	1,0	COMPLETA
2000	44123	Hinojosa de Jarque												SIN INFORMACIÓN
2000	44124	Hoz de la Vieja (La)												SIN INFORMACIÓN
2000	44125	Huesa del Común												SIN INFORMACIÓN
2000	44126	Iglesuela del Cid (La)	2,0	2,0		703,0	703,0		2,0	1,0				INCOMPLETA
2000	44127	Jabaloyas												SIN INFORMACIÓN
2000	44128	Jarque de la Val												SIN INFORMACIÓN
2000	44129	Jatiel												SIN INFORMACIÓN
2000	44130	Jorcas												SIN INFORMACIÓN
2000	44131	Josa												SIN INFORMACIÓN
2000	44132	Lagueruela												SIN INFORMACIÓN
2000	44133	Lanzuela												SIN INFORMACIÓN
2000	44135	Libros												SIN INFORMACIÓN
2000	44136	Lidón												SIN INFORMACIÓN
2000	44137	Linares de Mora	2,0	1,0	1,0	458,0	327,0	131,0	3,0	4,0	4,0			INCOMPLETA
2000	44138	Loscos												SIN INFORMACIÓN
2000	44141	Lledó												SIN INFORMACIÓN
2000	44142	Maicas												SIN INFORMACIÓN
2000	44143	Manzanera	8,0	4,0	4,0	2902,0	1494,0	1408,0	10,0	3,0	3,0	1,0	2,0	COMPLETA
2000	44144	Martín del Río												SIN INFORMACIÓN
2000	44145	Mas de las Matas	10,0	8,0	2,0	2059,0	1593,0	466,0	8,0	1,0	0,0	0,0	0,0	COMPLETA
2000	44146	Mata de los Olmos (La)	1,0	1,0	0,0	149,0	149,0	0,0	1,0	0,0	0,0	0,0	0,0	COMPLETA
2000	44147	Mazaleón	2,0	1,0	1,0	691,0	290,0	401,0	1,0	0,0	0,0	0,0	0,0	COMPLETA
2000	44148	Mezquita de Jarque	1,0	1,0	0,0	233,0	233,0	0,0	1,0	2,0	0,0	0,0	0,0	COMPLETA
2000	44149	Mirambel												SIN INFORMACIÓN
2000	44150	Miravete de la Sierra												SIN INFORMACIÓN
2000	44151	Molinos	1,0	1,0	0,0	143,0	143,0	0,0	1,0	1,0	0,0	0,0	0,0	COMPLETA
2000	44152	Monforte de Moyuela												SIN INFORMACIÓN
2000	44153	Monreal del Campo	24,0	21,0	3,0	7179,0	4874,0	2305,0	28,0	7,0	1,0	2,0	2,0	INCOMPLETA
2000	44154	Monroyo												SIN INFORMACIÓN
2000	44155	Montalbán	26,0	25,0	1,0	6457,0	6399,0	58,0	25,0	5,0	2,0	0,0	0,0	COMPLETA
2000	44156	Monteagudo del Castillo												SIN INFORMACIÓN
2000	44157	Monterde de Albarracín												SIN INFORMACIÓN
2000	44158	Mora de Rubielos	13,0	12,0	1,0	7365,0	6990,0	375,0	31,0	8,0	8,0	0,0	1,0	COMPLETA
2000	44159	Moscardón	1,0	1,0	0,0	285,0	285,0	0,0	1,0	0,0	0,0	0,0	0,0	COMPLETA
2000	44160	Mosqueruela	9,0	8,0	1,0	2225,0	2021,0	204,0	10,0	3,0	3,0		1,0	INCOMPLETA
2000	44161	Muniesa	1,0	1,0	0,0	131,0	131,0	0,0	1,0	0,0	0,0	1,0	1,0	COMPLETA
2000	44163	Noguera de Albarracín												SIN INFORMACIÓN
2000	44164	Nogueras												SIN INFORMACIÓN
2000	44165	Nogueruelas	3,0	3,0	0,0	809,0	809,0	0,0	3,0	0,0	0,0	0,0	0,0	COMPLETA
2000	44167	Obón												SIN INFORMACIÓN
2000	44168	Odón	0,0	0,0	0,0	0,0	0,0	0,0	0,0	1,0	3,0	0,0	0,0	COMPLETA
2000	44169	Ojos Negros	9,0	8,0	1,0	1867,0	1777,0	90,0	8,0	8,0	2,0	1,0	1,0	COMPLETA
2000	44171	Olba												SIN INFORMACIÓN
2000	44172	Oliete	2,0	2,0		936,0	936,0		2,0					INCOMPLETA
2000	44173	Olmos (Los)												SIN INFORMACIÓN
2000	44174	Orihuela del Tremedal	1,0	1,0	0,0	171,0	171,0	0,0	1,0	4,0	0,0	2,0	1,0	COMPLETA
2000	44175	Orrios	0,0	0,0	0,0	0,0	0,0	0,0	0,0	1,0	0,0	0,0	0,0	COMPLETA
2000	44176	Palomar de Arroyos												SIN INFORMACIÓN
2000	44177	Pancrudo												SIN INFORMACIÓN
2000	44178	Parras de Castellote (Las)												SIN INFORMACIÓN
2000	44179	Peñarroya de Tastavins	6,0		6,0	5773,0		5773,0		1,0	1,0			INCOMPLETA
2000	44180	Peracense								1,0				INCOMPLETA
2000	44181	Peralejos												SIN INFORMACIÓN
2000	44182	Perales del Alfambra												SIN INFORMACIÓN
2000	44183	Pitarque												SIN INFORMACIÓN
2000	44184	Plou												SIN INFORMACIÓN
2000	44185	Pobo (El)												SIN INFORMACIÓN
2000	44187	Portellada (La)												SIN INFORMACIÓN
2000	44189	Pozondón	0,0	0,0	0,0	0,0	0,0	0,0	0,0	2,0	0,0	0,0	0,0	COMPLETA
2000	44190	Pozuel del Campo	1,0		1,0	635,0		635,0		2,0				INCOMPLETA
2000	44191	Puebla de Híjar (La)	5,0	1,0	4,0	2690,0	1866,0	824,0	15,0	8,0	0,0	0,0	0,0	COMPLETA
2000	44192	Puebla de Valverde (La)	5,0	4,0	1,0	3088,0	2716,0	372,0	19,0	6,0	0,0	1,0	1,0	COMPLETA
2000	44193	Puertomingalvo	1,0	1,0	0,0	315,0	315,0	0,0	2,0	1,0	0,0	0,0	0,0	COMPLETA
2000	44194	Ráfales												SIN INFORMACIÓN
2000	44195	Rillo												SIN INFORMACIÓN
2000	44196	Riodeva												SIN INFORMACIÓN
2000	44197	Ródenas												SIN INFORMACIÓN
2000	44198	Royuela												SIN INFORMACIÓN
2000	44199	Rubiales												SIN INFORMACIÓN
2000	44200	Rubielos de la Cérida												SIN INFORMACIÓN
2000	44201	Rubielos de Mora	10,0	6,0	4,0	3753,0	2842,0	911,0	19,0	5,0	0,0	1,0	1,0	COMPLETA
2000	44203	Salcedillo												SIN INFORMACIÓN
2000	44204	Saldón												SIN INFORMACIÓN
2000	44205	Samper de Calanda	2,0	0,0	2,0	1383,0	0,0	1383,0	0,0	2,0	0,0	0,0	0,0	COMPLETA
2000	44206	San Agustín												SIN INFORMACIÓN
2000	44207	San Martín del Río												SIN INFORMACIÓN
2000	44208	Santa Cruz de Nogueras	0,0	0,0	0,0	0,0	0,0	0,0	0,0	1,0	0,0	0,0	0,0	COMPLETA
2000	44209	Santa Eulalia	11,0	5,0	6,0	3105,0	1138,0	1967,0	5,0	0,0	0,0	0,0	0,0	COMPLETA
2000	44210	Sarrión	5,0	4,0	1,0	1941,0	941,0	1000,0	4,0	2,0	1,0	0,0	0,0	COMPLETA
2000	44211	Segura de los Baños												SIN INFORMACIÓN
2000	44212	Seno												SIN INFORMACIÓN
2000	44213	Singra												SIN INFORMACIÓN
2000	44215	Terriente												SIN INFORMACIÓN
2000	44216	Teruel	11,0	10,0	1,0	9710,0	9332,0	378,0	47,0	17,0	21,0	0,0	0,0	COMPLETA
2000	44217	Toril y Masegoso												SIN INFORMACIÓN
2000	44218	Tormón												SIN INFORMACIÓN
2000	44219	Tornos												SIN INFORMACIÓN
2000	44220	Torralba de los Sisones												SIN INFORMACIÓN
2000	44221	Torrecilla de Alcañiz	0,0	0,0	0,0	0,0	0,0	0,0	0,0	1,0	0,0	0,0	0,0	COMPLETA
2000	44222	Torrecilla del Rebollar												SIN INFORMACIÓN
2000	44223	Torre de Arcas												SIN INFORMACIÓN
2000	44224	Torre de las Arcas												SIN INFORMACIÓN
2000	44225	Torre del Compte	1,0	0,0	1,0	73,0	0,0	73,0	0,0	1,0	0,0	0,0	0,0	COMPLETA
2000	44226	Torrelacárcel												SIN INFORMACIÓN
2000	44227	Torre los Negros												SIN INFORMACIÓN
2000	44228	Torremocha de Jiloca												SIN INFORMACIÓN
2000	44229	Torres de Albarracín												SIN INFORMACIÓN
2000	44230	Torrevelilla												SIN INFORMACIÓN
2000	44231	Torrijas												SIN INFORMACIÓN
2000	44232	Torrijo del Campo												SIN INFORMACIÓN
2000	44234	Tramacastiel												SIN INFORMACIÓN
2000	44235	Tramacastilla												SIN INFORMACIÓN
2000	44236	Tronchón	0,0	0,0	0,0	0,0	0,0	0,0	0,0	2,0	0,0	0,0	0,0	COMPLETA
2000	44237	Urrea de Gaén	6,0	0,0	6,0	2518,0	0,0	2518,0	0,0	2,0	0,0	0,0	0,0	COMPLETA
2000	44238	Utrillas	7,0	7,0	0,0	1517,0	1517,0	0,0	7,0	5,0	0,0	0,0	0,0	COMPLETA
2000	44239	Valacloche												SIN INFORMACIÓN
2000	44240	Valbona	3,0	3,0	0,0	605,0	605,0	0,0	5,0	1,0	0,0	1,0	1,0	COMPLETA
2000	44241	Valdealgorfa	2,0	1,0	1,0	586,0	436,0	150,0	1,0	3,0	1,0	0,0	0,0	COMPLETA
2000	44243	Valdecuenca												SIN INFORMACIÓN
2000	44244	Valdelinares	0,0	0,0	0,0	0,0	0,0	0,0	0,0	3,0	2,0	0,0	0,0	COMPLETA
2000	44245	Valdeltormo	3,0	0,0	3,0	920,0	0,0	920,0	0,0	3,0	1,0	0,0	0,0	COMPLETA
2000	44246	Valderrobres	20,0	8,0	12,0	6558,0	3801,0	2757,0	14,0	1,0	0,0	0,0	0,0	COMPLETA
2000	44247	Valjunquera												SIN INFORMACIÓN
2000	44249	Vallecillo (El)												SIN INFORMACIÓN
2000	44250	Veguillas de la Sierra												SIN INFORMACIÓN
2000	44251	Villafranca del Campo	1,0		1,0	720,0		720,0						INCOMPLETA
2000	44252	Villahermosa del Campo												SIN INFORMACIÓN
2000	44256	Villanueva del Rebollar de la Sierra												SIN INFORMACIÓN
2000	44257	Villar del Cobo								2,0	1,0			INCOMPLETA
2000	44258	Villar del Salz												SIN INFORMACIÓN
2000	44260	Villarluengo												SIN INFORMACIÓN
2000	44261	Villarquemado	3,0	2,0	1,0	1179,0	542,0	637,0	2,0	0,0	0,0	0,0	0,0	COMPLETA
2000	44262	Villarroya de los Pinares	1,0	1,0	0,0	130,0	130,0	0,0	1,0	2,0	0,0	0,0	0,0	INCOMPLETA
2000	44263	Villastar	1,0	1,0	0,0	361,0	361,0	0,0	1,0	1,0	0,0	0,0	0,0	COMPLETA
2000	44264	Villel												SIN INFORMACIÓN
2000	44265	Vinaceite	1,0	1,0		312,0	312,0		1,0					INCOMPLETA
2000	44266	Visiedo												SIN INFORMACIÓN
2000	44267	Vivel del Río Martín												SIN INFORMACIÓN
2000	44268	Zoma (La)												SIN INFORMACIÓN
2000	50001	Abanto												SIN INFORMACIÓN
2000	50002	Acered												SIN INFORMACIÓN
2000	50003	Agón												SIN INFORMACIÓN
2000	50004	Aguarón	2,0	2,0		373,0	373,0		2,0			1,0	1,0	INCOMPLETA
2000	50005	Aguilón	1,0	1,0	0,0	347,0	347,0	0,0	2,0	0,0	0,0	0,0	0,0	COMPLETA
2000	50006	Ainzón												SIN INFORMACIÓN
2000	50007	Aladrén												SIN INFORMACIÓN
2000	50008	Alagón	34,0	18,0	16,0	22035,0	8826,0	13209,0	29,0	1,0	1,0	4,0	3,0	COMPLETA
2000	50009	Alarba												SIN INFORMACIÓN
2000	50010	Alberite de San Juan												SIN INFORMACIÓN
2000	50011	Albeta												SIN INFORMACIÓN
2000	50012	Alborge	2,0	1,0	1,0	603,0	203,0	400,0	1,0					INCOMPLETA
2000	50013	Alcalá de Ebro	2,0	2,0	0,0	381,0	381,0	0,0	2,0	0,0	0,0	0,0	0,0	COMPLETA
2000	50014	Alcalá de Moncayo												SIN INFORMACIÓN
2000	50015	Alconchel de Ariza												SIN INFORMACIÓN
2000	50016	Aldehuela de Liestos												SIN INFORMACIÓN
2000	50017	Alfajarín	24,0	24,0	0,0	5708,0	5708,0	0,0	24,0	0,0	0,0	2,0	1,0	COMPLETA
2000	50018	Alfamén	3,0	3,0	0,0	822,0	822,0	0,0	3,0	0,0	0,0	0,0	0,0	COMPLETA
2000	50019	Alforque												SIN INFORMACIÓN
2000	50020	Alhama de Aragón	1,0	0,0	1,0	735,0	0,0	735,0	0,0	0,0	0,0	0,0	0,0	COMPLETA
2000	50021	Almochuel												SIN INFORMACIÓN
2000	50022	Almolda (La)												SIN INFORMACIÓN
2000	50023	Almonacid de la Cuba												SIN INFORMACIÓN
2000	50024	Almonacid de la Sierra	7,0	2,0	5,0	8470,0	586,0	7884,0	2,0	0,0	0,0	0,0	0,0	COMPLETA
2000	50025	Almunia de Doña Godina (La)	42,0	39,0	3,0	21471,0	20470,0	1001,0	102,0	7,0	6,0	6,0	6,0	COMPLETA
2000	50026	Alpartir	3,0	3,0	0,0	713,0	713,0	0,0	3,0	0,0	0,0	2,0	2,0	COMPLETA
2000	50027	Ambel												SIN INFORMACIÓN
2000	50028	Anento												SIN INFORMACIÓN
2000	50029	Aniñón	2,0	1,0	1,0	426,0	343,0	83,0	1,0	3,0				INCOMPLETA
2000	50030	Añón de Moncayo												SIN INFORMACIÓN
2000	50031	Aranda de Moncayo												SIN INFORMACIÓN
2000	50032	Arándiga												SIN INFORMACIÓN
2000	50033	Ardisa	1,0	0,0	1,0	690,0	0,0	690,0	0,0	0,0	0,0	0,0	0,0	COMPLETA
2000	50034	Ariza								1,0				INCOMPLETA
2000	50035	Artieda												SIN INFORMACIÓN
2000	50036	Asín												SIN INFORMACIÓN
2000	50037	Atea												SIN INFORMACIÓN
2000	50038	Ateca	3,0	2,0	1,0	896,0	632,0	264,0	4,0	4,0	3,0			INCOMPLETA
2000	50039	Azuara												SIN INFORMACIÓN
2000	50040	Badules												SIN INFORMACIÓN
2000	50041	Bagüés	2,0	0,0	2,0	284,0	0,0	284,0	0,0	1,0	1,0	0,0	0,0	COMPLETA
2000	50042	Balconchán												SIN INFORMACIÓN
2000	50043	Bárboles	1,0	0,0	1,0	412,0	0,0	412,0	0,0	0,0	0,0	0,0	0,0	COMPLETA
2000	50044	Bardallur												SIN INFORMACIÓN
2000	50045	Belchite	2,0	0,0	2,0	435,0	0,0	435,0	0,0	0,0	0,0	0,0	0,0	COMPLETA
2000	50046	Belmonte de Gracián												SIN INFORMACIÓN
2000	50047	Berdejo												SIN INFORMACIÓN
2000	50048	Berrueco												SIN INFORMACIÓN
2000	50050	Bijuesca												SIN INFORMACIÓN
2000	50051	Biota	9,0	0,0	9,0	2214,0	0,0	2214,0	0,0	1,0	0,0	0,0	0,0	COMPLETA
2000	50052	Bisimbre												SIN INFORMACIÓN
2000	50053	Boquiñeni	2,0	1,0	1,0	843,0	283,0	560,0	1,0	1,0	0,0	0,0	0,0	COMPLETA
2000	50054	Bordalba												SIN INFORMACIÓN
2000	50055	Borja	18,0	17,0	1,0	10588,0	8630,0	1958,0	47,0	6,0	5,0	0,0	2,0	COMPLETA
2000	50056	Botorrita	2,0	1,0	1,0	273,0	208,0	65,0	1,0	0,0	0,0	0,0	0,0	COMPLETA
2000	50057	Brea de Aragón	7,0	6,0	1,0	4326,0	3150,0	1176,0	19,0	0,0	0,0	0,0	0,0	COMPLETA
2000	50058	Bubierca												SIN INFORMACIÓN
2000	50059	Bujaraloz	5,0	3,0	2,0	2214,0	709,0	1505,0	3,0	3,0	1,0	0,0	1,0	COMPLETA
2000	50060	Bulbuente	2,0	0,0	2,0	798,0	0,0	798,0	0,0	0,0	0,0	0,0	0,0	COMPLETA
2000	50061	Bureta												SIN INFORMACIÓN
2000	50062	Burgo de Ebro (El)	21,0	21,0	0,0	6167,0	6167,0	0,0	30,0	0,0	0,0	1,0	1,0	COMPLETA
2000	50063	Buste (El)												SIN INFORMACIÓN
2000	50064	Cabañas de Ebro												SIN INFORMACIÓN
2000	50065	Cabolafuente												SIN INFORMACIÓN
2000	50066	Cadrete	55,0	54,0	1,0	9166,0	8896,0	270,0	54,0	0,0	0,0	0,0	0,0	COMPLETA
2000	50067	Calatayud	25,0	23,0	2,0	46840,0	45344,0	1496,0	225,0	3,0	1,0	7,0	20,0	COMPLETA
2000	50068	Calatorao	11,0	9,0	2,0	4047,0	3172,0	875,0	13,0	0,0	0,0	0,0	0,0	COMPLETA
2000	50069	Calcena												SIN INFORMACIÓN
2000	50070	Calmarza												SIN INFORMACIÓN
2000	50071	Campillo de Aragón												SIN INFORMACIÓN
2000	50072	Carenas												SIN INFORMACIÓN
2000	50073	Cariñena	25,0	24,0	1,0	4938,0	4481,0	457,0	26,0			1,0	1,0	INCOMPLETA
2000	50074	Caspe	41,0	32,0	9,0	17256,0	10552,0	6704,0	35,0	2,0	2,0	0,0	0,0	COMPLETA
2000	50075	Castejón de Alarba												SIN INFORMACIÓN
2000	50076	Castejón de las Armas												SIN INFORMACIÓN
2000	50077	Castejón de Valdejasa	1,0	1,0		180,0	180,0		1,0					INCOMPLETA
2000	50078	Castiliscar	2,0	1,0	1,0	696,0	462,0	234,0	1,0			2,0		INCOMPLETA
2000	50079	Cervera de la Cañada	0,0	0,0	0,0	0,0	0,0	0,0	0,0	2,0	0,0	0,0	0,0	COMPLETA
2000	50080	Cerveruela												SIN INFORMACIÓN
2000	50081	Cetina	1,0	1,0	0,0	328,0	328,0	0,0	1,0	0,0	0,0	0,0	0,0	COMPLETA
2000	50082	Cimballa												SIN INFORMACIÓN
2000	50083	Cinco Olivas												SIN INFORMACIÓN
2000	50084	Clarés de Ribota												SIN INFORMACIÓN
2000	50085	Codo	2,0	2,0	0,0	280,0	280,0	0,0	2,0	0,0	0,0	0,0	0,0	COMPLETA
2000	50086	Codos												SIN INFORMACIÓN
2000	50087	Contamina												SIN INFORMACIÓN
2000	50088	Cosuenda												SIN INFORMACIÓN
2000	50089	Cuarte de Huerva	106,0	75,0	31,0	48199,0	28922,0	19277,0	87,0	72,0	0,0	14,0	7,0	COMPLETA
2000	50090	Cubel												SIN INFORMACIÓN
2000	50091	Cuerlas (Las)												SIN INFORMACIÓN
2000	50092	Chiprana												SIN INFORMACIÓN
2000	50093	Chodes												SIN INFORMACIÓN
2000	50094	Daroca	29,0	28,0	1,0	10412,0	9848,0	564,0	63,0	3,0	0,0	1,0	1,0	COMPLETA
2000	50095	Ejea de los Caballeros	54,0	32,0	22,0	27740,0	10801,0	16939,0	59,0	7,0	6,0	4,0	5,0	COMPLETA
2000	50096	Embid de Ariza												SIN INFORMACIÓN
2000	50098	Encinacorba	5,0	2,0	3,0	843,0	332,0	511,0	2,0	0,0	0,0	2,0	2,0	COMPLETA
2000	50099	Épila	32,0	29,0	3,0	8464,0	5055,0	3409,0	37,0	1,0	0,0	2,0	8,0	COMPLETA
2000	50100	Erla												SIN INFORMACIÓN
2000	50101	Escatrón	1,0	1,0	0,0	282,0	282,0	0,0	1,0	0,0	0,0	1,0	1,0	COMPLETA
2000	50102	Fabara	3,0	1,0	2,0	721,0	251,0	470,0	1,0	0,0	0,0	0,0	0,0	COMPLETA
2000	50104	Farlete	1,0	0,0	1,0	507,0	0,0	507,0	0,0	0,0	0,0	0,0	0,0	COMPLETA
2000	50105	Fayón	9,0	9,0	0,0	1540,0	1540,0	0,0	9,0	0,0	0,0	0,0	0,0	COMPLETA
2000	50106	Fayos (Los)												SIN INFORMACIÓN
2000	50107	Figueruelas	20,0	12,0	8,0	11869,0	2122,0	9747,0	12,0	0,0	0,0	2,0	2,0	COMPLETA
2000	50108	Fombuena												SIN INFORMACIÓN
2000	50109	Frago (El)												SIN INFORMACIÓN
2000	50110	Frasno (El)	3,0	2,0	1,0	2631,0	581,0	2050,0	2,0	0,0	0,0	0,0	0,0	COMPLETA
2000	50111	Fréscano	4,0	0,0	4,0	1480,0	0,0	1480,0	0,0	0,0	0,0	0,0	0,0	COMPLETA
2000	50113	Fuendejalón												SIN INFORMACIÓN
2000	50114	Fuendetodos												SIN INFORMACIÓN
2000	50115	Fuentes de Ebro	16,0	16,0	0,0	3966,0	3966,0	0,0	18,0	1,0	0,0	3,0	3,0	COMPLETA
2000	50116	Fuentes de Jiloca												SIN INFORMACIÓN
2000	50117	Gallocanta	1,0	0,0	1,0	235,0	0,0	235,0	0,0	0,0	0,0	0,0	0,0	COMPLETA
2000	50118	Gallur	14,0	13,0	1,0	2817,0	2715,0	102,0	13,0	2,0	1,0	1,0	0,0	COMPLETA
2000	50119	Gelsa	3,0	2,0	1,0	635,0	506,0	129,0	2,0	0,0	0,0	3,0	3,0	COMPLETA
2000	50120	Godojos												SIN INFORMACIÓN
2000	50121	Gotor	2,0	2,0	0,0	444,0	444,0	0,0	2,0	0,0	0,0	0,0	0,0	COMPLETA
2000	50122	Grisel												SIN INFORMACIÓN
2000	50123	Grisén	3,0	3,0	0,0	1443,0	1443,0	0,0	12,0	1,0	0,0	0,0	0,0	COMPLETA
2000	50124	Herrera de los Navarros												SIN INFORMACIÓN
2000	50125	Ibdes	1,0	1,0	0,0	167,0	167,0	0,0	1,0	0,0	0,0	0,0	0,0	COMPLETA
2000	50126	Illueca	20,0	4,0	16,0	33929,0	13047,0	20882,0	58,0					INCOMPLETA
2000	50128	Isuerre	1,0	1,0	0,0	110,0	110,0	0,0	1,0	0,0	0,0	1,0	0,0	COMPLETA
2000	50129	Jaraba	3,0	3,0	0,0	820,0	820,0	0,0	3,0	0,0	0,0	0,0	0,0	COMPLETA
2000	50130	Jarque												SIN INFORMACIÓN
2000	50131	Jaulín	1,0	1,0	0,0	177,0	177,0	0,0	1,0	0,0	0,0	2,0	2,0	COMPLETA
2000	50132	Joyosa (La)	56,0	56,0	0,0	7797,0	7797,0	0,0	56,0	0,0	0,0	0,0	0,0	COMPLETA
2000	50133	Lagata												SIN INFORMACIÓN
2000	50134	Langa del Castillo	0,0	0,0	0,0	0,0	0,0	0,0	0,0	1,0	0,0	0,0	0,0	COMPLETA
2000	50135	Layana	1,0	1,0	0,0	166,0	166,0	0,0	1,0	0,0	0,0	0,0	0,0	COMPLETA
2000	50136	Lécera	3,0	0,0	3,0	572,0	0,0	572,0	0,0	5,0	0,0	0,0	0,0	COMPLETA
2000	50137	Leciñena	4,0	2,0	2,0	2723,0	638,0	2085,0	3,0	0,0	0,0	0,0	0,0	COMPLETA
2000	50138	Lechón												SIN INFORMACIÓN
2000	50139	Letux												SIN INFORMACIÓN
2000	50140	Litago	4,0	2,0	2,0	481,0	297,0	184,0	2,0					INCOMPLETA
2000	50141	Lituénigo												SIN INFORMACIÓN
2000	50142	Lobera de Onsella	0,0	0,0	0,0	0,0	0,0	0,0	0,0	2,0	0,0	0,0	0,0	COMPLETA
2000	50143	Longares	3,0	2,0	1,0	1017,0	480,0	537,0	3,0	0,0	0,0	0,0	0,0	COMPLETA
2000	50144	Longás												SIN INFORMACIÓN
2000	50146	Lucena de Jalón												SIN INFORMACIÓN
2000	50147	Luceni	4,0	2,0	2,0	1774,0	1399,0	375,0	5,0	6,0	1,0	0,0	0,0	COMPLETA
2000	50148	Luesia												SIN INFORMACIÓN
2000	50149	Luesma												SIN INFORMACIÓN
2000	50150	Lumpiaque	3,0	1,0	2,0	385,0	224,0	161,0	1,0	0,0	0,0	0,0	0,0	COMPLETA
2000	50151	Luna	10,0	1,0	9,0	1260,0	169,0	1091,0	1,0	3,0				INCOMPLETA
2000	50152	Maella	1,0	1,0	0,0	357,0	357,0	0,0	1,0	1,0	0,0	0,0	0,0	COMPLETA
2000	50153	Magallón	3,0	3,0	0,0	700,0	700,0	0,0	3,0	2,0	1,0	0,0	0,0	COMPLETA
2000	50154	Mainar	1,0	1,0	0,0	144,0	144,0	0,0	1,0	0,0	0,0	0,0	0,0	COMPLETA
2000	50155	Malanquilla												SIN INFORMACIÓN
2000	50156	Maleján												SIN INFORMACIÓN
2000	50157	Malón												SIN INFORMACIÓN
2000	50159	Maluenda	0,0	0,0	0,0	0,0	0,0	0,0	0,0	1,0	0,0	0,0	0,0	COMPLETA
2000	50160	Mallén	44,0	38,0	6,0	10644,0	8573,0	2071,0	39,0	3,0	0,0	2,0	1,0	COMPLETA
2000	50161	Manchones												SIN INFORMACIÓN
2000	50162	Mara	2,0	2,0	0,0	459,0	459,0	0,0	2,0	0,0	0,0	0,0	0,0	COMPLETA
2000	50163	María de Huerva	86,0	83,0	3,0	18975,0	17724,0	1251,0	88,0	2,0	0,0	1,0	1,0	COMPLETA
2000	50164	Mediana de Aragón												SIN INFORMACIÓN
2000	50165	Mequinenza	5,0	2,0	3,0	2098,0	526,0	1572,0	6,0	2,0	1,0	0,0	0,0	COMPLETA
2000	50166	Mesones de Isuela	2,0	2,0	0,0	772,0	772,0	0,0	2,0	0,0	0,0	0,0	0,0	COMPLETA
2000	50167	Mezalocha												SIN INFORMACIÓN
2000	50168	Mianos												SIN INFORMACIÓN
2000	50169	Miedes de Aragón	3,0	2,0	1,0	1236,0	864,0	372,0	2,0	1,0	0,0	0,0	0,0	COMPLETA
2000	50170	Monegrillo												SIN INFORMACIÓN
2000	50171	Moneva												SIN INFORMACIÓN
2000	50172	Monreal de Ariza												SIN INFORMACIÓN
2000	50173	Monterde												SIN INFORMACIÓN
2000	50174	Montón												SIN INFORMACIÓN
2000	50175	Morata de Jalón	1,0	1,0	0,0	183,0	183,0	0,0	1,0	2,0	0,0	0,0	0,0	COMPLETA
2000	50176	Morata de Jiloca												SIN INFORMACIÓN
2000	50177	Morés												SIN INFORMACIÓN
2000	50178	Moros												SIN INFORMACIÓN
2000	50179	Moyuela												SIN INFORMACIÓN
2000	50180	Mozota	1,0	1,0	0,0	530,0	530,0	0,0	1,0	0,0	0,0	0,0	0,0	COMPLETA
2000	50181	Muel	2,0	2,0	0,0	430,0	430,0	0,0	2,0	4,0	2,0	0,0	0,0	COMPLETA
2000	50182	Muela (La)	45,0	13,0	32,0	58662,0	2640,0	56022,0	13,0					INCOMPLETA
2000	50183	Munébrega	1,0	1,0	0,0	240,0	240,0	0,0	1,0	0,0	0,0	0,0	0,0	COMPLETA
2000	50184	Murero												SIN INFORMACIÓN
2000	50185	Murillo de Gállego												SIN INFORMACIÓN
2000	50186	Navardún												SIN INFORMACIÓN
2000	50187	Nigüella												SIN INFORMACIÓN
2000	50188	Nombrevilla												SIN INFORMACIÓN
2000	50189	Nonaspe	5,0	2,0	3,0	1307,0	504,0	803,0	2,0	0,0	0,0	0,0	0,0	COMPLETA
2000	50190	Novallas	6,0	3,0	3,0	3594,0	557,0	3037,0	3,0	2,0	0,0	1,0	1,0	COMPLETA
2000	50191	Novillas	5,0	4,0	1,0	991,0	690,0	301,0	4,0	2,0	2,0	3,0	2,0	COMPLETA
2000	50192	Nuévalos	0,0	0,0	0,0	0,0	0,0	0,0	0,0	1,0	0,0	0,0	0,0	COMPLETA
2000	50193	Nuez de Ebro	27,0	24,0	3,0	6475,0	4239,0	2236,0	24,0	0,0	0,0	1,0	1,0	COMPLETA
2000	50194	Olvés												SIN INFORMACIÓN
2000	50195	Orcajo												SIN INFORMACIÓN
2000	50196	Orera												SIN INFORMACIÓN
2000	50197	Orés												SIN INFORMACIÓN
2000	50198	Oseja												SIN INFORMACIÓN
2000	50199	Osera de Ebro	0,0	0,0	0,0	0,0	0,0	0,0	0,0	2,0	0,0	0,0	0,0	COMPLETA
2000	50200	Paniza												SIN INFORMACIÓN
2000	50201	Paracuellos de Jiloca	23,0	23,0		4322,0	4322,0		24,0	1,0				INCOMPLETA
2000	50202	Paracuellos de la Ribera												SIN INFORMACIÓN
2000	50203	Pastriz	28,0	28,0	0,0	6743,0	6743,0	0,0	33,0	1,0	0,0	1,0	0,0	COMPLETA
2000	50204	Pedrola	11,0	11,0	0,0	6232,0	6232,0	0,0	28,0	1,0	0,0	1,0	1,0	COMPLETA
2000	50205	Pedrosas (Las)												SIN INFORMACIÓN
2000	50206	Perdiguera	0,0	0,0	0,0	0,0	0,0	0,0	0,0	1,0	0,0	0,0	0,0	COMPLETA
2000	50207	Piedratajada												SIN INFORMACIÓN
2000	50208	Pina de Ebro	11,0	9,0	2,0	6240,0	2140,0	4100,0	11,0	2,0	2,0	0,0	0,0	COMPLETA
2000	50209	Pinseque	28,0	26,0	2,0	11589,0	11142,0	447,0	58,0	0,0	0,0	0,0	0,0	COMPLETA
2000	50210	Pintanos (Los)												SIN INFORMACIÓN
2000	50211	Plasencia de Jalón												SIN INFORMACIÓN
2000	50212	Pleitas												SIN INFORMACIÓN
2000	50213	Plenas												SIN INFORMACIÓN
2000	50214	Pomer												SIN INFORMACIÓN
2000	50215	Pozuel de Ariza												SIN INFORMACIÓN
2000	50216	Pozuelo de Aragón	0,0	0,0	0,0	0,0	0,0	0,0	0,0	0,0	0,0	0,0	0,0	COMPLETA
2000	50217	Pradilla de Ebro	0,0	0,0	0,0	0,0	0,0	0,0	0,0	1,0	0,0	0,0	0,0	COMPLETA
2000	50218	Puebla de Albortón												SIN INFORMACIÓN
2000	50219	Puebla de Alfindén (La)	149,0	75,0	74,0	79148,0	17897,0	61251,0	104,0	1,0	0,0	2,0	2,0	COMPLETA
2000	50220	Puendeluna												SIN INFORMACIÓN
2000	50221	Purujosa												SIN INFORMACIÓN
2000	50222	Quinto	4,0	4,0	0,0	878,0	878,0	0,0	4,0	2,0	1,0	0,0	0,0	COMPLETA
2000	50223	Remolinos	5,0	4,0	1,0	849,0	582,0	267,0	5,0	2,0	0,0	1,0	1,0	COMPLETA
2000	50224	Retascón												SIN INFORMACIÓN
2000	50225	Ricla	31,0	23,0	8,0	8082,0	4760,0	3322,0	31,0					INCOMPLETA
2000	50227	Romanos												SIN INFORMACIÓN
2000	50228	Rueda de Jalón	3,0	2,0	1,0	652,0	452,0	200,0	2,0	0,0	0,0	0,0	0,0	COMPLETA
2000	50229	Ruesca												SIN INFORMACIÓN
2000	50230	Sádaba	13,0	6,0	7,0	5841,0	1321,0	4520,0	6,0	12,0	3,0	0,0	1,0	COMPLETA
2000	50231	Salillas de Jalón												SIN INFORMACIÓN
2000	50232	Salvatierra de Esca												SIN INFORMACIÓN
2000	50233	Samper del Salz												SIN INFORMACIÓN
2000	50234	San Martín de la Virgen de Moncayo												SIN INFORMACIÓN
2000	50235	San Mateo de Gállego	13,0	11,0	2,0	5640,0	3956,0	1684,0	22,0	2,0		4,0	4,0	INCOMPLETA
2000	50236	Santa Cruz de Grío	0,0	0,0	0,0	0,0	0,0	0,0	0,0	1,0	0,0	0,0	0,0	COMPLETA
2000	50237	Santa Cruz de Moncayo												SIN INFORMACIÓN
2000	50238	Santa Eulalia de Gállego												SIN INFORMACIÓN
2000	50239	Santed												SIN INFORMACIÓN
2000	50240	Sástago												SIN INFORMACIÓN
2000	50241	Saviñán												SIN INFORMACIÓN
2000	50242	Sediles												SIN INFORMACIÓN
2000	50243	Sestrica								1,0				INCOMPLETA
2000	50244	Sierra de Luna	3,0	0,0	3,0	732,0	0,0	732,0	0,0	0,0	0,0	1,0	1,0	COMPLETA
2000	50245	Sigüés	2,0	0,0	2,0	149,0	0,0	149,0	0,0	0,0	0,0	0,0	0,0	COMPLETA
2000	50246	Sisamón												SIN INFORMACIÓN
2000	50247	Sobradiel	9,0	9,0		2767,0	2767,0		14,0			1,0	1,0	INCOMPLETA
2000	50248	Sos del Rey Católico	2,0	1,0	1,0	516,0	270,0	246,0	1,0	1,0	0,0	0,0	0,0	COMPLETA
2000	50249	Tabuenca								1,0				INCOMPLETA
2000	50250	Talamantes												SIN INFORMACIÓN
2000	50251	Tarazona	47,0	44,0	3,0	24101,0	20396,0	3705,0	117,0	6,0	1,0	17,0	6,0	COMPLETA
2000	50252	Tauste	7,0	6,0	1,0	2336,0	2204,0	132,0	9,0	1,0		2,0	3,0	INCOMPLETA
2000	50253	Terrer												SIN INFORMACIÓN
2000	50254	Tierga												SIN INFORMACIÓN
2000	50255	Tobed	1,0	0,0	1,0	46,0	0,0	46,0	0,0	0,0	0,0	0,0	0,0	COMPLETA
2000	50256	Torralba de los Frailes												SIN INFORMACIÓN
2000	50257	Torralba de Ribota												SIN INFORMACIÓN
2000	50258	Torralbilla												SIN INFORMACIÓN
2000	50259	Torrehermosa												SIN INFORMACIÓN
2000	50260	Torrelapaja	0,0	0,0	0,0	0,0	0,0	0,0	0,0	1,0	1,0	0,0	0,0	COMPLETA
2000	50261	Torrellas												SIN INFORMACIÓN
2000	50262	Torres de Berrellén	2,0	2,0	0,0	519,0	519,0	0,0	2,0	4,0	1,0	0,0	0,0	COMPLETA
2000	50263	Torrijo de la Cañada	0,0	0,0	0,0	0,0	0,0	0,0	0,0	1,0	0,0	0,0	0,0	COMPLETA
2000	50264	Tosos												SIN INFORMACIÓN
2000	50265	Trasmoz												SIN INFORMACIÓN
2000	50266	Trasobares												SIN INFORMACIÓN
2000	50267	Uncastillo	4,0	2,0	2,0	2625,0	603,0	2022,0	4,0	10,0	2,0	1,0	1,0	COMPLETA
2000	50268	Undués de Lerda												SIN INFORMACIÓN
2000	50269	Urrea de Jalón												SIN INFORMACIÓN
2000	50270	Urriés												SIN INFORMACIÓN
2000	50271	Used												SIN INFORMACIÓN
2000	50272	Utebo	32,0	31,0	1,0	57839,0	56832,0	1007,0	204,0	1,0	0,0	11,0	8,0	COMPLETA
2000	50273	Valdehorna												SIN INFORMACIÓN
2000	50274	Val de San Martín												SIN INFORMACIÓN
2000	50275	Valmadrid												SIN INFORMACIÓN
2000	50276	Valpalmas												SIN INFORMACIÓN
2000	50277	Valtorres												SIN INFORMACIÓN
2000	50278	Velilla de Ebro												SIN INFORMACIÓN
2000	50279	Velilla de Jiloca												SIN INFORMACIÓN
2000	50280	Vera de Moncayo												SIN INFORMACIÓN
2000	50281	Vierlas												SIN INFORMACIÓN
2000	50282	Vilueña (La)												SIN INFORMACIÓN
2000	50283	Villadoz												SIN INFORMACIÓN
2000	50284	Villafeliche	1,0	1,0	0,0	290,0	290,0	0,0	1,0	1,0	0,0	1,0	0,0	COMPLETA
2000	50285	Villafranca de Ebro	3,0	2,0	1,0	838,0	430,0	408,0	2,0	1,0	2,0	1,0	2,0	COMPLETA
2000	50286	Villalba de Perejil												SIN INFORMACIÓN
2000	50287	Villalengua	1,0	1,0	0,0	136,0	136,0	0,0	1,0	0,0	0,0	0,0	0,0	COMPLETA
2000	50288	Villanueva de Gállego	76,0	73,0	3,0	19872,0	15838,0	4034,0	82,0	6,0	2,0	3,0	0,0	COMPLETA
2000	50289	Villanueva de Jiloca												SIN INFORMACIÓN
2000	50290	Villanueva de Huerva	1,0	1,0	0,0	272,0	272,0	0,0	1,0	0,0	0,0	0,0	0,0	COMPLETA
2000	50291	Villar de los Navarros												SIN INFORMACIÓN
2000	50292	Villarreal de Huerva	1,0	0,0	1,0	2060,0	0,0	2060,0	0,0	0,0	0,0	0,0	0,0	COMPLETA
2000	50293	Villarroya de la Sierra	2,0	1,0	1,0	557,0	514,0	43,0	1,0	0,0	0,0	0,0	0,0	COMPLETA
2000	50294	Villarroya del Campo												SIN INFORMACIÓN
2000	50295	Vistabella												SIN INFORMACIÓN
2000	50296	Zaida (La)	2,0	1,0	1,0	662,0	293,0	369,0	1,0					INCOMPLETA
2000	50297	Zaragoza	876,0	802,0	74,0	1130194,0	998029,0	132165,0	5488,0	274,0	172,0	258,0	476,0	COMPLETA
2000	50298	Zuera	28,0	23,0	5,0	22260,0	17640,0	4620,0	71,0	5,0	0,0	4,0	2,0	COMPLETA
2000	50901	Biel	1,0	1,0	0,0	180,0	180,0	0,0	1,0	0,0	0,0	0,0	0,0	COMPLETA
2000	50902	Marracos												SIN INFORMACIÓN