Año	Municipio código	Municipio nombre	Incendios	Superficie forestal afectada
2001	22001	Abiego	0	0
2001	22002	Abizanda	0	0
2001	22003	Adahuesca	0	0
2001	22004	Agüero	0	0
2001	22006	Aísa	1	0,03
2001	22007	Albalate de Cinca	1	0,4
2001	22008	Albalatillo	0	0
2001	22009	Albelda	0	0
2001	22011	Albero Alto	0	0
2001	22012	Albero Bajo	0	0
2001	22013	Alberuela de Tubo	0	0
2001	22014	Alcalá de Gurrea	1	7,5
2001	22015	Alcalá del Obispo	1	1
2001	22016	Alcampell	0	0
2001	22017	Alcolea de Cinca	1	0,6
2001	22018	Alcubierre	0	0
2001	22019	Alerre	0	0
2001	22020	Alfántega	0	0
2001	22021	Almudévar	1	0,2
2001	22022	Almunia de San Juan	0	0
2001	22023	Almuniente	1	0,06
2001	22024	Alquézar	0	0
2001	22025	Altorricón	0	0
2001	22027	Angüés	1	0,2
2001	22028	Ansó	1	0,2
2001	22029	Antillón	1	5
2001	22032	Aragüés del Puerto	0	0
2001	22035	Arén	0	0
2001	22036	Argavieso	0	0
2001	22037	Arguis	1	0,01
2001	22039	Ayerbe	0	0
2001	22040	Azanuy-Alins	0	0
2001	22041	Azara	1	0,12
2001	22042	Azlor	0	0
2001	22043	Baells	0	0
2001	22044	Bailo	0	0
2001	22045	Baldellou	0	0
2001	22046	Ballobar	0	0
2001	22047	Banastás	0	0
2001	22048	Barbastro	1	1
2001	22049	Barbués	0	0
2001	22050	Barbuñales	0	0
2001	22051	Bárcabo	0	0
2001	22052	Belver de Cinca	0	0
2001	22053	Benabarre	1	0,15
2001	22054	Benasque	0	0
2001	22055	Berbegal	0	0
2001	22057	Bielsa	0	0
2001	22058	Bierge	1	0,02
2001	22059	Biescas	1	0,12
2001	22060	Binaced	0	0
2001	22061	Binéfar	1	0,02
2001	22062	Bisaurri	0	0
2001	22063	Biscarrués	0	0
2001	22064	Blecua y Torres	0	0
2001	22066	Boltaña	0	0
2001	22067	Bonansa	0	0
2001	22068	Borau	0	0
2001	22069	Broto	0	0
2001	22072	Caldearenas	1	99
2001	22074	Campo	0	0
2001	22075	Camporrells	0	0
2001	22076	Canal de Berdún	0	0
2001	22077	Candasnos	2	6,5
2001	22078	Canfranc	1	0,01
2001	22079	Capdesaso	0	0
2001	22080	Capella	0	0
2001	22081	Casbas de Huesca	1	0,01
2001	22082	Castejón del Puente	0	0
2001	22083	Castejón de Monegros	0	0
2001	22084	Castejón de Sos	0	0
2001	22085	Castelflorite	0	0
2001	22086	Castiello de Jaca	0	0
2001	22087	Castigaleu	0	0
2001	22088	Castillazuelo	0	0
2001	22089	Castillonroy	0	0
2001	22090	Colungo	0	0
2001	22094	Chalamera	0	0
2001	22095	Chía	0	0
2001	22096	Chimillas	0	0
2001	22099	Esplús	0	0
2001	22102	Estada	0	0
2001	22103	Estadilla	0	0
2001	22105	Estopiñán del Castillo	1	0,4
2001	22106	Fago	0	0
2001	22107	Fanlo	0	0
2001	22109	Fiscal	0	0
2001	22110	Fonz	0	0
2001	22111	Foradada del Toscar	0	0
2001	22112	Fraga	6	20,2
2001	22113	Fueva (La)	0	0
2001	22114	Gistaín	0	0
2001	22115	Grado (El)	1	0,06
2001	22116	Grañén	2	1,3
2001	22117	Graus	1	0,01
2001	22119	Gurrea de Gállego	2	4,06
2001	22122	Hoz de Jaca	0	0
2001	22124	Huerto	0	0
2001	22125	Huesca	1	0,06
2001	22126	Ibieca	0	0
2001	22127	Igriés	0	0
2001	22128	Ilche	0	0
2001	22129	Isábena	0	0
2001	22130	Jaca	7	395,85
2001	22131	Jasa	0	0
2001	22133	Labuerda	0	0
2001	22135	Laluenga	0	0
2001	22136	Lalueza	0	0
2001	22137	Lanaja	0	0
2001	22139	Laperdiguera	0	0
2001	22141	Lascellas-Ponzano	0	0
2001	22142	Lascuarre	1	0,02
2001	22143	Laspaúles	0	0
2001	22144	Laspuña	0	0
2001	22149	Loarre	0	0
2001	22150	Loporzano	8	90,47
2001	22151	Loscorrales	0	0
2001	22155	Monesma y Cajigar	0	0
2001	22156	Monflorite-Lascasas	0	0
2001	22157	Montanuy	1	2,5
2001	22158	Monzón	3	0,3
2001	22160	Naval	0	0
2001	22162	Novales	0	0
2001	22163	Nueno	1	0,08
2001	22164	Olvena	0	0
2001	22165	Ontiñena	0	0
2001	22167	Osso de Cinca	0	0
2001	22168	Palo	0	0
2001	22170	Panticosa	0	0
2001	22172	Peñalba	1	1
2001	22173	Peñas de Riglos (Las)	3	2870,65
2001	22174	Peralta de Alcofea	1	0,07
2001	22175	Peralta de Calasanz	2	21
2001	22176	Peraltilla	0	0
2001	22177	Perarrúa	0	0
2001	22178	Pertusa	0	0
2001	22181	Piracés	0	0
2001	22182	Plan	0	0
2001	22184	Poleñino	0	0
2001	22186	Pozán de Vero	0	0
2001	22187	Puebla de Castro (La)	0	0
2001	22188	Puente de Montañana	0	0
2001	22189	Puértolas	0	0
2001	22190	Pueyo de Araguás (El)	0	0
2001	22193	Pueyo de Santa Cruz	0	0
2001	22195	Quicena	0	0
2001	22197	Robres	1	0,02
2001	22199	Sabiñánigo	0	0
2001	22200	Sahún	0	0
2001	22201	Salas Altas	0	0
2001	22202	Salas Bajas	0	0
2001	22203	Salillas	0	0
2001	22204	Sallent de Gállego	0	0
2001	22205	San Esteban de Litera	0	0
2001	22206	Sangarrén	0	0
2001	22207	San Juan de Plan	0	0
2001	22208	Santa Cilia	0	0
2001	22209	Santa Cruz de la Serós	0	0
2001	22212	Santaliestra y San Quílez	0	0
2001	22213	Sariñena	2	1,5
2001	22214	Secastilla	0	0
2001	22215	Seira	0	0
2001	22217	Sena	0	0
2001	22218	Senés de Alcubierre	0	0
2001	22220	Sesa	0	0
2001	22221	Sesué	0	0
2001	22222	Siétamo	2	4
2001	22223	Sopeira	0	0
2001	22225	Tamarite de Litera	1	0,02
2001	22226	Tardienta	0	0
2001	22227	Tella-Sin	0	0
2001	22228	Tierz	0	0
2001	22229	Tolva	0	0
2001	22230	Torla-Ordesa	0	0
2001	22232	Torralba de Aragón	1	1
2001	22233	Torre la Ribera	0	0
2001	22234	Torrente de Cinca	0	0
2001	22235	Torres de Alcanadre	0	0
2001	22236	Torres de Barbués	0	0
2001	22239	Tramaced	0	0
2001	22242	Valfarta	0	0
2001	22243	Valle de Bardají	0	0
2001	22244	Valle de Lierp	0	0
2001	22245	Velilla de Cinca	0	0
2001	22246	Beranuy	0	0
2001	22247	Viacamp y Litera	0	0
2001	22248	Vicién	0	0
2001	22249	Villanova	0	0
2001	22250	Villanúa	0	0
2001	22251	Villanueva de Sigena	0	0
2001	22252	Yebra de Basa	1	2,5
2001	22253	Yésero	0	0
2001	22254	Zaidín	0	0
2001	22901	Valle de Hecho	2	0,07
2001	22902	Puente la Reina de Jaca	0	0
2001	22903	San Miguel del Cinca	0	0
2001	22904	Sotonera (La)	1	1
2001	22905	Lupiñén-Ortilla	1	0,07
2001	22906	Santa María de Dulcis	0	0
2001	22907	Aínsa-Sobrarbe	1	1,5
2001	22908	Hoz y Costeán	0	0
2001	22909	Vencillón	0	0
2001	44001	Ababuj	0	0
2001	44002	Abejuela	0	0
2001	44003	Aguatón	0	0
2001	44004	Aguaviva	0	0
2001	44005	Aguilar del Alfambra	0	0
2001	44006	Alacón	1	0,07
2001	44007	Alba	0	0
2001	44008	Albalate del Arzobispo	2	1,2
2001	44009	Albarracín	4	0,76
2001	44010	Albentosa	0	0
2001	44011	Alcaine	0	0
2001	44012	Alcalá de la Selva	3	0,04
2001	44013	Alcañiz	7	1,15
2001	44014	Alcorisa	1	0,5
2001	44016	Alfambra	0	0
2001	44017	Aliaga	7	27,9
2001	44018	Almohaja	0	0
2001	44019	Alobras	0	0
2001	44020	Alpeñés	0	0
2001	44021	Allepuz	2	0,8
2001	44022	Alloza	0	0
2001	44023	Allueva	0	0
2001	44024	Anadón	0	0
2001	44025	Andorra	2	0,1
2001	44026	Arcos de las Salinas	0	0
2001	44027	Arens de Lledó	2	1,5
2001	44028	Argente	0	0
2001	44029	Ariño	0	0
2001	44031	Azaila	1	1,3
2001	44032	Bádenas	0	0
2001	44033	Báguena	1	5
2001	44034	Bañón	0	0
2001	44035	Barrachina	0	0
2001	44036	Bea	0	0
2001	44037	Beceite	5	3,6
2001	44038	Belmonte de San José	0	0
2001	44039	Bello	0	0
2001	44040	Berge	1	0
2001	44041	Bezas	1	0
2001	44042	Blancas	0	0
2001	44043	Blesa	1	0
2001	44044	Bordón	0	0
2001	44045	Bronchales	0	0
2001	44046	Bueña	0	0
2001	44047	Burbáguena	3	0,78
2001	44048	Cabra de Mora	1	0,01
2001	44049	Calaceite	3	0,07
2001	44050	Calamocha	4	0,33
2001	44051	Calanda	1	0,03
2001	44052	Calomarde	0	0
2001	44053	Camañas	0	0
2001	44054	Camarena de la Sierra	2	0,02
2001	44055	Camarillas	0	0
2001	44056	Caminreal	0	0
2001	44059	Cantavieja	1	0
2001	44060	Cañada de Benatanduz	0	0
2001	44061	Cañada de Verich (La)	1	0,03
2001	44062	Cañada Vellida	0	0
2001	44063	Cañizar del Olivar	0	0
2001	44064	Cascante del Río	0	0
2001	44065	Castejón de Tornos	0	0
2001	44066	Castel de Cabra	1	0,02
2001	44067	Castelnou	0	0
2001	44068	Castelserás	1	0,25
2001	44070	Castellar (El)	1	0,08
2001	44071	Castellote	1	0
2001	44074	Cedrillas	1	0,16
2001	44075	Celadas	0	0
2001	44076	Cella	1	4,5
2001	44077	Cerollera (La)	0	0
2001	44080	Codoñera (La)	1	0,01
2001	44082	Corbalán	0	0
2001	44084	Cortes de Aragón	1	4,04
2001	44085	Cosa	0	0
2001	44086	Cretas	0	0
2001	44087	Crivillén	1	0,01
2001	44088	Cuba (La)	0	0
2001	44089	Cubla	0	0
2001	44090	Cucalón	0	0
2001	44092	Cuervo (El)	0	0
2001	44093	Cuevas de Almudén	2	0,01
2001	44094	Cuevas Labradas	0	0
2001	44096	Ejulve	5	1,73
2001	44097	Escorihuela	0	0
2001	44099	Escucha	0	0
2001	44100	Estercuel	0	0
2001	44101	Ferreruela de Huerva	0	0
2001	44102	Fonfría	0	0
2001	44103	Formiche Alto	1	0,01
2001	44105	Fórnoles	0	0
2001	44106	Fortanete	0	0
2001	44107	Foz-Calanda	0	0
2001	44108	Fresneda (La)	0	0
2001	44109	Frías de Albarracín	0	0
2001	44110	Fuenferrada	0	0
2001	44111	Fuentes Calientes	0	0
2001	44112	Fuentes Claras	0	0
2001	44113	Fuentes de Rubielos	0	0
2001	44114	Fuentespalda	1	0,04
2001	44115	Galve	1	0,01
2001	44116	Gargallo	1	0
2001	44117	Gea de Albarracín	0	0
2001	44118	Ginebrosa (La)	1	0
2001	44119	Griegos	0	0
2001	44120	Guadalaviar	0	0
2001	44121	Gúdar	1	0,03
2001	44122	Híjar	2	1,05
2001	44123	Hinojosa de Jarque	1	0,03
2001	44124	Hoz de la Vieja (La)	0	0
2001	44125	Huesa del Común	1	0,06
2001	44126	Iglesuela del Cid (La)	0	0
2001	44127	Jabaloyas	0	0
2001	44128	Jarque de la Val	0	0
2001	44129	Jatiel	0	0
2001	44130	Jorcas	0	0
2001	44131	Josa	0	0
2001	44132	Lagueruela	0	0
2001	44133	Lanzuela	0	0
2001	44135	Libros	0	0
2001	44136	Lidón	0	0
2001	44137	Linares de Mora	1	0,01
2001	44138	Loscos	0	0
2001	44141	Lledó	0	0
2001	44142	Maicas	0	0
2001	44143	Manzanera	3	0,02
2001	44144	Martín del Río	1	0,05
2001	44145	Mas de las Matas	0	0
2001	44146	Mata de los Olmos (La)	1	0,03
2001	44147	Mazaleón	1	0,3
2001	44148	Mezquita de Jarque	0	0
2001	44149	Mirambel	0	0
2001	44150	Miravete de la Sierra	0	0
2001	44151	Molinos	2	0,01
2001	44152	Monforte de Moyuela	1	0,2
2001	44153	Monreal del Campo	0	0
2001	44154	Monroyo	4	0,55
2001	44155	Montalbán	1	0,03
2001	44156	Monteagudo del Castillo	0	0
2001	44157	Monterde de Albarracín	0	0
2001	44158	Mora de Rubielos	4	1,35
2001	44159	Moscardón	0	0
2001	44160	Mosqueruela	4	0,56
2001	44161	Muniesa	0	0
2001	44163	Noguera de Albarracín	0	0
2001	44164	Nogueras	0	0
2001	44165	Nogueruelas	2	0,66
2001	44167	Obón	0	0
2001	44168	Odón	0	0
2001	44169	Ojos Negros	0	0
2001	44171	Olba	0	0
2001	44172	Oliete	3	0,04
2001	44173	Olmos (Los)	0	0
2001	44174	Orihuela del Tremedal	1	0,02
2001	44175	Orrios	0	0
2001	44176	Palomar de Arroyos	1	0,01
2001	44177	Pancrudo	2	6,9
2001	44178	Parras de Castellote (Las)	0	0
2001	44179	Peñarroya de Tastavins	1	2,2
2001	44180	Peracense	1	0
2001	44181	Peralejos	0	0
2001	44182	Perales del Alfambra	0	0
2001	44183	Pitarque	1	0,5
2001	44184	Plou	0	0
2001	44185	Pobo (El)	0	0
2001	44187	Portellada (La)	0	0
2001	44189	Pozondón	0	0
2001	44190	Pozuel del Campo	0	0
2001	44191	Puebla de Híjar (La)	2	2,3
2001	44192	Puebla de Valverde (La)	3	1,12
2001	44193	Puertomingalvo	2	0,16
2001	44194	Ráfales	0	0
2001	44195	Rillo	0	0
2001	44196	Riodeva	0	0
2001	44197	Ródenas	0	0
2001	44198	Royuela	0	0
2001	44199	Rubiales	0	0
2001	44200	Rubielos de la Cérida	0	0
2001	44201	Rubielos de Mora	1	0
2001	44203	Salcedillo	0	0
2001	44204	Saldón	0	0
2001	44205	Samper de Calanda	1	0,66
2001	44206	San Agustín	0	0
2001	44207	San Martín del Río	1	5
2001	44208	Santa Cruz de Nogueras	0	0
2001	44209	Santa Eulalia	1	0,15
2001	44210	Sarrión	2	1,1
2001	44211	Segura de los Baños	3	0,04
2001	44212	Seno	0	0
2001	44213	Singra	0	0
2001	44215	Terriente	0	0
2001	44216	Teruel	3	0,37
2001	44217	Toril y Masegoso	0	0
2001	44218	Tormón	0	0
2001	44219	Tornos	0	0
2001	44220	Torralba de los Sisones	0	0
2001	44221	Torrecilla de Alcañiz	1	0,15
2001	44222	Torrecilla del Rebollar	0	0
2001	44223	Torre de Arcas	0	0
2001	44224	Torre de las Arcas	0	0
2001	44225	Torre del Compte	1	0,03
2001	44226	Torrelacárcel	0	0
2001	44227	Torre los Negros	0	0
2001	44228	Torremocha de Jiloca	0	0
2001	44229	Torres de Albarracín	0	0
2001	44230	Torrevelilla	1	0,05
2001	44231	Torrijas	1	0,03
2001	44232	Torrijo del Campo	0	0
2001	44234	Tramacastiel	0	0
2001	44235	Tramacastilla	1	0
2001	44236	Tronchón	0	0
2001	44237	Urrea de Gaén	1	0,2
2001	44238	Utrillas	0	0
2001	44239	Valacloche	0	0
2001	44240	Valbona	0	0
2001	44241	Valdealgorfa	0	0
2001	44243	Valdecuenca	0	0
2001	44244	Valdelinares	0	0
2001	44245	Valdeltormo	0	0
2001	44246	Valderrobres	5	0,06
2001	44247	Valjunquera	1	0,04
2001	44249	Vallecillo (El)	0	0
2001	44250	Veguillas de la Sierra	0	0
2001	44251	Villafranca del Campo	0	0
2001	44252	Villahermosa del Campo	0	0
2001	44256	Villanueva del Rebollar de la Sierra	0	0
2001	44257	Villar del Cobo	0	0
2001	44258	Villar del Salz	0	0
2001	44260	Villarluengo	1	3
2001	44261	Villarquemado	0	0
2001	44262	Villarroya de los Pinares	0	0
2001	44263	Villastar	0	0
2001	44264	Villel	2	0,06
2001	44265	Vinaceite	0	0
2001	44266	Visiedo	0	0
2001	44267	Vivel del Río Martín	0	0
2001	44268	Zoma (La)	2	0
2001	50001	Abanto	2	35,08
2001	50002	Acered	0	0
2001	50003	Agón	0	0
2001	50004	Aguarón	2	1,51
2001	50005	Aguilón	0	0
2001	50006	Ainzón	1	0,2
2001	50007	Aladrén	1	1,56
2001	50008	Alagón	0	0
2001	50009	Alarba	1	0,01
2001	50010	Alberite de San Juan	0	0
2001	50011	Albeta	1	1,5
2001	50012	Alborge	0	0
2001	50013	Alcalá de Ebro	2	0,36
2001	50014	Alcalá de Moncayo	1	0,03
2001	50015	Alconchel de Ariza	0	0
2001	50016	Aldehuela de Liestos	0	0
2001	50017	Alfajarín	1	0,12
2001	50018	Alfamén	0	0
2001	50019	Alforque	0	0
2001	50020	Alhama de Aragón	0	0
2001	50021	Almochuel	0	0
2001	50022	Almolda (La)	0	0
2001	50023	Almonacid de la Cuba	0	0
2001	50024	Almonacid de la Sierra	0	0
2001	50025	Almunia de Doña Godina (La)	0	0
2001	50026	Alpartir	1	0,09
2001	50027	Ambel	0	0
2001	50028	Anento	2	2
2001	50029	Aniñón	0	0
2001	50030	Añón de Moncayo	1	6,15
2001	50031	Aranda de Moncayo	2	4,5
2001	50032	Arándiga	0	0
2001	50033	Ardisa	0	0
2001	50034	Ariza	3	87,94
2001	50035	Artieda	0	0
2001	50036	Asín	0	0
2001	50037	Atea	1	0,3
2001	50038	Ateca	0	0
2001	50039	Azuara	0	0
2001	50040	Badules	0	0
2001	50041	Bagüés	0	0
2001	50042	Balconchán	0	0
2001	50043	Bárboles	0	0
2001	50044	Bardallur	0	0
2001	50045	Belchite	1	1
2001	50046	Belmonte de Gracián	0	0
2001	50047	Berdejo	0	0
2001	50048	Berrueco	1	0,13
2001	50050	Bijuesca	1	0,5
2001	50051	Biota	0	0
2001	50052	Bisimbre	0	0
2001	50053	Boquiñeni	1	6
2001	50054	Bordalba	1	0,02
2001	50055	Borja	0	0
2001	50056	Botorrita	3	2,1
2001	50057	Brea de Aragón	1	4,5
2001	50058	Bubierca	1	0,01
2001	50059	Bujaraloz	0	0
2001	50060	Bulbuente	0	0
2001	50061	Bureta	0	0
2001	50062	Burgo de Ebro (El)	0	0
2001	50063	Buste (El)	0	0
2001	50064	Cabañas de Ebro	1	0,02
2001	50065	Cabolafuente	0	0
2001	50066	Cadrete	2	0,04
2001	50067	Calatayud	1	0,15
2001	50068	Calatorao	1	0,4
2001	50069	Calcena	0	0
2001	50070	Calmarza	0	0
2001	50071	Campillo de Aragón	0	0
2001	50072	Carenas	0	0
2001	50073	Cariñena	0	0
2001	50074	Caspe	9	4,19
2001	50075	Castejón de Alarba	0	0
2001	50076	Castejón de las Armas	0	0
2001	50077	Castejón de Valdejasa	2	8,51
2001	50078	Castiliscar	2	2,7
2001	50079	Cervera de la Cañada	0	0
2001	50080	Cerveruela	0	0
2001	50081	Cetina	0	0
2001	50082	Cimballa	0	0
2001	50083	Cinco Olivas	0	0
2001	50084	Clarés de Ribota	1	0,5
2001	50085	Codo	0	0
2001	50086	Codos	0	0
2001	50087	Contamina	0	0
2001	50088	Cosuenda	1	0,01
2001	50089	Cuarte de Huerva	3	1,5
2001	50090	Cubel	1	0,93
2001	50091	Cuerlas (Las)	0	0
2001	50092	Chiprana	1	0,1
2001	50093	Chodes	0	0
2001	50094	Daroca	3	0,05
2001	50095	Ejea de los Caballeros	9	2,13
2001	50096	Embid de Ariza	0	0
2001	50098	Encinacorba	2	1,23
2001	50099	Épila	2	0,16
2001	50100	Erla	0	0
2001	50101	Escatrón	1	13
2001	50102	Fabara	1	0,2
2001	50104	Farlete	0	0
2001	50105	Fayón	0	0
2001	50106	Fayos (Los)	0	0
2001	50107	Figueruelas	0	0
2001	50108	Fombuena	0	0
2001	50109	Frago (El)	2	0,01
2001	50110	Frasno (El)	0	0
2001	50111	Fréscano	0	0
2001	50113	Fuendejalón	0	0
2001	50114	Fuendetodos	0	0
2001	50115	Fuentes de Ebro	2	1,04
2001	50116	Fuentes de Jiloca	1	1
2001	50117	Gallocanta	0	0
2001	50118	Gallur	0	0
2001	50119	Gelsa	0	0
2001	50120	Godojos	0	0
2001	50121	Gotor	0	0
2001	50122	Grisel	0	0
2001	50123	Grisén	0	0
2001	50124	Herrera de los Navarros	1	0,04
2001	50125	Ibdes	1	3
2001	50126	Illueca	2	1,1
2001	50128	Isuerre	0	0
2001	50129	Jaraba	1	0,6
2001	50130	Jarque de Moncayo	2	1,6
2001	50131	Jaulín	0	0
2001	50132	Joyosa (La)	0	0
2001	50133	Lagata	0	0
2001	50134	Langa del Castillo	0	0
2001	50135	Layana	1	1
2001	50136	Lécera	0	0
2001	50137	Leciñena	2	1,01
2001	50138	Lechón	0	0
2001	50139	Letux	1	2
2001	50140	Litago	1	0
2001	50141	Lituénigo	1	0,05
2001	50142	Lobera de Onsella	0	0
2001	50143	Longares	0	0
2001	50144	Longás	0	0
2001	50146	Lucena de Jalón	0	0
2001	50147	Luceni	0	0
2001	50148	Luesia	2	1,01
2001	50149	Luesma	0	0
2001	50150	Lumpiaque	0	0
2001	50151	Luna	2	0,37
2001	50152	Maella	2	1
2001	50153	Magallón	0	0
2001	50154	Mainar	0	0
2001	50155	Malanquilla	0	0
2001	50156	Maleján	0	0
2001	50157	Malón	0	0
2001	50159	Maluenda	0	0
2001	50160	Mallén	0	0
2001	50161	Manchones	1	0,06
2001	50162	Mara	0	0
2001	50163	María de Huerva	1	0,04
2001	50164	Mediana de Aragón	0	0
2001	50165	Mequinenza	1	0,01
2001	50166	Mesones de Isuela	0	0
2001	50167	Mezalocha	0	0
2001	50168	Mianos	0	0
2001	50169	Miedes de Aragón	0	0
2001	50170	Monegrillo	1	0,01
2001	50171	Moneva	0	0
2001	50172	Monreal de Ariza	0	0
2001	50173	Monterde	1	2
2001	50174	Montón	0	0
2001	50175	Morata de Jalón	2	0,65
2001	50176	Morata de Jiloca	0	0
2001	50177	Morés	1	0,5
2001	50178	Moros	2	1,51
2001	50179	Moyuela	0	0
2001	50180	Mozota	0	0
2001	50181	Muel	0	0
2001	50182	Muela (La)	0	0
2001	50183	Munébrega	1	0,06
2001	50184	Murero	0	0
2001	50185	Murillo de Gállego	0	0
2001	50186	Navardún	0	0
2001	50187	Nigüella	0	0
2001	50188	Nombrevilla	0	0
2001	50189	Nonaspe	0	0
2001	50190	Novallas	0	0
2001	50191	Novillas	1	2
2001	50192	Nuévalos	2	0,5
2001	50193	Nuez de Ebro	0	0
2001	50194	Olvés	0	0
2001	50195	Orcajo	1	0,01
2001	50196	Orera	0	0
2001	50197	Orés	0	0
2001	50198	Oseja	0	0
2001	50199	Osera de Ebro	1	0,1
2001	50200	Paniza	1	0,42
2001	50201	Paracuellos de Jiloca	0	0
2001	50202	Paracuellos de la Ribera	1	0,4
2001	50203	Pastriz	0	0
2001	50204	Pedrola	1	0,02
2001	50205	Pedrosas (Las)	0	0
2001	50206	Perdiguera	0	0
2001	50207	Piedratajada	0	0
2001	50208	Pina de Ebro	3	8,04
2001	50209	Pinseque	0	0
2001	50210	Pintanos (Los)	2	0,26
2001	50211	Plasencia de Jalón	0	0
2001	50212	Pleitas	0	0
2001	50213	Plenas	0	0
2001	50214	Pomer	0	0
2001	50215	Pozuel de Ariza	1	0,5
2001	50216	Pozuelo de Aragón	0	0
2001	50217	Pradilla de Ebro	0	0
2001	50218	Puebla de Albortón	1	2
2001	50219	Puebla de Alfindén (La)	1	0,03
2001	50220	Puendeluna	0	0
2001	50221	Purujosa	0	0
2001	50222	Quinto	3	0,07
2001	50223	Remolinos	0	0
2001	50224	Retascón	0	0
2001	50225	Ricla	0	0
2001	50227	Romanos	0	0
2001	50228	Rueda de Jalón	0	0
2001	50229	Ruesca	0	0
2001	50230	Sádaba	6	3,64
2001	50231	Salillas de Jalón	0	0
2001	50232	Salvatierra de Esca	0	0
2001	50233	Samper del Salz	0	0
2001	50234	San Martín de la Virgen de Moncayo	0	0
2001	50235	San Mateo de Gállego	1	0,9
2001	50236	Santa Cruz de Grío	2	347,67
2001	50237	Santa Cruz de Moncayo	1	35,81
2001	50238	Santa Eulalia de Gállego	0	0
2001	50239	Santed	0	0
2001	50240	Sástago	0	0
2001	50241	Saviñán	2	1,01
2001	50242	Sediles	0	0
2001	50243	Sestrica	1	0,01
2001	50244	Sierra de Luna	0	0
2001	50245	Sigüés	0	0
2001	50246	Sisamón	1	1
2001	50247	Sobradiel	0	0
2001	50248	Sos del Rey Católico	1	0,12
2001	50249	Tabuenca	0	0
2001	50250	Talamantes	0	0
2001	50251	Tarazona	3	2,15
2001	50252	Tauste	1	0,02
2001	50253	Terrer	1	0,01
2001	50254	Tierga	0	0
2001	50255	Tobed	1	0,04
2001	50256	Torralba de los Frailes	0	0
2001	50257	Torralba de Ribota	0	0
2001	50258	Torralbilla	0	0
2001	50259	Torrehermosa	1	0,5
2001	50260	Torrelapaja	0	0
2001	50261	Torrellas	0	0
2001	50262	Torres de Berrellén	0	0
2001	50263	Torrijo de la Cañada	1	0,05
2001	50264	Tosos	1	0,05
2001	50265	Trasmoz	2	5,05
2001	50266	Trasobares	0	0
2001	50267	Uncastillo	3	1,55
2001	50268	Undués de Lerda	0	0
2001	50269	Urrea de Jalón	0	0
2001	50270	Urriés	0	0
2001	50271	Used	1	2,02
2001	50272	Utebo	0	0
2001	50273	Valdehorna	0	0
2001	50274	Val de San Martín	1	0,01
2001	50275	Valmadrid	0	0
2001	50276	Valpalmas	1	0,05
2001	50277	Valtorres	0	0
2001	50278	Velilla de Ebro	0	0
2001	50279	Velilla de Jiloca	0	0
2001	50280	Vera de Moncayo	0	0
2001	50281	Vierlas	0	0
2001	50282	Vilueña (La)	0	0
2001	50283	Villadoz	1	0,09
2001	50284	Villafeliche	0	0
2001	50285	Villafranca de Ebro	0	0
2001	50286	Villalba de Perejil	0	0
2001	50287	Villalengua	0	0
2001	50288	Villanueva de Gállego	1	0,04
2001	50289	Villanueva de Jiloca	0	0
2001	50290	Villanueva de Huerva	1	52,3
2001	50291	Villar de los Navarros	0	0
2001	50292	Villarreal de Huerva	0	0
2001	50293	Villarroya de la Sierra	3	0,41
2001	50294	Villarroya del Campo	0	0
2001	50295	Vistabella	0	0
2001	50296	Zaida (La)	1	0,63
2001	50297	Zaragoza	4	218,27
2001	50298	Zuera	3	44,42
2001	50901	Biel	0	0
2001	50902	Marracos	0	0
2002	22001	Abiego	1	0,07
2002	22002	Abizanda	0	0
2002	22003	Adahuesca	0	0
2002	22004	Agüero	0	0
2002	22006	Aísa	0	0
2002	22007	Albalate de Cinca	0	0
2002	22008	Albalatillo	1	30
2002	22009	Albelda	0	0
2002	22011	Albero Alto	0	0
2002	22012	Albero Bajo	0	0
2002	22013	Alberuela de Tubo	0	0
2002	22014	Alcalá de Gurrea	0	0
2002	22015	Alcalá del Obispo	0	0
2002	22016	Alcampell	0	0
2002	22017	Alcolea de Cinca	0	0
2002	22018	Alcubierre	0	0
2002	22019	Alerre	0	0
2002	22020	Alfántega	0	0
2002	22021	Almudévar	0	0
2002	22022	Almunia de San Juan	1	75
2002	22023	Almuniente	1	0,5
2002	22024	Alquézar	0	0
2002	22025	Altorricón	0	0
2002	22027	Angüés	0	0
2002	22028	Ansó	0	0
2002	22029	Antillón	0	0
2002	22032	Aragüés del Puerto	0	0
2002	22035	Arén	1	1
2002	22036	Argavieso	0	0
2002	22037	Arguis	0	0
2002	22039	Ayerbe	5	13,49
2002	22040	Azanuy-Alins	2	26
2002	22041	Azara	0	0
2002	22042	Azlor	0	0
2002	22043	Baells	0	0
2002	22044	Bailo	1	0,5
2002	22045	Baldellou	0	0
2002	22046	Ballobar	0	0
2002	22047	Banastás	0	0
2002	22048	Barbastro	3	8,05
2002	22049	Barbués	0	0
2002	22050	Barbuñales	0	0
2002	22051	Bárcabo	0	0
2002	22052	Belver de Cinca	0	0
2002	22053	Benabarre	0	0
2002	22054	Benasque	0	0
2002	22055	Berbegal	0	0
2002	22057	Bielsa	0	0
2002	22058	Bierge	0	0
2002	22059	Biescas	0	0
2002	22060	Binaced	0	0
2002	22061	Binéfar	0	0
2002	22062	Bisaurri	0	0
2002	22063	Biscarrués	0	0
2002	22064	Blecua y Torres	0	0
2002	22066	Boltaña	0	0
2002	22067	Bonansa	0	0
2002	22068	Borau	0	0
2002	22069	Broto	0	0
2002	22072	Caldearenas	1	46
2002	22074	Campo	0	0
2002	22075	Camporrells	0	0
2002	22076	Canal de Berdún	1	58
2002	22077	Candasnos	1	3
2002	22078	Canfranc	0	0
2002	22079	Capdesaso	0	0
2002	22080	Capella	0	0
2002	22081	Casbas de Huesca	0	0
2002	22082	Castejón del Puente	1	1
2002	22083	Castejón de Monegros	0	0
2002	22084	Castejón de Sos	1	5
2002	22085	Castelflorite	0	0
2002	22086	Castiello de Jaca	0	0
2002	22087	Castigaleu	0	0
2002	22088	Castillazuelo	0	0
2002	22089	Castillonroy	0	0
2002	22090	Colungo	0	0
2002	22094	Chalamera	0	0
2002	22095	Chía	0	0
2002	22096	Chimillas	0	0
2002	22099	Esplús	0	0
2002	22102	Estada	1	5
2002	22103	Estadilla	1	5
2002	22105	Estopiñán del Castillo	0	0
2002	22106	Fago	0	0
2002	22107	Fanlo	0	0
2002	22109	Fiscal	1	0,01
2002	22110	Fonz	0	0
2002	22111	Foradada del Toscar	0	0
2002	22112	Fraga	6	37,9
2002	22113	Fueva (La)	2	1,3
2002	22114	Gistaín	0	0
2002	22115	Grado (El)	1	0,1
2002	22116	Grañén	2	1,8
2002	22117	Graus	3	1,41
2002	22119	Gurrea de Gállego	3	8,55
2002	22122	Hoz de Jaca	0	0
2002	22124	Huerto	0	0
2002	22125	Huesca	0	0
2002	22126	Ibieca	1	0,04
2002	22127	Igriés	1	15
2002	22128	Ilche	1	2
2002	22129	Isábena	0	0
2002	22130	Jaca	2	36,01
2002	22131	Jasa	0	0
2002	22133	Labuerda	0	0
2002	22135	Laluenga	0	0
2002	22136	Lalueza	0	0
2002	22137	Lanaja	1	1
2002	22139	Laperdiguera	0	0
2002	22141	Lascellas-Ponzano	0	0
2002	22142	Lascuarre	0	0
2002	22143	Laspaúles	0	0
2002	22144	Laspuña	1	0,03
2002	22149	Loarre	2	0,54
2002	22150	Loporzano	1	96
2002	22151	Loscorrales	0	0
2002	22155	Monesma y Cajigar	0	0
2002	22156	Monflorite-Lascasas	0	0
2002	22157	Montanuy	0	0
2002	22158	Monzón	6	38,46
2002	22160	Naval	0	0
2002	22162	Novales	0	0
2002	22163	Nueno	2	4,7
2002	22164	Olvena	0	0
2002	22165	Ontiñena	3	8
2002	22167	Osso de Cinca	0	0
2002	22168	Palo	0	0
2002	22170	Panticosa	0	0
2002	22172	Peñalba	0	0
2002	22173	Peñas de Riglos (Las)	2	26,01
2002	22174	Peralta de Alcofea	0	0
2002	22175	Peralta de Calasanz	1	23
2002	22176	Peraltilla	1	280
2002	22177	Perarrúa	0	0
2002	22178	Pertusa	0	0
2002	22181	Piracés	0	0
2002	22182	Plan	0	0
2002	22184	Poleñino	0	0
2002	22186	Pozán de Vero	0	0
2002	22187	Puebla de Castro (La)	2	0,27
2002	22188	Puente de Montañana	1	1,5
2002	22189	Puértolas	0	0
2002	22190	Pueyo de Araguás (El)	0	0
2002	22193	Pueyo de Santa Cruz	0	0
2002	22195	Quicena	0	0
2002	22197	Robres	0	0
2002	22199	Sabiñánigo	3	10,51
2002	22200	Sahún	0	0
2002	22201	Salas Altas	0	0
2002	22202	Salas Bajas	0	0
2002	22203	Salillas	1	0,05
2002	22204	Sallent de Gállego	0	0
2002	22205	San Esteban de Litera	0	0
2002	22206	Sangarrén	1	0,1
2002	22207	San Juan de Plan	0	0
2002	22208	Santa Cilia	0	0
2002	22209	Santa Cruz de la Serós	0	0
2002	22212	Santaliestra y San Quílez	0	0
2002	22213	Sariñena	0	0
2002	22214	Secastilla	0	0
2002	22215	Seira	0	0
2002	22217	Sena	1	13
2002	22218	Senés de Alcubierre	0	0
2002	22220	Sesa	0	0
2002	22221	Sesué	0	0
2002	22222	Siétamo	1	0,24
2002	22223	Sopeira	1	2
2002	22225	Tamarite de Litera	1	1
2002	22226	Tardienta	0	0
2002	22227	Tella-Sin	1	29
2002	22228	Tierz	0	0
2002	22229	Tolva	1	0,75
2002	22230	Torla-Ordesa	0	0
2002	22232	Torralba de Aragón	1	0,04
2002	22233	Torre la Ribera	1	4
2002	22234	Torrente de Cinca	1	0,6
2002	22235	Torres de Alcanadre	0	0
2002	22236	Torres de Barbués	0	0
2002	22239	Tramaced	0	0
2002	22242	Valfarta	0	0
2002	22243	Valle de Bardají	0	0
2002	22244	Valle de Lierp	0	0
2002	22245	Velilla de Cinca	0	0
2002	22246	Beranuy	0	0
2002	22247	Viacamp y Litera	1	1,5
2002	22248	Vicién	0	0
2002	22249	Villanova	0	0
2002	22250	Villanúa	0	0
2002	22251	Villanueva de Sigena	1	2
2002	22252	Yebra de Basa	0	0
2002	22253	Yésero	0	0
2002	22254	Zaidín	0	0
2002	22901	Valle de Hecho	1	0,07
2002	22902	Puente la Reina de Jaca	0	0
2002	22903	San Miguel del Cinca	2	7
2002	22904	Sotonera (La)	0	0
2002	22905	Lupiñén-Ortilla	1	34
2002	22906	Santa María de Dulcis	0	0
2002	22907	Aínsa-Sobrarbe	1	2
2002	22908	Hoz y Costeán	0	0
2002	22909	Vencillón	0	0
2002	44001	Ababuj	0	0
2002	44002	Abejuela	0	0
2002	44003	Aguatón	0	0
2002	44004	Aguaviva	1	0,01
2002	44005	Aguilar del Alfambra	0	0
2002	44006	Alacón	1	0,35
2002	44007	Alba	0	0
2002	44008	Albalate del Arzobispo	0	0
2002	44009	Albarracín	1	0
2002	44010	Albentosa	0	0
2002	44011	Alcaine	1	2,7
2002	44012	Alcalá de la Selva	1	0
2002	44013	Alcañiz	5	0,26
2002	44014	Alcorisa	3	0,23
2002	44016	Alfambra	0	0
2002	44017	Aliaga	4	0,02
2002	44018	Almohaja	0	0
2002	44019	Alobras	0	0
2002	44020	Alpeñés	0	0
2002	44021	Allepuz	0	0
2002	44022	Alloza	0	0
2002	44023	Allueva	1	0,25
2002	44024	Anadón	1	0,12
2002	44025	Andorra	0	0
2002	44026	Arcos de las Salinas	0	0
2002	44027	Arens de Lledó	0	0
2002	44028	Argente	0	0
2002	44029	Ariño	3	0,63
2002	44031	Azaila	0	0
2002	44032	Bádenas	0	0
2002	44033	Báguena	1	0,05
2002	44034	Bañón	0	0
2002	44035	Barrachina	0	0
2002	44036	Bea	0	0
2002	44037	Beceite	6	1,13
2002	44038	Belmonte de San José	0	0
2002	44039	Bello	0	0
2002	44040	Berge	0	0
2002	44041	Bezas	1	0
2002	44042	Blancas	0	0
2002	44043	Blesa	1	0,25
2002	44044	Bordón	2	0,02
2002	44045	Bronchales	0	0
2002	44046	Bueña	0	0
2002	44047	Burbáguena	2	0,6
2002	44048	Cabra de Mora	1	0,01
2002	44049	Calaceite	1	0,2
2002	44050	Calamocha	4	0,04
2002	44051	Calanda	2	1,55
2002	44052	Calomarde	0	0
2002	44053	Camañas	0	0
2002	44054	Camarena de la Sierra	0	0
2002	44055	Camarillas	0	0
2002	44056	Caminreal	0	0
2002	44059	Cantavieja	1	0,15
2002	44060	Cañada de Benatanduz	0	0
2002	44061	Cañada de Verich (La)	0	0
2002	44062	Cañada Vellida	0	0
2002	44063	Cañizar del Olivar	0	0
2002	44064	Cascante del Río	0	0
2002	44065	Castejón de Tornos	0	0
2002	44066	Castel de Cabra	1	1,29
2002	44067	Castelnou	0	0
2002	44068	Castelserás	0	0
2002	44070	Castellar (El)	0	0
2002	44071	Castellote	4	1,51
2002	44074	Cedrillas	0	0
2002	44075	Celadas	0	0
2002	44076	Cella	0	0
2002	44077	Cerollera (La)	2	0,04
2002	44080	Codoñera (La)	0	0
2002	44082	Corbalán	0	0
2002	44084	Cortes de Aragón	0	0
2002	44085	Cosa	0	0
2002	44086	Cretas	1	0,01
2002	44087	Crivillén	0	0
2002	44088	Cuba (La)	0	0
2002	44089	Cubla	0	0
2002	44090	Cucalón	0	0
2002	44092	Cuervo (El)	1	4,1
2002	44093	Cuevas de Almudén	0	0
2002	44094	Cuevas Labradas	0	0
2002	44096	Ejulve	2	0,02
2002	44097	Escorihuela	0	0
2002	44099	Escucha	0	0
2002	44100	Estercuel	0	0
2002	44101	Ferreruela de Huerva	0	0
2002	44102	Fonfría	0	0
2002	44103	Formiche Alto	0	0
2002	44105	Fórnoles	0	0
2002	44106	Fortanete	0	0
2002	44107	Foz-Calanda	2	0,11
2002	44108	Fresneda (La)	0	0
2002	44109	Frías de Albarracín	0	0
2002	44110	Fuenferrada	0	0
2002	44111	Fuentes Calientes	0	0
2002	44112	Fuentes Claras	0	0
2002	44113	Fuentes de Rubielos	0	0
2002	44114	Fuentespalda	2	0,06
2002	44115	Galve	0	0
2002	44116	Gargallo	1	0,14
2002	44117	Gea de Albarracín	0	0
2002	44118	Ginebrosa (La)	1	0,02
2002	44119	Griegos	0	0
2002	44120	Guadalaviar	0	0
2002	44121	Gúdar	0	0
2002	44122	Híjar	3	41,04
2002	44123	Hinojosa de Jarque	0	0
2002	44124	Hoz de la Vieja (La)	0	0
2002	44125	Huesa del Común	0	0
2002	44126	Iglesuela del Cid (La)	1	0,15
2002	44127	Jabaloyas	0	0
2002	44128	Jarque de la Val	0	0
2002	44129	Jatiel	0	0
2002	44130	Jorcas	0	0
2002	44131	Josa	0	0
2002	44132	Lagueruela	0	0
2002	44133	Lanzuela	1	0,1
2002	44135	Libros	1	0,3
2002	44136	Lidón	0	0
2002	44137	Linares de Mora	0	0
2002	44138	Loscos	0	0
2002	44141	Lledó	0	0
2002	44142	Maicas	1	17,2
2002	44143	Manzanera	2	6,29
2002	44144	Martín del Río	0	0
2002	44145	Mas de las Matas	2	0
2002	44146	Mata de los Olmos (La)	2	0,5
2002	44147	Mazaleón	2	0,31
2002	44148	Mezquita de Jarque	0	0
2002	44149	Mirambel	0	0
2002	44150	Miravete de la Sierra	0	0
2002	44151	Molinos	1	0,17
2002	44152	Monforte de Moyuela	0	0
2002	44153	Monreal del Campo	0	0
2002	44154	Monroyo	3	0
2002	44155	Montalbán	0	0
2002	44156	Monteagudo del Castillo	0	0
2002	44157	Monterde de Albarracín	0	0
2002	44158	Mora de Rubielos	4	0,1
2002	44159	Moscardón	0	0
2002	44160	Mosqueruela	0	0
2002	44161	Muniesa	0	0
2002	44163	Noguera de Albarracín	0	0
2002	44164	Nogueras	0	0
2002	44165	Nogueruelas	0	0
2002	44167	Obón	0	0
2002	44168	Odón	0	0
2002	44169	Ojos Negros	0	0
2002	44171	Olba	0	0
2002	44172	Oliete	0	0
2002	44173	Olmos (Los)	0	0
2002	44174	Orihuela del Tremedal	0	0
2002	44175	Orrios	0	0
2002	44176	Palomar de Arroyos	0	0
2002	44177	Pancrudo	1	3
2002	44178	Parras de Castellote (Las)	0	0
2002	44179	Peñarroya de Tastavins	3	0,22
2002	44180	Peracense	1	0,4
2002	44181	Peralejos	0	0
2002	44182	Perales del Alfambra	0	0
2002	44183	Pitarque	0	0
2002	44184	Plou	0	0
2002	44185	Pobo (El)	0	0
2002	44187	Portellada (La)	0	0
2002	44189	Pozondón	0	0
2002	44190	Pozuel del Campo	0	0
2002	44191	Puebla de Híjar (La)	0	0
2002	44192	Puebla de Valverde (La)	1	0,04
2002	44193	Puertomingalvo	0	0
2002	44194	Ráfales	2	1,22
2002	44195	Rillo	0	0
2002	44196	Riodeva	1	0,96
2002	44197	Ródenas	0	0
2002	44198	Royuela	0	0
2002	44199	Rubiales	0	0
2002	44200	Rubielos de la Cérida	0	0
2002	44201	Rubielos de Mora	1	0
2002	44203	Salcedillo	0	0
2002	44204	Saldón	0	0
2002	44205	Samper de Calanda	0	0
2002	44206	San Agustín	0	0
2002	44207	San Martín del Río	0	0
2002	44208	Santa Cruz de Nogueras	0	0
2002	44209	Santa Eulalia	0	0
2002	44210	Sarrión	0	0
2002	44211	Segura de los Baños	1	0,01
2002	44212	Seno	0	0
2002	44213	Singra	0	0
2002	44215	Terriente	0	0
2002	44216	Teruel	2	1,91
2002	44217	Toril y Masegoso	0	0
2002	44218	Tormón	0	0
2002	44219	Tornos	0	0
2002	44220	Torralba de los Sisones	0	0
2002	44221	Torrecilla de Alcañiz	1	0,01
2002	44222	Torrecilla del Rebollar	0	0
2002	44223	Torre de Arcas	0	0
2002	44224	Torre de las Arcas	0	0
2002	44225	Torre del Compte	0	0
2002	44226	Torrelacárcel	0	0
2002	44227	Torre los Negros	0	0
2002	44228	Torremocha de Jiloca	0	0
2002	44229	Torres de Albarracín	0	0
2002	44230	Torrevelilla	0	0
2002	44231	Torrijas	0	0
2002	44232	Torrijo del Campo	1	0,5
2002	44234	Tramacastiel	2	0
2002	44235	Tramacastilla	0	0
2002	44236	Tronchón	0	0
2002	44237	Urrea de Gaén	0	0
2002	44238	Utrillas	0	0
2002	44239	Valacloche	0	0
2002	44240	Valbona	1	2
2002	44241	Valdealgorfa	0	0
2002	44243	Valdecuenca	0	0
2002	44244	Valdelinares	0	0
2002	44245	Valdeltormo	0	0
2002	44246	Valderrobres	2	0,03
2002	44247	Valjunquera	0	0
2002	44249	Vallecillo (El)	0	0
2002	44250	Veguillas de la Sierra	1	0
2002	44251	Villafranca del Campo	0	0
2002	44252	Villahermosa del Campo	0	0
2002	44256	Villanueva del Rebollar de la Sierra	0	0
2002	44257	Villar del Cobo	1	0
2002	44258	Villar del Salz	0	0
2002	44260	Villarluengo	0	0
2002	44261	Villarquemado	0	0
2002	44262	Villarroya de los Pinares	0	0
2002	44263	Villastar	1	0,07
2002	44264	Villel	1	0,09
2002	44265	Vinaceite	0	0
2002	44266	Visiedo	0	0
2002	44267	Vivel del Río Martín	0	0
2002	44268	Zoma (La)	0	0
2002	50001	Abanto	0	0
2002	50002	Acered	2	10
2002	50003	Agón	0	0
2002	50004	Aguarón	1	0,78
2002	50005	Aguilón	0	0
2002	50006	Ainzón	0	0
2002	50007	Aladrén	1	2,72
2002	50008	Alagón	2	1,01
2002	50009	Alarba	0	0
2002	50010	Alberite de San Juan	0	0
2002	50011	Albeta	2	1,5
2002	50012	Alborge	0	0
2002	50013	Alcalá de Ebro	0	0
2002	50014	Alcalá de Moncayo	0	0
2002	50015	Alconchel de Ariza	0	0
2002	50016	Aldehuela de Liestos	0	0
2002	50017	Alfajarín	0	0
2002	50018	Alfamén	0	0
2002	50019	Alforque	0	0
2002	50020	Alhama de Aragón	0	0
2002	50021	Almochuel	0	0
2002	50022	Almolda (La)	0	0
2002	50023	Almonacid de la Cuba	0	0
2002	50024	Almonacid de la Sierra	0	0
2002	50025	Almunia de Doña Godina (La)	0	0
2002	50026	Alpartir	0	0
2002	50027	Ambel	2	1,01
2002	50028	Anento	0	0
2002	50029	Aniñón	1	0,03
2002	50030	Añón de Moncayo	0	0
2002	50031	Aranda de Moncayo	2	0,8
2002	50032	Arándiga	2	4,2
2002	50033	Ardisa	0	0
2002	50034	Ariza	2	0,07
2002	50035	Artieda	0	0
2002	50036	Asín	0	0
2002	50037	Atea	2	0,42
2002	50038	Ateca	2	0,41
2002	50039	Azuara	2	0,54
2002	50040	Badules	0	0
2002	50041	Bagüés	0	0
2002	50042	Balconchán	0	0
2002	50043	Bárboles	1	0,08
2002	50044	Bardallur	0	0
2002	50045	Belchite	1	3
2002	50046	Belmonte de Gracián	0	0
2002	50047	Berdejo	1	0,12
2002	50048	Berrueco	0	0
2002	50050	Bijuesca	0	0
2002	50051	Biota	3	0,93
2002	50052	Bisimbre	0	0
2002	50053	Boquiñeni	1	2
2002	50054	Bordalba	1	0,5
2002	50055	Borja	2	0,88
2002	50056	Botorrita	1	0,2
2002	50057	Brea de Aragón	0	0
2002	50058	Bubierca	2	0,5
2002	50059	Bujaraloz	0	0
2002	50060	Bulbuente	2	0,3
2002	50061	Bureta	0	0
2002	50062	Burgo de Ebro (El)	4	6,22
2002	50063	Buste (El)	0	0
2002	50064	Cabañas de Ebro	0	0
2002	50065	Cabolafuente	1	0,02
2002	50066	Cadrete	0	0
2002	50067	Calatayud	3	0,06
2002	50068	Calatorao	0	0
2002	50069	Calcena	3	0,04
2002	50070	Calmarza	1	0,01
2002	50071	Campillo de Aragón	0	0
2002	50072	Carenas	1	0,03
2002	50073	Cariñena	0	0
2002	50074	Caspe	4	0,48
2002	50075	Castejón de Alarba	0	0
2002	50076	Castejón de las Armas	0	0
2002	50077	Castejón de Valdejasa	1	0,03
2002	50078	Castiliscar	0	0
2002	50079	Cervera de la Cañada	0	0
2002	50080	Cerveruela	0	0
2002	50081	Cetina	1	13
2002	50082	Cimballa	0	0
2002	50083	Cinco Olivas	0	0
2002	50084	Clarés de Ribota	0	0
2002	50085	Codo	0	0
2002	50086	Codos	1	0,02
2002	50087	Contamina	1	0,6
2002	50088	Cosuenda	1	0,9
2002	50089	Cuarte de Huerva	0	0
2002	50090	Cubel	0	0
2002	50091	Cuerlas (Las)	0	0
2002	50092	Chiprana	1	0,06
2002	50093	Chodes	2	1,43
2002	50094	Daroca	2	0,22
2002	50095	Ejea de los Caballeros	17	3,47
2002	50096	Embid de Ariza	1	0,1
2002	50098	Encinacorba	3	1,2
2002	50099	Épila	1	0,68
2002	50100	Erla	0	0
2002	50101	Escatrón	0	0
2002	50102	Fabara	0	0
2002	50104	Farlete	0	0
2002	50105	Fayón	1	0,06
2002	50106	Fayos (Los)	0	0
2002	50107	Figueruelas	1	1,36
2002	50108	Fombuena	0	0
2002	50109	Frago (El)	0	0
2002	50110	Frasno (El)	1	0,5
2002	50111	Fréscano	0	0
2002	50113	Fuendejalón	0	0
2002	50114	Fuendetodos	1	0
2002	50115	Fuentes de Ebro	0	0
2002	50116	Fuentes de Jiloca	0	0
2002	50117	Gallocanta	0	0
2002	50118	Gallur	0	0
2002	50119	Gelsa	1	1
2002	50120	Godojos	0	0
2002	50121	Gotor	1	0,03
2002	50122	Grisel	0	0
2002	50123	Grisén	0	0
2002	50124	Herrera de los Navarros	3	0,05
2002	50125	Ibdes	3	7,52
2002	50126	Illueca	0	0
2002	50128	Isuerre	1	2,01
2002	50129	Jaraba	0	0
2002	50130	Jarque de Moncayo	2	0,24
2002	50131	Jaulín	0	0
2002	50132	Joyosa (La)	0	0
2002	50133	Lagata	0	0
2002	50134	Langa del Castillo	1	1,2
2002	50135	Layana	0	0
2002	50136	Lécera	0	0
2002	50137	Leciñena	1	0,06
2002	50138	Lechón	0	0
2002	50139	Letux	0	0
2002	50140	Litago	1	0,5
2002	50141	Lituénigo	1	0,15
2002	50142	Lobera de Onsella	0	0
2002	50143	Longares	0	0
2002	50144	Longás	0	0
2002	50146	Lucena de Jalón	0	0
2002	50147	Luceni	1	1
2002	50148	Luesia	2	0,13
2002	50149	Luesma	0	0
2002	50150	Lumpiaque	0	0
2002	50151	Luna	2	0,34
2002	50152	Maella	2	1,82
2002	50153	Magallón	0	0
2002	50154	Mainar	0	0
2002	50155	Malanquilla	0	0
2002	50156	Maleján	0	0
2002	50157	Malón	0	0
2002	50159	Maluenda	0	0
2002	50160	Mallén	0	0
2002	50161	Manchones	1	0,2
2002	50162	Mara	0	0
2002	50163	María de Huerva	1	0,03
2002	50164	Mediana de Aragón	0	0
2002	50165	Mequinenza	0	0
2002	50166	Mesones de Isuela	1	0,1
2002	50167	Mezalocha	0	0
2002	50168	Mianos	0	0
2002	50169	Miedes de Aragón	1	4,5
2002	50170	Monegrillo	0	0
2002	50171	Moneva	0	0
2002	50172	Monreal de Ariza	1	0,9
2002	50173	Monterde	0	0
2002	50174	Montón	0	0
2002	50175	Morata de Jalón	1	0,5
2002	50176	Morata de Jiloca	0	0
2002	50177	Morés	2	0,31
2002	50178	Moros	0	0
2002	50179	Moyuela	0	0
2002	50180	Mozota	0	0
2002	50181	Muel	1	0,08
2002	50182	Muela (La)	0	0
2002	50183	Munébrega	1	0,08
2002	50184	Murero	0	0
2002	50185	Murillo de Gállego	0	0
2002	50186	Navardún	0	0
2002	50187	Nigüella	0	0
2002	50188	Nombrevilla	0	0
2002	50189	Nonaspe	3	0,09
2002	50190	Novallas	0	0
2002	50191	Novillas	4	2,4
2002	50192	Nuévalos	1	0,01
2002	50193	Nuez de Ebro	0	0
2002	50194	Olvés	1	0,7
2002	50195	Orcajo	1	0,01
2002	50196	Orera	0	0
2002	50197	Orés	0	0
2002	50198	Oseja	0	0
2002	50199	Osera de Ebro	0	0
2002	50200	Paniza	1	0,04
2002	50201	Paracuellos de Jiloca	3	6,11
2002	50202	Paracuellos de la Ribera	0	0
2002	50203	Pastriz	1	3
2002	50204	Pedrola	0	0
2002	50205	Pedrosas (Las)	0	0
2002	50206	Perdiguera	0	0
2002	50207	Piedratajada	0	0
2002	50208	Pina de Ebro	2	0,27
2002	50209	Pinseque	0	0
2002	50210	Pintanos (Los)	2	1,07
2002	50211	Plasencia de Jalón	2	0,18
2002	50212	Pleitas	0	0
2002	50213	Plenas	0	0
2002	50214	Pomer	1	0,2
2002	50215	Pozuel de Ariza	0	0
2002	50216	Pozuelo de Aragón	0	0
2002	50217	Pradilla de Ebro	0	0
2002	50218	Puebla de Albortón	0	0
2002	50219	Puebla de Alfindén (La)	0	0
2002	50220	Puendeluna	0	0
2002	50221	Purujosa	0	0
2002	50222	Quinto	2	0,27
2002	50223	Remolinos	0	0
2002	50224	Retascón	1	1
2002	50225	Ricla	3	0,29
2002	50227	Romanos	0	0
2002	50228	Rueda de Jalón	1	1
2002	50229	Ruesca	0	0
2002	50230	Sádaba	2	3
2002	50231	Salillas de Jalón	1	0,7
2002	50232	Salvatierra de Esca	0	0
2002	50233	Samper del Salz	1	0,04
2002	50234	San Martín de la Virgen de Moncayo	0	0
2002	50235	San Mateo de Gállego	4	0,8
2002	50236	Santa Cruz de Grío	0	0
2002	50237	Santa Cruz de Moncayo	0	0
2002	50238	Santa Eulalia de Gállego	0	0
2002	50239	Santed	1	0,44
2002	50240	Sástago	0	0
2002	50241	Saviñán	0	0
2002	50242	Sediles	0	0
2002	50243	Sestrica	0	0
2002	50244	Sierra de Luna	0	0
2002	50245	Sigüés	0	0
2002	50246	Sisamón	0	0
2002	50247	Sobradiel	0	0
2002	50248	Sos del Rey Católico	4	54,01
2002	50249	Tabuenca	0	0
2002	50250	Talamantes	0	0
2002	50251	Tarazona	8	1,34
2002	50252	Tauste	2	0,32
2002	50253	Terrer	2	0,36
2002	50254	Tierga	0	0
2002	50255	Tobed	0	0
2002	50256	Torralba de los Frailes	0	0
2002	50257	Torralba de Ribota	0	0
2002	50258	Torralbilla	0	0
2002	50259	Torrehermosa	0	0
2002	50260	Torrelapaja	0	0
2002	50261	Torrellas	0	0
2002	50262	Torres de Berrellén	2	0,43
2002	50263	Torrijo de la Cañada	1	0,01
2002	50264	Tosos	1	0,03
2002	50265	Trasmoz	1	0,23
2002	50266	Trasobares	0	0
2002	50267	Uncastillo	5	254,97
2002	50268	Undués de Lerda	1	5
2002	50269	Urrea de Jalón	0	0
2002	50270	Urriés	0	0
2002	50271	Used	0	0
2002	50272	Utebo	3	2,67
2002	50273	Valdehorna	0	0
2002	50274	Val de San Martín	0	0
2002	50275	Valmadrid	1	1
2002	50276	Valpalmas	0	0
2002	50277	Valtorres	0	0
2002	50278	Velilla de Ebro	0	0
2002	50279	Velilla de Jiloca	1	1,5
2002	50280	Vera de Moncayo	3	0,78
2002	50281	Vierlas	0	0
2002	50282	Vilueña (La)	0	0
2002	50283	Villadoz	1	0,06
2002	50284	Villafeliche	0	0
2002	50285	Villafranca de Ebro	1	0,1
2002	50286	Villalba de Perejil	0	0
2002	50287	Villalengua	0	0
2002	50288	Villanueva de Gállego	4	1,6
2002	50289	Villanueva de Jiloca	2	0,38
2002	50290	Villanueva de Huerva	0	0
2002	50291	Villar de los Navarros	0	0
2002	50292	Villarreal de Huerva	1	0,29
2002	50293	Villarroya de la Sierra	2	0,37
2002	50294	Villarroya del Campo	0	0
2002	50295	Vistabella	0	0
2002	50296	Zaida (La)	0	0
2002	50297	Zaragoza	10	4,49
2002	50298	Zuera	7	9,04
2002	50901	Biel	2	0,31
2002	50902	Marracos	0	0
2003	22001	Abiego	0	0
2003	22002	Abizanda	0	0
2003	22003	Adahuesca	0	0
2003	22004	Agüero	1	1,15
2003	22006	Aísa	0	0
2003	22007	Albalate de Cinca	0	0
2003	22008	Albalatillo	0	0
2003	22009	Albelda	0	0
2003	22011	Albero Alto	0	0
2003	22012	Albero Bajo	0	0
2003	22013	Alberuela de Tubo	0	0
2003	22014	Alcalá de Gurrea	0	0
2003	22015	Alcalá del Obispo	0	0
2003	22016	Alcampell	0	0
2003	22017	Alcolea de Cinca	1	3,6
2003	22018	Alcubierre	1	1
2003	22019	Alerre	1	0,13
2003	22020	Alfántega	0	0
2003	22021	Almudévar	3	34
2003	22022	Almunia de San Juan	0	0
2003	22023	Almuniente	0	0
2003	22024	Alquézar	1	0,05
2003	22025	Altorricón	0	0
2003	22027	Angüés	0	0
2003	22028	Ansó	0	0
2003	22029	Antillón	1	0,5
2003	22032	Aragüés del Puerto	0	0
2003	22035	Arén	1	0,05
2003	22036	Argavieso	0	0
2003	22037	Arguis	0	0
2003	22039	Ayerbe	2	2,38
2003	22040	Azanuy-Alins	0	0
2003	22041	Azara	1	1
2003	22042	Azlor	0	0
2003	22043	Baells	0	0
2003	22044	Bailo	0	0
2003	22045	Baldellou	0	0
2003	22046	Ballobar	0	0
2003	22047	Banastás	0	0
2003	22048	Barbastro	1	0,05
2003	22049	Barbués	0	0
2003	22050	Barbuñales	0	0
2003	22051	Bárcabo	0	0
2003	22052	Belver de Cinca	0	0
2003	22053	Benabarre	1	1,5
2003	22054	Benasque	1	0,67
2003	22055	Berbegal	0	0
2003	22057	Bielsa	0	0
2003	22058	Bierge	0	0
2003	22059	Biescas	1	0,12
2003	22060	Binaced	0	0
2003	22061	Binéfar	0	0
2003	22062	Bisaurri	0	0
2003	22063	Biscarrués	1	170
2003	22064	Blecua y Torres	0	0
2003	22066	Boltaña	0	0
2003	22067	Bonansa	0	0
2003	22068	Borau	0	0
2003	22069	Broto	3	0,56
2003	22072	Caldearenas	3	2,1
2003	22074	Campo	0	0
2003	22075	Camporrells	0	0
2003	22076	Canal de Berdún	0	0
2003	22077	Candasnos	0	0
2003	22078	Canfranc	0	0
2003	22079	Capdesaso	0	0
2003	22080	Capella	0	0
2003	22081	Casbas de Huesca	0	0
2003	22082	Castejón del Puente	0	0
2003	22083	Castejón de Monegros	0	0
2003	22084	Castejón de Sos	0	0
2003	22085	Castelflorite	0	0
2003	22086	Castiello de Jaca	0	0
2003	22087	Castigaleu	0	0
2003	22088	Castillazuelo	0	0
2003	22089	Castillonroy	1	0,01
2003	22090	Colungo	0	0
2003	22094	Chalamera	0	0
2003	22095	Chía	0	0
2003	22096	Chimillas	0	0
2003	22099	Esplús	0	0
2003	22102	Estada	0	0
2003	22103	Estadilla	0	0
2003	22105	Estopiñán del Castillo	0	0
2003	22106	Fago	0	0
2003	22107	Fanlo	0	0
2003	22109	Fiscal	0	0
2003	22110	Fonz	0	0
2003	22111	Foradada del Toscar	1	0,5
2003	22112	Fraga	6	6,75
2003	22113	Fueva (La)	1	0,1
2003	22114	Gistaín	0	0
2003	22115	Grado (El)	0	0
2003	22116	Grañén	1	0,25
2003	22117	Graus	2	1,01
2003	22119	Gurrea de Gállego	4	11,01
2003	22122	Hoz de Jaca	0	0
2003	22124	Huerto	0	0
2003	22125	Huesca	1	5
2003	22126	Ibieca	0	0
2003	22127	Igriés	0	0
2003	22128	Ilche	0	0
2003	22129	Isábena	1	1
2003	22130	Jaca	1	0,3
2003	22131	Jasa	0	0
2003	22133	Labuerda	0	0
2003	22135	Laluenga	0	0
2003	22136	Lalueza	1	0,5
2003	22137	Lanaja	1	1,5
2003	22139	Laperdiguera	0	0
2003	22141	Lascellas-Ponzano	0	0
2003	22142	Lascuarre	0	0
2003	22143	Laspaúles	0	0
2003	22144	Laspuña	0	0
2003	22149	Loarre	0	0
2003	22150	Loporzano	4	54,57
2003	22151	Loscorrales	0	0
2003	22155	Monesma y Cajigar	0	0
2003	22156	Monflorite-Lascasas	0	0
2003	22157	Montanuy	0	0
2003	22158	Monzón	7	4,05
2003	22160	Naval	0	0
2003	22162	Novales	0	0
2003	22163	Nueno	0	0
2003	22164	Olvena	1	0,5
2003	22165	Ontiñena	0	0
2003	22167	Osso de Cinca	1	1
2003	22168	Palo	0	0
2003	22170	Panticosa	0	0
2003	22172	Peñalba	1	0,5
2003	22173	Peñas de Riglos (Las)	1	0,22
2003	22174	Peralta de Alcofea	0	0
2003	22175	Peralta de Calasanz	0	0
2003	22176	Peraltilla	0	0
2003	22177	Perarrúa	1	0,15
2003	22178	Pertusa	0	0
2003	22181	Piracés	0	0
2003	22182	Plan	0	0
2003	22184	Poleñino	0	0
2003	22186	Pozán de Vero	0	0
2003	22187	Puebla de Castro (La)	0	0
2003	22188	Puente de Montañana	0	0
2003	22189	Puértolas	0	0
2003	22190	Pueyo de Araguás (El)	0	0
2003	22193	Pueyo de Santa Cruz	0	0
2003	22195	Quicena	0	0
2003	22197	Robres	0	0
2003	22199	Sabiñánigo	5	3,88
2003	22200	Sahún	0	0
2003	22201	Salas Altas	0	0
2003	22202	Salas Bajas	0	0
2003	22203	Salillas	0	0
2003	22204	Sallent de Gállego	0	0
2003	22205	San Esteban de Litera	2	2,5
2003	22206	Sangarrén	0	0
2003	22207	San Juan de Plan	0	0
2003	22208	Santa Cilia	0	0
2003	22209	Santa Cruz de la Serós	0	0
2003	22212	Santaliestra y San Quílez	0	0
2003	22213	Sariñena	1	0,7
2003	22214	Secastilla	0	0
2003	22215	Seira	0	0
2003	22217	Sena	1	2
2003	22218	Senés de Alcubierre	0	0
2003	22220	Sesa	1	0,2
2003	22221	Sesué	0	0
2003	22222	Siétamo	0	0
2003	22223	Sopeira	0	0
2003	22225	Tamarite de Litera	1	0,04
2003	22226	Tardienta	0	0
2003	22227	Tella-Sin	0	0
2003	22228	Tierz	0	0
2003	22229	Tolva	0	0
2003	22230	Torla-Ordesa	0	0
2003	22232	Torralba de Aragón	0	0
2003	22233	Torre la Ribera	0	0
2003	22234	Torrente de Cinca	1	0,05
2003	22235	Torres de Alcanadre	0	0
2003	22236	Torres de Barbués	0	0
2003	22239	Tramaced	0	0
2003	22242	Valfarta	0	0
2003	22243	Valle de Bardají	0	0
2003	22244	Valle de Lierp	0	0
2003	22245	Velilla de Cinca	0	0
2003	22246	Beranuy	1	0,02
2003	22247	Viacamp y Litera	1	0,5
2003	22248	Vicién	0	0
2003	22249	Villanova	0	0
2003	22250	Villanúa	1	0,02
2003	22251	Villanueva de Sigena	0	0
2003	22252	Yebra de Basa	1	0,15
2003	22253	Yésero	0	0
2003	22254	Zaidín	2	4
2003	22901	Valle de Hecho	1	0,01
2003	22902	Puente la Reina de Jaca	0	0
2003	22903	San Miguel del Cinca	0	0
2003	22904	Sotonera (La)	2	0,7
2003	22905	Lupiñén-Ortilla	0	0
2003	22906	Santa María de Dulcis	0	0
2003	22907	Aínsa-Sobrarbe	1	4
2003	22908	Hoz y Costeán	0	0
2003	22909	Vencillón	0	0
2003	44001	Ababuj	0	0
2003	44002	Abejuela	2	0,01
2003	44003	Aguatón	0	0
2003	44004	Aguaviva	2	1,26
2003	44005	Aguilar del Alfambra	0	0
2003	44006	Alacón	0	0
2003	44007	Alba	0	0
2003	44008	Albalate del Arzobispo	4	9,36
2003	44009	Albarracín	3	0,26
2003	44010	Albentosa	0	0
2003	44011	Alcaine	0	0
2003	44012	Alcalá de la Selva	0	0
2003	44013	Alcañiz	4	1,2
2003	44014	Alcorisa	1	0,15
2003	44016	Alfambra	1	0,01
2003	44017	Aliaga	1	0
2003	44018	Almohaja	0	0
2003	44019	Alobras	0	0
2003	44020	Alpeñés	0	0
2003	44021	Allepuz	0	0
2003	44022	Alloza	2	0,33
2003	44023	Allueva	0	0
2003	44024	Anadón	0	0
2003	44025	Andorra	0	0
2003	44026	Arcos de las Salinas	1	0
2003	44027	Arens de Lledó	0	0
2003	44028	Argente	0	0
2003	44029	Ariño	3	0,51
2003	44031	Azaila	1	0,4
2003	44032	Bádenas	0	0
2003	44033	Báguena	0	0
2003	44034	Bañón	0	0
2003	44035	Barrachina	0	0
2003	44036	Bea	0	0
2003	44037	Beceite	2	1,07
2003	44038	Belmonte de San José	0	0
2003	44039	Bello	0	0
2003	44040	Berge	1	0
2003	44041	Bezas	0	0
2003	44042	Blancas	0	0
2003	44043	Blesa	0	0
2003	44044	Bordón	0	0
2003	44045	Bronchales	0	0
2003	44046	Bueña	0	0
2003	44047	Burbáguena	1	0,4
2003	44048	Cabra de Mora	0	0
2003	44049	Calaceite	0	0
2003	44050	Calamocha	0	0
2003	44051	Calanda	2	0,75
2003	44052	Calomarde	0	0
2003	44053	Camañas	0	0
2003	44054	Camarena de la Sierra	0	0
2003	44055	Camarillas	0	0
2003	44056	Caminreal	0	0
2003	44059	Cantavieja	2	0,12
2003	44060	Cañada de Benatanduz	1	0
2003	44061	Cañada de Verich (La)	0	0
2003	44062	Cañada Vellida	0	0
2003	44063	Cañizar del Olivar	0	0
2003	44064	Cascante del Río	0	0
2003	44065	Castejón de Tornos	1	14,1
2003	44066	Castel de Cabra	1	0
2003	44067	Castelnou	0	0
2003	44068	Castelserás	2	1,34
2003	44070	Castellar (El)	1	0,69
2003	44071	Castellote	0	0
2003	44074	Cedrillas	0	0
2003	44075	Celadas	0	0
2003	44076	Cella	0	0
2003	44077	Cerollera (La)	1	0,2
2003	44080	Codoñera (La)	0	0
2003	44082	Corbalán	1	0
2003	44084	Cortes de Aragón	0	0
2003	44085	Cosa	0	0
2003	44086	Cretas	0	0
2003	44087	Crivillén	1	0
2003	44088	Cuba (La)	1	0
2003	44089	Cubla	0	0
2003	44090	Cucalón	0	0
2003	44092	Cuervo (El)	1	0
2003	44093	Cuevas de Almudén	0	0
2003	44094	Cuevas Labradas	0	0
2003	44096	Ejulve	0	0
2003	44097	Escorihuela	0	0
2003	44099	Escucha	0	0
2003	44100	Estercuel	0	0
2003	44101	Ferreruela de Huerva	0	0
2003	44102	Fonfría	0	0
2003	44103	Formiche Alto	0	0
2003	44105	Fórnoles	0	0
2003	44106	Fortanete	1	0,01
2003	44107	Foz-Calanda	1	0,04
2003	44108	Fresneda (La)	1	0,01
2003	44109	Frías de Albarracín	0	0
2003	44110	Fuenferrada	0	0
2003	44111	Fuentes Calientes	0	0
2003	44112	Fuentes Claras	0	0
2003	44113	Fuentes de Rubielos	0	0
2003	44114	Fuentespalda	0	0
2003	44115	Galve	0	0
2003	44116	Gargallo	0	0
2003	44117	Gea de Albarracín	0	0
2003	44118	Ginebrosa (La)	0	0
2003	44119	Griegos	0	0
2003	44120	Guadalaviar	0	0
2003	44121	Gúdar	0	0
2003	44122	Híjar	1	0,3
2003	44123	Hinojosa de Jarque	0	0
2003	44124	Hoz de la Vieja (La)	0	0
2003	44125	Huesa del Común	0	0
2003	44126	Iglesuela del Cid (La)	2	0,02
2003	44127	Jabaloyas	0	0
2003	44128	Jarque de la Val	0	0
2003	44129	Jatiel	0	0
2003	44130	Jorcas	0	0
2003	44131	Josa	0	0
2003	44132	Lagueruela	0	0
2003	44133	Lanzuela	0	0
2003	44135	Libros	0	0
2003	44136	Lidón	0	0
2003	44137	Linares de Mora	1	0
2003	44138	Loscos	0	0
2003	44141	Lledó	0	0
2003	44142	Maicas	0	0
2003	44143	Manzanera	1	0,01
2003	44144	Martín del Río	1	0,01
2003	44145	Mas de las Matas	3	0
2003	44146	Mata de los Olmos (La)	0	0
2003	44147	Mazaleón	1	0,9
2003	44148	Mezquita de Jarque	0	0
2003	44149	Mirambel	1	0,01
2003	44150	Miravete de la Sierra	0	0
2003	44151	Molinos	0	0
2003	44152	Monforte de Moyuela	0	0
2003	44153	Monreal del Campo	0	0
2003	44154	Monroyo	2	0,01
2003	44155	Montalbán	2	0,16
2003	44156	Monteagudo del Castillo	0	0
2003	44157	Monterde de Albarracín	0	0
2003	44158	Mora de Rubielos	0	0
2003	44159	Moscardón	0	0
2003	44160	Mosqueruela	2	0,03
2003	44161	Muniesa	1	0,1
2003	44163	Noguera de Albarracín	0	0
2003	44164	Nogueras	0	0
2003	44165	Nogueruelas	1	0,01
2003	44167	Obón	0	0
2003	44168	Odón	0	0
2003	44169	Ojos Negros	0	0
2003	44171	Olba	2	0,09
2003	44172	Oliete	0	0
2003	44173	Olmos (Los)	1	1,25
2003	44174	Orihuela del Tremedal	1	0
2003	44175	Orrios	0	0
2003	44176	Palomar de Arroyos	0	0
2003	44177	Pancrudo	1	1,5
2003	44178	Parras de Castellote (Las)	3	0,15
2003	44179	Peñarroya de Tastavins	1	0,11
2003	44180	Peracense	0	0
2003	44181	Peralejos	0	0
2003	44182	Perales del Alfambra	0	0
2003	44183	Pitarque	2	0,02
2003	44184	Plou	0	0
2003	44185	Pobo (El)	0	0
2003	44187	Portellada (La)	1	0,03
2003	44189	Pozondón	0	0
2003	44190	Pozuel del Campo	0	0
2003	44191	Puebla de Híjar (La)	1	0,24
2003	44192	Puebla de Valverde (La)	1	9
2003	44193	Puertomingalvo	0	0
2003	44194	Ráfales	1	0,08
2003	44195	Rillo	0	0
2003	44196	Riodeva	1	0
2003	44197	Ródenas	0	0
2003	44198	Royuela	0	0
2003	44199	Rubiales	0	0
2003	44200	Rubielos de la Cérida	0	0
2003	44201	Rubielos de Mora	2	0,44
2003	44203	Salcedillo	0	0
2003	44204	Saldón	0	0
2003	44205	Samper de Calanda	4	1,86
2003	44206	San Agustín	1	0,01
2003	44207	San Martín del Río	1	0,79
2003	44208	Santa Cruz de Nogueras	0	0
2003	44209	Santa Eulalia	0	0
2003	44210	Sarrión	3	0,9
2003	44211	Segura de los Baños	1	22
2003	44212	Seno	0	0
2003	44213	Singra	0	0
2003	44215	Terriente	1	0
2003	44216	Teruel	5	0,3
2003	44217	Toril y Masegoso	0	0
2003	44218	Tormón	0	0
2003	44219	Tornos	0	0
2003	44220	Torralba de los Sisones	0	0
2003	44221	Torrecilla de Alcañiz	1	0,55
2003	44222	Torrecilla del Rebollar	1	0
2003	44223	Torre de Arcas	1	0
2003	44224	Torre de las Arcas	0	0
2003	44225	Torre del Compte	0	0
2003	44226	Torrelacárcel	0	0
2003	44227	Torre los Negros	0	0
2003	44228	Torremocha de Jiloca	0	0
2003	44229	Torres de Albarracín	0	0
2003	44230	Torrevelilla	1	0,3
2003	44231	Torrijas	0	0
2003	44232	Torrijo del Campo	0	0
2003	44234	Tramacastiel	1	0,1
2003	44235	Tramacastilla	0	0
2003	44236	Tronchón	0	0
2003	44237	Urrea de Gaén	0	0
2003	44238	Utrillas	0	0
2003	44239	Valacloche	0	0
2003	44240	Valbona	1	1,7
2003	44241	Valdealgorfa	1	0,01
2003	44243	Valdecuenca	0	0
2003	44244	Valdelinares	0	0
2003	44245	Valdeltormo	1	0
2003	44246	Valderrobres	1	0,01
2003	44247	Valjunquera	2	0,01
2003	44249	Vallecillo (El)	0	0
2003	44250	Veguillas de la Sierra	0	0
2003	44251	Villafranca del Campo	0	0
2003	44252	Villahermosa del Campo	1	0,8
2003	44256	Villanueva del Rebollar de la Sierra	0	0
2003	44257	Villar del Cobo	1	0,03
2003	44258	Villar del Salz	0	0
2003	44260	Villarluengo	1	0
2003	44261	Villarquemado	0	0
2003	44262	Villarroya de los Pinares	0	0
2003	44263	Villastar	0	0
2003	44264	Villel	2	0,03
2003	44265	Vinaceite	0	0
2003	44266	Visiedo	0	0
2003	44267	Vivel del Río Martín	1	0,01
2003	44268	Zoma (La)	1	0
2003	50001	Abanto	1	0,01
2003	50002	Acered	0	0
2003	50003	Agón	0	0
2003	50004	Aguarón	1	0,03
2003	50005	Aguilón	0	0
2003	50006	Ainzón	0	0
2003	50007	Aladrén	0	0
2003	50008	Alagón	3	0,52
2003	50009	Alarba	0	0
2003	50010	Alberite de San Juan	0	0
2003	50011	Albeta	0	0
2003	50012	Alborge	0	0
2003	50013	Alcalá de Ebro	0	0
2003	50014	Alcalá de Moncayo	1	0,4
2003	50015	Alconchel de Ariza	0	0
2003	50016	Aldehuela de Liestos	0	0
2003	50017	Alfajarín	1	0,03
2003	50018	Alfamén	0	0
2003	50019	Alforque	0	0
2003	50020	Alhama de Aragón	1	0,15
2003	50021	Almochuel	0	0
2003	50022	Almolda (La)	0	0
2003	50023	Almonacid de la Cuba	0	0
2003	50024	Almonacid de la Sierra	0	0
2003	50025	Almunia de Doña Godina (La)	1	0,2
2003	50026	Alpartir	0	0
2003	50027	Ambel	1	0,04
2003	50028	Anento	0	0
2003	50029	Aniñón	0	0
2003	50030	Añón de Moncayo	0	0
2003	50031	Aranda de Moncayo	0	0
2003	50032	Arándiga	0	0
2003	50033	Ardisa	0	0
2003	50034	Ariza	1	1,25
2003	50035	Artieda	0	0
2003	50036	Asín	0	0
2003	50037	Atea	0	0
2003	50038	Ateca	4	0,23
2003	50039	Azuara	0	0
2003	50040	Badules	0	0
2003	50041	Bagüés	0	0
2003	50042	Balconchán	0	0
2003	50043	Bárboles	0	0
2003	50044	Bardallur	1	17
2003	50045	Belchite	0	0
2003	50046	Belmonte de Gracián	1	0,01
2003	50047	Berdejo	0	0
2003	50048	Berrueco	0	0
2003	50050	Bijuesca	0	0
2003	50051	Biota	2	4,03
2003	50052	Bisimbre	0	0
2003	50053	Boquiñeni	1	1,8
2003	50054	Bordalba	0	0
2003	50055	Borja	0	0
2003	50056	Botorrita	1	0,15
2003	50057	Brea de Aragón	1	0,1
2003	50058	Bubierca	0	0
2003	50059	Bujaraloz	0	0
2003	50060	Bulbuente	1	0,15
2003	50061	Bureta	1	0,3
2003	50062	Burgo de Ebro (El)	1	0,02
2003	50063	Buste (El)	0	0
2003	50064	Cabañas de Ebro	0	0
2003	50065	Cabolafuente	0	0
2003	50066	Cadrete	1	0,5
2003	50067	Calatayud	0	0
2003	50068	Calatorao	0	0
2003	50069	Calcena	1	0,02
2003	50070	Calmarza	0	0
2003	50071	Campillo de Aragón	0	0
2003	50072	Carenas	2	0,85
2003	50073	Cariñena	0	0
2003	50074	Caspe	4	5,31
2003	50075	Castejón de Alarba	0	0
2003	50076	Castejón de las Armas	1	0,06
2003	50077	Castejón de Valdejasa	0	0
2003	50078	Castiliscar	0	0
2003	50079	Cervera de la Cañada	0	0
2003	50080	Cerveruela	0	0
2003	50081	Cetina	2	0,31
2003	50082	Cimballa	0	0
2003	50083	Cinco Olivas	0	0
2003	50084	Clarés de Ribota	0	0
2003	50085	Codo	0	0
2003	50086	Codos	0	0
2003	50087	Contamina	0	0
2003	50088	Cosuenda	1	2
2003	50089	Cuarte de Huerva	0	0
2003	50090	Cubel	0	0
2003	50091	Cuerlas (Las)	0	0
2003	50092	Chiprana	1	1,21
2003	50093	Chodes	0	0
2003	50094	Daroca	0	0
2003	50095	Ejea de los Caballeros	4	0,23
2003	50096	Embid de Ariza	0	0
2003	50098	Encinacorba	2	280,59
2003	50099	Épila	0	0
2003	50100	Erla	0	0
2003	50101	Escatrón	2	1,34
2003	50102	Fabara	4	3,38
2003	50104	Farlete	0	0
2003	50105	Fayón	0	0
2003	50106	Fayos (Los)	0	0
2003	50107	Figueruelas	0	0
2003	50108	Fombuena	0	0
2003	50109	Frago (El)	0	0
2003	50110	Frasno (El)	1	1
2003	50111	Fréscano	0	0
2003	50113	Fuendejalón	1	0,02
2003	50114	Fuendetodos	2	1,02
2003	50115	Fuentes de Ebro	2	1,01
2003	50116	Fuentes de Jiloca	0	0
2003	50117	Gallocanta	0	0
2003	50118	Gallur	1	0,22
2003	50119	Gelsa	2	2,53
2003	50120	Godojos	1	0,4
2003	50121	Gotor	1	0,01
2003	50122	Grisel	0	0
2003	50123	Grisén	0	0
2003	50124	Herrera de los Navarros	1	0,02
2003	50125	Ibdes	0	0
2003	50126	Illueca	0	0
2003	50128	Isuerre	0	0
2003	50129	Jaraba	0	0
2003	50130	Jarque de Moncayo	0	0
2003	50131	Jaulín	0	0
2003	50132	Joyosa (La)	0	0
2003	50133	Lagata	0	0
2003	50134	Langa del Castillo	0	0
2003	50135	Layana	0	0
2003	50136	Lécera	0	0
2003	50137	Leciñena	1	2
2003	50138	Lechón	0	0
2003	50139	Letux	0	0
2003	50140	Litago	1	1,2
2003	50141	Lituénigo	0	0
2003	50142	Lobera de Onsella	0	0
2003	50143	Longares	0	0
2003	50144	Longás	0	0
2003	50146	Lucena de Jalón	0	0
2003	50147	Luceni	0	0
2003	50148	Luesia	2	93,57
2003	50149	Luesma	0	0
2003	50150	Lumpiaque	0	0
2003	50151	Luna	2	0,16
2003	50152	Maella	2	0,56
2003	50153	Magallón	0	0
2003	50154	Mainar	1	0,09
2003	50155	Malanquilla	0	0
2003	50156	Maleján	0	0
2003	50157	Malón	0	0
2003	50159	Maluenda	0	0
2003	50160	Mallén	1	0,02
2003	50161	Manchones	1	0,11
2003	50162	Mara	0	0
2003	50163	María de Huerva	0	0
2003	50164	Mediana de Aragón	0	0
2003	50165	Mequinenza	3	544,07
2003	50166	Mesones de Isuela	0	0
2003	50167	Mezalocha	0	0
2003	50168	Mianos	0	0
2003	50169	Miedes de Aragón	0	0
2003	50170	Monegrillo	0	0
2003	50171	Moneva	0	0
2003	50172	Monreal de Ariza	1	0,02
2003	50173	Monterde	0	0
2003	50174	Montón	0	0
2003	50175	Morata de Jalón	1	6,5
2003	50176	Morata de Jiloca	0	0
2003	50177	Morés	0	0
2003	50178	Moros	0	0
2003	50179	Moyuela	0	0
2003	50180	Mozota	0	0
2003	50181	Muel	1	0,7
2003	50182	Muela (La)	0	0
2003	50183	Munébrega	0	0
2003	50184	Murero	0	0
2003	50185	Murillo de Gállego	0	0
2003	50186	Navardún	1	0,1
2003	50187	Nigüella	0	0
2003	50188	Nombrevilla	0	0
2003	50189	Nonaspe	1	0,02
2003	50190	Novallas	1	0,02
2003	50191	Novillas	1	0,1
2003	50192	Nuévalos	1	8
2003	50193	Nuez de Ebro	0	0
2003	50194	Olvés	0	0
2003	50195	Orcajo	0	0
2003	50196	Orera	0	0
2003	50197	Orés	0	0
2003	50198	Oseja	1	0,3
2003	50199	Osera de Ebro	1	0,1
2003	50200	Paniza	1	0,01
2003	50201	Paracuellos de Jiloca	0	0
2003	50202	Paracuellos de la Ribera	0	0
2003	50203	Pastriz	1	0,15
2003	50204	Pedrola	0	0
2003	50205	Pedrosas (Las)	0	0
2003	50206	Perdiguera	0	0
2003	50207	Piedratajada	0	0
2003	50208	Pina de Ebro	4	8,58
2003	50209	Pinseque	0	0
2003	50210	Pintanos (Los)	1	1
2003	50211	Plasencia de Jalón	0	0
2003	50212	Pleitas	0	0
2003	50213	Plenas	0	0
2003	50214	Pomer	0	0
2003	50215	Pozuel de Ariza	0	0
2003	50216	Pozuelo de Aragón	0	0
2003	50217	Pradilla de Ebro	0	0
2003	50218	Puebla de Albortón	0	0
2003	50219	Puebla de Alfindén (La)	0	0
2003	50220	Puendeluna	0	0
2003	50221	Purujosa	1	0,08
2003	50222	Quinto	1	0,2
2003	50223	Remolinos	0	0
2003	50224	Retascón	0	0
2003	50225	Ricla	1	4
2003	50227	Romanos	0	0
2003	50228	Rueda de Jalón	0	0
2003	50229	Ruesca	0	0
2003	50230	Sádaba	0	0
2003	50231	Salillas de Jalón	0	0
2003	50232	Salvatierra de Esca	0	0
2003	50233	Samper del Salz	0	0
2003	50234	San Martín de la Virgen de Moncayo	0	0
2003	50235	San Mateo de Gállego	0	0
2003	50236	Santa Cruz de Grío	0	0
2003	50237	Santa Cruz de Moncayo	0	0
2003	50238	Santa Eulalia de Gállego	0	0
2003	50239	Santed	0	0
2003	50240	Sástago	2	0,09
2003	50241	Saviñán	0	0
2003	50242	Sediles	0	0
2003	50243	Sestrica	0	0
2003	50244	Sierra de Luna	0	0
2003	50245	Sigüés	0	0
2003	50246	Sisamón	1	1
2003	50247	Sobradiel	0	0
2003	50248	Sos del Rey Católico	3	7,77
2003	50249	Tabuenca	0	0
2003	50250	Talamantes	0	0
2003	50251	Tarazona	0	0
2003	50252	Tauste	2	1,55
2003	50253	Terrer	1	0,01
2003	50254	Tierga	0	0
2003	50255	Tobed	0	0
2003	50256	Torralba de los Frailes	0	0
2003	50257	Torralba de Ribota	0	0
2003	50258	Torralbilla	0	0
2003	50259	Torrehermosa	0	0
2003	50260	Torrelapaja	0	0
2003	50261	Torrellas	1	0,1
2003	50262	Torres de Berrellén	0	0
2003	50263	Torrijo de la Cañada	0	0
2003	50264	Tosos	0	0
2003	50265	Trasmoz	0	0
2003	50266	Trasobares	0	0
2003	50267	Uncastillo	2	7
2003	50268	Undués de Lerda	0	0
2003	50269	Urrea de Jalón	0	0
2003	50270	Urriés	0	0
2003	50271	Used	0	0
2003	50272	Utebo	0	0
2003	50273	Valdehorna	0	0
2003	50274	Val de San Martín	0	0
2003	50275	Valmadrid	1	30
2003	50276	Valpalmas	1	0,75
2003	50277	Valtorres	1	0,75
2003	50278	Velilla de Ebro	0	0
2003	50279	Velilla de Jiloca	0	0
2003	50280	Vera de Moncayo	0	0
2003	50281	Vierlas	0	0
2003	50282	Vilueña (La)	0	0
2003	50283	Villadoz	0	0
2003	50284	Villafeliche	0	0
2003	50285	Villafranca de Ebro	2	0,42
2003	50286	Villalba de Perejil	0	0
2003	50287	Villalengua	0	0
2003	50288	Villanueva de Gállego	2	0,54
2003	50289	Villanueva de Jiloca	0	0
2003	50290	Villanueva de Huerva	0	0
2003	50291	Villar de los Navarros	0	0
2003	50292	Villarreal de Huerva	0	0
2003	50293	Villarroya de la Sierra	2	4,8
2003	50294	Villarroya del Campo	0	0
2003	50295	Vistabella	0	0
2003	50296	Zaida (La)	0	0
2003	50297	Zaragoza	8	25,25
2003	50298	Zuera	8	3,05
2003	50901	Biel	1	0,25
2003	50902	Marracos	0	0
2004	22001	Abiego	0	0
2004	22002	Abizanda	0	0
2004	22003	Adahuesca	0	0
2004	22004	Agüero	0	0
2004	22006	Aísa	2	0,02
2004	22007	Albalate de Cinca	0	0
2004	22008	Albalatillo	0	0
2004	22009	Albelda	1	0,5
2004	22011	Albero Alto	2	29,72
2004	22012	Albero Bajo	0	0
2004	22013	Alberuela de Tubo	0	0
2004	22014	Alcalá de Gurrea	1	3
2004	22015	Alcalá del Obispo	1	0,23
2004	22016	Alcampell	0	0
2004	22017	Alcolea de Cinca	1	4
2004	22018	Alcubierre	1	0,5
2004	22019	Alerre	0	0
2004	22020	Alfántega	0	0
2004	22021	Almudévar	1	1,59
2004	22022	Almunia de San Juan	0	0
2004	22023	Almuniente	0	0
2004	22024	Alquézar	0	0
2004	22025	Altorricón	1	0,65
2004	22027	Angüés	0	0
2004	22028	Ansó	0	0
2004	22029	Antillón	0	0
2004	22032	Aragüés del Puerto	0	0
2004	22035	Arén	1	0,01
2004	22036	Argavieso	2	9,07
2004	22037	Arguis	0	0
2004	22039	Ayerbe	1	0,04
2004	22040	Azanuy-Alins	0	0
2004	22041	Azara	1	0,9
2004	22042	Azlor	0	0
2004	22043	Baells	1	0,5
2004	22044	Bailo	1	0,15
2004	22045	Baldellou	0	0
2004	22046	Ballobar	0	0
2004	22047	Banastás	0	0
2004	22048	Barbastro	1	0,5
2004	22049	Barbués	0	0
2004	22050	Barbuñales	0	0
2004	22051	Bárcabo	0	0
2004	22052	Belver de Cinca	0	0
2004	22053	Benabarre	0	0
2004	22054	Benasque	0	0
2004	22055	Berbegal	2	5
2004	22057	Bielsa	0	0
2004	22058	Bierge	1	0,25
2004	22059	Biescas	1	0,1
2004	22060	Binaced	0	0
2004	22061	Binéfar	1	0,03
2004	22062	Bisaurri	0	0
2004	22063	Biscarrués	0	0
2004	22064	Blecua y Torres	0	0
2004	22066	Boltaña	0	0
2004	22067	Bonansa	0	0
2004	22068	Borau	0	0
2004	22069	Broto	0	0
2004	22072	Caldearenas	1	0,2
2004	22074	Campo	0	0
2004	22075	Camporrells	1	13,5
2004	22076	Canal de Berdún	0	0
2004	22077	Candasnos	2	0,7
2004	22078	Canfranc	0	0
2004	22079	Capdesaso	0	0
2004	22080	Capella	1	0,03
2004	22081	Casbas de Huesca	2	1,69
2004	22082	Castejón del Puente	0	0
2004	22083	Castejón de Monegros	0	0
2004	22084	Castejón de Sos	1	0,5
2004	22085	Castelflorite	0	0
2004	22086	Castiello de Jaca	0	0
2004	22087	Castigaleu	0	0
2004	22088	Castillazuelo	1	0,25
2004	22089	Castillonroy	0	0
2004	22090	Colungo	0	0
2004	22094	Chalamera	0	0
2004	22095	Chía	0	0
2004	22096	Chimillas	0	0
2004	22099	Esplús	1	0,3
2004	22102	Estada	0	0
2004	22103	Estadilla	1	0,1
2004	22105	Estopiñán del Castillo	0	0
2004	22106	Fago	0	0
2004	22107	Fanlo	0	0
2004	22109	Fiscal	1	0,02
2004	22110	Fonz	0	0
2004	22111	Foradada del Toscar	0	0
2004	22112	Fraga	5	36,92
2004	22113	Fueva (La)	1	0,2
2004	22114	Gistaín	0	0
2004	22115	Grado (El)	3	0,52
2004	22116	Grañén	2	0,5
2004	22117	Graus	0	0
2004	22119	Gurrea de Gállego	0	0
2004	22122	Hoz de Jaca	0	0
2004	22124	Huerto	0	0
2004	22125	Huesca	1	0,02
2004	22126	Ibieca	0	0
2004	22127	Igriés	0	0
2004	22128	Ilche	0	0
2004	22129	Isábena	0	0
2004	22130	Jaca	1	0,64
2004	22131	Jasa	0	0
2004	22133	Labuerda	0	0
2004	22135	Laluenga	1	30
2004	22136	Lalueza	1	1
2004	22137	Lanaja	0	0
2004	22139	Laperdiguera	1	0,5
2004	22141	Lascellas-Ponzano	0	0
2004	22142	Lascuarre	0	0
2004	22143	Laspaúles	0	0
2004	22144	Laspuña	0	0
2004	22149	Loarre	2	1,01
2004	22150	Loporzano	2	0,11
2004	22151	Loscorrales	0	0
2004	22155	Monesma y Cajigar	0	0
2004	22156	Monflorite-Lascasas	0	0
2004	22157	Montanuy	0	0
2004	22158	Monzón	6	11,38
2004	22160	Naval	0	0
2004	22162	Novales	0	0
2004	22163	Nueno	0	0
2004	22164	Olvena	0	0
2004	22165	Ontiñena	0	0
2004	22167	Osso de Cinca	1	4
2004	22168	Palo	0	0
2004	22170	Panticosa	0	0
2004	22172	Peñalba	0	0
2004	22173	Peñas de Riglos (Las)	1	1,5
2004	22174	Peralta de Alcofea	0	0
2004	22175	Peralta de Calasanz	1	0,01
2004	22176	Peraltilla	0	0
2004	22177	Perarrúa	0	0
2004	22178	Pertusa	0	0
2004	22181	Piracés	0	0
2004	22182	Plan	0	0
2004	22184	Poleñino	1	0,25
2004	22186	Pozán de Vero	1	0,5
2004	22187	Puebla de Castro (La)	1	0,15
2004	22188	Puente de Montañana	0	0
2004	22189	Puértolas	0	0
2004	22190	Pueyo de Araguás (El)	0	0
2004	22193	Pueyo de Santa Cruz	0	0
2004	22195	Quicena	0	0
2004	22197	Robres	0	0
2004	22199	Sabiñánigo	1	1,5
2004	22200	Sahún	0	0
2004	22201	Salas Altas	0	0
2004	22202	Salas Bajas	0	0
2004	22203	Salillas	0	0
2004	22204	Sallent de Gállego	0	0
2004	22205	San Esteban de Litera	1	2,87
2004	22206	Sangarrén	0	0
2004	22207	San Juan de Plan	0	0
2004	22208	Santa Cilia	0	0
2004	22209	Santa Cruz de la Serós	0	0
2004	22212	Santaliestra y San Quílez	0	0
2004	22213	Sariñena	3	16,15
2004	22214	Secastilla	0	0
2004	22215	Seira	2	0,81
2004	22217	Sena	0	0
2004	22218	Senés de Alcubierre	0	0
2004	22220	Sesa	0	0
2004	22221	Sesué	0	0
2004	22222	Siétamo	0	0
2004	22223	Sopeira	0	0
2004	22225	Tamarite de Litera	0	0
2004	22226	Tardienta	0	0
2004	22227	Tella-Sin	0	0
2004	22228	Tierz	0	0
2004	22229	Tolva	0	0
2004	22230	Torla-Ordesa	0	0
2004	22232	Torralba de Aragón	1	1,5
2004	22233	Torre la Ribera	0	0
2004	22234	Torrente de Cinca	0	0
2004	22235	Torres de Alcanadre	0	0
2004	22236	Torres de Barbués	0	0
2004	22239	Tramaced	0	0
2004	22242	Valfarta	0	0
2004	22243	Valle de Bardají	0	0
2004	22244	Valle de Lierp	0	0
2004	22245	Velilla de Cinca	0	0
2004	22246	Beranuy	0	0
2004	22247	Viacamp y Litera	0	0
2004	22248	Vicién	0	0
2004	22249	Villanova	0	0
2004	22250	Villanúa	1	1,2
2004	22251	Villanueva de Sigena	0	0
2004	22252	Yebra de Basa	0	0
2004	22253	Yésero	0	0
2004	22254	Zaidín	4	11,51
2004	22901	Valle de Hecho	0	0
2004	22902	Puente la Reina de Jaca	0	0
2004	22903	San Miguel del Cinca	2	5,5
2004	22904	Sotonera (La)	3	0,52
2004	22905	Lupiñén-Ortilla	1	2,5
2004	22906	Santa María de Dulcis	0	0
2004	22907	Aínsa-Sobrarbe	0	0
2004	22908	Hoz y Costeán	0	0
2004	22909	Vencillón	0	0
2004	44001	Ababuj	0	0
2004	44002	Abejuela	0	0
2004	44003	Aguatón	0	0
2004	44004	Aguaviva	6	67,99
2004	44005	Aguilar del Alfambra	0	0
2004	44006	Alacón	1	0,1
2004	44007	Alba	0	0
2004	44008	Albalate del Arzobispo	5	0,95
2004	44009	Albarracín	7	0,48
2004	44010	Albentosa	0	0
2004	44011	Alcaine	0	0
2004	44012	Alcalá de la Selva	0	0
2004	44013	Alcañiz	9	5,52
2004	44014	Alcorisa	1	0
2004	44016	Alfambra	0	0
2004	44017	Aliaga	2	86,49
2004	44018	Almohaja	0	0
2004	44019	Alobras	0	0
2004	44020	Alpeñés	0	0
2004	44021	Allepuz	0	0
2004	44022	Alloza	1	24,04
2004	44023	Allueva	0	0
2004	44024	Anadón	0	0
2004	44025	Andorra	2	5,5
2004	44026	Arcos de las Salinas	1	0,05
2004	44027	Arens de Lledó	0	0
2004	44028	Argente	0	0
2004	44029	Ariño	1	0,02
2004	44031	Azaila	1	0,2
2004	44032	Bádenas	0	0
2004	44033	Báguena	2	5,65
2004	44034	Bañón	0	0
2004	44035	Barrachina	0	0
2004	44036	Bea	0	0
2004	44037	Beceite	1	0
2004	44038	Belmonte de San José	1	0,08
2004	44039	Bello	0	0
2004	44040	Berge	1	0,5
2004	44041	Bezas	3	0
2004	44042	Blancas	0	0
2004	44043	Blesa	0	0
2004	44044	Bordón	2	0
2004	44045	Bronchales	0	0
2004	44046	Bueña	0	0
2004	44047	Burbáguena	0	0
2004	44048	Cabra de Mora	0	0
2004	44049	Calaceite	2	0,56
2004	44050	Calamocha	1	9,4
2004	44051	Calanda	0	0
2004	44052	Calomarde	0	0
2004	44053	Camañas	0	0
2004	44054	Camarena de la Sierra	1	0
2004	44055	Camarillas	0	0
2004	44056	Caminreal	0	0
2004	44059	Cantavieja	0	0
2004	44060	Cañada de Benatanduz	1	0,05
2004	44061	Cañada de Verich (La)	0	0
2004	44062	Cañada Vellida	0	0
2004	44063	Cañizar del Olivar	0	0
2004	44064	Cascante del Río	0	0
2004	44065	Castejón de Tornos	0	0
2004	44066	Castel de Cabra	0	0
2004	44067	Castelnou	0	0
2004	44068	Castelserás	0	0
2004	44070	Castellar (El)	0	0
2004	44071	Castellote	6	0,46
2004	44074	Cedrillas	0	0
2004	44075	Celadas	0	0
2004	44076	Cella	1	0,25
2004	44077	Cerollera (La)	0	0
2004	44080	Codoñera (La)	0	0
2004	44082	Corbalán	1	0
2004	44084	Cortes de Aragón	0	0
2004	44085	Cosa	0	0
2004	44086	Cretas	1	0,24
2004	44087	Crivillén	1	0
2004	44088	Cuba (La)	0	0
2004	44089	Cubla	0	0
2004	44090	Cucalón	0	0
2004	44092	Cuervo (El)	0	0
2004	44093	Cuevas de Almudén	0	0
2004	44094	Cuevas Labradas	0	0
2004	44096	Ejulve	0	0
2004	44097	Escorihuela	0	0
2004	44099	Escucha	3	0,09
2004	44100	Estercuel	0	0
2004	44101	Ferreruela de Huerva	0	0
2004	44102	Fonfría	0	0
2004	44103	Formiche Alto	0	0
2004	44105	Fórnoles	0	0
2004	44106	Fortanete	1	0
2004	44107	Foz-Calanda	0	0
2004	44108	Fresneda (La)	0	0
2004	44109	Frías de Albarracín	0	0
2004	44110	Fuenferrada	0	0
2004	44111	Fuentes Calientes	0	0
2004	44112	Fuentes Claras	0	0
2004	44113	Fuentes de Rubielos	1	0,01
2004	44114	Fuentespalda	1	0,15
2004	44115	Galve	0	0
2004	44116	Gargallo	2	0,02
2004	44117	Gea de Albarracín	0	0
2004	44118	Ginebrosa (La)	2	0,51
2004	44119	Griegos	0	0
2004	44120	Guadalaviar	0	0
2004	44121	Gúdar	0	0
2004	44122	Híjar	2	0,03
2004	44123	Hinojosa de Jarque	1	0,04
2004	44124	Hoz de la Vieja (La)	1	0,03
2004	44125	Huesa del Común	1	2,5
2004	44126	Iglesuela del Cid (La)	0	0
2004	44127	Jabaloyas	0	0
2004	44128	Jarque de la Val	0	0
2004	44129	Jatiel	0	0
2004	44130	Jorcas	0	0
2004	44131	Josa	0	0
2004	44132	Lagueruela	0	0
2004	44133	Lanzuela	0	0
2004	44135	Libros	2	0,55
2004	44136	Lidón	0	0
2004	44137	Linares de Mora	1	2,2
2004	44138	Loscos	0	0
2004	44141	Lledó	0	0
2004	44142	Maicas	0	0
2004	44143	Manzanera	2	0
2004	44144	Martín del Río	0	0
2004	44145	Mas de las Matas	1	0,5
2004	44146	Mata de los Olmos (La)	0	0
2004	44147	Mazaleón	1	0,8
2004	44148	Mezquita de Jarque	0	0
2004	44149	Mirambel	0	0
2004	44150	Miravete de la Sierra	0	0
2004	44151	Molinos	0	0
2004	44152	Monforte de Moyuela	0	0
2004	44153	Monreal del Campo	0	0
2004	44154	Monroyo	2	0,01
2004	44155	Montalbán	0	0
2004	44156	Monteagudo del Castillo	0	0
2004	44157	Monterde de Albarracín	0	0
2004	44158	Mora de Rubielos	1	0
2004	44159	Moscardón	0	0
2004	44160	Mosqueruela	3	0,52
2004	44161	Muniesa	0	0
2004	44163	Noguera de Albarracín	0	0
2004	44164	Nogueras	0	0
2004	44165	Nogueruelas	0	0
2004	44167	Obón	0	0
2004	44168	Odón	0	0
2004	44169	Ojos Negros	0	0
2004	44171	Olba	0	0
2004	44172	Oliete	0	0
2004	44173	Olmos (Los)	1	0
2004	44174	Orihuela del Tremedal	0	0
2004	44175	Orrios	0	0
2004	44176	Palomar de Arroyos	0	0
2004	44177	Pancrudo	0	0
2004	44178	Parras de Castellote (Las)	2	0,07
2004	44179	Peñarroya de Tastavins	1	0
2004	44180	Peracense	0	0
2004	44181	Peralejos	0	0
2004	44182	Perales del Alfambra	0	0
2004	44183	Pitarque	0	0
2004	44184	Plou	0	0
2004	44185	Pobo (El)	0	0
2004	44187	Portellada (La)	0	0
2004	44189	Pozondón	1	0,04
2004	44190	Pozuel del Campo	0	0
2004	44191	Puebla de Híjar (La)	4	1,25
2004	44192	Puebla de Valverde (La)	1	0,25
2004	44193	Puertomingalvo	2	0
2004	44194	Ráfales	1	0,01
2004	44195	Rillo	0	0
2004	44196	Riodeva	1	0,17
2004	44197	Ródenas	0	0
2004	44198	Royuela	0	0
2004	44199	Rubiales	0	0
2004	44200	Rubielos de la Cérida	0	0
2004	44201	Rubielos de Mora	1	0,01
2004	44203	Salcedillo	0	0
2004	44204	Saldón	0	0
2004	44205	Samper de Calanda	7	2,26
2004	44206	San Agustín	0	0
2004	44207	San Martín del Río	0	0
2004	44208	Santa Cruz de Nogueras	0	0
2004	44209	Santa Eulalia	0	0
2004	44210	Sarrión	0	0
2004	44211	Segura de los Baños	0	0
2004	44212	Seno	0	0
2004	44213	Singra	0	0
2004	44215	Terriente	0	0
2004	44216	Teruel	2	0,3
2004	44217	Toril y Masegoso	0	0
2004	44218	Tormón	0	0
2004	44219	Tornos	0	0
2004	44220	Torralba de los Sisones	0	0
2004	44221	Torrecilla de Alcañiz	0	0
2004	44222	Torrecilla del Rebollar	0	0
2004	44223	Torre de Arcas	0	0
2004	44224	Torre de las Arcas	1	0,02
2004	44225	Torre del Compte	0	0
2004	44226	Torrelacárcel	0	0
2004	44227	Torre los Negros	0	0
2004	44228	Torremocha de Jiloca	0	0
2004	44229	Torres de Albarracín	1	26,53
2004	44230	Torrevelilla	1	0,06
2004	44231	Torrijas	0	0
2004	44232	Torrijo del Campo	0	0
2004	44234	Tramacastiel	2	1,02
2004	44235	Tramacastilla	0	0
2004	44236	Tronchón	0	0
2004	44237	Urrea de Gaén	0	0
2004	44238	Utrillas	2	0,07
2004	44239	Valacloche	2	0,16
2004	44240	Valbona	1	0,4
2004	44241	Valdealgorfa	0	0
2004	44243	Valdecuenca	0	0
2004	44244	Valdelinares	0	0
2004	44245	Valdeltormo	0	0
2004	44246	Valderrobres	1	0,11
2004	44247	Valjunquera	0	0
2004	44249	Vallecillo (El)	0	0
2004	44250	Veguillas de la Sierra	0	0
2004	44251	Villafranca del Campo	0	0
2004	44252	Villahermosa del Campo	0	0
2004	44256	Villanueva del Rebollar de la Sierra	0	0
2004	44257	Villar del Cobo	0	0
2004	44258	Villar del Salz	0	0
2004	44260	Villarluengo	5	1,66
2004	44261	Villarquemado	0	0
2004	44262	Villarroya de los Pinares	0	0
2004	44263	Villastar	0	0
2004	44264	Villel	1	0,18
2004	44265	Vinaceite	0	0
2004	44266	Visiedo	0	0
2004	44267	Vivel del Río Martín	0	0
2004	44268	Zoma (La)	1	0
2004	50001	Abanto	2	103,53
2004	50002	Acered	0	0
2004	50003	Agón	0	0
2004	50004	Aguarón	3	9,12
2004	50005	Aguilón	1	1
2004	50006	Ainzón	1	0,7
2004	50007	Aladrén	0	0
2004	50008	Alagón	0	0
2004	50009	Alarba	0	0
2004	50010	Alberite de San Juan	0	0
2004	50011	Albeta	0	0
2004	50012	Alborge	0	0
2004	50013	Alcalá de Ebro	1	0,17
2004	50014	Alcalá de Moncayo	0	0
2004	50015	Alconchel de Ariza	0	0
2004	50016	Aldehuela de Liestos	0	0
2004	50017	Alfajarín	1	5
2004	50018	Alfamén	0	0
2004	50019	Alforque	0	0
2004	50020	Alhama de Aragón	0	0
2004	50021	Almochuel	0	0
2004	50022	Almolda (La)	1	2,8
2004	50023	Almonacid de la Cuba	0	0
2004	50024	Almonacid de la Sierra	1	0,01
2004	50025	Almunia de Doña Godina (La)	1	0,1
2004	50026	Alpartir	0	0
2004	50027	Ambel	1	2
2004	50028	Anento	0	0
2004	50029	Aniñón	0	0
2004	50030	Añón de Moncayo	0	0
2004	50031	Aranda de Moncayo	1	0,05
2004	50032	Arándiga	0	0
2004	50033	Ardisa	2	3
2004	50034	Ariza	0	0
2004	50035	Artieda	0	0
2004	50036	Asín	0	0
2004	50037	Atea	0	0
2004	50038	Ateca	2	0,01
2004	50039	Azuara	0	0
2004	50040	Badules	0	0
2004	50041	Bagüés	0	0
2004	50042	Balconchán	0	0
2004	50043	Bárboles	0	0
2004	50044	Bardallur	1	0,6
2004	50045	Belchite	3	1,4
2004	50046	Belmonte de Gracián	1	0
2004	50047	Berdejo	0	0
2004	50048	Berrueco	0	0
2004	50050	Bijuesca	0	0
2004	50051	Biota	1	0,01
2004	50052	Bisimbre	0	0
2004	50053	Boquiñeni	3	3,1
2004	50054	Bordalba	0	0
2004	50055	Borja	1	1
2004	50056	Botorrita	0	0
2004	50057	Brea de Aragón	0	0
2004	50058	Bubierca	1	0,04
2004	50059	Bujaraloz	1	0,25
2004	50060	Bulbuente	1	0,11
2004	50061	Bureta	0	0
2004	50062	Burgo de Ebro (El)	3	0,92
2004	50063	Buste (El)	1	20
2004	50064	Cabañas de Ebro	0	0
2004	50065	Cabolafuente	0	0
2004	50066	Cadrete	2	0,4
2004	50067	Calatayud	5	0,45
2004	50068	Calatorao	2	0,08
2004	50069	Calcena	0	0
2004	50070	Calmarza	0	0
2004	50071	Campillo de Aragón	0	0
2004	50072	Carenas	1	0,2
2004	50073	Cariñena	0	0
2004	50074	Caspe	4	1,01
2004	50075	Castejón de Alarba	0	0
2004	50076	Castejón de las Armas	0	0
2004	50077	Castejón de Valdejasa	2	0,01
2004	50078	Castiliscar	0	0
2004	50079	Cervera de la Cañada	0	0
2004	50080	Cerveruela	0	0
2004	50081	Cetina	0	0
2004	50082	Cimballa	0	0
2004	50083	Cinco Olivas	0	0
2004	50084	Clarés de Ribota	0	0
2004	50085	Codo	0	0
2004	50086	Codos	0	0
2004	50087	Contamina	0	0
2004	50088	Cosuenda	1	0,8
2004	50089	Cuarte de Huerva	1	2
2004	50090	Cubel	0	0
2004	50091	Cuerlas (Las)	0	0
2004	50092	Chiprana	1	0,06
2004	50093	Chodes	0	0
2004	50094	Daroca	0	0
2004	50095	Ejea de los Caballeros	10	11,26
2004	50096	Embid de Ariza	0	0
2004	50098	Encinacorba	1	0,05
2004	50099	Épila	0	0
2004	50100	Erla	2	0,28
2004	50101	Escatrón	4	1,86
2004	50102	Fabara	4	0,37
2004	50104	Farlete	1	1,2
2004	50105	Fayón	0	0
2004	50106	Fayos (Los)	0	0
2004	50107	Figueruelas	0	0
2004	50108	Fombuena	0	0
2004	50109	Frago (El)	0	0
2004	50110	Frasno (El)	1	0,5
2004	50111	Fréscano	0	0
2004	50113	Fuendejalón	0	0
2004	50114	Fuendetodos	2	2,02
2004	50115	Fuentes de Ebro	3	0,35
2004	50116	Fuentes de Jiloca	0	0
2004	50117	Gallocanta	0	0
2004	50118	Gallur	3	0,2
2004	50119	Gelsa	1	1,3
2004	50120	Godojos	0	0
2004	50121	Gotor	0	0
2004	50122	Grisel	0	0
2004	50123	Grisén	0	0
2004	50124	Herrera de los Navarros	0	0
2004	50125	Ibdes	0	0
2004	50126	Illueca	2	0,25
2004	50128	Isuerre	0	0
2004	50129	Jaraba	1	0,5
2004	50130	Jarque de Moncayo	1	0,2
2004	50131	Jaulín	0	0
2004	50132	Joyosa (La)	0	0
2004	50133	Lagata	0	0
2004	50134	Langa del Castillo	0	0
2004	50135	Layana	0	0
2004	50136	Lécera	0	0
2004	50137	Leciñena	1	0
2004	50138	Lechón	0	0
2004	50139	Letux	0	0
2004	50140	Litago	0	0
2004	50141	Lituénigo	0	0
2004	50142	Lobera de Onsella	0	0
2004	50143	Longares	0	0
2004	50144	Longás	0	0
2004	50146	Lucena de Jalón	0	0
2004	50147	Luceni	2	1,12
2004	50148	Luesia	0	0
2004	50149	Luesma	0	0
2004	50150	Lumpiaque	0	0
2004	50151	Luna	4	1,81
2004	50152	Maella	2	0,9
2004	50153	Magallón	0	0
2004	50154	Mainar	1	1
2004	50155	Malanquilla	0	0
2004	50156	Maleján	0	0
2004	50157	Malón	0	0
2004	50159	Maluenda	1	0,1
2004	50160	Mallén	0	0
2004	50161	Manchones	0	0
2004	50162	Mara	0	0
2004	50163	María de Huerva	4	5,32
2004	50164	Mediana de Aragón	0	0
2004	50165	Mequinenza	4	1,17
2004	50166	Mesones de Isuela	0	0
2004	50167	Mezalocha	0	0
2004	50168	Mianos	0	0
2004	50169	Miedes de Aragón	0	0
2004	50170	Monegrillo	1	2,61
2004	50171	Moneva	0	0
2004	50172	Monreal de Ariza	1	0,2
2004	50173	Monterde	0	0
2004	50174	Montón	0	0
2004	50175	Morata de Jalón	1	0,1
2004	50176	Morata de Jiloca	0	0
2004	50177	Morés	0	0
2004	50178	Moros	0	0
2004	50179	Moyuela	0	0
2004	50180	Mozota	0	0
2004	50181	Muel	1	0,15
2004	50182	Muela (La)	1	0,01
2004	50183	Munébrega	0	0
2004	50184	Murero	0	0
2004	50185	Murillo de Gállego	0	0
2004	50186	Navardún	0	0
2004	50187	Nigüella	0	0
2004	50188	Nombrevilla	1	0,02
2004	50189	Nonaspe	1	0,41
2004	50190	Novallas	0	0
2004	50191	Novillas	0	0
2004	50192	Nuévalos	1	1,5
2004	50193	Nuez de Ebro	0	0
2004	50194	Olvés	0	0
2004	50195	Orcajo	0	0
2004	50196	Orera	0	0
2004	50197	Orés	0	0
2004	50198	Oseja	0	0
2004	50199	Osera de Ebro	4	14,06
2004	50200	Paniza	1	0,25
2004	50201	Paracuellos de Jiloca	1	0,03
2004	50202	Paracuellos de la Ribera	0	0
2004	50203	Pastriz	2	3,5
2004	50204	Pedrola	1	0,04
2004	50205	Pedrosas (Las)	0	0
2004	50206	Perdiguera	1	0,5
2004	50207	Piedratajada	0	0
2004	50208	Pina de Ebro	2	3,1
2004	50209	Pinseque	0	0
2004	50210	Pintanos (Los)	1	3
2004	50211	Plasencia de Jalón	0	0
2004	50212	Pleitas	1	0,6
2004	50213	Plenas	0	0
2004	50214	Pomer	0	0
2004	50215	Pozuel de Ariza	1	0,15
2004	50216	Pozuelo de Aragón	0	0
2004	50217	Pradilla de Ebro	0	0
2004	50218	Puebla de Albortón	0	0
2004	50219	Puebla de Alfindén (La)	0	0
2004	50220	Puendeluna	0	0
2004	50221	Purujosa	0	0
2004	50222	Quinto	2	0,57
2004	50223	Remolinos	0	0
2004	50224	Retascón	0	0
2004	50225	Ricla	2	0,75
2004	50227	Romanos	0	0
2004	50228	Rueda de Jalón	0	0
2004	50229	Ruesca	0	0
2004	50230	Sádaba	2	0,07
2004	50231	Salillas de Jalón	0	0
2004	50232	Salvatierra de Esca	0	0
2004	50233	Samper del Salz	0	0
2004	50234	San Martín de la Virgen de Moncayo	0	0
2004	50235	San Mateo de Gállego	1	0,7
2004	50236	Santa Cruz de Grío	0	0
2004	50237	Santa Cruz de Moncayo	0	0
2004	50238	Santa Eulalia de Gállego	0	0
2004	50239	Santed	0	0
2004	50240	Sástago	1	3
2004	50241	Saviñán	1	0,2
2004	50242	Sediles	0	0
2004	50243	Sestrica	0	0
2004	50244	Sierra de Luna	0	0
2004	50245	Sigüés	2	2,04
2004	50246	Sisamón	0	0
2004	50247	Sobradiel	0	0
2004	50248	Sos del Rey Católico	4	58,13
2004	50249	Tabuenca	0	0
2004	50250	Talamantes	1	1,65
2004	50251	Tarazona	2	0,52
2004	50252	Tauste	6	3,93
2004	50253	Terrer	1	0,03
2004	50254	Tierga	1	5
2004	50255	Tobed	1	3
2004	50256	Torralba de los Frailes	0	0
2004	50257	Torralba de Ribota	0	0
2004	50258	Torralbilla	0	0
2004	50259	Torrehermosa	0	0
2004	50260	Torrelapaja	0	0
2004	50261	Torrellas	0	0
2004	50262	Torres de Berrellén	2	0,05
2004	50263	Torrijo de la Cañada	1	0,01
2004	50264	Tosos	1	0,01
2004	50265	Trasmoz	0	0
2004	50266	Trasobares	1	0,1
2004	50267	Uncastillo	1	0,23
2004	50268	Undués de Lerda	1	0,03
2004	50269	Urrea de Jalón	0	0
2004	50270	Urriés	0	0
2004	50271	Used	0	0
2004	50272	Utebo	1	0,05
2004	50273	Valdehorna	0	0
2004	50274	Val de San Martín	0	0
2004	50275	Valmadrid	0	0
2004	50276	Valpalmas	1	0,1
2004	50277	Valtorres	0	0
2004	50278	Velilla de Ebro	1	0,2
2004	50279	Velilla de Jiloca	0	0
2004	50280	Vera de Moncayo	0	0
2004	50281	Vierlas	0	0
2004	50282	Vilueña (La)	0	0
2004	50283	Villadoz	0	0
2004	50284	Villafeliche	0	0
2004	50285	Villafranca de Ebro	1	0,1
2004	50286	Villalba de Perejil	0	0
2004	50287	Villalengua	0	0
2004	50288	Villanueva de Gállego	4	5,9
2004	50289	Villanueva de Jiloca	0	0
2004	50290	Villanueva de Huerva	0	0
2004	50291	Villar de los Navarros	1	1
2004	50292	Villarreal de Huerva	1	4,5
2004	50293	Villarroya de la Sierra	1	0,03
2004	50294	Villarroya del Campo	0	0
2004	50295	Vistabella	0	0
2004	50296	Zaida (La)	2	0,14
2004	50297	Zaragoza	13	458,91
2004	50298	Zuera	10	3,65
2004	50901	Biel	0	0
2004	50902	Marracos	0	0
2005	22001	Abiego	0	0
2005	22002	Abizanda	0	0
2005	22003	Adahuesca	0	0
2005	22004	Agüero	0	0
2005	22006	Aísa	0	0
2005	22007	Albalate de Cinca	1	12
2005	22008	Albalatillo	1	2,5
2005	22009	Albelda	2	1,12
2005	22011	Albero Alto	0	0
2005	22012	Albero Bajo	1	1,8
2005	22013	Alberuela de Tubo	2	0,6
2005	22014	Alcalá de Gurrea	2	23,01
2005	22015	Alcalá del Obispo	1	0,03
2005	22016	Alcampell	1	0,5
2005	22017	Alcolea de Cinca	3	4,11
2005	22018	Alcubierre	0	0
2005	22019	Alerre	0	0
2005	22020	Alfántega	1	0,03
2005	22021	Almudévar	0	0
2005	22022	Almunia de San Juan	0	0
2005	22023	Almuniente	2	0,41
2005	22024	Alquézar	0	0
2005	22025	Altorricón	1	0,01
2005	22027	Angüés	2	2,35
2005	22028	Ansó	1	0,2
2005	22029	Antillón	0	0
2005	22032	Aragüés del Puerto	0	0
2005	22035	Arén	0	0
2005	22036	Argavieso	0	0
2005	22037	Arguis	0	0
2005	22039	Ayerbe	2	14
2005	22040	Azanuy-Alins	0	0
2005	22041	Azara	1	1
2005	22042	Azlor	0	0
2005	22043	Baells	1	0,31
2005	22044	Bailo	0	0
2005	22045	Baldellou	0	0
2005	22046	Ballobar	0	0
2005	22047	Banastás	0	0
2005	22048	Barbastro	7	1,9
2005	22049	Barbués	0	0
2005	22050	Barbuñales	0	0
2005	22051	Bárcabo	0	0
2005	22052	Belver de Cinca	1	1,5
2005	22053	Benabarre	2	0,4
2005	22054	Benasque	0	0
2005	22055	Berbegal	1	0,3
2005	22057	Bielsa	1	0,01
2005	22058	Bierge	0	0
2005	22059	Biescas	3	0,47
2005	22060	Binaced	1	2,52
2005	22061	Binéfar	2	0,72
2005	22062	Bisaurri	2	0,51
2005	22063	Biscarrués	1	3
2005	22064	Blecua y Torres	0	0
2005	22066	Boltaña	2	0,06
2005	22067	Bonansa	0	0
2005	22068	Borau	0	0
2005	22069	Broto	2	9
2005	22072	Caldearenas	4	6,89
2005	22074	Campo	0	0
2005	22075	Camporrells	0	0
2005	22076	Canal de Berdún	1	0,3
2005	22077	Candasnos	1	0,05
2005	22078	Canfranc	0	0
2005	22079	Capdesaso	3	11
2005	22080	Capella	2	0,54
2005	22081	Casbas de Huesca	0	0
2005	22082	Castejón del Puente	3	5,2
2005	22083	Castejón de Monegros	0	0
2005	22084	Castejón de Sos	0	0
2005	22085	Castelflorite	0	0
2005	22086	Castiello de Jaca	0	0
2005	22087	Castigaleu	0	0
2005	22088	Castillazuelo	1	12
2005	22089	Castillonroy	3	0,7
2005	22090	Colungo	0	0
2005	22094	Chalamera	2	2,01
2005	22095	Chía	0	0
2005	22096	Chimillas	0	0
2005	22099	Esplús	0	0
2005	22102	Estada	0	0
2005	22103	Estadilla	1	4
2005	22105	Estopiñán del Castillo	1	5
2005	22106	Fago	0	0
2005	22107	Fanlo	1	0,01
2005	22109	Fiscal	0	0
2005	22110	Fonz	1	0,01
2005	22111	Foradada del Toscar	0	0
2005	22112	Fraga	7	51,66
2005	22113	Fueva (La)	1	0,25
2005	22114	Gistaín	0	0
2005	22115	Grado (El)	2	1,51
2005	22116	Grañén	5	3,44
2005	22117	Graus	7	41,44
2005	22119	Gurrea de Gállego	2	5,06
2005	22122	Hoz de Jaca	0	0
2005	22124	Huerto	0	0
2005	22125	Huesca	6	2,08
2005	22126	Ibieca	0	0
2005	22127	Igriés	1	1
2005	22128	Ilche	3	14
2005	22129	Isábena	1	0,01
2005	22130	Jaca	4	1,67
2005	22131	Jasa	0	0
2005	22133	Labuerda	0	0
2005	22135	Laluenga	2	5,01
2005	22136	Lalueza	5	13,5
2005	22137	Lanaja	4	2,3
2005	22139	Laperdiguera	0	0
2005	22141	Lascellas-Ponzano	0	0
2005	22142	Lascuarre	0	0
2005	22143	Laspaúles	0	0
2005	22144	Laspuña	1	0,01
2005	22149	Loarre	2	3,64
2005	22150	Loporzano	1	0,08
2005	22151	Loscorrales	0	0
2005	22155	Monesma y Cajigar	0	0
2005	22156	Monflorite-Lascasas	0	0
2005	22157	Montanuy	3	2,3
2005	22158	Monzón	18	24,16
2005	22160	Naval	0	0
2005	22162	Novales	1	0,65
2005	22163	Nueno	1	0,39
2005	22164	Olvena	0	0
2005	22165	Ontiñena	0	0
2005	22167	Osso de Cinca	0	0
2005	22168	Palo	0	0
2005	22170	Panticosa	0	0
2005	22172	Peñalba	1	0,01
2005	22173	Peñas de Riglos (Las)	1	0,01
2005	22174	Peralta de Alcofea	0	0
2005	22175	Peralta de Calasanz	2	2,65
2005	22176	Peraltilla	0	0
2005	22177	Perarrúa	0	0
2005	22178	Pertusa	1	1,4
2005	22181	Piracés	1	0,9
2005	22182	Plan	0	0
2005	22184	Poleñino	1	1
2005	22186	Pozán de Vero	0	0
2005	22187	Puebla de Castro (La)	1	0,1
2005	22188	Puente de Montañana	0	0
2005	22189	Puértolas	0	0
2005	22190	Pueyo de Araguás (El)	0	0
2005	22193	Pueyo de Santa Cruz	2	0,78
2005	22195	Quicena	0	0
2005	22197	Robres	1	0,1
2005	22199	Sabiñánigo	7	17,67
2005	22200	Sahún	1	0,2
2005	22201	Salas Altas	0	0
2005	22202	Salas Bajas	0	0
2005	22203	Salillas	1	6
2005	22204	Sallent de Gállego	1	0,04
2005	22205	San Esteban de Litera	1	10
2005	22206	Sangarrén	0	0
2005	22207	San Juan de Plan	0	0
2005	22208	Santa Cilia	0	0
2005	22209	Santa Cruz de la Serós	0	0
2005	22212	Santaliestra y San Quílez	0	0
2005	22213	Sariñena	8	20,11
2005	22214	Secastilla	0	0
2005	22215	Seira	1	0,01
2005	22217	Sena	1	2
2005	22218	Senés de Alcubierre	0	0
2005	22220	Sesa	0	0
2005	22221	Sesué	2	0,6
2005	22222	Siétamo	1	0,01
2005	22223	Sopeira	0	0
2005	22225	Tamarite de Litera	4	2,13
2005	22226	Tardienta	2	0,03
2005	22227	Tella-Sin	0	0
2005	22228	Tierz	0	0
2005	22229	Tolva	0	0
2005	22230	Torla-Ordesa	0	0
2005	22232	Torralba de Aragón	0	0
2005	22233	Torre la Ribera	2	27,03
2005	22234	Torrente de Cinca	2	0,55
2005	22235	Torres de Alcanadre	0	0
2005	22236	Torres de Barbués	3	13,5
2005	22239	Tramaced	0	0
2005	22242	Valfarta	0	0
2005	22243	Valle de Bardají	1	0,1
2005	22244	Valle de Lierp	0	0
2005	22245	Velilla de Cinca	0	0
2005	22246	Beranuy	1	11,2
2005	22247	Viacamp y Litera	2	0,13
2005	22248	Vicién	1	0,01
2005	22249	Villanova	0	0
2005	22250	Villanúa	0	0
2005	22251	Villanueva de Sigena	3	7,02
2005	22252	Yebra de Basa	3	1,54
2005	22253	Yésero	0	0
2005	22254	Zaidín	3	2,67
2005	22901	Valle de Hecho	0	0
2005	22902	Puente la Reina de Jaca	0	0
2005	22903	San Miguel del Cinca	7	36,46
2005	22904	Sotonera (La)	3	10,1
2005	22905	Lupiñén-Ortilla	1	0,7
2005	22906	Santa María de Dulcis	1	1,2
2005	22907	Aínsa-Sobrarbe	1	0,01
2005	22908	Hoz y Costeán	1	0,03
2005	22909	Vencillón	0	0
2005	44001	Ababuj	0	0
2005	44002	Abejuela	0	0
2005	44003	Aguatón	0	0
2005	44004	Aguaviva	2	1,26
2005	44005	Aguilar del Alfambra	0	0
2005	44006	Alacón	0	0
2005	44007	Alba	0	0
2005	44008	Albalate del Arzobispo	7	18,45
2005	44009	Albarracín	4	0,18
2005	44010	Albentosa	1	0,04
2005	44011	Alcaine	0	0
2005	44012	Alcalá de la Selva	1	0,02
2005	44013	Alcañiz	10	3,32
2005	44014	Alcorisa	2	1,4
2005	44016	Alfambra	0	0
2005	44017	Aliaga	5	2,48
2005	44018	Almohaja	0	0
2005	44019	Alobras	0	0
2005	44020	Alpeñés	0	0
2005	44021	Allepuz	0	0
2005	44022	Alloza	2	1,42
2005	44023	Allueva	0	0
2005	44024	Anadón	0	0
2005	44025	Andorra	1	0,03
2005	44026	Arcos de las Salinas	0	0
2005	44027	Arens de Lledó	0	0
2005	44028	Argente	0	0
2005	44029	Ariño	3	0,51
2005	44031	Azaila	0	0
2005	44032	Bádenas	1	0,03
2005	44033	Báguena	2	2,25
2005	44034	Bañón	1	0,55
2005	44035	Barrachina	0	0
2005	44036	Bea	0	0
2005	44037	Beceite	4	0,39
2005	44038	Belmonte de San José	2	0,02
2005	44039	Bello	0	0
2005	44040	Berge	1	0,15
2005	44041	Bezas	0	0
2005	44042	Blancas	0	0
2005	44043	Blesa	0	0
2005	44044	Bordón	0	0
2005	44045	Bronchales	0	0
2005	44046	Bueña	0	0
2005	44047	Burbáguena	0	0
2005	44048	Cabra de Mora	0	0
2005	44049	Calaceite	1	0,43
2005	44050	Calamocha	7	104,78
2005	44051	Calanda	2	0,71
2005	44052	Calomarde	0	0
2005	44053	Camañas	0	0
2005	44054	Camarena de la Sierra	0	0
2005	44055	Camarillas	1	0,39
2005	44056	Caminreal	0	0
2005	44059	Cantavieja	1	0,01
2005	44060	Cañada de Benatanduz	0	0
2005	44061	Cañada de Verich (La)	1	0,2
2005	44062	Cañada Vellida	0	0
2005	44063	Cañizar del Olivar	2	324,51
2005	44064	Cascante del Río	0	0
2005	44065	Castejón de Tornos	0	0
2005	44066	Castel de Cabra	0	0
2005	44067	Castelnou	0	0
2005	44068	Castelserás	2	1,1
2005	44070	Castellar (El)	2	0,02
2005	44071	Castellote	3	0,42
2005	44074	Cedrillas	0	0
2005	44075	Celadas	0	0
2005	44076	Cella	1	3
2005	44077	Cerollera (La)	1	0,01
2005	44080	Codoñera (La)	0	0
2005	44082	Corbalán	0	0
2005	44084	Cortes de Aragón	0	0
2005	44085	Cosa	0	0
2005	44086	Cretas	3	0,27
2005	44087	Crivillén	0	0
2005	44088	Cuba (La)	0	0
2005	44089	Cubla	0	0
2005	44090	Cucalón	1	0,01
2005	44092	Cuervo (El)	0	0
2005	44093	Cuevas de Almudén	0	0
2005	44094	Cuevas Labradas	1	0,04
2005	44096	Ejulve	1	0,78
2005	44097	Escorihuela	0	0
2005	44099	Escucha	2	0,92
2005	44100	Estercuel	1	0,01
2005	44101	Ferreruela de Huerva	0	0
2005	44102	Fonfría	0	0
2005	44103	Formiche Alto	1	3,9
2005	44105	Fórnoles	2	0,11
2005	44106	Fortanete	0	0
2005	44107	Foz-Calanda	0	0
2005	44108	Fresneda (La)	2	1,82
2005	44109	Frías de Albarracín	0	0
2005	44110	Fuenferrada	0	0
2005	44111	Fuentes Calientes	0	0
2005	44112	Fuentes Claras	0	0
2005	44113	Fuentes de Rubielos	0	0
2005	44114	Fuentespalda	1	10,1
2005	44115	Galve	0	0
2005	44116	Gargallo	1	0,01
2005	44117	Gea de Albarracín	1	0,01
2005	44118	Ginebrosa (La)	1	0,01
2005	44119	Griegos	1	0,01
2005	44120	Guadalaviar	0	0
2005	44121	Gúdar	0	0
2005	44122	Híjar	3	0,61
2005	44123	Hinojosa de Jarque	0	0
2005	44124	Hoz de la Vieja (La)	1	1,6
2005	44125	Huesa del Común	1	5,56
2005	44126	Iglesuela del Cid (La)	0	0
2005	44127	Jabaloyas	0	0
2005	44128	Jarque de la Val	0	0
2005	44129	Jatiel	1	2,9
2005	44130	Jorcas	0	0
2005	44131	Josa	0	0
2005	44132	Lagueruela	0	0
2005	44133	Lanzuela	0	0
2005	44135	Libros	2	0,51
2005	44136	Lidón	0	0
2005	44137	Linares de Mora	1	1,7
2005	44138	Loscos	0	0
2005	44141	Lledó	2	0,06
2005	44142	Maicas	0	0
2005	44143	Manzanera	4	6,93
2005	44144	Martín del Río	1	0,01
2005	44145	Mas de las Matas	1	0,3
2005	44146	Mata de los Olmos (La)	2	0,09
2005	44147	Mazaleón	2	1,03
2005	44148	Mezquita de Jarque	0	0
2005	44149	Mirambel	0	0
2005	44150	Miravete de la Sierra	0	0
2005	44151	Molinos	1	0,01
2005	44152	Monforte de Moyuela	0	0
2005	44153	Monreal del Campo	2	6,83
2005	44154	Monroyo	3	0,07
2005	44155	Montalbán	5	0,2
2005	44156	Monteagudo del Castillo	0	0
2005	44157	Monterde de Albarracín	0	0
2005	44158	Mora de Rubielos	2	4,32
2005	44159	Moscardón	0	0
2005	44160	Mosqueruela	4	0,33
2005	44161	Muniesa	0	0
2005	44163	Noguera de Albarracín	1	0,23
2005	44164	Nogueras	0	0
2005	44165	Nogueruelas	0	0
2005	44167	Obón	0	0
2005	44168	Odón	0	0
2005	44169	Ojos Negros	0	0
2005	44171	Olba	2	0,31
2005	44172	Oliete	0	0
2005	44173	Olmos (Los)	3	0,47
2005	44174	Orihuela del Tremedal	0	0
2005	44175	Orrios	0	0
2005	44176	Palomar de Arroyos	1	0,21
2005	44177	Pancrudo	0	0
2005	44178	Parras de Castellote (Las)	1	0,01
2005	44179	Peñarroya de Tastavins	0	0
2005	44180	Peracense	0	0
2005	44181	Peralejos	0	0
2005	44182	Perales del Alfambra	0	0
2005	44183	Pitarque	0	0
2005	44184	Plou	0	0
2005	44185	Pobo (El)	0	0
2005	44187	Portellada (La)	1	0,05
2005	44189	Pozondón	0	0
2005	44190	Pozuel del Campo	0	0
2005	44191	Puebla de Híjar (La)	1	0,3
2005	44192	Puebla de Valverde (La)	2	0,65
2005	44193	Puertomingalvo	3	0,77
2005	44194	Ráfales	4	0,06
2005	44195	Rillo	0	0
2005	44196	Riodeva	1	5,89
2005	44197	Ródenas	0	0
2005	44198	Royuela	0	0
2005	44199	Rubiales	1	2,4
2005	44200	Rubielos de la Cérida	0	0
2005	44201	Rubielos de Mora	1	0,01
2005	44203	Salcedillo	0	0
2005	44204	Saldón	0	0
2005	44205	Samper de Calanda	7	10,48
2005	44206	San Agustín	0	0
2005	44207	San Martín del Río	3	17,5
2005	44208	Santa Cruz de Nogueras	0	0
2005	44209	Santa Eulalia	0	0
2005	44210	Sarrión	0	0
2005	44211	Segura de los Baños	0	0
2005	44212	Seno	1	0,01
2005	44213	Singra	0	0
2005	44215	Terriente	0	0
2005	44216	Teruel	5	1,92
2005	44217	Toril y Masegoso	0	0
2005	44218	Tormón	1	0,13
2005	44219	Tornos	0	0
2005	44220	Torralba de los Sisones	0	0
2005	44221	Torrecilla de Alcañiz	1	0,01
2005	44222	Torrecilla del Rebollar	0	0
2005	44223	Torre de Arcas	2	0,14
2005	44224	Torre de las Arcas	2	0,07
2005	44225	Torre del Compte	0	0
2005	44226	Torrelacárcel	0	0
2005	44227	Torre los Negros	0	0
2005	44228	Torremocha de Jiloca	0	0
2005	44229	Torres de Albarracín	1	0,3
2005	44230	Torrevelilla	3	0,03
2005	44231	Torrijas	2	0,03
2005	44232	Torrijo del Campo	0	0
2005	44234	Tramacastiel	1	3,2
2005	44235	Tramacastilla	0	0
2005	44236	Tronchón	0	0
2005	44237	Urrea de Gaén	2	1,24
2005	44238	Utrillas	2	5,57
2005	44239	Valacloche	0	0
2005	44240	Valbona	2	2,1
2005	44241	Valdealgorfa	0	0
2005	44243	Valdecuenca	0	0
2005	44244	Valdelinares	0	0
2005	44245	Valdeltormo	1	0,43
2005	44246	Valderrobres	3	0,41
2005	44247	Valjunquera	3	0,15
2005	44249	Vallecillo (El)	0	0
2005	44250	Veguillas de la Sierra	0	0
2005	44251	Villafranca del Campo	0	0
2005	44252	Villahermosa del Campo	0	0
2005	44256	Villanueva del Rebollar de la Sierra	0	0
2005	44257	Villar del Cobo	1	0,01
2005	44258	Villar del Salz	0	0
2005	44260	Villarluengo	2	0,43
2005	44261	Villarquemado	1	12,7
2005	44262	Villarroya de los Pinares	1	0,56
2005	44263	Villastar	0	0
2005	44264	Villel	7	1,69
2005	44265	Vinaceite	0	0
2005	44266	Visiedo	0	0
2005	44267	Vivel del Río Martín	0	0
2005	44268	Zoma (La)	2	0,02
2005	50001	Abanto	1	0,2
2005	50002	Acered	0	0
2005	50003	Agón	0	0
2005	50004	Aguarón	2	7,2
2005	50005	Aguilón	1	0,01
2005	50006	Ainzón	1	0,02
2005	50007	Aladrén	0	0
2005	50008	Alagón	1	0,01
2005	50009	Alarba	0	0
2005	50010	Alberite de San Juan	0	0
2005	50011	Albeta	0	0
2005	50012	Alborge	0	0
2005	50013	Alcalá de Ebro	1	0,5
2005	50014	Alcalá de Moncayo	0	0
2005	50015	Alconchel de Ariza	0	0
2005	50016	Aldehuela de Liestos	0	0
2005	50017	Alfajarín	0	0
2005	50018	Alfamén	0	0
2005	50019	Alforque	0	0
2005	50020	Alhama de Aragón	1	0,01
2005	50021	Almochuel	0	0
2005	50022	Almolda (La)	0	0
2005	50023	Almonacid de la Cuba	0	0
2005	50024	Almonacid de la Sierra	1	1,13
2005	50025	Almunia de Doña Godina (La)	0	0
2005	50026	Alpartir	0	0
2005	50027	Ambel	0	0
2005	50028	Anento	0	0
2005	50029	Aniñón	0	0
2005	50030	Añón de Moncayo	1	0,5
2005	50031	Aranda de Moncayo	1	0,03
2005	50032	Arándiga	0	0
2005	50033	Ardisa	0	0
2005	50034	Ariza	3	1,94
2005	50035	Artieda	0	0
2005	50036	Asín	1	0,6
2005	50037	Atea	0	0
2005	50038	Ateca	0	0
2005	50039	Azuara	0	0
2005	50040	Badules	0	0
2005	50041	Bagüés	0	0
2005	50042	Balconchán	0	0
2005	50043	Bárboles	1	0,05
2005	50044	Bardallur	0	0
2005	50045	Belchite	3	3,2
2005	50046	Belmonte de Gracián	0	0
2005	50047	Berdejo	1	1,7
2005	50048	Berrueco	0	0
2005	50050	Bijuesca	1	0,06
2005	50051	Biota	2	2,29
2005	50052	Bisimbre	0	0
2005	50053	Boquiñeni	1	4
2005	50054	Bordalba	0	0
2005	50055	Borja	1	0,13
2005	50056	Botorrita	0	0
2005	50057	Brea de Aragón	1	1,1
2005	50058	Bubierca	1	0,1
2005	50059	Bujaraloz	0	0
2005	50060	Bulbuente	0	0
2005	50061	Bureta	1	0,15
2005	50062	Burgo de Ebro (El)	3	0,31
2005	50063	Buste (El)	0	0
2005	50064	Cabañas de Ebro	0	0
2005	50065	Cabolafuente	0	0
2005	50066	Cadrete	0	0
2005	50067	Calatayud	12	4,11
2005	50068	Calatorao	0	0
2005	50069	Calcena	0	0
2005	50070	Calmarza	0	0
2005	50071	Campillo de Aragón	0	0
2005	50072	Carenas	3	6,58
2005	50073	Cariñena	3	0,85
2005	50074	Caspe	8	2,93
2005	50075	Castejón de Alarba	0	0
2005	50076	Castejón de las Armas	0	0
2005	50077	Castejón de Valdejasa	0	0
2005	50078	Castiliscar	2	1,95
2005	50079	Cervera de la Cañada	0	0
2005	50080	Cerveruela	0	0
2005	50081	Cetina	2	4,05
2005	50082	Cimballa	0	0
2005	50083	Cinco Olivas	0	0
2005	50084	Clarés de Ribota	1	1
2005	50085	Codo	1	2,5
2005	50086	Codos	1	0,06
2005	50087	Contamina	1	0,25
2005	50088	Cosuenda	1	1,6
2005	50089	Cuarte de Huerva	3	3,66
2005	50090	Cubel	0	0
2005	50091	Cuerlas (Las)	0	0
2005	50092	Chiprana	1	0,03
2005	50093	Chodes	1	0,78
2005	50094	Daroca	1	0,06
2005	50095	Ejea de los Caballeros	11	14,72
2005	50096	Embid de Ariza	0	0
2005	50098	Encinacorba	1	82,66
2005	50099	Épila	2	0,58
2005	50100	Erla	1	1
2005	50101	Escatrón	1	0,04
2005	50102	Fabara	3	0,6
2005	50104	Farlete	0	0
2005	50105	Fayón	2	1,51
2005	50106	Fayos (Los)	0	0
2005	50107	Figueruelas	2	0,21
2005	50108	Fombuena	0	0
2005	50109	Frago (El)	0	0
2005	50110	Frasno (El)	0	0
2005	50111	Fréscano	0	0
2005	50113	Fuendejalón	0	0
2005	50114	Fuendetodos	0	0
2005	50115	Fuentes de Ebro	6	15,97
2005	50116	Fuentes de Jiloca	1	0,01
2005	50117	Gallocanta	0	0
2005	50118	Gallur	0	0
2005	50119	Gelsa	0	0
2005	50120	Godojos	0	0
2005	50121	Gotor	1	0,02
2005	50122	Grisel	0	0
2005	50123	Grisén	0	0
2005	50124	Herrera de los Navarros	0	0
2005	50125	Ibdes	4	13
2005	50126	Illueca	0	0
2005	50128	Isuerre	0	0
2005	50129	Jaraba	1	0,03
2005	50130	Jarque de Moncayo	0	0
2005	50131	Jaulín	0	0
2005	50132	Joyosa (La)	1	0,25
2005	50133	Lagata	3	3,34
2005	50134	Langa del Castillo	0	0
2005	50135	Layana	0	0
2005	50136	Lécera	0	0
2005	50137	Leciñena	0	0
2005	50138	Lechón	0	0
2005	50139	Letux	5	3,1
2005	50140	Litago	1	0,7
2005	50141	Lituénigo	0	0
2005	50142	Lobera de Onsella	1	3
2005	50143	Longares	0	0
2005	50144	Longás	1	0,06
2005	50146	Lucena de Jalón	0	0
2005	50147	Luceni	2	1,9
2005	50148	Luesia	1	3
2005	50149	Luesma	0	0
2005	50150	Lumpiaque	0	0
2005	50151	Luna	5	395,75
2005	50152	Maella	4	0,37
2005	50153	Magallón	4	0,33
2005	50154	Mainar	1	0,27
2005	50155	Malanquilla	0	0
2005	50156	Maleján	0	0
2005	50157	Malón	0	0
2005	50159	Maluenda	1	0,05
2005	50160	Mallén	4	3,31
2005	50161	Manchones	2	0,13
2005	50162	Mara	0	0
2005	50163	María de Huerva	2	0,28
2005	50164	Mediana de Aragón	1	0,8
2005	50165	Mequinenza	3	1,39
2005	50166	Mesones de Isuela	0	0
2005	50167	Mezalocha	0	0
2005	50168	Mianos	0	0
2005	50169	Miedes de Aragón	0	0
2005	50170	Monegrillo	0	0
2005	50171	Moneva	0	0
2005	50172	Monreal de Ariza	1	0,01
2005	50173	Monterde	0	0
2005	50174	Montón	0	0
2005	50175	Morata de Jalón	1	0,06
2005	50176	Morata de Jiloca	1	0,1
2005	50177	Morés	1	0,2
2005	50178	Moros	1	0,5
2005	50179	Moyuela	0	0
2005	50180	Mozota	0	0
2005	50181	Muel	2	0,21
2005	50182	Muela (La)	1	8,16
2005	50183	Munébrega	1	0,2
2005	50184	Murero	0	0
2005	50185	Murillo de Gállego	3	0,04
2005	50186	Navardún	0	0
2005	50187	Nigüella	0	0
2005	50188	Nombrevilla	0	0
2005	50189	Nonaspe	1	1,5
2005	50190	Novallas	0	0
2005	50191	Novillas	2	4
2005	50192	Nuévalos	5	288,62
2005	50193	Nuez de Ebro	2	0,09
2005	50194	Olvés	0	0
2005	50195	Orcajo	0	0
2005	50196	Orera	0	0
2005	50197	Orés	0	0
2005	50198	Oseja	1	0,5
2005	50199	Osera de Ebro	6	4,58
2005	50200	Paniza	6	3,76
2005	50201	Paracuellos de Jiloca	4	1,42
2005	50202	Paracuellos de la Ribera	1	0,04
2005	50203	Pastriz	4	8,06
2005	50204	Pedrola	0	0
2005	50205	Pedrosas (Las)	0	0
2005	50206	Perdiguera	1	0,01
2005	50207	Piedratajada	0	0
2005	50208	Pina de Ebro	4	3,1
2005	50209	Pinseque	1	0,5
2005	50210	Pintanos (Los)	2	0,02
2005	50211	Plasencia de Jalón	1	0,2
2005	50212	Pleitas	1	1
2005	50213	Plenas	0	0
2005	50214	Pomer	0	0
2005	50215	Pozuel de Ariza	0	0
2005	50216	Pozuelo de Aragón	0	0
2005	50217	Pradilla de Ebro	0	0
2005	50218	Puebla de Albortón	0	0
2005	50219	Puebla de Alfindén (La)	1	5,3
2005	50220	Puendeluna	0	0
2005	50221	Purujosa	0	0
2005	50222	Quinto	2	17,5
2005	50223	Remolinos	0	0
2005	50224	Retascón	0	0
2005	50225	Ricla	2	0,26
2005	50227	Romanos	0	0
2005	50228	Rueda de Jalón	0	0
2005	50229	Ruesca	0	0
2005	50230	Sádaba	3	10,12
2005	50231	Salillas de Jalón	0	0
2005	50232	Salvatierra de Esca	0	0
2005	50233	Samper del Salz	0	0
2005	50234	San Martín de la Virgen de Moncayo	0	0
2005	50235	San Mateo de Gállego	4	3,73
2005	50236	Santa Cruz de Grío	1	0,01
2005	50237	Santa Cruz de Moncayo	0	0
2005	50238	Santa Eulalia de Gállego	0	0
2005	50239	Santed	0	0
2005	50240	Sástago	2	8,26
2005	50241	Saviñán	0	0
2005	50242	Sediles	0	0
2005	50243	Sestrica	0	0
2005	50244	Sierra de Luna	0	0
2005	50245	Sigüés	2	0,02
2005	50246	Sisamón	0	0
2005	50247	Sobradiel	1	0,2
2005	50248	Sos del Rey Católico	2	0,55
2005	50249	Tabuenca	1	0,08
2005	50250	Talamantes	0	0
2005	50251	Tarazona	5	7,28
2005	50252	Tauste	6	2,25
2005	50253	Terrer	0	0
2005	50254	Tierga	0	0
2005	50255	Tobed	1	0,1
2005	50256	Torralba de los Frailes	0	0
2005	50257	Torralba de Ribota	0	0
2005	50258	Torralbilla	0	0
2005	50259	Torrehermosa	0	0
2005	50260	Torrelapaja	0	0
2005	50261	Torrellas	1	5,4
2005	50262	Torres de Berrellén	1	5
2005	50263	Torrijo de la Cañada	0	0
2005	50264	Tosos	0	0
2005	50265	Trasmoz	1	3
2005	50266	Trasobares	0	0
2005	50267	Uncastillo	2	1,26
2005	50268	Undués de Lerda	0	0
2005	50269	Urrea de Jalón	1	2
2005	50270	Urriés	0	0
2005	50271	Used	0	0
2005	50272	Utebo	0	0
2005	50273	Valdehorna	0	0
2005	50274	Val de San Martín	0	0
2005	50275	Valmadrid	3	1,18
2005	50276	Valpalmas	0	0
2005	50277	Valtorres	0	0
2005	50278	Velilla de Ebro	0	0
2005	50279	Velilla de Jiloca	0	0
2005	50280	Vera de Moncayo	0	0
2005	50281	Vierlas	0	0
2005	50282	Vilueña (La)	0	0
2005	50283	Villadoz	1	0,1
2005	50284	Villafeliche	1	0,3
2005	50285	Villafranca de Ebro	5	2,99
2005	50286	Villalba de Perejil	1	1,4
2005	50287	Villalengua	1	0,2
2005	50288	Villanueva de Gállego	0	0
2005	50289	Villanueva de Jiloca	0	0
2005	50290	Villanueva de Huerva	1	0,04
2005	50291	Villar de los Navarros	0	0
2005	50292	Villarreal de Huerva	0	0
2005	50293	Villarroya de la Sierra	0	0
2005	50294	Villarroya del Campo	0	0
2005	50295	Vistabella	2	2,86
2005	50296	Zaida (La)	0	0
2005	50297	Zaragoza	12	18,43
2005	50298	Zuera	5	11,78
2005	50901	Biel	1	0,01
2005	50902	Marracos	0	0
2006	22001	Abiego	0	0
2006	22002	Abizanda	0	0
2006	22003	Adahuesca	0	0
2006	22004	Agüero	1	0,01
2006	22006	Aísa	0	0
2006	22007	Albalate de Cinca	1	0,04
2006	22008	Albalatillo	1	50
2006	22009	Albelda	0	0
2006	22011	Albero Alto	0	0
2006	22012	Albero Bajo	0	0
2006	22013	Alberuela de Tubo	0	0
2006	22014	Alcalá de Gurrea	0	0
2006	22015	Alcalá del Obispo	0	0
2006	22016	Alcampell	0	0
2006	22017	Alcolea de Cinca	3	13,22
2006	22018	Alcubierre	1	0,01
2006	22019	Alerre	0	0
2006	22020	Alfántega	0	0
2006	22021	Almudévar	2	0,94
2006	22022	Almunia de San Juan	1	0,4
2006	22023	Almuniente	0	0
2006	22024	Alquézar	2	0,02
2006	22025	Altorricón	0	0
2006	22027	Angüés	0	0
2006	22028	Ansó	0	0
2006	22029	Antillón	0	0
2006	22032	Aragüés del Puerto	1	0,01
2006	22035	Arén	0	0
2006	22036	Argavieso	0	0
2006	22037	Arguis	0	0
2006	22039	Ayerbe	1	0,03
2006	22040	Azanuy-Alins	0	0
2006	22041	Azara	0	0
2006	22042	Azlor	1	0,01
2006	22043	Baells	0	0
2006	22044	Bailo	1	0,02
2006	22045	Baldellou	0	0
2006	22046	Ballobar	0	0
2006	22047	Banastás	0	0
2006	22048	Barbastro	3	0,32
2006	22049	Barbués	0	0
2006	22050	Barbuñales	1	0,25
2006	22051	Bárcabo	0	0
2006	22052	Belver de Cinca	0	0
2006	22053	Benabarre	0	0
2006	22054	Benasque	2	0,27
2006	22055	Berbegal	0	0
2006	22057	Bielsa	0	0
2006	22058	Bierge	0	0
2006	22059	Biescas	1	0,01
2006	22060	Binaced	1	0,2
2006	22061	Binéfar	0	0
2006	22062	Bisaurri	0	0
2006	22063	Biscarrués	1	0,1
2006	22064	Blecua y Torres	0	0
2006	22066	Boltaña	0	0
2006	22067	Bonansa	0	0
2006	22068	Borau	0	0
2006	22069	Broto	0	0
2006	22072	Caldearenas	0	0
2006	22074	Campo	0	0
2006	22075	Camporrells	0	0
2006	22076	Canal de Berdún	1	0,01
2006	22077	Candasnos	0	0
2006	22078	Canfranc	0	0
2006	22079	Capdesaso	0	0
2006	22080	Capella	0	0
2006	22081	Casbas de Huesca	0	0
2006	22082	Castejón del Puente	0	0
2006	22083	Castejón de Monegros	0	0
2006	22084	Castejón de Sos	0	0
2006	22085	Castelflorite	0	0
2006	22086	Castiello de Jaca	0	0
2006	22087	Castigaleu	0	0
2006	22088	Castillazuelo	0	0
2006	22089	Castillonroy	0	0
2006	22090	Colungo	0	0
2006	22094	Chalamera	0	0
2006	22095	Chía	0	0
2006	22096	Chimillas	0	0
2006	22099	Esplús	0	0
2006	22102	Estada	0	0
2006	22103	Estadilla	2	3,5
2006	22105	Estopiñán del Castillo	0	0
2006	22106	Fago	0	0
2006	22107	Fanlo	0	0
2006	22109	Fiscal	1	0,01
2006	22110	Fonz	0	0
2006	22111	Foradada del Toscar	0	0
2006	22112	Fraga	7	22,12
2006	22113	Fueva (La)	2	3,2
2006	22114	Gistaín	0	0
2006	22115	Grado (El)	2	4,5
2006	22116	Grañén	2	1,05
2006	22117	Graus	0	0
2006	22119	Gurrea de Gállego	8	28,1
2006	22122	Hoz de Jaca	0	0
2006	22124	Huerto	0	0
2006	22125	Huesca	4	1,37
2006	22126	Ibieca	1	28
2006	22127	Igriés	0	0
2006	22128	Ilche	0	0
2006	22129	Isábena	1	0,15
2006	22130	Jaca	1	22
2006	22131	Jasa	0	0
2006	22133	Labuerda	0	0
2006	22135	Laluenga	0	0
2006	22136	Lalueza	0	0
2006	22137	Lanaja	1	0,01
2006	22139	Laperdiguera	0	0
2006	22141	Lascellas-Ponzano	0	0
2006	22142	Lascuarre	0	0
2006	22143	Laspaúles	1	0,03
2006	22144	Laspuña	0	0
2006	22149	Loarre	3	0,16
2006	22150	Loporzano	2	32
2006	22151	Loscorrales	1	0,02
2006	22155	Monesma y Cajigar	0	0
2006	22156	Monflorite-Lascasas	0	0
2006	22157	Montanuy	1	1,2
2006	22158	Monzón	3	1,18
2006	22160	Naval	0	0
2006	22162	Novales	0	0
2006	22163	Nueno	1	0,01
2006	22164	Olvena	2	0,51
2006	22165	Ontiñena	1	2,5
2006	22167	Osso de Cinca	1	0,02
2006	22168	Palo	1	0,01
2006	22170	Panticosa	0	0
2006	22172	Peñalba	0	0
2006	22173	Peñas de Riglos (Las)	1	0,03
2006	22174	Peralta de Alcofea	0	0
2006	22175	Peralta de Calasanz	1	1435,61
2006	22176	Peraltilla	0	0
2006	22177	Perarrúa	2	3,07
2006	22178	Pertusa	0	0
2006	22181	Piracés	0	0
2006	22182	Plan	0	0
2006	22184	Poleñino	2	12
2006	22186	Pozán de Vero	0	0
2006	22187	Puebla de Castro (La)	0	0
2006	22188	Puente de Montañana	0	0
2006	22189	Puértolas	0	0
2006	22190	Pueyo de Araguás (El)	0	0
2006	22193	Pueyo de Santa Cruz	0	0
2006	22195	Quicena	0	0
2006	22197	Robres	1	0,53
2006	22199	Sabiñánigo	6	0,25
2006	22200	Sahún	0	0
2006	22201	Salas Altas	0	0
2006	22202	Salas Bajas	0	0
2006	22203	Salillas	0	0
2006	22204	Sallent de Gállego	0	0
2006	22205	San Esteban de Litera	1	15,5
2006	22206	Sangarrén	0	0
2006	22207	San Juan de Plan	0	0
2006	22208	Santa Cilia	0	0
2006	22209	Santa Cruz de la Serós	0	0
2006	22212	Santaliestra y San Quílez	0	0
2006	22213	Sariñena	5	1,15
2006	22214	Secastilla	1	0,04
2006	22215	Seira	1	0,01
2006	22217	Sena	0	0
2006	22218	Senés de Alcubierre	0	0
2006	22220	Sesa	0	0
2006	22221	Sesué	0	0
2006	22222	Siétamo	2	7
2006	22223	Sopeira	0	0
2006	22225	Tamarite de Litera	1	3
2006	22226	Tardienta	0	0
2006	22227	Tella-Sin	1	0,3
2006	22228	Tierz	0	0
2006	22229	Tolva	0	0
2006	22230	Torla-Ordesa	2	0,02
2006	22232	Torralba de Aragón	0	0
2006	22233	Torre la Ribera	0	0
2006	22234	Torrente de Cinca	3	4,63
2006	22235	Torres de Alcanadre	0	0
2006	22236	Torres de Barbués	0	0
2006	22239	Tramaced	0	0
2006	22242	Valfarta	0	0
2006	22243	Valle de Bardají	0	0
2006	22244	Valle de Lierp	1	0,01
2006	22245	Velilla de Cinca	0	0
2006	22246	Beranuy	0	0
2006	22247	Viacamp y Litera	0	0
2006	22248	Vicién	0	0
2006	22249	Villanova	0	0
2006	22250	Villanúa	0	0
2006	22251	Villanueva de Sigena	1	0,5
2006	22252	Yebra de Basa	1	0,5
2006	22253	Yésero	1	0,01
2006	22254	Zaidín	1	3
2006	22901	Valle de Hecho	0	0
2006	22902	Puente la Reina de Jaca	0	0
2006	22903	San Miguel del Cinca	1	0,7
2006	22904	Sotonera (La)	2	0,14
2006	22905	Lupiñén-Ortilla	1	2
2006	22906	Santa María de Dulcis	0	0
2006	22907	Aínsa-Sobrarbe	3	0,03
2006	22908	Hoz y Costeán	2	0,21
2006	22909	Vencillón	1	0,03
2006	44001	Ababuj	0	0
2006	44002	Abejuela	0	0
2006	44003	Aguatón	0	0
2006	44004	Aguaviva	1	0,25
2006	44005	Aguilar del Alfambra	0	0
2006	44006	Alacón	0	0
2006	44007	Alba	0	0
2006	44008	Albalate del Arzobispo	2	0,51
2006	44009	Albarracín	6	0,23
2006	44010	Albentosa	0	0
2006	44011	Alcaine	0	0
2006	44012	Alcalá de la Selva	0	0
2006	44013	Alcañiz	3	41,49
2006	44014	Alcorisa	4	0,04
2006	44016	Alfambra	0	0
2006	44017	Aliaga	3	0,06
2006	44018	Almohaja	0	0
2006	44019	Alobras	0	0
2006	44020	Alpeñés	1	0,3
2006	44021	Allepuz	0	0
2006	44022	Alloza	1	0,02
2006	44023	Allueva	0	0
2006	44024	Anadón	0	0
2006	44025	Andorra	0	0
2006	44026	Arcos de las Salinas	1	0,08
2006	44027	Arens de Lledó	0	0
2006	44028	Argente	0	0
2006	44029	Ariño	0	0
2006	44031	Azaila	1	0,15
2006	44032	Bádenas	1	0,94
2006	44033	Báguena	1	0,05
2006	44034	Bañón	0	0
2006	44035	Barrachina	0	0
2006	44036	Bea	0	0
2006	44037	Beceite	1	0,2
2006	44038	Belmonte de San José	1	0,01
2006	44039	Bello	0	0
2006	44040	Berge	0	0
2006	44041	Bezas	1	0,01
2006	44042	Blancas	0	0
2006	44043	Blesa	1	0,05
2006	44044	Bordón	0	0
2006	44045	Bronchales	0	0
2006	44046	Bueña	0	0
2006	44047	Burbáguena	0	0
2006	44048	Cabra de Mora	0	0
2006	44049	Calaceite	1	0,45
2006	44050	Calamocha	2	3,1
2006	44051	Calanda	1	0,3
2006	44052	Calomarde	0	0
2006	44053	Camañas	0	0
2006	44054	Camarena de la Sierra	1	0,2
2006	44055	Camarillas	0	0
2006	44056	Caminreal	0	0
2006	44059	Cantavieja	0	0
2006	44060	Cañada de Benatanduz	0	0
2006	44061	Cañada de Verich (La)	0	0
2006	44062	Cañada Vellida	0	0
2006	44063	Cañizar del Olivar	0	0
2006	44064	Cascante del Río	1	0,03
2006	44065	Castejón de Tornos	0	0
2006	44066	Castel de Cabra	0	0
2006	44067	Castelnou	0	0
2006	44068	Castelserás	0	0
2006	44070	Castellar (El)	0	0
2006	44071	Castellote	2	0,02
2006	44074	Cedrillas	0	0
2006	44075	Celadas	0	0
2006	44076	Cella	1	2,5
2006	44077	Cerollera (La)	0	0
2006	44080	Codoñera (La)	0	0
2006	44082	Corbalán	0	0
2006	44084	Cortes de Aragón	0	0
2006	44085	Cosa	0	0
2006	44086	Cretas	2	0,15
2006	44087	Crivillén	0	0
2006	44088	Cuba (La)	0	0
2006	44089	Cubla	0	0
2006	44090	Cucalón	1	0,03
2006	44092	Cuervo (El)	0	0
2006	44093	Cuevas de Almudén	0	0
2006	44094	Cuevas Labradas	0	0
2006	44096	Ejulve	3	0,05
2006	44097	Escorihuela	0	0
2006	44099	Escucha	0	0
2006	44100	Estercuel	0	0
2006	44101	Ferreruela de Huerva	0	0
2006	44102	Fonfría	0	0
2006	44103	Formiche Alto	0	0
2006	44105	Fórnoles	2	0,85
2006	44106	Fortanete	0	0
2006	44107	Foz-Calanda	0	0
2006	44108	Fresneda (La)	2	1,54
2006	44109	Frías de Albarracín	0	0
2006	44110	Fuenferrada	0	0
2006	44111	Fuentes Calientes	0	0
2006	44112	Fuentes Claras	0	0
2006	44113	Fuentes de Rubielos	0	0
2006	44114	Fuentespalda	0	0
2006	44115	Galve	1	0,08
2006	44116	Gargallo	2	0,13
2006	44117	Gea de Albarracín	0	0
2006	44118	Ginebrosa (La)	2	0,11
2006	44119	Griegos	0	0
2006	44120	Guadalaviar	0	0
2006	44121	Gúdar	0	0
2006	44122	Híjar	3	10,75
2006	44123	Hinojosa de Jarque	0	0
2006	44124	Hoz de la Vieja (La)	0	0
2006	44125	Huesa del Común	0	0
2006	44126	Iglesuela del Cid (La)	3	0,04
2006	44127	Jabaloyas	0	0
2006	44128	Jarque de la Val	0	0
2006	44129	Jatiel	0	0
2006	44130	Jorcas	0	0
2006	44131	Josa	0	0
2006	44132	Lagueruela	0	0
2006	44133	Lanzuela	0	0
2006	44135	Libros	1	0,05
2006	44136	Lidón	0	0
2006	44137	Linares de Mora	0	0
2006	44138	Loscos	0	0
2006	44141	Lledó	0	0
2006	44142	Maicas	0	0
2006	44143	Manzanera	1	0,32
2006	44144	Martín del Río	0	0
2006	44145	Mas de las Matas	0	0
2006	44146	Mata de los Olmos (La)	0	0
2006	44147	Mazaleón	2	0,45
2006	44148	Mezquita de Jarque	0	0
2006	44149	Mirambel	0	0
2006	44150	Miravete de la Sierra	0	0
2006	44151	Molinos	1	0,03
2006	44152	Monforte de Moyuela	0	0
2006	44153	Monreal del Campo	1	1,1
2006	44154	Monroyo	0	0
2006	44155	Montalbán	2	0,93
2006	44156	Monteagudo del Castillo	0	0
2006	44157	Monterde de Albarracín	0	0
2006	44158	Mora de Rubielos	0	0
2006	44159	Moscardón	0	0
2006	44160	Mosqueruela	8	3,1
2006	44161	Muniesa	0	0
2006	44163	Noguera de Albarracín	0	0
2006	44164	Nogueras	0	0
2006	44165	Nogueruelas	1	0,01
2006	44167	Obón	1	0,5
2006	44168	Odón	0	0
2006	44169	Ojos Negros	0	0
2006	44171	Olba	0	0
2006	44172	Oliete	1	0,01
2006	44173	Olmos (Los)	0	0
2006	44174	Orihuela del Tremedal	0	0
2006	44175	Orrios	0	0
2006	44176	Palomar de Arroyos	0	0
2006	44177	Pancrudo	0	0
2006	44178	Parras de Castellote (Las)	0	0
2006	44179	Peñarroya de Tastavins	1	0,08
2006	44180	Peracense	0	0
2006	44181	Peralejos	0	0
2006	44182	Perales del Alfambra	0	0
2006	44183	Pitarque	1	0,01
2006	44184	Plou	0	0
2006	44185	Pobo (El)	0	0
2006	44187	Portellada (La)	1	0,4
2006	44189	Pozondón	0	0
2006	44190	Pozuel del Campo	0	0
2006	44191	Puebla de Híjar (La)	2	0,95
2006	44192	Puebla de Valverde (La)	0	0
2006	44193	Puertomingalvo	2	0,03
2006	44194	Ráfales	0	0
2006	44195	Rillo	0	0
2006	44196	Riodeva	0	0
2006	44197	Ródenas	0	0
2006	44198	Royuela	0	0
2006	44199	Rubiales	0	0
2006	44200	Rubielos de la Cérida	0	0
2006	44201	Rubielos de Mora	1	0,03
2006	44203	Salcedillo	0	0
2006	44204	Saldón	0	0
2006	44205	Samper de Calanda	4	1,15
2006	44206	San Agustín	1	0,01
2006	44207	San Martín del Río	2	0,31
2006	44208	Santa Cruz de Nogueras	0	0
2006	44209	Santa Eulalia	1	0,01
2006	44210	Sarrión	0	0
2006	44211	Segura de los Baños	2	1,25
2006	44212	Seno	0	0
2006	44213	Singra	0	0
2006	44215	Terriente	0	0
2006	44216	Teruel	2	0,02
2006	44217	Toril y Masegoso	0	0
2006	44218	Tormón	1	0,02
2006	44219	Tornos	0	0
2006	44220	Torralba de los Sisones	0	0
2006	44221	Torrecilla de Alcañiz	0	0
2006	44222	Torrecilla del Rebollar	0	0
2006	44223	Torre de Arcas	1	1
2006	44224	Torre de las Arcas	0	0
2006	44225	Torre del Compte	0	0
2006	44226	Torrelacárcel	0	0
2006	44227	Torre los Negros	0	0
2006	44228	Torremocha de Jiloca	0	0
2006	44229	Torres de Albarracín	0	0
2006	44230	Torrevelilla	0	0
2006	44231	Torrijas	0	0
2006	44232	Torrijo del Campo	0	0
2006	44234	Tramacastiel	1	1,03
2006	44235	Tramacastilla	0	0
2006	44236	Tronchón	0	0
2006	44237	Urrea de Gaén	0	0
2006	44238	Utrillas	0	0
2006	44239	Valacloche	0	0
2006	44240	Valbona	0	0
2006	44241	Valdealgorfa	0	0
2006	44243	Valdecuenca	0	0
2006	44244	Valdelinares	0	0
2006	44245	Valdeltormo	0	0
2006	44246	Valderrobres	5	0,32
2006	44247	Valjunquera	1	0,01
2006	44249	Vallecillo (El)	0	0
2006	44250	Veguillas de la Sierra	0	0
2006	44251	Villafranca del Campo	0	0
2006	44252	Villahermosa del Campo	0	0
2006	44256	Villanueva del Rebollar de la Sierra	0	0
2006	44257	Villar del Cobo	0	0
2006	44258	Villar del Salz	0	0
2006	44260	Villarluengo	0	0
2006	44261	Villarquemado	0	0
2006	44262	Villarroya de los Pinares	0	0
2006	44263	Villastar	0	0
2006	44264	Villel	1	0,6
2006	44265	Vinaceite	0	0
2006	44266	Visiedo	0	0
2006	44267	Vivel del Río Martín	2	0,11
2006	44268	Zoma (La)	0	0
2006	50001	Abanto	0	0
2006	50002	Acered	0	0
2006	50003	Agón	0	0
2006	50004	Aguarón	1	0,45
2006	50005	Aguilón	1	0,02
2006	50006	Ainzón	3	0,23
2006	50007	Aladrén	1	0,01
2006	50008	Alagón	0	0
2006	50009	Alarba	0	0
2006	50010	Alberite de San Juan	0	0
2006	50011	Albeta	0	0
2006	50012	Alborge	0	0
2006	50013	Alcalá de Ebro	1	1,21
2006	50014	Alcalá de Moncayo	0	0
2006	50015	Alconchel de Ariza	0	0
2006	50016	Aldehuela de Liestos	0	0
2006	50017	Alfajarín	1	0,5
2006	50018	Alfamén	0	0
2006	50019	Alforque	0	0
2006	50020	Alhama de Aragón	1	3
2006	50021	Almochuel	2	0,35
2006	50022	Almolda (La)	0	0
2006	50023	Almonacid de la Cuba	1	0,05
2006	50024	Almonacid de la Sierra	0	0
2006	50025	Almunia de Doña Godina (La)	2	0,18
2006	50026	Alpartir	0	0
2006	50027	Ambel	2	0,61
2006	50028	Anento	0	0
2006	50029	Aniñón	0	0
2006	50030	Añón de Moncayo	0	0
2006	50031	Aranda de Moncayo	0	0
2006	50032	Arándiga	0	0
2006	50033	Ardisa	1	7,92
2006	50034	Ariza	3	40,96
2006	50035	Artieda	0	0
2006	50036	Asín	0	0
2006	50037	Atea	0	0
2006	50038	Ateca	4	3,3
2006	50039	Azuara	0	0
2006	50040	Badules	0	0
2006	50041	Bagüés	0	0
2006	50042	Balconchán	0	0
2006	50043	Bárboles	1	1
2006	50044	Bardallur	1	3,42
2006	50045	Belchite	1	0,02
2006	50046	Belmonte de Gracián	0	0
2006	50047	Berdejo	1	1
2006	50048	Berrueco	0	0
2006	50050	Bijuesca	0	0
2006	50051	Biota	1	0,03
2006	50052	Bisimbre	0	0
2006	50053	Boquiñeni	4	3,96
2006	50054	Bordalba	0	0
2006	50055	Borja	1	0,01
2006	50056	Botorrita	0	0
2006	50057	Brea de Aragón	0	0
2006	50058	Bubierca	0	0
2006	50059	Bujaraloz	0	0
2006	50060	Bulbuente	0	0
2006	50061	Bureta	0	0
2006	50062	Burgo de Ebro (El)	1	0,16
2006	50063	Buste (El)	0	0
2006	50064	Cabañas de Ebro	3	1,32
2006	50065	Cabolafuente	0	0
2006	50066	Cadrete	0	0
2006	50067	Calatayud	4	5,18
2006	50068	Calatorao	0	0
2006	50069	Calcena	0	0
2006	50070	Calmarza	0	0
2006	50071	Campillo de Aragón	0	0
2006	50072	Carenas	1	0,3
2006	50073	Cariñena	0	0
2006	50074	Caspe	7	0,92
2006	50075	Castejón de Alarba	0	0
2006	50076	Castejón de las Armas	0	0
2006	50077	Castejón de Valdejasa	1	0,01
2006	50078	Castiliscar	1	0,01
2006	50079	Cervera de la Cañada	0	0
2006	50080	Cerveruela	0	0
2006	50081	Cetina	2	0,42
2006	50082	Cimballa	0	0
2006	50083	Cinco Olivas	1	0,4
2006	50084	Clarés de Ribota	0	0
2006	50085	Codo	2	0,42
2006	50086	Codos	2	0,02
2006	50087	Contamina	0	0
2006	50088	Cosuenda	0	0
2006	50089	Cuarte de Huerva	0	0
2006	50090	Cubel	0	0
2006	50091	Cuerlas (Las)	0	0
2006	50092	Chiprana	0	0
2006	50093	Chodes	1	0,12
2006	50094	Daroca	0	0
2006	50095	Ejea de los Caballeros	11	13,95
2006	50096	Embid de Ariza	0	0
2006	50098	Encinacorba	0	0
2006	50099	Épila	1	0,02
2006	50100	Erla	0	0
2006	50101	Escatrón	0	0
2006	50102	Fabara	1	0,19
2006	50104	Farlete	1	0,24
2006	50105	Fayón	0	0
2006	50106	Fayos (Los)	0	0
2006	50107	Figueruelas	1	0,01
2006	50108	Fombuena	0	0
2006	50109	Frago (El)	0	0
2006	50110	Frasno (El)	0	0
2006	50111	Fréscano	0	0
2006	50113	Fuendejalón	0	0
2006	50114	Fuendetodos	3	0,05
2006	50115	Fuentes de Ebro	3	0,17
2006	50116	Fuentes de Jiloca	0	0
2006	50117	Gallocanta	0	0
2006	50118	Gallur	1	0,41
2006	50119	Gelsa	0	0
2006	50120	Godojos	0	0
2006	50121	Gotor	2	2,01
2006	50122	Grisel	0	0
2006	50123	Grisén	0	0
2006	50124	Herrera de los Navarros	1	0,19
2006	50125	Ibdes	1	0,1
2006	50126	Illueca	1	0,05
2006	50128	Isuerre	0	0
2006	50129	Jaraba	0	0
2006	50130	Jarque de Moncayo	1	0,01
2006	50131	Jaulín	0	0
2006	50132	Joyosa (La)	3	1,68
2006	50133	Lagata	1	0,26
2006	50134	Langa del Castillo	0	0
2006	50135	Layana	0	0
2006	50136	Lécera	0	0
2006	50137	Leciñena	0	0
2006	50138	Lechón	0	0
2006	50139	Letux	1	1
2006	50140	Litago	0	0
2006	50141	Lituénigo	0	0
2006	50142	Lobera de Onsella	0	0
2006	50143	Longares	0	0
2006	50144	Longás	0	0
2006	50146	Lucena de Jalón	0	0
2006	50147	Luceni	1	0,01
2006	50148	Luesia	0	0
2006	50149	Luesma	0	0
2006	50150	Lumpiaque	0	0
2006	50151	Luna	1	0,01
2006	50152	Maella	2	0,41
2006	50153	Magallón	0	0
2006	50154	Mainar	0	0
2006	50155	Malanquilla	0	0
2006	50156	Maleján	0	0
2006	50157	Malón	0	0
2006	50159	Maluenda	0	0
2006	50160	Mallén	3	0,94
2006	50161	Manchones	0	0
2006	50162	Mara	1	0,3
2006	50163	María de Huerva	1	3,08
2006	50164	Mediana de Aragón	3	0,82
2006	50165	Mequinenza	1	0,03
2006	50166	Mesones de Isuela	0	0
2006	50167	Mezalocha	0	0
2006	50168	Mianos	0	0
2006	50169	Miedes de Aragón	0	0
2006	50170	Monegrillo	1	0,01
2006	50171	Moneva	0	0
2006	50172	Monreal de Ariza	1	0,09
2006	50173	Monterde	0	0
2006	50174	Montón	0	0
2006	50175	Morata de Jalón	0	0
2006	50176	Morata de Jiloca	0	0
2006	50177	Morés	2	0,05
2006	50178	Moros	0	0
2006	50179	Moyuela	0	0
2006	50180	Mozota	0	0
2006	50181	Muel	1	0,15
2006	50182	Muela (La)	2	0,05
2006	50183	Munébrega	0	0
2006	50184	Murero	0	0
2006	50185	Murillo de Gállego	0	0
2006	50186	Navardún	0	0
2006	50187	Nigüella	0	0
2006	50188	Nombrevilla	0	0
2006	50189	Nonaspe	1	0,01
2006	50190	Novallas	0	0
2006	50191	Novillas	4	6,4
2006	50192	Nuévalos	1	0,4
2006	50193	Nuez de Ebro	1	5
2006	50194	Olvés	1	0,5
2006	50195	Orcajo	0	0
2006	50196	Orera	1	0,01
2006	50197	Orés	0	0
2006	50198	Oseja	0	0
2006	50199	Osera de Ebro	1	0,51
2006	50200	Paniza	0	0
2006	50201	Paracuellos de Jiloca	0	0
2006	50202	Paracuellos de la Ribera	0	0
2006	50203	Pastriz	2	0,13
2006	50204	Pedrola	2	0,13
2006	50205	Pedrosas (Las)	0	0
2006	50206	Perdiguera	1	0,51
2006	50207	Piedratajada	0	0
2006	50208	Pina de Ebro	2	4,31
2006	50209	Pinseque	0	0
2006	50210	Pintanos (Los)	0	0
2006	50211	Plasencia de Jalón	0	0
2006	50212	Pleitas	1	0,14
2006	50213	Plenas	0	0
2006	50214	Pomer	0	0
2006	50215	Pozuel de Ariza	0	0
2006	50216	Pozuelo de Aragón	0	0
2006	50217	Pradilla de Ebro	0	0
2006	50218	Puebla de Albortón	0	0
2006	50219	Puebla de Alfindén (La)	0	0
2006	50220	Puendeluna	0	0
2006	50221	Purujosa	0	0
2006	50222	Quinto	1	3
2006	50223	Remolinos	0	0
2006	50224	Retascón	0	0
2006	50225	Ricla	0	0
2006	50227	Romanos	0	0
2006	50228	Rueda de Jalón	1	0,8
2006	50229	Ruesca	0	0
2006	50230	Sádaba	0	0
2006	50231	Salillas de Jalón	0	0
2006	50232	Salvatierra de Esca	0	0
2006	50233	Samper del Salz	0	0
2006	50234	San Martín de la Virgen de Moncayo	1	0,01
2006	50235	San Mateo de Gállego	0	0
2006	50236	Santa Cruz de Grío	1	0,01
2006	50237	Santa Cruz de Moncayo	0	0
2006	50238	Santa Eulalia de Gállego	0	0
2006	50239	Santed	0	0
2006	50240	Sástago	0	0
2006	50241	Saviñán	0	0
2006	50242	Sediles	0	0
2006	50243	Sestrica	2	0,32
2006	50244	Sierra de Luna	0	0
2006	50245	Sigüés	1	1,1
2006	50246	Sisamón	0	0
2006	50247	Sobradiel	3	1,54
2006	50248	Sos del Rey Católico	4	8,56
2006	50249	Tabuenca	2	2,21
2006	50250	Talamantes	1	0,41
2006	50251	Tarazona	3	1
2006	50252	Tauste	7	49,47
2006	50253	Terrer	0	0
2006	50254	Tierga	0	0
2006	50255	Tobed	0	0
2006	50256	Torralba de los Frailes	0	0
2006	50257	Torralba de Ribota	0	0
2006	50258	Torralbilla	0	0
2006	50259	Torrehermosa	0	0
2006	50260	Torrelapaja	0	0
2006	50261	Torrellas	0	0
2006	50262	Torres de Berrellén	0	0
2006	50263	Torrijo de la Cañada	1	0,04
2006	50264	Tosos	0	0
2006	50265	Trasmoz	0	0
2006	50266	Trasobares	0	0
2006	50267	Uncastillo	1	128,93
2006	50268	Undués de Lerda	0	0
2006	50269	Urrea de Jalón	1	0,1
2006	50270	Urriés	0	0
2006	50271	Used	0	0
2006	50272	Utebo	1	0,02
2006	50273	Valdehorna	0	0
2006	50274	Val de San Martín	0	0
2006	50275	Valmadrid	1	0,01
2006	50276	Valpalmas	1	0,3
2006	50277	Valtorres	1	0,01
2006	50278	Velilla de Ebro	0	0
2006	50279	Velilla de Jiloca	0	0
2006	50280	Vera de Moncayo	0	0
2006	50281	Vierlas	0	0
2006	50282	Vilueña (La)	0	0
2006	50283	Villadoz	0	0
2006	50284	Villafeliche	0	0
2006	50285	Villafranca de Ebro	2	2,51
2006	50286	Villalba de Perejil	0	0
2006	50287	Villalengua	0	0
2006	50288	Villanueva de Gállego	0	0
2006	50289	Villanueva de Jiloca	1	0,25
2006	50290	Villanueva de Huerva	0	0
2006	50291	Villar de los Navarros	0	0
2006	50292	Villarreal de Huerva	0	0
2006	50293	Villarroya de la Sierra	0	0
2006	50294	Villarroya del Campo	0	0
2006	50295	Vistabella	0	0
2006	50296	Zaida (La)	0	0
2006	50297	Zaragoza	10	1,24
2006	50298	Zuera	4	46,42
2006	50901	Biel	1	0,25
2006	50902	Marracos	0	0
2007	22001	Abiego	0	0
2007	22002	Abizanda	0	0
2007	22003	Adahuesca	0	0
2007	22004	Agüero	0	0
2007	22006	Aísa	0	0
2007	22007	Albalate de Cinca	0	0
2007	22008	Albalatillo	1	0,29
2007	22009	Albelda	1	0,29
2007	22011	Albero Alto	0	0
2007	22012	Albero Bajo	0	0
2007	22013	Alberuela de Tubo	0	0
2007	22014	Alcalá de Gurrea	0	0
2007	22015	Alcalá del Obispo	0	0
2007	22016	Alcampell	0	0
2007	22017	Alcolea de Cinca	0	0
2007	22018	Alcubierre	0	0
2007	22019	Alerre	0	0
2007	22020	Alfántega	0	0
2007	22021	Almudévar	1	0,1
2007	22022	Almunia de San Juan	0	0
2007	22023	Almuniente	0	0
2007	22024	Alquézar	2	0,02
2007	22025	Altorricón	0	0
2007	22027	Angüés	1	0,09
2007	22028	Ansó	0	0
2007	22029	Antillón	0	0
2007	22032	Aragüés del Puerto	1	0,01
2007	22035	Arén	0	0
2007	22036	Argavieso	0	0
2007	22037	Arguis	1	0,02
2007	22039	Ayerbe	1	0,12
2007	22040	Azanuy-Alins	0	0
2007	22041	Azara	0	0
2007	22042	Azlor	0	0
2007	22043	Baells	0	0
2007	22044	Bailo	1	0,01
2007	22045	Baldellou	0	0
2007	22046	Ballobar	0	0
2007	22047	Banastás	0	0
2007	22048	Barbastro	3	21,92
2007	22049	Barbués	1	0,96
2007	22050	Barbuñales	0	0
2007	22051	Bárcabo	1	0,06
2007	22052	Belver de Cinca	0	0
2007	22053	Benabarre	1	0,1
2007	22054	Benasque	0	0
2007	22055	Berbegal	0	0
2007	22057	Bielsa	0	0
2007	22058	Bierge	0	0
2007	22059	Biescas	1	0,01
2007	22060	Binaced	1	1,5
2007	22061	Binéfar	0	0
2007	22062	Bisaurri	1	0,01
2007	22063	Biscarrués	2	0,03
2007	22064	Blecua y Torres	0	0
2007	22066	Boltaña	1	1
2007	22067	Bonansa	0	0
2007	22068	Borau	0	0
2007	22069	Broto	0	0
2007	22072	Caldearenas	0	0
2007	22074	Campo	0	0
2007	22075	Camporrells	2	9,96
2007	22076	Canal de Berdún	0	0
2007	22077	Candasnos	1	0,25
2007	22078	Canfranc	0	0
2007	22079	Capdesaso	0	0
2007	22080	Capella	0	0
2007	22081	Casbas de Huesca	1	0,37
2007	22082	Castejón del Puente	0	0
2007	22083	Castejón de Monegros	1	8,95
2007	22084	Castejón de Sos	0	0
2007	22085	Castelflorite	0	0
2007	22086	Castiello de Jaca	0	0
2007	22087	Castigaleu	0	0
2007	22088	Castillazuelo	0	0
2007	22089	Castillonroy	0	0
2007	22090	Colungo	0	0
2007	22094	Chalamera	0	0
2007	22095	Chía	0	0
2007	22096	Chimillas	0	0
2007	22099	Esplús	0	0
2007	22102	Estada	0	0
2007	22103	Estadilla	1	1
2007	22105	Estopiñán del Castillo	0	0
2007	22106	Fago	0	0
2007	22107	Fanlo	0	0
2007	22109	Fiscal	1	0,4
2007	22110	Fonz	0	0
2007	22111	Foradada del Toscar	0	0
2007	22112	Fraga	3	1,76
2007	22113	Fueva (La)	0	0
2007	22114	Gistaín	0	0
2007	22115	Grado (El)	0	0
2007	22116	Grañén	2	5,86
2007	22117	Graus	0	0
2007	22119	Gurrea de Gállego	2	5,55
2007	22122	Hoz de Jaca	0	0
2007	22124	Huerto	1	0,72
2007	22125	Huesca	2	3
2007	22126	Ibieca	0	0
2007	22127	Igriés	0	0
2007	22128	Ilche	0	0
2007	22129	Isábena	0	0
2007	22130	Jaca	8	2,62
2007	22131	Jasa	0	0
2007	22133	Labuerda	1	0,01
2007	22135	Laluenga	0	0
2007	22136	Lalueza	2	2,82
2007	22137	Lanaja	2	1
2007	22139	Laperdiguera	0	0
2007	22141	Lascellas-Ponzano	1	0,73
2007	22142	Lascuarre	0	0
2007	22143	Laspaúles	0	0
2007	22144	Laspuña	0	0
2007	22149	Loarre	1	0,01
2007	22150	Loporzano	7	10,62
2007	22151	Loscorrales	1	2
2007	22155	Monesma y Cajigar	0	0
2007	22156	Monflorite-Lascasas	0	0
2007	22157	Montanuy	1	3,8
2007	22158	Monzón	4	20,24
2007	22160	Naval	0	0
2007	22162	Novales	0	0
2007	22163	Nueno	2	0,18
2007	22164	Olvena	0	0
2007	22165	Ontiñena	0	0
2007	22167	Osso de Cinca	0	0
2007	22168	Palo	0	0
2007	22170	Panticosa	0	0
2007	22172	Peñalba	1	1,13
2007	22173	Peñas de Riglos (Las)	0	0
2007	22174	Peralta de Alcofea	0	0
2007	22175	Peralta de Calasanz	0	0
2007	22176	Peraltilla	1	15
2007	22177	Perarrúa	0	0
2007	22178	Pertusa	0	0
2007	22181	Piracés	0	0
2007	22182	Plan	0	0
2007	22184	Poleñino	1	1,95
2007	22186	Pozán de Vero	0	0
2007	22187	Puebla de Castro (La)	0	0
2007	22188	Puente de Montañana	0	0
2007	22189	Puértolas	0	0
2007	22190	Pueyo de Araguás (El)	0	0
2007	22193	Pueyo de Santa Cruz	0	0
2007	22195	Quicena	0	0
2007	22197	Robres	1	0,05
2007	22199	Sabiñánigo	1	0,01
2007	22200	Sahún	1	0,01
2007	22201	Salas Altas	0	0
2007	22202	Salas Bajas	1	0,05
2007	22203	Salillas	0	0
2007	22204	Sallent de Gállego	0	0
2007	22205	San Esteban de Litera	1	0,95
2007	22206	Sangarrén	0	0
2007	22207	San Juan de Plan	1	0,01
2007	22208	Santa Cilia	0	0
2007	22209	Santa Cruz de la Serós	0	0
2007	22212	Santaliestra y San Quílez	0	0
2007	22213	Sariñena	5	1,17
2007	22214	Secastilla	0	0
2007	22215	Seira	1	0,01
2007	22217	Sena	0	0
2007	22218	Senés de Alcubierre	1	2,15
2007	22220	Sesa	0	0
2007	22221	Sesué	0	0
2007	22222	Siétamo	1	0,17
2007	22223	Sopeira	0	0
2007	22225	Tamarite de Litera	2	2,6
2007	22226	Tardienta	0	0
2007	22227	Tella-Sin	0	0
2007	22228	Tierz	1	1
2007	22229	Tolva	0	0
2007	22230	Torla-Ordesa	0	0
2007	22232	Torralba de Aragón	0	0
2007	22233	Torre la Ribera	0	0
2007	22234	Torrente de Cinca	1	4,17
2007	22235	Torres de Alcanadre	1	2,1
2007	22236	Torres de Barbués	0	0
2007	22239	Tramaced	0	0
2007	22242	Valfarta	0	0
2007	22243	Valle de Bardají	0	0
2007	22244	Valle de Lierp	0	0
2007	22245	Velilla de Cinca	0	0
2007	22246	Beranuy	0	0
2007	22247	Viacamp y Litera	0	0
2007	22248	Vicién	0	0
2007	22249	Villanova	0	0
2007	22250	Villanúa	0	0
2007	22251	Villanueva de Sigena	0	0
2007	22252	Yebra de Basa	1	1,63
2007	22253	Yésero	0	0
2007	22254	Zaidín	0	0
2007	22901	Valle de Hecho	1	0,02
2007	22902	Puente la Reina de Jaca	0	0
2007	22903	San Miguel del Cinca	1	2,7
2007	22904	Sotonera (La)	2	0,33
2007	22905	Lupiñén-Ortilla	3	0,3
2007	22906	Santa María de Dulcis	0	0
2007	22907	Aínsa-Sobrarbe	0	0
2007	22908	Hoz y Costeán	0	0
2007	22909	Vencillón	0	0
2007	44001	Ababuj	0	0
2007	44002	Abejuela	0	0
2007	44003	Aguatón	0	0
2007	44004	Aguaviva	1	0,03
2007	44005	Aguilar del Alfambra	0	0
2007	44006	Alacón	0	0
2007	44007	Alba	0	0
2007	44008	Albalate del Arzobispo	2	0,9
2007	44009	Albarracín	1	0,05
2007	44010	Albentosa	0	0
2007	44011	Alcaine	0	0
2007	44012	Alcalá de la Selva	0	0
2007	44013	Alcañiz	8	1,87
2007	44014	Alcorisa	2	0,13
2007	44016	Alfambra	0	0
2007	44017	Aliaga	0	0
2007	44018	Almohaja	0	0
2007	44019	Alobras	0	0
2007	44020	Alpeñés	0	0
2007	44021	Allepuz	0	0
2007	44022	Alloza	0	0
2007	44023	Allueva	0	0
2007	44024	Anadón	0	0
2007	44025	Andorra	1	0,01
2007	44026	Arcos de las Salinas	0	0
2007	44027	Arens de Lledó	2	2,18
2007	44028	Argente	0	0
2007	44029	Ariño	2	1,01
2007	44031	Azaila	1	0,15
2007	44032	Bádenas	0	0
2007	44033	Báguena	6	6,21
2007	44034	Bañón	0	0
2007	44035	Barrachina	1	0,2
2007	44036	Bea	0	0
2007	44037	Beceite	1	2,02
2007	44038	Belmonte de San José	1	0,12
2007	44039	Bello	0	0
2007	44040	Berge	1	0,01
2007	44041	Bezas	0	0
2007	44042	Blancas	1	0,23
2007	44043	Blesa	0	0
2007	44044	Bordón	0	0
2007	44045	Bronchales	1	2
2007	44046	Bueña	0	0
2007	44047	Burbáguena	3	2,47
2007	44048	Cabra de Mora	0	0
2007	44049	Calaceite	0	0
2007	44050	Calamocha	3	4,8
2007	44051	Calanda	1	20
2007	44052	Calomarde	0	0
2007	44053	Camañas	0	0
2007	44054	Camarena de la Sierra	1	0,01
2007	44055	Camarillas	1	0,9
2007	44056	Caminreal	3	4,56
2007	44059	Cantavieja	0	0
2007	44060	Cañada de Benatanduz	0	0
2007	44061	Cañada de Verich (La)	0	0
2007	44062	Cañada Vellida	0	0
2007	44063	Cañizar del Olivar	0	0
2007	44064	Cascante del Río	1	0,25
2007	44065	Castejón de Tornos	1	2,68
2007	44066	Castel de Cabra	0	0
2007	44067	Castelnou	1	0,25
2007	44068	Castelserás	0	0
2007	44070	Castellar (El)	1	0,19
2007	44071	Castellote	1	0,01
2007	44074	Cedrillas	0	0
2007	44075	Celadas	0	0
2007	44076	Cella	3	12,7
2007	44077	Cerollera (La)	0	0
2007	44080	Codoñera (La)	1	0,72
2007	44082	Corbalán	0	0
2007	44084	Cortes de Aragón	0	0
2007	44085	Cosa	0	0
2007	44086	Cretas	1	0,2
2007	44087	Crivillén	0	0
2007	44088	Cuba (La)	0	0
2007	44089	Cubla	0	0
2007	44090	Cucalón	0	0
2007	44092	Cuervo (El)	0	0
2007	44093	Cuevas de Almudén	0	0
2007	44094	Cuevas Labradas	0	0
2007	44096	Ejulve	2	3,01
2007	44097	Escorihuela	0	0
2007	44099	Escucha	1	0,62
2007	44100	Estercuel	1	0,01
2007	44101	Ferreruela de Huerva	0	0
2007	44102	Fonfría	0	0
2007	44103	Formiche Alto	1	0,01
2007	44105	Fórnoles	1	0,02
2007	44106	Fortanete	1	0,05
2007	44107	Foz-Calanda	0	0
2007	44108	Fresneda (La)	0	0
2007	44109	Frías de Albarracín	0	0
2007	44110	Fuenferrada	0	0
2007	44111	Fuentes Calientes	0	0
2007	44112	Fuentes Claras	0	0
2007	44113	Fuentes de Rubielos	0	0
2007	44114	Fuentespalda	1	0,5
2007	44115	Galve	0	0
2007	44116	Gargallo	0	0
2007	44117	Gea de Albarracín	0	0
2007	44118	Ginebrosa (La)	0	0
2007	44119	Griegos	0	0
2007	44120	Guadalaviar	0	0
2007	44121	Gúdar	0	0
2007	44122	Híjar	4	3,55
2007	44123	Hinojosa de Jarque	0	0
2007	44124	Hoz de la Vieja (La)	0	0
2007	44125	Huesa del Común	0	0
2007	44126	Iglesuela del Cid (La)	0	0
2007	44127	Jabaloyas	0	0
2007	44128	Jarque de la Val	1	0,07
2007	44129	Jatiel	1	0,5
2007	44130	Jorcas	0	0
2007	44131	Josa	0	0
2007	44132	Lagueruela	0	0
2007	44133	Lanzuela	0	0
2007	44135	Libros	0	0
2007	44136	Lidón	0	0
2007	44137	Linares de Mora	0	0
2007	44138	Loscos	0	0
2007	44141	Lledó	0	0
2007	44142	Maicas	0	0
2007	44143	Manzanera	1	0,13
2007	44144	Martín del Río	1	0,01
2007	44145	Mas de las Matas	1	0,11
2007	44146	Mata de los Olmos (La)	0	0
2007	44147	Mazaleón	2	0,5
2007	44148	Mezquita de Jarque	0	0
2007	44149	Mirambel	0	0
2007	44150	Miravete de la Sierra	0	0
2007	44151	Molinos	2	0,02
2007	44152	Monforte de Moyuela	1	0,67
2007	44153	Monreal del Campo	2	0,41
2007	44154	Monroyo	1	0,02
2007	44155	Montalbán	2	0,81
2007	44156	Monteagudo del Castillo	0	0
2007	44157	Monterde de Albarracín	0	0
2007	44158	Mora de Rubielos	0	0
2007	44159	Moscardón	0	0
2007	44160	Mosqueruela	0	0
2007	44161	Muniesa	0	0
2007	44163	Noguera de Albarracín	0	0
2007	44164	Nogueras	0	0
2007	44165	Nogueruelas	0	0
2007	44167	Obón	2	0,51
2007	44168	Odón	0	0
2007	44169	Ojos Negros	0	0
2007	44171	Olba	1	0,18
2007	44172	Oliete	2	0,18
2007	44173	Olmos (Los)	1	0,1
2007	44174	Orihuela del Tremedal	0	0
2007	44175	Orrios	0	0
2007	44176	Palomar de Arroyos	0	0
2007	44177	Pancrudo	0	0
2007	44178	Parras de Castellote (Las)	1	0,1
2007	44179	Peñarroya de Tastavins	0	0
2007	44180	Peracense	0	0
2007	44181	Peralejos	0	0
2007	44182	Perales del Alfambra	0	0
2007	44183	Pitarque	1	0,01
2007	44184	Plou	0	0
2007	44185	Pobo (El)	0	0
2007	44187	Portellada (La)	0	0
2007	44189	Pozondón	1	0,02
2007	44190	Pozuel del Campo	0	0
2007	44191	Puebla de Híjar (La)	4	1,98
2007	44192	Puebla de Valverde (La)	0	0
2007	44193	Puertomingalvo	0	0
2007	44194	Ráfales	1	0,17
2007	44195	Rillo	0	0
2007	44196	Riodeva	0	0
2007	44197	Ródenas	0	0
2007	44198	Royuela	0	0
2007	44199	Rubiales	0	0
2007	44200	Rubielos de la Cérida	0	0
2007	44201	Rubielos de Mora	0	0
2007	44203	Salcedillo	0	0
2007	44204	Saldón	0	0
2007	44205	Samper de Calanda	5	3,8
2007	44206	San Agustín	0	0
2007	44207	San Martín del Río	2	3,32
2007	44208	Santa Cruz de Nogueras	0	0
2007	44209	Santa Eulalia	1	0,9
2007	44210	Sarrión	0	0
2007	44211	Segura de los Baños	0	0
2007	44212	Seno	0	0
2007	44213	Singra	1	0,05
2007	44215	Terriente	0	0
2007	44216	Teruel	0	0
2007	44217	Toril y Masegoso	0	0
2007	44218	Tormón	1	0,02
2007	44219	Tornos	0	0
2007	44220	Torralba de los Sisones	0	0
2007	44221	Torrecilla de Alcañiz	0	0
2007	44222	Torrecilla del Rebollar	0	0
2007	44223	Torre de Arcas	0	0
2007	44224	Torre de las Arcas	1	1436,17
2007	44225	Torre del Compte	0	0
2007	44226	Torrelacárcel	0	0
2007	44227	Torre los Negros	0	0
2007	44228	Torremocha de Jiloca	0	0
2007	44229	Torres de Albarracín	0	0
2007	44230	Torrevelilla	0	0
2007	44231	Torrijas	1	0,12
2007	44232	Torrijo del Campo	0	0
2007	44234	Tramacastiel	1	1,85
2007	44235	Tramacastilla	1	0,02
2007	44236	Tronchón	0	0
2007	44237	Urrea de Gaén	2	2
2007	44238	Utrillas	0	0
2007	44239	Valacloche	0	0
2007	44240	Valbona	0	0
2007	44241	Valdealgorfa	0	0
2007	44243	Valdecuenca	0	0
2007	44244	Valdelinares	0	0
2007	44245	Valdeltormo	1	0,34
2007	44246	Valderrobres	3	0,04
2007	44247	Valjunquera	1	0,28
2007	44249	Vallecillo (El)	0	0
2007	44250	Veguillas de la Sierra	0	0
2007	44251	Villafranca del Campo	0	0
2007	44252	Villahermosa del Campo	0	0
2007	44256	Villanueva del Rebollar de la Sierra	0	0
2007	44257	Villar del Cobo	2	0,03
2007	44258	Villar del Salz	1	0,88
2007	44260	Villarluengo	0	0
2007	44261	Villarquemado	0	0
2007	44262	Villarroya de los Pinares	0	0
2007	44263	Villastar	0	0
2007	44264	Villel	0	0
2007	44265	Vinaceite	0	0
2007	44266	Visiedo	0	0
2007	44267	Vivel del Río Martín	0	0
2007	44268	Zoma (La)	0	0
2007	50001	Abanto	0	0
2007	50002	Acered	0	0
2007	50003	Agón	0	0
2007	50004	Aguarón	0	0
2007	50005	Aguilón	0	0
2007	50006	Ainzón	2	0,16
2007	50007	Aladrén	1	0,08
2007	50008	Alagón	0	0
2007	50009	Alarba	0	0
2007	50010	Alberite de San Juan	0	0
2007	50011	Albeta	1	0,5
2007	50012	Alborge	0	0
2007	50013	Alcalá de Ebro	2	0,06
2007	50014	Alcalá de Moncayo	0	0
2007	50015	Alconchel de Ariza	0	0
2007	50016	Aldehuela de Liestos	0	0
2007	50017	Alfajarín	1	0,34
2007	50018	Alfamén	0	0
2007	50019	Alforque	0	0
2007	50020	Alhama de Aragón	1	0,01
2007	50021	Almochuel	0	0
2007	50022	Almolda (La)	1	0,2
2007	50023	Almonacid de la Cuba	1	0,12
2007	50024	Almonacid de la Sierra	0	0
2007	50025	Almunia de Doña Godina (La)	0	0
2007	50026	Alpartir	0	0
2007	50027	Ambel	0	0
2007	50028	Anento	1	0,15
2007	50029	Aniñón	0	0
2007	50030	Añón de Moncayo	0	0
2007	50031	Aranda de Moncayo	0	0
2007	50032	Arándiga	0	0
2007	50033	Ardisa	0	0
2007	50034	Ariza	0	0
2007	50035	Artieda	0	0
2007	50036	Asín	2	10,9
2007	50037	Atea	0	0
2007	50038	Ateca	3	10,22
2007	50039	Azuara	0	0
2007	50040	Badules	2	1,45
2007	50041	Bagüés	2	0,04
2007	50042	Balconchán	1	0,7
2007	50043	Bárboles	0	0
2007	50044	Bardallur	1	1,1
2007	50045	Belchite	1	0,09
2007	50046	Belmonte de Gracián	0	0
2007	50047	Berdejo	0	0
2007	50048	Berrueco	0	0
2007	50050	Bijuesca	2	1,02
2007	50051	Biota	2	0,48
2007	50052	Bisimbre	0	0
2007	50053	Boquiñeni	0	0
2007	50054	Bordalba	0	0
2007	50055	Borja	2	0,04
2007	50056	Botorrita	1	0,93
2007	50057	Brea de Aragón	0	0
2007	50058	Bubierca	1	0,6
2007	50059	Bujaraloz	0	0
2007	50060	Bulbuente	0	0
2007	50061	Bureta	0	0
2007	50062	Burgo de Ebro (El)	0	0
2007	50063	Buste (El)	0	0
2007	50064	Cabañas de Ebro	1	0,01
2007	50065	Cabolafuente	0	0
2007	50066	Cadrete	1	0,07
2007	50067	Calatayud	4	0,04
2007	50068	Calatorao	0	0
2007	50069	Calcena	0	0
2007	50070	Calmarza	0	0
2007	50071	Campillo de Aragón	0	0
2007	50072	Carenas	4	6,66
2007	50073	Cariñena	0	0
2007	50074	Caspe	9	4,12
2007	50075	Castejón de Alarba	0	0
2007	50076	Castejón de las Armas	2	2
2007	50077	Castejón de Valdejasa	0	0
2007	50078	Castiliscar	1	0,15
2007	50079	Cervera de la Cañada	4	1,27
2007	50080	Cerveruela	0	0
2007	50081	Cetina	4	1,21
2007	50082	Cimballa	0	0
2007	50083	Cinco Olivas	1	0,42
2007	50084	Clarés de Ribota	0	0
2007	50085	Codo	1	2,8
2007	50086	Codos	0	0
2007	50087	Contamina	0	0
2007	50088	Cosuenda	1	0,95
2007	50089	Cuarte de Huerva	0	0
2007	50090	Cubel	0	0
2007	50091	Cuerlas (Las)	0	0
2007	50092	Chiprana	0	0
2007	50093	Chodes	0	0
2007	50094	Daroca	1	2,1
2007	50095	Ejea de los Caballeros	8	12,03
2007	50096	Embid de Ariza	0	0
2007	50098	Encinacorba	1	1,3
2007	50099	Épila	0	0
2007	50100	Erla	1	0,5
2007	50101	Escatrón	1	0,44
2007	50102	Fabara	0	0
2007	50104	Farlete	0	0
2007	50105	Fayón	0	0
2007	50106	Fayos (Los)	0	0
2007	50107	Figueruelas	1	1
2007	50108	Fombuena	0	0
2007	50109	Frago (El)	0	0
2007	50110	Frasno (El)	2	0,81
2007	50111	Fréscano	0	0
2007	50113	Fuendejalón	0	0
2007	50114	Fuendetodos	0	0
2007	50115	Fuentes de Ebro	6	3,78
2007	50116	Fuentes de Jiloca	0	0
2007	50117	Gallocanta	0	0
2007	50118	Gallur	0	0
2007	50119	Gelsa	1	0,43
2007	50120	Godojos	1	0,15
2007	50121	Gotor	0	0
2007	50122	Grisel	0	0
2007	50123	Grisén	0	0
2007	50124	Herrera de los Navarros	0	0
2007	50125	Ibdes	1	0,2
2007	50126	Illueca	0	0
2007	50128	Isuerre	0	0
2007	50129	Jaraba	0	0
2007	50130	Jarque de Moncayo	1	0,7
2007	50131	Jaulín	0	0
2007	50132	Joyosa (La)	0	0
2007	50133	Lagata	1	2,21
2007	50134	Langa del Castillo	0	0
2007	50135	Layana	0	0
2007	50136	Lécera	0	0
2007	50137	Leciñena	1	0,15
2007	50138	Lechón	0	0
2007	50139	Letux	2	0,11
2007	50140	Litago	0	0
2007	50141	Lituénigo	0	0
2007	50142	Lobera de Onsella	0	0
2007	50143	Longares	0	0
2007	50144	Longás	0	0
2007	50146	Lucena de Jalón	0	0
2007	50147	Luceni	1	0,05
2007	50148	Luesia	1	1,5
2007	50149	Luesma	0	0
2007	50150	Lumpiaque	0	0
2007	50151	Luna	0	0
2007	50152	Maella	2	0,25
2007	50153	Magallón	2	6,11
2007	50154	Mainar	0	0
2007	50155	Malanquilla	0	0
2007	50156	Maleján	0	0
2007	50157	Malón	0	0
2007	50159	Maluenda	0	0
2007	50160	Mallén	3	7,05
2007	50161	Manchones	0	0
2007	50162	Mara	0	0
2007	50163	María de Huerva	4	1,84
2007	50164	Mediana de Aragón	1	0,02
2007	50165	Mequinenza	2	0,14
2007	50166	Mesones de Isuela	0	0
2007	50167	Mezalocha	1	0,05
2007	50168	Mianos	0	0
2007	50169	Miedes de Aragón	0	0
2007	50170	Monegrillo	0	0
2007	50171	Moneva	0	0
2007	50172	Monreal de Ariza	0	0
2007	50173	Monterde	0	0
2007	50174	Montón	0	0
2007	50175	Morata de Jalón	0	0
2007	50176	Morata de Jiloca	0	0
2007	50177	Morés	1	0,13
2007	50178	Moros	2	1,51
2007	50179	Moyuela	0	0
2007	50180	Mozota	0	0
2007	50181	Muel	1	0,1
2007	50182	Muela (La)	0	0
2007	50183	Munébrega	2	1
2007	50184	Murero	0	0
2007	50185	Murillo de Gállego	1	0,1
2007	50186	Navardún	1	0,01
2007	50187	Nigüella	0	0
2007	50188	Nombrevilla	1	0,24
2007	50189	Nonaspe	2	2,29
2007	50190	Novallas	0	0
2007	50191	Novillas	0	0
2007	50192	Nuévalos	1	14
2007	50193	Nuez de Ebro	0	0
2007	50194	Olvés	0	0
2007	50195	Orcajo	0	0
2007	50196	Orera	0	0
2007	50197	Orés	0	0
2007	50198	Oseja	0	0
2007	50199	Osera de Ebro	3	4,12
2007	50200	Paniza	0	0
2007	50201	Paracuellos de Jiloca	1	0,03
2007	50202	Paracuellos de la Ribera	0	0
2007	50203	Pastriz	1	0,03
2007	50204	Pedrola	0	0
2007	50205	Pedrosas (Las)	0	0
2007	50206	Perdiguera	0	0
2007	50207	Piedratajada	0	0
2007	50208	Pina de Ebro	1	0,14
2007	50209	Pinseque	0	0
2007	50210	Pintanos (Los)	0	0
2007	50211	Plasencia de Jalón	1	0,39
2007	50212	Pleitas	0	0
2007	50213	Plenas	0	0
2007	50214	Pomer	0	0
2007	50215	Pozuel de Ariza	0	0
2007	50216	Pozuelo de Aragón	0	0
2007	50217	Pradilla de Ebro	1	0,01
2007	50218	Puebla de Albortón	0	0
2007	50219	Puebla de Alfindén (La)	0	0
2007	50220	Puendeluna	0	0
2007	50221	Purujosa	0	0
2007	50222	Quinto	1	1,5
2007	50223	Remolinos	0	0
2007	50224	Retascón	0	0
2007	50225	Ricla	1	0,23
2007	50227	Romanos	0	0
2007	50228	Rueda de Jalón	2	0,42
2007	50229	Ruesca	0	0
2007	50230	Sádaba	2	3,37
2007	50231	Salillas de Jalón	0	0
2007	50232	Salvatierra de Esca	0	0
2007	50233	Samper del Salz	1	2
2007	50234	San Martín de la Virgen de Moncayo	0	0
2007	50235	San Mateo de Gállego	1	0,1
2007	50236	Santa Cruz de Grío	1	0,5
2007	50237	Santa Cruz de Moncayo	0	0
2007	50238	Santa Eulalia de Gállego	0	0
2007	50239	Santed	0	0
2007	50240	Sástago	1	0,06
2007	50241	Saviñán	1	0,02
2007	50242	Sediles	0	0
2007	50243	Sestrica	0	0
2007	50244	Sierra de Luna	1	0,85
2007	50245	Sigüés	2	0,05
2007	50246	Sisamón	0	0
2007	50247	Sobradiel	0	0
2007	50248	Sos del Rey Católico	3	2,63
2007	50249	Tabuenca	1	2,05
2007	50250	Talamantes	0	0
2007	50251	Tarazona	2	1,8
2007	50252	Tauste	6	1,41
2007	50253	Terrer	1	0,1
2007	50254	Tierga	0	0
2007	50255	Tobed	1	4
2007	50256	Torralba de los Frailes	0	0
2007	50257	Torralba de Ribota	0	0
2007	50258	Torralbilla	0	0
2007	50259	Torrehermosa	0	0
2007	50260	Torrelapaja	0	0
2007	50261	Torrellas	0	0
2007	50262	Torres de Berrellén	2	0,4
2007	50263	Torrijo de la Cañada	0	0
2007	50264	Tosos	1	0,15
2007	50265	Trasmoz	0	0
2007	50266	Trasobares	0	0
2007	50267	Uncastillo	1	0,08
2007	50268	Undués de Lerda	0	0
2007	50269	Urrea de Jalón	1	0,06
2007	50270	Urriés	0	0
2007	50271	Used	0	0
2007	50272	Utebo	2	0,19
2007	50273	Valdehorna	0	0
2007	50274	Val de San Martín	1	1,6
2007	50275	Valmadrid	0	0
2007	50276	Valpalmas	0	0
2007	50277	Valtorres	0	0
2007	50278	Velilla de Ebro	0	0
2007	50279	Velilla de Jiloca	0	0
2007	50280	Vera de Moncayo	1	0,1
2007	50281	Vierlas	0	0
2007	50282	Vilueña (La)	0	0
2007	50283	Villadoz	0	0
2007	50284	Villafeliche	0	0
2007	50285	Villafranca de Ebro	2	2,61
2007	50286	Villalba de Perejil	0	0
2007	50287	Villalengua	0	0
2007	50288	Villanueva de Gállego	0	0
2007	50289	Villanueva de Jiloca	0	0
2007	50290	Villanueva de Huerva	1	1,5
2007	50291	Villar de los Navarros	0	0
2007	50292	Villarreal de Huerva	0	0
2007	50293	Villarroya de la Sierra	2	0,09
2007	50294	Villarroya del Campo	0	0
2007	50295	Vistabella	1	0,7
2007	50296	Zaida (La)	1	1,4
2007	50297	Zaragoza	13	19,67
2007	50298	Zuera	8	8
2007	50901	Biel	0	0
2007	50902	Marracos	0	0
2007	50903	Villamayor de Gállego	1	1,05
2008	22001	Abiego	1	0,01
2008	22002	Abizanda	0	0
2008	22003	Adahuesca	1	0,1
2008	22004	Agüero	0	0
2008	22006	Aísa	1	0,01
2008	22007	Albalate de Cinca	1	0,5
2008	22008	Albalatillo	0	0
2008	22009	Albelda	0	0
2008	22011	Albero Alto	0	0
2008	22012	Albero Bajo	2	0,4
2008	22013	Alberuela de Tubo	0	0
2008	22014	Alcalá de Gurrea	4	2,6
2008	22015	Alcalá del Obispo	0	0
2008	22016	Alcampell	0	0
2008	22017	Alcolea de Cinca	1	5,8
2008	22018	Alcubierre	1	0,02
2008	22019	Alerre	0	0
2008	22020	Alfántega	0	0
2008	22021	Almudévar	3	1,86
2008	22022	Almunia de San Juan	0	0
2008	22023	Almuniente	1	0,18
2008	22024	Alquézar	1	1,8
2008	22025	Altorricón	0	0
2008	22027	Angüés	0	0
2008	22028	Ansó	0	0
2008	22029	Antillón	0	0
2008	22032	Aragüés del Puerto	0	0
2008	22035	Arén	0	0
2008	22036	Argavieso	0	0
2008	22037	Arguis	1	0,5
2008	22039	Ayerbe	0	0
2008	22040	Azanuy-Alins	0	0
2008	22041	Azara	0	0
2008	22042	Azlor	0	0
2008	22043	Baells	0	0
2008	22044	Bailo	1	0,01
2008	22045	Baldellou	0	0
2008	22046	Ballobar	2	3,19
2008	22047	Banastás	0	0
2008	22048	Barbastro	5	3,07
2008	22049	Barbués	1	0,25
2008	22050	Barbuñales	0	0
2008	22051	Bárcabo	0	0
2008	22052	Belver de Cinca	1	0,1
2008	22053	Benabarre	0	0
2008	22054	Benasque	1	0,6
2008	22055	Berbegal	0	0
2008	22057	Bielsa	0	0
2008	22058	Bierge	0	0
2008	22059	Biescas	1	0,6
2008	22060	Binaced	1	1,23
2008	22061	Binéfar	0	0
2008	22062	Bisaurri	0	0
2008	22063	Biscarrués	0	0
2008	22064	Blecua y Torres	2	0,69
2008	22066	Boltaña	0	0
2008	22067	Bonansa	0	0
2008	22068	Borau	0	0
2008	22069	Broto	0	0
2008	22072	Caldearenas	0	0
2008	22074	Campo	0	0
2008	22075	Camporrells	0	0
2008	22076	Canal de Berdún	2	0,54
2008	22077	Candasnos	0	0
2008	22078	Canfranc	0	0
2008	22079	Capdesaso	0	0
2008	22080	Capella	1	0,3
2008	22081	Casbas de Huesca	0	0
2008	22082	Castejón del Puente	1	1
2008	22083	Castejón de Monegros	1	0,05
2008	22084	Castejón de Sos	0	0
2008	22085	Castelflorite	0	0
2008	22086	Castiello de Jaca	0	0
2008	22087	Castigaleu	0	0
2008	22088	Castillazuelo	0	0
2008	22089	Castillonroy	0	0
2008	22090	Colungo	0	0
2008	22094	Chalamera	0	0
2008	22095	Chía	0	0
2008	22096	Chimillas	0	0
2008	22099	Esplús	0	0
2008	22102	Estada	2	9,51
2008	22103	Estadilla	0	0
2008	22105	Estopiñán del Castillo	0	0
2008	22106	Fago	0	0
2008	22107	Fanlo	0	0
2008	22109	Fiscal	0	0
2008	22110	Fonz	0	0
2008	22111	Foradada del Toscar	0	0
2008	22112	Fraga	2	1,6
2008	22113	Fueva (La)	0	0
2008	22114	Gistaín	1	0,8
2008	22115	Grado (El)	2	2,1
2008	22116	Grañén	1	0,5
2008	22117	Graus	0	0
2008	22119	Gurrea de Gállego	2	11,7
2008	22122	Hoz de Jaca	0	0
2008	22124	Huerto	0	0
2008	22125	Huesca	1	0,01
2008	22126	Ibieca	0	0
2008	22127	Igriés	1	1,08
2008	22128	Ilche	0	0
2008	22129	Isábena	0	0
2008	22130	Jaca	1	0,13
2008	22131	Jasa	0	0
2008	22133	Labuerda	0	0
2008	22135	Laluenga	0	0
2008	22136	Lalueza	1	0,01
2008	22137	Lanaja	1	0,15
2008	22139	Laperdiguera	0	0
2008	22141	Lascellas-Ponzano	0	0
2008	22142	Lascuarre	0	0
2008	22143	Laspaúles	0	0
2008	22144	Laspuña	1	0,02
2008	22149	Loarre	4	1,1
2008	22150	Loporzano	0	0
2008	22151	Loscorrales	2	5,52
2008	22155	Monesma y Cajigar	0	0
2008	22156	Monflorite-Lascasas	1	2
2008	22157	Montanuy	0	0
2008	22158	Monzón	2	1,7
2008	22160	Naval	1	0,01
2008	22162	Novales	1	0,03
2008	22163	Nueno	1	0,03
2008	22164	Olvena	0	0
2008	22165	Ontiñena	2	12,91
2008	22167	Osso de Cinca	0	0
2008	22168	Palo	0	0
2008	22170	Panticosa	0	0
2008	22172	Peñalba	0	0
2008	22173	Peñas de Riglos (Las)	0	0
2008	22174	Peralta de Alcofea	1	0,02
2008	22175	Peralta de Calasanz	1	0,01
2008	22176	Peraltilla	0	0
2008	22177	Perarrúa	0	0
2008	22178	Pertusa	0	0
2008	22181	Piracés	0	0
2008	22182	Plan	0	0
2008	22184	Poleñino	0	0
2008	22186	Pozán de Vero	0	0
2008	22187	Puebla de Castro (La)	0	0
2008	22188	Puente de Montañana	0	0
2008	22189	Puértolas	1	0,01
2008	22190	Pueyo de Araguás (El)	0	0
2008	22193	Pueyo de Santa Cruz	0	0
2008	22195	Quicena	0	0
2008	22197	Robres	0	0
2008	22199	Sabiñánigo	0	0
2008	22200	Sahún	0	0
2008	22201	Salas Altas	0	0
2008	22202	Salas Bajas	0	0
2008	22203	Salillas	0	0
2008	22204	Sallent de Gállego	1	3
2008	22205	San Esteban de Litera	0	0
2008	22206	Sangarrén	0	0
2008	22207	San Juan de Plan	0	0
2008	22208	Santa Cilia	0	0
2008	22209	Santa Cruz de la Serós	0	0
2008	22212	Santaliestra y San Quílez	0	0
2008	22213	Sariñena	3	2,18
2008	22214	Secastilla	0	0
2008	22215	Seira	0	0
2008	22217	Sena	0	0
2008	22218	Senés de Alcubierre	0	0
2008	22220	Sesa	0	0
2008	22221	Sesué	0	0
2008	22222	Siétamo	0	0
2008	22223	Sopeira	0	0
2008	22225	Tamarite de Litera	0	0
2008	22226	Tardienta	1	0,96
2008	22227	Tella-Sin	0	0
2008	22228	Tierz	0	0
2008	22229	Tolva	0	0
2008	22230	Torla-Ordesa	2	3,97
2008	22232	Torralba de Aragón	0	0
2008	22233	Torre la Ribera	0	0
2008	22234	Torrente de Cinca	0	0
2008	22235	Torres de Alcanadre	0	0
2008	22236	Torres de Barbués	0	0
2008	22239	Tramaced	0	0
2008	22242	Valfarta	0	0
2008	22243	Valle de Bardají	0	0
2008	22244	Valle de Lierp	0	0
2008	22245	Velilla de Cinca	0	0
2008	22246	Beranuy	0	0
2008	22247	Viacamp y Litera	0	0
2008	22248	Vicién	0	0
2008	22249	Villanova	0	0
2008	22250	Villanúa	1	0,08
2008	22251	Villanueva de Sigena	1	0,2
2008	22252	Yebra de Basa	0	0
2008	22253	Yésero	0	0
2008	22254	Zaidín	1	0,5
2008	22901	Valle de Hecho	0	0
2008	22902	Puente la Reina de Jaca	3	0,12
2008	22903	San Miguel del Cinca	0	0
2008	22904	Sotonera (La)	0	0
2008	22905	Lupiñén-Ortilla	0	0
2008	22906	Santa María de Dulcis	1	0,08
2008	22907	Aínsa-Sobrarbe	0	0
2008	22908	Hoz y Costeán	0	0
2008	22909	Vencillón	0	0
2008	44001	Ababuj	0	0
2008	44002	Abejuela	0	0
2008	44003	Aguatón	0	0
2008	44004	Aguaviva	0	0
2008	44005	Aguilar del Alfambra	0	0
2008	44006	Alacón	0	0
2008	44007	Alba	0	0
2008	44008	Albalate del Arzobispo	1	0,5
2008	44009	Albarracín	4	0,04
2008	44010	Albentosa	0	0
2008	44011	Alcaine	0	0
2008	44012	Alcalá de la Selva	0	0
2008	44013	Alcañiz	4	0,07
2008	44014	Alcorisa	0	0
2008	44016	Alfambra	0	0
2008	44017	Aliaga	4	0,05
2008	44018	Almohaja	1	0,1
2008	44019	Alobras	0	0
2008	44020	Alpeñés	0	0
2008	44021	Allepuz	0	0
2008	44022	Alloza	0	0
2008	44023	Allueva	0	0
2008	44024	Anadón	0	0
2008	44025	Andorra	2	0,02
2008	44026	Arcos de las Salinas	0	0
2008	44027	Arens de Lledó	0	0
2008	44028	Argente	0	0
2008	44029	Ariño	0	0
2008	44031	Azaila	0	0
2008	44032	Bádenas	0	0
2008	44033	Báguena	5	3,62
2008	44034	Bañón	0	0
2008	44035	Barrachina	0	0
2008	44036	Bea	0	0
2008	44037	Beceite	1	0,01
2008	44038	Belmonte de San José	1	0,18
2008	44039	Bello	0	0
2008	44040	Berge	0	0
2008	44041	Bezas	0	0
2008	44042	Blancas	0	0
2008	44043	Blesa	0	0
2008	44044	Bordón	0	0
2008	44045	Bronchales	0	0
2008	44046	Bueña	0	0
2008	44047	Burbáguena	1	0,25
2008	44048	Cabra de Mora	0	0
2008	44049	Calaceite	0	0
2008	44050	Calamocha	3	5,03
2008	44051	Calanda	0	0
2008	44052	Calomarde	0	0
2008	44053	Camañas	0	0
2008	44054	Camarena de la Sierra	1	2,03
2008	44055	Camarillas	0	0
2008	44056	Caminreal	3	0,37
2008	44059	Cantavieja	0	0
2008	44060	Cañada de Benatanduz	0	0
2008	44061	Cañada de Verich (La)	0	0
2008	44062	Cañada Vellida	0	0
2008	44063	Cañizar del Olivar	0	0
2008	44064	Cascante del Río	1	0,98
2008	44065	Castejón de Tornos	0	0
2008	44066	Castel de Cabra	0	0
2008	44067	Castelnou	0	0
2008	44068	Castelserás	0	0
2008	44070	Castellar (El)	0	0
2008	44071	Castellote	2	0,03
2008	44074	Cedrillas	0	0
2008	44075	Celadas	0	0
2008	44076	Cella	6	16,9
2008	44077	Cerollera (La)	0	0
2008	44080	Codoñera (La)	0	0
2008	44082	Corbalán	1	0,41
2008	44084	Cortes de Aragón	0	0
2008	44085	Cosa	0	0
2008	44086	Cretas	1	0,02
2008	44087	Crivillén	0	0
2008	44088	Cuba (La)	0	0
2008	44089	Cubla	0	0
2008	44090	Cucalón	1	0,02
2008	44092	Cuervo (El)	0	0
2008	44093	Cuevas de Almudén	0	0
2008	44094	Cuevas Labradas	0	0
2008	44096	Ejulve	0	0
2008	44097	Escorihuela	0	0
2008	44099	Escucha	0	0
2008	44100	Estercuel	0	0
2008	44101	Ferreruela de Huerva	0	0
2008	44102	Fonfría	0	0
2008	44103	Formiche Alto	0	0
2008	44105	Fórnoles	0	0
2008	44106	Fortanete	0	0
2008	44107	Foz-Calanda	0	0
2008	44108	Fresneda (La)	0	0
2008	44109	Frías de Albarracín	0	0
2008	44110	Fuenferrada	1	1,06
2008	44111	Fuentes Calientes	0	0
2008	44112	Fuentes Claras	0	0
2008	44113	Fuentes de Rubielos	0	0
2008	44114	Fuentespalda	0	0
2008	44115	Galve	0	0
2008	44116	Gargallo	0	0
2008	44117	Gea de Albarracín	0	0
2008	44118	Ginebrosa (La)	0	0
2008	44119	Griegos	0	0
2008	44120	Guadalaviar	0	0
2008	44121	Gúdar	0	0
2008	44122	Híjar	0	0
2008	44123	Hinojosa de Jarque	0	0
2008	44124	Hoz de la Vieja (La)	0	0
2008	44125	Huesa del Común	0	0
2008	44126	Iglesuela del Cid (La)	0	0
2008	44127	Jabaloyas	1	0,5
2008	44128	Jarque de la Val	0	0
2008	44129	Jatiel	0	0
2008	44130	Jorcas	0	0
2008	44131	Josa	0	0
2008	44132	Lagueruela	1	0,5
2008	44133	Lanzuela	0	0
2008	44135	Libros	1	0,6
2008	44136	Lidón	0	0
2008	44137	Linares de Mora	0	0
2008	44138	Loscos	1	0,1
2008	44141	Lledó	0	0
2008	44142	Maicas	0	0
2008	44143	Manzanera	0	0
2008	44144	Martín del Río	0	0
2008	44145	Mas de las Matas	0	0
2008	44146	Mata de los Olmos (La)	2	0,03
2008	44147	Mazaleón	1	0,04
2008	44148	Mezquita de Jarque	0	0
2008	44149	Mirambel	0	0
2008	44150	Miravete de la Sierra	0	0
2008	44151	Molinos	0	0
2008	44152	Monforte de Moyuela	0	0
2008	44153	Monreal del Campo	1	1
2008	44154	Monroyo	1	0,03
2008	44155	Montalbán	2	0,23
2008	44156	Monteagudo del Castillo	0	0
2008	44157	Monterde de Albarracín	0	0
2008	44158	Mora de Rubielos	0	0
2008	44159	Moscardón	0	0
2008	44160	Mosqueruela	0	0
2008	44161	Muniesa	0	0
2008	44163	Noguera de Albarracín	0	0
2008	44164	Nogueras	0	0
2008	44165	Nogueruelas	1	0,03
2008	44167	Obón	1	0,1
2008	44168	Odón	0	0
2008	44169	Ojos Negros	0	0
2008	44171	Olba	0	0
2008	44172	Oliete	1	0,01
2008	44173	Olmos (Los)	0	0
2008	44174	Orihuela del Tremedal	0	0
2008	44175	Orrios	0	0
2008	44176	Palomar de Arroyos	0	0
2008	44177	Pancrudo	0	0
2008	44178	Parras de Castellote (Las)	0	0
2008	44179	Peñarroya de Tastavins	0	0
2008	44180	Peracense	1	3,1
2008	44181	Peralejos	0	0
2008	44182	Perales del Alfambra	1	0,02
2008	44183	Pitarque	1	0,02
2008	44184	Plou	0	0
2008	44185	Pobo (El)	0	0
2008	44187	Portellada (La)	1	0,02
2008	44189	Pozondón	0	0
2008	44190	Pozuel del Campo	0	0
2008	44191	Puebla de Híjar (La)	1	0,1
2008	44192	Puebla de Valverde (La)	2	0,29
2008	44193	Puertomingalvo	0	0
2008	44194	Ráfales	0	0
2008	44195	Rillo	0	0
2008	44196	Riodeva	0	0
2008	44197	Ródenas	0	0
2008	44198	Royuela	0	0
2008	44199	Rubiales	0	0
2008	44200	Rubielos de la Cérida	0	0
2008	44201	Rubielos de Mora	1	0,02
2008	44203	Salcedillo	0	0
2008	44204	Saldón	0	0
2008	44205	Samper de Calanda	0	0
2008	44206	San Agustín	2	1,82
2008	44207	San Martín del Río	2	1,63
2008	44208	Santa Cruz de Nogueras	1	0,05
2008	44209	Santa Eulalia	0	0
2008	44210	Sarrión	0	0
2008	44211	Segura de los Baños	0	0
2008	44212	Seno	0	0
2008	44213	Singra	0	0
2008	44215	Terriente	0	0
2008	44216	Teruel	2	0,26
2008	44217	Toril y Masegoso	0	0
2008	44218	Tormón	0	0
2008	44219	Tornos	0	0
2008	44220	Torralba de los Sisones	0	0
2008	44221	Torrecilla de Alcañiz	1	0,25
2008	44222	Torrecilla del Rebollar	0	0
2008	44223	Torre de Arcas	0	0
2008	44224	Torre de las Arcas	0	0
2008	44225	Torre del Compte	0	0
2008	44226	Torrelacárcel	0	0
2008	44227	Torre los Negros	0	0
2008	44228	Torremocha de Jiloca	0	0
2008	44229	Torres de Albarracín	0	0
2008	44230	Torrevelilla	0	0
2008	44231	Torrijas	0	0
2008	44232	Torrijo del Campo	0	0
2008	44234	Tramacastiel	2	3,46
2008	44235	Tramacastilla	0	0
2008	44236	Tronchón	0	0
2008	44237	Urrea de Gaén	2	15,4
2008	44238	Utrillas	1	0,13
2008	44239	Valacloche	0	0
2008	44240	Valbona	0	0
2008	44241	Valdealgorfa	0	0
2008	44243	Valdecuenca	0	0
2008	44244	Valdelinares	0	0
2008	44245	Valdeltormo	0	0
2008	44246	Valderrobres	0	0
2008	44247	Valjunquera	0	0
2008	44249	Vallecillo (El)	0	0
2008	44250	Veguillas de la Sierra	0	0
2008	44251	Villafranca del Campo	0	0
2008	44252	Villahermosa del Campo	0	0
2008	44256	Villanueva del Rebollar de la Sierra	0	0
2008	44257	Villar del Cobo	0	0
2008	44258	Villar del Salz	0	0
2008	44260	Villarluengo	3	0,58
2008	44261	Villarquemado	0	0
2008	44262	Villarroya de los Pinares	0	0
2008	44263	Villastar	0	0
2008	44264	Villel	0	0
2008	44265	Vinaceite	0	0
2008	44266	Visiedo	0	0
2008	44267	Vivel del Río Martín	0	0
2008	44268	Zoma (La)	0	0
2008	50001	Abanto	2	0,02
2008	50002	Acered	0	0
2008	50003	Agón	2	1,81
2008	50004	Aguarón	0	0
2008	50005	Aguilón	0	0
2008	50006	Ainzón	1	1,25
2008	50007	Aladrén	0	0
2008	50008	Alagón	0	0
2008	50009	Alarba	0	0
2008	50010	Alberite de San Juan	0	0
2008	50011	Albeta	0	0
2008	50012	Alborge	0	0
2008	50013	Alcalá de Ebro	0	0
2008	50014	Alcalá de Moncayo	0	0
2008	50015	Alconchel de Ariza	0	0
2008	50016	Aldehuela de Liestos	0	0
2008	50017	Alfajarín	2	1,06
2008	50018	Alfamén	0	0
2008	50019	Alforque	0	0
2008	50020	Alhama de Aragón	0	0
2008	50021	Almochuel	0	0
2008	50022	Almolda (La)	1	0,03
2008	50023	Almonacid de la Cuba	0	0
2008	50024	Almonacid de la Sierra	0	0
2008	50025	Almunia de Doña Godina (La)	0	0
2008	50026	Alpartir	2	0,07
2008	50027	Ambel	0	0
2008	50028	Anento	0	0
2008	50029	Aniñón	0	0
2008	50030	Añón de Moncayo	0	0
2008	50031	Aranda de Moncayo	0	0
2008	50032	Arándiga	0	0
2008	50033	Ardisa	0	0
2008	50034	Ariza	1	0,53
2008	50035	Artieda	0	0
2008	50036	Asín	0	0
2008	50037	Atea	0	0
2008	50038	Ateca	3	2,08
2008	50039	Azuara	0	0
2008	50040	Badules	0	0
2008	50041	Bagüés	0	0
2008	50042	Balconchán	0	0
2008	50043	Bárboles	0	0
2008	50044	Bardallur	0	0
2008	50045	Belchite	0	0
2008	50046	Belmonte de Gracián	0	0
2008	50047	Berdejo	0	0
2008	50048	Berrueco	0	0
2008	50050	Bijuesca	0	0
2008	50051	Biota	1	0,84
2008	50052	Bisimbre	0	0
2008	50053	Boquiñeni	2	0,7
2008	50054	Bordalba	0	0
2008	50055	Borja	0	0
2008	50056	Botorrita	1	0,06
2008	50057	Brea de Aragón	0	0
2008	50058	Bubierca	1	0,82
2008	50059	Bujaraloz	1	0,15
2008	50060	Bulbuente	0	0
2008	50061	Bureta	0	0
2008	50062	Burgo de Ebro (El)	3	0,2
2008	50063	Buste (El)	0	0
2008	50064	Cabañas de Ebro	2	1,85
2008	50065	Cabolafuente	1	0,48
2008	50066	Cadrete	0	0
2008	50067	Calatayud	1	0,02
2008	50068	Calatorao	2	9,55
2008	50069	Calcena	0	0
2008	50070	Calmarza	0	0
2008	50071	Campillo de Aragón	0	0
2008	50072	Carenas	3	17,62
2008	50073	Cariñena	0	0
2008	50074	Caspe	2	1,24
2008	50075	Castejón de Alarba	0	0
2008	50076	Castejón de las Armas	1	1,37
2008	50077	Castejón de Valdejasa	0	0
2008	50078	Castiliscar	1	3,6
2008	50079	Cervera de la Cañada	0	0
2008	50080	Cerveruela	0	0
2008	50081	Cetina	2	5,21
2008	50082	Cimballa	0	0
2008	50083	Cinco Olivas	0	0
2008	50084	Clarés de Ribota	0	0
2008	50085	Codo	2	5,35
2008	50086	Codos	1	0,04
2008	50087	Contamina	1	1,34
2008	50088	Cosuenda	0	0
2008	50089	Cuarte de Huerva	0	0
2008	50090	Cubel	0	0
2008	50091	Cuerlas (Las)	0	0
2008	50092	Chiprana	1	0,07
2008	50093	Chodes	1	0,43
2008	50094	Daroca	0	0
2008	50095	Ejea de los Caballeros	13	10
2008	50096	Embid de Ariza	1	0,7
2008	50098	Encinacorba	0	0
2008	50099	Épila	1	0,28
2008	50100	Erla	2	0,1
2008	50101	Escatrón	1	0,02
2008	50102	Fabara	3	1,43
2008	50104	Farlete	0	0
2008	50105	Fayón	0	0
2008	50106	Fayos (Los)	0	0
2008	50107	Figueruelas	0	0
2008	50108	Fombuena	0	0
2008	50109	Frago (El)	0	0
2008	50110	Frasno (El)	2	10,04
2008	50111	Fréscano	0	0
2008	50113	Fuendejalón	0	0
2008	50114	Fuendetodos	0	0
2008	50115	Fuentes de Ebro	4	3,27
2008	50116	Fuentes de Jiloca	0	0
2008	50117	Gallocanta	0	0
2008	50118	Gallur	0	0
2008	50119	Gelsa	0	0
2008	50120	Godojos	1	1,14
2008	50121	Gotor	1	0,5
2008	50122	Grisel	0	0
2008	50123	Grisén	1	1,35
2008	50124	Herrera de los Navarros	1	1,9
2008	50125	Ibdes	1	5,89
2008	50126	Illueca	1	0,18
2008	50128	Isuerre	0	0
2008	50129	Jaraba	1	0,26
2008	50130	Jarque de Moncayo	3	4,82
2008	50131	Jaulín	0	0
2008	50132	Joyosa (La)	0	0
2008	50133	Lagata	9	6,95
2008	50134	Langa del Castillo	0	0
2008	50135	Layana	0	0
2008	50136	Lécera	0	0
2008	50137	Leciñena	0	0
2008	50138	Lechón	0	0
2008	50139	Letux	3	0,33
2008	50140	Litago	0	0
2008	50141	Lituénigo	0	0
2008	50142	Lobera de Onsella	0	0
2008	50143	Longares	2	0,89
2008	50144	Longás	0	0
2008	50146	Lucena de Jalón	0	0
2008	50147	Luceni	1	8,73
2008	50148	Luesia	0	0
2008	50149	Luesma	0	0
2008	50150	Lumpiaque	0	0
2008	50151	Luna	0	0
2008	50152	Maella	2	0,43
2008	50153	Magallón	1	0,14
2008	50154	Mainar	0	0
2008	50155	Malanquilla	0	0
2008	50156	Maleján	0	0
2008	50157	Malón	0	0
2008	50159	Maluenda	0	0
2008	50160	Mallén	7	8,68
2008	50161	Manchones	0	0
2008	50162	Mara	0	0
2008	50163	María de Huerva	5	0,68
2008	50164	Mediana de Aragón	0	0
2008	50165	Mequinenza	0	0
2008	50166	Mesones de Isuela	0	0
2008	50167	Mezalocha	0	0
2008	50168	Mianos	0	0
2008	50169	Miedes de Aragón	0	0
2008	50170	Monegrillo	0	0
2008	50171	Moneva	0	0
2008	50172	Monreal de Ariza	2	1,16
2008	50173	Monterde	0	0
2008	50174	Montón	0	0
2008	50175	Morata de Jalón	0	0
2008	50176	Morata de Jiloca	0	0
2008	50177	Morés	2	0,13
2008	50178	Moros	0	0
2008	50179	Moyuela	0	0
2008	50180	Mozota	2	0,08
2008	50181	Muel	0	0
2008	50182	Muela (La)	0	0
2008	50183	Munébrega	0	0
2008	50184	Murero	1	1
2008	50185	Murillo de Gállego	1	0,17
2008	50186	Navardún	0	0
2008	50187	Nigüella	1	0,8
2008	50188	Nombrevilla	0	0
2008	50189	Nonaspe	3	4,25
2008	50190	Novallas	0	0
2008	50191	Novillas	1	0,05
2008	50192	Nuévalos	1	0,02
2008	50193	Nuez de Ebro	0	0
2008	50194	Olvés	0	0
2008	50195	Orcajo	0	0
2008	50196	Orera	0	0
2008	50197	Orés	0	0
2008	50198	Oseja	0	0
2008	50199	Osera de Ebro	2	0,3
2008	50200	Paniza	1	0,9
2008	50201	Paracuellos de Jiloca	0	0
2008	50202	Paracuellos de la Ribera	0	0
2008	50203	Pastriz	1	0,07
2008	50204	Pedrola	0	0
2008	50205	Pedrosas (Las)	0	0
2008	50206	Perdiguera	0	0
2008	50207	Piedratajada	0	0
2008	50208	Pina de Ebro	2	5,37
2008	50209	Pinseque	0	0
2008	50210	Pintanos (Los)	0	0
2008	50211	Plasencia de Jalón	0	0
2008	50212	Pleitas	0	0
2008	50213	Plenas	0	0
2008	50214	Pomer	0	0
2008	50215	Pozuel de Ariza	0	0
2008	50216	Pozuelo de Aragón	0	0
2008	50217	Pradilla de Ebro	1	0,2
2008	50218	Puebla de Albortón	0	0
2008	50219	Puebla de Alfindén (La)	0	0
2008	50220	Puendeluna	0	0
2008	50221	Purujosa	0	0
2008	50222	Quinto	2	0,08
2008	50223	Remolinos	0	0
2008	50224	Retascón	0	0
2008	50225	Ricla	5	2,33
2008	50227	Romanos	0	0
2008	50228	Rueda de Jalón	0	0
2008	50229	Ruesca	0	0
2008	50230	Sádaba	7	7,4
2008	50231	Salillas de Jalón	0	0
2008	50232	Salvatierra de Esca	0	0
2008	50233	Samper del Salz	1	0,35
2008	50234	San Martín de la Virgen de Moncayo	0	0
2008	50235	San Mateo de Gállego	1	0,84
2008	50236	Santa Cruz de Grío	0	0
2008	50237	Santa Cruz de Moncayo	0	0
2008	50238	Santa Eulalia de Gállego	0	0
2008	50239	Santed	0	0
2008	50240	Sástago	2	2,56
2008	50241	Saviñán	0	0
2008	50242	Sediles	0	0
2008	50243	Sestrica	0	0
2008	50244	Sierra de Luna	0	0
2008	50245	Sigüés	0	0
2008	50246	Sisamón	0	0
2008	50247	Sobradiel	3	1,45
2008	50248	Sos del Rey Católico	1	0,9
2008	50249	Tabuenca	0	0
2008	50250	Talamantes	0	0
2008	50251	Tarazona	2	5,1
2008	50252	Tauste	2	1,08
2008	50253	Terrer	1	0,02
2008	50254	Tierga	0	0
2008	50255	Tobed	0	0
2008	50256	Torralba de los Frailes	0	0
2008	50257	Torralba de Ribota	1	14,73
2008	50258	Torralbilla	0	0
2008	50259	Torrehermosa	0	0
2008	50260	Torrelapaja	0	0
2008	50261	Torrellas	0	0
2008	50262	Torres de Berrellén	0	0
2008	50263	Torrijo de la Cañada	1	8,03
2008	50264	Tosos	0	0
2008	50265	Trasmoz	0	0
2008	50266	Trasobares	0	0
2008	50267	Uncastillo	1	0,22
2008	50268	Undués de Lerda	0	0
2008	50269	Urrea de Jalón	0	0
2008	50270	Urriés	0	0
2008	50271	Used	0	0
2008	50272	Utebo	1	0,01
2008	50273	Valdehorna	0	0
2008	50274	Val de San Martín	0	0
2008	50275	Valmadrid	0	0
2008	50276	Valpalmas	0	0
2008	50277	Valtorres	1	1
2008	50278	Velilla de Ebro	0	0
2008	50279	Velilla de Jiloca	0	0
2008	50280	Vera de Moncayo	0	0
2008	50281	Vierlas	1	0,3
2008	50282	Vilueña (La)	0	0
2008	50283	Villadoz	0	0
2008	50284	Villafeliche	0	0
2008	50285	Villafranca de Ebro	0	0
2008	50286	Villalba de Perejil	0	0
2008	50287	Villalengua	0	0
2008	50288	Villanueva de Gállego	1	0,36
2008	50289	Villanueva de Jiloca	1	0,37
2008	50290	Villanueva de Huerva	1	0,06
2008	50291	Villar de los Navarros	0	0
2008	50292	Villarreal de Huerva	1	0,15
2008	50293	Villarroya de la Sierra	2	1,22
2008	50294	Villarroya del Campo	0	0
2008	50295	Vistabella	0	0
2008	50296	Zaida (La)	0	0
2008	50297	Zaragoza	6	0,91
2008	50298	Zuera	7	2144,72
2008	50901	Biel	0	0
2008	50902	Marracos	0	0
2008	50903	Villamayor de Gállego	0	0
2009	22001	Abiego	0	0
2009	22002	Abizanda	1	0,01
2009	22003	Adahuesca	0	0
2009	22004	Agüero	3	1,32
2009	22006	Aísa	0	0
2009	22007	Albalate de Cinca	0	0
2009	22008	Albalatillo	0	0
2009	22009	Albelda	1	0,07
2009	22011	Albero Alto	0	0
2009	22012	Albero Bajo	1	1,5
2009	22013	Alberuela de Tubo	0	0
2009	22014	Alcalá de Gurrea	0	0
2009	22015	Alcalá del Obispo	0	0
2009	22016	Alcampell	0	0
2009	22017	Alcolea de Cinca	2	0,19
2009	22018	Alcubierre	0	0
2009	22019	Alerre	0	0
2009	22020	Alfántega	1	0,3
2009	22021	Almudévar	1	0,06
2009	22022	Almunia de San Juan	0	0
2009	22023	Almuniente	0	0
2009	22024	Alquézar	0	0
2009	22025	Altorricón	0	0
2009	22027	Angüés	0	0
2009	22028	Ansó	0	0
2009	22029	Antillón	0	0
2009	22032	Aragüés del Puerto	0	0
2009	22035	Arén	0	0
2009	22036	Argavieso	0	0
2009	22037	Arguis	1	0,01
2009	22039	Ayerbe	1	0,03
2009	22040	Azanuy-Alins	0	0
2009	22041	Azara	0	0
2009	22042	Azlor	0	0
2009	22043	Baells	2	1
2009	22044	Bailo	2	2,1
2009	22045	Baldellou	2	2,2
2009	22046	Ballobar	1	0,4
2009	22047	Banastás	0	0
2009	22048	Barbastro	1	0,05
2009	22049	Barbués	0	0
2009	22050	Barbuñales	0	0
2009	22051	Bárcabo	0	0
2009	22052	Belver de Cinca	0	0
2009	22053	Benabarre	2	0,3
2009	22054	Benasque	0	0
2009	22055	Berbegal	0	0
2009	22057	Bielsa	0	0
2009	22058	Bierge	2	4,17
2009	22059	Biescas	0	0
2009	22060	Binaced	0	0
2009	22061	Binéfar	0	0
2009	22062	Bisaurri	0	0
2009	22063	Biscarrués	1	0,26
2009	22064	Blecua y Torres	0	0
2009	22066	Boltaña	2	0,21
2009	22067	Bonansa	0	0
2009	22068	Borau	0	0
2009	22069	Broto	0	0
2009	22072	Caldearenas	0	0
2009	22074	Campo	0	0
2009	22075	Camporrells	0	0
2009	22076	Canal de Berdún	0	0
2009	22077	Candasnos	0	0
2009	22078	Canfranc	0	0
2009	22079	Capdesaso	0	0
2009	22080	Capella	0	0
2009	22081	Casbas de Huesca	0	0
2009	22082	Castejón del Puente	0	0
2009	22083	Castejón de Monegros	0	0
2009	22084	Castejón de Sos	0	0
2009	22085	Castelflorite	0	0
2009	22086	Castiello de Jaca	0	0
2009	22087	Castigaleu	1	0,3
2009	22088	Castillazuelo	0	0
2009	22089	Castillonroy	0	0
2009	22090	Colungo	0	0
2009	22094	Chalamera	0	0
2009	22095	Chía	0	0
2009	22096	Chimillas	0	0
2009	22099	Esplús	0	0
2009	22102	Estada	0	0
2009	22103	Estadilla	1	0,01
2009	22105	Estopiñán del Castillo	0	0
2009	22106	Fago	0	0
2009	22107	Fanlo	1	0,06
2009	22109	Fiscal	0	0
2009	22110	Fonz	1	0,17
2009	22111	Foradada del Toscar	0	0
2009	22112	Fraga	3	0,86
2009	22113	Fueva (La)	2	3,18
2009	22114	Gistaín	0	0
2009	22115	Grado (El)	1	0,02
2009	22116	Grañén	2	1,52
2009	22117	Graus	1	0,1
2009	22119	Gurrea de Gállego	5	2,04
2009	22122	Hoz de Jaca	0	0
2009	22124	Huerto	1	0,05
2009	22125	Huesca	1	2
2009	22126	Ibieca	0	0
2009	22127	Igriés	1	0,5
2009	22128	Ilche	0	0
2009	22129	Isábena	2	3,01
2009	22130	Jaca	1	0,01
2009	22131	Jasa	1	0,01
2009	22133	Labuerda	0	0
2009	22135	Laluenga	0	0
2009	22136	Lalueza	3	2,92
2009	22137	Lanaja	2	2,4
2009	22139	Laperdiguera	0	0
2009	22141	Lascellas-Ponzano	0	0
2009	22142	Lascuarre	0	0
2009	22143	Laspaúles	0	0
2009	22144	Laspuña	1	2,5
2009	22149	Loarre	1	0,02
2009	22150	Loporzano	1	0,04
2009	22151	Loscorrales	0	0
2009	22155	Monesma y Cajigar	0	0
2009	22156	Monflorite-Lascasas	0	0
2009	22157	Montanuy	0	0
2009	22158	Monzón	5	1,25
2009	22160	Naval	0	0
2009	22162	Novales	0	0
2009	22163	Nueno	1	0,01
2009	22164	Olvena	0	0
2009	22165	Ontiñena	1	0,35
2009	22167	Osso de Cinca	1	0,01
2009	22168	Palo	0	0
2009	22170	Panticosa	0	0
2009	22172	Peñalba	3	3,57
2009	22173	Peñas de Riglos (Las)	1	0,1
2009	22174	Peralta de Alcofea	0	0
2009	22175	Peralta de Calasanz	0	0
2009	22176	Peraltilla	0	0
2009	22177	Perarrúa	0	0
2009	22178	Pertusa	0	0
2009	22181	Piracés	0	0
2009	22182	Plan	0	0
2009	22184	Poleñino	1	8,5
2009	22186	Pozán de Vero	0	0
2009	22187	Puebla de Castro (La)	1	0,1
2009	22188	Puente de Montañana	0	0
2009	22189	Puértolas	0	0
2009	22190	Pueyo de Araguás (El)	0	0
2009	22193	Pueyo de Santa Cruz	0	0
2009	22195	Quicena	0	0
2009	22197	Robres	0	0
2009	22199	Sabiñánigo	2	0,05
2009	22200	Sahún	0	0
2009	22201	Salas Altas	0	0
2009	22202	Salas Bajas	0	0
2009	22203	Salillas	0	0
2009	22204	Sallent de Gállego	1	0,02
2009	22205	San Esteban de Litera	0	0
2009	22206	Sangarrén	1	1,7
2009	22207	San Juan de Plan	0	0
2009	22208	Santa Cilia	0	0
2009	22209	Santa Cruz de la Serós	0	0
2009	22212	Santaliestra y San Quílez	1	0,01
2009	22213	Sariñena	6	9,47
2009	22214	Secastilla	0	0
2009	22215	Seira	2	0,06
2009	22217	Sena	0	0
2009	22218	Senés de Alcubierre	0	0
2009	22220	Sesa	1	0,22
2009	22221	Sesué	0	0
2009	22222	Siétamo	1	0,08
2009	22223	Sopeira	0	0
2009	22225	Tamarite de Litera	1	0,15
2009	22226	Tardienta	1	1,8
2009	22227	Tella-Sin	1	0,5
2009	22228	Tierz	1	0,01
2009	22229	Tolva	0	0
2009	22230	Torla-Ordesa	1	0,01
2009	22232	Torralba de Aragón	0	0
2009	22233	Torre la Ribera	0	0
2009	22234	Torrente de Cinca	0	0
2009	22235	Torres de Alcanadre	0	0
2009	22236	Torres de Barbués	0	0
2009	22239	Tramaced	0	0
2009	22242	Valfarta	0	0
2009	22243	Valle de Bardají	0	0
2009	22244	Valle de Lierp	0	0
2009	22245	Velilla de Cinca	1	0,15
2009	22246	Beranuy	0	0
2009	22247	Viacamp y Litera	0	0
2009	22248	Vicién	0	0
2009	22249	Villanova	0	0
2009	22250	Villanúa	0	0
2009	22251	Villanueva de Sigena	1	0,85
2009	22252	Yebra de Basa	0	0
2009	22253	Yésero	0	0
2009	22254	Zaidín	0	0
2009	22901	Valle de Hecho	0	0
2009	22902	Puente la Reina de Jaca	0	0
2009	22903	San Miguel del Cinca	1	1,55
2009	22904	Sotonera (La)	0	0
2009	22905	Lupiñén-Ortilla	0	0
2009	22906	Santa María de Dulcis	0	0
2009	22907	Aínsa-Sobrarbe	1	0,01
2009	22908	Hoz y Costeán	0	0
2009	22909	Vencillón	0	0
2009	44001	Ababuj	0	0
2009	44002	Abejuela	0	0
2009	44003	Aguatón	0	0
2009	44004	Aguaviva	0	0
2009	44005	Aguilar del Alfambra	0	0
2009	44006	Alacón	0	0
2009	44007	Alba	0	0
2009	44008	Albalate del Arzobispo	0	0
2009	44009	Albarracín	5	3,62
2009	44010	Albentosa	0	0
2009	44011	Alcaine	0	0
2009	44012	Alcalá de la Selva	1	0,01
2009	44013	Alcañiz	2	0,06
2009	44014	Alcorisa	2	0,31
2009	44016	Alfambra	0	0
2009	44017	Aliaga	3	6694,2
2009	44018	Almohaja	0	0
2009	44019	Alobras	0	0
2009	44020	Alpeñés	0	0
2009	44021	Allepuz	0	0
2009	44022	Alloza	1	1142,78
2009	44023	Allueva	0	0
2009	44024	Anadón	0	0
2009	44025	Andorra	2	1,73
2009	44026	Arcos de las Salinas	0	0
2009	44027	Arens de Lledó	1	0,01
2009	44028	Argente	0	0
2009	44029	Ariño	1	1
2009	44031	Azaila	0	0
2009	44032	Bádenas	0	0
2009	44033	Báguena	0	0
2009	44034	Bañón	0	0
2009	44035	Barrachina	0	0
2009	44036	Bea	0	0
2009	44037	Beceite	2	0,4
2009	44038	Belmonte de San José	0	0
2009	44039	Bello	0	0
2009	44040	Berge	1	0,01
2009	44041	Bezas	0	0
2009	44042	Blancas	0	0
2009	44043	Blesa	0	0
2009	44044	Bordón	2	1,3
2009	44045	Bronchales	0	0
2009	44046	Bueña	0	0
2009	44047	Burbáguena	2	4,6
2009	44048	Cabra de Mora	0	0
2009	44049	Calaceite	3	1,05
2009	44050	Calamocha	0	0
2009	44051	Calanda	5	1,28
2009	44052	Calomarde	0	0
2009	44053	Camañas	0	0
2009	44054	Camarena de la Sierra	0	0
2009	44055	Camarillas	0	0
2009	44056	Caminreal	2	3,03
2009	44059	Cantavieja	0	0
2009	44060	Cañada de Benatanduz	0	0
2009	44061	Cañada de Verich (La)	0	0
2009	44062	Cañada Vellida	0	0
2009	44063	Cañizar del Olivar	1	0,61
2009	44064	Cascante del Río	0	0
2009	44065	Castejón de Tornos	0	0
2009	44066	Castel de Cabra	0	0
2009	44067	Castelnou	1	1
2009	44068	Castelserás	1	0,2
2009	44070	Castellar (El)	1	0,01
2009	44071	Castellote	3	0,03
2009	44074	Cedrillas	0	0
2009	44075	Celadas	0	0
2009	44076	Cella	3	13,3
2009	44077	Cerollera (La)	0	0
2009	44080	Codoñera (La)	0	0
2009	44082	Corbalán	1	1047,64
2009	44084	Cortes de Aragón	0	0
2009	44085	Cosa	0	0
2009	44086	Cretas	1	0,23
2009	44087	Crivillén	1	1,6
2009	44088	Cuba (La)	0	0
2009	44089	Cubla	0	0
2009	44090	Cucalón	0	0
2009	44092	Cuervo (El)	0	0
2009	44093	Cuevas de Almudén	0	0
2009	44094	Cuevas Labradas	1	0,02
2009	44096	Ejulve	2	0,12
2009	44097	Escorihuela	0	0
2009	44099	Escucha	0	0
2009	44100	Estercuel	0	0
2009	44101	Ferreruela de Huerva	0	0
2009	44102	Fonfría	0	0
2009	44103	Formiche Alto	1	0,23
2009	44105	Fórnoles	0	0
2009	44106	Fortanete	0	0
2009	44107	Foz-Calanda	0	0
2009	44108	Fresneda (La)	2	0,06
2009	44109	Frías de Albarracín	0	0
2009	44110	Fuenferrada	0	0
2009	44111	Fuentes Calientes	0	0
2009	44112	Fuentes Claras	0	0
2009	44113	Fuentes de Rubielos	0	0
2009	44114	Fuentespalda	2	0,26
2009	44115	Galve	0	0
2009	44116	Gargallo	0	0
2009	44117	Gea de Albarracín	0	0
2009	44118	Ginebrosa (La)	0	0
2009	44119	Griegos	0	0
2009	44120	Guadalaviar	0	0
2009	44121	Gúdar	0	0
2009	44122	Híjar	1	0,3
2009	44123	Hinojosa de Jarque	0	0
2009	44124	Hoz de la Vieja (La)	0	0
2009	44125	Huesa del Común	0	0
2009	44126	Iglesuela del Cid (La)	0	0
2009	44127	Jabaloyas	2	0,02
2009	44128	Jarque de la Val	1	0,2
2009	44129	Jatiel	1	3
2009	44130	Jorcas	0	0
2009	44131	Josa	1	0,95
2009	44132	Lagueruela	0	0
2009	44133	Lanzuela	0	0
2009	44135	Libros	0	0
2009	44136	Lidón	0	0
2009	44137	Linares de Mora	1	0,02
2009	44138	Loscos	1	10,6
2009	44141	Lledó	1	0,4
2009	44142	Maicas	0	0
2009	44143	Manzanera	1	0,32
2009	44144	Martín del Río	2	0,04
2009	44145	Mas de las Matas	3	0,07
2009	44146	Mata de los Olmos (La)	0	0
2009	44147	Mazaleón	1	31,3
2009	44148	Mezquita de Jarque	0	0
2009	44149	Mirambel	0	0
2009	44150	Miravete de la Sierra	0	0
2009	44151	Molinos	2	0,02
2009	44152	Monforte de Moyuela	0	0
2009	44153	Monreal del Campo	1	0,5
2009	44154	Monroyo	3	12,25
2009	44155	Montalbán	2	0,14
2009	44156	Monteagudo del Castillo	0	0
2009	44157	Monterde de Albarracín	0	0
2009	44158	Mora de Rubielos	0	0
2009	44159	Moscardón	0	0
2009	44160	Mosqueruela	5	0,16
2009	44161	Muniesa	0	0
2009	44163	Noguera de Albarracín	0	0
2009	44164	Nogueras	0	0
2009	44165	Nogueruelas	0	0
2009	44167	Obón	0	0
2009	44168	Odón	0	0
2009	44169	Ojos Negros	1	0,2
2009	44171	Olba	0	0
2009	44172	Oliete	1	0,3
2009	44173	Olmos (Los)	3	529,52
2009	44174	Orihuela del Tremedal	0	0
2009	44175	Orrios	0	0
2009	44176	Palomar de Arroyos	1	6,6
2009	44177	Pancrudo	0	0
2009	44178	Parras de Castellote (Las)	0	0
2009	44179	Peñarroya de Tastavins	0	0
2009	44180	Peracense	0	0
2009	44181	Peralejos	0	0
2009	44182	Perales del Alfambra	0	0
2009	44183	Pitarque	1	0,01
2009	44184	Plou	0	0
2009	44185	Pobo (El)	0	0
2009	44187	Portellada (La)	1	0,01
2009	44189	Pozondón	0	0
2009	44190	Pozuel del Campo	0	0
2009	44191	Puebla de Híjar (La)	0	0
2009	44192	Puebla de Valverde (La)	1	0,01
2009	44193	Puertomingalvo	1	0,01
2009	44194	Ráfales	0	0
2009	44195	Rillo	0	0
2009	44196	Riodeva	0	0
2009	44197	Ródenas	0	0
2009	44198	Royuela	0	0
2009	44199	Rubiales	0	0
2009	44200	Rubielos de la Cérida	0	0
2009	44201	Rubielos de Mora	0	0
2009	44203	Salcedillo	0	0
2009	44204	Saldón	0	0
2009	44205	Samper de Calanda	4	1,9
2009	44206	San Agustín	0	0
2009	44207	San Martín del Río	0	0
2009	44208	Santa Cruz de Nogueras	0	0
2009	44209	Santa Eulalia	0	0
2009	44210	Sarrión	0	0
2009	44211	Segura de los Baños	3	1,35
2009	44212	Seno	0	0
2009	44213	Singra	0	0
2009	44215	Terriente	0	0
2009	44216	Teruel	5	0,66
2009	44217	Toril y Masegoso	0	0
2009	44218	Tormón	0	0
2009	44219	Tornos	0	0
2009	44220	Torralba de los Sisones	0	0
2009	44221	Torrecilla de Alcañiz	0	0
2009	44222	Torrecilla del Rebollar	2	0,16
2009	44223	Torre de Arcas	0	0
2009	44224	Torre de las Arcas	0	0
2009	44225	Torre del Compte	0	0
2009	44226	Torrelacárcel	0	0
2009	44227	Torre los Negros	0	0
2009	44228	Torremocha de Jiloca	0	0
2009	44229	Torres de Albarracín	0	0
2009	44230	Torrevelilla	0	0
2009	44231	Torrijas	0	0
2009	44232	Torrijo del Campo	0	0
2009	44234	Tramacastiel	0	0
2009	44235	Tramacastilla	0	0
2009	44236	Tronchón	0	0
2009	44237	Urrea de Gaén	0	0
2009	44238	Utrillas	0	0
2009	44239	Valacloche	0	0
2009	44240	Valbona	0	0
2009	44241	Valdealgorfa	0	0
2009	44243	Valdecuenca	0	0
2009	44244	Valdelinares	0	0
2009	44245	Valdeltormo	2	175,51
2009	44246	Valderrobres	5	1,3
2009	44247	Valjunquera	1	0,01
2009	44249	Vallecillo (El)	0	0
2009	44250	Veguillas de la Sierra	0	0
2009	44251	Villafranca del Campo	0	0
2009	44252	Villahermosa del Campo	1	1,2
2009	44256	Villanueva del Rebollar de la Sierra	0	0
2009	44257	Villar del Cobo	0	0
2009	44258	Villar del Salz	1	0,03
2009	44260	Villarluengo	0	0
2009	44261	Villarquemado	0	0
2009	44262	Villarroya de los Pinares	0	0
2009	44263	Villastar	0	0
2009	44264	Villel	2	0,76
2009	44265	Vinaceite	0	0
2009	44266	Visiedo	0	0
2009	44267	Vivel del Río Martín	0	0
2009	44268	Zoma (La)	0	0
2009	50001	Abanto	2	0,31
2009	50002	Acered	0	0
2009	50003	Agón	0	0
2009	50004	Aguarón	2	1,12
2009	50005	Aguilón	0	0
2009	50006	Ainzón	4	2,04
2009	50007	Aladrén	0	0
2009	50008	Alagón	2	0,39
2009	50009	Alarba	1	0,5
2009	50010	Alberite de San Juan	1	0,9
2009	50011	Albeta	1	0,2
2009	50012	Alborge	1	0,21
2009	50013	Alcalá de Ebro	1	0,22
2009	50014	Alcalá de Moncayo	1	0,01
2009	50015	Alconchel de Ariza	0	0
2009	50016	Aldehuela de Liestos	0	0
2009	50017	Alfajarín	0	0
2009	50018	Alfamén	1	6,82
2009	50019	Alforque	0	0
2009	50020	Alhama de Aragón	3	0,33
2009	50021	Almochuel	0	0
2009	50022	Almolda (La)	1	0,09
2009	50023	Almonacid de la Cuba	1	0,26
2009	50024	Almonacid de la Sierra	1	0,01
2009	50025	Almunia de Doña Godina (La)	0	0
2009	50026	Alpartir	0	0
2009	50027	Ambel	0	0
2009	50028	Anento	0	0
2009	50029	Aniñón	1	0,81
2009	50030	Añón de Moncayo	1	6,4
2009	50031	Aranda de Moncayo	3	13,15
2009	50032	Arándiga	0	0
2009	50033	Ardisa	0	0
2009	50034	Ariza	0	0
2009	50035	Artieda	0	0
2009	50036	Asín	0	0
2009	50037	Atea	2	5,68
2009	50038	Ateca	0	0
2009	50039	Azuara	1	0,4
2009	50040	Badules	1	0,27
2009	50041	Bagüés	1	0,05
2009	50042	Balconchán	0	0
2009	50043	Bárboles	1	0,3
2009	50044	Bardallur	0	0
2009	50045	Belchite	0	0
2009	50046	Belmonte de Gracián	0	0
2009	50047	Berdejo	0	0
2009	50048	Berrueco	0	0
2009	50050	Bijuesca	0	0
2009	50051	Biota	1	0,14
2009	50052	Bisimbre	0	0
2009	50053	Boquiñeni	1	4,2
2009	50054	Bordalba	0	0
2009	50055	Borja	1	0,04
2009	50056	Botorrita	1	0,02
2009	50057	Brea de Aragón	0	0
2009	50058	Bubierca	1	0,5
2009	50059	Bujaraloz	0	0
2009	50060	Bulbuente	1	0,47
2009	50061	Bureta	1	0,05
2009	50062	Burgo de Ebro (El)	2	0,55
2009	50063	Buste (El)	0	0
2009	50064	Cabañas de Ebro	1	1,21
2009	50065	Cabolafuente	0	0
2009	50066	Cadrete	1	0,02
2009	50067	Calatayud	6	2,16
2009	50068	Calatorao	1	0,5
2009	50069	Calcena	2	0,18
2009	50070	Calmarza	0	0
2009	50071	Campillo de Aragón	0	0
2009	50072	Carenas	1	3,5
2009	50073	Cariñena	0	0
2009	50074	Caspe	3	0,58
2009	50075	Castejón de Alarba	1	0,25
2009	50076	Castejón de las Armas	3	2,37
2009	50077	Castejón de Valdejasa	0	0
2009	50078	Castiliscar	1	3,22
2009	50079	Cervera de la Cañada	0	0
2009	50080	Cerveruela	0	0
2009	50081	Cetina	0	0
2009	50082	Cimballa	0	0
2009	50083	Cinco Olivas	0	0
2009	50084	Clarés de Ribota	1	0,5
2009	50085	Codo	1	0,02
2009	50086	Codos	1	0,01
2009	50087	Contamina	2	0,47
2009	50088	Cosuenda	1	1,93
2009	50089	Cuarte de Huerva	0	0
2009	50090	Cubel	0	0
2009	50091	Cuerlas (Las)	0	0
2009	50092	Chiprana	0	0
2009	50093	Chodes	1	0,05
2009	50094	Daroca	1	1
2009	50095	Ejea de los Caballeros	12	4,35
2009	50096	Embid de Ariza	1	0,42
2009	50098	Encinacorba	3	0,51
2009	50099	Épila	5	1,44
2009	50100	Erla	0	0
2009	50101	Escatrón	0	0
2009	50102	Fabara	1	0,04
2009	50104	Farlete	0	0
2009	50105	Fayón	0	0
2009	50106	Fayos (Los)	0	0
2009	50107	Figueruelas	3	1
2009	50108	Fombuena	0	0
2009	50109	Frago (El)	0	0
2009	50110	Frasno (El)	0	0
2009	50111	Fréscano	0	0
2009	50113	Fuendejalón	0	0
2009	50114	Fuendetodos	1	1
2009	50115	Fuentes de Ebro	1	0,82
2009	50116	Fuentes de Jiloca	0	0
2009	50117	Gallocanta	0	0
2009	50118	Gallur	2	0,08
2009	50119	Gelsa	0	0
2009	50120	Godojos	0	0
2009	50121	Gotor	2	0,27
2009	50122	Grisel	0	0
2009	50123	Grisén	0	0
2009	50124	Herrera de los Navarros	1	0,01
2009	50125	Ibdes	1	0,13
2009	50126	Illueca	3	0,14
2009	50128	Isuerre	0	0
2009	50129	Jaraba	1	1,3
2009	50130	Jarque de Moncayo	1	3
2009	50131	Jaulín	1	1283,07
2009	50132	Joyosa (La)	0	0
2009	50133	Lagata	2	1,2
2009	50134	Langa del Castillo	0	0
2009	50135	Layana	0	0
2009	50136	Lécera	0	0
2009	50137	Leciñena	0	0
2009	50138	Lechón	0	0
2009	50139	Letux	2	0,29
2009	50140	Litago	0	0
2009	50141	Lituénigo	1	1
2009	50142	Lobera de Onsella	2	1,9
2009	50143	Longares	0	0
2009	50144	Longás	0	0
2009	50146	Lucena de Jalón	0	0
2009	50147	Luceni	5	12,86
2009	50148	Luesia	1	0,11
2009	50149	Luesma	0	0
2009	50150	Lumpiaque	0	0
2009	50151	Luna	4	0,04
2009	50152	Maella	1	0,08
2009	50153	Magallón	1	0,1
2009	50154	Mainar	0	0
2009	50155	Malanquilla	2	6,66
2009	50156	Maleján	0	0
2009	50157	Malón	0	0
2009	50159	Maluenda	0	0
2009	50160	Mallén	5	1,77
2009	50161	Manchones	0	0
2009	50162	Mara	1	0,05
2009	50163	María de Huerva	1	6,2
2009	50164	Mediana de Aragón	1	0,73
2009	50165	Mequinenza	3	813,36
2009	50166	Mesones de Isuela	0	0
2009	50167	Mezalocha	1	0,07
2009	50168	Mianos	0	0
2009	50169	Miedes de Aragón	0	0
2009	50170	Monegrillo	0	0
2009	50171	Moneva	1	2,65
2009	50172	Monreal de Ariza	2	0,15
2009	50173	Monterde	0	0
2009	50174	Montón	0	0
2009	50175	Morata de Jalón	3	1,41
2009	50176	Morata de Jiloca	0	0
2009	50177	Morés	4	499,13
2009	50178	Moros	0	0
2009	50179	Moyuela	0	0
2009	50180	Mozota	1	0,42
2009	50181	Muel	2	0,87
2009	50182	Muela (La)	0	0
2009	50183	Munébrega	0	0
2009	50184	Murero	0	0
2009	50185	Murillo de Gállego	1	0,05
2009	50186	Navardún	0	0
2009	50187	Nigüella	0	0
2009	50188	Nombrevilla	0	0
2009	50189	Nonaspe	0	0
2009	50190	Novallas	1	0,46
2009	50191	Novillas	0	0
2009	50192	Nuévalos	1	0,15
2009	50193	Nuez de Ebro	0	0
2009	50194	Olvés	0	0
2009	50195	Orcajo	0	0
2009	50196	Orera	0	0
2009	50197	Orés	0	0
2009	50198	Oseja	0	0
2009	50199	Osera de Ebro	1	0,15
2009	50200	Paniza	1	0,5
2009	50201	Paracuellos de Jiloca	0	0
2009	50202	Paracuellos de la Ribera	0	0
2009	50203	Pastriz	2	0,38
2009	50204	Pedrola	2	3,6
2009	50205	Pedrosas (Las)	0	0
2009	50206	Perdiguera	0	0
2009	50207	Piedratajada	1	27
2009	50208	Pina de Ebro	2	2,25
2009	50209	Pinseque	1	0,12
2009	50210	Pintanos (Los)	1	0,3
2009	50211	Plasencia de Jalón	0	0
2009	50212	Pleitas	0	0
2009	50213	Plenas	0	0
2009	50214	Pomer	0	0
2009	50215	Pozuel de Ariza	0	0
2009	50216	Pozuelo de Aragón	1	0,63
2009	50217	Pradilla de Ebro	0	0
2009	50218	Puebla de Albortón	0	0
2009	50219	Puebla de Alfindén (La)	0	0
2009	50220	Puendeluna	0	0
2009	50221	Purujosa	0	0
2009	50222	Quinto	2	7,12
2009	50223	Remolinos	0	0
2009	50224	Retascón	0	0
2009	50225	Ricla	4	2,43
2009	50227	Romanos	0	0
2009	50228	Rueda de Jalón	0	0
2009	50229	Ruesca	0	0
2009	50230	Sádaba	0	0
2009	50231	Salillas de Jalón	0	0
2009	50232	Salvatierra de Esca	1	1
2009	50233	Samper del Salz	0	0
2009	50234	San Martín de la Virgen de Moncayo	0	0
2009	50235	San Mateo de Gállego	1	0,3
2009	50236	Santa Cruz de Grío	0	0
2009	50237	Santa Cruz de Moncayo	0	0
2009	50238	Santa Eulalia de Gállego	0	0
2009	50239	Santed	0	0
2009	50240	Sástago	3	0,91
2009	50241	Saviñán	1	0,15
2009	50242	Sediles	1	0,01
2009	50243	Sestrica	0	0
2009	50244	Sierra de Luna	0	0
2009	50245	Sigüés	0	0
2009	50246	Sisamón	0	0
2009	50247	Sobradiel	1	0,15
2009	50248	Sos del Rey Católico	4	5,56
2009	50249	Tabuenca	1	1,16
2009	50250	Talamantes	1	1,99
2009	50251	Tarazona	2	1,65
2009	50252	Tauste	0	0
2009	50253	Terrer	2	606,65
2009	50254	Tierga	1	2,09
2009	50255	Tobed	0	0
2009	50256	Torralba de los Frailes	0	0
2009	50257	Torralba de Ribota	0	0
2009	50258	Torralbilla	0	0
2009	50259	Torrehermosa	0	0
2009	50260	Torrelapaja	0	0
2009	50261	Torrellas	0	0
2009	50262	Torres de Berrellén	0	0
2009	50263	Torrijo de la Cañada	0	0
2009	50264	Tosos	0	0
2009	50265	Trasmoz	0	0
2009	50266	Trasobares	1	0,01
2009	50267	Uncastillo	1	0,01
2009	50268	Undués de Lerda	0	0
2009	50269	Urrea de Jalón	0	0
2009	50270	Urriés	0	0
2009	50271	Used	1	1
2009	50272	Utebo	0	0
2009	50273	Valdehorna	0	0
2009	50274	Val de San Martín	0	0
2009	50275	Valmadrid	0	0
2009	50276	Valpalmas	0	0
2009	50277	Valtorres	0	0
2009	50278	Velilla de Ebro	2	0,45
2009	50279	Velilla de Jiloca	0	0
2009	50280	Vera de Moncayo	1	0,01
2009	50281	Vierlas	0	0
2009	50282	Vilueña (La)	1	0,12
2009	50283	Villadoz	0	0
2009	50284	Villafeliche	0	0
2009	50285	Villafranca de Ebro	0	0
2009	50286	Villalba de Perejil	0	0
2009	50287	Villalengua	0	0
2009	50288	Villanueva de Gállego	1	0,17
2009	50289	Villanueva de Jiloca	0	0
2009	50290	Villanueva de Huerva	2	0,49
2009	50291	Villar de los Navarros	0	0
2009	50292	Villarreal de Huerva	0	0
2009	50293	Villarroya de la Sierra	2	2,52
2009	50294	Villarroya del Campo	0	0
2009	50295	Vistabella	0	0
2009	50296	Zaida (La)	0	0
2009	50297	Zaragoza	10	6461,16
2009	50298	Zuera	6	2,52
2009	50901	Biel	0	0
2009	50902	Marracos	0	0
2009	50903	Villamayor de Gállego	0	0
2010	22001	Abiego	0	0
2010	22002	Abizanda	0	0
2010	22003	Adahuesca	0	0
2010	22004	Agüero	0	0
2010	22006	Aísa	0	0
2010	22007	Albalate de Cinca	2	2,5
2010	22008	Albalatillo	0	0
2010	22009	Albelda	0	0
2010	22011	Albero Alto	1	1
2010	22012	Albero Bajo	0	0
2010	22013	Alberuela de Tubo	0	0
2010	22014	Alcalá de Gurrea	2	3
2010	22015	Alcalá del Obispo	1	0,15
2010	22016	Alcampell	0	0
2010	22017	Alcolea de Cinca	0	0
2010	22018	Alcubierre	2	0,25
2010	22019	Alerre	0	0
2010	22020	Alfántega	0	0
2010	22021	Almudévar	2	0,67
2010	22022	Almunia de San Juan	0	0
2010	22023	Almuniente	2	15,12
2010	22024	Alquézar	0	0
2010	22025	Altorricón	0	0
2010	22027	Angüés	0	0
2010	22028	Ansó	0	0
2010	22029	Antillón	0	0
2010	22032	Aragüés del Puerto	1	0,8
2010	22035	Arén	0	0
2010	22036	Argavieso	0	0
2010	22037	Arguis	0	0
2010	22039	Ayerbe	0	0
2010	22040	Azanuy-Alins	0	0
2010	22041	Azara	0	0
2010	22042	Azlor	0	0
2010	22043	Baells	0	0
2010	22044	Bailo	0	0
2010	22045	Baldellou	0	0
2010	22046	Ballobar	0	0
2010	22047	Banastás	1	0,6
2010	22048	Barbastro	2	3,56
2010	22049	Barbués	0	0
2010	22050	Barbuñales	0	0
2010	22051	Bárcabo	0	0
2010	22052	Belver de Cinca	1	0,07
2010	22053	Benabarre	0	0
2010	22054	Benasque	0	0
2010	22055	Berbegal	0	0
2010	22057	Bielsa	0	0
2010	22058	Bierge	0	0
2010	22059	Biescas	0	0
2010	22060	Binaced	0	0
2010	22061	Binéfar	0	0
2010	22062	Bisaurri	0	0
2010	22063	Biscarrués	0	0
2010	22064	Blecua y Torres	0	0
2010	22066	Boltaña	0	0
2010	22067	Bonansa	0	0
2010	22068	Borau	0	0
2010	22069	Broto	1	0,07
2010	22072	Caldearenas	0	0
2010	22074	Campo	0	0
2010	22075	Camporrells	0	0
2010	22076	Canal de Berdún	1	1
2010	22077	Candasnos	0	0
2010	22078	Canfranc	0	0
2010	22079	Capdesaso	1	2,2
2010	22080	Capella	0	0
2010	22081	Casbas de Huesca	0	0
2010	22082	Castejón del Puente	0	0
2010	22083	Castejón de Monegros	0	0
2010	22084	Castejón de Sos	0	0
2010	22085	Castelflorite	0	0
2010	22086	Castiello de Jaca	0	0
2010	22087	Castigaleu	0	0
2010	22088	Castillazuelo	0	0
2010	22089	Castillonroy	1	0,3
2010	22090	Colungo	0	0
2010	22094	Chalamera	0	0
2010	22095	Chía	0	0
2010	22096	Chimillas	0	0
2010	22099	Esplús	1	0,03
2010	22102	Estada	0	0
2010	22103	Estadilla	0	0
2010	22105	Estopiñán del Castillo	0	0
2010	22106	Fago	0	0
2010	22107	Fanlo	0	0
2010	22109	Fiscal	0	0
2010	22110	Fonz	0	0
2010	22111	Foradada del Toscar	0	0
2010	22112	Fraga	3	2,94
2010	22113	Fueva (La)	0	0
2010	22114	Gistaín	0	0
2010	22115	Grado (El)	0	0
2010	22116	Grañén	2	1
2010	22117	Graus	2	1,32
2010	22119	Gurrea de Gállego	1	1
2010	22122	Hoz de Jaca	0	0
2010	22124	Huerto	1	2
2010	22125	Huesca	3	0,41
2010	22126	Ibieca	0	0
2010	22127	Igriés	1	0,09
2010	22128	Ilche	0	0
2010	22129	Isábena	0	0
2010	22130	Jaca	1	0,21
2010	22131	Jasa	0	0
2010	22133	Labuerda	0	0
2010	22135	Laluenga	1	0,01
2010	22136	Lalueza	3	2,33
2010	22137	Lanaja	1	0,2
2010	22139	Laperdiguera	0	0
2010	22141	Lascellas-Ponzano	0	0
2010	22142	Lascuarre	0	0
2010	22143	Laspaúles	0	0
2010	22144	Laspuña	0	0
2010	22149	Loarre	0	0
2010	22150	Loporzano	1	0,25
2010	22151	Loscorrales	0	0
2010	22155	Monesma y Cajigar	0	0
2010	22156	Monflorite-Lascasas	0	0
2010	22157	Montanuy	1	0,5
2010	22158	Monzón	5	2,6
2010	22160	Naval	0	0
2010	22162	Novales	0	0
2010	22163	Nueno	1	0,02
2010	22164	Olvena	0	0
2010	22165	Ontiñena	0	0
2010	22167	Osso de Cinca	2	1,6
2010	22168	Palo	0	0
2010	22170	Panticosa	0	0
2010	22172	Peñalba	0	0
2010	22173	Peñas de Riglos (Las)	2	0,07
2010	22174	Peralta de Alcofea	0	0
2010	22175	Peralta de Calasanz	0	0
2010	22176	Peraltilla	0	0
2010	22177	Perarrúa	0	0
2010	22178	Pertusa	1	0,15
2010	22181	Piracés	0	0
2010	22182	Plan	0	0
2010	22184	Poleñino	0	0
2010	22186	Pozán de Vero	0	0
2010	22187	Puebla de Castro (La)	1	0,5
2010	22188	Puente de Montañana	0	0
2010	22189	Puértolas	0	0
2010	22190	Pueyo de Araguás (El)	0	0
2010	22193	Pueyo de Santa Cruz	0	0
2010	22195	Quicena	0	0
2010	22197	Robres	2	4,05
2010	22199	Sabiñánigo	1	0,01
2010	22200	Sahún	1	0,02
2010	22201	Salas Altas	0	0
2010	22202	Salas Bajas	0	0
2010	22203	Salillas	0	0
2010	22204	Sallent de Gállego	0	0
2010	22205	San Esteban de Litera	1	0,03
2010	22206	Sangarrén	0	0
2010	22207	San Juan de Plan	0	0
2010	22208	Santa Cilia	0	0
2010	22209	Santa Cruz de la Serós	0	0
2010	22212	Santaliestra y San Quílez	0	0
2010	22213	Sariñena	9	10,94
2010	22214	Secastilla	0	0
2010	22215	Seira	0	0
2010	22217	Sena	0	0
2010	22218	Senés de Alcubierre	0	0
2010	22220	Sesa	0	0
2010	22221	Sesué	0	0
2010	22222	Siétamo	1	1
2010	22223	Sopeira	0	0
2010	22225	Tamarite de Litera	1	5,5
2010	22226	Tardienta	0	0
2010	22227	Tella-Sin	0	0
2010	22228	Tierz	1	0,01
2010	22229	Tolva	1	0,13
2010	22230	Torla-Ordesa	0	0
2010	22232	Torralba de Aragón	1	0,3
2010	22233	Torre la Ribera	0	0
2010	22234	Torrente de Cinca	2	0,02
2010	22235	Torres de Alcanadre	0	0
2010	22236	Torres de Barbués	0	0
2010	22239	Tramaced	0	0
2010	22242	Valfarta	0	0
2010	22243	Valle de Bardají	1	0,51
2010	22244	Valle de Lierp	0	0
2010	22245	Velilla de Cinca	0	0
2010	22246	Beranuy	0	0
2010	22247	Viacamp y Litera	0	0
2010	22248	Vicién	0	0
2010	22249	Villanova	0	0
2010	22250	Villanúa	0	0
2010	22251	Villanueva de Sigena	1	0,1
2010	22252	Yebra de Basa	0	0
2010	22253	Yésero	0	0
2010	22254	Zaidín	1	1,6
2010	22901	Valle de Hecho	0	0
2010	22902	Puente la Reina de Jaca	0	0
2010	22903	San Miguel del Cinca	1	0,2
2010	22904	Sotonera (La)	2	0,15
2010	22905	Lupiñén-Ortilla	0	0
2010	22906	Santa María de Dulcis	0	0
2010	22907	Aínsa-Sobrarbe	0	0
2010	22908	Hoz y Costeán	0	0
2010	22909	Vencillón	0	0
2010	44001	Ababuj	0	0
2010	44002	Abejuela	0	0
2010	44003	Aguatón	0	0
2010	44004	Aguaviva	3	0,78
2010	44005	Aguilar del Alfambra	0	0
2010	44006	Alacón	0	0
2010	44007	Alba	0	0
2010	44008	Albalate del Arzobispo	0	0
2010	44009	Albarracín	0	0
2010	44010	Albentosa	0	0
2010	44011	Alcaine	0	0
2010	44012	Alcalá de la Selva	0	0
2010	44013	Alcañiz	2	0,31
2010	44014	Alcorisa	2	0,06
2010	44016	Alfambra	0	0
2010	44017	Aliaga	1	1,51
2010	44018	Almohaja	0	0
2010	44019	Alobras	0	0
2010	44020	Alpeñés	0	0
2010	44021	Allepuz	0	0
2010	44022	Alloza	0	0
2010	44023	Allueva	0	0
2010	44024	Anadón	0	0
2010	44025	Andorra	0	0
2010	44026	Arcos de las Salinas	0	0
2010	44027	Arens de Lledó	1	0,16
2010	44028	Argente	0	0
2010	44029	Ariño	0	0
2010	44031	Azaila	0	0
2010	44032	Bádenas	0	0
2010	44033	Báguena	1	2,2
2010	44034	Bañón	0	0
2010	44035	Barrachina	0	0
2010	44036	Bea	0	0
2010	44037	Beceite	2	1,53
2010	44038	Belmonte de San José	1	0,01
2010	44039	Bello	0	0
2010	44040	Berge	1	0,2
2010	44041	Bezas	1	0,01
2010	44042	Blancas	0	0
2010	44043	Blesa	0	0
2010	44044	Bordón	0	0
2010	44045	Bronchales	0	0
2010	44046	Bueña	0	0
2010	44047	Burbáguena	0	0
2010	44048	Cabra de Mora	0	0
2010	44049	Calaceite	2	0,11
2010	44050	Calamocha	4	3,57
2010	44051	Calanda	1	0,15
2010	44052	Calomarde	0	0
2010	44053	Camañas	0	0
2010	44054	Camarena de la Sierra	0	0
2010	44055	Camarillas	0	0
2010	44056	Caminreal	1	0,5
2010	44059	Cantavieja	1	0,01
2010	44060	Cañada de Benatanduz	0	0
2010	44061	Cañada de Verich (La)	0	0
2010	44062	Cañada Vellida	0	0
2010	44063	Cañizar del Olivar	1	0,11
2010	44064	Cascante del Río	0	0
2010	44065	Castejón de Tornos	0	0
2010	44066	Castel de Cabra	0	0
2010	44067	Castelnou	0	0
2010	44068	Castelserás	0	0
2010	44070	Castellar (El)	0	0
2010	44071	Castellote	2	0,2
2010	44074	Cedrillas	0	0
2010	44075	Celadas	0	0
2010	44076	Cella	5	21,36
2010	44077	Cerollera (La)	1	0,01
2010	44080	Codoñera (La)	0	0
2010	44082	Corbalán	0	0
2010	44084	Cortes de Aragón	0	0
2010	44085	Cosa	0	0
2010	44086	Cretas	0	0
2010	44087	Crivillén	0	0
2010	44088	Cuba (La)	0	0
2010	44089	Cubla	1	0,01
2010	44090	Cucalón	0	0
2010	44092	Cuervo (El)	2	0,53
2010	44093	Cuevas de Almudén	0	0
2010	44094	Cuevas Labradas	1	0,05
2010	44096	Ejulve	1	0,01
2010	44097	Escorihuela	0	0
2010	44099	Escucha	0	0
2010	44100	Estercuel	0	0
2010	44101	Ferreruela de Huerva	0	0
2010	44102	Fonfría	0	0
2010	44103	Formiche Alto	0	0
2010	44105	Fórnoles	1	0,04
2010	44106	Fortanete	0	0
2010	44107	Foz-Calanda	0	0
2010	44108	Fresneda (La)	0	0
2010	44109	Frías de Albarracín	0	0
2010	44110	Fuenferrada	0	0
2010	44111	Fuentes Calientes	0	0
2010	44112	Fuentes Claras	0	0
2010	44113	Fuentes de Rubielos	0	0
2010	44114	Fuentespalda	0	0
2010	44115	Galve	0	0
2010	44116	Gargallo	0	0
2010	44117	Gea de Albarracín	0	0
2010	44118	Ginebrosa (La)	2	0,25
2010	44119	Griegos	0	0
2010	44120	Guadalaviar	0	0
2010	44121	Gúdar	0	0
2010	44122	Híjar	1	0,7
2010	44123	Hinojosa de Jarque	0	0
2010	44124	Hoz de la Vieja (La)	0	0
2010	44125	Huesa del Común	0	0
2010	44126	Iglesuela del Cid (La)	0	0
2010	44127	Jabaloyas	0	0
2010	44128	Jarque de la Val	0	0
2010	44129	Jatiel	0	0
2010	44130	Jorcas	0	0
2010	44131	Josa	0	0
2010	44132	Lagueruela	0	0
2010	44133	Lanzuela	0	0
2010	44135	Libros	1	0,08
2010	44136	Lidón	0	0
2010	44137	Linares de Mora	0	0
2010	44138	Loscos	0	0
2010	44141	Lledó	1	0,05
2010	44142	Maicas	0	0
2010	44143	Manzanera	1	0,01
2010	44144	Martín del Río	0	0
2010	44145	Mas de las Matas	0	0
2010	44146	Mata de los Olmos (La)	0	0
2010	44147	Mazaleón	0	0
2010	44148	Mezquita de Jarque	0	0
2010	44149	Mirambel	0	0
2010	44150	Miravete de la Sierra	0	0
2010	44151	Molinos	0	0
2010	44152	Monforte de Moyuela	0	0
2010	44153	Monreal del Campo	0	0
2010	44154	Monroyo	4	2,28
2010	44155	Montalbán	1	0,04
2010	44156	Monteagudo del Castillo	0	0
2010	44157	Monterde de Albarracín	0	0
2010	44158	Mora de Rubielos	1	0,01
2010	44159	Moscardón	0	0
2010	44160	Mosqueruela	0	0
2010	44161	Muniesa	1	0,03
2010	44163	Noguera de Albarracín	0	0
2010	44164	Nogueras	0	0
2010	44165	Nogueruelas	1	0,6
2010	44167	Obón	0	0
2010	44168	Odón	0	0
2010	44169	Ojos Negros	0	0
2010	44171	Olba	0	0
2010	44172	Oliete	0	0
2010	44173	Olmos (Los)	0	0
2010	44174	Orihuela del Tremedal	0	0
2010	44175	Orrios	0	0
2010	44176	Palomar de Arroyos	0	0
2010	44177	Pancrudo	0	0
2010	44178	Parras de Castellote (Las)	0	0
2010	44179	Peñarroya de Tastavins	0	0
2010	44180	Peracense	0	0
2010	44181	Peralejos	0	0
2010	44182	Perales del Alfambra	0	0
2010	44183	Pitarque	0	0
2010	44184	Plou	0	0
2010	44185	Pobo (El)	0	0
2010	44187	Portellada (La)	1	0,01
2010	44189	Pozondón	0	0
2010	44190	Pozuel del Campo	0	0
2010	44191	Puebla de Híjar (La)	0	0
2010	44192	Puebla de Valverde (La)	0	0
2010	44193	Puertomingalvo	0	0
2010	44194	Ráfales	3	0,03
2010	44195	Rillo	0	0
2010	44196	Riodeva	0	0
2010	44197	Ródenas	0	0
2010	44198	Royuela	0	0
2010	44199	Rubiales	0	0
2010	44200	Rubielos de la Cérida	0	0
2010	44201	Rubielos de Mora	0	0
2010	44203	Salcedillo	0	0
2010	44204	Saldón	0	0
2010	44205	Samper de Calanda	0	0
2010	44206	San Agustín	1	0,11
2010	44207	San Martín del Río	2	8,4
2010	44208	Santa Cruz de Nogueras	0	0
2010	44209	Santa Eulalia	0	0
2010	44210	Sarrión	0	0
2010	44211	Segura de los Baños	2	0,03
2010	44212	Seno	0	0
2010	44213	Singra	0	0
2010	44215	Terriente	0	0
2010	44216	Teruel	1	0,03
2010	44217	Toril y Masegoso	0	0
2010	44218	Tormón	0	0
2010	44219	Tornos	0	0
2010	44220	Torralba de los Sisones	0	0
2010	44221	Torrecilla de Alcañiz	0	0
2010	44222	Torrecilla del Rebollar	0	0
2010	44223	Torre de Arcas	0	0
2010	44224	Torre de las Arcas	1	0,04
2010	44225	Torre del Compte	1	0,02
2010	44226	Torrelacárcel	0	0
2010	44227	Torre los Negros	0	0
2010	44228	Torremocha de Jiloca	0	0
2010	44229	Torres de Albarracín	0	0
2010	44230	Torrevelilla	0	0
2010	44231	Torrijas	1	0,01
2010	44232	Torrijo del Campo	0	0
2010	44234	Tramacastiel	0	0
2010	44235	Tramacastilla	0	0
2010	44236	Tronchón	0	0
2010	44237	Urrea de Gaén	1	5,46
2010	44238	Utrillas	0	0
2010	44239	Valacloche	0	0
2010	44240	Valbona	0	0
2010	44241	Valdealgorfa	0	0
2010	44243	Valdecuenca	0	0
2010	44244	Valdelinares	0	0
2010	44245	Valdeltormo	0	0
2010	44246	Valderrobres	7	20,44
2010	44247	Valjunquera	1	0,02
2010	44249	Vallecillo (El)	0	0
2010	44250	Veguillas de la Sierra	0	0
2010	44251	Villafranca del Campo	0	0
2010	44252	Villahermosa del Campo	0	0
2010	44256	Villanueva del Rebollar de la Sierra	0	0
2010	44257	Villar del Cobo	0	0
2010	44258	Villar del Salz	0	0
2010	44260	Villarluengo	0	0
2010	44261	Villarquemado	0	0
2010	44262	Villarroya de los Pinares	0	0
2010	44263	Villastar	0	0
2010	44264	Villel	0	0
2010	44265	Vinaceite	0	0
2010	44266	Visiedo	0	0
2010	44267	Vivel del Río Martín	0	0
2010	44268	Zoma (La)	0	0
2010	50001	Abanto	0	0
2010	50002	Acered	0	0
2010	50003	Agón	0	0
2010	50004	Aguarón	1	1,9
2010	50005	Aguilón	0	0
2010	50006	Ainzón	0	0
2010	50007	Aladrén	0	0
2010	50008	Alagón	0	0
2010	50009	Alarba	0	0
2010	50010	Alberite de San Juan	2	0,15
2010	50011	Albeta	1	0,18
2010	50012	Alborge	0	0
2010	50013	Alcalá de Ebro	0	0
2010	50014	Alcalá de Moncayo	0	0
2010	50015	Alconchel de Ariza	0	0
2010	50016	Aldehuela de Liestos	0	0
2010	50017	Alfajarín	2	0,31
2010	50018	Alfamén	0	0
2010	50019	Alforque	0	0
2010	50020	Alhama de Aragón	1	5,18
2010	50021	Almochuel	0	0
2010	50022	Almolda (La)	1	0,05
2010	50023	Almonacid de la Cuba	0	0
2010	50024	Almonacid de la Sierra	1	1,1
2010	50025	Almunia de Doña Godina (La)	0	0
2010	50026	Alpartir	0	0
2010	50027	Ambel	0	0
2010	50028	Anento	0	0
2010	50029	Aniñón	0	0
2010	50030	Añón de Moncayo	1	0,01
2010	50031	Aranda de Moncayo	2	2,02
2010	50032	Arándiga	0	0
2010	50033	Ardisa	0	0
2010	50034	Ariza	1	0,02
2010	50035	Artieda	0	0
2010	50036	Asín	0	0
2010	50037	Atea	0	0
2010	50038	Ateca	3	0,07
2010	50039	Azuara	1	2,3
2010	50040	Badules	0	0
2010	50041	Bagüés	0	0
2010	50042	Balconchán	0	0
2010	50043	Bárboles	1	0,01
2010	50044	Bardallur	0	0
2010	50045	Belchite	3	0,53
2010	50046	Belmonte de Gracián	0	0
2010	50047	Berdejo	0	0
2010	50048	Berrueco	0	0
2010	50050	Bijuesca	1	4,99
2010	50051	Biota	3	0,58
2010	50052	Bisimbre	1	0,3
2010	50053	Boquiñeni	0	0
2010	50054	Bordalba	0	0
2010	50055	Borja	1	0,1
2010	50056	Botorrita	0	0
2010	50057	Brea de Aragón	1	0,16
2010	50058	Bubierca	1	0,4
2010	50059	Bujaraloz	0	0
2010	50060	Bulbuente	3	0,29
2010	50061	Bureta	1	7,1
2010	50062	Burgo de Ebro (El)	2	2,89
2010	50063	Buste (El)	1	0,44
2010	50064	Cabañas de Ebro	0	0
2010	50065	Cabolafuente	0	0
2010	50066	Cadrete	1	1,07
2010	50067	Calatayud	13	3,41
2010	50068	Calatorao	0	0
2010	50069	Calcena	0	0
2010	50070	Calmarza	0	0
2010	50071	Campillo de Aragón	0	0
2010	50072	Carenas	1	0,9
2010	50073	Cariñena	0	0
2010	50074	Caspe	3	0,53
2010	50075	Castejón de Alarba	0	0
2010	50076	Castejón de las Armas	2	3,08
2010	50077	Castejón de Valdejasa	1	0,94
2010	50078	Castiliscar	1	0,19
2010	50079	Cervera de la Cañada	0	0
2010	50080	Cerveruela	0	0
2010	50081	Cetina	1	0,5
2010	50082	Cimballa	0	0
2010	50083	Cinco Olivas	0	0
2010	50084	Clarés de Ribota	1	0,31
2010	50085	Codo	1	1,39
2010	50086	Codos	0	0
2010	50087	Contamina	0	0
2010	50088	Cosuenda	0	0
2010	50089	Cuarte de Huerva	0	0
2010	50090	Cubel	0	0
2010	50091	Cuerlas (Las)	0	0
2010	50092	Chiprana	0	0
2010	50093	Chodes	0	0
2010	50094	Daroca	0	0
2010	50095	Ejea de los Caballeros	6	1,6
2010	50096	Embid de Ariza	0	0
2010	50098	Encinacorba	1	1,4
2010	50099	Épila	0	0
2010	50100	Erla	0	0
2010	50101	Escatrón	0	0
2010	50102	Fabara	1	0,01
2010	50104	Farlete	0	0
2010	50105	Fayón	0	0
2010	50106	Fayos (Los)	0	0
2010	50107	Figueruelas	0	0
2010	50108	Fombuena	0	0
2010	50109	Frago (El)	0	0
2010	50110	Frasno (El)	0	0
2010	50111	Fréscano	2	1,12
2010	50113	Fuendejalón	1	1,7
2010	50114	Fuendetodos	0	0
2010	50115	Fuentes de Ebro	4	2,87
2010	50116	Fuentes de Jiloca	1	0,05
2010	50117	Gallocanta	0	0
2010	50118	Gallur	2	2,48
2010	50119	Gelsa	0	0
2010	50120	Godojos	0	0
2010	50121	Gotor	0	0
2010	50122	Grisel	0	0
2010	50123	Grisén	1	0,25
2010	50124	Herrera de los Navarros	0	0
2010	50125	Ibdes	1	1,64
2010	50126	Illueca	2	20,81
2010	50128	Isuerre	1	0,02
2010	50129	Jaraba	0	0
2010	50130	Jarque de Moncayo	0	0
2010	50131	Jaulín	0	0
2010	50132	Joyosa (La)	0	0
2010	50133	Lagata	1	0,03
2010	50134	Langa del Castillo	0	0
2010	50135	Layana	0	0
2010	50136	Lécera	1	0,13
2010	50137	Leciñena	0	0
2010	50138	Lechón	0	0
2010	50139	Letux	2	5,03
2010	50140	Litago	0	0
2010	50141	Lituénigo	0	0
2010	50142	Lobera de Onsella	0	0
2010	50143	Longares	0	0
2010	50144	Longás	0	0
2010	50146	Lucena de Jalón	0	0
2010	50147	Luceni	0	0
2010	50148	Luesia	0	0
2010	50149	Luesma	0	0
2010	50150	Lumpiaque	0	0
2010	50151	Luna	1	0,17
2010	50152	Maella	8	4,77
2010	50153	Magallón	0	0
2010	50154	Mainar	0	0
2010	50155	Malanquilla	0	0
2010	50156	Maleján	0	0
2010	50157	Malón	0	0
2010	50159	Maluenda	0	0
2010	50160	Mallén	5	6,42
2010	50161	Manchones	0	0
2010	50162	Mara	0	0
2010	50163	María de Huerva	1	2
2010	50164	Mediana de Aragón	1	0,16
2010	50165	Mequinenza	0	0
2010	50166	Mesones de Isuela	0	0
2010	50167	Mezalocha	0	0
2010	50168	Mianos	0	0
2010	50169	Miedes de Aragón	1	0,01
2010	50170	Monegrillo	0	0
2010	50171	Moneva	0	0
2010	50172	Monreal de Ariza	1	0,3
2010	50173	Monterde	0	0
2010	50174	Montón	0	0
2010	50175	Morata de Jalón	1	0,23
2010	50176	Morata de Jiloca	0	0
2010	50177	Morés	3	1,25
2010	50178	Moros	0	0
2010	50179	Moyuela	0	0
2010	50180	Mozota	0	0
2010	50181	Muel	0	0
2010	50182	Muela (La)	1	24,23
2010	50183	Munébrega	3	0,53
2010	50184	Murero	0	0
2010	50185	Murillo de Gállego	2	0,14
2010	50186	Navardún	0	0
2010	50187	Nigüella	0	0
2010	50188	Nombrevilla	0	0
2010	50189	Nonaspe	6	0,7
2010	50190	Novallas	2	0,69
2010	50191	Novillas	3	2,23
2010	50192	Nuévalos	2	14,01
2010	50193	Nuez de Ebro	0	0
2010	50194	Olvés	0	0
2010	50195	Orcajo	0	0
2010	50196	Orera	0	0
2010	50197	Orés	0	0
2010	50198	Oseja	0	0
2010	50199	Osera de Ebro	0	0
2010	50200	Paniza	0	0
2010	50201	Paracuellos de Jiloca	0	0
2010	50202	Paracuellos de la Ribera	1	0,51
2010	50203	Pastriz	1	0,2
2010	50204	Pedrola	0	0
2010	50205	Pedrosas (Las)	0	0
2010	50206	Perdiguera	0	0
2010	50207	Piedratajada	0	0
2010	50208	Pina de Ebro	3	2,2
2010	50209	Pinseque	1	0,5
2010	50210	Pintanos (Los)	0	0
2010	50211	Plasencia de Jalón	0	0
2010	50212	Pleitas	0	0
2010	50213	Plenas	0	0
2010	50214	Pomer	0	0
2010	50215	Pozuel de Ariza	0	0
2010	50216	Pozuelo de Aragón	0	0
2010	50217	Pradilla de Ebro	0	0
2010	50218	Puebla de Albortón	1	1,27
2010	50219	Puebla de Alfindén (La)	2	5,48
2010	50220	Puendeluna	1	0,09
2010	50221	Purujosa	0	0
2010	50222	Quinto	3	1,1
2010	50223	Remolinos	0	0
2010	50224	Retascón	0	0
2010	50225	Ricla	1	0,22
2010	50227	Romanos	0	0
2010	50228	Rueda de Jalón	0	0
2010	50229	Ruesca	0	0
2010	50230	Sádaba	2	4,07
2010	50231	Salillas de Jalón	0	0
2010	50232	Salvatierra de Esca	0	0
2010	50233	Samper del Salz	0	0
2010	50234	San Martín de la Virgen de Moncayo	0	0
2010	50235	San Mateo de Gállego	1	0,02
2010	50236	Santa Cruz de Grío	0	0
2010	50237	Santa Cruz de Moncayo	0	0
2010	50238	Santa Eulalia de Gállego	0	0
2010	50239	Santed	0	0
2010	50240	Sástago	0	0
2010	50241	Saviñán	0	0
2010	50242	Sediles	0	0
2010	50243	Sestrica	0	0
2010	50244	Sierra de Luna	1	5,2
2010	50245	Sigüés	1	0,01
2010	50246	Sisamón	0	0
2010	50247	Sobradiel	0	0
2010	50248	Sos del Rey Católico	1	794,13
2010	50249	Tabuenca	2	0,02
2010	50250	Talamantes	1	6,85
2010	50251	Tarazona	3	1,93
2010	50252	Tauste	1	0,5
2010	50253	Terrer	0	0
2010	50254	Tierga	0	0
2010	50255	Tobed	0	0
2010	50256	Torralba de los Frailes	0	0
2010	50257	Torralba de Ribota	0	0
2010	50258	Torralbilla	0	0
2010	50259	Torrehermosa	0	0
2010	50260	Torrelapaja	0	0
2010	50261	Torrellas	0	0
2010	50262	Torres de Berrellén	3	1,59
2010	50263	Torrijo de la Cañada	0	0
2010	50264	Tosos	1	5
2010	50265	Trasmoz	0	0
2010	50266	Trasobares	1	6,62
2010	50267	Uncastillo	1	0,01
2010	50268	Undués de Lerda	0	0
2010	50269	Urrea de Jalón	2	6,41
2010	50270	Urriés	0	0
2010	50271	Used	0	0
2010	50272	Utebo	1	0,23
2010	50273	Valdehorna	0	0
2010	50274	Val de San Martín	0	0
2010	50275	Valmadrid	1	0,01
2010	50276	Valpalmas	0	0
2010	50277	Valtorres	0	0
2010	50278	Velilla de Ebro	1	3,1
2010	50279	Velilla de Jiloca	0	0
2010	50280	Vera de Moncayo	0	0
2010	50281	Vierlas	0	0
2010	50282	Vilueña (La)	0	0
2010	50283	Villadoz	0	0
2010	50284	Villafeliche	0	0
2010	50285	Villafranca de Ebro	0	0
2010	50286	Villalba de Perejil	0	0
2010	50287	Villalengua	0	0
2010	50288	Villanueva de Gállego	0	0
2010	50289	Villanueva de Jiloca	0	0
2010	50290	Villanueva de Huerva	0	0
2010	50291	Villar de los Navarros	1	0,01
2010	50292	Villarreal de Huerva	0	0
2010	50293	Villarroya de la Sierra	1	3,9
2010	50294	Villarroya del Campo	0	0
2010	50295	Vistabella	0	0
2010	50296	Zaida (La)	2	3,2
2010	50297	Zaragoza	10	3,28
2010	50298	Zuera	4	0,82
2010	50901	Biel	0	0
2010	50902	Marracos	0	0
2010	50903	Villamayor de Gállego	0	0
2011	22001	Abiego	0	0
2011	22002	Abizanda	0	0
2011	22003	Adahuesca	0	0
2011	22004	Agüero	0	0
2011	22006	Aísa	0	0
2011	22007	Albalate de Cinca	0	0
2011	22008	Albalatillo	0	0
2011	22009	Albelda	1	0,15
2011	22011	Albero Alto	0	0
2011	22012	Albero Bajo	0	0
2011	22013	Alberuela de Tubo	0	0
2011	22014	Alcalá de Gurrea	2	0,74
2011	22015	Alcalá del Obispo	1	0,5
2011	22016	Alcampell	0	0
2011	22017	Alcolea de Cinca	4	13,19
2011	22018	Alcubierre	0	0
2011	22019	Alerre	0	0
2011	22020	Alfántega	1	0,1
2011	22021	Almudévar	0	0
2011	22022	Almunia de San Juan	1	2,9
2011	22023	Almuniente	2	0,32
2011	22024	Alquézar	0	0
2011	22025	Altorricón	0	0
2011	22027	Angüés	0	0
2011	22028	Ansó	1	0,2
2011	22029	Antillón	0	0
2011	22032	Aragüés del Puerto	0	0
2011	22035	Arén	0	0
2011	22036	Argavieso	0	0
2011	22037	Arguis	2	0,06
2011	22039	Ayerbe	2	1,77
2011	22040	Azanuy-Alins	0	0
2011	22041	Azara	0	0
2011	22042	Azlor	0	0
2011	22043	Baells	0	0
2011	22044	Bailo	2	0,08
2011	22045	Baldellou	1	0,07
2011	22046	Ballobar	0	0
2011	22047	Banastás	0	0
2011	22048	Barbastro	1	1
2011	22049	Barbués	0	0
2011	22050	Barbuñales	0	0
2011	22051	Bárcabo	0	0
2011	22052	Belver de Cinca	1	0,03
2011	22053	Benabarre	0	0
2011	22054	Benasque	0	0
2011	22055	Berbegal	0	0
2011	22057	Bielsa	0	0
2011	22058	Bierge	0	0
2011	22059	Biescas	0	0
2011	22060	Binaced	2	0,98
2011	22061	Binéfar	1	0,08
2011	22062	Bisaurri	1	0,01
2011	22063	Biscarrués	1	3
2011	22064	Blecua y Torres	0	0
2011	22066	Boltaña	0	0
2011	22067	Bonansa	0	0
2011	22068	Borau	0	0
2011	22069	Broto	0	0
2011	22072	Caldearenas	1	0,63
2011	22074	Campo	0	0
2011	22075	Camporrells	0	0
2011	22076	Canal de Berdún	1	0,01
2011	22077	Candasnos	0	0
2011	22078	Canfranc	0	0
2011	22079	Capdesaso	0	0
2011	22080	Capella	0	0
2011	22081	Casbas de Huesca	0	0
2011	22082	Castejón del Puente	0	0
2011	22083	Castejón de Monegros	0	0
2011	22084	Castejón de Sos	0	0
2011	22085	Castelflorite	0	0
2011	22086	Castiello de Jaca	1	0,4
2011	22087	Castigaleu	0	0
2011	22088	Castillazuelo	1	0,7
2011	22089	Castillonroy	0	0
2011	22090	Colungo	0	0
2011	22094	Chalamera	0	0
2011	22095	Chía	0	0
2011	22096	Chimillas	1	0,09
2011	22099	Esplús	0	0
2011	22102	Estada	0	0
2011	22103	Estadilla	0	0
2011	22105	Estopiñán del Castillo	1	0,02
2011	22106	Fago	0	0
2011	22107	Fanlo	1	4,7
2011	22109	Fiscal	0	0
2011	22110	Fonz	0	0
2011	22111	Foradada del Toscar	0	0
2011	22112	Fraga	1	0,8
2011	22113	Fueva (La)	2	0,04
2011	22114	Gistaín	0	0
2011	22115	Grado (El)	0	0
2011	22116	Grañén	4	1,79
2011	22117	Graus	1	0,5
2011	22119	Gurrea de Gállego	6	24,43
2011	22122	Hoz de Jaca	0	0
2011	22124	Huerto	0	0
2011	22125	Huesca	3	12,01
2011	22126	Ibieca	2	0,3
2011	22127	Igriés	0	0
2011	22128	Ilche	0	0
2011	22129	Isábena	0	0
2011	22130	Jaca	5	0,21
2011	22131	Jasa	0	0
2011	22133	Labuerda	0	0
2011	22135	Laluenga	1	1,99
2011	22136	Lalueza	2	10,37
2011	22137	Lanaja	5	4,65
2011	22139	Laperdiguera	0	0
2011	22141	Lascellas-Ponzano	0	0
2011	22142	Lascuarre	0	0
2011	22143	Laspaúles	0	0
2011	22144	Laspuña	0	0
2011	22149	Loarre	1	0,31
2011	22150	Loporzano	2	1,5
2011	22151	Loscorrales	1	0,45
2011	22155	Monesma y Cajigar	0	0
2011	22156	Monflorite-Lascasas	0	0
2011	22157	Montanuy	0	0
2011	22158	Monzón	6	7,58
2011	22160	Naval	0	0
2011	22162	Novales	1	0,03
2011	22163	Nueno	2	0,04
2011	22164	Olvena	0	0
2011	22165	Ontiñena	0	0
2011	22167	Osso de Cinca	0	0
2011	22168	Palo	0	0
2011	22170	Panticosa	0	0
2011	22172	Peñalba	0	0
2011	22173	Peñas de Riglos (Las)	2	11,17
2011	22174	Peralta de Alcofea	0	0
2011	22175	Peralta de Calasanz	1	0,69
2011	22176	Peraltilla	0	0
2011	22177	Perarrúa	0	0
2011	22178	Pertusa	0	0
2011	22181	Piracés	0	0
2011	22182	Plan	0	0
2011	22184	Poleñino	2	1,18
2011	22186	Pozán de Vero	1	0,6
2011	22187	Puebla de Castro (La)	1	0,1
2011	22188	Puente de Montañana	0	0
2011	22189	Puértolas	1	0,42
2011	22190	Pueyo de Araguás (El)	1	0,01
2011	22193	Pueyo de Santa Cruz	0	0
2011	22195	Quicena	0	0
2011	22197	Robres	0	0
2011	22199	Sabiñánigo	3	0,35
2011	22200	Sahún	0	0
2011	22201	Salas Altas	0	0
2011	22202	Salas Bajas	0	0
2011	22203	Salillas	0	0
2011	22204	Sallent de Gállego	0	0
2011	22205	San Esteban de Litera	1	0,03
2011	22206	Sangarrén	3	1,86
2011	22207	San Juan de Plan	1	0,1
2011	22208	Santa Cilia	0	0
2011	22209	Santa Cruz de la Serós	0	0
2011	22212	Santaliestra y San Quílez	0	0
2011	22213	Sariñena	1	6,75
2011	22214	Secastilla	0	0
2011	22215	Seira	0	0
2011	22217	Sena	0	0
2011	22218	Senés de Alcubierre	0	0
2011	22220	Sesa	1	0,9
2011	22221	Sesué	0	0
2011	22222	Siétamo	0	0
2011	22223	Sopeira	0	0
2011	22225	Tamarite de Litera	0	0
2011	22226	Tardienta	0	0
2011	22227	Tella-Sin	0	0
2011	22228	Tierz	0	0
2011	22229	Tolva	0	0
2011	22230	Torla-Ordesa	1	0,01
2011	22232	Torralba de Aragón	0	0
2011	22233	Torre la Ribera	0	0
2011	22234	Torrente de Cinca	1	3,5
2011	22235	Torres de Alcanadre	0	0
2011	22236	Torres de Barbués	1	0,5
2011	22239	Tramaced	0	0
2011	22242	Valfarta	0	0
2011	22243	Valle de Bardají	0	0
2011	22244	Valle de Lierp	0	0
2011	22245	Velilla de Cinca	0	0
2011	22246	Beranuy	0	0
2011	22247	Viacamp y Litera	0	0
2011	22248	Vicién	1	0,4
2011	22249	Villanova	0	0
2011	22250	Villanúa	0	0
2011	22251	Villanueva de Sigena	3	3,08
2011	22252	Yebra de Basa	0	0
2011	22253	Yésero	0	0
2011	22254	Zaidín	2	1,51
2011	22901	Valle de Hecho	0	0
2011	22902	Puente la Reina de Jaca	0	0
2011	22903	San Miguel del Cinca	9	12,55
2011	22904	Sotonera (La)	6	10,67
2011	22905	Lupiñén-Ortilla	0	0
2011	22906	Santa María de Dulcis	1	1
2011	22907	Aínsa-Sobrarbe	1	0,75
2011	22908	Hoz y Costeán	0	0
2011	22909	Vencillón	0	0
2011	44001	Ababuj	0	0
2011	44002	Abejuela	0	0
2011	44003	Aguatón	0	0
2011	44004	Aguaviva	1	0,01
2011	44005	Aguilar del Alfambra	0	0
2011	44006	Alacón	0	0
2011	44007	Alba	0	0
2011	44008	Albalate del Arzobispo	3	3,85
2011	44009	Albarracín	1	0,86
2011	44010	Albentosa	1	1,5
2011	44011	Alcaine	0	0
2011	44012	Alcalá de la Selva	0	0
2011	44013	Alcañiz	1	0,01
2011	44014	Alcorisa	0	0
2011	44016	Alfambra	0	0
2011	44017	Aliaga	0	0
2011	44018	Almohaja	0	0
2011	44019	Alobras	0	0
2011	44020	Alpeñés	0	0
2011	44021	Allepuz	0	0
2011	44022	Alloza	0	0
2011	44023	Allueva	0	0
2011	44024	Anadón	0	0
2011	44025	Andorra	3	0,08
2011	44026	Arcos de las Salinas	0	0
2011	44027	Arens de Lledó	1	0,12
2011	44028	Argente	0	0
2011	44029	Ariño	1	0,23
2011	44031	Azaila	0	0
2011	44032	Bádenas	0	0
2011	44033	Báguena	2	1,56
2011	44034	Bañón	0	0
2011	44035	Barrachina	0	0
2011	44036	Bea	0	0
2011	44037	Beceite	0	0
2011	44038	Belmonte de San José	0	0
2011	44039	Bello	0	0
2011	44040	Berge	2	0,53
2011	44041	Bezas	0	0
2011	44042	Blancas	0	0
2011	44043	Blesa	0	0
2011	44044	Bordón	0	0
2011	44045	Bronchales	0	0
2011	44046	Bueña	0	0
2011	44047	Burbáguena	1	0,2
2011	44048	Cabra de Mora	0	0
2011	44049	Calaceite	0	0
2011	44050	Calamocha	5	2,54
2011	44051	Calanda	1	0,12
2011	44052	Calomarde	0	0
2011	44053	Camañas	0	0
2011	44054	Camarena de la Sierra	0	0
2011	44055	Camarillas	0	0
2011	44056	Caminreal	0	0
2011	44059	Cantavieja	1	0,01
2011	44060	Cañada de Benatanduz	0	0
2011	44061	Cañada de Verich (La)	0	0
2011	44062	Cañada Vellida	0	0
2011	44063	Cañizar del Olivar	2	0,17
2011	44064	Cascante del Río	1	135,59
2011	44065	Castejón de Tornos	0	0
2011	44066	Castel de Cabra	0	0
2011	44067	Castelnou	0	0
2011	44068	Castelserás	0	0
2011	44070	Castellar (El)	0	0
2011	44071	Castellote	4	0,24
2011	44074	Cedrillas	0	0
2011	44075	Celadas	0	0
2011	44076	Cella	1	6,6
2011	44077	Cerollera (La)	1	0,1
2011	44080	Codoñera (La)	0	0
2011	44082	Corbalán	2	0,26
2011	44084	Cortes de Aragón	0	0
2011	44085	Cosa	0	0
2011	44086	Cretas	2	0,59
2011	44087	Crivillén	0	0
2011	44088	Cuba (La)	0	0
2011	44089	Cubla	0	0
2011	44090	Cucalón	0	0
2011	44092	Cuervo (El)	0	0
2011	44093	Cuevas de Almudén	0	0
2011	44094	Cuevas Labradas	0	0
2011	44096	Ejulve	0	0
2011	44097	Escorihuela	0	0
2011	44099	Escucha	1	0,4
2011	44100	Estercuel	0	0
2011	44101	Ferreruela de Huerva	0	0
2011	44102	Fonfría	0	0
2011	44103	Formiche Alto	2	0,15
2011	44105	Fórnoles	2	0,03
2011	44106	Fortanete	1	0,04
2011	44107	Foz-Calanda	1	0,68
2011	44108	Fresneda (La)	2	0,32
2011	44109	Frías de Albarracín	0	0
2011	44110	Fuenferrada	1	1,1
2011	44111	Fuentes Calientes	0	0
2011	44112	Fuentes Claras	0	0
2011	44113	Fuentes de Rubielos	1	0,02
2011	44114	Fuentespalda	0	0
2011	44115	Galve	0	0
2011	44116	Gargallo	1	0,01
2011	44117	Gea de Albarracín	2	0,09
2011	44118	Ginebrosa (La)	0	0
2011	44119	Griegos	0	0
2011	44120	Guadalaviar	0	0
2011	44121	Gúdar	0	0
2011	44122	Híjar	3	6,96
2011	44123	Hinojosa de Jarque	0	0
2011	44124	Hoz de la Vieja (La)	1	0,32
2011	44125	Huesa del Común	0	0
2011	44126	Iglesuela del Cid (La)	0	0
2011	44127	Jabaloyas	0	0
2011	44128	Jarque de la Val	0	0
2011	44129	Jatiel	0	0
2011	44130	Jorcas	0	0
2011	44131	Josa	0	0
2011	44132	Lagueruela	0	0
2011	44133	Lanzuela	0	0
2011	44135	Libros	1	0,33
2011	44136	Lidón	0	0
2011	44137	Linares de Mora	1	0,06
2011	44138	Loscos	0	0
2011	44141	Lledó	1	1,88
2011	44142	Maicas	0	0
2011	44143	Manzanera	3	1,32
2011	44144	Martín del Río	2	12,31
2011	44145	Mas de las Matas	0	0
2011	44146	Mata de los Olmos (La)	0	0
2011	44147	Mazaleón	0	0
2011	44148	Mezquita de Jarque	0	0
2011	44149	Mirambel	0	0
2011	44150	Miravete de la Sierra	0	0
2011	44151	Molinos	0	0
2011	44152	Monforte de Moyuela	1	0,01
2011	44153	Monreal del Campo	0	0
2011	44154	Monroyo	2	0,04
2011	44155	Montalbán	2	0,03
2011	44156	Monteagudo del Castillo	0	0
2011	44157	Monterde de Albarracín	1	0,1
2011	44158	Mora de Rubielos	0	0
2011	44159	Moscardón	0	0
2011	44160	Mosqueruela	2	0,51
2011	44161	Muniesa	0	0
2011	44163	Noguera de Albarracín	0	0
2011	44164	Nogueras	0	0
2011	44165	Nogueruelas	0	0
2011	44167	Obón	1	83
2011	44168	Odón	0	0
2011	44169	Ojos Negros	0	0
2011	44171	Olba	0	0
2011	44172	Oliete	0	0
2011	44173	Olmos (Los)	1	2,6
2011	44174	Orihuela del Tremedal	2	0,09
2011	44175	Orrios	0	0
2011	44176	Palomar de Arroyos	0	0
2011	44177	Pancrudo	0	0
2011	44178	Parras de Castellote (Las)	0	0
2011	44179	Peñarroya de Tastavins	1	0,01
2011	44180	Peracense	0	0
2011	44181	Peralejos	0	0
2011	44182	Perales del Alfambra	0	0
2011	44183	Pitarque	0	0
2011	44184	Plou	0	0
2011	44185	Pobo (El)	0	0
2011	44187	Portellada (La)	0	0
2011	44189	Pozondón	0	0
2011	44190	Pozuel del Campo	0	0
2011	44191	Puebla de Híjar (La)	1	1,96
2011	44192	Puebla de Valverde (La)	1	0,01
2011	44193	Puertomingalvo	0	0
2011	44194	Ráfales	0	0
2011	44195	Rillo	1	0,38
2011	44196	Riodeva	0	0
2011	44197	Ródenas	0	0
2011	44198	Royuela	0	0
2011	44199	Rubiales	0	0
2011	44200	Rubielos de la Cérida	0	0
2011	44201	Rubielos de Mora	1	0,01
2011	44203	Salcedillo	2	0,22
2011	44204	Saldón	0	0
2011	44205	Samper de Calanda	2	1,01
2011	44206	San Agustín	0	0
2011	44207	San Martín del Río	1	7,05
2011	44208	Santa Cruz de Nogueras	0	0
2011	44209	Santa Eulalia	0	0
2011	44210	Sarrión	1	0,02
2011	44211	Segura de los Baños	0	0
2011	44212	Seno	1	0,72
2011	44213	Singra	0	0
2011	44215	Terriente	0	0
2011	44216	Teruel	1	0,01
2011	44217	Toril y Masegoso	0	0
2011	44218	Tormón	0	0
2011	44219	Tornos	0	0
2011	44220	Torralba de los Sisones	0	0
2011	44221	Torrecilla de Alcañiz	0	0
2011	44222	Torrecilla del Rebollar	0	0
2011	44223	Torre de Arcas	2	0,04
2011	44224	Torre de las Arcas	0	0
2011	44225	Torre del Compte	0	0
2011	44226	Torrelacárcel	0	0
2011	44227	Torre los Negros	0	0
2011	44228	Torremocha de Jiloca	0	0
2011	44229	Torres de Albarracín	0	0
2011	44230	Torrevelilla	0	0
2011	44231	Torrijas	0	0
2011	44232	Torrijo del Campo	0	0
2011	44234	Tramacastiel	0	0
2011	44235	Tramacastilla	0	0
2011	44236	Tronchón	0	0
2011	44237	Urrea de Gaén	0	0
2011	44238	Utrillas	0	0
2011	44239	Valacloche	0	0
2011	44240	Valbona	1	0,01
2011	44241	Valdealgorfa	0	0
2011	44243	Valdecuenca	0	0
2011	44244	Valdelinares	1	2,14
2011	44245	Valdeltormo	0	0
2011	44246	Valderrobres	0	0
2011	44247	Valjunquera	2	14,25
2011	44249	Vallecillo (El)	0	0
2011	44250	Veguillas de la Sierra	0	0
2011	44251	Villafranca del Campo	0	0
2011	44252	Villahermosa del Campo	0	0
2011	44256	Villanueva del Rebollar de la Sierra	0	0
2011	44257	Villar del Cobo	0	0
2011	44258	Villar del Salz	0	0
2011	44260	Villarluengo	2	0,03
2011	44261	Villarquemado	0	0
2011	44262	Villarroya de los Pinares	1	0,15
2011	44263	Villastar	0	0
2011	44264	Villel	2	0,22
2011	44265	Vinaceite	0	0
2011	44266	Visiedo	0	0
2011	44267	Vivel del Río Martín	0	0
2011	44268	Zoma (La)	0	0
2011	50001	Abanto	0	0
2011	50002	Acered	1	0,01
2011	50003	Agón	1	0,96
2011	50004	Aguarón	1	0,6
2011	50005	Aguilón	1	0,01
2011	50006	Ainzón	4	0,54
2011	50007	Aladrén	0	0
2011	50008	Alagón	0	0
2011	50009	Alarba	0	0
2011	50010	Alberite de San Juan	1	0,98
2011	50011	Albeta	0	0
2011	50012	Alborge	0	0
2011	50013	Alcalá de Ebro	1	0,41
2011	50014	Alcalá de Moncayo	0	0
2011	50015	Alconchel de Ariza	0	0
2011	50016	Aldehuela de Liestos	0	0
2011	50017	Alfajarín	0	0
2011	50018	Alfamén	0	0
2011	50019	Alforque	0	0
2011	50020	Alhama de Aragón	0	0
2011	50021	Almochuel	0	0
2011	50022	Almolda (La)	0	0
2011	50023	Almonacid de la Cuba	0	0
2011	50024	Almonacid de la Sierra	1	0,78
2011	50025	Almunia de Doña Godina (La)	1	0,7
2011	50026	Alpartir	0	0
2011	50027	Ambel	0	0
2011	50028	Anento	1	0,1
2011	50029	Aniñón	0	0
2011	50030	Añón de Moncayo	1	0,07
2011	50031	Aranda de Moncayo	1	0,73
2011	50032	Arándiga	1	0,45
2011	50033	Ardisa	0	0
2011	50034	Ariza	1	0,12
2011	50035	Artieda	1	0,05
2011	50036	Asín	0	0
2011	50037	Atea	0	0
2011	50038	Ateca	0	0
2011	50039	Azuara	2	1,04
2011	50040	Badules	0	0
2011	50041	Bagüés	0	0
2011	50042	Balconchán	0	0
2011	50043	Bárboles	1	0,08
2011	50044	Bardallur	0	0
2011	50045	Belchite	2	0,84
2011	50046	Belmonte de Gracián	1	0,37
2011	50047	Berdejo	0	0
2011	50048	Berrueco	0	0
2011	50050	Bijuesca	0	0
2011	50051	Biota	1	0,24
2011	50052	Bisimbre	0	0
2011	50053	Boquiñeni	1	0,18
2011	50054	Bordalba	0	0
2011	50055	Borja	2	1,31
2011	50056	Botorrita	3	2,41
2011	50057	Brea de Aragón	1	0,03
2011	50058	Bubierca	0	0
2011	50059	Bujaraloz	0	0
2011	50060	Bulbuente	0	0
2011	50061	Bureta	1	2,51
2011	50062	Burgo de Ebro (El)	1	0,11
2011	50063	Buste (El)	0	0
2011	50064	Cabañas de Ebro	0	0
2011	50065	Cabolafuente	0	0
2011	50066	Cadrete	1	4,22
2011	50067	Calatayud	12	10,93
2011	50068	Calatorao	0	0
2011	50069	Calcena	0	0
2011	50070	Calmarza	0	0
2011	50071	Campillo de Aragón	1	0,23
2011	50072	Carenas	8	9,42
2011	50073	Cariñena	1	3,7
2011	50074	Caspe	5	0,59
2011	50075	Castejón de Alarba	2	0,07
2011	50076	Castejón de las Armas	2	0,63
2011	50077	Castejón de Valdejasa	0	0
2011	50078	Castiliscar	0	0
2011	50079	Cervera de la Cañada	0	0
2011	50080	Cerveruela	0	0
2011	50081	Cetina	0	0
2011	50082	Cimballa	0	0
2011	50083	Cinco Olivas	0	0
2011	50084	Clarés de Ribota	0	0
2011	50085	Codo	0	0
2011	50086	Codos	1	40,4
2011	50087	Contamina	1	2,84
2011	50088	Cosuenda	0	0
2011	50089	Cuarte de Huerva	1	3,66
2011	50090	Cubel	0	0
2011	50091	Cuerlas (Las)	0	0
2011	50092	Chiprana	0	0
2011	50093	Chodes	0	0
2011	50094	Daroca	2	2,98
2011	50095	Ejea de los Caballeros	8	2,66
2011	50096	Embid de Ariza	0	0
2011	50098	Encinacorba	1	0,21
2011	50099	Épila	1	1,56
2011	50100	Erla	1	1,31
2011	50101	Escatrón	1	2,48
2011	50102	Fabara	2	0,51
2011	50104	Farlete	0	0
2011	50105	Fayón	0	0
2011	50106	Fayos (Los)	0	0
2011	50107	Figueruelas	1	0,12
2011	50108	Fombuena	0	0
2011	50109	Frago (El)	2	0,02
2011	50110	Frasno (El)	5	0,54
2011	50111	Fréscano	1	0,28
2011	50113	Fuendejalón	2	0,91
2011	50114	Fuendetodos	1	0,01
2011	50115	Fuentes de Ebro	3	10,68
2011	50116	Fuentes de Jiloca	0	0
2011	50117	Gallocanta	0	0
2011	50118	Gallur	2	0,43
2011	50119	Gelsa	0	0
2011	50120	Godojos	1	6,34
2011	50121	Gotor	0	0
2011	50122	Grisel	1	0,42
2011	50123	Grisén	0	0
2011	50124	Herrera de los Navarros	1	0,32
2011	50125	Ibdes	0	0
2011	50126	Illueca	1	0,08
2011	50128	Isuerre	0	0
2011	50129	Jaraba	4	8,41
2011	50130	Jarque de Moncayo	0	0
2011	50131	Jaulín	1	0,02
2011	50132	Joyosa (La)	0	0
2011	50133	Lagata	7	4,24
2011	50134	Langa del Castillo	0	0
2011	50135	Layana	0	0
2011	50136	Lécera	1	0,43
2011	50137	Leciñena	3	1,22
2011	50138	Lechón	0	0
2011	50139	Letux	0	0
2011	50140	Litago	0	0
2011	50141	Lituénigo	0	0
2011	50142	Lobera de Onsella	0	0
2011	50143	Longares	0	0
2011	50144	Longás	0	0
2011	50146	Lucena de Jalón	0	0
2011	50147	Luceni	0	0
2011	50148	Luesia	1	0,03
2011	50149	Luesma	1	0,06
2011	50150	Lumpiaque	0	0
2011	50151	Luna	5	1,75
2011	50152	Maella	4	2,03
2011	50153	Magallón	0	0
2011	50154	Mainar	1	0,05
2011	50155	Malanquilla	0	0
2011	50156	Maleján	0	0
2011	50157	Malón	0	0
2011	50159	Maluenda	1	0,05
2011	50160	Mallén	2	1,8
2011	50161	Manchones	1	0,01
2011	50162	Mara	0	0
2011	50163	María de Huerva	1	1,98
2011	50164	Mediana de Aragón	1	0,17
2011	50165	Mequinenza	6	13,11
2011	50166	Mesones de Isuela	0	0
2011	50167	Mezalocha	0	0
2011	50168	Mianos	0	0
2011	50169	Miedes de Aragón	1	0,62
2011	50170	Monegrillo	0	0
2011	50171	Moneva	0	0
2011	50172	Monreal de Ariza	1	0,17
2011	50173	Monterde	2	0,02
2011	50174	Montón	2	0,19
2011	50175	Morata de Jalón	1	0,34
2011	50176	Morata de Jiloca	0	0
2011	50177	Morés	0	0
2011	50178	Moros	0	0
2011	50179	Moyuela	0	0
2011	50180	Mozota	0	0
2011	50181	Muel	2	0,81
2011	50182	Muela (La)	0	0
2011	50183	Munébrega	1	0,17
2011	50184	Murero	0	0
2011	50185	Murillo de Gállego	0	0
2011	50186	Navardún	0	0
2011	50187	Nigüella	0	0
2011	50188	Nombrevilla	1	0,01
2011	50189	Nonaspe	2	25,95
2011	50190	Novallas	0	0
2011	50191	Novillas	2	1,85
2011	50192	Nuévalos	1	0,33
2011	50193	Nuez de Ebro	0	0
2011	50194	Olvés	1	0,31
2011	50195	Orcajo	0	0
2011	50196	Orera	0	0
2011	50197	Orés	0	0
2011	50198	Oseja	0	0
2011	50199	Osera de Ebro	2	0,46
2011	50200	Paniza	2	0,53
2011	50201	Paracuellos de Jiloca	0	0
2011	50202	Paracuellos de la Ribera	0	0
2011	50203	Pastriz	0	0
2011	50204	Pedrola	2	0,24
2011	50205	Pedrosas (Las)	0	0
2011	50206	Perdiguera	0	0
2011	50207	Piedratajada	0	0
2011	50208	Pina de Ebro	1	4
2011	50209	Pinseque	0	0
2011	50210	Pintanos (Los)	0	0
2011	50211	Plasencia de Jalón	1	1,35
2011	50212	Pleitas	0	0
2011	50213	Plenas	0	0
2011	50214	Pomer	0	0
2011	50215	Pozuel de Ariza	0	0
2011	50216	Pozuelo de Aragón	1	0,12
2011	50217	Pradilla de Ebro	0	0
2011	50218	Puebla de Albortón	0	0
2011	50219	Puebla de Alfindén (La)	1	0,39
2011	50220	Puendeluna	0	0
2011	50221	Purujosa	0	0
2011	50222	Quinto	2	5,2
2011	50223	Remolinos	0	0
2011	50224	Retascón	0	0
2011	50225	Ricla	0	0
2011	50227	Romanos	0	0
2011	50228	Rueda de Jalón	0	0
2011	50229	Ruesca	0	0
2011	50230	Sádaba	3	4,98
2011	50231	Salillas de Jalón	0	0
2011	50232	Salvatierra de Esca	0	0
2011	50233	Samper del Salz	0	0
2011	50234	San Martín de la Virgen de Moncayo	0	0
2011	50235	San Mateo de Gállego	3	1,64
2011	50236	Santa Cruz de Grío	1	0,01
2011	50237	Santa Cruz de Moncayo	0	0
2011	50238	Santa Eulalia de Gállego	0	0
2011	50239	Santed	0	0
2011	50240	Sástago	0	0
2011	50241	Saviñán	0	0
2011	50242	Sediles	0	0
2011	50243	Sestrica	1	0,1
2011	50244	Sierra de Luna	1	0,07
2011	50245	Sigüés	0	0
2011	50246	Sisamón	0	0
2011	50247	Sobradiel	0	0
2011	50248	Sos del Rey Católico	0	0
2011	50249	Tabuenca	2	7,2
2011	50250	Talamantes	0	0
2011	50251	Tarazona	3	5,44
2011	50252	Tauste	1	4,63
2011	50253	Terrer	1	3,08
2011	50254	Tierga	0	0
2011	50255	Tobed	0	0
2011	50256	Torralba de los Frailes	0	0
2011	50257	Torralba de Ribota	3	0,76
2011	50258	Torralbilla	0	0
2011	50259	Torrehermosa	0	0
2011	50260	Torrelapaja	0	0
2011	50261	Torrellas	0	0
2011	50262	Torres de Berrellén	2	0,33
2011	50263	Torrijo de la Cañada	1	0,2
2011	50264	Tosos	2	0,61
2011	50265	Trasmoz	0	0
2011	50266	Trasobares	0	0
2011	50267	Uncastillo	0	0
2011	50268	Undués de Lerda	0	0
2011	50269	Urrea de Jalón	2	0,23
2011	50270	Urriés	0	0
2011	50271	Used	0	0
2011	50272	Utebo	0	0
2011	50273	Valdehorna	0	0
2011	50274	Val de San Martín	0	0
2011	50275	Valmadrid	0	0
2011	50276	Valpalmas	0	0
2011	50277	Valtorres	0	0
2011	50278	Velilla de Ebro	0	0
2011	50279	Velilla de Jiloca	0	0
2011	50280	Vera de Moncayo	0	0
2011	50281	Vierlas	0	0
2011	50282	Vilueña (La)	0	0
2011	50283	Villadoz	0	0
2011	50284	Villafeliche	1	0,34
2011	50285	Villafranca de Ebro	2	0,69
2011	50286	Villalba de Perejil	0	0
2011	50287	Villalengua	0	0
2011	50288	Villanueva de Gállego	2	0,49
2011	50289	Villanueva de Jiloca	0	0
2011	50290	Villanueva de Huerva	1	0,41
2011	50291	Villar de los Navarros	0	0
2011	50292	Villarreal de Huerva	0	0
2011	50293	Villarroya de la Sierra	1	0,66
2011	50294	Villarroya del Campo	0	0
2011	50295	Vistabella	0	0
2011	50296	Zaida (La)	0	0
2011	50297	Zaragoza	7	211,22
2011	50298	Zuera	4	2,56
2011	50901	Biel	0	0
2011	50902	Marracos	0	0
2011	50903	Villamayor de Gállego	0	0
2013	22001	Abiego	1	0,36
2013	22002	Abizanda	0	0
2013	22003	Adahuesca	0	0
2013	22004	Agüero	0	0
2013	22006	Aísa	0	0
2013	22007	Albalate de Cinca	1	0,41
2013	22008	Albalatillo	0	0
2013	22009	Albelda	0	0
2013	22011	Albero Alto	0	0
2013	22012	Albero Bajo	1	0,26
2013	22013	Alberuela de Tubo	0	0
2013	22014	Alcalá de Gurrea	0	0
2013	22015	Alcalá del Obispo	0	0
2013	22016	Alcampell	0	0
2013	22017	Alcolea de Cinca	0	0
2013	22018	Alcubierre	0	0
2013	22019	Alerre	0	0
2013	22020	Alfántega	0	0
2013	22021	Almudévar	0	0
2013	22022	Almunia de San Juan	0	0
2013	22023	Almuniente	1	1,51
2013	22024	Alquézar	0	0
2013	22025	Altorricón	0	0
2013	22027	Angüés	0	0
2013	22028	Ansó	0	0
2013	22029	Antillón	0	0
2013	22032	Aragüés del Puerto	0	0
2013	22035	Arén	0	0
2013	22036	Argavieso	0	0
2013	22037	Arguis	0	0
2013	22039	Ayerbe	1	0,21
2013	22040	Azanuy-Alins	0	0
2013	22041	Azara	0	0
2013	22042	Azlor	0	0
2013	22043	Baells	0	0
2013	22044	Bailo	0	0
2013	22045	Baldellou	0	0
2013	22046	Ballobar	0	0
2013	22047	Banastás	0	0
2013	22048	Barbastro	4	4,31
2013	22049	Barbués	1	0,6
2013	22050	Barbuñales	0	0
2013	22051	Bárcabo	0	0
2013	22052	Belver de Cinca	1	0,35
2013	22053	Benabarre	2	0,04
2013	22054	Benasque	0	0
2013	22055	Berbegal	0	0
2013	22057	Bielsa	0	0
2013	22058	Bierge	0	0
2013	22059	Biescas	0	0
2013	22060	Binaced	1	0,09
2013	22061	Binéfar	0	0
2013	22062	Bisaurri	0	0
2013	22063	Biscarrués	0	0
2013	22064	Blecua y Torres	0	0
2013	22066	Boltaña	0	0
2013	22067	Bonansa	0	0
2013	22068	Borau	0	0
2013	22069	Broto	0	0
2013	22072	Caldearenas	0	0
2013	22074	Campo	0	0
2013	22075	Camporrells	0	0
2013	22076	Canal de Berdún	0	0
2013	22077	Candasnos	0	0
2013	22078	Canfranc	0	0
2013	22079	Capdesaso	1	0,6
2013	22080	Capella	0	0
2013	22081	Casbas de Huesca	0	0
2013	22082	Castejón del Puente	0	0
2013	22083	Castejón de Monegros	0	0
2013	22084	Castejón de Sos	0	0
2013	22085	Castelflorite	0	0
2013	22086	Castiello de Jaca	0	0
2013	22087	Castigaleu	1	0,01
2013	22088	Castillazuelo	0	0
2013	22089	Castillonroy	1	0,02
2013	22090	Colungo	0	0
2013	22094	Chalamera	0	0
2013	22095	Chía	0	0
2013	22096	Chimillas	0	0
2013	22099	Esplús	0	0
2013	22102	Estada	0	0
2013	22103	Estadilla	1	0,42
2013	22105	Estopiñán del Castillo	0	0
2013	22106	Fago	0	0
2013	22107	Fanlo	0	0
2013	22109	Fiscal	0	0
2013	22110	Fonz	0	0
2013	22111	Foradada del Toscar	0	0
2013	22112	Fraga	4	1,56
2013	22113	Fueva (La)	0	0
2013	22114	Gistaín	0	0
2013	22115	Grado (El)	0	0
2013	22116	Grañén	1	1,29
2013	22117	Graus	0	0
2013	22119	Gurrea de Gállego	1	0,15
2013	22122	Hoz de Jaca	0	0
2013	22124	Huerto	1	8,59
2013	22125	Huesca	1	0,01
2013	22126	Ibieca	0	0
2013	22127	Igriés	1	0,29
2013	22128	Ilche	1	1,56
2013	22129	Isábena	1	0,04
2013	22130	Jaca	1	5
2013	22131	Jasa	0	0
2013	22133	Labuerda	0	0
2013	22135	Laluenga	0	0
2013	22136	Lalueza	2	0,42
2013	22137	Lanaja	1	0,04
2013	22139	Laperdiguera	0	0
2013	22141	Lascellas-Ponzano	0	0
2013	22142	Lascuarre	0	0
2013	22143	Laspaúles	0	0
2013	22144	Laspuña	0	0
2013	22149	Loarre	0	0
2013	22150	Loporzano	1	0,2
2013	22151	Loscorrales	0	0
2013	22155	Monesma y Cajigar	0	0
2013	22156	Monflorite-Lascasas	0	0
2013	22157	Montanuy	1	105,38
2013	22158	Monzón	1	0,2
2013	22160	Naval	0	0
2013	22162	Novales	0	0
2013	22163	Nueno	0	0
2013	22164	Olvena	0	0
2013	22165	Ontiñena	0	0
2013	22167	Osso de Cinca	0	0
2013	22168	Palo	0	0
2013	22170	Panticosa	0	0
2013	22172	Peñalba	0	0
2013	22173	Peñas de Riglos (Las)	0	0
2013	22174	Peralta de Alcofea	0	0
2013	22175	Peralta de Calasanz	3	2,04
2013	22176	Peraltilla	0	0
2013	22177	Perarrúa	0	0
2013	22178	Pertusa	0	0
2013	22181	Piracés	0	0
2013	22182	Plan	0	0
2013	22184	Poleñino	0	0
2013	22186	Pozán de Vero	0	0
2013	22187	Puebla de Castro (La)	0	0
2013	22188	Puente de Montañana	0	0
2013	22189	Puértolas	1	0,6
2013	22190	Pueyo de Araguás (El)	0	0
2013	22193	Pueyo de Santa Cruz	0	0
2013	22195	Quicena	0	0
2013	22197	Robres	0	0
2013	22199	Sabiñánigo	1	0,01
2013	22200	Sahún	0	0
2013	22201	Salas Altas	1	0,09
2013	22202	Salas Bajas	0	0
2013	22203	Salillas	0	0
2013	22204	Sallent de Gállego	0	0
2013	22205	San Esteban de Litera	1	3,5
2013	22206	Sangarrén	0	0
2013	22207	San Juan de Plan	0	0
2013	22208	Santa Cilia	0	0
2013	22209	Santa Cruz de la Serós	0	0
2013	22212	Santaliestra y San Quílez	0	0
2013	22213	Sariñena	0	0
2013	22214	Secastilla	0	0
2013	22215	Seira	0	0
2013	22217	Sena	0	0
2013	22218	Senés de Alcubierre	0	0
2013	22220	Sesa	0	0
2013	22221	Sesué	0	0
2013	22222	Siétamo	0	0
2013	22223	Sopeira	1	0,4
2013	22225	Tamarite de Litera	0	0
2013	22226	Tardienta	0	0
2013	22227	Tella-Sin	0	0
2013	22228	Tierz	0	0
2013	22229	Tolva	0	0
2013	22230	Torla-Ordesa	0	0
2013	22232	Torralba de Aragón	0	0
2013	22233	Torre la Ribera	0	0
2013	22234	Torrente de Cinca	0	0
2013	22235	Torres de Alcanadre	0	0
2013	22236	Torres de Barbués	0	0
2013	22239	Tramaced	0	0
2013	22242	Valfarta	0	0
2013	22243	Valle de Bardají	0	0
2013	22244	Valle de Lierp	0	0
2013	22245	Velilla de Cinca	0	0
2013	22246	Beranuy	0	0
2013	22247	Viacamp y Litera	0	0
2013	22248	Vicién	0	0
2013	22249	Villanova	0	0
2013	22250	Villanúa	0	0
2013	22251	Villanueva de Sigena	0	0
2013	22252	Yebra de Basa	0	0
2013	22253	Yésero	0	0
2013	22254	Zaidín	0	0
2013	22901	Valle de Hecho	0	0
2013	22902	Puente la Reina de Jaca	0	0
2013	22903	San Miguel del Cinca	2	5,73
2013	22904	Sotonera (La)	0	0
2013	22905	Lupiñén-Ortilla	0	0
2013	22906	Santa María de Dulcis	2	1,95
2013	22907	Aínsa-Sobrarbe	1	0,3
2013	22908	Hoz y Costeán	0	0
2013	22909	Vencillón	0	0
2013	44001	Ababuj	0	0
2013	44002	Abejuela	0	0
2013	44003	Aguatón	0	0
2013	44004	Aguaviva	0	0
2013	44005	Aguilar del Alfambra	0	0
2013	44006	Alacón	0	0
2013	44007	Alba	0	0
2013	44008	Albalate del Arzobispo	0	0
2013	44009	Albarracín	2	0,02
2013	44010	Albentosa	0	0
2013	44011	Alcaine	0	0
2013	44012	Alcalá de la Selva	0	0
2013	44013	Alcañiz	4	0,77
2013	44014	Alcorisa	2	0,02
2013	44016	Alfambra	0	0
2013	44017	Aliaga	0	0
2013	44018	Almohaja	0	0
2013	44019	Alobras	0	0
2013	44020	Alpeñés	0	0
2013	44021	Allepuz	0	0
2013	44022	Alloza	0	0
2013	44023	Allueva	0	0
2013	44024	Anadón	0	0
2013	44025	Andorra	1	0,04
2013	44026	Arcos de las Salinas	0	0
2013	44027	Arens de Lledó	1	0,4
2013	44028	Argente	0	0
2013	44029	Ariño	0	0
2013	44031	Azaila	0	0
2013	44032	Bádenas	0	0
2013	44033	Báguena	1	1,5
2013	44034	Bañón	0	0
2013	44035	Barrachina	0	0
2013	44036	Bea	0	0
2013	44037	Beceite	0	0
2013	44038	Belmonte de San José	0	0
2013	44039	Bello	0	0
2013	44040	Berge	0	0
2013	44041	Bezas	1	0,01
2013	44042	Blancas	0	0
2013	44043	Blesa	0	0
2013	44044	Bordón	0	0
2013	44045	Bronchales	0	0
2013	44046	Bueña	1	0,01
2013	44047	Burbáguena	0	0
2013	44048	Cabra de Mora	0	0
2013	44049	Calaceite	0	0
2013	44050	Calamocha	1	2,5
2013	44051	Calanda	1	0,01
2013	44052	Calomarde	0	0
2013	44053	Camañas	0	0
2013	44054	Camarena de la Sierra	1	0,15
2013	44055	Camarillas	0	0
2013	44056	Caminreal	0	0
2013	44059	Cantavieja	0	0
2013	44060	Cañada de Benatanduz	0	0
2013	44061	Cañada de Verich (La)	0	0
2013	44062	Cañada Vellida	0	0
2013	44063	Cañizar del Olivar	0	0
2013	44064	Cascante del Río	0	0
2013	44065	Castejón de Tornos	0	0
2013	44066	Castel de Cabra	0	0
2013	44067	Castelnou	0	0
2013	44068	Castelserás	1	0,83
2013	44070	Castellar (El)	0	0
2013	44071	Castellote	0	0
2013	44074	Cedrillas	0	0
2013	44075	Celadas	0	0
2013	44076	Cella	2	7,8
2013	44077	Cerollera (La)	0	0
2013	44080	Codoñera (La)	0	0
2013	44082	Corbalán	1	0,01
2013	44084	Cortes de Aragón	0	0
2013	44085	Cosa	0	0
2013	44086	Cretas	1	1
2013	44087	Crivillén	0	0
2013	44088	Cuba (La)	0	0
2013	44089	Cubla	0	0
2013	44090	Cucalón	0	0
2013	44092	Cuervo (El)	1	0,01
2013	44093	Cuevas de Almudén	0	0
2013	44094	Cuevas Labradas	0	0
2013	44096	Ejulve	0	0
2013	44097	Escorihuela	0	0
2013	44099	Escucha	0	0
2013	44100	Estercuel	0	0
2013	44101	Ferreruela de Huerva	0	0
2013	44102	Fonfría	0	0
2013	44103	Formiche Alto	0	0
2013	44105	Fórnoles	0	0
2013	44106	Fortanete	0	0
2013	44107	Foz-Calanda	0	0
2013	44108	Fresneda (La)	3	0,38
2013	44109	Frías de Albarracín	0	0
2013	44110	Fuenferrada	0	0
2013	44111	Fuentes Calientes	0	0
2013	44112	Fuentes Claras	0	0
2013	44113	Fuentes de Rubielos	1	0,1
2013	44114	Fuentespalda	2	0,03
2013	44115	Galve	0	0
2013	44116	Gargallo	0	0
2013	44117	Gea de Albarracín	0	0
2013	44118	Ginebrosa (La)	2	0,02
2013	44119	Griegos	0	0
2013	44120	Guadalaviar	0	0
2013	44121	Gúdar	0	0
2013	44122	Híjar	0	0
2013	44123	Hinojosa de Jarque	0	0
2013	44124	Hoz de la Vieja (La)	0	0
2013	44125	Huesa del Común	0	0
2013	44126	Iglesuela del Cid (La)	0	0
2013	44127	Jabaloyas	1	0,01
2013	44128	Jarque de la Val	0	0
2013	44129	Jatiel	0	0
2013	44130	Jorcas	0	0
2013	44131	Josa	0	0
2013	44132	Lagueruela	0	0
2013	44133	Lanzuela	0	0
2013	44135	Libros	1	0,05
2013	44136	Lidón	0	0
2013	44137	Linares de Mora	1	0,01
2013	44138	Loscos	0	0
2013	44141	Lledó	1	0,2
2013	44142	Maicas	0	0
2013	44143	Manzanera	4	0,26
2013	44144	Martín del Río	0	0
2013	44145	Mas de las Matas	0	0
2013	44146	Mata de los Olmos (La)	0	0
2013	44147	Mazaleón	0	0
2013	44148	Mezquita de Jarque	0	0
2013	44149	Mirambel	0	0
2013	44150	Miravete de la Sierra	0	0
2013	44151	Molinos	0	0
2013	44152	Monforte de Moyuela	0	0
2013	44153	Monreal del Campo	0	0
2013	44154	Monroyo	0	0
2013	44155	Montalbán	0	0
2013	44156	Monteagudo del Castillo	0	0
2013	44157	Monterde de Albarracín	0	0
2013	44158	Mora de Rubielos	0	0
2013	44159	Moscardón	1	0,01
2013	44160	Mosqueruela	0	0
2013	44161	Muniesa	0	0
2013	44163	Noguera de Albarracín	0	0
2013	44164	Nogueras	0	0
2013	44165	Nogueruelas	0	0
2013	44167	Obón	0	0
2013	44168	Odón	0	0
2013	44169	Ojos Negros	0	0
2013	44171	Olba	0	0
2013	44172	Oliete	0	0
2013	44173	Olmos (Los)	1	0,07
2013	44174	Orihuela del Tremedal	0	0
2013	44175	Orrios	0	0
2013	44176	Palomar de Arroyos	1	0,43
2013	44177	Pancrudo	0	0
2013	44178	Parras de Castellote (Las)	0	0
2013	44179	Peñarroya de Tastavins	0	0
2013	44180	Peracense	0	0
2013	44181	Peralejos	0	0
2013	44182	Perales del Alfambra	0	0
2013	44183	Pitarque	0	0
2013	44184	Plou	0	0
2013	44185	Pobo (El)	0	0
2013	44187	Portellada (La)	0	0
2013	44189	Pozondón	0	0
2013	44190	Pozuel del Campo	0	0
2013	44191	Puebla de Híjar (La)	2	0,84
2013	44192	Puebla de Valverde (La)	0	0
2013	44193	Puertomingalvo	1	0,01
2013	44194	Ráfales	0	0
2013	44195	Rillo	0	0
2013	44196	Riodeva	0	0
2013	44197	Ródenas	0	0
2013	44198	Royuela	0	0
2013	44199	Rubiales	0	0
2013	44200	Rubielos de la Cérida	0	0
2013	44201	Rubielos de Mora	1	0,2
2013	44203	Salcedillo	0	0
2013	44204	Saldón	0	0
2013	44205	Samper de Calanda	0	0
2013	44206	San Agustín	0	0
2013	44207	San Martín del Río	0	0
2013	44208	Santa Cruz de Nogueras	0	0
2013	44209	Santa Eulalia	0	0
2013	44210	Sarrión	1	0,09
2013	44211	Segura de los Baños	1	0,01
2013	44212	Seno	0	0
2013	44213	Singra	0	0
2013	44215	Terriente	0	0
2013	44216	Teruel	2	0,02
2013	44217	Toril y Masegoso	0	0
2013	44218	Tormón	0	0
2013	44219	Tornos	0	0
2013	44220	Torralba de los Sisones	0	0
2013	44221	Torrecilla de Alcañiz	0	0
2013	44222	Torrecilla del Rebollar	0	0
2013	44223	Torre de Arcas	0	0
2013	44224	Torre de las Arcas	0	0
2013	44225	Torre del Compte	1	0,01
2013	44226	Torrelacárcel	0	0
2013	44227	Torre los Negros	0	0
2013	44228	Torremocha de Jiloca	0	0
2013	44229	Torres de Albarracín	0	0
2013	44230	Torrevelilla	0	0
2013	44231	Torrijas	2	0,02
2013	44232	Torrijo del Campo	0	0
2013	44234	Tramacastiel	0	0
2013	44235	Tramacastilla	0	0
2013	44236	Tronchón	0	0
2013	44237	Urrea de Gaén	0	0
2013	44238	Utrillas	1	0,02
2013	44239	Valacloche	0	0
2013	44240	Valbona	0	0
2013	44241	Valdealgorfa	0	0
2013	44243	Valdecuenca	1	0,01
2013	44244	Valdelinares	0	0
2013	44245	Valdeltormo	0	0
2013	44246	Valderrobres	1	0,22
2013	44247	Valjunquera	1	0,3
2013	44249	Vallecillo (El)	0	0
2013	44250	Veguillas de la Sierra	0	0
2013	44251	Villafranca del Campo	0	0
2013	44252	Villahermosa del Campo	0	0
2013	44256	Villanueva del Rebollar de la Sierra	0	0
2013	44257	Villar del Cobo	0	0
2013	44258	Villar del Salz	0	0
2013	44260	Villarluengo	0	0
2013	44261	Villarquemado	0	0
2013	44262	Villarroya de los Pinares	0	0
2013	44263	Villastar	0	0
2013	44264	Villel	0	0
2013	44265	Vinaceite	0	0
2013	44266	Visiedo	0	0
2013	44267	Vivel del Río Martín	0	0
2013	44268	Zoma (La)	0	0
2013	50001	Abanto	0	0
2013	50002	Acered	0	0
2013	50003	Agón	0	0
2013	50004	Aguarón	1	0,47
2013	50005	Aguilón	0	0
2013	50006	Ainzón	0	0
2013	50007	Aladrén	0	0
2013	50008	Alagón	0	0
2013	50009	Alarba	1	0,72
2013	50010	Alberite de San Juan	0	0
2013	50011	Albeta	0	0
2013	50012	Alborge	0	0
2013	50013	Alcalá de Ebro	0	0
2013	50014	Alcalá de Moncayo	0	0
2013	50015	Alconchel de Ariza	0	0
2013	50016	Aldehuela de Liestos	0	0
2013	50017	Alfajarín	2	7,59
2013	50018	Alfamén	0	0
2013	50019	Alforque	0	0
2013	50020	Alhama de Aragón	0	0
2013	50021	Almochuel	0	0
2013	50022	Almolda (La)	0	0
2013	50023	Almonacid de la Cuba	0	0
2013	50024	Almonacid de la Sierra	0	0
2013	50025	Almunia de Doña Godina (La)	0	0
2013	50026	Alpartir	0	0
2013	50027	Ambel	0	0
2013	50028	Anento	0	0
2013	50029	Aniñón	0	0
2013	50030	Añón de Moncayo	1	0,07
2013	50031	Aranda de Moncayo	0	0
2013	50032	Arándiga	0	0
2013	50033	Ardisa	0	0
2013	50034	Ariza	0	0
2013	50035	Artieda	0	0
2013	50036	Asín	0	0
2013	50037	Atea	0	0
2013	50038	Ateca	0	0
2013	50039	Azuara	0	0
2013	50040	Badules	0	0
2013	50041	Bagüés	0	0
2013	50042	Balconchán	0	0
2013	50043	Bárboles	1	0,11
2013	50044	Bardallur	0	0
2013	50045	Belchite	0	0
2013	50046	Belmonte de Gracián	0	0
2013	50047	Berdejo	0	0
2013	50048	Berrueco	0	0
2013	50050	Bijuesca	0	0
2013	50051	Biota	1	1,53
2013	50052	Bisimbre	0	0
2013	50053	Boquiñeni	0	0
2013	50054	Bordalba	0	0
2013	50055	Borja	0	0
2013	50056	Botorrita	0	0
2013	50057	Brea de Aragón	0	0
2013	50058	Bubierca	0	0
2013	50059	Bujaraloz	0	0
2013	50060	Bulbuente	0	0
2013	50061	Bureta	0	0
2013	50062	Burgo de Ebro (El)	1	0,11
2013	50063	Buste (El)	0	0
2013	50064	Cabañas de Ebro	2	2,65
2013	50065	Cabolafuente	0	0
2013	50066	Cadrete	0	0
2013	50067	Calatayud	3	0,41
2013	50068	Calatorao	0	0
2013	50069	Calcena	0	0
2013	50070	Calmarza	0	0
2013	50071	Campillo de Aragón	0	0
2013	50072	Carenas	4	7,12
2013	50073	Cariñena	0	0
2013	50074	Caspe	5	1,04
2013	50075	Castejón de Alarba	0	0
2013	50076	Castejón de las Armas	0	0
2013	50077	Castejón de Valdejasa	1	0,16
2013	50078	Castiliscar	0	0
2013	50079	Cervera de la Cañada	0	0
2013	50080	Cerveruela	0	0
2013	50081	Cetina	1	0,01
2013	50082	Cimballa	0	0
2013	50083	Cinco Olivas	0	0
2013	50084	Clarés de Ribota	1	0,04
2013	50085	Codo	0	0
2013	50086	Codos	1	0,01
2013	50087	Contamina	0	0
2013	50088	Cosuenda	2	3,55
2013	50089	Cuarte de Huerva	0	0
2013	50090	Cubel	0	0
2013	50091	Cuerlas (Las)	0	0
2013	50092	Chiprana	0	0
2013	50093	Chodes	0	0
2013	50094	Daroca	0	0
2013	50095	Ejea de los Caballeros	3	1,59
2013	50096	Embid de Ariza	0	0
2013	50098	Encinacorba	0	0
2013	50099	Épila	0	0
2013	50100	Erla	0	0
2013	50101	Escatrón	0	0
2013	50102	Fabara	5	1,71
2013	50104	Farlete	0	0
2013	50105	Fayón	0	0
2013	50106	Fayos (Los)	0	0
2013	50107	Figueruelas	0	0
2013	50108	Fombuena	0	0
2013	50109	Frago (El)	0	0
2013	50110	Frasno (El)	0	0
2013	50111	Fréscano	0	0
2013	50113	Fuendejalón	0	0
2013	50114	Fuendetodos	1	0,96
2013	50115	Fuentes de Ebro	0	0
2013	50116	Fuentes de Jiloca	2	0,81
2013	50117	Gallocanta	0	0
2013	50118	Gallur	0	0
2013	50119	Gelsa	0	0
2013	50120	Godojos	0	0
2013	50121	Gotor	0	0
2013	50122	Grisel	0	0
2013	50123	Grisén	0	0
2013	50124	Herrera de los Navarros	0	0
2013	50125	Ibdes	3	1,76
2013	50126	Illueca	1	0,01
2013	50128	Isuerre	0	0
2013	50129	Jaraba	3	0,49
2013	50130	Jarque de Moncayo	1	0,24
2013	50131	Jaulín	0	0
2013	50132	Joyosa (La)	0	0
2013	50133	Lagata	0	0
2013	50134	Langa del Castillo	0	0
2013	50135	Layana	0	0
2013	50136	Lécera	0	0
2013	50137	Leciñena	0	0
2013	50138	Lechón	0	0
2013	50139	Letux	0	0
2013	50140	Litago	0	0
2013	50141	Lituénigo	0	0
2013	50142	Lobera de Onsella	0	0
2013	50143	Longares	1	0,71
2013	50144	Longás	0	0
2013	50146	Lucena de Jalón	0	0
2013	50147	Luceni	0	0
2013	50148	Luesia	1	0,01
2013	50149	Luesma	0	0
2013	50150	Lumpiaque	0	0
2013	50151	Luna	2	0,41
2013	50152	Maella	2	0,02
2013	50153	Magallón	0	0
2013	50154	Mainar	0	0
2013	50155	Malanquilla	0	0
2013	50156	Maleján	0	0
2013	50157	Malón	1	0,27
2013	50159	Maluenda	1	0,01
2013	50160	Mallén	2	2,58
2013	50161	Manchones	0	0
2013	50162	Mara	0	0
2013	50163	María de Huerva	0	0
2013	50164	Mediana de Aragón	0	0
2013	50165	Mequinenza	1	0,05
2013	50166	Mesones de Isuela	0	0
2013	50167	Mezalocha	0	0
2013	50168	Mianos	0	0
2013	50169	Miedes de Aragón	1	0,55
2013	50170	Monegrillo	0	0
2013	50171	Moneva	0	0
2013	50172	Monreal de Ariza	0	0
2013	50173	Monterde	0	0
2013	50174	Montón	1	4,12
2013	50175	Morata de Jalón	0	0
2013	50176	Morata de Jiloca	1	1,67
2013	50177	Morés	1	0,45
2013	50178	Moros	0	0
2013	50179	Moyuela	1	0,29
2013	50180	Mozota	0	0
2013	50181	Muel	1	0,5
2013	50182	Muela (La)	0	0
2013	50183	Munébrega	1	0,18
2013	50184	Murero	0	0
2013	50185	Murillo de Gállego	1	0,64
2013	50186	Navardún	0	0
2013	50187	Nigüella	0	0
2013	50188	Nombrevilla	0	0
2013	50189	Nonaspe	3	0,4
2013	50190	Novallas	0	0
2013	50191	Novillas	1	1,78
2013	50192	Nuévalos	3	2,51
2013	50193	Nuez de Ebro	0	0
2013	50194	Olvés	0	0
2013	50195	Orcajo	1	0,47
2013	50196	Orera	0	0
2013	50197	Orés	0	0
2013	50198	Oseja	0	0
2013	50199	Osera de Ebro	1	0,09
2013	50200	Paniza	1	1,6
2013	50201	Paracuellos de Jiloca	1	0,42
2013	50202	Paracuellos de la Ribera	0	0
2013	50203	Pastriz	1	0,28
2013	50204	Pedrola	0	0
2013	50205	Pedrosas (Las)	0	0
2013	50206	Perdiguera	0	0
2013	50207	Piedratajada	0	0
2013	50208	Pina de Ebro	2	1,75
2013	50209	Pinseque	0	0
2013	50210	Pintanos (Los)	0	0
2013	50211	Plasencia de Jalón	0	0
2013	50212	Pleitas	0	0
2013	50213	Plenas	0	0
2013	50214	Pomer	0	0
2013	50215	Pozuel de Ariza	0	0
2013	50216	Pozuelo de Aragón	0	0
2013	50217	Pradilla de Ebro	0	0
2013	50218	Puebla de Albortón	1	0,05
2013	50219	Puebla de Alfindén (La)	1	0,59
2013	50220	Puendeluna	0	0
2013	50221	Purujosa	0	0
2013	50222	Quinto	0	0
2013	50223	Remolinos	0	0
2013	50224	Retascón	1	0,01
2013	50225	Ricla	0	0
2013	50227	Romanos	0	0
2013	50228	Rueda de Jalón	0	0
2013	50229	Ruesca	0	0
2013	50230	Sádaba	2	0,68
2013	50231	Salillas de Jalón	0	0
2013	50232	Salvatierra de Esca	0	0
2013	50233	Samper del Salz	0	0
2013	50234	San Martín de la Virgen de Moncayo	0	0
2013	50235	San Mateo de Gállego	2	0,18
2013	50236	Santa Cruz de Grío	1	0,01
2013	50237	Santa Cruz de Moncayo	0	0
2013	50238	Santa Eulalia de Gállego	0	0
2013	50239	Santed	0	0
2013	50240	Sástago	0	0
2013	50241	Saviñán	0	0
2013	50242	Sediles	0	0
2013	50243	Sestrica	2	0,2
2013	50244	Sierra de Luna	0	0
2013	50245	Sigüés	0	0
2013	50246	Sisamón	0	0
2013	50247	Sobradiel	1	4,8
2013	50248	Sos del Rey Católico	0	0
2013	50249	Tabuenca	0	0
2013	50250	Talamantes	0	0
2013	50251	Tarazona	2	0,64
2013	50252	Tauste	1	1,62
2013	50253	Terrer	0	0
2013	50254	Tierga	0	0
2013	50255	Tobed	1	0,07
2013	50256	Torralba de los Frailes	0	0
2013	50257	Torralba de Ribota	0	0
2013	50258	Torralbilla	0	0
2013	50259	Torrehermosa	0	0
2013	50260	Torrelapaja	0	0
2013	50261	Torrellas	0	0
2013	50262	Torres de Berrellén	0	0
2013	50263	Torrijo de la Cañada	0	0
2013	50264	Tosos	2	0,52
2013	50265	Trasmoz	0	0
2013	50266	Trasobares	1	0,03
2013	50267	Uncastillo	0	0
2013	50268	Undués de Lerda	0	0
2013	50269	Urrea de Jalón	0	0
2013	50270	Urriés	0	0
2013	50271	Used	0	0
2013	50272	Utebo	0	0
2013	50273	Valdehorna	0	0
2013	50274	Val de San Martín	0	0
2013	50275	Valmadrid	1	0,01
2013	50276	Valpalmas	0	0
2013	50277	Valtorres	0	0
2013	50278	Velilla de Ebro	0	0
2013	50279	Velilla de Jiloca	1	0,32
2013	50280	Vera de Moncayo	0	0
2013	50281	Vierlas	0	0
2013	50282	Vilueña (La)	0	0
2013	50283	Villadoz	0	0
2013	50284	Villafeliche	0	0
2013	50285	Villafranca de Ebro	0	0
2013	50286	Villalba de Perejil	0	0
2013	50287	Villalengua	0	0
2013	50288	Villanueva de Gállego	0	0
2013	50289	Villanueva de Jiloca	0	0
2013	50290	Villanueva de Huerva	0	0
2013	50291	Villar de los Navarros	0	0
2013	50292	Villarreal de Huerva	0	0
2013	50293	Villarroya de la Sierra	1	0,23
2013	50294	Villarroya del Campo	0	0
2013	50295	Vistabella	0	0
2013	50296	Zaida (La)	0	0
2013	50297	Zaragoza	8	115
2013	50298	Zuera	3	0,9
2013	50901	Biel	0	0
2013	50902	Marracos	0	0
2013	50903	Villamayor de Gállego	0	0
2014	22001	Abiego	1	0,2
2014	22002	Abizanda	0	0
2014	22003	Adahuesca	0	0
2014	22004	Agüero	1	0,03
2014	22006	Aísa	0	0
2014	22007	Albalate de Cinca	1	0,03
2014	22008	Albalatillo	0	0
2014	22009	Albelda	0	0
2014	22011	Albero Alto	0	0
2014	22012	Albero Bajo	0	0
2014	22013	Alberuela de Tubo	0	0
2014	22014	Alcalá de Gurrea	0	0
2014	22015	Alcalá del Obispo	0	0
2014	22016	Alcampell	1	0,13
2014	22017	Alcolea de Cinca	2	5,11
2014	22018	Alcubierre	0	0
2014	22019	Alerre	0	0
2014	22020	Alfántega	0	0
2014	22021	Almudévar	1	0,1
2014	22022	Almunia de San Juan	0	0
2014	22023	Almuniente	0	0
2014	22024	Alquézar	0	0
2014	22025	Altorricón	0	0
2014	22027	Angüés	1	0,5
2014	22028	Ansó	0	0
2014	22029	Antillón	0	0
2014	22032	Aragüés del Puerto	0	0
2014	22035	Arén	1	15,03
2014	22036	Argavieso	0	0
2014	22037	Arguis	0	0
2014	22039	Ayerbe	0	0
2014	22040	Azanuy-Alins	0	0
2014	22041	Azara	0	0
2014	22042	Azlor	0	0
2014	22043	Baells	0	0
2014	22044	Bailo	1	0,07
2014	22045	Baldellou	0	0
2014	22046	Ballobar	0	0
2014	22047	Banastás	0	0
2014	22048	Barbastro	6	32,16
2014	22049	Barbués	0	0
2014	22050	Barbuñales	0	0
2014	22051	Bárcabo	1	0,9
2014	22052	Belver de Cinca	1	0,53
2014	22053	Benabarre	1	10
2014	22054	Benasque	0	0
2014	22055	Berbegal	0	0
2014	22057	Bielsa	0	0
2014	22058	Bierge	1	0,14
2014	22059	Biescas	0	0
2014	22060	Binaced	0	0
2014	22061	Binéfar	1	0,5
2014	22062	Bisaurri	0	0
2014	22063	Biscarrués	0	0
2014	22064	Blecua y Torres	0	0
2014	22066	Boltaña	0	0
2014	22067	Bonansa	0	0
2014	22068	Borau	0	0
2014	22069	Broto	1	0,27
2014	22072	Caldearenas	0	0
2014	22074	Campo	0	0
2014	22075	Camporrells	0	0
2014	22076	Canal de Berdún	0	0
2014	22077	Candasnos	1	1,2
2014	22078	Canfranc	0	0
2014	22079	Capdesaso	0	0
2014	22080	Capella	0	0
2014	22081	Casbas de Huesca	0	0
2014	22082	Castejón del Puente	0	0
2014	22083	Castejón de Monegros	0	0
2014	22084	Castejón de Sos	0	0
2014	22085	Castelflorite	0	0
2014	22086	Castiello de Jaca	0	0
2014	22087	Castigaleu	0	0
2014	22088	Castillazuelo	0	0
2014	22089	Castillonroy	0	0
2014	22090	Colungo	0	0
2014	22094	Chalamera	0	0
2014	22095	Chía	0	0
2014	22096	Chimillas	0	0
2014	22099	Esplús	0	0
2014	22102	Estada	0	0
2014	22103	Estadilla	2	1,01
2014	22105	Estopiñán del Castillo	0	0
2014	22106	Fago	0	0
2014	22107	Fanlo	0	0
2014	22109	Fiscal	0	0
2014	22110	Fonz	1	0,04
2014	22111	Foradada del Toscar	1	0,07
2014	22112	Fraga	4	2,3
2014	22113	Fueva (La)	0	0
2014	22114	Gistaín	0	0
2014	22115	Grado (El)	1	0,06
2014	22116	Grañén	3	0,67
2014	22117	Graus	1	0,16
2014	22119	Gurrea de Gállego	1	3,34
2014	22122	Hoz de Jaca	0	0
2014	22124	Huerto	0	0
2014	22125	Huesca	5	0,47
2014	22126	Ibieca	0	0
2014	22127	Igriés	0	0
2014	22128	Ilche	0	0
2014	22129	Isábena	0	0
2014	22130	Jaca	0	0
2014	22131	Jasa	0	0
2014	22133	Labuerda	0	0
2014	22135	Laluenga	0	0
2014	22136	Lalueza	0	0
2014	22137	Lanaja	0	0
2014	22139	Laperdiguera	0	0
2014	22141	Lascellas-Ponzano	0	0
2014	22142	Lascuarre	0	0
2014	22143	Laspaúles	0	0
2014	22144	Laspuña	0	0
2014	22149	Loarre	0	0
2014	22150	Loporzano	2	0,02
2014	22151	Loscorrales	1	0,3
2014	22155	Monesma y Cajigar	0	0
2014	22156	Monflorite-Lascasas	0	0
2014	22157	Montanuy	0	0
2014	22158	Monzón	7	2,97
2014	22160	Naval	0	0
2014	22162	Novales	0	0
2014	22163	Nueno	0	0
2014	22164	Olvena	0	0
2014	22165	Ontiñena	3	3,17
2014	22167	Osso de Cinca	0	0
2014	22168	Palo	0	0
2014	22170	Panticosa	0	0
2014	22172	Peñalba	1	0,03
2014	22173	Peñas de Riglos (Las)	1	0,05
2014	22174	Peralta de Alcofea	1	2,34
2014	22175	Peralta de Calasanz	0	0
2014	22176	Peraltilla	0	0
2014	22177	Perarrúa	0	0
2014	22178	Pertusa	0	0
2014	22181	Piracés	0	0
2014	22182	Plan	0	0
2014	22184	Poleñino	0	0
2014	22186	Pozán de Vero	0	0
2014	22187	Puebla de Castro (La)	0	0
2014	22188	Puente de Montañana	0	0
2014	22189	Puértolas	0	0
2014	22190	Pueyo de Araguás (El)	0	0
2014	22193	Pueyo de Santa Cruz	0	0
2014	22195	Quicena	0	0
2014	22197	Robres	0	0
2014	22199	Sabiñánigo	0	0
2014	22200	Sahún	0	0
2014	22201	Salas Altas	0	0
2014	22202	Salas Bajas	0	0
2014	22203	Salillas	0	0
2014	22204	Sallent de Gállego	0	0
2014	22205	San Esteban de Litera	0	0
2014	22206	Sangarrén	1	4
2014	22207	San Juan de Plan	0	0
2014	22208	Santa Cilia	0	0
2014	22209	Santa Cruz de la Serós	0	0
2014	22212	Santaliestra y San Quílez	0	0
2014	22213	Sariñena	5	1,88
2014	22214	Secastilla	0	0
2014	22215	Seira	0	0
2014	22217	Sena	0	0
2014	22218	Senés de Alcubierre	0	0
2014	22220	Sesa	0	0
2014	22221	Sesué	0	0
2014	22222	Siétamo	0	0
2014	22223	Sopeira	1	0,28
2014	22225	Tamarite de Litera	1	0,35
2014	22226	Tardienta	0	0
2014	22227	Tella-Sin	3	0,09
2014	22228	Tierz	0	0
2014	22229	Tolva	1	0,03
2014	22230	Torla-Ordesa	0	0
2014	22232	Torralba de Aragón	0	0
2014	22233	Torre la Ribera	0	0
2014	22234	Torrente de Cinca	0	0
2014	22235	Torres de Alcanadre	0	0
2014	22236	Torres de Barbués	0	0
2014	22239	Tramaced	0	0
2014	22242	Valfarta	0	0
2014	22243	Valle de Bardají	0	0
2014	22244	Valle de Lierp	0	0
2014	22245	Velilla de Cinca	0	0
2014	22246	Beranuy	0	0
2014	22247	Viacamp y Litera	1	0,33
2014	22248	Vicién	0	0
2014	22249	Villanova	0	0
2014	22250	Villanúa	0	0
2014	22251	Villanueva de Sigena	0	0
2014	22252	Yebra de Basa	0	0
2014	22253	Yésero	0	0
2014	22254	Zaidín	4	2,63
2014	22901	Valle de Hecho	0	0
2014	22902	Puente la Reina de Jaca	1	0,15
2014	22903	San Miguel del Cinca	1	1,37
2014	22904	Sotonera (La)	0	0
2014	22905	Lupiñén-Ortilla	0	0
2014	22906	Santa María de Dulcis	0	0
2014	22907	Aínsa-Sobrarbe	0	0
2014	22908	Hoz y Costeán	0	0
2014	22909	Vencillón	0	0
2014	44001	Ababuj	0	0
2014	44002	Abejuela	0	0
2014	44003	Aguatón	0	0
2014	44004	Aguaviva	0	0
2014	44005	Aguilar del Alfambra	0	0
2014	44006	Alacón	0	0
2014	44007	Alba	0	0
2014	44008	Albalate del Arzobispo	1	1,5
2014	44009	Albarracín	8	1,03
2014	44010	Albentosa	0	0
2014	44011	Alcaine	0	0
2014	44012	Alcalá de la Selva	0	0
2014	44013	Alcañiz	4	10,35
2014	44014	Alcorisa	1	0,05
2014	44016	Alfambra	0	0
2014	44017	Aliaga	0	0
2014	44018	Almohaja	0	0
2014	44019	Alobras	0	0
2014	44020	Alpeñés	0	0
2014	44021	Allepuz	0	0
2014	44022	Alloza	2	0,25
2014	44023	Allueva	0	0
2014	44024	Anadón	0	0
2014	44025	Andorra	3	0,09
2014	44026	Arcos de las Salinas	0	0
2014	44027	Arens de Lledó	0	0
2014	44028	Argente	0	0
2014	44029	Ariño	4	7,11
2014	44031	Azaila	0	0
2014	44032	Bádenas	0	0
2014	44033	Báguena	1	0,71
2014	44034	Bañón	0	0
2014	44035	Barrachina	1	0,04
2014	44036	Bea	0	0
2014	44037	Beceite	0	0
2014	44038	Belmonte de San José	0	0
2014	44039	Bello	0	0
2014	44040	Berge	1	0,01
2014	44041	Bezas	0	0
2014	44042	Blancas	0	0
2014	44043	Blesa	0	0
2014	44044	Bordón	0	0
2014	44045	Bronchales	0	0
2014	44046	Bueña	0	0
2014	44047	Burbáguena	4	1,64
2014	44048	Cabra de Mora	0	0
2014	44049	Calaceite	1	0,6
2014	44050	Calamocha	5	1,09
2014	44051	Calanda	0	0
2014	44052	Calomarde	0	0
2014	44053	Camañas	0	0
2014	44054	Camarena de la Sierra	1	0,03
2014	44055	Camarillas	0	0
2014	44056	Caminreal	3	8,94
2014	44059	Cantavieja	0	0
2014	44060	Cañada de Benatanduz	0	0
2014	44061	Cañada de Verich (La)	0	0
2014	44062	Cañada Vellida	0	0
2014	44063	Cañizar del Olivar	0	0
2014	44064	Cascante del Río	1	9,7
2014	44065	Castejón de Tornos	0	0
2014	44066	Castel de Cabra	0	0
2014	44067	Castelnou	0	0
2014	44068	Castelserás	0	0
2014	44070	Castellar (El)	0	0
2014	44071	Castellote	3	0,17
2014	44074	Cedrillas	1	0,01
2014	44075	Celadas	0	0
2014	44076	Cella	2	15,85
2014	44077	Cerollera (La)	0	0
2014	44080	Codoñera (La)	1	0,01
2014	44082	Corbalán	0	0
2014	44084	Cortes de Aragón	0	0
2014	44085	Cosa	0	0
2014	44086	Cretas	1	0,01
2014	44087	Crivillén	1	6
2014	44088	Cuba (La)	0	0
2014	44089	Cubla	0	0
2014	44090	Cucalón	0	0
2014	44092	Cuervo (El)	0	0
2014	44093	Cuevas de Almudén	0	0
2014	44094	Cuevas Labradas	2	0,06
2014	44096	Ejulve	1	3,05
2014	44097	Escorihuela	1	0,01
2014	44099	Escucha	0	0
2014	44100	Estercuel	1	11,5
2014	44101	Ferreruela de Huerva	0	0
2014	44102	Fonfría	0	0
2014	44103	Formiche Alto	0	0
2014	44105	Fórnoles	1	0,1
2014	44106	Fortanete	2	0,39
2014	44107	Foz-Calanda	1	1,27
2014	44108	Fresneda (La)	2	1,54
2014	44109	Frías de Albarracín	0	0
2014	44110	Fuenferrada	0	0
2014	44111	Fuentes Calientes	0	0
2014	44112	Fuentes Claras	0	0
2014	44113	Fuentes de Rubielos	0	0
2014	44114	Fuentespalda	0	0
2014	44115	Galve	0	0
2014	44116	Gargallo	0	0
2014	44117	Gea de Albarracín	0	0
2014	44118	Ginebrosa (La)	0	0
2014	44119	Griegos	0	0
2014	44120	Guadalaviar	0	0
2014	44121	Gúdar	0	0
2014	44122	Híjar	2	2,62
2014	44123	Hinojosa de Jarque	0	0
2014	44124	Hoz de la Vieja (La)	0	0
2014	44125	Huesa del Común	0	0
2014	44126	Iglesuela del Cid (La)	0	0
2014	44127	Jabaloyas	0	0
2014	44128	Jarque de la Val	0	0
2014	44129	Jatiel	1	0,11
2014	44130	Jorcas	0	0
2014	44131	Josa	0	0
2014	44132	Lagueruela	0	0
2014	44133	Lanzuela	0	0
2014	44135	Libros	0	0
2014	44136	Lidón	0	0
2014	44137	Linares de Mora	2	0,02
2014	44138	Loscos	0	0
2014	44141	Lledó	0	0
2014	44142	Maicas	0	0
2014	44143	Manzanera	3	0,08
2014	44144	Martín del Río	1	0,01
2014	44145	Mas de las Matas	2	3,15
2014	44146	Mata de los Olmos (La)	0	0
2014	44147	Mazaleón	3	0,15
2014	44148	Mezquita de Jarque	0	0
2014	44149	Mirambel	1	0,14
2014	44150	Miravete de la Sierra	1	1,5
2014	44151	Molinos	1	0,01
2014	44152	Monforte de Moyuela	0	0
2014	44153	Monreal del Campo	1	0,03
2014	44154	Monroyo	0	0
2014	44155	Montalbán	2	0,1
2014	44156	Monteagudo del Castillo	0	0
2014	44157	Monterde de Albarracín	1	0,01
2014	44158	Mora de Rubielos	4	1,94
2014	44159	Moscardón	0	0
2014	44160	Mosqueruela	0	0
2014	44161	Muniesa	0	0
2014	44163	Noguera de Albarracín	0	0
2014	44164	Nogueras	1	0,06
2014	44165	Nogueruelas	1	0,2
2014	44167	Obón	0	0
2014	44168	Odón	0	0
2014	44169	Ojos Negros	0	0
2014	44171	Olba	1	4,6
2014	44172	Oliete	0	0
2014	44173	Olmos (Los)	0	0
2014	44174	Orihuela del Tremedal	0	0
2014	44175	Orrios	0	0
2014	44176	Palomar de Arroyos	1	0,24
2014	44177	Pancrudo	0	0
2014	44178	Parras de Castellote (Las)	1	0,02
2014	44179	Peñarroya de Tastavins	0	0
2014	44180	Peracense	0	0
2014	44181	Peralejos	0	0
2014	44182	Perales del Alfambra	1	1
2014	44183	Pitarque	1	0,01
2014	44184	Plou	0	0
2014	44185	Pobo (El)	0	0
2014	44187	Portellada (La)	1	0,05
2014	44189	Pozondón	0	0
2014	44190	Pozuel del Campo	0	0
2014	44191	Puebla de Híjar (La)	3	2,6
2014	44192	Puebla de Valverde (La)	0	0
2014	44193	Puertomingalvo	0	0
2014	44194	Ráfales	0	0
2014	44195	Rillo	0	0
2014	44196	Riodeva	0	0
2014	44197	Ródenas	0	0
2014	44198	Royuela	0	0
2014	44199	Rubiales	0	0
2014	44200	Rubielos de la Cérida	0	0
2014	44201	Rubielos de Mora	1	0,01
2014	44203	Salcedillo	0	0
2014	44204	Saldón	0	0
2014	44205	Samper de Calanda	0	0
2014	44206	San Agustín	1	0,01
2014	44207	San Martín del Río	2	13,38
2014	44208	Santa Cruz de Nogueras	0	0
2014	44209	Santa Eulalia	1	0,15
2014	44210	Sarrión	0	0
2014	44211	Segura de los Baños	1	0,65
2014	44212	Seno	0	0
2014	44213	Singra	0	0
2014	44215	Terriente	0	0
2014	44216	Teruel	1	0,1
2014	44217	Toril y Masegoso	0	0
2014	44218	Tormón	1	0,01
2014	44219	Tornos	0	0
2014	44220	Torralba de los Sisones	0	0
2014	44221	Torrecilla de Alcañiz	1	0,01
2014	44222	Torrecilla del Rebollar	1	0,01
2014	44223	Torre de Arcas	0	0
2014	44224	Torre de las Arcas	1	0,01
2014	44225	Torre del Compte	0	0
2014	44226	Torrelacárcel	0	0
2014	44227	Torre los Negros	0	0
2014	44228	Torremocha de Jiloca	0	0
2014	44229	Torres de Albarracín	0	0
2014	44230	Torrevelilla	0	0
2014	44231	Torrijas	1	0,01
2014	44232	Torrijo del Campo	0	0
2014	44234	Tramacastiel	0	0
2014	44235	Tramacastilla	0	0
2014	44236	Tronchón	0	0
2014	44237	Urrea de Gaén	0	0
2014	44238	Utrillas	0	0
2014	44239	Valacloche	0	0
2014	44240	Valbona	0	0
2014	44241	Valdealgorfa	0	0
2014	44243	Valdecuenca	0	0
2014	44244	Valdelinares	0	0
2014	44245	Valdeltormo	0	0
2014	44246	Valderrobres	2	0,07
2014	44247	Valjunquera	3	0,11
2014	44249	Vallecillo (El)	0	0
2014	44250	Veguillas de la Sierra	0	0
2014	44251	Villafranca del Campo	0	0
2014	44252	Villahermosa del Campo	0	0
2014	44256	Villanueva del Rebollar de la Sierra	0	0
2014	44257	Villar del Cobo	0	0
2014	44258	Villar del Salz	0	0
2014	44260	Villarluengo	1	2,73
2014	44261	Villarquemado	0	0
2014	44262	Villarroya de los Pinares	0	0
2014	44263	Villastar	1	0,3
2014	44264	Villel	1	3,4
2014	44265	Vinaceite	0	0
2014	44266	Visiedo	0	0
2014	44267	Vivel del Río Martín	0	0
2014	44268	Zoma (La)	0	0
2014	50001	Abanto	0	0
2014	50002	Acered	0	0
2014	50003	Agón	0	0
2014	50004	Aguarón	2	3,32
2014	50005	Aguilón	0	0
2014	50006	Ainzón	1	0,42
2014	50007	Aladrén	0	0
2014	50008	Alagón	2	0,85
2014	50009	Alarba	1	0,34
2014	50010	Alberite de San Juan	1	0,1
2014	50011	Albeta	3	0,62
2014	50012	Alborge	0	0
2014	50013	Alcalá de Ebro	0	0
2014	50014	Alcalá de Moncayo	0	0
2014	50015	Alconchel de Ariza	0	0
2014	50016	Aldehuela de Liestos	0	0
2014	50017	Alfajarín	0	0
2014	50018	Alfamén	0	0
2014	50019	Alforque	0	0
2014	50020	Alhama de Aragón	1	0,66
2014	50021	Almochuel	0	0
2014	50022	Almolda (La)	1	0,24
2014	50023	Almonacid de la Cuba	0	0
2014	50024	Almonacid de la Sierra	2	5,01
2014	50025	Almunia de Doña Godina (La)	0	0
2014	50026	Alpartir	1	1,02
2014	50027	Ambel	0	0
2014	50028	Anento	1	0,16
2014	50029	Aniñón	0	0
2014	50030	Añón de Moncayo	0	0
2014	50031	Aranda de Moncayo	0	0
2014	50032	Arándiga	1	0,08
2014	50033	Ardisa	1	0,1
2014	50034	Ariza	2	0,31
2014	50035	Artieda	0	0
2014	50036	Asín	0	0
2014	50037	Atea	0	0
2014	50038	Ateca	1	0,12
2014	50039	Azuara	1	0,01
2014	50040	Badules	0	0
2014	50041	Bagüés	0	0
2014	50042	Balconchán	0	0
2014	50043	Bárboles	1	0,12
2014	50044	Bardallur	1	0,27
2014	50045	Belchite	0	0
2014	50046	Belmonte de Gracián	0	0
2014	50047	Berdejo	0	0
2014	50048	Berrueco	0	0
2014	50050	Bijuesca	1	51,73
2014	50051	Biota	2	0,59
2014	50052	Bisimbre	0	0
2014	50053	Boquiñeni	1	0,66
2014	50054	Bordalba	0	0
2014	50055	Borja	2	2,91
2014	50056	Botorrita	1	0,18
2014	50057	Brea de Aragón	1	4,04
2014	50058	Bubierca	1	0,38
2014	50059	Bujaraloz	0	0
2014	50060	Bulbuente	2	3,91
2014	50061	Bureta	3	1,79
2014	50062	Burgo de Ebro (El)	0	0
2014	50063	Buste (El)	0	0
2014	50064	Cabañas de Ebro	0	0
2014	50065	Cabolafuente	0	0
2014	50066	Cadrete	0	0
2014	50067	Calatayud	1	0,76
2014	50068	Calatorao	1	0,78
2014	50069	Calcena	0	0
2014	50070	Calmarza	1	0,29
2014	50071	Campillo de Aragón	0	0
2014	50072	Carenas	9	14,93
2014	50073	Cariñena	0	0
2014	50074	Caspe	2	0,21
2014	50075	Castejón de Alarba	0	0
2014	50076	Castejón de las Armas	1	0,72
2014	50077	Castejón de Valdejasa	2	1,57
2014	50078	Castiliscar	0	0
2014	50079	Cervera de la Cañada	0	0
2014	50080	Cerveruela	0	0
2014	50081	Cetina	0	0
2014	50082	Cimballa	0	0
2014	50083	Cinco Olivas	0	0
2014	50084	Clarés de Ribota	0	0
2014	50085	Codo	2	3,44
2014	50086	Codos	3	0,46
2014	50087	Contamina	0	0
2014	50088	Cosuenda	1	4,92
2014	50089	Cuarte de Huerva	0	0
2014	50090	Cubel	0	0
2014	50091	Cuerlas (Las)	0	0
2014	50092	Chiprana	0	0
2014	50093	Chodes	1	0,99
2014	50094	Daroca	1	0,01
2014	50095	Ejea de los Caballeros	5	10,66
2014	50096	Embid de Ariza	0	0
2014	50098	Encinacorba	1	0,99
2014	50099	Épila	0	0
2014	50100	Erla	0	0
2014	50101	Escatrón	1	2,99
2014	50102	Fabara	3	0,27
2014	50104	Farlete	1	0,28
2014	50105	Fayón	0	0
2014	50106	Fayos (Los)	0	0
2014	50107	Figueruelas	0	0
2014	50108	Fombuena	0	0
2014	50109	Frago (El)	0	0
2014	50110	Frasno (El)	0	0
2014	50111	Fréscano	0	0
2014	50113	Fuendejalón	1	0,01
2014	50114	Fuendetodos	0	0
2014	50115	Fuentes de Ebro	2	1,75
2014	50116	Fuentes de Jiloca	1	0,07
2014	50117	Gallocanta	0	0
2014	50118	Gallur	0	0
2014	50119	Gelsa	0	0
2014	50120	Godojos	0	0
2014	50121	Gotor	1	0,44
2014	50122	Grisel	0	0
2014	50123	Grisén	0	0
2014	50124	Herrera de los Navarros	0	0
2014	50125	Ibdes	0	0
2014	50126	Illueca	0	0
2014	50128	Isuerre	0	0
2014	50129	Jaraba	1	0,27
2014	50130	Jarque de Moncayo	0	0
2014	50131	Jaulín	0	0
2014	50132	Joyosa (La)	1	0,4
2014	50133	Lagata	1	0,05
2014	50134	Langa del Castillo	0	0
2014	50135	Layana	0	0
2014	50136	Lécera	0	0
2014	50137	Leciñena	2	1,72
2014	50138	Lechón	0	0
2014	50139	Letux	2	0,45
2014	50140	Litago	0	0
2014	50141	Lituénigo	0	0
2014	50142	Lobera de Onsella	0	0
2014	50143	Longares	0	0
2014	50144	Longás	0	0
2014	50146	Lucena de Jalón	0	0
2014	50147	Luceni	0	0
2014	50148	Luesia	1	0,01
2014	50149	Luesma	0	0
2014	50150	Lumpiaque	0	0
2014	50151	Luna	0	0
2014	50152	Maella	4	0,29
2014	50153	Magallón	1	0,36
2014	50154	Mainar	2	2,63
2014	50155	Malanquilla	0	0
2014	50156	Maleján	0	0
2014	50157	Malón	1	0,34
2014	50159	Maluenda	0	0
2014	50160	Mallén	1	4,39
2014	50161	Manchones	0	0
2014	50162	Mara	1	0,2
2014	50163	María de Huerva	1	0,03
2014	50164	Mediana de Aragón	0	0
2014	50165	Mequinenza	2	0,6
2014	50166	Mesones de Isuela	0	0
2014	50167	Mezalocha	0	0
2014	50168	Mianos	0	0
2014	50169	Miedes de Aragón	0	0
2014	50170	Monegrillo	0	0
2014	50171	Moneva	1	0,02
2014	50172	Monreal de Ariza	0	0
2014	50173	Monterde	0	0
2014	50174	Montón	1	0,02
2014	50175	Morata de Jalón	3	10,44
2014	50176	Morata de Jiloca	1	0,18
2014	50177	Morés	1	0,55
2014	50178	Moros	0	0
2014	50179	Moyuela	0	0
2014	50180	Mozota	0	0
2014	50181	Muel	0	0
2014	50182	Muela (La)	0	0
2014	50183	Munébrega	1	0,02
2014	50184	Murero	0	0
2014	50185	Murillo de Gállego	2	0,94
2014	50186	Navardún	0	0
2014	50187	Nigüella	0	0
2014	50188	Nombrevilla	0	0
2014	50189	Nonaspe	0	0
2014	50190	Novallas	0	0
2014	50191	Novillas	2	2,48
2014	50192	Nuévalos	4	2,57
2014	50193	Nuez de Ebro	0	0
2014	50194	Olvés	0	0
2014	50195	Orcajo	0	0
2014	50196	Orera	0	0
2014	50197	Orés	1	7,46
2014	50198	Oseja	0	0
2014	50199	Osera de Ebro	0	0
2014	50200	Paniza	1	2,36
2014	50201	Paracuellos de Jiloca	2	1,11
2014	50202	Paracuellos de la Ribera	0	0
2014	50203	Pastriz	1	5,31
2014	50204	Pedrola	0	0
2014	50205	Pedrosas (Las)	0	0
2014	50206	Perdiguera	1	0,17
2014	50207	Piedratajada	0	0
2014	50208	Pina de Ebro	4	4,03
2014	50209	Pinseque	0	0
2014	50210	Pintanos (Los)	0	0
2014	50211	Plasencia de Jalón	2	1,84
2014	50212	Pleitas	0	0
2014	50213	Plenas	0	0
2014	50214	Pomer	0	0
2014	50215	Pozuel de Ariza	0	0
2014	50216	Pozuelo de Aragón	0	0
2014	50217	Pradilla de Ebro	0	0
2014	50218	Puebla de Albortón	0	0
2014	50219	Puebla de Alfindén (La)	3	1,71
2014	50220	Puendeluna	1	2,9
2014	50221	Purujosa	0	0
2014	50222	Quinto	1	0,19
2014	50223	Remolinos	0	0
2014	50224	Retascón	1	0,01
2014	50225	Ricla	6	2,14
2014	50227	Romanos	0	0
2014	50228	Rueda de Jalón	0	0
2014	50229	Ruesca	0	0
2014	50230	Sádaba	1	0,62
2014	50231	Salillas de Jalón	0	0
2014	50232	Salvatierra de Esca	1	0,01
2014	50233	Samper del Salz	0	0
2014	50234	San Martín de la Virgen de Moncayo	0	0
2014	50235	San Mateo de Gállego	0	0
2014	50236	Santa Cruz de Grío	2	4,4
2014	50237	Santa Cruz de Moncayo	2	0,65
2014	50238	Santa Eulalia de Gállego	0	0
2014	50239	Santed	0	0
2014	50240	Sástago	1	0,04
2014	50241	Saviñán	0	0
2014	50242	Sediles	0	0
2014	50243	Sestrica	1	0,01
2014	50244	Sierra de Luna	0	0
2014	50245	Sigüés	0	0
2014	50246	Sisamón	0	0
2014	50247	Sobradiel	1	1,45
2014	50248	Sos del Rey Católico	0	0
2014	50249	Tabuenca	0	0
2014	50250	Talamantes	0	0
2014	50251	Tarazona	5	1,76
2014	50252	Tauste	2	0,46
2014	50253	Terrer	0	0
2014	50254	Tierga	0	0
2014	50255	Tobed	0	0
2014	50256	Torralba de los Frailes	0	0
2014	50257	Torralba de Ribota	0	0
2014	50258	Torralbilla	0	0
2014	50259	Torrehermosa	0	0
2014	50260	Torrelapaja	0	0
2014	50261	Torrellas	0	0
2014	50262	Torres de Berrellén	0	0
2014	50263	Torrijo de la Cañada	0	0
2014	50264	Tosos	2	2,4
2014	50265	Trasmoz	0	0
2014	50266	Trasobares	1	0,08
2014	50267	Uncastillo	1	1,22
2014	50268	Undués de Lerda	1	2,13
2014	50269	Urrea de Jalón	1	0,26
2014	50270	Urriés	0	0
2014	50271	Used	0	0
2014	50272	Utebo	0	0
2014	50273	Valdehorna	0	0
2014	50274	Val de San Martín	0	0
2014	50275	Valmadrid	0	0
2014	50276	Valpalmas	0	0
2014	50277	Valtorres	0	0
2014	50278	Velilla de Ebro	1	0,07
2014	50279	Velilla de Jiloca	0	0
2014	50280	Vera de Moncayo	1	2
2014	50281	Vierlas	0	0
2014	50282	Vilueña (La)	0	0
2014	50283	Villadoz	0	0
2014	50284	Villafeliche	0	0
2014	50285	Villafranca de Ebro	0	0
2014	50286	Villalba de Perejil	1	0,46
2014	50287	Villalengua	0	0
2014	50288	Villanueva de Gállego	1	0,17
2014	50289	Villanueva de Jiloca	1	3,8
2014	50290	Villanueva de Huerva	2	0,08
2014	50291	Villar de los Navarros	0	0
2014	50292	Villarreal de Huerva	0	0
2014	50293	Villarroya de la Sierra	1	0,53
2014	50294	Villarroya del Campo	0	0
2014	50295	Vistabella	0	0
2014	50296	Zaida (La)	0	0
2014	50297	Zaragoza	1	3,18
2014	50298	Zuera	7	10,36
2014	50901	Biel	0	0
2014	50902	Marracos	0	0
2014	50903	Villamayor de Gállego	1	0,36
2015	22001	Abiego	2	48,21
2015	22002	Abizanda	0	0
2015	22003	Adahuesca	0	0
2015	22004	Agüero	0	0
2015	22006	Aísa	0	0
2015	22007	Albalate de Cinca	2	0,36
2015	22008	Albalatillo	0	0
2015	22009	Albelda	0	0
2015	22011	Albero Alto	1	0,37
2015	22012	Albero Bajo	0	0
2015	22013	Alberuela de Tubo	0	0
2015	22014	Alcalá de Gurrea	0	0
2015	22015	Alcalá del Obispo	1	2
2015	22016	Alcampell	0	0
2015	22017	Alcolea de Cinca	3	233,23
2015	22018	Alcubierre	2	3,36
2015	22019	Alerre	0	0
2015	22020	Alfántega	0	0
2015	22021	Almudévar	3	104,72
2015	22022	Almunia de San Juan	0	0
2015	22023	Almuniente	0	0
2015	22024	Alquézar	1	1
2015	22025	Altorricón	0	0
2015	22027	Angüés	0	0
2015	22028	Ansó	0	0
2015	22029	Antillón	1	0,4
2015	22032	Aragüés del Puerto	0	0
2015	22035	Arén	1	0,16
2015	22036	Argavieso	0	0
2015	22037	Arguis	0	0
2015	22039	Ayerbe	3	0,6
2015	22040	Azanuy-Alins	0	0
2015	22041	Azara	1	0,01
2015	22042	Azlor	0	0
2015	22043	Baells	0	0
2015	22044	Bailo	0	0
2015	22045	Baldellou	0	0
2015	22046	Ballobar	0	0
2015	22047	Banastás	0	0
2015	22048	Barbastro	3	0,4
2015	22049	Barbués	0	0
2015	22050	Barbuñales	0	0
2015	22051	Bárcabo	0	0
2015	22052	Belver de Cinca	3	0,69
2015	22053	Benabarre	1	0,01
2015	22054	Benasque	0	0
2015	22055	Berbegal	0	0
2015	22057	Bielsa	1	0,01
2015	22058	Bierge	1	0,01
2015	22059	Biescas	0	0
2015	22060	Binaced	0	0
2015	22061	Binéfar	0	0
2015	22062	Bisaurri	0	0
2015	22063	Biscarrués	1	0,05
2015	22064	Blecua y Torres	0	0
2015	22066	Boltaña	1	0,03
2015	22067	Bonansa	0	0
2015	22068	Borau	0	0
2015	22069	Broto	1	0,03
2015	22072	Caldearenas	0	0
2015	22074	Campo	0	0
2015	22075	Camporrells	0	0
2015	22076	Canal de Berdún	0	0
2015	22077	Candasnos	0	0
2015	22078	Canfranc	0	0
2015	22079	Capdesaso	0	0
2015	22080	Capella	1	0,04
2015	22081	Casbas de Huesca	0	0
2015	22082	Castejón del Puente	1	0,08
2015	22083	Castejón de Monegros	0	0
2015	22084	Castejón de Sos	1	8,4
2015	22085	Castelflorite	0	0
2015	22086	Castiello de Jaca	0	0
2015	22087	Castigaleu	0	0
2015	22088	Castillazuelo	0	0
2015	22089	Castillonroy	0	0
2015	22090	Colungo	0	0
2015	22094	Chalamera	1	0,02
2015	22095	Chía	0	0
2015	22096	Chimillas	0	0
2015	22099	Esplús	0	0
2015	22102	Estada	0	0
2015	22103	Estadilla	0	0
2015	22105	Estopiñán del Castillo	1	1,21
2015	22106	Fago	0	0
2015	22107	Fanlo	1	0,01
2015	22109	Fiscal	0	0
2015	22110	Fonz	1	1,6
2015	22111	Foradada del Toscar	0	0
2015	22112	Fraga	4	0,63
2015	22113	Fueva (La)	1	0,01
2015	22114	Gistaín	0	0
2015	22115	Grado (El)	7	40,38
2015	22116	Grañén	0	0
2015	22117	Graus	1	0,01
2015	22119	Gurrea de Gállego	2	0,25
2015	22122	Hoz de Jaca	0	0
2015	22124	Huerto	0	0
2015	22125	Huesca	9	1,62
2015	22126	Ibieca	0	0
2015	22127	Igriés	0	0
2015	22128	Ilche	0	0
2015	22129	Isábena	1	0,73
2015	22130	Jaca	1	0,05
2015	22131	Jasa	0	0
2015	22133	Labuerda	0	0
2015	22135	Laluenga	0	0
2015	22136	Lalueza	0	0
2015	22137	Lanaja	3	2,62
2015	22139	Laperdiguera	0	0
2015	22141	Lascellas-Ponzano	0	0
2015	22142	Lascuarre	1	0,11
2015	22143	Laspaúles	0	0
2015	22144	Laspuña	0	0
2015	22149	Loarre	1	0,02
2015	22150	Loporzano	0	0
2015	22151	Loscorrales	3	3,35
2015	22155	Monesma y Cajigar	0	0
2015	22156	Monflorite-Lascasas	0	0
2015	22157	Montanuy	0	0
2015	22158	Monzón	7	1,99
2015	22160	Naval	0	0
2015	22162	Novales	1	7
2015	22163	Nueno	1	0,04
2015	22164	Olvena	0	0
2015	22165	Ontiñena	2	1,58
2015	22167	Osso de Cinca	0	0
2015	22168	Palo	0	0
2015	22170	Panticosa	0	0
2015	22172	Peñalba	5	14,29
2015	22173	Peñas de Riglos (Las)	2	0,13
2015	22174	Peralta de Alcofea	0	0
2015	22175	Peralta de Calasanz	1	0,01
2015	22176	Peraltilla	1	2,08
2015	22177	Perarrúa	0	0
2015	22178	Pertusa	0	0
2015	22181	Piracés	0	0
2015	22182	Plan	0	0
2015	22184	Poleñino	1	0,08
2015	22186	Pozán de Vero	0	0
2015	22187	Puebla de Castro (La)	1	0,02
2015	22188	Puente de Montañana	0	0
2015	22189	Puértolas	1	0,09
2015	22190	Pueyo de Araguás (El)	1	0,01
2015	22193	Pueyo de Santa Cruz	0	0
2015	22195	Quicena	0	0
2015	22197	Robres	0	0
2015	22199	Sabiñánigo	5	0,97
2015	22200	Sahún	0	0
2015	22201	Salas Altas	0	0
2015	22202	Salas Bajas	0	0
2015	22203	Salillas	0	0
2015	22204	Sallent de Gállego	0	0
2015	22205	San Esteban de Litera	1	0,01
2015	22206	Sangarrén	1	1,29
2015	22207	San Juan de Plan	0	0
2015	22208	Santa Cilia	0	0
2015	22209	Santa Cruz de la Serós	0	0
2015	22212	Santaliestra y San Quílez	0	0
2015	22213	Sariñena	5	2,34
2015	22214	Secastilla	0	0
2015	22215	Seira	0	0
2015	22217	Sena	0	0
2015	22218	Senés de Alcubierre	0	0
2015	22220	Sesa	0	0
2015	22221	Sesué	0	0
2015	22222	Siétamo	0	0
2015	22223	Sopeira	0	0
2015	22225	Tamarite de Litera	0	0
2015	22226	Tardienta	0	0
2015	22227	Tella-Sin	1	0,01
2015	22228	Tierz	1	0,4
2015	22229	Tolva	0	0
2015	22230	Torla-Ordesa	0	0
2015	22232	Torralba de Aragón	0	0
2015	22233	Torre la Ribera	0	0
2015	22234	Torrente de Cinca	1	0,02
2015	22235	Torres de Alcanadre	0	0
2015	22236	Torres de Barbués	0	0
2015	22239	Tramaced	0	0
2015	22242	Valfarta	0	0
2015	22243	Valle de Bardají	0	0
2015	22244	Valle de Lierp	0	0
2015	22245	Velilla de Cinca	1	1,4
2015	22246	Beranuy	0	0
2015	22247	Viacamp y Litera	1	0,31
2015	22248	Vicién	0	0
2015	22249	Villanova	0	0
2015	22250	Villanúa	1	0,01
2015	22251	Villanueva de Sigena	0	0
2015	22252	Yebra de Basa	0	0
2015	22253	Yésero	0	0
2015	22254	Zaidín	3	1,93
2015	22901	Valle de Hecho	0	0
2015	22902	Puente la Reina de Jaca	0	0
2015	22903	San Miguel del Cinca	0	0
2015	22904	Sotonera (La)	3	0,57
2015	22905	Lupiñén-Ortilla	1	0,01
2015	22906	Santa María de Dulcis	0	0
2015	22907	Aínsa-Sobrarbe	3	0,03
2015	22908	Hoz y Costeán	0	0
2015	22909	Vencillón	0	0
2015	44001	Ababuj	0	0
2015	44002	Abejuela	0	0
2015	44003	Aguatón	0	0
2015	44004	Aguaviva	3	0,38
2015	44005	Aguilar del Alfambra	1	0,08
2015	44006	Alacón	0	0
2015	44007	Alba	0	0
2015	44008	Albalate del Arzobispo	2	0,14
2015	44009	Albarracín	4	4,02
2015	44010	Albentosa	2	0,02
2015	44011	Alcaine	0	0
2015	44012	Alcalá de la Selva	0	0
2015	44013	Alcañiz	5	1,13
2015	44014	Alcorisa	1	0,03
2015	44016	Alfambra	0	0
2015	44017	Aliaga	0	0
2015	44018	Almohaja	0	0
2015	44019	Alobras	0	0
2015	44020	Alpeñés	1	0,79
2015	44021	Allepuz	0	0
2015	44022	Alloza	0	0
2015	44023	Allueva	0	0
2015	44024	Anadón	0	0
2015	44025	Andorra	2	0,22
2015	44026	Arcos de las Salinas	0	0
2015	44027	Arens de Lledó	0	0
2015	44028	Argente	0	0
2015	44029	Ariño	2	0,39
2015	44031	Azaila	0	0
2015	44032	Bádenas	0	0
2015	44033	Báguena	7	7,21
2015	44034	Bañón	0	0
2015	44035	Barrachina	0	0
2015	44036	Bea	0	0
2015	44037	Beceite	2	0,14
2015	44038	Belmonte de San José	0	0
2015	44039	Bello	0	0
2015	44040	Berge	0	0
2015	44041	Bezas	0	0
2015	44042	Blancas	0	0
2015	44043	Blesa	0	0
2015	44044	Bordón	1	0,01
2015	44045	Bronchales	2	0,03
2015	44046	Bueña	0	0
2015	44047	Burbáguena	0	0
2015	44048	Cabra de Mora	0	0
2015	44049	Calaceite	1	0,24
2015	44050	Calamocha	1	0,01
2015	44051	Calanda	0	0
2015	44052	Calomarde	0	0
2015	44053	Camañas	0	0
2015	44054	Camarena de la Sierra	0	0
2015	44055	Camarillas	0	0
2015	44056	Caminreal	0	0
2015	44059	Cantavieja	1	0,67
2015	44060	Cañada de Benatanduz	0	0
2015	44061	Cañada de Verich (La)	0	0
2015	44062	Cañada Vellida	0	0
2015	44063	Cañizar del Olivar	2	0,09
2015	44064	Cascante del Río	0	0
2015	44065	Castejón de Tornos	0	0
2015	44066	Castel de Cabra	0	0
2015	44067	Castelnou	0	0
2015	44068	Castelserás	0	0
2015	44070	Castellar (El)	0	0
2015	44071	Castellote	1	0,08
2015	44074	Cedrillas	0	0
2015	44075	Celadas	0	0
2015	44076	Cella	0	0
2015	44077	Cerollera (La)	1	0,01
2015	44080	Codoñera (La)	0	0
2015	44082	Corbalán	0	0
2015	44084	Cortes de Aragón	0	0
2015	44085	Cosa	0	0
2015	44086	Cretas	2	0,05
2015	44087	Crivillén	0	0
2015	44088	Cuba (La)	0	0
2015	44089	Cubla	1	0,16
2015	44090	Cucalón	0	0
2015	44092	Cuervo (El)	1	0,01
2015	44093	Cuevas de Almudén	1	0,03
2015	44094	Cuevas Labradas	0	0
2015	44096	Ejulve	1	0,02
2015	44097	Escorihuela	0	0
2015	44099	Escucha	0	0
2015	44100	Estercuel	0	0
2015	44101	Ferreruela de Huerva	0	0
2015	44102	Fonfría	0	0
2015	44103	Formiche Alto	0	0
2015	44105	Fórnoles	1	0,01
2015	44106	Fortanete	0	0
2015	44107	Foz-Calanda	0	0
2015	44108	Fresneda (La)	1	0,05
2015	44109	Frías de Albarracín	0	0
2015	44110	Fuenferrada	0	0
2015	44111	Fuentes Calientes	0	0
2015	44112	Fuentes Claras	0	0
2015	44113	Fuentes de Rubielos	0	0
2015	44114	Fuentespalda	0	0
2015	44115	Galve	0	0
2015	44116	Gargallo	0	0
2015	44117	Gea de Albarracín	0	0
2015	44118	Ginebrosa (La)	0	0
2015	44119	Griegos	0	0
2015	44120	Guadalaviar	0	0
2015	44121	Gúdar	0	0
2015	44122	Híjar	1	0,1
2015	44123	Hinojosa de Jarque	0	0
2015	44124	Hoz de la Vieja (La)	0	0
2015	44125	Huesa del Común	0	0
2015	44126	Iglesuela del Cid (La)	0	0
2015	44127	Jabaloyas	0	0
2015	44128	Jarque de la Val	0	0
2015	44129	Jatiel	0	0
2015	44130	Jorcas	0	0
2015	44131	Josa	0	0
2015	44132	Lagueruela	0	0
2015	44133	Lanzuela	0	0
2015	44135	Libros	1	0,01
2015	44136	Lidón	0	0
2015	44137	Linares de Mora	0	0
2015	44138	Loscos	0	0
2015	44141	Lledó	1	0,46
2015	44142	Maicas	0	0
2015	44143	Manzanera	0	0
2015	44144	Martín del Río	0	0
2015	44145	Mas de las Matas	0	0
2015	44146	Mata de los Olmos (La)	0	0
2015	44147	Mazaleón	1	0,13
2015	44148	Mezquita de Jarque	0	0
2015	44149	Mirambel	1	0,36
2015	44150	Miravete de la Sierra	0	0
2015	44151	Molinos	0	0
2015	44152	Monforte de Moyuela	1	0,01
2015	44153	Monreal del Campo	2	2,6
2015	44154	Monroyo	0	0
2015	44155	Montalbán	3	0,67
2015	44156	Monteagudo del Castillo	0	0
2015	44157	Monterde de Albarracín	0	0
2015	44158	Mora de Rubielos	0	0
2015	44159	Moscardón	0	0
2015	44160	Mosqueruela	0	0
2015	44161	Muniesa	0	0
2015	44163	Noguera de Albarracín	1	0,01
2015	44164	Nogueras	0	0
2015	44165	Nogueruelas	0	0
2015	44167	Obón	0	0
2015	44168	Odón	0	0
2015	44169	Ojos Negros	0	0
2015	44171	Olba	0	0
2015	44172	Oliete	0	0
2015	44173	Olmos (Los)	0	0
2015	44174	Orihuela del Tremedal	1	0,05
2015	44175	Orrios	0	0
2015	44176	Palomar de Arroyos	1	1,02
2015	44177	Pancrudo	0	0
2015	44178	Parras de Castellote (Las)	0	0
2015	44179	Peñarroya de Tastavins	0	0
2015	44180	Peracense	0	0
2015	44181	Peralejos	0	0
2015	44182	Perales del Alfambra	0	0
2015	44183	Pitarque	0	0
2015	44184	Plou	0	0
2015	44185	Pobo (El)	0	0
2015	44187	Portellada (La)	0	0
2015	44189	Pozondón	0	0
2015	44190	Pozuel del Campo	0	0
2015	44191	Puebla de Híjar (La)	0	0
2015	44192	Puebla de Valverde (La)	1	0,01
2015	44193	Puertomingalvo	1	0,01
2015	44194	Ráfales	0	0
2015	44195	Rillo	0	0
2015	44196	Riodeva	0	0
2015	44197	Ródenas	0	0
2015	44198	Royuela	0	0
2015	44199	Rubiales	0	0
2015	44200	Rubielos de la Cérida	0	0
2015	44201	Rubielos de Mora	0	0
2015	44203	Salcedillo	0	0
2015	44204	Saldón	0	0
2015	44205	Samper de Calanda	2	4,16
2015	44206	San Agustín	0	0
2015	44207	San Martín del Río	1	13,33
2015	44208	Santa Cruz de Nogueras	0	0
2015	44209	Santa Eulalia	0	0
2015	44210	Sarrión	0	0
2015	44211	Segura de los Baños	0	0
2015	44212	Seno	0	0
2015	44213	Singra	0	0
2015	44215	Terriente	0	0
2015	44216	Teruel	3	0,22
2015	44217	Toril y Masegoso	2	0,17
2015	44218	Tormón	1	0,03
2015	44219	Tornos	0	0
2015	44220	Torralba de los Sisones	0	0
2015	44221	Torrecilla de Alcañiz	1	0,01
2015	44222	Torrecilla del Rebollar	0	0
2015	44223	Torre de Arcas	0	0
2015	44224	Torre de las Arcas	0	0
2015	44225	Torre del Compte	0	0
2015	44226	Torrelacárcel	0	0
2015	44227	Torre los Negros	0	0
2015	44228	Torremocha de Jiloca	0	0
2015	44229	Torres de Albarracín	0	0
2015	44230	Torrevelilla	1	0,07
2015	44231	Torrijas	1	0,01
2015	44232	Torrijo del Campo	0	0
2015	44234	Tramacastiel	0	0
2015	44235	Tramacastilla	0	0
2015	44236	Tronchón	0	0
2015	44237	Urrea de Gaén	1	0,7
2015	44238	Utrillas	0	0
2015	44239	Valacloche	0	0
2015	44240	Valbona	0	0
2015	44241	Valdealgorfa	0	0
2015	44243	Valdecuenca	0	0
2015	44244	Valdelinares	0	0
2015	44245	Valdeltormo	0	0
2015	44246	Valderrobres	2	0,02
2015	44247	Valjunquera	1	0,87
2015	44249	Vallecillo (El)	0	0
2015	44250	Veguillas de la Sierra	0	0
2015	44251	Villafranca del Campo	0	0
2015	44252	Villahermosa del Campo	0	0
2015	44256	Villanueva del Rebollar de la Sierra	0	0
2015	44257	Villar del Cobo	0	0
2015	44258	Villar del Salz	0	0
2015	44260	Villarluengo	0	0
2015	44261	Villarquemado	0	0
2015	44262	Villarroya de los Pinares	0	0
2015	44263	Villastar	0	0
2015	44264	Villel	1	0,03
2015	44265	Vinaceite	0	0
2015	44266	Visiedo	0	0
2015	44267	Vivel del Río Martín	1	0,01
2015	44268	Zoma (La)	0	0
2015	50001	Abanto	0	0
2015	50002	Acered	1	0,01
2015	50003	Agón	0	0
2015	50004	Aguarón	0	0
2015	50005	Aguilón	0	0
2015	50006	Ainzón	0	0
2015	50007	Aladrén	0	0
2015	50008	Alagón	1	1,65
2015	50009	Alarba	0	0
2015	50010	Alberite de San Juan	0	0
2015	50011	Albeta	0	0
2015	50012	Alborge	1	1,9
2015	50013	Alcalá de Ebro	0	0
2015	50014	Alcalá de Moncayo	0	0
2015	50015	Alconchel de Ariza	0	0
2015	50016	Aldehuela de Liestos	0	0
2015	50017	Alfajarín	1	14
2015	50018	Alfamén	0	0
2015	50019	Alforque	0	0
2015	50020	Alhama de Aragón	0	0
2015	50021	Almochuel	0	0
2015	50022	Almolda (La)	0	0
2015	50023	Almonacid de la Cuba	0	0
2015	50024	Almonacid de la Sierra	2	1,37
2015	50025	Almunia de Doña Godina (La)	0	0
2015	50026	Alpartir	0	0
2015	50027	Ambel	0	0
2015	50028	Anento	0	0
2015	50029	Aniñón	0	0
2015	50030	Añón de Moncayo	0	0
2015	50031	Aranda de Moncayo	0	0
2015	50032	Arándiga	1	7,48
2015	50033	Ardisa	0	0
2015	50034	Ariza	0	0
2015	50035	Artieda	1	0,05
2015	50036	Asín	0	0
2015	50037	Atea	1	3,52
2015	50038	Ateca	2	1,16
2015	50039	Azuara	2	1,26
2015	50040	Badules	0	0
2015	50041	Bagüés	0	0
2015	50042	Balconchán	0	0
2015	50043	Bárboles	0	0
2015	50044	Bardallur	1	1,11
2015	50045	Belchite	0	0
2015	50046	Belmonte de Gracián	1	1,18
2015	50047	Berdejo	0	0
2015	50048	Berrueco	0	0
2015	50050	Bijuesca	0	0
2015	50051	Biota	0	0
2015	50052	Bisimbre	0	0
2015	50053	Boquiñeni	0	0
2015	50054	Bordalba	0	0
2015	50055	Borja	1	0,01
2015	50056	Botorrita	0	0
2015	50057	Brea de Aragón	0	0
2015	50058	Bubierca	0	0
2015	50059	Bujaraloz	0	0
2015	50060	Bulbuente	0	0
2015	50061	Bureta	0	0
2015	50062	Burgo de Ebro (El)	0	0
2015	50063	Buste (El)	0	0
2015	50064	Cabañas de Ebro	0	0
2015	50065	Cabolafuente	0	0
2015	50066	Cadrete	1	0,84
2015	50067	Calatayud	3	0,09
2015	50068	Calatorao	2	0,09
2015	50069	Calcena	0	0
2015	50070	Calmarza	0	0
2015	50071	Campillo de Aragón	0	0
2015	50072	Carenas	2	1,11
2015	50073	Cariñena	0	0
2015	50074	Caspe	6	5,86
2015	50075	Castejón de Alarba	0	0
2015	50076	Castejón de las Armas	1	0,26
2015	50077	Castejón de Valdejasa	1	0,01
2015	50078	Castiliscar	1	0,32
2015	50079	Cervera de la Cañada	0	0
2015	50080	Cerveruela	1	0,44
2015	50081	Cetina	0	0
2015	50082	Cimballa	0	0
2015	50083	Cinco Olivas	0	0
2015	50084	Clarés de Ribota	0	0
2015	50085	Codo	0	0
2015	50086	Codos	0	0
2015	50087	Contamina	0	0
2015	50088	Cosuenda	0	0
2015	50089	Cuarte de Huerva	2	0,28
2015	50090	Cubel	0	0
2015	50091	Cuerlas (Las)	0	0
2015	50092	Chiprana	0	0
2015	50093	Chodes	0	0
2015	50094	Daroca	0	0
2015	50095	Ejea de los Caballeros	4	1,1
2015	50096	Embid de Ariza	0	0
2015	50098	Encinacorba	0	0
2015	50099	Épila	1	2,61
2015	50100	Erla	0	0
2015	50101	Escatrón	0	0
2015	50102	Fabara	5	3,07
2015	50104	Farlete	0	0
2015	50105	Fayón	0	0
2015	50106	Fayos (Los)	0	0
2015	50107	Figueruelas	0	0
2015	50108	Fombuena	0	0
2015	50109	Frago (El)	0	0
2015	50110	Frasno (El)	1	0,01
2015	50111	Fréscano	0	0
2015	50113	Fuendejalón	0	0
2015	50114	Fuendetodos	0	0
2015	50115	Fuentes de Ebro	1	0,1
2015	50116	Fuentes de Jiloca	1	0,28
2015	50117	Gallocanta	0	0
2015	50118	Gallur	0	0
2015	50119	Gelsa	0	0
2015	50120	Godojos	0	0
2015	50121	Gotor	0	0
2015	50122	Grisel	0	0
2015	50123	Grisén	1	0,16
2015	50124	Herrera de los Navarros	0	0
2015	50125	Ibdes	2	13,96
2015	50126	Illueca	1	1,72
2015	50128	Isuerre	0	0
2015	50129	Jaraba	2	3,67
2015	50130	Jarque de Moncayo	0	0
2015	50131	Jaulín	0	0
2015	50132	Joyosa (La)	0	0
2015	50133	Lagata	0	0
2015	50134	Langa del Castillo	0	0
2015	50135	Layana	0	0
2015	50136	Lécera	0	0
2015	50137	Leciñena	0	0
2015	50138	Lechón	0	0
2015	50139	Letux	0	0
2015	50140	Litago	2	5,14
2015	50141	Lituénigo	0	0
2015	50142	Lobera de Onsella	0	0
2015	50143	Longares	0	0
2015	50144	Longás	0	0
2015	50146	Lucena de Jalón	0	0
2015	50147	Luceni	0	0
2015	50148	Luesia	2	1,02
2015	50149	Luesma	0	0
2015	50150	Lumpiaque	1	1,19
2015	50151	Luna	4	7162,47
2015	50152	Maella	4	4,83
2015	50153	Magallón	0	0
2015	50154	Mainar	0	0
2015	50155	Malanquilla	0	0
2015	50156	Maleján	0	0
2015	50157	Malón	0	0
2015	50159	Maluenda	0	0
2015	50160	Mallén	0	0
2015	50161	Manchones	0	0
2015	50162	Mara	0	0
2015	50163	María de Huerva	0	0
2015	50164	Mediana de Aragón	0	0
2015	50165	Mequinenza	2	0,08
2015	50166	Mesones de Isuela	0	0
2015	50167	Mezalocha	0	0
2015	50168	Mianos	0	0
2015	50169	Miedes de Aragón	2	2,7
2015	50170	Monegrillo	0	0
2015	50171	Moneva	0	0
2015	50172	Monreal de Ariza	0	0
2015	50173	Monterde	0	0
2015	50174	Montón	0	0
2015	50175	Morata de Jalón	1	0,07
2015	50176	Morata de Jiloca	0	0
2015	50177	Morés	0	0
2015	50178	Moros	1	2,44
2015	50179	Moyuela	1	0,08
2015	50180	Mozota	0	0
2015	50181	Muel	0	0
2015	50182	Muela (La)	0	0
2015	50183	Munébrega	0	0
2015	50184	Murero	0	0
2015	50185	Murillo de Gállego	0	0
2015	50186	Navardún	1	5,78
2015	50187	Nigüella	0	0
2015	50188	Nombrevilla	0	0
2015	50189	Nonaspe	5	1,53
2015	50190	Novallas	0	0
2015	50191	Novillas	0	0
2015	50192	Nuévalos	2	0,17
2015	50193	Nuez de Ebro	0	0
2015	50194	Olvés	0	0
2015	50195	Orcajo	0	0
2015	50196	Orera	1	1,64
2015	50197	Orés	1	0,01
2015	50198	Oseja	1	0,75
2015	50199	Osera de Ebro	0	0
2015	50200	Paniza	0	0
2015	50201	Paracuellos de Jiloca	0	0
2015	50202	Paracuellos de la Ribera	0	0
2015	50203	Pastriz	1	0,01
2015	50204	Pedrola	0	0
2015	50205	Pedrosas (Las)	1	0,43
2015	50206	Perdiguera	0	0
2015	50207	Piedratajada	0	0
2015	50208	Pina de Ebro	2	11,38
2015	50209	Pinseque	0	0
2015	50210	Pintanos (Los)	1	0,03
2015	50211	Plasencia de Jalón	0	0
2015	50212	Pleitas	0	0
2015	50213	Plenas	0	0
2015	50214	Pomer	0	0
2015	50215	Pozuel de Ariza	0	0
2015	50216	Pozuelo de Aragón	0	0
2015	50217	Pradilla de Ebro	0	0
2015	50218	Puebla de Albortón	0	0
2015	50219	Puebla de Alfindén (La)	0	0
2015	50220	Puendeluna	1	0,12
2015	50221	Purujosa	0	0
2015	50222	Quinto	1	0,7
2015	50223	Remolinos	0	0
2015	50224	Retascón	0	0
2015	50225	Ricla	0	0
2015	50227	Romanos	0	0
2015	50228	Rueda de Jalón	0	0
2015	50229	Ruesca	0	0
2015	50230	Sádaba	1	0,59
2015	50231	Salillas de Jalón	0	0
2015	50232	Salvatierra de Esca	0	0
2015	50233	Samper del Salz	0	0
2015	50234	San Martín de la Virgen de Moncayo	0	0
2015	50235	San Mateo de Gállego	1	0,06
2015	50236	Santa Cruz de Grío	2	1,31
2015	50237	Santa Cruz de Moncayo	0	0
2015	50238	Santa Eulalia de Gállego	0	0
2015	50239	Santed	0	0
2015	50240	Sástago	3	4,11
2015	50241	Saviñán	1	0,64
2015	50242	Sediles	0	0
2015	50243	Sestrica	1	0,01
2015	50244	Sierra de Luna	0	0
2015	50245	Sigüés	0	0
2015	50246	Sisamón	0	0
2015	50247	Sobradiel	0	0
2015	50248	Sos del Rey Católico	1	0,12
2015	50249	Tabuenca	0	0
2015	50250	Talamantes	0	0
2015	50251	Tarazona	4	2,35
2015	50252	Tauste	3	0,23
2015	50253	Terrer	0	0
2015	50254	Tierga	0	0
2015	50255	Tobed	0	0
2015	50256	Torralba de los Frailes	0	0
2015	50257	Torralba de Ribota	0	0
2015	50258	Torralbilla	0	0
2015	50259	Torrehermosa	0	0
2015	50260	Torrelapaja	0	0
2015	50261	Torrellas	0	0
2015	50262	Torres de Berrellén	0	0
2015	50263	Torrijo de la Cañada	0	0
2015	50264	Tosos	2	2,71
2015	50265	Trasmoz	0	0
2015	50266	Trasobares	0	0
2015	50267	Uncastillo	1	11,94
2015	50268	Undués de Lerda	0	0
2015	50269	Urrea de Jalón	0	0
2015	50270	Urriés	0	0
2015	50271	Used	0	0
2015	50272	Utebo	0	0
2015	50273	Valdehorna	0	0
2015	50274	Val de San Martín	0	0
2015	50275	Valmadrid	0	0
2015	50276	Valpalmas	0	0
2015	50277	Valtorres	0	0
2015	50278	Velilla de Ebro	0	0
2015	50279	Velilla de Jiloca	1	0,51
2015	50280	Vera de Moncayo	2	7,73
2015	50281	Vierlas	0	0
2015	50282	Vilueña (La)	0	0
2015	50283	Villadoz	2	0,76
2015	50284	Villafeliche	1	0,01
2015	50285	Villafranca de Ebro	0	0
2015	50286	Villalba de Perejil	0	0
2015	50287	Villalengua	0	0
2015	50288	Villanueva de Gállego	0	0
2015	50289	Villanueva de Jiloca	0	0
2015	50290	Villanueva de Huerva	1	0,11
2015	50291	Villar de los Navarros	0	0
2015	50292	Villarreal de Huerva	0	0
2015	50293	Villarroya de la Sierra	2	2,47
2015	50294	Villarroya del Campo	0	0
2015	50295	Vistabella	0	0
2015	50296	Zaida (La)	1	0,05
2015	50297	Zaragoza	2	0,09
2015	50298	Zuera	5	11,85
2015	50901	Biel	0	0
2015	50902	Marracos	1	0,47
2015	50903	Villamayor de Gállego	0	0
2016	22001	Abiego	1	0,03
2016	22002	Abizanda	0	0
2016	22003	Adahuesca	0	0
2016	22004	Agüero	0	0
2016	22006	Aísa	0	0
2016	22007	Albalate de Cinca	1	0,02
2016	22008	Albalatillo	0	0
2016	22009	Albelda	0	0
2016	22011	Albero Alto	0	0
2016	22012	Albero Bajo	0	0
2016	22013	Alberuela de Tubo	0	0
2016	22014	Alcalá de Gurrea	1	1,26
2016	22015	Alcalá del Obispo	0	0
2016	22016	Alcampell	0	0
2016	22017	Alcolea de Cinca	1	2,08
2016	22018	Alcubierre	0	0
2016	22019	Alerre	0	0
2016	22020	Alfántega	1	0,2
2016	22021	Almudévar	3	0,72
2016	22022	Almunia de San Juan	0	0
2016	22023	Almuniente	0	0
2016	22024	Alquézar	0	0
2016	22025	Altorricón	0	0
2016	22027	Angüés	0	0
2016	22028	Ansó	0	0
2016	22029	Antillón	0	0
2016	22032	Aragüés del Puerto	1	0,03
2016	22035	Arén	0	0
2016	22036	Argavieso	0	0
2016	22037	Arguis	0	0
2016	22039	Ayerbe	0	0
2016	22040	Azanuy-Alins	1	0,45
2016	22041	Azara	0	0
2016	22042	Azlor	0	0
2016	22043	Baells	0	0
2016	22044	Bailo	0	0
2016	22045	Baldellou	0	0
2016	22046	Ballobar	1	0,66
2016	22047	Banastás	0	0
2016	22048	Barbastro	3	0,58
2016	22049	Barbués	0	0
2016	22050	Barbuñales	0	0
2016	22051	Bárcabo	1	75,05
2016	22052	Belver de Cinca	1	0,65
2016	22053	Benabarre	1	0,3
2016	22054	Benasque	1	0,01
2016	22055	Berbegal	0	0
2016	22057	Bielsa	0	0
2016	22058	Bierge	1	0,19
2016	22059	Biescas	0	0
2016	22060	Binaced	0	0
2016	22061	Binéfar	0	0
2016	22062	Bisaurri	2	0,18
2016	22063	Biscarrués	1	0,01
2016	22064	Blecua y Torres	0	0
2016	22066	Boltaña	0	0
2016	22067	Bonansa	0	0
2016	22068	Borau	0	0
2016	22069	Broto	0	0
2016	22072	Caldearenas	1	0,15
2016	22074	Campo	1	0,01
2016	22075	Camporrells	2	1,15
2016	22076	Canal de Berdún	0	0
2016	22077	Candasnos	0	0
2016	22078	Canfranc	0	0
2016	22079	Capdesaso	0	0
2016	22080	Capella	2	0,02
2016	22081	Casbas de Huesca	0	0
2016	22082	Castejón del Puente	1	0,01
2016	22083	Castejón de Monegros	0	0
2016	22084	Castejón de Sos	0	0
2016	22085	Castelflorite	0	0
2016	22086	Castiello de Jaca	0	0
2016	22087	Castigaleu	0	0
2016	22088	Castillazuelo	0	0
2016	22089	Castillonroy	0	0
2016	22090	Colungo	0	0
2016	22094	Chalamera	0	0
2016	22095	Chía	1	0,02
2016	22096	Chimillas	0	0
2016	22099	Esplús	1	0,02
2016	22102	Estada	0	0
2016	22103	Estadilla	0	0
2016	22105	Estopiñán del Castillo	0	0
2016	22106	Fago	0	0
2016	22107	Fanlo	0	0
2016	22109	Fiscal	0	0
2016	22110	Fonz	1	0,03
2016	22111	Foradada del Toscar	0	0
2016	22112	Fraga	1	0,46
2016	22113	Fueva (La)	1	0,01
2016	22114	Gistaín	0	0
2016	22115	Grado (El)	0	0
2016	22116	Grañén	1	5
2016	22117	Graus	3	0,5
2016	22119	Gurrea de Gállego	1	0,02
2016	22122	Hoz de Jaca	0	0
2016	22124	Huerto	0	0
2016	22125	Huesca	4	137,03
2016	22126	Ibieca	0	0
2016	22127	Igriés	0	0
2016	22128	Ilche	0	0
2016	22129	Isábena	0	0
2016	22130	Jaca	0	0
2016	22131	Jasa	0	0
2016	22133	Labuerda	0	0
2016	22135	Laluenga	0	0
2016	22136	Lalueza	0	0
2016	22137	Lanaja	1	0,01
2016	22139	Laperdiguera	0	0
2016	22141	Lascellas-Ponzano	0	0
2016	22142	Lascuarre	0	0
2016	22143	Laspaúles	0	0
2016	22144	Laspuña	1	0,01
2016	22149	Loarre	0	0
2016	22150	Loporzano	3	1,41
2016	22151	Loscorrales	0	0
2016	22155	Monesma y Cajigar	0	0
2016	22156	Monflorite-Lascasas	0	0
2016	22157	Montanuy	1	0,05
2016	22158	Monzón	4	0,34
2016	22160	Naval	0	0
2016	22162	Novales	1	3,5
2016	22163	Nueno	0	0
2016	22164	Olvena	0	0
2016	22165	Ontiñena	0	0
2016	22167	Osso de Cinca	1	0,24
2016	22168	Palo	0	0
2016	22170	Panticosa	1	0,01
2016	22172	Peñalba	1	0,17
2016	22173	Peñas de Riglos (Las)	1	0,01
2016	22174	Peralta de Alcofea	2	3,89
2016	22175	Peralta de Calasanz	0	0
2016	22176	Peraltilla	0	0
2016	22177	Perarrúa	0	0
2016	22178	Pertusa	1	1,25
2016	22181	Piracés	0	0
2016	22182	Plan	0	0
2016	22184	Poleñino	0	0
2016	22186	Pozán de Vero	0	0
2016	22187	Puebla de Castro (La)	0	0
2016	22188	Puente de Montañana	0	0
2016	22189	Puértolas	0	0
2016	22190	Pueyo de Araguás (El)	1	0,01
2016	22193	Pueyo de Santa Cruz	0	0
2016	22195	Quicena	0	0
2016	22197	Robres	1	0,15
2016	22199	Sabiñánigo	2	0,02
2016	22200	Sahún	1	0,01
2016	22201	Salas Altas	0	0
2016	22202	Salas Bajas	1	0,2
2016	22203	Salillas	0	0
2016	22204	Sallent de Gállego	0	0
2016	22205	San Esteban de Litera	0	0
2016	22206	Sangarrén	0	0
2016	22207	San Juan de Plan	0	0
2016	22208	Santa Cilia	0	0
2016	22209	Santa Cruz de la Serós	1	135,08
2016	22212	Santaliestra y San Quílez	0	0
2016	22213	Sariñena	3	1,76
2016	22214	Secastilla	0	0
2016	22215	Seira	0	0
2016	22217	Sena	0	0
2016	22218	Senés de Alcubierre	0	0
2016	22220	Sesa	0	0
2016	22221	Sesué	0	0
2016	22222	Siétamo	0	0
2016	22223	Sopeira	0	0
2016	22225	Tamarite de Litera	2	0,74
2016	22226	Tardienta	0	0
2016	22227	Tella-Sin	0	0
2016	22228	Tierz	0	0
2016	22229	Tolva	2	10,04
2016	22230	Torla-Ordesa	0	0
2016	22232	Torralba de Aragón	0	0
2016	22233	Torre la Ribera	1	5,02
2016	22234	Torrente de Cinca	2	0,75
2016	22235	Torres de Alcanadre	0	0
2016	22236	Torres de Barbués	0	0
2016	22239	Tramaced	0	0
2016	22242	Valfarta	0	0
2016	22243	Valle de Bardají	0	0
2016	22244	Valle de Lierp	0	0
2016	22245	Velilla de Cinca	2	8,83
2016	22246	Beranuy	0	0
2016	22247	Viacamp y Litera	0	0
2016	22248	Vicién	0	0
2016	22249	Villanova	0	0
2016	22250	Villanúa	0	0
2016	22251	Villanueva de Sigena	0	0
2016	22252	Yebra de Basa	0	0
2016	22253	Yésero	0	0
2016	22254	Zaidín	1	0,5
2016	22901	Valle de Hecho	0	0
2016	22902	Puente la Reina de Jaca	0	0
2016	22903	San Miguel del Cinca	1	0,07
2016	22904	Sotonera (La)	2	6
2016	22905	Lupiñén-Ortilla	1	1,5
2016	22906	Santa María de Dulcis	0	0
2016	22907	Aínsa-Sobrarbe	1	0,01
2016	22908	Hoz y Costeán	0	0
2016	22909	Vencillón	0	0
2016	44001	Ababuj	0	0
2016	44002	Abejuela	1	0,45
2016	44003	Aguatón	0	0
2016	44004	Aguaviva	1	0,02
2016	44005	Aguilar del Alfambra	1	2,16
2016	44006	Alacón	1	4
2016	44007	Alba	0	0
2016	44008	Albalate del Arzobispo	1	0,31
2016	44009	Albarracín	0	0
2016	44010	Albentosa	3	0,45
2016	44011	Alcaine	0	0
2016	44012	Alcalá de la Selva	0	0
2016	44013	Alcañiz	4	16,88
2016	44014	Alcorisa	2	0,31
2016	44016	Alfambra	0	0
2016	44017	Aliaga	1	0,05
2016	44018	Almohaja	0	0
2016	44019	Alobras	0	0
2016	44020	Alpeñés	0	0
2016	44021	Allepuz	1	0,01
2016	44022	Alloza	1	0,01
2016	44023	Allueva	0	0
2016	44024	Anadón	0	0
2016	44025	Andorra	1	3,3
2016	44026	Arcos de las Salinas	0	0
2016	44027	Arens de Lledó	6	4,04
2016	44028	Argente	0	0
2016	44029	Ariño	1	1,8
2016	44031	Azaila	0	0
2016	44032	Bádenas	0	0
2016	44033	Báguena	1	2,09
2016	44034	Bañón	0	0
2016	44035	Barrachina	0	0
2016	44036	Bea	0	0
2016	44037	Beceite	1	0,01
2016	44038	Belmonte de San José	1	2,2
2016	44039	Bello	0	0
2016	44040	Berge	0	0
2016	44041	Bezas	0	0
2016	44042	Blancas	0	0
2016	44043	Blesa	0	0
2016	44044	Bordón	0	0
2016	44045	Bronchales	0	0
2016	44046	Bueña	0	0
2016	44047	Burbáguena	0	0
2016	44048	Cabra de Mora	0	0
2016	44049	Calaceite	0	0
2016	44050	Calamocha	1	1
2016	44051	Calanda	2	0,32
2016	44052	Calomarde	1	0,01
2016	44053	Camañas	0	0
2016	44054	Camarena de la Sierra	0	0
2016	44055	Camarillas	0	0
2016	44056	Caminreal	0	0
2016	44059	Cantavieja	0	0
2016	44060	Cañada de Benatanduz	0	0
2016	44061	Cañada de Verich (La)	0	0
2016	44062	Cañada Vellida	0	0
2016	44063	Cañizar del Olivar	0	0
2016	44064	Cascante del Río	0	0
2016	44065	Castejón de Tornos	0	0
2016	44066	Castel de Cabra	0	0
2016	44067	Castelnou	1	0,08
2016	44068	Castelserás	1	0,5
2016	44070	Castellar (El)	0	0
2016	44071	Castellote	0	0
2016	44074	Cedrillas	0	0
2016	44075	Celadas	0	0
2016	44076	Cella	2	18,45
2016	44077	Cerollera (La)	0	0
2016	44080	Codoñera (La)	1	0,3
2016	44082	Corbalán	0	0
2016	44084	Cortes de Aragón	0	0
2016	44085	Cosa	0	0
2016	44086	Cretas	0	0
2016	44087	Crivillén	0	0
2016	44088	Cuba (La)	0	0
2016	44089	Cubla	0	0
2016	44090	Cucalón	0	0
2016	44092	Cuervo (El)	0	0
2016	44093	Cuevas de Almudén	0	0
2016	44094	Cuevas Labradas	0	0
2016	44096	Ejulve	4	121,07
2016	44097	Escorihuela	0	0
2016	44099	Escucha	0	0
2016	44100	Estercuel	0	0
2016	44101	Ferreruela de Huerva	1	1,52
2016	44102	Fonfría	0	0
2016	44103	Formiche Alto	0	0
2016	44105	Fórnoles	1	0,01
2016	44106	Fortanete	1	0,01
2016	44107	Foz-Calanda	3	0,17
2016	44108	Fresneda (La)	1	0,02
2016	44109	Frías de Albarracín	0	0
2016	44110	Fuenferrada	0	0
2016	44111	Fuentes Calientes	0	0
2016	44112	Fuentes Claras	0	0
2016	44113	Fuentes de Rubielos	1	0,01
2016	44114	Fuentespalda	0	0
2016	44115	Galve	0	0
2016	44116	Gargallo	1	0,01
2016	44117	Gea de Albarracín	1	0,01
2016	44118	Ginebrosa (La)	2	0,07
2016	44119	Griegos	0	0
2016	44120	Guadalaviar	0	0
2016	44121	Gúdar	0	0
2016	44122	Híjar	2	0,71
2016	44123	Hinojosa de Jarque	0	0
2016	44124	Hoz de la Vieja (La)	0	0
2016	44125	Huesa del Común	0	0
2016	44126	Iglesuela del Cid (La)	0	0
2016	44127	Jabaloyas	0	0
2016	44128	Jarque de la Val	0	0
2016	44129	Jatiel	1	0,11
2016	44130	Jorcas	0	0
2016	44131	Josa	0	0
2016	44132	Lagueruela	0	0
2016	44133	Lanzuela	0	0
2016	44135	Libros	0	0
2016	44136	Lidón	0	0
2016	44137	Linares de Mora	0	0
2016	44138	Loscos	0	0
2016	44141	Lledó	0	0
2016	44142	Maicas	0	0
2016	44143	Manzanera	2	0,07
2016	44144	Martín del Río	1	0,13
2016	44145	Mas de las Matas	0	0
2016	44146	Mata de los Olmos (La)	0	0
2016	44147	Mazaleón	0	0
2016	44148	Mezquita de Jarque	0	0
2016	44149	Mirambel	0	0
2016	44150	Miravete de la Sierra	0	0
2016	44151	Molinos	1	0,01
2016	44152	Monforte de Moyuela	0	0
2016	44153	Monreal del Campo	0	0
2016	44154	Monroyo	0	0
2016	44155	Montalbán	2	0,02
2016	44156	Monteagudo del Castillo	0	0
2016	44157	Monterde de Albarracín	0	0
2016	44158	Mora de Rubielos	0	0
2016	44159	Moscardón	0	0
2016	44160	Mosqueruela	4	0,1
2016	44161	Muniesa	0	0
2016	44163	Noguera de Albarracín	0	0
2016	44164	Nogueras	0	0
2016	44165	Nogueruelas	0	0
2016	44167	Obón	1	0,83
2016	44168	Odón	0	0
2016	44169	Ojos Negros	0	0
2016	44171	Olba	1	0,01
2016	44172	Oliete	1	18,8
2016	44173	Olmos (Los)	0	0
2016	44174	Orihuela del Tremedal	0	0
2016	44175	Orrios	0	0
2016	44176	Palomar de Arroyos	0	0
2016	44177	Pancrudo	1	3,22
2016	44178	Parras de Castellote (Las)	0	0
2016	44179	Peñarroya de Tastavins	2	0,51
2016	44180	Peracense	0	0
2016	44181	Peralejos	0	0
2016	44182	Perales del Alfambra	0	0
2016	44183	Pitarque	0	0
2016	44184	Plou	0	0
2016	44185	Pobo (El)	0	0
2016	44187	Portellada (La)	1	0,3
2016	44189	Pozondón	0	0
2016	44190	Pozuel del Campo	0	0
2016	44191	Puebla de Híjar (La)	2	1,79
2016	44192	Puebla de Valverde (La)	0	0
2016	44193	Puertomingalvo	1	0,01
2016	44194	Ráfales	0	0
2016	44195	Rillo	0	0
2016	44196	Riodeva	0	0
2016	44197	Ródenas	0	0
2016	44198	Royuela	0	0
2016	44199	Rubiales	1	0,4
2016	44200	Rubielos de la Cérida	0	0
2016	44201	Rubielos de Mora	2	0,02
2016	44203	Salcedillo	0	0
2016	44204	Saldón	0	0
2016	44205	Samper de Calanda	6	6,05
2016	44206	San Agustín	1	0,03
2016	44207	San Martín del Río	1	1,38
2016	44208	Santa Cruz de Nogueras	0	0
2016	44209	Santa Eulalia	0	0
2016	44210	Sarrión	0	0
2016	44211	Segura de los Baños	1	3,06
2016	44212	Seno	0	0
2016	44213	Singra	0	0
2016	44215	Terriente	0	0
2016	44216	Teruel	1	0,08
2016	44217	Toril y Masegoso	0	0
2016	44218	Tormón	1	0,02
2016	44219	Tornos	0	0
2016	44220	Torralba de los Sisones	0	0
2016	44221	Torrecilla de Alcañiz	0	0
2016	44222	Torrecilla del Rebollar	0	0
2016	44223	Torre de Arcas	0	0
2016	44224	Torre de las Arcas	0	0
2016	44225	Torre del Compte	0	0
2016	44226	Torrelacárcel	0	0
2016	44227	Torre los Negros	0	0
2016	44228	Torremocha de Jiloca	0	0
2016	44229	Torres de Albarracín	0	0
2016	44230	Torrevelilla	0	0
2016	44231	Torrijas	0	0
2016	44232	Torrijo del Campo	0	0
2016	44234	Tramacastiel	0	0
2016	44235	Tramacastilla	0	0
2016	44236	Tronchón	0	0
2016	44237	Urrea de Gaén	1	0,05
2016	44238	Utrillas	0	0
2016	44239	Valacloche	0	0
2016	44240	Valbona	0	0
2016	44241	Valdealgorfa	1	0,09
2016	44243	Valdecuenca	0	0
2016	44244	Valdelinares	0	0
2016	44245	Valdeltormo	0	0
2016	44246	Valderrobres	0	0
2016	44247	Valjunquera	1	0,01
2016	44249	Vallecillo (El)	0	0
2016	44250	Veguillas de la Sierra	0	0
2016	44251	Villafranca del Campo	0	0
2016	44252	Villahermosa del Campo	0	0
2016	44256	Villanueva del Rebollar de la Sierra	0	0
2016	44257	Villar del Cobo	0	0
2016	44258	Villar del Salz	1	0,01
2016	44260	Villarluengo	0	0
2016	44261	Villarquemado	1	6,38
2016	44262	Villarroya de los Pinares	0	0
2016	44263	Villastar	0	0
2016	44264	Villel	0	0
2016	44265	Vinaceite	0	0
2016	44266	Visiedo	0	0
2016	44267	Vivel del Río Martín	0	0
2016	44268	Zoma (La)	0	0
2016	50001	Abanto	0	0
2016	50002	Acered	0	0
2016	50003	Agón	0	0
2016	50004	Aguarón	0	0
2016	50005	Aguilón	0	0
2016	50006	Ainzón	0	0
2016	50007	Aladrén	0	0
2016	50008	Alagón	2	0,29
2016	50009	Alarba	0	0
2016	50010	Alberite de San Juan	1	0,01
2016	50011	Albeta	0	0
2016	50012	Alborge	0	0
2016	50013	Alcalá de Ebro	0	0
2016	50014	Alcalá de Moncayo	1	2,86
2016	50015	Alconchel de Ariza	0	0
2016	50016	Aldehuela de Liestos	0	0
2016	50017	Alfajarín	6	9,73
2016	50018	Alfamén	0	0
2016	50019	Alforque	0	0
2016	50020	Alhama de Aragón	1	0,64
2016	50021	Almochuel	0	0
2016	50022	Almolda (La)	1	0,1
2016	50023	Almonacid de la Cuba	1	1,74
2016	50024	Almonacid de la Sierra	0	0
2016	50025	Almunia de Doña Godina (La)	0	0
2016	50026	Alpartir	0	0
2016	50027	Ambel	0	0
2016	50028	Anento	0	0
2016	50029	Aniñón	0	0
2016	50030	Añón de Moncayo	0	0
2016	50031	Aranda de Moncayo	0	0
2016	50032	Arándiga	0	0
2016	50033	Ardisa	0	0
2016	50034	Ariza	2	0,32
2016	50035	Artieda	0	0
2016	50036	Asín	0	0
2016	50037	Atea	0	0
2016	50038	Ateca	0	0
2016	50039	Azuara	3	43,79
2016	50040	Badules	0	0
2016	50041	Bagüés	0	0
2016	50042	Balconchán	0	0
2016	50043	Bárboles	0	0
2016	50044	Bardallur	2	0,35
2016	50045	Belchite	5	17,84
2016	50046	Belmonte de Gracián	1	2,61
2016	50047	Berdejo	0	0
2016	50048	Berrueco	0	0
2016	50050	Bijuesca	0	0
2016	50051	Biota	0	0
2016	50052	Bisimbre	0	0
2016	50053	Boquiñeni	0	0
2016	50054	Bordalba	0	0
2016	50055	Borja	0	0
2016	50056	Botorrita	0	0
2016	50057	Brea de Aragón	0	0
2016	50058	Bubierca	2	0,49
2016	50059	Bujaraloz	0	0
2016	50060	Bulbuente	1	0,02
2016	50061	Bureta	0	0
2016	50062	Burgo de Ebro (El)	0	0
2016	50063	Buste (El)	0	0
2016	50064	Cabañas de Ebro	0	0
2016	50065	Cabolafuente	0	0
2016	50066	Cadrete	0	0
2016	50067	Calatayud	6	1,65
2016	50068	Calatorao	0	0
2016	50069	Calcena	0	0
2016	50070	Calmarza	0	0
2016	50071	Campillo de Aragón	0	0
2016	50072	Carenas	2	1,34
2016	50073	Cariñena	0	0
2016	50074	Caspe	8	3,57
2016	50075	Castejón de Alarba	0	0
2016	50076	Castejón de las Armas	3	0,56
2016	50077	Castejón de Valdejasa	0	0
2016	50078	Castiliscar	0	0
2016	50079	Cervera de la Cañada	0	0
2016	50080	Cerveruela	0	0
2016	50081	Cetina	0	0
2016	50082	Cimballa	1	0,2
2016	50083	Cinco Olivas	0	0
2016	50084	Clarés de Ribota	0	0
2016	50085	Codo	1	1,44
2016	50086	Codos	0	0
2016	50087	Contamina	1	4,55
2016	50088	Cosuenda	0	0
2016	50089	Cuarte de Huerva	1	0,12
2016	50090	Cubel	0	0
2016	50091	Cuerlas (Las)	0	0
2016	50092	Chiprana	1	0,1
2016	50093	Chodes	0	0
2016	50094	Daroca	1	0,02
2016	50095	Ejea de los Caballeros	2	0,08
2016	50096	Embid de Ariza	0	0
2016	50098	Encinacorba	0	0
2016	50099	Épila	0	0
2016	50100	Erla	0	0
2016	50101	Escatrón	3	0,37
2016	50102	Fabara	2	1,52
2016	50104	Farlete	0	0
2016	50105	Fayón	1	0,01
2016	50106	Fayos (Los)	0	0
2016	50107	Figueruelas	0	0
2016	50108	Fombuena	0	0
2016	50109	Frago (El)	0	0
2016	50110	Frasno (El)	0	0
2016	50111	Fréscano	3	0,38
2016	50113	Fuendejalón	0	0
2016	50114	Fuendetodos	0	0
2016	50115	Fuentes de Ebro	0	0
2016	50116	Fuentes de Jiloca	0	0
2016	50117	Gallocanta	0	0
2016	50118	Gallur	0	0
2016	50119	Gelsa	0	0
2016	50120	Godojos	0	0
2016	50121	Gotor	0	0
2016	50122	Grisel	0	0
2016	50123	Grisén	0	0
2016	50124	Herrera de los Navarros	0	0
2016	50125	Ibdes	3	8,59
2016	50126	Illueca	2	2,76
2016	50128	Isuerre	0	0
2016	50129	Jaraba	0	0
2016	50130	Jarque de Moncayo	0	0
2016	50131	Jaulín	0	0
2016	50132	Joyosa (La)	0	0
2016	50133	Lagata	0	0
2016	50134	Langa del Castillo	0	0
2016	50135	Layana	0	0
2016	50136	Lécera	0	0
2016	50137	Leciñena	0	0
2016	50138	Lechón	0	0
2016	50139	Letux	1	2,62
2016	50140	Litago	0	0
2016	50141	Lituénigo	0	0
2016	50142	Lobera de Onsella	0	0
2016	50143	Longares	0	0
2016	50144	Longás	0	0
2016	50146	Lucena de Jalón	0	0
2016	50147	Luceni	0	0
2016	50148	Luesia	0	0
2016	50149	Luesma	0	0
2016	50150	Lumpiaque	0	0
2016	50151	Luna	2	0,42
2016	50152	Maella	0	0
2016	50153	Magallón	0	0
2016	50154	Mainar	0	0
2016	50155	Malanquilla	0	0
2016	50156	Maleján	0	0
2016	50157	Malón	0	0
2016	50159	Maluenda	0	0
2016	50160	Mallén	2	0,12
2016	50161	Manchones	0	0
2016	50162	Mara	1	0,1
2016	50163	María de Huerva	0	0
2016	50164	Mediana de Aragón	0	0
2016	50165	Mequinenza	0	0
2016	50166	Mesones de Isuela	0	0
2016	50167	Mezalocha	0	0
2016	50168	Mianos	0	0
2016	50169	Miedes de Aragón	1	0,47
2016	50170	Monegrillo	0	0
2016	50171	Moneva	1	0,07
2016	50172	Monreal de Ariza	0	0
2016	50173	Monterde	0	0
2016	50174	Montón	1	0,01
2016	50175	Morata de Jalón	0	0
2016	50176	Morata de Jiloca	0	0
2016	50177	Morés	0	0
2016	50178	Moros	1	0,04
2016	50179	Moyuela	0	0
2016	50180	Mozota	0	0
2016	50181	Muel	0	0
2016	50182	Muela (La)	0	0
2016	50183	Munébrega	0	0
2016	50184	Murero	0	0
2016	50185	Murillo de Gállego	0	0
2016	50186	Navardún	0	0
2016	50187	Nigüella	0	0
2016	50188	Nombrevilla	0	0
2016	50189	Nonaspe	0	0
2016	50190	Novallas	1	0,19
2016	50191	Novillas	4	8,44
2016	50192	Nuévalos	1	8,27
2016	50193	Nuez de Ebro	0	0
2016	50194	Olvés	0	0
2016	50195	Orcajo	0	0
2016	50196	Orera	0	0
2016	50197	Orés	0	0
2016	50198	Oseja	0	0
2016	50199	Osera de Ebro	1	0,07
2016	50200	Paniza	1	0,24
2016	50201	Paracuellos de Jiloca	0	0
2016	50202	Paracuellos de la Ribera	2	0,23
2016	50203	Pastriz	3	0,82
2016	50204	Pedrola	0	0
2016	50205	Pedrosas (Las)	1	1,86
2016	50206	Perdiguera	0	0
2016	50207	Piedratajada	0	0
2016	50208	Pina de Ebro	0	0
2016	50209	Pinseque	0	0
2016	50210	Pintanos (Los)	0	0
2016	50211	Plasencia de Jalón	1	2,08
2016	50212	Pleitas	0	0
2016	50213	Plenas	0	0
2016	50214	Pomer	0	0
2016	50215	Pozuel de Ariza	0	0
2016	50216	Pozuelo de Aragón	0	0
2016	50217	Pradilla de Ebro	0	0
2016	50218	Puebla de Albortón	1	4,56
2016	50219	Puebla de Alfindén (La)	0	0
2016	50220	Puendeluna	0	0
2016	50221	Purujosa	0	0
2016	50222	Quinto	1	0,18
2016	50223	Remolinos	0	0
2016	50224	Retascón	0	0
2016	50225	Ricla	2	0,22
2016	50227	Romanos	0	0
2016	50228	Rueda de Jalón	0	0
2016	50229	Ruesca	0	0
2016	50230	Sádaba	0	0
2016	50231	Salillas de Jalón	0	0
2016	50232	Salvatierra de Esca	0	0
2016	50233	Samper del Salz	0	0
2016	50234	San Martín de la Virgen de Moncayo	0	0
2016	50235	San Mateo de Gállego	0	0
2016	50236	Santa Cruz de Grío	0	0
2016	50237	Santa Cruz de Moncayo	0	0
2016	50238	Santa Eulalia de Gállego	0	0
2016	50239	Santed	0	0
2016	50240	Sástago	1	0,4
2016	50241	Saviñán	0	0
2016	50242	Sediles	0	0
2016	50243	Sestrica	1	0,13
2016	50244	Sierra de Luna	0	0
2016	50245	Sigüés	0	0
2016	50246	Sisamón	0	0
2016	50247	Sobradiel	0	0
2016	50248	Sos del Rey Católico	1	0,23
2016	50249	Tabuenca	0	0
2016	50250	Talamantes	0	0
2016	50251	Tarazona	3	7,42
2016	50252	Tauste	0	0
2016	50253	Terrer	0	0
2016	50254	Tierga	0	0
2016	50255	Tobed	0	0
2016	50256	Torralba de los Frailes	0	0
2016	50257	Torralba de Ribota	0	0
2016	50258	Torralbilla	0	0
2016	50259	Torrehermosa	0	0
2016	50260	Torrelapaja	0	0
2016	50261	Torrellas	0	0
2016	50262	Torres de Berrellén	0	0
2016	50263	Torrijo de la Cañada	0	0
2016	50264	Tosos	3	0,22
2016	50265	Trasmoz	0	0
2016	50266	Trasobares	0	0
2016	50267	Uncastillo	1	0,01
2016	50268	Undués de Lerda	1	0,05
2016	50269	Urrea de Jalón	0	0
2016	50270	Urriés	1	0,01
2016	50271	Used	0	0
2016	50272	Utebo	0	0
2016	50273	Valdehorna	0	0
2016	50274	Val de San Martín	0	0
2016	50275	Valmadrid	0	0
2016	50276	Valpalmas	0	0
2016	50277	Valtorres	1	1,9
2016	50278	Velilla de Ebro	0	0
2016	50279	Velilla de Jiloca	2	4,1
2016	50280	Vera de Moncayo	1	0,22
2016	50281	Vierlas	0	0
2016	50282	Vilueña (La)	0	0
2016	50283	Villadoz	0	0
2016	50284	Villafeliche	0	0
2016	50285	Villafranca de Ebro	0	0
2016	50286	Villalba de Perejil	0	0
2016	50287	Villalengua	0	0
2016	50288	Villanueva de Gállego	0	0
2016	50289	Villanueva de Jiloca	0	0
2016	50290	Villanueva de Huerva	0	0
2016	50291	Villar de los Navarros	0	0
2016	50292	Villarreal de Huerva	1	2,67
2016	50293	Villarroya de la Sierra	1	2,94
2016	50294	Villarroya del Campo	0	0
2016	50295	Vistabella	0	0
2016	50296	Zaida (La)	0	0
2016	50297	Zaragoza	5	112,86
2016	50298	Zuera	3	1,86
2016	50901	Biel	0	0
2016	50902	Marracos	0	0
2016	50903	Villamayor de Gállego	0	0
2017	22001	Abiego	0	0
2017	22002	Abizanda	0	0
2017	22003	Adahuesca	0	0
2017	22004	Agüero	2	0,17
2017	22006	Aísa	0	0
2017	22007	Albalate de Cinca	1	0,01
2017	22008	Albalatillo	0	0
2017	22009	Albelda	1	1,47
2017	22011	Albero Alto	1	0,16
2017	22012	Albero Bajo	0	0
2017	22013	Alberuela de Tubo	0	0
2017	22014	Alcalá de Gurrea	2	0,49
2017	22015	Alcalá del Obispo	2	3,37
2017	22016	Alcampell	0	0
2017	22017	Alcolea de Cinca	2	2,06
2017	22018	Alcubierre	0	0
2017	22019	Alerre	0	0
2017	22020	Alfántega	0	0
2017	22021	Almudévar	1	2,81
2017	22022	Almunia de San Juan	1	0,01
2017	22023	Almuniente	2	0,26
2017	22024	Alquézar	0	0
2017	22025	Altorricón	0	0
2017	22027	Angüés	0	0
2017	22028	Ansó	0	0
2017	22029	Antillón	0	0
2017	22032	Aragüés del Puerto	0	0
2017	22035	Arén	1	0,02
2017	22036	Argavieso	0	0
2017	22037	Arguis	1	7,49
2017	22039	Ayerbe	0	0
2017	22040	Azanuy-Alins	0	0
2017	22041	Azara	0	0
2017	22042	Azlor	0	0
2017	22043	Baells	0	0
2017	22044	Bailo	0	0
2017	22045	Baldellou	0	0
2017	22046	Ballobar	0	0
2017	22047	Banastás	0	0
2017	22048	Barbastro	7	21,53
2017	22049	Barbués	0	0
2017	22050	Barbuñales	0	0
2017	22051	Bárcabo	0	0
2017	22052	Belver de Cinca	0	0
2017	22053	Benabarre	1	0,52
2017	22054	Benasque	0	0
2017	22055	Berbegal	0	0
2017	22057	Bielsa	0	0
2017	22058	Bierge	0	0
2017	22059	Biescas	2	1,02
2017	22060	Binaced	0	0
2017	22061	Binéfar	0	0
2017	22062	Bisaurri	0	0
2017	22063	Biscarrués	1	0,09
2017	22064	Blecua y Torres	0	0
2017	22066	Boltaña	0	0
2017	22067	Bonansa	0	0
2017	22068	Borau	0	0
2017	22069	Broto	0	0
2017	22072	Caldearenas	0	0
2017	22074	Campo	1	0,41
2017	22075	Camporrells	0	0
2017	22076	Canal de Berdún	1	0,09
2017	22077	Candasnos	0	0
2017	22078	Canfranc	0	0
2017	22079	Capdesaso	0	0
2017	22080	Capella	0	0
2017	22081	Casbas de Huesca	0	0
2017	22082	Castejón del Puente	0	0
2017	22083	Castejón de Monegros	0	0
2017	22084	Castejón de Sos	0	0
2017	22085	Castelflorite	0	0
2017	22086	Castiello de Jaca	0	0
2017	22087	Castigaleu	0	0
2017	22088	Castillazuelo	0	0
2017	22089	Castillonroy	2	1,49
2017	22090	Colungo	0	0
2017	22094	Chalamera	0	0
2017	22095	Chía	1	0,01
2017	22096	Chimillas	0	0
2017	22099	Esplús	0	0
2017	22102	Estada	0	0
2017	22103	Estadilla	1	0,01
2017	22105	Estopiñán del Castillo	0	0
2017	22106	Fago	0	0
2017	22107	Fanlo	2	70,21
2017	22109	Fiscal	0	0
2017	22110	Fonz	1	0,29
2017	22111	Foradada del Toscar	1	0,07
2017	22112	Fraga	5	2,29
2017	22113	Fueva (La)	2	0,05
2017	22114	Gistaín	0	0
2017	22115	Grado (El)	0	0
2017	22116	Grañén	1	0,23
2017	22117	Graus	3	40,02
2017	22119	Gurrea de Gállego	5	2,74
2017	22122	Hoz de Jaca	0	0
2017	22124	Huerto	0	0
2017	22125	Huesca	5	4,44
2017	22126	Ibieca	0	0
2017	22127	Igriés	1	0,16
2017	22128	Ilche	0	0
2017	22129	Isábena	0	0
2017	22130	Jaca	1	0,01
2017	22131	Jasa	0	0
2017	22133	Labuerda	0	0
2017	22135	Laluenga	0	0
2017	22136	Lalueza	0	0
2017	22137	Lanaja	0	0
2017	22139	Laperdiguera	0	0
2017	22141	Lascellas-Ponzano	0	0
2017	22142	Lascuarre	0	0
2017	22143	Laspaúles	0	0
2017	22144	Laspuña	2	0,02
2017	22149	Loarre	1	0,01
2017	22150	Loporzano	2	1,43
2017	22151	Loscorrales	0	0
2017	22155	Monesma y Cajigar	1	0,29
2017	22156	Monflorite-Lascasas	0	0
2017	22157	Montanuy	0	0
2017	22158	Monzón	5	2,78
2017	22160	Naval	0	0
2017	22162	Novales	0	0
2017	22163	Nueno	0	0
2017	22164	Olvena	0	0
2017	22165	Ontiñena	1	0,03
2017	22167	Osso de Cinca	1	0,15
2017	22168	Palo	0	0
2017	22170	Panticosa	0	0
2017	22172	Peñalba	0	0
2017	22173	Peñas de Riglos (Las)	4	15,07
2017	22174	Peralta de Alcofea	2	0,42
2017	22175	Peralta de Calasanz	0	0
2017	22176	Peraltilla	0	0
2017	22177	Perarrúa	0	0
2017	22178	Pertusa	0	0
2017	22181	Piracés	0	0
2017	22182	Plan	0	0
2017	22184	Poleñino	1	4,32
2017	22186	Pozán de Vero	0	0
2017	22187	Puebla de Castro (La)	0	0
2017	22188	Puente de Montañana	0	0
2017	22189	Puértolas	1	0,01
2017	22190	Pueyo de Araguás (El)	0	0
2017	22193	Pueyo de Santa Cruz	1	0,17
2017	22195	Quicena	0	0
2017	22197	Robres	0	0
2017	22199	Sabiñánigo	5	0,52
2017	22200	Sahún	0	0
2017	22201	Salas Altas	1	0,24
2017	22202	Salas Bajas	0	0
2017	22203	Salillas	0	0
2017	22204	Sallent de Gállego	1	0,1
2017	22205	San Esteban de Litera	0	0
2017	22206	Sangarrén	1	0,38
2017	22207	San Juan de Plan	0	0
2017	22208	Santa Cilia	0	0
2017	22209	Santa Cruz de la Serós	1	0,01
2017	22212	Santaliestra y San Quílez	1	1,83
2017	22213	Sariñena	2	3,32
2017	22214	Secastilla	0	0
2017	22215	Seira	0	0
2017	22217	Sena	1	0,33
2017	22218	Senés de Alcubierre	0	0
2017	22220	Sesa	0	0
2017	22221	Sesué	0	0
2017	22222	Siétamo	1	1,57
2017	22223	Sopeira	0	0
2017	22225	Tamarite de Litera	0	0
2017	22226	Tardienta	1	0,2
2017	22227	Tella-Sin	0	0
2017	22228	Tierz	0	0
2017	22229	Tolva	0	0
2017	22230	Torla-Ordesa	0	0
2017	22232	Torralba de Aragón	0	0
2017	22233	Torre la Ribera	2	148,73
2017	22234	Torrente de Cinca	2	0,23
2017	22235	Torres de Alcanadre	0	0
2017	22236	Torres de Barbués	0	0
2017	22239	Tramaced	0	0
2017	22242	Valfarta	0	0
2017	22243	Valle de Bardají	0	0
2017	22244	Valle de Lierp	0	0
2017	22245	Velilla de Cinca	0	0
2017	22246	Beranuy	1	0,01
2017	22247	Viacamp y Litera	0	0
2017	22248	Vicién	0	0
2017	22249	Villanova	0	0
2017	22250	Villanúa	0	0
2017	22251	Villanueva de Sigena	0	0
2017	22252	Yebra de Basa	0	0
2017	22253	Yésero	0	0
2017	22254	Zaidín	1	1,35
2017	22901	Valle de Hecho	0	0
2017	22902	Puente la Reina de Jaca	3	2,04
2017	22903	San Miguel del Cinca	1	0,09
2017	22904	Sotonera (La)	2	2,75
2017	22905	Lupiñén-Ortilla	0	0
2017	22906	Santa María de Dulcis	0	0
2017	22907	Aínsa-Sobrarbe	1	0,94
2017	22908	Hoz y Costeán	0	0
2017	22909	Vencillón	0	0
2017	44001	Ababuj	0	0
2017	44002	Abejuela	0	0
2017	44003	Aguatón	0	0
2017	44004	Aguaviva	0	0
2017	44005	Aguilar del Alfambra	1	0,01
2017	44006	Alacón	0	0
2017	44007	Alba	0	0
2017	44008	Albalate del Arzobispo	0	0
2017	44009	Albarracín	4	0,05
2017	44010	Albentosa	0	0
2017	44011	Alcaine	1	0,09
2017	44012	Alcalá de la Selva	0	0
2017	44013	Alcañiz	8	45,66
2017	44014	Alcorisa	1	0,26
2017	44016	Alfambra	0	0
2017	44017	Aliaga	1	0,01
2017	44018	Almohaja	0	0
2017	44019	Alobras	2	0,35
2017	44020	Alpeñés	0	0
2017	44021	Allepuz	0	0
2017	44022	Alloza	2	0,11
2017	44023	Allueva	0	0
2017	44024	Anadón	0	0
2017	44025	Andorra	0	0
2017	44026	Arcos de las Salinas	0	0
2017	44027	Arens de Lledó	2	6,44
2017	44028	Argente	0	0
2017	44029	Ariño	1	0,32
2017	44031	Azaila	0	0
2017	44032	Bádenas	0	0
2017	44033	Báguena	1	1,83
2017	44034	Bañón	0	0
2017	44035	Barrachina	1	0,21
2017	44036	Bea	0	0
2017	44037	Beceite	2	0,23
2017	44038	Belmonte de San José	1	0,02
2017	44039	Bello	0	0
2017	44040	Berge	0	0
2017	44041	Bezas	0	0
2017	44042	Blancas	0	0
2017	44043	Blesa	0	0
2017	44044	Bordón	0	0
2017	44045	Bronchales	1	44,41
2017	44046	Bueña	0	0
2017	44047	Burbáguena	1	0,2
2017	44048	Cabra de Mora	0	0
2017	44049	Calaceite	1	0,6
2017	44050	Calamocha	1	0,1
2017	44051	Calanda	1	0,88
2017	44052	Calomarde	0	0
2017	44053	Camañas	0	0
2017	44054	Camarena de la Sierra	1	0,01
2017	44055	Camarillas	0	0
2017	44056	Caminreal	0	0
2017	44059	Cantavieja	0	0
2017	44060	Cañada de Benatanduz	1	0,06
2017	44061	Cañada de Verich (La)	0	0
2017	44062	Cañada Vellida	0	0
2017	44063	Cañizar del Olivar	0	0
2017	44064	Cascante del Río	1	0,2
2017	44065	Castejón de Tornos	0	0
2017	44066	Castel de Cabra	0	0
2017	44067	Castelnou	1	1,09
2017	44068	Castelserás	1	0,09
2017	44070	Castellar (El)	1	0,01
2017	44071	Castellote	2	0,03
2017	44074	Cedrillas	0	0
2017	44075	Celadas	0	0
2017	44076	Cella	2	1,35
2017	44077	Cerollera (La)	0	0
2017	44080	Codoñera (La)	1	0,03
2017	44082	Corbalán	2	1,47
2017	44084	Cortes de Aragón	0	0
2017	44085	Cosa	1	0,01
2017	44086	Cretas	2	0,91
2017	44087	Crivillén	0	0
2017	44088	Cuba (La)	0	0
2017	44089	Cubla	1	0,07
2017	44090	Cucalón	0	0
2017	44092	Cuervo (El)	0	0
2017	44093	Cuevas de Almudén	0	0
2017	44094	Cuevas Labradas	0	0
2017	44096	Ejulve	3	0,08
2017	44097	Escorihuela	0	0
2017	44099	Escucha	0	0
2017	44100	Estercuel	1	0,01
2017	44101	Ferreruela de Huerva	0	0
2017	44102	Fonfría	0	0
2017	44103	Formiche Alto	0	0
2017	44105	Fórnoles	0	0
2017	44106	Fortanete	0	0
2017	44107	Foz-Calanda	1	0,01
2017	44108	Fresneda (La)	2	1,25
2017	44109	Frías de Albarracín	1	0,01
2017	44110	Fuenferrada	0	0
2017	44111	Fuentes Calientes	0	0
2017	44112	Fuentes Claras	0	0
2017	44113	Fuentes de Rubielos	0	0
2017	44114	Fuentespalda	3	0,04
2017	44115	Galve	0	0
2017	44116	Gargallo	0	0
2017	44117	Gea de Albarracín	0	0
2017	44118	Ginebrosa (La)	0	0
2017	44119	Griegos	1	0,15
2017	44120	Guadalaviar	0	0
2017	44121	Gúdar	1	0,02
2017	44122	Híjar	0	0
2017	44123	Hinojosa de Jarque	0	0
2017	44124	Hoz de la Vieja (La)	0	0
2017	44125	Huesa del Común	0	0
2017	44126	Iglesuela del Cid (La)	2	0,02
2017	44127	Jabaloyas	1	0,13
2017	44128	Jarque de la Val	0	0
2017	44129	Jatiel	0	0
2017	44130	Jorcas	0	0
2017	44131	Josa	0	0
2017	44132	Lagueruela	0	0
2017	44133	Lanzuela	0	0
2017	44135	Libros	0	0
2017	44136	Lidón	0	0
2017	44137	Linares de Mora	1	0,11
2017	44138	Loscos	1	0,59
2017	44141	Lledó	2	5,51
2017	44142	Maicas	0	0
2017	44143	Manzanera	1	0,01
2017	44144	Martín del Río	0	0
2017	44145	Mas de las Matas	1	0,02
2017	44146	Mata de los Olmos (La)	0	0
2017	44147	Mazaleón	1	0,5
2017	44148	Mezquita de Jarque	0	0
2017	44149	Mirambel	0	0
2017	44150	Miravete de la Sierra	0	0
2017	44151	Molinos	0	0
2017	44152	Monforte de Moyuela	0	0
2017	44153	Monreal del Campo	0	0
2017	44154	Monroyo	3	0,12
2017	44155	Montalbán	2	0,17
2017	44156	Monteagudo del Castillo	1	0,17
2017	44157	Monterde de Albarracín	0	0
2017	44158	Mora de Rubielos	1	0,01
2017	44159	Moscardón	0	0
2017	44160	Mosqueruela	4	0,15
2017	44161	Muniesa	1	1,2
2017	44163	Noguera de Albarracín	0	0
2017	44164	Nogueras	0	0
2017	44165	Nogueruelas	1	0,01
2017	44167	Obón	0	0
2017	44168	Odón	0	0
2017	44169	Ojos Negros	0	0
2017	44171	Olba	3	0,03
2017	44172	Oliete	1	0,03
2017	44173	Olmos (Los)	2	0,07
2017	44174	Orihuela del Tremedal	1	0,06
2017	44175	Orrios	0	0
2017	44176	Palomar de Arroyos	0	0
2017	44177	Pancrudo	0	0
2017	44178	Parras de Castellote (Las)	0	0
2017	44179	Peñarroya de Tastavins	1	0,1
2017	44180	Peracense	0	0
2017	44181	Peralejos	1	34,7
2017	44182	Perales del Alfambra	0	0
2017	44183	Pitarque	0	0
2017	44184	Plou	0	0
2017	44185	Pobo (El)	0	0
2017	44187	Portellada (La)	2	0,03
2017	44189	Pozondón	0	0
2017	44190	Pozuel del Campo	0	0
2017	44191	Puebla de Híjar (La)	1	0,11
2017	44192	Puebla de Valverde (La)	1	0,02
2017	44193	Puertomingalvo	0	0
2017	44194	Ráfales	1	0,04
2017	44195	Rillo	0	0
2017	44196	Riodeva	0	0
2017	44197	Ródenas	0	0
2017	44198	Royuela	1	1,2
2017	44199	Rubiales	0	0
2017	44200	Rubielos de la Cérida	1	0,33
2017	44201	Rubielos de Mora	0	0
2017	44203	Salcedillo	1	0,17
2017	44204	Saldón	0	0
2017	44205	Samper de Calanda	3	2,75
2017	44206	San Agustín	0	0
2017	44207	San Martín del Río	1	0,23
2017	44208	Santa Cruz de Nogueras	0	0
2017	44209	Santa Eulalia	0	0
2017	44210	Sarrión	0	0
2017	44211	Segura de los Baños	0	0
2017	44212	Seno	1	0,04
2017	44213	Singra	0	0
2017	44215	Terriente	0	0
2017	44216	Teruel	1	0,9
2017	44217	Toril y Masegoso	0	0
2017	44218	Tormón	0	0
2017	44219	Tornos	0	0
2017	44220	Torralba de los Sisones	0	0
2017	44221	Torrecilla de Alcañiz	1	0,34
2017	44222	Torrecilla del Rebollar	0	0
2017	44223	Torre de Arcas	0	0
2017	44224	Torre de las Arcas	0	0
2017	44225	Torre del Compte	0	0
2017	44226	Torrelacárcel	0	0
2017	44227	Torre los Negros	0	0
2017	44228	Torremocha de Jiloca	0	0
2017	44229	Torres de Albarracín	0	0
2017	44230	Torrevelilla	0	0
2017	44231	Torrijas	0	0
2017	44232	Torrijo del Campo	0	0
2017	44234	Tramacastiel	1	0,1
2017	44235	Tramacastilla	0	0
2017	44236	Tronchón	0	0
2017	44237	Urrea de Gaén	0	0
2017	44238	Utrillas	0	0
2017	44239	Valacloche	0	0
2017	44240	Valbona	1	0,01
2017	44241	Valdealgorfa	1	0,01
2017	44243	Valdecuenca	0	0
2017	44244	Valdelinares	0	0
2017	44245	Valdeltormo	0	0
2017	44246	Valderrobres	3	10,9
2017	44247	Valjunquera	0	0
2017	44249	Vallecillo (El)	1	0,01
2017	44250	Veguillas de la Sierra	0	0
2017	44251	Villafranca del Campo	0	0
2017	44252	Villahermosa del Campo	0	0
2017	44256	Villanueva del Rebollar de la Sierra	2	0,03
2017	44257	Villar del Cobo	0	0
2017	44258	Villar del Salz	0	0
2017	44260	Villarluengo	1	0,09
2017	44261	Villarquemado	1	7,4
2017	44262	Villarroya de los Pinares	0	0
2017	44263	Villastar	0	0
2017	44264	Villel	0	0
2017	44265	Vinaceite	0	0
2017	44266	Visiedo	0	0
2017	44267	Vivel del Río Martín	0	0
2017	44268	Zoma (La)	0	0
2017	50001	Abanto	0	0
2017	50002	Acered	0	0
2017	50003	Agón	2	3,09
2017	50004	Aguarón	0	0
2017	50005	Aguilón	0	0
2017	50006	Ainzón	1	0,03
2017	50007	Aladrén	0	0
2017	50008	Alagón	3	2,49
2017	50009	Alarba	0	0
2017	50010	Alberite de San Juan	2	0,52
2017	50011	Albeta	0	0
2017	50012	Alborge	0	0
2017	50013	Alcalá de Ebro	0	0
2017	50014	Alcalá de Moncayo	0	0
2017	50015	Alconchel de Ariza	0	0
2017	50016	Aldehuela de Liestos	0	0
2017	50017	Alfajarín	2	0,89
2017	50018	Alfamén	0	0
2017	50019	Alforque	0	0
2017	50020	Alhama de Aragón	1	1,01
2017	50021	Almochuel	0	0
2017	50022	Almolda (La)	0	0
2017	50023	Almonacid de la Cuba	0	0
2017	50024	Almonacid de la Sierra	1	0,37
2017	50025	Almunia de Doña Godina (La)	0	0
2017	50026	Alpartir	0	0
2017	50027	Ambel	2	1,62
2017	50028	Anento	0	0
2017	50029	Aniñón	1	0,1
2017	50030	Añón de Moncayo	1	0,04
2017	50031	Aranda de Moncayo	1	0,27
2017	50032	Arándiga	0	0
2017	50033	Ardisa	1	0,16
2017	50034	Ariza	3	1,08
2017	50035	Artieda	0	0
2017	50036	Asín	1	0,05
2017	50037	Atea	0	0
2017	50038	Ateca	2	1,86
2017	50039	Azuara	0	0
2017	50040	Badules	0	0
2017	50041	Bagüés	0	0
2017	50042	Balconchán	0	0
2017	50043	Bárboles	0	0
2017	50044	Bardallur	0	0
2017	50045	Belchite	3	6,03
2017	50046	Belmonte de Gracián	0	0
2017	50047	Berdejo	0	0
2017	50048	Berrueco	0	0
2017	50050	Bijuesca	0	0
2017	50051	Biota	0	0
2017	50052	Bisimbre	0	0
2017	50053	Boquiñeni	2	0,96
2017	50054	Bordalba	0	0
2017	50055	Borja	4	0,23
2017	50056	Botorrita	0	0
2017	50057	Brea de Aragón	2	0,06
2017	50058	Bubierca	0	0
2017	50059	Bujaraloz	0	0
2017	50060	Bulbuente	0	0
2017	50061	Bureta	0	0
2017	50062	Burgo de Ebro (El)	1	0,11
2017	50063	Buste (El)	0	0
2017	50064	Cabañas de Ebro	1	0,03
2017	50065	Cabolafuente	0	0
2017	50066	Cadrete	0	0
2017	50067	Calatayud	10	1,58
2017	50068	Calatorao	2	1,23
2017	50069	Calcena	0	0
2017	50070	Calmarza	0	0
2017	50071	Campillo de Aragón	0	0
2017	50072	Carenas	6	14,5
2017	50073	Cariñena	0	0
2017	50074	Caspe	9	7,49
2017	50075	Castejón de Alarba	0	0
2017	50076	Castejón de las Armas	2	2,82
2017	50077	Castejón de Valdejasa	1	0,14
2017	50078	Castiliscar	1	8,02
2017	50079	Cervera de la Cañada	1	0,35
2017	50080	Cerveruela	0	0
2017	50081	Cetina	1	3,1
2017	50082	Cimballa	0	0
2017	50083	Cinco Olivas	0	0
2017	50084	Clarés de Ribota	0	0
2017	50085	Codo	3	9,48
2017	50086	Codos	1	0,02
2017	50087	Contamina	0	0
2017	50088	Cosuenda	1	0,03
2017	50089	Cuarte de Huerva	1	0,72
2017	50090	Cubel	0	0
2017	50091	Cuerlas (Las)	0	0
2017	50092	Chiprana	2	22,54
2017	50093	Chodes	0	0
2017	50094	Daroca	1	2,27
2017	50095	Ejea de los Caballeros	7	4,23
2017	50096	Embid de Ariza	1	0,01
2017	50098	Encinacorba	3	0,8
2017	50099	Épila	0	0
2017	50100	Erla	0	0
2017	50101	Escatrón	2	0,82
2017	50102	Fabara	0	0
2017	50104	Farlete	0	0
2017	50105	Fayón	0	0
2017	50106	Fayos (Los)	0	0
2017	50107	Figueruelas	0	0
2017	50108	Fombuena	0	0
2017	50109	Frago (El)	1	0,01
2017	50110	Frasno (El)	0	0
2017	50111	Fréscano	2	3,89
2017	50113	Fuendejalón	0	0
2017	50114	Fuendetodos	0	0
2017	50115	Fuentes de Ebro	1	1,54
2017	50116	Fuentes de Jiloca	0	0
2017	50117	Gallocanta	0	0
2017	50118	Gallur	0	0
2017	50119	Gelsa	0	0
2017	50120	Godojos	0	0
2017	50121	Gotor	1	0,27
2017	50122	Grisel	1	10,19
2017	50123	Grisén	0	0
2017	50124	Herrera de los Navarros	0	0
2017	50125	Ibdes	8	5,89
2017	50126	Illueca	2	0,03
2017	50128	Isuerre	0	0
2017	50129	Jaraba	2	1,22
2017	50130	Jarque de Moncayo	0	0
2017	50131	Jaulín	0	0
2017	50132	Joyosa (La)	1	27,14
2017	50133	Lagata	0	0
2017	50134	Langa del Castillo	0	0
2017	50135	Layana	0	0
2017	50136	Lécera	0	0
2017	50137	Leciñena	1	1,32
2017	50138	Lechón	0	0
2017	50139	Letux	0	0
2017	50140	Litago	0	0
2017	50141	Lituénigo	0	0
2017	50142	Lobera de Onsella	0	0
2017	50143	Longares	0	0
2017	50144	Longás	0	0
2017	50146	Lucena de Jalón	0	0
2017	50147	Luceni	2	1,54
2017	50148	Luesia	1	1,32
2017	50149	Luesma	0	0
2017	50150	Lumpiaque	0	0
2017	50151	Luna	5	2,46
2017	50152	Maella	5	21,05
2017	50153	Magallón	2	0,32
2017	50154	Mainar	0	0
2017	50155	Malanquilla	0	0
2017	50156	Maleján	0	0
2017	50157	Malón	1	0,58
2017	50159	Maluenda	0	0
2017	50160	Mallén	6	1,44
2017	50161	Manchones	0	0
2017	50162	Mara	1	0,3
2017	50163	María de Huerva	2	0,27
2017	50164	Mediana de Aragón	1	0,06
2017	50165	Mequinenza	2	0,35
2017	50166	Mesones de Isuela	0	0
2017	50167	Mezalocha	0	0
2017	50168	Mianos	1	1,31
2017	50169	Miedes de Aragón	1	1,08
2017	50170	Monegrillo	0	0
2017	50171	Moneva	0	0
2017	50172	Monreal de Ariza	1	0,22
2017	50173	Monterde	0	0
2017	50174	Montón	0	0
2017	50175	Morata de Jalón	0	0
2017	50176	Morata de Jiloca	1	0,71
2017	50177	Morés	2	4,58
2017	50178	Moros	0	0
2017	50179	Moyuela	0	0
2017	50180	Mozota	1	2,83
2017	50181	Muel	1	0,76
2017	50182	Muela (La)	0	0
2017	50183	Munébrega	1	0,03
2017	50184	Murero	0	0
2017	50185	Murillo de Gállego	3	1,76
2017	50186	Navardún	0	0
2017	50187	Nigüella	0	0
2017	50188	Nombrevilla	0	0
2017	50189	Nonaspe	2	0,47
2017	50190	Novallas	0	0
2017	50191	Novillas	5	7,76
2017	50192	Nuévalos	2	2,75
2017	50193	Nuez de Ebro	0	0
2017	50194	Olvés	0	0
2017	50195	Orcajo	1	0,91
2017	50196	Orera	0	0
2017	50197	Orés	0	0
2017	50198	Oseja	0	0
2017	50199	Osera de Ebro	2	0,69
2017	50200	Paniza	0	0
2017	50201	Paracuellos de Jiloca	0	0
2017	50202	Paracuellos de la Ribera	0	0
2017	50203	Pastriz	1	0,04
2017	50204	Pedrola	0	0
2017	50205	Pedrosas (Las)	0	0
2017	50206	Perdiguera	0	0
2017	50207	Piedratajada	0	0
2017	50208	Pina de Ebro	5	1,39
2017	50209	Pinseque	0	0
2017	50210	Pintanos (Los)	1	0,2
2017	50211	Plasencia de Jalón	0	0
2017	50212	Pleitas	0	0
2017	50213	Plenas	0	0
2017	50214	Pomer	0	0
2017	50215	Pozuel de Ariza	0	0
2017	50216	Pozuelo de Aragón	0	0
2017	50217	Pradilla de Ebro	0	0
2017	50218	Puebla de Albortón	1	0,01
2017	50219	Puebla de Alfindén (La)	0	0
2017	50220	Puendeluna	0	0
2017	50221	Purujosa	0	0
2017	50222	Quinto	4	10,36
2017	50223	Remolinos	0	0
2017	50224	Retascón	0	0
2017	50225	Ricla	1	0,01
2017	50227	Romanos	0	0
2017	50228	Rueda de Jalón	0	0
2017	50229	Ruesca	0	0
2017	50230	Sádaba	3	0,72
2017	50231	Salillas de Jalón	0	0
2017	50232	Salvatierra de Esca	1	0,01
2017	50233	Samper del Salz	0	0
2017	50234	San Martín de la Virgen de Moncayo	0	0
2017	50235	San Mateo de Gállego	1	1,86
2017	50236	Santa Cruz de Grío	0	0
2017	50237	Santa Cruz de Moncayo	0	0
2017	50238	Santa Eulalia de Gállego	0	0
2017	50239	Santed	0	0
2017	50240	Sástago	2	1,11
2017	50241	Saviñán	0	0
2017	50242	Sediles	0	0
2017	50243	Sestrica	0	0
2017	50244	Sierra de Luna	0	0
2017	50245	Sigüés	1	0,09
2017	50246	Sisamón	0	0
2017	50247	Sobradiel	0	0
2017	50248	Sos del Rey Católico	3	12,15
2017	50249	Tabuenca	0	0
2017	50250	Talamantes	0	0
2017	50251	Tarazona	5	3,32
2017	50252	Tauste	0	0
2017	50253	Terrer	0	0
2017	50254	Tierga	0	0
2017	50255	Tobed	1	0,06
2017	50256	Torralba de los Frailes	0	0
2017	50257	Torralba de Ribota	0	0
2017	50258	Torralbilla	0	0
2017	50259	Torrehermosa	0	0
2017	50260	Torrelapaja	0	0
2017	50261	Torrellas	0	0
2017	50262	Torres de Berrellén	1	0,25
2017	50263	Torrijo de la Cañada	0	0
2017	50264	Tosos	0	0
2017	50265	Trasmoz	0	0
2017	50266	Trasobares	1	0,45
2017	50267	Uncastillo	3	0,89
2017	50268	Undués de Lerda	1	1,56
2017	50269	Urrea de Jalón	2	6,26
2017	50270	Urriés	1	0,89
2017	50271	Used	0	0
2017	50272	Utebo	0	0
2017	50273	Valdehorna	0	0
2017	50274	Val de San Martín	0	0
2017	50275	Valmadrid	0	0
2017	50276	Valpalmas	0	0
2017	50277	Valtorres	0	0
2017	50278	Velilla de Ebro	0	0
2017	50279	Velilla de Jiloca	0	0
2017	50280	Vera de Moncayo	0	0
2017	50281	Vierlas	0	0
2017	50282	Vilueña (La)	0	0
2017	50283	Villadoz	0	0
2017	50284	Villafeliche	1	0,01
2017	50285	Villafranca de Ebro	2	1,83
2017	50286	Villalba de Perejil	0	0
2017	50287	Villalengua	1	0,02
2017	50288	Villanueva de Gállego	0	0
2017	50289	Villanueva de Jiloca	1	14,13
2017	50290	Villanueva de Huerva	0	0
2017	50291	Villar de los Navarros	0	0
2017	50292	Villarreal de Huerva	0	0
2017	50293	Villarroya de la Sierra	3	2,31
2017	50294	Villarroya del Campo	0	0
2017	50295	Vistabella	0	0
2017	50296	Zaida (La)	1	0,06
2017	50297	Zaragoza	4	0,83
2017	50298	Zuera	11	5,73
2017	50901	Biel	0	0
2017	50902	Marracos	0	0
2017	50903	Villamayor de Gállego	0	0
2018	22001	Abiego	1	0,15
2018	22002	Abizanda	1	0,01
2018	22003	Adahuesca	0	0
2018	22004	Agüero	0	0
2018	22006	Aísa	0	0
2018	22007	Albalate de Cinca	1	0,08
2018	22008	Albalatillo	0	0
2018	22009	Albelda	0	0
2018	22011	Albero Alto	0	0
2018	22012	Albero Bajo	0	0
2018	22013	Alberuela de Tubo	0	0
2018	22014	Alcalá de Gurrea	0	0
2018	22015	Alcalá del Obispo	1	5
2018	22016	Alcampell	0	0
2018	22017	Alcolea de Cinca	2	3,11
2018	22018	Alcubierre	0	0
2018	22019	Alerre	0	0
2018	22020	Alfántega	0	0
2018	22021	Almudévar	0	0
2018	22022	Almunia de San Juan	0	0
2018	22023	Almuniente	1	0,84
2018	22024	Alquézar	0	0
2018	22025	Altorricón	0	0
2018	22027	Angüés	0	0
2018	22028	Ansó	1	0,22
2018	22029	Antillón	0	0
2018	22032	Aragüés del Puerto	0	0
2018	22035	Arén	0	0
2018	22036	Argavieso	0	0
2018	22037	Arguis	0	0
2018	22039	Ayerbe	0	0
2018	22040	Azanuy-Alins	0	0
2018	22041	Azara	0	0
2018	22042	Azlor	0	0
2018	22043	Baells	0	0
2018	22044	Bailo	1	0,01
2018	22045	Baldellou	0	0
2018	22046	Ballobar	0	0
2018	22047	Banastás	0	0
2018	22048	Barbastro	2	0,02
2018	22049	Barbués	1	19,4
2018	22050	Barbuñales	0	0
2018	22051	Bárcabo	0	0
2018	22052	Belver de Cinca	0	0
2018	22053	Benabarre	0	0
2018	22054	Benasque	0	0
2018	22055	Berbegal	0	0
2018	22057	Bielsa	1	0,01
2018	22058	Bierge	0	0
2018	22059	Biescas	1	0,01
2018	22060	Binaced	0	0
2018	22061	Binéfar	0	0
2018	22062	Bisaurri	0	0
2018	22063	Biscarrués	0	0
2018	22064	Blecua y Torres	0	0
2018	22066	Boltaña	1	0,01
2018	22067	Bonansa	0	0
2018	22068	Borau	0	0
2018	22069	Broto	1	0,3
2018	22072	Caldearenas	0	0
2018	22074	Campo	0	0
2018	22075	Camporrells	1	0,01
2018	22076	Canal de Berdún	0	0
2018	22077	Candasnos	1	1,67
2018	22078	Canfranc	1	0,01
2018	22079	Capdesaso	2	2,75
2018	22080	Capella	0	0
2018	22081	Casbas de Huesca	0	0
2018	22082	Castejón del Puente	0	0
2018	22083	Castejón de Monegros	0	0
2018	22084	Castejón de Sos	0	0
2018	22085	Castelflorite	0	0
2018	22086	Castiello de Jaca	0	0
2018	22087	Castigaleu	0	0
2018	22088	Castillazuelo	0	0
2018	22089	Castillonroy	0	0
2018	22090	Colungo	1	0,56
2018	22094	Chalamera	0	0
2018	22095	Chía	0	0
2018	22096	Chimillas	0	0
2018	22099	Esplús	0	0
2018	22102	Estada	0	0
2018	22103	Estadilla	0	0
2018	22105	Estopiñán del Castillo	0	0
2018	22106	Fago	0	0
2018	22107	Fanlo	0	0
2018	22109	Fiscal	0	0
2018	22110	Fonz	0	0
2018	22111	Foradada del Toscar	1	0,19
2018	22112	Fraga	1	0,01
2018	22113	Fueva (La)	0	0
2018	22114	Gistaín	0	0
2018	22115	Grado (El)	0	0
2018	22116	Grañén	2	1,44
2018	22117	Graus	3	6,11
2018	22119	Gurrea de Gállego	2	0,11
2018	22122	Hoz de Jaca	0	0
2018	22124	Huerto	0	0
2018	22125	Huesca	4	1,68
2018	22126	Ibieca	0	0
2018	22127	Igriés	0	0
2018	22128	Ilche	0	0
2018	22129	Isábena	0	0
2018	22130	Jaca	2	2,24
2018	22131	Jasa	0	0
2018	22133	Labuerda	0	0
2018	22135	Laluenga	0	0
2018	22136	Lalueza	1	2,12
2018	22137	Lanaja	1	0,15
2018	22139	Laperdiguera	0	0
2018	22141	Lascellas-Ponzano	0	0
2018	22142	Lascuarre	0	0
2018	22143	Laspaúles	0	0
2018	22144	Laspuña	0	0
2018	22149	Loarre	0	0
2018	22150	Loporzano	2	1,25
2018	22151	Loscorrales	0	0
2018	22155	Monesma y Cajigar	0	0
2018	22156	Monflorite-Lascasas	0	0
2018	22157	Montanuy	1	0,01
2018	22158	Monzón	3	0,57
2018	22160	Naval	0	0
2018	22162	Novales	0	0
2018	22163	Nueno	0	0
2018	22164	Olvena	0	0
2018	22165	Ontiñena	0	0
2018	22167	Osso de Cinca	0	0
2018	22168	Palo	0	0
2018	22170	Panticosa	0	0
2018	22172	Peñalba	1	0,42
2018	22173	Peñas de Riglos (Las)	0	0
2018	22174	Peralta de Alcofea	1	0,29
2018	22175	Peralta de Calasanz	0	0
2018	22176	Peraltilla	0	0
2018	22177	Perarrúa	0	0
2018	22178	Pertusa	0	0
2018	22181	Piracés	1	0,54
2018	22182	Plan	1	0,01
2018	22184	Poleñino	0	0
2018	22186	Pozán de Vero	1	0,01
2018	22187	Puebla de Castro (La)	0	0
2018	22188	Puente de Montañana	0	0
2018	22189	Puértolas	0	0
2018	22190	Pueyo de Araguás (El)	0	0
2018	22193	Pueyo de Santa Cruz	2	0,43
2018	22195	Quicena	1	0,58
2018	22197	Robres	2	4,34
2018	22199	Sabiñánigo	0	0
2018	22200	Sahún	0	0
2018	22201	Salas Altas	0	0
2018	22202	Salas Bajas	0	0
2018	22203	Salillas	0	0
2018	22204	Sallent de Gállego	1	0,05
2018	22205	San Esteban de Litera	0	0
2018	22206	Sangarrén	1	0,07
2018	22207	San Juan de Plan	0	0
2018	22208	Santa Cilia	0	0
2018	22209	Santa Cruz de la Serós	0	0
2018	22212	Santaliestra y San Quílez	0	0
2018	22213	Sariñena	1	0,7
2018	22214	Secastilla	0	0
2018	22215	Seira	0	0
2018	22217	Sena	1	0,06
2018	22218	Senés de Alcubierre	0	0
2018	22220	Sesa	0	0
2018	22221	Sesué	0	0
2018	22222	Siétamo	0	0
2018	22223	Sopeira	0	0
2018	22225	Tamarite de Litera	1	0,79
2018	22226	Tardienta	1	4
2018	22227	Tella-Sin	0	0
2018	22228	Tierz	3	5,74
2018	22229	Tolva	0	0
2018	22230	Torla-Ordesa	0	0
2018	22232	Torralba de Aragón	1	3,14
2018	22233	Torre la Ribera	0	0
2018	22234	Torrente de Cinca	0	0
2018	22235	Torres de Alcanadre	0	0
2018	22236	Torres de Barbués	0	0
2018	22239	Tramaced	0	0
2018	22242	Valfarta	0	0
2018	22243	Valle de Bardají	0	0
2018	22244	Valle de Lierp	0	0
2018	22245	Velilla de Cinca	0	0
2018	22246	Beranuy	0	0
2018	22247	Viacamp y Litera	0	0
2018	22248	Vicién	0	0
2018	22249	Villanova	0	0
2018	22250	Villanúa	1	0,01
2018	22251	Villanueva de Sigena	0	0
2018	22252	Yebra de Basa	0	0
2018	22253	Yésero	0	0
2018	22254	Zaidín	2	1,1
2018	22901	Valle de Hecho	0	0
2018	22902	Puente la Reina de Jaca	0	0
2018	22903	San Miguel del Cinca	0	0
2018	22904	Sotonera (La)	1	0,19
2018	22905	Lupiñén-Ortilla	1	0,48
2018	22906	Santa María de Dulcis	0	0
2018	22907	Aínsa-Sobrarbe	1	0,01
2018	22908	Hoz y Costeán	0	0
2018	22909	Vencillón	0	0
2018	44001	Ababuj	0	0
2018	44002	Abejuela	0	0
2018	44003	Aguatón	0	0
2018	44004	Aguaviva	0	0
2018	44005	Aguilar del Alfambra	0	0
2018	44006	Alacón	0	0
2018	44007	Alba	0	0
2018	44008	Albalate del Arzobispo	1	0,07
2018	44009	Albarracín	1	0,01
2018	44010	Albentosa	0	0
2018	44011	Alcaine	0	0
2018	44012	Alcalá de la Selva	0	0
2018	44013	Alcañiz	3	0,21
2018	44014	Alcorisa	0	0
2018	44016	Alfambra	0	0
2018	44017	Aliaga	0	0
2018	44018	Almohaja	0	0
2018	44019	Alobras	0	0
2018	44020	Alpeñés	0	0
2018	44021	Allepuz	0	0
2018	44022	Alloza	0	0
2018	44023	Allueva	0	0
2018	44024	Anadón	0	0
2018	44025	Andorra	1	0,01
2018	44026	Arcos de las Salinas	0	0
2018	44027	Arens de Lledó	0	0
2018	44028	Argente	0	0
2018	44029	Ariño	0	0
2018	44031	Azaila	0	0
2018	44032	Bádenas	0	0
2018	44033	Báguena	0	0
2018	44034	Bañón	0	0
2018	44035	Barrachina	2	0,56
2018	44036	Bea	0	0
2018	44037	Beceite	0	0
2018	44038	Belmonte de San José	0	0
2018	44039	Bello	0	0
2018	44040	Berge	0	0
2018	44041	Bezas	1	0,01
2018	44042	Blancas	0	0
2018	44043	Blesa	0	0
2018	44044	Bordón	0	0
2018	44045	Bronchales	0	0
2018	44046	Bueña	0	0
2018	44047	Burbáguena	0	0
2018	44048	Cabra de Mora	0	0
2018	44049	Calaceite	0	0
2018	44050	Calamocha	0	0
2018	44051	Calanda	0	0
2018	44052	Calomarde	0	0
2018	44053	Camañas	0	0
2018	44054	Camarena de la Sierra	1	0,01
2018	44055	Camarillas	0	0
2018	44056	Caminreal	0	0
2018	44059	Cantavieja	0	0
2018	44060	Cañada de Benatanduz	0	0
2018	44061	Cañada de Verich (La)	0	0
2018	44062	Cañada Vellida	0	0
2018	44063	Cañizar del Olivar	0	0
2018	44064	Cascante del Río	0	0
2018	44065	Castejón de Tornos	0	0
2018	44066	Castel de Cabra	2	2,4
2018	44067	Castelnou	0	0
2018	44068	Castelserás	0	0
2018	44070	Castellar (El)	0	0
2018	44071	Castellote	1	0,02
2018	44074	Cedrillas	0	0
2018	44075	Celadas	0	0
2018	44076	Cella	3	9,42
2018	44077	Cerollera (La)	1	0,01
2018	44080	Codoñera (La)	0	0
2018	44082	Corbalán	0	0
2018	44084	Cortes de Aragón	0	0
2018	44085	Cosa	0	0
2018	44086	Cretas	0	0
2018	44087	Crivillén	0	0
2018	44088	Cuba (La)	0	0
2018	44089	Cubla	0	0
2018	44090	Cucalón	0	0
2018	44092	Cuervo (El)	0	0
2018	44093	Cuevas de Almudén	0	0
2018	44094	Cuevas Labradas	0	0
2018	44096	Ejulve	1	0,01
2018	44097	Escorihuela	1	0,32
2018	44099	Escucha	0	0
2018	44100	Estercuel	1	0,02
2018	44101	Ferreruela de Huerva	0	0
2018	44102	Fonfría	0	0
2018	44103	Formiche Alto	0	0
2018	44105	Fórnoles	2	0,2
2018	44106	Fortanete	1	0,01
2018	44107	Foz-Calanda	0	0
2018	44108	Fresneda (La)	1	0,69
2018	44109	Frías de Albarracín	0	0
2018	44110	Fuenferrada	0	0
2018	44111	Fuentes Calientes	0	0
2018	44112	Fuentes Claras	1	1
2018	44113	Fuentes de Rubielos	0	0
2018	44114	Fuentespalda	0	0
2018	44115	Galve	0	0
2018	44116	Gargallo	0	0
2018	44117	Gea de Albarracín	1	0,01
2018	44118	Ginebrosa (La)	1	0,06
2018	44119	Griegos	0	0
2018	44120	Guadalaviar	0	0
2018	44121	Gúdar	0	0
2018	44122	Híjar	2	0,85
2018	44123	Hinojosa de Jarque	0	0
2018	44124	Hoz de la Vieja (La)	0	0
2018	44125	Huesa del Común	1	0,73
2018	44126	Iglesuela del Cid (La)	0	0
2018	44127	Jabaloyas	0	0
2018	44128	Jarque de la Val	0	0
2018	44129	Jatiel	0	0
2018	44130	Jorcas	0	0
2018	44131	Josa	0	0
2018	44132	Lagueruela	0	0
2018	44133	Lanzuela	0	0
2018	44135	Libros	1	0,19
2018	44136	Lidón	0	0
2018	44137	Linares de Mora	0	0
2018	44138	Loscos	0	0
2018	44141	Lledó	0	0
2018	44142	Maicas	0	0
2018	44143	Manzanera	0	0
2018	44144	Martín del Río	0	0
2018	44145	Mas de las Matas	0	0
2018	44146	Mata de los Olmos (La)	0	0
2018	44147	Mazaleón	0	0
2018	44148	Mezquita de Jarque	0	0
2018	44149	Mirambel	0	0
2018	44150	Miravete de la Sierra	0	0
2018	44151	Molinos	0	0
2018	44152	Monforte de Moyuela	0	0
2018	44153	Monreal del Campo	0	0
2018	44154	Monroyo	0	0
2018	44155	Montalbán	0	0
2018	44156	Monteagudo del Castillo	0	0
2018	44157	Monterde de Albarracín	0	0
2018	44158	Mora de Rubielos	3	0,65
2018	44159	Moscardón	0	0
2018	44160	Mosqueruela	0	0
2018	44161	Muniesa	0	0
2018	44163	Noguera de Albarracín	0	0
2018	44164	Nogueras	1	0,01
2018	44165	Nogueruelas	2	10,51
2018	44167	Obón	0	0
2018	44168	Odón	0	0
2018	44169	Ojos Negros	0	0
2018	44171	Olba	0	0
2018	44172	Oliete	0	0
2018	44173	Olmos (Los)	0	0
2018	44174	Orihuela del Tremedal	0	0
2018	44175	Orrios	1	0,6
2018	44176	Palomar de Arroyos	0	0
2018	44177	Pancrudo	0	0
2018	44178	Parras de Castellote (Las)	0	0
2018	44179	Peñarroya de Tastavins	0	0
2018	44180	Peracense	0	0
2018	44181	Peralejos	0	0
2018	44182	Perales del Alfambra	0	0
2018	44183	Pitarque	0	0
2018	44184	Plou	0	0
2018	44185	Pobo (El)	0	0
2018	44187	Portellada (La)	0	0
2018	44189	Pozondón	0	0
2018	44190	Pozuel del Campo	0	0
2018	44191	Puebla de Híjar (La)	1	2,1
2018	44192	Puebla de Valverde (La)	0	0
2018	44193	Puertomingalvo	1	0,15
2018	44194	Ráfales	0	0
2018	44195	Rillo	0	0
2018	44196	Riodeva	0	0
2018	44197	Ródenas	0	0
2018	44198	Royuela	0	0
2018	44199	Rubiales	0	0
2018	44200	Rubielos de la Cérida	0	0
2018	44201	Rubielos de Mora	0	0
2018	44203	Salcedillo	0	0
2018	44204	Saldón	0	0
2018	44205	Samper de Calanda	3	0,65
2018	44206	San Agustín	1	0,02
2018	44207	San Martín del Río	0	0
2018	44208	Santa Cruz de Nogueras	0	0
2018	44209	Santa Eulalia	1	0,87
2018	44210	Sarrión	0	0
2018	44211	Segura de los Baños	1	0,14
2018	44212	Seno	0	0
2018	44213	Singra	0	0
2018	44215	Terriente	0	0
2018	44216	Teruel	0	0
2018	44217	Toril y Masegoso	0	0
2018	44218	Tormón	0	0
2018	44219	Tornos	0	0
2018	44220	Torralba de los Sisones	0	0
2018	44221	Torrecilla de Alcañiz	0	0
2018	44222	Torrecilla del Rebollar	1	0,01
2018	44223	Torre de Arcas	0	0
2018	44224	Torre de las Arcas	1	0,01
2018	44225	Torre del Compte	0	0
2018	44226	Torrelacárcel	0	0
2018	44227	Torre los Negros	0	0
2018	44228	Torremocha de Jiloca	0	0
2018	44229	Torres de Albarracín	0	0
2018	44230	Torrevelilla	1	0,4
2018	44231	Torrijas	1	0,01
2018	44232	Torrijo del Campo	0	0
2018	44234	Tramacastiel	1	0,01
2018	44235	Tramacastilla	0	0
2018	44236	Tronchón	0	0
2018	44237	Urrea de Gaén	0	0
2018	44238	Utrillas	0	0
2018	44239	Valacloche	0	0
2018	44240	Valbona	1	0,15
2018	44241	Valdealgorfa	1	3,4
2018	44243	Valdecuenca	0	0
2018	44244	Valdelinares	0	0
2018	44245	Valdeltormo	1	0,01
2018	44246	Valderrobres	1	0,01
2018	44247	Valjunquera	1	0,01
2018	44249	Vallecillo (El)	0	0
2018	44250	Veguillas de la Sierra	0	0
2018	44251	Villafranca del Campo	0	0
2018	44252	Villahermosa del Campo	0	0
2018	44256	Villanueva del Rebollar de la Sierra	0	0
2018	44257	Villar del Cobo	0	0
2018	44258	Villar del Salz	0	0
2018	44260	Villarluengo	0	0
2018	44261	Villarquemado	0	0
2018	44262	Villarroya de los Pinares	0	0
2018	44263	Villastar	0	0
2018	44264	Villel	1	0,2
2018	44265	Vinaceite	0	0
2018	44266	Visiedo	0	0
2018	44267	Vivel del Río Martín	0	0
2018	44268	Zoma (La)	0	0
2018	50001	Abanto	0	0
2018	50002	Acered	0	0
2018	50003	Agón	0	0
2018	50004	Aguarón	0	0
2018	50005	Aguilón	0	0
2018	50006	Ainzón	0	0
2018	50007	Aladrén	0	0
2018	50008	Alagón	0	0
2018	50009	Alarba	0	0
2018	50010	Alberite de San Juan	0	0
2018	50011	Albeta	0	0
2018	50012	Alborge	1	0,47
2018	50013	Alcalá de Ebro	1	0,16
2018	50014	Alcalá de Moncayo	0	0
2018	50015	Alconchel de Ariza	0	0
2018	50016	Aldehuela de Liestos	0	0
2018	50017	Alfajarín	2	7,89
2018	50018	Alfamén	0	0
2018	50019	Alforque	0	0
2018	50020	Alhama de Aragón	1	0,66
2018	50021	Almochuel	0	0
2018	50022	Almolda (La)	0	0
2018	50023	Almonacid de la Cuba	1	2,59
2018	50024	Almonacid de la Sierra	0	0
2018	50025	Almunia de Doña Godina (La)	0	0
2018	50026	Alpartir	0	0
2018	50027	Ambel	0	0
2018	50028	Anento	0	0
2018	50029	Aniñón	0	0
2018	50030	Añón de Moncayo	0	0
2018	50031	Aranda de Moncayo	1	0,87
2018	50032	Arándiga	0	0
2018	50033	Ardisa	0	0
2018	50034	Ariza	0	0
2018	50035	Artieda	0	0
2018	50036	Asín	0	0
2018	50037	Atea	0	0
2018	50038	Ateca	1	0,37
2018	50039	Azuara	0	0
2018	50040	Badules	0	0
2018	50041	Bagüés	0	0
2018	50042	Balconchán	0	0
2018	50043	Bárboles	0	0
2018	50044	Bardallur	0	0
2018	50045	Belchite	1	0,01
2018	50046	Belmonte de Gracián	0	0
2018	50047	Berdejo	0	0
2018	50048	Berrueco	0	0
2018	50050	Bijuesca	0	0
2018	50051	Biota	0	0
2018	50052	Bisimbre	0	0
2018	50053	Boquiñeni	4	4,71
2018	50054	Bordalba	0	0
2018	50055	Borja	2	4,95
2018	50056	Botorrita	0	0
2018	50057	Brea de Aragón	0	0
2018	50058	Bubierca	0	0
2018	50059	Bujaraloz	0	0
2018	50060	Bulbuente	0	0
2018	50061	Bureta	2	0,49
2018	50062	Burgo de Ebro (El)	0	0
2018	50063	Buste (El)	0	0
2018	50064	Cabañas de Ebro	0	0
2018	50065	Cabolafuente	0	0
2018	50066	Cadrete	0	0
2018	50067	Calatayud	2	3,2
2018	50068	Calatorao	0	0
2018	50069	Calcena	0	0
2018	50070	Calmarza	0	0
2018	50071	Campillo de Aragón	0	0
2018	50072	Carenas	1	0,99
2018	50073	Cariñena	1	0,75
2018	50074	Caspe	1	1,9
2018	50075	Castejón de Alarba	0	0
2018	50076	Castejón de las Armas	1	1,04
2018	50077	Castejón de Valdejasa	1	0,01
2018	50078	Castiliscar	1	0,04
2018	50079	Cervera de la Cañada	0	0
2018	50080	Cerveruela	0	0
2018	50081	Cetina	0	0
2018	50082	Cimballa	0	0
2018	50083	Cinco Olivas	0	0
2018	50084	Clarés de Ribota	0	0
2018	50085	Codo	1	13,24
2018	50086	Codos	0	0
2018	50087	Contamina	0	0
2018	50088	Cosuenda	0	0
2018	50089	Cuarte de Huerva	0	0
2018	50090	Cubel	0	0
2018	50091	Cuerlas (Las)	0	0
2018	50092	Chiprana	0	0
2018	50093	Chodes	0	0
2018	50094	Daroca	0	0
2018	50095	Ejea de los Caballeros	12	10,42
2018	50096	Embid de Ariza	0	0
2018	50098	Encinacorba	0	0
2018	50099	Épila	0	0
2018	50100	Erla	0	0
2018	50101	Escatrón	1	0,02
2018	50102	Fabara	1	0,68
2018	50104	Farlete	0	0
2018	50105	Fayón	0	0
2018	50106	Fayos (Los)	0	0
2018	50107	Figueruelas	0	0
2018	50108	Fombuena	0	0
2018	50109	Frago (El)	0	0
2018	50110	Frasno (El)	0	0
2018	50111	Fréscano	0	0
2018	50113	Fuendejalón	0	0
2018	50114	Fuendetodos	0	0
2018	50115	Fuentes de Ebro	0	0
2018	50116	Fuentes de Jiloca	1	0,04
2018	50117	Gallocanta	0	0
2018	50118	Gallur	0	0
2018	50119	Gelsa	0	0
2018	50120	Godojos	0	0
2018	50121	Gotor	0	0
2018	50122	Grisel	0	0
2018	50123	Grisén	0	0
2018	50124	Herrera de los Navarros	1	0,01
2018	50125	Ibdes	1	0,11
2018	50126	Illueca	1	0,08
2018	50128	Isuerre	0	0
2018	50129	Jaraba	1	1,01
2018	50130	Jarque de Moncayo	1	0,33
2018	50131	Jaulín	0	0
2018	50132	Joyosa (La)	0	0
2018	50133	Lagata	0	0
2018	50134	Langa del Castillo	0	0
2018	50135	Layana	0	0
2018	50136	Lécera	0	0
2018	50137	Leciñena	1	0,4
2018	50138	Lechón	0	0
2018	50139	Letux	3	1,2
2018	50140	Litago	0	0
2018	50141	Lituénigo	0	0
2018	50142	Lobera de Onsella	0	0
2018	50143	Longares	0	0
2018	50144	Longás	0	0
2018	50146	Lucena de Jalón	0	0
2018	50147	Luceni	0	0
2018	50148	Luesia	1	0,01
2018	50149	Luesma	0	0
2018	50150	Lumpiaque	0	0
2018	50151	Luna	2	1,71
2018	50152	Maella	4	1,22
2018	50153	Magallón	0	0
2018	50154	Mainar	0	0
2018	50155	Malanquilla	0	0
2018	50156	Maleján	0	0
2018	50157	Malón	0	0
2018	50159	Maluenda	0	0
2018	50160	Mallén	3	13,74
2018	50161	Manchones	0	0
2018	50162	Mara	1	0,32
2018	50163	María de Huerva	0	0
2018	50164	Mediana de Aragón	0	0
2018	50165	Mequinenza	1	0,1
2018	50166	Mesones de Isuela	0	0
2018	50167	Mezalocha	0	0
2018	50168	Mianos	0	0
2018	50169	Miedes de Aragón	0	0
2018	50170	Monegrillo	0	0
2018	50171	Moneva	1	0,07
2018	50172	Monreal de Ariza	0	0
2018	50173	Monterde	0	0
2018	50174	Montón	0	0
2018	50175	Morata de Jalón	0	0
2018	50176	Morata de Jiloca	0	0
2018	50177	Morés	0	0
2018	50178	Moros	0	0
2018	50179	Moyuela	0	0
2018	50180	Mozota	0	0
2018	50181	Muel	0	0
2018	50182	Muela (La)	0	0
2018	50183	Munébrega	0	0
2018	50184	Murero	0	0
2018	50185	Murillo de Gállego	1	0,03
2018	50186	Navardún	0	0
2018	50187	Nigüella	0	0
2018	50188	Nombrevilla	0	0
2018	50189	Nonaspe	1	0,21
2018	50190	Novallas	0	0
2018	50191	Novillas	2	3,05
2018	50192	Nuévalos	1	0,14
2018	50193	Nuez de Ebro	0	0
2018	50194	Olvés	0	0
2018	50195	Orcajo	0	0
2018	50196	Orera	0	0
2018	50197	Orés	0	0
2018	50198	Oseja	0	0
2018	50199	Osera de Ebro	0	0
2018	50200	Paniza	1	0,53
2018	50201	Paracuellos de Jiloca	0	0
2018	50202	Paracuellos de la Ribera	0	0
2018	50203	Pastriz	0	0
2018	50204	Pedrola	0	0
2018	50205	Pedrosas (Las)	1	0,18
2018	50206	Perdiguera	1	0,01
2018	50207	Piedratajada	0	0
2018	50208	Pina de Ebro	1	1,53
2018	50209	Pinseque	0	0
2018	50210	Pintanos (Los)	0	0
2018	50211	Plasencia de Jalón	1	0,71
2018	50212	Pleitas	0	0
2018	50213	Plenas	0	0
2018	50214	Pomer	0	0
2018	50215	Pozuel de Ariza	0	0
2018	50216	Pozuelo de Aragón	0	0
2018	50217	Pradilla de Ebro	0	0
2018	50218	Puebla de Albortón	0	0
2018	50219	Puebla de Alfindén (La)	1	0,6
2018	50220	Puendeluna	0	0
2018	50221	Purujosa	1	0,01
2018	50222	Quinto	1	0,01
2018	50223	Remolinos	0	0
2018	50224	Retascón	0	0
2018	50225	Ricla	1	0,08
2018	50227	Romanos	0	0
2018	50228	Rueda de Jalón	1	1,56
2018	50229	Ruesca	0	0
2018	50230	Sádaba	3	4,05
2018	50231	Salillas de Jalón	0	0
2018	50232	Salvatierra de Esca	1	0,02
2018	50233	Samper del Salz	0	0
2018	50234	San Martín de la Virgen de Moncayo	0	0
2018	50235	San Mateo de Gállego	1	0,25
2018	50236	Santa Cruz de Grío	1	0,79
2018	50237	Santa Cruz de Moncayo	0	0
2018	50238	Santa Eulalia de Gállego	0	0
2018	50239	Santed	0	0
2018	50240	Sástago	0	0
2018	50241	Saviñán	0	0
2018	50242	Sediles	0	0
2018	50243	Sestrica	1	0,03
2018	50244	Sierra de Luna	1	0,04
2018	50245	Sigüés	0	0
2018	50246	Sisamón	0	0
2018	50247	Sobradiel	0	0
2018	50248	Sos del Rey Católico	1	6,89
2018	50249	Tabuenca	0	0
2018	50250	Talamantes	0	0
2018	50251	Tarazona	2	1,82
2018	50252	Tauste	1	2,03
2018	50253	Terrer	0	0
2018	50254	Tierga	0	0
2018	50255	Tobed	0	0
2018	50256	Torralba de los Frailes	0	0
2018	50257	Torralba de Ribota	0	0
2018	50258	Torralbilla	0	0
2018	50259	Torrehermosa	0	0
2018	50260	Torrelapaja	0	0
2018	50261	Torrellas	0	0
2018	50262	Torres de Berrellén	1	0,17
2018	50263	Torrijo de la Cañada	0	0
2018	50264	Tosos	0	0
2018	50265	Trasmoz	0	0
2018	50266	Trasobares	0	0
2018	50267	Uncastillo	0	0
2018	50268	Undués de Lerda	0	0
2018	50269	Urrea de Jalón	0	0
2018	50270	Urriés	0	0
2018	50271	Used	0	0
2018	50272	Utebo	0	0
2018	50273	Valdehorna	0	0
2018	50274	Val de San Martín	0	0
2018	50275	Valmadrid	0	0
2018	50276	Valpalmas	0	0
2018	50277	Valtorres	0	0
2018	50278	Velilla de Ebro	0	0
2018	50279	Velilla de Jiloca	0	0
2018	50280	Vera de Moncayo	0	0
2018	50281	Vierlas	0	0
2018	50282	Vilueña (La)	0	0
2018	50283	Villadoz	0	0
2018	50284	Villafeliche	0	0
2018	50285	Villafranca de Ebro	0	0
2018	50286	Villalba de Perejil	0	0
2018	50287	Villalengua	0	0
2018	50288	Villanueva de Gállego	0	0
2018	50289	Villanueva de Jiloca	0	0
2018	50290	Villanueva de Huerva	1	0,14
2018	50291	Villar de los Navarros	0	0
2018	50292	Villarreal de Huerva	0	0
2018	50293	Villarroya de la Sierra	0	0
2018	50294	Villarroya del Campo	0	0
2018	50295	Vistabella	0	0
2018	50296	Zaida (La)	0	0
2018	50297	Zaragoza	1	0,02
2018	50298	Zuera	7	2,16
2018	50901	Biel	0	0
2018	50902	Marracos	0	0
2018	50903	Villamayor de Gállego	0	0
2019	22001	Abiego	1	0,11
2019	22002	Abizanda	1	0,5
2019	22003	Adahuesca	0	0
2019	22004	Agüero	0	0
2019	22006	Aísa	0	0
2019	22007	Albalate de Cinca	0	0
2019	22008	Albalatillo	0	0
2019	22009	Albelda	0	0
2019	22011	Albero Alto	2	0,44
2019	22012	Albero Bajo	0	0
2019	22013	Alberuela de Tubo	0	0
2019	22014	Alcalá de Gurrea	1	32
2019	22015	Alcalá del Obispo	1	0,29
2019	22016	Alcampell	1	70
2019	22017	Alcolea de Cinca	2	1,52
2019	22018	Alcubierre	2	1,6
2019	22019	Alerre	0	0
2019	22020	Alfántega	0	0
2019	22021	Almudévar	2	0,38
2019	22022	Almunia de San Juan	0	0
2019	22023	Almuniente	0	0
2019	22024	Alquézar	0	0
2019	22025	Altorricón	0	0
2019	22027	Angüés	0	0
2019	22028	Ansó	0	0
2019	22029	Antillón	0	0
2019	22032	Aragüés del Puerto	0	0
2019	22035	Arén	0	0
2019	22036	Argavieso	0	0
2019	22037	Arguis	0	0
2019	22039	Ayerbe	1	0,09
2019	22040	Azanuy-Alins	1	0,89
2019	22041	Azara	1	0,01
2019	22042	Azlor	0	0
2019	22043	Baells	0	0
2019	22044	Bailo	0	0
2019	22045	Baldellou	0	0
2019	22046	Ballobar	1	0,61
2019	22047	Banastás	0	0
2019	22048	Barbastro	3	0,16
2019	22049	Barbués	0	0
2019	22050	Barbuñales	0	0
2019	22051	Bárcabo	0	0
2019	22052	Belver de Cinca	1	0,62
2019	22053	Benabarre	2	1,56
2019	22054	Benasque	5	0,07
2019	22055	Berbegal	0	0
2019	22057	Bielsa	1	0,04
2019	22058	Bierge	0	0
2019	22059	Biescas	1	0,17
2019	22060	Binaced	0	0
2019	22061	Binéfar	0	0
2019	22062	Bisaurri	0	0
2019	22063	Biscarrués	3	0,37
2019	22064	Blecua y Torres	0	0
2019	22066	Boltaña	1	6,8
2019	22067	Bonansa	0	0
2019	22068	Borau	0	0
2019	22069	Broto	1	0,01
2019	22072	Caldearenas	2	0,17
2019	22074	Campo	0	0
2019	22075	Camporrells	0	0
2019	22076	Canal de Berdún	2	9,08
2019	22077	Candasnos	1	0,21
2019	22078	Canfranc	0	0
2019	22079	Capdesaso	0	0
2019	22080	Capella	1	0,07
2019	22081	Casbas de Huesca	0	0
2019	22082	Castejón del Puente	2	0,35
2019	22083	Castejón de Monegros	0	0
2019	22084	Castejón de Sos	0	0
2019	22085	Castelflorite	0	0
2019	22086	Castiello de Jaca	0	0
2019	22087	Castigaleu	0	0
2019	22088	Castillazuelo	0	0
2019	22089	Castillonroy	1	3,02
2019	22090	Colungo	0	0
2019	22094	Chalamera	0	0
2019	22095	Chía	0	0
2019	22096	Chimillas	0	0
2019	22099	Esplús	0	0
2019	22102	Estada	1	1
2019	22103	Estadilla	0	0
2019	22105	Estopiñán del Castillo	0	0
2019	22106	Fago	0	0
2019	22107	Fanlo	0	0
2019	22109	Fiscal	0	0
2019	22110	Fonz	1	0,12
2019	22111	Foradada del Toscar	0	0
2019	22112	Fraga	6	3,96
2019	22113	Fueva (La)	0	0
2019	22114	Gistaín	0	0
2019	22115	Grado (El)	1	1,7
2019	22116	Grañén	0	0
2019	22117	Graus	4	57,3
2019	22119	Gurrea de Gállego	2	1,98
2019	22122	Hoz de Jaca	0	0
2019	22124	Huerto	2	4,35
2019	22125	Huesca	5	15,74
2019	22126	Ibieca	0	0
2019	22127	Igriés	0	0
2019	22128	Ilche	0	0
2019	22129	Isábena	0	0
2019	22130	Jaca	3	0,29
2019	22131	Jasa	0	0
2019	22133	Labuerda	0	0
2019	22135	Laluenga	1	0,5
2019	22136	Lalueza	1	0,02
2019	22137	Lanaja	0	0
2019	22139	Laperdiguera	0	0
2019	22141	Lascellas-Ponzano	0	0
2019	22142	Lascuarre	0	0
2019	22143	Laspaúles	0	0
2019	22144	Laspuña	0	0
2019	22149	Loarre	2	0,31
2019	22150	Loporzano	0	0
2019	22151	Loscorrales	0	0
2019	22155	Monesma y Cajigar	0	0
2019	22156	Monflorite-Lascasas	0	0
2019	22157	Montanuy	0	0
2019	22158	Monzón	4	1,09
2019	22160	Naval	0	0
2019	22162	Novales	0	0
2019	22163	Nueno	0	0
2019	22164	Olvena	1	0,05
2019	22165	Ontiñena	0	0
2019	22167	Osso de Cinca	0	0
2019	22168	Palo	0	0
2019	22170	Panticosa	1	0,01
2019	22172	Peñalba	1	0,56
2019	22173	Peñas de Riglos (Las)	0	0
2019	22174	Peralta de Alcofea	2	0,47
2019	22175	Peralta de Calasanz	1	0,3
2019	22176	Peraltilla	0	0
2019	22177	Perarrúa	0	0
2019	22178	Pertusa	0	0
2019	22181	Piracés	0	0
2019	22182	Plan	1	0,01
2019	22184	Poleñino	0	0
2019	22186	Pozán de Vero	0	0
2019	22187	Puebla de Castro (La)	0	0
2019	22188	Puente de Montañana	2	0,16
2019	22189	Puértolas	0	0
2019	22190	Pueyo de Araguás (El)	0	0
2019	22193	Pueyo de Santa Cruz	0	0
2019	22195	Quicena	0	0
2019	22197	Robres	0	0
2019	22199	Sabiñánigo	1	0,17
2019	22200	Sahún	1	0,01
2019	22201	Salas Altas	0	0
2019	22202	Salas Bajas	0	0
2019	22203	Salillas	2	0,05
2019	22204	Sallent de Gállego	0	0
2019	22205	San Esteban de Litera	1	6
2019	22206	Sangarrén	1	0,24
2019	22207	San Juan de Plan	0	0
2019	22208	Santa Cilia	0	0
2019	22209	Santa Cruz de la Serós	0	0
2019	22212	Santaliestra y San Quílez	0	0
2019	22213	Sariñena	4	21,28
2019	22214	Secastilla	0	0
2019	22215	Seira	0	0
2019	22217	Sena	0	0
2019	22218	Senés de Alcubierre	0	0
2019	22220	Sesa	0	0
2019	22221	Sesué	0	0
2019	22222	Siétamo	2	0,49
2019	22223	Sopeira	0	0
2019	22225	Tamarite de Litera	4	7,48
2019	22226	Tardienta	1	0,74
2019	22227	Tella-Sin	1	8,12
2019	22228	Tierz	0	0
2019	22229	Tolva	0	0
2019	22230	Torla-Ordesa	0	0
2019	22232	Torralba de Aragón	0	0
2019	22233	Torre la Ribera	1	0,19
2019	22234	Torrente de Cinca	0	0
2019	22235	Torres de Alcanadre	0	0
2019	22236	Torres de Barbués	0	0
2019	22239	Tramaced	0	0
2019	22242	Valfarta	1	1,1
2019	22243	Valle de Bardají	0	0
2019	22244	Valle de Lierp	0	0
2019	22245	Velilla de Cinca	0	0
2019	22246	Beranuy	0	0
2019	22247	Viacamp y Litera	0	0
2019	22248	Vicién	1	0,74
2019	22249	Villanova	0	0
2019	22250	Villanúa	1	0,01
2019	22251	Villanueva de Sigena	1	1,6
2019	22252	Yebra de Basa	0	0
2019	22253	Yésero	0	0
2019	22254	Zaidín	1	0,9
2019	22901	Valle de Hecho	0	0
2019	22902	Puente la Reina de Jaca	0	0
2019	22903	San Miguel del Cinca	1	0,37
2019	22904	Sotonera (La)	4	0,42
2019	22905	Lupiñén-Ortilla	2	0,61
2019	22906	Santa María de Dulcis	0	0
2019	22907	Aínsa-Sobrarbe	0	0
2019	22908	Hoz y Costeán	1	0,1
2019	22909	Vencillón	0	0
2019	44001	Ababuj	0	0
2019	44002	Abejuela	0	0
2019	44003	Aguatón	0	0
2019	44004	Aguaviva	0	0
2019	44005	Aguilar del Alfambra	0	0
2019	44006	Alacón	0	0
2019	44007	Alba	0	0
2019	44008	Albalate del Arzobispo	1	0,04
2019	44009	Albarracín	1	0,03
2019	44010	Albentosa	1	0,01
2019	44011	Alcaine	0	0
2019	44012	Alcalá de la Selva	0	0
2019	44013	Alcañiz	2	0,11
2019	44014	Alcorisa	6	1,28
2019	44016	Alfambra	0	0
2019	44017	Aliaga	0	0
2019	44018	Almohaja	0	0
2019	44019	Alobras	0	0
2019	44020	Alpeñés	0	0
2019	44021	Allepuz	0	0
2019	44022	Alloza	0	0
2019	44023	Allueva	0	0
2019	44024	Anadón	0	0
2019	44025	Andorra	2	0,51
2019	44026	Arcos de las Salinas	0	0
2019	44027	Arens de Lledó	0	0
2019	44028	Argente	0	0
2019	44029	Ariño	2	0,03
2019	44031	Azaila	0	0
2019	44032	Bádenas	0	0
2019	44033	Báguena	1	0,06
2019	44034	Bañón	0	0
2019	44035	Barrachina	1	0,75
2019	44036	Bea	0	0
2019	44037	Beceite	0	0
2019	44038	Belmonte de San José	1	0,01
2019	44039	Bello	0	0
2019	44040	Berge	0	0
2019	44041	Bezas	0	0
2019	44042	Blancas	0	0
2019	44043	Blesa	0	0
2019	44044	Bordón	0	0
2019	44045	Bronchales	1	0,26
2019	44046	Bueña	0	0
2019	44047	Burbáguena	1	0,1
2019	44048	Cabra de Mora	0	0
2019	44049	Calaceite	1	0,01
2019	44050	Calamocha	3	0,24
2019	44051	Calanda	4	0,9
2019	44052	Calomarde	0	0
2019	44053	Camañas	0	0
2019	44054	Camarena de la Sierra	1	0,01
2019	44055	Camarillas	0	0
2019	44056	Caminreal	0	0
2019	44059	Cantavieja	0	0
2019	44060	Cañada de Benatanduz	0	0
2019	44061	Cañada de Verich (La)	1	0,03
2019	44062	Cañada Vellida	0	0
2019	44063	Cañizar del Olivar	0	0
2019	44064	Cascante del Río	0	0
2019	44065	Castejón de Tornos	0	0
2019	44066	Castel de Cabra	0	0
2019	44067	Castelnou	0	0
2019	44068	Castelserás	0	0
2019	44070	Castellar (El)	0	0
2019	44071	Castellote	0	0
2019	44074	Cedrillas	0	0
2019	44075	Celadas	0	0
2019	44076	Cella	4	14,24
2019	44077	Cerollera (La)	0	0
2019	44080	Codoñera (La)	0	0
2019	44082	Corbalán	2	0,47
2019	44084	Cortes de Aragón	0	0
2019	44085	Cosa	0	0
2019	44086	Cretas	2	0,64
2019	44087	Crivillén	0	0
2019	44088	Cuba (La)	0	0
2019	44089	Cubla	0	0
2019	44090	Cucalón	0	0
2019	44092	Cuervo (El)	0	0
2019	44093	Cuevas de Almudén	0	0
2019	44094	Cuevas Labradas	0	0
2019	44096	Ejulve	1	0,04
2019	44097	Escorihuela	0	0
2019	44099	Escucha	0	0
2019	44100	Estercuel	0	0
2019	44101	Ferreruela de Huerva	0	0
2019	44102	Fonfría	1	0,73
2019	44103	Formiche Alto	0	0
2019	44105	Fórnoles	2	0,06
2019	44106	Fortanete	1	0,03
2019	44107	Foz-Calanda	0	0
2019	44108	Fresneda (La)	0	0
2019	44109	Frías de Albarracín	0	0
2019	44110	Fuenferrada	0	0
2019	44111	Fuentes Calientes	0	0
2019	44112	Fuentes Claras	1	0,03
2019	44113	Fuentes de Rubielos	1	0,05
2019	44114	Fuentespalda	0	0
2019	44115	Galve	0	0
2019	44116	Gargallo	0	0
2019	44117	Gea de Albarracín	0	0
2019	44118	Ginebrosa (La)	0	0
2019	44119	Griegos	0	0
2019	44120	Guadalaviar	0	0
2019	44121	Gúdar	0	0
2019	44122	Híjar	1	1,15
2019	44123	Hinojosa de Jarque	0	0
2019	44124	Hoz de la Vieja (La)	0	0
2019	44125	Huesa del Común	0	0
2019	44126	Iglesuela del Cid (La)	0	0
2019	44127	Jabaloyas	0	0
2019	44128	Jarque de la Val	0	0
2019	44129	Jatiel	0	0
2019	44130	Jorcas	0	0
2019	44131	Josa	0	0
2019	44132	Lagueruela	1	0,67
2019	44133	Lanzuela	1	0,39
2019	44135	Libros	0	0
2019	44136	Lidón	0	0
2019	44137	Linares de Mora	0	0
2019	44138	Loscos	0	0
2019	44141	Lledó	0	0
2019	44142	Maicas	0	0
2019	44143	Manzanera	0	0
2019	44144	Martín del Río	0	0
2019	44145	Mas de las Matas	1	0,02
2019	44146	Mata de los Olmos (La)	0	0
2019	44147	Mazaleón	1	0,01
2019	44148	Mezquita de Jarque	0	0
2019	44149	Mirambel	0	0
2019	44150	Miravete de la Sierra	0	0
2019	44151	Molinos	0	0
2019	44152	Monforte de Moyuela	0	0
2019	44153	Monreal del Campo	1	0,05
2019	44154	Monroyo	1	0,01
2019	44155	Montalbán	1	0,02
2019	44156	Monteagudo del Castillo	0	0
2019	44157	Monterde de Albarracín	0	0
2019	44158	Mora de Rubielos	0	0
2019	44159	Moscardón	0	0
2019	44160	Mosqueruela	0	0
2019	44161	Muniesa	0	0
2019	44163	Noguera de Albarracín	0	0
2019	44164	Nogueras	0	0
2019	44165	Nogueruelas	0	0
2019	44167	Obón	0	0
2019	44168	Odón	0	0
2019	44169	Ojos Negros	0	0
2019	44171	Olba	1	0,01
2019	44172	Oliete	0	0
2019	44173	Olmos (Los)	0	0
2019	44174	Orihuela del Tremedal	0	0
2019	44175	Orrios	0	0
2019	44176	Palomar de Arroyos	0	0
2019	44177	Pancrudo	0	0
2019	44178	Parras de Castellote (Las)	1	0,02
2019	44179	Peñarroya de Tastavins	0	0
2019	44180	Peracense	0	0
2019	44181	Peralejos	0	0
2019	44182	Perales del Alfambra	0	0
2019	44183	Pitarque	1	0,02
2019	44184	Plou	0	0
2019	44185	Pobo (El)	0	0
2019	44187	Portellada (La)	0	0
2019	44189	Pozondón	0	0
2019	44190	Pozuel del Campo	0	0
2019	44191	Puebla de Híjar (La)	0	0
2019	44192	Puebla de Valverde (La)	1	0,05
2019	44193	Puertomingalvo	0	0
2019	44194	Ráfales	0	0
2019	44195	Rillo	0	0
2019	44196	Riodeva	0	0
2019	44197	Ródenas	0	0
2019	44198	Royuela	0	0
2019	44199	Rubiales	0	0
2019	44200	Rubielos de la Cérida	0	0
2019	44201	Rubielos de Mora	0	0
2019	44203	Salcedillo	0	0
2019	44204	Saldón	0	0
2019	44205	Samper de Calanda	1	2,44
2019	44206	San Agustín	0	0
2019	44207	San Martín del Río	1	7,6
2019	44208	Santa Cruz de Nogueras	0	0
2019	44209	Santa Eulalia	0	0
2019	44210	Sarrión	0	0
2019	44211	Segura de los Baños	0	0
2019	44212	Seno	0	0
2019	44213	Singra	0	0
2019	44215	Terriente	0	0
2019	44216	Teruel	4	0,39
2019	44217	Toril y Masegoso	0	0
2019	44218	Tormón	0	0
2019	44219	Tornos	0	0
2019	44220	Torralba de los Sisones	0	0
2019	44221	Torrecilla de Alcañiz	0	0
2019	44222	Torrecilla del Rebollar	0	0
2019	44223	Torre de Arcas	0	0
2019	44224	Torre de las Arcas	0	0
2019	44225	Torre del Compte	0	0
2019	44226	Torrelacárcel	0	0
2019	44227	Torre los Negros	0	0
2019	44228	Torremocha de Jiloca	0	0
2019	44229	Torres de Albarracín	1	0,01
2019	44230	Torrevelilla	0	0
2019	44231	Torrijas	0	0
2019	44232	Torrijo del Campo	0	0
2019	44234	Tramacastiel	0	0
2019	44235	Tramacastilla	0	0
2019	44236	Tronchón	0	0
2019	44237	Urrea de Gaén	0	0
2019	44238	Utrillas	0	0
2019	44239	Valacloche	0	0
2019	44240	Valbona	0	0
2019	44241	Valdealgorfa	0	0
2019	44243	Valdecuenca	0	0
2019	44244	Valdelinares	0	0
2019	44245	Valdeltormo	0	0
2019	44246	Valderrobres	2	3,8
2019	44247	Valjunquera	0	0
2019	44249	Vallecillo (El)	0	0
2019	44250	Veguillas de la Sierra	0	0
2019	44251	Villafranca del Campo	0	0
2019	44252	Villahermosa del Campo	0	0
2019	44256	Villanueva del Rebollar de la Sierra	0	0
2019	44257	Villar del Cobo	0	0
2019	44258	Villar del Salz	0	0
2019	44260	Villarluengo	3	0,04
2019	44261	Villarquemado	1	0,02
2019	44262	Villarroya de los Pinares	0	0
2019	44263	Villastar	0	0
2019	44264	Villel	0	0
2019	44265	Vinaceite	0	0
2019	44266	Visiedo	0	0
2019	44267	Vivel del Río Martín	0	0
2019	44268	Zoma (La)	0	0
2019	50001	Abanto	0	0
2019	50002	Acered	0	0
2019	50003	Agón	6	5,54
2019	50004	Aguarón	0	0
2019	50005	Aguilón	0	0
2019	50006	Ainzón	2	0,71
2019	50007	Aladrén	0	0
2019	50008	Alagón	1	0,32
2019	50009	Alarba	0	0
2019	50010	Alberite de San Juan	0	0
2019	50011	Albeta	0	0
2019	50012	Alborge	0	0
2019	50013	Alcalá de Ebro	0	0
2019	50014	Alcalá de Moncayo	1	0,43
2019	50015	Alconchel de Ariza	0	0
2019	50016	Aldehuela de Liestos	0	0
2019	50017	Alfajarín	0	0
2019	50018	Alfamén	0	0
2019	50019	Alforque	0	0
2019	50020	Alhama de Aragón	4	3,95
2019	50021	Almochuel	0	0
2019	50022	Almolda (La)	0	0
2019	50023	Almonacid de la Cuba	0	0
2019	50024	Almonacid de la Sierra	1	0,14
2019	50025	Almunia de Doña Godina (La)	0	0
2019	50026	Alpartir	0	0
2019	50027	Ambel	0	0
2019	50028	Anento	0	0
2019	50029	Aniñón	0	0
2019	50030	Añón de Moncayo	0	0
2019	50031	Aranda de Moncayo	3	7,52
2019	50032	Arándiga	0	0
2019	50033	Ardisa	0	0
2019	50034	Ariza	5	0,84
2019	50035	Artieda	0	0
2019	50036	Asín	1	0,07
2019	50037	Atea	2	4,16
2019	50038	Ateca	0	0
2019	50039	Azuara	3	3,58
2019	50040	Badules	0	0
2019	50041	Bagüés	0	0
2019	50042	Balconchán	0	0
2019	50043	Bárboles	2	1,58
2019	50044	Bardallur	1	0,62
2019	50045	Belchite	3	1,78
2019	50046	Belmonte de Gracián	0	0
2019	50047	Berdejo	0	0
2019	50048	Berrueco	0	0
2019	50050	Bijuesca	0	0
2019	50051	Biota	3	3,09
2019	50052	Bisimbre	0	0
2019	50053	Boquiñeni	2	0,05
2019	50054	Bordalba	0	0
2019	50055	Borja	2	0,6
2019	50056	Botorrita	0	0
2019	50057	Brea de Aragón	0	0
2019	50058	Bubierca	1	0,23
2019	50059	Bujaraloz	1	0,1
2019	50060	Bulbuente	0	0
2019	50061	Bureta	1	0,07
2019	50062	Burgo de Ebro (El)	1	1,66
2019	50063	Buste (El)	0	0
2019	50064	Cabañas de Ebro	0	0
2019	50065	Cabolafuente	1	0,09
2019	50066	Cadrete	1	0,23
2019	50067	Calatayud	2	0,53
2019	50068	Calatorao	0	0
2019	50069	Calcena	2	8,06
2019	50070	Calmarza	0	0
2019	50071	Campillo de Aragón	0	0
2019	50072	Carenas	4	4,99
2019	50073	Cariñena	1	0,85
2019	50074	Caspe	9	7,82
2019	50075	Castejón de Alarba	1	66,87
2019	50076	Castejón de las Armas	1	0,14
2019	50077	Castejón de Valdejasa	0	0
2019	50078	Castiliscar	0	0
2019	50079	Cervera de la Cañada	3	0,8
2019	50080	Cerveruela	0	0
2019	50081	Cetina	1	4,48
2019	50082	Cimballa	0	0
2019	50083	Cinco Olivas	0	0
2019	50084	Clarés de Ribota	1	0,76
2019	50085	Codo	2	8,98
2019	50086	Codos	0	0
2019	50087	Contamina	0	0
2019	50088	Cosuenda	0	0
2019	50089	Cuarte de Huerva	1	0,02
2019	50090	Cubel	1	0,01
2019	50091	Cuerlas (Las)	0	0
2019	50092	Chiprana	0	0
2019	50093	Chodes	0	0
2019	50094	Daroca	0	0
2019	50095	Ejea de los Caballeros	5	7,99
2019	50096	Embid de Ariza	1	0,01
2019	50098	Encinacorba	2	0,51
2019	50099	Épila	1	0,02
2019	50100	Erla	1	0,37
2019	50101	Escatrón	1	0,35
2019	50102	Fabara	2	0,84
2019	50104	Farlete	0	0
2019	50105	Fayón	0	0
2019	50106	Fayos (Los)	1	0,02
2019	50107	Figueruelas	0	0
2019	50108	Fombuena	0	0
2019	50109	Frago (El)	0	0
2019	50110	Frasno (El)	0	0
2019	50111	Fréscano	4	5,51
2019	50113	Fuendejalón	2	1,54
2019	50114	Fuendetodos	0	0
2019	50115	Fuentes de Ebro	2	5,8
2019	50116	Fuentes de Jiloca	0	0
2019	50117	Gallocanta	0	0
2019	50118	Gallur	1	0,8
2019	50119	Gelsa	1	0,21
2019	50120	Godojos	0	0
2019	50121	Gotor	0	0
2019	50122	Grisel	1	0,02
2019	50123	Grisén	0	0
2019	50124	Herrera de los Navarros	0	0
2019	50125	Ibdes	0	0
2019	50126	Illueca	1	0,09
2019	50128	Isuerre	0	0
2019	50129	Jaraba	0	0
2019	50130	Jarque de Moncayo	1	0,75
2019	50131	Jaulín	0	0
2019	50132	Joyosa (La)	0	0
2019	50133	Lagata	2	1,21
2019	50134	Langa del Castillo	0	0
2019	50135	Layana	0	0
2019	50136	Lécera	0	0
2019	50137	Leciñena	0	0
2019	50138	Lechón	0	0
2019	50139	Letux	1	0,6
2019	50140	Litago	2	1,08
2019	50141	Lituénigo	1	1,01
2019	50142	Lobera de Onsella	0	0
2019	50143	Longares	0	0
2019	50144	Longás	0	0
2019	50146	Lucena de Jalón	0	0
2019	50147	Luceni	1	3,04
2019	50148	Luesia	0	0
2019	50149	Luesma	0	0
2019	50150	Lumpiaque	0	0
2019	50151	Luna	1	2,16
2019	50152	Maella	3	4,41
2019	50153	Magallón	2	0,5
2019	50154	Mainar	0	0
2019	50155	Malanquilla	2	1,61
2019	50156	Maleján	0	0
2019	50157	Malón	0	0
2019	50159	Maluenda	0	0
2019	50160	Mallén	0	0
2019	50161	Manchones	2	0,33
2019	50162	Mara	0	0
2019	50163	María de Huerva	1	1,14
2019	50164	Mediana de Aragón	0	0
2019	50165	Mequinenza	1	0,02
2019	50166	Mesones de Isuela	0	0
2019	50167	Mezalocha	0	0
2019	50168	Mianos	0	0
2019	50169	Miedes de Aragón	0	0
2019	50170	Monegrillo	0	0
2019	50171	Moneva	0	0
2019	50172	Monreal de Ariza	0	0
2019	50173	Monterde	0	0
2019	50174	Montón	0	0
2019	50175	Morata de Jalón	0	0
2019	50176	Morata de Jiloca	0	0
2019	50177	Morés	1	0,05
2019	50178	Moros	1	0,17
2019	50179	Moyuela	0	0
2019	50180	Mozota	0	0
2019	50181	Muel	1	0,15
2019	50182	Muela (La)	1	0,01
2019	50183	Munébrega	0	0
2019	50184	Murero	0	0
2019	50185	Murillo de Gállego	0	0
2019	50186	Navardún	0	0
2019	50187	Nigüella	0	0
2019	50188	Nombrevilla	0	0
2019	50189	Nonaspe	0	0
2019	50190	Novallas	0	0
2019	50191	Novillas	2	0,51
2019	50192	Nuévalos	0	0
2019	50193	Nuez de Ebro	0	0
2019	50194	Olvés	0	0
2019	50195	Orcajo	1	0,01
2019	50196	Orera	0	0
2019	50197	Orés	0	0
2019	50198	Oseja	0	0
2019	50199	Osera de Ebro	4	3,05
2019	50200	Paniza	0	0
2019	50201	Paracuellos de Jiloca	0	0
2019	50202	Paracuellos de la Ribera	0	0
2019	50203	Pastriz	2	0,09
2019	50204	Pedrola	0	0
2019	50205	Pedrosas (Las)	1	0,18
2019	50206	Perdiguera	1	591,7
2019	50207	Piedratajada	1	0,87
2019	50208	Pina de Ebro	2	2,03
2019	50209	Pinseque	0	0
2019	50210	Pintanos (Los)	0	0
2019	50211	Plasencia de Jalón	1	0,22
2019	50212	Pleitas	3	1,71
2019	50213	Plenas	0	0
2019	50214	Pomer	0	0
2019	50215	Pozuel de Ariza	0	0
2019	50216	Pozuelo de Aragón	1	0,24
2019	50217	Pradilla de Ebro	0	0
2019	50218	Puebla de Albortón	0	0
2019	50219	Puebla de Alfindén (La)	2	2,56
2019	50220	Puendeluna	0	0
2019	50221	Purujosa	0	0
2019	50222	Quinto	1	0,01
2019	50223	Remolinos	0	0
2019	50224	Retascón	0	0
2019	50225	Ricla	4	1,14
2019	50227	Romanos	0	0
2019	50228	Rueda de Jalón	0	0
2019	50229	Ruesca	0	0
2019	50230	Sádaba	4	18,79
2019	50231	Salillas de Jalón	0	0
2019	50232	Salvatierra de Esca	1	0,01
2019	50233	Samper del Salz	0	0
2019	50234	San Martín de la Virgen de Moncayo	0	0
2019	50235	San Mateo de Gállego	0	0
2019	50236	Santa Cruz de Grío	0	0
2019	50237	Santa Cruz de Moncayo	0	0
2019	50238	Santa Eulalia de Gállego	0	0
2019	50239	Santed	0	0
2019	50240	Sástago	1	7,13
2019	50241	Saviñán	0	0
2019	50242	Sediles	0	0
2019	50243	Sestrica	1	2,47
2019	50244	Sierra de Luna	0	0
2019	50245	Sigüés	0	0
2019	50246	Sisamón	0	0
2019	50247	Sobradiel	0	0
2019	50248	Sos del Rey Católico	2	0,2
2019	50249	Tabuenca	0	0
2019	50250	Talamantes	0	0
2019	50251	Tarazona	2	0,29
2019	50252	Tauste	1	0,71
2019	50253	Terrer	0	0
2019	50254	Tierga	0	0
2019	50255	Tobed	0	0
2019	50256	Torralba de los Frailes	0	0
2019	50257	Torralba de Ribota	0	0
2019	50258	Torralbilla	0	0
2019	50259	Torrehermosa	0	0
2019	50260	Torrelapaja	0	0
2019	50261	Torrellas	1	0,45
2019	50262	Torres de Berrellén	0	0
2019	50263	Torrijo de la Cañada	0	0
2019	50264	Tosos	3	2,93
2019	50265	Trasmoz	0	0
2019	50266	Trasobares	1	0,06
2019	50267	Uncastillo	2	1,43
2019	50268	Undués de Lerda	0	0
2019	50269	Urrea de Jalón	0	0
2019	50270	Urriés	0	0
2019	50271	Used	0	0
2019	50272	Utebo	1	0,19
2019	50273	Valdehorna	0	0
2019	50274	Val de San Martín	0	0
2019	50275	Valmadrid	0	0
2019	50276	Valpalmas	0	0
2019	50277	Valtorres	0	0
2019	50278	Velilla de Ebro	0	0
2019	50279	Velilla de Jiloca	0	0
2019	50280	Vera de Moncayo	0	0
2019	50281	Vierlas	0	0
2019	50282	Vilueña (La)	0	0
2019	50283	Villadoz	0	0
2019	50284	Villafeliche	1	0,65
2019	50285	Villafranca de Ebro	0	0
2019	50286	Villalba de Perejil	0	0
2019	50287	Villalengua	0	0
2019	50288	Villanueva de Gállego	1	0,1
2019	50289	Villanueva de Jiloca	1	0,05
2019	50290	Villanueva de Huerva	1	207,31
2019	50291	Villar de los Navarros	1	0,8
2019	50292	Villarreal de Huerva	0	0
2019	50293	Villarroya de la Sierra	1	0,18
2019	50294	Villarroya del Campo	0	0
2019	50295	Vistabella	0	0
2019	50296	Zaida (La)	1	0,26
2019	50297	Zaragoza	4	17,09
2019	50298	Zuera	3	0,32
2019	50901	Biel	0	0
2019	50902	Marracos	0	0
2019	50903	Villamayor de Gállego	2	1,74