Año	Municipio código	Municipio nombre	Contenedores de papel y cartón	Kg recogidos papel y cartón
2007	22001	Abiego	0	
2007	22002	Abizanda	2	
2007	22003	Adahuesca	0	
2007	22004	Agüero	2	
2007	22006	Aísa	18	
2007	22007	Albalate de Cinca	2	
2007	22008	Albalatillo	4	
2007	22009	Albelda	3	
2007	22011	Albero Alto	1	
2007	22012	Albero Bajo	2	
2007	22013	Alberuela de Tubo	7	
2007	22014	Alcalá de Gurrea	2	
2007	22015	Alcalá del Obispo	3	
2007	22016	Alcampell	3	
2007	22017	Alcolea de Cinca	2	
2007	22018	Alcubierre	5	
2007	22019	Alerre	2	
2007	22020	Alfántega	1	
2007	22021	Almudévar	14	
2007	22022	Almunia de San Juan	1	
2007	22023	Almuniente	9	
2007	22024	Alquézar	0	
2007	22025	Altorricón	5	
2007	22027	Angüés	3	
2007	22028	Ansó	4	
2007	22029	Antillón	1	
2007	22032	Aragüés del Puerto	2	
2007	22035	Arén	0	
2007	22036	Argavieso	1	
2007	22037	Arguis	2	
2007	22039	Ayerbe	6	
2007	22040	Azanuy-Alins	2	
2007	22041	Azara	0	
2007	22042	Azlor	0	
2007	22043	Baells	2	
2007	22044	Bailo	7	
2007	22045	Baldellou	1	
2007	22046	Ballobar	5	
2007	22047	Banastás	2	
2007	22048	Barbastro	31	
2007	22049	Barbués	2	
2007	22050	Barbuñales	0	
2007	22051	Bárcabo	0	
2007	22052	Belver de Cinca	3	
2007	22053	Benabarre	2	
2007	22054	Benasque	3	
2007	22055	Berbegal	1	
2007	22057	Bielsa	4	
2007	22058	Bierge	0	
2007	22059	Biescas	50	
2007	22060	Binaced	3	
2007	22061	Binéfar	40	
2007	22062	Bisaurri	0	
2007	22063	Biscarrués	1	
2007	22064	Blecua y Torres	2	
2007	22066	Boltaña	7	
2007	22067	Bonansa	0	
2007	22068	Borau	1	
2007	22069	Broto	5	
2007	22072	Caldearenas	10	
2007	22074	Campo	0	
2007	22075	Camporrells	1	
2007	22076	Canal de Berdún	11	
2007	22077	Candasnos	1	
2007	22078	Canfranc	14	
2007	22079	Capdesaso	3	
2007	22080	Capella	0	
2007	22081	Casbas de Huesca	3	
2007	22082	Castejón del Puente	1	
2007	22083	Castejón de Monegros	8	
2007	22084	Castejón de Sos	1	
2007	22085	Castelflorite	2	
2007	22086	Castiello de Jaca	4	
2007	22087	Castigaleu	0	
2007	22088	Castillazuelo	0	
2007	22089	Castillonroy	1	
2007	22090	Colungo	0	
2007	22094	Chalamera	0	
2007	22095	Chía	0	
2007	22096	Chimillas	3	
2007	22099	Esplús	3	
2007	22102	Estada	0	
2007	22103	Estadilla	2	
2007	22105	Estopiñán del Castillo	0	
2007	22106	Fago	1	
2007	22107	Fanlo	0	
2007	22109	Fiscal	2	
2007	22110	Fonz	3	
2007	22111	Foradada del Toscar	0	
2007	22112	Fraga	26	
2007	22113	Fueva (La)	2	
2007	22114	Gistaín	1	
2007	22115	Grado (El)	1	
2007	22116	Grañén	30	
2007	22117	Graus	7	
2007	22119	Gurrea de Gállego	14	
2007	22122	Hoz de Jaca	3	
2007	22124	Huerto	6	
2007	22125	Huesca	389	
2007	22126	Ibieca	1	
2007	22127	Igriés	6	
2007	22128	Ilche	0	
2007	22129	Isábena	0	
2007	22130	Jaca	55	
2007	22131	Jasa	3	
2007	22133	Labuerda	2	
2007	22135	Laluenga	0	
2007	22136	Lalueza	18	
2007	22137	Lanaja	12	
2007	22139	Laperdiguera	0	
2007	22141	Lascellas-Ponzano	0	
2007	22142	Lascuarre	0	
2007	22143	Laspaúles	0	
2007	22144	Laspuña	2	
2007	22149	Loarre	1	
2007	22150	Loporzano	5	
2007	22151	Loscorrales	1	
2007	22155	Monesma y Cajigar	0	
2007	22156	Monflorite-Lascasas	3	
2007	22157	Montanuy	0	
2007	22158	Monzón	32	
2007	22160	Naval	0	
2007	22162	Novales	2	
2007	22163	Nueno	4	
2007	22164	Olvena	0	
2007	22165	Ontiñena	1	
2007	22167	Osso de Cinca	2	
2007	22168	Palo	0	
2007	22170	Panticosa	25	
2007	22172	Peñalba	11	
2007	22173	Peñas de Riglos (Las)	1	
2007	22174	Peralta de Alcofea	1	
2007	22175	Peralta de Calasanz	2	
2007	22176	Peraltilla	0	
2007	22177	Perarrúa	0	
2007	22178	Pertusa	1	
2007	22181	Piracés	2	
2007	22182	Plan	1	
2007	22184	Poleñino	10	
2007	22186	Pozán de Vero	0	
2007	22187	Puebla de Castro (La)	0	
2007	22188	Puente de Montañana	0	
2007	22189	Puértolas	1	
2007	22190	Pueyo de Araguás (El)	1	
2007	22193	Pueyo de Santa Cruz	1	
2007	22195	Quicena	2	
2007	22197	Robres	9	
2007	22199	Sabiñánigo	151	
2007	22200	Sahún	0	
2007	22201	Salas Altas	0	
2007	22202	Salas Bajas	0	
2007	22203	Salillas	1	
2007	22204	Sallent de Gállego	67	
2007	22205	San Esteban de Litera	1	
2007	22206	Sangarrén	4	
2007	22207	San Juan de Plan	1	
2007	22208	Santa Cilia	7	
2007	22209	Santa Cruz de la Serós	4	
2007	22212	Santaliestra y San Quílez	0	
2007	22213	Sariñena	56	
2007	22214	Secastilla	0	
2007	22215	Seira	0	
2007	22217	Sena	9	
2007	22218	Senés de Alcubierre	1	
2007	22220	Sesa	2	
2007	22221	Sesué	0	
2007	22222	Siétamo	5	
2007	22223	Sopeira	0	
2007	22225	Tamarite de Litera	13	
2007	22226	Tardienta	19	
2007	22227	Tella-Sin	1	
2007	22228	Tierz	2	
2007	22229	Tolva	0	
2007	22230	Torla-Ordesa	3	
2007	22232	Torralba de Aragón	4	
2007	22233	Torre la Ribera	0	
2007	22234	Torrente de Cinca	3	
2007	22235	Torres de Alcanadre	0	
2007	22236	Torres de Barbués	9	
2007	22239	Tramaced	1	
2007	22242	Valfarta	2	
2007	22243	Valle de Bardají	0	
2007	22244	Valle de Lierp	0	
2007	22245	Velilla de Cinca	1	
2007	22246	Beranuy	0	
2007	22247	Viacamp y Litera	0	
2007	22248	Vicién	1	
2007	22249	Villanova	0	
2007	22250	Villanúa	11	
2007	22251	Villanueva de Sigena	9	
2007	22252	Yebra de Basa	1	
2007	22253	Yésero	1	
2007	22254	Zaidín	6	
2007	22901	Valle de Hecho	15	
2007	22902	Puente la Reina de Jaca	6	
2007	22903	San Miguel del Cinca	2	
2007	22904	Sotonera (La)	10	
2007	22905	Lupiñén-Ortilla	4	
2007	22906	Santa María de Dulcis	0	
2007	22907	Aínsa-Sobrarbe	17	
2007	22908	Hoz y Costeán	0	
2007	22909	Vencillón	1	
2007	44001	Ababuj	1	
2007	44002	Abejuela	0	
2007	44003	Aguatón	1	
2007	44004	Aguaviva	1	
2007	44005	Aguilar del Alfambra	1	
2007	44006	Alacón	1	
2007	44007	Alba	1	
2007	44008	Albalate del Arzobispo	24	
2007	44009	Albarracín	2	
2007	44010	Albentosa	0	
2007	44011	Alcaine	0	
2007	44012	Alcalá de la Selva	0	
2007	44013	Alcañiz	25	
2007	44014	Alcorisa	6	
2007	44016	Alfambra	4	
2007	44017	Aliaga	2	
2007	44018	Almohaja	1	
2007	44019	Alobras	1	
2007	44020	Alpeñés	1	
2007	44021	Allepuz	0	
2007	44022	Alloza	3	
2007	44023	Allueva	0	
2007	44024	Anadón	0	
2007	44025	Andorra	18	
2007	44026	Arcos de las Salinas	0	
2007	44027	Arens de Lledó	3	
2007	44028	Argente	1	
2007	44029	Ariño	2	
2007	44031	Azaila	6	
2007	44032	Bádenas	0	
2007	44033	Báguena	1	
2007	44034	Bañón	0	
2007	44035	Barrachina	0	
2007	44036	Bea	0	
2007	44037	Beceite	7	
2007	44038	Belmonte de San José	0	
2007	44039	Bello	0	
2007	44040	Berge	0	
2007	44041	Bezas	0	
2007	44042	Blancas	0	
2007	44043	Blesa	0	
2007	44044	Bordón	0	
2007	44045	Bronchales	0	
2007	44046	Bueña	0	
2007	44047	Burbáguena	0	
2007	44048	Cabra de Mora	0	
2007	44049	Calaceite	12	
2007	44050	Calamocha	9	
2007	44051	Calanda	7	
2007	44052	Calomarde	0	
2007	44053	Camañas	1	
2007	44054	Camarena de la Sierra	0	
2007	44055	Camarillas	1	
2007	44056	Caminreal	2	
2007	44059	Cantavieja	0	
2007	44060	Cañada de Benatanduz	0	
2007	44061	Cañada de Verich (La)	0	
2007	44062	Cañada Vellida	1	
2007	44063	Cañizar del Olivar	0	
2007	44064	Cascante del Río	1	
2007	44065	Castejón de Tornos	0	
2007	44066	Castel de Cabra	1	
2007	44067	Castelnou	3	
2007	44068	Castelserás	2	
2007	44070	Castellar (El)	0	
2007	44071	Castellote	0	
2007	44074	Cedrillas	3	
2007	44075	Celadas	2	
2007	44076	Cella	13	
2007	44077	Cerollera (La)	0	
2007	44080	Codoñera (La)	0	
2007	44082	Corbalán	1	
2007	44084	Cortes de Aragón	1	
2007	44085	Cosa	0	
2007	44086	Cretas	7	
2007	44087	Crivillén	1	
2007	44088	Cuba (La)	0	
2007	44089	Cubla	1	
2007	44090	Cucalón	0	
2007	44092	Cuervo (El)	1	
2007	44093	Cuevas de Almudén	0	
2007	44094	Cuevas Labradas	1	
2007	44096	Ejulve	1	
2007	44097	Escorihuela	1	
2007	44099	Escucha	0	
2007	44100	Estercuel	1	
2007	44101	Ferreruela de Huerva	0	
2007	44102	Fonfría	0	
2007	44103	Formiche Alto	0	
2007	44105	Fórnoles	2	
2007	44106	Fortanete	0	
2007	44107	Foz-Calanda	0	
2007	44108	Fresneda (La)	6	
2007	44109	Frías de Albarracín	0	
2007	44110	Fuenferrada	0	
2007	44111	Fuentes Calientes	1	
2007	44112	Fuentes Claras	0	
2007	44113	Fuentes de Rubielos	0	
2007	44114	Fuentespalda	4	
2007	44115	Galve	1	
2007	44116	Gargallo	1	
2007	44117	Gea de Albarracín	1	
2007	44118	Ginebrosa (La)	0	
2007	44119	Griegos	0	
2007	44120	Guadalaviar	0	
2007	44121	Gúdar	0	
2007	44122	Híjar	11	
2007	44123	Hinojosa de Jarque	0	
2007	44124	Hoz de la Vieja (La)	1	
2007	44125	Huesa del Común	1	
2007	44126	Iglesuela del Cid (La)	0	
2007	44127	Jabaloyas	0	
2007	44128	Jarque de la Val	0	
2007	44129	Jatiel	3	
2007	44130	Jorcas	1	
2007	44131	Josa	0	
2007	44132	Lagueruela	0	
2007	44133	Lanzuela	0	
2007	44135	Libros	1	
2007	44136	Lidón	1	
2007	44137	Linares de Mora	0	
2007	44138	Loscos	1	
2007	44141	Lledó	2	
2007	44142	Maicas	0	
2007	44143	Manzanera	0	
2007	44144	Martín del Río	2	
2007	44145	Mas de las Matas	3	
2007	44146	Mata de los Olmos (La)	0	
2007	44147	Mazaleón	6	
2007	44148	Mezquita de Jarque	0	
2007	44149	Mirambel	0	
2007	44150	Miravete de la Sierra	0	
2007	44151	Molinos	0	
2007	44152	Monforte de Moyuela	0	
2007	44153	Monreal del Campo	5	
2007	44154	Monroyo	6	
2007	44155	Montalbán	4	
2007	44156	Monteagudo del Castillo	1	
2007	44157	Monterde de Albarracín	0	
2007	44158	Mora de Rubielos	0	
2007	44159	Moscardón	0	
2007	44160	Mosqueruela	0	
2007	44161	Muniesa	2	
2007	44163	Noguera de Albarracín	0	
2007	44164	Nogueras	0	
2007	44165	Nogueruelas	0	
2007	44167	Obón	0	
2007	44168	Odón	0	
2007	44169	Ojos Negros	0	
2007	44171	Olba	0	
2007	44172	Oliete	1	
2007	44173	Olmos (Los)	0	
2007	44174	Orihuela del Tremedal	0	
2007	44175	Orrios	1	
2007	44176	Palomar de Arroyos	1	
2007	44177	Pancrudo	4	
2007	44178	Parras de Castellote (Las)	0	
2007	44179	Peñarroya de Tastavins	7	
2007	44180	Peracense	0	
2007	44181	Peralejos	1	
2007	44182	Perales del Alfambra	2	
2007	44183	Pitarque	0	
2007	44184	Plou	0	
2007	44185	Pobo (El)	1	
2007	44187	Portellada (La)	2	
2007	44189	Pozondón	0	
2007	44190	Pozuel del Campo	0	
2007	44191	Puebla de Híjar (La)	13	
2007	44192	Puebla de Valverde (La)	1	
2007	44193	Puertomingalvo	0	
2007	44194	Ráfales	3	
2007	44195	Rillo	2	
2007	44196	Riodeva	1	
2007	44197	Ródenas	0	
2007	44198	Royuela	0	
2007	44199	Rubiales	0	
2007	44200	Rubielos de la Cérida	0	
2007	44201	Rubielos de Mora	0	
2007	44203	Salcedillo	0	
2007	44204	Saldón	0	
2007	44205	Samper de Calanda	11	
2007	44206	San Agustín	0	
2007	44207	San Martín del Río	0	
2007	44208	Santa Cruz de Nogueras	0	
2007	44209	Santa Eulalia	6	
2007	44210	Sarrión	0	
2007	44211	Segura de los Baños	0	
2007	44212	Seno	0	
2007	44213	Singra	0	
2007	44215	Terriente	0	
2007	44216	Teruel	99	
2007	44217	Toril y Masegoso	0	
2007	44218	Tormón	1	
2007	44219	Tornos	0	
2007	44220	Torralba de los Sisones	0	
2007	44221	Torrecilla de Alcañiz	1	
2007	44222	Torrecilla del Rebollar	0	
2007	44223	Torre de Arcas	2	
2007	44224	Torre de las Arcas	0	
2007	44225	Torre del Compte	2	
2007	44226	Torrelacárcel	1	
2007	44227	Torre los Negros	0	
2007	44228	Torremocha de Jiloca	1	
2007	44229	Torres de Albarracín	0	
2007	44230	Torrevelilla	0	
2007	44231	Torrijas	0	
2007	44232	Torrijo del Campo	0	
2007	44234	Tramacastiel	2	
2007	44235	Tramacastilla	0	
2007	44236	Tronchón	0	
2007	44237	Urrea de Gaén	7	
2007	44238	Utrillas	0	
2007	44239	Valacloche	1	
2007	44240	Valbona	0	
2007	44241	Valdealgorfa	2	
2007	44243	Valdecuenca	0	
2007	44244	Valdelinares	0	
2007	44245	Valdeltormo	4	
2007	44246	Valderrobres	20	
2007	44247	Valjunquera	4	
2007	44249	Vallecillo (El)	0	
2007	44250	Veguillas de la Sierra	1	
2007	44251	Villafranca del Campo	0	
2007	44252	Villahermosa del Campo	0	
2007	44256	Villanueva del Rebollar de la Sierra	0	
2007	44257	Villar del Cobo	0	
2007	44258	Villar del Salz	0	
2007	44260	Villarluengo	0	
2007	44261	Villarquemado	5	
2007	44262	Villarroya de los Pinares	1	
2007	44263	Villastar	2	
2007	44264	Villel	2	
2007	44265	Vinaceite	4	
2007	44266	Visiedo	1	
2007	44267	Vivel del Río Martín	0	
2007	44268	Zoma (La)	0	
2007	50001	Abanto	2	
2007	50002	Acered	1	
2007	50003	Agón	3	
2007	50004	Aguarón	2	
2007	50005	Aguilón	2	
2007	50006	Ainzón	15	
2007	50007	Aladrén	1	
2007	50008	Alagón	70	
2007	50009	Alarba	1	
2007	50010	Alberite de San Juan	4	
2007	50011	Albeta	6	
2007	50012	Alborge	0	
2007	50013	Alcalá de Ebro	4	
2007	50014	Alcalá de Moncayo	2	
2007	50015	Alconchel de Ariza	1	
2007	50016	Aldehuela de Liestos	1	
2007	50017	Alfajarín	8	
2007	50018	Alfamén	5	
2007	50019	Alforque	0	
2007	50020	Alhama de Aragón	6	
2007	50021	Almochuel	0	
2007	50022	Almolda (La)	8	
2007	50023	Almonacid de la Cuba	2	
2007	50024	Almonacid de la Sierra	3	
2007	50025	Almunia de Doña Godina (La)	11	
2007	50026	Alpartir	2	
2007	50027	Ambel	5	
2007	50028	Anento	1	
2007	50029	Aniñón	3	
2007	50030	Añón de Moncayo	4	
2007	50031	Aranda de Moncayo	0	
2007	50032	Arándiga	2	
2007	50033	Ardisa	0	
2007	50034	Ariza	8	
2007	50035	Artieda	1	
2007	50036	Asín	0	
2007	50037	Atea	1	
2007	50038	Ateca	7	
2007	50039	Azuara	3	
2007	50040	Badules	1	
2007	50041	Bagüés	0	
2007	50042	Balconchán	1	
2007	50043	Bárboles	3	
2007	50044	Bardallur	1	
2007	50045	Belchite	5	
2007	50046	Belmonte de Gracián	1	
2007	50047	Berdejo	1	
2007	50048	Berrueco	1	
2007	50050	Bijuesca	1	
2007	50051	Biota	2	
2007	50052	Bisimbre	3	
2007	50053	Boquiñeni	9	
2007	50054	Bordalba	1	
2007	50055	Borja	75	
2007	50056	Botorrita	3	
2007	50057	Brea de Aragón	4	
2007	50058	Bubierca	1	
2007	50059	Bujaraloz	16	
2007	50060	Bulbuente	6	
2007	50061	Bureta	6	
2007	50062	Burgo de Ebro (El)	12	
2007	50063	Buste (El)	1	
2007	50064	Cabañas de Ebro	5	
2007	50065	Cabolafuente	1	
2007	50066	Cadrete	13	
2007	50067	Calatayud	50	
2007	50068	Calatorao	10	
2007	50069	Calcena	0	
2007	50070	Calmarza	1	
2007	50071	Campillo de Aragón	1	
2007	50072	Carenas	2	
2007	50073	Cariñena	14	
2007	50074	Caspe	21	
2007	50075	Castejón de Alarba	1	
2007	50076	Castejón de las Armas	1	
2007	50077	Castejón de Valdejasa	1	
2007	50078	Castiliscar	1	
2007	50079	Cervera de la Cañada	2	
2007	50080	Cerveruela	1	
2007	50081	Cetina	2	
2007	50082	Cimballa	1	
2007	50083	Cinco Olivas	0	
2007	50084	Clarés de Ribota	1	
2007	50085	Codo	1	
2007	50086	Codos	2	
2007	50087	Contamina	1	
2007	50088	Cosuenda	3	
2007	50089	Cuarte de Huerva	9	
2007	50090	Cubel	1	
2007	50091	Cuerlas (Las)	1	
2007	50092	Chiprana	2	
2007	50093	Chodes	1	
2007	50094	Daroca	6	
2007	50095	Ejea de los Caballeros	51	
2007	50096	Embid de Ariza	1	
2007	50098	Encinacorba	2	
2007	50099	Épila	12	
2007	50100	Erla	1	
2007	50101	Escatrón	5	
2007	50102	Fabara	5	
2007	50104	Farlete	5	
2007	50105	Fayón	0	
2007	50106	Fayos (Los)	3	
2007	50107	Figueruelas	11	
2007	50108	Fombuena	1	
2007	50109	Frago (El)	0	
2007	50110	Frasno (El)	2	
2007	50111	Fréscano	5	
2007	50113	Fuendejalón	15	
2007	50114	Fuendetodos	1	
2007	50115	Fuentes de Ebro	22	
2007	50116	Fuentes de Jiloca	2	
2007	50117	Gallocanta	1	
2007	50118	Gallur	31	
2007	50119	Gelsa	6	
2007	50120	Godojos	1	
2007	50121	Gotor	0	
2007	50122	Grisel	1	
2007	50123	Grisén	4	
2007	50124	Herrera de los Navarros	2	
2007	50125	Ibdes	2	
2007	50126	Illueca	9	
2007	50128	Isuerre	0	
2007	50129	Jaraba	2	
2007	50130	Jarque de Moncayo	1	
2007	50131	Jaulín	2	
2007	50132	Joyosa (La)	7	
2007	50133	Lagata	1	
2007	50134	Langa del Castillo	1	
2007	50135	Layana	0	
2007	50136	Lécera	4	
2007	50137	Leciñena	10	
2007	50138	Lechón	1	
2007	50139	Letux	2	
2007	50140	Litago	4	
2007	50141	Lituénigo	3	
2007	50142	Lobera de Onsella	0	
2007	50143	Longares	5	
2007	50144	Longás	0	
2007	50146	Lucena de Jalón	1	
2007	50147	Luceni	11	
2007	50148	Luesia	1	
2007	50149	Luesma	1	
2007	50150	Lumpiaque	3	
2007	50151	Luna	2	
2007	50152	Maella	8	
2007	50153	Magallón	18	
2007	50154	Mainar	1	
2007	50155	Malanquilla	1	
2007	50156	Maleján	5	
2007	50157	Malón	8	
2007	50159	Maluenda	3	
2007	50160	Mallén	48	
2007	50161	Manchones	1	
2007	50162	Mara	2	
2007	50163	María de Huerva	5	
2007	50164	Mediana de Aragón	2	
2007	50165	Mequinenza	5	
2007	50166	Mesones de Isuela	0	
2007	50167	Mezalocha	2	
2007	50168	Mianos	1	
2007	50169	Miedes de Aragón	2	
2007	50170	Monegrillo	6	
2007	50171	Moneva	2	
2007	50172	Monreal de Ariza	2	
2007	50173	Monterde	2	
2007	50174	Montón	1	
2007	50175	Morata de Jalón	4	
2007	50176	Morata de Jiloca	2	
2007	50177	Morés	3	
2007	50178	Moros	2	
2007	50179	Moyuela	2	
2007	50180	Mozota	2	
2007	50181	Muel	9	
2007	50182	Muela (La)	6	
2007	50183	Munébrega	3	
2007	50184	Murero	1	
2007	50185	Murillo de Gállego	3	
2007	50186	Navardún	0	
2007	50187	Nigüella	1	
2007	50188	Nombrevilla	1	
2007	50189	Nonaspe	4	
2007	50190	Novallas	14	
2007	50191	Novillas	10	
2007	50192	Nuévalos	3	
2007	50193	Nuez de Ebro	5	
2007	50194	Olvés	1	
2007	50195	Orcajo	1	
2007	50196	Orera	1	
2007	50197	Orés	0	
2007	50198	Oseja	0	
2007	50199	Osera de Ebro	3	
2007	50200	Paniza	2	
2007	50201	Paracuellos de Jiloca	2	
2007	50202	Paracuellos de la Ribera	1	
2007	50203	Pastriz	9	
2007	50204	Pedrola	29	
2007	50205	Pedrosas (Las)	0	
2007	50206	Perdiguera	9	
2007	50207	Piedratajada	0	
2007	50208	Pina de Ebro	8	
2007	50209	Pinseque	21	
2007	50210	Pintanos (Los)	0	
2007	50211	Plasencia de Jalón	1	
2007	50212	Pleitas	1	
2007	50213	Plenas	1	
2007	50214	Pomer	0	
2007	50215	Pozuel de Ariza	1	
2007	50216	Pozuelo de Aragón	4	
2007	50217	Pradilla de Ebro	6	
2007	50218	Puebla de Albortón	1	
2007	50219	Puebla de Alfindén (La)	9	
2007	50220	Puendeluna	0	
2007	50221	Purujosa	0	
2007	50222	Quinto	7	
2007	50223	Remolinos	12	
2007	50224	Retascón	1	
2007	50225	Ricla	6	
2007	50227	Romanos	1	
2007	50228	Rueda de Jalón	1	
2007	50229	Ruesca	1	
2007	50230	Sádaba	3	
2007	50231	Salillas de Jalón	1	
2007	50232	Salvatierra de Esca	5	
2007	50233	Samper del Salz	1	
2007	50234	San Martín de la Virgen de Moncayo	3	
2007	50235	San Mateo de Gállego	4	
2007	50236	Santa Cruz de Grío	1	
2007	50237	Santa Cruz de Moncayo	3	
2007	50238	Santa Eulalia de Gállego	1	
2007	50239	Santed	1	
2007	50240	Sástago	5	
2007	50241	Saviñán	6	
2007	50242	Sediles	1	
2007	50243	Sestrica	1	
2007	50244	Sierra de Luna	0	
2007	50245	Sigüés	3	
2007	50246	Sisamón	1	
2007	50247	Sobradiel	7	
2007	50248	Sos del Rey Católico	2	
2007	50249	Tabuenca	5	
2007	50250	Talamantes	2	
2007	50251	Tarazona	38	
2007	50252	Tauste	22	
2007	50253	Terrer	2	
2007	50254	Tierga	0	
2007	50255	Tobed	2	
2007	50256	Torralba de los Frailes	1	
2007	50257	Torralba de Ribota	2	
2007	50258	Torralbilla	1	
2007	50259	Torrehermosa	1	
2007	50260	Torrelapaja	2	
2007	50261	Torrellas	8	
2007	50262	Torres de Berrellén	13	
2007	50263	Torrijo de la Cañada	2	
2007	50264	Tosos	2	
2007	50265	Trasmoz	1	
2007	50266	Trasobares	0	
2007	50267	Uncastillo	2	
2007	50268	Undués de Lerda	0	
2007	50269	Urrea de Jalón	1	
2007	50270	Urriés	0	
2007	50271	Used	2	
2007	50272	Utebo	39	
2007	50273	Valdehorna	1	
2007	50274	Val de San Martín	1	
2007	50275	Valmadrid	2	
2007	50276	Valpalmas	0	
2007	50277	Valtorres	1	
2007	50278	Velilla de Ebro	0	
2007	50279	Velilla de Jiloca	1	
2007	50280	Vera de Moncayo	12	
2007	50281	Vierlas	2	
2007	50282	Vilueña (La)	1	
2007	50283	Villadoz	1	
2007	50284	Villafeliche	2	
2007	50285	Villafranca de Ebro	2	
2007	50286	Villalba de Perejil	1	
2007	50287	Villalengua	2	
2007	50288	Villanueva de Gállego	8	
2007	50289	Villanueva de Jiloca	1	
2007	50290	Villanueva de Huerva	5	
2007	50291	Villar de los Navarros	1	
2007	50292	Villarreal de Huerva	1	
2007	50293	Villarroya de la Sierra	3	
2007	50294	Villarroya del Campo	1	
2007	50295	Vistabella	0	
2007	50296	Zaida (La)	4	
2007	50297	Zaragoza	1408	
2007	50298	Zuera	22	
2007	50901	Biel	0	
2007	50902	Marracos	0	
2007	50903	Villamayor de Gállego	0	
2009	22001	Abiego	0	0
2009	22002	Abizanda	2	3890
2009	22003	Adahuesca	0	0
2009	22004	Agüero	2	5161
2009	22006	Aísa	18	17746
2009	22007	Albalate de Cinca	2	12839
2009	22008	Albalatillo	5	5185
2009	22009	Albelda	3	15220
2009	22011	Albero Alto	1	3751
2009	22012	Albero Bajo	2	2342
2009	22013	Alberuela de Tubo	9	7485
2009	22014	Alcalá de Gurrea	4	9136
2009	22015	Alcalá del Obispo	3	13624
2009	22016	Alcampell	3	13926
2009	22017	Alcolea de Cinca	2	13112
2009	22018	Alcubierre	5	9325
2009	22019	Alerre	2	7181
2009	22020	Alfántega	1	1361
2009	22021	Almudévar	15	78506
2009	22022	Almunia de San Juan	1	7264
2009	22023	Almuniente	10	11750
2009	22024	Alquézar	0	0
2009	22025	Altorricón	5	26085
2009	22027	Angüés	3	13560
2009	22028	Ansó	10	21895
2009	22029	Antillón	1	5289
2009	22032	Aragüés del Puerto	2	5650
2009	22035	Arén	0	0
2009	22036	Argavieso	1	4231
2009	22037	Arguis	2	3366
2009	22039	Ayerbe	7	36095
2009	22040	Azanuy-Alins	2	3272
2009	22041	Azara	0	0
2009	22042	Azlor	0	0
2009	22043	Baells	2	2169
2009	22044	Bailo	7	9668
2009	22045	Baldellou	1	2029
2009	22046	Ballobar	7	14964
2009	22047	Banastás	2	8463
2009	22048	Barbastro	35	252769
2009	22049	Barbués	2	2216
2009	22050	Barbuñales	0	0
2009	22051	Bárcabo	0	0
2009	22052	Belver de Cinca	5	20859
2009	22053	Benabarre	5	9010
2009	22054	Benasque	4	16303
2009	22055	Berbegal	2	7176
2009	22057	Bielsa	4	15799
2009	22058	Bierge	0	0
2009	22059	Biescas	43	75575
2009	22060	Binaced	3	16705
2009	22061	Binéfar	40	162492
2009	22062	Bisaurri	0	0
2009	22063	Biscarrués	1	7405
2009	22064	Blecua y Torres	2	5962
2009	22066	Boltaña	8	30581
2009	22067	Bonansa	0	0
2009	22068	Borau	1	3223
2009	22069	Broto	5	16458
2009	22072	Caldearenas	11	10153
2009	22074	Campo	0	0
2009	22075	Camporrells	1	3604
2009	22076	Canal de Berdún	9	18187
2009	22077	Candasnos	2	6454
2009	22078	Canfranc	14	28605
2009	22079	Capdesaso	3	3283
2009	22080	Capella	0	0
2009	22081	Casbas de Huesca	3	9841
2009	22082	Castejón del Puente	2	6930
2009	22083	Castejón de Monegros	8	13946
2009	22084	Castejón de Sos	1	5803
2009	22085	Castelflorite	3	2697
2009	22086	Castiello de Jaca	6	11345
2009	22087	Castigaleu	0	0
2009	22088	Castillazuelo	0	0
2009	22089	Castillonroy	1	6840
2009	22090	Colungo	0	0
2009	22094	Chalamera	0	0
2009	22095	Chía	0	0
2009	22096	Chimillas	3	11412
2009	22099	Esplús	3	12579
2009	22102	Estada	0	0
2009	22103	Estadilla	2	13431
2009	22105	Estopiñán del Castillo	0	0
2009	22106	Fago	1	1368
2009	22107	Fanlo	0	0
2009	22109	Fiscal	4	9007
2009	22110	Fonz	3	11228
2009	22111	Foradada del Toscar	0	0
2009	22112	Fraga	40	212127
2009	22113	Fueva (La)	2	18941
2009	22114	Gistaín	1	4698
2009	22115	Grado (El)	2	7804
2009	22116	Grañén	34	42673
2009	22117	Graus	7	27134
2009	22119	Gurrea de Gállego	14	54816
2009	22122	Hoz de Jaca	3	3178
2009	22124	Huerto	6	5729
2009	22125	Huesca	433	2193770
2009	22126	Ibieca	1	3654
2009	22127	Igriés	7	16990
2009	22128	Ilche	0	0
2009	22129	Isábena	0	0
2009	22130	Jaca	70	444540
2009	22131	Jasa	4	5386
2009	22133	Labuerda	2	5386
2009	22135	Laluenga	0	0
2009	22136	Lalueza	18	23772
2009	22137	Lanaja	12	30902
2009	22139	Laperdiguera	0	0
2009	22141	Lascellas-Ponzano	0	0
2009	22142	Lascuarre	0	0
2009	22143	Laspaúles	0	0
2009	22144	Laspuña	2	9037
2009	22149	Loarre	3	11829
2009	22150	Loporzano	5	17342
2009	22151	Loscorrales	1	3462
2009	22155	Monesma y Cajigar	0	0
2009	22156	Monflorite-Lascasas	4	9008
2009	22157	Montanuy	0	0
2009	22158	Monzón	46	270175
2009	22160	Naval	0	0
2009	22162	Novales	2	5578
2009	22163	Nueno	4	16797
2009	22164	Olvena	0	0
2009	22165	Ontiñena	3	9326
2009	22167	Osso de Cinca	4	11699
2009	22168	Palo	0	0
2009	22170	Panticosa	36	36949
2009	22172	Peñalba	11	15660
2009	22173	Peñas de Riglos (Las)	6	8944
2009	22174	Peralta de Alcofea	2	9920
2009	22175	Peralta de Calasanz	2	4339
2009	22176	Peraltilla	0	0
2009	22177	Perarrúa	0	0
2009	22178	Pertusa	1	3911
2009	22181	Piracés	2	3109
2009	22182	Plan	1	9845
2009	22184	Poleñino	10	4746
2009	22186	Pozán de Vero	0	0
2009	22187	Puebla de Castro (La)	0	0
2009	22188	Puente de Montañana	0	0
2009	22189	Puértolas	1	7541
2009	22190	Pueyo de Araguás (El)	1	4638
2009	22193	Pueyo de Santa Cruz	1	3986
2009	22195	Quicena	2	9809
2009	22197	Robres	10	13444
2009	22199	Sabiñánigo	154	446385
2009	22200	Sahún	0	0
2009	22201	Salas Altas	0	0
2009	22202	Salas Bajas	0	0
2009	22203	Salillas	1	3815
2009	22204	Sallent de Gállego	74	60742
2009	22205	San Esteban de Litera	1	9622
2009	22206	Sangarrén	4	5687
2009	22207	San Juan de Plan	2	4578
2009	22208	Santa Cilia	8	8873
2009	22209	Santa Cruz de la Serós	5	6313
2009	22212	Santaliestra y San Quílez	0	0
2009	22213	Sariñena	68	90071
2009	22214	Secastilla	0	0
2009	22215	Seira	0	0
2009	22217	Sena	9	11687
2009	22218	Senés de Alcubierre	1	1275
2009	22220	Sesa	2	7726
2009	22221	Sesué	0	0
2009	22222	Siétamo	5	20035
2009	22223	Sopeira	0	0
2009	22225	Tamarite de Litera	13	64993
2009	22226	Tardienta	21	21807
2009	22227	Tella-Sin	2	9186
2009	22228	Tierz	3	20163
2009	22229	Tolva	0	0
2009	22230	Torla-Ordesa	3	9665
2009	22232	Torralba de Aragón	5	2425
2009	22233	Torre la Ribera	0	0
2009	22234	Torrente de Cinca	6	15372
2009	22235	Torres de Alcanadre	0	0
2009	22236	Torres de Barbués	9	6690
2009	22239	Tramaced	1	3398
2009	22242	Valfarta	2	1924
2009	22243	Valle de Bardají	0	0
2009	22244	Valle de Lierp	0	0
2009	22245	Velilla de Cinca	2	7180
2009	22246	Beranuy	0	0
2009	22247	Viacamp y Litera	0	0
2009	22248	Vicién	1	3975
2009	22249	Villanova	0	0
2009	22250	Villanúa	12	21145
2009	22251	Villanueva de Sigena	9	10977
2009	22252	Yebra de Basa	1	6798
2009	22253	Yésero	1	3399
2009	22254	Zaidín	5	26633
2009	22901	Valle de Hecho	15	41893
2009	22902	Puente la Reina de Jaca	6	9800
2009	22903	San Miguel del Cinca	2	9420
2009	22904	Sotonera (La)	10	33916
2009	22905	Lupiñén-Ortilla	4	11797
2009	22906	Santa María de Dulcis	0	0
2009	22907	Aínsa-Sobrarbe	18	62689
2009	22908	Hoz y Costeán	0	0
2009	22909	Vencillón	1	8135
2009	44001	Ababuj	1	1105
2009	44002	Abejuela	0	0
2009	44003	Aguatón	1	280
2009	44004	Aguaviva	7	6121
2009	44005	Aguilar del Alfambra	1	945
2009	44006	Alacón	6	3886
2009	44007	Alba	1	3249
2009	44008	Albalate del Arzobispo	27	42632
2009	44009	Albarracín	4	14141
2009	44010	Albentosa	2	3949
2009	44011	Alcaine	1	828
2009	44012	Alcalá de la Selva	5	6446
2009	44013	Alcañiz	35	244954
2009	44014	Alcorisa	33	31473
2009	44016	Alfambra	5	9853
2009	44017	Aliaga	2	5287
2009	44018	Almohaja	1	373
2009	44019	Alobras	1	972
2009	44020	Alpeñés	1	333
2009	44021	Allepuz	2	1784
2009	44022	Alloza	6	6720
2009	44023	Allueva	0	0
2009	44024	Anadón	1	255
2009	44025	Andorra	50	78578
2009	44026	Arcos de las Salinas	2	1465
2009	44027	Arens de Lledó	3	4744
2009	44028	Argente	1	3196
2009	44029	Ariño	6	9043
2009	44031	Azaila	8	2959
2009	44032	Bádenas	0	0
2009	44033	Báguena	1	4840
2009	44034	Bañón	0	0
2009	44035	Barrachina	0	0
2009	44036	Bea	0	0
2009	44037	Beceite	7	13795
2009	44038	Belmonte de San José	2	725
2009	44039	Bello	0	0
2009	44040	Berge	3	1367
2009	44041	Bezas	1	917
2009	44042	Blancas	0	0
2009	44043	Blesa	1	1580
2009	44044	Bordón	2	1682
2009	44045	Bronchales	3	6217
2009	44046	Bueña	0	0
2009	44047	Burbáguena	0	0
2009	44048	Cabra de Mora	2	1338
2009	44049	Calaceite	12	24748
2009	44050	Calamocha	9	52035
2009	44051	Calanda	33	32606
2009	44052	Calomarde	1	1223
2009	44053	Camañas	1	1545
2009	44054	Camarena de la Sierra	0	0
2009	44055	Camarillas	1	1611
2009	44056	Caminreal	5	6280
2009	44059	Cantavieja	10	9364
2009	44060	Cañada de Benatanduz	2	650
2009	44061	Cañada de Verich (La)	2	564
2009	44062	Cañada Vellida	1	586
2009	44063	Cañizar del Olivar	1	1350
2009	44064	Cascante del Río	1	1212
2009	44065	Castejón de Tornos	0	0
2009	44066	Castel de Cabra	1	1873
2009	44067	Castelnou	3	2138
2009	44068	Castelserás	8	7152
2009	44070	Castellar (El)	2	955
2009	44071	Castellote	10	10599
2009	44074	Cedrillas	6	8002
2009	44075	Celadas	3	5859
2009	44076	Cella	13	41570
2009	44077	Cerollera (La)	2	647
2009	44080	Codoñera (La)	4	1937
2009	44082	Corbalán	1	1252
2009	44084	Cortes de Aragón	1	1096
2009	44085	Cosa	0	0
2009	44086	Cretas	7	13817
2009	44087	Crivillén	6	900
2009	44088	Cuba (La)	2	866
2009	44089	Cubla	1	772
2009	44090	Cucalón	0	0
2009	44092	Cuervo (El)	1	1505
2009	44093	Cuevas de Almudén	1	1567
2009	44094	Cuevas Labradas	1	1944
2009	44096	Ejulve	6	2076
2009	44097	Escorihuela	1	2610
2009	44099	Escucha	5	13173
2009	44100	Estercuel	6	2417
2009	44101	Ferreruela de Huerva	0	0
2009	44102	Fonfría	0	0
2009	44103	Formiche Alto	2	2484
2009	44105	Fórnoles	2	2252
2009	44106	Fortanete	2	3058
2009	44107	Foz-Calanda	3	1548
2009	44108	Fresneda (La)	6	10712
2009	44109	Frías de Albarracín	1	2191
2009	44110	Fuenferrada	1	522
2009	44111	Fuentes Calientes	1	1545
2009	44112	Fuentes Claras	0	0
2009	44113	Fuentes de Rubielos	2	1618
2009	44114	Fuentespalda	4	7542
2009	44115	Galve	2	1811
2009	44116	Gargallo	6	1005
2009	44117	Gea de Albarracín	3	5695
2009	44118	Ginebrosa (La)	3	1279
2009	44119	Griegos	1	1835
2009	44120	Guadalaviar	2	3351
2009	44121	Gúdar	2	1363
2009	44122	Híjar	31	36809
2009	44123	Hinojosa de Jarque	2	1911
2009	44124	Hoz de la Vieja (La)	1	1223
2009	44125	Huesa del Común	1	1287
2009	44126	Iglesuela del Cid (La)	4	6434
2009	44127	Jabaloyas	1	1083
2009	44128	Jarque de la Val	1	1274
2009	44129	Jatiel	3	1088
2009	44130	Jorcas	1	613
2009	44131	Josa	1	420
2009	44132	Lagueruela	0	0
2009	44133	Lanzuela	0	0
2009	44135	Libros	1	1984
2009	44136	Lidón	1	879
2009	44137	Linares de Mora	2	4128
2009	44138	Loscos	0	0
2009	44141	Lledó	2	3979
2009	44142	Maicas	1	484
2009	44143	Manzanera	7	6892
2009	44144	Martín del Río	3	5937
2009	44145	Mas de las Matas	11	12318
2009	44146	Mata de los Olmos (La)	3	1388
2009	44147	Mazaleón	6	12724
2009	44148	Mezquita de Jarque	1	1669
2009	44149	Mirambel	2	1643
2009	44150	Miravete de la Sierra	1	522
2009	44151	Molinos	3	3835
2009	44152	Monforte de Moyuela	0	0
2009	44153	Monreal del Campo	5	22045
2009	44154	Monroyo	6	8417
2009	44155	Montalbán	7	18816
2009	44156	Monteagudo del Castillo	1	1025
2009	44157	Monterde de Albarracín	1	943
2009	44158	Mora de Rubielos	8	21645
2009	44159	Moscardón	1	752
2009	44160	Mosqueruela	7	8039
2009	44161	Muniesa	4	9096
2009	44163	Noguera de Albarracín	1	1822
2009	44164	Nogueras	0	0
2009	44165	Nogueruelas	2	3363
2009	44167	Obón	1	662
2009	44168	Odón	0	0
2009	44169	Ojos Negros	0	0
2009	44171	Olba	2	2803
2009	44172	Oliete	6	4777
2009	44173	Olmos (Los)	2	735
2009	44174	Orihuela del Tremedal	4	7351
2009	44175	Orrios	1	2290
2009	44176	Palomar de Arroyos	1	2675
2009	44177	Pancrudo	4	1385
2009	44178	Parras de Castellote (Las)	2	378
2009	44179	Peñarroya de Tastavins	7	11324
2009	44180	Peracense	0	0
2009	44181	Peralejos	1	1105
2009	44182	Perales del Alfambra	2	3941
2009	44183	Pitarque	2	1325
2009	44184	Plou	1	637
2009	44185	Pobo (El)	1	1851
2009	44187	Portellada (La)	2	5815
2009	44189	Pozondón	1	1057
2009	44190	Pozuel del Campo	0	0
2009	44191	Puebla de Híjar (La)	17	19435
2009	44192	Puebla de Valverde (La)	7	6879
2009	44193	Puertomingalvo	2	3300
2009	44194	Ráfales	3	3345
2009	44195	Rillo	2	1385
2009	44196	Riodeva	1	2636
2009	44197	Ródenas	1	981
2009	44198	Royuela	1	2841
2009	44199	Rubiales	1	739
2009	44200	Rubielos de la Cérida	0	0
2009	44201	Rubielos de Mora	7	9810
2009	44203	Salcedillo	1	166
2009	44204	Saldón	1	395
2009	44205	Samper de Calanda	15	18347
2009	44206	San Agustín	2	2140
2009	44207	San Martín del Río	0	0
2009	44208	Santa Cruz de Nogueras	0	0
2009	44209	Santa Eulalia	8	15486
2009	44210	Sarrión	11	14319
2009	44211	Segura de los Baños	1	497
2009	44212	Seno	2	217
2009	44213	Singra	0	0
2009	44215	Terriente	1	2382
2009	44216	Teruel	108	466528
2009	44217	Toril y Masegoso	1	433
2009	44218	Tormón	1	466
2009	44219	Tornos	0	0
2009	44220	Torralba de los Sisones	0	0
2009	44221	Torrecilla de Alcañiz	5	3691
2009	44222	Torrecilla del Rebollar	0	0
2009	44223	Torre de Arcas	2	2317
2009	44224	Torre de las Arcas	1	471
2009	44225	Torre del Compte	2	3542
2009	44226	Torrelacárcel	1	2903
2009	44227	Torre los Negros	0	0
2009	44228	Torremocha de Jiloca	1	1944
2009	44229	Torres de Albarracín	1	1924
2009	44230	Torrevelilla	3	999
2009	44231	Torrijas	2	930
2009	44232	Torrijo del Campo	0	0
2009	44234	Tramacastiel	2	1345
2009	44235	Tramacastilla	1	1554
2009	44236	Tronchón	2	1414
2009	44237	Urrea de Gaén	6	10023
2009	44238	Utrillas	15	42716
2009	44239	Valacloche	1	493
2009	44240	Valbona	2	2612
2009	44241	Valdealgorfa	7	5839
2009	44243	Valdecuenca	1	764
2009	44244	Valdelinares	2	1401
2009	44245	Valdeltormo	4	7389
2009	44246	Valderrobres	20	49014
2009	44247	Valjunquera	4	8963
2009	44249	Vallecillo (El)	1	522
2009	44250	Veguillas de la Sierra	1	386
2009	44251	Villafranca del Campo	0	0
2009	44252	Villahermosa del Campo	0	0
2009	44256	Villanueva del Rebollar de la Sierra	1	650
2009	44257	Villar del Cobo	1	2764
2009	44258	Villar del Salz	0	0
2009	44260	Villarluengo	4	2714
2009	44261	Villarquemado	6	12570
2009	44262	Villarroya de los Pinares	3	2382
2009	44263	Villastar	2	4780
2009	44264	Villel	2	5020
2009	44265	Vinaceite	4	6148
2009	44266	Visiedo	1	2157
2009	44267	Vivel del Río Martín	1	1172
2009	44268	Zoma (La)	1	280
2009	50001	Abanto	2	1072
2009	50002	Acered	1	1036
2009	50003	Agón	3	7419
2009	50004	Aguarón	2	13023
2009	50005	Aguilón	2	3735
2009	50006	Ainzón	15	56599
2009	50007	Aladrén	1	894
2009	50008	Alagón	71	138481
2009	50009	Alarba	2	1297
2009	50010	Alberite de San Juan	4	4354
2009	50011	Albeta	6	5998
2009	50012	Alborge	0	0
2009	50013	Alcalá de Ebro	5	5966
2009	50014	Alcalá de Moncayo	2	3478
2009	50015	Alconchel de Ariza	1	878
2009	50016	Aldehuela de Liestos	1	351
2009	50017	Alfajarín	8	29795
2009	50018	Alfamén	5	21085
2009	50019	Alforque	0	0
2009	50020	Alhama de Aragón	6	9757
2009	50021	Almochuel	0	0
2009	50022	Almolda (La)	8	13444
2009	50023	Almonacid de la Cuba	2	2304
2009	50024	Almonacid de la Sierra	3	5653
2009	50025	Almunia de Doña Godina (La)	11	28782
2009	50026	Alpartir	2	3876
2009	50027	Ambel	5	14216
2009	50028	Anento	1	757
2009	50029	Aniñón	3	6671
2009	50030	Añón de Moncayo	4	5172
2009	50031	Aranda de Moncayo	0	0
2009	50032	Arándiga	2	3368
2009	50033	Ardisa	0	0
2009	50034	Ariza	5	10385
2009	50035	Artieda	1	4503
2009	50036	Asín	0	0
2009	50037	Atea	1	811
2009	50038	Ateca	7	16831
2009	50039	Azuara	3	5416
2009	50040	Badules	1	581
2009	50041	Bagüés	0	0
2009	50042	Balconchán	1	71
2009	50043	Bárboles	4	6950
2009	50044	Bardallur	1	2162
2009	50045	Belchite	7	13036
2009	50046	Belmonte de Gracián	2	1740
2009	50047	Berdejo	1	508
2009	50048	Berrueco	1	247
2009	50050	Bijuesca	1	991
2009	50051	Biota	4	11767
2009	50052	Bisimbre	3	4798
2009	50053	Boquiñeni	9	20328
2009	50054	Bordalba	1	661
2009	50055	Borja	75	214935
2009	50056	Botorrita	3	7777
2009	50057	Brea de Aragón	1	12145
2009	50058	Bubierca	1	701
2009	50059	Bujaraloz	19	21911
2009	50060	Bulbuente	6	11951
2009	50061	Bureta	6	12084
2009	50062	Burgo de Ebro (El)	11	31630
2009	50063	Buste (El)	1	2033
2009	50064	Cabañas de Ebro	11	10867
2009	50065	Cabolafuente	1	403
2009	50066	Cadrete	12	36545
2009	50067	Calatayud	65	176485
2009	50068	Calatorao	10	20821
2009	50069	Calcena	0	0
2009	50070	Calmarza	1	612
2009	50071	Campillo de Aragón	2	1313
2009	50072	Carenas	3	1724
2009	50073	Cariñena	14	50606
2009	50074	Caspe	24	109986
2009	50075	Castejón de Alarba	1	838
2009	50076	Castejón de las Armas	1	1023
2009	50077	Castejón de Valdejasa	1	2926
2009	50078	Castiliscar	1	3588
2009	50079	Cervera de la Cañada	2	2667
2009	50080	Cerveruela	1	225
2009	50081	Cetina	2	5664
2009	50082	Cimballa	2	983
2009	50083	Cinco Olivas	0	0
2009	50084	Clarés de Ribota	1	741
2009	50085	Codo	1	1757
2009	50086	Codos	2	1982
2009	50087	Contamina	1	338
2009	50088	Cosuenda	3	5639
2009	50089	Cuarte de Huerva	39	92577
2009	50090	Cubel	1	1157
2009	50091	Cuerlas (Las)	1	378
2009	50092	Chiprana	2	3704
2009	50093	Chodes	1	1019
2009	50094	Daroca	8	12855
2009	50095	Ejea de los Caballeros	52	177623
2009	50096	Embid de Ariza	1	483
2009	50098	Encinacorba	2	3908
2009	50099	Épila	12	32237
2009	50100	Erla	1	4405
2009	50101	Escatrón	5	15879
2009	50102	Fabara	5	15265
2009	50104	Farlete	6	9283
2009	50105	Fayón	2	5420
2009	50106	Fayos (Los)	3	3794
2009	50107	Figueruelas	18	25450
2009	50108	Fombuena	1	296
2009	50109	Frago (El)	0	0
2009	50110	Frasno (El)	3	3867
2009	50111	Fréscano	5	10351
2009	50113	Fuendejalón	15	45937
2009	50114	Fuendetodos	4	1341
2009	50115	Fuentes de Ebro	0	0
2009	50116	Fuentes de Jiloca	2	2369
2009	50117	Gallocanta	1	866
2009	50118	Gallur	39	60342
2009	50119	Gelsa	6	16608
2009	50120	Godojos	1	435
2009	50121	Gotor	0	0
2009	50122	Grisel	1	2191
2009	50123	Grisén	5	10425
2009	50124	Herrera de los Navarros	1	3443
2009	50125	Ibdes	2	4125
2009	50126	Illueca	8	20657
2009	50128	Isuerre	0	0
2009	50129	Jaraba	3	2812
2009	50130	Jarque de Moncayo	1	3469
2009	50131	Jaulín	2	4265
2009	50132	Joyosa (La)	14	17536
2009	50133	Lagata	1	1086
2009	50134	Langa del Castillo	1	828
2009	50135	Layana	0	0
2009	50136	Lécera	5	5670
2009	50137	Leciñena	10	27368
2009	50138	Lechón	1	307
2009	50139	Letux	2	3220
2009	50140	Litago	4	4156
2009	50141	Lituénigo	3	2642
2009	50142	Lobera de Onsella	0	0
2009	50143	Longares	5	13037
2009	50144	Longás	0	0
2009	50146	Lucena de Jalón	1	2114
2009	50147	Luceni	15	21694
2009	50148	Luesia	2	4074
2009	50149	Luesma	1	208
2009	50150	Lumpiaque	3	7250
2009	50151	Luna	2	9017
2009	50152	Maella	8	25495
2009	50153	Magallón	18	54245
2009	50154	Mainar	1	1025
2009	50155	Malanquilla	1	1015
2009	50156	Maleján	5	14305
2009	50157	Malón	9	8650
2009	50159	Maluenda	3	8822
2009	50160	Mallén	51	163489
2009	50161	Manchones	1	718
2009	50162	Mara	2	1708
2009	50163	María de Huerva	18	57940
2009	50164	Mediana de Aragón	2	7430
2009	50165	Mequinenza	11	37456
2009	50166	Mesones de Isuela	0	0
2009	50167	Mezalocha	2	3692
2009	50168	Mianos	1	2119
2009	50169	Miedes de Aragón	2	3722
2009	50170	Monegrillo	8	10454
2009	50171	Moneva	2	755
2009	50172	Monreal de Ariza	2	1668
2009	50173	Monterde	2	1692
2009	50174	Montón	2	1039
2009	50175	Morata de Jalón	7	9323
2009	50176	Morata de Jiloca	2	2554
2009	50177	Morés	3	3577
2009	50178	Moros	2	3819
2009	50179	Moyuela	2	2227
2009	50180	Mozota	2	1691
2009	50181	Muel	9	18445
2009	50182	Muela (La)	39	4089
2009	50183	Munébrega	3	3545
2009	50184	Murero	1	872
2009	50185	Murillo de Gállego	3	5418
2009	50186	Navardún	0	0
2009	50187	Nigüella	1	701
2009	50188	Nombrevilla	1	208
2009	50189	Nonaspe	4	13413
2009	50190	Novallas	14	19988
2009	50191	Novillas	12	28388
2009	50192	Nuévalos	3	2844
2009	50193	Nuez de Ebro	10	11056
2009	50194	Olvés	1	967
2009	50195	Orcajo	1	197
2009	50196	Orera	1	1031
2009	50197	Orés	0	0
2009	50198	Oseja	0	0
2009	50199	Osera de Ebro	3	6540
2009	50200	Paniza	2	11509
2009	50201	Paracuellos de Jiloca	2	4327
2009	50202	Paracuellos de la Ribera	1	1531
2009	50203	Pastriz	9	20249
2009	50204	Pedrola	42	70064
2009	50205	Pedrosas (Las)	0	0
2009	50206	Perdiguera	9	13883
2009	50207	Piedratajada	0	0
2009	50208	Pina de Ebro	9	35114
2009	50209	Pinseque	28	65324
2009	50210	Pintanos (Los)	0	0
2009	50211	Plasencia de Jalón	1	2603
2009	50212	Pleitas	1	1145
2009	50213	Plenas	1	948
2009	50214	Pomer	0	0
2009	50215	Pozuel de Ariza	1	177
2009	50216	Pozuelo de Aragón	6	15016
2009	50217	Pradilla de Ebro	6	12896
2009	50218	Puebla de Albortón	1	1063
2009	50219	Puebla de Alfindén (La)	12	68724
2009	50220	Puendeluna	0	0
2009	50221	Purujosa	0	0
2009	50222	Quinto	7	28909
2009	50223	Remolinos	13	24064
2009	50224	Retascón	1	488
2009	50225	Ricla	6	23410
2009	50227	Romanos	1	619
2009	50228	Rueda de Jalón	1	2486
2009	50229	Ruesca	1	628
2009	50230	Sádaba	7	17537
2009	50231	Salillas de Jalón	1	2603
2009	50232	Salvatierra de Esca	5	10948
2009	50233	Samper del Salz	1	824
2009	50234	San Martín de la Virgen de Moncayo	3	6595
2009	50235	San Mateo de Gállego	23	63770
2009	50236	Santa Cruz de Grío	1	1281
2009	50237	Santa Cruz de Moncayo	3	3049
2009	50238	Santa Eulalia de Gállego	1	4039
2009	50239	Santed	1	345
2009	50240	Sástago	5	15658
2009	50241	Saviñán	5	6574
2009	50242	Sediles	1	814
2009	50243	Sestrica	1	2559
2009	50244	Sierra de Luna	0	0
2009	50245	Sigüés	4	6092
2009	50246	Sisamón	1	419
2009	50247	Sobradiel	8	19384
2009	50248	Sos del Rey Católico	2	7310
2009	50249	Tabuenca	5	18392
2009	50250	Talamantes	2	2888
2009	50251	Tarazona	48	175730
2009	50252	Tauste	22	79516
2009	50253	Terrer	2	4230
2009	50254	Tierga	0	0
2009	50255	Tobed	2	2087
2009	50256	Torralba de los Frailes	1	559
2009	50257	Torralba de Ribota	2	1531
2009	50258	Torralbilla	1	351
2009	50259	Torrehermosa	1	717
2009	50260	Torrelapaja	1	355
2009	50261	Torrellas	8	6866
2009	50262	Torres de Berrellén	20	30472
2009	50263	Torrijo de la Cañada	2	2441
2009	50264	Tosos	2	3548
2009	50265	Trasmoz	1	1965
2009	50266	Trasobares	0	0
2009	50267	Uncastillo	2	8417
2009	50268	Undués de Lerda	0	0
2009	50269	Urrea de Jalón	1	2809
2009	50270	Urriés	0	0
2009	50271	Used	2	1913
2009	50272	Utebo	49	245263
2009	50273	Valdehorna	1	230
2009	50274	Val de San Martín	1	482
2009	50275	Valmadrid	2	794
2009	50276	Valpalmas	0	0
2009	50277	Valtorres	1	918
2009	50278	Velilla de Ebro	0	0
2009	50279	Velilla de Jiloca	1	870
2009	50280	Vera de Moncayo	12	9576
2009	50281	Vierlas	2	2326
2009	50282	Vilueña (La)	1	943
2009	50283	Villadoz	1	471
2009	50284	Villafeliche	2	1507
2009	50285	Villafranca de Ebro	3	10997
2009	50286	Villalba de Perejil	1	918
2009	50287	Villalengua	2	3118
2009	50288	Villanueva de Gállego	26	90336
2009	50289	Villanueva de Jiloca	1	455
2009	50290	Villanueva de Huerva	5	8639
2009	50291	Villar de los Navarros	1	713
2009	50292	Villarreal de Huerva	1	1113
2009	50293	Villarroya de la Sierra	3	4907
2009	50294	Villarroya del Campo	1	417
2009	50295	Vistabella	0	0
2009	50296	Zaida (La)	3	7224
2009	50297	Zaragoza	1624	19299011
2009	50298	Zuera	49	160538
2009	50901	Biel	0	0
2009	50902	Marracos	0	0
2009	50903	Villamayor de Gállego	14	38460
2010	22001	Abiego	0	0
2010	22002	Abizanda	2	3449
2010	22003	Adahuesca	0	0
2010	22004	Agüero	2	3600
2010	22006	Aísa	18	17476
2010	22007	Albalate de Cinca	2	15018
2010	22008	Albalatillo	5	5142
2010	22009	Albelda	3	18100
2010	22011	Albero Alto	1	2667
2010	22012	Albero Bajo	2	2263
2010	22013	Alberuela de Tubo	9	7867
2010	22014	Alcalá de Gurrea	4	6115
2010	22015	Alcalá del Obispo	3	9302
2010	22016	Alcampell	3	16671
2010	22017	Alcolea de Cinca	2	14781
2010	22018	Alcubierre	5	9669
2010	22019	Alerre	2	4944
2010	22020	Alfántega	1	1683
2010	22021	Almudévar	15	55337
2010	22022	Almunia de San Juan	1	8151
2010	22023	Almuniente	10	12460
2010	22024	Alquézar	0	0
2010	22025	Altorricón	5	31912
2010	22027	Angüés	3	9346
2010	22028	Ansó	10	22045
2010	22029	Antillón	1	3383
2010	22032	Aragüés del Puerto	2	5855
2010	22035	Arén	16	7258
2010	22036	Argavieso	1	2710
2010	22037	Arguis	2	2407
2010	22039	Ayerbe	7	24394
2010	22040	Azanuy-Alins	2	4078
2010	22041	Azara	0	0
2010	22042	Azlor	0	0
2010	22043	Baells	2	2502
2010	22044	Bailo	7	10778
2010	22045	Baldellou	1	2397
2010	22046	Ballobar	7	14541
2010	22047	Banastás	2	5811
2010	22048	Barbastro	35	289508
2010	22049	Barbués	2	2263
2010	22050	Barbuñales	0	0
2010	22051	Bárcabo	4	3394
2010	22052	Belver de Cinca	5	20331
2010	22053	Benabarre	25	29910
2010	22055	Berbegal	2	7698
2010	22057	Bielsa	4	13906
2010	22058	Bierge	0	0
2010	22059	Biescas	43	74295
2010	22060	Binaced	3	19044
2010	22061	Binéfar	40	198534
2010	22062	Bisaurri	6	5126
2010	22063	Biscarrués	1	5074
2010	22064	Blecua y Torres	2	4163
2010	22066	Boltaña	8	28331
2010	22067	Bonansa	2	2177
2010	22068	Borau	1	3149
2010	22069	Broto	5	14973
2010	22072	Caldearenas	11	10911
2010	22074	Campo	14	5579
2010	22075	Camporrells	1	4120
2010	22076	Canal de Berdún	9	17786
2010	22077	Candasnos	2	6173
2010	22078	Canfranc	14	27722
2010	22079	Capdesaso	3	3538
2010	22080	Capella	8	8664
2010	22081	Casbas de Huesca	3	6592
2010	22082	Castejón del Puente	2	7253
2010	22083	Castejón de Monegros	8	14723
2010	22084	Castejón de Sos	24	19632
2010	22085	Castelflorite	3	2989
2010	22086	Castiello de Jaca	6	11754
2010	22087	Castigaleu	1	2744
2010	22088	Castillazuelo	0	0
2010	22089	Castillonroy	1	8199
2010	22090	Colungo	0	0
2010	22094	Chalamera	0	0
2010	22095	Chía	2	2291
2010	22096	Chimillas	3	7394
2010	22099	Esplús	3	14316
2010	22102	Estada	0	0
2010	22103	Estadilla	2	14814
2010	22105	Estopiñán del Castillo	7	4105
2010	22106	Fago	1	1375
2010	22107	Fanlo	0	0
2010	22109	Fiscal	4	9033
2010	22110	Fonz	3	12887
2010	22111	Foradada del Toscar	7	5126
2010	22112	Fraga	41	210708
2010	22113	Fueva (La)	2	17136
2010	22114	Gistaín	1	4215
2010	22115	Grado (El)	2	8656
2010	22116	Grañén	34	44784
2010	22117	Graus	88	91428
2010	22119	Gurrea de Gállego	14	36993
2010	22122	Hoz de Jaca	3	3105
2010	22124	Huerto	6	6109
2010	22125	Huesca	438	2183135
2010	22126	Ibieca	1	2385
2010	22127	Igriés	7	12967
2010	22128	Ilche	0	0
2010	22129	Isábena	11	7416
2010	22130	Jaca	70	426040
2010	22131	Jasa	4	5544
2010	22133	Labuerda	2	4708
2010	22135	Laluenga	0	0
2010	22136	Lalueza	18	24875
2010	22137	Lanaja	12	32083
2010	22139	Laperdiguera	0	0
2010	22141	Lascellas-Ponzano	0	0
2010	22142	Lascuarre	3	3583
2010	22143	Laspaúles	9	7008
2010	22144	Laspuña	2	8048
2010	22149	Loarre	3	8153
2010	22150	Loporzano	5	11753
2010	22151	Loscorrales	1	2472
2010	22155	Monesma y Cajigar	1	2517
2010	22156	Monflorite-Lascasas	4	6418
2010	22157	Montanuy	23	6713
2010	22158	Monzón	46	296001
2010	22160	Naval	0	0
2010	22162	Novales	2	3903
2010	22163	Nueno	4	12035
2010	22164	Olvena	0	0
2010	22165	Ontiñena	3	8869
2010	22167	Osso de Cinca	5	11521
2010	22168	Palo	0	0
2010	22170	Panticosa	36	36904
2010	22172	Peñalba	11	16283
2010	22173	Peñas de Riglos (Las)	6	5898
2010	22174	Peralta de Alcofea	2	10931
2010	22175	Peralta de Calasanz	2	4877
2010	22176	Peraltilla	0	0
2010	22177	Perarrúa	3	2223
2010	22178	Pertusa	1	2385
2010	22181	Piracés	2	2082
2010	22182	Plan	1	9088
2010	22184	Poleñino	10	4878
2010	22186	Pozán de Vero	0	0
2010	22187	Puebla de Castro (La)	7	9707
2010	22188	Puente de Montañana	5	3515
2010	22189	Puértolas	1	6542
2010	22190	Pueyo de Araguás (El)	1	4188
2010	22193	Pueyo de Santa Cruz	1	4611
2010	22195	Quicena	2	6614
2010	22197	Robres	10	13888
2010	22199	Sabiñánigo	154	460320
2010	22200	Sahún	9	8346
2010	22201	Salas Altas	0	0
2010	22202	Salas Bajas	0	0
2010	22203	Salillas	1	2494
2010	22204	Sallent de Gállego	74	65646
2010	22205	San Esteban de Litera	1	11079
2010	22206	Sangarrén	4	5647
2010	22207	San Juan de Plan	2	4188
2010	22208	Santa Cilia	8	9182
2010	22209	Santa Cruz de la Serós	5	6210
2010	22212	Santaliestra y San Quílez	3	2449
2010	22213	Sariñena	70	97897
2010	22214	Secastilla	5	3198
2010	22215	Seira	8	3742
2010	22217	Sena	10	12042
2010	22218	Senés de Alcubierre	1	1318
2010	22220	Sesa	2	5052
2010	22221	Sesué	4	2744
2010	22222	Siétamo	5	13769
2010	22223	Sopeira	5	2517
2010	22225	Tamarite de Litera	13	78686
2010	22226	Tardienta	21	22744
2010	22227	Tella-Sin	2	7966
2010	22228	Tierz	3	14008
2010	22229	Tolva	5	3969
2010	22230	Torla-Ordesa	3	8869
2010	22232	Torralba de Aragón	5	2483
2010	22233	Torre la Ribera	11	2676
2010	22234	Torrente de Cinca	6	20184
2010	22235	Torres de Alcanadre	0	0
2010	22236	Torres de Barbués	9	6988
2010	22239	Tramaced	1	2168
2010	22242	Valfarta	2	1978
2010	22243	Valle de Bardají	4	1179
2010	22244	Valle de Lierp	3	953
2010	22245	Velilla de Cinca	2	6851
2010	22246	Beranuy	2	2245
2010	22247	Viacamp y Litera	3	1134
2010	22248	Vicién	1	2841
2010	22249	Villanova	4	3402
2010	22250	Villanúa	12	21158
2010	22251	Villanueva de Sigena	9	11251
2010	22252	Yebra de Basa	1	7008
2010	22253	Yésero	1	3415
2010	22254	Zaidín	8	25473
2010	22901	Valle de Hecho	15	42315
2010	22902	Puente la Reina de Jaca	6	9669
2010	22903	San Miguel del Cinca	2	10631
2010	22904	Sotonera (La)	10	23310
2010	22905	Lupiñén-Ortilla	4	8392
2010	22906	Santa María de Dulcis	0	0
2010	22907	Aínsa-Sobrarbe	19	59646
2010	22908	Hoz y Costeán	0	0
2010	22909	Vencillón	1	10070
2010	44001	Ababuj	1	943
2010	44003	Aguatón	1	248
2010	44004	Aguaviva	7	12654
2010	44005	Aguilar del Alfambra	1	778
2010	44006	Alacón	1	3686
2010	44007	Alba	1	2948
2010	44008	Albalate del Arzobispo	27	41026
2010	44009	Albarracín	6	15231
2010	44010	Albentosa	2	4401
2010	44011	Alcaine	1	930
2010	44012	Alcalá de la Selva	5	7123
2010	44013	Alcañiz	35	291650
2010	44014	Alcorisa	33	65632
2010	44016	Alfambra	5	8524
2010	44017	Aliaga	5	5332
2010	44018	Almohaja	1	271
2010	44019	Alobras	1	825
2010	44020	Alpeñés	1	295
2010	44021	Allepuz	2	1861
2010	44022	Alloza	3	6826
2010	44023	Allueva	0	0
2010	44024	Anadón	1	278
2010	44025	Andorra	18	80669
2010	44026	Arcos de las Salinas	2	1694
2010	44027	Arens de Lledó	3	4881
2010	44028	Argente	1	2841
2010	44029	Ariño	2	9120
2010	44031	Azaila	8	2878
2010	44032	Bádenas	0	0
2010	44033	Báguena	1	3303
2010	44034	Bañón	0	0
2010	44035	Barrachina	0	0
2010	44036	Bea	0	0
2010	44037	Beceite	7	14163
2010	44038	Belmonte de San José	2	2573
2010	44039	Bello	0	0
2010	44040	Berge	3	4845
2010	44041	Bezas	1	1083
2010	44042	Blancas	0	0
2010	44043	Blesa	1	1708
2010	44044	Bordón	2	1972
2010	44045	Bronchales	4	6706
2010	44046	Bueña	0	0
2010	44047	Burbáguena	0	0
2010	44048	Cabra de Mora	2	1236
2010	44049	Calaceite	12	25794
2010	44050	Calamocha	9	38472
2010	44051	Calanda	33	69199
2010	44052	Calomarde	1	1277
2010	44053	Camañas	1	1379
2010	44055	Camarillas	1	1320
2010	44056	Caminreal	5	6162
2010	44059	Cantavieja	10	10524
2010	44060	Cañada de Benatanduz	2	666
2010	44061	Cañada de Verich (La)	2	1917
2010	44062	Cañada Vellida	1	519
2010	44063	Cañizar del Olivar	1	1624
2010	44064	Cascante del Río	1	943
2010	44065	Castejón de Tornos	0	0
2010	44066	Castel de Cabra	1	1985
2010	44067	Castelnou	3	2037
2010	44068	Castelserás	11	14695
2010	44070	Castellar (El)	2	1055
2010	44071	Castellote	12	11441
2010	44074	Cedrillas	6	7216
2010	44075	Celadas	3	5223
2010	44076	Cella	13	36691
2010	44077	Cerollera (La)	2	2147
2010	44080	Codoñera (La)	4	6939
2010	44082	Corbalán	1	1120
2010	44084	Cortes de Aragón	1	1111
2010	44085	Cosa	0	0
2010	44086	Cretas	7	14345
2010	44087	Crivillén	1	912
2010	44088	Cuba (La)	2	875
2010	44089	Cubla	1	648
2010	44090	Cucalón	0	0
2010	44092	Cuervo (El)	1	1285
2010	44093	Cuevas de Almudén	1	1736
2010	44094	Cuevas Labradas	1	1662
2010	44096	Ejulve	1	1949
2010	44097	Escorihuela	1	2346
2010	44099	Escucha	5	13926
2010	44100	Estercuel	1	2563
2010	44101	Ferreruela de Huerva	0	0
2010	44102	Fonfría	0	0
2010	44103	Formiche Alto	2	2707
2010	44105	Fórnoles	2	2258
2010	44106	Fortanete	2	3291
2010	44107	Foz-Calanda	3	5662
2010	44108	Fresneda (La)	6	11426
2010	44109	Frías de Albarracín	1	2263
2010	44110	Fuenferrada	1	528
2010	44111	Fuentes Calientes	1	1415
2010	44112	Fuentes Claras	0	0
2010	44113	Fuentes de Rubielos	2	1902
2010	44114	Fuentespalda	4	7800
2010	44115	Galve	2	1698
2010	44116	Gargallo	1	979
2010	44117	Gea de Albarracín	4	6137
2010	44118	Ginebrosa (La)	3	3976
2010	44119	Griegos	1	1944
2010	44120	Guadalaviar	2	3499
2010	44121	Gúdar	2	1208
2010	44122	Híjar	31	35512
2010	44123	Hinojosa de Jarque	2	2124
2010	44124	Hoz de la Vieja (La)	1	1333
2010	44125	Huesa del Común	1	1347
2010	44126	Iglesuela del Cid (La)	5	6970
2010	44127	Jabaloyas	1	1236
2010	44128	Jarque de la Val	1	1375
2010	44129	Jatiel	3	1028
2010	44130	Jorcas	1	495
2010	44131	Josa	1	403
2010	44132	Lagueruela	0	0
2010	44133	Lanzuela	0	0
2010	44135	Libros	1	1745
2010	44136	Lidón	1	743
2010	44137	Linares de Mora	2	4554
2010	44138	Loscos	0	0
2010	44141	Lledó	2	3991
2010	44142	Maicas	1	514
2010	44143	Manzanera	8	7789
2010	44144	Martín del Río	3	6484
2010	44145	Mas de las Matas	16	25486
2010	44146	Mata de los Olmos (La)	3	4810
2010	44147	Mazaleón	6	13410
2010	44148	Mezquita de Jarque	1	1722
2010	44149	Mirambel	2	1833
2010	44150	Miravete de la Sierra	3	583
2010	44151	Molinos	1	4332
2010	44152	Monforte de Moyuela	0	0
2010	44153	Monreal del Campo	5	22103
2010	44154	Monroyo	6	9009
2010	44155	Montalbán	7	20105
2010	44156	Monteagudo del Castillo	1	943
2010	44157	Monterde de Albarracín	1	1014
2010	44158	Mora de Rubielos	14	24381
2010	44159	Moscardón	1	875
2010	44160	Mosqueruela	7	8678
2010	44161	Muniesa	4	9497
2010	44163	Noguera de Albarracín	1	1972
2010	44164	Nogueras	0	0
2010	44165	Nogueruelas	2	3457
2010	44167	Obón	1	583
2010	44168	Odón	0	0
2010	44169	Ojos Negros	0	0
2010	44171	Olba	3	3207
2010	44172	Oliete	1	4666
2010	44173	Olmos (Los)	2	2414
2010	44174	Orihuela del Tremedal	5	7803
2010	44175	Orrios	1	1981
2010	44176	Palomar de Arroyos	1	2888
2010	44177	Pancrudo	4	1297
2010	44178	Parras de Castellote (Las)	2	1296
2010	44179	Peñarroya de Tastavins	7	12133
2010	44180	Peracense	0	0
2010	44181	Peralejos	1	931
2010	44182	Perales del Alfambra	2	3278
2010	44183	Pitarque	2	1319
2010	44184	Plou	1	653
2010	44185	Pobo (El)	1	1568
2010	44187	Portellada (La)	2	5975
2010	44189	Pozondón	1	1152
2010	44190	Pozuel del Campo	0	0
2010	44191	Puebla de Híjar (La)	17	19139
2010	44192	Puebla de Valverde (La)	8	7900
2010	44193	Puertomingalvo	2	3166
2010	44194	Ráfales	3	3649
2010	44195	Rillo	2	1179
2010	44196	Riodeva	1	2346
2010	44197	Ródenas	1	986
2010	44198	Royuela	1	3332
2010	44199	Rubiales	1	778
2010	44200	Rubielos de la Cérida	0	0
2010	44201	Rubielos de Mora	9	10830
2010	44203	Salcedillo	1	139
2010	44204	Saldón	1	403
2010	44205	Samper de Calanda	15	17345
2010	44206	San Agustín	2	2138
2010	44207	San Martín del Río	0	0
2010	44208	Santa Cruz de Nogueras	0	0
2010	44209	Santa Eulalia	8	13971
2010	44210	Sarrión	13	16037
2010	44211	Segura de los Baños	1	555
2010	44212	Seno	2	834
2010	44213	Singra	0	0
2010	44215	Terriente	1	2596
2010	44216	Teruel	112	417322
2010	44217	Toril y Masegoso	1	500
2010	44218	Tormón	1	389
2010	44219	Tornos	0	0
2010	44220	Torralba de los Sisones	0	0
2010	44221	Torrecilla de Alcañiz	5	7720
2010	44222	Torrecilla del Rebollar	0	0
2010	44223	Torre de Arcas	2	2395
2010	44224	Torre de las Arcas	1	541
2010	44225	Torre del Compte	2	3603
2010	44226	Torrelacárcel	1	2724
2010	44227	Torre los Negros	0	0
2010	44228	Torremocha de Jiloca	1	1686
2010	44229	Torres de Albarracín	1	2235
2010	44230	Torrevelilla	3	3443
2010	44231	Torrijas	2	861
2010	44232	Torrijo del Campo	0	0
2010	44234	Tramacastiel	1	1179
2010	44235	Tramacastilla	1	1569
2010	44236	Tronchón	2	1527
2010	44237	Urrea de Gaén	6	9906
2010	44238	Utrillas	16	47041
2010	44239	Valacloche	1	389
2010	44240	Valbona	2	3166
2010	44241	Valdealgorfa	7	11838
2010	44243	Valdecuenca	1	750
2010	44244	Valdelinares	3	1472
2010	44245	Valdeltormo	4	7503
2010	44246	Valderrobres	20	52113
2010	44247	Valjunquera	4	9510
2010	44249	Vallecillo (El)	1	625
2010	44250	Veguillas de la Sierra	1	318
2010	44251	Villafranca del Campo	0	0
2010	44252	Villahermosa del Campo	0	0
2010	44256	Villanueva del Rebollar de la Sierra	1	666
2010	44257	Villar del Cobo	1	3013
2010	44258	Villar del Salz	0	0
2010	44260	Villarluengo	4	2652
2010	44261	Villarquemado	4	11413
2010	44262	Villarroya de los Pinares	3	2638
2010	44263	Villastar	2	5034
2010	44264	Villel	2	4504
2010	44265	Vinaceite	4	6168
2010	44266	Visiedo	1	1815
2010	44267	Vivel del Río Martín	1	1263
2010	44268	Zoma (La)	1	305
2010	50001	Abanto	2	1195
2010	50002	Acered	1	1865
2010	50003	Agón	3	6355
2010	50004	Aguarón	2	13009
2010	50005	Aguilón	2	3717
2010	50006	Ainzón	15	47737
2010	50007	Aladrén	1	871
2010	50008	Alagón	83	149178
2010	50009	Alarba	2	1492
2010	50010	Alberite de San Juan	4	3813
2010	50011	Albeta	6	5121
2010	50012	Alborge	1	1550
2010	50013	Alcalá de Ebro	6	6013
2010	50014	Alcalá de Moncayo	2	3180
2010	50015	Alconchel de Ariza	1	1014
2010	50016	Aldehuela de Liestos	1	585
2010	50017	Alfajarín	8	27303
2010	50018	Alfamén	5	21966
2010	50019	Alforque	1	1087
2010	50020	Alhama de Aragón	6	11713
2010	50021	Almochuel	0	0
2010	50022	Almolda (La)	8	13866
2010	50023	Almonacid de la Cuba	2	2141
2010	50024	Almonacid de la Sierra	3	5962
2010	50025	Almunia de Doña Godina (La)	11	22845
2010	50026	Alpartir	2	4097
2010	50027	Ambel	5	11626
2010	50028	Anento	1	1490
2010	50029	Aniñón	3	7927
2010	50030	Añón de Moncayo	4	4513
2010	50031	Aranda de Moncayo	0	1374
2010	50032	Arándiga	2	3892
2010	50033	Ardisa	0	0
2010	50034	Ariza	5	12115
2010	50035	Artieda	1	4436
2010	50036	Asín	0	0
2010	50037	Atea	1	1434
2010	50038	Ateca	7	20204
2010	50039	Azuara	3	5260
2010	50040	Badules	1	1103
2010	50041	Bagüés	0	0
2010	50042	Balconchán	1	121
2010	50043	Bárboles	4	7298
2010	50044	Bardallur	1	2312
2010	50045	Belchite	7	12379
2010	50046	Belmonte de Gracián	2	2056
2010	50047	Berdejo	1	612
2010	50048	Berrueco	1	441
2010	50050	Bijuesca	1	1090
2010	50051	Biota	4	11301
2010	50052	Bisimbre	3	4075
2010	50053	Boquiñeni	9	21252
2010	50054	Bordalba	1	755
2010	50055	Borja	75	188031
2010	50056	Botorrita	3	7371
2010	50057	Brea de Aragón	4	11686
2010	50058	Bubierca	1	784
2010	50059	Bujaraloz	19	23029
2010	50060	Bulbuente	6	9906
2010	50061	Bureta	6	10430
2010	50062	Burgo de Ebro (El)	11	31369
2010	50063	Buste (El)	1	1846
2010	50064	Cabañas de Ebro	13	11569
2010	50065	Cabolafuente	1	469
2010	50066	Cadrete	12	37907
2010	50067	Calatayud	65	209716
2010	50068	Calatorao	10	22474
2010	50069	Calcena	0	308
2010	50070	Calmarza	1	717
2010	50071	Campillo de Aragón	2	1511
2010	50072	Carenas	3	1941
2010	50073	Cariñena	14	53210
2010	50074	Caspe	24	114583
2010	50075	Castejón de Alarba	1	1023
2010	50076	Castejón de las Armas	1	1119
2010	50077	Castejón de Valdejasa	1	2898
2010	50078	Castiliscar	1	3327
2010	50079	Cervera de la Cañada	2	3079
2010	50080	Cerveruela	1	452
2010	50081	Cetina	2	6856
2010	50082	Cimballa	2	1176
2010	50083	Cinco Olivas	1	1475
2010	50084	Clarés de Ribota	1	889
2010	50085	Codo	1	1570
2010	50086	Codos	2	2486
2010	50087	Contamina	1	363
2010	50088	Cosuenda	3	5691
2010	50089	Cuarte de Huerva	39	104931
2010	50090	Cubel	1	2207
2010	50091	Cuerlas (Las)	1	750
2010	50092	Chiprana	2	3416
2010	50093	Chodes	1	1127
2010	50094	Daroca	8	25719
2010	50095	Ejea de los Caballeros	55	173178
2010	50096	Embid de Ariza	1	535
2010	50098	Encinacorba	2	3833
2010	50099	Épila	12	34319
2010	50100	Erla	1	4197
2010	50101	Escatrón	5	16847
2010	50102	Fabara	5	14429
2010	50104	Farlete	6	9493
2010	50105	Fayón	2	4971
2010	50106	Fayos (Los)	3	3241
2010	50107	Figueruelas	18	28011
2010	50108	Fombuena	1	563
2010	50109	Frago (El)	0	0
2010	50110	Frasno (El)	3	4580
2010	50111	Fréscano	5	8785
2010	50113	Fuendejalón	15	36223
2010	50114	Fuendetodos	4	1252
2010	50115	Fuentes de Ebro	54	0
2010	50116	Fuentes de Jiloca	2	2696
2010	50117	Gallocanta	1	1688
2010	50118	Gallur	45	62740
2010	50119	Gelsa	7	17760
2010	50120	Godojos	1	497
2010	50121	Gotor	0	0
2010	50122	Grisel	1	1723
2010	50123	Grisén	5	11383
2010	50124	Herrera de los Navarros	2	6951
2010	50125	Ibdes	2	4876
2010	50126	Illueca	8	20827
2010	50128	Isuerre	0	0
2010	50129	Jaraba	3	3423
2010	50130	Jarque de Moncayo	1	3363
2010	50131	Jaulín	2	4163
2010	50132	Joyosa (La)	15	18702
2010	50133	Lagata	1	1015
2010	50134	Langa del Castillo	1	1677
2010	50135	Layana	0	0
2010	50136	Lécera	5	5423
2010	50137	Leciñena	10	28545
2010	50138	Lechón	1	596
2010	50139	Letux	2	3348
2010	50140	Litago	4	3693
2010	50141	Lituénigo	3	2400
2010	50142	Lobera de Onsella	0	0
2010	50143	Longares	5	13009
2010	50144	Longás	0	0
2010	50146	Lucena de Jalón	1	2348
2010	50147	Luceni	15	22828
2010	50148	Luesia	2	3767
2010	50149	Luesma	1	408
2010	50150	Lumpiaque	3	7682
2010	50151	Luna	2	8603
2010	50152	Maella	8	23875
2010	50153	Magallón	18	45718
2010	50154	Mainar	1	1865
2010	50155	Malanquilla	1	1176
2010	50156	Maleján	5	12336
2010	50157	Malón	9	7898
2010	50159	Maluenda	3	10518
2010	50160	Mallén	51	139472
2010	50161	Manchones	1	1401
2010	50162	Mara	2	1951
2010	50163	María de Huerva	18	60662
2010	50164	Mediana de Aragón	2	6716
2010	50165	Mequinenza	11	36714
2010	50166	Mesones de Isuela	0	1959
2010	50167	Mezalocha	2	3441
2010	50168	Mianos	1	2040
2010	50169	Miedes de Aragón	2	4504
2010	50170	Monegrillo	9	10877
2010	50171	Moneva	2	948
2010	50172	Monreal de Ariza	2	1884
2010	50173	Monterde	2	1893
2010	50174	Montón	2	1233
2010	50175	Morata de Jalón	7	9950
2010	50176	Morata de Jiloca	2	2926
2010	50177	Morés	3	4236
2010	50178	Moros	2	4599
2010	50179	Moyuela	2	2074
2010	50180	Mozota	2	1611
2010	50181	Muel	9	20152
2010	50182	Muela (La)	40	74990
2010	50183	Munébrega	3	4484
2010	50184	Murero	1	1688
2010	50185	Murillo de Gállego	3	3578
2010	50186	Navardún	0	0
2010	50187	Nigüella	1	803
2010	50188	Nombrevilla	1	397
2010	50189	Nonaspe	4	12756
2010	50190	Novallas	14	18279
2010	50191	Novillas	12	23887
2010	50192	Nuévalos	3	3452
2010	50193	Nuez de Ebro	10	10081
2010	50194	Olvés	1	1138
2010	50195	Orcajo	1	375
2010	50196	Orera	1	1205
2010	50197	Orés	0	0
2010	50198	Oseja	0	314
2010	50199	Osera de Ebro	3	6078
2010	50200	Paniza	2	11179
2010	50201	Paracuellos de Jiloca	2	5297
2010	50202	Paracuellos de la Ribera	1	1903
2010	50203	Pastriz	9	18512
2010	50204	Pedrola	63	76030
2010	50205	Pedrosas (Las)	0	0
2010	50206	Perdiguera	9	14547
2010	50207	Piedratajada	0	0
2010	50208	Pina de Ebro	12	37620
2010	50209	Pinseque	30	70971
2010	50210	Pintanos (Los)	0	0
2010	50211	Plasencia de Jalón	1	2956
2010	50212	Pleitas	1	1057
2010	50213	Plenas	1	926
2010	50214	Pomer	0	234
2010	50215	Pozuel de Ariza	1	210
2010	50216	Pozuelo de Aragón	6	12747
2010	50217	Pradilla de Ebro	6	13228
2010	50218	Puebla de Albortón	1	956
2010	50219	Puebla de Alfindén (La)	13	66934
2010	50220	Puendeluna	0	0
2010	50221	Purujosa	0	296
2010	50222	Quinto	9	30536
2010	50223	Remolinos	13	24714
2010	50224	Retascón	1	927
2010	50225	Ricla	6	25379
2010	50227	Romanos	1	1258
2010	50228	Rueda de Jalón	1	2582
2010	50229	Ruesca	1	765
2010	50230	Sádaba	7	16647
2010	50231	Salillas de Jalón	1	2714
2010	50232	Salvatierra de Esca	5	10823
2010	50233	Samper del Salz	1	911
2010	50234	San Martín de la Virgen de Moncayo	3	6154
2010	50235	San Mateo de Gállego	23	52727
2010	50236	Santa Cruz de Grío	1	1331
2010	50237	Santa Cruz de Moncayo	3	2687
2010	50238	Santa Eulalia de Gállego	1	2580
2010	50239	Santed	1	673
2010	50240	Sástago	7	16152
2010	50241	Saviñán	5	7697
2010	50242	Sediles	1	1042
2010	50243	Sestrica	1	2501
2010	50244	Sierra de Luna	0	0
2010	50245	Sigüés	4	6077
2010	50246	Sisamón	1	488
2010	50247	Sobradiel	8	20049
2010	50248	Sos del Rey Católico	2	6895
2010	50249	Tabuenca	5	15364
2010	50250	Talamantes	2	2318
2010	50251	Tarazona	48	197180
2010	50252	Tauste	22	77041
2010	50253	Terrer	2	5029
2010	50254	Tierga	0	0
2010	50255	Tobed	2	2276
2010	50256	Torralba de los Frailes	1	1092
2010	50257	Torralba de Ribota	2	1912
2010	50258	Torralbilla	1	728
2010	50259	Torrehermosa	1	832
2010	50260	Torrelapaja	1	402
2010	50261	Torrellas	8	6175
2010	50262	Torres de Berrellén	23	31577
2010	50263	Torrijo de la Cañada	2	2725
2010	50264	Tosos	2	3543
2010	50265	Trasmoz	1	1682
2010	50266	Trasobares	0	973
2010	50267	Uncastillo	2	8004
2010	50268	Undués de Lerda	0	0
2010	50269	Urrea de Jalón	1	3095
2010	50270	Urriés	0	0
2010	50271	Used	2	3773
2010	50272	Utebo	49	241298
2010	50273	Valdehorna	1	419
2010	50274	Val de San Martín	1	938
2010	50275	Valmadrid	2	756
2010	50276	Valpalmas	0	0
2010	50277	Valtorres	1	1090
2010	50278	Velilla de Ebro	3	3262
2010	50279	Velilla de Jiloca	1	994
2010	50280	Vera de Moncayo	12	8719
2010	50281	Vierlas	2	1949
2010	50282	Vilueña (La)	1	1052
2010	50283	Villadoz	1	971
2010	50284	Villafeliche	2	1769
2010	50285	Villafranca de Ebro	3	10333
2010	50286	Villalba de Perejil	1	1061
2010	50287	Villalengua	2	3700
2010	50288	Villanueva de Gállego	26	74561
2010	50289	Villanueva de Jiloca	1	816
2010	50290	Villanueva de Huerva	5	8537
2010	50291	Villar de los Navarros	1	1335
2010	50292	Villarreal de Huerva	1	2229
2010	50293	Villarroya de la Sierra	3	5594
2010	50294	Villarroya del Campo	1	816
2010	50295	Vistabella	0	0
2010	50296	Zaida (La)	4	7736
2010	50297	Zaragoza	1646	18699270
2010	50298	Zuera	49	130144
2010	50901	Biel	0	0
2010	50902	Marracos	0	0
2010	50903	Villamayor de Gállego	14	47108
2011	22001	Abiego	0	0
2011	22002	Abizanda	2	3543
2011	22003	Adahuesca	0	0
2011	22004	Agüero	2	3592
2011	22006	Aísa	17	14383
2011	22007	Albalate de Cinca	2	15824
2011	22008	Albalatillo	5	5436
2011	22009	Albelda	3	17951
2011	22011	Albero Alto	1	2891
2011	22012	Albero Bajo	3	2148
2011	22013	Alberuela de Tubo	9	7942
2011	22014	Alcalá de Gurrea	4	6088
2011	22015	Alcalá del Obispo	3	10753
2011	22016	Alcampell	3	16573
2011	22017	Alcolea de Cinca	2	14890
2011	22018	Alcubierre	5	9687
2011	22019	Alerre	2	4884
2011	22020	Alfántega	1	1599
2011	22021	Almudévar	16	55933
2011	22022	Almunia de San Juan	1	8494
2011	22023	Almuniente	11	12506
2011	22024	Alquézar	0	0
2011	22025	Altorricón	5	31917
2011	22027	Angüés	3	9395
2011	22028	Ansó	10	19509
2011	22029	Antillón	1	3285
2011	22032	Aragüés del Puerto	2	5086
2011	22035	Arén	16	9579
2011	22036	Argavieso	1	2606
2011	22037	Arguis	2	2584
2011	22039	Ayerbe	7	24506
2011	22040	Azanuy-Alins	2	3688
2011	22041	Azara	0	0
2011	22042	Azlor	0	0
2011	22043	Baells	2	2543
2011	22044	Bailo	7	11761
2011	22045	Baldellou	1	2480
2011	22046	Ballobar	7	12142
2011	22047	Banastás	2	5913
2011	22048	Barbastro	37	274091
2011	22049	Barbués	2	2192
2011	22050	Barbuñales	0	0
2011	22051	Bárcabo	4	3463
2011	22052	Belver de Cinca	5	16858
2011	22053	Benabarre	25	31059
2011	22054	Benasque	0	0
2011	22055	Berbegal	2	7077
2011	22057	Bielsa	4	13716
2011	22058	Bierge	0	0
2011	22059	Biescas	43	64923
2011	22060	Binaced	3	19111
2011	22061	Binéfar	40	199363
2011	22062	Bisaurri	6	5489
2011	22063	Biscarrués	1	4993
2011	22064	Blecua y Torres	2	4555
2011	22066	Boltaña	8	28211
2011	22067	Bonansa	2	2692
2011	22068	Borau	1	3218
2011	22069	Broto	5	14548
2011	22072	Caldearenas	11	9774
2011	22074	Campo	14	9368
2011	22075	Camporrells	1	4090
2011	22076	Canal de Berdún	9	15734
2011	22077	Candasnos	2	5062
2011	22078	Canfranc	14	24793
2011	22079	Capdesaso	3	3647
2011	22080	Capella	8	9658
2011	22081	Casbas de Huesca	3	6548
2011	22082	Castejón del Puente	2	6403
2011	22083	Castejón de Monegros	8	14788
2011	22084	Castejón de Sos	24	20794
2011	22085	Castelflorite	3	2908
2011	22086	Castiello de Jaca	6	10172
2011	22087	Castigaleu	1	3140
2011	22088	Castillazuelo	0	0
2011	22089	Castillonroy	1	8011
2011	22090	Colungo	0	0
2011	22094	Chalamera	0	0
2011	22095	Chía	2	2771
2011	22096	Chimillas	3	7862
2011	22099	Esplús	3	14348
2011	22102	Estada	0	0
2011	22103	Estadilla	2	13801
2011	22105	Estopiñán del Castillo	7	4671
2011	22106	Fago	1	1033
2011	22107	Fanlo	0	0
2011	22109	Fiscal	4	8509
2011	22110	Fonz	3	13240
2011	22111	Foradada del Toscar	7	5673
2011	22112	Fraga	41	179951
2011	22113	Fueva (La)	2	16615
2011	22114	Gistaín	1	3892
2011	22115	Grado (El)	2	7911
2011	22116	Grañén	36	43178
2011	22117	Graus	88	97635
2011	22119	Gurrea de Gállego	14	36442
2011	22122	Hoz de Jaca	3	2821
2011	22124	Huerto	6	6085
2011	22125	Huesca	448	1992686
2011	22126	Ibieca	1	2365
2011	22127	Igriés	7	13731
2011	22128	Ilche	0	0
2011	22129	Isábena	11	8259
2011	22130	Jaca	75	406635
2011	22131	Jasa	4	4609
2011	22133	Labuerda	2	4483
2011	22135	Laluenga	0	0
2011	22136	Lalueza	18	24631
2011	22137	Lanaja	12	31701
2011	22139	Laperdiguera	0	0
2011	22141	Lascellas-Ponzano	0	0
2011	22142	Lascuarre	3	4143
2011	22143	Laspaúles	9	7837
2011	22144	Laspuña	2	7757
2011	22149	Loarre	3	8125
2011	22150	Loporzano	5	11826
2011	22151	Loscorrales	1	2365
2011	22155	Monesma y Cajigar	1	2797
2011	22156	Monflorite-Lascasas	4	6833
2011	22157	Montanuy	23	7521
2011	22158	Monzón	46	290838
2011	22160	Naval	0	0
2011	22162	Novales	2	3964
2011	22163	Nueno	4	12198
2011	22164	Olvena	0	0
2011	22165	Ontiñena	3	7253
2011	22167	Osso de Cinca	5	9097
2011	22168	Palo	0	0
2011	22170	Panticosa	36	32541
2011	22172	Peñalba	11	17025
2011	22173	Peñas de Riglos (Las)	6	5869
2011	22174	Peralta de Alcofea	2	9917
2011	22175	Peralta de Calasanz	2	4980
2011	22176	Peraltilla	0	0
2011	22177	Perarrúa	3	2955
2011	22178	Pertusa	1	2475
2011	22181	Piracés	2	2278
2011	22182	Plan	1	9019
2011	22184	Poleñino	12	5056
2011	22186	Pozán de Vero	0	0
2011	22187	Puebla de Castro (La)	7	11426
2011	22188	Puente de Montañana	5	3905
2011	22189	Puértolas	1	6469
2011	22190	Pueyo de Araguás (El)	1	4026
2011	22193	Pueyo de Santa Cruz	1	4720
2011	22195	Quicena	2	6614
2011	22197	Robres	11	14094
2011	22199	Sabiñánigo	155	412545
2011	22200	Sahún	9	9500
2011	22201	Salas Altas	0	0
2011	22202	Salas Bajas	0	0
2011	22203	Salillas	1	2409
2011	22204	Sallent de Gállego	103	61268
2011	22205	San Esteban de Litera	1	11148
2011	22206	Sangarrén	4	5414
2011	22207	San Juan de Plan	2	4107
2011	22208	Santa Cilia	9	8304
2011	22209	Santa Cruz de la Serós	5	5404
2011	22212	Santaliestra y San Quílez	3	2797
2011	22213	Sariñena	79	99062
2011	22214	Secastilla	5	3958
2011	22215	Seira	8	4117
2011	22217	Sena	10	12260
2011	22218	Senés de Alcubierre	1	1521
2011	22220	Sesa	2	4928
2011	22221	Sesué	4	3351
2011	22222	Siétamo	5	14564
2011	22223	Sopeira	5	3167
2011	22225	Tamarite de Litera	13	79050
2011	22226	Tardienta	21	22528
2011	22227	Tella-Sin	2	7140
2011	22228	Tierz	4	15133
2011	22229	Tolva	5	4512
2011	22230	Torla-Ordesa	4	8804
2011	22232	Torralba de Aragón	5	2483
2011	22233	Torre la Ribera	11	3087
2011	22234	Torrente de Cinca	6	15793
2011	22235	Torres de Alcanadre	0	0
2011	22236	Torres de Barbués	9	6779
2011	22239	Tramaced	1	2190
2011	22242	Valfarta	2	1946
2011	22243	Valle de Bardají	4	1319
2011	22244	Valle de Lierp	3	1715
2011	22245	Velilla de Cinca	2	5570
2011	22246	Beranuy	2	2744
2011	22247	Viacamp y Litera	3	1267
2011	22248	Vicién	1	2672
2011	22249	Villanova	4	4064
2011	22250	Villanúa	14	19549
2011	22251	Villanueva de Sigena	9	11454
2011	22252	Yebra de Basa	1	6159
2011	22253	Yésero	1	2821
2011	22254	Zaidín	8	21153
2011	22901	Valle de Hecho	15	38143
2011	22902	Puente la Reina de Jaca	6	8543
2011	22903	San Miguel del Cinca	2	10848
2011	22904	Sotonera (La)	10	23236
2011	22905	Lupiñén-Ortilla	4	8694
2011	22906	Santa María de Dulcis	0	0
2011	22907	Aínsa-Sobrarbe	19	58515
2011	22908	Hoz y Costeán	0	0
2011	22909	Vencillón	1	9940
2011	44001	Ababuj	1	985
2011	44002	Abejuela	0	0
2011	44003	Aguatón	1	269
2011	44004	Aguaviva	7	11740
2011	44005	Aguilar del Alfambra	1	857
2011	44006	Alacón	6	640
2011	44007	Alba	1	3173
2011	44008	Albalate del Arzobispo	28	37654
2011	44009	Albarracín	6	14024
2011	44010	Albentosa	2	3967
2011	44011	Alcaine	1	883
2011	44012	Alcalá de la Selva	5	6564
2011	44013	Alcañiz	35	235773
2011	44014	Alcorisa	33	61701
2011	44016	Alfambra	5	8650
2011	44017	Aliaga	5	4875
2011	44018	Almohaja	1	371
2011	44019	Alobras	1	896
2011	44020	Alpeñés	1	345
2011	44021	Allepuz	2	1702
2011	44022	Alloza	9	1261
2011	44023	Allueva	0	0
2011	44024	Anadón	1	269
2011	44025	Andorra	66	14843
2011	44026	Arcos de las Salinas	2	1420
2011	44027	Arens de Lledó	3	4612
2011	44028	Argente	1	2969
2011	44029	Ariño	15	1641
2011	44031	Azaila	8	2429
2011	44032	Bádenas	0	0
2011	44033	Báguena	1	4006
2011	44034	Bañón	0	0
2011	44035	Barrachina	0	0
2011	44036	Bea	0	0
2011	44037	Beceite	7	13165
2011	44038	Belmonte de San José	2	2321
2011	44039	Bello	0	0
2011	44040	Berge	3	4642
2011	44041	Bezas	1	1011
2011	44042	Blancas	0	0
2011	44043	Blesa	1	1548
2011	44044	Bordón	2	1804
2011	44045	Bronchales	4	6142
2011	44046	Bueña	0	0
2011	44047	Burbáguena	0	0
2011	44048	Cabra de Mora	2	1126
2011	44049	Calaceite	12	24793
2011	44050	Calamocha	9	46794
2011	44051	Calanda	33	67834
2011	44052	Calomarde	1	1075
2011	44053	Camañas	1	1599
2011	44054	Camarena de la Sierra	0	0
2011	44055	Camarillas	1	1523
2011	44056	Caminreal	5	7630
2011	44059	Cantavieja	10	9571
2011	44060	Cañada de Benatanduz	2	537
2011	44061	Cañada de Verich (La)	2	1881
2011	44062	Cañada Vellida	1	537
2011	44063	Cañizar del Olivar	1	1395
2011	44064	Cascante del Río	1	1011
2011	44065	Castejón de Tornos	0	0
2011	44066	Castel de Cabra	1	1791
2011	44067	Castelnou	3	2097
2011	44068	Castelserás	11	14078
2011	44070	Castellar (El)	2	870
2011	44071	Castellote	15	10288
2011	44074	Cedrillas	7	7972
2011	44075	Celadas	3	5630
2011	44076	Cella	13	37760
2011	44077	Cerollera (La)	2	1914
2011	44080	Codoñera (La)	4	6726
2011	44082	Corbalán	1	1267
2011	44084	Cortes de Aragón	1	960
2011	44085	Cosa	0	0
2011	44086	Cretas	7	13382
2011	44087	Crivillén	5	165
2011	44088	Cuba (La)	2	665
2011	44089	Cubla	1	781
2011	44090	Cucalón	0	0
2011	44092	Cuervo (El)	1	1369
2011	44093	Cuevas de Almudén	1	1702
2011	44094	Cuevas Labradas	1	1804
2011	44096	Ejulve	6	351
2011	44097	Escorihuela	1	2367
2011	44099	Escucha	5	12988
2011	44100	Estercuel	6	481
2011	44101	Ferreruela de Huerva	0	0
2011	44102	Fonfría	0	0
2011	44103	Formiche Alto	2	2431
2011	44105	Fórnoles	2	2230
2011	44106	Fortanete	2	2866
2011	44107	Foz-Calanda	3	5015
2011	44108	Fresneda (La)	6	11065
2011	44109	Frías de Albarracín	1	1996
2011	44110	Fuenferrada	1	473
2011	44111	Fuentes Calientes	1	1523
2011	44112	Fuentes Claras	0	0
2011	44113	Fuentes de Rubielos	2	1625
2011	44114	Fuentespalda	4	7384
2011	44115	Galve	2	1971
2011	44116	Gargallo	8	209
2011	44117	Gea de Albarracín	4	5502
2011	44118	Ginebrosa (La)	3	3880
2011	44119	Griegos	1	1715
2011	44120	Guadalaviar	2	3109
2011	44121	Gúdar	2	1075
2011	44122	Híjar	34	33181
2011	44123	Hinojosa de Jarque	2	1932
2011	44124	Hoz de la Vieja (La)	1	1126
2011	44125	Huesa del Común	1	1152
2011	44126	Iglesuela del Cid (La)	5	6462
2011	44127	Jabaloyas	1	1036
2011	44128	Jarque de la Val	1	1152
2011	44129	Jatiel	3	909
2011	44130	Jorcas	1	550
2011	44131	Josa	1	435
2011	44132	Lagueruela	0	0
2011	44133	Lanzuela	0	0
2011	44135	Libros	1	1958
2011	44136	Lidón	1	729
2011	44137	Linares de Mora	2	4005
2011	44138	Loscos	0	0
2011	44141	Lledó	2	3681
2011	44142	Maicas	1	537
2011	44143	Manzanera	8	7051
2011	44144	Martín del Río	3	6001
2011	44145	Mas de las Matas	16	23972
2011	44146	Mata de los Olmos (La)	3	4896
2011	44147	Mazaleón	6	12689
2011	44148	Mezquita de Jarque	1	1535
2011	44149	Mirambel	2	1599
2011	44150	Miravete de la Sierra	3	486
2011	44151	Molinos	1	3877
2011	44152	Monforte de Moyuela	0	0
2011	44153	Monreal del Campo	5	27831
2011	44154	Monroyo	6	8206
2011	44155	Montalbán	7	18017
2011	44156	Monteagudo del Castillo	1	909
2011	44157	Monterde de Albarracín	1	883
2011	44158	Mora de Rubielos	14	21830
2011	44159	Moscardón	1	909
2011	44160	Mosqueruela	7	7780
2011	44161	Muniesa	4	8560
2011	44163	Noguera de Albarracín	1	1715
2011	44164	Nogueras	0	0
2011	44165	Nogueruelas	2	3033
2011	44167	Obón	1	461
2011	44168	Odón	0	0
2011	44169	Ojos Negros	0	0
2011	44171	Olba	3	3033
2011	44172	Oliete	6	850
2011	44173	Olmos (Los)	2	2169
2011	44174	Orihuela del Tremedal	5	7217
2011	44175	Orrios	1	2035
2011	44176	Palomar de Arroyos	1	2534
2011	44177	Pancrudo	3	1740
2011	44178	Parras de Castellote (Las)	2	1237
2011	44179	Peñarroya de Tastavins	7	11195
2011	44180	Peracense	0	0
2011	44181	Peralejos	1	998
2011	44182	Perales del Alfambra	2	3570
2011	44183	Pitarque	2	1228
2011	44184	Plou	1	550
2011	44185	Pobo (El)	1	1779
2011	44187	Portellada (La)	2	5673
2011	44189	Pozondón	1	1062
2011	44190	Pozuel del Campo	0	0
2011	44191	Puebla de Híjar (La)	18	17578
2011	44192	Puebla de Valverde (La)	8	7306
2011	44193	Puertomingalvo	2	2649
2011	44194	Ráfales	3	3681
2011	44195	Rillo	2	1446
2011	44196	Riodeva	1	2303
2011	44197	Ródenas	1	1011
2011	44198	Royuela	1	3173
2011	44199	Rubiales	1	729
2011	44200	Rubielos de la Cérida	0	0
2011	44201	Rubielos de Mora	9	9878
2011	44203	Salcedillo	1	102
2011	44204	Saldón	1	371
2011	44205	Samper de Calanda	16	16162
2011	44206	San Agustín	2	1919
2011	44207	San Martín del Río	0	0
2011	44208	Santa Cruz de Nogueras	0	0
2011	44209	Santa Eulalia	8	14741
2011	44210	Sarrión	13	14587
2011	44211	Segura de los Baños	1	512
2011	44212	Seno	2	830
2011	44213	Singra	0	0
2011	44215	Terriente	1	2380
2011	44216	Teruel	117	450938
2011	44217	Toril y Masegoso	1	435
2011	44218	Tormón	1	409
2011	44219	Tornos	0	0
2011	44220	Torralba de los Sisones	0	0
2011	44221	Torrecilla de Alcañiz	5	7454
2011	44222	Torrecilla del Rebollar	0	0
2011	44223	Torre de Arcas	2	2079
2011	44224	Torre de las Arcas	1	473
2011	44225	Torre del Compte	2	3313
2011	44226	Torrelacárcel	1	2853
2011	44227	Torre los Negros	0	0
2011	44228	Torremocha de Jiloca	1	1894
2011	44229	Torres de Albarracín	1	2239
2011	44230	Torrevelilla	3	3625
2011	44231	Torrijas	2	845
2011	44232	Torrijo del Campo	0	0
2011	44234	Tramacastiel	1	1254
2011	44235	Tramacastilla	1	1369
2011	44236	Tronchón	2	1356
2011	44237	Urrea de Gaén	6	9173
2011	44238	Utrillas	16	42341
2011	44239	Valacloche	1	384
2011	44240	Valbona	2	2866
2011	44241	Valdealgorfa	7	11605
2011	44243	Valdecuenca	1	717
2011	44244	Valdelinares	3	1484
2011	44245	Valdeltormo	4	7102
2011	44246	Valderrobres	20	49585
2011	44247	Valjunquera	4	8726
2011	44249	Vallecillo (El)	1	601
2011	44250	Veguillas de la Sierra	1	358
2011	44251	Villafranca del Campo	0	0
2011	44252	Villahermosa del Campo	0	0
2011	44256	Villanueva del Rebollar de la Sierra	1	678
2011	44257	Villar del Cobo	1	2662
2011	44258	Villar del Salz	0	0
2011	44260	Villarluengo	4	2406
2011	44261	Villarquemado	4	12028
2011	44262	Villarroya de los Pinares	3	2265
2011	44263	Villastar	2	5758
2011	44264	Villel	2	4683
2011	44265	Vinaceite	4	5486
2011	44266	Visiedo	1	1907
2011	44267	Vivel del Río Martín	1	1100
2011	44268	Zoma (La)	1	282
2011	50001	Abanto	2	1270
2011	50002	Acered	1	2141
2011	50003	Agón	3	5426
2011	50004	Aguarón	2	10346
2011	50005	Aguilón	2	2997
2011	50006	Ainzón	15	41480
2011	50007	Aladrén	1	743
2011	50008	Alagón	82	148059
2011	50009	Alarba	2	1588
2011	50010	Alberite de San Juan	4	3301
2011	50011	Albeta	6	4609
2011	50012	Alborge	1	1615
2011	50013	Alcalá de Ebro	5	5693
2011	50014	Alcalá de Moncayo	2	3015
2011	50015	Alconchel de Ariza	1	1014
2011	50016	Aldehuela de Liestos	1	642
2011	50017	Alfajarín	9	27642
2011	50018	Alfamén	5	18090
2011	50019	Alforque	1	1038
2011	50020	Alhama de Aragón	6	12007
2011	50021	Almochuel	0	0
2011	50022	Almolda (La)	8	13848
2011	50023	Almonacid de la Cuba	2	2517
2011	50024	Almonacid de la Sierra	3	5879
2011	50025	Almunia de Doña Godina (La)	11	59805
2011	50026	Alpartir	2	4197
2011	50027	Ambel	5	9970
2011	50028	Anento	1	1820
2011	50029	Aniñón	3	8380
2011	50030	Añón de Moncayo	4	4040
2011	50031	Aranda de Moncayo	0	0
2011	50032	Arándiga	2	4159
2011	50033	Ardisa	0	0
2011	50034	Ariza	5	13103
2011	50035	Artieda	1	3735
2011	50036	Asín	0	0
2011	50037	Atea	1	1673
2011	50038	Ateca	7	22037
2011	50039	Azuara	3	6235
2011	50040	Badules	1	1271
2011	50041	Bagüés	0	0
2011	50042	Balconchán	1	161
2011	50043	Bárboles	4	6869
2011	50044	Bardallur	1	2433
2011	50045	Belchite	7	14808
2011	50046	Belmonte de Gracián	2	2418
2011	50047	Berdejo	1	656
2011	50048	Berrueco	1	576
2011	50050	Bijuesca	1	1158
2011	50051	Biota	4	10954
2011	50052	Bisimbre	3	3563
2011	50053	Boquiñeni	8	20524
2011	50054	Bordalba	1	758
2011	50055	Borja	75	164807
2011	50056	Botorrita	3	1535
2011	50057	Brea de Aragón	4	14239
2011	50058	Bubierca	1	850
2011	50059	Bujaraloz	19	23602
2011	50060	Bulbuente	6	8106
2011	50061	Bureta	6	8793
2011	50062	Burgo de Ebro (El)	11	18110
2011	50063	Buste (El)	1	1734
2011	50064	Cabañas de Ebro	10	11468
2011	50065	Cabolafuente	1	502
2011	50066	Cadrete	12	8744
2011	50067	Calatayud	65	222489
2011	50068	Calatorao	10	23025
2011	50069	Calcena	0	0
2011	50070	Calmarza	1	789
2011	50071	Campillo de Aragón	2	1578
2011	50072	Carenas	3	1998
2011	50073	Cariñena	14	44655
2011	50074	Caspe	29	97495
2011	50075	Castejón de Alarba	1	1004
2011	50076	Castejón de las Armas	1	1250
2011	50077	Castejón de Valdejasa	1	2780
2011	50078	Castiliscar	1	3320
2011	50079	Cervera de la Cañada	2	3186
2011	50080	Cerveruela	1	549
2011	50081	Cetina	2	7141
2011	50082	Cimballa	2	1301
2011	50083	Cinco Olivas	1	1577
2011	50084	Clarés de Ribota	1	1035
2011	50085	Codo	1	1877
2011	50086	Codos	2	2623
2011	50087	Contamina	1	389
2011	50088	Cosuenda	3	4663
2011	50089	Cuarte de Huerva	39	24790
2011	50090	Cubel	1	2570
2011	50091	Cuerlas (Las)	1	883
2011	50092	Chiprana	2	2694
2011	50093	Chodes	1	1109
2011	50094	Daroca	8	30784
2011	50095	Ejea de los Caballeros	55	170384
2011	50096	Embid de Ariza	1	574
2011	50098	Encinacorba	2	3021
2011	50099	Épila	12	35460
2011	50100	Erla	1	4136
2011	50101	Escatrón	5	14513
2011	50102	Fabara	5	12249
2011	50104	Farlete	6	9821
2011	50105	Fayón	2	3972
2011	50106	Fayos (Los)	3	3015
2011	50107	Figueruelas	16	27475
2011	50108	Fombuena	1	696
2011	50109	Frago (El)	0	0
2011	50110	Frasno (El)	3	4877
2011	50111	Fréscano	5	7191
2011	50113	Fuendejalón	15	31151
2011	50114	Fuendetodos	4	1548
2011	50115	Fuentes de Ebro	54	88384
2011	50116	Fuentes de Jiloca	2	2869
2011	50117	Gallocanta	1	2034
2011	50118	Gallur	44	62025
2011	50119	Gelsa	7	15398
2011	50120	Godojos	1	471
2011	50121	Gotor	0	0
2011	50122	Grisel	1	1557
2011	50123	Grisén	6	11427
2011	50124	Herrera de los Navarros	2	8245
2011	50125	Ibdes	2	5020
2011	50126	Illueca	8	25714
2011	50128	Isuerre	0	0
2011	50129	Jaraba	3	3688
2011	50130	Jarque de Moncayo	1	4224
2011	50131	Jaulín	2	925
2011	50132	Joyosa (La)	16	19307
2011	50133	Lagata	1	1192
2011	50134	Langa del Castillo	1	2021
2011	50135	Layana	0	0
2011	50136	Lécera	5	6804
2011	50137	Leciñena	10	29195
2011	50138	Lechón	1	763
2011	50139	Letux	2	3780
2011	50140	Litago	4	3606
2011	50141	Lituénigo	3	2463
2011	50142	Lobera de Onsella	0	0
2011	50143	Longares	5	10741
2011	50144	Longás	0	0
2011	50146	Lucena de Jalón	1	2300
2011	50147	Luceni	15	22648
2011	50148	Luesia	2	3546
2011	50149	Luesma	1	509
2011	50150	Lumpiaque	3	6973
2011	50151	Luna	2	8311
2011	50152	Maella	8	19794
2011	50153	Magallón	18	39388
2011	50154	Mainar	1	2235
2011	50155	Malanquilla	1	1301
2011	50156	Maleján	5	11244
2011	50157	Malón	9	7468
2011	50159	Maluenda	3	11208
2011	50160	Mallén	51	121072
2011	50161	Manchones	1	1646
2011	50162	Mara	2	2110
2011	50163	María de Huerva	18	13540
2011	50164	Mediana de Aragón	2	3753
2011	50165	Mequinenza	11	30881
2011	50166	Mesones de Isuela	0	0
2011	50167	Mezalocha	2	2709
2011	50168	Mianos	1	1629
2011	50169	Miedes de Aragón	2	4866
2011	50170	Monegrillo	9	10716
2011	50171	Moneva	2	1085
2011	50172	Monreal de Ariza	2	1936
2011	50173	Monterde	2	1988
2011	50174	Montón	2	1352
2011	50175	Morata de Jalón	7	10061
2011	50176	Morata de Jiloca	2	3084
2011	50177	Morés	3	4477
2011	50178	Moros	2	4805
2011	50179	Moyuela	2	2312
2011	50180	Mozota	2	326
2011	50181	Muel	9	16603
2011	50182	Muela (La)	40	134743
2011	50183	Munébrega	3	5000
2011	50184	Murero	1	1954
2011	50185	Murillo de Gállego	4	4139
2011	50186	Navardún	0	0
2011	50187	Nigüella	1	830
2011	50188	Nombrevilla	1	468
2011	50189	Nonaspe	4	10356
2011	50190	Novallas	14	18109
2011	50191	Novillas	12	20462
2011	50192	Nuévalos	3	3647
2011	50193	Nuez de Ebro	12	10213
2011	50194	Olvés	1	1178
2011	50195	Orcajo	1	442
2011	50196	Orera	1	1322
2011	50197	Orés	0	0
2011	50198	Oseja	0	0
2011	50199	Osera de Ebro	3	6031
2011	50200	Paniza	2	9099
2011	50201	Paracuellos de Jiloca	2	5901
2011	50202	Paracuellos de la Ribera	1	1988
2011	50203	Pastriz	10	17646
2011	50204	Pedrola	41	76752
2011	50205	Pedrosas (Las)	0	0
2011	50206	Perdiguera	9	14855
2011	50207	Piedratajada	0	0
2011	50208	Pina de Ebro	12	34039
2011	50209	Pinseque	42	71802
2011	50210	Pintanos (Los)	0	0
2011	50211	Plasencia de Jalón	1	3006
2011	50212	Pleitas	1	990
2011	50213	Plenas	1	1174
2011	50214	Pomer	0	0
2011	50215	Pozuel de Ariza	1	205
2011	50216	Pozuelo de Aragón	6	11179
2011	50217	Pradilla de Ebro	6	12747
2011	50218	Puebla de Albortón	1	1112
2011	50219	Puebla de Alfindén (La)	14	66937
2011	50220	Puendeluna	0	0
2011	50221	Purujosa	0	0
2011	50222	Quinto	9	27064
2011	50223	Remolinos	12	24731
2011	50224	Retascón	1	1057
2011	50225	Ricla	6	26552
2011	50227	Romanos	1	1512
2011	50228	Rueda de Jalón	1	2627
2011	50229	Ruesca	1	768
2011	50230	Sádaba	7	16416
2011	50231	Salillas de Jalón	1	2791
2011	50232	Salvatierra de Esca	6	9337
2011	50233	Samper del Salz	1	1138
2011	50234	San Martín de la Virgen de Moncayo	4	5813
2011	50235	San Mateo de Gállego	23	48289
2011	50236	Santa Cruz de Grío	1	1220
2011	50237	Santa Cruz de Moncayo	3	2483
2011	50238	Santa Eulalia de Gállego	1	2738
2011	50239	Santed	1	816
2011	50240	Sástago	7	16154
2011	50241	Saviñán	5	8124
2011	50242	Sediles	1	1147
2011	50243	Sestrica	1	3088
2011	50244	Sierra de Luna	0	0
2011	50245	Sigüés	4	5245
2011	50246	Sisamón	1	512
2011	50247	Sobradiel	9	20606
2011	50248	Sos del Rey Católico	2	6503
2011	50249	Tabuenca	5	13467
2011	50250	Talamantes	2	1994
2011	50251	Tarazona	50	206282
2011	50252	Tauste	22	74337
2011	50253	Terrer	2	5317
2011	50254	Tierga	0	0
2011	50255	Tobed	2	2623
2011	50256	Torralba de los Frailes	1	1285
2011	50257	Torralba de Ribota	2	2028
2011	50258	Torralbilla	1	857
2011	50259	Torrehermosa	1	850
2011	50260	Torrelapaja	1	461
2011	50261	Torrellas	8	5774
2011	50262	Torres de Berrellén	20	30858
2011	50263	Torrijo de la Cañada	2	2838
2011	50264	Tosos	2	2937
2011	50265	Trasmoz	1	1537
2011	50266	Trasobares	0	0
2011	50267	Uncastillo	2	7672
2011	50268	Undués de Lerda	0	0
2011	50269	Urrea de Jalón	1	3081
2011	50270	Urriés	0	0
2011	50271	Used	2	4390
2011	50272	Utebo	52	217216
2011	50273	Valdehorna	1	468
2011	50274	Val de San Martín	1	1057
2011	50275	Valmadrid	2	969
2011	50276	Valpalmas	0	0
2011	50277	Valtorres	1	1168
2011	50278	Velilla de Ebro	3	3256
2011	50279	Velilla de Jiloca	1	1045
2011	50280	Vera de Moncayo	11	8257
2011	50281	Vierlas	2	2049
2011	50282	Vilueña (La)	1	1168
2011	50283	Villadoz	1	1111
2011	50284	Villafeliche	2	2049
2011	50285	Villafranca de Ebro	3	10672
2011	50286	Villalba de Perejil	1	1147
2011	50287	Villalengua	2	4006
2011	50288	Villanueva de Gállego	26	68630
2011	50289	Villanueva de Jiloca	1	924
2011	50290	Villanueva de Huerva	5	6737
2011	50291	Villar de los Navarros	1	1606
2011	50292	Villarreal de Huerva	1	2704
2011	50293	Villarroya de la Sierra	3	5788
2011	50294	Villarroya del Campo	1	1004
2011	50295	Vistabella	0	0
2011	50296	Zaida (La)	4	6526
2011	50297	Zaragoza	1671	16932001
2011	50298	Zuera	49	117781
2011	50901	Biel	0	0
2011	50902	Marracos	0	0
2011	50903	Villamayor de Gállego	14	45680
2012	22001	Abiego	0	0
2012	22002	Abizanda	2	3193
2012	22003	Adahuesca	0	0
2012	22004	Agüero	2	4190
2012	22006	Aísa	17	10495
2012	22007	Albalate de Cinca	14	14310
2012	22008	Albalatillo	5	5089
2012	22009	Albelda	3	18689
2012	22011	Albero Alto	1	3509
2012	22012	Albero Bajo	3	2341
2012	22013	Alberuela de Tubo	9	7623
2012	22014	Alcalá de Gurrea	4	7202
2012	22015	Alcalá del Obispo	3	10764
2012	22016	Alcampell	3	16974
2012	22017	Alcolea de Cinca	14	12923
2012	22018	Alcubierre	5	9427
2012	22019	Alerre	2	5814
2012	22020	Alfántega	3	1478
2012	22021	Almudévar	16	67043
2012	22022	Almunia de San Juan	7	7513
2012	22023	Almuniente	11	11810
2012	22024	Alquézar	0	0
2012	22025	Altorricón	5	33235
2012	22027	Angüés	3	11497
2012	22028	Ansó	10	13154
2012	22029	Antillón	1	3824
2012	22032	Aragüés del Puerto	2	3683
2012	22035	Arén	16	9253
2012	22036	Argavieso	1	3090
2012	22037	Arguis	2	3064
2012	22039	Ayerbe	7	29462
2012	22040	Azanuy-Alins	2	4032
2012	22041	Azara	0	0
2012	22042	Azlor	0	0
2012	22043	Baells	2	2539
2012	22044	Bailo	7	8308
2012	22045	Baldellou	1	2651
2012	22046	Ballobar	7	12961
2012	22047	Banastás	2	7411
2012	22048	Barbastro	37	265356
2012	22049	Barbués	2	2061
2012	22050	Barbuñales	0	0
2012	22051	Bárcabo	4	2895
2012	22052	Belver de Cinca	5	18284
2012	22053	Benabarre	25	30415
2012	22054	Benasque	50	57633
2012	22055	Berbegal	2	6477
2012	22057	Bielsa	4	11372
2012	22058	Bierge	0	0
2012	22059	Biescas	43	44225
2012	22060	Binaced	17	16879
2012	22061	Binéfar	40	211218
2012	22062	Bisaurri	6	5310
2012	22063	Biscarrués	1	5840
2012	22064	Blecua y Torres	2	5631
2012	22066	Boltaña	8	24238
2012	22067	Bonansa	2	2629
2012	22068	Borau	1	2354
2012	22069	Broto	5	12475
2012	22072	Caldearenas	11	6396
2012	22074	Campo	14	9021
2012	22075	Camporrells	1	4054
2012	22076	Canal de Berdún	9	10579
2012	22077	Candasnos	2	5256
2012	22078	Canfranc	14	17169
2012	22079	Capdesaso	3	3779
2012	22080	Capella	8	9588
2012	22081	Casbas de Huesca	3	7935
2012	22082	Castejón del Puente	2	5778
2012	22083	Castejón de Monegros	8	13936
2012	22084	Castejón de Sos	24	20001
2012	22085	Castelflorite	3	2749
2012	22086	Castiello de Jaca	6	7117
2012	22087	Castigaleu	1	2964
2012	22088	Castillazuelo	0	0
2012	22089	Castillonroy	1	8465
2012	22090	Colungo	0	0
2012	22094	Chalamera	0	0
2012	22095	Chía	2	2629
2012	22096	Chimillas	3	9376
2012	22099	Esplús	3	14568
2012	22102	Estada	0	0
2012	22103	Estadilla	2	13248
2012	22105	Estopiñán del Castillo	7	4485
2012	22106	Fago	1	831
2012	22107	Fanlo	0	0
2012	22109	Fiscal	4	7306
2012	22110	Fonz	14	11605
2012	22111	Foradada del Toscar	7	5439
2012	22112	Fraga	41	191968
2012	22113	Fueva (La)	2	14566
2012	22114	Gistaín	1	3446
2012	22115	Grado (El)	2	7517
2012	22116	Grañén	36	42689
2012	22117	Graus	88	95290
2012	22119	Gurrea de Gállego	14	43238
2012	22122	Hoz de Jaca	3	1938
2012	22124	Huerto	6	5733
2012	22125	Huesca	427	1445124
2012	22126	Ibieca	1	2855
2012	22127	Igriés	7	17442
2012	22128	Ilche	0	0
2012	22129	Isábena	11	7861
2012	22130	Jaca	75	352240
2012	22131	Jasa	4	3129
2012	22133	Labuerda	2	3883
2012	22135	Laluenga	0	0
2012	22136	Lalueza	18	23384
2012	22137	Lanaja	12	29654
2012	22139	Laperdiguera	0	0
2012	22141	Lascellas-Ponzano	0	0
2012	22142	Lascuarre	3	3995
2012	22143	Laspaúles	9	7784
2012	22144	Laspuña	2	6915
2012	22149	Loarre	3	9664
2012	22150	Loporzano	5	14744
2012	22151	Loscorrales	1	2828
2012	22155	Monesma y Cajigar	1	2578
2012	22156	Monflorite-Lascasas	4	8249
2012	22157	Montanuy	23	7320
2012	22158	Monzón	46	267510
2012	22160	Naval	0	0
2012	22162	Novales	2	4583
2012	22163	Nueno	4	14640
2012	22164	Olvena	0	0
2012	22165	Ontiñena	3	7944
2012	22167	Osso de Cinca	5	10220
2012	22168	Palo	1	397
2012	22170	Panticosa	35	22708
2012	22172	Peñalba	11	16427
2012	22173	Peñas de Riglos (Las)	6	7045
2012	22174	Peralta de Alcofea	2	9614
2012	22175	Peralta de Calasanz	2	5413
2012	22176	Peraltilla	0	0
2012	22177	Perarrúa	3	2887
2012	22178	Pertusa	1	3064
2012	22181	Piracés	2	2697
2012	22182	Plan	1	7513
2012	22184	Poleñino	12	4810
2012	22186	Pozán de Vero	0	0
2012	22187	Puebla de Castro (La)	7	10722
2012	22188	Puente de Montañana	5	3686
2012	22189	Puértolas	1	5353
2012	22190	Pueyo de Araguás (El)	1	3469
2012	22193	Pueyo de Santa Cruz	4	4217
2012	22195	Quicena	2	7595
2012	22197	Robres	11	13013
2012	22199	Sabiñánigo	155	286479
2012	22200	Sahún	9	8815
2012	22201	Salas Altas	0	0
2012	22202	Salas Bajas	0	0
2012	22203	Salillas	1	2776
2012	22204	Sallent de Gállego	73	42536
2012	22205	San Esteban de Litera	1	11338
2012	22206	Sangarrén	4	4960
2012	22207	San Juan de Plan	2	3607
2012	22208	Santa Cilia	9	5760
2012	22209	Santa Cruz de la Serós	5	5234
2012	22212	Santaliestra y San Quílez	3	2500
2012	22213	Sariñena	79	94525
2012	22214	Secastilla	5	3995
2012	22215	Seira	8	3892
2012	22217	Sena	10	11789
2012	22218	Senés de Alcubierre	1	1374
2012	22220	Sesa	2	5473
2012	22221	Sesué	4	3377
2012	22222	Siétamo	6	17232
2012	22223	Sopeira	5	3041
2012	22225	Tamarite de Litera	13	82665
2012	22226	Tardienta	21	21430
2012	22227	Tella-Sin	2	6249
2012	22228	Tierz	4	18725
2012	22229	Tolva	5	4124
2012	22230	Torla-Ordesa	4	7513
2012	22232	Torralba de Aragón	5	2298
2012	22233	Torre la Ribera	11	3067
2012	22234	Torrente de Cinca	6	17792
2012	22235	Torres de Alcanadre	0	0
2012	22236	Torres de Barbués	9	6463
2012	22239	Tramaced	1	2567
2012	22242	Valfarta	2	1933
2012	22243	Valle de Bardají	4	1289
2012	22244	Valle de Lierp	3	1701
2012	22245	Velilla de Cinca	2	5975
2012	22246	Beranuy	2	2681
2012	22247	Viacamp y Litera	3	1237
2012	22248	Vicién	1	3116
2012	22249	Villanova	4	4047
2012	22250	Villanúa	14	14179
2012	22251	Villanueva de Sigena	9	10264
2012	22252	Yebra de Basa	1	4209
2012	22253	Yésero	1	1911
2012	22254	Zaidín	8	22476
2012	22901	Valle de Hecho	15	26225
2012	22902	Puente la Reina de Jaca	6	8031
2012	22903	San Miguel del Cinca	13	9650
2012	22904	Sotonera (La)	11	27236
2012	22905	Lupiñén-Ortilla	4	10187
2012	22906	Santa María de Dulcis	0	0
2012	22907	Aínsa-Sobrarbe	19	51279
2012	22908	Hoz y Costeán	0	0
2012	22909	Vencillón	1	10403
2012	44001	Ababuj	1	892
2012	44002	Abejuela	0	0
2012	44003	Aguatón	1	229
2012	44004	Aguaviva	7	9840
2012	44005	Aguilar del Alfambra	1	800
2012	44006	Alacón	6	4459
2012	44007	Alba	1	2630
2012	44008	Albalate del Arzobispo	28	38338
2012	44009	Albarracín	6	12533
2012	44010	Albentosa	2	3442
2012	44011	Alcaine	1	766
2012	44012	Alcalá de la Selva	6	5901
2012	44013	Alcañiz	35	223968
2012	44014	Alcorisa	33	51428
2012	44016	Alfambra	5	7742
2012	44017	Aliaga	5	4368
2012	44018	Almohaja	1	332
2012	44019	Alobras	1	858
2012	44020	Alpeñés	1	297
2012	44021	Allepuz	2	1475
2012	44022	Alloza	9	8957
2012	44023	Allueva	0	0
2012	44024	Anadón	1	274
2012	44025	Andorra	66	106358
2012	44026	Arcos de las Salinas	2	1144
2012	44027	Arens de Lledó	3	4171
2012	44028	Argente	1	2550
2012	44029	Ariño	15	11678
2012	44031	Azaila	8	2683
2012	44032	Bádenas	0	0
2012	44033	Báguena	1	2243
2012	44034	Bañón	0	0
2012	44035	Barrachina	0	0
2012	44036	Bea	0	0
2012	44037	Beceite	7	12939
2012	44038	Belmonte de San José	2	1832
2012	44039	Bello	0	0
2012	44040	Berge	3	3748
2012	44041	Bezas	1	938
2012	44042	Blancas	0	0
2012	44043	Blesa	1	1509
2012	44044	Bordón	2	1670
2012	44045	Bronchales	4	5363
2012	44046	Bueña	0	0
2012	44047	Burbáguena	0	0
2012	44048	Cabra de Mora	2	995
2012	44049	Calaceite	12	24324
2012	44050	Calamocha	9	26894
2012	44051	Calanda	33	56852
2012	44052	Calomarde	1	1178
2012	44053	Camañas	1	1429
2012	44054	Camarena de la Sierra	0	0
2012	44055	Camarillas	1	1487
2012	44056	Caminreal	5	4172
2012	44059	Cantavieja	9	8656
2012	44060	Cañada de Benatanduz	2	469
2012	44061	Cañada de Verich (La)	2	1590
2012	44062	Cañada Vellida	1	457
2012	44063	Cañizar del Olivar	1	1212
2012	44064	Cascante del Río	1	1166
2012	44065	Castejón de Tornos	0	0
2012	44066	Castel de Cabra	1	1601
2012	44067	Castelnou	3	2175
2012	44068	Castelserás	11	11813
2012	44070	Castellar (El)	2	789
2012	44071	Castellote	15	9205
2012	44074	Cedrillas	7	7090
2012	44075	Celadas	3	4963
2012	44076	Cella	13	33219
2012	44077	Cerollera (La)	2	1462
2012	44080	Codoñera (La)	4	5495
2012	44082	Corbalán	1	1166
2012	44084	Cortes de Aragón	1	869
2012	44085	Cosa	0	0
2012	44086	Cretas	7	12918
2012	44087	Crivillén	5	1176
2012	44088	Cuba (La)	2	595
2012	44089	Cubla	1	778
2012	44090	Cucalón	0	0
2012	44092	Cuervo (El)	1	1155
2012	44093	Cuevas de Almudén	1	1612
2012	44094	Cuevas Labradas	1	1544
2012	44096	Ejulve	6	2594
2012	44097	Escorihuela	1	2093
2012	44099	Escucha	5	11652
2012	44100	Estercuel	6	3475
2012	44101	Ferreruela de Huerva	0	0
2012	44102	Fonfría	0	0
2012	44103	Formiche Alto	2	2070
2012	44105	Fórnoles	2	2171
2012	44106	Fortanete	2	2550
2012	44107	Foz-Calanda	3	4160
2012	44108	Fresneda (La)	6	10619
2012	44109	Frías de Albarracín	1	1738
2012	44110	Fuenferrada	1	709
2012	44111	Fuentes Calientes	1	1361
2012	44112	Fuentes Claras	0	0
2012	44113	Fuentes de Rubielos	2	1532
2012	44114	Fuentespalda	4	6938
2012	44115	Galve	2	1727
2012	44116	Gargallo	8	1597
2012	44117	Gea de Albarracín	5	4746
2012	44118	Ginebrosa (La)	3	3266
2012	44119	Griegos	1	1612
2012	44120	Guadalaviar	2	2824
2012	44121	Gúdar	2	938
2012	44122	Híjar	34	33933
2012	44123	Hinojosa de Jarque	2	1715
2012	44124	Hoz de la Vieja (La)	1	1018
2012	44125	Huesa del Común	1	1052
2012	44126	Iglesuela del Cid (La)	5	5729
2012	44127	Jabaloyas	2	1029
2012	44128	Jarque de la Val	1	1018
2012	44129	Jatiel	3	943
2012	44130	Jorcas	1	503
2012	44131	Josa	1	435
2012	44132	Lagueruela	0	0
2012	44133	Lanzuela	0	0
2012	44135	Libros	1	1784
2012	44136	Lidón	1	640
2012	44137	Linares de Mora	2	3431
2012	44138	Loscos	0	0
2012	44141	Lledó	2	3575
2012	44142	Maicas	1	446
2012	44143	Manzanera	8	6427
2012	44144	Martín del Río	3	4940
2012	44145	Mas de las Matas	16	19694
2012	44146	Mata de los Olmos (La)	3	4018
2012	44147	Mazaleón	6	12003
2012	44148	Mezquita de Jarque	1	1338
2012	44149	Mirambel	2	1521
2012	44150	Miravete de la Sierra	1	377
2012	44151	Molinos	3	3236
2012	44152	Monforte de Moyuela	0	0
2012	44153	Monreal del Campo	0	4312
2012	44154	Monroyo	6	8385
2012	44155	Montalbán	7	15918
2012	44156	Monteagudo del Castillo	1	755
2012	44157	Monterde de Albarracín	1	732
2012	44158	Mora de Rubielos	16	19051
2012	44159	Moscardón	1	766
2012	44160	Mosqueruela	7	7147
2012	44161	Muniesa	4	7604
2012	44163	Noguera de Albarracín	1	1692
2012	44164	Nogueras	0	0
2012	44165	Nogueruelas	2	2459
2012	44167	Obón	1	435
2012	44168	Odón	0	0
2012	44169	Ojos Negros	0	0
2012	44171	Olba	3	2722
2012	44172	Oliete	6	6005
2012	44173	Olmos (Los)	2	1860
2012	44174	Orihuela del Tremedal	5	6632
2012	44175	Orrios	1	1750
2012	44176	Palomar de Arroyos	1	2184
2012	44177	Pancrudo	4	1589
2012	44178	Parras de Castellote (Las)	2	1093
2012	44179	Peñarroya de Tastavins	7	10832
2012	44180	Peracense	0	0
2012	44181	Peralejos	1	961
2012	44182	Perales del Alfambra	2	3065
2012	44183	Pitarque	2	1075
2012	44184	Plou	1	515
2012	44185	Pobo (El)	1	1635
2012	44187	Portellada (La)	2	5512
2012	44189	Pozondón	1	915
2012	44190	Pozuel del Campo	0	0
2012	44191	Puebla de Híjar (La)	18	18362
2012	44192	Puebla de Valverde (La)	8	6312
2012	44193	Puertomingalvo	2	1795
2012	44194	Ráfales	3	3511
2012	44195	Rillo	2	1281
2012	44196	Riodeva	1	2013
2012	44197	Ródenas	1	812
2012	44198	Royuela	1	2870
2012	44199	Rubiales	1	663
2012	44200	Rubielos de la Cérida	0	0
2012	44201	Rubielos de Mora	10	8588
2012	44203	Salcedillo	1	91
2012	44204	Saldón	1	332
2012	44205	Samper de Calanda	16	16477
2012	44206	San Agustín	3	2298
2012	44207	San Martín del Río	0	0
2012	44208	Santa Cruz de Nogueras	0	0
2012	44209	Santa Eulalia	8	13116
2012	44210	Sarrión	13	12979
2012	44211	Segura de los Baños	1	446
2012	44212	Seno	2	653
2012	44213	Singra	0	0
2012	44215	Terriente	2	2253
2012	44216	Teruel	117	403525
2012	44217	Toril y Masegoso	1	423
2012	44218	Tormón	1	412
2012	44219	Tornos	0	0
2012	44220	Torralba de los Sisones	0	0
2012	44221	Torrecilla de Alcañiz	5	6205
2012	44222	Torrecilla del Rebollar	0	0
2012	44223	Torre de Arcas	2	2022
2012	44224	Torre de las Arcas	1	400
2012	44225	Torre del Compte	2	3320
2012	44226	Torrelacárcel	1	2436
2012	44227	Torre los Negros	0	0
2012	44228	Torremocha de Jiloca	1	1544
2012	44229	Torres de Albarracín	1	1910
2012	44230	Torrevelilla	3	3067
2012	44231	Torrijas	2	720
2012	44232	Torrijo del Campo	1	439
2012	44234	Tramacastiel	2	1018
2012	44235	Tramacastilla	2	1349
2012	44236	Tronchón	2	1224
2012	44237	Urrea de Gaén	6	9553
2012	44238	Utrillas	16	37393
2012	44239	Valacloche	1	354
2012	44240	Valbona	2	2310
2012	44241	Valdealgorfa	7	9584
2012	44243	Valdecuenca	1	606
2012	44244	Valdelinares	3	1292
2012	44245	Valdeltormo	4	6895
2012	44246	Valderrobres	20	49010
2012	44247	Valjunquera	4	8236
2012	44249	Vallecillo (El)	1	698
2012	44250	Veguillas de la Sierra	1	286
2012	44251	Villafranca del Campo	0	0
2012	44252	Villahermosa del Campo	0	0
2012	44256	Villanueva del Rebollar de la Sierra	1	595
2012	44257	Villar del Cobo	1	2344
2012	44258	Villar del Salz	0	0
2012	44260	Villarluengo	4	2218
2012	44261	Villarquemado	4	10360
2012	44262	Villarroya de los Pinares	3	1967
2012	44263	Villastar	2	5123
2012	44264	Villel	2	3911
2012	44265	Vinaceite	4	5456
2012	44266	Visiedo	1	1692
2012	44267	Vivel del Río Martín	1	1041
2012	44268	Zoma (La)	1	252
2012	50001	Abanto	2	1208
2012	50002	Acered	1	2614
2012	50003	Agón	3	4734
2012	50004	Aguarón	2	10910
2012	50005	Aguilón	2	3224
2012	50006	Ainzón	15	35940
2012	50007	Aladrén	1	837
2012	50008	Alagón	84	131194
2012	50009	Alarba	2	1486
2012	50010	Alberite de San Juan	4	2858
2012	50011	Albeta	6	4301
2012	50012	Alborge	1	1171
2012	50013	Alcalá de Ebro	5	5220
2012	50014	Alcalá de Moncayo	2	3987
2012	50015	Alconchel de Ariza	1	892
2012	50016	Aldehuela de Liestos	1	686
2012	50017	Alfajarín	9	26986
2012	50018	Alfamén	5	19708
2012	50019	Alforque	1	842
2012	50020	Alhama de Aragón	6	10646
2012	50021	Almochuel	0	0
2012	50022	Almolda (La)	8	13206
2012	50023	Almonacid de la Cuba	2	1775
2012	50024	Almonacid de la Sierra	3	6412
2012	50025	Almunia de Doña Godina (La)	11	68407
2012	50026	Alpartir	2	4435
2012	50027	Ambel	5	8371
2012	50028	Anento	1	1756
2012	50029	Aniñón	3	7459
2012	50030	Añón de Moncayo	4	4046
2012	50031	Aranda de Moncayo	0	0
2012	50032	Arándiga	2	3827
2012	50033	Ardisa	0	0
2012	50034	Ariza	5	11946
2012	50035	Artieda	1	2548
2012	50036	Asín	0	0
2012	50037	Atea	1	1690
2012	50038	Ateca	7	20065
2012	50039	Azuara	3	4614
2012	50040	Badules	1	1320
2012	50041	Bagüés	0	0
2012	50042	Balconchán	1	198
2012	50043	Bárboles	4	6014
2012	50044	Bardallur	1	2552
2012	50045	Belchite	7	11061
2012	50046	Belmonte de Gracián	2	2192
2012	50047	Berdejo	1	660
2012	50048	Berrueco	1	594
2012	50050	Bijuesca	1	1068
2012	50051	Biota	4	9606
2012	50052	Bisimbre	3	3118
2012	50053	Boquiñeni	8	18170
2012	50054	Bordalba	1	678
2012	50055	Borja	75	144913
2012	50056	Botorrita	0	0
2012	50057	Brea de Aragón	4	11866
2012	50058	Bubierca	1	762
2012	50059	Bujaraloz	19	22504
2012	50060	Bulbuente	6	6957
2012	50061	Bureta	6	7852
2012	50062	Burgo de Ebro (El)	23	11936
2012	50063	Buste (El)	1	1614
2012	50064	Cabañas de Ebro	10	10146
2012	50065	Cabolafuente	1	427
2012	50066	Cadrete	0	0
2012	50067	Calatayud	65	193564
2012	50068	Calatorao	10	23764
2012	50069	Calcena	0	0
2012	50070	Calmarza	1	975
2012	50071	Campillo de Aragón	2	1403
2012	50072	Carenas	3	1811
2012	50073	Cariñena	14	46588
2012	50074	Caspe	29	81632
2012	50075	Castejón de Alarba	1	901
2012	50076	Castejón de las Armas	1	1124
2012	50077	Castejón de Valdejasa	1	2404
2012	50078	Castiliscar	1	2878
2012	50079	Cervera de la Cañada	2	2908
2012	50080	Cerveruela	1	607
2012	50081	Cetina	2	6382
2012	50082	Cimballa	2	1180
2012	50083	Cinco Olivas	1	1209
2012	50084	Clarés de Ribota	1	901
2012	50085	Codo	1	1400
2012	50086	Codos	2	2332
2012	50087	Contamina	1	362
2012	50088	Cosuenda	3	5161
2012	50089	Cuarte de Huerva	0	0
2012	50090	Cubel	1	2561
2012	50091	Cuerlas (Las)	1	818
2012	50092	Chiprana	2	3845
2012	50093	Chodes	1	1144
2012	50094	Daroca	8	30531
2012	50095	Ejea de los Caballeros	55	151824
2012	50096	Embid de Ariza	1	492
2012	50098	Encinacorba	2	3162
2012	50099	Épila	12	36728
2012	50100	Erla	1	3562
2012	50101	Escatrón	5	10845
2012	50102	Fabara	5	10445
2012	50104	Farlete	6	9341
2012	50105	Fayón	2	3358
2012	50106	Fayos (Los)	3	2976
2012	50107	Figueruelas	16	24036
2012	50108	Fombuena	1	660
2012	50109	Frago (El)	0	0
2012	50110	Frasno (El)	3	4431
2012	50111	Fréscano	5	6264
2012	50113	Fuendejalón	15	28261
2012	50114	Fuendetodos	4	1183
2012	50115	Fuentes de Ebro	54	98170
2012	50116	Fuentes de Jiloca	2	2592
2012	50117	Gallocanta	1	2059
2012	50118	Gallur	44	54068
2012	50119	Gelsa	7	11358
2012	50120	Godojos	1	409
2012	50121	Gotor	0	0
2012	50122	Grisel	1	1381
2012	50123	Grisén	6	10386
2012	50124	Herrera de los Navarros	2	7973
2012	50125	Ibdes	2	4478
2012	50126	Illueca	8	21445
2012	50128	Isuerre	0	0
2012	50129	Jaraba	3	3372
2012	50130	Jarque de Moncayo	1	3548
2012	50131	Jaulín	0	0
2012	50132	Joyosa (La)	16	17358
2012	50133	Lagata	1	953
2012	50134	Langa del Castillo	1	1914
2012	50135	Layana	0	0
2012	50136	Lécera	5	4988
2012	50137	Leciñena	10	28753
2012	50138	Lechón	1	634
2012	50139	Letux	2	2813
2012	50140	Litago	4	3598
2012	50141	Lituénigo	3	2451
2012	50142	Lobera de Onsella	0	0
2012	50143	Longares	5	11335
2012	50144	Longás	0	0
2012	50146	Lucena de Jalón	1	2389
2012	50147	Luceni	15	20070
2012	50148	Luesia	2	3518
2012	50149	Luesma	1	673
2012	50150	Lumpiaque	3	7307
2012	50151	Luna	2	7360
2012	50152	Maella	8	16689
2012	50153	Magallón	18	35247
2012	50154	Mainar	1	2165
2012	50155	Malanquilla	1	1208
2012	50156	Maleján	5	9757
2012	50157	Malón	9	7294
2012	50159	Maluenda	3	10274
2012	50160	Mallén	51	107068
2012	50161	Manchones	1	1861
2012	50162	Mara	2	1876
2012	50163	María de Huerva	0	0
2012	50164	Mediana de Aragón	0	0
2012	50165	Mequinenza	11	32975
2012	50166	Mesones de Isuela	0	0
2012	50167	Mezalocha	2	2774
2012	50168	Mianos	1	1135
2012	50169	Miedes de Aragón	2	4292
2012	50170	Monegrillo	9	10135
2012	50171	Moneva	2	848
2012	50172	Monreal de Ariza	2	1728
2012	50173	Monterde	2	1765
2012	50174	Montón	2	1263
2012	50175	Morata de Jalón	7	10225
2012	50176	Morata de Jiloca	2	2657
2012	50177	Morés	3	3920
2012	50178	Moros	2	4171
2012	50179	Moyuela	2	1696
2012	50180	Mozota	0	0
2012	50181	Muel	9	17921
2012	50182	Muela (La)	40	44927
2012	50183	Munébrega	3	4338
2012	50184	Murero	1	1954
2012	50185	Murillo de Gállego	4	5081
2012	50186	Navardún	0	0
2012	50187	Nigüella	1	734
2012	50188	Nombrevilla	1	502
2012	50189	Nonaspe	4	8716
2012	50190	Novallas	14	18459
2012	50191	Novillas	12	17407
2012	50192	Nuévalos	3	3298
2012	50193	Nuez de Ebro	12	10197
2012	50194	Olvés	1	1105
2012	50195	Orcajo	1	568
2012	50196	Orera	1	1263
2012	50197	Orés	0	0
2012	50198	Oseja	0	0
2012	50199	Osera de Ebro	3	5629
2012	50200	Paniza	2	9573
2012	50201	Paracuellos de Jiloca	2	5481
2012	50202	Paracuellos de la Ribera	1	1737
2012	50203	Pastriz	10	16460
2012	50204	Pedrola	41	69526
2012	50205	Pedrosas (Las)	0	0
2012	50206	Perdiguera	9	13979
2012	50207	Piedratajada	0	0
2012	50208	Pina de Ebro	12	25405
2012	50209	Pinseque	42	66021
2012	50210	Pintanos (Los)	0	0
2012	50211	Plasencia de Jalón	1	3027
2012	50212	Pleitas	1	978
2012	50213	Plenas	1	887
2012	50214	Pomer	0	0
2012	50215	Pozuel de Ariza	1	195
2012	50216	Pozuelo de Aragón	6	9815
2012	50217	Pradilla de Ebro	6	11419
2012	50218	Puebla de Albortón	1	789
2012	50219	Puebla de Alfindén (La)	14	66191
2012	50220	Puendeluna	0	0
2012	50221	Purujosa	0	0
2012	50222	Quinto	9	20365
2012	50223	Remolinos	12	21823
2012	50224	Retascón	1	1003
2012	50225	Ricla	6	23850
2012	50227	Romanos	1	1624
2012	50228	Rueda de Jalón	1	2723
2012	50229	Ruesca	1	743
2012	50230	Sádaba	7	14414
2012	50231	Salillas de Jalón	1	2980
2012	50232	Salvatierra de Esca	6	6259
2012	50233	Samper del Salz	1	782
2012	50234	San Martín de la Virgen de Moncayo	4	5544
2012	50235	San Mateo de Gállego	23	41301
2012	50236	Santa Cruz de Grío	1	1253
2012	50237	Santa Cruz de Moncayo	3	2529
2012	50238	Santa Eulalia de Gállego	1	3405
2012	50239	Santed	1	884
2012	50240	Sástago	7	12519
2012	50241	Saviñán	5	6939
2012	50242	Sediles	1	1068
2012	50243	Sestrica	1	2620
2012	50244	Sierra de Luna	0	0
2012	50245	Sigüés	4	3628
2012	50246	Sisamón	1	399
2012	50247	Sobradiel	9	18059
2012	50248	Sos del Rey Católico	2	5843
2012	50249	Tabuenca	5	11374
2012	50250	Talamantes	2	1645
2012	50251	Tarazona	50	199140
2012	50252	Tauste	22	65657
2012	50253	Terrer	2	4645
2012	50254	Tierga	0	0
2012	50255	Tobed	2	2322
2012	50256	Torralba de los Frailes	1	1241
2012	50257	Torralba de Ribota	2	1876
2012	50258	Torralbilla	1	766
2012	50259	Torrehermosa	1	752
2012	50260	Torrelapaja	1	399
2012	50261	Torrellas	8	5758
2012	50262	Torres de Berrellén	20	27873
2012	50263	Torrijo de la Cañada	2	2592
2012	50264	Tosos	2	3024
2012	50265	Trasmoz	1	1478
2012	50266	Trasobares	0	0
2012	50267	Uncastillo	2	6615
2012	50268	Undués de Lerda	0	0
2012	50269	Urrea de Jalón	1	3136
2012	50270	Urriés	0	0
2012	50271	Used	2	4237
2012	50272	Utebo	52	206680
2012	50273	Valdehorna	1	475
2012	50274	Val de San Martín	1	1056
2012	50275	Valmadrid	2	697
2012	50276	Valpalmas	0	0
2012	50277	Valtorres	1	882
2012	50278	Velilla de Ebro	3	2370
2012	50279	Velilla de Jiloca	1	920
2012	50280	Vera de Moncayo	11	7878
2012	50281	Vierlas	2	1887
2012	50282	Vilueña (La)	1	1105
2012	50283	Villadoz	1	1109
2012	50284	Villafeliche	2	2090
2012	50285	Villafranca de Ebro	3	10197
2012	50286	Villalba de Perejil	1	1050
2012	50287	Villalengua	2	3623
2012	50288	Villanueva de Gállego	26	59588
2012	50289	Villanueva de Jiloca	1	1030
2012	50290	Villanueva de Huerva	5	6998
2012	50291	Villar de los Navarros	1	1584
2012	50292	Villarreal de Huerva	1	3036
2012	50293	Villarroya de la Sierra	3	5341
2012	50294	Villarroya del Campo	1	1069
2012	50295	Vistabella	0	0
2012	50296	Zaida (La)	4	4973
2012	50297	Zaragoza	1762	15276668
2012	50298	Zuera	49	100112
2012	50901	Biel	0	0
2012	50902	Marracos	0	0
2012	50903	Villamayor de Gállego	14	36940
2013	22001	Abiego	0	0
2013	22002	Abizanda	2	3193
2013	22003	Adahuesca	0	0
2013	22004	Agüero	2	4986
2013	22006	Aísa	17	11508
2013	22007	Albalate de Cinca	14	17871
2013	22008	Albalatillo	8	4789
2013	22009	Albelda	3	14840
2013	22011	Albero Alto	1	4202
2013	22012	Albero Bajo	4	2437
2013	22013	Alberuela de Tubo	9	7440
2013	22014	Alcalá de Gurrea	4	8936
2013	22015	Alcalá del Obispo	3	11539
2013	22016	Alcampell	3	13668
2013	22017	Alcolea de Cinca	14	16299
2013	22018	Alcubierre	10	9065
2013	22019	Alerre	2	6616
2013	22020	Alfántega	3	1928
2013	22021	Almudévar	16	78986
2013	22022	Almunia de San Juan	7	9485
2013	22023	Almuniente	18	12058
2013	22024	Alquézar	0	0
2013	22025	Altorricón	5	27372
2013	22027	Angüés	3	13138
2013	22028	Ansó	10	14643
2013	22029	Antillón	1	4641
2013	22032	Aragüés del Puerto	2	4014
2013	22035	Arén	16	9793
2013	22036	Argavieso	1	3449
2013	22037	Arguis	2	3920
2013	22039	Ayerbe	7	35025
2013	22040	Azanuy-Alins	2	3188
2013	22041	Azara	0	0
2013	22042	Azlor	0	0
2013	22043	Baells	2	2254
2013	22044	Bailo	7	9752
2013	22045	Baldellou	1	2070
2013	22046	Ballobar	7	11792
2013	22047	Banastás	2	8968
2013	22048	Barbastro	37	242953
2013	22049	Barbués	2	2095
2013	22050	Barbuñales	0	0
2013	22051	Bárcabo	6	2747
2013	22052	Belver de Cinca	5	17249
2013	22053	Benabarre	26	32870
2013	22054	Benasque	55	59977
2013	22055	Berbegal	2	5897
2013	22057	Bielsa	5	11810
2013	22058	Bierge	0	0
2013	22059	Biescas	43	49825
2013	22060	Binaced	17	21399
2013	22061	Binéfar	40	173249
2013	22062	Bisaurri	6	5465
2013	22063	Biscarrués	1	7086
2013	22064	Blecua y Torres	2	6867
2013	22066	Boltaña	12	25639
2013	22067	Bonansa	2	2597
2013	22068	Borau	1	2634
2013	22069	Broto	7	12726
2013	22072	Caldearenas	11	6992
2013	22074	Campo	16	8928
2013	22075	Camporrells	1	3060
2013	22076	Canal de Berdún	9	11445
2013	22077	Candasnos	2	4780
2013	22078	Canfranc	14	18782
2013	22079	Capdesaso	3	3934
2013	22080	Capella	8	9739
2013	22081	Casbas de Huesca	3	9532
2013	22082	Castejón del Puente	2	5055
2013	22083	Castejón de Monegros	9	13320
2013	22084	Castejón de Sos	25	20750
2013	22085	Castelflorite	4	2801
2013	22086	Castiello de Jaca	6	7808
2013	22087	Castigaleu	1	2814
2013	22088	Castillazuelo	0	0
2013	22089	Castillonroy	1	6596
2013	22090	Colungo	0	0
2013	22094	Chalamera	0	0
2013	22095	Chía	2	2624
2013	22096	Chimillas	3	11602
2013	22099	Esplús	3	12147
2013	22102	Estada	0	0
2013	22103	Estadilla	2	12004
2013	22105	Estopiñán del Castillo	7	4356
2013	22106	Fago	1	909
2013	22107	Fanlo	0	0
2013	22109	Fiscal	4	8124
2013	22110	Fonz	14	14028
2013	22111	Foradada del Toscar	7	5627
2013	22112	Fraga	41	183844
2013	22113	Fueva (La)	2	15050
2013	22114	Gistaín	1	3451
2013	22115	Grado (El)	2	6613
2013	22116	Grañén	47	42546
2013	22117	Graus	89	97256
2013	22119	Gurrea de Gállego	14	51549
2013	22122	Hoz de Jaca	3	2258
2013	22124	Huerto	7	5687
2013	22125	Huesca	419	1639797
2013	22126	Ibieca	1	3543
2013	22127	Igriés	7	20632
2013	22128	Ilche	0	0
2013	22129	Isábena	11	8305
2013	22130	Jaca	75	343250
2013	22131	Jasa	4	3512
2013	22133	Labuerda	2	3663
2013	22135	Laluenga	0	0
2013	22136	Lalueza	22	22791
2013	22137	Lanaja	17	29034
2013	22139	Laperdiguera	0	0
2013	22141	Lascellas-Ponzano	0	0
2013	22142	Lascuarre	4	4112
2013	22143	Laspaúles	11	8711
2013	22144	Laspuña	2	6950
2013	22149	Loarre	3	11320
2013	22150	Loporzano	5	17214
2013	22151	Loscorrales	1	3355
2013	22155	Monesma y Cajigar	1	2570
2013	22156	Monflorite-Lascasas	4	9438
2013	22157	Montanuy	31	7169
2013	22158	Monzón	46	242895
2013	22160	Naval	0	0
2013	22162	Novales	2	5550
2013	22163	Nueno	4	17779
2013	22164	Olvena	0	0
2013	22165	Ontiñena	3	7326
2013	22167	Osso de Cinca	5	10111
2013	22168	Palo	1	704
2013	22170	Panticosa	36	24771
2013	22172	Peñalba	12	16227
2013	22173	Peñas de Riglos (Las)	6	8403
2013	22174	Peralta de Alcofea	2	8368
2013	22175	Peralta de Calasanz	2	4434
2013	22176	Peraltilla	0	0
2013	22177	Perarrúa	3	2949
2013	22178	Pertusa	1	3794
2013	22181	Piracés	2	3136
2013	22182	Plan	3	7372
2013	22184	Poleñino	14	4639
2013	22186	Pozán de Vero	0	0
2013	22187	Puebla de Castro (La)	7	11633
2013	22188	Puente de Montañana	5	3598
2013	22189	Puértolas	1	5283
2013	22190	Pueyo de Araguás (El)	1	3616
2013	22193	Pueyo de Santa Cruz	4	5171
2013	22195	Quicena	2	9125
2013	22197	Robres	11	12935
2013	22199	Sabiñánigo	154	321118
2013	22200	Sahún	10	9198
2013	22201	Salas Altas	0	0
2013	22202	Salas Bajas	0	0
2013	22203	Salillas	1	3324
2013	22204	Sallent de Gállego	72	47410
2013	22205	San Esteban de Litera	1	9197
2013	22206	Sangarrén	6	4853
2013	22207	San Juan de Plan	2	3804
2013	22208	Santa Cilia	9	6303
2013	22209	Santa Cruz de la Serós	5	6083
2013	22212	Santaliestra y San Quílez	3	2543
2013	22213	Sariñena	97	94115
2013	22214	Secastilla	5	4139
2013	22215	Seira	8	4031
2013	22217	Sena	11	11588
2013	22218	Senés de Alcubierre	2	1133
2013	22220	Sesa	2	6522
2013	22221	Sesué	5	3436
2013	22222	Siétamo	6	20381
2013	22223	Sopeira	5	3084
2013	22225	Tamarite de Litera	13	66984
2013	22226	Tardienta	34	21059
2013	22227	Tella-Sin	3	6175
2013	22228	Tierz	4	22388
2013	22229	Tolva	5	4112
2013	22230	Torla-Ordesa	5	7513
2013	22232	Torralba de Aragón	5	2352
2013	22233	Torre la Ribera	11	3165
2013	22234	Torrente de Cinca	6	16572
2013	22235	Torres de Alcanadre	0	0
2013	22236	Torres de Barbués	9	6350
2013	22239	Tramaced	1	2947
2013	22242	Valfarta	2	1582
2013	22243	Valle de Bardají	4	1326
2013	22244	Valle de Lierp	5	1731
2013	22245	Velilla de Cinca	2	5670
2013	22246	Beranuy	4	2624
2013	22247	Viacamp y Litera	3	1380
2013	22248	Vicién	1	3606
2013	22249	Villanova	6	4004
2013	22250	Villanúa	14	15647
2013	22251	Villanueva de Sigena	10	9920
2013	22252	Yebra de Basa	1	4609
2013	22253	Yésero	1	2101
2013	22254	Zaidín	8	21953
2013	22901	Valle de Hecho	15	29381
2013	22902	Puente la Reina de Jaca	6	8968
2013	22903	San Miguel del Cinca	13	12128
2013	22904	Sotonera (La)	11	32673
2013	22905	Lupiñén-Ortilla	4	11853
2013	22906	Santa María de Dulcis	0	0
2013	22907	Aínsa-Sobrarbe	20	52640
2013	22908	Hoz y Costeán	0	0
2013	22909	Vencillón	1	8336
2013	44001	Ababuj	1	750
2013	44002	Abejuela	2	565
2013	44003	Aguatón	1	205
2013	44004	Aguaviva	7	9902
2013	44005	Aguilar del Alfambra	1	750
2013	44006	Alacón	6	4199
2013	44007	Alba	1	2373
2013	44008	Albalate del Arzobispo	28	34633
2013	44009	Albarracín	6	11319
2013	44010	Albentosa	2	2979
2013	44011	Alcaine	1	709
2013	44012	Alcalá de la Selva	6	5095
2013	44013	Alcañiz	35	195955
2013	44014	Alcorisa	37	53350
2013	44016	Alfambra	5	6389
2013	44017	Aliaga	5	3759
2013	44018	Almohaja	1	288
2013	44019	Alobras	1	811
2013	44020	Alpeñés	1	257
2013	44021	Allepuz	2	1243
2013	44022	Alloza	9	8538
2013	44023	Allueva	0	0
2013	44024	Anadón	1	277
2013	44025	Andorra	66	104863
2013	44026	Arcos de las Salinas	2	1079
2013	44027	Arens de Lledó	3	4544
2013	44028	Argente	1	2301
2013	44029	Ariño	15	11329
2013	44031	Azaila	8	2207
2013	44032	Bádenas	0	0
2013	44033	Báguena	1	2687
2013	44034	Bañón	0	0
2013	44035	Barrachina	0	0
2013	44036	Bea	0	0
2013	44037	Beceite	7	13455
2013	44038	Belmonte de San José	3	1890
2013	44039	Bello	0	0
2013	44040	Berge	3	3811
2013	44041	Bezas	1	801
2013	44042	Blancas	0	0
2013	44043	Blesa	1	1284
2013	44044	Bordón	2	1346
2013	44045	Bronchales	4	4848
2013	44046	Bueña	0	0
2013	44047	Burbáguena	0	0
2013	44048	Cabra de Mora	2	811
2013	44049	Calaceite	12	24494
2013	44050	Calamocha	9	33250
2013	44051	Calanda	47	59352
2013	44052	Calomarde	1	924
2013	44053	Camañas	1	1387
2013	44054	Camarena de la Sierra	0	0
2013	44055	Camarillas	1	1202
2013	44056	Caminreal	5	5337
2013	44059	Cantavieja	9	7652
2013	44060	Cañada de Benatanduz	2	401
2013	44061	Cañada de Verich (La)	2	1590
2013	44062	Cañada Vellida	1	390
2013	44063	Cañizar del Olivar	1	1130
2013	44064	Cascante del Río	1	935
2013	44065	Castejón de Tornos	0	0
2013	44066	Castel de Cabra	1	1417
2013	44067	Castelnou	4	2937
2013	44068	Castelserás	11	12512
2013	44070	Castellar (El)	2	657
2013	44071	Castellote	15	8156
2013	44074	Cedrillas	7	6481
2013	44075	Celadas	3	4170
2013	44076	Cella	13	29562
2013	44077	Cerollera (La)	2	1740
2013	44080	Codoñera (La)	7	5656
2013	44082	Corbalán	1	1099
2013	44084	Cortes de Aragón	1	740
2013	44085	Cosa	0	0
2013	44086	Cretas	7	13256
2013	44087	Crivillén	5	1116
2013	44088	Cuba (La)	2	514
2013	44089	Cubla	1	637
2013	44090	Cucalón	0	0
2013	44092	Cuervo (El)	1	935
2013	44093	Cuevas de Almudén	1	1520
2013	44094	Cuevas Labradas	1	1315
2013	44096	Ejulve	6	2639
2013	44097	Escorihuela	1	1818
2013	44099	Escucha	5	10220
2013	44100	Estercuel	6	3286
2013	44101	Ferreruela de Huerva	0	0
2013	44102	Fonfría	0	0
2013	44103	Formiche Alto	2	1798
2013	44105	Fórnoles	2	2327
2013	44106	Fortanete	2	2280
2013	44107	Foz-Calanda	3	4186
2013	44108	Fresneda (La)	6	10773
2013	44109	Frías de Albarracín	1	1551
2013	44110	Fuenferrada	1	637
2013	44111	Fuentes Calientes	1	1192
2013	44112	Fuentes Claras	0	0
2013	44113	Fuentes de Rubielos	2	1284
2013	44114	Fuentespalda	4	7027
2013	44115	Galve	2	1746
2013	44116	Gargallo	8	1548
2013	44117	Gea de Albarracín	5	4160
2013	44118	Ginebrosa (La)	4	3241
2013	44119	Griegos	1	1469
2013	44120	Guadalaviar	2	2424
2013	44121	Gúdar	2	791
2013	44122	Híjar	35	29970
2013	44123	Hinojosa de Jarque	2	1551
2013	44124	Hoz de la Vieja (La)	1	811
2013	44125	Huesa del Común	1	883
2013	44126	Iglesuela del Cid (La)	5	5095
2013	44127	Jabaloyas	2	853
2013	44128	Jarque de la Val	1	935
2013	44129	Jatiel	3	813
2013	44130	Jorcas	1	421
2013	44131	Josa	1	390
2013	44132	Lagueruela	0	0
2013	44133	Lanzuela	0	0
2013	44135	Libros	1	1448
2013	44136	Lidón	1	565
2013	44137	Linares de Mora	2	3040
2013	44138	Loscos	0	0
2013	44141	Lledó	2	3746
2013	44142	Maicas	1	390
2013	44143	Manzanera	8	5691
2013	44144	Martín del Río	3	4407
2013	44145	Mas de las Matas	16	20404
2013	44146	Mata de los Olmos (La)	3	4216
2013	44147	Mazaleón	6	12568
2013	44148	Mezquita de Jarque	1	1212
2013	44149	Mirambel	2	1325
2013	44150	Miravete de la Sierra	1	339
2013	44151	Molinos	3	2938
2013	44152	Monforte de Moyuela	0	0
2013	44153	Monreal del Campo	0	0
2013	44154	Monroyo	6	8645
2013	44155	Montalbán	7	13867
2013	44156	Monteagudo del Castillo	1	688
2013	44157	Monterde de Albarracín	1	678
2013	44158	Mora de Rubielos	16	16938
2013	44159	Moscardón	1	657
2013	44160	Mosqueruela	7	6379
2013	44161	Muniesa	4	6707
2013	44163	Noguera de Albarracín	1	1561
2013	44164	Nogueras	0	0
2013	44165	Nogueruelas	2	2250
2013	44167	Obón	1	401
2013	44168	Odón	0	0
2013	44169	Ojos Negros	0	0
2013	44171	Olba	3	2558
2013	44172	Oliete	6	5823
2013	44173	Olmos (Los)	2	1860
2013	44174	Orihuela del Tremedal	5	5875
2013	44175	Orrios	1	1561
2013	44176	Palomar de Arroyos	1	1941
2013	44177	Pancrudo	4	1366
2013	44178	Parras de Castellote (Las)	3	1035
2013	44179	Peñarroya de Tastavins	7	11017
2013	44180	Peracense	0	0
2013	44181	Peralejos	1	853
2013	44182	Perales del Alfambra	2	2763
2013	44183	Pitarque	2	955
2013	44184	Plou	1	493
2013	44185	Pobo (El)	1	1459
2013	44187	Portellada (La)	2	5630
2013	44189	Pozondón	1	729
2013	44190	Pozuel del Campo	0	0
2013	44191	Puebla de Híjar (La)	19	16296
2013	44192	Puebla de Valverde (La)	8	5649
2013	44193	Puertomingalvo	2	1479
2013	44194	Ráfales	3	3524
2013	44195	Rillo	2	1140
2013	44196	Riodeva	1	1777
2013	44197	Ródenas	1	811
2013	44198	Royuela	1	2537
2013	44199	Rubiales	1	627
2013	44200	Rubielos de la Cérida	0	0
2013	44201	Rubielos de Mora	10	7755
2013	44203	Salcedillo	1	103
2013	44204	Saldón	1	288
2013	44205	Samper de Calanda	15	14670
2013	44206	San Agustín	3	1818
2013	44207	San Martín del Río	0	0
2013	44208	Santa Cruz de Nogueras	0	0
2013	44209	Santa Eulalia	8	11525
2013	44210	Sarrión	13	11597
2013	44211	Segura de los Baños	1	411
2013	44212	Seno	3	675
2013	44213	Singra	0	0
2013	44215	Terriente	2	1962
2013	44216	Teruel	117	368149
2013	44217	Toril y Masegoso	1	360
2013	44218	Tormón	1	349
2013	44219	Tornos	0	0
2013	44220	Torralba de los Sisones	0	0
2013	44221	Torrecilla de Alcañiz	6	6706
2013	44222	Torrecilla del Rebollar	0	0
2013	44223	Torre de Arcas	2	1951
2013	44224	Torre de las Arcas	1	308
2013	44225	Torre del Compte	2	3281
2013	44226	Torrelacárcel	1	2054
2013	44227	Torre los Negros	0	0
2013	44228	Torremocha de Jiloca	1	1315
2013	44229	Torres de Albarracín	1	1715
2013	44230	Torrevelilla	4	2986
2013	44231	Torrijas	2	585
2013	44232	Torrijo del Campo	1	3674
2013	44234	Tramacastiel	2	873
2013	44235	Tramacastilla	2	1284
2013	44236	Tronchón	2	1027
2013	44237	Urrea de Gaén	6	8563
2013	44238	Utrillas	16	33260
2013	44239	Valacloche	1	288
2013	44240	Valbona	2	2167
2013	44241	Valdealgorfa	7	9767
2013	44243	Valdecuenca	1	575
2013	44244	Valdelinares	3	1089
2013	44245	Valdeltormo	4	7027
2013	44246	Valderrobres	20	51759
2013	44247	Valjunquera	4	8556
2013	44249	Vallecillo (El)	1	555
2013	44250	Veguillas de la Sierra	1	205
2013	44251	Villafranca del Campo	0	0
2013	44252	Villahermosa del Campo	0	0
2013	44256	Villanueva del Rebollar de la Sierra	1	483
2013	44257	Villar del Cobo	1	2075
2013	44258	Villar del Salz	0	0
2013	44260	Villarluengo	4	2054
2013	44261	Villarquemado	4	9286
2013	44262	Villarroya de los Pinares	3	1674
2013	44263	Villastar	2	4930
2013	44264	Villel	2	3564
2013	44265	Vinaceite	4	5111
2013	44266	Visiedo	1	1489
2013	44267	Vivel del Río Martín	1	883
2013	44268	Zoma (La)	1	226
2013	50001	Abanto	2	1072
2013	50002	Acered	1	2714
2013	50003	Agón	3	4302
2013	50004	Aguarón	2	10087
2013	50005	Aguilón	2	3021
2013	50006	Ainzón	15	31271
2013	50007	Aladrén	1	714
2013	50008	Alagón	84	126337
2013	50009	Alarba	2	1359
2013	50010	Alberite de San Juan	4	2499
2013	50011	Albeta	6	3838
2013	50012	Alborge	1	1046
2013	50013	Alcalá de Ebro	5	5006
2013	50014	Alcalá de Moncayo	4	3644
2013	50015	Alconchel de Ariza	2	760
2013	50016	Aldehuela de Liestos	1	570
2013	50017	Alfajarín	13	27354
2013	50018	Alfamén	5	19139
2013	50019	Alforque	1	762
2013	50020	Alhama de Aragón	7	9489
2013	50021	Almochuel	0	0
2013	50022	Almolda (La)	10	13063
2013	50023	Almonacid de la Cuba	2	1690
2013	50024	Almonacid de la Sierra	3	4973
2013	50025	Almunia de Doña Godina (La)	11	62460
2013	50026	Alpartir	2	3630
2013	50027	Ambel	5	7238
2013	50028	Anento	1	1407
2013	50029	Aniñón	4	6762
2013	50030	Añón de Moncayo	2	4022
2013	50031	Aranda de Moncayo	0	0
2013	50032	Arándiga	2	3250
2013	50033	Ardisa	0	0
2013	50034	Ariza	6	10358
2013	50035	Artieda	1	2822
2013	50036	Asín	0	0
2013	50037	Atea	1	1698
2013	50038	Ateca	7	17720
2013	50039	Azuara	3	4562
2013	50040	Badules	1	1117
2013	50041	Bagüés	0	0
2013	50042	Balconchán	1	156
2013	50043	Bárboles	4	5764
2013	50044	Bardallur	1	2069
2013	50045	Belchite	7	11102
2013	50046	Belmonte de Gracián	2	2009
2013	50047	Berdejo	1	532
2013	50048	Berrueco	1	469
2013	50050	Bijuesca	1	962
2013	50051	Biota	4	10196
2013	50052	Bisimbre	3	2550
2013	50053	Boquiñeni	8	16852
2013	50054	Bordalba	1	599
2013	50055	Borja	75	130261
2013	50056	Botorrita	3	5143
2013	50057	Brea de Aragón	4	12298
2013	50058	Bubierca	1	709
2013	50059	Bujaraloz	24	22535
2013	50060	Bulbuente	6	6053
2013	50061	Bureta	6	6903
2013	50062	Burgo de Ebro (El)	23	11670
2013	50063	Buste (El)	1	1548
2013	50064	Cabañas de Ebro	10	9748
2013	50065	Cabolafuente	1	371
2013	50066	Cadrete	12	31832
2013	50067	Calatayud	68	178749
2013	50068	Calatorao	10	19198
2013	50069	Calcena	0	0
2013	50070	Calmarza	1	650
2013	50071	Campillo de Aragón	2	1283
2013	50072	Carenas	3	1553
2013	50073	Cariñena	14	42490
2013	50074	Caspe	29	83489
2013	50075	Castejón de Alarba	1	802
2013	50076	Castejón de las Armas	1	996
2013	50077	Castejón de Valdejasa	1	2442
2013	50078	Castiliscar	1	2946
2013	50079	Cervera de la Cañada	2	2685
2013	50080	Cerveruela	1	458
2013	50081	Cetina	2	5715
2013	50082	Cimballa	2	996
2013	50083	Cinco Olivas	1	1055
2013	50084	Clarés de Ribota	1	751
2013	50085	Codo	1	1375
2013	50086	Codos	2	2034
2013	50087	Contamina	1	329
2013	50088	Cosuenda	3	4734
2013	50089	Cuarte de Huerva	39	100473
2013	50090	Cubel	1	2089
2013	50091	Cuerlas (Las)	1	614
2013	50092	Chiprana	2	3927
2013	50093	Chodes	1	936
2013	50094	Daroca	8	25555
2013	50095	Ejea de los Caballeros	55	163257
2013	50096	Embid de Ariza	1	439
2013	50098	Encinacorba	2	2843
2013	50099	Épila	12	30221
2013	50100	Erla	1	3801
2013	50101	Escatrón	5	10041
2013	50102	Fabara	5	10600
2013	50104	Farlete	6	9151
2013	50105	Fayón	2	3243
2013	50106	Fayos (Los)	3	2870
2013	50107	Figueruelas	16	23304
2013	50108	Fombuena	1	581
2013	50109	Frago (El)	0	0
2013	50110	Frasno (El)	3	3816
2013	50111	Fréscano	5	5358
2013	50113	Fuendejalón	15	25063
2013	50114	Fuendetodos	4	1154
2013	50115	Fuentes de Ebro	54	96260
2013	50116	Fuentes de Jiloca	2	2364
2013	50117	Gallocanta	1	1720
2013	50118	Gallur	44	50803
2013	50119	Gelsa	7	10395
2013	50120	Godojos	1	363
2013	50121	Gotor	0	0
2013	50122	Grisel	1	1246
2013	50123	Grisén	6	10629
2013	50124	Herrera de los Navarros	2	6433
2013	50125	Ibdes	2	3976
2013	50126	Illueca	8	22541
2013	50128	Isuerre	0	0
2013	50129	Jaraba	3	2997
2013	50130	Jarque de Moncayo	1	3638
2013	50131	Jaulín	2	2697
2013	50132	Joyosa (La)	16	16499
2013	50133	Lagata	1	906
2013	50134	Langa del Castillo	1	1575
2013	50135	Layana	0	0
2013	50136	Lécera	5	5078
2013	50137	Leciñena	10	27922
2013	50138	Lechón	1	581
2013	50139	Letux	2	2710
2013	50140	Litago	4	3286
2013	50141	Lituénigo	3	2266
2013	50142	Lobera de Onsella	0	0
2013	50143	Longares	5	10646
2013	50144	Longás	0	0
2013	50146	Lucena de Jalón	1	1713
2013	50147	Luceni	15	18421
2013	50148	Luesia	2	3478
2013	50149	Luesma	1	558
2013	50150	Lumpiaque	3	5865
2013	50151	Luna	2	7840
2013	50152	Maella	8	16774
2013	50153	Magallón	18	31116
2013	50154	Mainar	1	1754
2013	50155	Malanquilla	1	1038
2013	50156	Maleján	5	8372
2013	50157	Malón	8	7100
2013	50159	Maluenda	3	9480
2013	50160	Mallén	51	95667
2013	50161	Manchones	1	1463
2013	50162	Mara	2	1604
2013	50163	María de Huerva	18	50894
2013	50164	Mediana de Aragón	0	0
2013	50165	Mequinenza	11	30722
2013	50166	Mesones de Isuela	0	0
2013	50167	Mezalocha	2	2498
2013	50168	Mianos	1	1254
2013	50169	Miedes de Aragón	2	3866
2013	50170	Monegrillo	9	9920
2013	50171	Moneva	2	785
2013	50172	Monreal de Ariza	2	1908
2013	50173	Monterde	2	1427
2013	50174	Montón	2	1123
2013	50175	Morata de Jalón	7	8061
2013	50176	Morata de Jiloca	2	2364
2013	50177	Morés	3	3394
2013	50178	Moros	2	3723
2013	50179	Moyuela	2	1865
2013	50180	Mozota	2	1034
2013	50181	Muel	9	16403
2013	50182	Muela (La)	40	52479
2013	50183	Munébrega	3	3968
2013	50184	Murero	1	1564
2013	50185	Murillo de Gállego	4	6334
2013	50186	Navardún	0	0
2013	50187	Nigüella	1	625
2013	50188	Nombrevilla	1	391
2013	50189	Nonaspe	4	8987
2013	50190	Novallas	14	17901
2013	50191	Novillas	12	15507
2013	50192	Nuévalos	3	2955
2013	50193	Nuez de Ebro	14	10208
2013	50194	Olvés	1	988
2013	50195	Orcajo	1	525
2013	50196	Orera	1	1140
2013	50197	Orés	0	0
2013	50198	Oseja	0	0
2013	50199	Osera de Ebro	4	5437
2013	50200	Paniza	2	9017
2013	50201	Paracuellos de Jiloca	2	4955
2013	50202	Paracuellos de la Ribera	1	1452
2013	50203	Pastriz	13	16517
2013	50204	Pedrola	41	66632
2013	50205	Pedrosas (Las)	0	0
2013	50206	Perdiguera	13	13790
2013	50207	Piedratajada	0	0
2013	50208	Pina de Ebro	12	23351
2013	50209	Pinseque	42	64799
2013	50210	Pintanos (Los)	0	0
2013	50211	Plasencia de Jalón	1	2458
2013	50212	Pleitas	1	917
2013	50213	Plenas	1	879
2013	50214	Pomer	0	0
2013	50215	Pozuel de Ariza	1	186
2013	50216	Pozuelo de Aragón	6	8423
2013	50217	Pradilla de Ebro	6	11053
2013	50218	Puebla de Albortón	1	859
2013	50219	Puebla de Alfindén (La)	20	67846
2013	50220	Puendeluna	0	0
2013	50221	Purujosa	0	0
2013	50222	Quinto	9	18406
2013	50223	Remolinos	12	20325
2013	50224	Retascón	1	782
2013	50225	Ricla	6	20300
2013	50227	Romanos	1	1351
2013	50228	Rueda de Jalón	1	2197
2013	50229	Ruesca	1	633
2013	50230	Sádaba	7	14986
2013	50231	Salillas de Jalón	1	2375
2013	50232	Salvatierra de Esca	6	6585
2013	50233	Samper del Salz	1	812
2013	50234	San Martín de la Virgen de Moncayo	3	5608
2013	50235	San Mateo de Gállego	23	37518
2013	50236	Santa Cruz de Grío	1	942
2013	50237	Santa Cruz de Moncayo	3	2511
2013	50238	Santa Eulalia de Gállego	1	3888
2013	50239	Santed	1	726
2013	50240	Sástago	7	11219
2013	50241	Saviñán	5	6323
2013	50242	Sediles	1	895
2013	50243	Sestrica	1	2672
2013	50244	Sierra de Luna	0	0
2013	50245	Sigüés	4	3794
2013	50246	Sisamón	1	338
2013	50247	Sobradiel	9	18139
2013	50248	Sos del Rey Católico	2	6139
2013	50249	Tabuenca	5	9969
2013	50250	Talamantes	2	1546
2013	50251	Tarazona	57	208651
2013	50252	Tauste	22	70149
2013	50253	Terrer	2	4010
2013	50254	Tierga	0	0
2013	50255	Tobed	2	1942
2013	50256	Torralba de los Frailes	1	1005
2013	50257	Torralba de Ribota	2	1731
2013	50258	Torralbilla	1	625
2013	50259	Torrehermosa	1	675
2013	50260	Torrelapaja	1	329
2013	50261	Torrellas	8	5476
2013	50262	Torres de Berrellén	20	26812
2013	50263	Torrijo de la Cañada	2	2372
2013	50264	Tosos	2	2688
2013	50265	Trasmoz	1	1435
2013	50266	Trasobares	0	0
2013	50267	Uncastillo	2	6946
2013	50268	Undués de Lerda	0	0
2013	50269	Urrea de Jalón	1	2522
2013	50270	Urriés	0	0
2013	50271	Used	2	3395
2013	50272	Utebo	52	193761
2013	50273	Valdehorna	1	369
2013	50274	Val de San Martín	1	860
2013	50275	Valmadrid	2	745
2013	50276	Valpalmas	0	0
2013	50277	Valtorres	1	853
2013	50278	Velilla de Ebro	3	2153
2013	50279	Velilla de Jiloca	2	971
2013	50280	Vera de Moncayo	11	7515
2013	50281	Vierlas	2	1850
2013	50282	Vilueña (La)	1	937
2013	50283	Villadoz	1	972
2013	50284	Villafeliche	2	1764
2013	50285	Villafranca de Ebro	4	10099
2013	50286	Villalba de Perejil	1	920
2013	50287	Villalengua	2	3259
2013	50288	Villanueva de Gállego	26	54780
2013	50289	Villanueva de Jiloca	1	670
2013	50290	Villanueva de Huerva	5	6649
2013	50291	Villar de los Navarros	1	1273
2013	50292	Villarreal de Huerva	1	2569
2013	50293	Villarroya de la Sierra	3	4668
2013	50294	Villarroya del Campo	1	871
2013	50295	Vistabella	0	0
2013	50296	Zaida (La)	4	4422
2013	50297	Zaragoza	1782	13774973
2013	50298	Zuera	49	91930
2013	50901	Biel	0	0
2013	50902	Marracos	0	0
2013	50903	Villamayor de Gállego	14	35930
2014	22001	Abiego	0	0
2014	22002	Abizanda	2	3095
2014	22003	Adahuesca	0	0
2014	22004	Agüero	2	4525
2014	22006	Aísa	17	10981
2014	22007	Albalate de Cinca	28	19969
2014	22008	Albalatillo	8	4486
2014	22009	Albelda	3	14571
2014	22011	Albero Alto	1	3710
2014	22012	Albero Bajo	4	2597
2014	22013	Alberuela de Tubo	9	7276
2014	22014	Alcalá de Gurrea	4	8356
2014	22015	Alcalá del Obispo	3	10679
2014	22016	Alcampell	3	13287
2014	22017	Alcolea de Cinca	29	17987
2014	22018	Alcubierre	10	8929
2014	22019	Alerre	2	6425
2014	22020	Alfántega	5	2238
2014	22021	Almudévar	19	75838
2014	22022	Almunia de San Juan	16	10600
2014	22023	Almuniente	19	11547
2014	22024	Alquézar	0	0
2014	22025	Altorricón	5	26555
2014	22027	Angüés	3	12640
2014	22028	Ansó	10	13484
2014	22029	Antillón	1	4706
2014	22032	Aragüés del Puerto	2	3861
2014	22035	Arén	16	9263
2014	22036	Argavieso	1	3379
2014	22037	Arguis	4	3891
2014	22039	Ayerbe	7	33515
2014	22040	Azanuy-Alins	2	3322
2014	22041	Azara	0	0
2014	22042	Azlor	0	0
2014	22043	Baells	2	2000
2014	22044	Bailo	7	9080
2014	22045	Baldellou	1	1890
2014	22046	Ballobar	7	11452
2014	22047	Banastás	2	8959
2014	22048	Barbastro	39	252602
2014	22049	Barbués	2	1910
2014	22050	Barbuñales	0	0
2014	22051	Bárcabo	6	2489
2014	22052	Belver de Cinca	7	17649
2014	22053	Benabarre	26	34268
2014	22054	Benasque	55	62371
2014	22055	Berbegal	2	5651
2014	22057	Bielsa	5	10823
2014	22058	Bierge	0	0
2014	22059	Biescas	50	47301
2014	22060	Binaced	35	24782
2014	22061	Binéfar	40	173756
2014	22062	Bisaurri	6	5512
2014	22063	Biscarrués	1	6637
2014	22064	Blecua y Torres	2	6365
2014	22066	Boltaña	12	23184
2014	22067	Bonansa	2	2444
2014	22068	Borau	1	2594
2014	22069	Broto	7	11538
2014	22072	Caldearenas	11	6395
2014	22074	Campo	16	12105
2014	22075	Camporrells	1	3028
2014	22076	Canal de Berdún	9	11614
2014	22077	Candasnos	5	4631
2014	22078	Canfranc	14	17255
2014	22079	Capdesaso	3	3799
2014	22080	Capella	8	10542
2014	22081	Casbas de Huesca	3	9231
2014	22082	Castejón del Puente	2	5122
2014	22083	Castejón de Monegros	9	13114
2014	22084	Castejón de Sos	25	20771
2014	22085	Castelflorite	4	2898
2014	22086	Castiello de Jaca	6	7511
2014	22087	Castigaleu	1	2898
2014	22088	Castillazuelo	0	0
2014	22089	Castillonroy	1	6276
2014	22090	Colungo	0	0
2014	22094	Chalamera	1	1499
2014	22095	Chía	2	2841
2014	22096	Chimillas	5	11282
2014	22099	Esplús	3	12332
2014	22102	Estada	0	0
2014	22103	Estadilla	2	12432
2014	22105	Estopiñán del Castillo	7	4092
2014	22106	Fago	1	814
2014	22107	Fanlo	0	0
2014	22109	Fiscal	4	8096
2014	22110	Fonz	30	15780
2014	22111	Foradada del Toscar	7	5598
2014	22112	Fraga	62	196844
2014	22113	Fueva (La)	2	13378
2014	22114	Gistaín	1	3117
2014	22115	Grado (El)	2	6576
2014	22116	Grañén	48	42090
2014	22117	Graus	89	99821
2014	22119	Gurrea de Gállego	14	49080
2014	22122	Hoz de Jaca	3	2232
2014	22124	Huerto	7	5473
2014	22125	Huesca	434	1581255
2014	22126	Ibieca	1	3650
2014	22127	Igriés	8	20362
2014	22128	Ilche	0	0
2014	22129	Isábena	11	8439
2014	22130	Jaca	75	343320
2014	22131	Jasa	4	3077
2014	22133	Labuerda	2	3377
2014	22135	Laluenga	0	0
2014	22136	Lalueza	22	21914
2014	22137	Lanaja	17	28761
2014	22139	Laperdiguera	0	0
2014	22141	Lascellas-Ponzano	0	0
2014	22142	Lascuarre	4	4063
2014	22143	Laspaúles	11	8979
2014	22144	Laspuña	2	6342
2014	22149	Loarre	3	10890
2014	22150	Loporzano	5	16501
2014	22151	Loscorrales	1	3198
2014	22155	Monesma y Cajigar	1	2643
2014	22156	Monflorite-Lascasas	5	9171
2014	22157	Montanuy	31	7189
2014	22158	Monzón	55	243334
2014	22160	Naval	0	0
2014	22162	Novales	2	5520
2014	22163	Nueno	6	16833
2014	22164	Olvena	0	0
2014	22165	Ontiñena	3	7763
2014	22167	Osso de Cinca	5	10682
2014	22168	Palo	1	498
2014	22170	Panticosa	35	23077
2014	22172	Peñalba	12	15454
2014	22173	Peñas de Riglos (Las)	6	8085
2014	22174	Peralta de Alcofea	2	8117
2014	22175	Peralta de Calasanz	2	4404
2014	22176	Peraltilla	0	0
2014	22177	Perarrúa	3	3040
2014	22178	Pertusa	1	3741
2014	22181	Piracés	2	3077
2014	22182	Plan	3	6754
2014	22184	Poleñino	14	4615
2014	22186	Pozán de Vero	0	0
2014	22187	Puebla de Castro (La)	7	11792
2014	22188	Puente de Montañana	5	3666
2014	22189	Puértolas	2	4632
2014	22190	Pueyo de Araguás (El)	1	3312
2014	22193	Pueyo de Santa Cruz	8	5724
2014	22195	Quicena	2	8990
2014	22197	Robres	11	12492
2014	22199	Sabiñánigo	159	305554
2014	22200	Sahún	10	9263
2014	22201	Salas Altas	0	0
2014	22202	Salas Bajas	0	0
2014	22203	Salillas	1	3077
2014	22204	Sallent de Gállego	65	44948
2014	22205	San Esteban de Litera	1	9194
2014	22206	Sangarrén	6	4593
2014	22207	San Juan de Plan	2	3420
2014	22208	Santa Cilia	9	6214
2014	22209	Santa Cruz de la Serós	5	5762
2014	22212	Santaliestra y San Quílez	3	2586
2014	22213	Sariñena	99	92786
2014	22214	Secastilla	5	4490
2014	22215	Seira	8	4035
2014	22217	Sena	11	11376
2014	22218	Senés de Alcubierre	2	1095
2014	22220	Sesa	2	6275
2014	22221	Sesué	5	3438
2014	22222	Siétamo	6	20000
2014	22223	Sopeira	5	3126
2014	22225	Tamarite de Litera	13	66544
2014	22226	Tardienta	34	21335
2014	22227	Tella-Sin	3	5498
2014	22228	Tierz	6	21901
2014	22229	Tolva	5	4177
2014	22230	Torla-Ordesa	6	6321
2014	22232	Torralba de Aragón	5	2297
2014	22233	Torre la Ribera	11	3211
2014	22234	Torrente de Cinca	8	16468
2014	22235	Torres de Alcanadre	0	0
2014	22236	Torres de Barbués	9	6503
2014	22239	Tramaced	1	2866
2014	22242	Valfarta	2	1674
2014	22243	Valle de Bardají	4	1108
2014	22244	Valle de Lierp	5	1676
2014	22245	Velilla de Cinca	2	5932
2014	22246	Beranuy	4	2813
2014	22247	Viacamp y Litera	3	1222
2014	22248	Vicién	1	3741
2014	22249	Villanova	6	4262
2014	22250	Villanúa	14	14691
2014	22251	Villanueva de Sigena	10	9508
2014	22252	Yebra de Basa	2	4404
2014	22253	Yésero	1	1900
2014	22254	Zaidín	9	23846
2014	22901	Valle de Hecho	15	27874
2014	22902	Puente la Reina de Jaca	6	8567
2014	22903	San Miguel del Cinca	24	13654
2014	22904	Sotonera (La)	11	30709
2014	22905	Lupiñén-Ortilla	4	11282
2014	22906	Santa María de Dulcis	0	0
2014	22907	Aínsa-Sobrarbe	20	48705
2014	22908	Hoz y Costeán	0	0
2014	22909	Vencillón	1	8112
2014	44001	Ababuj	1	657
2014	44002	Abejuela	2	394
2014	44003	Aguatón	1	192
2014	44004	Aguaviva	7	10226
2014	44005	Aguilar del Alfambra	1	758
2014	44006	Alacón	6	3999
2014	44007	Alba	1	2173
2014	44008	Albalate del Arzobispo	25	32551
2014	44009	Albarracín	6	11045
2014	44010	Albentosa	2	2991
2014	44011	Alcaine	1	697
2014	44012	Alcalá de la Selva	6	4618
2014	44013	Alcañiz	43	177306
2014	44014	Alcorisa	37	54740
2014	44016	Alfambra	5	5901
2014	44017	Aliaga	5	3648
2014	44018	Almohaja	1	212
2014	44019	Alobras	1	798
2014	44020	Alpeñés	1	192
2014	44021	Allepuz	2	1203
2014	44022	Alloza	9	8717
2014	44023	Allueva	0	0
2014	44024	Anadón	1	232
2014	44025	Andorra	66	108188
2014	44026	Arcos de las Salinas	2	970
2014	44027	Arens de Lledó	3	5148
2014	44028	Argente	1	2274
2014	44029	Ariño	15	10050
2014	44031	Azaila	8	1970
2014	44032	Bádenas	0	0
2014	44033	Báguena	1	1993
2014	44034	Bañón	1	920
2014	44035	Barrachina	1	835
2014	44036	Bea	0	0
2014	44037	Beceite	12	14341
2014	44038	Belmonte de San José	3	1829
2014	44039	Bello	1	1411
2014	44040	Berge	3	3925
2014	44041	Bezas	1	758
2014	44042	Blancas	1	886
2014	44043	Blesa	1	1192
2014	44044	Bordón	2	1213
2014	44045	Bronchales	4	4659
2014	44046	Bueña	0	0
2014	44047	Burbáguena	2	1660
2014	44048	Cabra de Mora	2	667
2014	44049	Calaceite	18	26480
2014	44050	Calamocha	19	25486
2014	44051	Calanda	47	61745
2014	44052	Calomarde	1	849
2014	44053	Camañas	1	1283
2014	44054	Camarena de la Sierra	0	0
2014	44055	Camarillas	1	1112
2014	44056	Caminreal	6	4087
2014	44059	Cantavieja	7	7316
2014	44060	Cañada de Benatanduz	1	384
2014	44061	Cañada de Verich (La)	2	1470
2014	44062	Cañada Vellida	1	384
2014	44063	Cañizar del Olivar	1	990
2014	44064	Cascante del Río	1	808
2014	44065	Castejón de Tornos	0	0
2014	44066	Castel de Cabra	1	1324
2014	44067	Castelnou	3	2415
2014	44068	Castelserás	13	13024
2014	44070	Castellar (El)	2	627
2014	44071	Castellote	15	7902
2014	44074	Cedrillas	7	6366
2014	44075	Celadas	3	4083
2014	44076	Cella	11	29164
2014	44077	Cerollera (La)	2	1626
2014	44080	Codoñera (La)	7	5754
2014	44082	Corbalán	1	1101
2014	44084	Cortes de Aragón	1	576
2014	44085	Cosa	0	0
2014	44086	Cretas	13	14293
2014	44087	Crivillén	5	993
2014	44088	Cuba (La)	2	475
2014	44089	Cubla	1	616
2014	44090	Cucalón	1	621
2014	44092	Cuervo (El)	1	990
2014	44093	Cuevas de Almudén	1	1425
2014	44094	Cuevas Labradas	1	1364
2014	44096	Ejulve	6	2666
2014	44097	Escorihuela	1	1637
2014	44099	Escucha	6	10136
2014	44100	Estercuel	6	3411
2014	44101	Ferreruela de Huerva	0	0
2014	44102	Fonfría	0	0
2014	44103	Formiche Alto	2	1718
2014	44105	Fórnoles	2	2227
2014	44106	Fortanete	2	2102
2014	44107	Foz-Calanda	3	4206
2014	44108	Fresneda (La)	9	11851
2014	44109	Frías de Albarracín	1	1445
2014	44110	Fuenferrada	1	616
2014	44111	Fuentes Calientes	1	1142
2014	44112	Fuentes Claras	2	3122
2014	44113	Fuentes de Rubielos	2	1293
2014	44114	Fuentespalda	6	7374
2014	44115	Galve	2	1698
2014	44116	Gargallo	8	1594
2014	44117	Gea de Albarracín	5	4143
2014	44118	Ginebrosa (La)	4	3377
2014	44119	Griegos	1	1405
2014	44120	Guadalaviar	2	2476
2014	44121	Gúdar	1	849
2014	44122	Híjar	34	28183
2014	44123	Hinojosa de Jarque	2	1475
2014	44124	Hoz de la Vieja (La)	1	839
2014	44125	Huesa del Común	1	829
2014	44126	Iglesuela del Cid (La)	5	4739
2014	44127	Jabaloyas	3	788
2014	44128	Jarque de la Val	1	879
2014	44129	Jatiel	3	794
2014	44130	Jorcas	1	384
2014	44131	Josa	1	364
2014	44132	Lagueruela	0	0
2014	44133	Lanzuela	0	0
2014	44135	Libros	1	1384
2014	44136	Lidón	1	546
2014	44137	Linares de Mora	2	2789
2014	44138	Loscos	1	881
2014	44141	Lledó	5	4118
2014	44142	Maicas	1	364
2014	44143	Manzanera	9	5447
2014	44144	Martín del Río	3	4416
2014	44145	Mas de las Matas	16	21092
2014	44146	Mata de los Olmos (La)	3	4378
2014	44147	Mazaleón	9	13360
2014	44148	Mezquita de Jarque	1	1223
2014	44149	Mirambel	2	1142
2014	44150	Miravete de la Sierra	1	293
2014	44151	Molinos	3	2789
2014	44152	Monforte de Moyuela	0	0
2014	44153	Monreal del Campo	11	15128
2014	44154	Monroyo	7	8787
2014	44155	Montalbán	7	13551
2014	44156	Monteagudo del Castillo	1	596
2014	44157	Monterde de Albarracín	1	627
2014	44158	Mora de Rubielos	15	16492
2014	44159	Moscardón	1	627
2014	44160	Mosqueruela	7	6134
2014	44161	Muniesa	4	6467
2014	44163	Noguera de Albarracín	1	1475
2014	44164	Nogueras	0	0
2014	44165	Nogueruelas	2	2122
2014	44167	Obón	1	384
2014	44168	Odón	1	1287
2014	44169	Ojos Negros	2	2455
2014	44171	Olba	3	2526
2014	44172	Oliete	6	5620
2014	44173	Olmos (Los)	2	2048
2014	44174	Orihuela del Tremedal	5	5578
2014	44175	Orrios	1	1465
2014	44176	Palomar de Arroyos	1	1880
2014	44177	Pancrudo	4	1243
2014	44178	Parras de Castellote (Las)	3	985
2014	44179	Peñarroya de Tastavins	11	11492
2014	44180	Peracense	1	412
2014	44181	Peralejos	1	909
2014	44182	Perales del Alfambra	2	2678
2014	44183	Pitarque	2	899
2014	44184	Plou	1	455
2014	44185	Pobo (El)	1	1465
2014	44187	Portellada (La)	3	5866
2014	44189	Pozondón	1	667
2014	44190	Pozuel del Campo	1	452
2014	44191	Puebla de Híjar (La)	16	15473
2014	44192	Puebla de Valverde (La)	7	5528
2014	44193	Puertomingalvo	2	1364
2014	44194	Ráfales	3	3304
2014	44195	Rillo	2	1101
2014	44196	Riodeva	1	1667
2014	44197	Ródenas	1	788
2014	44198	Royuela	1	2324
2014	44199	Rubiales	1	556
2014	44200	Rubielos de la Cérida	0	0
2014	44201	Rubielos de Mora	9	7296
2014	44203	Salcedillo	1	101
2014	44204	Saldón	1	293
2014	44205	Samper de Calanda	14	13774
2014	44206	San Agustín	2	1526
2014	44207	San Martín del Río	1	1027
2014	44208	Santa Cruz de Nogueras	0	0
2014	44209	Santa Eulalia	8	11298
2014	44210	Sarrión	12	11611
2014	44211	Segura de los Baños	1	404
2014	44212	Seno	3	672
2014	44213	Singra	0	0
2014	44215	Terriente	2	1809
2014	44216	Teruel	108	363394
2014	44217	Toril y Masegoso	1	354
2014	44218	Tormón	1	313
2014	44219	Tornos	1	1321
2014	44220	Torralba de los Sisones	1	982
2014	44221	Torrecilla de Alcañiz	6	6833
2014	44222	Torrecilla del Rebollar	1	802
2014	44223	Torre de Arcas	2	2274
2014	44224	Torre de las Arcas	1	313
2014	44225	Torre del Compte	3	3519
2014	44226	Torrelacárcel	1	1950
2014	44227	Torre los Negros	1	514
2014	44228	Torremocha de Jiloca	1	1263
2014	44229	Torres de Albarracín	1	1607
2014	44230	Torrevelilla	4	3299
2014	44231	Torrijas	2	445
2014	44232	Torrijo del Campo	2	2800
2014	44234	Tramacastiel	2	768
2014	44235	Tramacastilla	2	1152
2014	44236	Tronchón	2	920
2014	44237	Urrea de Gaén	5	7800
2014	44238	Utrillas	16	33024
2014	44239	Valacloche	1	232
2014	44240	Valbona	2	1991
2014	44241	Valdealgorfa	10	9710
2014	44243	Valdecuenca	1	445
2014	44244	Valdelinares	2	1011
2014	44245	Valdeltormo	6	7709
2014	44246	Valderrobres	53	55306
2014	44247	Valjunquera	10	9170
2014	44249	Vallecillo (El)	1	525
2014	44250	Veguillas de la Sierra	1	222
2014	44251	Villafranca del Campo	2	1823
2014	44252	Villahermosa del Campo	1	576
2014	44256	Villanueva del Rebollar de la Sierra	1	465
2014	44257	Villar del Cobo	1	1940
2014	44258	Villar del Salz	0	0
2014	44260	Villarluengo	4	1971
2014	44261	Villarquemado	4	8984
2014	44262	Villarroya de los Pinares	3	1657
2014	44263	Villastar	2	5032
2014	44264	Villel	2	3587
2014	44265	Vinaceite	4	4559
2014	44266	Visiedo	1	1425
2014	44267	Vivel del Río Martín	1	819
2014	44268	Zoma (La)	1	192
2014	50001	Abanto	2	1078
2014	50002	Acered	1	2598
2014	50003	Agón	3	4057
2014	50004	Aguarón	6	7816
2014	50005	Aguilón	2	2651
2014	50006	Ainzón	21	31071
2014	50007	Aladrén	1	568
2014	50008	Alagón	89	126968
2014	50009	Alarba	2	1232
2014	50010	Alberite de San Juan	4	2382
2014	50011	Albeta	5	3769
2014	50012	Alborge	1	1055
2014	50013	Alcalá de Ebro	5	4778
2014	50014	Alcalá de Moncayo	4	3336
2014	50015	Alconchel de Ariza	2	689
2014	50016	Aldehuela de Liestos	1	509
2014	50017	Alfajarín	13	23577
2014	50018	Alfamén	9	15958
2014	50019	Alforque	1	692
2014	50020	Alhama de Aragón	7	8963
2014	50021	Almochuel	0	0
2014	50022	Almolda (La)	10	13050
2014	50023	Almonacid de la Cuba	1	1521
2014	50024	Almonacid de la Sierra	3	4280
2014	50025	Almunia de Doña Godina (La)	26	64342
2014	50026	Alpartir	2	3262
2014	50027	Ambel	5	7068
2014	50028	Anento	1	1145
2014	50029	Aniñón	4	6394
2014	50030	Añón de Moncayo	2	3844
2014	50031	Aranda de Moncayo	0	0
2014	50032	Arándiga	2	2974
2014	50033	Ardisa	1	810
2014	50034	Ariza	6	9781
2014	50035	Artieda	1	2715
2014	50036	Asín	1	1029
2014	50037	Atea	2	1771
2014	50038	Ateca	7	16701
2014	50039	Azuara	2	4009
2014	50040	Badules	1	1082
2014	50041	Bagüés	1	200
2014	50042	Balconchán	1	148
2014	50043	Bárboles	4	5592
2014	50044	Bardallur	1	1789
2014	50045	Belchite	7	10181
2014	50046	Belmonte de Gracián	2	1888
2014	50047	Berdejo	1	494
2014	50048	Berrueco	1	435
2014	50050	Bijuesca	1	875
2014	50051	Biota	5	10355
2014	50052	Bisimbre	3	2618
2014	50053	Boquiñeni	8	16333
2014	50054	Bordalba	1	551
2014	50055	Borja	78	128656
2014	50056	Botorrita	3	5936
2014	50057	Brea de Aragón	4	11135
2014	50058	Bubierca	1	632
2014	50059	Bujaraloz	25	22408
2014	50060	Bulbuente	2	6308
2014	50061	Bureta	6	7015
2014	50062	Burgo de Ebro (El)	23	19880
2014	50063	Buste (El)	1	1378
2014	50064	Cabañas de Ebro	10	9556
2014	50065	Cabolafuente	1	332
2014	50066	Cadrete	14	38688
2014	50067	Calatayud	68	169575
2014	50068	Calatorao	10	17245
2014	50069	Calcena	0	0
2014	50070	Calmarza	1	648
2014	50071	Campillo de Aragón	2	1199
2014	50072	Carenas	3	1337
2014	50073	Cariñena	22	37207
2014	50074	Caspe	34	77561
2014	50075	Castejón de Alarba	1	705
2014	50076	Castejón de las Armas	1	859
2014	50077	Castejón de Valdejasa	2	2479
2014	50078	Castiliscar	2	2999
2014	50079	Cervera de la Cañada	2	2577
2014	50080	Cerveruela	1	445
2014	50081	Cetina	2	5446
2014	50082	Cimballa	2	932
2014	50083	Cinco Olivas	1	966
2014	50084	Clarés de Ribota	1	681
2014	50085	Codo	1	1259
2014	50086	Codos	2	1840
2014	50087	Contamina	1	300
2014	50088	Cosuenda	7	4103
2014	50089	Cuarte de Huerva	52	127038
2014	50090	Cubel	2	1994
2014	50091	Cuerlas (Las)	1	551
2014	50092	Chiprana	2	3832
2014	50093	Chodes	1	777
2014	50094	Daroca	14	23912
2014	50095	Ejea de los Caballeros	58	171305
2014	50096	Embid de Ariza	1	413
2014	50098	Encinacorba	2	2504
2014	50099	Épila	12	27231
2014	50100	Erla	2	3928
2014	50101	Escatrón	5	9789
2014	50102	Fabara	5	10039
2014	50104	Farlete	6	8821
2014	50105	Fayón	2	2927
2014	50106	Fayos (Los)	3	2738
2014	50107	Figueruelas	20	23341
2014	50108	Fombuena	1	551
2014	50109	Frago (El)	1	1049
2014	50110	Frasno (El)	3	3574
2014	50111	Fréscano	5	5340
2014	50113	Fuendejalón	15	24815
2014	50114	Fuendetodos	4	1054
2014	50115	Fuentes de Ebro	54	75950
2014	50116	Fuentes de Jiloca	2	2115
2014	50117	Gallocanta	2	1633
2014	50118	Gallur	43	50362
2014	50119	Gelsa	7	10064
2014	50120	Godojos	1	316
2014	50121	Gotor	1	2235
2014	50122	Grisel	1	1269
2014	50123	Grisén	11	11078
2014	50124	Herrera de los Navarros	4	6034
2014	50125	Ibdes	2	3728
2014	50126	Illueca	8	20417
2014	50128	Isuerre	1	330
2014	50129	Jaraba	3	2755
2014	50130	Jarque de Moncayo	1	3358
2014	50131	Jaulín	2	3049
2014	50132	Joyosa (La)	17	17395
2014	50133	Lagata	1	885
2014	50134	Langa del Castillo	2	1421
2014	50135	Layana	1	1079
2014	50136	Lécera	4	4701
2014	50137	Leciñena	10	27108
2014	50138	Lechón	1	541
2014	50139	Letux	2	2319
2014	50140	Litago	4	3137
2014	50141	Lituénigo	3	2248
2014	50142	Lobera de Onsella	1	400
2014	50143	Longares	8	9499
2014	50144	Longás	1	350
2014	50146	Lucena de Jalón	1	1519
2014	50147	Luceni	16	18262
2014	50148	Luesia	3	3248
2014	50149	Luesma	1	498
2014	50150	Lumpiaque	3	5263
2014	50151	Luna	4	7936
2014	50152	Maella	7	15555
2014	50153	Magallón	19	31176
2014	50154	Mainar	2	1675
2014	50155	Malanquilla	1	948
2014	50156	Maleján	6	7984
2014	50157	Malón	8	6854
2014	50159	Maluenda	3	9044
2014	50160	Mallén	45	94522
2014	50161	Manchones	1	1294
2014	50162	Mara	2	1507
2014	50163	María de Huerva	21	61144
2014	50164	Mediana de Aragón	0	0
2014	50165	Mequinenza	10	32325
2014	50166	Mesones de Isuela	0	0
2014	50167	Mezalocha	1	2567
2014	50168	Mianos	1	995
2014	50169	Miedes de Aragón	2	3809
2014	50170	Monegrillo	9	9830
2014	50171	Moneva	2	723
2014	50172	Monreal de Ariza	2	1872
2014	50173	Monterde	2	1305
2014	50174	Montón	2	932
2014	50175	Morata de Jalón	7	7242
2014	50176	Morata de Jiloca	2	1880
2014	50177	Morés	3	3185
2014	50178	Moros	2	3517
2014	50179	Moyuela	1	1746
2014	50180	Mozota	2	1346
2014	50181	Muel	13	14485
2014	50182	Muela (La)	40	45780
2014	50183	Munébrega	3	3744
2014	50184	Murero	1	1432
2014	50185	Murillo de Gállego	4	5701
2014	50186	Navardún	1	450
2014	50187	Nigüella	1	608
2014	50188	Nombrevilla	1	361
2014	50189	Nonaspe	4	8167
2014	50190	Novallas	14	17170
2014	50191	Novillas	13	15549
2014	50192	Nuévalos	3	2820
2014	50193	Nuez de Ebro	14	9104
2014	50194	Olvés	1	883
2014	50195	Orcajo	1	477
2014	50196	Orera	1	1078
2014	50197	Orés	1	1039
2014	50198	Oseja	0	0
2014	50199	Osera de Ebro	4	4715
2014	50200	Paniza	7	7932
2014	50201	Paracuellos de Jiloca	2	4595
2014	50202	Paracuellos de la Ribera	1	1394
2014	50203	Pastriz	13	13893
2014	50204	Pedrola	41	65121
2014	50205	Pedrosas (Las)	1	1109
2014	50206	Perdiguera	14	13221
2014	50207	Piedratajada	1	1259
2014	50208	Pina de Ebro	12	23187
2014	50209	Pinseque	43	65245
2014	50210	Pintanos (Los)	2	480
2014	50211	Plasencia de Jalón	1	2151
2014	50212	Pleitas	1	796
2014	50213	Plenas	1	798
2014	50214	Pomer	0	0
2014	50215	Pozuel de Ariza	1	178
2014	50216	Pozuelo de Aragón	6	8324
2014	50217	Pradilla de Ebro	5	11042
2014	50218	Puebla de Albortón	1	779
2014	50219	Puebla de Alfindén (La)	22	61017
2014	50220	Puendeluna	1	550
2014	50221	Purujosa	0	0
2014	50222	Quinto	9	18488
2014	50223	Remolinos	14	20244
2014	50224	Retascón	1	742
2014	50225	Ricla	6	18551
2014	50227	Romanos	2	1209
2014	50228	Rueda de Jalón	1	1973
2014	50229	Ruesca	1	616
2014	50230	Sádaba	8	15052
2014	50231	Salillas de Jalón	1	1938
2014	50232	Salvatierra de Esca	6	6365
2014	50233	Samper del Salz	1	680
2014	50234	San Martín de la Virgen de Moncayo	3	5294
2014	50235	San Mateo de Gállego	23	35909
2014	50236	Santa Cruz de Grío	1	782
2014	50237	Santa Cruz de Moncayo	3	2593
2014	50238	Santa Eulalia de Gállego	1	3710
2014	50239	Santed	1	700
2014	50240	Sástago	7	11075
2014	50241	Saviñán	5	6240
2014	50242	Sediles	1	875
2014	50243	Sestrica	2	2539
2014	50244	Sierra de Luna	2	2619
2014	50245	Sigüés	4	3409
2014	50246	Sisamón	1	316
2014	50247	Sobradiel	15	18651
2014	50248	Sos del Rey Católico	4	6347
2014	50249	Tabuenca	5	9659
2014	50250	Talamantes	2	1571
2014	50251	Tarazona	57	196962
2014	50252	Tauste	25	71864
2014	50253	Terrer	2	4749
2014	50254	Tierga	0	0
2014	50255	Tobed	2	1912
2014	50256	Torralba de los Frailes	1	933
2014	50257	Torralba de Ribota	2	1645
2014	50258	Torralbilla	1	604
2014	50259	Torrehermosa	1	567
2014	50260	Torrelapaja	1	300
2014	50261	Torrellas	8	5204
2014	50262	Torres de Berrellén	19	26561
2014	50263	Torrijo de la Cañada	2	2245
2014	50264	Tosos	3	2209
2014	50265	Trasmoz	1	1342
2014	50266	Trasobares	0	0
2014	50267	Uncastillo	3	7116
2014	50268	Undués de Lerda	1	600
2014	50269	Urrea de Jalón	1	2335
2014	50270	Urriés	1	410
2014	50271	Used	4	3213
2014	50272	Utebo	61	216980
2014	50273	Valdehorna	1	308
2014	50274	Val de San Martín	1	806
2014	50275	Valmadrid	2	860
2014	50276	Valpalmas	1	1509
2014	50277	Valtorres	1	746
2014	50278	Velilla de Ebro	3	2155
2014	50279	Velilla de Jiloca	2	940
2014	50280	Vera de Moncayo	11	7361
2014	50281	Vierlas	2	1650
2014	50282	Vilueña (La)	1	883
2014	50283	Villadoz	5	986
2014	50284	Villafeliche	2	1669
2014	50285	Villafranca de Ebro	5	8798
2014	50286	Villalba de Perejil	1	875
2014	50287	Villalengua	2	3047
2014	50288	Villanueva de Gállego	26	51848
2014	50289	Villanueva de Jiloca	2	604
2014	50290	Villanueva de Huerva	6	5617
2014	50291	Villar de los Navarros	1	1198
2014	50292	Villarreal de Huerva	3	2322
2014	50293	Villarroya de la Sierra	3	4335
2014	50294	Villarroya del Campo	1	827
2014	50295	Vistabella	2	515
2014	50296	Zaida (La)	4	4309
2014	50297	Zaragoza	1805	12252224
2014	50298	Zuera	49	87993
2014	50901	Biel	2	1669
2014	50902	Marracos	1	1009
2014	50903	Villamayor de Gállego	42	37000
2015	22001	Abiego	2	3369
2015	22002	Abizanda	2	3674
2015	22003	Adahuesca	2	2170
2015	22004	Agüero	2	4717
2015	22006	Aísa	13	11378
2015	22007	Albalate de Cinca	14	21276
2015	22008	Albalatillo	8	4469
2015	22009	Albelda	12	15316
2015	22011	Albero Alto	1	3931
2015	22012	Albero Bajo	4	2634
2015	22013	Alberuela de Tubo	9	7060
2015	22014	Alcalá de Gurrea	4	8684
2015	22015	Alcalá del Obispo	4	10974
2015	22016	Alcampell	14	14211
2015	22017	Alcolea de Cinca	14	20124
2015	22018	Alcubierre	10	8658
2015	22019	Alerre	2	6676
2015	22020	Alfántega	3	2409
2015	22021	Almudévar	26	78972
2015	22022	Almunia de San Juan	7	12064
2015	22023	Almuniente	19	11399
2015	22024	Alquézar	5	3748
2015	22025	Altorricón	15	29687
2015	22027	Angüés	5	12704
2015	22028	Ansó	10	13666
2015	22029	Antillón	1	4811
2015	22032	Aragüés del Puerto	2	3855
2015	22035	Arén	16	9384
2015	22036	Argavieso	1	3365
2015	22037	Arguis	4	3918
2015	22039	Ayerbe	14	34391
2015	22040	Azanuy-Alins	6	3698
2015	22041	Azara	1	2435
2015	22042	Azlor	1	1729
2015	22043	Baells	4	2271
2015	22044	Bailo	7	9090
2015	22045	Baldellou	2	1970
2015	22046	Ballobar	7	13096
2015	22047	Banastás	2	9497
2015	22048	Barbastro	39	215884
2015	22049	Barbués	2	1986
2015	22050	Barbuñales	0	0
2015	22051	Bárcabo	6	3070
2015	22052	Belver de Cinca	7	20355
2015	22053	Benabarre	26	34456
2015	22054	Benasque	55	64221
2015	22055	Berbegal	2	4934
2015	22057	Bielsa	5	13015
2015	22058	Bierge	4	3054
2015	22059	Biescas	48	48113
2015	22060	Binaced	17	27264
2015	22061	Binéfar	99	189471
2015	22062	Bisaurri	6	5349
2015	22063	Biscarrués	4	6552
2015	22064	Blecua y Torres	2	6352
2015	22066	Boltaña	12	27317
2015	22067	Bonansa	2	2510
2015	22068	Borau	1	2852
2015	22069	Broto	7	13724
2015	22072	Caldearenas	11	6522
2015	22074	Campo	16	13717
2015	22075	Camporrells	4	2975
2015	22076	Canal de Berdún	9	11785
2015	22077	Candasnos	5	5126
2015	22078	Canfranc	15	17365
2015	22079	Capdesaso	3	3670
2015	22080	Capella	8	10788
2015	22081	Casbas de Huesca	4	9276
2015	22082	Castejón del Puente	2	4404
2015	22083	Castejón de Monegros	9	12393
2015	22084	Castejón de Sos	25	21905
2015	22085	Castelflorite	4	2656
2015	22086	Castiello de Jaca	7	7617
2015	22087	Castigaleu	1	2839
2015	22088	Castillazuelo	1	2410
2015	22089	Castillonroy	6	6754
2015	22090	Colungo	2	1565
2015	22094	Chalamera	1	1558
2015	22095	Chía	2	2600
2015	22096	Chimillas	5	11691
2015	22099	Esplús	12	12985
2015	22102	Estada	0	0
2015	22103	Estadilla	2	10372
2015	22105	Estopiñán del Castillo	7	4064
2015	22106	Fago	1	752
2015	22107	Fanlo	0	0
2015	22109	Fiscal	4	9683
2015	22110	Fonz	14	17007
2015	22111	Foradada del Toscar	7	5738
2015	22112	Fraga	62	225715
2015	22113	Fueva (La)	2	16322
2015	22114	Gistaín	1	3752
2015	22115	Grado (El)	2	5489
2015	22116	Grañén	48	41064
2015	22117	Graus	89	102473
2015	22119	Gurrea de Gállego	22	49377
2015	22122	Hoz de Jaca	3	2288
2015	22124	Huerto	7	5225
2015	22125	Huesca	445	1648222
2015	22126	Ibieca	1	3742
2015	22127	Igriés	8	21941
2015	22128	Ilche	0	0
2015	22129	Isábena	11	8607
2015	22130	Jaca	75	340560
2015	22131	Jasa	4	3479
2015	22133	Labuerda	2	4067
2015	22135	Laluenga	0	0
2015	22136	Lalueza	22	22108
2015	22137	Lanaja	17	28585
2015	22139	Laperdiguera	0	0
2015	22141	Lascellas-Ponzano	0	0
2015	22142	Lascuarre	4	4064
2015	22143	Laspaúles	11	9085
2015	22144	Laspuña	2	7820
2015	22149	Loarre	3	10629
2015	22150	Loporzano	5	16823
2015	22151	Loscorrales	1	3365
2015	22155	Monesma y Cajigar	1	2630
2015	22156	Monflorite-Lascasas	4	9255
2015	22157	Montanuy	31	7083
2015	22158	Monzón	57	220560
2015	22160	Naval	0	0
2015	22162	Novales	2	5534
2015	22163	Nueno	6	17490
2015	22164	Olvena	0	0
2015	22165	Ontiñena	3	8620
2015	22167	Osso de Cinca	5	11659
2015	22168	Palo	1	577
2015	22170	Panticosa	37	23727
2015	22172	Peñalba	12	14919
2015	22173	Peñas de Riglos (Las)	6	8396
2015	22174	Peralta de Alcofea	2	7344
2015	22175	Peralta de Calasanz	8	4824
2015	22176	Peraltilla	1	2599
2015	22177	Perarrúa	3	3377
2015	22178	Pertusa	2	3805
2015	22181	Piracés	1	3333
2015	22182	Plan	3	8240
2015	22184	Poleñino	14	4663
2015	22186	Pozán de Vero	1	2839
2015	22187	Puebla de Castro (La)	7	11984
2015	22188	Puente de Montañana	5	3556
2015	22189	Puértolas	2	5694
2015	22190	Pueyo de Araguás (El)	1	3805
2015	22193	Pueyo de Santa Cruz	4	5988
2015	22195	Quicena	3	9418
2015	22197	Robres	11	12414
2015	22199	Sabiñánigo	154	309772
2015	22200	Sahún	10	9085
2015	22201	Salas Altas	0	0
2015	22202	Salas Bajas	0	0
2015	22203	Salillas	1	3365
2015	22204	Sallent de Gállego	65	46514
2015	22205	San Esteban de Litera	5	9949
2015	22206	Sangarrén	6	4577
2015	22207	San Juan de Plan	2	3857
2015	22208	Santa Cilia	7	7052
2015	22209	Santa Cruz de la Serós	5	6018
2015	22212	Santaliestra y San Quílez	3	2959
2015	22213	Sariñena	98	92685
2015	22214	Secastilla	5	4363
2015	22215	Seira	8	4393
2015	22217	Sena	11	11140
2015	22218	Senés de Alcubierre	2	1123
2015	22220	Sesa	2	6352
2015	22221	Sesué	5	3467
2015	22222	Siétamo	9	21181
2015	22223	Sopeira	5	3198
2015	22225	Tamarite de Litera	39	72440
2015	22226	Tardienta	35	21698
2015	22227	Tella-Sin	3	6823
2015	22228	Tierz	6	23006
2015	22229	Tolva	5	4423
2015	22230	Torla-Ordesa	6	7689
2015	22232	Torralba de Aragón	5	2440
2015	22233	Torre la Ribera	11	3168
2015	22234	Torrente de Cinca	8	18222
2015	22235	Torres de Alcanadre	0	0
2015	22236	Torres de Barbués	11	6326
2015	22239	Tramaced	1	3050
2015	22242	Valfarta	2	1576
2015	22243	Valle de Bardají	4	1106
2015	22244	Valle de Lierp	5	1733
2015	22245	Velilla de Cinca	2	6971
2015	22246	Beranuy	4	2899
2015	22247	Viacamp y Litera	3	1285
2015	22248	Vicién	1	3836
2015	22249	Villanova	6	4752
2015	22250	Villanúa	14	14888
2015	22251	Villanueva de Sigena	11	9370
2015	22252	Yebra de Basa	2	4451
2015	22253	Yésero	1	1787
2015	22254	Zaidín	9	27780
2015	22901	Valle de Hecho	15	28304
2015	22902	Puente la Reina de Jaca	6	8651
2015	22903	San Miguel del Cinca	13	15093
2015	22904	Sotonera (La)	10	31854
2015	22905	Lupiñén-Ortilla	7	11694
2015	22906	Santa María de Dulcis	2	2852
2015	22907	Aínsa-Sobrarbe	20	58071
2015	22908	Hoz y Costeán	0	0
2015	22909	Vencillón	7	8542
2015	44001	Ababuj	1	644
2015	44002	Abejuela	2	406
2015	44003	Aguatón	1	178
2015	44004	Aguaviva	7	9775
2015	44005	Aguilar del Alfambra	1	762
2015	44006	Alacón	6	4224
2015	44007	Alba	1	2099
2015	44008	Albalate del Arzobispo	29	39018
2015	44009	Albarracín	6	10486
2015	44010	Albentosa	2	2763
2015	44011	Alcaine	1	713
2015	44012	Alcalá de la Selva	6	4198
2015	44013	Alcañiz	43	175700
2015	44014	Alcorisa	37	55467
2015	44016	Alfambra	5	5813
2015	44017	Aliaga	5	3545
2015	44018	Almohaja	1	208
2015	44019	Alobras	1	743
2015	44020	Alpeñés	1	188
2015	44021	Allepuz	2	1159
2015	44022	Alloza	9	8583
2015	44023	Allueva	0	0
2015	44024	Anadón	1	238
2015	44025	Andorra	66	109609
2015	44026	Arcos de las Salinas	2	990
2015	44027	Arens de Lledó	3	5433
2015	44028	Argente	1	2149
2015	44029	Ariño	15	10425
2015	44031	Azaila	6	2293
2015	44032	Bádenas	0	0
2015	44033	Báguena	1	2933
2015	44034	Bañón	1	1340
2015	44035	Barrachina	1	1192
2015	44036	Bea	0	0
2015	44037	Beceite	12	15228
2015	44038	Belmonte de San José	3	1939
2015	44039	Bello	1	2123
2015	44040	Berge	3	3991
2015	44041	Bezas	1	762
2015	44042	Blancas	0	998
2015	44043	Blesa	1	1079
2015	44044	Bordón	2	1129
2015	44045	Bronchales	4	4228
2015	44046	Bueña	0	0
2015	44047	Burbáguena	3	2445
2015	44048	Cabra de Mora	2	693
2015	44049	Calaceite	18	28105
2015	44050	Calamocha	20	38890
2015	44051	Calanda	47	63335
2015	44052	Calomarde	1	871
2015	44053	Camañas	1	1267
2015	44054	Camarena de la Sierra	0	0
2015	44055	Camarillas	1	1020
2015	44056	Caminreal	6	5952
2015	44059	Cantavieja	7	7169
2015	44060	Cañada de Benatanduz	1	406
2015	44061	Cañada de Verich (La)	2	1648
2015	44062	Cañada Vellida	1	366
2015	44063	Cañizar del Olivar	1	980
2015	44064	Cascante del Río	1	812
2015	44065	Castejón de Tornos	0	0
2015	44066	Castel de Cabra	1	1267
2015	44067	Castelnou	4	2698
2015	44068	Castelserás	13	13410
2015	44070	Castellar (El)	2	594
2015	44071	Castellote	15	7466
2015	44074	Cedrillas	7	6129
2015	44075	Celadas	3	3951
2015	44076	Cella	11	27904
2015	44077	Cerollera (La)	2	1713
2015	44080	Codoñera (La)	7	6043
2015	44082	Corbalán	1	1050
2015	44084	Cortes de Aragón	1	604
2015	44085	Cosa	0	0
2015	44086	Cretas	13	15698
2015	44087	Crivillén	5	1009
2015	44088	Cuba (La)	2	446
2015	44089	Cubla	1	545
2015	44090	Cucalón	1	896
2015	44092	Cuervo (El)	1	842
2015	44093	Cuevas de Almudén	1	1436
2015	44094	Cuevas Labradas	1	1258
2015	44096	Ejulve	6	2610
2015	44097	Escorihuela	1	1584
2015	44099	Escucha	6	9714
2015	44100	Estercuel	6	3094
2015	44101	Ferreruela de Huerva	1	370
2015	44102	Fonfría	0	0
2015	44103	Formiche Alto	2	1664
2015	44105	Fórnoles	2	2037
2015	44106	Fortanete	2	1990
2015	44107	Foz-Calanda	3	4346
2015	44108	Fresneda (La)	9	12224
2015	44109	Frías de Albarracín	1	1426
2015	44110	Fuenferrada	1	614
2015	44111	Fuentes Calientes	1	1099
2015	44112	Fuentes Claras	2	4621
2015	44113	Fuentes de Rubielos	2	1198
2015	44114	Fuentespalda	6	7810
2015	44115	Galve	2	1624
2015	44116	Gargallo	8	1480
2015	44117	Gea de Albarracín	5	3931
2015	44118	Ginebrosa (La)	5	3328
2015	44119	Griegos	1	1406
2015	44120	Guadalaviar	2	2456
2015	44121	Gúdar	2	753
2015	44122	Híjar	34	33970
2015	44123	Hinojosa de Jarque	2	1347
2015	44124	Hoz de la Vieja (La)	1	802
2015	44125	Huesa del Común	1	723
2015	44126	Iglesuela del Cid (La)	5	4575
2015	44127	Jabaloyas	3	723
2015	44128	Jarque de la Val	1	812
2015	44129	Jatiel	3	925
2015	44130	Jorcas	1	366
2015	44131	Josa	1	356
2015	44132	Lagueruela	0	0
2015	44133	Lanzuela	0	0
2015	44135	Libros	1	1277
2015	44136	Lidón	1	535
2015	44137	Linares de Mora	2	2713
2015	44138	Loscos	1	1340
2015	44141	Lledó	5	4414
2015	44142	Maicas	1	347
2015	44143	Manzanera	9	5208
2015	44144	Martín del Río	4	4327
2015	44145	Mas de las Matas	17	21392
2015	44146	Mata de los Olmos (La)	3	4330
2015	44147	Mazaleón	9	14104
2015	44148	Mezquita de Jarque	1	1159
2015	44149	Mirambel	2	1159
2015	44150	Miravete de la Sierra	1	337
2015	44151	Molinos	3	2614
2015	44152	Monforte de Moyuela	0	0
2015	44153	Monreal del Campo	13	22939
2015	44154	Monroyo	10	9507
2015	44155	Montalbán	7	13219
2015	44156	Monteagudo del Castillo	1	545
2015	44157	Monterde de Albarracín	1	723
2015	44158	Mora de Rubielos	15	15962
2015	44159	Moscardón	1	594
2015	44160	Mosqueruela	7	5951
2015	44161	Muniesa	4	6318
2015	44163	Noguera de Albarracín	1	1357
2015	44164	Nogueras	0	0
2015	44165	Nogueruelas	2	2119
2015	44167	Obón	1	416
2015	44168	Odón	1	2062
2015	44169	Ojos Negros	2	3664
2015	44171	Olba	3	2604
2015	44172	Oliete	6	5677
2015	44173	Olmos (Los)	2	2100
2015	44174	Orihuela del Tremedal	5	5337
2015	44175	Orrios	1	1386
2015	44176	Palomar de Arroyos	1	1822
2015	44177	Pancrudo	4	1159
2015	44178	Parras de Castellote (Las)	3	937
2015	44179	Peñarroya de Tastavins	11	12720
2015	44180	Peracense	1	600
2015	44181	Peralejos	1	842
2015	44182	Perales del Alfambra	2	2505
2015	44183	Pitarque	2	921
2015	44184	Plou	1	456
2015	44185	Pobo (El)	1	1466
2015	44187	Portellada (La)	3	6112
2015	44189	Pozondón	1	624
2015	44190	Pozuel del Campo	1	705
2015	44191	Puebla de Híjar (La)	19	18594
2015	44192	Puebla de Valverde (La)	7	5159
2015	44193	Puertomingalvo	2	1159
2015	44194	Ráfales	3	3709
2015	44195	Rillo	2	1050
2015	44196	Riodeva	1	1634
2015	44197	Ródenas	1	743
2015	44198	Royuela	1	2248
2015	44199	Rubiales	1	505
2015	44200	Rubielos de la Cérida	0	0
2015	44201	Rubielos de Mora	9	6803
2015	44203	Salcedillo	1	99
2015	44204	Saldón	1	267
2015	44205	Samper de Calanda	15	16590
2015	44206	San Agustín	2	1396
2015	44207	San Martín del Río	1	1558
2015	44208	Santa Cruz de Nogueras	0	0
2015	44209	Santa Eulalia	9	11001
2015	44210	Sarrión	12	11407
2015	44211	Segura de los Baños	1	386
2015	44212	Seno	3	679
2015	44213	Singra	0	0
2015	44215	Terriente	2	1753
2015	44216	Teruel	107	400040
2015	44217	Toril y Masegoso	1	317
2015	44218	Tormón	1	277
2015	44219	Tornos	1	2010
2015	44220	Torralba de los Sisones	1	1479
2015	44221	Torrecilla de Alcañiz	6	6705
2015	44222	Torrecilla del Rebollar	1	1236
2015	44223	Torre de Arcas	2	2168
2015	44224	Torre de las Arcas	1	277
2015	44225	Torre del Compte	4	3709
2015	44226	Torrelacárcel	1	1951
2015	44227	Torre los Negros	1	818
2015	44228	Torremocha de Jiloca	1	1248
2015	44229	Torres de Albarracín	1	1723
2015	44230	Torrevelilla	4	3361
2015	44231	Torrijas	2	446
2015	44232	Torrijo del Campo	2	4429
2015	44234	Tramacastiel	2	733
2015	44235	Tramacastilla	2	1188
2015	44236	Tronchón	2	812
2015	44237	Urrea de Gaén	6	9519
2015	44238	Utrillas	16	31627
2015	44239	Valacloche	1	228
2015	44240	Valbona	2	1961
2015	44241	Valdealgorfa	10	10502
2015	44243	Valdecuenca	1	396
2015	44244	Valdelinares	2	891
2015	44245	Valdeltormo	6	8228
2015	44246	Valderrobres	52	61041
2015	44247	Valjunquera	10	9534
2015	44249	Vallecillo (El)	1	495
2015	44250	Veguillas de la Sierra	1	228
2015	44251	Villafranca del Campo	2	2733
2015	44252	Villahermosa del Campo	1	905
2015	44256	Villanueva del Rebollar de la Sierra	1	515
2015	44257	Villar del Cobo	1	1881
2015	44258	Villar del Salz	0	0
2015	44260	Villarluengo	4	1921
2015	44261	Villarquemado	4	8773
2015	44262	Villarroya de los Pinares	3	1584
2015	44263	Villastar	2	5169
2015	44264	Villel	2	3446
2015	44265	Vinaceite	4	5280
2015	44266	Visiedo	1	1357
2015	44267	Vivel del Río Martín	1	772
2015	44268	Zoma (La)	1	188
2015	50001	Abanto	2	968
2015	50002	Acered	1	2685
2015	50003	Agón	6	16153
2015	50004	Aguarón	7	9982
2015	50005	Aguilón	3	3261
2015	50006	Ainzón	26	37818
2015	50007	Aladrén	2	677
2015	50008	Alagón	89	128115
2015	50009	Alarba	2	1311
2015	50010	Alberite de San Juan	4	2799
2015	50011	Albeta	5	4979
2015	50012	Alborge	1	1183
2015	50013	Alcalá de Ebro	5	5105
2015	50014	Alcalá de Moncayo	4	3525
2015	50015	Alconchel de Ariza	2	702
2015	50016	Aldehuela de Liestos	1	610
2015	50017	Alfajarín	14	33494
2015	50018	Alfamén	11	18497
2015	50019	Alforque	1	668
2015	50020	Alhama de Aragón	7	9552
2015	50021	Almochuel	0	0
2015	50022	Almolda (La)	10	12997
2015	50023	Almonacid de la Cuba	1	1576
2015	50024	Almonacid de la Sierra	3	6306
2015	50025	Almunia de Doña Godina (La)	34	65712
2015	50026	Alpartir	5	4814
2015	50027	Ambel	5	8397
2015	50028	Anento	1	1281
2015	50029	Aniñón	4	6485
2015	50030	Añón de Moncayo	2	4045
2015	50031	Aranda de Moncayo	2	12850
2015	50032	Arándiga	2	3161
2015	50033	Ardisa	1	784
2015	50034	Ariza	6	10152
2015	50035	Artieda	2	2696
2015	50036	Asín	1	1176
2015	50037	Atea	2	1892
2015	50038	Ateca	7	17297
2015	50039	Azuara	2	4069
2015	50040	Badules	1	1184
2015	50041	Bagüés	1	168
2015	50042	Balconchán	1	146
2015	50043	Bárboles	4	5759
2015	50044	Bardallur	2	2491
2015	50045	Belchite	7	10263
2015	50046	Belmonte de Gracián	2	1893
2015	50047	Berdejo	1	471
2015	50048	Berrueco	1	464
2015	50050	Bijuesca	1	900
2015	50051	Biota	5	11445
2015	50052	Bisimbre	3	3157
2015	50053	Boquiñeni	8	16278
2015	50054	Bordalba	1	548
2015	50055	Borja	91	160483
2015	50056	Botorrita	3	4936
2015	50057	Brea de Aragón	12	8401
2015	50058	Bubierca	1	651
2015	50059	Bujaraloz	26	22043
2015	50060	Bulbuente	9	7778
2015	50061	Bureta	10	8397
2015	50062	Burgo de Ebro (El)	23	24932
2015	50063	Buste (El)	1	1310
2015	50064	Cabañas de Ebro	10	9738
2015	50065	Cabolafuente	1	334
2015	50066	Cadrete	14	34515
2015	50067	Calatayud	68	176976
2015	50068	Calatorao	14	24277
2015	50069	Calcena	2	42
2015	50070	Calmarza	1	651
2015	50071	Campillo de Aragón	2	1311
2015	50072	Carenas	3	1499
2015	50073	Cariñena	25	43353
2015	50074	Caspe	34	67120
2015	50075	Castejón de Alarba	1	720
2015	50076	Castejón de las Armas	1	900
2015	50077	Castejón de Valdejasa	2	2654
2015	50078	Castiliscar	2	3270
2015	50079	Cervera de la Cañada	2	2707
2015	50080	Cerveruela	1	452
2015	50081	Cetina	2	5706
2015	50082	Cimballa	2	977
2015	50083	Cinco Olivas	1	1030
2015	50084	Clarés de Ribota	1	660
2015	50085	Codo	1	1318
2015	50086	Codos	2	1705
2015	50087	Contamina	1	334
2015	50088	Cosuenda	8	4728
2015	50089	Cuarte de Huerva	52	113055
2015	50090	Cubel	2	2245
2015	50091	Cuerlas (Las)	1	622
2015	50092	Chiprana	2	3475
2015	50093	Chodes	1	1132
2015	50094	Daroca	14	26763
2015	50095	Ejea de los Caballeros	58	188917
2015	50096	Embid de Ariza	1	420
2015	50098	Encinacorba	3	2947
2015	50099	Épila	14	38517
2015	50100	Erla	2	4199
2015	50101	Escatrón	5	10616
2015	50102	Fabara	5	8323
2015	50104	Farlete	6	8787
2015	50105	Fayón	2	2353
2015	50106	Fayos (Los)	3	2947
2015	50107	Figueruelas	20	22945
2015	50108	Fombuena	1	659
2015	50109	Frago (El)	1	1165
2015	50110	Frasno (El)	3	3761
2015	50111	Fréscano	7	6737
2015	50113	Fuendejalón	16	27957
2015	50114	Fuendetodos	4	988
2015	50115	Fuentes de Ebro	54	66828
2015	50116	Fuentes de Jiloca	2	2082
2015	50117	Gallocanta	2	1928
2015	50118	Gallur	43	50487
2015	50119	Gelsa	7	10702
2015	50120	Godojos	1	308
2015	50121	Gotor	4	1681
2015	50122	Grisel	1	1290
2015	50123	Grisén	11	11554
2015	50124	Herrera de los Navarros	4	6895
2015	50125	Ibdes	2	4138
2015	50126	Illueca	27	15306
2015	50128	Isuerre	1	370
2015	50129	Jaraba	3	2819
2015	50130	Jarque de Moncayo	6	2427
2015	50131	Jaulín	2	2614
2015	50132	Joyosa (La)	17	18294
2015	50133	Lagata	1	859
2015	50134	Langa del Castillo	2	1660
2015	50135	Layana	1	1333
2015	50136	Lécera	4	4715
2015	50137	Leciñena	10	26642
2015	50138	Lechón	1	647
2015	50139	Letux	2	2448
2015	50140	Litago	4	3351
2015	50141	Lituénigo	3	2427
2015	50142	Lobera de Onsella	1	470
2015	50143	Longares	8	11261
2015	50144	Longás	1	392
2015	50146	Lucena de Jalón	1	2113
2015	50147	Luceni	16	18422
2015	50148	Luesia	3	3438
2015	50149	Luesma	1	574
2015	50150	Lumpiaque	4	7682
2015	50151	Luna	4	8690
2015	50152	Maella	8	13239
2015	50153	Magallón	40	38502
2015	50154	Mainar	2	1977
2015	50155	Malanquilla	1	960
2015	50156	Maleján	10	9764
2015	50157	Malón	8	7011
2015	50159	Maluenda	3	9252
2015	50160	Mallén	47	110623
2015	50161	Manchones	1	1416
2015	50162	Mara	2	1525
2015	50163	María de Huerva	21	52279
2015	50164	Mediana de Aragón	0	0
2015	50165	Mequinenza	10	36188
2015	50166	Mesones de Isuela	3	158
2015	50167	Mezalocha	2	3022
2015	50168	Mianos	1	940
2015	50169	Miedes de Aragón	2	3975
2015	50170	Monegrillo	9	9500
2015	50171	Moneva	2	717
2015	50172	Monreal de Ariza	2	1996
2015	50173	Monterde	2	1439
2015	50174	Montón	2	977
2015	50175	Morata de Jalón	9	10139
2015	50176	Morata de Jiloca	2	2022
2015	50177	Morés	3	3247
2015	50178	Moros	2	3478
2015	50179	Moyuela	1	1712
2015	50180	Mozota	2	1180
2015	50181	Muel	15	17243
2015	50182	Muela (La)	40	43785
2015	50183	Munébrega	3	3598
2015	50184	Murero	1	1623
2015	50185	Murillo de Gállego	4	5755
2015	50186	Navardún	1	482
2015	50187	Nigüella	1	685
2015	50188	Nombrevilla	1	452
2015	50189	Nonaspe	4	6870
2015	50190	Novallas	14	17931
2015	50191	Novillas	16	19072
2015	50192	Nuévalos	3	2844
2015	50193	Nuez de Ebro	14	7888
2015	50194	Olvés	1	908
2015	50195	Orcajo	1	696
2015	50196	Orera	1	1122
2015	50197	Orés	1	1232
2015	50198	Oseja	1	26
2015	50199	Osera de Ebro	4	3967
2015	50200	Paniza	8	9142
2015	50201	Paracuellos de Jiloca	2	4866
2015	50202	Paracuellos de la Ribera	1	1499
2015	50203	Pastriz	13	12258
2015	50204	Pedrola	41	65802
2015	50205	Pedrosas (Las)	1	1232
2015	50206	Perdiguera	14	13235
2015	50207	Piedratajada	1	1265
2015	50208	Pina de Ebro	12	24486
2015	50209	Pinseque	43	65856
2015	50210	Pintanos (Los)	2	493
2015	50211	Plasencia de Jalón	2	3103
2015	50212	Pleitas	1	781
2015	50213	Plenas	1	775
2015	50214	Pomer	1	18
2015	50215	Pozuel de Ariza	1	197
2015	50216	Pozuelo de Aragón	10	9731
2015	50217	Pradilla de Ebro	5	10610
2015	50218	Puebla de Albortón	1	820
2015	50219	Puebla de Alfindén (La)	22	54870
2015	50220	Puendeluna	1	571
2015	50221	Purujosa	1	21
2015	50222	Quinto	9	19602
2015	50223	Remolinos	14	20874
2015	50224	Retascón	1	915
2015	50225	Ricla	8	26860
2015	50227	Romanos	2	1306
2015	50228	Rueda de Jalón	1	2885
2015	50229	Ruesca	1	625
2015	50230	Sádaba	8	16350
2015	50231	Salillas de Jalón	1	2717
2015	50232	Salvatierra de Esca	8	6614
2015	50233	Samper del Salz	1	685
2015	50234	San Martín de la Virgen de Moncayo	3	5412
2015	50235	San Mateo de Gállego	23	33855
2015	50236	Santa Cruz de Grío	1	1115
2015	50237	Santa Cruz de Moncayo	3	2639
2015	50238	Santa Eulalia de Gállego	1	3982
2015	50239	Santed	1	805
2015	50240	Sástago	7	11647
2015	50241	Saviñán	5	6468
2015	50242	Sediles	1	942
2015	50243	Sestrica	4	2001
2015	50244	Sierra de Luna	2	3057
2015	50245	Sigüés	4	3291
2015	50246	Sisamón	1	326
2015	50247	Sobradiel	15	19675
2015	50248	Sos del Rey Católico	4	7044
2015	50249	Tabuenca	12	12009
2015	50250	Talamantes	5	1920
2015	50251	Tarazona	57	197810
2015	50252	Tauste	25	78691
2015	50253	Terrer	2	4558
2015	50254	Tierga	2	106
2015	50255	Tobed	2	1970
2015	50256	Torralba de los Frailes	1	1074
2015	50257	Torralba de Ribota	2	1619
2015	50258	Torralbilla	1	696
2015	50259	Torrehermosa	1	608
2015	50260	Torrelapaja	1	300
2015	50261	Torrellas	8	5297
2015	50262	Torres de Berrellén	19	27105
2015	50263	Torrijo de la Cañada	2	2150
2015	50264	Tosos	4	2608
2015	50265	Trasmoz	1	1445
2015	50266	Trasobares	1	73
2015	50267	Uncastillo	3	7704
2015	50268	Undués de Lerda	1	627
2015	50269	Urrea de Jalón	1	3338
2015	50270	Urriés	1	426
2015	50271	Used	4	3588
2015	50272	Utebo	61	235440
2015	50273	Valdehorna	1	330
2015	50274	Val de San Martín	1	866
2015	50275	Valmadrid	2	911
2015	50276	Valpalmas	1	1613
2015	50277	Valtorres	1	745
2015	50278	Velilla de Ebro	3	2299
2015	50279	Velilla de Jiloca	2	1097
2015	50280	Vera de Moncayo	11	7550
2015	50281	Vierlas	2	2022
2015	50282	Vilueña (La)	1	908
2015	50283	Villadoz	5	1147
2015	50284	Villafeliche	2	1713
2015	50285	Villafranca de Ebro	5	7673
2015	50286	Villalba de Perejil	1	874
2015	50287	Villalengua	2	3084
2015	50288	Villanueva de Gállego	26	50525
2015	50289	Villanueva de Jiloca	2	635
2015	50290	Villanueva de Huerva	6	6408
2015	50291	Villar de los Navarros	1	1355
2015	50292	Villarreal de Huerva	3	2941
2015	50293	Villarroya de la Sierra	3	4463
2015	50294	Villarroya del Campo	1	1013
2015	50295	Vistabella	3	589
2015	50296	Zaida (La)	4	4588
2015	50297	Zaragoza	1818	11715900
2015	50298	Zuera	49	84741
2015	50901	Biel	2	1758
2015	50902	Marracos	1	1086
2015	50903	Villamayor de Gállego	42	38670
2016	22001	Abiego	2	3088
2016	22002	Abizanda	2	3632
2016	22003	Adahuesca	2	2111
2016	22004	Agüero	2	4806
2016	22006	Aísa	11	11841
2016	22007	Albalate de Cinca	14	19832
2016	22008	Albalatillo	8	4563
2016	22009	Albelda	13	16287
2016	22011	Albero Alto	1	4110
2016	22012	Albero Bajo	4	3072
2016	22013	Alberuela de Tubo	9	6989
2016	22014	Alcalá de Gurrea	4	9030
2016	22015	Alcalá del Obispo	4	11336
2016	22016	Alcampell	17	15136
2016	22017	Alcolea de Cinca	14	19384
2016	22018	Alcubierre	10	8882
2016	22019	Alerre	2	6913
2016	22020	Alfántega	3	2206
2016	22021	Almudévar	27	82724
2016	22022	Almunia de San Juan	7	11700
2016	22023	Almuniente	19	11619
2016	22024	Alquézar	5	3625
2016	22025	Altorricón	20	31900
2016	22027	Angüés	5	12960
2016	22028	Ansó	10	14091
2016	22029	Antillón	1	5270
2016	22032	Aragüés del Puerto	2	3936
2016	22035	Arén	16	10789
2016	22036	Argavieso	1	3480
2016	22037	Arguis	4	4168
2016	22039	Ayerbe	14	36913
2016	22040	Azanuy-Alins	7	3757
2016	22041	Azara	1	2307
2016	22042	Azlor	1	1721
2016	22043	Baells	4	2302
2016	22044	Bailo	7	9526
2016	22045	Baldellou	1	2215
2016	22046	Ballobar	7	14040
2016	22047	Banastás	2	10088
2016	22048	Barbastro	41	207722
2016	22049	Barbués	2	1937
2016	22050	Barbuñales	1	1208
2016	22051	Bárcabo	5	2992
2016	22052	Belver de Cinca	7	21982
2016	22053	Benabarre	26	37070
2016	22054	Benasque	55	68746
2016	22055	Berbegal	2	4613
2016	22057	Bielsa	5	12481
2016	22058	Bierge	5	2978
2016	22059	Biescas	48	49185
2016	22060	Binaced	17	25966
2016	22061	Binéfar	124	224211
2016	22062	Bisaurri	6	5789
2016	22063	Biscarrués	4	6681
2016	22064	Blecua y Torres	2	6629
2016	22066	Boltaña	13	25091
2016	22067	Bonansa	2	2664
2016	22068	Borau	1	3142
2016	22069	Broto	8	13607
2016	22072	Caldearenas	11	6948
2016	22074	Campo	16	14374
2016	22075	Camporrells	4	2997
2016	22076	Canal de Berdún	9	12139
2016	22077	Candasnos	6	5529
2016	22078	Canfranc	15	18523
2016	22079	Capdesaso	3	3829
2016	22080	Capella	8	11874
2016	22081	Casbas de Huesca	4	9645
2016	22082	Castejón del Puente	2	4150
2016	22083	Castejón de Monegros	9	12643
2016	22084	Castejón de Sos	25	24341
2016	22085	Castelflorite	4	2671
2016	22086	Castiello de Jaca	7	8302
2016	22087	Castigaleu	1	3092
2016	22088	Castillazuelo	1	2209
2016	22089	Castillonroy	7	7448
2016	22090	Colungo	1	1538
2016	22094	Chalamera	1	1860
2016	22095	Chía	2	2960
2016	22096	Chimillas	5	11841
2016	22099	Esplús	11	13442
2016	22102	Estada	1	2563
2016	22103	Estadilla	2	9996
2016	22105	Estopiñán del Castillo	7	4835
2016	22106	Fago	1	827
2016	22107	Fanlo	1	2387
2016	22109	Fiscal	4	9233
2016	22110	Fonz	14	16266
2016	22111	Foradada del Toscar	7	6151
2016	22112	Fraga	68	249994
2016	22113	Fueva (La)	2	15909
2016	22114	Gistaín	1	3530
2016	22115	Grado (El)	2	5285
2016	22116	Grañén	49	41380
2016	22117	Graus	89	110882
2016	22119	Gurrea de Gállego	22	51103
2016	22122	Hoz de Jaca	3	2249
2016	22124	Huerto	7	5298
2016	22125	Huesca	460	1728281
2016	22126	Ibieca	1	3646
2016	22127	Igriés	8	22889
2016	22128	Ilche	1	2539
2016	22129	Isábena	11	9078
2016	22130	Jaca	75	348640
2016	22131	Jasa	4	3440
2016	22133	Labuerda	3	4271
2016	22135	Laluenga	2	2600
2016	22136	Lalueza	22	22193
2016	22137	Lanaja	17	28225
2016	22139	Laperdiguera	1	1172
2016	22141	Lascellas-Ponzano	2	1684
2016	22142	Lascuarre	4	4506
2016	22143	Laspaúles	11	9243
2016	22144	Laspuña	2	7417
2016	22149	Loarre	7	11104
2016	22150	Loporzano	5	17634
2016	22151	Loscorrales	1	3513
2016	22155	Monesma y Cajigar	1	2862
2016	22156	Monflorite-Lascasas	4	10358
2016	22157	Montanuy	31	7269
2016	22158	Monzón	57	208107
2016	22160	Naval	1	3161
2016	22162	Novales	2	6066
2016	22163	Nueno	7	18261
2016	22164	Olvena	1	549
2016	22165	Ontiñena	3	9533
2016	22167	Osso de Cinca	4	12499
2016	22168	Palo	1	614
2016	22170	Panticosa	37	25204
2016	22172	Peñalba	12	15470
2016	22173	Peñas de Riglos (Las)	10	8750
2016	22174	Peralta de Alcofea	2	7347
2016	22175	Peralta de Calasanz	8	5060
2016	22176	Peraltilla	1	2453
2016	22177	Perarrúa	3	3651
2016	22178	Pertusa	2	4110
2016	22181	Piracés	1	3547
2016	22182	Plan	3	7750
2016	22184	Poleñino	14	4830
2016	22186	Pozán de Vero	1	2697
2016	22187	Puebla de Castro (La)	7	12598
2016	22188	Puente de Montañana	5	3520
2016	22189	Puértolas	2	5294
2016	22190	Pueyo de Araguás (El)	1	3811
2016	22193	Pueyo de Santa Cruz	4	5652
2016	22195	Quicena	3	9466
2016	22197	Robres	11	13044
2016	22199	Sabiñánigo	163	317468
2016	22200	Sahún	10	10131
2016	22201	Salas Altas	2	3820
2016	22202	Salas Bajas	1	2050
2016	22203	Salillas	1	3348
2016	22204	Sallent de Gállego	65	47663
2016	22205	San Esteban de Litera	6	10814
2016	22206	Sangarrén	6	5231
2016	22207	San Juan de Plan	2	3785
2016	22208	Santa Cilia	6	6847
2016	22209	Santa Cruz de la Serós	5	6152
2016	22212	Santaliestra y San Quílez	3	3421
2016	22213	Sariñena	102	94002
2016	22214	Secastilla	5	4737
2016	22215	Seira	8	4835
2016	22217	Sena	12	11464
2016	22218	Senés de Alcubierre	2	1091
2016	22220	Sesa	2	6298
2016	22221	Sesué	5	3914
2016	22222	Siétamo	9	22241
2016	22223	Sopeira	5	3256
2016	22225	Tamarite de Litera	46	76829
2016	22226	Tardienta	36	21926
2016	22227	Tella-Sin	3	6369
2016	22228	Tierz	6	24543
2016	22229	Tolva	5	4506
2016	22230	Torla-Ordesa	8	7826
2016	22232	Torralba de Aragón	5	2538
2016	22233	Torre la Ribera	11	3421
2016	22234	Torrente de Cinca	8	19888
2016	22235	Torres de Alcanadre	2	1306
2016	22236	Torres de Barbués	11	6299
2016	22239	Tramaced	1	3646
2016	22242	Valfarta	2	1603
2016	22243	Valle de Bardají	4	1217
2016	22244	Valle de Lierp	5	1776
2016	22245	Velilla de Cinca	2	7406
2016	22246	Beranuy	4	3026
2016	22247	Viacamp y Litera	3	1381
2016	22248	Vicién	1	4176
2016	22249	Villanova	6	5164
2016	22250	Villanúa	14	14388
2016	22251	Villanueva de Sigena	12	9839
2016	22252	Yebra de Basa	2	4697
2016	22253	Yésero	1	1918
2016	22254	Zaidín	11	31029
2016	22901	Valle de Hecho	15	29107
2016	22902	Puente la Reina de Jaca	6	8633
2016	22903	San Miguel del Cinca	13	14767
2016	22904	Sotonera (La)	10	32814
2016	22905	Lupiñén-Ortilla	7	12040
2016	22906	Santa María de Dulcis	2	2697
2016	22907	Aínsa-Sobrarbe	20	56780
2016	22908	Hoz y Costeán	1	2807
2016	22909	Vencillón	9	8925
2016	44001	Ababuj	1	821
2016	44002	Abejuela	2	607
2016	44003	Aguatón	1	214
2016	44004	Aguaviva	7	10394
2016	44005	Aguilar del Alfambra	1	742
2016	44006	Alacón	6	4209
2016	44007	Alba	1	2362
2016	44008	Albalate del Arzobispo	29	36991
2016	44009	Albarracín	6	11801
2016	44010	Albentosa	2	3037
2016	44011	Alcaine	1	832
2016	44012	Alcalá de la Selva	6	4489
2016	44013	Alcañiz	57	198407
2016	44014	Alcorisa	37	59846
2016	44016	Alfambra	5	6424
2016	44017	Aliaga	5	4106
2016	44018	Almohaja	1	225
2016	44019	Alobras	1	787
2016	44020	Alpeñés	1	236
2016	44021	Allepuz	2	1327
2016	44022	Alloza	9	8677
2016	44024	Anadón	1	281
2016	44025	Andorra	66	115866
2016	44026	Arcos de las Salinas	2	1181
2016	44027	Arens de Lledó	3	5929
2016	44028	Argente	1	2407
2016	44029	Ariño	15	10962
2016	44031	Azaila	6	2144
2016	44033	Báguena	1	2943
2016	44034	Bañón	1	1350
2016	44035	Barrachina	1	1197
2016	44037	Beceite	12	16289
2016	44038	Belmonte de San José	3	2075
2016	44039	Bello	1	2142
2016	44040	Berge	3	4363
2016	44041	Bezas	1	754
2016	44043	Blesa	1	1226
2016	44044	Bordón	2	1316
2016	44045	Bronchales	4	4759
2016	44047	Burbáguena	3	2286
2016	44048	Cabra de Mora	2	821
2016	44049	Calaceite	18	30277
2016	44050	Calamocha	20	39756
2016	44051	Calanda	47	69052
2016	44052	Calomarde	1	979
2016	44053	Camañas	1	1406
2016	44055	Camarillas	1	1114
2016	44056	Caminreal	6	5931
2016	44059	Cantavieja	7	8336
2016	44060	Cañada de Benatanduz	1	461
2016	44061	Cañada de Verich (La)	2	1809
2016	44062	Cañada Vellida	1	405
2016	44063	Cañizar del Olivar	1	1159
2016	44064	Cascante del Río	1	900
2016	44066	Castel de Cabra	1	1372
2016	44067	Castelnou	4	2625
2016	44068	Castelserás	13	14899
2016	44070	Castellar (El)	2	652
2016	44071	Castellote	15	8190
2016	44074	Cedrillas	7	6964
2016	44075	Celadas	3	4477
2016	44076	Cella	13	31230
2016	44077	Cerollera (La)	2	1880
2016	44080	Codoñera (La)	7	6474
2016	44082	Corbalán	1	1237
2016	44084	Cortes de Aragón	1	652
2016	44086	Cretas	13	16491
2016	44087	Crivillén	5	1063
2016	44088	Cuba (La)	2	416
2016	44089	Cubla	1	607
2016	44090	Cucalón	1	936
2016	44092	Cuervo (El)	1	979
2016	44093	Cuevas de Almudén	1	1575
2016	44094	Cuevas Labradas	1	1384
2016	44096	Ejulve	6	2873
2016	44097	Escorihuela	1	1777
2016	44099	Escucha	6	10721
2016	44100	Estercuel	6	3290
2016	44101	Ferreruela de Huerva	1	621
2016	44103	Formiche Alto	2	2025
2016	44105	Fórnoles	2	2475
2016	44106	Fortanete	2	2284
2016	44107	Foz-Calanda	3	4771
2016	44108	Fresneda (La)	9	13642
2016	44109	Frías de Albarracín	1	1474
2016	44110	Fuenferrada	1	641
2016	44111	Fuentes Calientes	1	1046
2016	44112	Fuentes Claras	2	4752
2016	44113	Fuentes de Rubielos	2	1361
2016	44114	Fuentespalda	6	8202
2016	44115	Galve	2	1879
2016	44116	Gargallo	8	1480
2016	44117	Gea de Albarracín	5	4354
2016	44118	Ginebrosa (La)	5	3601
2016	44119	Griegos	1	1766
2016	44120	Guadalaviar	2	2779
2016	44121	Gúdar	1	866
2016	44122	Híjar	34	32554
2016	44123	Hinojosa de Jarque	2	1530
2016	44124	Hoz de la Vieja (La)	1	922
2016	44125	Huesa del Común	1	821
2016	44126	Iglesuela del Cid (La)	5	4860
2016	44127	Jabaloyas	3	866
2016	44128	Jarque de la Val	1	877
2016	44129	Jatiel	3	887
2016	44130	Jorcas	1	461
2016	44131	Josa	1	405
2016	44135	Libros	1	1395
2016	44136	Lidón	1	585
2016	44137	Linares de Mora	2	3229
2016	44138	Loscos	1	1359
2016	44141	Lledó	5	4864
2016	44142	Maicas	1	405
2016	44143	Manzanera	9	5737
2016	44144	Martín del Río	4	4961
2016	44145	Mas de las Matas	17	23378
2016	44146	Mata de los Olmos (La)	3	4629
2016	44147	Mazaleón	9	15369
2016	44148	Mezquita de Jarque	1	1294
2016	44149	Mirambel	2	1339
2016	44150	Miravete de la Sierra	1	326
2016	44151	Molinos	3	2902
2016	44153	Monreal del Campo	13	23501
2016	44154	Monroyo	10	10361
2016	44155	Montalbán	7	14929
2016	44156	Monteagudo del Castillo	1	585
2016	44157	Monterde de Albarracín	1	776
2016	44158	Mora de Rubielos	15	17831
2016	44159	Moscardón	1	652
2016	44160	Mosqueruela	7	6671
2016	44161	Muniesa	4	7144
2016	44163	Noguera de Albarracín	1	1699
2016	44165	Nogueruelas	2	2329
2016	44167	Obón	1	540
2016	44168	Odón	1	2034
2016	44169	Ojos Negros	2	3717
2016	44171	Olba	3	2700
2016	44172	Oliete	6	5919
2016	44173	Olmos (Los)	2	2253
2016	44174	Orihuela del Tremedal	5	6019
2016	44175	Orrios	1	1541
2016	44176	Palomar de Arroyos	1	2047
2016	44177	Pancrudo	4	1260
2016	44178	Parras de Castellote (Las)	3	1047
2016	44179	Peñarroya de Tastavins	11	13728
2016	44180	Peracense	1	648
2016	44181	Peralejos	1	967
2016	44182	Perales del Alfambra	2	2677
2016	44183	Pitarque	3	1012
2016	44184	Plou	1	585
2016	44185	Pobo (El)	1	1597
2016	44187	Portellada (La)	3	6907
2016	44189	Pozondón	1	697
2016	44190	Pozuel del Campo	1	666
2016	44191	Puebla de Híjar (La)	19	17506
2016	44192	Puebla de Valverde (La)	7	5625
2016	44193	Puertomingalvo	2	1339
2016	44194	Ráfales	3	3828
2016	44195	Rillo	2	1091
2016	44196	Riodeva	1	1834
2016	44197	Ródenas	1	742
2016	44198	Royuela	1	2486
2016	44199	Rubiales	1	596
2016	44201	Rubielos de Mora	9	7436
2016	44203	Salcedillo	1	146
2016	44204	Saldón	1	304
2016	44205	Samper de Calanda	15	15787
2016	44206	San Agustín	2	1586
2016	44207	San Martín del Río	1	1566
2016	44209	Santa Eulalia	9	12161
2016	44210	Sarrión	12	13129
2016	44211	Segura de los Baños	1	450
2016	44212	Seno	3	763
2016	44215	Terriente	2	2002
2016	44216	Teruel	103	383040
2016	44217	Toril y Masegoso	1	337
2016	44218	Tormón	1	382
2016	44219	Tornos	1	2115
2016	44220	Torralba de los Sisones	1	1413
2016	44221	Torrecilla de Alcañiz	6	7219
2016	44222	Torrecilla del Rebollar	1	1296
2016	44223	Torre de Arcas	2	2331
2016	44224	Torre de las Arcas	1	326
2016	44225	Torre del Compte	4	3943
2016	44226	Torrelacárcel	1	2070
2016	44227	Torre los Negros	1	810
2016	44228	Torremocha de Jiloca	1	1237
2016	44229	Torres de Albarracín	1	2036
2016	44230	Torrevelilla	4	3547
2016	44231	Torrijas	2	506
2016	44232	Torrijo del Campo	2	4401
2016	44234	Tramacastiel	2	844
2016	44235	Tramacastilla	2	1204
2016	44236	Tronchón	2	765
2016	44237	Urrea de Gaén	6	9021
2016	44238	Utrillas	16	34987
2016	44239	Valacloche	1	304
2016	44240	Valbona	2	2171
2016	44241	Valdealgorfa	10	11778
2016	44243	Valdecuenca	1	450
2016	44244	Valdelinares	2	956
2016	44245	Valdeltormo	6	8979
2016	44246	Valderrobres	52	67403
2016	44247	Valjunquera	10	10303
2016	44249	Vallecillo (El)	1	675
2016	44250	Veguillas de la Sierra	1	247
2016	44251	Villafranca del Campo	2	2691
2016	44252	Villahermosa del Campo	1	927
2016	44256	Villanueva del Rebollar de la Sierra	1	574
2016	44257	Villar del Cobo	1	2126
2016	44260	Villarluengo	4	2126
2016	44261	Villarquemado	4	9776
2016	44262	Villarroya de los Pinares	3	1834
2016	44263	Villastar	2	5917
2016	44264	Villel	2	3847
2016	44265	Vinaceite	4	4843
2016	44266	Visiedo	1	1496
2016	44267	Vivel del Río Martín	1	934
2016	44268	Zoma (La)	1	202
2016	50001	Abanto	2	1081
2016	50002	Acered	1	2733
2016	50003	Agón	6	3823
2016	50004	Aguarón	7	9687
2016	50005	Aguilón	3	3398
2016	50006	Ainzón	26	28191
2016	50007	Aladrén	2	696
2016	50008	Alagón	97	128015
2016	50009	Alarba	2	1454
2016	50010	Alberite de San Juan	4	2072
2016	50011	Albeta	5	3576
2016	50012	Alborge	1	1281
2016	50013	Alcalá de Ebro	6	5092
2016	50014	Alcalá de Moncayo	4	3024
2016	50015	Alconchel de Ariza	2	765
2016	50016	Aldehuela de Liestos	1	718
2016	50017	Alfajarín	14	22133
2016	50018	Alfamén	11	19614
2016	50019	Alforque	1	678
2016	50020	Alhama de Aragón	7	10304
2016	50022	Almolda (La)	10	13200
2016	50023	Almonacid de la Cuba	4	2287
2016	50024	Almonacid de la Sierra	7	7130
2016	50025	Almunia de Doña Godina (La)	48	74908
2016	50026	Alpartir	8	5501
2016	50027	Ambel	5	6314
2016	50028	Anento	1	1322
2016	50029	Aniñón	4	7281
2016	50030	Añón de Moncayo	2	3349
2016	50031	Aranda de Moncayo	2	1636
2016	50032	Arándiga	2	3253
2016	50033	Ardisa	1	858
2016	50034	Ariza	6	11443
2016	50035	Artieda	2	2679
2016	50036	Asín	1	1205
2016	50037	Atea	2	1411
2016	50038	Ateca	7	18829
2016	50039	Azuara	11	5435
2016	50040	Badules	1	1196
2016	50041	Bagüés	1	151
2016	50042	Balconchán	1	164
2016	50043	Bárboles	4	6205
2016	50044	Bardallur	4	2751
2016	50045	Belchite	26	14008
2016	50046	Belmonte de Gracián	2	2019
2016	50047	Berdejo	1	507
2016	50048	Berrueco	1	466
2016	50050	Bijuesca	1	957
2016	50051	Biota	5	11611
2016	50052	Bisimbre	3	2392
2016	50053	Boquiñeni	9	15897
2016	50054	Bordalba	1	593
2016	50055	Borja	91	121595
2016	50056	Botorrita	4	5099
2016	50057	Brea de Aragón	12	15035
2016	50058	Bubierca	1	727
2016	50059	Bujaraloz	26	22438
2016	50060	Bulbuente	9	5821
2016	50061	Bureta	10	6240
2016	50062	Burgo de Ebro (El)	23	23812
2016	50063	Buste (El)	1	1073
2016	50064	Cabañas de Ebro	11	9618
2016	50065	Cabolafuente	1	364
2016	50066	Cadrete	17	37947
2016	50067	Calatayud	68	188713
2016	50068	Calatorao	18	27934
2016	50069	Calcena	2	691
2016	50070	Calmarza	1	737
2016	50071	Campillo de Aragón	2	1349
2016	50072	Carenas	3	1646
2016	50073	Cariñena	25	45343
2016	50074	Caspe	34	78761
2016	50075	Castejón de Alarba	1	909
2016	50076	Castejón de las Armas	1	966
2016	50077	Castejón de Valdejasa	2	2642
2016	50078	Castiliscar	2	3245
2016	50079	Cervera de la Cañada	2	2976
2016	50080	Cerveruela	1	416
2016	50081	Cetina	2	6171
2016	50082	Cimballa	2	1081
2016	50083	Cinco Olivas	1	1196
2016	50084	Clarés de Ribota	1	765
2016	50085	Codo	4	1740
2016	50086	Codos	2	1770
2016	50087	Contamina	1	344
2016	50088	Cosuenda	8	5298
2016	50089	Cuarte de Huerva	47	127907
2016	50090	Cubel	2	2380
2016	50091	Cuerlas (Las)	1	630
2016	50092	Chiprana	2	3975
2016	50093	Chodes	3	1287
2016	50094	Daroca	14	26612
2016	50095	Ejea de los Caballeros	58	194146
2016	50096	Embid de Ariza	1	450
2016	50098	Encinacorba	3	2970
2016	50099	Épila	21	44330
2016	50100	Erla	2	4299
2016	50101	Escatrón	5	11476
2016	50102	Fabara	5	9794
2016	50104	Farlete	6	9215
2016	50105	Fayón	2	2834
2016	50106	Fayos (Los)	3	2455
2016	50107	Figueruelas	23	22431
2016	50108	Fombuena	1	642
2016	50109	Frago (El)	1	1205
2016	50110	Frasno (El)	3	3971
2016	50111	Fréscano	7	5056
2016	50113	Fuendejalón	16	20545
2016	50114	Fuendetodos	3	1291
2016	50115	Fuentes de Ebro	54	65368
2016	50116	Fuentes de Jiloca	2	2095
2016	50117	Gallocanta	2	2015
2016	50118	Gallur	48	49187
2016	50119	Gelsa	7	11508
2016	50120	Godojos	1	335
2016	50121	Gotor	4	2921
2016	50122	Grisel	1	1203
2016	50123	Grisén	9	11973
2016	50124	Herrera de los Navarros	4	6927
2016	50125	Ibdes	2	4353
2016	50126	Illueca	27	27454
2016	50128	Isuerre	1	406
2016	50129	Jaraba	3	3100
2016	50130	Jarque de Moncayo	6	4137
2016	50131	Jaulín	2	2739
2016	50132	Joyosa (La)	16	19018
2016	50133	Lagata	3	1112
2016	50134	Langa del Castillo	2	1725
2016	50135	Layana	1	1321
2016	50136	Lécera	13	6538
2016	50137	Leciñena	10	27157
2016	50138	Lechón	1	705
2016	50139	Letux	6	3220
2016	50140	Litago	4	2829
2016	50141	Lituénigo	3	1999
2016	50142	Lobera de Onsella	1	487
2016	50143	Longares	8	11332
2016	50144	Longás	1	417
2016	50146	Lucena de Jalón	3	2360
2016	50147	Luceni	15	18361
2016	50148	Luesia	3	3870
2016	50149	Luesma	1	542
2016	50150	Lumpiaque	8	8642
2016	50151	Luna	4	8761
2016	50152	Maella	8	15589
2016	50153	Magallón	40	28956
2016	50154	Mainar	2	1914
2016	50155	Malanquilla	1	1081
2016	50156	Maleján	10	6585
2016	50157	Malón	8	5836
2016	50159	Maluenda	3	9893
2016	50160	Mallén	47	81195
2016	50161	Manchones	1	1637
2016	50162	Mara	2	1741
2016	50163	María de Huerva	20	57153
2016	50165	Mequinenza	10	38720
2016	50166	Mesones de Isuela	3	2545
2016	50167	Mezalocha	2	3144
2016	50168	Mianos	1	1025
2016	50169	Miedes de Aragón	2	4583
2016	50170	Monegrillo	9	9594
2016	50171	Moneva	2	1004
2016	50172	Monreal de Ariza	2	2124
2016	50173	Monterde	2	2660
2016	50174	Montón	2	1005
2016	50175	Morata de Jalón	10	11743
2016	50176	Morata de Jiloca	2	2449
2016	50177	Morés	3	3464
2016	50178	Moros	2	3798
2016	50179	Moyuela	5	2511
2016	50180	Mozota	2	1275
2016	50181	Muel	15	17862
2016	50182	Muela (La)	27	35700
2016	50183	Munébrega	3	3875
2016	50184	Murero	1	1650
2016	50185	Murillo de Gállego	6	5502
2016	50186	Navardún	1	475
2016	50187	Nigüella	1	746
2016	50188	Nombrevilla	1	428
2016	50189	Nonaspe	4	8046
2016	50190	Novallas	14	14842
2016	50191	Novillas	16	14256
2016	50192	Nuévalos	3	3129
2016	50193	Nuez de Ebro	14	8068
2016	50194	Olvés	1	1119
2016	50195	Orcajo	1	705
2016	50196	Orera	1	1215
2016	50197	Orés	1	1298
2016	50198	Oseja	1	534
2016	50199	Osera de Ebro	4	3975
2016	50200	Paniza	8	9245
2016	50201	Paracuellos de Jiloca	2	5645
2016	50202	Paracuellos de la Ribera	1	1607
2016	50203	Pastriz	13	12502
2016	50204	Pedrola	48	64975
2016	50205	Pedrosas (Las)	1	1240
2016	50206	Perdiguera	14	13289
2016	50207	Piedratajada	1	1321
2016	50208	Pina de Ebro	12	26838
2016	50209	Pinseque	48	65814
2016	50210	Pintanos (Los)	2	510
2016	50211	Plasencia de Jalón	3	3336
2016	50212	Pleitas	1	821
2016	50213	Plenas	3	995
2016	50214	Pomer	1	280
2016	50215	Pozuel de Ariza	1	230
2016	50216	Pozuelo de Aragón	10	7103
2016	50217	Pradilla de Ebro	6	10221
2016	50218	Puebla de Albortón	2	1112
2016	50219	Puebla de Alfindén (La)	22	58096
2016	50220	Puendeluna	1	591
2016	50221	Purujosa	1	324
2016	50222	Quinto	9	21385
2016	50223	Remolinos	14	20861
2016	50224	Retascón	1	995
2016	50225	Ricla	13	30451
2016	50227	Romanos	2	1398
2016	50228	Rueda de Jalón	3	3238
2016	50229	Ruesca	1	698
2016	50230	Sádaba	8	16270
2016	50231	Salillas de Jalón	3	3160
2016	50232	Salvatierra de Esca	8	7111
2016	50233	Samper del Salz	2	1103
2016	50234	San Martín de la Virgen de Moncayo	3	4535
2016	50235	San Mateo de Gállego	23	29416
2016	50236	Santa Cruz de Grío	3	1317
2016	50237	Santa Cruz de Moncayo	3	2211
2016	50238	Santa Eulalia de Gállego	1	3638
2016	50239	Santed	1	831
2016	50240	Sástago	7	12884
2016	50241	Saviñán	5	7109
2016	50242	Sediles	1	1005
2016	50243	Sestrica	4	3516
2016	50244	Sierra de Luna	2	3094
2016	50245	Sigüés	4	3407
2016	50246	Sisamón	1	344
2016	50247	Sobradiel	14	19657
2016	50248	Sos del Rey Católico	4	7115
2016	50249	Tabuenca	12	8682
2016	50250	Talamantes	5	1431
2016	50251	Tarazona	59	180520
2016	50252	Tauste	25	80432
2016	50253	Terrer	2	4975
2016	50254	Tierga	2	1749
2016	50255	Tobed	2	2325
2016	50256	Torralba de los Frailes	1	1083
2016	50257	Torralba de Ribota	2	1780
2016	50258	Torralbilla	1	793
2016	50259	Torrehermosa	1	660
2016	50260	Torrelapaja	1	335
2016	50261	Torrellas	8	4373
2016	50262	Torres de Berrellén	20	27213
2016	50263	Torrijo de la Cañada	2	2344
2016	50264	Tosos	4	2743
2016	50265	Trasmoz	1	1284
2016	50266	Trasobares	1	1120
2016	50267	Uncastillo	3	7926
2016	50268	Undués de Lerda	1	707
2016	50269	Urrea de Jalón	3	3882
2016	50270	Urriés	1	429
2016	50271	Used	4	3627
2016	50272	Utebo	66	256720
2016	50273	Valdehorna	1	378
2016	50274	Val de San Martín	1	882
2016	50275	Valmadrid	3	1148
2016	50276	Valpalmas	1	1645
2016	50277	Valtorres	1	631
2016	50278	Velilla de Ebro	3	2647
2016	50279	Velilla de Jiloca	2	1148
2016	50280	Vera de Moncayo	11	6307
2016	50281	Vierlas	2	1561
2016	50282	Vilueña (La)	1	1062
2016	50283	Villadoz	5	1134
2016	50284	Villafeliche	2	1866
2016	50285	Villafranca de Ebro	5	8166
2016	50286	Villalba de Perejil	1	938
2016	50287	Villalengua	2	3330
2016	50288	Villanueva de Gállego	26	44486
2016	50289	Villanueva de Jiloca	2	718
2016	50290	Villanueva de Huerva	6	6569
2016	50291	Villar de los Navarros	1	1423
2016	50292	Villarreal de Huerva	3	3111
2016	50293	Villarroya de la Sierra	3	4813
2016	50294	Villarroya del Campo	1	1008
2016	50295	Vistabella	3	602
2016	50296	Zaida (La)	4	5008
2016	50297	Zaragoza	1828	11707183
2016	50298	Zuera	49	75397
2016	50901	Biel	2	1715
2016	50902	Marracos	1	1089
2016	50903	Villamayor de Gállego	42	44440
2017	22001	Abiego	2	2828
2017	22002	Abizanda	2	3870
2017	22003	Adahuesca	2	1901
2017	22004	Agüero	2	6423
2017	22006	Aísa	11	10788
2017	22007	Albalate de Cinca	13	20236
2017	22008	Albalatillo	9	4477
2017	22009	Albelda	13	16265
2017	22011	Albero Alto	1	5193
2017	22012	Albero Bajo	5	3129
2017	22013	Alberuela de Tubo	9	7195
2017	22014	Alcalá de Gurrea	4	8318
2017	22015	Alcalá del Obispo	5	15487
2017	22016	Alcampell	17	15003
2017	22017	Alcolea de Cinca	17	20430
2017	22018	Alcubierre	11	8794
2017	22019	Alerre	2	6410
2017	22020	Alfántega	2	2311
2017	22021	Almudévar	27	77297
2017	22022	Almunia de San Juan	10	11856
2017	22023	Almuniente	16	11443
2017	22024	Alquézar	5	3423
2017	22025	Altorricón	20	32441
2017	22027	Angüés	5	17765
2017	22028	Ansó	10	12883
2017	22029	Antillón	1	7060
2017	22032	Aragüés del Puerto	2	3596
2017	22035	Arén	16	10695
2017	22036	Argavieso	1	4601
2017	22037	Arguis	4	3815
2017	22039	Ayerbe	16	34396
2017	22040	Azanuy-Alins	8	3718
2017	22041	Azara	1	2141
2017	22042	Azlor	1	1569
2017	22043	Baells	4	2324
2017	22044	Bailo	7	8974
2017	22045	Baldellou	1	2014
2017	22046	Ballobar	7	13608
2017	22047	Banastás	2	9287
2017	22048	Barbastro	41	194200
2017	22049	Barbués	2	1896
2017	22050	Barbuñales	1	1088
2017	22051	Bárcabo	5	3080
2017	22052	Belver de Cinca	7	21344
2017	22053	Benabarre	26	37015
2017	22054	Benasque	55	68199
2017	22055	Berbegal	2	4156
2017	22057	Bielsa	6	13164
2017	22058	Bierge	5	2874
2017	22059	Biescas	48	45966
2017	22060	Binaced	19	26958
2017	22061	Binéfar	128	227528
2017	22062	Bisaurri	6	6164
2017	22063	Biscarrués	4	6097
2017	22064	Blecua y Torres	2	9201
2017	22066	Boltaña	13	26137
2017	22067	Bonansa	2	2665
2017	22068	Borau	1	2845
2017	22069	Broto	8	14499
2017	22072	Caldearenas	11	7125
2017	22074	Campo	16	12161
2017	22075	Camporrells	4	3054
2017	22076	Canal de Berdún	9	11288
2017	22077	Candasnos	6	5245
2017	22078	Canfranc	15	16979
2017	22079	Capdesaso	3	3837
2017	22080	Capella	8	12127
2017	22081	Casbas de Huesca	4	13346
2017	22082	Castejón del Puente	2	3721
2017	22083	Castejón de Monegros	9	12403
2017	22084	Castejón de Sos	25	24654
2017	22085	Castelflorite	4	2604
2017	22086	Castiello de Jaca	7	7974
2017	22087	Castigaleu	1	2965
2017	22088	Castillazuelo	1	2015
2017	22089	Castillonroy	7	7391
2017	22090	Colungo	1	1466
2017	22094	Chalamera	1	1781
2017	22095	Chía	2	2832
2017	22096	Chimillas	5	11601
2017	22099	Esplús	11	13543
2017	22102	Estada	1	2347
2017	22103	Estadilla	2	9251
2017	22105	Estopiñán del Castillo	7	4731
2017	22106	Fago	1	688
2017	22107	Fanlo	1	2916
2017	22109	Fiscal	4	9212
2017	22110	Fonz	14	16196
2017	22111	Foradada del Toscar	7	6097
2017	22112	Fraga	68	246177
2017	22113	Fueva (La)	2	16652
2017	22114	Gistaín	1	3734
2017	22115	Grado (El)	2	4843
2017	22116	Grañén	54	41205
2017	22117	Graus	89	110911
2017	22119	Gurrea de Gállego	22	47310
2017	22122	Hoz de Jaca	3	2251
2017	22124	Huerto	9	5253
2017	22125	Huesca	464	1690385
2017	22126	Ibieca	1	4555
2017	22127	Igriés	7	22232
2017	22128	Ilche	1	2416
2017	22129	Isábena	11	8862
2017	22130	Jaca	74	341560
2017	22131	Jasa	4	3064
2017	22133	Labuerda	3	4306
2017	22135	Laluenga	2	2416
2017	22136	Lalueza	27	22247
2017	22137	Lanaja	16	28117
2017	22139	Laperdiguera	1	1053
2017	22141	Lascellas-Ponzano	2	1523
2017	22142	Lascuarre	4	4531
2017	22143	Laspaúles	11	8862
2017	22144	Laspuña	2	7468
2017	22149	Loarre	7	15351
2017	22150	Loporzano	5	24415
2017	22151	Loscorrales	1	4646
2017	22155	Monesma y Cajigar	1	2799
2017	22156	Monflorite-Lascasas	4	12399
2017	22157	Montanuy	31	7430
2017	22158	Monzón	57	214625
2017	22160	Naval	1	3023
2017	22162	Novales	2	8062
2017	22163	Nueno	7	18320
2017	22164	Olvena	1	515
2017	22165	Ontiñena	3	9237
2017	22167	Osso de Cinca	4	12024
2017	22168	Palo	1	654
2017	22170	Panticosa	37	24202
2017	22172	Peñalba	15	15714
2017	22173	Peñas de Riglos (Las)	12	11752
2017	22174	Peralta de Alcofea	2	6721
2017	22175	Peralta de Calasanz	8	5045
2017	22176	Peraltilla	1	2256
2017	22177	Perarrúa	3	3765
2017	22178	Pertusa	2	5238
2017	22181	Piracés	1	4692
2017	22182	Plan	3	8149
2017	22184	Poleñino	13	4774
2017	22186	Pozán de Vero	1	2336
2017	22187	Puebla de Castro (La)	7	12627
2017	22188	Puente de Montañana	5	3432
2017	22189	Puértolas	2	5805
2017	22190	Pueyo de Araguás (El)	1	4252
2017	22193	Pueyo de Santa Cruz	4	5593
2017	22195	Quicena	4	10445
2017	22197	Robres	13	12996
2017	22199	Sabiñánigo	163	292334
2017	22200	Sahún	10	10095
2017	22201	Salas Altas	2	3549
2017	22202	Salas Bajas	1	1935
2017	22203	Salillas	1	4464
2017	22204	Sallent de Gállego	70	45684
2017	22205	San Esteban de Litera	6	11020
2017	22206	Sangarrén	6	5071
2017	22207	San Juan de Plan	2	3925
2017	22208	Santa Cilia	6	6848
2017	22209	Santa Cruz de la Serós	5	5816
2017	22212	Santaliestra y San Quílez	3	3165
2017	22213	Sariñena	120	95657
2017	22214	Secastilla	5	4864
2017	22215	Seira	8	4831
2017	22217	Sena	12	11580
2017	22218	Senés de Alcubierre	2	1028
2017	22220	Sesa	2	8199
2017	22221	Sesué	5	3432
2017	22222	Siétamo	9	24176
2017	22223	Sopeira	5	3165
2017	22225	Tamarite de Litera	47	77606
2017	22226	Tardienta	37	22041
2017	22227	Tella-Sin	2	6623
2017	22228	Tierz	7	23233
2017	22229	Tolva	5	4464
2017	22230	Torla-Ordesa	8	8312
2017	22232	Torralba de Aragón	6	2444
2017	22233	Torre la Ribera	11	3432
2017	22234	Torrente de Cinca	8	19084
2017	22235	Torres de Alcanadre	2	1122
2017	22236	Torres de Barbués	12	6418
2017	22239	Tramaced	1	5147
2017	22242	Valfarta	2	1599
2017	22243	Valle de Bardají	4	1133
2017	22244	Valle de Lierp	5	1732
2017	22245	Velilla de Cinca	2	7290
2017	22246	Beranuy	4	2932
2017	22247	Viacamp y Litera	3	1466
2017	22248	Vicién	1	5512
2017	22249	Villanova	6	5397
2017	22250	Villanúa	14	13790
2017	22251	Villanueva de Sigena	12	9639
2017	22252	Yebra de Basa	2	4378
2017	22253	Yésero	1	1782
2017	22254	Zaidín	11	29409
2017	22901	Valle de Hecho	15	27486
2017	22902	Puente la Reina de Jaca	6	8505
2017	22903	San Miguel del Cinca	11	14573
2017	22904	Sotonera (La)	10	43501
2017	22905	Lupiñén-Ortilla	7	10631
2017	22906	Santa María de Dulcis	2	2588
2017	22907	Aínsa-Sobrarbe	20	59223
2017	22908	Hoz y Costeán	1	2485
2017	22909	Vencillón	9	9161
2017	44001	Ababuj	1	840
2017	44002	Abejuela	2	619
2017	44003	Aguatón	1	210
2017	44004	Aguaviva	7	9344
2017	44005	Aguilar del Alfambra	1	707
2017	44006	Alacón	6	3833
2017	44007	Alba	1	2165
2017	44008	Albalate del Arzobispo	29	41352
2017	44009	Albarracín	6	11644
2017	44010	Albentosa	2	2950
2017	44011	Alcaine	1	773
2017	44012	Alcalá de la Selva	6	4397
2017	44013	Alcañiz	50	217500
2017	44014	Alcorisa	37	56505
2017	44016	Alfambra	5	6275
2017	44017	Aliaga	5	3845
2017	44018	Almohaja	1	210
2017	44019	Alobras	1	696
2017	44020	Alpeñés	1	254
2017	44021	Allepuz	2	1414
2017	44022	Alloza	9	8270
2017	44024	Anadón	1	298
2017	44025	Andorra	66	108185
2017	44026	Arcos de las Salinas	2	1171
2017	44027	Arens de Lledó	3	6229
2017	44028	Argente	1	2287
2017	44029	Ariño	15	10139
2017	44031	Azaila	6	2188
2017	44033	Báguena	1	2869
2017	44034	Bañón	1	1435
2017	44035	Barrachina	1	1171
2017	44037	Beceite	12	16483
2017	44038	Belmonte de San José	4	2022
2017	44039	Bello	1	2225
2017	44040	Berge	3	4213
2017	44041	Bezas	1	718
2017	44043	Blesa	1	1116
2017	44044	Bordón	2	1259
2017	44045	Bronchales	4	4607
2017	44047	Burbáguena	3	2306
2017	44048	Cabra de Mora	2	751
2017	44049	Calaceite	18	30527
2017	44050	Calamocha	20	39660
2017	44051	Calanda	47	65340
2017	44052	Calomarde	1	884
2017	44053	Camañas	1	1436
2017	44055	Camarillas	1	1038
2017	44056	Caminreal	6	5784
2017	44059	Cantavieja	7	7866
2017	44060	Cañada de Benatanduz	1	453
2017	44061	Cañada de Verich (La)	2	1597
2017	44062	Cañada Vellida	1	387
2017	44063	Cañizar del Olivar	1	1038
2017	44064	Cascante del Río	1	818
2017	44066	Castel de Cabra	1	1326
2017	44067	Castelnou	4	2828
2017	44068	Castelserás	13	14050
2017	44070	Castellar (El)	2	619
2017	44071	Castellote	15	7800
2017	44074	Cedrillas	7	6838
2017	44075	Celadas	3	4452
2017	44076	Cella	13	29530
2017	44077	Cerollera (La)	4	1631
2017	44080	Codoñera (La)	7	6252
2017	44082	Corbalán	1	1204
2017	44084	Cortes de Aragón	1	696
2017	44086	Cretas	13	16277
2017	44087	Crivillén	5	975
2017	44088	Cuba (La)	2	420
2017	44089	Cubla	1	574
2017	44090	Cucalón	1	872
2017	44092	Cuervo (El)	1	983
2017	44093	Cuevas de Almudén	1	1558
2017	44094	Cuevas Labradas	1	1403
2017	44096	Ejulve	6	2596
2017	44097	Escorihuela	1	1679
2017	44099	Escucha	6	10539
2017	44100	Estercuel	6	3256
2017	44101	Ferreruela de Huerva	1	608
2017	44103	Formiche Alto	2	1812
2017	44105	Fórnoles	2	2527
2017	44106	Fortanete	2	2254
2017	44107	Foz-Calanda	3	4485
2017	44108	Fresneda (La)	9	13809
2017	44109	Frías de Albarracín	1	1436
2017	44110	Fuenferrada	1	619
2017	44111	Fuentes Calientes	1	1160
2017	44112	Fuentes Claras	2	4485
2017	44113	Fuentes de Rubielos	2	1259
2017	44114	Fuentespalda	6	8550
2017	44115	Galve	2	1757
2017	44116	Gargallo	8	1401
2017	44117	Gea de Albarracín	5	4132
2017	44118	Ginebrosa (La)	5	3381
2017	44119	Griegos	1	1768
2017	44120	Guadalaviar	2	2707
2017	44121	Gúdar	1	806
2017	44122	Híjar	34	35592
2017	44123	Hinojosa de Jarque	2	1447
2017	44124	Hoz de la Vieja (La)	1	873
2017	44125	Huesa del Común	1	762
2017	44126	Iglesuela del Cid (La)	5	4684
2017	44127	Jabaloyas	3	851
2017	44128	Jarque de la Val	1	818
2017	44129	Jatiel	3	867
2017	44130	Jorcas	1	420
2017	44131	Josa	1	376
2017	44135	Libros	1	1248
2017	44136	Lidón	1	608
2017	44137	Linares de Mora	2	2950
2017	44138	Loscos	1	1253
2017	44141	Lledó	5	4789
2017	44142	Maicas	1	387
2017	44143	Manzanera	9	5546
2017	44144	Martín del Río	4	4739
2017	44145	Mas de las Matas	16	22120
2017	44146	Mata de los Olmos (La)	4	4468
2017	44147	Mazaleón	9	15866
2017	44148	Mezquita de Jarque	1	1204
2017	44149	Mirambel	2	1348
2017	44150	Miravete de la Sierra	1	309
2017	44151	Molinos	3	2773
2017	44153	Monreal del Campo	13	22935
2017	44154	Monroyo	10	9931
2017	44155	Montalbán	7	14152
2017	44156	Monteagudo del Castillo	1	574
2017	44157	Monterde de Albarracín	1	729
2017	44158	Mora de Rubielos	15	17389
2017	44159	Moscardón	1	619
2017	44160	Mosqueruela	7	6419
2017	44161	Muniesa	4	6949
2017	44163	Noguera de Albarracín	1	1613
2017	44165	Nogueruelas	2	2364
2017	44167	Obón	1	486
2017	44168	Odón	1	2043
2017	44169	Ojos Negros	2	3677
2017	44171	Olba	3	2541
2017	44172	Oliete	6	5014
2017	44173	Olmos (Los)	3	2158
2017	44174	Orihuela del Tremedal	5	5568
2017	44175	Orrios	1	1469
2017	44176	Palomar de Arroyos	1	1922
2017	44177	Pancrudo	4	1282
2017	44178	Parras de Castellote (Las)	3	968
2017	44179	Peñarroya de Tastavins	11	13662
2017	44180	Peracense	1	681
2017	44181	Peralejos	1	950
2017	44182	Perales del Alfambra	2	2508
2017	44183	Pitarque	3	1005
2017	44184	Plou	1	541
2017	44185	Pobo (El)	1	1458
2017	44187	Portellada (La)	3	7052
2017	44189	Pozondón	1	663
2017	44190	Pozuel del Campo	1	654
2017	44191	Puebla de Híjar (La)	19	19200
2017	44192	Puebla de Valverde (La)	7	5082
2017	44193	Puertomingalvo	2	1237
2017	44194	Ráfales	3	4055
2017	44195	Rillo	2	1016
2017	44196	Riodeva	1	1668
2017	44197	Ródenas	1	707
2017	44198	Royuela	1	2375
2017	44199	Rubiales	1	552
2017	44201	Rubielos de Mora	9	7269
2017	44203	Salcedillo	1	188
2017	44204	Saldón	1	287
2017	44205	Samper de Calanda	15	17445
2017	44206	San Agustín	2	1458
2017	44207	San Martín del Río	1	1480
2017	44209	Santa Eulalia	9	11699
2017	44210	Sarrión	12	12428
2017	44211	Segura de los Baños	1	486
2017	44212	Seno	3	697
2017	44215	Terriente	2	1911
2017	44216	Teruel	103	378250
2017	44217	Toril y Masegoso	1	331
2017	44218	Tormón	1	376
2017	44219	Tornos	1	2070
2017	44220	Torralba de los Sisones	1	1480
2017	44221	Torrecilla de Alcañiz	7	7203
2017	44222	Torrecilla del Rebollar	1	1244
2017	44223	Torre de Arcas	2	2380
2017	44224	Torre de las Arcas	1	320
2017	44225	Torre del Compte	4	3790
2017	44226	Torrelacárcel	1	1944
2017	44227	Torre los Negros	1	790
2017	44228	Torremocha de Jiloca	1	1215
2017	44229	Torres de Albarracín	1	1978
2017	44230	Torrevelilla	4	3449
2017	44231	Torrijas	2	497
2017	44232	Torrijo del Campo	2	4195
2017	44234	Tramacastiel	2	729
2017	44235	Tramacastilla	2	1193
2017	44236	Tronchón	2	740
2017	44237	Urrea de Gaén	6	9806
2017	44238	Utrillas	16	33761
2017	44239	Valacloche	1	254
2017	44240	Valbona	2	2055
2017	44241	Valdealgorfa	11	10958
2017	44243	Valdecuenca	1	376
2017	44244	Valdelinares	2	994
2017	44245	Valdeltormo	6	8697
2017	44246	Valderrobres	52	67900
2017	44247	Valjunquera	10	10665
2017	44249	Vallecillo (El)	1	652
2017	44250	Veguillas de la Sierra	1	210
2017	44251	Villafranca del Campo	2	2724
2017	44252	Villahermosa del Campo	1	899
2017	44256	Villanueva del Rebollar de la Sierra	1	541
2017	44257	Villar del Cobo	1	2077
2017	44260	Villarluengo	4	1944
2017	44261	Villarquemado	4	9534
2017	44262	Villarroya de los Pinares	3	1768
2017	44263	Villastar	2	5557
2017	44264	Villel	2	3734
2017	44265	Vinaceite	4	5409
2017	44266	Visiedo	1	1525
2017	44267	Vivel del Río Martín	1	862
2017	44268	Zoma (La)	1	177
2017	50001	Abanto	2	1188
2017	50002	Acered	1	3409
2017	50003	Agón	6	3607
2017	50004	Aguarón	7	10887
2017	50005	Aguilón	3	3920
2017	50006	Ainzón	28	26438
2017	50007	Aladrén	2	762
2017	50008	Alagón	99	126309
2017	50009	Alarba	2	1535
2017	50010	Alberite de San Juan	4	1862
2017	50011	Albeta	5	3235
2017	50012	Alborge	1	1160
2017	50013	Alcalá de Ebro	6	4715
2017	50014	Alcalá de Moncayo	4	5672
2017	50015	Alconchel de Ariza	2	852
2017	50016	Aldehuela de Liestos	1	810
2017	50017	Alfajarín	14	119300
2017	50018	Alfamén	11	23265
2017	50019	Alforque	1	606
2017	50020	Alhama de Aragón	7	11589
2017	50021	Almochuel	1	560
2017	50022	Almolda (La)	10	13270
2017	50023	Almonacid de la Cuba	4	2647
2017	50024	Almonacid de la Sierra	7	5844
2017	50025	Almunia de Doña Godina (La)	48	63947
2017	50026	Alpartir	8	4547
2017	50027	Ambel	5	5958
2017	50028	Anento	1	1544
2017	50029	Aniñón	4	8294
2017	50030	Añón de Moncayo	2	6385
2017	50031	Aranda de Moncayo	2	1516
2017	50032	Arándiga	2	3553
2017	50033	Ardisa	1	868
2017	50034	Ariza	6	12765
2017	50035	Artieda	2	2470
2017	50036	Asín	1	1278
2017	50037	Atea	2	2003
2017	50038	Ateca	7	20801
2017	50039	Azuara	11	5842
2017	50040	Badules	1	1345
2017	50041	Bagüés	1	145
2017	50042	Balconchán	1	214
2017	50043	Bárboles	4	5845
2017	50044	Bardallur	4	2261
2017	50045	Belchite	34	15812
2017	50046	Belmonte de Gracián	2	2365
2017	50047	Berdejo	1	583
2017	50048	Berrueco	1	535
2017	50050	Bijuesca	1	1110
2017	50051	Biota	5	11705
2017	50052	Bisimbre	3	2374
2017	50053	Boquiñeni	9	15275
2017	50054	Bordalba	1	661
2017	50055	Borja	98	115318
2017	50056	Botorrita	4	5002
2017	50057	Brea de Aragón	12	13810
2017	50058	Bubierca	1	773
2017	50059	Bujaraloz	32	22749
2017	50060	Bulbuente	9	5283
2017	50061	Bureta	10	5516
2017	50062	Burgo de Ebro (El)	23	21996
2017	50063	Buste (El)	1	2074
2017	50064	Cabañas de Ebro	12	9108
2017	50065	Cabolafuente	1	392
2017	50066	Cadrete	17	37384
2017	50067	Calatayud	68	226293
2017	50068	Calatorao	18	23519
2017	50069	Calcena	2	587
2017	50070	Calmarza	1	796
2017	50071	Campillo de Aragón	2	1591
2017	50072	Carenas	3	1928
2017	50073	Cariñena	25	53704
2017	50074	Caspe	34	76191
2017	50075	Castejón de Alarba	1	953
2017	50076	Castejón de las Armas	1	1020
2017	50077	Castejón de Valdejasa	2	2724
2017	50078	Castiliscar	2	3183
2017	50079	Cervera de la Cañada	2	3418
2017	50080	Cerveruela	1	520
2017	50081	Cetina	2	6893
2017	50082	Cimballa	2	1222
2017	50083	Cinco Olivas	1	1149
2017	50084	Clarés de Ribota	1	897
2017	50085	Codo	4	1846
2017	50086	Codos	2	2533
2017	50087	Contamina	1	392
2017	50088	Cosuenda	8	6094
2017	50089	Cuarte de Huerva	47	128681
2017	50090	Cubel	2	2675
2017	50091	Cuerlas (Las)	1	673
2017	50092	Chiprana	2	3858
2017	50093	Chodes	3	1039
2017	50094	Daroca	14	31903
2017	50095	Ejea de los Caballeros	62	199402
2017	50096	Embid de Ariza	1	460
2017	50098	Encinacorba	3	3253
2017	50099	Épila	21	37011
2017	50100	Erla	3	4388
2017	50101	Escatrón	5	11171
2017	50102	Fabara	5	9458
2017	50104	Farlete	7	9228
2017	50105	Fayón	2	2828
2017	50106	Fayos (Los)	3	4764
2017	50107	Figueruelas	23	21837
2017	50108	Fombuena	1	825
2017	50109	Frago (El)	1	1218
2017	50110	Frasno (El)	3	4472
2017	50111	Fréscano	7	4678
2017	50113	Fuendejalón	23	18293
2017	50114	Fuendetodos	3	1278
2017	50115	Fuentes de Ebro	54	70620
2017	50116	Fuentes de Jiloca	2	3015
2017	50117	Gallocanta	2	2324
2017	50118	Gallur	49	47153
2017	50119	Gelsa	7	11474
2017	50120	Godojos	1	594
2017	50121	Gotor	4	2658
2017	50122	Grisel	1	2301
2017	50123	Grisén	9	11152
2017	50124	Herrera de los Navarros	4	8194
2017	50125	Ibdes	2	4808
2017	50126	Illueca	27	25345
2017	50128	Isuerre	1	386
2017	50129	Jaraba	3	3530
2017	50130	Jarque de Moncayo	6	3726
2017	50131	Jaulín	2	2598
2017	50132	Joyosa (La)	17	18503
2017	50133	Lagata	3	1278
2017	50134	Langa del Castillo	2	2048
2017	50135	Layana	1	1218
2017	50136	Lécera	13	7363
2017	50137	Leciñena	11	27752
2017	50138	Lechón	1	780
2017	50139	Letux	6	3550
2017	50140	Litago	4	5542
2017	50141	Lituénigo	3	3824
2017	50142	Lobera de Onsella	1	386
2017	50143	Longares	8	12521
2017	50144	Longás	1	422
2017	50146	Lucena de Jalón	3	1904
2017	50147	Luceni	16	17732
2017	50148	Luesia	3	3882
2017	50149	Luesma	1	535
2017	50150	Lumpiaque	8	7208
2017	50151	Luna	4	8836
2017	50152	Maella	8	15737
2017	50153	Magallón	40	26927
2017	50154	Mainar	2	2247
2017	50155	Malanquilla	1	1199
2017	50156	Maleján	10	5911
2017	50157	Malón	8	11376
2017	50159	Maluenda	3	11084
2017	50160	Mallén	47	74171
2017	50161	Manchones	1	1834
2017	50162	Mara	2	2141
2017	50163	María de Huerva	20	56767
2017	50164	Mediana de Aragón	9	4057
2017	50165	Mequinenza	10	38201
2017	50166	Mesones de Isuela	3	2331
2017	50167	Mezalocha	2	4031
2017	50168	Mianos	1	876
2017	50169	Miedes de Aragón	2	5234
2017	50170	Monegrillo	11	9547
2017	50171	Moneva	2	1126
2017	50172	Monreal de Ariza	2	2398
2017	50173	Monterde	2	2219
2017	50174	Montón	2	1154
2017	50175	Morata de Jalón	10	9785
2017	50176	Morata de Jiloca	2	3048
2017	50177	Morés	3	3911
2017	50178	Moros	2	4293
2017	50179	Moyuela	5	2688
2017	50180	Mozota	2	1268
2017	50181	Muel	15	20821
2017	50182	Muela (La)	27	42315
2017	50183	Munébrega	3	4595
2017	50184	Murero	1	1972
2017	50185	Murillo de Gállego	7	7652
2017	50186	Navardún	1	506
2017	50187	Nigüella	1	852
2017	50188	Nombrevilla	1	489
2017	50189	Nonaspe	4	7924
2017	50190	Novallas	14	28228
2017	50191	Novillas	16	13033
2017	50192	Nuévalos	3	3755
2017	50193	Nuez de Ebro	14	0
2017	50194	Olvés	1	1345
2017	50195	Orcajo	1	887
2017	50196	Orera	1	1367
2017	50197	Orés	1	1302
2017	50198	Oseja	1	489
2017	50199	Osera de Ebro	4	0
2017	50200	Paniza	8	10680
2017	50201	Paracuellos de Jiloca	2	6624
2017	50202	Paracuellos de la Ribera	1	1816
2017	50203	Pastriz	13	0
2017	50204	Pedrola	49	61854
2017	50205	Pedrosas (Las)	1	1290
2017	50206	Perdiguera	19	13773
2017	50207	Piedratajada	1	1350
2017	50208	Pina de Ebro	12	25529
2017	50209	Pinseque	49	66803
2017	50210	Pintanos (Los)	2	518
2017	50211	Plasencia de Jalón	3	2660
2017	50212	Pleitas	1	789
2017	50213	Plenas	3	1065
2017	50214	Pomer	1	269
2017	50215	Pozuel de Ariza	1	269
2017	50216	Pozuelo de Aragón	10	6563
2017	50217	Pradilla de Ebro	6	9825
2017	50218	Puebla de Albortón	2	1197
2017	50219	Puebla de Alfindén (La)	22	0
2017	50220	Puendeluna	1	530
2017	50221	Purujosa	1	310
2017	50222	Quinto	9	20858
2017	50223	Remolinos	15	19955
2017	50224	Retascón	1	1162
2017	50225	Ricla	13	25165
2017	50227	Romanos	2	1941
2017	50228	Rueda de Jalón	3	2727
2017	50229	Ruesca	1	818
2017	50230	Sádaba	9	16467
2017	50231	Salillas de Jalón	3	2527
2017	50232	Salvatierra de Esca	8	6504
2017	50233	Samper del Salz	2	1187
2017	50234	San Martín de la Virgen de Moncayo	3	9269
2017	50235	San Mateo de Gállego	23	31616
2017	50236	Santa Cruz de Grío	3	1023
2017	50237	Santa Cruz de Moncayo	3	4213
2017	50238	Santa Eulalia de Gállego	1	3189
2017	50239	Santed	1	948
2017	50240	Sástago	7	12362
2017	50241	Saviñán	5	8092
2017	50242	Sediles	1	1143
2017	50243	Sestrica	4	3187
2017	50244	Sierra de Luna	2	3158
2017	50245	Sigüés	4	2908
2017	50246	Sisamón	1	392
2017	50247	Sobradiel	15	19345
2017	50248	Sos del Rey Católico	4	7293
2017	50249	Tabuenca	12	7983
2017	50250	Talamantes	6	1280
2017	50251	Tarazona	59	145780
2017	50252	Tauste	26	83577
2017	50253	Terrer	2	5570
2017	50254	Tierga	2	1606
2017	50255	Tobed	2	2522
2017	50256	Torralba de los Frailes	1	1330
2017	50257	Torralba de Ribota	2	2107
2017	50258	Torralbilla	1	887
2017	50259	Torrehermosa	1	751
2017	50260	Torrelapaja	1	370
2017	50261	Torrellas	8	8037
2017	50262	Torres de Berrellén	20	26481
2017	50263	Torrijo de la Cañada	2	2589
2017	50264	Tosos	4	3095
2017	50265	Trasmoz	1	3111
2017	50266	Trasobares	1	1027
2017	50267	Uncastillo	3	8053
2017	50268	Undués de Lerda	1	699
2017	50269	Urrea de Jalón	3	3359
2017	50270	Urriés	1	482
2017	50271	Used	4	4082
2017	50272	Utebo	66	233940
2017	50273	Valdehorna	1	428
2017	50274	Val de San Martín	1	1070
2017	50275	Valmadrid	3	1237
2017	50276	Valpalmas	1	1772
2017	50277	Valtorres	1	818
2017	50278	Velilla de Ebro	3	2414
2017	50279	Velilla de Jiloca	2	1278
2017	50280	Vera de Moncayo	11	12413
2017	50281	Vierlas	2	2755
2017	50282	Vilueña (La)	1	1121
2017	50283	Villadoz	5	1254
2017	50284	Villafeliche	2	2062
2017	50285	Villafranca de Ebro	5	0
2017	50286	Villalba de Perejil	1	1110
2017	50287	Villalengua	2	3766
2017	50288	Villanueva de Gállego	26	48334
2017	50289	Villanueva de Jiloca	2	871
2017	50290	Villanueva de Huerva	6	7506
2017	50291	Villar de los Navarros	1	1682
2017	50292	Villarreal de Huerva	3	3699
2017	50293	Villarroya de la Sierra	3	5357
2017	50294	Villarroya del Campo	1	1162
2017	50295	Vistabella	3	762
2017	50296	Zaida (La)	4	4817
2017	50297	Zaragoza	1833	11627042
2017	50298	Zuera	49	82430
2017	50901	Biel	2	1724
2017	50902	Marracos	1	1097
2017	50903	Villamayor de Gállego	42	47400