Año	Nº Accidentes	Grupo	Descripción Ocupación	Sexo	Comarca Código	Comarca Nombre
2019,0	2	1	Directores y gerentes	Hombres	01	La Jacetania
2019,0	1	1	Directores y gerentes	Mujeres	01	La Jacetania
2019,0	1	1	Directores y gerentes	Hombres	02	Alto Gállego
2019,0	4	1	Directores y gerentes	Hombres	04	La Ribagorza
2019,0	1	1	Directores y gerentes	Hombres	05	Cinco Villas
2019,0	1	1	Directores y gerentes	Hombres	06	Hoya de Huesca / Plana de Uesca
2019,0	3	1	Directores y gerentes	Mujeres	06	Hoya de Huesca / Plana de Uesca
2019,0	1	1	Directores y gerentes	Hombres	07	Somontano de Barbastro
2019,0	1	1	Directores y gerentes	Hombres	08	Cinca Medio
2019,0	4	1	Directores y gerentes	Hombres	09	La Litera / La Llitera
2019,0	7	1	Directores y gerentes	Hombres	11	Bajo Cinca / Baix Cinca
2019,0	1	1	Directores y gerentes	Mujeres	11	Bajo Cinca / Baix Cinca
2019,0	2	1	Directores y gerentes	Hombres	12	Tarazona y el Moncayo
2019,0	2	1	Directores y gerentes	Hombres	13	Campo de Borja
2019,0	1	1	Directores y gerentes	Mujeres	13	Campo de Borja
2019,0	4	1	Directores y gerentes	Hombres	15	Ribera Alta del Ebro
2019,0	1	1	Directores y gerentes	Mujeres	15	Ribera Alta del Ebro
2019,0	3	1	Directores y gerentes	Hombres	16	Valdejalón
2019,0	73	1	Directores y gerentes	Hombres	17	D.C. Zaragoza
2019,0	35	1	Directores y gerentes	Mujeres	17	D.C. Zaragoza
2019,0	2	1	Directores y gerentes	Hombres	19	Bajo Aragón-Caspe / Baix Aragó-Casp
2019,0	1	1	Directores y gerentes	Mujeres	19	Bajo Aragón-Caspe / Baix Aragó-Casp
2019,0	1	1	Directores y gerentes	Hombres	20	Comunidad de Calatayud
2019,0	1	1	Directores y gerentes	Hombres	21	Campo de Cariñena
2019,0	1	1	Directores y gerentes	Hombres	25	Jiloca
2019,0	1	1	Directores y gerentes	Hombres	26	Cuencas Mineras
2019,0	1	1	Directores y gerentes	Mujeres	26	Cuencas Mineras
2019,0	1	1	Directores y gerentes	Mujeres	28	Bajo Aragón
2019,0	2	1	Directores y gerentes	Hombres	29	Comunidad de Teruel
2019,0	1	1	Directores y gerentes	Mujeres	29	Comunidad de Teruel
2019,0	1	1	Directores y gerentes	Mujeres	30	Maestrazgo
2019,0	1	1	Directores y gerentes	Hombres	NC	Municipio del centro de trabajo fuera de Aragón
2019,0	4	2	Técnicos y profesionales científicos e intelectuales	Hombres	01	La Jacetania
2019,0	6	2	Técnicos y profesionales científicos e intelectuales	Mujeres	01	La Jacetania
2019,0	2	2	Técnicos y profesionales científicos e intelectuales	Hombres	02	Alto Gállego
2019,0	3	2	Técnicos y profesionales científicos e intelectuales	Mujeres	02	Alto Gállego
2019,0	3	2	Técnicos y profesionales científicos e intelectuales	Hombres	03	Sobrarbe
2019,0	1	2	Técnicos y profesionales científicos e intelectuales	Hombres	04	La Ribagorza
2019,0	3	2	Técnicos y profesionales científicos e intelectuales	Mujeres	04	La Ribagorza
2019,0	3	2	Técnicos y profesionales científicos e intelectuales	Hombres	05	Cinco Villas
2019,0	2	2	Técnicos y profesionales científicos e intelectuales	Mujeres	05	Cinco Villas
2019,0	15	2	Técnicos y profesionales científicos e intelectuales	Hombres	06	Hoya de Huesca / Plana de Uesca
2019,0	17	2	Técnicos y profesionales científicos e intelectuales	Mujeres	06	Hoya de Huesca / Plana de Uesca
2019,0	2	2	Técnicos y profesionales científicos e intelectuales	Hombres	07	Somontano de Barbastro
2019,0	4	2	Técnicos y profesionales científicos e intelectuales	Mujeres	07	Somontano de Barbastro
2019,0	3	2	Técnicos y profesionales científicos e intelectuales	Hombres	08	Cinca Medio
2019,0	7	2	Técnicos y profesionales científicos e intelectuales	Mujeres	08	Cinca Medio
2019,0	1	2	Técnicos y profesionales científicos e intelectuales	Hombres	09	La Litera / La Llitera
2019,0	1	2	Técnicos y profesionales científicos e intelectuales	Mujeres	09	La Litera / La Llitera
2019,0	1	2	Técnicos y profesionales científicos e intelectuales	Mujeres	10	Los Monegros
2019,0	1	2	Técnicos y profesionales científicos e intelectuales	Hombres	11	Bajo Cinca / Baix Cinca
2019,0	2	2	Técnicos y profesionales científicos e intelectuales	Mujeres	11	Bajo Cinca / Baix Cinca
2019,0	1	2	Técnicos y profesionales científicos e intelectuales	Hombres	12	Tarazona y el Moncayo
2019,0	2	2	Técnicos y profesionales científicos e intelectuales	Mujeres	12	Tarazona y el Moncayo
2019,0	3	2	Técnicos y profesionales científicos e intelectuales	Mujeres	13	Campo de Borja
2019,0	1	2	Técnicos y profesionales científicos e intelectuales	Mujeres	14	Aranda
2019,0	13	2	Técnicos y profesionales científicos e intelectuales	Hombres	15	Ribera Alta del Ebro
2019,0	2	2	Técnicos y profesionales científicos e intelectuales	Mujeres	15	Ribera Alta del Ebro
2019,0	3	2	Técnicos y profesionales científicos e intelectuales	Hombres	16	Valdejalón
2019,0	1	2	Técnicos y profesionales científicos e intelectuales	Mujeres	16	Valdejalón
2019,0	137	2	Técnicos y profesionales científicos e intelectuales	Hombres	17	D.C. Zaragoza
2019,0	205	2	Técnicos y profesionales científicos e intelectuales	Mujeres	17	D.C. Zaragoza
2019,0	2	2	Técnicos y profesionales científicos e intelectuales	Hombres	18	Ribera Baja del Ebro
2019,0	1	2	Técnicos y profesionales científicos e intelectuales	Mujeres	18	Ribera Baja del Ebro
2019,0	2	2	Técnicos y profesionales científicos e intelectuales	Hombres	19	Bajo Aragón-Caspe / Baix Aragó-Casp
2019,0	3	2	Técnicos y profesionales científicos e intelectuales	Mujeres	19	Bajo Aragón-Caspe / Baix Aragó-Casp
2019,0	5	2	Técnicos y profesionales científicos e intelectuales	Hombres	20	Comunidad de Calatayud
2019,0	5	2	Técnicos y profesionales científicos e intelectuales	Mujeres	20	Comunidad de Calatayud
2019,0	3	2	Técnicos y profesionales científicos e intelectuales	Hombres	21	Campo de Cariñena
2019,0	2	2	Técnicos y profesionales científicos e intelectuales	Mujeres	21	Campo de Cariñena
2019,0	1	2	Técnicos y profesionales científicos e intelectuales	Mujeres	24	Campo de Daroca
2019,0	1	2	Técnicos y profesionales científicos e intelectuales	Hombres	25	Jiloca
2019,0	1	2	Técnicos y profesionales científicos e intelectuales	Mujeres	25	Jiloca
2019,0	1	2	Técnicos y profesionales científicos e intelectuales	Mujeres	27	Andorra-Sierra de Arcos
2019,0	2	2	Técnicos y profesionales científicos e intelectuales	Hombres	28	Bajo Aragón
2019,0	8	2	Técnicos y profesionales científicos e intelectuales	Mujeres	28	Bajo Aragón
2019,0	12	2	Técnicos y profesionales científicos e intelectuales	Hombres	29	Comunidad de Teruel
2019,0	12	2	Técnicos y profesionales científicos e intelectuales	Mujeres	29	Comunidad de Teruel
2019,0	1	2	Técnicos y profesionales científicos e intelectuales	Hombres	32	Gúdar-Javalambre
2019,0	1	2	Técnicos y profesionales científicos e intelectuales	Hombres	NC	Municipio del centro de trabajo fuera de Aragón
2019,0	1	2	Técnicos y profesionales científicos e intelectuales	Mujeres	NC	Municipio del centro de trabajo fuera de Aragón
2019,0	3	3	Técnicos; profesionales de apoyo	Hombres	01	La Jacetania
2019,0	3	3	Técnicos; profesionales de apoyo	Mujeres	01	La Jacetania
2019,0	9	3	Técnicos; profesionales de apoyo	Hombres	02	Alto Gállego
2019,0	4	3	Técnicos; profesionales de apoyo	Mujeres	02	Alto Gállego
2019,0	4	3	Técnicos; profesionales de apoyo	Hombres	03	Sobrarbe
2019,0	1	3	Técnicos; profesionales de apoyo	Mujeres	03	Sobrarbe
2019,0	5	3	Técnicos; profesionales de apoyo	Hombres	04	La Ribagorza
2019,0	4	3	Técnicos; profesionales de apoyo	Mujeres	04	La Ribagorza
2019,0	2	3	Técnicos; profesionales de apoyo	Hombres	05	Cinco Villas
2019,0	1	3	Técnicos; profesionales de apoyo	Mujeres	05	Cinco Villas
2019,0	36	3	Técnicos; profesionales de apoyo	Hombres	06	Hoya de Huesca / Plana de Uesca
2019,0	2	3	Técnicos; profesionales de apoyo	Mujeres	06	Hoya de Huesca / Plana de Uesca
2019,0	7	3	Técnicos; profesionales de apoyo	Hombres	07	Somontano de Barbastro
2019,0	2	3	Técnicos; profesionales de apoyo	Mujeres	07	Somontano de Barbastro
2019,0	5	3	Técnicos; profesionales de apoyo	Hombres	08	Cinca Medio
2019,0	2	3	Técnicos; profesionales de apoyo	Mujeres	08	Cinca Medio
2019,0	4	3	Técnicos; profesionales de apoyo	Hombres	09	La Litera / La Llitera
2019,0	2	3	Técnicos; profesionales de apoyo	Hombres	10	Los Monegros
2019,0	1	3	Técnicos; profesionales de apoyo	Mujeres	10	Los Monegros
2019,0	9	3	Técnicos; profesionales de apoyo	Hombres	11	Bajo Cinca / Baix Cinca
2019,0	2	3	Técnicos; profesionales de apoyo	Hombres	12	Tarazona y el Moncayo
2019,0	2	3	Técnicos; profesionales de apoyo	Hombres	13	Campo de Borja
2019,0	1	3	Técnicos; profesionales de apoyo	Mujeres	13	Campo de Borja
2019,0	1	3	Técnicos; profesionales de apoyo	Hombres	14	Aranda
2019,0	16	3	Técnicos; profesionales de apoyo	Hombres	15	Ribera Alta del Ebro
2019,0	9	3	Técnicos; profesionales de apoyo	Mujeres	15	Ribera Alta del Ebro
2019,0	11	3	Técnicos; profesionales de apoyo	Hombres	16	Valdejalón
2019,0	5	3	Técnicos; profesionales de apoyo	Mujeres	16	Valdejalón
2019,0	250	3	Técnicos; profesionales de apoyo	Hombres	17	D.C. Zaragoza
2019,0	80	3	Técnicos; profesionales de apoyo	Mujeres	17	D.C. Zaragoza
2019,0	1	3	Técnicos; profesionales de apoyo	Hombres	18	Ribera Baja del Ebro
2019,0	1	3	Técnicos; profesionales de apoyo	Hombres	19	Bajo Aragón-Caspe / Baix Aragó-Casp
2019,0	9	3	Técnicos; profesionales de apoyo	Hombres	20	Comunidad de Calatayud
2019,0	4	3	Técnicos; profesionales de apoyo	Mujeres	20	Comunidad de Calatayud
2019,0	2	3	Técnicos; profesionales de apoyo	Hombres	21	Campo de Cariñena
2019,0	1	3	Técnicos; profesionales de apoyo	Hombres	23	Bajo Martín
2019,0	2	3	Técnicos; profesionales de apoyo	Mujeres	25	Jiloca
2019,0	1	3	Técnicos; profesionales de apoyo	Hombres	26	Cuencas Mineras
2019,0	1	3	Técnicos; profesionales de apoyo	Mujeres	26	Cuencas Mineras
2019,0	4	3	Técnicos; profesionales de apoyo	Hombres	27	Andorra-Sierra de Arcos
2019,0	1	3	Técnicos; profesionales de apoyo	Hombres	28	Bajo Aragón
2019,0	4	3	Técnicos; profesionales de apoyo	Mujeres	28	Bajo Aragón
2019,0	11	3	Técnicos; profesionales de apoyo	Hombres	29	Comunidad de Teruel
2019,0	1	3	Técnicos; profesionales de apoyo	Mujeres	29	Comunidad de Teruel
2019,0	1	3	Técnicos; profesionales de apoyo	Mujeres	30	Maestrazgo
2019,0	1	3	Técnicos; profesionales de apoyo	Hombres	31	Sierra de Albarracín
2019,0	2	3	Técnicos; profesionales de apoyo	Hombres	32	Gúdar-Javalambre
2019,0	1	3	Técnicos; profesionales de apoyo	Hombres	33	Matarraña / Matarranya
2019,0	4	3	Técnicos; profesionales de apoyo	Hombres	NC	Municipio del centro de trabajo fuera de Aragón
2019,0	1	3	Técnicos; profesionales de apoyo	Mujeres	NC	Municipio del centro de trabajo fuera de Aragón
2019,0	1	4	Empleados contables, administrativos y otros empleados de oficina	Hombres	01	La Jacetania
2019,0	5	4	Empleados contables, administrativos y otros empleados de oficina	Mujeres	01	La Jacetania
2019,0	3	4	Empleados contables, administrativos y otros empleados de oficina	Hombres	02	Alto Gállego
2019,0	4	4	Empleados contables, administrativos y otros empleados de oficina	Mujeres	02	Alto Gállego
2019,0	1	4	Empleados contables, administrativos y otros empleados de oficina	Hombres	03	Sobrarbe
2019,0	2	4	Empleados contables, administrativos y otros empleados de oficina	Mujeres	03	Sobrarbe
2019,0	2	4	Empleados contables, administrativos y otros empleados de oficina	Mujeres	04	La Ribagorza
2019,0	12	4	Empleados contables, administrativos y otros empleados de oficina	Hombres	06	Hoya de Huesca / Plana de Uesca
2019,0	12	4	Empleados contables, administrativos y otros empleados de oficina	Mujeres	06	Hoya de Huesca / Plana de Uesca
2019,0	2	4	Empleados contables, administrativos y otros empleados de oficina	Hombres	07	Somontano de Barbastro
2019,0	4	4	Empleados contables, administrativos y otros empleados de oficina	Mujeres	07	Somontano de Barbastro
2019,0	5	4	Empleados contables, administrativos y otros empleados de oficina	Mujeres	08	Cinca Medio
2019,0	4	4	Empleados contables, administrativos y otros empleados de oficina	Mujeres	09	La Litera / La Llitera
2019,0	2	4	Empleados contables, administrativos y otros empleados de oficina	Mujeres	10	Los Monegros
2019,0	2	4	Empleados contables, administrativos y otros empleados de oficina	Mujeres	11	Bajo Cinca / Baix Cinca
2019,0	1	4	Empleados contables, administrativos y otros empleados de oficina	Hombres	12	Tarazona y el Moncayo
2019,0	4	4	Empleados contables, administrativos y otros empleados de oficina	Mujeres	12	Tarazona y el Moncayo
2019,0	6	4	Empleados contables, administrativos y otros empleados de oficina	Hombres	15	Ribera Alta del Ebro
2019,0	5	4	Empleados contables, administrativos y otros empleados de oficina	Mujeres	15	Ribera Alta del Ebro
2019,0	6	4	Empleados contables, administrativos y otros empleados de oficina	Hombres	16	Valdejalón
2019,0	7	4	Empleados contables, administrativos y otros empleados de oficina	Mujeres	16	Valdejalón
2019,0	86	4	Empleados contables, administrativos y otros empleados de oficina	Hombres	17	D.C. Zaragoza
2019,0	118	4	Empleados contables, administrativos y otros empleados de oficina	Mujeres	17	D.C. Zaragoza
2019,0	6	4	Empleados contables, administrativos y otros empleados de oficina	Mujeres	20	Comunidad de Calatayud
2019,0	1	4	Empleados contables, administrativos y otros empleados de oficina	Hombres	21	Campo de Cariñena
2019,0	1	4	Empleados contables, administrativos y otros empleados de oficina	Mujeres	21	Campo de Cariñena
2019,0	1	4	Empleados contables, administrativos y otros empleados de oficina	Hombres	23	Bajo Martín
2019,0	1	4	Empleados contables, administrativos y otros empleados de oficina	Mujeres	23	Bajo Martín
2019,0	1	4	Empleados contables, administrativos y otros empleados de oficina	Mujeres	24	Campo de Daroca
2019,0	1	4	Empleados contables, administrativos y otros empleados de oficina	Mujeres	26	Cuencas Mineras
2019,0	2	4	Empleados contables, administrativos y otros empleados de oficina	Mujeres	27	Andorra-Sierra de Arcos
2019,0	2	4	Empleados contables, administrativos y otros empleados de oficina	Hombres	28	Bajo Aragón
2019,0	5	4	Empleados contables, administrativos y otros empleados de oficina	Mujeres	28	Bajo Aragón
2019,0	8	4	Empleados contables, administrativos y otros empleados de oficina	Hombres	29	Comunidad de Teruel
2019,0	11	4	Empleados contables, administrativos y otros empleados de oficina	Mujeres	29	Comunidad de Teruel
2019,0	1	4	Empleados contables, administrativos y otros empleados de oficina	Mujeres	31	Sierra de Albarracín
2019,0	1	4	Empleados contables, administrativos y otros empleados de oficina	Hombres	32	Gúdar-Javalambre
2019,0	1	4	Empleados contables, administrativos y otros empleados de oficina	Hombres	33	Matarraña / Matarranya
2019,0	24	5	Trabajadores de los servicios de restauración, personales, protección y vendedores	Hombres	01	La Jacetania
2019,0	43	5	Trabajadores de los servicios de restauración, personales, protección y vendedores	Mujeres	01	La Jacetania
2019,0	24	5	Trabajadores de los servicios de restauración, personales, protección y vendedores	Hombres	02	Alto Gállego
2019,0	23	5	Trabajadores de los servicios de restauración, personales, protección y vendedores	Mujeres	02	Alto Gállego
2019,0	4	5	Trabajadores de los servicios de restauración, personales, protección y vendedores	Hombres	03	Sobrarbe
2019,0	13	5	Trabajadores de los servicios de restauración, personales, protección y vendedores	Mujeres	03	Sobrarbe
2019,0	13	5	Trabajadores de los servicios de restauración, personales, protección y vendedores	Hombres	04	La Ribagorza
2019,0	19	5	Trabajadores de los servicios de restauración, personales, protección y vendedores	Mujeres	04	La Ribagorza
2019,0	9	5	Trabajadores de los servicios de restauración, personales, protección y vendedores	Hombres	05	Cinco Villas
2019,0	22	5	Trabajadores de los servicios de restauración, personales, protección y vendedores	Mujeres	05	Cinco Villas
2019,0	64	5	Trabajadores de los servicios de restauración, personales, protección y vendedores	Hombres	06	Hoya de Huesca / Plana de Uesca
2019,0	107	5	Trabajadores de los servicios de restauración, personales, protección y vendedores	Mujeres	06	Hoya de Huesca / Plana de Uesca
2019,0	15	5	Trabajadores de los servicios de restauración, personales, protección y vendedores	Hombres	07	Somontano de Barbastro
2019,0	34	5	Trabajadores de los servicios de restauración, personales, protección y vendedores	Mujeres	07	Somontano de Barbastro
2019,0	15	5	Trabajadores de los servicios de restauración, personales, protección y vendedores	Hombres	08	Cinca Medio
2019,0	22	5	Trabajadores de los servicios de restauración, personales, protección y vendedores	Mujeres	08	Cinca Medio
2019,0	8	5	Trabajadores de los servicios de restauración, personales, protección y vendedores	Hombres	09	La Litera / La Llitera
2019,0	24	5	Trabajadores de los servicios de restauración, personales, protección y vendedores	Mujeres	09	La Litera / La Llitera
2019,0	1	5	Trabajadores de los servicios de restauración, personales, protección y vendedores	Hombres	10	Los Monegros
2019,0	18	5	Trabajadores de los servicios de restauración, personales, protección y vendedores	Mujeres	10	Los Monegros
2019,0	8	5	Trabajadores de los servicios de restauración, personales, protección y vendedores	Hombres	11	Bajo Cinca / Baix Cinca
2019,0	21	5	Trabajadores de los servicios de restauración, personales, protección y vendedores	Mujeres	11	Bajo Cinca / Baix Cinca
2019,0	8	5	Trabajadores de los servicios de restauración, personales, protección y vendedores	Hombres	12	Tarazona y el Moncayo
2019,0	17	5	Trabajadores de los servicios de restauración, personales, protección y vendedores	Mujeres	12	Tarazona y el Moncayo
2019,0	2	5	Trabajadores de los servicios de restauración, personales, protección y vendedores	Hombres	13	Campo de Borja
2019,0	20	5	Trabajadores de los servicios de restauración, personales, protección y vendedores	Mujeres	13	Campo de Borja
2019,0	11	5	Trabajadores de los servicios de restauración, personales, protección y vendedores	Mujeres	14	Aranda
2019,0	14	5	Trabajadores de los servicios de restauración, personales, protección y vendedores	Hombres	15	Ribera Alta del Ebro
2019,0	27	5	Trabajadores de los servicios de restauración, personales, protección y vendedores	Mujeres	15	Ribera Alta del Ebro
2019,0	10	5	Trabajadores de los servicios de restauración, personales, protección y vendedores	Hombres	16	Valdejalón
2019,0	26	5	Trabajadores de los servicios de restauración, personales, protección y vendedores	Mujeres	16	Valdejalón
2019,0	547	5	Trabajadores de los servicios de restauración, personales, protección y vendedores	Hombres	17	D.C. Zaragoza
2019,0	1161	5	Trabajadores de los servicios de restauración, personales, protección y vendedores	Mujeres	17	D.C. Zaragoza
2019,0	9	5	Trabajadores de los servicios de restauración, personales, protección y vendedores	Mujeres	18	Ribera Baja del Ebro
2019,0	3	5	Trabajadores de los servicios de restauración, personales, protección y vendedores	Hombres	19	Bajo Aragón-Caspe / Baix Aragó-Casp
2019,0	10	5	Trabajadores de los servicios de restauración, personales, protección y vendedores	Mujeres	19	Bajo Aragón-Caspe / Baix Aragó-Casp
2019,0	19	5	Trabajadores de los servicios de restauración, personales, protección y vendedores	Hombres	20	Comunidad de Calatayud
2019,0	46	5	Trabajadores de los servicios de restauración, personales, protección y vendedores	Mujeres	20	Comunidad de Calatayud
2019,0	16	5	Trabajadores de los servicios de restauración, personales, protección y vendedores	Mujeres	21	Campo de Cariñena
2019,0	4	5	Trabajadores de los servicios de restauración, personales, protección y vendedores	Mujeres	22	Campo de Belchite
2019,0	4	5	Trabajadores de los servicios de restauración, personales, protección y vendedores	Mujeres	23	Bajo Martín
2019,0	1	5	Trabajadores de los servicios de restauración, personales, protección y vendedores	Hombres	24	Campo de Daroca
2019,0	10	5	Trabajadores de los servicios de restauración, personales, protección y vendedores	Mujeres	24	Campo de Daroca
2019,0	3	5	Trabajadores de los servicios de restauración, personales, protección y vendedores	Hombres	25	Jiloca
2019,0	9	5	Trabajadores de los servicios de restauración, personales, protección y vendedores	Mujeres	25	Jiloca
2019,0	2	5	Trabajadores de los servicios de restauración, personales, protección y vendedores	Hombres	26	Cuencas Mineras
2019,0	10	5	Trabajadores de los servicios de restauración, personales, protección y vendedores	Mujeres	26	Cuencas Mineras
2019,0	3	5	Trabajadores de los servicios de restauración, personales, protección y vendedores	Hombres	27	Andorra-Sierra de Arcos
2019,0	12	5	Trabajadores de los servicios de restauración, personales, protección y vendedores	Mujeres	27	Andorra-Sierra de Arcos
2019,0	8	5	Trabajadores de los servicios de restauración, personales, protección y vendedores	Hombres	28	Bajo Aragón
2019,0	36	5	Trabajadores de los servicios de restauración, personales, protección y vendedores	Mujeres	28	Bajo Aragón
2019,0	24	5	Trabajadores de los servicios de restauración, personales, protección y vendedores	Hombres	29	Comunidad de Teruel
2019,0	95	5	Trabajadores de los servicios de restauración, personales, protección y vendedores	Mujeres	29	Comunidad de Teruel
2019,0	2	5	Trabajadores de los servicios de restauración, personales, protección y vendedores	Mujeres	30	Maestrazgo
2019,0	1	5	Trabajadores de los servicios de restauración, personales, protección y vendedores	Hombres	31	Sierra de Albarracín
2019,0	8	5	Trabajadores de los servicios de restauración, personales, protección y vendedores	Mujeres	31	Sierra de Albarracín
2019,0	2	5	Trabajadores de los servicios de restauración, personales, protección y vendedores	Hombres	32	Gúdar-Javalambre
2019,0	4	5	Trabajadores de los servicios de restauración, personales, protección y vendedores	Mujeres	32	Gúdar-Javalambre
2019,0	1	5	Trabajadores de los servicios de restauración, personales, protección y vendedores	Hombres	33	Matarraña / Matarranya
2019,0	9	5	Trabajadores de los servicios de restauración, personales, protección y vendedores	Mujeres	33	Matarraña / Matarranya
2019,0	2	5	Trabajadores de los servicios de restauración, personales, protección y vendedores	Hombres	NC	Municipio del centro de trabajo fuera de Aragón
2019,0	2	5	Trabajadores de los servicios de restauración, personales, protección y vendedores	Mujeres	NC	Municipio del centro de trabajo fuera de Aragón
2019,0	11	6	Trabajadores cualificados en el sector agrícola, ganadero, forestal y pesquero	Hombres	01	La Jacetania
2019,0	2	6	Trabajadores cualificados en el sector agrícola, ganadero, forestal y pesquero	Mujeres	01	La Jacetania
2019,0	2	6	Trabajadores cualificados en el sector agrícola, ganadero, forestal y pesquero	Hombres	02	Alto Gállego
2019,0	3	6	Trabajadores cualificados en el sector agrícola, ganadero, forestal y pesquero	Hombres	03	Sobrarbe
2019,0	19	6	Trabajadores cualificados en el sector agrícola, ganadero, forestal y pesquero	Hombres	04	La Ribagorza
2019,0	42	6	Trabajadores cualificados en el sector agrícola, ganadero, forestal y pesquero	Hombres	05	Cinco Villas
2019,0	4	6	Trabajadores cualificados en el sector agrícola, ganadero, forestal y pesquero	Mujeres	05	Cinco Villas
2019,0	41	6	Trabajadores cualificados en el sector agrícola, ganadero, forestal y pesquero	Hombres	06	Hoya de Huesca / Plana de Uesca
2019,0	4	6	Trabajadores cualificados en el sector agrícola, ganadero, forestal y pesquero	Mujeres	06	Hoya de Huesca / Plana de Uesca
2019,0	14	6	Trabajadores cualificados en el sector agrícola, ganadero, forestal y pesquero	Hombres	07	Somontano de Barbastro
2019,0	1	6	Trabajadores cualificados en el sector agrícola, ganadero, forestal y pesquero	Mujeres	07	Somontano de Barbastro
2019,0	18	6	Trabajadores cualificados en el sector agrícola, ganadero, forestal y pesquero	Hombres	08	Cinca Medio
2019,0	4	6	Trabajadores cualificados en el sector agrícola, ganadero, forestal y pesquero	Mujeres	08	Cinca Medio
2019,0	29	6	Trabajadores cualificados en el sector agrícola, ganadero, forestal y pesquero	Hombres	09	La Litera / La Llitera
2019,0	3	6	Trabajadores cualificados en el sector agrícola, ganadero, forestal y pesquero	Mujeres	09	La Litera / La Llitera
2019,0	19	6	Trabajadores cualificados en el sector agrícola, ganadero, forestal y pesquero	Hombres	10	Los Monegros
2019,0	2	6	Trabajadores cualificados en el sector agrícola, ganadero, forestal y pesquero	Mujeres	10	Los Monegros
2019,0	53	6	Trabajadores cualificados en el sector agrícola, ganadero, forestal y pesquero	Hombres	11	Bajo Cinca / Baix Cinca
2019,0	3	6	Trabajadores cualificados en el sector agrícola, ganadero, forestal y pesquero	Mujeres	11	Bajo Cinca / Baix Cinca
2019,0	4	6	Trabajadores cualificados en el sector agrícola, ganadero, forestal y pesquero	Hombres	12	Tarazona y el Moncayo
2019,0	14	6	Trabajadores cualificados en el sector agrícola, ganadero, forestal y pesquero	Hombres	13	Campo de Borja
2019,0	10	6	Trabajadores cualificados en el sector agrícola, ganadero, forestal y pesquero	Hombres	15	Ribera Alta del Ebro
2019,0	13	6	Trabajadores cualificados en el sector agrícola, ganadero, forestal y pesquero	Hombres	16	Valdejalón
2019,0	2	6	Trabajadores cualificados en el sector agrícola, ganadero, forestal y pesquero	Mujeres	16	Valdejalón
2019,0	60	6	Trabajadores cualificados en el sector agrícola, ganadero, forestal y pesquero	Hombres	17	D.C. Zaragoza
2019,0	14	6	Trabajadores cualificados en el sector agrícola, ganadero, forestal y pesquero	Mujeres	17	D.C. Zaragoza
2019,0	4	6	Trabajadores cualificados en el sector agrícola, ganadero, forestal y pesquero	Hombres	18	Ribera Baja del Ebro
2019,0	1	6	Trabajadores cualificados en el sector agrícola, ganadero, forestal y pesquero	Mujeres	18	Ribera Baja del Ebro
2019,0	12	6	Trabajadores cualificados en el sector agrícola, ganadero, forestal y pesquero	Hombres	19	Bajo Aragón-Caspe / Baix Aragó-Casp
2019,0	3	6	Trabajadores cualificados en el sector agrícola, ganadero, forestal y pesquero	Mujeres	19	Bajo Aragón-Caspe / Baix Aragó-Casp
2019,0	12	6	Trabajadores cualificados en el sector agrícola, ganadero, forestal y pesquero	Hombres	20	Comunidad de Calatayud
2019,0	3	6	Trabajadores cualificados en el sector agrícola, ganadero, forestal y pesquero	Mujeres	20	Comunidad de Calatayud
2019,0	14	6	Trabajadores cualificados en el sector agrícola, ganadero, forestal y pesquero	Hombres	21	Campo de Cariñena
2019,0	3	6	Trabajadores cualificados en el sector agrícola, ganadero, forestal y pesquero	Hombres	22	Campo de Belchite
2019,0	3	6	Trabajadores cualificados en el sector agrícola, ganadero, forestal y pesquero	Hombres	23	Bajo Martín
2019,0	1	6	Trabajadores cualificados en el sector agrícola, ganadero, forestal y pesquero	Mujeres	23	Bajo Martín
2019,0	6	6	Trabajadores cualificados en el sector agrícola, ganadero, forestal y pesquero	Hombres	24	Campo de Daroca
2019,0	10	6	Trabajadores cualificados en el sector agrícola, ganadero, forestal y pesquero	Hombres	25	Jiloca
2019,0	2	6	Trabajadores cualificados en el sector agrícola, ganadero, forestal y pesquero	Mujeres	25	Jiloca
2019,0	4	6	Trabajadores cualificados en el sector agrícola, ganadero, forestal y pesquero	Hombres	26	Cuencas Mineras
2019,0	2	6	Trabajadores cualificados en el sector agrícola, ganadero, forestal y pesquero	Mujeres	26	Cuencas Mineras
2019,0	20	6	Trabajadores cualificados en el sector agrícola, ganadero, forestal y pesquero	Hombres	28	Bajo Aragón
2019,0	4	6	Trabajadores cualificados en el sector agrícola, ganadero, forestal y pesquero	Mujeres	28	Bajo Aragón
2019,0	32	6	Trabajadores cualificados en el sector agrícola, ganadero, forestal y pesquero	Hombres	29	Comunidad de Teruel
2019,0	3	6	Trabajadores cualificados en el sector agrícola, ganadero, forestal y pesquero	Mujeres	29	Comunidad de Teruel
2019,0	2	6	Trabajadores cualificados en el sector agrícola, ganadero, forestal y pesquero	Hombres	30	Maestrazgo
2019,0	2	6	Trabajadores cualificados en el sector agrícola, ganadero, forestal y pesquero	Hombres	31	Sierra de Albarracín
2019,0	4	6	Trabajadores cualificados en el sector agrícola, ganadero, forestal y pesquero	Hombres	32	Gúdar-Javalambre
2019,0	9	6	Trabajadores cualificados en el sector agrícola, ganadero, forestal y pesquero	Hombres	33	Matarraña / Matarranya
2019,0	2	6	Trabajadores cualificados en el sector agrícola, ganadero, forestal y pesquero	Hombres	NC	Municipio del centro de trabajo fuera de Aragón
2019,0	38	7	Artesanos y trabajadores cualificados de las industrias manufactureras y la construcción (excepto operadores de instalaciones y maquinaria)	Hombres	01	La Jacetania
2019,0	3	7	Artesanos y trabajadores cualificados de las industrias manufactureras y la construcción (excepto operadores de instalaciones y maquinaria)	Mujeres	01	La Jacetania
2019,0	48	7	Artesanos y trabajadores cualificados de las industrias manufactureras y la construcción (excepto operadores de instalaciones y maquinaria)	Hombres	02	Alto Gállego
2019,0	2	7	Artesanos y trabajadores cualificados de las industrias manufactureras y la construcción (excepto operadores de instalaciones y maquinaria)	Mujeres	02	Alto Gállego
2019,0	17	7	Artesanos y trabajadores cualificados de las industrias manufactureras y la construcción (excepto operadores de instalaciones y maquinaria)	Hombres	03	Sobrarbe
2019,0	32	7	Artesanos y trabajadores cualificados de las industrias manufactureras y la construcción (excepto operadores de instalaciones y maquinaria)	Hombres	04	La Ribagorza
2019,0	2	7	Artesanos y trabajadores cualificados de las industrias manufactureras y la construcción (excepto operadores de instalaciones y maquinaria)	Mujeres	04	La Ribagorza
2019,0	158	7	Artesanos y trabajadores cualificados de las industrias manufactureras y la construcción (excepto operadores de instalaciones y maquinaria)	Hombres	05	Cinco Villas
2019,0	19	7	Artesanos y trabajadores cualificados de las industrias manufactureras y la construcción (excepto operadores de instalaciones y maquinaria)	Mujeres	05	Cinco Villas
2019,0	272	7	Artesanos y trabajadores cualificados de las industrias manufactureras y la construcción (excepto operadores de instalaciones y maquinaria)	Hombres	06	Hoya de Huesca / Plana de Uesca
2019,0	8	7	Artesanos y trabajadores cualificados de las industrias manufactureras y la construcción (excepto operadores de instalaciones y maquinaria)	Mujeres	06	Hoya de Huesca / Plana de Uesca
2019,0	63	7	Artesanos y trabajadores cualificados de las industrias manufactureras y la construcción (excepto operadores de instalaciones y maquinaria)	Hombres	07	Somontano de Barbastro
2019,0	1	7	Artesanos y trabajadores cualificados de las industrias manufactureras y la construcción (excepto operadores de instalaciones y maquinaria)	Mujeres	07	Somontano de Barbastro
2019,0	157	7	Artesanos y trabajadores cualificados de las industrias manufactureras y la construcción (excepto operadores de instalaciones y maquinaria)	Hombres	08	Cinca Medio
2019,0	1	7	Artesanos y trabajadores cualificados de las industrias manufactureras y la construcción (excepto operadores de instalaciones y maquinaria)	Mujeres	08	Cinca Medio
2019,0	170	7	Artesanos y trabajadores cualificados de las industrias manufactureras y la construcción (excepto operadores de instalaciones y maquinaria)	Hombres	09	La Litera / La Llitera
2019,0	20	7	Artesanos y trabajadores cualificados de las industrias manufactureras y la construcción (excepto operadores de instalaciones y maquinaria)	Mujeres	09	La Litera / La Llitera
2019,0	39	7	Artesanos y trabajadores cualificados de las industrias manufactureras y la construcción (excepto operadores de instalaciones y maquinaria)	Hombres	10	Los Monegros
2019,0	4	7	Artesanos y trabajadores cualificados de las industrias manufactureras y la construcción (excepto operadores de instalaciones y maquinaria)	Mujeres	10	Los Monegros
2019,0	70	7	Artesanos y trabajadores cualificados de las industrias manufactureras y la construcción (excepto operadores de instalaciones y maquinaria)	Hombres	11	Bajo Cinca / Baix Cinca
2019,0	10	7	Artesanos y trabajadores cualificados de las industrias manufactureras y la construcción (excepto operadores de instalaciones y maquinaria)	Mujeres	11	Bajo Cinca / Baix Cinca
2019,0	33	7	Artesanos y trabajadores cualificados de las industrias manufactureras y la construcción (excepto operadores de instalaciones y maquinaria)	Hombres	12	Tarazona y el Moncayo
2019,0	51	7	Artesanos y trabajadores cualificados de las industrias manufactureras y la construcción (excepto operadores de instalaciones y maquinaria)	Hombres	13	Campo de Borja
2019,0	3	7	Artesanos y trabajadores cualificados de las industrias manufactureras y la construcción (excepto operadores de instalaciones y maquinaria)	Mujeres	13	Campo de Borja
2019,0	15	7	Artesanos y trabajadores cualificados de las industrias manufactureras y la construcción (excepto operadores de instalaciones y maquinaria)	Hombres	14	Aranda
2019,0	4	7	Artesanos y trabajadores cualificados de las industrias manufactureras y la construcción (excepto operadores de instalaciones y maquinaria)	Mujeres	14	Aranda
2019,0	136	7	Artesanos y trabajadores cualificados de las industrias manufactureras y la construcción (excepto operadores de instalaciones y maquinaria)	Hombres	15	Ribera Alta del Ebro
2019,0	10	7	Artesanos y trabajadores cualificados de las industrias manufactureras y la construcción (excepto operadores de instalaciones y maquinaria)	Mujeres	15	Ribera Alta del Ebro
2019,0	145	7	Artesanos y trabajadores cualificados de las industrias manufactureras y la construcción (excepto operadores de instalaciones y maquinaria)	Hombres	16	Valdejalón
2019,0	18	7	Artesanos y trabajadores cualificados de las industrias manufactureras y la construcción (excepto operadores de instalaciones y maquinaria)	Mujeres	16	Valdejalón
2019,0	1950	7	Artesanos y trabajadores cualificados de las industrias manufactureras y la construcción (excepto operadores de instalaciones y maquinaria)	Hombres	17	D.C. Zaragoza
2019,0	123	7	Artesanos y trabajadores cualificados de las industrias manufactureras y la construcción (excepto operadores de instalaciones y maquinaria)	Mujeres	17	D.C. Zaragoza
2019,0	52	7	Artesanos y trabajadores cualificados de las industrias manufactureras y la construcción (excepto operadores de instalaciones y maquinaria)	Hombres	18	Ribera Baja del Ebro
2019,0	11	7	Artesanos y trabajadores cualificados de las industrias manufactureras y la construcción (excepto operadores de instalaciones y maquinaria)	Mujeres	18	Ribera Baja del Ebro
2019,0	32	7	Artesanos y trabajadores cualificados de las industrias manufactureras y la construcción (excepto operadores de instalaciones y maquinaria)	Hombres	19	Bajo Aragón-Caspe / Baix Aragó-Casp
2019,0	2	7	Artesanos y trabajadores cualificados de las industrias manufactureras y la construcción (excepto operadores de instalaciones y maquinaria)	Mujeres	19	Bajo Aragón-Caspe / Baix Aragó-Casp
2019,0	47	7	Artesanos y trabajadores cualificados de las industrias manufactureras y la construcción (excepto operadores de instalaciones y maquinaria)	Hombres	20	Comunidad de Calatayud
2019,0	6	7	Artesanos y trabajadores cualificados de las industrias manufactureras y la construcción (excepto operadores de instalaciones y maquinaria)	Mujeres	20	Comunidad de Calatayud
2019,0	55	7	Artesanos y trabajadores cualificados de las industrias manufactureras y la construcción (excepto operadores de instalaciones y maquinaria)	Hombres	21	Campo de Cariñena
2019,0	6	7	Artesanos y trabajadores cualificados de las industrias manufactureras y la construcción (excepto operadores de instalaciones y maquinaria)	Mujeres	21	Campo de Cariñena
2019,0	5	7	Artesanos y trabajadores cualificados de las industrias manufactureras y la construcción (excepto operadores de instalaciones y maquinaria)	Hombres	22	Campo de Belchite
2019,0	21	7	Artesanos y trabajadores cualificados de las industrias manufactureras y la construcción (excepto operadores de instalaciones y maquinaria)	Hombres	23	Bajo Martín
2019,0	9	7	Artesanos y trabajadores cualificados de las industrias manufactureras y la construcción (excepto operadores de instalaciones y maquinaria)	Hombres	24	Campo de Daroca
2019,0	27	7	Artesanos y trabajadores cualificados de las industrias manufactureras y la construcción (excepto operadores de instalaciones y maquinaria)	Hombres	25	Jiloca
2019,0	25	7	Artesanos y trabajadores cualificados de las industrias manufactureras y la construcción (excepto operadores de instalaciones y maquinaria)	Hombres	26	Cuencas Mineras
2019,0	4	7	Artesanos y trabajadores cualificados de las industrias manufactureras y la construcción (excepto operadores de instalaciones y maquinaria)	Mujeres	26	Cuencas Mineras
2019,0	10	7	Artesanos y trabajadores cualificados de las industrias manufactureras y la construcción (excepto operadores de instalaciones y maquinaria)	Hombres	27	Andorra-Sierra de Arcos
2019,0	68	7	Artesanos y trabajadores cualificados de las industrias manufactureras y la construcción (excepto operadores de instalaciones y maquinaria)	Hombres	28	Bajo Aragón
2019,0	5	7	Artesanos y trabajadores cualificados de las industrias manufactureras y la construcción (excepto operadores de instalaciones y maquinaria)	Mujeres	28	Bajo Aragón
2019,0	163	7	Artesanos y trabajadores cualificados de las industrias manufactureras y la construcción (excepto operadores de instalaciones y maquinaria)	Hombres	29	Comunidad de Teruel
2019,0	5	7	Artesanos y trabajadores cualificados de las industrias manufactureras y la construcción (excepto operadores de instalaciones y maquinaria)	Mujeres	29	Comunidad de Teruel
2019,0	6	7	Artesanos y trabajadores cualificados de las industrias manufactureras y la construcción (excepto operadores de instalaciones y maquinaria)	Hombres	30	Maestrazgo
2019,0	6	7	Artesanos y trabajadores cualificados de las industrias manufactureras y la construcción (excepto operadores de instalaciones y maquinaria)	Hombres	31	Sierra de Albarracín
2019,0	1	7	Artesanos y trabajadores cualificados de las industrias manufactureras y la construcción (excepto operadores de instalaciones y maquinaria)	Mujeres	31	Sierra de Albarracín
2019,0	32	7	Artesanos y trabajadores cualificados de las industrias manufactureras y la construcción (excepto operadores de instalaciones y maquinaria)	Hombres	32	Gúdar-Javalambre
2019,0	3	7	Artesanos y trabajadores cualificados de las industrias manufactureras y la construcción (excepto operadores de instalaciones y maquinaria)	Mujeres	32	Gúdar-Javalambre
2019,0	30	7	Artesanos y trabajadores cualificados de las industrias manufactureras y la construcción (excepto operadores de instalaciones y maquinaria)	Hombres	33	Matarraña / Matarranya
2019,0	7	7	Artesanos y trabajadores cualificados de las industrias manufactureras y la construcción (excepto operadores de instalaciones y maquinaria)	Mujeres	33	Matarraña / Matarranya
2019,0	87	7	Artesanos y trabajadores cualificados de las industrias manufactureras y la construcción (excepto operadores de instalaciones y maquinaria)	Hombres	NC	Municipio del centro de trabajo fuera de Aragón
2019,0	4	7	Artesanos y trabajadores cualificados de las industrias manufactureras y la construcción (excepto operadores de instalaciones y maquinaria)	Mujeres	NC	Municipio del centro de trabajo fuera de Aragón
2019,0	15	8	Operadores de instalaciones y maquinaria, y montadores	Hombres	01	La Jacetania
2019,0	18	8	Operadores de instalaciones y maquinaria, y montadores	Hombres	02	Alto Gállego
2019,0	5	8	Operadores de instalaciones y maquinaria, y montadores	Mujeres	02	Alto Gállego
2019,0	1	8	Operadores de instalaciones y maquinaria, y montadores	Hombres	03	Sobrarbe
2019,0	18	8	Operadores de instalaciones y maquinaria, y montadores	Hombres	04	La Ribagorza
2019,0	1	8	Operadores de instalaciones y maquinaria, y montadores	Mujeres	04	La Ribagorza
2019,0	66	8	Operadores de instalaciones y maquinaria, y montadores	Hombres	05	Cinco Villas
2019,0	7	8	Operadores de instalaciones y maquinaria, y montadores	Mujeres	05	Cinco Villas
2019,0	125	8	Operadores de instalaciones y maquinaria, y montadores	Hombres	06	Hoya de Huesca / Plana de Uesca
2019,0	6	8	Operadores de instalaciones y maquinaria, y montadores	Mujeres	06	Hoya de Huesca / Plana de Uesca
2019,0	33	8	Operadores de instalaciones y maquinaria, y montadores	Hombres	07	Somontano de Barbastro
2019,0	2	8	Operadores de instalaciones y maquinaria, y montadores	Mujeres	07	Somontano de Barbastro
2019,0	65	8	Operadores de instalaciones y maquinaria, y montadores	Hombres	08	Cinca Medio
2019,0	7	8	Operadores de instalaciones y maquinaria, y montadores	Mujeres	08	Cinca Medio
2019,0	59	8	Operadores de instalaciones y maquinaria, y montadores	Hombres	09	La Litera / La Llitera
2019,0	3	8	Operadores de instalaciones y maquinaria, y montadores	Mujeres	09	La Litera / La Llitera
2019,0	41	8	Operadores de instalaciones y maquinaria, y montadores	Hombres	10	Los Monegros
2019,0	4	8	Operadores de instalaciones y maquinaria, y montadores	Mujeres	10	Los Monegros
2019,0	57	8	Operadores de instalaciones y maquinaria, y montadores	Hombres	11	Bajo Cinca / Baix Cinca
2019,0	7	8	Operadores de instalaciones y maquinaria, y montadores	Mujeres	11	Bajo Cinca / Baix Cinca
2019,0	32	8	Operadores de instalaciones y maquinaria, y montadores	Hombres	12	Tarazona y el Moncayo
2019,0	3	8	Operadores de instalaciones y maquinaria, y montadores	Mujeres	12	Tarazona y el Moncayo
2019,0	20	8	Operadores de instalaciones y maquinaria, y montadores	Hombres	13	Campo de Borja
2019,0	4	8	Operadores de instalaciones y maquinaria, y montadores	Hombres	14	Aranda
2019,0	189	8	Operadores de instalaciones y maquinaria, y montadores	Hombres	15	Ribera Alta del Ebro
2019,0	11	8	Operadores de instalaciones y maquinaria, y montadores	Mujeres	15	Ribera Alta del Ebro
2019,0	139	8	Operadores de instalaciones y maquinaria, y montadores	Hombres	16	Valdejalón
2019,0	13	8	Operadores de instalaciones y maquinaria, y montadores	Mujeres	16	Valdejalón
2019,0	1242	8	Operadores de instalaciones y maquinaria, y montadores	Hombres	17	D.C. Zaragoza
2019,0	80	8	Operadores de instalaciones y maquinaria, y montadores	Mujeres	17	D.C. Zaragoza
2019,0	20	8	Operadores de instalaciones y maquinaria, y montadores	Hombres	18	Ribera Baja del Ebro
2019,0	1	8	Operadores de instalaciones y maquinaria, y montadores	Mujeres	18	Ribera Baja del Ebro
2019,0	13	8	Operadores de instalaciones y maquinaria, y montadores	Hombres	19	Bajo Aragón-Caspe / Baix Aragó-Casp
2019,0	67	8	Operadores de instalaciones y maquinaria, y montadores	Hombres	20	Comunidad de Calatayud
2019,0	13	8	Operadores de instalaciones y maquinaria, y montadores	Mujeres	20	Comunidad de Calatayud
2019,0	13	8	Operadores de instalaciones y maquinaria, y montadores	Hombres	21	Campo de Cariñena
2019,0	2	8	Operadores de instalaciones y maquinaria, y montadores	Mujeres	21	Campo de Cariñena
2019,0	5	8	Operadores de instalaciones y maquinaria, y montadores	Hombres	22	Campo de Belchite
2019,0	44	8	Operadores de instalaciones y maquinaria, y montadores	Hombres	23	Bajo Martín
2019,0	5	8	Operadores de instalaciones y maquinaria, y montadores	Mujeres	23	Bajo Martín
2019,0	7	8	Operadores de instalaciones y maquinaria, y montadores	Hombres	24	Campo de Daroca
2019,0	27	8	Operadores de instalaciones y maquinaria, y montadores	Hombres	25	Jiloca
2019,0	2	8	Operadores de instalaciones y maquinaria, y montadores	Mujeres	25	Jiloca
2019,0	10	8	Operadores de instalaciones y maquinaria, y montadores	Hombres	26	Cuencas Mineras
2019,0	1	8	Operadores de instalaciones y maquinaria, y montadores	Mujeres	26	Cuencas Mineras
2019,0	21	8	Operadores de instalaciones y maquinaria, y montadores	Hombres	27	Andorra-Sierra de Arcos
2019,0	48	8	Operadores de instalaciones y maquinaria, y montadores	Hombres	28	Bajo Aragón
2019,0	4	8	Operadores de instalaciones y maquinaria, y montadores	Mujeres	28	Bajo Aragón
2019,0	79	8	Operadores de instalaciones y maquinaria, y montadores	Hombres	29	Comunidad de Teruel
2019,0	4	8	Operadores de instalaciones y maquinaria, y montadores	Mujeres	29	Comunidad de Teruel
2019,0	1	8	Operadores de instalaciones y maquinaria, y montadores	Hombres	30	Maestrazgo
2019,0	1	8	Operadores de instalaciones y maquinaria, y montadores	Hombres	31	Sierra de Albarracín
2019,0	15	8	Operadores de instalaciones y maquinaria, y montadores	Hombres	32	Gúdar-Javalambre
2019,0	3	8	Operadores de instalaciones y maquinaria, y montadores	Hombres	33	Matarraña / Matarranya
2019,0	1	8	Operadores de instalaciones y maquinaria, y montadores	Mujeres	33	Matarraña / Matarranya
2019,0	9	8	Operadores de instalaciones y maquinaria, y montadores	Hombres	NC	Municipio del centro de trabajo fuera de Aragón
2019,0	31	9	Ocupaciones elementales	Hombres	01	La Jacetania
2019,0	15	9	Ocupaciones elementales	Mujeres	01	La Jacetania
2019,0	25	9	Ocupaciones elementales	Hombres	02	Alto Gállego
2019,0	15	9	Ocupaciones elementales	Mujeres	02	Alto Gállego
2019,0	10	9	Ocupaciones elementales	Hombres	03	Sobrarbe
2019,0	7	9	Ocupaciones elementales	Mujeres	03	Sobrarbe
2019,0	26	9	Ocupaciones elementales	Hombres	04	La Ribagorza
2019,0	14	9	Ocupaciones elementales	Mujeres	04	La Ribagorza
2019,0	124	9	Ocupaciones elementales	Hombres	05	Cinco Villas
2019,0	37	9	Ocupaciones elementales	Mujeres	05	Cinco Villas
2019,0	183	9	Ocupaciones elementales	Hombres	06	Hoya de Huesca / Plana de Uesca
2019,0	76	9	Ocupaciones elementales	Mujeres	06	Hoya de Huesca / Plana de Uesca
2019,0	56	9	Ocupaciones elementales	Hombres	07	Somontano de Barbastro
2019,0	13	9	Ocupaciones elementales	Mujeres	07	Somontano de Barbastro
2019,0	113	9	Ocupaciones elementales	Hombres	08	Cinca Medio
2019,0	27	9	Ocupaciones elementales	Mujeres	08	Cinca Medio
2019,0	84	9	Ocupaciones elementales	Hombres	09	La Litera / La Llitera
2019,0	23	9	Ocupaciones elementales	Mujeres	09	La Litera / La Llitera
2019,0	72	9	Ocupaciones elementales	Hombres	10	Los Monegros
2019,0	16	9	Ocupaciones elementales	Mujeres	10	Los Monegros
2019,0	164	9	Ocupaciones elementales	Hombres	11	Bajo Cinca / Baix Cinca
2019,0	60	9	Ocupaciones elementales	Mujeres	11	Bajo Cinca / Baix Cinca
2019,0	38	9	Ocupaciones elementales	Hombres	12	Tarazona y el Moncayo
2019,0	14	9	Ocupaciones elementales	Mujeres	12	Tarazona y el Moncayo
2019,0	42	9	Ocupaciones elementales	Hombres	13	Campo de Borja
2019,0	37	9	Ocupaciones elementales	Mujeres	13	Campo de Borja
2019,0	7	9	Ocupaciones elementales	Hombres	14	Aranda
2019,0	2	9	Ocupaciones elementales	Mujeres	14	Aranda
2019,0	164	9	Ocupaciones elementales	Hombres	15	Ribera Alta del Ebro
2019,0	102	9	Ocupaciones elementales	Mujeres	15	Ribera Alta del Ebro
2019,0	176	9	Ocupaciones elementales	Hombres	16	Valdejalón
2019,0	80	9	Ocupaciones elementales	Mujeres	16	Valdejalón
2019,0	1359	9	Ocupaciones elementales	Hombres	17	D.C. Zaragoza
2019,0	686	9	Ocupaciones elementales	Mujeres	17	D.C. Zaragoza
2019,0	25	9	Ocupaciones elementales	Hombres	18	Ribera Baja del Ebro
2019,0	12	9	Ocupaciones elementales	Mujeres	18	Ribera Baja del Ebro
2019,0	77	9	Ocupaciones elementales	Hombres	19	Bajo Aragón-Caspe / Baix Aragó-Casp
2019,0	18	9	Ocupaciones elementales	Mujeres	19	Bajo Aragón-Caspe / Baix Aragó-Casp
2019,0	62	9	Ocupaciones elementales	Hombres	20	Comunidad de Calatayud
2019,0	23	9	Ocupaciones elementales	Mujeres	20	Comunidad de Calatayud
2019,0	38	9	Ocupaciones elementales	Hombres	21	Campo de Cariñena
2019,0	9	9	Ocupaciones elementales	Mujeres	21	Campo de Cariñena
2019,0	4	9	Ocupaciones elementales	Hombres	22	Campo de Belchite
2019,0	3	9	Ocupaciones elementales	Mujeres	22	Campo de Belchite
2019,0	23	9	Ocupaciones elementales	Hombres	23	Bajo Martín
2019,0	3	9	Ocupaciones elementales	Mujeres	23	Bajo Martín
2019,0	20	9	Ocupaciones elementales	Hombres	24	Campo de Daroca
2019,0	7	9	Ocupaciones elementales	Mujeres	24	Campo de Daroca
2019,0	22	9	Ocupaciones elementales	Hombres	25	Jiloca
2019,0	11	9	Ocupaciones elementales	Mujeres	25	Jiloca
2019,0	28	9	Ocupaciones elementales	Hombres	26	Cuencas Mineras
2019,0	3	9	Ocupaciones elementales	Mujeres	26	Cuencas Mineras
2019,0	7	9	Ocupaciones elementales	Hombres	27	Andorra-Sierra de Arcos
2019,0	4	9	Ocupaciones elementales	Mujeres	27	Andorra-Sierra de Arcos
2019,0	52	9	Ocupaciones elementales	Hombres	28	Bajo Aragón
2019,0	19	9	Ocupaciones elementales	Mujeres	28	Bajo Aragón
2019,0	132	9	Ocupaciones elementales	Hombres	29	Comunidad de Teruel
2019,0	54	9	Ocupaciones elementales	Mujeres	29	Comunidad de Teruel
2019,0	4	9	Ocupaciones elementales	Hombres	30	Maestrazgo
2019,0	5	9	Ocupaciones elementales	Hombres	31	Sierra de Albarracín
2019,0	25	9	Ocupaciones elementales	Hombres	32	Gúdar-Javalambre
2019,0	8	9	Ocupaciones elementales	Mujeres	32	Gúdar-Javalambre
2019,0	13	9	Ocupaciones elementales	Hombres	33	Matarraña / Matarranya
2019,0	7	9	Ocupaciones elementales	Mujeres	33	Matarraña / Matarranya
2019,0	49	9	Ocupaciones elementales	Hombres	NC	Municipio del centro de trabajo fuera de Aragón
2019,0	23	9	Ocupaciones elementales	Mujeres	NC	Municipio del centro de trabajo fuera de Aragón
2015,0	1	1	Directores y gerentes	Hombres	01	La Jacetania
2015,0	1	1	Directores y gerentes	Hombres	02	Alto Gállego
2015,0	1	1	Directores y gerentes	Hombres	04	La Ribagorza
2015,0	1	1	Directores y gerentes	Hombres	05	Cinco Villas
2015,0	3	1	Directores y gerentes	Hombres	06	Hoya de Huesca / Plana de Uesca
2015,0	1	1	Directores y gerentes	Mujeres	06	Hoya de Huesca / Plana de Uesca
2015,0	2	1	Directores y gerentes	Hombres	07	Somontano de Barbastro
2015,0	1	1	Directores y gerentes	Hombres	08	Cinca Medio
2015,0	1	1	Directores y gerentes	Hombres	11	Bajo Cinca / Baix Cinca
2015,0	1	1	Directores y gerentes	Hombres	15	Ribera Alta del Ebro
2015,0	2	1	Directores y gerentes	Hombres	16	Valdejalón
2015,0	13	1	Directores y gerentes	Hombres	17	D.C. Zaragoza
2015,0	5	1	Directores y gerentes	Mujeres	17	D.C. Zaragoza
2015,0	2	1	Directores y gerentes	Hombres	20	Comunidad de Calatayud
2015,0	1	1	Directores y gerentes	Mujeres	21	Campo de Cariñena
2015,0	1	1	Directores y gerentes	Hombres	25	Jiloca
2015,0	2	1	Directores y gerentes	Hombres	29	Comunidad de Teruel
2015,0	1	2	Técnicos y profesionales científicos e intelectuales	Hombres	01	La Jacetania
2015,0	4	2	Técnicos y profesionales científicos e intelectuales	Mujeres	01	La Jacetania
2015,0	1	2	Técnicos y profesionales científicos e intelectuales	Hombres	02	Alto Gállego
2015,0	1	2	Técnicos y profesionales científicos e intelectuales	Mujeres	02	Alto Gállego
2015,0	2	2	Técnicos y profesionales científicos e intelectuales	Hombres	03	Sobrarbe
2015,0	1	2	Técnicos y profesionales científicos e intelectuales	Hombres	04	La Ribagorza
2015,0	1	2	Técnicos y profesionales científicos e intelectuales	Mujeres	04	La Ribagorza
2015,0	5	2	Técnicos y profesionales científicos e intelectuales	Hombres	05	Cinco Villas
2015,0	4	2	Técnicos y profesionales científicos e intelectuales	Mujeres	05	Cinco Villas
2015,0	12	2	Técnicos y profesionales científicos e intelectuales	Hombres	06	Hoya de Huesca / Plana de Uesca
2015,0	16	2	Técnicos y profesionales científicos e intelectuales	Mujeres	06	Hoya de Huesca / Plana de Uesca
2015,0	1	2	Técnicos y profesionales científicos e intelectuales	Hombres	07	Somontano de Barbastro
2015,0	4	2	Técnicos y profesionales científicos e intelectuales	Mujeres	07	Somontano de Barbastro
2015,0	5	2	Técnicos y profesionales científicos e intelectuales	Hombres	08	Cinca Medio
2015,0	2	2	Técnicos y profesionales científicos e intelectuales	Mujeres	08	Cinca Medio
2015,0	1	2	Técnicos y profesionales científicos e intelectuales	Hombres	09	La Litera / La Llitera
2015,0	2	2	Técnicos y profesionales científicos e intelectuales	Mujeres	09	La Litera / La Llitera
2015,0	1	2	Técnicos y profesionales científicos e intelectuales	Hombres	10	Los Monegros
2015,0	2	2	Técnicos y profesionales científicos e intelectuales	Mujeres	10	Los Monegros
2015,0	1	2	Técnicos y profesionales científicos e intelectuales	Hombres	11	Bajo Cinca / Baix Cinca
2015,0	4	2	Técnicos y profesionales científicos e intelectuales	Mujeres	11	Bajo Cinca / Baix Cinca
2015,0	4	2	Técnicos y profesionales científicos e intelectuales	Hombres	12	Tarazona y el Moncayo
2015,0	1	2	Técnicos y profesionales científicos e intelectuales	Mujeres	13	Campo de Borja
2015,0	3	2	Técnicos y profesionales científicos e intelectuales	Hombres	15	Ribera Alta del Ebro
2015,0	1	2	Técnicos y profesionales científicos e intelectuales	Mujeres	15	Ribera Alta del Ebro
2015,0	5	2	Técnicos y profesionales científicos e intelectuales	Mujeres	16	Valdejalón
2015,0	86	2	Técnicos y profesionales científicos e intelectuales	Hombres	17	D.C. Zaragoza
2015,0	182	2	Técnicos y profesionales científicos e intelectuales	Mujeres	17	D.C. Zaragoza
2015,0	1	2	Técnicos y profesionales científicos e intelectuales	Hombres	18	Ribera Baja del Ebro
2015,0	1	2	Técnicos y profesionales científicos e intelectuales	Mujeres	18	Ribera Baja del Ebro
2015,0	1	2	Técnicos y profesionales científicos e intelectuales	Hombres	20	Comunidad de Calatayud
2015,0	4	2	Técnicos y profesionales científicos e intelectuales	Mujeres	20	Comunidad de Calatayud
2015,0	1	2	Técnicos y profesionales científicos e intelectuales	Hombres	21	Campo de Cariñena
2015,0	1	2	Técnicos y profesionales científicos e intelectuales	Mujeres	21	Campo de Cariñena
2015,0	1	2	Técnicos y profesionales científicos e intelectuales	Mujeres	25	Jiloca
2015,0	1	2	Técnicos y profesionales científicos e intelectuales	Mujeres	26	Cuencas Mineras
2015,0	1	2	Técnicos y profesionales científicos e intelectuales	Mujeres	27	Andorra-Sierra de Arcos
2015,0	1	2	Técnicos y profesionales científicos e intelectuales	Mujeres	28	Bajo Aragón
2015,0	5	2	Técnicos y profesionales científicos e intelectuales	Hombres	29	Comunidad de Teruel
2015,0	14	2	Técnicos y profesionales científicos e intelectuales	Mujeres	29	Comunidad de Teruel
2015,0	1	2	Técnicos y profesionales científicos e intelectuales	Hombres	32	Gúdar-Javalambre
2015,0	5	3	Técnicos; profesionales de apoyo	Hombres	01	La Jacetania
2015,0	4	3	Técnicos; profesionales de apoyo	Mujeres	01	La Jacetania
2015,0	5	3	Técnicos; profesionales de apoyo	Hombres	02	Alto Gállego
2015,0	1	3	Técnicos; profesionales de apoyo	Mujeres	02	Alto Gállego
2015,0	2	3	Técnicos; profesionales de apoyo	Mujeres	03	Sobrarbe
2015,0	2	3	Técnicos; profesionales de apoyo	Hombres	04	La Ribagorza
2015,0	3	3	Técnicos; profesionales de apoyo	Hombres	05	Cinco Villas
2015,0	30	3	Técnicos; profesionales de apoyo	Hombres	06	Hoya de Huesca / Plana de Uesca
2015,0	8	3	Técnicos; profesionales de apoyo	Mujeres	06	Hoya de Huesca / Plana de Uesca
2015,0	1	3	Técnicos; profesionales de apoyo	Hombres	07	Somontano de Barbastro
2015,0	1	3	Técnicos; profesionales de apoyo	Mujeres	07	Somontano de Barbastro
2015,0	2	3	Técnicos; profesionales de apoyo	Hombres	08	Cinca Medio
2015,0	1	3	Técnicos; profesionales de apoyo	Mujeres	08	Cinca Medio
2015,0	2	3	Técnicos; profesionales de apoyo	Hombres	09	La Litera / La Llitera
2015,0	1	3	Técnicos; profesionales de apoyo	Mujeres	09	La Litera / La Llitera
2015,0	1	3	Técnicos; profesionales de apoyo	Hombres	10	Los Monegros
2015,0	1	3	Técnicos; profesionales de apoyo	Mujeres	10	Los Monegros
2015,0	3	3	Técnicos; profesionales de apoyo	Hombres	11	Bajo Cinca / Baix Cinca
2015,0	2	3	Técnicos; profesionales de apoyo	Mujeres	11	Bajo Cinca / Baix Cinca
2015,0	2	3	Técnicos; profesionales de apoyo	Hombres	12	Tarazona y el Moncayo
2015,0	2	3	Técnicos; profesionales de apoyo	Hombres	13	Campo de Borja
2015,0	5	3	Técnicos; profesionales de apoyo	Hombres	15	Ribera Alta del Ebro
2015,0	1	3	Técnicos; profesionales de apoyo	Mujeres	15	Ribera Alta del Ebro
2015,0	8	3	Técnicos; profesionales de apoyo	Hombres	16	Valdejalón
2015,0	1	3	Técnicos; profesionales de apoyo	Mujeres	16	Valdejalón
2015,0	192	3	Técnicos; profesionales de apoyo	Hombres	17	D.C. Zaragoza
2015,0	73	3	Técnicos; profesionales de apoyo	Mujeres	17	D.C. Zaragoza
2015,0	1	3	Técnicos; profesionales de apoyo	Hombres	19	Bajo Aragón-Caspe / Baix Aragó-Casp
2015,0	1	3	Técnicos; profesionales de apoyo	Mujeres	19	Bajo Aragón-Caspe / Baix Aragó-Casp
2015,0	3	3	Técnicos; profesionales de apoyo	Hombres	20	Comunidad de Calatayud
2015,0	1	3	Técnicos; profesionales de apoyo	Mujeres	20	Comunidad de Calatayud
2015,0	1	3	Técnicos; profesionales de apoyo	Hombres	21	Campo de Cariñena
2015,0	1	3	Técnicos; profesionales de apoyo	Hombres	23	Bajo Martín
2015,0	2	3	Técnicos; profesionales de apoyo	Hombres	25	Jiloca
2015,0	1	3	Técnicos; profesionales de apoyo	Hombres	26	Cuencas Mineras
2015,0	1	3	Técnicos; profesionales de apoyo	Mujeres	26	Cuencas Mineras
2015,0	5	3	Técnicos; profesionales de apoyo	Hombres	27	Andorra-Sierra de Arcos
2015,0	2	3	Técnicos; profesionales de apoyo	Hombres	28	Bajo Aragón
2015,0	1	3	Técnicos; profesionales de apoyo	Mujeres	28	Bajo Aragón
2015,0	4	3	Técnicos; profesionales de apoyo	Hombres	29	Comunidad de Teruel
2015,0	2	3	Técnicos; profesionales de apoyo	Mujeres	29	Comunidad de Teruel
2015,0	2	3	Técnicos; profesionales de apoyo	Hombres	32	Gúdar-Javalambre
2015,0	1	3	Técnicos; profesionales de apoyo	Mujeres	32	Gúdar-Javalambre
2015,0	1	3	Técnicos; profesionales de apoyo	Hombres	33	Matarraña / Matarranya
2015,0	1	3	Técnicos; profesionales de apoyo	Mujeres	NC	Municipio del centro de trabajo fuera de Aragón
2015,0	3	4	Empleados contables, administrativos y otros empleados de oficina	Mujeres	01	La Jacetania
2015,0	1	4	Empleados contables, administrativos y otros empleados de oficina	Mujeres	02	Alto Gállego
2015,0	2	4	Empleados contables, administrativos y otros empleados de oficina	Mujeres	05	Cinco Villas
2015,0	9	4	Empleados contables, administrativos y otros empleados de oficina	Hombres	06	Hoya de Huesca / Plana de Uesca
2015,0	15	4	Empleados contables, administrativos y otros empleados de oficina	Mujeres	06	Hoya de Huesca / Plana de Uesca
2015,0	3	4	Empleados contables, administrativos y otros empleados de oficina	Hombres	07	Somontano de Barbastro
2015,0	4	4	Empleados contables, administrativos y otros empleados de oficina	Mujeres	07	Somontano de Barbastro
2015,0	4	4	Empleados contables, administrativos y otros empleados de oficina	Mujeres	08	Cinca Medio
2015,0	2	4	Empleados contables, administrativos y otros empleados de oficina	Hombres	09	La Litera / La Llitera
2015,0	1	4	Empleados contables, administrativos y otros empleados de oficina	Mujeres	09	La Litera / La Llitera
2015,0	1	4	Empleados contables, administrativos y otros empleados de oficina	Mujeres	10	Los Monegros
2015,0	2	4	Empleados contables, administrativos y otros empleados de oficina	Hombres	11	Bajo Cinca / Baix Cinca
2015,0	2	4	Empleados contables, administrativos y otros empleados de oficina	Mujeres	11	Bajo Cinca / Baix Cinca
2015,0	1	4	Empleados contables, administrativos y otros empleados de oficina	Hombres	12	Tarazona y el Moncayo
2015,0	2	4	Empleados contables, administrativos y otros empleados de oficina	Mujeres	12	Tarazona y el Moncayo
2015,0	4	4	Empleados contables, administrativos y otros empleados de oficina	Hombres	15	Ribera Alta del Ebro
2015,0	3	4	Empleados contables, administrativos y otros empleados de oficina	Mujeres	15	Ribera Alta del Ebro
2015,0	2	4	Empleados contables, administrativos y otros empleados de oficina	Hombres	16	Valdejalón
2015,0	2	4	Empleados contables, administrativos y otros empleados de oficina	Mujeres	16	Valdejalón
2015,0	59	4	Empleados contables, administrativos y otros empleados de oficina	Hombres	17	D.C. Zaragoza
2015,0	143	4	Empleados contables, administrativos y otros empleados de oficina	Mujeres	17	D.C. Zaragoza
2015,0	1	4	Empleados contables, administrativos y otros empleados de oficina	Hombres	18	Ribera Baja del Ebro
2015,0	3	4	Empleados contables, administrativos y otros empleados de oficina	Mujeres	20	Comunidad de Calatayud
2015,0	1	4	Empleados contables, administrativos y otros empleados de oficina	Hombres	24	Campo de Daroca
2015,0	1	4	Empleados contables, administrativos y otros empleados de oficina	Mujeres	24	Campo de Daroca
2015,0	1	4	Empleados contables, administrativos y otros empleados de oficina	Mujeres	25	Jiloca
2015,0	1	4	Empleados contables, administrativos y otros empleados de oficina	Hombres	26	Cuencas Mineras
2015,0	2	4	Empleados contables, administrativos y otros empleados de oficina	Mujeres	26	Cuencas Mineras
2015,0	2	4	Empleados contables, administrativos y otros empleados de oficina	Mujeres	27	Andorra-Sierra de Arcos
2015,0	1	4	Empleados contables, administrativos y otros empleados de oficina	Mujeres	28	Bajo Aragón
2015,0	3	4	Empleados contables, administrativos y otros empleados de oficina	Hombres	29	Comunidad de Teruel
2015,0	13	4	Empleados contables, administrativos y otros empleados de oficina	Mujeres	29	Comunidad de Teruel
2015,0	12	5	Trabajadores de los servicios de restauración, personales, protección y vendedores	Hombres	01	La Jacetania
2015,0	21	5	Trabajadores de los servicios de restauración, personales, protección y vendedores	Mujeres	01	La Jacetania
2015,0	9	5	Trabajadores de los servicios de restauración, personales, protección y vendedores	Hombres	02	Alto Gállego
2015,0	19	5	Trabajadores de los servicios de restauración, personales, protección y vendedores	Mujeres	02	Alto Gállego
2015,0	16	5	Trabajadores de los servicios de restauración, personales, protección y vendedores	Mujeres	03	Sobrarbe
2015,0	5	5	Trabajadores de los servicios de restauración, personales, protección y vendedores	Hombres	04	La Ribagorza
2015,0	21	5	Trabajadores de los servicios de restauración, personales, protección y vendedores	Mujeres	04	La Ribagorza
2015,0	8	5	Trabajadores de los servicios de restauración, personales, protección y vendedores	Hombres	05	Cinco Villas
2015,0	23	5	Trabajadores de los servicios de restauración, personales, protección y vendedores	Mujeres	05	Cinco Villas
2015,0	49	5	Trabajadores de los servicios de restauración, personales, protección y vendedores	Hombres	06	Hoya de Huesca / Plana de Uesca
2015,0	93	5	Trabajadores de los servicios de restauración, personales, protección y vendedores	Mujeres	06	Hoya de Huesca / Plana de Uesca
2015,0	11	5	Trabajadores de los servicios de restauración, personales, protección y vendedores	Hombres	07	Somontano de Barbastro
2015,0	35	5	Trabajadores de los servicios de restauración, personales, protección y vendedores	Mujeres	07	Somontano de Barbastro
2015,0	7	5	Trabajadores de los servicios de restauración, personales, protección y vendedores	Hombres	08	Cinca Medio
2015,0	22	5	Trabajadores de los servicios de restauración, personales, protección y vendedores	Mujeres	08	Cinca Medio
2015,0	3	5	Trabajadores de los servicios de restauración, personales, protección y vendedores	Hombres	09	La Litera / La Llitera
2015,0	24	5	Trabajadores de los servicios de restauración, personales, protección y vendedores	Mujeres	09	La Litera / La Llitera
2015,0	1	5	Trabajadores de los servicios de restauración, personales, protección y vendedores	Hombres	10	Los Monegros
2015,0	14	5	Trabajadores de los servicios de restauración, personales, protección y vendedores	Mujeres	10	Los Monegros
2015,0	4	5	Trabajadores de los servicios de restauración, personales, protección y vendedores	Hombres	11	Bajo Cinca / Baix Cinca
2015,0	11	5	Trabajadores de los servicios de restauración, personales, protección y vendedores	Mujeres	11	Bajo Cinca / Baix Cinca
2015,0	4	5	Trabajadores de los servicios de restauración, personales, protección y vendedores	Hombres	12	Tarazona y el Moncayo
2015,0	12	5	Trabajadores de los servicios de restauración, personales, protección y vendedores	Mujeres	12	Tarazona y el Moncayo
2015,0	2	5	Trabajadores de los servicios de restauración, personales, protección y vendedores	Hombres	13	Campo de Borja
2015,0	17	5	Trabajadores de los servicios de restauración, personales, protección y vendedores	Mujeres	13	Campo de Borja
2015,0	1	5	Trabajadores de los servicios de restauración, personales, protección y vendedores	Hombres	14	Aranda
2015,0	7	5	Trabajadores de los servicios de restauración, personales, protección y vendedores	Mujeres	14	Aranda
2015,0	8	5	Trabajadores de los servicios de restauración, personales, protección y vendedores	Hombres	15	Ribera Alta del Ebro
2015,0	16	5	Trabajadores de los servicios de restauración, personales, protección y vendedores	Mujeres	15	Ribera Alta del Ebro
2015,0	10	5	Trabajadores de los servicios de restauración, personales, protección y vendedores	Hombres	16	Valdejalón
2015,0	17	5	Trabajadores de los servicios de restauración, personales, protección y vendedores	Mujeres	16	Valdejalón
2015,0	537	5	Trabajadores de los servicios de restauración, personales, protección y vendedores	Hombres	17	D.C. Zaragoza
2015,0	1069	5	Trabajadores de los servicios de restauración, personales, protección y vendedores	Mujeres	17	D.C. Zaragoza
2015,0	2	5	Trabajadores de los servicios de restauración, personales, protección y vendedores	Hombres	18	Ribera Baja del Ebro
2015,0	10	5	Trabajadores de los servicios de restauración, personales, protección y vendedores	Mujeres	18	Ribera Baja del Ebro
2015,0	2	5	Trabajadores de los servicios de restauración, personales, protección y vendedores	Hombres	19	Bajo Aragón-Caspe / Baix Aragó-Casp
2015,0	9	5	Trabajadores de los servicios de restauración, personales, protección y vendedores	Mujeres	19	Bajo Aragón-Caspe / Baix Aragó-Casp
2015,0	15	5	Trabajadores de los servicios de restauración, personales, protección y vendedores	Hombres	20	Comunidad de Calatayud
2015,0	39	5	Trabajadores de los servicios de restauración, personales, protección y vendedores	Mujeres	20	Comunidad de Calatayud
2015,0	10	5	Trabajadores de los servicios de restauración, personales, protección y vendedores	Mujeres	21	Campo de Cariñena
2015,0	4	5	Trabajadores de los servicios de restauración, personales, protección y vendedores	Mujeres	22	Campo de Belchite
2015,0	4	5	Trabajadores de los servicios de restauración, personales, protección y vendedores	Mujeres	24	Campo de Daroca
2015,0	4	5	Trabajadores de los servicios de restauración, personales, protección y vendedores	Hombres	25	Jiloca
2015,0	3	5	Trabajadores de los servicios de restauración, personales, protección y vendedores	Mujeres	25	Jiloca
2015,0	4	5	Trabajadores de los servicios de restauración, personales, protección y vendedores	Hombres	26	Cuencas Mineras
2015,0	6	5	Trabajadores de los servicios de restauración, personales, protección y vendedores	Mujeres	26	Cuencas Mineras
2015,0	4	5	Trabajadores de los servicios de restauración, personales, protección y vendedores	Hombres	27	Andorra-Sierra de Arcos
2015,0	7	5	Trabajadores de los servicios de restauración, personales, protección y vendedores	Mujeres	27	Andorra-Sierra de Arcos
2015,0	5	5	Trabajadores de los servicios de restauración, personales, protección y vendedores	Hombres	28	Bajo Aragón
2015,0	18	5	Trabajadores de los servicios de restauración, personales, protección y vendedores	Mujeres	28	Bajo Aragón
2015,0	12	5	Trabajadores de los servicios de restauración, personales, protección y vendedores	Hombres	29	Comunidad de Teruel
2015,0	51	5	Trabajadores de los servicios de restauración, personales, protección y vendedores	Mujeres	29	Comunidad de Teruel
2015,0	1	5	Trabajadores de los servicios de restauración, personales, protección y vendedores	Hombres	31	Sierra de Albarracín
2015,0	4	5	Trabajadores de los servicios de restauración, personales, protección y vendedores	Mujeres	31	Sierra de Albarracín
2015,0	7	5	Trabajadores de los servicios de restauración, personales, protección y vendedores	Mujeres	32	Gúdar-Javalambre
2015,0	1	5	Trabajadores de los servicios de restauración, personales, protección y vendedores	Hombres	33	Matarraña / Matarranya
2015,0	1	5	Trabajadores de los servicios de restauración, personales, protección y vendedores	Hombres	NC	Municipio del centro de trabajo fuera de Aragón
2015,0	2	5	Trabajadores de los servicios de restauración, personales, protección y vendedores	Mujeres	NC	Municipio del centro de trabajo fuera de Aragón
2015,0	6	6	Trabajadores cualificados en el sector agrícola, ganadero, forestal y pesquero	Hombres	01	La Jacetania
2015,0	1	6	Trabajadores cualificados en el sector agrícola, ganadero, forestal y pesquero	Mujeres	01	La Jacetania
2015,0	3	6	Trabajadores cualificados en el sector agrícola, ganadero, forestal y pesquero	Hombres	02	Alto Gállego
2015,0	1	6	Trabajadores cualificados en el sector agrícola, ganadero, forestal y pesquero	Hombres	03	Sobrarbe
2015,0	14	6	Trabajadores cualificados en el sector agrícola, ganadero, forestal y pesquero	Hombres	04	La Ribagorza
2015,0	2	6	Trabajadores cualificados en el sector agrícola, ganadero, forestal y pesquero	Mujeres	04	La Ribagorza
2015,0	39	6	Trabajadores cualificados en el sector agrícola, ganadero, forestal y pesquero	Hombres	05	Cinco Villas
2015,0	3	6	Trabajadores cualificados en el sector agrícola, ganadero, forestal y pesquero	Mujeres	05	Cinco Villas
2015,0	15	6	Trabajadores cualificados en el sector agrícola, ganadero, forestal y pesquero	Hombres	06	Hoya de Huesca / Plana de Uesca
2015,0	2	6	Trabajadores cualificados en el sector agrícola, ganadero, forestal y pesquero	Mujeres	06	Hoya de Huesca / Plana de Uesca
2015,0	12	6	Trabajadores cualificados en el sector agrícola, ganadero, forestal y pesquero	Hombres	07	Somontano de Barbastro
2015,0	15	6	Trabajadores cualificados en el sector agrícola, ganadero, forestal y pesquero	Hombres	08	Cinca Medio
2015,0	2	6	Trabajadores cualificados en el sector agrícola, ganadero, forestal y pesquero	Mujeres	08	Cinca Medio
2015,0	19	6	Trabajadores cualificados en el sector agrícola, ganadero, forestal y pesquero	Hombres	09	La Litera / La Llitera
2015,0	2	6	Trabajadores cualificados en el sector agrícola, ganadero, forestal y pesquero	Mujeres	09	La Litera / La Llitera
2015,0	17	6	Trabajadores cualificados en el sector agrícola, ganadero, forestal y pesquero	Hombres	10	Los Monegros
2015,0	1	6	Trabajadores cualificados en el sector agrícola, ganadero, forestal y pesquero	Mujeres	10	Los Monegros
2015,0	32	6	Trabajadores cualificados en el sector agrícola, ganadero, forestal y pesquero	Hombres	11	Bajo Cinca / Baix Cinca
2015,0	4	6	Trabajadores cualificados en el sector agrícola, ganadero, forestal y pesquero	Mujeres	11	Bajo Cinca / Baix Cinca
2015,0	8	6	Trabajadores cualificados en el sector agrícola, ganadero, forestal y pesquero	Hombres	12	Tarazona y el Moncayo
2015,0	7	6	Trabajadores cualificados en el sector agrícola, ganadero, forestal y pesquero	Hombres	13	Campo de Borja
2015,0	1	6	Trabajadores cualificados en el sector agrícola, ganadero, forestal y pesquero	Hombres	14	Aranda
2015,0	6	6	Trabajadores cualificados en el sector agrícola, ganadero, forestal y pesquero	Hombres	15	Ribera Alta del Ebro
2015,0	1	6	Trabajadores cualificados en el sector agrícola, ganadero, forestal y pesquero	Mujeres	15	Ribera Alta del Ebro
2015,0	18	6	Trabajadores cualificados en el sector agrícola, ganadero, forestal y pesquero	Hombres	16	Valdejalón
2015,0	1	6	Trabajadores cualificados en el sector agrícola, ganadero, forestal y pesquero	Mujeres	16	Valdejalón
2015,0	46	6	Trabajadores cualificados en el sector agrícola, ganadero, forestal y pesquero	Hombres	17	D.C. Zaragoza
2015,0	6	6	Trabajadores cualificados en el sector agrícola, ganadero, forestal y pesquero	Mujeres	17	D.C. Zaragoza
2015,0	3	6	Trabajadores cualificados en el sector agrícola, ganadero, forestal y pesquero	Hombres	18	Ribera Baja del Ebro
2015,0	9	6	Trabajadores cualificados en el sector agrícola, ganadero, forestal y pesquero	Hombres	19	Bajo Aragón-Caspe / Baix Aragó-Casp
2015,0	2	6	Trabajadores cualificados en el sector agrícola, ganadero, forestal y pesquero	Mujeres	19	Bajo Aragón-Caspe / Baix Aragó-Casp
2015,0	10	6	Trabajadores cualificados en el sector agrícola, ganadero, forestal y pesquero	Hombres	20	Comunidad de Calatayud
2015,0	2	6	Trabajadores cualificados en el sector agrícola, ganadero, forestal y pesquero	Mujeres	20	Comunidad de Calatayud
2015,0	13	6	Trabajadores cualificados en el sector agrícola, ganadero, forestal y pesquero	Hombres	21	Campo de Cariñena
2015,0	4	6	Trabajadores cualificados en el sector agrícola, ganadero, forestal y pesquero	Hombres	22	Campo de Belchite
2015,0	8	6	Trabajadores cualificados en el sector agrícola, ganadero, forestal y pesquero	Hombres	23	Bajo Martín
2015,0	5	6	Trabajadores cualificados en el sector agrícola, ganadero, forestal y pesquero	Hombres	24	Campo de Daroca
2015,0	1	6	Trabajadores cualificados en el sector agrícola, ganadero, forestal y pesquero	Mujeres	24	Campo de Daroca
2015,0	10	6	Trabajadores cualificados en el sector agrícola, ganadero, forestal y pesquero	Hombres	25	Jiloca
2015,0	2	6	Trabajadores cualificados en el sector agrícola, ganadero, forestal y pesquero	Hombres	26	Cuencas Mineras
2015,0	1	6	Trabajadores cualificados en el sector agrícola, ganadero, forestal y pesquero	Mujeres	26	Cuencas Mineras
2015,0	6	6	Trabajadores cualificados en el sector agrícola, ganadero, forestal y pesquero	Hombres	28	Bajo Aragón
2015,0	4	6	Trabajadores cualificados en el sector agrícola, ganadero, forestal y pesquero	Mujeres	28	Bajo Aragón
2015,0	17	6	Trabajadores cualificados en el sector agrícola, ganadero, forestal y pesquero	Hombres	29	Comunidad de Teruel
2015,0	4	6	Trabajadores cualificados en el sector agrícola, ganadero, forestal y pesquero	Hombres	30	Maestrazgo
2015,0	3	6	Trabajadores cualificados en el sector agrícola, ganadero, forestal y pesquero	Hombres	31	Sierra de Albarracín
2015,0	6	6	Trabajadores cualificados en el sector agrícola, ganadero, forestal y pesquero	Hombres	32	Gúdar-Javalambre
2015,0	1	6	Trabajadores cualificados en el sector agrícola, ganadero, forestal y pesquero	Mujeres	32	Gúdar-Javalambre
2015,0	12	6	Trabajadores cualificados en el sector agrícola, ganadero, forestal y pesquero	Hombres	33	Matarraña / Matarranya
2015,0	4	6	Trabajadores cualificados en el sector agrícola, ganadero, forestal y pesquero	Hombres	NC	Municipio del centro de trabajo fuera de Aragón
2015,0	2	6	Trabajadores cualificados en el sector agrícola, ganadero, forestal y pesquero	Mujeres	NC	Municipio del centro de trabajo fuera de Aragón
2015,0	22	7	Artesanos y trabajadores cualificados de las industrias manufactureras y la construcción (excepto operadores de instalaciones y maquinaria)	Hombres	01	La Jacetania
2015,0	22	7	Artesanos y trabajadores cualificados de las industrias manufactureras y la construcción (excepto operadores de instalaciones y maquinaria)	Hombres	02	Alto Gállego
2015,0	12	7	Artesanos y trabajadores cualificados de las industrias manufactureras y la construcción (excepto operadores de instalaciones y maquinaria)	Hombres	03	Sobrarbe
2015,0	28	7	Artesanos y trabajadores cualificados de las industrias manufactureras y la construcción (excepto operadores de instalaciones y maquinaria)	Hombres	04	La Ribagorza
2015,0	1	7	Artesanos y trabajadores cualificados de las industrias manufactureras y la construcción (excepto operadores de instalaciones y maquinaria)	Mujeres	04	La Ribagorza
2015,0	102	7	Artesanos y trabajadores cualificados de las industrias manufactureras y la construcción (excepto operadores de instalaciones y maquinaria)	Hombres	05	Cinco Villas
2015,0	5	7	Artesanos y trabajadores cualificados de las industrias manufactureras y la construcción (excepto operadores de instalaciones y maquinaria)	Mujeres	05	Cinco Villas
2015,0	159	7	Artesanos y trabajadores cualificados de las industrias manufactureras y la construcción (excepto operadores de instalaciones y maquinaria)	Hombres	06	Hoya de Huesca / Plana de Uesca
2015,0	3	7	Artesanos y trabajadores cualificados de las industrias manufactureras y la construcción (excepto operadores de instalaciones y maquinaria)	Mujeres	06	Hoya de Huesca / Plana de Uesca
2015,0	48	7	Artesanos y trabajadores cualificados de las industrias manufactureras y la construcción (excepto operadores de instalaciones y maquinaria)	Hombres	07	Somontano de Barbastro
2015,0	74	7	Artesanos y trabajadores cualificados de las industrias manufactureras y la construcción (excepto operadores de instalaciones y maquinaria)	Hombres	08	Cinca Medio
2015,0	1	7	Artesanos y trabajadores cualificados de las industrias manufactureras y la construcción (excepto operadores de instalaciones y maquinaria)	Mujeres	08	Cinca Medio
2015,0	93	7	Artesanos y trabajadores cualificados de las industrias manufactureras y la construcción (excepto operadores de instalaciones y maquinaria)	Hombres	09	La Litera / La Llitera
2015,0	3	7	Artesanos y trabajadores cualificados de las industrias manufactureras y la construcción (excepto operadores de instalaciones y maquinaria)	Mujeres	09	La Litera / La Llitera
2015,0	45	7	Artesanos y trabajadores cualificados de las industrias manufactureras y la construcción (excepto operadores de instalaciones y maquinaria)	Hombres	10	Los Monegros
2015,0	1	7	Artesanos y trabajadores cualificados de las industrias manufactureras y la construcción (excepto operadores de instalaciones y maquinaria)	Mujeres	10	Los Monegros
2015,0	58	7	Artesanos y trabajadores cualificados de las industrias manufactureras y la construcción (excepto operadores de instalaciones y maquinaria)	Hombres	11	Bajo Cinca / Baix Cinca
2015,0	5	7	Artesanos y trabajadores cualificados de las industrias manufactureras y la construcción (excepto operadores de instalaciones y maquinaria)	Mujeres	11	Bajo Cinca / Baix Cinca
2015,0	37	7	Artesanos y trabajadores cualificados de las industrias manufactureras y la construcción (excepto operadores de instalaciones y maquinaria)	Hombres	12	Tarazona y el Moncayo
2015,0	1	7	Artesanos y trabajadores cualificados de las industrias manufactureras y la construcción (excepto operadores de instalaciones y maquinaria)	Mujeres	12	Tarazona y el Moncayo
2015,0	27	7	Artesanos y trabajadores cualificados de las industrias manufactureras y la construcción (excepto operadores de instalaciones y maquinaria)	Hombres	13	Campo de Borja
2015,0	2	7	Artesanos y trabajadores cualificados de las industrias manufactureras y la construcción (excepto operadores de instalaciones y maquinaria)	Mujeres	13	Campo de Borja
2015,0	11	7	Artesanos y trabajadores cualificados de las industrias manufactureras y la construcción (excepto operadores de instalaciones y maquinaria)	Hombres	14	Aranda
2015,0	3	7	Artesanos y trabajadores cualificados de las industrias manufactureras y la construcción (excepto operadores de instalaciones y maquinaria)	Mujeres	14	Aranda
2015,0	91	7	Artesanos y trabajadores cualificados de las industrias manufactureras y la construcción (excepto operadores de instalaciones y maquinaria)	Hombres	15	Ribera Alta del Ebro
2015,0	7	7	Artesanos y trabajadores cualificados de las industrias manufactureras y la construcción (excepto operadores de instalaciones y maquinaria)	Mujeres	15	Ribera Alta del Ebro
2015,0	98	7	Artesanos y trabajadores cualificados de las industrias manufactureras y la construcción (excepto operadores de instalaciones y maquinaria)	Hombres	16	Valdejalón
2015,0	13	7	Artesanos y trabajadores cualificados de las industrias manufactureras y la construcción (excepto operadores de instalaciones y maquinaria)	Mujeres	16	Valdejalón
2015,0	1342	7	Artesanos y trabajadores cualificados de las industrias manufactureras y la construcción (excepto operadores de instalaciones y maquinaria)	Hombres	17	D.C. Zaragoza
2015,0	78	7	Artesanos y trabajadores cualificados de las industrias manufactureras y la construcción (excepto operadores de instalaciones y maquinaria)	Mujeres	17	D.C. Zaragoza
2015,0	20	7	Artesanos y trabajadores cualificados de las industrias manufactureras y la construcción (excepto operadores de instalaciones y maquinaria)	Hombres	18	Ribera Baja del Ebro
2015,0	10	7	Artesanos y trabajadores cualificados de las industrias manufactureras y la construcción (excepto operadores de instalaciones y maquinaria)	Mujeres	18	Ribera Baja del Ebro
2015,0	16	7	Artesanos y trabajadores cualificados de las industrias manufactureras y la construcción (excepto operadores de instalaciones y maquinaria)	Hombres	19	Bajo Aragón-Caspe / Baix Aragó-Casp
2015,0	3	7	Artesanos y trabajadores cualificados de las industrias manufactureras y la construcción (excepto operadores de instalaciones y maquinaria)	Mujeres	19	Bajo Aragón-Caspe / Baix Aragó-Casp
2015,0	47	7	Artesanos y trabajadores cualificados de las industrias manufactureras y la construcción (excepto operadores de instalaciones y maquinaria)	Hombres	20	Comunidad de Calatayud
2015,0	8	7	Artesanos y trabajadores cualificados de las industrias manufactureras y la construcción (excepto operadores de instalaciones y maquinaria)	Mujeres	20	Comunidad de Calatayud
2015,0	40	7	Artesanos y trabajadores cualificados de las industrias manufactureras y la construcción (excepto operadores de instalaciones y maquinaria)	Hombres	21	Campo de Cariñena
2015,0	3	7	Artesanos y trabajadores cualificados de las industrias manufactureras y la construcción (excepto operadores de instalaciones y maquinaria)	Mujeres	21	Campo de Cariñena
2015,0	2	7	Artesanos y trabajadores cualificados de las industrias manufactureras y la construcción (excepto operadores de instalaciones y maquinaria)	Hombres	22	Campo de Belchite
2015,0	14	7	Artesanos y trabajadores cualificados de las industrias manufactureras y la construcción (excepto operadores de instalaciones y maquinaria)	Hombres	23	Bajo Martín
2015,0	2	7	Artesanos y trabajadores cualificados de las industrias manufactureras y la construcción (excepto operadores de instalaciones y maquinaria)	Mujeres	23	Bajo Martín
2015,0	9	7	Artesanos y trabajadores cualificados de las industrias manufactureras y la construcción (excepto operadores de instalaciones y maquinaria)	Hombres	24	Campo de Daroca
2015,0	1	7	Artesanos y trabajadores cualificados de las industrias manufactureras y la construcción (excepto operadores de instalaciones y maquinaria)	Mujeres	24	Campo de Daroca
2015,0	17	7	Artesanos y trabajadores cualificados de las industrias manufactureras y la construcción (excepto operadores de instalaciones y maquinaria)	Hombres	25	Jiloca
2015,0	3	7	Artesanos y trabajadores cualificados de las industrias manufactureras y la construcción (excepto operadores de instalaciones y maquinaria)	Mujeres	25	Jiloca
2015,0	21	7	Artesanos y trabajadores cualificados de las industrias manufactureras y la construcción (excepto operadores de instalaciones y maquinaria)	Hombres	26	Cuencas Mineras
2015,0	2	7	Artesanos y trabajadores cualificados de las industrias manufactureras y la construcción (excepto operadores de instalaciones y maquinaria)	Mujeres	26	Cuencas Mineras
2015,0	15	7	Artesanos y trabajadores cualificados de las industrias manufactureras y la construcción (excepto operadores de instalaciones y maquinaria)	Hombres	27	Andorra-Sierra de Arcos
2015,0	2	7	Artesanos y trabajadores cualificados de las industrias manufactureras y la construcción (excepto operadores de instalaciones y maquinaria)	Mujeres	27	Andorra-Sierra de Arcos
2015,0	34	7	Artesanos y trabajadores cualificados de las industrias manufactureras y la construcción (excepto operadores de instalaciones y maquinaria)	Hombres	28	Bajo Aragón
2015,0	82	7	Artesanos y trabajadores cualificados de las industrias manufactureras y la construcción (excepto operadores de instalaciones y maquinaria)	Hombres	29	Comunidad de Teruel
2015,0	2	7	Artesanos y trabajadores cualificados de las industrias manufactureras y la construcción (excepto operadores de instalaciones y maquinaria)	Mujeres	29	Comunidad de Teruel
2015,0	3	7	Artesanos y trabajadores cualificados de las industrias manufactureras y la construcción (excepto operadores de instalaciones y maquinaria)	Hombres	30	Maestrazgo
2015,0	7	7	Artesanos y trabajadores cualificados de las industrias manufactureras y la construcción (excepto operadores de instalaciones y maquinaria)	Hombres	31	Sierra de Albarracín
2015,0	1	7	Artesanos y trabajadores cualificados de las industrias manufactureras y la construcción (excepto operadores de instalaciones y maquinaria)	Mujeres	31	Sierra de Albarracín
2015,0	14	7	Artesanos y trabajadores cualificados de las industrias manufactureras y la construcción (excepto operadores de instalaciones y maquinaria)	Hombres	32	Gúdar-Javalambre
2015,0	3	7	Artesanos y trabajadores cualificados de las industrias manufactureras y la construcción (excepto operadores de instalaciones y maquinaria)	Mujeres	32	Gúdar-Javalambre
2015,0	23	7	Artesanos y trabajadores cualificados de las industrias manufactureras y la construcción (excepto operadores de instalaciones y maquinaria)	Hombres	33	Matarraña / Matarranya
2015,0	1	7	Artesanos y trabajadores cualificados de las industrias manufactureras y la construcción (excepto operadores de instalaciones y maquinaria)	Mujeres	33	Matarraña / Matarranya
2015,0	27	7	Artesanos y trabajadores cualificados de las industrias manufactureras y la construcción (excepto operadores de instalaciones y maquinaria)	Hombres	NC	Municipio del centro de trabajo fuera de Aragón
2015,0	15	8	Operadores de instalaciones y maquinaria, y montadores	Hombres	01	La Jacetania
2015,0	11	8	Operadores de instalaciones y maquinaria, y montadores	Hombres	02	Alto Gállego
2015,0	3	8	Operadores de instalaciones y maquinaria, y montadores	Hombres	03	Sobrarbe
2015,0	18	8	Operadores de instalaciones y maquinaria, y montadores	Hombres	04	La Ribagorza
2015,0	2	8	Operadores de instalaciones y maquinaria, y montadores	Mujeres	04	La Ribagorza
2015,0	39	8	Operadores de instalaciones y maquinaria, y montadores	Hombres	05	Cinco Villas
2015,0	6	8	Operadores de instalaciones y maquinaria, y montadores	Mujeres	05	Cinco Villas
2015,0	87	8	Operadores de instalaciones y maquinaria, y montadores	Hombres	06	Hoya de Huesca / Plana de Uesca
2015,0	4	8	Operadores de instalaciones y maquinaria, y montadores	Mujeres	06	Hoya de Huesca / Plana de Uesca
2015,0	47	8	Operadores de instalaciones y maquinaria, y montadores	Hombres	07	Somontano de Barbastro
2015,0	2	8	Operadores de instalaciones y maquinaria, y montadores	Mujeres	07	Somontano de Barbastro
2015,0	40	8	Operadores de instalaciones y maquinaria, y montadores	Hombres	08	Cinca Medio
2015,0	24	8	Operadores de instalaciones y maquinaria, y montadores	Hombres	09	La Litera / La Llitera
2015,0	2	8	Operadores de instalaciones y maquinaria, y montadores	Mujeres	09	La Litera / La Llitera
2015,0	26	8	Operadores de instalaciones y maquinaria, y montadores	Hombres	10	Los Monegros
2015,0	48	8	Operadores de instalaciones y maquinaria, y montadores	Hombres	11	Bajo Cinca / Baix Cinca
2015,0	3	8	Operadores de instalaciones y maquinaria, y montadores	Mujeres	11	Bajo Cinca / Baix Cinca
2015,0	16	8	Operadores de instalaciones y maquinaria, y montadores	Hombres	12	Tarazona y el Moncayo
2015,0	2	8	Operadores de instalaciones y maquinaria, y montadores	Mujeres	12	Tarazona y el Moncayo
2015,0	11	8	Operadores de instalaciones y maquinaria, y montadores	Hombres	13	Campo de Borja
2015,0	3	8	Operadores de instalaciones y maquinaria, y montadores	Mujeres	13	Campo de Borja
2015,0	12	8	Operadores de instalaciones y maquinaria, y montadores	Hombres	14	Aranda
2015,0	209	8	Operadores de instalaciones y maquinaria, y montadores	Hombres	15	Ribera Alta del Ebro
2015,0	29	8	Operadores de instalaciones y maquinaria, y montadores	Mujeres	15	Ribera Alta del Ebro
2015,0	89	8	Operadores de instalaciones y maquinaria, y montadores	Hombres	16	Valdejalón
2015,0	15	8	Operadores de instalaciones y maquinaria, y montadores	Mujeres	16	Valdejalón
2015,0	1083	8	Operadores de instalaciones y maquinaria, y montadores	Hombres	17	D.C. Zaragoza
2015,0	83	8	Operadores de instalaciones y maquinaria, y montadores	Mujeres	17	D.C. Zaragoza
2015,0	10	8	Operadores de instalaciones y maquinaria, y montadores	Hombres	18	Ribera Baja del Ebro
2015,0	14	8	Operadores de instalaciones y maquinaria, y montadores	Hombres	19	Bajo Aragón-Caspe / Baix Aragó-Casp
2015,0	1	8	Operadores de instalaciones y maquinaria, y montadores	Mujeres	19	Bajo Aragón-Caspe / Baix Aragó-Casp
2015,0	24	8	Operadores de instalaciones y maquinaria, y montadores	Hombres	20	Comunidad de Calatayud
2015,0	1	8	Operadores de instalaciones y maquinaria, y montadores	Mujeres	20	Comunidad de Calatayud
2015,0	22	8	Operadores de instalaciones y maquinaria, y montadores	Hombres	21	Campo de Cariñena
2015,0	8	8	Operadores de instalaciones y maquinaria, y montadores	Hombres	22	Campo de Belchite
2015,0	20	8	Operadores de instalaciones y maquinaria, y montadores	Hombres	23	Bajo Martín
2015,0	2	8	Operadores de instalaciones y maquinaria, y montadores	Hombres	24	Campo de Daroca
2015,0	16	8	Operadores de instalaciones y maquinaria, y montadores	Hombres	25	Jiloca
2015,0	4	8	Operadores de instalaciones y maquinaria, y montadores	Hombres	26	Cuencas Mineras
2015,0	55	8	Operadores de instalaciones y maquinaria, y montadores	Hombres	27	Andorra-Sierra de Arcos
2015,0	3	8	Operadores de instalaciones y maquinaria, y montadores	Mujeres	27	Andorra-Sierra de Arcos
2015,0	29	8	Operadores de instalaciones y maquinaria, y montadores	Hombres	28	Bajo Aragón
2015,0	3	8	Operadores de instalaciones y maquinaria, y montadores	Mujeres	28	Bajo Aragón
2015,0	51	8	Operadores de instalaciones y maquinaria, y montadores	Hombres	29	Comunidad de Teruel
2015,0	1	8	Operadores de instalaciones y maquinaria, y montadores	Mujeres	29	Comunidad de Teruel
2015,0	1	8	Operadores de instalaciones y maquinaria, y montadores	Hombres	30	Maestrazgo
2015,0	1	8	Operadores de instalaciones y maquinaria, y montadores	Hombres	31	Sierra de Albarracín
2015,0	5	8	Operadores de instalaciones y maquinaria, y montadores	Hombres	32	Gúdar-Javalambre
2015,0	4	8	Operadores de instalaciones y maquinaria, y montadores	Hombres	33	Matarraña / Matarranya
2015,0	18	8	Operadores de instalaciones y maquinaria, y montadores	Hombres	NC	Municipio del centro de trabajo fuera de Aragón
2015,0	21	9	Ocupaciones elementales	Hombres	01	La Jacetania
2015,0	6	9	Ocupaciones elementales	Mujeres	01	La Jacetania
2015,0	14	9	Ocupaciones elementales	Hombres	02	Alto Gállego
2015,0	9	9	Ocupaciones elementales	Mujeres	02	Alto Gállego
2015,0	11	9	Ocupaciones elementales	Hombres	03	Sobrarbe
2015,0	6	9	Ocupaciones elementales	Mujeres	03	Sobrarbe
2015,0	17	9	Ocupaciones elementales	Hombres	04	La Ribagorza
2015,0	4	9	Ocupaciones elementales	Mujeres	04	La Ribagorza
2015,0	85	9	Ocupaciones elementales	Hombres	05	Cinco Villas
2015,0	23	9	Ocupaciones elementales	Mujeres	05	Cinco Villas
2015,0	101	9	Ocupaciones elementales	Hombres	06	Hoya de Huesca / Plana de Uesca
2015,0	48	9	Ocupaciones elementales	Mujeres	06	Hoya de Huesca / Plana de Uesca
2015,0	53	9	Ocupaciones elementales	Hombres	07	Somontano de Barbastro
2015,0	13	9	Ocupaciones elementales	Mujeres	07	Somontano de Barbastro
2015,0	99	9	Ocupaciones elementales	Hombres	08	Cinca Medio
2015,0	19	9	Ocupaciones elementales	Mujeres	08	Cinca Medio
2015,0	54	9	Ocupaciones elementales	Hombres	09	La Litera / La Llitera
2015,0	9	9	Ocupaciones elementales	Mujeres	09	La Litera / La Llitera
2015,0	67	9	Ocupaciones elementales	Hombres	10	Los Monegros
2015,0	4	9	Ocupaciones elementales	Mujeres	10	Los Monegros
2015,0	104	9	Ocupaciones elementales	Hombres	11	Bajo Cinca / Baix Cinca
2015,0	37	9	Ocupaciones elementales	Mujeres	11	Bajo Cinca / Baix Cinca
2015,0	31	9	Ocupaciones elementales	Hombres	12	Tarazona y el Moncayo
2015,0	4	9	Ocupaciones elementales	Mujeres	12	Tarazona y el Moncayo
2015,0	48	9	Ocupaciones elementales	Hombres	13	Campo de Borja
2015,0	16	9	Ocupaciones elementales	Mujeres	13	Campo de Borja
2015,0	7	9	Ocupaciones elementales	Hombres	14	Aranda
2015,0	4	9	Ocupaciones elementales	Mujeres	14	Aranda
2015,0	112	9	Ocupaciones elementales	Hombres	15	Ribera Alta del Ebro
2015,0	32	9	Ocupaciones elementales	Mujeres	15	Ribera Alta del Ebro
2015,0	140	9	Ocupaciones elementales	Hombres	16	Valdejalón
2015,0	58	9	Ocupaciones elementales	Mujeres	16	Valdejalón
2015,0	1032	9	Ocupaciones elementales	Hombres	17	D.C. Zaragoza
2015,0	700	9	Ocupaciones elementales	Mujeres	17	D.C. Zaragoza
2015,0	33	9	Ocupaciones elementales	Hombres	18	Ribera Baja del Ebro
2015,0	7	9	Ocupaciones elementales	Mujeres	18	Ribera Baja del Ebro
2015,0	57	9	Ocupaciones elementales	Hombres	19	Bajo Aragón-Caspe / Baix Aragó-Casp
2015,0	25	9	Ocupaciones elementales	Mujeres	19	Bajo Aragón-Caspe / Baix Aragó-Casp
2015,0	55	9	Ocupaciones elementales	Hombres	20	Comunidad de Calatayud
2015,0	29	9	Ocupaciones elementales	Mujeres	20	Comunidad de Calatayud
2015,0	31	9	Ocupaciones elementales	Hombres	21	Campo de Cariñena
2015,0	9	9	Ocupaciones elementales	Mujeres	21	Campo de Cariñena
2015,0	6	9	Ocupaciones elementales	Hombres	22	Campo de Belchite
2015,0	1	9	Ocupaciones elementales	Mujeres	22	Campo de Belchite
2015,0	19	9	Ocupaciones elementales	Hombres	23	Bajo Martín
2015,0	5	9	Ocupaciones elementales	Mujeres	23	Bajo Martín
2015,0	31	9	Ocupaciones elementales	Hombres	24	Campo de Daroca
2015,0	1	9	Ocupaciones elementales	Mujeres	24	Campo de Daroca
2015,0	19	9	Ocupaciones elementales	Hombres	25	Jiloca
2015,0	3	9	Ocupaciones elementales	Mujeres	25	Jiloca
2015,0	28	9	Ocupaciones elementales	Hombres	26	Cuencas Mineras
2015,0	10	9	Ocupaciones elementales	Mujeres	26	Cuencas Mineras
2015,0	30	9	Ocupaciones elementales	Hombres	27	Andorra-Sierra de Arcos
2015,0	2	9	Ocupaciones elementales	Mujeres	27	Andorra-Sierra de Arcos
2015,0	30	9	Ocupaciones elementales	Hombres	28	Bajo Aragón
2015,0	13	9	Ocupaciones elementales	Mujeres	28	Bajo Aragón
2015,0	67	9	Ocupaciones elementales	Hombres	29	Comunidad de Teruel
2015,0	24	9	Ocupaciones elementales	Mujeres	29	Comunidad de Teruel
2015,0	4	9	Ocupaciones elementales	Hombres	30	Maestrazgo
2015,0	2	9	Ocupaciones elementales	Hombres	31	Sierra de Albarracín
2015,0	2	9	Ocupaciones elementales	Mujeres	31	Sierra de Albarracín
2015,0	12	9	Ocupaciones elementales	Hombres	32	Gúdar-Javalambre
2015,0	5	9	Ocupaciones elementales	Mujeres	32	Gúdar-Javalambre
2015,0	10	9	Ocupaciones elementales	Hombres	33	Matarraña / Matarranya
2015,0	3	9	Ocupaciones elementales	Mujeres	33	Matarraña / Matarranya
2015,0	17	9	Ocupaciones elementales	Hombres	NC	Municipio del centro de trabajo fuera de Aragón
2015,0	5	9	Ocupaciones elementales	Mujeres	NC	Municipio del centro de trabajo fuera de Aragón
2014,0	1	1	Directores y gerentes	Hombres	04	La Ribagorza
2014,0	2	1	Directores y gerentes	Hombres	06	Hoya de Huesca / Plana de Uesca
2014,0	2	1	Directores y gerentes	Hombres	07	Somontano de Barbastro
2014,0	3	1	Directores y gerentes	Hombres	08	Cinca Medio
2014,0	1	1	Directores y gerentes	Hombres	15	Ribera Alta del Ebro
2014,0	1	1	Directores y gerentes	Mujeres	15	Ribera Alta del Ebro
2014,0	22	1	Directores y gerentes	Hombres	17	D.C. Zaragoza
2014,0	6	1	Directores y gerentes	Mujeres	17	D.C. Zaragoza
2014,0	1	1	Directores y gerentes	Hombres	20	Comunidad de Calatayud
2014,0	1	1	Directores y gerentes	Hombres	21	Campo de Cariñena
2014,0	2	1	Directores y gerentes	Hombres	25	Jiloca
2014,0	1	1	Directores y gerentes	Hombres	28	Bajo Aragón
2014,0	1	1	Directores y gerentes	Hombres	29	Comunidad de Teruel
2014,0	1	1	Directores y gerentes	Hombres	NC	Municipio del centro de trabajo fuera de Aragón
2014,0	5	2	Técnicos y profesionales científicos e intelectuales	Hombres	01	La Jacetania
2014,0	3	2	Técnicos y profesionales científicos e intelectuales	Mujeres	01	La Jacetania
2014,0	2	2	Técnicos y profesionales científicos e intelectuales	Hombres	04	La Ribagorza
2014,0	2	2	Técnicos y profesionales científicos e intelectuales	Mujeres	04	La Ribagorza
2014,0	3	2	Técnicos y profesionales científicos e intelectuales	Hombres	05	Cinco Villas
2014,0	3	2	Técnicos y profesionales científicos e intelectuales	Mujeres	05	Cinco Villas
2014,0	6	2	Técnicos y profesionales científicos e intelectuales	Hombres	06	Hoya de Huesca / Plana de Uesca
2014,0	18	2	Técnicos y profesionales científicos e intelectuales	Mujeres	06	Hoya de Huesca / Plana de Uesca
2014,0	3	2	Técnicos y profesionales científicos e intelectuales	Hombres	07	Somontano de Barbastro
2014,0	2	2	Técnicos y profesionales científicos e intelectuales	Mujeres	07	Somontano de Barbastro
2014,0	1	2	Técnicos y profesionales científicos e intelectuales	Hombres	08	Cinca Medio
2014,0	2	2	Técnicos y profesionales científicos e intelectuales	Mujeres	08	Cinca Medio
2014,0	2	2	Técnicos y profesionales científicos e intelectuales	Mujeres	09	La Litera / La Llitera
2014,0	1	2	Técnicos y profesionales científicos e intelectuales	Hombres	10	Los Monegros
2014,0	2	2	Técnicos y profesionales científicos e intelectuales	Mujeres	10	Los Monegros
2014,0	1	2	Técnicos y profesionales científicos e intelectuales	Mujeres	11	Bajo Cinca / Baix Cinca
2014,0	1	2	Técnicos y profesionales científicos e intelectuales	Mujeres	13	Campo de Borja
2014,0	2	2	Técnicos y profesionales científicos e intelectuales	Hombres	15	Ribera Alta del Ebro
2014,0	2	2	Técnicos y profesionales científicos e intelectuales	Mujeres	15	Ribera Alta del Ebro
2014,0	1	2	Técnicos y profesionales científicos e intelectuales	Hombres	16	Valdejalón
2014,0	2	2	Técnicos y profesionales científicos e intelectuales	Mujeres	16	Valdejalón
2014,0	69	2	Técnicos y profesionales científicos e intelectuales	Hombres	17	D.C. Zaragoza
2014,0	167	2	Técnicos y profesionales científicos e intelectuales	Mujeres	17	D.C. Zaragoza
2014,0	2	2	Técnicos y profesionales científicos e intelectuales	Hombres	18	Ribera Baja del Ebro
2014,0	1	2	Técnicos y profesionales científicos e intelectuales	Hombres	19	Bajo Aragón-Caspe / Baix Aragó-Casp
2014,0	2	2	Técnicos y profesionales científicos e intelectuales	Hombres	20	Comunidad de Calatayud
2014,0	1	2	Técnicos y profesionales científicos e intelectuales	Mujeres	20	Comunidad de Calatayud
2014,0	1	2	Técnicos y profesionales científicos e intelectuales	Mujeres	21	Campo de Cariñena
2014,0	2	2	Técnicos y profesionales científicos e intelectuales	Mujeres	24	Campo de Daroca
2014,0	1	2	Técnicos y profesionales científicos e intelectuales	Mujeres	27	Andorra-Sierra de Arcos
2014,0	2	2	Técnicos y profesionales científicos e intelectuales	Hombres	28	Bajo Aragón
2014,0	3	2	Técnicos y profesionales científicos e intelectuales	Mujeres	28	Bajo Aragón
2014,0	4	2	Técnicos y profesionales científicos e intelectuales	Hombres	29	Comunidad de Teruel
2014,0	12	2	Técnicos y profesionales científicos e intelectuales	Mujeres	29	Comunidad de Teruel
2014,0	1	2	Técnicos y profesionales científicos e intelectuales	Hombres	31	Sierra de Albarracín
2014,0	1	2	Técnicos y profesionales científicos e intelectuales	Mujeres	33	Matarraña / Matarranya
2014,0	1	2	Técnicos y profesionales científicos e intelectuales	Hombres	NC	Municipio del centro de trabajo fuera de Aragón
2014,0	5	3	Técnicos; profesionales de apoyo	Hombres	01	La Jacetania
2014,0	2	3	Técnicos; profesionales de apoyo	Mujeres	01	La Jacetania
2014,0	7	3	Técnicos; profesionales de apoyo	Hombres	02	Alto Gállego
2014,0	6	3	Técnicos; profesionales de apoyo	Mujeres	02	Alto Gállego
2014,0	1	3	Técnicos; profesionales de apoyo	Hombres	03	Sobrarbe
2014,0	1	3	Técnicos; profesionales de apoyo	Mujeres	03	Sobrarbe
2014,0	2	3	Técnicos; profesionales de apoyo	Hombres	04	La Ribagorza
2014,0	1	3	Técnicos; profesionales de apoyo	Hombres	05	Cinco Villas
2014,0	42	3	Técnicos; profesionales de apoyo	Hombres	06	Hoya de Huesca / Plana de Uesca
2014,0	10	3	Técnicos; profesionales de apoyo	Mujeres	06	Hoya de Huesca / Plana de Uesca
2014,0	5	3	Técnicos; profesionales de apoyo	Hombres	07	Somontano de Barbastro
2014,0	5	3	Técnicos; profesionales de apoyo	Mujeres	07	Somontano de Barbastro
2014,0	4	3	Técnicos; profesionales de apoyo	Hombres	08	Cinca Medio
2014,0	2	3	Técnicos; profesionales de apoyo	Hombres	09	La Litera / La Llitera
2014,0	2	3	Técnicos; profesionales de apoyo	Mujeres	09	La Litera / La Llitera
2014,0	2	3	Técnicos; profesionales de apoyo	Hombres	10	Los Monegros
2014,0	5	3	Técnicos; profesionales de apoyo	Hombres	11	Bajo Cinca / Baix Cinca
2014,0	1	3	Técnicos; profesionales de apoyo	Mujeres	11	Bajo Cinca / Baix Cinca
2014,0	2	3	Técnicos; profesionales de apoyo	Hombres	12	Tarazona y el Moncayo
2014,0	3	3	Técnicos; profesionales de apoyo	Hombres	13	Campo de Borja
2014,0	1	3	Técnicos; profesionales de apoyo	Hombres	14	Aranda
2014,0	6	3	Técnicos; profesionales de apoyo	Hombres	15	Ribera Alta del Ebro
2014,0	1	3	Técnicos; profesionales de apoyo	Mujeres	15	Ribera Alta del Ebro
2014,0	24	3	Técnicos; profesionales de apoyo	Hombres	16	Valdejalón
2014,0	2	3	Técnicos; profesionales de apoyo	Mujeres	16	Valdejalón
2014,0	153	3	Técnicos; profesionales de apoyo	Hombres	17	D.C. Zaragoza
2014,0	73	3	Técnicos; profesionales de apoyo	Mujeres	17	D.C. Zaragoza
2014,0	4	3	Técnicos; profesionales de apoyo	Hombres	20	Comunidad de Calatayud
2014,0	2	3	Técnicos; profesionales de apoyo	Mujeres	20	Comunidad de Calatayud
2014,0	2	3	Técnicos; profesionales de apoyo	Hombres	25	Jiloca
2014,0	1	3	Técnicos; profesionales de apoyo	Mujeres	25	Jiloca
2014,0	1	3	Técnicos; profesionales de apoyo	Mujeres	26	Cuencas Mineras
2014,0	4	3	Técnicos; profesionales de apoyo	Hombres	27	Andorra-Sierra de Arcos
2014,0	1	3	Técnicos; profesionales de apoyo	Mujeres	27	Andorra-Sierra de Arcos
2014,0	2	3	Técnicos; profesionales de apoyo	Mujeres	28	Bajo Aragón
2014,0	2	3	Técnicos; profesionales de apoyo	Hombres	29	Comunidad de Teruel
2014,0	1	3	Técnicos; profesionales de apoyo	Mujeres	29	Comunidad de Teruel
2014,0	1	3	Técnicos; profesionales de apoyo	Mujeres	31	Sierra de Albarracín
2014,0	5	3	Técnicos; profesionales de apoyo	Hombres	32	Gúdar-Javalambre
2014,0	1	3	Técnicos; profesionales de apoyo	Hombres	NC	Municipio del centro de trabajo fuera de Aragón
2014,0	2	3	Técnicos; profesionales de apoyo	Mujeres	NC	Municipio del centro de trabajo fuera de Aragón
2014,0	3	4	Empleados contables, administrativos y otros empleados de oficina	Mujeres	01	La Jacetania
2014,0	1	4	Empleados contables, administrativos y otros empleados de oficina	Mujeres	03	Sobrarbe
2014,0	2	4	Empleados contables, administrativos y otros empleados de oficina	Hombres	04	La Ribagorza
2014,0	4	4	Empleados contables, administrativos y otros empleados de oficina	Mujeres	04	La Ribagorza
2014,0	2	4	Empleados contables, administrativos y otros empleados de oficina	Hombres	06	Hoya de Huesca / Plana de Uesca
2014,0	20	4	Empleados contables, administrativos y otros empleados de oficina	Mujeres	06	Hoya de Huesca / Plana de Uesca
2014,0	2	4	Empleados contables, administrativos y otros empleados de oficina	Hombres	07	Somontano de Barbastro
2014,0	3	4	Empleados contables, administrativos y otros empleados de oficina	Mujeres	07	Somontano de Barbastro
2014,0	2	4	Empleados contables, administrativos y otros empleados de oficina	Hombres	08	Cinca Medio
2014,0	3	4	Empleados contables, administrativos y otros empleados de oficina	Mujeres	08	Cinca Medio
2014,0	1	4	Empleados contables, administrativos y otros empleados de oficina	Mujeres	10	Los Monegros
2014,0	1	4	Empleados contables, administrativos y otros empleados de oficina	Hombres	11	Bajo Cinca / Baix Cinca
2014,0	1	4	Empleados contables, administrativos y otros empleados de oficina	Mujeres	11	Bajo Cinca / Baix Cinca
2014,0	1	4	Empleados contables, administrativos y otros empleados de oficina	Hombres	12	Tarazona y el Moncayo
2014,0	1	4	Empleados contables, administrativos y otros empleados de oficina	Mujeres	14	Aranda
2014,0	2	4	Empleados contables, administrativos y otros empleados de oficina	Hombres	15	Ribera Alta del Ebro
2014,0	2	4	Empleados contables, administrativos y otros empleados de oficina	Mujeres	15	Ribera Alta del Ebro
2014,0	3	4	Empleados contables, administrativos y otros empleados de oficina	Hombres	16	Valdejalón
2014,0	1	4	Empleados contables, administrativos y otros empleados de oficina	Mujeres	16	Valdejalón
2014,0	61	4	Empleados contables, administrativos y otros empleados de oficina	Hombres	17	D.C. Zaragoza
2014,0	112	4	Empleados contables, administrativos y otros empleados de oficina	Mujeres	17	D.C. Zaragoza
2014,0	1	4	Empleados contables, administrativos y otros empleados de oficina	Mujeres	18	Ribera Baja del Ebro
2014,0	1	4	Empleados contables, administrativos y otros empleados de oficina	Hombres	19	Bajo Aragón-Caspe / Baix Aragó-Casp
2014,0	1	4	Empleados contables, administrativos y otros empleados de oficina	Hombres	20	Comunidad de Calatayud
2014,0	3	4	Empleados contables, administrativos y otros empleados de oficina	Mujeres	20	Comunidad de Calatayud
2014,0	1	4	Empleados contables, administrativos y otros empleados de oficina	Hombres	21	Campo de Cariñena
2014,0	1	4	Empleados contables, administrativos y otros empleados de oficina	Mujeres	21	Campo de Cariñena
2014,0	1	4	Empleados contables, administrativos y otros empleados de oficina	Hombres	24	Campo de Daroca
2014,0	2	4	Empleados contables, administrativos y otros empleados de oficina	Mujeres	26	Cuencas Mineras
2014,0	1	4	Empleados contables, administrativos y otros empleados de oficina	Mujeres	27	Andorra-Sierra de Arcos
2014,0	1	4	Empleados contables, administrativos y otros empleados de oficina	Hombres	28	Bajo Aragón
2014,0	2	4	Empleados contables, administrativos y otros empleados de oficina	Mujeres	28	Bajo Aragón
2014,0	5	4	Empleados contables, administrativos y otros empleados de oficina	Hombres	29	Comunidad de Teruel
2014,0	16	4	Empleados contables, administrativos y otros empleados de oficina	Mujeres	29	Comunidad de Teruel
2014,0	1	4	Empleados contables, administrativos y otros empleados de oficina	Mujeres	33	Matarraña / Matarranya
2014,0	1	4	Empleados contables, administrativos y otros empleados de oficina	Mujeres	NC	Municipio del centro de trabajo fuera de Aragón
2014,0	11	5	Trabajadores de los servicios de restauración, personales, protección y vendedores	Hombres	01	La Jacetania
2014,0	32	5	Trabajadores de los servicios de restauración, personales, protección y vendedores	Mujeres	01	La Jacetania
2014,0	17	5	Trabajadores de los servicios de restauración, personales, protección y vendedores	Hombres	02	Alto Gállego
2014,0	16	5	Trabajadores de los servicios de restauración, personales, protección y vendedores	Mujeres	02	Alto Gállego
2014,0	4	5	Trabajadores de los servicios de restauración, personales, protección y vendedores	Hombres	03	Sobrarbe
2014,0	11	5	Trabajadores de los servicios de restauración, personales, protección y vendedores	Mujeres	03	Sobrarbe
2014,0	10	5	Trabajadores de los servicios de restauración, personales, protección y vendedores	Hombres	04	La Ribagorza
2014,0	17	5	Trabajadores de los servicios de restauración, personales, protección y vendedores	Mujeres	04	La Ribagorza
2014,0	1	5	Trabajadores de los servicios de restauración, personales, protección y vendedores	Hombres	05	Cinco Villas
2014,0	16	5	Trabajadores de los servicios de restauración, personales, protección y vendedores	Mujeres	05	Cinco Villas
2014,0	41	5	Trabajadores de los servicios de restauración, personales, protección y vendedores	Hombres	06	Hoya de Huesca / Plana de Uesca
2014,0	87	5	Trabajadores de los servicios de restauración, personales, protección y vendedores	Mujeres	06	Hoya de Huesca / Plana de Uesca
2014,0	15	5	Trabajadores de los servicios de restauración, personales, protección y vendedores	Hombres	07	Somontano de Barbastro
2014,0	25	5	Trabajadores de los servicios de restauración, personales, protección y vendedores	Mujeres	07	Somontano de Barbastro
2014,0	6	5	Trabajadores de los servicios de restauración, personales, protección y vendedores	Hombres	08	Cinca Medio
2014,0	24	5	Trabajadores de los servicios de restauración, personales, protección y vendedores	Mujeres	08	Cinca Medio
2014,0	7	5	Trabajadores de los servicios de restauración, personales, protección y vendedores	Hombres	09	La Litera / La Llitera
2014,0	19	5	Trabajadores de los servicios de restauración, personales, protección y vendedores	Mujeres	09	La Litera / La Llitera
2014,0	2	5	Trabajadores de los servicios de restauración, personales, protección y vendedores	Hombres	10	Los Monegros
2014,0	8	5	Trabajadores de los servicios de restauración, personales, protección y vendedores	Mujeres	10	Los Monegros
2014,0	11	5	Trabajadores de los servicios de restauración, personales, protección y vendedores	Hombres	11	Bajo Cinca / Baix Cinca
2014,0	15	5	Trabajadores de los servicios de restauración, personales, protección y vendedores	Mujeres	11	Bajo Cinca / Baix Cinca
2014,0	1	5	Trabajadores de los servicios de restauración, personales, protección y vendedores	Hombres	12	Tarazona y el Moncayo
2014,0	8	5	Trabajadores de los servicios de restauración, personales, protección y vendedores	Mujeres	12	Tarazona y el Moncayo
2014,0	4	5	Trabajadores de los servicios de restauración, personales, protección y vendedores	Hombres	13	Campo de Borja
2014,0	16	5	Trabajadores de los servicios de restauración, personales, protección y vendedores	Mujeres	13	Campo de Borja
2014,0	5	5	Trabajadores de los servicios de restauración, personales, protección y vendedores	Mujeres	14	Aranda
2014,0	6	5	Trabajadores de los servicios de restauración, personales, protección y vendedores	Hombres	15	Ribera Alta del Ebro
2014,0	9	5	Trabajadores de los servicios de restauración, personales, protección y vendedores	Mujeres	15	Ribera Alta del Ebro
2014,0	6	5	Trabajadores de los servicios de restauración, personales, protección y vendedores	Hombres	16	Valdejalón
2014,0	21	5	Trabajadores de los servicios de restauración, personales, protección y vendedores	Mujeres	16	Valdejalón
2014,0	538	5	Trabajadores de los servicios de restauración, personales, protección y vendedores	Hombres	17	D.C. Zaragoza
2014,0	996	5	Trabajadores de los servicios de restauración, personales, protección y vendedores	Mujeres	17	D.C. Zaragoza
2014,0	4	5	Trabajadores de los servicios de restauración, personales, protección y vendedores	Hombres	18	Ribera Baja del Ebro
2014,0	3	5	Trabajadores de los servicios de restauración, personales, protección y vendedores	Mujeres	18	Ribera Baja del Ebro
2014,0	2	5	Trabajadores de los servicios de restauración, personales, protección y vendedores	Hombres	19	Bajo Aragón-Caspe / Baix Aragó-Casp
2014,0	5	5	Trabajadores de los servicios de restauración, personales, protección y vendedores	Mujeres	19	Bajo Aragón-Caspe / Baix Aragó-Casp
2014,0	11	5	Trabajadores de los servicios de restauración, personales, protección y vendedores	Hombres	20	Comunidad de Calatayud
2014,0	23	5	Trabajadores de los servicios de restauración, personales, protección y vendedores	Mujeres	20	Comunidad de Calatayud
2014,0	5	5	Trabajadores de los servicios de restauración, personales, protección y vendedores	Mujeres	21	Campo de Cariñena
2014,0	1	5	Trabajadores de los servicios de restauración, personales, protección y vendedores	Mujeres	22	Campo de Belchite
2014,0	2	5	Trabajadores de los servicios de restauración, personales, protección y vendedores	Mujeres	23	Bajo Martín
2014,0	7	5	Trabajadores de los servicios de restauración, personales, protección y vendedores	Mujeres	24	Campo de Daroca
2014,0	1	5	Trabajadores de los servicios de restauración, personales, protección y vendedores	Hombres	25	Jiloca
2014,0	3	5	Trabajadores de los servicios de restauración, personales, protección y vendedores	Mujeres	25	Jiloca
2014,0	8	5	Trabajadores de los servicios de restauración, personales, protección y vendedores	Mujeres	26	Cuencas Mineras
2014,0	3	5	Trabajadores de los servicios de restauración, personales, protección y vendedores	Hombres	27	Andorra-Sierra de Arcos
2014,0	15	5	Trabajadores de los servicios de restauración, personales, protección y vendedores	Mujeres	27	Andorra-Sierra de Arcos
2014,0	14	5	Trabajadores de los servicios de restauración, personales, protección y vendedores	Hombres	28	Bajo Aragón
2014,0	29	5	Trabajadores de los servicios de restauración, personales, protección y vendedores	Mujeres	28	Bajo Aragón
2014,0	20	5	Trabajadores de los servicios de restauración, personales, protección y vendedores	Hombres	29	Comunidad de Teruel
2014,0	56	5	Trabajadores de los servicios de restauración, personales, protección y vendedores	Mujeres	29	Comunidad de Teruel
2014,0	3	5	Trabajadores de los servicios de restauración, personales, protección y vendedores	Mujeres	31	Sierra de Albarracín
2014,0	5	5	Trabajadores de los servicios de restauración, personales, protección y vendedores	Hombres	32	Gúdar-Javalambre
2014,0	6	5	Trabajadores de los servicios de restauración, personales, protección y vendedores	Mujeres	32	Gúdar-Javalambre
2014,0	2	5	Trabajadores de los servicios de restauración, personales, protección y vendedores	Mujeres	33	Matarraña / Matarranya
2014,0	1	5	Trabajadores de los servicios de restauración, personales, protección y vendedores	Hombres	NC	Municipio del centro de trabajo fuera de Aragón
2014,0	1	5	Trabajadores de los servicios de restauración, personales, protección y vendedores	Mujeres	NC	Municipio del centro de trabajo fuera de Aragón
2014,0	3	6	Trabajadores cualificados en el sector agrícola, ganadero, forestal y pesquero	Hombres	01	La Jacetania
2014,0	2	6	Trabajadores cualificados en el sector agrícola, ganadero, forestal y pesquero	Hombres	02	Alto Gállego
2014,0	2	6	Trabajadores cualificados en el sector agrícola, ganadero, forestal y pesquero	Hombres	03	Sobrarbe
2014,0	7	6	Trabajadores cualificados en el sector agrícola, ganadero, forestal y pesquero	Hombres	04	La Ribagorza
2014,0	35	6	Trabajadores cualificados en el sector agrícola, ganadero, forestal y pesquero	Hombres	05	Cinco Villas
2014,0	1	6	Trabajadores cualificados en el sector agrícola, ganadero, forestal y pesquero	Mujeres	05	Cinco Villas
2014,0	30	6	Trabajadores cualificados en el sector agrícola, ganadero, forestal y pesquero	Hombres	06	Hoya de Huesca / Plana de Uesca
2014,0	1	6	Trabajadores cualificados en el sector agrícola, ganadero, forestal y pesquero	Mujeres	06	Hoya de Huesca / Plana de Uesca
2014,0	4	6	Trabajadores cualificados en el sector agrícola, ganadero, forestal y pesquero	Hombres	07	Somontano de Barbastro
2014,0	12	6	Trabajadores cualificados en el sector agrícola, ganadero, forestal y pesquero	Hombres	08	Cinca Medio
2014,0	4	6	Trabajadores cualificados en el sector agrícola, ganadero, forestal y pesquero	Mujeres	08	Cinca Medio
2014,0	20	6	Trabajadores cualificados en el sector agrícola, ganadero, forestal y pesquero	Hombres	09	La Litera / La Llitera
2014,0	1	6	Trabajadores cualificados en el sector agrícola, ganadero, forestal y pesquero	Mujeres	09	La Litera / La Llitera
2014,0	10	6	Trabajadores cualificados en el sector agrícola, ganadero, forestal y pesquero	Hombres	10	Los Monegros
2014,0	1	6	Trabajadores cualificados en el sector agrícola, ganadero, forestal y pesquero	Mujeres	10	Los Monegros
2014,0	28	6	Trabajadores cualificados en el sector agrícola, ganadero, forestal y pesquero	Hombres	11	Bajo Cinca / Baix Cinca
2014,0	2	6	Trabajadores cualificados en el sector agrícola, ganadero, forestal y pesquero	Mujeres	11	Bajo Cinca / Baix Cinca
2014,0	5	6	Trabajadores cualificados en el sector agrícola, ganadero, forestal y pesquero	Hombres	12	Tarazona y el Moncayo
2014,0	3	6	Trabajadores cualificados en el sector agrícola, ganadero, forestal y pesquero	Hombres	13	Campo de Borja
2014,0	2	6	Trabajadores cualificados en el sector agrícola, ganadero, forestal y pesquero	Hombres	14	Aranda
2014,0	6	6	Trabajadores cualificados en el sector agrícola, ganadero, forestal y pesquero	Hombres	15	Ribera Alta del Ebro
2014,0	10	6	Trabajadores cualificados en el sector agrícola, ganadero, forestal y pesquero	Hombres	16	Valdejalón
2014,0	30	6	Trabajadores cualificados en el sector agrícola, ganadero, forestal y pesquero	Hombres	17	D.C. Zaragoza
2014,0	5	6	Trabajadores cualificados en el sector agrícola, ganadero, forestal y pesquero	Mujeres	17	D.C. Zaragoza
2014,0	7	6	Trabajadores cualificados en el sector agrícola, ganadero, forestal y pesquero	Hombres	18	Ribera Baja del Ebro
2014,0	1	6	Trabajadores cualificados en el sector agrícola, ganadero, forestal y pesquero	Mujeres	18	Ribera Baja del Ebro
2014,0	10	6	Trabajadores cualificados en el sector agrícola, ganadero, forestal y pesquero	Hombres	19	Bajo Aragón-Caspe / Baix Aragó-Casp
2014,0	2	6	Trabajadores cualificados en el sector agrícola, ganadero, forestal y pesquero	Mujeres	19	Bajo Aragón-Caspe / Baix Aragó-Casp
2014,0	12	6	Trabajadores cualificados en el sector agrícola, ganadero, forestal y pesquero	Hombres	20	Comunidad de Calatayud
2014,0	2	6	Trabajadores cualificados en el sector agrícola, ganadero, forestal y pesquero	Mujeres	20	Comunidad de Calatayud
2014,0	5	6	Trabajadores cualificados en el sector agrícola, ganadero, forestal y pesquero	Hombres	21	Campo de Cariñena
2014,0	1	6	Trabajadores cualificados en el sector agrícola, ganadero, forestal y pesquero	Mujeres	21	Campo de Cariñena
2014,0	3	6	Trabajadores cualificados en el sector agrícola, ganadero, forestal y pesquero	Hombres	22	Campo de Belchite
2014,0	5	6	Trabajadores cualificados en el sector agrícola, ganadero, forestal y pesquero	Hombres	23	Bajo Martín
2014,0	3	6	Trabajadores cualificados en el sector agrícola, ganadero, forestal y pesquero	Mujeres	23	Bajo Martín
2014,0	8	6	Trabajadores cualificados en el sector agrícola, ganadero, forestal y pesquero	Hombres	24	Campo de Daroca
2014,0	3	6	Trabajadores cualificados en el sector agrícola, ganadero, forestal y pesquero	Mujeres	24	Campo de Daroca
2014,0	7	6	Trabajadores cualificados en el sector agrícola, ganadero, forestal y pesquero	Hombres	25	Jiloca
2014,0	2	6	Trabajadores cualificados en el sector agrícola, ganadero, forestal y pesquero	Hombres	26	Cuencas Mineras
2014,0	1	6	Trabajadores cualificados en el sector agrícola, ganadero, forestal y pesquero	Hombres	27	Andorra-Sierra de Arcos
2014,0	9	6	Trabajadores cualificados en el sector agrícola, ganadero, forestal y pesquero	Hombres	28	Bajo Aragón
2014,0	3	6	Trabajadores cualificados en el sector agrícola, ganadero, forestal y pesquero	Mujeres	28	Bajo Aragón
2014,0	27	6	Trabajadores cualificados en el sector agrícola, ganadero, forestal y pesquero	Hombres	29	Comunidad de Teruel
2014,0	2	6	Trabajadores cualificados en el sector agrícola, ganadero, forestal y pesquero	Hombres	31	Sierra de Albarracín
2014,0	1	6	Trabajadores cualificados en el sector agrícola, ganadero, forestal y pesquero	Hombres	32	Gúdar-Javalambre
2014,0	6	6	Trabajadores cualificados en el sector agrícola, ganadero, forestal y pesquero	Hombres	33	Matarraña / Matarranya
2014,0	1	6	Trabajadores cualificados en el sector agrícola, ganadero, forestal y pesquero	Mujeres	33	Matarraña / Matarranya
2014,0	9	6	Trabajadores cualificados en el sector agrícola, ganadero, forestal y pesquero	Hombres	NC	Municipio del centro de trabajo fuera de Aragón
2014,0	24	7	Artesanos y trabajadores cualificados de las industrias manufactureras y la construcción (excepto operadores de instalaciones y maquinaria)	Hombres	01	La Jacetania
2014,0	33	7	Artesanos y trabajadores cualificados de las industrias manufactureras y la construcción (excepto operadores de instalaciones y maquinaria)	Hombres	02	Alto Gállego
2014,0	9	7	Artesanos y trabajadores cualificados de las industrias manufactureras y la construcción (excepto operadores de instalaciones y maquinaria)	Hombres	03	Sobrarbe
2014,0	26	7	Artesanos y trabajadores cualificados de las industrias manufactureras y la construcción (excepto operadores de instalaciones y maquinaria)	Hombres	04	La Ribagorza
2014,0	5	7	Artesanos y trabajadores cualificados de las industrias manufactureras y la construcción (excepto operadores de instalaciones y maquinaria)	Mujeres	04	La Ribagorza
2014,0	77	7	Artesanos y trabajadores cualificados de las industrias manufactureras y la construcción (excepto operadores de instalaciones y maquinaria)	Hombres	05	Cinco Villas
2014,0	3	7	Artesanos y trabajadores cualificados de las industrias manufactureras y la construcción (excepto operadores de instalaciones y maquinaria)	Mujeres	05	Cinco Villas
2014,0	158	7	Artesanos y trabajadores cualificados de las industrias manufactureras y la construcción (excepto operadores de instalaciones y maquinaria)	Hombres	06	Hoya de Huesca / Plana de Uesca
2014,0	3	7	Artesanos y trabajadores cualificados de las industrias manufactureras y la construcción (excepto operadores de instalaciones y maquinaria)	Mujeres	06	Hoya de Huesca / Plana de Uesca
2014,0	47	7	Artesanos y trabajadores cualificados de las industrias manufactureras y la construcción (excepto operadores de instalaciones y maquinaria)	Hombres	07	Somontano de Barbastro
2014,0	1	7	Artesanos y trabajadores cualificados de las industrias manufactureras y la construcción (excepto operadores de instalaciones y maquinaria)	Mujeres	07	Somontano de Barbastro
2014,0	71	7	Artesanos y trabajadores cualificados de las industrias manufactureras y la construcción (excepto operadores de instalaciones y maquinaria)	Hombres	08	Cinca Medio
2014,0	86	7	Artesanos y trabajadores cualificados de las industrias manufactureras y la construcción (excepto operadores de instalaciones y maquinaria)	Hombres	09	La Litera / La Llitera
2014,0	2	7	Artesanos y trabajadores cualificados de las industrias manufactureras y la construcción (excepto operadores de instalaciones y maquinaria)	Mujeres	09	La Litera / La Llitera
2014,0	28	7	Artesanos y trabajadores cualificados de las industrias manufactureras y la construcción (excepto operadores de instalaciones y maquinaria)	Hombres	10	Los Monegros
2014,0	1	7	Artesanos y trabajadores cualificados de las industrias manufactureras y la construcción (excepto operadores de instalaciones y maquinaria)	Mujeres	10	Los Monegros
2014,0	55	7	Artesanos y trabajadores cualificados de las industrias manufactureras y la construcción (excepto operadores de instalaciones y maquinaria)	Hombres	11	Bajo Cinca / Baix Cinca
2014,0	3	7	Artesanos y trabajadores cualificados de las industrias manufactureras y la construcción (excepto operadores de instalaciones y maquinaria)	Mujeres	11	Bajo Cinca / Baix Cinca
2014,0	22	7	Artesanos y trabajadores cualificados de las industrias manufactureras y la construcción (excepto operadores de instalaciones y maquinaria)	Hombres	12	Tarazona y el Moncayo
2014,0	32	7	Artesanos y trabajadores cualificados de las industrias manufactureras y la construcción (excepto operadores de instalaciones y maquinaria)	Hombres	13	Campo de Borja
2014,0	3	7	Artesanos y trabajadores cualificados de las industrias manufactureras y la construcción (excepto operadores de instalaciones y maquinaria)	Mujeres	13	Campo de Borja
2014,0	17	7	Artesanos y trabajadores cualificados de las industrias manufactureras y la construcción (excepto operadores de instalaciones y maquinaria)	Hombres	14	Aranda
2014,0	4	7	Artesanos y trabajadores cualificados de las industrias manufactureras y la construcción (excepto operadores de instalaciones y maquinaria)	Mujeres	14	Aranda
2014,0	88	7	Artesanos y trabajadores cualificados de las industrias manufactureras y la construcción (excepto operadores de instalaciones y maquinaria)	Hombres	15	Ribera Alta del Ebro
2014,0	1	7	Artesanos y trabajadores cualificados de las industrias manufactureras y la construcción (excepto operadores de instalaciones y maquinaria)	Mujeres	15	Ribera Alta del Ebro
2014,0	93	7	Artesanos y trabajadores cualificados de las industrias manufactureras y la construcción (excepto operadores de instalaciones y maquinaria)	Hombres	16	Valdejalón
2014,0	3	7	Artesanos y trabajadores cualificados de las industrias manufactureras y la construcción (excepto operadores de instalaciones y maquinaria)	Mujeres	16	Valdejalón
2014,0	1249	7	Artesanos y trabajadores cualificados de las industrias manufactureras y la construcción (excepto operadores de instalaciones y maquinaria)	Hombres	17	D.C. Zaragoza
2014,0	81	7	Artesanos y trabajadores cualificados de las industrias manufactureras y la construcción (excepto operadores de instalaciones y maquinaria)	Mujeres	17	D.C. Zaragoza
2014,0	13	7	Artesanos y trabajadores cualificados de las industrias manufactureras y la construcción (excepto operadores de instalaciones y maquinaria)	Hombres	18	Ribera Baja del Ebro
2014,0	4	7	Artesanos y trabajadores cualificados de las industrias manufactureras y la construcción (excepto operadores de instalaciones y maquinaria)	Mujeres	18	Ribera Baja del Ebro
2014,0	15	7	Artesanos y trabajadores cualificados de las industrias manufactureras y la construcción (excepto operadores de instalaciones y maquinaria)	Hombres	19	Bajo Aragón-Caspe / Baix Aragó-Casp
2014,0	1	7	Artesanos y trabajadores cualificados de las industrias manufactureras y la construcción (excepto operadores de instalaciones y maquinaria)	Mujeres	19	Bajo Aragón-Caspe / Baix Aragó-Casp
2014,0	54	7	Artesanos y trabajadores cualificados de las industrias manufactureras y la construcción (excepto operadores de instalaciones y maquinaria)	Hombres	20	Comunidad de Calatayud
2014,0	21	7	Artesanos y trabajadores cualificados de las industrias manufactureras y la construcción (excepto operadores de instalaciones y maquinaria)	Mujeres	20	Comunidad de Calatayud
2014,0	33	7	Artesanos y trabajadores cualificados de las industrias manufactureras y la construcción (excepto operadores de instalaciones y maquinaria)	Hombres	21	Campo de Cariñena
2014,0	4	7	Artesanos y trabajadores cualificados de las industrias manufactureras y la construcción (excepto operadores de instalaciones y maquinaria)	Mujeres	21	Campo de Cariñena
2014,0	1	7	Artesanos y trabajadores cualificados de las industrias manufactureras y la construcción (excepto operadores de instalaciones y maquinaria)	Hombres	22	Campo de Belchite
2014,0	20	7	Artesanos y trabajadores cualificados de las industrias manufactureras y la construcción (excepto operadores de instalaciones y maquinaria)	Hombres	23	Bajo Martín
2014,0	1	7	Artesanos y trabajadores cualificados de las industrias manufactureras y la construcción (excepto operadores de instalaciones y maquinaria)	Mujeres	23	Bajo Martín
2014,0	4	7	Artesanos y trabajadores cualificados de las industrias manufactureras y la construcción (excepto operadores de instalaciones y maquinaria)	Hombres	24	Campo de Daroca
2014,0	29	7	Artesanos y trabajadores cualificados de las industrias manufactureras y la construcción (excepto operadores de instalaciones y maquinaria)	Hombres	25	Jiloca
2014,0	2	7	Artesanos y trabajadores cualificados de las industrias manufactureras y la construcción (excepto operadores de instalaciones y maquinaria)	Mujeres	25	Jiloca
2014,0	21	7	Artesanos y trabajadores cualificados de las industrias manufactureras y la construcción (excepto operadores de instalaciones y maquinaria)	Hombres	26	Cuencas Mineras
2014,0	3	7	Artesanos y trabajadores cualificados de las industrias manufactureras y la construcción (excepto operadores de instalaciones y maquinaria)	Mujeres	26	Cuencas Mineras
2014,0	13	7	Artesanos y trabajadores cualificados de las industrias manufactureras y la construcción (excepto operadores de instalaciones y maquinaria)	Hombres	27	Andorra-Sierra de Arcos
2014,0	1	7	Artesanos y trabajadores cualificados de las industrias manufactureras y la construcción (excepto operadores de instalaciones y maquinaria)	Mujeres	27	Andorra-Sierra de Arcos
2014,0	35	7	Artesanos y trabajadores cualificados de las industrias manufactureras y la construcción (excepto operadores de instalaciones y maquinaria)	Hombres	28	Bajo Aragón
2014,0	4	7	Artesanos y trabajadores cualificados de las industrias manufactureras y la construcción (excepto operadores de instalaciones y maquinaria)	Mujeres	28	Bajo Aragón
2014,0	89	7	Artesanos y trabajadores cualificados de las industrias manufactureras y la construcción (excepto operadores de instalaciones y maquinaria)	Hombres	29	Comunidad de Teruel
2014,0	4	7	Artesanos y trabajadores cualificados de las industrias manufactureras y la construcción (excepto operadores de instalaciones y maquinaria)	Mujeres	29	Comunidad de Teruel
2014,0	3	7	Artesanos y trabajadores cualificados de las industrias manufactureras y la construcción (excepto operadores de instalaciones y maquinaria)	Hombres	30	Maestrazgo
2014,0	4	7	Artesanos y trabajadores cualificados de las industrias manufactureras y la construcción (excepto operadores de instalaciones y maquinaria)	Hombres	31	Sierra de Albarracín
2014,0	18	7	Artesanos y trabajadores cualificados de las industrias manufactureras y la construcción (excepto operadores de instalaciones y maquinaria)	Hombres	32	Gúdar-Javalambre
2014,0	2	7	Artesanos y trabajadores cualificados de las industrias manufactureras y la construcción (excepto operadores de instalaciones y maquinaria)	Mujeres	32	Gúdar-Javalambre
2014,0	16	7	Artesanos y trabajadores cualificados de las industrias manufactureras y la construcción (excepto operadores de instalaciones y maquinaria)	Hombres	33	Matarraña / Matarranya
2014,0	3	7	Artesanos y trabajadores cualificados de las industrias manufactureras y la construcción (excepto operadores de instalaciones y maquinaria)	Mujeres	33	Matarraña / Matarranya
2014,0	38	7	Artesanos y trabajadores cualificados de las industrias manufactureras y la construcción (excepto operadores de instalaciones y maquinaria)	Hombres	NC	Municipio del centro de trabajo fuera de Aragón
2014,0	1	7	Artesanos y trabajadores cualificados de las industrias manufactureras y la construcción (excepto operadores de instalaciones y maquinaria)	Mujeres	NC	Municipio del centro de trabajo fuera de Aragón
2014,0	15	8	Operadores de instalaciones y maquinaria, y montadores	Hombres	01	La Jacetania
2014,0	10	8	Operadores de instalaciones y maquinaria, y montadores	Hombres	02	Alto Gállego
2014,0	1	8	Operadores de instalaciones y maquinaria, y montadores	Mujeres	02	Alto Gállego
2014,0	6	8	Operadores de instalaciones y maquinaria, y montadores	Hombres	03	Sobrarbe
2014,0	11	8	Operadores de instalaciones y maquinaria, y montadores	Hombres	04	La Ribagorza
2014,0	39	8	Operadores de instalaciones y maquinaria, y montadores	Hombres	05	Cinco Villas
2014,0	12	8	Operadores de instalaciones y maquinaria, y montadores	Mujeres	05	Cinco Villas
2014,0	71	8	Operadores de instalaciones y maquinaria, y montadores	Hombres	06	Hoya de Huesca / Plana de Uesca
2014,0	6	8	Operadores de instalaciones y maquinaria, y montadores	Mujeres	06	Hoya de Huesca / Plana de Uesca
2014,0	33	8	Operadores de instalaciones y maquinaria, y montadores	Hombres	07	Somontano de Barbastro
2014,0	50	8	Operadores de instalaciones y maquinaria, y montadores	Hombres	08	Cinca Medio
2014,0	8	8	Operadores de instalaciones y maquinaria, y montadores	Mujeres	08	Cinca Medio
2014,0	27	8	Operadores de instalaciones y maquinaria, y montadores	Hombres	09	La Litera / La Llitera
2014,0	22	8	Operadores de instalaciones y maquinaria, y montadores	Hombres	10	Los Monegros
2014,0	42	8	Operadores de instalaciones y maquinaria, y montadores	Hombres	11	Bajo Cinca / Baix Cinca
2014,0	3	8	Operadores de instalaciones y maquinaria, y montadores	Mujeres	11	Bajo Cinca / Baix Cinca
2014,0	11	8	Operadores de instalaciones y maquinaria, y montadores	Hombres	12	Tarazona y el Moncayo
2014,0	18	8	Operadores de instalaciones y maquinaria, y montadores	Hombres	13	Campo de Borja
2014,0	3	8	Operadores de instalaciones y maquinaria, y montadores	Mujeres	13	Campo de Borja
2014,0	5	8	Operadores de instalaciones y maquinaria, y montadores	Hombres	14	Aranda
2014,0	141	8	Operadores de instalaciones y maquinaria, y montadores	Hombres	15	Ribera Alta del Ebro
2014,0	29	8	Operadores de instalaciones y maquinaria, y montadores	Mujeres	15	Ribera Alta del Ebro
2014,0	81	8	Operadores de instalaciones y maquinaria, y montadores	Hombres	16	Valdejalón
2014,0	19	8	Operadores de instalaciones y maquinaria, y montadores	Mujeres	16	Valdejalón
2014,0	940	8	Operadores de instalaciones y maquinaria, y montadores	Hombres	17	D.C. Zaragoza
2014,0	61	8	Operadores de instalaciones y maquinaria, y montadores	Mujeres	17	D.C. Zaragoza
2014,0	13	8	Operadores de instalaciones y maquinaria, y montadores	Hombres	18	Ribera Baja del Ebro
2014,0	7	8	Operadores de instalaciones y maquinaria, y montadores	Hombres	19	Bajo Aragón-Caspe / Baix Aragó-Casp
2014,0	33	8	Operadores de instalaciones y maquinaria, y montadores	Hombres	20	Comunidad de Calatayud
2014,0	2	8	Operadores de instalaciones y maquinaria, y montadores	Mujeres	20	Comunidad de Calatayud
2014,0	19	8	Operadores de instalaciones y maquinaria, y montadores	Hombres	21	Campo de Cariñena
2014,0	1	8	Operadores de instalaciones y maquinaria, y montadores	Mujeres	21	Campo de Cariñena
2014,0	4	8	Operadores de instalaciones y maquinaria, y montadores	Hombres	22	Campo de Belchite
2014,0	14	8	Operadores de instalaciones y maquinaria, y montadores	Hombres	23	Bajo Martín
2014,0	4	8	Operadores de instalaciones y maquinaria, y montadores	Hombres	24	Campo de Daroca
2014,0	17	8	Operadores de instalaciones y maquinaria, y montadores	Hombres	25	Jiloca
2014,0	4	8	Operadores de instalaciones y maquinaria, y montadores	Hombres	26	Cuencas Mineras
2014,0	63	8	Operadores de instalaciones y maquinaria, y montadores	Hombres	27	Andorra-Sierra de Arcos
2014,0	2	8	Operadores de instalaciones y maquinaria, y montadores	Mujeres	27	Andorra-Sierra de Arcos
2014,0	41	8	Operadores de instalaciones y maquinaria, y montadores	Hombres	28	Bajo Aragón
2014,0	2	8	Operadores de instalaciones y maquinaria, y montadores	Mujeres	28	Bajo Aragón
2014,0	51	8	Operadores de instalaciones y maquinaria, y montadores	Hombres	29	Comunidad de Teruel
2014,0	3	8	Operadores de instalaciones y maquinaria, y montadores	Mujeres	29	Comunidad de Teruel
2014,0	1	8	Operadores de instalaciones y maquinaria, y montadores	Hombres	30	Maestrazgo
2014,0	1	8	Operadores de instalaciones y maquinaria, y montadores	Hombres	31	Sierra de Albarracín
2014,0	8	8	Operadores de instalaciones y maquinaria, y montadores	Hombres	32	Gúdar-Javalambre
2014,0	1	8	Operadores de instalaciones y maquinaria, y montadores	Mujeres	32	Gúdar-Javalambre
2014,0	1	8	Operadores de instalaciones y maquinaria, y montadores	Hombres	33	Matarraña / Matarranya
2014,0	7	8	Operadores de instalaciones y maquinaria, y montadores	Hombres	NC	Municipio del centro de trabajo fuera de Aragón
2014,0	16	9	Ocupaciones elementales	Hombres	01	La Jacetania
2014,0	14	9	Ocupaciones elementales	Mujeres	01	La Jacetania
2014,0	7	9	Ocupaciones elementales	Hombres	02	Alto Gállego
2014,0	7	9	Ocupaciones elementales	Mujeres	02	Alto Gállego
2014,0	8	9	Ocupaciones elementales	Hombres	03	Sobrarbe
2014,0	3	9	Ocupaciones elementales	Mujeres	03	Sobrarbe
2014,0	18	9	Ocupaciones elementales	Hombres	04	La Ribagorza
2014,0	6	9	Ocupaciones elementales	Mujeres	04	La Ribagorza
2014,0	66	9	Ocupaciones elementales	Hombres	05	Cinco Villas
2014,0	24	9	Ocupaciones elementales	Mujeres	05	Cinco Villas
2014,0	111	9	Ocupaciones elementales	Hombres	06	Hoya de Huesca / Plana de Uesca
2014,0	35	9	Ocupaciones elementales	Mujeres	06	Hoya de Huesca / Plana de Uesca
2014,0	47	9	Ocupaciones elementales	Hombres	07	Somontano de Barbastro
2014,0	9	9	Ocupaciones elementales	Mujeres	07	Somontano de Barbastro
2014,0	62	9	Ocupaciones elementales	Hombres	08	Cinca Medio
2014,0	15	9	Ocupaciones elementales	Mujeres	08	Cinca Medio
2014,0	31	9	Ocupaciones elementales	Hombres	09	La Litera / La Llitera
2014,0	6	9	Ocupaciones elementales	Mujeres	09	La Litera / La Llitera
2014,0	38	9	Ocupaciones elementales	Hombres	10	Los Monegros
2014,0	5	9	Ocupaciones elementales	Mujeres	10	Los Monegros
2014,0	100	9	Ocupaciones elementales	Hombres	11	Bajo Cinca / Baix Cinca
2014,0	53	9	Ocupaciones elementales	Mujeres	11	Bajo Cinca / Baix Cinca
2014,0	11	9	Ocupaciones elementales	Hombres	12	Tarazona y el Moncayo
2014,0	4	9	Ocupaciones elementales	Mujeres	12	Tarazona y el Moncayo
2014,0	28	9	Ocupaciones elementales	Hombres	13	Campo de Borja
2014,0	12	9	Ocupaciones elementales	Mujeres	13	Campo de Borja
2014,0	7	9	Ocupaciones elementales	Hombres	14	Aranda
2014,0	5	9	Ocupaciones elementales	Mujeres	14	Aranda
2014,0	103	9	Ocupaciones elementales	Hombres	15	Ribera Alta del Ebro
2014,0	34	9	Ocupaciones elementales	Mujeres	15	Ribera Alta del Ebro
2014,0	124	9	Ocupaciones elementales	Hombres	16	Valdejalón
2014,0	60	9	Ocupaciones elementales	Mujeres	16	Valdejalón
2014,0	809	9	Ocupaciones elementales	Hombres	17	D.C. Zaragoza
2014,0	597	9	Ocupaciones elementales	Mujeres	17	D.C. Zaragoza
2014,0	19	9	Ocupaciones elementales	Hombres	18	Ribera Baja del Ebro
2014,0	10	9	Ocupaciones elementales	Mujeres	18	Ribera Baja del Ebro
2014,0	34	9	Ocupaciones elementales	Hombres	19	Bajo Aragón-Caspe / Baix Aragó-Casp
2014,0	19	9	Ocupaciones elementales	Mujeres	19	Bajo Aragón-Caspe / Baix Aragó-Casp
2014,0	47	9	Ocupaciones elementales	Hombres	20	Comunidad de Calatayud
2014,0	18	9	Ocupaciones elementales	Mujeres	20	Comunidad de Calatayud
2014,0	28	9	Ocupaciones elementales	Hombres	21	Campo de Cariñena
2014,0	4	9	Ocupaciones elementales	Mujeres	21	Campo de Cariñena
2014,0	7	9	Ocupaciones elementales	Hombres	22	Campo de Belchite
2014,0	17	9	Ocupaciones elementales	Hombres	23	Bajo Martín
2014,0	5	9	Ocupaciones elementales	Mujeres	23	Bajo Martín
2014,0	29	9	Ocupaciones elementales	Hombres	24	Campo de Daroca
2014,0	2	9	Ocupaciones elementales	Mujeres	24	Campo de Daroca
2014,0	22	9	Ocupaciones elementales	Hombres	25	Jiloca
2014,0	9	9	Ocupaciones elementales	Mujeres	25	Jiloca
2014,0	48	9	Ocupaciones elementales	Hombres	26	Cuencas Mineras
2014,0	15	9	Ocupaciones elementales	Mujeres	26	Cuencas Mineras
2014,0	17	9	Ocupaciones elementales	Hombres	27	Andorra-Sierra de Arcos
2014,0	4	9	Ocupaciones elementales	Mujeres	27	Andorra-Sierra de Arcos
2014,0	30	9	Ocupaciones elementales	Hombres	28	Bajo Aragón
2014,0	19	9	Ocupaciones elementales	Mujeres	28	Bajo Aragón
2014,0	88	9	Ocupaciones elementales	Hombres	29	Comunidad de Teruel
2014,0	31	9	Ocupaciones elementales	Mujeres	29	Comunidad de Teruel
2014,0	3	9	Ocupaciones elementales	Hombres	30	Maestrazgo
2014,0	1	9	Ocupaciones elementales	Mujeres	30	Maestrazgo
2014,0	3	9	Ocupaciones elementales	Hombres	31	Sierra de Albarracín
2014,0	1	9	Ocupaciones elementales	Mujeres	31	Sierra de Albarracín
2014,0	9	9	Ocupaciones elementales	Hombres	32	Gúdar-Javalambre
2014,0	1	9	Ocupaciones elementales	Mujeres	32	Gúdar-Javalambre
2014,0	6	9	Ocupaciones elementales	Hombres	33	Matarraña / Matarranya
2014,0	1	9	Ocupaciones elementales	Mujeres	33	Matarraña / Matarranya
2014,0	17	9	Ocupaciones elementales	Hombres	NC	Municipio del centro de trabajo fuera de Aragón
2014,0	10	9	Ocupaciones elementales	Mujeres	NC	Municipio del centro de trabajo fuera de Aragón
2013,0	1	1	Directores y gerentes	Mujeres	02	Alto Gállego
2013,0	1	1	Directores y gerentes	Hombres	04	La Ribagorza
2013,0	1	1	Directores y gerentes	Mujeres	05	Cinco Villas
2013,0	3	1	Directores y gerentes	Hombres	06	Hoya de Huesca / Plana de Uesca
2013,0	2	1	Directores y gerentes	Hombres	12	Tarazona y el Moncayo
2013,0	2	1	Directores y gerentes	Hombres	15	Ribera Alta del Ebro
2013,0	1	1	Directores y gerentes	Hombres	16	Valdejalón
2013,0	13	1	Directores y gerentes	Hombres	17	D.C. Zaragoza
2013,0	12	1	Directores y gerentes	Mujeres	17	D.C. Zaragoza
2013,0	1	1	Directores y gerentes	Hombres	18	Ribera Baja del Ebro
2013,0	2	1	Directores y gerentes	Hombres	19	Bajo Aragón-Caspe / Baix Aragó-Casp
2013,0	2	1	Directores y gerentes	Hombres	20	Comunidad de Calatayud
2013,0	1	1	Directores y gerentes	Hombres	21	Campo de Cariñena
2013,0	1	1	Directores y gerentes	Hombres	28	Bajo Aragón
2013,0	1	1	Directores y gerentes	Hombres	29	Comunidad de Teruel
2013,0	2	2	Técnicos y profesionales científicos e intelectuales	Hombres	01	La Jacetania
2013,0	7	2	Técnicos y profesionales científicos e intelectuales	Mujeres	01	La Jacetania
2013,0	1	2	Técnicos y profesionales científicos e intelectuales	Hombres	02	Alto Gállego
2013,0	3	2	Técnicos y profesionales científicos e intelectuales	Mujeres	02	Alto Gállego
2013,0	1	2	Técnicos y profesionales científicos e intelectuales	Hombres	03	Sobrarbe
2013,0	2	2	Técnicos y profesionales científicos e intelectuales	Hombres	04	La Ribagorza
2013,0	1	2	Técnicos y profesionales científicos e intelectuales	Mujeres	04	La Ribagorza
2013,0	1	2	Técnicos y profesionales científicos e intelectuales	Hombres	05	Cinco Villas
2013,0	1	2	Técnicos y profesionales científicos e intelectuales	Mujeres	05	Cinco Villas
2013,0	6	2	Técnicos y profesionales científicos e intelectuales	Hombres	06	Hoya de Huesca / Plana de Uesca
2013,0	27	2	Técnicos y profesionales científicos e intelectuales	Mujeres	06	Hoya de Huesca / Plana de Uesca
2013,0	1	2	Técnicos y profesionales científicos e intelectuales	Hombres	07	Somontano de Barbastro
2013,0	3	2	Técnicos y profesionales científicos e intelectuales	Mujeres	07	Somontano de Barbastro
2013,0	1	2	Técnicos y profesionales científicos e intelectuales	Hombres	08	Cinca Medio
2013,0	1	2	Técnicos y profesionales científicos e intelectuales	Hombres	09	La Litera / La Llitera
2013,0	1	2	Técnicos y profesionales científicos e intelectuales	Mujeres	09	La Litera / La Llitera
2013,0	1	2	Técnicos y profesionales científicos e intelectuales	Hombres	10	Los Monegros
2013,0	2	2	Técnicos y profesionales científicos e intelectuales	Hombres	11	Bajo Cinca / Baix Cinca
2013,0	2	2	Técnicos y profesionales científicos e intelectuales	Mujeres	11	Bajo Cinca / Baix Cinca
2013,0	1	2	Técnicos y profesionales científicos e intelectuales	Hombres	12	Tarazona y el Moncayo
2013,0	3	2	Técnicos y profesionales científicos e intelectuales	Mujeres	12	Tarazona y el Moncayo
2013,0	1	2	Técnicos y profesionales científicos e intelectuales	Hombres	13	Campo de Borja
2013,0	1	2	Técnicos y profesionales científicos e intelectuales	Mujeres	13	Campo de Borja
2013,0	2	2	Técnicos y profesionales científicos e intelectuales	Mujeres	15	Ribera Alta del Ebro
2013,0	2	2	Técnicos y profesionales científicos e intelectuales	Mujeres	16	Valdejalón
2013,0	80	2	Técnicos y profesionales científicos e intelectuales	Hombres	17	D.C. Zaragoza
2013,0	159	2	Técnicos y profesionales científicos e intelectuales	Mujeres	17	D.C. Zaragoza
2013,0	1	2	Técnicos y profesionales científicos e intelectuales	Mujeres	18	Ribera Baja del Ebro
2013,0	1	2	Técnicos y profesionales científicos e intelectuales	Hombres	20	Comunidad de Calatayud
2013,0	7	2	Técnicos y profesionales científicos e intelectuales	Mujeres	20	Comunidad de Calatayud
2013,0	1	2	Técnicos y profesionales científicos e intelectuales	Hombres	21	Campo de Cariñena
2013,0	3	2	Técnicos y profesionales científicos e intelectuales	Mujeres	21	Campo de Cariñena
2013,0	2	2	Técnicos y profesionales científicos e intelectuales	Mujeres	26	Cuencas Mineras
2013,0	1	2	Técnicos y profesionales científicos e intelectuales	Hombres	27	Andorra-Sierra de Arcos
2013,0	4	2	Técnicos y profesionales científicos e intelectuales	Mujeres	28	Bajo Aragón
2013,0	6	2	Técnicos y profesionales científicos e intelectuales	Hombres	29	Comunidad de Teruel
2013,0	9	2	Técnicos y profesionales científicos e intelectuales	Mujeres	29	Comunidad de Teruel
2013,0	1	2	Técnicos y profesionales científicos e intelectuales	Mujeres	32	Gúdar-Javalambre
2013,0	9	3	Técnicos; profesionales de apoyo	Hombres	01	La Jacetania
2013,0	2	3	Técnicos; profesionales de apoyo	Mujeres	01	La Jacetania
2013,0	6	3	Técnicos; profesionales de apoyo	Hombres	02	Alto Gállego
2013,0	4	3	Técnicos; profesionales de apoyo	Mujeres	02	Alto Gállego
2013,0	1	3	Técnicos; profesionales de apoyo	Hombres	03	Sobrarbe
2013,0	2	3	Técnicos; profesionales de apoyo	Hombres	04	La Ribagorza
2013,0	3	3	Técnicos; profesionales de apoyo	Mujeres	04	La Ribagorza
2013,0	4	3	Técnicos; profesionales de apoyo	Hombres	05	Cinco Villas
2013,0	1	3	Técnicos; profesionales de apoyo	Mujeres	05	Cinco Villas
2013,0	29	3	Técnicos; profesionales de apoyo	Hombres	06	Hoya de Huesca / Plana de Uesca
2013,0	7	3	Técnicos; profesionales de apoyo	Mujeres	06	Hoya de Huesca / Plana de Uesca
2013,0	4	3	Técnicos; profesionales de apoyo	Hombres	07	Somontano de Barbastro
2013,0	4	3	Técnicos; profesionales de apoyo	Mujeres	07	Somontano de Barbastro
2013,0	1	3	Técnicos; profesionales de apoyo	Hombres	08	Cinca Medio
2013,0	1	3	Técnicos; profesionales de apoyo	Mujeres	08	Cinca Medio
2013,0	4	3	Técnicos; profesionales de apoyo	Hombres	09	La Litera / La Llitera
2013,0	1	3	Técnicos; profesionales de apoyo	Hombres	10	Los Monegros
2013,0	1	3	Técnicos; profesionales de apoyo	Mujeres	10	Los Monegros
2013,0	8	3	Técnicos; profesionales de apoyo	Hombres	11	Bajo Cinca / Baix Cinca
2013,0	1	3	Técnicos; profesionales de apoyo	Hombres	13	Campo de Borja
2013,0	3	3	Técnicos; profesionales de apoyo	Mujeres	13	Campo de Borja
2013,0	1	3	Técnicos; profesionales de apoyo	Hombres	15	Ribera Alta del Ebro
2013,0	1	3	Técnicos; profesionales de apoyo	Mujeres	15	Ribera Alta del Ebro
2013,0	10	3	Técnicos; profesionales de apoyo	Hombres	16	Valdejalón
2013,0	1	3	Técnicos; profesionales de apoyo	Mujeres	16	Valdejalón
2013,0	162	3	Técnicos; profesionales de apoyo	Hombres	17	D.C. Zaragoza
2013,0	69	3	Técnicos; profesionales de apoyo	Mujeres	17	D.C. Zaragoza
2013,0	2	3	Técnicos; profesionales de apoyo	Hombres	20	Comunidad de Calatayud
2013,0	2	3	Técnicos; profesionales de apoyo	Mujeres	20	Comunidad de Calatayud
2013,0	1	3	Técnicos; profesionales de apoyo	Hombres	21	Campo de Cariñena
2013,0	1	3	Técnicos; profesionales de apoyo	Hombres	22	Campo de Belchite
2013,0	2	3	Técnicos; profesionales de apoyo	Mujeres	25	Jiloca
2013,0	4	3	Técnicos; profesionales de apoyo	Hombres	27	Andorra-Sierra de Arcos
2013,0	1	3	Técnicos; profesionales de apoyo	Mujeres	27	Andorra-Sierra de Arcos
2013,0	5	3	Técnicos; profesionales de apoyo	Hombres	29	Comunidad de Teruel
2013,0	3	3	Técnicos; profesionales de apoyo	Mujeres	29	Comunidad de Teruel
2013,0	1	3	Técnicos; profesionales de apoyo	Hombres	30	Maestrazgo
2013,0	3	3	Técnicos; profesionales de apoyo	Hombres	32	Gúdar-Javalambre
2013,0	5	3	Técnicos; profesionales de apoyo	Hombres	NC	Municipio del centro de trabajo fuera de Aragón
2013,0	1	3	Técnicos; profesionales de apoyo	Mujeres	NC	Municipio del centro de trabajo fuera de Aragón
2013,0	2	4	Empleados contables, administrativos y otros empleados de oficina	Mujeres	01	La Jacetania
2013,0	1	4	Empleados contables, administrativos y otros empleados de oficina	Mujeres	02	Alto Gállego
2013,0	2	4	Empleados contables, administrativos y otros empleados de oficina	Hombres	04	La Ribagorza
2013,0	2	4	Empleados contables, administrativos y otros empleados de oficina	Mujeres	04	La Ribagorza
2013,0	1	4	Empleados contables, administrativos y otros empleados de oficina	Hombres	05	Cinco Villas
2013,0	2	4	Empleados contables, administrativos y otros empleados de oficina	Mujeres	05	Cinco Villas
2013,0	8	4	Empleados contables, administrativos y otros empleados de oficina	Hombres	06	Hoya de Huesca / Plana de Uesca
2013,0	15	4	Empleados contables, administrativos y otros empleados de oficina	Mujeres	06	Hoya de Huesca / Plana de Uesca
2013,0	2	4	Empleados contables, administrativos y otros empleados de oficina	Hombres	07	Somontano de Barbastro
2013,0	2	4	Empleados contables, administrativos y otros empleados de oficina	Hombres	08	Cinca Medio
2013,0	1	4	Empleados contables, administrativos y otros empleados de oficina	Mujeres	08	Cinca Medio
2013,0	1	4	Empleados contables, administrativos y otros empleados de oficina	Hombres	10	Los Monegros
2013,0	1	4	Empleados contables, administrativos y otros empleados de oficina	Mujeres	10	Los Monegros
2013,0	2	4	Empleados contables, administrativos y otros empleados de oficina	Mujeres	11	Bajo Cinca / Baix Cinca
2013,0	2	4	Empleados contables, administrativos y otros empleados de oficina	Mujeres	12	Tarazona y el Moncayo
2013,0	3	4	Empleados contables, administrativos y otros empleados de oficina	Mujeres	15	Ribera Alta del Ebro
2013,0	3	4	Empleados contables, administrativos y otros empleados de oficina	Hombres	16	Valdejalón
2013,0	1	4	Empleados contables, administrativos y otros empleados de oficina	Mujeres	16	Valdejalón
2013,0	75	4	Empleados contables, administrativos y otros empleados de oficina	Hombres	17	D.C. Zaragoza
2013,0	134	4	Empleados contables, administrativos y otros empleados de oficina	Mujeres	17	D.C. Zaragoza
2013,0	1	4	Empleados contables, administrativos y otros empleados de oficina	Hombres	20	Comunidad de Calatayud
2013,0	1	4	Empleados contables, administrativos y otros empleados de oficina	Mujeres	20	Comunidad de Calatayud
2013,0	1	4	Empleados contables, administrativos y otros empleados de oficina	Mujeres	23	Bajo Martín
2013,0	1	4	Empleados contables, administrativos y otros empleados de oficina	Mujeres	25	Jiloca
2013,0	1	4	Empleados contables, administrativos y otros empleados de oficina	Mujeres	27	Andorra-Sierra de Arcos
2013,0	1	4	Empleados contables, administrativos y otros empleados de oficina	Hombres	28	Bajo Aragón
2013,0	2	4	Empleados contables, administrativos y otros empleados de oficina	Mujeres	28	Bajo Aragón
2013,0	4	4	Empleados contables, administrativos y otros empleados de oficina	Hombres	29	Comunidad de Teruel
2013,0	10	4	Empleados contables, administrativos y otros empleados de oficina	Mujeres	29	Comunidad de Teruel
2013,0	1	4	Empleados contables, administrativos y otros empleados de oficina	Hombres	32	Gúdar-Javalambre
2013,0	22	5	Trabajadores de los servicios de restauración, personales, protección y vendedores	Hombres	01	La Jacetania
2013,0	19	5	Trabajadores de los servicios de restauración, personales, protección y vendedores	Mujeres	01	La Jacetania
2013,0	10	5	Trabajadores de los servicios de restauración, personales, protección y vendedores	Hombres	02	Alto Gállego
2013,0	13	5	Trabajadores de los servicios de restauración, personales, protección y vendedores	Mujeres	02	Alto Gállego
2013,0	5	5	Trabajadores de los servicios de restauración, personales, protección y vendedores	Hombres	03	Sobrarbe
2013,0	5	5	Trabajadores de los servicios de restauración, personales, protección y vendedores	Mujeres	03	Sobrarbe
2013,0	9	5	Trabajadores de los servicios de restauración, personales, protección y vendedores	Hombres	04	La Ribagorza
2013,0	22	5	Trabajadores de los servicios de restauración, personales, protección y vendedores	Mujeres	04	La Ribagorza
2013,0	5	5	Trabajadores de los servicios de restauración, personales, protección y vendedores	Hombres	05	Cinco Villas
2013,0	14	5	Trabajadores de los servicios de restauración, personales, protección y vendedores	Mujeres	05	Cinco Villas
2013,0	34	5	Trabajadores de los servicios de restauración, personales, protección y vendedores	Hombres	06	Hoya de Huesca / Plana de Uesca
2013,0	90	5	Trabajadores de los servicios de restauración, personales, protección y vendedores	Mujeres	06	Hoya de Huesca / Plana de Uesca
2013,0	22	5	Trabajadores de los servicios de restauración, personales, protección y vendedores	Hombres	07	Somontano de Barbastro
2013,0	21	5	Trabajadores de los servicios de restauración, personales, protección y vendedores	Mujeres	07	Somontano de Barbastro
2013,0	9	5	Trabajadores de los servicios de restauración, personales, protección y vendedores	Hombres	08	Cinca Medio
2013,0	24	5	Trabajadores de los servicios de restauración, personales, protección y vendedores	Mujeres	08	Cinca Medio
2013,0	6	5	Trabajadores de los servicios de restauración, personales, protección y vendedores	Hombres	09	La Litera / La Llitera
2013,0	14	5	Trabajadores de los servicios de restauración, personales, protección y vendedores	Mujeres	09	La Litera / La Llitera
2013,0	6	5	Trabajadores de los servicios de restauración, personales, protección y vendedores	Mujeres	10	Los Monegros
2013,0	6	5	Trabajadores de los servicios de restauración, personales, protección y vendedores	Hombres	11	Bajo Cinca / Baix Cinca
2013,0	12	5	Trabajadores de los servicios de restauración, personales, protección y vendedores	Mujeres	11	Bajo Cinca / Baix Cinca
2013,0	8	5	Trabajadores de los servicios de restauración, personales, protección y vendedores	Mujeres	12	Tarazona y el Moncayo
2013,0	4	5	Trabajadores de los servicios de restauración, personales, protección y vendedores	Hombres	13	Campo de Borja
2013,0	16	5	Trabajadores de los servicios de restauración, personales, protección y vendedores	Mujeres	13	Campo de Borja
2013,0	4	5	Trabajadores de los servicios de restauración, personales, protección y vendedores	Hombres	15	Ribera Alta del Ebro
2013,0	23	5	Trabajadores de los servicios de restauración, personales, protección y vendedores	Mujeres	15	Ribera Alta del Ebro
2013,0	4	5	Trabajadores de los servicios de restauración, personales, protección y vendedores	Hombres	16	Valdejalón
2013,0	14	5	Trabajadores de los servicios de restauración, personales, protección y vendedores	Mujeres	16	Valdejalón
2013,0	529	5	Trabajadores de los servicios de restauración, personales, protección y vendedores	Hombres	17	D.C. Zaragoza
2013,0	994	5	Trabajadores de los servicios de restauración, personales, protección y vendedores	Mujeres	17	D.C. Zaragoza
2013,0	4	5	Trabajadores de los servicios de restauración, personales, protección y vendedores	Hombres	18	Ribera Baja del Ebro
2013,0	8	5	Trabajadores de los servicios de restauración, personales, protección y vendedores	Mujeres	18	Ribera Baja del Ebro
2013,0	5	5	Trabajadores de los servicios de restauración, personales, protección y vendedores	Hombres	19	Bajo Aragón-Caspe / Baix Aragó-Casp
2013,0	3	5	Trabajadores de los servicios de restauración, personales, protección y vendedores	Mujeres	19	Bajo Aragón-Caspe / Baix Aragó-Casp
2013,0	18	5	Trabajadores de los servicios de restauración, personales, protección y vendedores	Hombres	20	Comunidad de Calatayud
2013,0	33	5	Trabajadores de los servicios de restauración, personales, protección y vendedores	Mujeres	20	Comunidad de Calatayud
2013,0	4	5	Trabajadores de los servicios de restauración, personales, protección y vendedores	Hombres	21	Campo de Cariñena
2013,0	13	5	Trabajadores de los servicios de restauración, personales, protección y vendedores	Mujeres	21	Campo de Cariñena
2013,0	4	5	Trabajadores de los servicios de restauración, personales, protección y vendedores	Mujeres	22	Campo de Belchite
2013,0	1	5	Trabajadores de los servicios de restauración, personales, protección y vendedores	Mujeres	23	Bajo Martín
2013,0	1	5	Trabajadores de los servicios de restauración, personales, protección y vendedores	Hombres	24	Campo de Daroca
2013,0	5	5	Trabajadores de los servicios de restauración, personales, protección y vendedores	Mujeres	24	Campo de Daroca
2013,0	2	5	Trabajadores de los servicios de restauración, personales, protección y vendedores	Hombres	25	Jiloca
2013,0	8	5	Trabajadores de los servicios de restauración, personales, protección y vendedores	Mujeres	25	Jiloca
2013,0	2	5	Trabajadores de los servicios de restauración, personales, protección y vendedores	Hombres	26	Cuencas Mineras
2013,0	1	5	Trabajadores de los servicios de restauración, personales, protección y vendedores	Mujeres	26	Cuencas Mineras
2013,0	2	5	Trabajadores de los servicios de restauración, personales, protección y vendedores	Hombres	27	Andorra-Sierra de Arcos
2013,0	10	5	Trabajadores de los servicios de restauración, personales, protección y vendedores	Mujeres	27	Andorra-Sierra de Arcos
2013,0	7	5	Trabajadores de los servicios de restauración, personales, protección y vendedores	Hombres	28	Bajo Aragón
2013,0	21	5	Trabajadores de los servicios de restauración, personales, protección y vendedores	Mujeres	28	Bajo Aragón
2013,0	27	5	Trabajadores de los servicios de restauración, personales, protección y vendedores	Hombres	29	Comunidad de Teruel
2013,0	60	5	Trabajadores de los servicios de restauración, personales, protección y vendedores	Mujeres	29	Comunidad de Teruel
2013,0	3	5	Trabajadores de los servicios de restauración, personales, protección y vendedores	Mujeres	30	Maestrazgo
2013,0	1	5	Trabajadores de los servicios de restauración, personales, protección y vendedores	Mujeres	31	Sierra de Albarracín
2013,0	1	5	Trabajadores de los servicios de restauración, personales, protección y vendedores	Hombres	32	Gúdar-Javalambre
2013,0	2	5	Trabajadores de los servicios de restauración, personales, protección y vendedores	Mujeres	32	Gúdar-Javalambre
2013,0	1	5	Trabajadores de los servicios de restauración, personales, protección y vendedores	Hombres	NC	Municipio del centro de trabajo fuera de Aragón
2013,0	3	5	Trabajadores de los servicios de restauración, personales, protección y vendedores	Mujeres	NC	Municipio del centro de trabajo fuera de Aragón
2013,0	13	6	Trabajadores cualificados en el sector agrícola, ganadero, forestal y pesquero	Hombres	01	La Jacetania
2013,0	2	6	Trabajadores cualificados en el sector agrícola, ganadero, forestal y pesquero	Mujeres	01	La Jacetania
2013,0	3	6	Trabajadores cualificados en el sector agrícola, ganadero, forestal y pesquero	Hombres	03	Sobrarbe
2013,0	9	6	Trabajadores cualificados en el sector agrícola, ganadero, forestal y pesquero	Hombres	04	La Ribagorza
2013,0	32	6	Trabajadores cualificados en el sector agrícola, ganadero, forestal y pesquero	Hombres	05	Cinco Villas
2013,0	4	6	Trabajadores cualificados en el sector agrícola, ganadero, forestal y pesquero	Mujeres	05	Cinco Villas
2013,0	17	6	Trabajadores cualificados en el sector agrícola, ganadero, forestal y pesquero	Hombres	06	Hoya de Huesca / Plana de Uesca
2013,0	2	6	Trabajadores cualificados en el sector agrícola, ganadero, forestal y pesquero	Mujeres	06	Hoya de Huesca / Plana de Uesca
2013,0	16	6	Trabajadores cualificados en el sector agrícola, ganadero, forestal y pesquero	Hombres	07	Somontano de Barbastro
2013,0	11	6	Trabajadores cualificados en el sector agrícola, ganadero, forestal y pesquero	Hombres	08	Cinca Medio
2013,0	17	6	Trabajadores cualificados en el sector agrícola, ganadero, forestal y pesquero	Hombres	09	La Litera / La Llitera
2013,0	2	6	Trabajadores cualificados en el sector agrícola, ganadero, forestal y pesquero	Mujeres	09	La Litera / La Llitera
2013,0	11	6	Trabajadores cualificados en el sector agrícola, ganadero, forestal y pesquero	Hombres	10	Los Monegros
2013,0	24	6	Trabajadores cualificados en el sector agrícola, ganadero, forestal y pesquero	Hombres	11	Bajo Cinca / Baix Cinca
2013,0	1	6	Trabajadores cualificados en el sector agrícola, ganadero, forestal y pesquero	Mujeres	11	Bajo Cinca / Baix Cinca
2013,0	8	6	Trabajadores cualificados en el sector agrícola, ganadero, forestal y pesquero	Hombres	12	Tarazona y el Moncayo
2013,0	8	6	Trabajadores cualificados en el sector agrícola, ganadero, forestal y pesquero	Hombres	13	Campo de Borja
2013,0	1	6	Trabajadores cualificados en el sector agrícola, ganadero, forestal y pesquero	Hombres	14	Aranda
2013,0	5	6	Trabajadores cualificados en el sector agrícola, ganadero, forestal y pesquero	Hombres	15	Ribera Alta del Ebro
2013,0	14	6	Trabajadores cualificados en el sector agrícola, ganadero, forestal y pesquero	Hombres	16	Valdejalón
2013,0	4	6	Trabajadores cualificados en el sector agrícola, ganadero, forestal y pesquero	Mujeres	16	Valdejalón
2013,0	58	6	Trabajadores cualificados en el sector agrícola, ganadero, forestal y pesquero	Hombres	17	D.C. Zaragoza
2013,0	6	6	Trabajadores cualificados en el sector agrícola, ganadero, forestal y pesquero	Mujeres	17	D.C. Zaragoza
2013,0	7	6	Trabajadores cualificados en el sector agrícola, ganadero, forestal y pesquero	Hombres	18	Ribera Baja del Ebro
2013,0	1	6	Trabajadores cualificados en el sector agrícola, ganadero, forestal y pesquero	Mujeres	18	Ribera Baja del Ebro
2013,0	8	6	Trabajadores cualificados en el sector agrícola, ganadero, forestal y pesquero	Hombres	19	Bajo Aragón-Caspe / Baix Aragó-Casp
2013,0	1	6	Trabajadores cualificados en el sector agrícola, ganadero, forestal y pesquero	Mujeres	19	Bajo Aragón-Caspe / Baix Aragó-Casp
2013,0	11	6	Trabajadores cualificados en el sector agrícola, ganadero, forestal y pesquero	Hombres	20	Comunidad de Calatayud
2013,0	2	6	Trabajadores cualificados en el sector agrícola, ganadero, forestal y pesquero	Mujeres	20	Comunidad de Calatayud
2013,0	4	6	Trabajadores cualificados en el sector agrícola, ganadero, forestal y pesquero	Hombres	21	Campo de Cariñena
2013,0	3	6	Trabajadores cualificados en el sector agrícola, ganadero, forestal y pesquero	Hombres	22	Campo de Belchite
2013,0	6	6	Trabajadores cualificados en el sector agrícola, ganadero, forestal y pesquero	Hombres	23	Bajo Martín
2013,0	1	6	Trabajadores cualificados en el sector agrícola, ganadero, forestal y pesquero	Hombres	24	Campo de Daroca
2013,0	1	6	Trabajadores cualificados en el sector agrícola, ganadero, forestal y pesquero	Mujeres	24	Campo de Daroca
2013,0	6	6	Trabajadores cualificados en el sector agrícola, ganadero, forestal y pesquero	Hombres	25	Jiloca
2013,0	1	6	Trabajadores cualificados en el sector agrícola, ganadero, forestal y pesquero	Mujeres	25	Jiloca
2013,0	1	6	Trabajadores cualificados en el sector agrícola, ganadero, forestal y pesquero	Hombres	27	Andorra-Sierra de Arcos
2013,0	17	6	Trabajadores cualificados en el sector agrícola, ganadero, forestal y pesquero	Hombres	28	Bajo Aragón
2013,0	1	6	Trabajadores cualificados en el sector agrícola, ganadero, forestal y pesquero	Mujeres	28	Bajo Aragón
2013,0	33	6	Trabajadores cualificados en el sector agrícola, ganadero, forestal y pesquero	Hombres	29	Comunidad de Teruel
2013,0	2	6	Trabajadores cualificados en el sector agrícola, ganadero, forestal y pesquero	Mujeres	29	Comunidad de Teruel
2013,0	1	6	Trabajadores cualificados en el sector agrícola, ganadero, forestal y pesquero	Hombres	30	Maestrazgo
2013,0	2	6	Trabajadores cualificados en el sector agrícola, ganadero, forestal y pesquero	Hombres	31	Sierra de Albarracín
2013,0	5	6	Trabajadores cualificados en el sector agrícola, ganadero, forestal y pesquero	Hombres	32	Gúdar-Javalambre
2013,0	5	6	Trabajadores cualificados en el sector agrícola, ganadero, forestal y pesquero	Hombres	33	Matarraña / Matarranya
2013,0	1	6	Trabajadores cualificados en el sector agrícola, ganadero, forestal y pesquero	Mujeres	33	Matarraña / Matarranya
2013,0	4	6	Trabajadores cualificados en el sector agrícola, ganadero, forestal y pesquero	Hombres	NC	Municipio del centro de trabajo fuera de Aragón
2013,0	36	7	Artesanos y trabajadores cualificados de las industrias manufactureras y la construcción (excepto operadores de instalaciones y maquinaria)	Hombres	01	La Jacetania
2013,0	18	7	Artesanos y trabajadores cualificados de las industrias manufactureras y la construcción (excepto operadores de instalaciones y maquinaria)	Hombres	02	Alto Gállego
2013,0	12	7	Artesanos y trabajadores cualificados de las industrias manufactureras y la construcción (excepto operadores de instalaciones y maquinaria)	Hombres	03	Sobrarbe
2013,0	27	7	Artesanos y trabajadores cualificados de las industrias manufactureras y la construcción (excepto operadores de instalaciones y maquinaria)	Hombres	04	La Ribagorza
2013,0	1	7	Artesanos y trabajadores cualificados de las industrias manufactureras y la construcción (excepto operadores de instalaciones y maquinaria)	Mujeres	04	La Ribagorza
2013,0	64	7	Artesanos y trabajadores cualificados de las industrias manufactureras y la construcción (excepto operadores de instalaciones y maquinaria)	Hombres	05	Cinco Villas
2013,0	7	7	Artesanos y trabajadores cualificados de las industrias manufactureras y la construcción (excepto operadores de instalaciones y maquinaria)	Mujeres	05	Cinco Villas
2013,0	137	7	Artesanos y trabajadores cualificados de las industrias manufactureras y la construcción (excepto operadores de instalaciones y maquinaria)	Hombres	06	Hoya de Huesca / Plana de Uesca
2013,0	3	7	Artesanos y trabajadores cualificados de las industrias manufactureras y la construcción (excepto operadores de instalaciones y maquinaria)	Mujeres	06	Hoya de Huesca / Plana de Uesca
2013,0	39	7	Artesanos y trabajadores cualificados de las industrias manufactureras y la construcción (excepto operadores de instalaciones y maquinaria)	Hombres	07	Somontano de Barbastro
2013,0	5	7	Artesanos y trabajadores cualificados de las industrias manufactureras y la construcción (excepto operadores de instalaciones y maquinaria)	Mujeres	07	Somontano de Barbastro
2013,0	78	7	Artesanos y trabajadores cualificados de las industrias manufactureras y la construcción (excepto operadores de instalaciones y maquinaria)	Hombres	08	Cinca Medio
2013,0	1	7	Artesanos y trabajadores cualificados de las industrias manufactureras y la construcción (excepto operadores de instalaciones y maquinaria)	Mujeres	08	Cinca Medio
2013,0	80	7	Artesanos y trabajadores cualificados de las industrias manufactureras y la construcción (excepto operadores de instalaciones y maquinaria)	Hombres	09	La Litera / La Llitera
2013,0	3	7	Artesanos y trabajadores cualificados de las industrias manufactureras y la construcción (excepto operadores de instalaciones y maquinaria)	Mujeres	09	La Litera / La Llitera
2013,0	43	7	Artesanos y trabajadores cualificados de las industrias manufactureras y la construcción (excepto operadores de instalaciones y maquinaria)	Hombres	10	Los Monegros
2013,0	1	7	Artesanos y trabajadores cualificados de las industrias manufactureras y la construcción (excepto operadores de instalaciones y maquinaria)	Mujeres	10	Los Monegros
2013,0	51	7	Artesanos y trabajadores cualificados de las industrias manufactureras y la construcción (excepto operadores de instalaciones y maquinaria)	Hombres	11	Bajo Cinca / Baix Cinca
2013,0	3	7	Artesanos y trabajadores cualificados de las industrias manufactureras y la construcción (excepto operadores de instalaciones y maquinaria)	Mujeres	11	Bajo Cinca / Baix Cinca
2013,0	10	7	Artesanos y trabajadores cualificados de las industrias manufactureras y la construcción (excepto operadores de instalaciones y maquinaria)	Hombres	12	Tarazona y el Moncayo
2013,0	24	7	Artesanos y trabajadores cualificados de las industrias manufactureras y la construcción (excepto operadores de instalaciones y maquinaria)	Hombres	13	Campo de Borja
2013,0	6	7	Artesanos y trabajadores cualificados de las industrias manufactureras y la construcción (excepto operadores de instalaciones y maquinaria)	Mujeres	13	Campo de Borja
2013,0	16	7	Artesanos y trabajadores cualificados de las industrias manufactureras y la construcción (excepto operadores de instalaciones y maquinaria)	Hombres	14	Aranda
2013,0	1	7	Artesanos y trabajadores cualificados de las industrias manufactureras y la construcción (excepto operadores de instalaciones y maquinaria)	Mujeres	14	Aranda
2013,0	71	7	Artesanos y trabajadores cualificados de las industrias manufactureras y la construcción (excepto operadores de instalaciones y maquinaria)	Hombres	15	Ribera Alta del Ebro
2013,0	4	7	Artesanos y trabajadores cualificados de las industrias manufactureras y la construcción (excepto operadores de instalaciones y maquinaria)	Mujeres	15	Ribera Alta del Ebro
2013,0	82	7	Artesanos y trabajadores cualificados de las industrias manufactureras y la construcción (excepto operadores de instalaciones y maquinaria)	Hombres	16	Valdejalón
2013,0	8	7	Artesanos y trabajadores cualificados de las industrias manufactureras y la construcción (excepto operadores de instalaciones y maquinaria)	Mujeres	16	Valdejalón
2013,0	1250	7	Artesanos y trabajadores cualificados de las industrias manufactureras y la construcción (excepto operadores de instalaciones y maquinaria)	Hombres	17	D.C. Zaragoza
2013,0	65	7	Artesanos y trabajadores cualificados de las industrias manufactureras y la construcción (excepto operadores de instalaciones y maquinaria)	Mujeres	17	D.C. Zaragoza
2013,0	11	7	Artesanos y trabajadores cualificados de las industrias manufactureras y la construcción (excepto operadores de instalaciones y maquinaria)	Hombres	18	Ribera Baja del Ebro
2013,0	8	7	Artesanos y trabajadores cualificados de las industrias manufactureras y la construcción (excepto operadores de instalaciones y maquinaria)	Mujeres	18	Ribera Baja del Ebro
2013,0	23	7	Artesanos y trabajadores cualificados de las industrias manufactureras y la construcción (excepto operadores de instalaciones y maquinaria)	Hombres	19	Bajo Aragón-Caspe / Baix Aragó-Casp
2013,0	46	7	Artesanos y trabajadores cualificados de las industrias manufactureras y la construcción (excepto operadores de instalaciones y maquinaria)	Hombres	20	Comunidad de Calatayud
2013,0	17	7	Artesanos y trabajadores cualificados de las industrias manufactureras y la construcción (excepto operadores de instalaciones y maquinaria)	Mujeres	20	Comunidad de Calatayud
2013,0	28	7	Artesanos y trabajadores cualificados de las industrias manufactureras y la construcción (excepto operadores de instalaciones y maquinaria)	Hombres	21	Campo de Cariñena
2013,0	1	7	Artesanos y trabajadores cualificados de las industrias manufactureras y la construcción (excepto operadores de instalaciones y maquinaria)	Mujeres	21	Campo de Cariñena
2013,0	3	7	Artesanos y trabajadores cualificados de las industrias manufactureras y la construcción (excepto operadores de instalaciones y maquinaria)	Hombres	22	Campo de Belchite
2013,0	8	7	Artesanos y trabajadores cualificados de las industrias manufactureras y la construcción (excepto operadores de instalaciones y maquinaria)	Hombres	23	Bajo Martín
2013,0	6	7	Artesanos y trabajadores cualificados de las industrias manufactureras y la construcción (excepto operadores de instalaciones y maquinaria)	Hombres	24	Campo de Daroca
2013,0	1	7	Artesanos y trabajadores cualificados de las industrias manufactureras y la construcción (excepto operadores de instalaciones y maquinaria)	Mujeres	24	Campo de Daroca
2013,0	19	7	Artesanos y trabajadores cualificados de las industrias manufactureras y la construcción (excepto operadores de instalaciones y maquinaria)	Hombres	25	Jiloca
2013,0	7	7	Artesanos y trabajadores cualificados de las industrias manufactureras y la construcción (excepto operadores de instalaciones y maquinaria)	Mujeres	25	Jiloca
2013,0	21	7	Artesanos y trabajadores cualificados de las industrias manufactureras y la construcción (excepto operadores de instalaciones y maquinaria)	Hombres	26	Cuencas Mineras
2013,0	3	7	Artesanos y trabajadores cualificados de las industrias manufactureras y la construcción (excepto operadores de instalaciones y maquinaria)	Mujeres	26	Cuencas Mineras
2013,0	9	7	Artesanos y trabajadores cualificados de las industrias manufactureras y la construcción (excepto operadores de instalaciones y maquinaria)	Hombres	27	Andorra-Sierra de Arcos
2013,0	1	7	Artesanos y trabajadores cualificados de las industrias manufactureras y la construcción (excepto operadores de instalaciones y maquinaria)	Mujeres	27	Andorra-Sierra de Arcos
2013,0	48	7	Artesanos y trabajadores cualificados de las industrias manufactureras y la construcción (excepto operadores de instalaciones y maquinaria)	Hombres	28	Bajo Aragón
2013,0	4	7	Artesanos y trabajadores cualificados de las industrias manufactureras y la construcción (excepto operadores de instalaciones y maquinaria)	Mujeres	28	Bajo Aragón
2013,0	89	7	Artesanos y trabajadores cualificados de las industrias manufactureras y la construcción (excepto operadores de instalaciones y maquinaria)	Hombres	29	Comunidad de Teruel
2013,0	3	7	Artesanos y trabajadores cualificados de las industrias manufactureras y la construcción (excepto operadores de instalaciones y maquinaria)	Mujeres	29	Comunidad de Teruel
2013,0	1	7	Artesanos y trabajadores cualificados de las industrias manufactureras y la construcción (excepto operadores de instalaciones y maquinaria)	Hombres	30	Maestrazgo
2013,0	9	7	Artesanos y trabajadores cualificados de las industrias manufactureras y la construcción (excepto operadores de instalaciones y maquinaria)	Hombres	31	Sierra de Albarracín
2013,0	17	7	Artesanos y trabajadores cualificados de las industrias manufactureras y la construcción (excepto operadores de instalaciones y maquinaria)	Hombres	32	Gúdar-Javalambre
2013,0	1	7	Artesanos y trabajadores cualificados de las industrias manufactureras y la construcción (excepto operadores de instalaciones y maquinaria)	Mujeres	32	Gúdar-Javalambre
2013,0	10	7	Artesanos y trabajadores cualificados de las industrias manufactureras y la construcción (excepto operadores de instalaciones y maquinaria)	Hombres	33	Matarraña / Matarranya
2013,0	1	7	Artesanos y trabajadores cualificados de las industrias manufactureras y la construcción (excepto operadores de instalaciones y maquinaria)	Mujeres	33	Matarraña / Matarranya
2013,0	45	7	Artesanos y trabajadores cualificados de las industrias manufactureras y la construcción (excepto operadores de instalaciones y maquinaria)	Hombres	NC	Municipio del centro de trabajo fuera de Aragón
2013,0	14	8	Operadores de instalaciones y maquinaria, y montadores	Hombres	01	La Jacetania
2013,0	1	8	Operadores de instalaciones y maquinaria, y montadores	Mujeres	01	La Jacetania
2013,0	12	8	Operadores de instalaciones y maquinaria, y montadores	Hombres	02	Alto Gállego
2013,0	1	8	Operadores de instalaciones y maquinaria, y montadores	Mujeres	02	Alto Gállego
2013,0	2	8	Operadores de instalaciones y maquinaria, y montadores	Hombres	03	Sobrarbe
2013,0	8	8	Operadores de instalaciones y maquinaria, y montadores	Hombres	04	La Ribagorza
2013,0	35	8	Operadores de instalaciones y maquinaria, y montadores	Hombres	05	Cinco Villas
2013,0	10	8	Operadores de instalaciones y maquinaria, y montadores	Mujeres	05	Cinco Villas
2013,0	59	8	Operadores de instalaciones y maquinaria, y montadores	Hombres	06	Hoya de Huesca / Plana de Uesca
2013,0	2	8	Operadores de instalaciones y maquinaria, y montadores	Mujeres	06	Hoya de Huesca / Plana de Uesca
2013,0	28	8	Operadores de instalaciones y maquinaria, y montadores	Hombres	07	Somontano de Barbastro
2013,0	57	8	Operadores de instalaciones y maquinaria, y montadores	Hombres	08	Cinca Medio
2013,0	2	8	Operadores de instalaciones y maquinaria, y montadores	Mujeres	08	Cinca Medio
2013,0	25	8	Operadores de instalaciones y maquinaria, y montadores	Hombres	09	La Litera / La Llitera
2013,0	1	8	Operadores de instalaciones y maquinaria, y montadores	Mujeres	09	La Litera / La Llitera
2013,0	27	8	Operadores de instalaciones y maquinaria, y montadores	Hombres	10	Los Monegros
2013,0	2	8	Operadores de instalaciones y maquinaria, y montadores	Mujeres	10	Los Monegros
2013,0	38	8	Operadores de instalaciones y maquinaria, y montadores	Hombres	11	Bajo Cinca / Baix Cinca
2013,0	9	8	Operadores de instalaciones y maquinaria, y montadores	Hombres	12	Tarazona y el Moncayo
2013,0	1	8	Operadores de instalaciones y maquinaria, y montadores	Mujeres	12	Tarazona y el Moncayo
2013,0	13	8	Operadores de instalaciones y maquinaria, y montadores	Hombres	13	Campo de Borja
2013,0	7	8	Operadores de instalaciones y maquinaria, y montadores	Mujeres	13	Campo de Borja
2013,0	4	8	Operadores de instalaciones y maquinaria, y montadores	Hombres	14	Aranda
2013,0	123	8	Operadores de instalaciones y maquinaria, y montadores	Hombres	15	Ribera Alta del Ebro
2013,0	18	8	Operadores de instalaciones y maquinaria, y montadores	Mujeres	15	Ribera Alta del Ebro
2013,0	56	8	Operadores de instalaciones y maquinaria, y montadores	Hombres	16	Valdejalón
2013,0	23	8	Operadores de instalaciones y maquinaria, y montadores	Mujeres	16	Valdejalón
2013,0	937	8	Operadores de instalaciones y maquinaria, y montadores	Hombres	17	D.C. Zaragoza
2013,0	83	8	Operadores de instalaciones y maquinaria, y montadores	Mujeres	17	D.C. Zaragoza
2013,0	12	8	Operadores de instalaciones y maquinaria, y montadores	Hombres	18	Ribera Baja del Ebro
2013,0	1	8	Operadores de instalaciones y maquinaria, y montadores	Mujeres	18	Ribera Baja del Ebro
2013,0	12	8	Operadores de instalaciones y maquinaria, y montadores	Hombres	19	Bajo Aragón-Caspe / Baix Aragó-Casp
2013,0	1	8	Operadores de instalaciones y maquinaria, y montadores	Mujeres	19	Bajo Aragón-Caspe / Baix Aragó-Casp
2013,0	30	8	Operadores de instalaciones y maquinaria, y montadores	Hombres	20	Comunidad de Calatayud
2013,0	2	8	Operadores de instalaciones y maquinaria, y montadores	Mujeres	20	Comunidad de Calatayud
2013,0	13	8	Operadores de instalaciones y maquinaria, y montadores	Hombres	21	Campo de Cariñena
2013,0	2	8	Operadores de instalaciones y maquinaria, y montadores	Mujeres	21	Campo de Cariñena
2013,0	5	8	Operadores de instalaciones y maquinaria, y montadores	Hombres	22	Campo de Belchite
2013,0	17	8	Operadores de instalaciones y maquinaria, y montadores	Hombres	23	Bajo Martín
2013,0	2	8	Operadores de instalaciones y maquinaria, y montadores	Mujeres	23	Bajo Martín
2013,0	3	8	Operadores de instalaciones y maquinaria, y montadores	Hombres	24	Campo de Daroca
2013,0	15	8	Operadores de instalaciones y maquinaria, y montadores	Hombres	25	Jiloca
2013,0	1	8	Operadores de instalaciones y maquinaria, y montadores	Mujeres	25	Jiloca
2013,0	10	8	Operadores de instalaciones y maquinaria, y montadores	Hombres	26	Cuencas Mineras
2013,0	54	8	Operadores de instalaciones y maquinaria, y montadores	Hombres	27	Andorra-Sierra de Arcos
2013,0	44	8	Operadores de instalaciones y maquinaria, y montadores	Hombres	28	Bajo Aragón
2013,0	2	8	Operadores de instalaciones y maquinaria, y montadores	Mujeres	28	Bajo Aragón
2013,0	45	8	Operadores de instalaciones y maquinaria, y montadores	Hombres	29	Comunidad de Teruel
2013,0	2	8	Operadores de instalaciones y maquinaria, y montadores	Mujeres	29	Comunidad de Teruel
2013,0	1	8	Operadores de instalaciones y maquinaria, y montadores	Hombres	31	Sierra de Albarracín
2013,0	7	8	Operadores de instalaciones y maquinaria, y montadores	Hombres	32	Gúdar-Javalambre
2013,0	6	8	Operadores de instalaciones y maquinaria, y montadores	Hombres	33	Matarraña / Matarranya
2013,0	16	8	Operadores de instalaciones y maquinaria, y montadores	Hombres	NC	Municipio del centro de trabajo fuera de Aragón
2013,0	23	9	Ocupaciones elementales	Hombres	01	La Jacetania
2013,0	7	9	Ocupaciones elementales	Mujeres	01	La Jacetania
2013,0	11	9	Ocupaciones elementales	Hombres	02	Alto Gállego
2013,0	5	9	Ocupaciones elementales	Mujeres	02	Alto Gállego
2013,0	5	9	Ocupaciones elementales	Hombres	03	Sobrarbe
2013,0	1	9	Ocupaciones elementales	Mujeres	03	Sobrarbe
2013,0	17	9	Ocupaciones elementales	Hombres	04	La Ribagorza
2013,0	7	9	Ocupaciones elementales	Mujeres	04	La Ribagorza
2013,0	53	9	Ocupaciones elementales	Hombres	05	Cinco Villas
2013,0	19	9	Ocupaciones elementales	Mujeres	05	Cinco Villas
2013,0	90	9	Ocupaciones elementales	Hombres	06	Hoya de Huesca / Plana de Uesca
2013,0	44	9	Ocupaciones elementales	Mujeres	06	Hoya de Huesca / Plana de Uesca
2013,0	41	9	Ocupaciones elementales	Hombres	07	Somontano de Barbastro
2013,0	14	9	Ocupaciones elementales	Mujeres	07	Somontano de Barbastro
2013,0	44	9	Ocupaciones elementales	Hombres	08	Cinca Medio
2013,0	19	9	Ocupaciones elementales	Mujeres	08	Cinca Medio
2013,0	32	9	Ocupaciones elementales	Hombres	09	La Litera / La Llitera
2013,0	14	9	Ocupaciones elementales	Mujeres	09	La Litera / La Llitera
2013,0	34	9	Ocupaciones elementales	Hombres	10	Los Monegros
2013,0	2	9	Ocupaciones elementales	Mujeres	10	Los Monegros
2013,0	80	9	Ocupaciones elementales	Hombres	11	Bajo Cinca / Baix Cinca
2013,0	39	9	Ocupaciones elementales	Mujeres	11	Bajo Cinca / Baix Cinca
2013,0	24	9	Ocupaciones elementales	Hombres	12	Tarazona y el Moncayo
2013,0	8	9	Ocupaciones elementales	Mujeres	12	Tarazona y el Moncayo
2013,0	43	9	Ocupaciones elementales	Hombres	13	Campo de Borja
2013,0	20	9	Ocupaciones elementales	Mujeres	13	Campo de Borja
2013,0	4	9	Ocupaciones elementales	Hombres	14	Aranda
2013,0	60	9	Ocupaciones elementales	Hombres	15	Ribera Alta del Ebro
2013,0	17	9	Ocupaciones elementales	Mujeres	15	Ribera Alta del Ebro
2013,0	88	9	Ocupaciones elementales	Hombres	16	Valdejalón
2013,0	43	9	Ocupaciones elementales	Mujeres	16	Valdejalón
2013,0	796	9	Ocupaciones elementales	Hombres	17	D.C. Zaragoza
2013,0	521	9	Ocupaciones elementales	Mujeres	17	D.C. Zaragoza
2013,0	22	9	Ocupaciones elementales	Hombres	18	Ribera Baja del Ebro
2013,0	11	9	Ocupaciones elementales	Mujeres	18	Ribera Baja del Ebro
2013,0	35	9	Ocupaciones elementales	Hombres	19	Bajo Aragón-Caspe / Baix Aragó-Casp
2013,0	23	9	Ocupaciones elementales	Mujeres	19	Bajo Aragón-Caspe / Baix Aragó-Casp
2013,0	51	9	Ocupaciones elementales	Hombres	20	Comunidad de Calatayud
2013,0	13	9	Ocupaciones elementales	Mujeres	20	Comunidad de Calatayud
2013,0	19	9	Ocupaciones elementales	Hombres	21	Campo de Cariñena
2013,0	7	9	Ocupaciones elementales	Mujeres	21	Campo de Cariñena
2013,0	6	9	Ocupaciones elementales	Hombres	22	Campo de Belchite
2013,0	1	9	Ocupaciones elementales	Mujeres	22	Campo de Belchite
2013,0	12	9	Ocupaciones elementales	Hombres	23	Bajo Martín
2013,0	31	9	Ocupaciones elementales	Hombres	24	Campo de Daroca
2013,0	6	9	Ocupaciones elementales	Mujeres	24	Campo de Daroca
2013,0	13	9	Ocupaciones elementales	Hombres	25	Jiloca
2013,0	4	9	Ocupaciones elementales	Mujeres	25	Jiloca
2013,0	40	9	Ocupaciones elementales	Hombres	26	Cuencas Mineras
2013,0	12	9	Ocupaciones elementales	Mujeres	26	Cuencas Mineras
2013,0	17	9	Ocupaciones elementales	Hombres	27	Andorra-Sierra de Arcos
2013,0	3	9	Ocupaciones elementales	Mujeres	27	Andorra-Sierra de Arcos
2013,0	36	9	Ocupaciones elementales	Hombres	28	Bajo Aragón
2013,0	14	9	Ocupaciones elementales	Mujeres	28	Bajo Aragón
2013,0	85	9	Ocupaciones elementales	Hombres	29	Comunidad de Teruel
2013,0	49	9	Ocupaciones elementales	Mujeres	29	Comunidad de Teruel
2013,0	5	9	Ocupaciones elementales	Hombres	30	Maestrazgo
2013,0	2	9	Ocupaciones elementales	Hombres	31	Sierra de Albarracín
2013,0	5	9	Ocupaciones elementales	Hombres	32	Gúdar-Javalambre
2013,0	5	9	Ocupaciones elementales	Mujeres	32	Gúdar-Javalambre
2013,0	14	9	Ocupaciones elementales	Hombres	33	Matarraña / Matarranya
2013,0	3	9	Ocupaciones elementales	Mujeres	33	Matarraña / Matarranya
2013,0	18	9	Ocupaciones elementales	Hombres	NC	Municipio del centro de trabajo fuera de Aragón
2013,0	6	9	Ocupaciones elementales	Mujeres	NC	Municipio del centro de trabajo fuera de Aragón
2013,0	1	NC	No consta	Mujeres	17	D.C. Zaragoza
2013,0	1	NC	No consta	Hombres	24	Campo de Daroca
2012,0	1	1	Directores y gerentes	Hombres	04	La Ribagorza
2012,0	1	1	Directores y gerentes	Hombres	05	Cinco Villas
2012,0	1	1	Directores y gerentes	Hombres	06	Hoya de Huesca / Plana de Uesca
2012,0	1	1	Directores y gerentes	Hombres	09	La Litera / La Llitera
2012,0	2	1	Directores y gerentes	Hombres	15	Ribera Alta del Ebro
2012,0	1	1	Directores y gerentes	Hombres	16	Valdejalón
2012,0	1	1	Directores y gerentes	Mujeres	16	Valdejalón
2012,0	21	1	Directores y gerentes	Hombres	17	D.C. Zaragoza
2012,0	11	1	Directores y gerentes	Mujeres	17	D.C. Zaragoza
2012,0	1	1	Directores y gerentes	Hombres	20	Comunidad de Calatayud
2012,0	1	1	Directores y gerentes	Mujeres	23	Bajo Martín
2012,0	1	1	Directores y gerentes	Hombres	25	Jiloca
2012,0	1	1	Directores y gerentes	Hombres	28	Bajo Aragón
2012,0	5	1	Directores y gerentes	Hombres	29	Comunidad de Teruel
2012,0	1	1	Directores y gerentes	Mujeres	29	Comunidad de Teruel
2012,0	1	1	Directores y gerentes	Hombres	NC	Municipio del centro de trabajo fuera de Aragón
2012,0	1	2	Técnicos y profesionales científicos e intelectuales	Hombres	01	La Jacetania
2012,0	1	2	Técnicos y profesionales científicos e intelectuales	Mujeres	01	La Jacetania
2012,0	1	2	Técnicos y profesionales científicos e intelectuales	Mujeres	02	Alto Gállego
2012,0	2	2	Técnicos y profesionales científicos e intelectuales	Mujeres	03	Sobrarbe
2012,0	3	2	Técnicos y profesionales científicos e intelectuales	Hombres	04	La Ribagorza
2012,0	1	2	Técnicos y profesionales científicos e intelectuales	Mujeres	04	La Ribagorza
2012,0	2	2	Técnicos y profesionales científicos e intelectuales	Hombres	05	Cinco Villas
2012,0	1	2	Técnicos y profesionales científicos e intelectuales	Mujeres	05	Cinco Villas
2012,0	4	2	Técnicos y profesionales científicos e intelectuales	Hombres	06	Hoya de Huesca / Plana de Uesca
2012,0	12	2	Técnicos y profesionales científicos e intelectuales	Mujeres	06	Hoya de Huesca / Plana de Uesca
2012,0	1	2	Técnicos y profesionales científicos e intelectuales	Hombres	07	Somontano de Barbastro
2012,0	6	2	Técnicos y profesionales científicos e intelectuales	Mujeres	07	Somontano de Barbastro
2012,0	1	2	Técnicos y profesionales científicos e intelectuales	Hombres	09	La Litera / La Llitera
2012,0	1	2	Técnicos y profesionales científicos e intelectuales	Mujeres	09	La Litera / La Llitera
2012,0	1	2	Técnicos y profesionales científicos e intelectuales	Mujeres	11	Bajo Cinca / Baix Cinca
2012,0	2	2	Técnicos y profesionales científicos e intelectuales	Hombres	12	Tarazona y el Moncayo
2012,0	1	2	Técnicos y profesionales científicos e intelectuales	Mujeres	12	Tarazona y el Moncayo
2012,0	1	2	Técnicos y profesionales científicos e intelectuales	Hombres	13	Campo de Borja
2012,0	2	2	Técnicos y profesionales científicos e intelectuales	Mujeres	13	Campo de Borja
2012,0	3	2	Técnicos y profesionales científicos e intelectuales	Hombres	15	Ribera Alta del Ebro
2012,0	3	2	Técnicos y profesionales científicos e intelectuales	Hombres	16	Valdejalón
2012,0	68	2	Técnicos y profesionales científicos e intelectuales	Hombres	17	D.C. Zaragoza
2012,0	141	2	Técnicos y profesionales científicos e intelectuales	Mujeres	17	D.C. Zaragoza
2012,0	1	2	Técnicos y profesionales científicos e intelectuales	Mujeres	18	Ribera Baja del Ebro
2012,0	2	2	Técnicos y profesionales científicos e intelectuales	Hombres	20	Comunidad de Calatayud
2012,0	4	2	Técnicos y profesionales científicos e intelectuales	Mujeres	20	Comunidad de Calatayud
2012,0	1	2	Técnicos y profesionales científicos e intelectuales	Mujeres	21	Campo de Cariñena
2012,0	1	2	Técnicos y profesionales científicos e intelectuales	Mujeres	23	Bajo Martín
2012,0	3	2	Técnicos y profesionales científicos e intelectuales	Hombres	24	Campo de Daroca
2012,0	2	2	Técnicos y profesionales científicos e intelectuales	Hombres	26	Cuencas Mineras
2012,0	2	2	Técnicos y profesionales científicos e intelectuales	Mujeres	28	Bajo Aragón
2012,0	2	2	Técnicos y profesionales científicos e intelectuales	Hombres	29	Comunidad de Teruel
2012,0	10	2	Técnicos y profesionales científicos e intelectuales	Mujeres	29	Comunidad de Teruel
2012,0	2	2	Técnicos y profesionales científicos e intelectuales	Hombres	NC	Municipio del centro de trabajo fuera de Aragón
2012,0	2	2	Técnicos y profesionales científicos e intelectuales	Mujeres	NC	Municipio del centro de trabajo fuera de Aragón
2012,0	3	3	Técnicos; profesionales de apoyo	Hombres	01	La Jacetania
2012,0	1	3	Técnicos; profesionales de apoyo	Mujeres	01	La Jacetania
2012,0	9	3	Técnicos; profesionales de apoyo	Hombres	02	Alto Gállego
2012,0	2	3	Técnicos; profesionales de apoyo	Mujeres	02	Alto Gállego
2012,0	6	3	Técnicos; profesionales de apoyo	Hombres	04	La Ribagorza
2012,0	2	3	Técnicos; profesionales de apoyo	Hombres	05	Cinco Villas
2012,0	31	3	Técnicos; profesionales de apoyo	Hombres	06	Hoya de Huesca / Plana de Uesca
2012,0	5	3	Técnicos; profesionales de apoyo	Mujeres	06	Hoya de Huesca / Plana de Uesca
2012,0	6	3	Técnicos; profesionales de apoyo	Hombres	07	Somontano de Barbastro
2012,0	4	3	Técnicos; profesionales de apoyo	Hombres	08	Cinca Medio
2012,0	2	3	Técnicos; profesionales de apoyo	Hombres	09	La Litera / La Llitera
2012,0	1	3	Técnicos; profesionales de apoyo	Mujeres	09	La Litera / La Llitera
2012,0	3	3	Técnicos; profesionales de apoyo	Hombres	10	Los Monegros
2012,0	1	3	Técnicos; profesionales de apoyo	Mujeres	10	Los Monegros
2012,0	5	3	Técnicos; profesionales de apoyo	Hombres	11	Bajo Cinca / Baix Cinca
2012,0	1	3	Técnicos; profesionales de apoyo	Hombres	12	Tarazona y el Moncayo
2012,0	2	3	Técnicos; profesionales de apoyo	Mujeres	12	Tarazona y el Moncayo
2012,0	1	3	Técnicos; profesionales de apoyo	Hombres	13	Campo de Borja
2012,0	1	3	Técnicos; profesionales de apoyo	Mujeres	13	Campo de Borja
2012,0	6	3	Técnicos; profesionales de apoyo	Hombres	15	Ribera Alta del Ebro
2012,0	1	3	Técnicos; profesionales de apoyo	Mujeres	15	Ribera Alta del Ebro
2012,0	11	3	Técnicos; profesionales de apoyo	Hombres	16	Valdejalón
2012,0	1	3	Técnicos; profesionales de apoyo	Mujeres	16	Valdejalón
2012,0	169	3	Técnicos; profesionales de apoyo	Hombres	17	D.C. Zaragoza
2012,0	50	3	Técnicos; profesionales de apoyo	Mujeres	17	D.C. Zaragoza
2012,0	3	3	Técnicos; profesionales de apoyo	Hombres	18	Ribera Baja del Ebro
2012,0	2	3	Técnicos; profesionales de apoyo	Hombres	20	Comunidad de Calatayud
2012,0	1	3	Técnicos; profesionales de apoyo	Mujeres	20	Comunidad de Calatayud
2012,0	1	3	Técnicos; profesionales de apoyo	Hombres	21	Campo de Cariñena
2012,0	1	3	Técnicos; profesionales de apoyo	Mujeres	21	Campo de Cariñena
2012,0	2	3	Técnicos; profesionales de apoyo	Hombres	23	Bajo Martín
2012,0	1	3	Técnicos; profesionales de apoyo	Hombres	25	Jiloca
2012,0	2	3	Técnicos; profesionales de apoyo	Hombres	26	Cuencas Mineras
2012,0	1	3	Técnicos; profesionales de apoyo	Mujeres	26	Cuencas Mineras
2012,0	2	3	Técnicos; profesionales de apoyo	Hombres	27	Andorra-Sierra de Arcos
2012,0	4	3	Técnicos; profesionales de apoyo	Hombres	28	Bajo Aragón
2012,0	1	3	Técnicos; profesionales de apoyo	Mujeres	28	Bajo Aragón
2012,0	7	3	Técnicos; profesionales de apoyo	Hombres	29	Comunidad de Teruel
2012,0	2	3	Técnicos; profesionales de apoyo	Mujeres	29	Comunidad de Teruel
2012,0	1	3	Técnicos; profesionales de apoyo	Mujeres	30	Maestrazgo
2012,0	3	3	Técnicos; profesionales de apoyo	Hombres	32	Gúdar-Javalambre
2012,0	2	3	Técnicos; profesionales de apoyo	Mujeres	32	Gúdar-Javalambre
2012,0	1	3	Técnicos; profesionales de apoyo	Hombres	NC	Municipio del centro de trabajo fuera de Aragón
2012,0	6	4	Empleados contables, administrativos y otros empleados de oficina	Mujeres	01	La Jacetania
2012,0	3	4	Empleados contables, administrativos y otros empleados de oficina	Hombres	02	Alto Gállego
2012,0	1	4	Empleados contables, administrativos y otros empleados de oficina	Mujeres	03	Sobrarbe
2012,0	1	4	Empleados contables, administrativos y otros empleados de oficina	Hombres	04	La Ribagorza
2012,0	2	4	Empleados contables, administrativos y otros empleados de oficina	Mujeres	04	La Ribagorza
2012,0	1	4	Empleados contables, administrativos y otros empleados de oficina	Mujeres	05	Cinco Villas
2012,0	9	4	Empleados contables, administrativos y otros empleados de oficina	Hombres	06	Hoya de Huesca / Plana de Uesca
2012,0	8	4	Empleados contables, administrativos y otros empleados de oficina	Mujeres	06	Hoya de Huesca / Plana de Uesca
2012,0	1	4	Empleados contables, administrativos y otros empleados de oficina	Mujeres	07	Somontano de Barbastro
2012,0	2	4	Empleados contables, administrativos y otros empleados de oficina	Hombres	08	Cinca Medio
2012,0	1	4	Empleados contables, administrativos y otros empleados de oficina	Mujeres	08	Cinca Medio
2012,0	3	4	Empleados contables, administrativos y otros empleados de oficina	Mujeres	09	La Litera / La Llitera
2012,0	1	4	Empleados contables, administrativos y otros empleados de oficina	Mujeres	10	Los Monegros
2012,0	1	4	Empleados contables, administrativos y otros empleados de oficina	Hombres	11	Bajo Cinca / Baix Cinca
2012,0	1	4	Empleados contables, administrativos y otros empleados de oficina	Mujeres	11	Bajo Cinca / Baix Cinca
2012,0	2	4	Empleados contables, administrativos y otros empleados de oficina	Hombres	12	Tarazona y el Moncayo
2012,0	2	4	Empleados contables, administrativos y otros empleados de oficina	Mujeres	12	Tarazona y el Moncayo
2012,0	1	4	Empleados contables, administrativos y otros empleados de oficina	Hombres	13	Campo de Borja
2012,0	1	4	Empleados contables, administrativos y otros empleados de oficina	Mujeres	13	Campo de Borja
2012,0	1	4	Empleados contables, administrativos y otros empleados de oficina	Mujeres	14	Aranda
2012,0	2	4	Empleados contables, administrativos y otros empleados de oficina	Hombres	15	Ribera Alta del Ebro
2012,0	1	4	Empleados contables, administrativos y otros empleados de oficina	Mujeres	15	Ribera Alta del Ebro
2012,0	1	4	Empleados contables, administrativos y otros empleados de oficina	Hombres	16	Valdejalón
2012,0	1	4	Empleados contables, administrativos y otros empleados de oficina	Mujeres	16	Valdejalón
2012,0	63	4	Empleados contables, administrativos y otros empleados de oficina	Hombres	17	D.C. Zaragoza
2012,0	155	4	Empleados contables, administrativos y otros empleados de oficina	Mujeres	17	D.C. Zaragoza
2012,0	2	4	Empleados contables, administrativos y otros empleados de oficina	Hombres	18	Ribera Baja del Ebro
2012,0	1	4	Empleados contables, administrativos y otros empleados de oficina	Hombres	19	Bajo Aragón-Caspe / Baix Aragó-Casp
2012,0	1	4	Empleados contables, administrativos y otros empleados de oficina	Mujeres	19	Bajo Aragón-Caspe / Baix Aragó-Casp
2012,0	1	4	Empleados contables, administrativos y otros empleados de oficina	Hombres	20	Comunidad de Calatayud
2012,0	2	4	Empleados contables, administrativos y otros empleados de oficina	Hombres	21	Campo de Cariñena
2012,0	2	4	Empleados contables, administrativos y otros empleados de oficina	Mujeres	21	Campo de Cariñena
2012,0	1	4	Empleados contables, administrativos y otros empleados de oficina	Hombres	23	Bajo Martín
2012,0	1	4	Empleados contables, administrativos y otros empleados de oficina	Hombres	26	Cuencas Mineras
2012,0	1	4	Empleados contables, administrativos y otros empleados de oficina	Hombres	28	Bajo Aragón
2012,0	5	4	Empleados contables, administrativos y otros empleados de oficina	Hombres	29	Comunidad de Teruel
2012,0	13	4	Empleados contables, administrativos y otros empleados de oficina	Mujeres	29	Comunidad de Teruel
2012,0	1	4	Empleados contables, administrativos y otros empleados de oficina	Mujeres	30	Maestrazgo
2012,0	1	4	Empleados contables, administrativos y otros empleados de oficina	Hombres	31	Sierra de Albarracín
2012,0	4	4	Empleados contables, administrativos y otros empleados de oficina	Mujeres	NC	Municipio del centro de trabajo fuera de Aragón
2012,0	6	5	Trabajadores de los servicios de restauración, personales, protección y vendedores	Hombres	01	La Jacetania
2012,0	22	5	Trabajadores de los servicios de restauración, personales, protección y vendedores	Mujeres	01	La Jacetania
2012,0	10	5	Trabajadores de los servicios de restauración, personales, protección y vendedores	Hombres	02	Alto Gállego
2012,0	13	5	Trabajadores de los servicios de restauración, personales, protección y vendedores	Mujeres	02	Alto Gállego
2012,0	6	5	Trabajadores de los servicios de restauración, personales, protección y vendedores	Hombres	03	Sobrarbe
2012,0	7	5	Trabajadores de los servicios de restauración, personales, protección y vendedores	Mujeres	03	Sobrarbe
2012,0	8	5	Trabajadores de los servicios de restauración, personales, protección y vendedores	Hombres	04	La Ribagorza
2012,0	9	5	Trabajadores de los servicios de restauración, personales, protección y vendedores	Mujeres	04	La Ribagorza
2012,0	10	5	Trabajadores de los servicios de restauración, personales, protección y vendedores	Hombres	05	Cinco Villas
2012,0	14	5	Trabajadores de los servicios de restauración, personales, protección y vendedores	Mujeres	05	Cinco Villas
2012,0	34	5	Trabajadores de los servicios de restauración, personales, protección y vendedores	Hombres	06	Hoya de Huesca / Plana de Uesca
2012,0	75	5	Trabajadores de los servicios de restauración, personales, protección y vendedores	Mujeres	06	Hoya de Huesca / Plana de Uesca
2012,0	10	5	Trabajadores de los servicios de restauración, personales, protección y vendedores	Hombres	07	Somontano de Barbastro
2012,0	21	5	Trabajadores de los servicios de restauración, personales, protección y vendedores	Mujeres	07	Somontano de Barbastro
2012,0	6	5	Trabajadores de los servicios de restauración, personales, protección y vendedores	Hombres	08	Cinca Medio
2012,0	20	5	Trabajadores de los servicios de restauración, personales, protección y vendedores	Mujeres	08	Cinca Medio
2012,0	7	5	Trabajadores de los servicios de restauración, personales, protección y vendedores	Hombres	09	La Litera / La Llitera
2012,0	16	5	Trabajadores de los servicios de restauración, personales, protección y vendedores	Mujeres	09	La Litera / La Llitera
2012,0	1	5	Trabajadores de los servicios de restauración, personales, protección y vendedores	Hombres	10	Los Monegros
2012,0	5	5	Trabajadores de los servicios de restauración, personales, protección y vendedores	Mujeres	10	Los Monegros
2012,0	8	5	Trabajadores de los servicios de restauración, personales, protección y vendedores	Hombres	11	Bajo Cinca / Baix Cinca
2012,0	8	5	Trabajadores de los servicios de restauración, personales, protección y vendedores	Mujeres	11	Bajo Cinca / Baix Cinca
2012,0	7	5	Trabajadores de los servicios de restauración, personales, protección y vendedores	Hombres	12	Tarazona y el Moncayo
2012,0	11	5	Trabajadores de los servicios de restauración, personales, protección y vendedores	Mujeres	12	Tarazona y el Moncayo
2012,0	1	5	Trabajadores de los servicios de restauración, personales, protección y vendedores	Hombres	13	Campo de Borja
2012,0	17	5	Trabajadores de los servicios de restauración, personales, protección y vendedores	Mujeres	13	Campo de Borja
2012,0	2	5	Trabajadores de los servicios de restauración, personales, protección y vendedores	Hombres	14	Aranda
2012,0	3	5	Trabajadores de los servicios de restauración, personales, protección y vendedores	Mujeres	14	Aranda
2012,0	3	5	Trabajadores de los servicios de restauración, personales, protección y vendedores	Hombres	15	Ribera Alta del Ebro
2012,0	19	5	Trabajadores de los servicios de restauración, personales, protección y vendedores	Mujeres	15	Ribera Alta del Ebro
2012,0	7	5	Trabajadores de los servicios de restauración, personales, protección y vendedores	Hombres	16	Valdejalón
2012,0	20	5	Trabajadores de los servicios de restauración, personales, protección y vendedores	Mujeres	16	Valdejalón
2012,0	492	5	Trabajadores de los servicios de restauración, personales, protección y vendedores	Hombres	17	D.C. Zaragoza
2012,0	877	5	Trabajadores de los servicios de restauración, personales, protección y vendedores	Mujeres	17	D.C. Zaragoza
2012,0	1	5	Trabajadores de los servicios de restauración, personales, protección y vendedores	Hombres	18	Ribera Baja del Ebro
2012,0	4	5	Trabajadores de los servicios de restauración, personales, protección y vendedores	Mujeres	18	Ribera Baja del Ebro
2012,0	3	5	Trabajadores de los servicios de restauración, personales, protección y vendedores	Mujeres	19	Bajo Aragón-Caspe / Baix Aragó-Casp
2012,0	15	5	Trabajadores de los servicios de restauración, personales, protección y vendedores	Hombres	20	Comunidad de Calatayud
2012,0	28	5	Trabajadores de los servicios de restauración, personales, protección y vendedores	Mujeres	20	Comunidad de Calatayud
2012,0	4	5	Trabajadores de los servicios de restauración, personales, protección y vendedores	Mujeres	21	Campo de Cariñena
2012,0	1	5	Trabajadores de los servicios de restauración, personales, protección y vendedores	Mujeres	22	Campo de Belchite
2012,0	2	5	Trabajadores de los servicios de restauración, personales, protección y vendedores	Mujeres	24	Campo de Daroca
2012,0	1	5	Trabajadores de los servicios de restauración, personales, protección y vendedores	Hombres	25	Jiloca
2012,0	4	5	Trabajadores de los servicios de restauración, personales, protección y vendedores	Mujeres	25	Jiloca
2012,0	8	5	Trabajadores de los servicios de restauración, personales, protección y vendedores	Mujeres	26	Cuencas Mineras
2012,0	2	5	Trabajadores de los servicios de restauración, personales, protección y vendedores	Hombres	27	Andorra-Sierra de Arcos
2012,0	16	5	Trabajadores de los servicios de restauración, personales, protección y vendedores	Mujeres	27	Andorra-Sierra de Arcos
2012,0	6	5	Trabajadores de los servicios de restauración, personales, protección y vendedores	Hombres	28	Bajo Aragón
2012,0	25	5	Trabajadores de los servicios de restauración, personales, protección y vendedores	Mujeres	28	Bajo Aragón
2012,0	18	5	Trabajadores de los servicios de restauración, personales, protección y vendedores	Hombres	29	Comunidad de Teruel
2012,0	46	5	Trabajadores de los servicios de restauración, personales, protección y vendedores	Mujeres	29	Comunidad de Teruel
2012,0	2	5	Trabajadores de los servicios de restauración, personales, protección y vendedores	Mujeres	30	Maestrazgo
2012,0	1	5	Trabajadores de los servicios de restauración, personales, protección y vendedores	Hombres	31	Sierra de Albarracín
2012,0	3	5	Trabajadores de los servicios de restauración, personales, protección y vendedores	Mujeres	31	Sierra de Albarracín
2012,0	1	5	Trabajadores de los servicios de restauración, personales, protección y vendedores	Hombres	32	Gúdar-Javalambre
2012,0	6	5	Trabajadores de los servicios de restauración, personales, protección y vendedores	Mujeres	32	Gúdar-Javalambre
2012,0	2	5	Trabajadores de los servicios de restauración, personales, protección y vendedores	Hombres	33	Matarraña / Matarranya
2012,0	2	5	Trabajadores de los servicios de restauración, personales, protección y vendedores	Mujeres	NC	Municipio del centro de trabajo fuera de Aragón
2012,0	2	6	Trabajadores cualificados en el sector agrícola, ganadero, forestal y pesquero	Hombres	01	La Jacetania
2012,0	1	6	Trabajadores cualificados en el sector agrícola, ganadero, forestal y pesquero	Hombres	02	Alto Gállego
2012,0	10	6	Trabajadores cualificados en el sector agrícola, ganadero, forestal y pesquero	Hombres	04	La Ribagorza
2012,0	32	6	Trabajadores cualificados en el sector agrícola, ganadero, forestal y pesquero	Hombres	05	Cinco Villas
2012,0	2	6	Trabajadores cualificados en el sector agrícola, ganadero, forestal y pesquero	Mujeres	05	Cinco Villas
2012,0	16	6	Trabajadores cualificados en el sector agrícola, ganadero, forestal y pesquero	Hombres	06	Hoya de Huesca / Plana de Uesca
2012,0	2	6	Trabajadores cualificados en el sector agrícola, ganadero, forestal y pesquero	Mujeres	06	Hoya de Huesca / Plana de Uesca
2012,0	9	6	Trabajadores cualificados en el sector agrícola, ganadero, forestal y pesquero	Hombres	07	Somontano de Barbastro
2012,0	1	6	Trabajadores cualificados en el sector agrícola, ganadero, forestal y pesquero	Mujeres	07	Somontano de Barbastro
2012,0	18	6	Trabajadores cualificados en el sector agrícola, ganadero, forestal y pesquero	Hombres	08	Cinca Medio
2012,0	1	6	Trabajadores cualificados en el sector agrícola, ganadero, forestal y pesquero	Mujeres	08	Cinca Medio
2012,0	14	6	Trabajadores cualificados en el sector agrícola, ganadero, forestal y pesquero	Hombres	09	La Litera / La Llitera
2012,0	17	6	Trabajadores cualificados en el sector agrícola, ganadero, forestal y pesquero	Hombres	10	Los Monegros
2012,0	19	6	Trabajadores cualificados en el sector agrícola, ganadero, forestal y pesquero	Hombres	11	Bajo Cinca / Baix Cinca
2012,0	1	6	Trabajadores cualificados en el sector agrícola, ganadero, forestal y pesquero	Mujeres	11	Bajo Cinca / Baix Cinca
2012,0	9	6	Trabajadores cualificados en el sector agrícola, ganadero, forestal y pesquero	Hombres	12	Tarazona y el Moncayo
2012,0	4	6	Trabajadores cualificados en el sector agrícola, ganadero, forestal y pesquero	Hombres	13	Campo de Borja
2012,0	1	6	Trabajadores cualificados en el sector agrícola, ganadero, forestal y pesquero	Hombres	14	Aranda
2012,0	9	6	Trabajadores cualificados en el sector agrícola, ganadero, forestal y pesquero	Hombres	15	Ribera Alta del Ebro
2012,0	1	6	Trabajadores cualificados en el sector agrícola, ganadero, forestal y pesquero	Mujeres	15	Ribera Alta del Ebro
2012,0	14	6	Trabajadores cualificados en el sector agrícola, ganadero, forestal y pesquero	Hombres	16	Valdejalón
2012,0	2	6	Trabajadores cualificados en el sector agrícola, ganadero, forestal y pesquero	Mujeres	16	Valdejalón
2012,0	40	6	Trabajadores cualificados en el sector agrícola, ganadero, forestal y pesquero	Hombres	17	D.C. Zaragoza
2012,0	5	6	Trabajadores cualificados en el sector agrícola, ganadero, forestal y pesquero	Mujeres	17	D.C. Zaragoza
2012,0	8	6	Trabajadores cualificados en el sector agrícola, ganadero, forestal y pesquero	Hombres	18	Ribera Baja del Ebro
2012,0	1	6	Trabajadores cualificados en el sector agrícola, ganadero, forestal y pesquero	Mujeres	18	Ribera Baja del Ebro
2012,0	6	6	Trabajadores cualificados en el sector agrícola, ganadero, forestal y pesquero	Hombres	19	Bajo Aragón-Caspe / Baix Aragó-Casp
2012,0	13	6	Trabajadores cualificados en el sector agrícola, ganadero, forestal y pesquero	Hombres	20	Comunidad de Calatayud
2012,0	2	6	Trabajadores cualificados en el sector agrícola, ganadero, forestal y pesquero	Mujeres	20	Comunidad de Calatayud
2012,0	9	6	Trabajadores cualificados en el sector agrícola, ganadero, forestal y pesquero	Hombres	21	Campo de Cariñena
2012,0	1	6	Trabajadores cualificados en el sector agrícola, ganadero, forestal y pesquero	Mujeres	21	Campo de Cariñena
2012,0	3	6	Trabajadores cualificados en el sector agrícola, ganadero, forestal y pesquero	Hombres	22	Campo de Belchite
2012,0	1	6	Trabajadores cualificados en el sector agrícola, ganadero, forestal y pesquero	Mujeres	22	Campo de Belchite
2012,0	4	6	Trabajadores cualificados en el sector agrícola, ganadero, forestal y pesquero	Hombres	23	Bajo Martín
2012,0	5	6	Trabajadores cualificados en el sector agrícola, ganadero, forestal y pesquero	Hombres	24	Campo de Daroca
2012,0	1	6	Trabajadores cualificados en el sector agrícola, ganadero, forestal y pesquero	Mujeres	24	Campo de Daroca
2012,0	12	6	Trabajadores cualificados en el sector agrícola, ganadero, forestal y pesquero	Hombres	25	Jiloca
2012,0	2	6	Trabajadores cualificados en el sector agrícola, ganadero, forestal y pesquero	Mujeres	25	Jiloca
2012,0	2	6	Trabajadores cualificados en el sector agrícola, ganadero, forestal y pesquero	Hombres	26	Cuencas Mineras
2012,0	1	6	Trabajadores cualificados en el sector agrícola, ganadero, forestal y pesquero	Mujeres	27	Andorra-Sierra de Arcos
2012,0	15	6	Trabajadores cualificados en el sector agrícola, ganadero, forestal y pesquero	Hombres	28	Bajo Aragón
2012,0	1	6	Trabajadores cualificados en el sector agrícola, ganadero, forestal y pesquero	Mujeres	28	Bajo Aragón
2012,0	15	6	Trabajadores cualificados en el sector agrícola, ganadero, forestal y pesquero	Hombres	29	Comunidad de Teruel
2012,0	3	6	Trabajadores cualificados en el sector agrícola, ganadero, forestal y pesquero	Hombres	30	Maestrazgo
2012,0	3	6	Trabajadores cualificados en el sector agrícola, ganadero, forestal y pesquero	Hombres	31	Sierra de Albarracín
2012,0	1	6	Trabajadores cualificados en el sector agrícola, ganadero, forestal y pesquero	Mujeres	32	Gúdar-Javalambre
2012,0	6	6	Trabajadores cualificados en el sector agrícola, ganadero, forestal y pesquero	Hombres	33	Matarraña / Matarranya
2012,0	1	6	Trabajadores cualificados en el sector agrícola, ganadero, forestal y pesquero	Mujeres	33	Matarraña / Matarranya
2012,0	5	6	Trabajadores cualificados en el sector agrícola, ganadero, forestal y pesquero	Hombres	NC	Municipio del centro de trabajo fuera de Aragón
2012,0	32	7	Artesanos y trabajadores cualificados de las industrias manufactureras y la construcción (excepto operadores de instalaciones y maquinaria)	Hombres	01	La Jacetania
2012,0	1	7	Artesanos y trabajadores cualificados de las industrias manufactureras y la construcción (excepto operadores de instalaciones y maquinaria)	Mujeres	01	La Jacetania
2012,0	23	7	Artesanos y trabajadores cualificados de las industrias manufactureras y la construcción (excepto operadores de instalaciones y maquinaria)	Hombres	02	Alto Gállego
2012,0	11	7	Artesanos y trabajadores cualificados de las industrias manufactureras y la construcción (excepto operadores de instalaciones y maquinaria)	Hombres	03	Sobrarbe
2012,0	27	7	Artesanos y trabajadores cualificados de las industrias manufactureras y la construcción (excepto operadores de instalaciones y maquinaria)	Hombres	04	La Ribagorza
2012,0	1	7	Artesanos y trabajadores cualificados de las industrias manufactureras y la construcción (excepto operadores de instalaciones y maquinaria)	Mujeres	04	La Ribagorza
2012,0	75	7	Artesanos y trabajadores cualificados de las industrias manufactureras y la construcción (excepto operadores de instalaciones y maquinaria)	Hombres	05	Cinco Villas
2012,0	3	7	Artesanos y trabajadores cualificados de las industrias manufactureras y la construcción (excepto operadores de instalaciones y maquinaria)	Mujeres	05	Cinco Villas
2012,0	158	7	Artesanos y trabajadores cualificados de las industrias manufactureras y la construcción (excepto operadores de instalaciones y maquinaria)	Hombres	06	Hoya de Huesca / Plana de Uesca
2012,0	2	7	Artesanos y trabajadores cualificados de las industrias manufactureras y la construcción (excepto operadores de instalaciones y maquinaria)	Mujeres	06	Hoya de Huesca / Plana de Uesca
2012,0	54	7	Artesanos y trabajadores cualificados de las industrias manufactureras y la construcción (excepto operadores de instalaciones y maquinaria)	Hombres	07	Somontano de Barbastro
2012,0	2	7	Artesanos y trabajadores cualificados de las industrias manufactureras y la construcción (excepto operadores de instalaciones y maquinaria)	Mujeres	07	Somontano de Barbastro
2012,0	121	7	Artesanos y trabajadores cualificados de las industrias manufactureras y la construcción (excepto operadores de instalaciones y maquinaria)	Hombres	08	Cinca Medio
2012,0	67	7	Artesanos y trabajadores cualificados de las industrias manufactureras y la construcción (excepto operadores de instalaciones y maquinaria)	Hombres	09	La Litera / La Llitera
2012,0	5	7	Artesanos y trabajadores cualificados de las industrias manufactureras y la construcción (excepto operadores de instalaciones y maquinaria)	Mujeres	09	La Litera / La Llitera
2012,0	30	7	Artesanos y trabajadores cualificados de las industrias manufactureras y la construcción (excepto operadores de instalaciones y maquinaria)	Hombres	10	Los Monegros
2012,0	1	7	Artesanos y trabajadores cualificados de las industrias manufactureras y la construcción (excepto operadores de instalaciones y maquinaria)	Mujeres	10	Los Monegros
2012,0	61	7	Artesanos y trabajadores cualificados de las industrias manufactureras y la construcción (excepto operadores de instalaciones y maquinaria)	Hombres	11	Bajo Cinca / Baix Cinca
2012,0	10	7	Artesanos y trabajadores cualificados de las industrias manufactureras y la construcción (excepto operadores de instalaciones y maquinaria)	Mujeres	11	Bajo Cinca / Baix Cinca
2012,0	16	7	Artesanos y trabajadores cualificados de las industrias manufactureras y la construcción (excepto operadores de instalaciones y maquinaria)	Hombres	12	Tarazona y el Moncayo
2012,0	27	7	Artesanos y trabajadores cualificados de las industrias manufactureras y la construcción (excepto operadores de instalaciones y maquinaria)	Hombres	13	Campo de Borja
2012,0	7	7	Artesanos y trabajadores cualificados de las industrias manufactureras y la construcción (excepto operadores de instalaciones y maquinaria)	Mujeres	13	Campo de Borja
2012,0	13	7	Artesanos y trabajadores cualificados de las industrias manufactureras y la construcción (excepto operadores de instalaciones y maquinaria)	Hombres	14	Aranda
2012,0	3	7	Artesanos y trabajadores cualificados de las industrias manufactureras y la construcción (excepto operadores de instalaciones y maquinaria)	Mujeres	14	Aranda
2012,0	97	7	Artesanos y trabajadores cualificados de las industrias manufactureras y la construcción (excepto operadores de instalaciones y maquinaria)	Hombres	15	Ribera Alta del Ebro
2012,0	3	7	Artesanos y trabajadores cualificados de las industrias manufactureras y la construcción (excepto operadores de instalaciones y maquinaria)	Mujeres	15	Ribera Alta del Ebro
2012,0	72	7	Artesanos y trabajadores cualificados de las industrias manufactureras y la construcción (excepto operadores de instalaciones y maquinaria)	Hombres	16	Valdejalón
2012,0	9	7	Artesanos y trabajadores cualificados de las industrias manufactureras y la construcción (excepto operadores de instalaciones y maquinaria)	Mujeres	16	Valdejalón
2012,0	1529	7	Artesanos y trabajadores cualificados de las industrias manufactureras y la construcción (excepto operadores de instalaciones y maquinaria)	Hombres	17	D.C. Zaragoza
2012,0	45	7	Artesanos y trabajadores cualificados de las industrias manufactureras y la construcción (excepto operadores de instalaciones y maquinaria)	Mujeres	17	D.C. Zaragoza
2012,0	19	7	Artesanos y trabajadores cualificados de las industrias manufactureras y la construcción (excepto operadores de instalaciones y maquinaria)	Hombres	18	Ribera Baja del Ebro
2012,0	6	7	Artesanos y trabajadores cualificados de las industrias manufactureras y la construcción (excepto operadores de instalaciones y maquinaria)	Mujeres	18	Ribera Baja del Ebro
2012,0	20	7	Artesanos y trabajadores cualificados de las industrias manufactureras y la construcción (excepto operadores de instalaciones y maquinaria)	Hombres	19	Bajo Aragón-Caspe / Baix Aragó-Casp
2012,0	4	7	Artesanos y trabajadores cualificados de las industrias manufactureras y la construcción (excepto operadores de instalaciones y maquinaria)	Mujeres	19	Bajo Aragón-Caspe / Baix Aragó-Casp
2012,0	48	7	Artesanos y trabajadores cualificados de las industrias manufactureras y la construcción (excepto operadores de instalaciones y maquinaria)	Hombres	20	Comunidad de Calatayud
2012,0	8	7	Artesanos y trabajadores cualificados de las industrias manufactureras y la construcción (excepto operadores de instalaciones y maquinaria)	Mujeres	20	Comunidad de Calatayud
2012,0	31	7	Artesanos y trabajadores cualificados de las industrias manufactureras y la construcción (excepto operadores de instalaciones y maquinaria)	Hombres	21	Campo de Cariñena
2012,0	2	7	Artesanos y trabajadores cualificados de las industrias manufactureras y la construcción (excepto operadores de instalaciones y maquinaria)	Mujeres	21	Campo de Cariñena
2012,0	4	7	Artesanos y trabajadores cualificados de las industrias manufactureras y la construcción (excepto operadores de instalaciones y maquinaria)	Hombres	22	Campo de Belchite
2012,0	16	7	Artesanos y trabajadores cualificados de las industrias manufactureras y la construcción (excepto operadores de instalaciones y maquinaria)	Hombres	23	Bajo Martín
2012,0	5	7	Artesanos y trabajadores cualificados de las industrias manufactureras y la construcción (excepto operadores de instalaciones y maquinaria)	Hombres	24	Campo de Daroca
2012,0	18	7	Artesanos y trabajadores cualificados de las industrias manufactureras y la construcción (excepto operadores de instalaciones y maquinaria)	Hombres	25	Jiloca
2012,0	4	7	Artesanos y trabajadores cualificados de las industrias manufactureras y la construcción (excepto operadores de instalaciones y maquinaria)	Mujeres	25	Jiloca
2012,0	17	7	Artesanos y trabajadores cualificados de las industrias manufactureras y la construcción (excepto operadores de instalaciones y maquinaria)	Hombres	26	Cuencas Mineras
2012,0	1	7	Artesanos y trabajadores cualificados de las industrias manufactureras y la construcción (excepto operadores de instalaciones y maquinaria)	Mujeres	26	Cuencas Mineras
2012,0	24	7	Artesanos y trabajadores cualificados de las industrias manufactureras y la construcción (excepto operadores de instalaciones y maquinaria)	Hombres	27	Andorra-Sierra de Arcos
2012,0	69	7	Artesanos y trabajadores cualificados de las industrias manufactureras y la construcción (excepto operadores de instalaciones y maquinaria)	Hombres	28	Bajo Aragón
2012,0	3	7	Artesanos y trabajadores cualificados de las industrias manufactureras y la construcción (excepto operadores de instalaciones y maquinaria)	Mujeres	28	Bajo Aragón
2012,0	94	7	Artesanos y trabajadores cualificados de las industrias manufactureras y la construcción (excepto operadores de instalaciones y maquinaria)	Hombres	29	Comunidad de Teruel
2012,0	3	7	Artesanos y trabajadores cualificados de las industrias manufactureras y la construcción (excepto operadores de instalaciones y maquinaria)	Mujeres	29	Comunidad de Teruel
2012,0	4	7	Artesanos y trabajadores cualificados de las industrias manufactureras y la construcción (excepto operadores de instalaciones y maquinaria)	Hombres	30	Maestrazgo
2012,0	8	7	Artesanos y trabajadores cualificados de las industrias manufactureras y la construcción (excepto operadores de instalaciones y maquinaria)	Hombres	31	Sierra de Albarracín
2012,0	17	7	Artesanos y trabajadores cualificados de las industrias manufactureras y la construcción (excepto operadores de instalaciones y maquinaria)	Hombres	32	Gúdar-Javalambre
2012,0	2	7	Artesanos y trabajadores cualificados de las industrias manufactureras y la construcción (excepto operadores de instalaciones y maquinaria)	Mujeres	32	Gúdar-Javalambre
2012,0	9	7	Artesanos y trabajadores cualificados de las industrias manufactureras y la construcción (excepto operadores de instalaciones y maquinaria)	Hombres	33	Matarraña / Matarranya
2012,0	1	7	Artesanos y trabajadores cualificados de las industrias manufactureras y la construcción (excepto operadores de instalaciones y maquinaria)	Mujeres	33	Matarraña / Matarranya
2012,0	45	7	Artesanos y trabajadores cualificados de las industrias manufactureras y la construcción (excepto operadores de instalaciones y maquinaria)	Hombres	NC	Municipio del centro de trabajo fuera de Aragón
2012,0	23	8	Operadores de instalaciones y maquinaria, y montadores	Hombres	01	La Jacetania
2012,0	2	8	Operadores de instalaciones y maquinaria, y montadores	Mujeres	01	La Jacetania
2012,0	17	8	Operadores de instalaciones y maquinaria, y montadores	Hombres	02	Alto Gállego
2012,0	2	8	Operadores de instalaciones y maquinaria, y montadores	Mujeres	02	Alto Gállego
2012,0	4	8	Operadores de instalaciones y maquinaria, y montadores	Hombres	03	Sobrarbe
2012,0	8	8	Operadores de instalaciones y maquinaria, y montadores	Hombres	04	La Ribagorza
2012,0	35	8	Operadores de instalaciones y maquinaria, y montadores	Hombres	05	Cinco Villas
2012,0	2	8	Operadores de instalaciones y maquinaria, y montadores	Mujeres	05	Cinco Villas
2012,0	63	8	Operadores de instalaciones y maquinaria, y montadores	Hombres	06	Hoya de Huesca / Plana de Uesca
2012,0	2	8	Operadores de instalaciones y maquinaria, y montadores	Mujeres	06	Hoya de Huesca / Plana de Uesca
2012,0	21	8	Operadores de instalaciones y maquinaria, y montadores	Hombres	07	Somontano de Barbastro
2012,0	1	8	Operadores de instalaciones y maquinaria, y montadores	Mujeres	07	Somontano de Barbastro
2012,0	55	8	Operadores de instalaciones y maquinaria, y montadores	Hombres	08	Cinca Medio
2012,0	6	8	Operadores de instalaciones y maquinaria, y montadores	Mujeres	08	Cinca Medio
2012,0	31	8	Operadores de instalaciones y maquinaria, y montadores	Hombres	09	La Litera / La Llitera
2012,0	1	8	Operadores de instalaciones y maquinaria, y montadores	Mujeres	09	La Litera / La Llitera
2012,0	14	8	Operadores de instalaciones y maquinaria, y montadores	Hombres	10	Los Monegros
2012,0	3	8	Operadores de instalaciones y maquinaria, y montadores	Mujeres	10	Los Monegros
2012,0	49	8	Operadores de instalaciones y maquinaria, y montadores	Hombres	11	Bajo Cinca / Baix Cinca
2012,0	4	8	Operadores de instalaciones y maquinaria, y montadores	Mujeres	11	Bajo Cinca / Baix Cinca
2012,0	13	8	Operadores de instalaciones y maquinaria, y montadores	Hombres	12	Tarazona y el Moncayo
2012,0	6	8	Operadores de instalaciones y maquinaria, y montadores	Mujeres	12	Tarazona y el Moncayo
2012,0	29	8	Operadores de instalaciones y maquinaria, y montadores	Hombres	13	Campo de Borja
2012,0	2	8	Operadores de instalaciones y maquinaria, y montadores	Mujeres	13	Campo de Borja
2012,0	7	8	Operadores de instalaciones y maquinaria, y montadores	Hombres	14	Aranda
2012,0	138	8	Operadores de instalaciones y maquinaria, y montadores	Hombres	15	Ribera Alta del Ebro
2012,0	9	8	Operadores de instalaciones y maquinaria, y montadores	Mujeres	15	Ribera Alta del Ebro
2012,0	78	8	Operadores de instalaciones y maquinaria, y montadores	Hombres	16	Valdejalón
2012,0	13	8	Operadores de instalaciones y maquinaria, y montadores	Mujeres	16	Valdejalón
2012,0	1005	8	Operadores de instalaciones y maquinaria, y montadores	Hombres	17	D.C. Zaragoza
2012,0	64	8	Operadores de instalaciones y maquinaria, y montadores	Mujeres	17	D.C. Zaragoza
2012,0	10	8	Operadores de instalaciones y maquinaria, y montadores	Hombres	18	Ribera Baja del Ebro
2012,0	4	8	Operadores de instalaciones y maquinaria, y montadores	Mujeres	18	Ribera Baja del Ebro
2012,0	15	8	Operadores de instalaciones y maquinaria, y montadores	Hombres	19	Bajo Aragón-Caspe / Baix Aragó-Casp
2012,0	34	8	Operadores de instalaciones y maquinaria, y montadores	Hombres	20	Comunidad de Calatayud
2012,0	3	8	Operadores de instalaciones y maquinaria, y montadores	Mujeres	20	Comunidad de Calatayud
2012,0	20	8	Operadores de instalaciones y maquinaria, y montadores	Hombres	21	Campo de Cariñena
2012,0	1	8	Operadores de instalaciones y maquinaria, y montadores	Mujeres	21	Campo de Cariñena
2012,0	5	8	Operadores de instalaciones y maquinaria, y montadores	Hombres	22	Campo de Belchite
2012,0	20	8	Operadores de instalaciones y maquinaria, y montadores	Hombres	23	Bajo Martín
2012,0	5	8	Operadores de instalaciones y maquinaria, y montadores	Hombres	24	Campo de Daroca
2012,0	19	8	Operadores de instalaciones y maquinaria, y montadores	Hombres	25	Jiloca
2012,0	38	8	Operadores de instalaciones y maquinaria, y montadores	Hombres	26	Cuencas Mineras
2012,0	7	8	Operadores de instalaciones y maquinaria, y montadores	Mujeres	26	Cuencas Mineras
2012,0	80	8	Operadores de instalaciones y maquinaria, y montadores	Hombres	27	Andorra-Sierra de Arcos
2012,0	1	8	Operadores de instalaciones y maquinaria, y montadores	Mujeres	27	Andorra-Sierra de Arcos
2012,0	27	8	Operadores de instalaciones y maquinaria, y montadores	Hombres	28	Bajo Aragón
2012,0	1	8	Operadores de instalaciones y maquinaria, y montadores	Mujeres	28	Bajo Aragón
2012,0	57	8	Operadores de instalaciones y maquinaria, y montadores	Hombres	29	Comunidad de Teruel
2012,0	1	8	Operadores de instalaciones y maquinaria, y montadores	Mujeres	29	Comunidad de Teruel
2012,0	1	8	Operadores de instalaciones y maquinaria, y montadores	Hombres	30	Maestrazgo
2012,0	2	8	Operadores de instalaciones y maquinaria, y montadores	Hombres	31	Sierra de Albarracín
2012,0	12	8	Operadores de instalaciones y maquinaria, y montadores	Hombres	32	Gúdar-Javalambre
2012,0	1	8	Operadores de instalaciones y maquinaria, y montadores	Mujeres	32	Gúdar-Javalambre
2012,0	1	8	Operadores de instalaciones y maquinaria, y montadores	Hombres	33	Matarraña / Matarranya
2012,0	16	8	Operadores de instalaciones y maquinaria, y montadores	Hombres	NC	Municipio del centro de trabajo fuera de Aragón
2012,0	16	9	Ocupaciones elementales	Hombres	01	La Jacetania
2012,0	4	9	Ocupaciones elementales	Mujeres	01	La Jacetania
2012,0	14	9	Ocupaciones elementales	Hombres	02	Alto Gállego
2012,0	3	9	Ocupaciones elementales	Mujeres	02	Alto Gállego
2012,0	5	9	Ocupaciones elementales	Hombres	03	Sobrarbe
2012,0	2	9	Ocupaciones elementales	Mujeres	03	Sobrarbe
2012,0	13	9	Ocupaciones elementales	Hombres	04	La Ribagorza
2012,0	8	9	Ocupaciones elementales	Mujeres	04	La Ribagorza
2012,0	61	9	Ocupaciones elementales	Hombres	05	Cinco Villas
2012,0	21	9	Ocupaciones elementales	Mujeres	05	Cinco Villas
2012,0	88	9	Ocupaciones elementales	Hombres	06	Hoya de Huesca / Plana de Uesca
2012,0	40	9	Ocupaciones elementales	Mujeres	06	Hoya de Huesca / Plana de Uesca
2012,0	27	9	Ocupaciones elementales	Hombres	07	Somontano de Barbastro
2012,0	8	9	Ocupaciones elementales	Mujeres	07	Somontano de Barbastro
2012,0	50	9	Ocupaciones elementales	Hombres	08	Cinca Medio
2012,0	14	9	Ocupaciones elementales	Mujeres	08	Cinca Medio
2012,0	21	9	Ocupaciones elementales	Hombres	09	La Litera / La Llitera
2012,0	9	9	Ocupaciones elementales	Mujeres	09	La Litera / La Llitera
2012,0	32	9	Ocupaciones elementales	Hombres	10	Los Monegros
2012,0	2	9	Ocupaciones elementales	Mujeres	10	Los Monegros
2012,0	103	9	Ocupaciones elementales	Hombres	11	Bajo Cinca / Baix Cinca
2012,0	31	9	Ocupaciones elementales	Mujeres	11	Bajo Cinca / Baix Cinca
2012,0	26	9	Ocupaciones elementales	Hombres	12	Tarazona y el Moncayo
2012,0	7	9	Ocupaciones elementales	Mujeres	12	Tarazona y el Moncayo
2012,0	33	9	Ocupaciones elementales	Hombres	13	Campo de Borja
2012,0	26	9	Ocupaciones elementales	Mujeres	13	Campo de Borja
2012,0	4	9	Ocupaciones elementales	Hombres	14	Aranda
2012,0	3	9	Ocupaciones elementales	Mujeres	14	Aranda
2012,0	99	9	Ocupaciones elementales	Hombres	15	Ribera Alta del Ebro
2012,0	24	9	Ocupaciones elementales	Mujeres	15	Ribera Alta del Ebro
2012,0	99	9	Ocupaciones elementales	Hombres	16	Valdejalón
2012,0	40	9	Ocupaciones elementales	Mujeres	16	Valdejalón
2012,0	851	9	Ocupaciones elementales	Hombres	17	D.C. Zaragoza
2012,0	494	9	Ocupaciones elementales	Mujeres	17	D.C. Zaragoza
2012,0	17	9	Ocupaciones elementales	Hombres	18	Ribera Baja del Ebro
2012,0	7	9	Ocupaciones elementales	Mujeres	18	Ribera Baja del Ebro
2012,0	54	9	Ocupaciones elementales	Hombres	19	Bajo Aragón-Caspe / Baix Aragó-Casp
2012,0	6	9	Ocupaciones elementales	Mujeres	19	Bajo Aragón-Caspe / Baix Aragó-Casp
2012,0	47	9	Ocupaciones elementales	Hombres	20	Comunidad de Calatayud
2012,0	21	9	Ocupaciones elementales	Mujeres	20	Comunidad de Calatayud
2012,0	28	9	Ocupaciones elementales	Hombres	21	Campo de Cariñena
2012,0	7	9	Ocupaciones elementales	Mujeres	21	Campo de Cariñena
2012,0	7	9	Ocupaciones elementales	Hombres	22	Campo de Belchite
2012,0	1	9	Ocupaciones elementales	Mujeres	22	Campo de Belchite
2012,0	13	9	Ocupaciones elementales	Hombres	23	Bajo Martín
2012,0	3	9	Ocupaciones elementales	Mujeres	23	Bajo Martín
2012,0	20	9	Ocupaciones elementales	Hombres	24	Campo de Daroca
2012,0	1	9	Ocupaciones elementales	Mujeres	24	Campo de Daroca
2012,0	14	9	Ocupaciones elementales	Hombres	25	Jiloca
2012,0	3	9	Ocupaciones elementales	Mujeres	25	Jiloca
2012,0	15	9	Ocupaciones elementales	Hombres	26	Cuencas Mineras
2012,0	2	9	Ocupaciones elementales	Mujeres	26	Cuencas Mineras
2012,0	18	9	Ocupaciones elementales	Hombres	27	Andorra-Sierra de Arcos
2012,0	4	9	Ocupaciones elementales	Mujeres	27	Andorra-Sierra de Arcos
2012,0	29	9	Ocupaciones elementales	Hombres	28	Bajo Aragón
2012,0	10	9	Ocupaciones elementales	Mujeres	28	Bajo Aragón
2012,0	60	9	Ocupaciones elementales	Hombres	29	Comunidad de Teruel
2012,0	28	9	Ocupaciones elementales	Mujeres	29	Comunidad de Teruel
2012,0	4	9	Ocupaciones elementales	Hombres	30	Maestrazgo
2012,0	1	9	Ocupaciones elementales	Mujeres	30	Maestrazgo
2012,0	1	9	Ocupaciones elementales	Hombres	31	Sierra de Albarracín
2012,0	4	9	Ocupaciones elementales	Mujeres	31	Sierra de Albarracín
2012,0	11	9	Ocupaciones elementales	Hombres	32	Gúdar-Javalambre
2012,0	1	9	Ocupaciones elementales	Mujeres	32	Gúdar-Javalambre
2012,0	14	9	Ocupaciones elementales	Hombres	33	Matarraña / Matarranya
2012,0	2	9	Ocupaciones elementales	Mujeres	33	Matarraña / Matarranya
2012,0	17	9	Ocupaciones elementales	Hombres	NC	Municipio del centro de trabajo fuera de Aragón
2012,0	3	9	Ocupaciones elementales	Mujeres	NC	Municipio del centro de trabajo fuera de Aragón
2011,0	4	1	Directores y gerentes	Hombres	02	Alto Gállego
2011,0	1	1	Directores y gerentes	Mujeres	05	Cinco Villas
2011,0	5	1	Directores y gerentes	Hombres	06	Hoya de Huesca / Plana de Uesca
2011,0	1	1	Directores y gerentes	Mujeres	06	Hoya de Huesca / Plana de Uesca
2011,0	1	1	Directores y gerentes	Hombres	08	Cinca Medio
2011,0	1	1	Directores y gerentes	Hombres	09	La Litera / La Llitera
2011,0	1	1	Directores y gerentes	Hombres	10	Los Monegros
2011,0	3	1	Directores y gerentes	Hombres	15	Ribera Alta del Ebro
2011,0	30	1	Directores y gerentes	Hombres	17	D.C. Zaragoza
2011,0	6	1	Directores y gerentes	Mujeres	17	D.C. Zaragoza
2011,0	1	1	Directores y gerentes	Hombres	20	Comunidad de Calatayud
2011,0	1	1	Directores y gerentes	Hombres	23	Bajo Martín
2011,0	1	1	Directores y gerentes	Hombres	24	Campo de Daroca
2011,0	1	1	Directores y gerentes	Hombres	28	Bajo Aragón
2011,0	2	1	Directores y gerentes	Hombres	29	Comunidad de Teruel
2011,0	1	1	Directores y gerentes	Mujeres	29	Comunidad de Teruel
2011,0	1	1	Directores y gerentes	Hombres	33	Matarraña / Matarranya
2011,0	5	2	Técnicos y profesionales científicos e intelectuales	Hombres	01	La Jacetania
2011,0	4	2	Técnicos y profesionales científicos e intelectuales	Mujeres	01	La Jacetania
2011,0	5	2	Técnicos y profesionales científicos e intelectuales	Hombres	02	Alto Gállego
2011,0	2	2	Técnicos y profesionales científicos e intelectuales	Mujeres	02	Alto Gállego
2011,0	1	2	Técnicos y profesionales científicos e intelectuales	Hombres	04	La Ribagorza
2011,0	1	2	Técnicos y profesionales científicos e intelectuales	Mujeres	04	La Ribagorza
2011,0	3	2	Técnicos y profesionales científicos e intelectuales	Hombres	05	Cinco Villas
2011,0	1	2	Técnicos y profesionales científicos e intelectuales	Mujeres	05	Cinco Villas
2011,0	7	2	Técnicos y profesionales científicos e intelectuales	Hombres	06	Hoya de Huesca / Plana de Uesca
2011,0	10	2	Técnicos y profesionales científicos e intelectuales	Mujeres	06	Hoya de Huesca / Plana de Uesca
2011,0	2	2	Técnicos y profesionales científicos e intelectuales	Hombres	07	Somontano de Barbastro
2011,0	6	2	Técnicos y profesionales científicos e intelectuales	Mujeres	07	Somontano de Barbastro
2011,0	1	2	Técnicos y profesionales científicos e intelectuales	Hombres	08	Cinca Medio
2011,0	1	2	Técnicos y profesionales científicos e intelectuales	Mujeres	08	Cinca Medio
2011,0	1	2	Técnicos y profesionales científicos e intelectuales	Hombres	09	La Litera / La Llitera
2011,0	1	2	Técnicos y profesionales científicos e intelectuales	Mujeres	09	La Litera / La Llitera
2011,0	2	2	Técnicos y profesionales científicos e intelectuales	Mujeres	10	Los Monegros
2011,0	3	2	Técnicos y profesionales científicos e intelectuales	Hombres	11	Bajo Cinca / Baix Cinca
2011,0	2	2	Técnicos y profesionales científicos e intelectuales	Mujeres	11	Bajo Cinca / Baix Cinca
2011,0	1	2	Técnicos y profesionales científicos e intelectuales	Mujeres	12	Tarazona y el Moncayo
2011,0	1	2	Técnicos y profesionales científicos e intelectuales	Hombres	13	Campo de Borja
2011,0	1	2	Técnicos y profesionales científicos e intelectuales	Mujeres	13	Campo de Borja
2011,0	3	2	Técnicos y profesionales científicos e intelectuales	Hombres	15	Ribera Alta del Ebro
2011,0	4	2	Técnicos y profesionales científicos e intelectuales	Mujeres	15	Ribera Alta del Ebro
2011,0	2	2	Técnicos y profesionales científicos e intelectuales	Hombres	16	Valdejalón
2011,0	2	2	Técnicos y profesionales científicos e intelectuales	Mujeres	16	Valdejalón
2011,0	86	2	Técnicos y profesionales científicos e intelectuales	Hombres	17	D.C. Zaragoza
2011,0	147	2	Técnicos y profesionales científicos e intelectuales	Mujeres	17	D.C. Zaragoza
2011,0	1	2	Técnicos y profesionales científicos e intelectuales	Mujeres	18	Ribera Baja del Ebro
2011,0	2	2	Técnicos y profesionales científicos e intelectuales	Mujeres	19	Bajo Aragón-Caspe / Baix Aragó-Casp
2011,0	2	2	Técnicos y profesionales científicos e intelectuales	Hombres	20	Comunidad de Calatayud
2011,0	3	2	Técnicos y profesionales científicos e intelectuales	Mujeres	20	Comunidad de Calatayud
2011,0	1	2	Técnicos y profesionales científicos e intelectuales	Mujeres	24	Campo de Daroca
2011,0	3	2	Técnicos y profesionales científicos e intelectuales	Hombres	25	Jiloca
2011,0	2	2	Técnicos y profesionales científicos e intelectuales	Hombres	28	Bajo Aragón
2011,0	3	2	Técnicos y profesionales científicos e intelectuales	Mujeres	28	Bajo Aragón
2011,0	6	2	Técnicos y profesionales científicos e intelectuales	Hombres	29	Comunidad de Teruel
2011,0	15	2	Técnicos y profesionales científicos e intelectuales	Mujeres	29	Comunidad de Teruel
2011,0	1	2	Técnicos y profesionales científicos e intelectuales	Hombres	31	Sierra de Albarracín
2011,0	1	2	Técnicos y profesionales científicos e intelectuales	Mujeres	32	Gúdar-Javalambre
2011,0	1	2	Técnicos y profesionales científicos e intelectuales	Mujeres	33	Matarraña / Matarranya
2011,0	1	2	Técnicos y profesionales científicos e intelectuales	Hombres	NC	Municipio del centro de trabajo fuera de Aragón
2011,0	1	2	Técnicos y profesionales científicos e intelectuales	Mujeres	NC	Municipio del centro de trabajo fuera de Aragón
2011,0	7	3	Técnicos; profesionales de apoyo	Hombres	01	La Jacetania
2011,0	3	3	Técnicos; profesionales de apoyo	Mujeres	01	La Jacetania
2011,0	1	3	Técnicos; profesionales de apoyo	Hombres	02	Alto Gállego
2011,0	1	3	Técnicos; profesionales de apoyo	Mujeres	02	Alto Gállego
2011,0	1	3	Técnicos; profesionales de apoyo	Hombres	03	Sobrarbe
2011,0	5	3	Técnicos; profesionales de apoyo	Hombres	04	La Ribagorza
2011,0	1	3	Técnicos; profesionales de apoyo	Mujeres	04	La Ribagorza
2011,0	6	3	Técnicos; profesionales de apoyo	Hombres	05	Cinco Villas
2011,0	37	3	Técnicos; profesionales de apoyo	Hombres	06	Hoya de Huesca / Plana de Uesca
2011,0	3	3	Técnicos; profesionales de apoyo	Mujeres	06	Hoya de Huesca / Plana de Uesca
2011,0	6	3	Técnicos; profesionales de apoyo	Hombres	07	Somontano de Barbastro
2011,0	2	3	Técnicos; profesionales de apoyo	Mujeres	07	Somontano de Barbastro
2011,0	7	3	Técnicos; profesionales de apoyo	Hombres	08	Cinca Medio
2011,0	1	3	Técnicos; profesionales de apoyo	Mujeres	08	Cinca Medio
2011,0	1	3	Técnicos; profesionales de apoyo	Hombres	09	La Litera / La Llitera
2011,0	4	3	Técnicos; profesionales de apoyo	Mujeres	09	La Litera / La Llitera
2011,0	5	3	Técnicos; profesionales de apoyo	Hombres	10	Los Monegros
2011,0	9	3	Técnicos; profesionales de apoyo	Hombres	11	Bajo Cinca / Baix Cinca
2011,0	1	3	Técnicos; profesionales de apoyo	Mujeres	11	Bajo Cinca / Baix Cinca
2011,0	4	3	Técnicos; profesionales de apoyo	Hombres	12	Tarazona y el Moncayo
2011,0	1	3	Técnicos; profesionales de apoyo	Mujeres	12	Tarazona y el Moncayo
2011,0	1	3	Técnicos; profesionales de apoyo	Hombres	13	Campo de Borja
2011,0	5	3	Técnicos; profesionales de apoyo	Mujeres	13	Campo de Borja
2011,0	1	3	Técnicos; profesionales de apoyo	Hombres	14	Aranda
2011,0	4	3	Técnicos; profesionales de apoyo	Hombres	15	Ribera Alta del Ebro
2011,0	8	3	Técnicos; profesionales de apoyo	Hombres	16	Valdejalón
2011,0	3	3	Técnicos; profesionales de apoyo	Mujeres	16	Valdejalón
2011,0	176	3	Técnicos; profesionales de apoyo	Hombres	17	D.C. Zaragoza
2011,0	83	3	Técnicos; profesionales de apoyo	Mujeres	17	D.C. Zaragoza
2011,0	2	3	Técnicos; profesionales de apoyo	Hombres	18	Ribera Baja del Ebro
2011,0	3	3	Técnicos; profesionales de apoyo	Hombres	20	Comunidad de Calatayud
2011,0	1	3	Técnicos; profesionales de apoyo	Mujeres	20	Comunidad de Calatayud
2011,0	1	3	Técnicos; profesionales de apoyo	Hombres	21	Campo de Cariñena
2011,0	1	3	Técnicos; profesionales de apoyo	Hombres	22	Campo de Belchite
2011,0	1	3	Técnicos; profesionales de apoyo	Hombres	24	Campo de Daroca
2011,0	1	3	Técnicos; profesionales de apoyo	Mujeres	24	Campo de Daroca
2011,0	1	3	Técnicos; profesionales de apoyo	Mujeres	26	Cuencas Mineras
2011,0	4	3	Técnicos; profesionales de apoyo	Hombres	27	Andorra-Sierra de Arcos
2011,0	6	3	Técnicos; profesionales de apoyo	Hombres	28	Bajo Aragón
2011,0	1	3	Técnicos; profesionales de apoyo	Mujeres	28	Bajo Aragón
2011,0	9	3	Técnicos; profesionales de apoyo	Hombres	29	Comunidad de Teruel
2011,0	5	3	Técnicos; profesionales de apoyo	Mujeres	29	Comunidad de Teruel
2011,0	1	3	Técnicos; profesionales de apoyo	Mujeres	30	Maestrazgo
2011,0	1	3	Técnicos; profesionales de apoyo	Hombres	31	Sierra de Albarracín
2011,0	5	3	Técnicos; profesionales de apoyo	Hombres	32	Gúdar-Javalambre
2011,0	1	3	Técnicos; profesionales de apoyo	Hombres	33	Matarraña / Matarranya
2011,0	7	3	Técnicos; profesionales de apoyo	Hombres	NC	Municipio del centro de trabajo fuera de Aragón
2011,0	2	3	Técnicos; profesionales de apoyo	Mujeres	NC	Municipio del centro de trabajo fuera de Aragón
2011,0	1	4	Empleados contables, administrativos y otros empleados de oficina	Mujeres	01	La Jacetania
2011,0	1	4	Empleados contables, administrativos y otros empleados de oficina	Hombres	04	La Ribagorza
2011,0	2	4	Empleados contables, administrativos y otros empleados de oficina	Mujeres	04	La Ribagorza
2011,0	1	4	Empleados contables, administrativos y otros empleados de oficina	Hombres	05	Cinco Villas
2011,0	2	4	Empleados contables, administrativos y otros empleados de oficina	Mujeres	05	Cinco Villas
2011,0	4	4	Empleados contables, administrativos y otros empleados de oficina	Hombres	06	Hoya de Huesca / Plana de Uesca
2011,0	13	4	Empleados contables, administrativos y otros empleados de oficina	Mujeres	06	Hoya de Huesca / Plana de Uesca
2011,0	1	4	Empleados contables, administrativos y otros empleados de oficina	Hombres	07	Somontano de Barbastro
2011,0	4	4	Empleados contables, administrativos y otros empleados de oficina	Mujeres	07	Somontano de Barbastro
2011,0	2	4	Empleados contables, administrativos y otros empleados de oficina	Hombres	08	Cinca Medio
2011,0	5	4	Empleados contables, administrativos y otros empleados de oficina	Mujeres	08	Cinca Medio
2011,0	2	4	Empleados contables, administrativos y otros empleados de oficina	Hombres	09	La Litera / La Llitera
2011,0	3	4	Empleados contables, administrativos y otros empleados de oficina	Mujeres	09	La Litera / La Llitera
2011,0	2	4	Empleados contables, administrativos y otros empleados de oficina	Hombres	10	Los Monegros
2011,0	2	4	Empleados contables, administrativos y otros empleados de oficina	Mujeres	10	Los Monegros
2011,0	2	4	Empleados contables, administrativos y otros empleados de oficina	Hombres	11	Bajo Cinca / Baix Cinca
2011,0	3	4	Empleados contables, administrativos y otros empleados de oficina	Mujeres	11	Bajo Cinca / Baix Cinca
2011,0	1	4	Empleados contables, administrativos y otros empleados de oficina	Hombres	12	Tarazona y el Moncayo
2011,0	2	4	Empleados contables, administrativos y otros empleados de oficina	Mujeres	12	Tarazona y el Moncayo
2011,0	1	4	Empleados contables, administrativos y otros empleados de oficina	Hombres	13	Campo de Borja
2011,0	1	4	Empleados contables, administrativos y otros empleados de oficina	Mujeres	13	Campo de Borja
2011,0	1	4	Empleados contables, administrativos y otros empleados de oficina	Hombres	15	Ribera Alta del Ebro
2011,0	2	4	Empleados contables, administrativos y otros empleados de oficina	Hombres	16	Valdejalón
2011,0	5	4	Empleados contables, administrativos y otros empleados de oficina	Mujeres	16	Valdejalón
2011,0	70	4	Empleados contables, administrativos y otros empleados de oficina	Hombres	17	D.C. Zaragoza
2011,0	134	4	Empleados contables, administrativos y otros empleados de oficina	Mujeres	17	D.C. Zaragoza
2011,0	1	4	Empleados contables, administrativos y otros empleados de oficina	Mujeres	18	Ribera Baja del Ebro
2011,0	1	4	Empleados contables, administrativos y otros empleados de oficina	Hombres	19	Bajo Aragón-Caspe / Baix Aragó-Casp
2011,0	2	4	Empleados contables, administrativos y otros empleados de oficina	Mujeres	19	Bajo Aragón-Caspe / Baix Aragó-Casp
2011,0	1	4	Empleados contables, administrativos y otros empleados de oficina	Mujeres	20	Comunidad de Calatayud
2011,0	1	4	Empleados contables, administrativos y otros empleados de oficina	Hombres	21	Campo de Cariñena
2011,0	2	4	Empleados contables, administrativos y otros empleados de oficina	Mujeres	21	Campo de Cariñena
2011,0	1	4	Empleados contables, administrativos y otros empleados de oficina	Hombres	24	Campo de Daroca
2011,0	3	4	Empleados contables, administrativos y otros empleados de oficina	Mujeres	24	Campo de Daroca
2011,0	1	4	Empleados contables, administrativos y otros empleados de oficina	Hombres	25	Jiloca
2011,0	1	4	Empleados contables, administrativos y otros empleados de oficina	Mujeres	26	Cuencas Mineras
2011,0	1	4	Empleados contables, administrativos y otros empleados de oficina	Mujeres	27	Andorra-Sierra de Arcos
2011,0	3	4	Empleados contables, administrativos y otros empleados de oficina	Mujeres	28	Bajo Aragón
2011,0	5	4	Empleados contables, administrativos y otros empleados de oficina	Hombres	29	Comunidad de Teruel
2011,0	8	4	Empleados contables, administrativos y otros empleados de oficina	Mujeres	29	Comunidad de Teruel
2011,0	1	4	Empleados contables, administrativos y otros empleados de oficina	Mujeres	33	Matarraña / Matarranya
2011,0	1	4	Empleados contables, administrativos y otros empleados de oficina	Hombres	NC	Municipio del centro de trabajo fuera de Aragón
2011,0	2	4	Empleados contables, administrativos y otros empleados de oficina	Mujeres	NC	Municipio del centro de trabajo fuera de Aragón
2011,0	5	5	Trabajadores de los servicios de restauración, personales, protección y vendedores	Hombres	01	La Jacetania
2011,0	35	5	Trabajadores de los servicios de restauración, personales, protección y vendedores	Mujeres	01	La Jacetania
2011,0	13	5	Trabajadores de los servicios de restauración, personales, protección y vendedores	Hombres	02	Alto Gállego
2011,0	18	5	Trabajadores de los servicios de restauración, personales, protección y vendedores	Mujeres	02	Alto Gállego
2011,0	4	5	Trabajadores de los servicios de restauración, personales, protección y vendedores	Hombres	03	Sobrarbe
2011,0	4	5	Trabajadores de los servicios de restauración, personales, protección y vendedores	Mujeres	03	Sobrarbe
2011,0	8	5	Trabajadores de los servicios de restauración, personales, protección y vendedores	Hombres	04	La Ribagorza
2011,0	14	5	Trabajadores de los servicios de restauración, personales, protección y vendedores	Mujeres	04	La Ribagorza
2011,0	3	5	Trabajadores de los servicios de restauración, personales, protección y vendedores	Hombres	05	Cinco Villas
2011,0	24	5	Trabajadores de los servicios de restauración, personales, protección y vendedores	Mujeres	05	Cinco Villas
2011,0	44	5	Trabajadores de los servicios de restauración, personales, protección y vendedores	Hombres	06	Hoya de Huesca / Plana de Uesca
2011,0	77	5	Trabajadores de los servicios de restauración, personales, protección y vendedores	Mujeres	06	Hoya de Huesca / Plana de Uesca
2011,0	7	5	Trabajadores de los servicios de restauración, personales, protección y vendedores	Hombres	07	Somontano de Barbastro
2011,0	27	5	Trabajadores de los servicios de restauración, personales, protección y vendedores	Mujeres	07	Somontano de Barbastro
2011,0	9	5	Trabajadores de los servicios de restauración, personales, protección y vendedores	Hombres	08	Cinca Medio
2011,0	19	5	Trabajadores de los servicios de restauración, personales, protección y vendedores	Mujeres	08	Cinca Medio
2011,0	4	5	Trabajadores de los servicios de restauración, personales, protección y vendedores	Hombres	09	La Litera / La Llitera
2011,0	13	5	Trabajadores de los servicios de restauración, personales, protección y vendedores	Mujeres	09	La Litera / La Llitera
2011,0	1	5	Trabajadores de los servicios de restauración, personales, protección y vendedores	Hombres	10	Los Monegros
2011,0	2	5	Trabajadores de los servicios de restauración, personales, protección y vendedores	Mujeres	10	Los Monegros
2011,0	7	5	Trabajadores de los servicios de restauración, personales, protección y vendedores	Hombres	11	Bajo Cinca / Baix Cinca
2011,0	13	5	Trabajadores de los servicios de restauración, personales, protección y vendedores	Mujeres	11	Bajo Cinca / Baix Cinca
2011,0	3	5	Trabajadores de los servicios de restauración, personales, protección y vendedores	Hombres	12	Tarazona y el Moncayo
2011,0	12	5	Trabajadores de los servicios de restauración, personales, protección y vendedores	Mujeres	12	Tarazona y el Moncayo
2011,0	3	5	Trabajadores de los servicios de restauración, personales, protección y vendedores	Hombres	13	Campo de Borja
2011,0	17	5	Trabajadores de los servicios de restauración, personales, protección y vendedores	Mujeres	13	Campo de Borja
2011,0	1	5	Trabajadores de los servicios de restauración, personales, protección y vendedores	Hombres	14	Aranda
2011,0	7	5	Trabajadores de los servicios de restauración, personales, protección y vendedores	Mujeres	14	Aranda
2011,0	7	5	Trabajadores de los servicios de restauración, personales, protección y vendedores	Hombres	15	Ribera Alta del Ebro
2011,0	31	5	Trabajadores de los servicios de restauración, personales, protección y vendedores	Mujeres	15	Ribera Alta del Ebro
2011,0	11	5	Trabajadores de los servicios de restauración, personales, protección y vendedores	Hombres	16	Valdejalón
2011,0	35	5	Trabajadores de los servicios de restauración, personales, protección y vendedores	Mujeres	16	Valdejalón
2011,0	576	5	Trabajadores de los servicios de restauración, personales, protección y vendedores	Hombres	17	D.C. Zaragoza
2011,0	1125	5	Trabajadores de los servicios de restauración, personales, protección y vendedores	Mujeres	17	D.C. Zaragoza
2011,0	1	5	Trabajadores de los servicios de restauración, personales, protección y vendedores	Hombres	18	Ribera Baja del Ebro
2011,0	4	5	Trabajadores de los servicios de restauración, personales, protección y vendedores	Mujeres	18	Ribera Baja del Ebro
2011,0	2	5	Trabajadores de los servicios de restauración, personales, protección y vendedores	Hombres	19	Bajo Aragón-Caspe / Baix Aragó-Casp
2011,0	8	5	Trabajadores de los servicios de restauración, personales, protección y vendedores	Mujeres	19	Bajo Aragón-Caspe / Baix Aragó-Casp
2011,0	11	5	Trabajadores de los servicios de restauración, personales, protección y vendedores	Hombres	20	Comunidad de Calatayud
2011,0	31	5	Trabajadores de los servicios de restauración, personales, protección y vendedores	Mujeres	20	Comunidad de Calatayud
2011,0	4	5	Trabajadores de los servicios de restauración, personales, protección y vendedores	Hombres	21	Campo de Cariñena
2011,0	7	5	Trabajadores de los servicios de restauración, personales, protección y vendedores	Mujeres	21	Campo de Cariñena
2011,0	3	5	Trabajadores de los servicios de restauración, personales, protección y vendedores	Mujeres	22	Campo de Belchite
2011,0	1	5	Trabajadores de los servicios de restauración, personales, protección y vendedores	Hombres	23	Bajo Martín
2011,0	3	5	Trabajadores de los servicios de restauración, personales, protección y vendedores	Mujeres	23	Bajo Martín
2011,0	1	5	Trabajadores de los servicios de restauración, personales, protección y vendedores	Hombres	24	Campo de Daroca
2011,0	7	5	Trabajadores de los servicios de restauración, personales, protección y vendedores	Mujeres	24	Campo de Daroca
2011,0	2	5	Trabajadores de los servicios de restauración, personales, protección y vendedores	Hombres	25	Jiloca
2011,0	6	5	Trabajadores de los servicios de restauración, personales, protección y vendedores	Mujeres	25	Jiloca
2011,0	2	5	Trabajadores de los servicios de restauración, personales, protección y vendedores	Hombres	26	Cuencas Mineras
2011,0	5	5	Trabajadores de los servicios de restauración, personales, protección y vendedores	Mujeres	26	Cuencas Mineras
2011,0	12	5	Trabajadores de los servicios de restauración, personales, protección y vendedores	Mujeres	27	Andorra-Sierra de Arcos
2011,0	6	5	Trabajadores de los servicios de restauración, personales, protección y vendedores	Hombres	28	Bajo Aragón
2011,0	29	5	Trabajadores de los servicios de restauración, personales, protección y vendedores	Mujeres	28	Bajo Aragón
2011,0	23	5	Trabajadores de los servicios de restauración, personales, protección y vendedores	Hombres	29	Comunidad de Teruel
2011,0	50	5	Trabajadores de los servicios de restauración, personales, protección y vendedores	Mujeres	29	Comunidad de Teruel
2011,0	1	5	Trabajadores de los servicios de restauración, personales, protección y vendedores	Mujeres	30	Maestrazgo
2011,0	2	5	Trabajadores de los servicios de restauración, personales, protección y vendedores	Mujeres	31	Sierra de Albarracín
2011,0	3	5	Trabajadores de los servicios de restauración, personales, protección y vendedores	Hombres	32	Gúdar-Javalambre
2011,0	6	5	Trabajadores de los servicios de restauración, personales, protección y vendedores	Mujeres	32	Gúdar-Javalambre
2011,0	2	5	Trabajadores de los servicios de restauración, personales, protección y vendedores	Mujeres	33	Matarraña / Matarranya
2011,0	1	5	Trabajadores de los servicios de restauración, personales, protección y vendedores	Hombres	NC	Municipio del centro de trabajo fuera de Aragón
2011,0	1	5	Trabajadores de los servicios de restauración, personales, protección y vendedores	Mujeres	NC	Municipio del centro de trabajo fuera de Aragón
2011,0	8	6	Trabajadores cualificados en el sector agrícola, ganadero, forestal y pesquero	Hombres	01	La Jacetania
2011,0	1	6	Trabajadores cualificados en el sector agrícola, ganadero, forestal y pesquero	Mujeres	01	La Jacetania
2011,0	3	6	Trabajadores cualificados en el sector agrícola, ganadero, forestal y pesquero	Hombres	02	Alto Gállego
2011,0	1	6	Trabajadores cualificados en el sector agrícola, ganadero, forestal y pesquero	Hombres	03	Sobrarbe
2011,0	10	6	Trabajadores cualificados en el sector agrícola, ganadero, forestal y pesquero	Hombres	04	La Ribagorza
2011,0	2	6	Trabajadores cualificados en el sector agrícola, ganadero, forestal y pesquero	Mujeres	04	La Ribagorza
2011,0	35	6	Trabajadores cualificados en el sector agrícola, ganadero, forestal y pesquero	Hombres	05	Cinco Villas
2011,0	2	6	Trabajadores cualificados en el sector agrícola, ganadero, forestal y pesquero	Mujeres	05	Cinco Villas
2011,0	22	6	Trabajadores cualificados en el sector agrícola, ganadero, forestal y pesquero	Hombres	06	Hoya de Huesca / Plana de Uesca
2011,0	9	6	Trabajadores cualificados en el sector agrícola, ganadero, forestal y pesquero	Hombres	07	Somontano de Barbastro
2011,0	2	6	Trabajadores cualificados en el sector agrícola, ganadero, forestal y pesquero	Mujeres	07	Somontano de Barbastro
2011,0	15	6	Trabajadores cualificados en el sector agrícola, ganadero, forestal y pesquero	Hombres	08	Cinca Medio
2011,0	3	6	Trabajadores cualificados en el sector agrícola, ganadero, forestal y pesquero	Mujeres	08	Cinca Medio
2011,0	16	6	Trabajadores cualificados en el sector agrícola, ganadero, forestal y pesquero	Hombres	09	La Litera / La Llitera
2011,0	1	6	Trabajadores cualificados en el sector agrícola, ganadero, forestal y pesquero	Mujeres	09	La Litera / La Llitera
2011,0	11	6	Trabajadores cualificados en el sector agrícola, ganadero, forestal y pesquero	Hombres	10	Los Monegros
2011,0	19	6	Trabajadores cualificados en el sector agrícola, ganadero, forestal y pesquero	Hombres	11	Bajo Cinca / Baix Cinca
2011,0	2	6	Trabajadores cualificados en el sector agrícola, ganadero, forestal y pesquero	Mujeres	11	Bajo Cinca / Baix Cinca
2011,0	15	6	Trabajadores cualificados en el sector agrícola, ganadero, forestal y pesquero	Hombres	12	Tarazona y el Moncayo
2011,0	6	6	Trabajadores cualificados en el sector agrícola, ganadero, forestal y pesquero	Hombres	13	Campo de Borja
2011,0	5	6	Trabajadores cualificados en el sector agrícola, ganadero, forestal y pesquero	Hombres	15	Ribera Alta del Ebro
2011,0	1	6	Trabajadores cualificados en el sector agrícola, ganadero, forestal y pesquero	Mujeres	15	Ribera Alta del Ebro
2011,0	21	6	Trabajadores cualificados en el sector agrícola, ganadero, forestal y pesquero	Hombres	16	Valdejalón
2011,0	1	6	Trabajadores cualificados en el sector agrícola, ganadero, forestal y pesquero	Mujeres	16	Valdejalón
2011,0	54	6	Trabajadores cualificados en el sector agrícola, ganadero, forestal y pesquero	Hombres	17	D.C. Zaragoza
2011,0	6	6	Trabajadores cualificados en el sector agrícola, ganadero, forestal y pesquero	Mujeres	17	D.C. Zaragoza
2011,0	7	6	Trabajadores cualificados en el sector agrícola, ganadero, forestal y pesquero	Hombres	18	Ribera Baja del Ebro
2011,0	2	6	Trabajadores cualificados en el sector agrícola, ganadero, forestal y pesquero	Mujeres	18	Ribera Baja del Ebro
2011,0	5	6	Trabajadores cualificados en el sector agrícola, ganadero, forestal y pesquero	Hombres	19	Bajo Aragón-Caspe / Baix Aragó-Casp
2011,0	16	6	Trabajadores cualificados en el sector agrícola, ganadero, forestal y pesquero	Hombres	20	Comunidad de Calatayud
2011,0	2	6	Trabajadores cualificados en el sector agrícola, ganadero, forestal y pesquero	Mujeres	20	Comunidad de Calatayud
2011,0	7	6	Trabajadores cualificados en el sector agrícola, ganadero, forestal y pesquero	Hombres	21	Campo de Cariñena
2011,0	4	6	Trabajadores cualificados en el sector agrícola, ganadero, forestal y pesquero	Hombres	22	Campo de Belchite
2011,0	2	6	Trabajadores cualificados en el sector agrícola, ganadero, forestal y pesquero	Hombres	23	Bajo Martín
2011,0	1	6	Trabajadores cualificados en el sector agrícola, ganadero, forestal y pesquero	Hombres	24	Campo de Daroca
2011,0	9	6	Trabajadores cualificados en el sector agrícola, ganadero, forestal y pesquero	Hombres	25	Jiloca
2011,0	2	6	Trabajadores cualificados en el sector agrícola, ganadero, forestal y pesquero	Hombres	26	Cuencas Mineras
2011,0	2	6	Trabajadores cualificados en el sector agrícola, ganadero, forestal y pesquero	Mujeres	27	Andorra-Sierra de Arcos
2011,0	11	6	Trabajadores cualificados en el sector agrícola, ganadero, forestal y pesquero	Hombres	28	Bajo Aragón
2011,0	4	6	Trabajadores cualificados en el sector agrícola, ganadero, forestal y pesquero	Mujeres	28	Bajo Aragón
2011,0	16	6	Trabajadores cualificados en el sector agrícola, ganadero, forestal y pesquero	Hombres	29	Comunidad de Teruel
2011,0	1	6	Trabajadores cualificados en el sector agrícola, ganadero, forestal y pesquero	Mujeres	29	Comunidad de Teruel
2011,0	3	6	Trabajadores cualificados en el sector agrícola, ganadero, forestal y pesquero	Hombres	30	Maestrazgo
2011,0	1	6	Trabajadores cualificados en el sector agrícola, ganadero, forestal y pesquero	Mujeres	30	Maestrazgo
2011,0	4	6	Trabajadores cualificados en el sector agrícola, ganadero, forestal y pesquero	Hombres	31	Sierra de Albarracín
2011,0	2	6	Trabajadores cualificados en el sector agrícola, ganadero, forestal y pesquero	Hombres	32	Gúdar-Javalambre
2011,0	12	6	Trabajadores cualificados en el sector agrícola, ganadero, forestal y pesquero	Hombres	33	Matarraña / Matarranya
2011,0	2	6	Trabajadores cualificados en el sector agrícola, ganadero, forestal y pesquero	Mujeres	33	Matarraña / Matarranya
2011,0	3	6	Trabajadores cualificados en el sector agrícola, ganadero, forestal y pesquero	Hombres	NC	Municipio del centro de trabajo fuera de Aragón
2011,0	53	7	Artesanos y trabajadores cualificados de las industrias manufactureras y la construcción (excepto operadores de instalaciones y maquinaria)	Hombres	01	La Jacetania
2011,0	38	7	Artesanos y trabajadores cualificados de las industrias manufactureras y la construcción (excepto operadores de instalaciones y maquinaria)	Hombres	02	Alto Gállego
2011,0	14	7	Artesanos y trabajadores cualificados de las industrias manufactureras y la construcción (excepto operadores de instalaciones y maquinaria)	Hombres	03	Sobrarbe
2011,0	31	7	Artesanos y trabajadores cualificados de las industrias manufactureras y la construcción (excepto operadores de instalaciones y maquinaria)	Hombres	04	La Ribagorza
2011,0	1	7	Artesanos y trabajadores cualificados de las industrias manufactureras y la construcción (excepto operadores de instalaciones y maquinaria)	Mujeres	04	La Ribagorza
2011,0	86	7	Artesanos y trabajadores cualificados de las industrias manufactureras y la construcción (excepto operadores de instalaciones y maquinaria)	Hombres	05	Cinco Villas
2011,0	9	7	Artesanos y trabajadores cualificados de las industrias manufactureras y la construcción (excepto operadores de instalaciones y maquinaria)	Mujeres	05	Cinco Villas
2011,0	210	7	Artesanos y trabajadores cualificados de las industrias manufactureras y la construcción (excepto operadores de instalaciones y maquinaria)	Hombres	06	Hoya de Huesca / Plana de Uesca
2011,0	4	7	Artesanos y trabajadores cualificados de las industrias manufactureras y la construcción (excepto operadores de instalaciones y maquinaria)	Mujeres	06	Hoya de Huesca / Plana de Uesca
2011,0	57	7	Artesanos y trabajadores cualificados de las industrias manufactureras y la construcción (excepto operadores de instalaciones y maquinaria)	Hombres	07	Somontano de Barbastro
2011,0	3	7	Artesanos y trabajadores cualificados de las industrias manufactureras y la construcción (excepto operadores de instalaciones y maquinaria)	Mujeres	07	Somontano de Barbastro
2011,0	113	7	Artesanos y trabajadores cualificados de las industrias manufactureras y la construcción (excepto operadores de instalaciones y maquinaria)	Hombres	08	Cinca Medio
2011,0	2	7	Artesanos y trabajadores cualificados de las industrias manufactureras y la construcción (excepto operadores de instalaciones y maquinaria)	Mujeres	08	Cinca Medio
2011,0	107	7	Artesanos y trabajadores cualificados de las industrias manufactureras y la construcción (excepto operadores de instalaciones y maquinaria)	Hombres	09	La Litera / La Llitera
2011,0	6	7	Artesanos y trabajadores cualificados de las industrias manufactureras y la construcción (excepto operadores de instalaciones y maquinaria)	Mujeres	09	La Litera / La Llitera
2011,0	51	7	Artesanos y trabajadores cualificados de las industrias manufactureras y la construcción (excepto operadores de instalaciones y maquinaria)	Hombres	10	Los Monegros
2011,0	2	7	Artesanos y trabajadores cualificados de las industrias manufactureras y la construcción (excepto operadores de instalaciones y maquinaria)	Mujeres	10	Los Monegros
2011,0	64	7	Artesanos y trabajadores cualificados de las industrias manufactureras y la construcción (excepto operadores de instalaciones y maquinaria)	Hombres	11	Bajo Cinca / Baix Cinca
2011,0	5	7	Artesanos y trabajadores cualificados de las industrias manufactureras y la construcción (excepto operadores de instalaciones y maquinaria)	Mujeres	11	Bajo Cinca / Baix Cinca
2011,0	34	7	Artesanos y trabajadores cualificados de las industrias manufactureras y la construcción (excepto operadores de instalaciones y maquinaria)	Hombres	12	Tarazona y el Moncayo
2011,0	42	7	Artesanos y trabajadores cualificados de las industrias manufactureras y la construcción (excepto operadores de instalaciones y maquinaria)	Hombres	13	Campo de Borja
2011,0	8	7	Artesanos y trabajadores cualificados de las industrias manufactureras y la construcción (excepto operadores de instalaciones y maquinaria)	Mujeres	13	Campo de Borja
2011,0	21	7	Artesanos y trabajadores cualificados de las industrias manufactureras y la construcción (excepto operadores de instalaciones y maquinaria)	Hombres	14	Aranda
2011,0	3	7	Artesanos y trabajadores cualificados de las industrias manufactureras y la construcción (excepto operadores de instalaciones y maquinaria)	Mujeres	14	Aranda
2011,0	109	7	Artesanos y trabajadores cualificados de las industrias manufactureras y la construcción (excepto operadores de instalaciones y maquinaria)	Hombres	15	Ribera Alta del Ebro
2011,0	5	7	Artesanos y trabajadores cualificados de las industrias manufactureras y la construcción (excepto operadores de instalaciones y maquinaria)	Mujeres	15	Ribera Alta del Ebro
2011,0	124	7	Artesanos y trabajadores cualificados de las industrias manufactureras y la construcción (excepto operadores de instalaciones y maquinaria)	Hombres	16	Valdejalón
2011,0	7	7	Artesanos y trabajadores cualificados de las industrias manufactureras y la construcción (excepto operadores de instalaciones y maquinaria)	Mujeres	16	Valdejalón
2011,0	1842	7	Artesanos y trabajadores cualificados de las industrias manufactureras y la construcción (excepto operadores de instalaciones y maquinaria)	Hombres	17	D.C. Zaragoza
2011,0	82	7	Artesanos y trabajadores cualificados de las industrias manufactureras y la construcción (excepto operadores de instalaciones y maquinaria)	Mujeres	17	D.C. Zaragoza
2011,0	29	7	Artesanos y trabajadores cualificados de las industrias manufactureras y la construcción (excepto operadores de instalaciones y maquinaria)	Hombres	18	Ribera Baja del Ebro
2011,0	10	7	Artesanos y trabajadores cualificados de las industrias manufactureras y la construcción (excepto operadores de instalaciones y maquinaria)	Mujeres	18	Ribera Baja del Ebro
2011,0	18	7	Artesanos y trabajadores cualificados de las industrias manufactureras y la construcción (excepto operadores de instalaciones y maquinaria)	Hombres	19	Bajo Aragón-Caspe / Baix Aragó-Casp
2011,0	1	7	Artesanos y trabajadores cualificados de las industrias manufactureras y la construcción (excepto operadores de instalaciones y maquinaria)	Mujeres	19	Bajo Aragón-Caspe / Baix Aragó-Casp
2011,0	70	7	Artesanos y trabajadores cualificados de las industrias manufactureras y la construcción (excepto operadores de instalaciones y maquinaria)	Hombres	20	Comunidad de Calatayud
2011,0	6	7	Artesanos y trabajadores cualificados de las industrias manufactureras y la construcción (excepto operadores de instalaciones y maquinaria)	Mujeres	20	Comunidad de Calatayud
2011,0	35	7	Artesanos y trabajadores cualificados de las industrias manufactureras y la construcción (excepto operadores de instalaciones y maquinaria)	Hombres	21	Campo de Cariñena
2011,0	9	7	Artesanos y trabajadores cualificados de las industrias manufactureras y la construcción (excepto operadores de instalaciones y maquinaria)	Hombres	22	Campo de Belchite
2011,0	16	7	Artesanos y trabajadores cualificados de las industrias manufactureras y la construcción (excepto operadores de instalaciones y maquinaria)	Hombres	23	Bajo Martín
2011,0	3	7	Artesanos y trabajadores cualificados de las industrias manufactureras y la construcción (excepto operadores de instalaciones y maquinaria)	Hombres	24	Campo de Daroca
2011,0	26	7	Artesanos y trabajadores cualificados de las industrias manufactureras y la construcción (excepto operadores de instalaciones y maquinaria)	Hombres	25	Jiloca
2011,0	3	7	Artesanos y trabajadores cualificados de las industrias manufactureras y la construcción (excepto operadores de instalaciones y maquinaria)	Mujeres	25	Jiloca
2011,0	16	7	Artesanos y trabajadores cualificados de las industrias manufactureras y la construcción (excepto operadores de instalaciones y maquinaria)	Hombres	26	Cuencas Mineras
2011,0	2	7	Artesanos y trabajadores cualificados de las industrias manufactureras y la construcción (excepto operadores de instalaciones y maquinaria)	Mujeres	26	Cuencas Mineras
2011,0	39	7	Artesanos y trabajadores cualificados de las industrias manufactureras y la construcción (excepto operadores de instalaciones y maquinaria)	Hombres	27	Andorra-Sierra de Arcos
2011,0	7	7	Artesanos y trabajadores cualificados de las industrias manufactureras y la construcción (excepto operadores de instalaciones y maquinaria)	Mujeres	27	Andorra-Sierra de Arcos
2011,0	74	7	Artesanos y trabajadores cualificados de las industrias manufactureras y la construcción (excepto operadores de instalaciones y maquinaria)	Hombres	28	Bajo Aragón
2011,0	7	7	Artesanos y trabajadores cualificados de las industrias manufactureras y la construcción (excepto operadores de instalaciones y maquinaria)	Mujeres	28	Bajo Aragón
2011,0	118	7	Artesanos y trabajadores cualificados de las industrias manufactureras y la construcción (excepto operadores de instalaciones y maquinaria)	Hombres	29	Comunidad de Teruel
2011,0	4	7	Artesanos y trabajadores cualificados de las industrias manufactureras y la construcción (excepto operadores de instalaciones y maquinaria)	Mujeres	29	Comunidad de Teruel
2011,0	7	7	Artesanos y trabajadores cualificados de las industrias manufactureras y la construcción (excepto operadores de instalaciones y maquinaria)	Hombres	30	Maestrazgo
2011,0	8	7	Artesanos y trabajadores cualificados de las industrias manufactureras y la construcción (excepto operadores de instalaciones y maquinaria)	Hombres	31	Sierra de Albarracín
2011,0	32	7	Artesanos y trabajadores cualificados de las industrias manufactureras y la construcción (excepto operadores de instalaciones y maquinaria)	Hombres	32	Gúdar-Javalambre
2011,0	13	7	Artesanos y trabajadores cualificados de las industrias manufactureras y la construcción (excepto operadores de instalaciones y maquinaria)	Hombres	33	Matarraña / Matarranya
2011,0	63	7	Artesanos y trabajadores cualificados de las industrias manufactureras y la construcción (excepto operadores de instalaciones y maquinaria)	Hombres	NC	Municipio del centro de trabajo fuera de Aragón
2011,0	11	8	Operadores de instalaciones y maquinaria, y montadores	Hombres	01	La Jacetania
2011,0	2	8	Operadores de instalaciones y maquinaria, y montadores	Mujeres	01	La Jacetania
2011,0	18	8	Operadores de instalaciones y maquinaria, y montadores	Hombres	02	Alto Gállego
2011,0	5	8	Operadores de instalaciones y maquinaria, y montadores	Mujeres	02	Alto Gállego
2011,0	5	8	Operadores de instalaciones y maquinaria, y montadores	Hombres	03	Sobrarbe
2011,0	14	8	Operadores de instalaciones y maquinaria, y montadores	Hombres	04	La Ribagorza
2011,0	51	8	Operadores de instalaciones y maquinaria, y montadores	Hombres	05	Cinco Villas
2011,0	14	8	Operadores de instalaciones y maquinaria, y montadores	Mujeres	05	Cinco Villas
2011,0	81	8	Operadores de instalaciones y maquinaria, y montadores	Hombres	06	Hoya de Huesca / Plana de Uesca
2011,0	1	8	Operadores de instalaciones y maquinaria, y montadores	Mujeres	06	Hoya de Huesca / Plana de Uesca
2011,0	27	8	Operadores de instalaciones y maquinaria, y montadores	Hombres	07	Somontano de Barbastro
2011,0	2	8	Operadores de instalaciones y maquinaria, y montadores	Mujeres	07	Somontano de Barbastro
2011,0	80	8	Operadores de instalaciones y maquinaria, y montadores	Hombres	08	Cinca Medio
2011,0	2	8	Operadores de instalaciones y maquinaria, y montadores	Mujeres	08	Cinca Medio
2011,0	37	8	Operadores de instalaciones y maquinaria, y montadores	Hombres	09	La Litera / La Llitera
2011,0	21	8	Operadores de instalaciones y maquinaria, y montadores	Hombres	10	Los Monegros
2011,0	3	8	Operadores de instalaciones y maquinaria, y montadores	Mujeres	10	Los Monegros
2011,0	43	8	Operadores de instalaciones y maquinaria, y montadores	Hombres	11	Bajo Cinca / Baix Cinca
2011,0	4	8	Operadores de instalaciones y maquinaria, y montadores	Mujeres	11	Bajo Cinca / Baix Cinca
2011,0	15	8	Operadores de instalaciones y maquinaria, y montadores	Hombres	12	Tarazona y el Moncayo
2011,0	4	8	Operadores de instalaciones y maquinaria, y montadores	Mujeres	12	Tarazona y el Moncayo
2011,0	32	8	Operadores de instalaciones y maquinaria, y montadores	Hombres	13	Campo de Borja
2011,0	1	8	Operadores de instalaciones y maquinaria, y montadores	Mujeres	13	Campo de Borja
2011,0	6	8	Operadores de instalaciones y maquinaria, y montadores	Hombres	14	Aranda
2011,0	127	8	Operadores de instalaciones y maquinaria, y montadores	Hombres	15	Ribera Alta del Ebro
2011,0	9	8	Operadores de instalaciones y maquinaria, y montadores	Mujeres	15	Ribera Alta del Ebro
2011,0	89	8	Operadores de instalaciones y maquinaria, y montadores	Hombres	16	Valdejalón
2011,0	26	8	Operadores de instalaciones y maquinaria, y montadores	Mujeres	16	Valdejalón
2011,0	1185	8	Operadores de instalaciones y maquinaria, y montadores	Hombres	17	D.C. Zaragoza
2011,0	78	8	Operadores de instalaciones y maquinaria, y montadores	Mujeres	17	D.C. Zaragoza
2011,0	25	8	Operadores de instalaciones y maquinaria, y montadores	Hombres	18	Ribera Baja del Ebro
2011,0	2	8	Operadores de instalaciones y maquinaria, y montadores	Mujeres	18	Ribera Baja del Ebro
2011,0	10	8	Operadores de instalaciones y maquinaria, y montadores	Hombres	19	Bajo Aragón-Caspe / Baix Aragó-Casp
2011,0	55	8	Operadores de instalaciones y maquinaria, y montadores	Hombres	20	Comunidad de Calatayud
2011,0	1	8	Operadores de instalaciones y maquinaria, y montadores	Mujeres	20	Comunidad de Calatayud
2011,0	21	8	Operadores de instalaciones y maquinaria, y montadores	Hombres	21	Campo de Cariñena
2011,0	1	8	Operadores de instalaciones y maquinaria, y montadores	Mujeres	21	Campo de Cariñena
2011,0	4	8	Operadores de instalaciones y maquinaria, y montadores	Hombres	22	Campo de Belchite
2011,0	15	8	Operadores de instalaciones y maquinaria, y montadores	Hombres	23	Bajo Martín
2011,0	1	8	Operadores de instalaciones y maquinaria, y montadores	Mujeres	23	Bajo Martín
2011,0	3	8	Operadores de instalaciones y maquinaria, y montadores	Hombres	24	Campo de Daroca
2011,0	1	8	Operadores de instalaciones y maquinaria, y montadores	Mujeres	24	Campo de Daroca
2011,0	31	8	Operadores de instalaciones y maquinaria, y montadores	Hombres	25	Jiloca
2011,0	1	8	Operadores de instalaciones y maquinaria, y montadores	Mujeres	25	Jiloca
2011,0	43	8	Operadores de instalaciones y maquinaria, y montadores	Hombres	26	Cuencas Mineras
2011,0	25	8	Operadores de instalaciones y maquinaria, y montadores	Mujeres	26	Cuencas Mineras
2011,0	95	8	Operadores de instalaciones y maquinaria, y montadores	Hombres	27	Andorra-Sierra de Arcos
2011,0	32	8	Operadores de instalaciones y maquinaria, y montadores	Hombres	28	Bajo Aragón
2011,0	57	8	Operadores de instalaciones y maquinaria, y montadores	Hombres	29	Comunidad de Teruel
2011,0	6	8	Operadores de instalaciones y maquinaria, y montadores	Mujeres	29	Comunidad de Teruel
2011,0	2	8	Operadores de instalaciones y maquinaria, y montadores	Hombres	30	Maestrazgo
2011,0	4	8	Operadores de instalaciones y maquinaria, y montadores	Hombres	31	Sierra de Albarracín
2011,0	8	8	Operadores de instalaciones y maquinaria, y montadores	Hombres	32	Gúdar-Javalambre
2011,0	5	8	Operadores de instalaciones y maquinaria, y montadores	Hombres	33	Matarraña / Matarranya
2011,0	40	8	Operadores de instalaciones y maquinaria, y montadores	Hombres	NC	Municipio del centro de trabajo fuera de Aragón
2011,0	2	8	Operadores de instalaciones y maquinaria, y montadores	Mujeres	NC	Municipio del centro de trabajo fuera de Aragón
2011,0	26	9	Ocupaciones elementales	Hombres	01	La Jacetania
2011,0	10	9	Ocupaciones elementales	Mujeres	01	La Jacetania
2011,0	12	9	Ocupaciones elementales	Hombres	02	Alto Gállego
2011,0	6	9	Ocupaciones elementales	Mujeres	02	Alto Gállego
2011,0	8	9	Ocupaciones elementales	Hombres	03	Sobrarbe
2011,0	5	9	Ocupaciones elementales	Mujeres	03	Sobrarbe
2011,0	30	9	Ocupaciones elementales	Hombres	04	La Ribagorza
2011,0	7	9	Ocupaciones elementales	Mujeres	04	La Ribagorza
2011,0	77	9	Ocupaciones elementales	Hombres	05	Cinco Villas
2011,0	18	9	Ocupaciones elementales	Mujeres	05	Cinco Villas
2011,0	90	9	Ocupaciones elementales	Hombres	06	Hoya de Huesca / Plana de Uesca
2011,0	39	9	Ocupaciones elementales	Mujeres	06	Hoya de Huesca / Plana de Uesca
2011,0	37	9	Ocupaciones elementales	Hombres	07	Somontano de Barbastro
2011,0	5	9	Ocupaciones elementales	Mujeres	07	Somontano de Barbastro
2011,0	46	9	Ocupaciones elementales	Hombres	08	Cinca Medio
2011,0	13	9	Ocupaciones elementales	Mujeres	08	Cinca Medio
2011,0	37	9	Ocupaciones elementales	Hombres	09	La Litera / La Llitera
2011,0	10	9	Ocupaciones elementales	Mujeres	09	La Litera / La Llitera
2011,0	28	9	Ocupaciones elementales	Hombres	10	Los Monegros
2011,0	3	9	Ocupaciones elementales	Mujeres	10	Los Monegros
2011,0	68	9	Ocupaciones elementales	Hombres	11	Bajo Cinca / Baix Cinca
2011,0	35	9	Ocupaciones elementales	Mujeres	11	Bajo Cinca / Baix Cinca
2011,0	35	9	Ocupaciones elementales	Hombres	12	Tarazona y el Moncayo
2011,0	8	9	Ocupaciones elementales	Mujeres	12	Tarazona y el Moncayo
2011,0	37	9	Ocupaciones elementales	Hombres	13	Campo de Borja
2011,0	17	9	Ocupaciones elementales	Mujeres	13	Campo de Borja
2011,0	8	9	Ocupaciones elementales	Hombres	14	Aranda
2011,0	4	9	Ocupaciones elementales	Mujeres	14	Aranda
2011,0	214	9	Ocupaciones elementales	Hombres	15	Ribera Alta del Ebro
2011,0	82	9	Ocupaciones elementales	Mujeres	15	Ribera Alta del Ebro
2011,0	121	9	Ocupaciones elementales	Hombres	16	Valdejalón
2011,0	52	9	Ocupaciones elementales	Mujeres	16	Valdejalón
2011,0	1026	9	Ocupaciones elementales	Hombres	17	D.C. Zaragoza
2011,0	643	9	Ocupaciones elementales	Mujeres	17	D.C. Zaragoza
2011,0	23	9	Ocupaciones elementales	Hombres	18	Ribera Baja del Ebro
2011,0	14	9	Ocupaciones elementales	Mujeres	18	Ribera Baja del Ebro
2011,0	54	9	Ocupaciones elementales	Hombres	19	Bajo Aragón-Caspe / Baix Aragó-Casp
2011,0	16	9	Ocupaciones elementales	Mujeres	19	Bajo Aragón-Caspe / Baix Aragó-Casp
2011,0	59	9	Ocupaciones elementales	Hombres	20	Comunidad de Calatayud
2011,0	29	9	Ocupaciones elementales	Mujeres	20	Comunidad de Calatayud
2011,0	27	9	Ocupaciones elementales	Hombres	21	Campo de Cariñena
2011,0	11	9	Ocupaciones elementales	Mujeres	21	Campo de Cariñena
2011,0	4	9	Ocupaciones elementales	Hombres	22	Campo de Belchite
2011,0	13	9	Ocupaciones elementales	Hombres	23	Bajo Martín
2011,0	25	9	Ocupaciones elementales	Hombres	24	Campo de Daroca
2011,0	2	9	Ocupaciones elementales	Mujeres	24	Campo de Daroca
2011,0	11	9	Ocupaciones elementales	Hombres	25	Jiloca
2011,0	1	9	Ocupaciones elementales	Mujeres	25	Jiloca
2011,0	25	9	Ocupaciones elementales	Hombres	26	Cuencas Mineras
2011,0	8	9	Ocupaciones elementales	Mujeres	26	Cuencas Mineras
2011,0	36	9	Ocupaciones elementales	Hombres	27	Andorra-Sierra de Arcos
2011,0	3	9	Ocupaciones elementales	Mujeres	27	Andorra-Sierra de Arcos
2011,0	61	9	Ocupaciones elementales	Hombres	28	Bajo Aragón
2011,0	18	9	Ocupaciones elementales	Mujeres	28	Bajo Aragón
2011,0	97	9	Ocupaciones elementales	Hombres	29	Comunidad de Teruel
2011,0	43	9	Ocupaciones elementales	Mujeres	29	Comunidad de Teruel
2011,0	4	9	Ocupaciones elementales	Hombres	30	Maestrazgo
2011,0	1	9	Ocupaciones elementales	Mujeres	30	Maestrazgo
2011,0	4	9	Ocupaciones elementales	Hombres	31	Sierra de Albarracín
2011,0	2	9	Ocupaciones elementales	Mujeres	31	Sierra de Albarracín
2011,0	19	9	Ocupaciones elementales	Hombres	32	Gúdar-Javalambre
2011,0	5	9	Ocupaciones elementales	Mujeres	32	Gúdar-Javalambre
2011,0	25	9	Ocupaciones elementales	Hombres	33	Matarraña / Matarranya
2011,0	6	9	Ocupaciones elementales	Mujeres	33	Matarraña / Matarranya
2011,0	36	9	Ocupaciones elementales	Hombres	NC	Municipio del centro de trabajo fuera de Aragón
2011,0	9	9	Ocupaciones elementales	Mujeres	NC	Municipio del centro de trabajo fuera de Aragón