Año	Comarca Código	Comarca Nombre	Nº Accidentes	Grupo Grado Código	Grupo Grado Código	Régimen Código (2 dígitos)	Régimen (2 dígitos)
2019,0	01	La Jacetania	180	Leves	1	01	General
2019,0	01	La Jacetania	25	Leves	1	05	Trabajadores Autónomos
2019,0	02	Alto Gállego	163	Leves	1	01	General
2019,0	02	Alto Gállego	24	Leves	1	05	Trabajadores Autónomos
2019,0	03	Sobrarbe	58	Leves	1	01	General
2019,0	03	Sobrarbe	5	Leves	1	05	Trabajadores Autónomos
2019,0	04	La Ribagorza	144	Leves	1	01	General
2019,0	04	La Ribagorza	19	Leves	1	05	Trabajadores Autónomos
2019,0	05	Cinco Villas	434	Leves	1	01	General
2019,0	05	Cinco Villas	57	Leves	1	05	Trabajadores Autónomos
2019,0	06	Hoya de Huesca / Plana de Uesca	924	Leves	1	01	General
2019,0	06	Hoya de Huesca / Plana de Uesca	52	Leves	1	05	Trabajadores Autónomos
2019,0	07	Somontano de Barbastro	233	Leves	1	01	General
2019,0	07	Somontano de Barbastro	19	Leves	1	05	Trabajadores Autónomos
2019,0	08	Cinca Medio	419	Leves	1	01	General
2019,0	08	Cinca Medio	25	Leves	1	05	Trabajadores Autónomos
2019,0	09	La Litera / La Llitera	413	Leves	1	01	General
2019,0	09	La Litera / La Llitera	18	Leves	1	05	Trabajadores Autónomos
2019,0	10	Los Monegros	204	Leves	1	01	General
2019,0	10	Los Monegros	16	Leves	1	05	Trabajadores Autónomos
2019,0	11	Bajo Cinca / Baix Cinca	441	Leves	1	01	General
2019,0	11	Bajo Cinca / Baix Cinca	30	Leves	1	05	Trabajadores Autónomos
2019,0	12	Tarazona y el Moncayo	145	Leves	1	01	General
2019,0	12	Tarazona y el Moncayo	16	Leves	1	05	Trabajadores Autónomos
2019,0	13	Campo de Borja	174	Leves	1	01	General
2019,0	13	Campo de Borja	22	Leves	1	05	Trabajadores Autónomos
2019,0	14	Aranda	39	Leves	1	01	General
2019,0	14	Aranda	5	Leves	1	05	Trabajadores Autónomos
2019,0	15	Ribera Alta del Ebro	702	Leves	1	01	General
2019,0	15	Ribera Alta del Ebro	14	Leves	1	05	Trabajadores Autónomos
2019,0	16	Valdejalón	631	Leves	1	01	General
2019,0	16	Valdejalón	23	Leves	1	05	Trabajadores Autónomos
2019,0	16	Valdejalón	1	Leves	1	08	Especial Trabajadores del Mar
2019,0	17	D.C. Zaragoza	7800	Leves	1	01	General
2019,0	17	D.C. Zaragoza	355	Leves	1	05	Trabajadores Autónomos
2019,0	18	Ribera Baja del Ebro	135	Leves	1	01	General
2019,0	18	Ribera Baja del Ebro	4	Leves	1	05	Trabajadores Autónomos
2019,0	19	Bajo Aragón-Caspe / Baix Aragó-Casp	160	Leves	1	01	General
2019,0	19	Bajo Aragón-Caspe / Baix Aragó-Casp	15	Leves	1	05	Trabajadores Autónomos
2019,0	20	Comunidad de Calatayud	300	Leves	1	01	General
2019,0	20	Comunidad de Calatayud	25	Leves	1	05	Trabajadores Autónomos
2019,0	21	Campo de Cariñena	140	Leves	1	01	General
2019,0	21	Campo de Cariñena	17	Leves	1	05	Trabajadores Autónomos
2019,0	22	Campo de Belchite	20	Leves	1	01	General
2019,0	22	Campo de Belchite	4	Leves	1	05	Trabajadores Autónomos
2019,0	23	Bajo Martín	97	Leves	1	01	General
2019,0	23	Bajo Martín	8	Leves	1	05	Trabajadores Autónomos
2019,0	24	Campo de Daroca	50	Leves	1	01	General
2019,0	24	Campo de Daroca	9	Leves	1	05	Trabajadores Autónomos
2019,0	25	Jiloca	98	Leves	1	01	General
2019,0	25	Jiloca	19	Leves	1	05	Trabajadores Autónomos
2019,0	26	Cuencas Mineras	82	Leves	1	01	General
2019,0	26	Cuencas Mineras	11	Leves	1	05	Trabajadores Autónomos
2019,0	27	Andorra-Sierra de Arcos	54	Leves	1	01	General
2019,0	27	Andorra-Sierra de Arcos	6	Leves	1	05	Trabajadores Autónomos
2019,0	27	Andorra-Sierra de Arcos	4	Leves	1	09	Especial Minería del Carbón
2019,0	28	Bajo Aragón	238	Leves	1	01	General
2019,0	28	Bajo Aragón	46	Leves	1	05	Trabajadores Autónomos
2019,0	29	Comunidad de Teruel	606	Leves	1	01	General
2019,0	29	Comunidad de Teruel	40	Leves	1	05	Trabajadores Autónomos
2019,0	30	Maestrazgo	12	Leves	1	01	General
2019,0	30	Maestrazgo	4	Leves	1	05	Trabajadores Autónomos
2019,0	31	Sierra de Albarracín	18	Leves	1	01	General
2019,0	31	Sierra de Albarracín	6	Leves	1	05	Trabajadores Autónomos
2019,0	32	Gúdar-Javalambre	82	Leves	1	01	General
2019,0	32	Gúdar-Javalambre	14	Leves	1	05	Trabajadores Autónomos
2019,0	33	Matarraña / Matarranya	74	Leves	1	01	General
2019,0	33	Matarraña / Matarranya	8	Leves	1	05	Trabajadores Autónomos
2019,0	NC	Municipio del centro de trabajo fuera de Aragón	166	Leves	1	01	General
2019,0	NC	Municipio del centro de trabajo fuera de Aragón	18	Leves	1	05	Trabajadores Autónomos
2015,0	01	La Jacetania	114	Leves	1	01	General
2015,0	01	La Jacetania	6	Leves	1	05	Trabajadores Autónomos
2015,0	02	Alto Gállego	94	Leves	1	01	General
2015,0	02	Alto Gállego	3	Leves	1	05	Trabajadores Autónomos
2015,0	03	Sobrarbe	50	Leves	1	01	General
2015,0	03	Sobrarbe	2	Leves	1	05	Trabajadores Autónomos
2015,0	04	La Ribagorza	109	Leves	1	01	General
2015,0	04	La Ribagorza	5	Leves	1	05	Trabajadores Autónomos
2015,0	05	Cinco Villas	332	Leves	1	01	General
2015,0	05	Cinco Villas	10	Leves	1	05	Trabajadores Autónomos
2015,0	06	Hoya de Huesca / Plana de Uesca	637	Leves	1	01	General
2015,0	06	Hoya de Huesca / Plana de Uesca	13	Leves	1	05	Trabajadores Autónomos
2015,0	07	Somontano de Barbastro	225	Leves	1	01	General
2015,0	07	Somontano de Barbastro	8	Leves	1	05	Trabajadores Autónomos
2015,0	07	Somontano de Barbastro	1	Leves	1	08	Especial Trabajadores del Mar
2015,0	08	Cinca Medio	285	Leves	1	01	General
2015,0	08	Cinca Medio	7	Leves	1	05	Trabajadores Autónomos
2015,0	09	La Litera / La Llitera	235	Leves	1	01	General
2015,0	09	La Litera / La Llitera	5	Leves	1	05	Trabajadores Autónomos
2015,0	10	Los Monegros	177	Leves	1	01	General
2015,0	10	Los Monegros	4	Leves	1	05	Trabajadores Autónomos
2015,0	11	Bajo Cinca / Baix Cinca	310	Leves	1	01	General
2015,0	11	Bajo Cinca / Baix Cinca	7	Leves	1	05	Trabajadores Autónomos
2015,0	11	Bajo Cinca / Baix Cinca	1	Leves	1	09	Especial Minería del Carbón
2015,0	12	Tarazona y el Moncayo	119	Leves	1	01	General
2015,0	12	Tarazona y el Moncayo	4	Leves	1	05	Trabajadores Autónomos
2015,0	13	Campo de Borja	128	Leves	1	01	General
2015,0	13	Campo de Borja	7	Leves	1	05	Trabajadores Autónomos
2015,0	14	Aranda	42	Leves	1	01	General
2015,0	14	Aranda	2	Leves	1	05	Trabajadores Autónomos
2015,0	15	Ribera Alta del Ebro	512	Leves	1	01	General
2015,0	15	Ribera Alta del Ebro	12	Leves	1	05	Trabajadores Autónomos
2015,0	15	Ribera Alta del Ebro	1	Leves	1	09	Especial Minería del Carbón
2015,0	16	Valdejalón	459	Leves	1	01	General
2015,0	16	Valdejalón	14	Leves	1	05	Trabajadores Autónomos
2015,0	16	Valdejalón	1	Leves	1	08	Especial Trabajadores del Mar
2015,0	17	D.C. Zaragoza	6599	Leves	1	01	General
2015,0	17	D.C. Zaragoza	84	Leves	1	05	Trabajadores Autónomos
2015,0	18	Ribera Baja del Ebro	95	Leves	1	01	General
2015,0	18	Ribera Baja del Ebro	2	Leves	1	05	Trabajadores Autónomos
2015,0	19	Bajo Aragón-Caspe / Baix Aragó-Casp	131	Leves	1	01	General
2015,0	19	Bajo Aragón-Caspe / Baix Aragó-Casp	8	Leves	1	05	Trabajadores Autónomos
2015,0	20	Comunidad de Calatayud	227	Leves	1	01	General
2015,0	20	Comunidad de Calatayud	14	Leves	1	05	Trabajadores Autónomos
2015,0	21	Campo de Cariñena	115	Leves	1	01	General
2015,0	21	Campo de Cariñena	17	Leves	1	05	Trabajadores Autónomos
2015,0	22	Campo de Belchite	22	Leves	1	01	General
2015,0	22	Campo de Belchite	3	Leves	1	05	Trabajadores Autónomos
2015,0	23	Bajo Martín	63	Leves	1	01	General
2015,0	23	Bajo Martín	3	Leves	1	05	Trabajadores Autónomos
2015,0	24	Campo de Daroca	56	Leves	1	01	General
2015,0	25	Jiloca	72	Leves	1	01	General
2015,0	25	Jiloca	7	Leves	1	05	Trabajadores Autónomos
2015,0	26	Cuencas Mineras	77	Leves	1	01	General
2015,0	26	Cuencas Mineras	5	Leves	1	05	Trabajadores Autónomos
2015,0	27	Andorra-Sierra de Arcos	64	Leves	1	01	General
2015,0	27	Andorra-Sierra de Arcos	60	Leves	1	09	Especial Minería del Carbón
2015,0	28	Bajo Aragón	137	Leves	1	01	General
2015,0	28	Bajo Aragón	10	Leves	1	05	Trabajadores Autónomos
2015,0	29	Comunidad de Teruel	332	Leves	1	01	General
2015,0	29	Comunidad de Teruel	14	Leves	1	05	Trabajadores Autónomos
2015,0	30	Maestrazgo	8	Leves	1	01	General
2015,0	30	Maestrazgo	4	Leves	1	05	Trabajadores Autónomos
2015,0	31	Sierra de Albarracín	18	Leves	1	01	General
2015,0	31	Sierra de Albarracín	3	Leves	1	05	Trabajadores Autónomos
2015,0	32	Gúdar-Javalambre	54	Leves	1	01	General
2015,0	32	Gúdar-Javalambre	3	Leves	1	05	Trabajadores Autónomos
2015,0	33	Matarraña / Matarranya	49	Leves	1	01	General
2015,0	33	Matarraña / Matarranya	5	Leves	1	05	Trabajadores Autónomos
2015,0	NC	Municipio del centro de trabajo fuera de Aragón	71	Leves	1	01	General
2015,0	NC	Municipio del centro de trabajo fuera de Aragón	3	Leves	1	05	Trabajadores Autónomos
2014,0	01	La Jacetania	127	Leves	1	01	General
2014,0	01	La Jacetania	4	Leves	1	05	Trabajadores Autónomos
2014,0	02	Alto Gállego	101	Leves	1	01	General
2014,0	02	Alto Gállego	3	Leves	1	05	Trabajadores Autónomos
2014,0	03	Sobrarbe	44	Leves	1	01	General
2014,0	03	Sobrarbe	2	Leves	1	05	Trabajadores Autónomos
2014,0	04	La Ribagorza	102	Leves	1	01	General
2014,0	04	La Ribagorza	5	Leves	1	05	Trabajadores Autónomos
2014,0	05	Cinco Villas	266	Leves	1	01	General
2014,0	05	Cinco Villas	12	Leves	1	05	Trabajadores Autónomos
2014,0	06	Hoya de Huesca / Plana de Uesca	623	Leves	1	01	General
2014,0	06	Hoya de Huesca / Plana de Uesca	15	Leves	1	05	Trabajadores Autónomos
2014,0	07	Somontano de Barbastro	192	Leves	1	01	General
2014,0	07	Somontano de Barbastro	7	Leves	1	05	Trabajadores Autónomos
2014,0	08	Cinca Medio	256	Leves	1	01	General
2014,0	08	Cinca Medio	9	Leves	1	05	Trabajadores Autónomos
2014,0	09	La Litera / La Llitera	195	Leves	1	01	General
2014,0	09	La Litera / La Llitera	7	Leves	1	05	Trabajadores Autónomos
2014,0	10	Los Monegros	117	Leves	1	01	General
2014,0	10	Los Monegros	3	Leves	1	05	Trabajadores Autónomos
2014,0	11	Bajo Cinca / Baix Cinca	307	Leves	1	01	General
2014,0	11	Bajo Cinca / Baix Cinca	12	Leves	1	05	Trabajadores Autónomos
2014,0	12	Tarazona y el Moncayo	64	Leves	1	01	General
2014,0	12	Tarazona y el Moncayo	1	Leves	1	05	Trabajadores Autónomos
2014,0	13	Campo de Borja	120	Leves	1	01	General
2014,0	13	Campo de Borja	3	Leves	1	05	Trabajadores Autónomos
2014,0	14	Aranda	47	Leves	1	01	General
2014,0	15	Ribera Alta del Ebro	428	Leves	1	01	General
2014,0	15	Ribera Alta del Ebro	4	Leves	1	05	Trabajadores Autónomos
2014,0	16	Valdejalón	440	Leves	1	01	General
2014,0	16	Valdejalón	9	Leves	1	05	Trabajadores Autónomos
2014,0	17	D.C. Zaragoza	5826	Leves	1	01	General
2014,0	17	D.C. Zaragoza	104	Leves	1	05	Trabajadores Autónomos
2014,0	18	Ribera Baja del Ebro	76	Leves	1	01	General
2014,0	19	Bajo Aragón-Caspe / Baix Aragó-Casp	92	Leves	1	01	General
2014,0	19	Bajo Aragón-Caspe / Baix Aragó-Casp	4	Leves	1	05	Trabajadores Autónomos
2014,0	20	Comunidad de Calatayud	219	Leves	1	01	General
2014,0	20	Comunidad de Calatayud	16	Leves	1	05	Trabajadores Autónomos
2014,0	21	Campo de Cariñena	95	Leves	1	01	General
2014,0	21	Campo de Cariñena	9	Leves	1	05	Trabajadores Autónomos
2014,0	22	Campo de Belchite	14	Leves	1	01	General
2014,0	22	Campo de Belchite	2	Leves	1	05	Trabajadores Autónomos
2014,0	23	Bajo Martín	60	Leves	1	01	General
2014,0	23	Bajo Martín	7	Leves	1	05	Trabajadores Autónomos
2014,0	24	Campo de Daroca	57	Leves	1	01	General
2014,0	24	Campo de Daroca	3	Leves	1	05	Trabajadores Autónomos
2014,0	25	Jiloca	81	Leves	1	01	General
2014,0	25	Jiloca	11	Leves	1	05	Trabajadores Autónomos
2014,0	26	Cuencas Mineras	99	Leves	1	01	General
2014,0	26	Cuencas Mineras	3	Leves	1	05	Trabajadores Autónomos
2014,0	27	Andorra-Sierra de Arcos	67	Leves	1	01	General
2014,0	27	Andorra-Sierra de Arcos	1	Leves	1	05	Trabajadores Autónomos
2014,0	27	Andorra-Sierra de Arcos	55	Leves	1	09	Especial Minería del Carbón
2014,0	28	Bajo Aragón	181	Leves	1	01	General
2014,0	28	Bajo Aragón	11	Leves	1	05	Trabajadores Autónomos
2014,0	29	Comunidad de Teruel	369	Leves	1	01	General
2014,0	29	Comunidad de Teruel	39	Leves	1	05	Trabajadores Autónomos
2014,0	30	Maestrazgo	7	Leves	1	01	General
2014,0	30	Maestrazgo	1	Leves	1	05	Trabajadores Autónomos
2014,0	31	Sierra de Albarracín	16	Leves	1	01	General
2014,0	32	Gúdar-Javalambre	55	Leves	1	01	General
2014,0	32	Gúdar-Javalambre	1	Leves	1	05	Trabajadores Autónomos
2014,0	33	Matarraña / Matarranya	35	Leves	1	01	General
2014,0	33	Matarraña / Matarranya	2	Leves	1	05	Trabajadores Autónomos
2014,0	NC	Municipio del centro de trabajo fuera de Aragón	87	Leves	1	01	General
2013,0	01	La Jacetania	147	Leves	1	01	General
2013,0	01	La Jacetania	7	Leves	1	05	Trabajadores Autónomos
2013,0	02	Alto Gállego	86	Leves	1	01	General
2013,0	03	Sobrarbe	32	Leves	1	01	General
2013,0	03	Sobrarbe	2	Leves	1	05	Trabajadores Autónomos
2013,0	04	La Ribagorza	105	Leves	1	01	General
2013,0	04	La Ribagorza	5	Leves	1	05	Trabajadores Autónomos
2013,0	05	Cinco Villas	246	Leves	1	01	General
2013,0	05	Cinco Villas	5	Leves	1	05	Trabajadores Autónomos
2013,0	06	Hoya de Huesca / Plana de Uesca	558	Leves	1	01	General
2013,0	06	Hoya de Huesca / Plana de Uesca	11	Leves	1	05	Trabajadores Autónomos
2013,0	07	Somontano de Barbastro	191	Leves	1	01	General
2013,0	07	Somontano de Barbastro	9	Leves	1	05	Trabajadores Autónomos
2013,0	08	Cinca Medio	245	Leves	1	01	General
2013,0	08	Cinca Medio	3	Leves	1	05	Trabajadores Autónomos
2013,0	09	La Litera / La Llitera	189	Leves	1	01	General
2013,0	09	La Litera / La Llitera	9	Leves	1	05	Trabajadores Autónomos
2013,0	10	Los Monegros	127	Leves	1	01	General
2013,0	10	Los Monegros	3	Leves	1	05	Trabajadores Autónomos
2013,0	11	Bajo Cinca / Baix Cinca	258	Leves	1	01	General
2013,0	11	Bajo Cinca / Baix Cinca	8	Leves	1	05	Trabajadores Autónomos
2013,0	11	Bajo Cinca / Baix Cinca	2	Leves	1	09	Especial Minería del Carbón
2013,0	12	Tarazona y el Moncayo	71	Leves	1	01	General
2013,0	12	Tarazona y el Moncayo	5	Leves	1	05	Trabajadores Autónomos
2013,0	13	Campo de Borja	139	Leves	1	01	General
2013,0	13	Campo de Borja	8	Leves	1	05	Trabajadores Autónomos
2013,0	14	Aranda	23	Leves	1	01	General
2013,0	14	Aranda	3	Leves	1	05	Trabajadores Autónomos
2013,0	15	Ribera Alta del Ebro	322	Leves	1	01	General
2013,0	15	Ribera Alta del Ebro	5	Leves	1	05	Trabajadores Autónomos
2013,0	16	Valdejalón	345	Leves	1	01	General
2013,0	16	Valdejalón	4	Leves	1	05	Trabajadores Autónomos
2013,0	17	D.C. Zaragoza	5790	Leves	1	01	General
2013,0	17	D.C. Zaragoza	120	Leves	1	05	Trabajadores Autónomos
2013,0	18	Ribera Baja del Ebro	85	Leves	1	01	General
2013,0	18	Ribera Baja del Ebro	1	Leves	1	05	Trabajadores Autónomos
2013,0	19	Bajo Aragón-Caspe / Baix Aragó-Casp	108	Leves	1	01	General
2013,0	19	Bajo Aragón-Caspe / Baix Aragó-Casp	4	Leves	1	05	Trabajadores Autónomos
2013,0	20	Comunidad de Calatayud	218	Leves	1	01	General
2013,0	20	Comunidad de Calatayud	21	Leves	1	05	Trabajadores Autónomos
2013,0	21	Campo de Cariñena	90	Leves	1	01	General
2013,0	21	Campo de Cariñena	6	Leves	1	05	Trabajadores Autónomos
2013,0	22	Campo de Belchite	19	Leves	1	01	General
2013,0	22	Campo de Belchite	1	Leves	1	05	Trabajadores Autónomos
2013,0	23	Bajo Martín	42	Leves	1	01	General
2013,0	23	Bajo Martín	4	Leves	1	05	Trabajadores Autónomos
2013,0	24	Campo de Daroca	51	Leves	1	01	General
2013,0	24	Campo de Daroca	4	Leves	1	05	Trabajadores Autónomos
2013,0	25	Jiloca	70	Leves	1	01	General
2013,0	25	Jiloca	9	Leves	1	05	Trabajadores Autónomos
2013,0	26	Cuencas Mineras	87	Leves	1	01	General
2013,0	26	Cuencas Mineras	4	Leves	1	05	Trabajadores Autónomos
2013,0	27	Andorra-Sierra de Arcos	48	Leves	1	01	General
2013,0	27	Andorra-Sierra de Arcos	2	Leves	1	05	Trabajadores Autónomos
2013,0	27	Andorra-Sierra de Arcos	53	Leves	1	09	Especial Minería del Carbón
2013,0	28	Bajo Aragón	180	Leves	1	01	General
2013,0	28	Bajo Aragón	20	Leves	1	05	Trabajadores Autónomos
2013,0	29	Comunidad de Teruel	412	Leves	1	01	General
2013,0	29	Comunidad de Teruel	18	Leves	1	05	Trabajadores Autónomos
2013,0	30	Maestrazgo	9	Leves	1	01	General
2013,0	30	Maestrazgo	2	Leves	1	05	Trabajadores Autónomos
2013,0	31	Sierra de Albarracín	11	Leves	1	01	General
2013,0	31	Sierra de Albarracín	4	Leves	1	05	Trabajadores Autónomos
2013,0	32	Gúdar-Javalambre	43	Leves	1	01	General
2013,0	32	Gúdar-Javalambre	4	Leves	1	05	Trabajadores Autónomos
2013,0	33	Matarraña / Matarranya	32	Leves	1	01	General
2013,0	33	Matarraña / Matarranya	8	Leves	1	05	Trabajadores Autónomos
2013,0	NC	Municipio del centro de trabajo fuera de Aragón	93	Leves	1	01	General
2012,0	01	La Jacetania	109	Leves	1	01	General
2012,0	01	La Jacetania	5	Leves	1	05	Trabajadores Autónomos
2012,0	01	La Jacetania	1	Leves	1	06	Especial Agrario Cuenta Ajena
2012,0	02	Alto Gállego	91	Leves	1	01	General
2012,0	02	Alto Gállego	5	Leves	1	05	Trabajadores Autónomos
2012,0	02	Alto Gállego	1	Leves	1	06	Especial Agrario Cuenta Ajena
2012,0	03	Sobrarbe	36	Leves	1	01	General
2012,0	03	Sobrarbe	2	Leves	1	05	Trabajadores Autónomos
2012,0	04	La Ribagorza	81	Leves	1	01	General
2012,0	04	La Ribagorza	8	Leves	1	05	Trabajadores Autónomos
2012,0	04	La Ribagorza	2	Leves	1	06	Especial Agrario Cuenta Ajena
2012,0	05	Cinco Villas	242	Leves	1	01	General
2012,0	05	Cinco Villas	9	Leves	1	05	Trabajadores Autónomos
2012,0	05	Cinco Villas	10	Leves	1	06	Especial Agrario Cuenta Ajena
2012,0	06	Hoya de Huesca / Plana de Uesca	532	Leves	1	01	General
2012,0	06	Hoya de Huesca / Plana de Uesca	11	Leves	1	05	Trabajadores Autónomos
2012,0	06	Hoya de Huesca / Plana de Uesca	2	Leves	1	06	Especial Agrario Cuenta Ajena
2012,0	07	Somontano de Barbastro	151	Leves	1	01	General
2012,0	07	Somontano de Barbastro	14	Leves	1	05	Trabajadores Autónomos
2012,0	07	Somontano de Barbastro	1	Leves	1	07	Especial Agrario Cuenta Propia
2012,0	08	Cinca Medio	276	Leves	1	01	General
2012,0	08	Cinca Medio	13	Leves	1	05	Trabajadores Autónomos
2012,0	08	Cinca Medio	5	Leves	1	06	Especial Agrario Cuenta Ajena
2012,0	09	La Litera / La Llitera	166	Leves	1	01	General
2012,0	09	La Litera / La Llitera	8	Leves	1	05	Trabajadores Autónomos
2012,0	09	La Litera / La Llitera	3	Leves	1	06	Especial Agrario Cuenta Ajena
2012,0	10	Los Monegros	94	Leves	1	01	General
2012,0	10	Los Monegros	7	Leves	1	05	Trabajadores Autónomos
2012,0	10	Los Monegros	4	Leves	1	06	Especial Agrario Cuenta Ajena
2012,0	10	Los Monegros	1	Leves	1	07	Especial Agrario Cuenta Propia
2012,0	11	Bajo Cinca / Baix Cinca	268	Leves	1	01	General
2012,0	11	Bajo Cinca / Baix Cinca	5	Leves	1	05	Trabajadores Autónomos
2012,0	11	Bajo Cinca / Baix Cinca	17	Leves	1	06	Especial Agrario Cuenta Ajena
2012,0	11	Bajo Cinca / Baix Cinca	2	Leves	1	07	Especial Agrario Cuenta Propia
2012,0	11	Bajo Cinca / Baix Cinca	3	Leves	1	09	Especial Minería del Carbón
2012,0	12	Tarazona y el Moncayo	100	Leves	1	01	General
2012,0	12	Tarazona y el Moncayo	4	Leves	1	05	Trabajadores Autónomos
2012,0	13	Campo de Borja	146	Leves	1	01	General
2012,0	13	Campo de Borja	6	Leves	1	05	Trabajadores Autónomos
2012,0	13	Campo de Borja	1	Leves	1	06	Especial Agrario Cuenta Ajena
2012,0	14	Aranda	36	Leves	1	01	General
2012,0	14	Aranda	1	Leves	1	05	Trabajadores Autónomos
2012,0	15	Ribera Alta del Ebro	403	Leves	1	01	General
2012,0	15	Ribera Alta del Ebro	6	Leves	1	05	Trabajadores Autónomos
2012,0	15	Ribera Alta del Ebro	3	Leves	1	06	Especial Agrario Cuenta Ajena
2012,0	16	Valdejalón	348	Leves	1	01	General
2012,0	16	Valdejalón	10	Leves	1	05	Trabajadores Autónomos
2012,0	16	Valdejalón	13	Leves	1	06	Especial Agrario Cuenta Ajena
2012,0	17	D.C. Zaragoza	5935	Leves	1	01	General
2012,0	17	D.C. Zaragoza	97	Leves	1	05	Trabajadores Autónomos
2012,0	17	D.C. Zaragoza	11	Leves	1	06	Especial Agrario Cuenta Ajena
2012,0	18	Ribera Baja del Ebro	77	Leves	1	01	General
2012,0	18	Ribera Baja del Ebro	4	Leves	1	05	Trabajadores Autónomos
2012,0	18	Ribera Baja del Ebro	2	Leves	1	06	Especial Agrario Cuenta Ajena
2012,0	19	Bajo Aragón-Caspe / Baix Aragó-Casp	102	Leves	1	01	General
2012,0	19	Bajo Aragón-Caspe / Baix Aragó-Casp	2	Leves	1	05	Trabajadores Autónomos
2012,0	19	Bajo Aragón-Caspe / Baix Aragó-Casp	5	Leves	1	06	Especial Agrario Cuenta Ajena
2012,0	20	Comunidad de Calatayud	208	Leves	1	01	General
2012,0	20	Comunidad de Calatayud	14	Leves	1	05	Trabajadores Autónomos
2012,0	20	Comunidad de Calatayud	7	Leves	1	06	Especial Agrario Cuenta Ajena
2012,0	21	Campo de Cariñena	95	Leves	1	01	General
2012,0	21	Campo de Cariñena	13	Leves	1	05	Trabajadores Autónomos
2012,0	21	Campo de Cariñena	1	Leves	1	06	Especial Agrario Cuenta Ajena
2012,0	22	Campo de Belchite	19	Leves	1	01	General
2012,0	22	Campo de Belchite	2	Leves	1	05	Trabajadores Autónomos
2012,0	23	Bajo Martín	52	Leves	1	01	General
2012,0	23	Bajo Martín	4	Leves	1	05	Trabajadores Autónomos
2012,0	23	Bajo Martín	3	Leves	1	06	Especial Agrario Cuenta Ajena
2012,0	24	Campo de Daroca	37	Leves	1	01	General
2012,0	24	Campo de Daroca	4	Leves	1	05	Trabajadores Autónomos
2012,0	24	Campo de Daroca	1	Leves	1	06	Especial Agrario Cuenta Ajena
2012,0	25	Jiloca	64	Leves	1	01	General
2012,0	25	Jiloca	10	Leves	1	05	Trabajadores Autónomos
2012,0	25	Jiloca	1	Leves	1	06	Especial Agrario Cuenta Ajena
2012,0	25	Jiloca	4	Leves	1	07	Especial Agrario Cuenta Propia
2012,0	26	Cuencas Mineras	91	Leves	1	01	General
2012,0	26	Cuencas Mineras	1	Leves	1	05	Trabajadores Autónomos
2012,0	26	Cuencas Mineras	1	Leves	1	06	Especial Agrario Cuenta Ajena
2012,0	27	Andorra-Sierra de Arcos	77	Leves	1	01	General
2012,0	27	Andorra-Sierra de Arcos	3	Leves	1	05	Trabajadores Autónomos
2012,0	27	Andorra-Sierra de Arcos	1	Leves	1	06	Especial Agrario Cuenta Ajena
2012,0	27	Andorra-Sierra de Arcos	63	Leves	1	09	Especial Minería del Carbón
2012,0	28	Bajo Aragón	186	Leves	1	01	General
2012,0	28	Bajo Aragón	7	Leves	1	05	Trabajadores Autónomos
2012,0	28	Bajo Aragón	2	Leves	1	07	Especial Agrario Cuenta Propia
2012,0	29	Comunidad de Teruel	336	Leves	1	01	General
2012,0	29	Comunidad de Teruel	21	Leves	1	05	Trabajadores Autónomos
2012,0	29	Comunidad de Teruel	1	Leves	1	06	Especial Agrario Cuenta Ajena
2012,0	29	Comunidad de Teruel	3	Leves	1	07	Especial Agrario Cuenta Propia
2012,0	30	Maestrazgo	13	Leves	1	01	General
2012,0	30	Maestrazgo	4	Leves	1	05	Trabajadores Autónomos
2012,0	31	Sierra de Albarracín	18	Leves	1	01	General
2012,0	31	Sierra de Albarracín	5	Leves	1	05	Trabajadores Autónomos
2012,0	32	Gúdar-Javalambre	50	Leves	1	01	General
2012,0	32	Gúdar-Javalambre	6	Leves	1	05	Trabajadores Autónomos
2012,0	33	Matarraña / Matarranya	28	Leves	1	01	General
2012,0	33	Matarraña / Matarranya	6	Leves	1	05	Trabajadores Autónomos
2012,0	33	Matarraña / Matarranya	2	Leves	1	07	Especial Agrario Cuenta Propia
2012,0	NC	Municipio del centro de trabajo fuera de Aragón	91	Leves	1	01	General
2012,0	NC	Municipio del centro de trabajo fuera de Aragón	5	Leves	1	06	Especial Agrario Cuenta Ajena
2011,0	01	La Jacetania	158	Leves	1	01	General
2011,0	01	La Jacetania	7	Leves	1	05	Trabajadores Autónomos
2011,0	01	La Jacetania	3	Leves	1	06	Especial Agrario Cuenta Ajena
2011,0	02	Alto Gállego	119	Leves	1	01	General
2011,0	02	Alto Gállego	1	Leves	1	05	Trabajadores Autónomos
2011,0	02	Alto Gállego	3	Leves	1	06	Especial Agrario Cuenta Ajena
2011,0	02	Alto Gállego	1	Leves	1	07	Especial Agrario Cuenta Propia
2011,0	03	Sobrarbe	36	Leves	1	01	General
2011,0	03	Sobrarbe	5	Leves	1	05	Trabajadores Autónomos
2011,0	04	La Ribagorza	119	Leves	1	01	General
2011,0	04	La Ribagorza	4	Leves	1	05	Trabajadores Autónomos
2011,0	04	La Ribagorza	3	Leves	1	06	Especial Agrario Cuenta Ajena
2011,0	05	Cinco Villas	307	Leves	1	01	General
2011,0	05	Cinco Villas	7	Leves	1	05	Trabajadores Autónomos
2011,0	05	Cinco Villas	14	Leves	1	06	Especial Agrario Cuenta Ajena
2011,0	05	Cinco Villas	1	Leves	1	07	Especial Agrario Cuenta Propia
2011,0	06	Hoya de Huesca / Plana de Uesca	622	Leves	1	01	General
2011,0	06	Hoya de Huesca / Plana de Uesca	12	Leves	1	05	Trabajadores Autónomos
2011,0	06	Hoya de Huesca / Plana de Uesca	5	Leves	1	06	Especial Agrario Cuenta Ajena
2011,0	06	Hoya de Huesca / Plana de Uesca	1	Leves	1	07	Especial Agrario Cuenta Propia
2011,0	07	Somontano de Barbastro	176	Leves	1	01	General
2011,0	07	Somontano de Barbastro	11	Leves	1	05	Trabajadores Autónomos
2011,0	07	Somontano de Barbastro	3	Leves	1	06	Especial Agrario Cuenta Ajena
2011,0	07	Somontano de Barbastro	2	Leves	1	07	Especial Agrario Cuenta Propia
2011,0	08	Cinca Medio	296	Leves	1	01	General
2011,0	08	Cinca Medio	13	Leves	1	05	Trabajadores Autónomos
2011,0	08	Cinca Medio	9	Leves	1	06	Especial Agrario Cuenta Ajena
2011,0	09	La Litera / La Llitera	224	Leves	1	01	General
2011,0	09	La Litera / La Llitera	3	Leves	1	05	Trabajadores Autónomos
2011,0	09	La Litera / La Llitera	15	Leves	1	06	Especial Agrario Cuenta Ajena
2011,0	10	Los Monegros	115	Leves	1	01	General
2011,0	10	Los Monegros	5	Leves	1	05	Trabajadores Autónomos
2011,0	10	Los Monegros	10	Leves	1	06	Especial Agrario Cuenta Ajena
2011,0	10	Los Monegros	2	Leves	1	07	Especial Agrario Cuenta Propia
2011,0	11	Bajo Cinca / Baix Cinca	215	Leves	1	01	General
2011,0	11	Bajo Cinca / Baix Cinca	8	Leves	1	05	Trabajadores Autónomos
2011,0	11	Bajo Cinca / Baix Cinca	48	Leves	1	06	Especial Agrario Cuenta Ajena
2011,0	11	Bajo Cinca / Baix Cinca	3	Leves	1	07	Especial Agrario Cuenta Propia
2011,0	11	Bajo Cinca / Baix Cinca	5	Leves	1	09	Especial Minería del Carbón
2011,0	12	Tarazona y el Moncayo	123	Leves	1	01	General
2011,0	12	Tarazona y el Moncayo	7	Leves	1	05	Trabajadores Autónomos
2011,0	12	Tarazona y el Moncayo	3	Leves	1	06	Especial Agrario Cuenta Ajena
2011,0	12	Tarazona y el Moncayo	1	Leves	1	07	Especial Agrario Cuenta Propia
2011,0	13	Campo de Borja	165	Leves	1	01	General
2011,0	13	Campo de Borja	5	Leves	1	05	Trabajadores Autónomos
2011,0	13	Campo de Borja	2	Leves	1	06	Especial Agrario Cuenta Ajena
2011,0	13	Campo de Borja	1	Leves	1	07	Especial Agrario Cuenta Propia
2011,0	14	Aranda	51	Leves	1	01	General
2011,0	15	Ribera Alta del Ebro	581	Leves	1	01	General
2011,0	15	Ribera Alta del Ebro	7	Leves	1	05	Trabajadores Autónomos
2011,0	15	Ribera Alta del Ebro	16	Leves	1	06	Especial Agrario Cuenta Ajena
2011,0	16	Valdejalón	443	Leves	1	01	General
2011,0	16	Valdejalón	12	Leves	1	05	Trabajadores Autónomos
2011,0	16	Valdejalón	45	Leves	1	06	Especial Agrario Cuenta Ajena
2011,0	16	Valdejalón	3	Leves	1	07	Especial Agrario Cuenta Propia
2011,0	17	D.C. Zaragoza	7203	Leves	1	01	General
2011,0	17	D.C. Zaragoza	90	Leves	1	05	Trabajadores Autónomos
2011,0	17	D.C. Zaragoza	28	Leves	1	06	Especial Agrario Cuenta Ajena
2011,0	18	Ribera Baja del Ebro	106	Leves	1	01	General
2011,0	18	Ribera Baja del Ebro	2	Leves	1	05	Trabajadores Autónomos
2011,0	18	Ribera Baja del Ebro	11	Leves	1	06	Especial Agrario Cuenta Ajena
2011,0	19	Bajo Aragón-Caspe / Baix Aragó-Casp	86	Leves	1	01	General
2011,0	19	Bajo Aragón-Caspe / Baix Aragó-Casp	6	Leves	1	05	Trabajadores Autónomos
2011,0	19	Bajo Aragón-Caspe / Baix Aragó-Casp	24	Leves	1	06	Especial Agrario Cuenta Ajena
2011,0	19	Bajo Aragón-Caspe / Baix Aragó-Casp	2	Leves	1	07	Especial Agrario Cuenta Propia
2011,0	20	Comunidad de Calatayud	257	Leves	1	01	General
2011,0	20	Comunidad de Calatayud	16	Leves	1	05	Trabajadores Autónomos
2011,0	20	Comunidad de Calatayud	15	Leves	1	06	Especial Agrario Cuenta Ajena
2011,0	21	Campo de Cariñena	101	Leves	1	01	General
2011,0	21	Campo de Cariñena	8	Leves	1	05	Trabajadores Autónomos
2011,0	21	Campo de Cariñena	7	Leves	1	06	Especial Agrario Cuenta Ajena
2011,0	22	Campo de Belchite	20	Leves	1	01	General
2011,0	22	Campo de Belchite	3	Leves	1	05	Trabajadores Autónomos
2011,0	22	Campo de Belchite	1	Leves	1	06	Especial Agrario Cuenta Ajena
2011,0	23	Bajo Martín	51	Leves	1	01	General
2011,0	23	Bajo Martín	1	Leves	1	05	Trabajadores Autónomos
2011,0	24	Campo de Daroca	45	Leves	1	01	General
2011,0	24	Campo de Daroca	2	Leves	1	05	Trabajadores Autónomos
2011,0	24	Campo de Daroca	1	Leves	1	06	Especial Agrario Cuenta Ajena
2011,0	24	Campo de Daroca	1	Leves	1	07	Especial Agrario Cuenta Propia
2011,0	25	Jiloca	80	Leves	1	01	General
2011,0	25	Jiloca	7	Leves	1	05	Trabajadores Autónomos
2011,0	25	Jiloca	5	Leves	1	07	Especial Agrario Cuenta Propia
2011,0	26	Cuencas Mineras	125	Leves	1	01	General
2011,0	26	Cuencas Mineras	4	Leves	1	05	Trabajadores Autónomos
2011,0	27	Andorra-Sierra de Arcos	101	Leves	1	01	General
2011,0	27	Andorra-Sierra de Arcos	4	Leves	1	05	Trabajadores Autónomos
2011,0	27	Andorra-Sierra de Arcos	1	Leves	1	06	Especial Agrario Cuenta Ajena
2011,0	27	Andorra-Sierra de Arcos	1	Leves	1	07	Especial Agrario Cuenta Propia
2011,0	27	Andorra-Sierra de Arcos	2	Leves	1	08	Especial Trabajadores del Mar
2011,0	27	Andorra-Sierra de Arcos	90	Leves	1	09	Especial Minería del Carbón
2011,0	28	Bajo Aragón	236	Leves	1	01	General
2011,0	28	Bajo Aragón	6	Leves	1	05	Trabajadores Autónomos
2011,0	28	Bajo Aragón	10	Leves	1	06	Especial Agrario Cuenta Ajena
2011,0	28	Bajo Aragón	4	Leves	1	07	Especial Agrario Cuenta Propia
2011,0	29	Comunidad de Teruel	432	Leves	1	01	General
2011,0	29	Comunidad de Teruel	17	Leves	1	05	Trabajadores Autónomos
2011,0	29	Comunidad de Teruel	6	Leves	1	06	Especial Agrario Cuenta Ajena
2011,0	29	Comunidad de Teruel	3	Leves	1	07	Especial Agrario Cuenta Propia
2011,0	30	Maestrazgo	17	Leves	1	01	General
2011,0	30	Maestrazgo	1	Leves	1	05	Trabajadores Autónomos
2011,0	30	Maestrazgo	2	Leves	1	07	Especial Agrario Cuenta Propia
2011,0	31	Sierra de Albarracín	20	Leves	1	01	General
2011,0	31	Sierra de Albarracín	1	Leves	1	05	Trabajadores Autónomos
2011,0	31	Sierra de Albarracín	3	Leves	1	06	Especial Agrario Cuenta Ajena
2011,0	31	Sierra de Albarracín	1	Leves	1	07	Especial Agrario Cuenta Propia
2011,0	32	Gúdar-Javalambre	71	Leves	1	01	General
2011,0	32	Gúdar-Javalambre	4	Leves	1	05	Trabajadores Autónomos
2011,0	32	Gúdar-Javalambre	2	Leves	1	06	Especial Agrario Cuenta Ajena
2011,0	32	Gúdar-Javalambre	1	Leves	1	07	Especial Agrario Cuenta Propia
2011,0	33	Matarraña / Matarranya	49	Leves	1	01	General
2011,0	33	Matarraña / Matarranya	3	Leves	1	05	Trabajadores Autónomos
2011,0	33	Matarraña / Matarranya	8	Leves	1	06	Especial Agrario Cuenta Ajena
2011,0	33	Matarraña / Matarranya	6	Leves	1	07	Especial Agrario Cuenta Propia
2011,0	NC	Municipio del centro de trabajo fuera de Aragón	156	Leves	1	01	General
2011,0	NC	Municipio del centro de trabajo fuera de Aragón	8	Leves	1	06	Especial Agrario Cuenta Ajena
2010,0	01	La Jacetania	153	Leves	1	01	General
2010,0	01	La Jacetania	5	Leves	1	05	Trabajadores Autónomos
2010,0	01	La Jacetania	1	Leves	1	06	Especial Agrario Cuenta Ajena
2010,0	02	Alto Gállego	149	Leves	1	01	General
2010,0	02	Alto Gállego	2	Leves	1	05	Trabajadores Autónomos
2010,0	02	Alto Gállego	1	Leves	1	06	Especial Agrario Cuenta Ajena
2010,0	02	Alto Gállego	1	Leves	1	07	Especial Agrario Cuenta Propia
2010,0	03	Sobrarbe	52	Leves	1	01	General
2010,0	03	Sobrarbe	2	Leves	1	05	Trabajadores Autónomos
2010,0	03	Sobrarbe	1	Leves	1	06	Especial Agrario Cuenta Ajena
2010,0	04	La Ribagorza	123	Leves	1	01	General
2010,0	04	La Ribagorza	3	Leves	1	05	Trabajadores Autónomos
2010,0	04	La Ribagorza	4	Leves	1	06	Especial Agrario Cuenta Ajena
2010,0	05	Cinco Villas	350	Leves	1	01	General
2010,0	05	Cinco Villas	9	Leves	1	05	Trabajadores Autónomos
2010,0	05	Cinco Villas	13	Leves	1	06	Especial Agrario Cuenta Ajena
2010,0	05	Cinco Villas	2	Leves	1	07	Especial Agrario Cuenta Propia
2010,0	06	Hoya de Huesca / Plana de Uesca	707	Leves	1	01	General
2010,0	06	Hoya de Huesca / Plana de Uesca	11	Leves	1	05	Trabajadores Autónomos
2010,0	06	Hoya de Huesca / Plana de Uesca	9	Leves	1	06	Especial Agrario Cuenta Ajena
2010,0	06	Hoya de Huesca / Plana de Uesca	2	Leves	1	07	Especial Agrario Cuenta Propia
2010,0	07	Somontano de Barbastro	200	Leves	1	01	General
2010,0	07	Somontano de Barbastro	5	Leves	1	05	Trabajadores Autónomos
2010,0	07	Somontano de Barbastro	8	Leves	1	06	Especial Agrario Cuenta Ajena
2010,0	07	Somontano de Barbastro	1	Leves	1	07	Especial Agrario Cuenta Propia
2010,0	08	Cinca Medio	310	Leves	1	01	General
2010,0	08	Cinca Medio	8	Leves	1	05	Trabajadores Autónomos
2010,0	08	Cinca Medio	7	Leves	1	06	Especial Agrario Cuenta Ajena
2010,0	09	La Litera / La Llitera	203	Leves	1	01	General
2010,0	09	La Litera / La Llitera	3	Leves	1	05	Trabajadores Autónomos
2010,0	09	La Litera / La Llitera	5	Leves	1	06	Especial Agrario Cuenta Ajena
2010,0	10	Los Monegros	117	Leves	1	01	General
2010,0	10	Los Monegros	1	Leves	1	05	Trabajadores Autónomos
2010,0	10	Los Monegros	8	Leves	1	06	Especial Agrario Cuenta Ajena
2010,0	10	Los Monegros	2	Leves	1	07	Especial Agrario Cuenta Propia
2010,0	11	Bajo Cinca / Baix Cinca	168	Leves	1	01	General
2010,0	11	Bajo Cinca / Baix Cinca	9	Leves	1	05	Trabajadores Autónomos
2010,0	11	Bajo Cinca / Baix Cinca	47	Leves	1	06	Especial Agrario Cuenta Ajena
2010,0	11	Bajo Cinca / Baix Cinca	5	Leves	1	09	Especial Minería del Carbón
2010,0	12	Tarazona y el Moncayo	162	Leves	1	01	General
2010,0	12	Tarazona y el Moncayo	4	Leves	1	05	Trabajadores Autónomos
2010,0	12	Tarazona y el Moncayo	2	Leves	1	06	Especial Agrario Cuenta Ajena
2010,0	13	Campo de Borja	238	Leves	1	01	General
2010,0	13	Campo de Borja	8	Leves	1	05	Trabajadores Autónomos
2010,0	13	Campo de Borja	4	Leves	1	06	Especial Agrario Cuenta Ajena
2010,0	13	Campo de Borja	2	Leves	1	07	Especial Agrario Cuenta Propia
2010,0	14	Aranda	55	Leves	1	01	General
2010,0	14	Aranda	2	Leves	1	05	Trabajadores Autónomos
2010,0	14	Aranda	1	Leves	1	07	Especial Agrario Cuenta Propia
2010,0	15	Ribera Alta del Ebro	749	Leves	1	01	General
2010,0	15	Ribera Alta del Ebro	5	Leves	1	05	Trabajadores Autónomos
2010,0	15	Ribera Alta del Ebro	5	Leves	1	06	Especial Agrario Cuenta Ajena
2010,0	16	Valdejalón	433	Leves	1	01	General
2010,0	16	Valdejalón	12	Leves	1	05	Trabajadores Autónomos
2010,0	16	Valdejalón	32	Leves	1	06	Especial Agrario Cuenta Ajena
2010,0	17	D.C. Zaragoza	7984	Leves	1	01	General
2010,0	17	D.C. Zaragoza	94	Leves	1	05	Trabajadores Autónomos
2010,0	17	D.C. Zaragoza	39	Leves	1	06	Especial Agrario Cuenta Ajena
2010,0	17	D.C. Zaragoza	1	Leves	1	07	Especial Agrario Cuenta Propia
2010,0	18	Ribera Baja del Ebro	97	Leves	1	01	General
2010,0	18	Ribera Baja del Ebro	3	Leves	1	05	Trabajadores Autónomos
2010,0	18	Ribera Baja del Ebro	9	Leves	1	06	Especial Agrario Cuenta Ajena
2010,0	19	Bajo Aragón-Caspe / Baix Aragó-Casp	97	Leves	1	01	General
2010,0	19	Bajo Aragón-Caspe / Baix Aragó-Casp	6	Leves	1	05	Trabajadores Autónomos
2010,0	19	Bajo Aragón-Caspe / Baix Aragó-Casp	17	Leves	1	06	Especial Agrario Cuenta Ajena
2010,0	19	Bajo Aragón-Caspe / Baix Aragó-Casp	1	Leves	1	07	Especial Agrario Cuenta Propia
2010,0	20	Comunidad de Calatayud	290	Leves	1	01	General
2010,0	20	Comunidad de Calatayud	13	Leves	1	05	Trabajadores Autónomos
2010,0	20	Comunidad de Calatayud	9	Leves	1	06	Especial Agrario Cuenta Ajena
2010,0	20	Comunidad de Calatayud	1	Leves	1	07	Especial Agrario Cuenta Propia
2010,0	21	Campo de Cariñena	113	Leves	1	01	General
2010,0	21	Campo de Cariñena	4	Leves	1	05	Trabajadores Autónomos
2010,0	21	Campo de Cariñena	9	Leves	1	06	Especial Agrario Cuenta Ajena
2010,0	21	Campo de Cariñena	2	Leves	1	07	Especial Agrario Cuenta Propia
2010,0	22	Campo de Belchite	24	Leves	1	01	General
2010,0	22	Campo de Belchite	1	Leves	1	05	Trabajadores Autónomos
2010,0	22	Campo de Belchite	2	Leves	1	06	Especial Agrario Cuenta Ajena
2010,0	23	Bajo Martín	77	Leves	1	01	General
2010,0	23	Bajo Martín	1	Leves	1	05	Trabajadores Autónomos
2010,0	23	Bajo Martín	2	Leves	1	06	Especial Agrario Cuenta Ajena
2010,0	23	Bajo Martín	1	Leves	1	07	Especial Agrario Cuenta Propia
2010,0	24	Campo de Daroca	48	Leves	1	01	General
2010,0	24	Campo de Daroca	3	Leves	1	05	Trabajadores Autónomos
2010,0	24	Campo de Daroca	1	Leves	1	06	Especial Agrario Cuenta Ajena
2010,0	24	Campo de Daroca	1	Leves	1	07	Especial Agrario Cuenta Propia
2010,0	25	Jiloca	98	Leves	1	01	General
2010,0	25	Jiloca	6	Leves	1	05	Trabajadores Autónomos
2010,0	25	Jiloca	2	Leves	1	06	Especial Agrario Cuenta Ajena
2010,0	25	Jiloca	4	Leves	1	07	Especial Agrario Cuenta Propia
2010,0	26	Cuencas Mineras	141	Leves	1	01	General
2010,0	26	Cuencas Mineras	5	Leves	1	05	Trabajadores Autónomos
2010,0	26	Cuencas Mineras	1	Leves	1	07	Especial Agrario Cuenta Propia
2010,0	27	Andorra-Sierra de Arcos	119	Leves	1	01	General
2010,0	27	Andorra-Sierra de Arcos	2	Leves	1	05	Trabajadores Autónomos
2010,0	27	Andorra-Sierra de Arcos	1	Leves	1	06	Especial Agrario Cuenta Ajena
2010,0	27	Andorra-Sierra de Arcos	93	Leves	1	09	Especial Minería del Carbón
2010,0	28	Bajo Aragón	253	Leves	1	01	General
2010,0	28	Bajo Aragón	7	Leves	1	05	Trabajadores Autónomos
2010,0	28	Bajo Aragón	20	Leves	1	06	Especial Agrario Cuenta Ajena
2010,0	28	Bajo Aragón	2	Leves	1	07	Especial Agrario Cuenta Propia
2010,0	29	Comunidad de Teruel	512	Leves	1	01	General
2010,0	29	Comunidad de Teruel	13	Leves	1	05	Trabajadores Autónomos
2010,0	29	Comunidad de Teruel	13	Leves	1	06	Especial Agrario Cuenta Ajena
2010,0	29	Comunidad de Teruel	7	Leves	1	07	Especial Agrario Cuenta Propia
2010,0	30	Maestrazgo	32	Leves	1	01	General
2010,0	30	Maestrazgo	1	Leves	1	05	Trabajadores Autónomos
2010,0	30	Maestrazgo	3	Leves	1	06	Especial Agrario Cuenta Ajena
2010,0	30	Maestrazgo	1	Leves	1	07	Especial Agrario Cuenta Propia
2010,0	31	Sierra de Albarracín	17	Leves	1	01	General
2010,0	31	Sierra de Albarracín	2	Leves	1	05	Trabajadores Autónomos
2010,0	31	Sierra de Albarracín	4	Leves	1	06	Especial Agrario Cuenta Ajena
2010,0	31	Sierra de Albarracín	1	Leves	1	07	Especial Agrario Cuenta Propia
2010,0	32	Gúdar-Javalambre	68	Leves	1	01	General
2010,0	32	Gúdar-Javalambre	4	Leves	1	05	Trabajadores Autónomos
2010,0	32	Gúdar-Javalambre	1	Leves	1	06	Especial Agrario Cuenta Ajena
2010,0	32	Gúdar-Javalambre	3	Leves	1	07	Especial Agrario Cuenta Propia
2010,0	33	Matarraña / Matarranya	63	Leves	1	01	General
2010,0	33	Matarraña / Matarranya	2	Leves	1	05	Trabajadores Autónomos
2010,0	33	Matarraña / Matarranya	2	Leves	1	06	Especial Agrario Cuenta Ajena
2010,0	33	Matarraña / Matarranya	4	Leves	1	07	Especial Agrario Cuenta Propia
2010,0	NC	Municipio del centro de trabajo fuera de Aragón	176	Leves	1	01	General
2010,0	NC	Municipio del centro de trabajo fuera de Aragón	1	Leves	1	05	Trabajadores Autónomos
2010,0	NC	Municipio del centro de trabajo fuera de Aragón	10	Leves	1	06	Especial Agrario Cuenta Ajena
2009,0	01	La Jacetania	223	Leves	1	01	General
2009,0	01	La Jacetania	3	Leves	1	05	Trabajadores Autónomos
2009,0	01	La Jacetania	2	Leves	1	06	Especial Agrario Cuenta Ajena
2009,0	01	La Jacetania	1	Leves	1	07	Especial Agrario Cuenta Propia
2009,0	02	Alto Gállego	164	Leves	1	01	General
2009,0	02	Alto Gállego	2	Leves	1	05	Trabajadores Autónomos
2009,0	02	Alto Gállego	2	Leves	1	06	Especial Agrario Cuenta Ajena
2009,0	03	Sobrarbe	41	Leves	1	01	General
2009,0	03	Sobrarbe	6	Leves	1	05	Trabajadores Autónomos
2009,0	03	Sobrarbe	1	Leves	1	06	Especial Agrario Cuenta Ajena
2009,0	04	La Ribagorza	159	Leves	1	01	General
2009,0	04	La Ribagorza	7	Leves	1	05	Trabajadores Autónomos
2009,0	04	La Ribagorza	3	Leves	1	06	Especial Agrario Cuenta Ajena
2009,0	04	La Ribagorza	1	Leves	1	07	Especial Agrario Cuenta Propia
2009,0	05	Cinco Villas	398	Leves	1	01	General
2009,0	05	Cinco Villas	13	Leves	1	05	Trabajadores Autónomos
2009,0	05	Cinco Villas	7	Leves	1	06	Especial Agrario Cuenta Ajena
2009,0	06	Hoya de Huesca / Plana de Uesca	771	Leves	1	01	General
2009,0	06	Hoya de Huesca / Plana de Uesca	6	Leves	1	05	Trabajadores Autónomos
2009,0	06	Hoya de Huesca / Plana de Uesca	6	Leves	1	06	Especial Agrario Cuenta Ajena
2009,0	06	Hoya de Huesca / Plana de Uesca	1	Leves	1	07	Especial Agrario Cuenta Propia
2009,0	07	Somontano de Barbastro	286	Leves	1	01	General
2009,0	07	Somontano de Barbastro	9	Leves	1	05	Trabajadores Autónomos
2009,0	07	Somontano de Barbastro	10	Leves	1	06	Especial Agrario Cuenta Ajena
2009,0	07	Somontano de Barbastro	2	Leves	1	07	Especial Agrario Cuenta Propia
2009,0	08	Cinca Medio	301	Leves	1	01	General
2009,0	08	Cinca Medio	8	Leves	1	05	Trabajadores Autónomos
2009,0	08	Cinca Medio	5	Leves	1	06	Especial Agrario Cuenta Ajena
2009,0	09	La Litera / La Llitera	218	Leves	1	01	General
2009,0	09	La Litera / La Llitera	2	Leves	1	05	Trabajadores Autónomos
2009,0	09	La Litera / La Llitera	12	Leves	1	06	Especial Agrario Cuenta Ajena
2009,0	10	Los Monegros	155	Leves	1	01	General
2009,0	10	Los Monegros	2	Leves	1	05	Trabajadores Autónomos
2009,0	10	Los Monegros	8	Leves	1	06	Especial Agrario Cuenta Ajena
2009,0	11	Bajo Cinca / Baix Cinca	207	Leves	1	01	General
2009,0	11	Bajo Cinca / Baix Cinca	7	Leves	1	05	Trabajadores Autónomos
2009,0	11	Bajo Cinca / Baix Cinca	38	Leves	1	06	Especial Agrario Cuenta Ajena
2009,0	11	Bajo Cinca / Baix Cinca	3	Leves	1	09	Especial Minería del Carbón
2009,0	12	Tarazona y el Moncayo	144	Leves	1	01	General
2009,0	12	Tarazona y el Moncayo	2	Leves	1	05	Trabajadores Autónomos
2009,0	12	Tarazona y el Moncayo	2	Leves	1	06	Especial Agrario Cuenta Ajena
2009,0	12	Tarazona y el Moncayo	1	Leves	1	07	Especial Agrario Cuenta Propia
2009,0	13	Campo de Borja	214	Leves	1	01	General
2009,0	13	Campo de Borja	5	Leves	1	05	Trabajadores Autónomos
2009,0	13	Campo de Borja	1	Leves	1	06	Especial Agrario Cuenta Ajena
2009,0	13	Campo de Borja	4	Leves	1	07	Especial Agrario Cuenta Propia
2009,0	14	Aranda	50	Leves	1	01	General
2009,0	14	Aranda	3	Leves	1	05	Trabajadores Autónomos
2009,0	14	Aranda	2	Leves	1	06	Especial Agrario Cuenta Ajena
2009,0	15	Ribera Alta del Ebro	611	Leves	1	01	General
2009,0	15	Ribera Alta del Ebro	5	Leves	1	05	Trabajadores Autónomos
2009,0	15	Ribera Alta del Ebro	7	Leves	1	06	Especial Agrario Cuenta Ajena
2009,0	16	Valdejalón	446	Leves	1	01	General
2009,0	16	Valdejalón	12	Leves	1	05	Trabajadores Autónomos
2009,0	16	Valdejalón	39	Leves	1	06	Especial Agrario Cuenta Ajena
2009,0	16	Valdejalón	3	Leves	1	07	Especial Agrario Cuenta Propia
2009,0	17	D.C. Zaragoza	8478	Leves	1	01	General
2009,0	17	D.C. Zaragoza	93	Leves	1	05	Trabajadores Autónomos
2009,0	17	D.C. Zaragoza	35	Leves	1	06	Especial Agrario Cuenta Ajena
2009,0	17	D.C. Zaragoza	1	Leves	1	07	Especial Agrario Cuenta Propia
2009,0	18	Ribera Baja del Ebro	105	Leves	1	01	General
2009,0	18	Ribera Baja del Ebro	2	Leves	1	05	Trabajadores Autónomos
2009,0	18	Ribera Baja del Ebro	8	Leves	1	06	Especial Agrario Cuenta Ajena
2009,0	19	Bajo Aragón-Caspe / Baix Aragó-Casp	118	Leves	1	01	General
2009,0	19	Bajo Aragón-Caspe / Baix Aragó-Casp	5	Leves	1	05	Trabajadores Autónomos
2009,0	19	Bajo Aragón-Caspe / Baix Aragó-Casp	20	Leves	1	06	Especial Agrario Cuenta Ajena
2009,0	19	Bajo Aragón-Caspe / Baix Aragó-Casp	1	Leves	1	07	Especial Agrario Cuenta Propia
2009,0	20	Comunidad de Calatayud	315	Leves	1	01	General
2009,0	20	Comunidad de Calatayud	19	Leves	1	05	Trabajadores Autónomos
2009,0	20	Comunidad de Calatayud	7	Leves	1	06	Especial Agrario Cuenta Ajena
2009,0	21	Campo de Cariñena	163	Leves	1	01	General
2009,0	21	Campo de Cariñena	12	Leves	1	05	Trabajadores Autónomos
2009,0	21	Campo de Cariñena	7	Leves	1	06	Especial Agrario Cuenta Ajena
2009,0	22	Campo de Belchite	29	Leves	1	01	General
2009,0	22	Campo de Belchite	3	Leves	1	05	Trabajadores Autónomos
2009,0	22	Campo de Belchite	1	Leves	1	06	Especial Agrario Cuenta Ajena
2009,0	23	Bajo Martín	79	Leves	1	01	General
2009,0	23	Bajo Martín	2	Leves	1	05	Trabajadores Autónomos
2009,0	23	Bajo Martín	5	Leves	1	06	Especial Agrario Cuenta Ajena
2009,0	24	Campo de Daroca	33	Leves	1	01	General
2009,0	24	Campo de Daroca	2	Leves	1	05	Trabajadores Autónomos
2009,0	24	Campo de Daroca	1	Leves	1	06	Especial Agrario Cuenta Ajena
2009,0	24	Campo de Daroca	1	Leves	1	07	Especial Agrario Cuenta Propia
2009,0	25	Jiloca	111	Leves	1	01	General
2009,0	25	Jiloca	9	Leves	1	05	Trabajadores Autónomos
2009,0	25	Jiloca	2	Leves	1	07	Especial Agrario Cuenta Propia
2009,0	26	Cuencas Mineras	104	Leves	1	01	General
2009,0	26	Cuencas Mineras	6	Leves	1	05	Trabajadores Autónomos
2009,0	26	Cuencas Mineras	1	Leves	1	06	Especial Agrario Cuenta Ajena
2009,0	27	Andorra-Sierra de Arcos	150	Leves	1	01	General
2009,0	27	Andorra-Sierra de Arcos	2	Leves	1	05	Trabajadores Autónomos
2009,0	27	Andorra-Sierra de Arcos	96	Leves	1	09	Especial Minería del Carbón
2009,0	28	Bajo Aragón	304	Leves	1	01	General
2009,0	28	Bajo Aragón	9	Leves	1	05	Trabajadores Autónomos
2009,0	28	Bajo Aragón	15	Leves	1	06	Especial Agrario Cuenta Ajena
2009,0	28	Bajo Aragón	1	Leves	1	07	Especial Agrario Cuenta Propia
2009,0	29	Comunidad de Teruel	490	Leves	1	01	General
2009,0	29	Comunidad de Teruel	18	Leves	1	05	Trabajadores Autónomos
2009,0	29	Comunidad de Teruel	7	Leves	1	06	Especial Agrario Cuenta Ajena
2009,0	29	Comunidad de Teruel	6	Leves	1	07	Especial Agrario Cuenta Propia
2009,0	30	Maestrazgo	12	Leves	1	01	General
2009,0	31	Sierra de Albarracín	21	Leves	1	01	General
2009,0	31	Sierra de Albarracín	5	Leves	1	05	Trabajadores Autónomos
2009,0	31	Sierra de Albarracín	4	Leves	1	06	Especial Agrario Cuenta Ajena
2009,0	32	Gúdar-Javalambre	73	Leves	1	01	General
2009,0	32	Gúdar-Javalambre	2	Leves	1	05	Trabajadores Autónomos
2009,0	32	Gúdar-Javalambre	3	Leves	1	06	Especial Agrario Cuenta Ajena
2009,0	33	Matarraña / Matarranya	52	Leves	1	01	General
2009,0	33	Matarraña / Matarranya	6	Leves	1	05	Trabajadores Autónomos
2009,0	33	Matarraña / Matarranya	3	Leves	1	06	Especial Agrario Cuenta Ajena
2009,0	33	Matarraña / Matarranya	2	Leves	1	07	Especial Agrario Cuenta Propia
2009,0	NC	Municipio del centro de trabajo fuera de Aragón	143	Leves	1	01	General
2009,0	NC	Municipio del centro de trabajo fuera de Aragón	8	Leves	1	06	Especial Agrario Cuenta Ajena
2008,0	01	La Jacetania	259	Leves	1	01	General
2008,0	01	La Jacetania	8	Leves	1	05	Trabajadores Autónomos
2008,0	01	La Jacetania	3	Leves	1	06	Especial Agrario Cuenta Ajena
2008,0	01	La Jacetania	1	Leves	1	07	Especial Agrario Cuenta Propia
2008,0	02	Alto Gállego	218	Leves	1	01	General
2008,0	02	Alto Gállego	1	Leves	1	05	Trabajadores Autónomos
2008,0	02	Alto Gállego	2	Leves	1	06	Especial Agrario Cuenta Ajena
2008,0	03	Sobrarbe	96	Leves	1	01	General
2008,0	03	Sobrarbe	1	Leves	1	05	Trabajadores Autónomos
2008,0	04	La Ribagorza	189	Leves	1	01	General
2008,0	04	La Ribagorza	4	Leves	1	05	Trabajadores Autónomos
2008,0	04	La Ribagorza	1	Leves	1	06	Especial Agrario Cuenta Ajena
2008,0	05	Cinco Villas	560	Leves	1	01	General
2008,0	05	Cinco Villas	8	Leves	1	05	Trabajadores Autónomos
2008,0	05	Cinco Villas	12	Leves	1	06	Especial Agrario Cuenta Ajena
2008,0	05	Cinco Villas	1	Leves	1	07	Especial Agrario Cuenta Propia
2008,0	06	Hoya de Huesca / Plana de Uesca	1039	Leves	1	01	General
2008,0	06	Hoya de Huesca / Plana de Uesca	10	Leves	1	05	Trabajadores Autónomos
2008,0	06	Hoya de Huesca / Plana de Uesca	3	Leves	1	06	Especial Agrario Cuenta Ajena
2008,0	06	Hoya de Huesca / Plana de Uesca	1	Leves	1	07	Especial Agrario Cuenta Propia
2008,0	07	Somontano de Barbastro	405	Leves	1	01	General
2008,0	07	Somontano de Barbastro	6	Leves	1	05	Trabajadores Autónomos
2008,0	07	Somontano de Barbastro	9	Leves	1	06	Especial Agrario Cuenta Ajena
2008,0	07	Somontano de Barbastro	1	Leves	1	07	Especial Agrario Cuenta Propia
2008,0	08	Cinca Medio	468	Leves	1	01	General
2008,0	08	Cinca Medio	5	Leves	1	05	Trabajadores Autónomos
2008,0	08	Cinca Medio	5	Leves	1	06	Especial Agrario Cuenta Ajena
2008,0	09	La Litera / La Llitera	355	Leves	1	01	General
2008,0	09	La Litera / La Llitera	2	Leves	1	05	Trabajadores Autónomos
2008,0	09	La Litera / La Llitera	11	Leves	1	06	Especial Agrario Cuenta Ajena
2008,0	09	La Litera / La Llitera	4	Leves	1	07	Especial Agrario Cuenta Propia
2008,0	10	Los Monegros	171	Leves	1	01	General
2008,0	10	Los Monegros	6	Leves	1	05	Trabajadores Autónomos
2008,0	10	Los Monegros	7	Leves	1	06	Especial Agrario Cuenta Ajena
2008,0	10	Los Monegros	1	Leves	1	07	Especial Agrario Cuenta Propia
2008,0	11	Bajo Cinca / Baix Cinca	327	Leves	1	01	General
2008,0	11	Bajo Cinca / Baix Cinca	9	Leves	1	05	Trabajadores Autónomos
2008,0	11	Bajo Cinca / Baix Cinca	48	Leves	1	06	Especial Agrario Cuenta Ajena
2008,0	11	Bajo Cinca / Baix Cinca	8	Leves	1	09	Especial Minería del Carbón
2008,0	12	Tarazona y el Moncayo	267	Leves	1	01	General
2008,0	12	Tarazona y el Moncayo	7	Leves	1	05	Trabajadores Autónomos
2008,0	12	Tarazona y el Moncayo	2	Leves	1	07	Especial Agrario Cuenta Propia
2008,0	13	Campo de Borja	357	Leves	1	01	General
2008,0	13	Campo de Borja	9	Leves	1	05	Trabajadores Autónomos
2008,0	13	Campo de Borja	5	Leves	1	06	Especial Agrario Cuenta Ajena
2008,0	13	Campo de Borja	2	Leves	1	07	Especial Agrario Cuenta Propia
2008,0	14	Aranda	58	Leves	1	01	General
2008,0	14	Aranda	1	Leves	1	05	Trabajadores Autónomos
2008,0	15	Ribera Alta del Ebro	1065	Leves	1	01	General
2008,0	15	Ribera Alta del Ebro	10	Leves	1	06	Especial Agrario Cuenta Ajena
2008,0	15	Ribera Alta del Ebro	1	Leves	1	07	Especial Agrario Cuenta Propia
2008,0	16	Valdejalón	658	Leves	1	01	General
2008,0	16	Valdejalón	11	Leves	1	05	Trabajadores Autónomos
2008,0	16	Valdejalón	24	Leves	1	06	Especial Agrario Cuenta Ajena
2008,0	16	Valdejalón	4	Leves	1	07	Especial Agrario Cuenta Propia
2008,0	17	D.C. Zaragoza	12457	Leves	1	01	General
2008,0	17	D.C. Zaragoza	104	Leves	1	05	Trabajadores Autónomos
2008,0	17	D.C. Zaragoza	32	Leves	1	06	Especial Agrario Cuenta Ajena
2008,0	17	D.C. Zaragoza	3	Leves	1	07	Especial Agrario Cuenta Propia
2008,0	18	Ribera Baja del Ebro	146	Leves	1	01	General
2008,0	18	Ribera Baja del Ebro	3	Leves	1	05	Trabajadores Autónomos
2008,0	18	Ribera Baja del Ebro	6	Leves	1	06	Especial Agrario Cuenta Ajena
2008,0	19	Bajo Aragón-Caspe / Baix Aragó-Casp	135	Leves	1	01	General
2008,0	19	Bajo Aragón-Caspe / Baix Aragó-Casp	1	Leves	1	05	Trabajadores Autónomos
2008,0	19	Bajo Aragón-Caspe / Baix Aragó-Casp	19	Leves	1	06	Especial Agrario Cuenta Ajena
2008,0	19	Bajo Aragón-Caspe / Baix Aragó-Casp	1	Leves	1	07	Especial Agrario Cuenta Propia
2008,0	20	Comunidad de Calatayud	485	Leves	1	01	General
2008,0	20	Comunidad de Calatayud	10	Leves	1	05	Trabajadores Autónomos
2008,0	20	Comunidad de Calatayud	11	Leves	1	06	Especial Agrario Cuenta Ajena
2008,0	20	Comunidad de Calatayud	4	Leves	1	07	Especial Agrario Cuenta Propia
2008,0	21	Campo de Cariñena	189	Leves	1	01	General
2008,0	21	Campo de Cariñena	12	Leves	1	05	Trabajadores Autónomos
2008,0	21	Campo de Cariñena	15	Leves	1	06	Especial Agrario Cuenta Ajena
2008,0	21	Campo de Cariñena	1	Leves	1	07	Especial Agrario Cuenta Propia
2008,0	22	Campo de Belchite	32	Leves	1	01	General
2008,0	22	Campo de Belchite	2	Leves	1	05	Trabajadores Autónomos
2008,0	23	Bajo Martín	121	Leves	1	01	General
2008,0	23	Bajo Martín	2	Leves	1	05	Trabajadores Autónomos
2008,0	23	Bajo Martín	2	Leves	1	06	Especial Agrario Cuenta Ajena
2008,0	23	Bajo Martín	2	Leves	1	07	Especial Agrario Cuenta Propia
2008,0	24	Campo de Daroca	51	Leves	1	01	General
2008,0	24	Campo de Daroca	1	Leves	1	05	Trabajadores Autónomos
2008,0	24	Campo de Daroca	2	Leves	1	06	Especial Agrario Cuenta Ajena
2008,0	25	Jiloca	202	Leves	1	01	General
2008,0	25	Jiloca	3	Leves	1	05	Trabajadores Autónomos
2008,0	25	Jiloca	1	Leves	1	06	Especial Agrario Cuenta Ajena
2008,0	25	Jiloca	6	Leves	1	07	Especial Agrario Cuenta Propia
2008,0	26	Cuencas Mineras	205	Leves	1	01	General
2008,0	26	Cuencas Mineras	1	Leves	1	05	Trabajadores Autónomos
2008,0	27	Andorra-Sierra de Arcos	163	Leves	1	01	General
2008,0	27	Andorra-Sierra de Arcos	1	Leves	1	05	Trabajadores Autónomos
2008,0	27	Andorra-Sierra de Arcos	1	Leves	1	07	Especial Agrario Cuenta Propia
2008,0	27	Andorra-Sierra de Arcos	169	Leves	1	09	Especial Minería del Carbón
2008,0	28	Bajo Aragón	382	Leves	1	01	General
2008,0	28	Bajo Aragón	6	Leves	1	05	Trabajadores Autónomos
2008,0	28	Bajo Aragón	9	Leves	1	06	Especial Agrario Cuenta Ajena
2008,0	28	Bajo Aragón	3	Leves	1	07	Especial Agrario Cuenta Propia
2008,0	29	Comunidad de Teruel	597	Leves	1	01	General
2008,0	29	Comunidad de Teruel	12	Leves	1	05	Trabajadores Autónomos
2008,0	29	Comunidad de Teruel	3	Leves	1	06	Especial Agrario Cuenta Ajena
2008,0	29	Comunidad de Teruel	9	Leves	1	07	Especial Agrario Cuenta Propia
2008,0	30	Maestrazgo	26	Leves	1	01	General
2008,0	30	Maestrazgo	1	Leves	1	05	Trabajadores Autónomos
2008,0	30	Maestrazgo	1	Leves	1	06	Especial Agrario Cuenta Ajena
2008,0	30	Maestrazgo	1	Leves	1	07	Especial Agrario Cuenta Propia
2008,0	31	Sierra de Albarracín	29	Leves	1	01	General
2008,0	31	Sierra de Albarracín	2	Leves	1	05	Trabajadores Autónomos
2008,0	31	Sierra de Albarracín	2	Leves	1	06	Especial Agrario Cuenta Ajena
2008,0	31	Sierra de Albarracín	1	Leves	1	07	Especial Agrario Cuenta Propia
2008,0	32	Gúdar-Javalambre	89	Leves	1	01	General
2008,0	32	Gúdar-Javalambre	4	Leves	1	05	Trabajadores Autónomos
2008,0	32	Gúdar-Javalambre	1	Leves	1	06	Especial Agrario Cuenta Ajena
2008,0	32	Gúdar-Javalambre	4	Leves	1	07	Especial Agrario Cuenta Propia
2008,0	33	Matarraña / Matarranya	77	Leves	1	01	General
2008,0	33	Matarraña / Matarranya	3	Leves	1	05	Trabajadores Autónomos
2008,0	33	Matarraña / Matarranya	6	Leves	1	06	Especial Agrario Cuenta Ajena
2008,0	33	Matarraña / Matarranya	5	Leves	1	07	Especial Agrario Cuenta Propia
2008,0	NC	Municipio del centro de trabajo fuera de Aragón	252	Leves	1	01	General
2008,0	NC	Municipio del centro de trabajo fuera de Aragón	1	Leves	1	05	Trabajadores Autónomos
2008,0	NC	Municipio del centro de trabajo fuera de Aragón	5	Leves	1	06	Especial Agrario Cuenta Ajena
2008,0	NC	Municipio del centro de trabajo fuera de Aragón	1	Leves	1	07	Especial Agrario Cuenta Propia
2007,0	01	La Jacetania	247	Leves	1	01	General
2007,0	01	La Jacetania	3	Leves	1	06	Especial Agrario Cuenta Ajena
2007,0	02	Alto Gállego	247	Leves	1	01	General
2007,0	02	Alto Gállego	1	Leves	1	06	Especial Agrario Cuenta Ajena
2007,0	03	Sobrarbe	83	Leves	1	01	General
2007,0	04	La Ribagorza	158	Leves	1	01	General
2007,0	04	La Ribagorza	1	Leves	1	05	Trabajadores Autónomos
2007,0	04	La Ribagorza	2	Leves	1	07	Especial Agrario Cuenta Propia
2007,0	04	La Ribagorza	1	Leves	1	08	Especial Trabajadores del Mar
2007,0	05	Cinco Villas	631	Leves	1	01	General
2007,0	05	Cinco Villas	4	Leves	1	05	Trabajadores Autónomos
2007,0	05	Cinco Villas	11	Leves	1	06	Especial Agrario Cuenta Ajena
2007,0	05	Cinco Villas	4	Leves	1	07	Especial Agrario Cuenta Propia
2007,0	06	Hoya de Huesca / Plana de Uesca	1257	Leves	1	01	General
2007,0	06	Hoya de Huesca / Plana de Uesca	2	Leves	1	05	Trabajadores Autónomos
2007,0	06	Hoya de Huesca / Plana de Uesca	11	Leves	1	06	Especial Agrario Cuenta Ajena
2007,0	06	Hoya de Huesca / Plana de Uesca	2	Leves	1	07	Especial Agrario Cuenta Propia
2007,0	07	Somontano de Barbastro	413	Leves	1	01	General
2007,0	07	Somontano de Barbastro	3	Leves	1	05	Trabajadores Autónomos
2007,0	07	Somontano de Barbastro	16	Leves	1	06	Especial Agrario Cuenta Ajena
2007,0	07	Somontano de Barbastro	4	Leves	1	07	Especial Agrario Cuenta Propia
2007,0	08	Cinca Medio	438	Leves	1	01	General
2007,0	08	Cinca Medio	4	Leves	1	05	Trabajadores Autónomos
2007,0	08	Cinca Medio	5	Leves	1	06	Especial Agrario Cuenta Ajena
2007,0	09	La Litera / La Llitera	406	Leves	1	01	General
2007,0	09	La Litera / La Llitera	2	Leves	1	05	Trabajadores Autónomos
2007,0	09	La Litera / La Llitera	7	Leves	1	06	Especial Agrario Cuenta Ajena
2007,0	10	Los Monegros	213	Leves	1	01	General
2007,0	10	Los Monegros	5	Leves	1	06	Especial Agrario Cuenta Ajena
2007,0	10	Los Monegros	6	Leves	1	07	Especial Agrario Cuenta Propia
2007,0	11	Bajo Cinca / Baix Cinca	381	Leves	1	01	General
2007,0	11	Bajo Cinca / Baix Cinca	1	Leves	1	05	Trabajadores Autónomos
2007,0	11	Bajo Cinca / Baix Cinca	35	Leves	1	06	Especial Agrario Cuenta Ajena
2007,0	11	Bajo Cinca / Baix Cinca	2	Leves	1	07	Especial Agrario Cuenta Propia
2007,0	11	Bajo Cinca / Baix Cinca	8	Leves	1	09	Especial Minería del Carbón
2007,0	12	Tarazona y el Moncayo	299	Leves	1	01	General
2007,0	12	Tarazona y el Moncayo	2	Leves	1	05	Trabajadores Autónomos
2007,0	12	Tarazona y el Moncayo	1	Leves	1	06	Especial Agrario Cuenta Ajena
2007,0	12	Tarazona y el Moncayo	4	Leves	1	07	Especial Agrario Cuenta Propia
2007,0	13	Campo de Borja	390	Leves	1	01	General
2007,0	13	Campo de Borja	1	Leves	1	05	Trabajadores Autónomos
2007,0	13	Campo de Borja	2	Leves	1	06	Especial Agrario Cuenta Ajena
2007,0	13	Campo de Borja	3	Leves	1	07	Especial Agrario Cuenta Propia
2007,0	14	Aranda	64	Leves	1	01	General
2007,0	14	Aranda	2	Leves	1	05	Trabajadores Autónomos
2007,0	14	Aranda	1	Leves	1	07	Especial Agrario Cuenta Propia
2007,0	15	Ribera Alta del Ebro	1196	Leves	1	01	General
2007,0	15	Ribera Alta del Ebro	4	Leves	1	05	Trabajadores Autónomos
2007,0	15	Ribera Alta del Ebro	10	Leves	1	06	Especial Agrario Cuenta Ajena
2007,0	15	Ribera Alta del Ebro	1	Leves	1	07	Especial Agrario Cuenta Propia
2007,0	16	Valdejalón	755	Leves	1	01	General
2007,0	16	Valdejalón	4	Leves	1	05	Trabajadores Autónomos
2007,0	16	Valdejalón	32	Leves	1	06	Especial Agrario Cuenta Ajena
2007,0	16	Valdejalón	5	Leves	1	07	Especial Agrario Cuenta Propia
2007,0	17	D.C. Zaragoza	13483	Leves	1	01	General
2007,0	17	D.C. Zaragoza	74	Leves	1	05	Trabajadores Autónomos
2007,0	17	D.C. Zaragoza	37	Leves	1	06	Especial Agrario Cuenta Ajena
2007,0	17	D.C. Zaragoza	12	Leves	1	07	Especial Agrario Cuenta Propia
2007,0	17	D.C. Zaragoza	1	Leves	1	09	Especial Minería del Carbón
2007,0	18	Ribera Baja del Ebro	163	Leves	1	01	General
2007,0	18	Ribera Baja del Ebro	1	Leves	1	05	Trabajadores Autónomos
2007,0	18	Ribera Baja del Ebro	7	Leves	1	06	Especial Agrario Cuenta Ajena
2007,0	19	Bajo Aragón-Caspe / Baix Aragó-Casp	136	Leves	1	01	General
2007,0	19	Bajo Aragón-Caspe / Baix Aragó-Casp	37	Leves	1	06	Especial Agrario Cuenta Ajena
2007,0	19	Bajo Aragón-Caspe / Baix Aragó-Casp	3	Leves	1	07	Especial Agrario Cuenta Propia
2007,0	20	Comunidad de Calatayud	551	Leves	1	01	General
2007,0	20	Comunidad de Calatayud	3	Leves	1	05	Trabajadores Autónomos
2007,0	20	Comunidad de Calatayud	6	Leves	1	06	Especial Agrario Cuenta Ajena
2007,0	20	Comunidad de Calatayud	19	Leves	1	07	Especial Agrario Cuenta Propia
2007,0	21	Campo de Cariñena	193	Leves	1	01	General
2007,0	21	Campo de Cariñena	10	Leves	1	06	Especial Agrario Cuenta Ajena
2007,0	21	Campo de Cariñena	6	Leves	1	07	Especial Agrario Cuenta Propia
2007,0	22	Campo de Belchite	36	Leves	1	01	General
2007,0	22	Campo de Belchite	1	Leves	1	07	Especial Agrario Cuenta Propia
2007,0	23	Bajo Martín	156	Leves	1	01	General
2007,0	23	Bajo Martín	3	Leves	1	06	Especial Agrario Cuenta Ajena
2007,0	23	Bajo Martín	4	Leves	1	07	Especial Agrario Cuenta Propia
2007,0	24	Campo de Daroca	69	Leves	1	01	General
2007,0	24	Campo de Daroca	1	Leves	1	05	Trabajadores Autónomos
2007,0	24	Campo de Daroca	2	Leves	1	06	Especial Agrario Cuenta Ajena
2007,0	24	Campo de Daroca	1	Leves	1	07	Especial Agrario Cuenta Propia
2007,0	25	Jiloca	187	Leves	1	01	General
2007,0	25	Jiloca	4	Leves	1	07	Especial Agrario Cuenta Propia
2007,0	26	Cuencas Mineras	180	Leves	1	01	General
2007,0	26	Cuencas Mineras	1	Leves	1	05	Trabajadores Autónomos
2007,0	26	Cuencas Mineras	1	Leves	1	06	Especial Agrario Cuenta Ajena
2007,0	27	Andorra-Sierra de Arcos	158	Leves	1	01	General
2007,0	27	Andorra-Sierra de Arcos	1	Leves	1	07	Especial Agrario Cuenta Propia
2007,0	27	Andorra-Sierra de Arcos	169	Leves	1	09	Especial Minería del Carbón
2007,0	28	Bajo Aragón	445	Leves	1	01	General
2007,0	28	Bajo Aragón	1	Leves	1	05	Trabajadores Autónomos
2007,0	28	Bajo Aragón	16	Leves	1	06	Especial Agrario Cuenta Ajena
2007,0	28	Bajo Aragón	4	Leves	1	07	Especial Agrario Cuenta Propia
2007,0	29	Comunidad de Teruel	617	Leves	1	01	General
2007,0	29	Comunidad de Teruel	10	Leves	1	05	Trabajadores Autónomos
2007,0	29	Comunidad de Teruel	4	Leves	1	06	Especial Agrario Cuenta Ajena
2007,0	29	Comunidad de Teruel	7	Leves	1	07	Especial Agrario Cuenta Propia
2007,0	30	Maestrazgo	25	Leves	1	01	General
2007,0	30	Maestrazgo	4	Leves	1	06	Especial Agrario Cuenta Ajena
2007,0	30	Maestrazgo	2	Leves	1	07	Especial Agrario Cuenta Propia
2007,0	31	Sierra de Albarracín	25	Leves	1	01	General
2007,0	31	Sierra de Albarracín	3	Leves	1	06	Especial Agrario Cuenta Ajena
2007,0	31	Sierra de Albarracín	2	Leves	1	07	Especial Agrario Cuenta Propia
2007,0	32	Gúdar-Javalambre	94	Leves	1	01	General
2007,0	32	Gúdar-Javalambre	4	Leves	1	05	Trabajadores Autónomos
2007,0	32	Gúdar-Javalambre	1	Leves	1	06	Especial Agrario Cuenta Ajena
2007,0	32	Gúdar-Javalambre	2	Leves	1	07	Especial Agrario Cuenta Propia
2007,0	32	Gúdar-Javalambre	1	Leves	1	09	Especial Minería del Carbón
2007,0	33	Matarraña / Matarranya	68	Leves	1	01	General
2007,0	33	Matarraña / Matarranya	1	Leves	1	05	Trabajadores Autónomos
2007,0	33	Matarraña / Matarranya	2	Leves	1	06	Especial Agrario Cuenta Ajena
2007,0	33	Matarraña / Matarranya	6	Leves	1	07	Especial Agrario Cuenta Propia
2007,0	NC	Municipio del centro de trabajo fuera de Aragón	289	Leves	1	01	General
2007,0	NC	Municipio del centro de trabajo fuera de Aragón	4	Leves	1	06	Especial Agrario Cuenta Ajena
2006,0	01	La Jacetania	300	Leves	1	01	General
2006,0	01	La Jacetania	4	Leves	1	05	Trabajadores Autónomos
2006,0	01	La Jacetania	2	Leves	1	06	Especial Agrario Cuenta Ajena
2006,0	01	La Jacetania	2	Leves	1	07	Especial Agrario Cuenta Propia
2006,0	02	Alto Gállego	265	Leves	1	01	General
2006,0	02	Alto Gállego	2	Leves	1	06	Especial Agrario Cuenta Ajena
2006,0	03	Sobrarbe	65	Leves	1	01	General
2006,0	04	La Ribagorza	172	Leves	1	01	General
2006,0	04	La Ribagorza	1	Leves	1	05	Trabajadores Autónomos
2006,0	04	La Ribagorza	2	Leves	1	06	Especial Agrario Cuenta Ajena
2006,0	04	La Ribagorza	1	Leves	1	07	Especial Agrario Cuenta Propia
2006,0	05	Cinco Villas	615	Leves	1	01	General
2006,0	05	Cinco Villas	1	Leves	1	05	Trabajadores Autónomos
2006,0	05	Cinco Villas	23	Leves	1	06	Especial Agrario Cuenta Ajena
2006,0	05	Cinco Villas	6	Leves	1	07	Especial Agrario Cuenta Propia
2006,0	06	Hoya de Huesca / Plana de Uesca	1209	Leves	1	01	General
2006,0	06	Hoya de Huesca / Plana de Uesca	3	Leves	1	05	Trabajadores Autónomos
2006,0	06	Hoya de Huesca / Plana de Uesca	9	Leves	1	06	Especial Agrario Cuenta Ajena
2006,0	06	Hoya de Huesca / Plana de Uesca	1	Leves	1	07	Especial Agrario Cuenta Propia
2006,0	07	Somontano de Barbastro	378	Leves	1	01	General
2006,0	07	Somontano de Barbastro	10	Leves	1	06	Especial Agrario Cuenta Ajena
2006,0	07	Somontano de Barbastro	2	Leves	1	07	Especial Agrario Cuenta Propia
2006,0	08	Cinca Medio	424	Leves	1	01	General
2006,0	08	Cinca Medio	3	Leves	1	05	Trabajadores Autónomos
2006,0	08	Cinca Medio	6	Leves	1	06	Especial Agrario Cuenta Ajena
2006,0	09	La Litera / La Llitera	316	Leves	1	01	General
2006,0	09	La Litera / La Llitera	1	Leves	1	05	Trabajadores Autónomos
2006,0	09	La Litera / La Llitera	6	Leves	1	06	Especial Agrario Cuenta Ajena
2006,0	10	Los Monegros	155	Leves	1	01	General
2006,0	10	Los Monegros	1	Leves	1	05	Trabajadores Autónomos
2006,0	10	Los Monegros	6	Leves	1	06	Especial Agrario Cuenta Ajena
2006,0	11	Bajo Cinca / Baix Cinca	396	Leves	1	01	General
2006,0	11	Bajo Cinca / Baix Cinca	2	Leves	1	05	Trabajadores Autónomos
2006,0	11	Bajo Cinca / Baix Cinca	54	Leves	1	06	Especial Agrario Cuenta Ajena
2006,0	11	Bajo Cinca / Baix Cinca	4	Leves	1	09	Especial Minería del Carbón
2006,0	12	Tarazona y el Moncayo	275	Leves	1	01	General
2006,0	12	Tarazona y el Moncayo	1	Leves	1	05	Trabajadores Autónomos
2006,0	12	Tarazona y el Moncayo	2	Leves	1	07	Especial Agrario Cuenta Propia
2006,0	13	Campo de Borja	340	Leves	1	01	General
2006,0	13	Campo de Borja	2	Leves	1	05	Trabajadores Autónomos
2006,0	13	Campo de Borja	7	Leves	1	06	Especial Agrario Cuenta Ajena
2006,0	13	Campo de Borja	6	Leves	1	07	Especial Agrario Cuenta Propia
2006,0	14	Aranda	68	Leves	1	01	General
2006,0	14	Aranda	1	Leves	1	07	Especial Agrario Cuenta Propia
2006,0	15	Ribera Alta del Ebro	996	Leves	1	01	General
2006,0	15	Ribera Alta del Ebro	4	Leves	1	05	Trabajadores Autónomos
2006,0	15	Ribera Alta del Ebro	9	Leves	1	06	Especial Agrario Cuenta Ajena
2006,0	15	Ribera Alta del Ebro	2	Leves	1	07	Especial Agrario Cuenta Propia
2006,0	16	Valdejalón	756	Leves	1	01	General
2006,0	16	Valdejalón	3	Leves	1	05	Trabajadores Autónomos
2006,0	16	Valdejalón	49	Leves	1	06	Especial Agrario Cuenta Ajena
2006,0	16	Valdejalón	20	Leves	1	07	Especial Agrario Cuenta Propia
2006,0	17	D.C. Zaragoza	12658	Leves	1	01	General
2006,0	17	D.C. Zaragoza	63	Leves	1	05	Trabajadores Autónomos
2006,0	17	D.C. Zaragoza	42	Leves	1	06	Especial Agrario Cuenta Ajena
2006,0	17	D.C. Zaragoza	9	Leves	1	07	Especial Agrario Cuenta Propia
2006,0	18	Ribera Baja del Ebro	148	Leves	1	01	General
2006,0	18	Ribera Baja del Ebro	1	Leves	1	05	Trabajadores Autónomos
2006,0	18	Ribera Baja del Ebro	11	Leves	1	06	Especial Agrario Cuenta Ajena
2006,0	18	Ribera Baja del Ebro	2	Leves	1	07	Especial Agrario Cuenta Propia
2006,0	19	Bajo Aragón-Caspe / Baix Aragó-Casp	168	Leves	1	01	General
2006,0	19	Bajo Aragón-Caspe / Baix Aragó-Casp	22	Leves	1	06	Especial Agrario Cuenta Ajena
2006,0	19	Bajo Aragón-Caspe / Baix Aragó-Casp	7	Leves	1	07	Especial Agrario Cuenta Propia
2006,0	20	Comunidad de Calatayud	414	Leves	1	01	General
2006,0	20	Comunidad de Calatayud	1	Leves	1	05	Trabajadores Autónomos
2006,0	20	Comunidad de Calatayud	7	Leves	1	06	Especial Agrario Cuenta Ajena
2006,0	20	Comunidad de Calatayud	20	Leves	1	07	Especial Agrario Cuenta Propia
2006,0	21	Campo de Cariñena	223	Leves	1	01	General
2006,0	21	Campo de Cariñena	3	Leves	1	05	Trabajadores Autónomos
2006,0	21	Campo de Cariñena	11	Leves	1	06	Especial Agrario Cuenta Ajena
2006,0	21	Campo de Cariñena	14	Leves	1	07	Especial Agrario Cuenta Propia
2006,0	22	Campo de Belchite	43	Leves	1	01	General
2006,0	22	Campo de Belchite	3	Leves	1	05	Trabajadores Autónomos
2006,0	22	Campo de Belchite	1	Leves	1	07	Especial Agrario Cuenta Propia
2006,0	23	Bajo Martín	110	Leves	1	01	General
2006,0	23	Bajo Martín	2	Leves	1	07	Especial Agrario Cuenta Propia
2006,0	24	Campo de Daroca	41	Leves	1	01	General
2006,0	25	Jiloca	172	Leves	1	01	General
2006,0	25	Jiloca	1	Leves	1	05	Trabajadores Autónomos
2006,0	25	Jiloca	1	Leves	1	06	Especial Agrario Cuenta Ajena
2006,0	25	Jiloca	5	Leves	1	07	Especial Agrario Cuenta Propia
2006,0	26	Cuencas Mineras	158	Leves	1	01	General
2006,0	26	Cuencas Mineras	1	Leves	1	05	Trabajadores Autónomos
2006,0	26	Cuencas Mineras	1	Leves	1	06	Especial Agrario Cuenta Ajena
2006,0	26	Cuencas Mineras	1	Leves	1	07	Especial Agrario Cuenta Propia
2006,0	27	Andorra-Sierra de Arcos	141	Leves	1	01	General
2006,0	27	Andorra-Sierra de Arcos	1	Leves	1	05	Trabajadores Autónomos
2006,0	27	Andorra-Sierra de Arcos	1	Leves	1	06	Especial Agrario Cuenta Ajena
2006,0	27	Andorra-Sierra de Arcos	142	Leves	1	09	Especial Minería del Carbón
2006,0	28	Bajo Aragón	430	Leves	1	01	General
2006,0	28	Bajo Aragón	2	Leves	1	05	Trabajadores Autónomos
2006,0	28	Bajo Aragón	7	Leves	1	06	Especial Agrario Cuenta Ajena
2006,0	28	Bajo Aragón	13	Leves	1	07	Especial Agrario Cuenta Propia
2006,0	28	Bajo Aragón	1	Leves	1	09	Especial Minería del Carbón
2006,0	29	Comunidad de Teruel	527	Leves	1	01	General
2006,0	29	Comunidad de Teruel	6	Leves	1	05	Trabajadores Autónomos
2006,0	29	Comunidad de Teruel	4	Leves	1	06	Especial Agrario Cuenta Ajena
2006,0	29	Comunidad de Teruel	6	Leves	1	07	Especial Agrario Cuenta Propia
2006,0	30	Maestrazgo	19	Leves	1	01	General
2006,0	30	Maestrazgo	2	Leves	1	05	Trabajadores Autónomos
2006,0	30	Maestrazgo	2	Leves	1	06	Especial Agrario Cuenta Ajena
2006,0	30	Maestrazgo	1	Leves	1	07	Especial Agrario Cuenta Propia
2006,0	31	Sierra de Albarracín	21	Leves	1	01	General
2006,0	31	Sierra de Albarracín	2	Leves	1	05	Trabajadores Autónomos
2006,0	31	Sierra de Albarracín	1	Leves	1	06	Especial Agrario Cuenta Ajena
2006,0	32	Gúdar-Javalambre	94	Leves	1	01	General
2006,0	32	Gúdar-Javalambre	3	Leves	1	05	Trabajadores Autónomos
2006,0	32	Gúdar-Javalambre	1	Leves	1	06	Especial Agrario Cuenta Ajena
2006,0	32	Gúdar-Javalambre	1	Leves	1	07	Especial Agrario Cuenta Propia
2006,0	33	Matarraña / Matarranya	78	Leves	1	01	General
2006,0	33	Matarraña / Matarranya	3	Leves	1	06	Especial Agrario Cuenta Ajena
2006,0	33	Matarraña / Matarranya	5	Leves	1	07	Especial Agrario Cuenta Propia
2006,0	NC	Municipio del centro de trabajo fuera de Aragón	282	Leves	1	01	General
2006,0	NC	Municipio del centro de trabajo fuera de Aragón	1	Leves	1	06	Especial Agrario Cuenta Ajena
2005,0	01	La Jacetania	330	Leves	1	01	General
2005,0	01	La Jacetania	2	Leves	1	05	Trabajadores Autónomos
2005,0	01	La Jacetania	6	Leves	1	06	Especial Agrario Cuenta Ajena
2005,0	02	Alto Gállego	229	Leves	1	01	General
2005,0	02	Alto Gállego	1	Leves	1	05	Trabajadores Autónomos
2005,0	02	Alto Gállego	1	Leves	1	06	Especial Agrario Cuenta Ajena
2005,0	03	Sobrarbe	68	Leves	1	01	General
2005,0	03	Sobrarbe	1	Leves	1	05	Trabajadores Autónomos
2005,0	03	Sobrarbe	1	Leves	1	07	Especial Agrario Cuenta Propia
2005,0	04	La Ribagorza	125	Leves	1	01	General
2005,0	04	La Ribagorza	3	Leves	1	05	Trabajadores Autónomos
2005,0	04	La Ribagorza	2	Leves	1	07	Especial Agrario Cuenta Propia
2005,0	05	Cinco Villas	644	Leves	1	01	General
2005,0	05	Cinco Villas	5	Leves	1	05	Trabajadores Autónomos
2005,0	05	Cinco Villas	31	Leves	1	06	Especial Agrario Cuenta Ajena
2005,0	05	Cinco Villas	3	Leves	1	07	Especial Agrario Cuenta Propia
2005,0	06	Hoya de Huesca / Plana de Uesca	1113	Leves	1	01	General
2005,0	06	Hoya de Huesca / Plana de Uesca	5	Leves	1	05	Trabajadores Autónomos
2005,0	06	Hoya de Huesca / Plana de Uesca	13	Leves	1	06	Especial Agrario Cuenta Ajena
2005,0	06	Hoya de Huesca / Plana de Uesca	3	Leves	1	07	Especial Agrario Cuenta Propia
2005,0	07	Somontano de Barbastro	314	Leves	1	01	General
2005,0	07	Somontano de Barbastro	5	Leves	1	05	Trabajadores Autónomos
2005,0	07	Somontano de Barbastro	10	Leves	1	06	Especial Agrario Cuenta Ajena
2005,0	08	Cinca Medio	349	Leves	1	01	General
2005,0	08	Cinca Medio	1	Leves	1	05	Trabajadores Autónomos
2005,0	08	Cinca Medio	2	Leves	1	06	Especial Agrario Cuenta Ajena
2005,0	09	La Litera / La Llitera	302	Leves	1	01	General
2005,0	09	La Litera / La Llitera	13	Leves	1	06	Especial Agrario Cuenta Ajena
2005,0	10	Los Monegros	174	Leves	1	01	General
2005,0	10	Los Monegros	3	Leves	1	05	Trabajadores Autónomos
2005,0	10	Los Monegros	8	Leves	1	06	Especial Agrario Cuenta Ajena
2005,0	10	Los Monegros	1	Leves	1	07	Especial Agrario Cuenta Propia
2005,0	11	Bajo Cinca / Baix Cinca	323	Leves	1	01	General
2005,0	11	Bajo Cinca / Baix Cinca	1	Leves	1	05	Trabajadores Autónomos
2005,0	11	Bajo Cinca / Baix Cinca	33	Leves	1	06	Especial Agrario Cuenta Ajena
2005,0	11	Bajo Cinca / Baix Cinca	1	Leves	1	07	Especial Agrario Cuenta Propia
2005,0	11	Bajo Cinca / Baix Cinca	2	Leves	1	09	Especial Minería del Carbón
2005,0	12	Tarazona y el Moncayo	189	Leves	1	01	General
2005,0	12	Tarazona y el Moncayo	1	Leves	1	05	Trabajadores Autónomos
2005,0	12	Tarazona y el Moncayo	4	Leves	1	06	Especial Agrario Cuenta Ajena
2005,0	12	Tarazona y el Moncayo	1	Leves	1	07	Especial Agrario Cuenta Propia
2005,0	13	Campo de Borja	383	Leves	1	01	General
2005,0	13	Campo de Borja	3	Leves	1	05	Trabajadores Autónomos
2005,0	13	Campo de Borja	2	Leves	1	06	Especial Agrario Cuenta Ajena
2005,0	13	Campo de Borja	3	Leves	1	07	Especial Agrario Cuenta Propia
2005,0	14	Aranda	41	Leves	1	01	General
2005,0	14	Aranda	2	Leves	1	06	Especial Agrario Cuenta Ajena
2005,0	14	Aranda	3	Leves	1	07	Especial Agrario Cuenta Propia
2005,0	15	Ribera Alta del Ebro	796	Leves	1	01	General
2005,0	15	Ribera Alta del Ebro	3	Leves	1	05	Trabajadores Autónomos
2005,0	15	Ribera Alta del Ebro	7	Leves	1	06	Especial Agrario Cuenta Ajena
2005,0	16	Valdejalón	702	Leves	1	01	General
2005,0	16	Valdejalón	1	Leves	1	05	Trabajadores Autónomos
2005,0	16	Valdejalón	54	Leves	1	06	Especial Agrario Cuenta Ajena
2005,0	16	Valdejalón	14	Leves	1	07	Especial Agrario Cuenta Propia
2005,0	17	D.C. Zaragoza	12080	Leves	1	01	General
2005,0	17	D.C. Zaragoza	37	Leves	1	05	Trabajadores Autónomos
2005,0	17	D.C. Zaragoza	44	Leves	1	06	Especial Agrario Cuenta Ajena
2005,0	17	D.C. Zaragoza	3	Leves	1	07	Especial Agrario Cuenta Propia
2005,0	17	D.C. Zaragoza	1	Leves	1	09	Especial Minería del Carbón
2005,0	18	Ribera Baja del Ebro	123	Leves	1	01	General
2005,0	18	Ribera Baja del Ebro	1	Leves	1	05	Trabajadores Autónomos
2005,0	18	Ribera Baja del Ebro	10	Leves	1	06	Especial Agrario Cuenta Ajena
2005,0	19	Bajo Aragón-Caspe / Baix Aragó-Casp	185	Leves	1	01	General
2005,0	19	Bajo Aragón-Caspe / Baix Aragó-Casp	28	Leves	1	06	Especial Agrario Cuenta Ajena
2005,0	19	Bajo Aragón-Caspe / Baix Aragó-Casp	7	Leves	1	07	Especial Agrario Cuenta Propia
2005,0	20	Comunidad de Calatayud	391	Leves	1	01	General
2005,0	20	Comunidad de Calatayud	4	Leves	1	05	Trabajadores Autónomos
2005,0	20	Comunidad de Calatayud	6	Leves	1	06	Especial Agrario Cuenta Ajena
2005,0	20	Comunidad de Calatayud	16	Leves	1	07	Especial Agrario Cuenta Propia
2005,0	21	Campo de Cariñena	189	Leves	1	01	General
2005,0	21	Campo de Cariñena	17	Leves	1	06	Especial Agrario Cuenta Ajena
2005,0	21	Campo de Cariñena	2	Leves	1	07	Especial Agrario Cuenta Propia
2005,0	22	Campo de Belchite	42	Leves	1	01	General
2005,0	22	Campo de Belchite	1	Leves	1	06	Especial Agrario Cuenta Ajena
2005,0	22	Campo de Belchite	1	Leves	1	07	Especial Agrario Cuenta Propia
2005,0	23	Bajo Martín	123	Leves	1	01	General
2005,0	23	Bajo Martín	1	Leves	1	05	Trabajadores Autónomos
2005,0	23	Bajo Martín	1	Leves	1	06	Especial Agrario Cuenta Ajena
2005,0	23	Bajo Martín	1	Leves	1	07	Especial Agrario Cuenta Propia
2005,0	24	Campo de Daroca	54	Leves	1	01	General
2005,0	24	Campo de Daroca	1	Leves	1	06	Especial Agrario Cuenta Ajena
2005,0	24	Campo de Daroca	4	Leves	1	07	Especial Agrario Cuenta Propia
2005,0	25	Jiloca	183	Leves	1	01	General
2005,0	25	Jiloca	2	Leves	1	05	Trabajadores Autónomos
2005,0	25	Jiloca	1	Leves	1	06	Especial Agrario Cuenta Ajena
2005,0	25	Jiloca	4	Leves	1	07	Especial Agrario Cuenta Propia
2005,0	26	Cuencas Mineras	167	Leves	1	01	General
2005,0	26	Cuencas Mineras	2	Leves	1	05	Trabajadores Autónomos
2005,0	26	Cuencas Mineras	1	Leves	1	07	Especial Agrario Cuenta Propia
2005,0	27	Andorra-Sierra de Arcos	103	Leves	1	01	General
2005,0	27	Andorra-Sierra de Arcos	1	Leves	1	05	Trabajadores Autónomos
2005,0	27	Andorra-Sierra de Arcos	1	Leves	1	06	Especial Agrario Cuenta Ajena
2005,0	27	Andorra-Sierra de Arcos	112	Leves	1	09	Especial Minería del Carbón
2005,0	28	Bajo Aragón	419	Leves	1	01	General
2005,0	28	Bajo Aragón	3	Leves	1	05	Trabajadores Autónomos
2005,0	28	Bajo Aragón	6	Leves	1	06	Especial Agrario Cuenta Ajena
2005,0	28	Bajo Aragón	5	Leves	1	07	Especial Agrario Cuenta Propia
2005,0	29	Comunidad de Teruel	538	Leves	1	01	General
2005,0	29	Comunidad de Teruel	5	Leves	1	05	Trabajadores Autónomos
2005,0	29	Comunidad de Teruel	7	Leves	1	06	Especial Agrario Cuenta Ajena
2005,0	29	Comunidad de Teruel	11	Leves	1	07	Especial Agrario Cuenta Propia
2005,0	30	Maestrazgo	27	Leves	1	01	General
2005,0	30	Maestrazgo	1	Leves	1	05	Trabajadores Autónomos
2005,0	30	Maestrazgo	1	Leves	1	06	Especial Agrario Cuenta Ajena
2005,0	30	Maestrazgo	1	Leves	1	07	Especial Agrario Cuenta Propia
2005,0	31	Sierra de Albarracín	17	Leves	1	01	General
2005,0	31	Sierra de Albarracín	2	Leves	1	06	Especial Agrario Cuenta Ajena
2005,0	31	Sierra de Albarracín	1	Leves	1	07	Especial Agrario Cuenta Propia
2005,0	32	Gúdar-Javalambre	94	Leves	1	01	General
2005,0	32	Gúdar-Javalambre	2	Leves	1	05	Trabajadores Autónomos
2005,0	32	Gúdar-Javalambre	1	Leves	1	06	Especial Agrario Cuenta Ajena
2005,0	32	Gúdar-Javalambre	1	Leves	1	07	Especial Agrario Cuenta Propia
2005,0	33	Matarraña / Matarranya	68	Leves	1	01	General
2005,0	33	Matarraña / Matarranya	9	Leves	1	06	Especial Agrario Cuenta Ajena
2005,0	33	Matarraña / Matarranya	1	Leves	1	07	Especial Agrario Cuenta Propia
2005,0	NC	Municipio del centro de trabajo fuera de Aragón	243	Leves	1	01	General
2005,0	NC	Municipio del centro de trabajo fuera de Aragón	5	Leves	1	06	Especial Agrario Cuenta Ajena
2005,0	NC	Municipio del centro de trabajo fuera de Aragón	1	Leves	1	09	Especial Minería del Carbón
2004,0	01	La Jacetania	257	Leves	1	01	General
2004,0	01	La Jacetania	1	Leves	1	05	Trabajadores Autónomos
2004,0	01	La Jacetania	1	Leves	1	06	Especial Agrario Cuenta Ajena
2004,0	01	La Jacetania	1	Leves	1	07	Especial Agrario Cuenta Propia
2004,0	02	Alto Gállego	189	Leves	1	01	General
2004,0	03	Sobrarbe	43	Leves	1	01	General
2004,0	03	Sobrarbe	1	Leves	1	05	Trabajadores Autónomos
2004,0	04	La Ribagorza	159	Leves	1	01	General
2004,0	04	La Ribagorza	3	Leves	1	06	Especial Agrario Cuenta Ajena
2004,0	04	La Ribagorza	1	Leves	1	07	Especial Agrario Cuenta Propia
2004,0	05	Cinco Villas	538	Leves	1	01	General
2004,0	05	Cinco Villas	3	Leves	1	05	Trabajadores Autónomos
2004,0	05	Cinco Villas	18	Leves	1	06	Especial Agrario Cuenta Ajena
2004,0	05	Cinco Villas	5	Leves	1	07	Especial Agrario Cuenta Propia
2004,0	06	Hoya de Huesca / Plana de Uesca	992	Leves	1	01	General
2004,0	06	Hoya de Huesca / Plana de Uesca	4	Leves	1	05	Trabajadores Autónomos
2004,0	06	Hoya de Huesca / Plana de Uesca	13	Leves	1	06	Especial Agrario Cuenta Ajena
2004,0	07	Somontano de Barbastro	333	Leves	1	01	General
2004,0	07	Somontano de Barbastro	1	Leves	1	05	Trabajadores Autónomos
2004,0	07	Somontano de Barbastro	21	Leves	1	06	Especial Agrario Cuenta Ajena
2004,0	07	Somontano de Barbastro	3	Leves	1	07	Especial Agrario Cuenta Propia
2004,0	08	Cinca Medio	325	Leves	1	01	General
2004,0	08	Cinca Medio	1	Leves	1	05	Trabajadores Autónomos
2004,0	08	Cinca Medio	7	Leves	1	06	Especial Agrario Cuenta Ajena
2004,0	09	La Litera / La Llitera	281	Leves	1	01	General
2004,0	09	La Litera / La Llitera	1	Leves	1	05	Trabajadores Autónomos
2004,0	09	La Litera / La Llitera	14	Leves	1	06	Especial Agrario Cuenta Ajena
2004,0	09	La Litera / La Llitera	2	Leves	1	07	Especial Agrario Cuenta Propia
2004,0	10	Los Monegros	163	Leves	1	01	General
2004,0	10	Los Monegros	9	Leves	1	06	Especial Agrario Cuenta Ajena
2004,0	10	Los Monegros	1	Leves	1	07	Especial Agrario Cuenta Propia
2004,0	11	Bajo Cinca / Baix Cinca	275	Leves	1	01	General
2004,0	11	Bajo Cinca / Baix Cinca	1	Leves	1	05	Trabajadores Autónomos
2004,0	11	Bajo Cinca / Baix Cinca	27	Leves	1	06	Especial Agrario Cuenta Ajena
2004,0	11	Bajo Cinca / Baix Cinca	1	Leves	1	07	Especial Agrario Cuenta Propia
2004,0	11	Bajo Cinca / Baix Cinca	2	Leves	1	09	Especial Minería del Carbón
2004,0	12	Tarazona y el Moncayo	253	Leves	1	01	General
2004,0	12	Tarazona y el Moncayo	3	Leves	1	06	Especial Agrario Cuenta Ajena
2004,0	13	Campo de Borja	306	Leves	1	01	General
2004,0	13	Campo de Borja	1	Leves	1	05	Trabajadores Autónomos
2004,0	13	Campo de Borja	1	Leves	1	06	Especial Agrario Cuenta Ajena
2004,0	13	Campo de Borja	5	Leves	1	07	Especial Agrario Cuenta Propia
2004,0	14	Aranda	73	Leves	1	01	General
2004,0	14	Aranda	1	Leves	1	07	Especial Agrario Cuenta Propia
2004,0	15	Ribera Alta del Ebro	864	Leves	1	01	General
2004,0	15	Ribera Alta del Ebro	3	Leves	1	05	Trabajadores Autónomos
2004,0	15	Ribera Alta del Ebro	12	Leves	1	06	Especial Agrario Cuenta Ajena
2004,0	15	Ribera Alta del Ebro	5	Leves	1	07	Especial Agrario Cuenta Propia
2004,0	16	Valdejalón	600	Leves	1	01	General
2004,0	16	Valdejalón	32	Leves	1	06	Especial Agrario Cuenta Ajena
2004,0	16	Valdejalón	10	Leves	1	07	Especial Agrario Cuenta Propia
2004,0	17	D.C. Zaragoza	11552	Leves	1	01	General
2004,0	17	D.C. Zaragoza	36	Leves	1	05	Trabajadores Autónomos
2004,0	17	D.C. Zaragoza	39	Leves	1	06	Especial Agrario Cuenta Ajena
2004,0	17	D.C. Zaragoza	2	Leves	1	07	Especial Agrario Cuenta Propia
2004,0	17	D.C. Zaragoza	2	Leves	1	09	Especial Minería del Carbón
2004,0	18	Ribera Baja del Ebro	107	Leves	1	01	General
2004,0	18	Ribera Baja del Ebro	2	Leves	1	05	Trabajadores Autónomos
2004,0	18	Ribera Baja del Ebro	4	Leves	1	06	Especial Agrario Cuenta Ajena
2004,0	18	Ribera Baja del Ebro	1	Leves	1	07	Especial Agrario Cuenta Propia
2004,0	19	Bajo Aragón-Caspe / Baix Aragó-Casp	207	Leves	1	01	General
2004,0	19	Bajo Aragón-Caspe / Baix Aragó-Casp	20	Leves	1	06	Especial Agrario Cuenta Ajena
2004,0	19	Bajo Aragón-Caspe / Baix Aragó-Casp	3	Leves	1	07	Especial Agrario Cuenta Propia
2004,0	20	Comunidad de Calatayud	478	Leves	1	01	General
2004,0	20	Comunidad de Calatayud	1	Leves	1	05	Trabajadores Autónomos
2004,0	20	Comunidad de Calatayud	4	Leves	1	06	Especial Agrario Cuenta Ajena
2004,0	20	Comunidad de Calatayud	16	Leves	1	07	Especial Agrario Cuenta Propia
2004,0	21	Campo de Cariñena	158	Leves	1	01	General
2004,0	21	Campo de Cariñena	12	Leves	1	06	Especial Agrario Cuenta Ajena
2004,0	21	Campo de Cariñena	8	Leves	1	07	Especial Agrario Cuenta Propia
2004,0	22	Campo de Belchite	21	Leves	1	01	General
2004,0	22	Campo de Belchite	4	Leves	1	07	Especial Agrario Cuenta Propia
2004,0	23	Bajo Martín	101	Leves	1	01	General
2004,0	23	Bajo Martín	1	Leves	1	05	Trabajadores Autónomos
2004,0	23	Bajo Martín	1	Leves	1	06	Especial Agrario Cuenta Ajena
2004,0	24	Campo de Daroca	48	Leves	1	01	General
2004,0	24	Campo de Daroca	2	Leves	1	06	Especial Agrario Cuenta Ajena
2004,0	24	Campo de Daroca	1	Leves	1	07	Especial Agrario Cuenta Propia
2004,0	25	Jiloca	165	Leves	1	01	General
2004,0	25	Jiloca	1	Leves	1	06	Especial Agrario Cuenta Ajena
2004,0	25	Jiloca	8	Leves	1	07	Especial Agrario Cuenta Propia
2004,0	26	Cuencas Mineras	122	Leves	1	01	General
2004,0	26	Cuencas Mineras	2	Leves	1	05	Trabajadores Autónomos
2004,0	26	Cuencas Mineras	1	Leves	1	07	Especial Agrario Cuenta Propia
2004,0	27	Andorra-Sierra de Arcos	102	Leves	1	01	General
2004,0	27	Andorra-Sierra de Arcos	2	Leves	1	05	Trabajadores Autónomos
2004,0	27	Andorra-Sierra de Arcos	1	Leves	1	07	Especial Agrario Cuenta Propia
2004,0	27	Andorra-Sierra de Arcos	118	Leves	1	09	Especial Minería del Carbón
2004,0	28	Bajo Aragón	319	Leves	1	01	General
2004,0	28	Bajo Aragón	4	Leves	1	06	Especial Agrario Cuenta Ajena
2004,0	28	Bajo Aragón	4	Leves	1	07	Especial Agrario Cuenta Propia
2004,0	28	Bajo Aragón	1	Leves	1	09	Especial Minería del Carbón
2004,0	29	Comunidad de Teruel	516	Leves	1	01	General
2004,0	29	Comunidad de Teruel	4	Leves	1	05	Trabajadores Autónomos
2004,0	29	Comunidad de Teruel	5	Leves	1	06	Especial Agrario Cuenta Ajena
2004,0	29	Comunidad de Teruel	6	Leves	1	07	Especial Agrario Cuenta Propia
2004,0	30	Maestrazgo	17	Leves	1	01	General
2004,0	30	Maestrazgo	1	Leves	1	05	Trabajadores Autónomos
2004,0	30	Maestrazgo	2	Leves	1	06	Especial Agrario Cuenta Ajena
2004,0	30	Maestrazgo	1	Leves	1	07	Especial Agrario Cuenta Propia
2004,0	31	Sierra de Albarracín	21	Leves	1	01	General
2004,0	31	Sierra de Albarracín	1	Leves	1	05	Trabajadores Autónomos
2004,0	31	Sierra de Albarracín	1	Leves	1	06	Especial Agrario Cuenta Ajena
2004,0	31	Sierra de Albarracín	3	Leves	1	07	Especial Agrario Cuenta Propia
2004,0	32	Gúdar-Javalambre	103	Leves	1	01	General
2004,0	32	Gúdar-Javalambre	1	Leves	1	06	Especial Agrario Cuenta Ajena
2004,0	32	Gúdar-Javalambre	1	Leves	1	07	Especial Agrario Cuenta Propia
2004,0	33	Matarraña / Matarranya	54	Leves	1	01	General
2004,0	33	Matarraña / Matarranya	1	Leves	1	05	Trabajadores Autónomos
2004,0	33	Matarraña / Matarranya	2	Leves	1	06	Especial Agrario Cuenta Ajena
2004,0	33	Matarraña / Matarranya	1	Leves	1	07	Especial Agrario Cuenta Propia
2004,0	NC	Municipio del centro de trabajo fuera de Aragón	238	Leves	1	01	General
2004,0	NC	Municipio del centro de trabajo fuera de Aragón	3	Leves	1	05	Trabajadores Autónomos
2004,0	NC	Municipio del centro de trabajo fuera de Aragón	3	Leves	1	06	Especial Agrario Cuenta Ajena
2003,0	01	La Jacetania	226	Leves	1	01	General
2003,0	01	La Jacetania	3	Leves	1	06	Especial Agrario Cuenta Ajena
2003,0	01	La Jacetania	1	Leves	1	07	Especial Agrario Cuenta Propia
2003,0	02	Alto Gállego	175	Leves	1	01	General
2003,0	03	Sobrarbe	55	Leves	1	01	General
2003,0	03	Sobrarbe	1	Leves	1	07	Especial Agrario Cuenta Propia
2003,0	04	La Ribagorza	135	Leves	1	01	General
2003,0	04	La Ribagorza	1	Leves	1	07	Especial Agrario Cuenta Propia
2003,0	05	Cinco Villas	540	Leves	1	01	General
2003,0	05	Cinco Villas	8	Leves	1	06	Especial Agrario Cuenta Ajena
2003,0	05	Cinco Villas	5	Leves	1	07	Especial Agrario Cuenta Propia
2003,0	06	Hoya de Huesca / Plana de Uesca	1080	Leves	1	01	General
2003,0	06	Hoya de Huesca / Plana de Uesca	5	Leves	1	06	Especial Agrario Cuenta Ajena
2003,0	06	Hoya de Huesca / Plana de Uesca	1	Leves	1	07	Especial Agrario Cuenta Propia
2003,0	07	Somontano de Barbastro	319	Leves	1	01	General
2003,0	07	Somontano de Barbastro	11	Leves	1	06	Especial Agrario Cuenta Ajena
2003,0	07	Somontano de Barbastro	4	Leves	1	07	Especial Agrario Cuenta Propia
2003,0	08	Cinca Medio	336	Leves	1	01	General
2003,0	08	Cinca Medio	3	Leves	1	06	Especial Agrario Cuenta Ajena
2003,0	09	La Litera / La Llitera	290	Leves	1	01	General
2003,0	09	La Litera / La Llitera	10	Leves	1	06	Especial Agrario Cuenta Ajena
2003,0	10	Los Monegros	158	Leves	1	01	General
2003,0	10	Los Monegros	9	Leves	1	06	Especial Agrario Cuenta Ajena
2003,0	11	Bajo Cinca / Baix Cinca	310	Leves	1	01	General
2003,0	11	Bajo Cinca / Baix Cinca	50	Leves	1	06	Especial Agrario Cuenta Ajena
2003,0	11	Bajo Cinca / Baix Cinca	1	Leves	1	07	Especial Agrario Cuenta Propia
2003,0	11	Bajo Cinca / Baix Cinca	1	Leves	1	09	Especial Minería del Carbón
2003,0	12	Tarazona y el Moncayo	322	Leves	1	01	General
2003,0	12	Tarazona y el Moncayo	2	Leves	1	06	Especial Agrario Cuenta Ajena
2003,0	12	Tarazona y el Moncayo	1	Leves	1	07	Especial Agrario Cuenta Propia
2003,0	13	Campo de Borja	321	Leves	1	01	General
2003,0	13	Campo de Borja	3	Leves	1	06	Especial Agrario Cuenta Ajena
2003,0	13	Campo de Borja	5	Leves	1	07	Especial Agrario Cuenta Propia
2003,0	14	Aranda	69	Leves	1	01	General
2003,0	14	Aranda	1	Leves	1	06	Especial Agrario Cuenta Ajena
2003,0	15	Ribera Alta del Ebro	888	Leves	1	01	General
2003,0	15	Ribera Alta del Ebro	10	Leves	1	06	Especial Agrario Cuenta Ajena
2003,0	15	Ribera Alta del Ebro	2	Leves	1	07	Especial Agrario Cuenta Propia
2003,0	16	Valdejalón	522	Leves	1	01	General
2003,0	16	Valdejalón	25	Leves	1	06	Especial Agrario Cuenta Ajena
2003,0	16	Valdejalón	17	Leves	1	07	Especial Agrario Cuenta Propia
2003,0	16	Valdejalón	1	Leves	1	09	Especial Minería del Carbón
2003,0	17	D.C. Zaragoza	11559	Leves	1	01	General
2003,0	17	D.C. Zaragoza	40	Leves	1	06	Especial Agrario Cuenta Ajena
2003,0	17	D.C. Zaragoza	2	Leves	1	07	Especial Agrario Cuenta Propia
2003,0	18	Ribera Baja del Ebro	111	Leves	1	01	General
2003,0	18	Ribera Baja del Ebro	3	Leves	1	06	Especial Agrario Cuenta Ajena
2003,0	18	Ribera Baja del Ebro	4	Leves	1	07	Especial Agrario Cuenta Propia
2003,0	19	Bajo Aragón-Caspe / Baix Aragó-Casp	142	Leves	1	01	General
2003,0	19	Bajo Aragón-Caspe / Baix Aragó-Casp	17	Leves	1	06	Especial Agrario Cuenta Ajena
2003,0	19	Bajo Aragón-Caspe / Baix Aragó-Casp	3	Leves	1	07	Especial Agrario Cuenta Propia
2003,0	20	Comunidad de Calatayud	454	Leves	1	01	General
2003,0	20	Comunidad de Calatayud	7	Leves	1	06	Especial Agrario Cuenta Ajena
2003,0	20	Comunidad de Calatayud	17	Leves	1	07	Especial Agrario Cuenta Propia
2003,0	21	Campo de Cariñena	153	Leves	1	01	General
2003,0	21	Campo de Cariñena	16	Leves	1	06	Especial Agrario Cuenta Ajena
2003,0	21	Campo de Cariñena	3	Leves	1	07	Especial Agrario Cuenta Propia
2003,0	22	Campo de Belchite	26	Leves	1	01	General
2003,0	22	Campo de Belchite	1	Leves	1	07	Especial Agrario Cuenta Propia
2003,0	23	Bajo Martín	117	Leves	1	01	General
2003,0	23	Bajo Martín	2	Leves	1	06	Especial Agrario Cuenta Ajena
2003,0	23	Bajo Martín	3	Leves	1	07	Especial Agrario Cuenta Propia
2003,0	24	Campo de Daroca	47	Leves	1	01	General
2003,0	24	Campo de Daroca	1	Leves	1	06	Especial Agrario Cuenta Ajena
2003,0	24	Campo de Daroca	2	Leves	1	07	Especial Agrario Cuenta Propia
2003,0	25	Jiloca	172	Leves	1	01	General
2003,0	25	Jiloca	1	Leves	1	06	Especial Agrario Cuenta Ajena
2003,0	25	Jiloca	2	Leves	1	07	Especial Agrario Cuenta Propia
2003,0	26	Cuencas Mineras	125	Leves	1	01	General
2003,0	26	Cuencas Mineras	1	Leves	1	07	Especial Agrario Cuenta Propia
2003,0	26	Cuencas Mineras	3	Leves	1	09	Especial Minería del Carbón
2003,0	27	Andorra-Sierra de Arcos	159	Leves	1	01	General
2003,0	27	Andorra-Sierra de Arcos	1	Leves	1	06	Especial Agrario Cuenta Ajena
2003,0	27	Andorra-Sierra de Arcos	112	Leves	1	09	Especial Minería del Carbón
2003,0	28	Bajo Aragón	397	Leves	1	01	General
2003,0	28	Bajo Aragón	3	Leves	1	06	Especial Agrario Cuenta Ajena
2003,0	28	Bajo Aragón	5	Leves	1	07	Especial Agrario Cuenta Propia
2003,0	29	Comunidad de Teruel	592	Leves	1	01	General
2003,0	29	Comunidad de Teruel	3	Leves	1	06	Especial Agrario Cuenta Ajena
2003,0	29	Comunidad de Teruel	4	Leves	1	07	Especial Agrario Cuenta Propia
2003,0	29	Comunidad de Teruel	1	Leves	1	09	Especial Minería del Carbón
2003,0	30	Maestrazgo	8	Leves	1	01	General
2003,0	30	Maestrazgo	1	Leves	1	06	Especial Agrario Cuenta Ajena
2003,0	31	Sierra de Albarracín	14	Leves	1	01	General
2003,0	31	Sierra de Albarracín	1	Leves	1	06	Especial Agrario Cuenta Ajena
2003,0	31	Sierra de Albarracín	1	Leves	1	07	Especial Agrario Cuenta Propia
2003,0	32	Gúdar-Javalambre	70	Leves	1	01	General
2003,0	32	Gúdar-Javalambre	1	Leves	1	06	Especial Agrario Cuenta Ajena
2003,0	32	Gúdar-Javalambre	1	Leves	1	07	Especial Agrario Cuenta Propia
2003,0	33	Matarraña / Matarranya	48	Leves	1	01	General
2003,0	33	Matarraña / Matarranya	3	Leves	1	06	Especial Agrario Cuenta Ajena
2003,0	33	Matarraña / Matarranya	4	Leves	1	07	Especial Agrario Cuenta Propia
2003,0	NC	Municipio del centro de trabajo fuera de Aragón	158	Leves	1	01	General
2019,0	01	La Jacetania	2	Graves o muy graves	2	05	Trabajadores Autónomos
2019,0	02	Alto Gállego	1	Graves o muy graves	2	01	General
2019,0	03	Sobrarbe	2	Graves o muy graves	2	01	General
2019,0	05	Cinco Villas	5	Graves o muy graves	2	01	General
2019,0	06	Hoya de Huesca / Plana de Uesca	7	Graves o muy graves	2	01	General
2019,0	07	Somontano de Barbastro	1	Graves o muy graves	2	01	General
2019,0	08	Cinca Medio	6	Graves o muy graves	2	01	General
2019,0	09	La Litera / La Llitera	4	Graves o muy graves	2	01	General
2019,0	09	La Litera / La Llitera	1	Graves o muy graves	2	05	Trabajadores Autónomos
2019,0	10	Los Monegros	1	Graves o muy graves	2	01	General
2019,0	10	Los Monegros	1	Graves o muy graves	2	05	Trabajadores Autónomos
2019,0	11	Bajo Cinca / Baix Cinca	2	Graves o muy graves	2	01	General
2019,0	11	Bajo Cinca / Baix Cinca	1	Graves o muy graves	2	05	Trabajadores Autónomos
2019,0	13	Campo de Borja	1	Graves o muy graves	2	01	General
2019,0	13	Campo de Borja	1	Graves o muy graves	2	05	Trabajadores Autónomos
2019,0	14	Aranda	1	Graves o muy graves	2	05	Trabajadores Autónomos
2019,0	15	Ribera Alta del Ebro	2	Graves o muy graves	2	01	General
2019,0	15	Ribera Alta del Ebro	1	Graves o muy graves	2	05	Trabajadores Autónomos
2019,0	16	Valdejalón	3	Graves o muy graves	2	01	General
2019,0	17	D.C. Zaragoza	39	Graves o muy graves	2	01	General
2019,0	17	D.C. Zaragoza	4	Graves o muy graves	2	05	Trabajadores Autónomos
2019,0	19	Bajo Aragón-Caspe / Baix Aragó-Casp	1	Graves o muy graves	2	01	General
2019,0	20	Comunidad de Calatayud	2	Graves o muy graves	2	01	General
2019,0	20	Comunidad de Calatayud	1	Graves o muy graves	2	05	Trabajadores Autónomos
2019,0	21	Campo de Cariñena	1	Graves o muy graves	2	01	General
2019,0	23	Bajo Martín	2	Graves o muy graves	2	01	General
2019,0	24	Campo de Daroca	2	Graves o muy graves	2	01	General
2019,0	24	Campo de Daroca	1	Graves o muy graves	2	05	Trabajadores Autónomos
2019,0	26	Cuencas Mineras	1	Graves o muy graves	2	01	General
2019,0	28	Bajo Aragón	2	Graves o muy graves	2	01	General
2019,0	28	Bajo Aragón	1	Graves o muy graves	2	05	Trabajadores Autónomos
2019,0	29	Comunidad de Teruel	3	Graves o muy graves	2	01	General
2019,0	30	Maestrazgo	1	Graves o muy graves	2	01	General
2019,0	31	Sierra de Albarracín	2	Graves o muy graves	2	05	Trabajadores Autónomos
2019,0	32	Gúdar-Javalambre	1	Graves o muy graves	2	01	General
2019,0	NC	Municipio del centro de trabajo fuera de Aragón	1	Graves o muy graves	2	01	General
2015,0	01	La Jacetania	2	Graves o muy graves	2	01	General
2015,0	03	Sobrarbe	1	Graves o muy graves	2	05	Trabajadores Autónomos
2015,0	04	La Ribagorza	3	Graves o muy graves	2	01	General
2015,0	05	Cinco Villas	3	Graves o muy graves	2	01	General
2015,0	06	Hoya de Huesca / Plana de Uesca	4	Graves o muy graves	2	01	General
2015,0	07	Somontano de Barbastro	3	Graves o muy graves	2	01	General
2015,0	08	Cinca Medio	1	Graves o muy graves	2	01	General
2015,0	09	La Litera / La Llitera	2	Graves o muy graves	2	01	General
2015,0	11	Bajo Cinca / Baix Cinca	2	Graves o muy graves	2	01	General
2015,0	12	Tarazona y el Moncayo	1	Graves o muy graves	2	01	General
2015,0	13	Campo de Borja	1	Graves o muy graves	2	01	General
2015,0	14	Aranda	1	Graves o muy graves	2	01	General
2015,0	15	Ribera Alta del Ebro	2	Graves o muy graves	2	01	General
2015,0	16	Valdejalón	4	Graves o muy graves	2	01	General
2015,0	17	D.C. Zaragoza	31	Graves o muy graves	2	01	General
2015,0	17	D.C. Zaragoza	1	Graves o muy graves	2	05	Trabajadores Autónomos
2015,0	18	Ribera Baja del Ebro	1	Graves o muy graves	2	01	General
2015,0	20	Comunidad de Calatayud	3	Graves o muy graves	2	01	General
2015,0	23	Bajo Martín	3	Graves o muy graves	2	01	General
2015,0	25	Jiloca	1	Graves o muy graves	2	01	General
2015,0	26	Cuencas Mineras	1	Graves o muy graves	2	01	General
2015,0	27	Andorra-Sierra de Arcos	1	Graves o muy graves	2	01	General
2015,0	27	Andorra-Sierra de Arcos	1	Graves o muy graves	2	09	Especial Minería del Carbón
2015,0	29	Comunidad de Teruel	4	Graves o muy graves	2	01	General
2015,0	33	Matarraña / Matarranya	1	Graves o muy graves	2	01	General
2015,0	NC	Municipio del centro de trabajo fuera de Aragón	2	Graves o muy graves	2	01	General
2014,0	01	La Jacetania	1	Graves o muy graves	2	01	General
2014,0	01	La Jacetania	1	Graves o muy graves	2	05	Trabajadores Autónomos
2014,0	02	Alto Gállego	2	Graves o muy graves	2	01	General
2014,0	04	La Ribagorza	5	Graves o muy graves	2	01	General
2014,0	05	Cinco Villas	2	Graves o muy graves	2	05	Trabajadores Autónomos
2014,0	06	Hoya de Huesca / Plana de Uesca	5	Graves o muy graves	2	01	General
2014,0	07	Somontano de Barbastro	3	Graves o muy graves	2	01	General
2014,0	07	Somontano de Barbastro	1	Graves o muy graves	2	05	Trabajadores Autónomos
2014,0	08	Cinca Medio	1	Graves o muy graves	2	01	General
2014,0	08	Cinca Medio	1	Graves o muy graves	2	05	Trabajadores Autónomos
2014,0	09	La Litera / La Llitera	3	Graves o muy graves	2	01	General
2014,0	10	Los Monegros	1	Graves o muy graves	2	01	General
2014,0	11	Bajo Cinca / Baix Cinca	2	Graves o muy graves	2	01	General
2014,0	15	Ribera Alta del Ebro	2	Graves o muy graves	2	01	General
2014,0	17	D.C. Zaragoza	30	Graves o muy graves	2	01	General
2014,0	17	D.C. Zaragoza	2	Graves o muy graves	2	05	Trabajadores Autónomos
2014,0	19	Bajo Aragón-Caspe / Baix Aragó-Casp	1	Graves o muy graves	2	05	Trabajadores Autónomos
2014,0	20	Comunidad de Calatayud	1	Graves o muy graves	2	01	General
2014,0	25	Jiloca	3	Graves o muy graves	2	01	General
2014,0	26	Cuencas Mineras	2	Graves o muy graves	2	01	General
2014,0	27	Andorra-Sierra de Arcos	1	Graves o muy graves	2	01	General
2014,0	27	Andorra-Sierra de Arcos	1	Graves o muy graves	2	09	Especial Minería del Carbón
2014,0	28	Bajo Aragón	5	Graves o muy graves	2	01	General
2014,0	29	Comunidad de Teruel	2	Graves o muy graves	2	01	General
2014,0	NC	Municipio del centro de trabajo fuera de Aragón	2	Graves o muy graves	2	01	General
2013,0	01	La Jacetania	5	Graves o muy graves	2	01	General
2013,0	03	Sobrarbe	1	Graves o muy graves	2	01	General
2013,0	04	La Ribagorza	3	Graves o muy graves	2	01	General
2013,0	05	Cinco Villas	2	Graves o muy graves	2	05	Trabajadores Autónomos
2013,0	06	Hoya de Huesca / Plana de Uesca	3	Graves o muy graves	2	01	General
2013,0	08	Cinca Medio	1	Graves o muy graves	2	01	General
2013,0	08	Cinca Medio	2	Graves o muy graves	2	05	Trabajadores Autónomos
2013,0	09	La Litera / La Llitera	2	Graves o muy graves	2	01	General
2013,0	10	Los Monegros	1	Graves o muy graves	2	05	Trabajadores Autónomos
2013,0	15	Ribera Alta del Ebro	6	Graves o muy graves	2	01	General
2013,0	16	Valdejalón	1	Graves o muy graves	2	01	General
2013,0	16	Valdejalón	4	Graves o muy graves	2	05	Trabajadores Autónomos
2013,0	17	D.C. Zaragoza	23	Graves o muy graves	2	01	General
2013,0	18	Ribera Baja del Ebro	1	Graves o muy graves	2	01	General
2013,0	19	Bajo Aragón-Caspe / Baix Aragó-Casp	1	Graves o muy graves	2	01	General
2013,0	21	Campo de Cariñena	1	Graves o muy graves	2	01	General
2013,0	22	Campo de Belchite	2	Graves o muy graves	2	05	Trabajadores Autónomos
2013,0	23	Bajo Martín	1	Graves o muy graves	2	01	General
2013,0	24	Campo de Daroca	1	Graves o muy graves	2	01	General
2013,0	27	Andorra-Sierra de Arcos	1	Graves o muy graves	2	01	General
2013,0	28	Bajo Aragón	2	Graves o muy graves	2	01	General
2013,0	29	Comunidad de Teruel	2	Graves o muy graves	2	01	General
2013,0	NC	Municipio del centro de trabajo fuera de Aragón	6	Graves o muy graves	2	01	General
2012,0	01	La Jacetania	2	Graves o muy graves	2	01	General
2012,0	01	La Jacetania	2	Graves o muy graves	2	05	Trabajadores Autónomos
2012,0	02	Alto Gállego	1	Graves o muy graves	2	01	General
2012,0	04	La Ribagorza	3	Graves o muy graves	2	01	General
2012,0	04	La Ribagorza	1	Graves o muy graves	2	05	Trabajadores Autónomos
2012,0	04	La Ribagorza	1	Graves o muy graves	2	06	Especial Agrario Cuenta Ajena
2012,0	05	Cinco Villas	1	Graves o muy graves	2	01	General
2012,0	06	Hoya de Huesca / Plana de Uesca	5	Graves o muy graves	2	01	General
2012,0	07	Somontano de Barbastro	1	Graves o muy graves	2	01	General
2012,0	08	Cinca Medio	4	Graves o muy graves	2	01	General
2012,0	09	La Litera / La Llitera	3	Graves o muy graves	2	01	General
2012,0	10	Los Monegros	1	Graves o muy graves	2	01	General
2012,0	10	Los Monegros	2	Graves o muy graves	2	05	Trabajadores Autónomos
2012,0	11	Bajo Cinca / Baix Cinca	6	Graves o muy graves	2	01	General
2012,0	11	Bajo Cinca / Baix Cinca	1	Graves o muy graves	2	06	Especial Agrario Cuenta Ajena
2012,0	12	Tarazona y el Moncayo	1	Graves o muy graves	2	01	General
2012,0	15	Ribera Alta del Ebro	1	Graves o muy graves	2	01	General
2012,0	15	Ribera Alta del Ebro	2	Graves o muy graves	2	05	Trabajadores Autónomos
2012,0	16	Valdejalón	1	Graves o muy graves	2	05	Trabajadores Autónomos
2012,0	16	Valdejalón	1	Graves o muy graves	2	06	Especial Agrario Cuenta Ajena
2012,0	17	D.C. Zaragoza	32	Graves o muy graves	2	01	General
2012,0	19	Bajo Aragón-Caspe / Baix Aragó-Casp	1	Graves o muy graves	2	01	General
2012,0	20	Comunidad de Calatayud	1	Graves o muy graves	2	01	General
2012,0	21	Campo de Cariñena	1	Graves o muy graves	2	05	Trabajadores Autónomos
2012,0	22	Campo de Belchite	1	Graves o muy graves	2	05	Trabajadores Autónomos
2012,0	23	Bajo Martín	1	Graves o muy graves	2	01	General
2012,0	26	Cuencas Mineras	2	Graves o muy graves	2	01	General
2012,0	27	Andorra-Sierra de Arcos	2	Graves o muy graves	2	01	General
2012,0	29	Comunidad de Teruel	3	Graves o muy graves	2	01	General
2012,0	29	Comunidad de Teruel	1	Graves o muy graves	2	06	Especial Agrario Cuenta Ajena
2012,0	32	Gúdar-Javalambre	1	Graves o muy graves	2	01	General
2012,0	NC	Municipio del centro de trabajo fuera de Aragón	1	Graves o muy graves	2	01	General
2011,0	01	La Jacetania	2	Graves o muy graves	2	01	General
2011,0	02	Alto Gállego	1	Graves o muy graves	2	01	General
2011,0	02	Alto Gállego	1	Graves o muy graves	2	06	Especial Agrario Cuenta Ajena
2011,0	03	Sobrarbe	1	Graves o muy graves	2	05	Trabajadores Autónomos
2011,0	04	La Ribagorza	1	Graves o muy graves	2	01	General
2011,0	04	La Ribagorza	1	Graves o muy graves	2	07	Especial Agrario Cuenta Propia
2011,0	05	Cinco Villas	2	Graves o muy graves	2	01	General
2011,0	05	Cinco Villas	1	Graves o muy graves	2	05	Trabajadores Autónomos
2011,0	06	Hoya de Huesca / Plana de Uesca	7	Graves o muy graves	2	01	General
2011,0	06	Hoya de Huesca / Plana de Uesca	1	Graves o muy graves	2	05	Trabajadores Autónomos
2011,0	07	Somontano de Barbastro	4	Graves o muy graves	2	01	General
2011,0	07	Somontano de Barbastro	1	Graves o muy graves	2	05	Trabajadores Autónomos
2011,0	08	Cinca Medio	2	Graves o muy graves	2	01	General
2011,0	09	La Litera / La Llitera	2	Graves o muy graves	2	01	General
2011,0	10	Los Monegros	1	Graves o muy graves	2	01	General
2011,0	15	Ribera Alta del Ebro	1	Graves o muy graves	2	01	General
2011,0	16	Valdejalón	2	Graves o muy graves	2	01	General
2011,0	16	Valdejalón	3	Graves o muy graves	2	05	Trabajadores Autónomos
2011,0	17	D.C. Zaragoza	20	Graves o muy graves	2	01	General
2011,0	17	D.C. Zaragoza	3	Graves o muy graves	2	05	Trabajadores Autónomos
2011,0	18	Ribera Baja del Ebro	1	Graves o muy graves	2	01	General
2011,0	20	Comunidad de Calatayud	2	Graves o muy graves	2	01	General
2011,0	21	Campo de Cariñena	1	Graves o muy graves	2	01	General
2011,0	22	Campo de Belchite	1	Graves o muy graves	2	01	General
2011,0	24	Campo de Daroca	2	Graves o muy graves	2	01	General
2011,0	25	Jiloca	2	Graves o muy graves	2	01	General
2011,0	26	Cuencas Mineras	1	Graves o muy graves	2	01	General
2011,0	28	Bajo Aragón	1	Graves o muy graves	2	01	General
2011,0	28	Bajo Aragón	1	Graves o muy graves	2	07	Especial Agrario Cuenta Propia
2011,0	29	Comunidad de Teruel	2	Graves o muy graves	2	01	General
2011,0	31	Sierra de Albarracín	1	Graves o muy graves	2	07	Especial Agrario Cuenta Propia
2011,0	32	Gúdar-Javalambre	1	Graves o muy graves	2	01	General
2011,0	32	Gúdar-Javalambre	1	Graves o muy graves	2	05	Trabajadores Autónomos
2011,0	33	Matarraña / Matarranya	1	Graves o muy graves	2	07	Especial Agrario Cuenta Propia
2011,0	NC	Municipio del centro de trabajo fuera de Aragón	3	Graves o muy graves	2	01	General
2011,0	NC	Municipio del centro de trabajo fuera de Aragón	1	Graves o muy graves	2	05	Trabajadores Autónomos
2011,0	NC	Municipio del centro de trabajo fuera de Aragón	1	Graves o muy graves	2	06	Especial Agrario Cuenta Ajena
2010,0	01	La Jacetania	5	Graves o muy graves	2	01	General
2010,0	01	La Jacetania	1	Graves o muy graves	2	05	Trabajadores Autónomos
2010,0	02	Alto Gállego	2	Graves o muy graves	2	01	General
2010,0	03	Sobrarbe	1	Graves o muy graves	2	01	General
2010,0	04	La Ribagorza	2	Graves o muy graves	2	01	General
2010,0	04	La Ribagorza	1	Graves o muy graves	2	06	Especial Agrario Cuenta Ajena
2010,0	05	Cinco Villas	1	Graves o muy graves	2	01	General
2010,0	05	Cinco Villas	2	Graves o muy graves	2	06	Especial Agrario Cuenta Ajena
2010,0	06	Hoya de Huesca / Plana de Uesca	13	Graves o muy graves	2	01	General
2010,0	07	Somontano de Barbastro	1	Graves o muy graves	2	01	General
2010,0	08	Cinca Medio	4	Graves o muy graves	2	01	General
2010,0	09	La Litera / La Llitera	5	Graves o muy graves	2	01	General
2010,0	10	Los Monegros	5	Graves o muy graves	2	01	General
2010,0	11	Bajo Cinca / Baix Cinca	1	Graves o muy graves	2	01	General
2010,0	11	Bajo Cinca / Baix Cinca	1	Graves o muy graves	2	06	Especial Agrario Cuenta Ajena
2010,0	13	Campo de Borja	1	Graves o muy graves	2	01	General
2010,0	15	Ribera Alta del Ebro	4	Graves o muy graves	2	01	General
2010,0	16	Valdejalón	1	Graves o muy graves	2	01	General
2010,0	17	D.C. Zaragoza	32	Graves o muy graves	2	01	General
2010,0	18	Ribera Baja del Ebro	1	Graves o muy graves	2	01	General
2010,0	19	Bajo Aragón-Caspe / Baix Aragó-Casp	1	Graves o muy graves	2	06	Especial Agrario Cuenta Ajena
2010,0	20	Comunidad de Calatayud	1	Graves o muy graves	2	01	General
2010,0	25	Jiloca	2	Graves o muy graves	2	01	General
2010,0	27	Andorra-Sierra de Arcos	3	Graves o muy graves	2	01	General
2010,0	27	Andorra-Sierra de Arcos	2	Graves o muy graves	2	09	Especial Minería del Carbón
2010,0	28	Bajo Aragón	2	Graves o muy graves	2	01	General
2010,0	29	Comunidad de Teruel	1	Graves o muy graves	2	01	General
2010,0	33	Matarraña / Matarranya	1	Graves o muy graves	2	01	General
2010,0	NC	Municipio del centro de trabajo fuera de Aragón	7	Graves o muy graves	2	01	General
2009,0	01	La Jacetania	4	Graves o muy graves	2	01	General
2009,0	02	Alto Gállego	3	Graves o muy graves	2	01	General
2009,0	04	La Ribagorza	3	Graves o muy graves	2	01	General
2009,0	05	Cinco Villas	4	Graves o muy graves	2	01	General
2009,0	06	Hoya de Huesca / Plana de Uesca	9	Graves o muy graves	2	01	General
2009,0	07	Somontano de Barbastro	1	Graves o muy graves	2	01	General
2009,0	08	Cinca Medio	5	Graves o muy graves	2	01	General
2009,0	09	La Litera / La Llitera	1	Graves o muy graves	2	01	General
2009,0	10	Los Monegros	2	Graves o muy graves	2	01	General
2009,0	10	Los Monegros	1	Graves o muy graves	2	06	Especial Agrario Cuenta Ajena
2009,0	10	Los Monegros	1	Graves o muy graves	2	07	Especial Agrario Cuenta Propia
2009,0	11	Bajo Cinca / Baix Cinca	3	Graves o muy graves	2	01	General
2009,0	11	Bajo Cinca / Baix Cinca	1	Graves o muy graves	2	07	Especial Agrario Cuenta Propia
2009,0	12	Tarazona y el Moncayo	2	Graves o muy graves	2	01	General
2009,0	13	Campo de Borja	2	Graves o muy graves	2	01	General
2009,0	15	Ribera Alta del Ebro	4	Graves o muy graves	2	01	General
2009,0	16	Valdejalón	4	Graves o muy graves	2	01	General
2009,0	17	D.C. Zaragoza	61	Graves o muy graves	2	01	General
2009,0	18	Ribera Baja del Ebro	1	Graves o muy graves	2	06	Especial Agrario Cuenta Ajena
2009,0	19	Bajo Aragón-Caspe / Baix Aragó-Casp	1	Graves o muy graves	2	06	Especial Agrario Cuenta Ajena
2009,0	20	Comunidad de Calatayud	1	Graves o muy graves	2	01	General
2009,0	23	Bajo Martín	1	Graves o muy graves	2	01	General
2009,0	23	Bajo Martín	1	Graves o muy graves	2	05	Trabajadores Autónomos
2009,0	27	Andorra-Sierra de Arcos	1	Graves o muy graves	2	01	General
2009,0	28	Bajo Aragón	2	Graves o muy graves	2	01	General
2009,0	29	Comunidad de Teruel	5	Graves o muy graves	2	01	General
2009,0	32	Gúdar-Javalambre	2	Graves o muy graves	2	01	General
2009,0	33	Matarraña / Matarranya	1	Graves o muy graves	2	01	General
2009,0	NC	Municipio del centro de trabajo fuera de Aragón	4	Graves o muy graves	2	01	General
2008,0	01	La Jacetania	3	Graves o muy graves	2	01	General
2008,0	02	Alto Gállego	2	Graves o muy graves	2	01	General
2008,0	03	Sobrarbe	3	Graves o muy graves	2	01	General
2008,0	04	La Ribagorza	2	Graves o muy graves	2	01	General
2008,0	04	La Ribagorza	1	Graves o muy graves	2	05	Trabajadores Autónomos
2008,0	05	Cinco Villas	2	Graves o muy graves	2	01	General
2008,0	05	Cinco Villas	1	Graves o muy graves	2	05	Trabajadores Autónomos
2008,0	06	Hoya de Huesca / Plana de Uesca	6	Graves o muy graves	2	01	General
2008,0	06	Hoya de Huesca / Plana de Uesca	1	Graves o muy graves	2	07	Especial Agrario Cuenta Propia
2008,0	07	Somontano de Barbastro	2	Graves o muy graves	2	01	General
2008,0	08	Cinca Medio	4	Graves o muy graves	2	01	General
2008,0	09	La Litera / La Llitera	5	Graves o muy graves	2	01	General
2008,0	10	Los Monegros	2	Graves o muy graves	2	01	General
2008,0	10	Los Monegros	1	Graves o muy graves	2	06	Especial Agrario Cuenta Ajena
2008,0	11	Bajo Cinca / Baix Cinca	2	Graves o muy graves	2	01	General
2008,0	12	Tarazona y el Moncayo	1	Graves o muy graves	2	01	General
2008,0	13	Campo de Borja	1	Graves o muy graves	2	01	General
2008,0	14	Aranda	1	Graves o muy graves	2	01	General
2008,0	15	Ribera Alta del Ebro	5	Graves o muy graves	2	01	General
2008,0	15	Ribera Alta del Ebro	1	Graves o muy graves	2	05	Trabajadores Autónomos
2008,0	16	Valdejalón	2	Graves o muy graves	2	01	General
2008,0	17	D.C. Zaragoza	65	Graves o muy graves	2	01	General
2008,0	17	D.C. Zaragoza	1	Graves o muy graves	2	05	Trabajadores Autónomos
2008,0	19	Bajo Aragón-Caspe / Baix Aragó-Casp	2	Graves o muy graves	2	01	General
2008,0	20	Comunidad de Calatayud	2	Graves o muy graves	2	01	General
2008,0	21	Campo de Cariñena	3	Graves o muy graves	2	01	General
2008,0	22	Campo de Belchite	1	Graves o muy graves	2	01	General
2008,0	24	Campo de Daroca	1	Graves o muy graves	2	07	Especial Agrario Cuenta Propia
2008,0	25	Jiloca	1	Graves o muy graves	2	01	General
2008,0	27	Andorra-Sierra de Arcos	2	Graves o muy graves	2	01	General
2008,0	27	Andorra-Sierra de Arcos	1	Graves o muy graves	2	09	Especial Minería del Carbón
2008,0	29	Comunidad de Teruel	5	Graves o muy graves	2	01	General
2008,0	30	Maestrazgo	1	Graves o muy graves	2	01	General
2008,0	31	Sierra de Albarracín	1	Graves o muy graves	2	01	General
2008,0	32	Gúdar-Javalambre	1	Graves o muy graves	2	01	General
2008,0	32	Gúdar-Javalambre	1	Graves o muy graves	2	06	Especial Agrario Cuenta Ajena
2008,0	NC	Municipio del centro de trabajo fuera de Aragón	5	Graves o muy graves	2	01	General
2007,0	01	La Jacetania	5	Graves o muy graves	2	01	General
2007,0	01	La Jacetania	1	Graves o muy graves	2	07	Especial Agrario Cuenta Propia
2007,0	02	Alto Gállego	4	Graves o muy graves	2	01	General
2007,0	04	La Ribagorza	5	Graves o muy graves	2	01	General
2007,0	05	Cinco Villas	2	Graves o muy graves	2	01	General
2007,0	06	Hoya de Huesca / Plana de Uesca	9	Graves o muy graves	2	01	General
2007,0	07	Somontano de Barbastro	5	Graves o muy graves	2	01	General
2007,0	08	Cinca Medio	6	Graves o muy graves	2	01	General
2007,0	09	La Litera / La Llitera	3	Graves o muy graves	2	01	General
2007,0	09	La Litera / La Llitera	1	Graves o muy graves	2	07	Especial Agrario Cuenta Propia
2007,0	10	Los Monegros	3	Graves o muy graves	2	01	General
2007,0	11	Bajo Cinca / Baix Cinca	6	Graves o muy graves	2	01	General
2007,0	12	Tarazona y el Moncayo	1	Graves o muy graves	2	01	General
2007,0	13	Campo de Borja	1	Graves o muy graves	2	06	Especial Agrario Cuenta Ajena
2007,0	15	Ribera Alta del Ebro	8	Graves o muy graves	2	01	General
2007,0	16	Valdejalón	8	Graves o muy graves	2	01	General
2007,0	16	Valdejalón	1	Graves o muy graves	2	06	Especial Agrario Cuenta Ajena
2007,0	17	D.C. Zaragoza	84	Graves o muy graves	2	01	General
2007,0	17	D.C. Zaragoza	3	Graves o muy graves	2	05	Trabajadores Autónomos
2007,0	19	Bajo Aragón-Caspe / Baix Aragó-Casp	1	Graves o muy graves	2	01	General
2007,0	20	Comunidad de Calatayud	2	Graves o muy graves	2	01	General
2007,0	21	Campo de Cariñena	2	Graves o muy graves	2	01	General
2007,0	22	Campo de Belchite	2	Graves o muy graves	2	01	General
2007,0	25	Jiloca	1	Graves o muy graves	2	01	General
2007,0	26	Cuencas Mineras	2	Graves o muy graves	2	01	General
2007,0	27	Andorra-Sierra de Arcos	1	Graves o muy graves	2	01	General
2007,0	27	Andorra-Sierra de Arcos	2	Graves o muy graves	2	09	Especial Minería del Carbón
2007,0	28	Bajo Aragón	3	Graves o muy graves	2	01	General
2007,0	28	Bajo Aragón	1	Graves o muy graves	2	07	Especial Agrario Cuenta Propia
2007,0	29	Comunidad de Teruel	5	Graves o muy graves	2	01	General
2007,0	31	Sierra de Albarracín	1	Graves o muy graves	2	06	Especial Agrario Cuenta Ajena
2007,0	32	Gúdar-Javalambre	1	Graves o muy graves	2	01	General
2007,0	32	Gúdar-Javalambre	1	Graves o muy graves	2	07	Especial Agrario Cuenta Propia
2007,0	NC	Municipio del centro de trabajo fuera de Aragón	8	Graves o muy graves	2	01	General
2007,0	NC	Municipio del centro de trabajo fuera de Aragón	1	Graves o muy graves	2	06	Especial Agrario Cuenta Ajena
2006,0	01	La Jacetania	6	Graves o muy graves	2	01	General
2006,0	02	Alto Gállego	3	Graves o muy graves	2	01	General
2006,0	05	Cinco Villas	5	Graves o muy graves	2	01	General
2006,0	05	Cinco Villas	1	Graves o muy graves	2	05	Trabajadores Autónomos
2006,0	06	Hoya de Huesca / Plana de Uesca	12	Graves o muy graves	2	01	General
2006,0	07	Somontano de Barbastro	2	Graves o muy graves	2	01	General
2006,0	08	Cinca Medio	2	Graves o muy graves	2	01	General
2006,0	08	Cinca Medio	1	Graves o muy graves	2	05	Trabajadores Autónomos
2006,0	08	Cinca Medio	1	Graves o muy graves	2	06	Especial Agrario Cuenta Ajena
2006,0	09	La Litera / La Llitera	3	Graves o muy graves	2	01	General
2006,0	10	Los Monegros	1	Graves o muy graves	2	01	General
2006,0	10	Los Monegros	1	Graves o muy graves	2	06	Especial Agrario Cuenta Ajena
2006,0	11	Bajo Cinca / Baix Cinca	1	Graves o muy graves	2	01	General
2006,0	11	Bajo Cinca / Baix Cinca	1	Graves o muy graves	2	06	Especial Agrario Cuenta Ajena
2006,0	13	Campo de Borja	2	Graves o muy graves	2	01	General
2006,0	13	Campo de Borja	1	Graves o muy graves	2	05	Trabajadores Autónomos
2006,0	13	Campo de Borja	2	Graves o muy graves	2	07	Especial Agrario Cuenta Propia
2006,0	15	Ribera Alta del Ebro	6	Graves o muy graves	2	01	General
2006,0	16	Valdejalón	8	Graves o muy graves	2	01	General
2006,0	16	Valdejalón	1	Graves o muy graves	2	06	Especial Agrario Cuenta Ajena
2006,0	17	D.C. Zaragoza	84	Graves o muy graves	2	01	General
2006,0	17	D.C. Zaragoza	3	Graves o muy graves	2	05	Trabajadores Autónomos
2006,0	18	Ribera Baja del Ebro	1	Graves o muy graves	2	01	General
2006,0	19	Bajo Aragón-Caspe / Baix Aragó-Casp	1	Graves o muy graves	2	01	General
2006,0	20	Comunidad de Calatayud	1	Graves o muy graves	2	01	General
2006,0	21	Campo de Cariñena	1	Graves o muy graves	2	01	General
2006,0	22	Campo de Belchite	1	Graves o muy graves	2	01	General
2006,0	22	Campo de Belchite	1	Graves o muy graves	2	06	Especial Agrario Cuenta Ajena
2006,0	27	Andorra-Sierra de Arcos	3	Graves o muy graves	2	09	Especial Minería del Carbón
2006,0	29	Comunidad de Teruel	4	Graves o muy graves	2	01	General
2006,0	31	Sierra de Albarracín	1	Graves o muy graves	2	01	General
2006,0	32	Gúdar-Javalambre	2	Graves o muy graves	2	01	General
2006,0	33	Matarraña / Matarranya	1	Graves o muy graves	2	01	General
2006,0	NC	Municipio del centro de trabajo fuera de Aragón	4	Graves o muy graves	2	01	General
2005,0	01	La Jacetania	4	Graves o muy graves	2	01	General
2005,0	02	Alto Gállego	1	Graves o muy graves	2	01	General
2005,0	03	Sobrarbe	2	Graves o muy graves	2	01	General
2005,0	05	Cinco Villas	4	Graves o muy graves	2	01	General
2005,0	05	Cinco Villas	1	Graves o muy graves	2	05	Trabajadores Autónomos
2005,0	05	Cinco Villas	1	Graves o muy graves	2	06	Especial Agrario Cuenta Ajena
2005,0	06	Hoya de Huesca / Plana de Uesca	17	Graves o muy graves	2	01	General
2005,0	07	Somontano de Barbastro	2	Graves o muy graves	2	01	General
2005,0	07	Somontano de Barbastro	1	Graves o muy graves	2	06	Especial Agrario Cuenta Ajena
2005,0	08	Cinca Medio	4	Graves o muy graves	2	01	General
2005,0	08	Cinca Medio	1	Graves o muy graves	2	06	Especial Agrario Cuenta Ajena
2005,0	09	La Litera / La Llitera	2	Graves o muy graves	2	01	General
2005,0	10	Los Monegros	6	Graves o muy graves	2	01	General
2005,0	11	Bajo Cinca / Baix Cinca	6	Graves o muy graves	2	01	General
2005,0	11	Bajo Cinca / Baix Cinca	2	Graves o muy graves	2	06	Especial Agrario Cuenta Ajena
2005,0	12	Tarazona y el Moncayo	2	Graves o muy graves	2	01	General
2005,0	13	Campo de Borja	2	Graves o muy graves	2	01	General
2005,0	14	Aranda	2	Graves o muy graves	2	01	General
2005,0	15	Ribera Alta del Ebro	4	Graves o muy graves	2	01	General
2005,0	16	Valdejalón	5	Graves o muy graves	2	01	General
2005,0	16	Valdejalón	1	Graves o muy graves	2	07	Especial Agrario Cuenta Propia
2005,0	17	D.C. Zaragoza	75	Graves o muy graves	2	01	General
2005,0	17	D.C. Zaragoza	2	Graves o muy graves	2	05	Trabajadores Autónomos
2005,0	17	D.C. Zaragoza	2	Graves o muy graves	2	07	Especial Agrario Cuenta Propia
2005,0	18	Ribera Baja del Ebro	1	Graves o muy graves	2	01	General
2005,0	18	Ribera Baja del Ebro	1	Graves o muy graves	2	07	Especial Agrario Cuenta Propia
2005,0	19	Bajo Aragón-Caspe / Baix Aragó-Casp	1	Graves o muy graves	2	01	General
2005,0	19	Bajo Aragón-Caspe / Baix Aragó-Casp	2	Graves o muy graves	2	07	Especial Agrario Cuenta Propia
2005,0	20	Comunidad de Calatayud	1	Graves o muy graves	2	01	General
2005,0	20	Comunidad de Calatayud	2	Graves o muy graves	2	07	Especial Agrario Cuenta Propia
2005,0	21	Campo de Cariñena	4	Graves o muy graves	2	01	General
2005,0	22	Campo de Belchite	1	Graves o muy graves	2	01	General
2005,0	23	Bajo Martín	1	Graves o muy graves	2	01	General
2005,0	24	Campo de Daroca	1	Graves o muy graves	2	01	General
2005,0	25	Jiloca	2	Graves o muy graves	2	01	General
2005,0	25	Jiloca	1	Graves o muy graves	2	07	Especial Agrario Cuenta Propia
2005,0	26	Cuencas Mineras	1	Graves o muy graves	2	01	General
2005,0	27	Andorra-Sierra de Arcos	3	Graves o muy graves	2	01	General
2005,0	27	Andorra-Sierra de Arcos	2	Graves o muy graves	2	09	Especial Minería del Carbón
2005,0	28	Bajo Aragón	6	Graves o muy graves	2	01	General
2005,0	28	Bajo Aragón	1	Graves o muy graves	2	07	Especial Agrario Cuenta Propia
2005,0	29	Comunidad de Teruel	7	Graves o muy graves	2	01	General
2005,0	32	Gúdar-Javalambre	3	Graves o muy graves	2	01	General
2005,0	32	Gúdar-Javalambre	1	Graves o muy graves	2	07	Especial Agrario Cuenta Propia
2005,0	NC	Municipio del centro de trabajo fuera de Aragón	7	Graves o muy graves	2	01	General
2004,0	01	La Jacetania	5	Graves o muy graves	2	01	General
2004,0	02	Alto Gállego	2	Graves o muy graves	2	01	General
2004,0	03	Sobrarbe	3	Graves o muy graves	2	01	General
2004,0	04	La Ribagorza	5	Graves o muy graves	2	01	General
2004,0	04	La Ribagorza	1	Graves o muy graves	2	06	Especial Agrario Cuenta Ajena
2004,0	05	Cinco Villas	6	Graves o muy graves	2	01	General
2004,0	05	Cinco Villas	1	Graves o muy graves	2	05	Trabajadores Autónomos
2004,0	05	Cinco Villas	2	Graves o muy graves	2	07	Especial Agrario Cuenta Propia
2004,0	06	Hoya de Huesca / Plana de Uesca	9	Graves o muy graves	2	01	General
2004,0	07	Somontano de Barbastro	3	Graves o muy graves	2	01	General
2004,0	08	Cinca Medio	6	Graves o muy graves	2	01	General
2004,0	09	La Litera / La Llitera	4	Graves o muy graves	2	01	General
2004,0	10	Los Monegros	3	Graves o muy graves	2	01	General
2004,0	10	Los Monegros	1	Graves o muy graves	2	06	Especial Agrario Cuenta Ajena
2004,0	11	Bajo Cinca / Baix Cinca	5	Graves o muy graves	2	01	General
2004,0	11	Bajo Cinca / Baix Cinca	1	Graves o muy graves	2	06	Especial Agrario Cuenta Ajena
2004,0	11	Bajo Cinca / Baix Cinca	2	Graves o muy graves	2	07	Especial Agrario Cuenta Propia
2004,0	12	Tarazona y el Moncayo	2	Graves o muy graves	2	01	General
2004,0	13	Campo de Borja	2	Graves o muy graves	2	01	General
2004,0	15	Ribera Alta del Ebro	5	Graves o muy graves	2	01	General
2004,0	16	Valdejalón	2	Graves o muy graves	2	01	General
2004,0	16	Valdejalón	1	Graves o muy graves	2	07	Especial Agrario Cuenta Propia
2004,0	17	D.C. Zaragoza	101	Graves o muy graves	2	01	General
2004,0	17	D.C. Zaragoza	2	Graves o muy graves	2	06	Especial Agrario Cuenta Ajena
2004,0	17	D.C. Zaragoza	1	Graves o muy graves	2	07	Especial Agrario Cuenta Propia
2004,0	18	Ribera Baja del Ebro	1	Graves o muy graves	2	01	General
2004,0	19	Bajo Aragón-Caspe / Baix Aragó-Casp	2	Graves o muy graves	2	01	General
2004,0	20	Comunidad de Calatayud	3	Graves o muy graves	2	01	General
2004,0	20	Comunidad de Calatayud	1	Graves o muy graves	2	07	Especial Agrario Cuenta Propia
2004,0	23	Bajo Martín	2	Graves o muy graves	2	01	General
2004,0	25	Jiloca	1	Graves o muy graves	2	01	General
2004,0	26	Cuencas Mineras	1	Graves o muy graves	2	01	General
2004,0	27	Andorra-Sierra de Arcos	3	Graves o muy graves	2	01	General
2004,0	27	Andorra-Sierra de Arcos	2	Graves o muy graves	2	09	Especial Minería del Carbón
2004,0	28	Bajo Aragón	5	Graves o muy graves	2	01	General
2004,0	28	Bajo Aragón	1	Graves o muy graves	2	06	Especial Agrario Cuenta Ajena
2004,0	28	Bajo Aragón	1	Graves o muy graves	2	07	Especial Agrario Cuenta Propia
2004,0	29	Comunidad de Teruel	9	Graves o muy graves	2	01	General
2004,0	31	Sierra de Albarracín	3	Graves o muy graves	2	01	General
2004,0	31	Sierra de Albarracín	1	Graves o muy graves	2	06	Especial Agrario Cuenta Ajena
2004,0	32	Gúdar-Javalambre	4	Graves o muy graves	2	01	General
2004,0	32	Gúdar-Javalambre	1	Graves o muy graves	2	07	Especial Agrario Cuenta Propia
2004,0	33	Matarraña / Matarranya	1	Graves o muy graves	2	01	General
2004,0	33	Matarraña / Matarranya	1	Graves o muy graves	2	07	Especial Agrario Cuenta Propia
2004,0	NC	Municipio del centro de trabajo fuera de Aragón	7	Graves o muy graves	2	01	General
2004,0	NC	Municipio del centro de trabajo fuera de Aragón	1	Graves o muy graves	2	06	Especial Agrario Cuenta Ajena
2003,0	01	La Jacetania	9	Graves o muy graves	2	01	General
2003,0	02	Alto Gállego	2	Graves o muy graves	2	01	General
2003,0	03	Sobrarbe	2	Graves o muy graves	2	01	General
2003,0	04	La Ribagorza	3	Graves o muy graves	2	01	General
2003,0	05	Cinco Villas	6	Graves o muy graves	2	01	General
2003,0	05	Cinco Villas	2	Graves o muy graves	2	07	Especial Agrario Cuenta Propia
2003,0	06	Hoya de Huesca / Plana de Uesca	12	Graves o muy graves	2	01	General
2003,0	07	Somontano de Barbastro	6	Graves o muy graves	2	01	General
2003,0	07	Somontano de Barbastro	1	Graves o muy graves	2	07	Especial Agrario Cuenta Propia
2003,0	08	Cinca Medio	2	Graves o muy graves	2	01	General
2003,0	09	La Litera / La Llitera	2	Graves o muy graves	2	01	General
2003,0	10	Los Monegros	3	Graves o muy graves	2	01	General
2003,0	11	Bajo Cinca / Baix Cinca	2	Graves o muy graves	2	01	General
2003,0	11	Bajo Cinca / Baix Cinca	1	Graves o muy graves	2	07	Especial Agrario Cuenta Propia
2003,0	11	Bajo Cinca / Baix Cinca	1	Graves o muy graves	2	09	Especial Minería del Carbón
2003,0	12	Tarazona y el Moncayo	1	Graves o muy graves	2	01	General
2003,0	12	Tarazona y el Moncayo	1	Graves o muy graves	2	07	Especial Agrario Cuenta Propia
2003,0	13	Campo de Borja	1	Graves o muy graves	2	01	General
2003,0	13	Campo de Borja	1	Graves o muy graves	2	07	Especial Agrario Cuenta Propia
2003,0	14	Aranda	3	Graves o muy graves	2	01	General
2003,0	15	Ribera Alta del Ebro	6	Graves o muy graves	2	01	General
2003,0	15	Ribera Alta del Ebro	1	Graves o muy graves	2	06	Especial Agrario Cuenta Ajena
2003,0	16	Valdejalón	2	Graves o muy graves	2	01	General
2003,0	16	Valdejalón	1	Graves o muy graves	2	06	Especial Agrario Cuenta Ajena
2003,0	16	Valdejalón	2	Graves o muy graves	2	07	Especial Agrario Cuenta Propia
2003,0	17	D.C. Zaragoza	103	Graves o muy graves	2	01	General
2003,0	17	D.C. Zaragoza	1	Graves o muy graves	2	06	Especial Agrario Cuenta Ajena
2003,0	18	Ribera Baja del Ebro	1	Graves o muy graves	2	01	General
2003,0	19	Bajo Aragón-Caspe / Baix Aragó-Casp	1	Graves o muy graves	2	01	General
2003,0	19	Bajo Aragón-Caspe / Baix Aragó-Casp	2	Graves o muy graves	2	07	Especial Agrario Cuenta Propia
2003,0	20	Comunidad de Calatayud	4	Graves o muy graves	2	01	General
2003,0	20	Comunidad de Calatayud	2	Graves o muy graves	2	07	Especial Agrario Cuenta Propia
2003,0	22	Campo de Belchite	1	Graves o muy graves	2	01	General
2003,0	22	Campo de Belchite	1	Graves o muy graves	2	07	Especial Agrario Cuenta Propia
2003,0	25	Jiloca	2	Graves o muy graves	2	01	General
2003,0	25	Jiloca	1	Graves o muy graves	2	06	Especial Agrario Cuenta Ajena
2003,0	25	Jiloca	4	Graves o muy graves	2	07	Especial Agrario Cuenta Propia
2003,0	27	Andorra-Sierra de Arcos	2	Graves o muy graves	2	01	General
2003,0	28	Bajo Aragón	6	Graves o muy graves	2	01	General
2003,0	28	Bajo Aragón	1	Graves o muy graves	2	07	Especial Agrario Cuenta Propia
2003,0	29	Comunidad de Teruel	14	Graves o muy graves	2	01	General
2003,0	29	Comunidad de Teruel	1	Graves o muy graves	2	07	Especial Agrario Cuenta Propia
2003,0	32	Gúdar-Javalambre	3	Graves o muy graves	2	01	General
2003,0	33	Matarraña / Matarranya	2	Graves o muy graves	2	01	General
2003,0	NC	Municipio del centro de trabajo fuera de Aragón	3	Graves o muy graves	2	01	General
2019,0	03	Sobrarbe	1	Mortales	3	05	Trabajadores Autónomos
2019,0	05	Cinco Villas	1	Mortales	3	01	General
2019,0	06	Hoya de Huesca / Plana de Uesca	1	Mortales	3	01	General
2019,0	07	Somontano de Barbastro	1	Mortales	3	01	General
2019,0	08	Cinca Medio	2	Mortales	3	01	General
2019,0	09	La Litera / La Llitera	1	Mortales	3	01	General
2019,0	11	Bajo Cinca / Baix Cinca	1	Mortales	3	01	General
2019,0	17	D.C. Zaragoza	8	Mortales	3	01	General
2019,0	19	Bajo Aragón-Caspe / Baix Aragó-Casp	1	Mortales	3	01	General
2019,0	19	Bajo Aragón-Caspe / Baix Aragó-Casp	2	Mortales	3	05	Trabajadores Autónomos
2019,0	21	Campo de Cariñena	4	Mortales	3	01	General
2019,0	21	Campo de Cariñena	1	Mortales	3	05	Trabajadores Autónomos
2019,0	25	Jiloca	1	Mortales	3	01	General
2019,0	NC	Municipio del centro de trabajo fuera de Aragón	1	Mortales	3	01	General
2015,0	05	Cinco Villas	2	Mortales	3	01	General
2015,0	05	Cinco Villas	1	Mortales	3	05	Trabajadores Autónomos
2015,0	06	Hoya de Huesca / Plana de Uesca	1	Mortales	3	01	General
2015,0	08	Cinca Medio	1	Mortales	3	01	General
2015,0	10	Los Monegros	1	Mortales	3	01	General
2015,0	11	Bajo Cinca / Baix Cinca	1	Mortales	3	05	Trabajadores Autónomos
2015,0	14	Aranda	1	Mortales	3	01	General
2015,0	15	Ribera Alta del Ebro	2	Mortales	3	01	General
2015,0	16	Valdejalón	1	Mortales	3	01	General
2015,0	17	D.C. Zaragoza	14	Mortales	3	01	General
2015,0	19	Bajo Aragón-Caspe / Baix Aragó-Casp	1	Mortales	3	01	General
2015,0	26	Cuencas Mineras	1	Mortales	3	01	General
2015,0	NC	Municipio del centro de trabajo fuera de Aragón	1	Mortales	3	01	General
2014,0	04	La Ribagorza	1	Mortales	3	01	General
2014,0	05	Cinco Villas	1	Mortales	3	01	General
2014,0	16	Valdejalón	1	Mortales	3	01	General
2014,0	17	D.C. Zaragoza	7	Mortales	3	01	General
2014,0	18	Ribera Baja del Ebro	1	Mortales	3	01	General
2014,0	20	Comunidad de Calatayud	1	Mortales	3	01	General
2014,0	27	Andorra-Sierra de Arcos	1	Mortales	3	01	General
2014,0	33	Matarraña / Matarranya	1	Mortales	3	01	General
2014,0	NC	Municipio del centro de trabajo fuera de Aragón	1	Mortales	3	01	General
2013,0	05	Cinco Villas	1	Mortales	3	01	General
2013,0	06	Hoya de Huesca / Plana de Uesca	1	Mortales	3	01	General
2013,0	15	Ribera Alta del Ebro	1	Mortales	3	01	General
2013,0	17	D.C. Zaragoza	11	Mortales	3	01	General
2013,0	22	Campo de Belchite	1	Mortales	3	01	General
2013,0	29	Comunidad de Teruel	1	Mortales	3	01	General
2013,0	32	Gúdar-Javalambre	1	Mortales	3	05	Trabajadores Autónomos
2012,0	01	La Jacetania	1	Mortales	3	05	Trabajadores Autónomos
2012,0	04	La Ribagorza	2	Mortales	3	01	General
2012,0	07	Somontano de Barbastro	1	Mortales	3	01	General
2012,0	10	Los Monegros	1	Mortales	3	01	General
2012,0	15	Ribera Alta del Ebro	2	Mortales	3	01	General
2012,0	17	D.C. Zaragoza	4	Mortales	3	01	General
2012,0	17	D.C. Zaragoza	1	Mortales	3	05	Trabajadores Autónomos
2012,0	23	Bajo Martín	1	Mortales	3	01	General
2012,0	26	Cuencas Mineras	1	Mortales	3	06	Especial Agrario Cuenta Ajena
2012,0	27	Andorra-Sierra de Arcos	2	Mortales	3	01	General
2012,0	29	Comunidad de Teruel	2	Mortales	3	01	General
2012,0	NC	Municipio del centro de trabajo fuera de Aragón	1	Mortales	3	01	General
2011,0	01	La Jacetania	1	Mortales	3	01	General
2011,0	05	Cinco Villas	1	Mortales	3	01	General
2011,0	10	Los Monegros	1	Mortales	3	01	General
2011,0	11	Bajo Cinca / Baix Cinca	1	Mortales	3	01	General
2011,0	12	Tarazona y el Moncayo	1	Mortales	3	01	General
2011,0	16	Valdejalón	1	Mortales	3	01	General
2011,0	17	D.C. Zaragoza	5	Mortales	3	01	General
2011,0	18	Ribera Baja del Ebro	1	Mortales	3	01	General
2011,0	19	Bajo Aragón-Caspe / Baix Aragó-Casp	1	Mortales	3	06	Especial Agrario Cuenta Ajena
2011,0	20	Comunidad de Calatayud	1	Mortales	3	01	General
2011,0	29	Comunidad de Teruel	6	Mortales	3	01	General
2011,0	32	Gúdar-Javalambre	1	Mortales	3	01	General
2011,0	33	Matarraña / Matarranya	2	Mortales	3	07	Especial Agrario Cuenta Propia
2010,0	04	La Ribagorza	1	Mortales	3	01	General
2010,0	05	Cinco Villas	2	Mortales	3	01	General
2010,0	06	Hoya de Huesca / Plana de Uesca	2	Mortales	3	01	General
2010,0	08	Cinca Medio	2	Mortales	3	01	General
2010,0	15	Ribera Alta del Ebro	1	Mortales	3	01	General
2010,0	17	D.C. Zaragoza	11	Mortales	3	01	General
2010,0	20	Comunidad de Calatayud	1	Mortales	3	01	General
2010,0	29	Comunidad de Teruel	3	Mortales	3	01	General
2010,0	NC	Municipio del centro de trabajo fuera de Aragón	2	Mortales	3	01	General
2009,0	03	Sobrarbe	1	Mortales	3	01	General
2009,0	04	La Ribagorza	1	Mortales	3	01	General
2009,0	06	Hoya de Huesca / Plana de Uesca	3	Mortales	3	01	General
2009,0	07	Somontano de Barbastro	1	Mortales	3	01	General
2009,0	10	Los Monegros	1	Mortales	3	01	General
2009,0	11	Bajo Cinca / Baix Cinca	1	Mortales	3	01	General
2009,0	12	Tarazona y el Moncayo	2	Mortales	3	01	General
2009,0	15	Ribera Alta del Ebro	2	Mortales	3	01	General
2009,0	17	D.C. Zaragoza	16	Mortales	3	01	General
2009,0	25	Jiloca	1	Mortales	3	01	General
2009,0	27	Andorra-Sierra de Arcos	1	Mortales	3	09	Especial Minería del Carbón
2009,0	29	Comunidad de Teruel	3	Mortales	3	01	General
2009,0	29	Comunidad de Teruel	1	Mortales	3	06	Especial Agrario Cuenta Ajena
2009,0	32	Gúdar-Javalambre	1	Mortales	3	01	General
2009,0	NC	Municipio del centro de trabajo fuera de Aragón	1	Mortales	3	01	General
2008,0	05	Cinco Villas	2	Mortales	3	01	General
2008,0	06	Hoya de Huesca / Plana de Uesca	1	Mortales	3	01	General
2008,0	09	La Litera / La Llitera	1	Mortales	3	01	General
2008,0	15	Ribera Alta del Ebro	2	Mortales	3	01	General
2008,0	17	D.C. Zaragoza	14	Mortales	3	01	General
2008,0	18	Ribera Baja del Ebro	2	Mortales	3	01	General
2008,0	20	Comunidad de Calatayud	1	Mortales	3	01	General
2008,0	21	Campo de Cariñena	1	Mortales	3	01	General
2008,0	27	Andorra-Sierra de Arcos	2	Mortales	3	01	General
2008,0	28	Bajo Aragón	1	Mortales	3	01	General
2008,0	29	Comunidad de Teruel	3	Mortales	3	01	General
2007,0	01	La Jacetania	1	Mortales	3	01	General
2007,0	05	Cinco Villas	3	Mortales	3	01	General
2007,0	05	Cinco Villas	1	Mortales	3	06	Especial Agrario Cuenta Ajena
2007,0	06	Hoya de Huesca / Plana de Uesca	1	Mortales	3	01	General
2007,0	07	Somontano de Barbastro	1	Mortales	3	01	General
2007,0	08	Cinca Medio	1	Mortales	3	01	General
2007,0	08	Cinca Medio	1	Mortales	3	07	Especial Agrario Cuenta Propia
2007,0	11	Bajo Cinca / Baix Cinca	1	Mortales	3	01	General
2007,0	14	Aranda	1	Mortales	3	01	General
2007,0	15	Ribera Alta del Ebro	1	Mortales	3	01	General
2007,0	16	Valdejalón	2	Mortales	3	01	General
2007,0	17	D.C. Zaragoza	11	Mortales	3	01	General
2007,0	20	Comunidad de Calatayud	1	Mortales	3	06	Especial Agrario Cuenta Ajena
2007,0	21	Campo de Cariñena	1	Mortales	3	01	General
2007,0	23	Bajo Martín	1	Mortales	3	01	General
2007,0	24	Campo de Daroca	1	Mortales	3	01	General
2007,0	25	Jiloca	1	Mortales	3	01	General
2007,0	26	Cuencas Mineras	3	Mortales	3	01	General
2007,0	29	Comunidad de Teruel	5	Mortales	3	01	General
2007,0	NC	Municipio del centro de trabajo fuera de Aragón	1	Mortales	3	01	General
2006,0	01	La Jacetania	1	Mortales	3	01	General
2006,0	06	Hoya de Huesca / Plana de Uesca	3	Mortales	3	01	General
2006,0	16	Valdejalón	1	Mortales	3	06	Especial Agrario Cuenta Ajena
2006,0	17	D.C. Zaragoza	18	Mortales	3	01	General
2006,0	20	Comunidad de Calatayud	2	Mortales	3	01	General
2006,0	21	Campo de Cariñena	1	Mortales	3	01	General
2006,0	25	Jiloca	1	Mortales	3	01	General
2006,0	26	Cuencas Mineras	1	Mortales	3	01	General
2006,0	27	Andorra-Sierra de Arcos	1	Mortales	3	01	General
2006,0	28	Bajo Aragón	1	Mortales	3	01	General
2006,0	29	Comunidad de Teruel	2	Mortales	3	01	General
2006,0	30	Maestrazgo	1	Mortales	3	06	Especial Agrario Cuenta Ajena
2006,0	NC	Municipio del centro de trabajo fuera de Aragón	1	Mortales	3	01	General
2005,0	01	La Jacetania	1	Mortales	3	01	General
2005,0	02	Alto Gállego	1	Mortales	3	01	General
2005,0	07	Somontano de Barbastro	1	Mortales	3	01	General
2005,0	08	Cinca Medio	2	Mortales	3	01	General
2005,0	10	Los Monegros	1	Mortales	3	01	General
2005,0	12	Tarazona y el Moncayo	1	Mortales	3	01	General
2005,0	15	Ribera Alta del Ebro	3	Mortales	3	01	General
2005,0	17	D.C. Zaragoza	17	Mortales	3	01	General
2005,0	18	Ribera Baja del Ebro	1	Mortales	3	01	General
2005,0	23	Bajo Martín	1	Mortales	3	01	General
2005,0	27	Andorra-Sierra de Arcos	2	Mortales	3	01	General
2005,0	28	Bajo Aragón	2	Mortales	3	01	General
2005,0	32	Gúdar-Javalambre	1	Mortales	3	05	Trabajadores Autónomos
2005,0	NC	Municipio del centro de trabajo fuera de Aragón	1	Mortales	3	01	General
2004,0	01	La Jacetania	3	Mortales	3	01	General
2004,0	05	Cinco Villas	1	Mortales	3	01	General
2004,0	06	Hoya de Huesca / Plana de Uesca	2	Mortales	3	01	General
2004,0	07	Somontano de Barbastro	1	Mortales	3	01	General
2004,0	08	Cinca Medio	2	Mortales	3	01	General
2004,0	09	La Litera / La Llitera	2	Mortales	3	01	General
2004,0	11	Bajo Cinca / Baix Cinca	1	Mortales	3	01	General
2004,0	17	D.C. Zaragoza	19	Mortales	3	01	General
2004,0	20	Comunidad de Calatayud	3	Mortales	3	01	General
2004,0	21	Campo de Cariñena	1	Mortales	3	07	Especial Agrario Cuenta Propia
2004,0	23	Bajo Martín	2	Mortales	3	01	General
2004,0	26	Cuencas Mineras	1	Mortales	3	01	General
2004,0	28	Bajo Aragón	3	Mortales	3	01	General
2004,0	29	Comunidad de Teruel	1	Mortales	3	01	General
2004,0	33	Matarraña / Matarranya	1	Mortales	3	07	Especial Agrario Cuenta Propia
2004,0	NC	Municipio del centro de trabajo fuera de Aragón	1	Mortales	3	01	General
2003,0	01	La Jacetania	1	Mortales	3	01	General
2003,0	05	Cinco Villas	2	Mortales	3	01	General
2003,0	06	Hoya de Huesca / Plana de Uesca	1	Mortales	3	01	General
2003,0	07	Somontano de Barbastro	1	Mortales	3	01	General
2003,0	08	Cinca Medio	1	Mortales	3	01	General
2003,0	09	La Litera / La Llitera	1	Mortales	3	01	General
2003,0	11	Bajo Cinca / Baix Cinca	1	Mortales	3	01	General
2003,0	12	Tarazona y el Moncayo	1	Mortales	3	01	General
2003,0	15	Ribera Alta del Ebro	1	Mortales	3	01	General
2003,0	17	D.C. Zaragoza	6	Mortales	3	01	General
2003,0	18	Ribera Baja del Ebro	1	Mortales	3	01	General
2003,0	20	Comunidad de Calatayud	2	Mortales	3	01	General
2003,0	25	Jiloca	2	Mortales	3	01	General
2003,0	26	Cuencas Mineras	3	Mortales	3	01	General
2003,0	28	Bajo Aragón	3	Mortales	3	01	General
2003,0	29	Comunidad de Teruel	2	Mortales	3	01	General
2003,0	NC	Municipio del centro de trabajo fuera de Aragón	3	Mortales	3	01	General