Año	Nº Accidentes	Código	Municipio	Ord_Temporalidad	Temporalidad	Sector Código	Sector Descripción
2019,0	5	22048	Barbastro	1	Indefinido	1	Agricultura, ganadería y pesca
2019,0	3	22048	Barbastro	2	Temporal	1	Agricultura, ganadería y pesca
2019,0	1	22048	Barbastro	3	Sin clasificar	1	Agricultura, ganadería y pesca
2019,0	26	22048	Barbastro	1	Indefinido	2	Industria y energía
2019,0	28	22048	Barbastro	2	Temporal	2	Industria y energía
2019,0	1	22048	Barbastro	3	Sin clasificar	2	Industria y energía
2019,0	9	22048	Barbastro	1	Indefinido	3	Construcción
2019,0	10	22048	Barbastro	2	Temporal	3	Construcción
2019,0	2	22048	Barbastro	3	Sin clasificar	3	Construcción
2019,0	48	22048	Barbastro	1	Indefinido	4	Servicios
2019,0	46	22048	Barbastro	2	Temporal	4	Servicios
2019,0	7	22048	Barbastro	3	Sin clasificar	4	Servicios
2019,0	6	22061	Binéfar	1	Indefinido	1	Agricultura, ganadería y pesca
2019,0	2	22061	Binéfar	2	Temporal	1	Agricultura, ganadería y pesca
2019,0	2	22061	Binéfar	3	Sin clasificar	1	Agricultura, ganadería y pesca
2019,0	63	22061	Binéfar	1	Indefinido	2	Industria y energía
2019,0	126	22061	Binéfar	2	Temporal	2	Industria y energía
2019,0	24	22061	Binéfar	1	Indefinido	3	Construcción
2019,0	13	22061	Binéfar	2	Temporal	3	Construcción
2019,0	4	22061	Binéfar	3	Sin clasificar	3	Construcción
2019,0	38	22061	Binéfar	1	Indefinido	4	Servicios
2019,0	16	22061	Binéfar	2	Temporal	4	Servicios
2019,0	2	22061	Binéfar	3	Sin clasificar	4	Servicios
2019,0	26	22112	Fraga	1	Indefinido	1	Agricultura, ganadería y pesca
2019,0	47	22112	Fraga	2	Temporal	1	Agricultura, ganadería y pesca
2019,0	3	22112	Fraga	3	Sin clasificar	1	Agricultura, ganadería y pesca
2019,0	64	22112	Fraga	1	Indefinido	2	Industria y energía
2019,0	28	22112	Fraga	2	Temporal	2	Industria y energía
2019,0	1	22112	Fraga	3	Sin clasificar	2	Industria y energía
2019,0	16	22112	Fraga	1	Indefinido	3	Construcción
2019,0	13	22112	Fraga	2	Temporal	3	Construcción
2019,0	5	22112	Fraga	3	Sin clasificar	3	Construcción
2019,0	52	22112	Fraga	1	Indefinido	4	Servicios
2019,0	32	22112	Fraga	2	Temporal	4	Servicios
2019,0	9	22112	Fraga	3	Sin clasificar	4	Servicios
2019,0	56	22125	Huesca	1	Indefinido	1	Agricultura, ganadería y pesca
2019,0	18	22125	Huesca	2	Temporal	1	Agricultura, ganadería y pesca
2019,0	6	22125	Huesca	3	Sin clasificar	1	Agricultura, ganadería y pesca
2019,0	64	22125	Huesca	1	Indefinido	2	Industria y energía
2019,0	40	22125	Huesca	2	Temporal	2	Industria y energía
2019,0	6	22125	Huesca	3	Sin clasificar	2	Industria y energía
2019,0	70	22125	Huesca	1	Indefinido	3	Construcción
2019,0	74	22125	Huesca	2	Temporal	3	Construcción
2019,0	9	22125	Huesca	3	Sin clasificar	3	Construcción
2019,0	244	22125	Huesca	1	Indefinido	4	Servicios
2019,0	184	22125	Huesca	2	Temporal	4	Servicios
2019,0	14	22125	Huesca	3	Sin clasificar	4	Servicios
2019,0	4	22130	Jaca	3	Sin clasificar	1	Agricultura, ganadería y pesca
2019,0	2	22130	Jaca	1	Indefinido	2	Industria y energía
2019,0	1	22130	Jaca	2	Temporal	2	Industria y energía
2019,0	8	22130	Jaca	1	Indefinido	3	Construcción
2019,0	11	22130	Jaca	2	Temporal	3	Construcción
2019,0	3	22130	Jaca	3	Sin clasificar	3	Construcción
2019,0	68	22130	Jaca	1	Indefinido	4	Servicios
2019,0	33	22130	Jaca	2	Temporal	4	Servicios
2019,0	11	22130	Jaca	3	Sin clasificar	4	Servicios
2019,0	6	22158	Monzón	1	Indefinido	1	Agricultura, ganadería y pesca
2019,0	4	22158	Monzón	2	Temporal	1	Agricultura, ganadería y pesca
2019,0	2	22158	Monzón	3	Sin clasificar	1	Agricultura, ganadería y pesca
2019,0	94	22158	Monzón	1	Indefinido	2	Industria y energía
2019,0	63	22158	Monzón	2	Temporal	2	Industria y energía
2019,0	3	22158	Monzón	3	Sin clasificar	2	Industria y energía
2019,0	22	22158	Monzón	1	Indefinido	3	Construcción
2019,0	23	22158	Monzón	2	Temporal	3	Construcción
2019,0	3	22158	Monzón	3	Sin clasificar	3	Construcción
2019,0	60	22158	Monzón	1	Indefinido	4	Servicios
2019,0	59	22158	Monzón	2	Temporal	4	Servicios
2019,0	8	22158	Monzón	3	Sin clasificar	4	Servicios
2019,0	1	22199	Sabiñánigo	2	Temporal	1	Agricultura, ganadería y pesca
2019,0	10	22199	Sabiñánigo	1	Indefinido	2	Industria y energía
2019,0	6	22199	Sabiñánigo	2	Temporal	2	Industria y energía
2019,0	1	22199	Sabiñánigo	3	Sin clasificar	2	Industria y energía
2019,0	10	22199	Sabiñánigo	1	Indefinido	3	Construcción
2019,0	15	22199	Sabiñánigo	2	Temporal	3	Construcción
2019,0	4	22199	Sabiñánigo	3	Sin clasificar	3	Construcción
2019,0	27	22199	Sabiñánigo	1	Indefinido	4	Servicios
2019,0	15	22199	Sabiñánigo	2	Temporal	4	Servicios
2019,0	8	22199	Sabiñánigo	3	Sin clasificar	4	Servicios
2019,0	5	44013	Alcañiz	1	Indefinido	1	Agricultura, ganadería y pesca
2019,0	2	44013	Alcañiz	2	Temporal	1	Agricultura, ganadería y pesca
2019,0	6	44013	Alcañiz	3	Sin clasificar	1	Agricultura, ganadería y pesca
2019,0	31	44013	Alcañiz	1	Indefinido	2	Industria y energía
2019,0	5	44013	Alcañiz	2	Temporal	2	Industria y energía
2019,0	1	44013	Alcañiz	3	Sin clasificar	2	Industria y energía
2019,0	9	44013	Alcañiz	1	Indefinido	3	Construcción
2019,0	13	44013	Alcañiz	2	Temporal	3	Construcción
2019,0	8	44013	Alcañiz	3	Sin clasificar	3	Construcción
2019,0	55	44013	Alcañiz	1	Indefinido	4	Servicios
2019,0	33	44013	Alcañiz	2	Temporal	4	Servicios
2019,0	6	44013	Alcañiz	3	Sin clasificar	4	Servicios
2019,0	6	44025	Andorra	1	Indefinido	2	Industria y energía
2019,0	5	44025	Andorra	2	Temporal	2	Industria y energía
2019,0	1	44025	Andorra	2	Temporal	3	Construcción
2019,0	2	44025	Andorra	3	Sin clasificar	3	Construcción
2019,0	14	44025	Andorra	1	Indefinido	4	Servicios
2019,0	6	44025	Andorra	2	Temporal	4	Servicios
2019,0	2	44025	Andorra	3	Sin clasificar	4	Servicios
2019,0	49	44216	Teruel	1	Indefinido	1	Agricultura, ganadería y pesca
2019,0	7	44216	Teruel	2	Temporal	1	Agricultura, ganadería y pesca
2019,0	85	44216	Teruel	1	Indefinido	2	Industria y energía
2019,0	69	44216	Teruel	2	Temporal	2	Industria y energía
2019,0	3	44216	Teruel	3	Sin clasificar	2	Industria y energía
2019,0	24	44216	Teruel	1	Indefinido	3	Construcción
2019,0	24	44216	Teruel	2	Temporal	3	Construcción
2019,0	6	44216	Teruel	3	Sin clasificar	3	Construcción
2019,0	170	44216	Teruel	1	Indefinido	4	Servicios
2019,0	108	44216	Teruel	2	Temporal	4	Servicios
2019,0	12	44216	Teruel	3	Sin clasificar	4	Servicios
2019,0	2	50008	Alagón	1	Indefinido	1	Agricultura, ganadería y pesca
2019,0	2	50008	Alagón	2	Temporal	1	Agricultura, ganadería y pesca
2019,0	44	50008	Alagón	1	Indefinido	2	Industria y energía
2019,0	15	50008	Alagón	2	Temporal	2	Industria y energía
2019,0	2	50008	Alagón	1	Indefinido	3	Construcción
2019,0	2	50008	Alagón	2	Temporal	3	Construcción
2019,0	2	50008	Alagón	3	Sin clasificar	3	Construcción
2019,0	16	50008	Alagón	1	Indefinido	4	Servicios
2019,0	20	50008	Alagón	2	Temporal	4	Servicios
2019,0	2	50008	Alagón	3	Sin clasificar	4	Servicios
2019,0	10	50025	Almunia de Doña Godina (La)	1	Indefinido	1	Agricultura, ganadería y pesca
2019,0	5	50025	Almunia de Doña Godina (La)	2	Temporal	1	Agricultura, ganadería y pesca
2019,0	1	50025	Almunia de Doña Godina (La)	3	Sin clasificar	1	Agricultura, ganadería y pesca
2019,0	9	50025	Almunia de Doña Godina (La)	1	Indefinido	2	Industria y energía
2019,0	16	50025	Almunia de Doña Godina (La)	2	Temporal	2	Industria y energía
2019,0	1	50025	Almunia de Doña Godina (La)	3	Sin clasificar	2	Industria y energía
2019,0	3	50025	Almunia de Doña Godina (La)	1	Indefinido	3	Construcción
2019,0	5	50025	Almunia de Doña Godina (La)	2	Temporal	3	Construcción
2019,0	1	50025	Almunia de Doña Godina (La)	3	Sin clasificar	3	Construcción
2019,0	39	50025	Almunia de Doña Godina (La)	1	Indefinido	4	Servicios
2019,0	56	50025	Almunia de Doña Godina (La)	2	Temporal	4	Servicios
2019,0	1	50025	Almunia de Doña Godina (La)	3	Sin clasificar	4	Servicios
2019,0	1	50067	Calatayud	1	Indefinido	1	Agricultura, ganadería y pesca
2019,0	7	50067	Calatayud	2	Temporal	1	Agricultura, ganadería y pesca
2019,0	1	50067	Calatayud	3	Sin clasificar	1	Agricultura, ganadería y pesca
2019,0	15	50067	Calatayud	1	Indefinido	2	Industria y energía
2019,0	8	50067	Calatayud	2	Temporal	2	Industria y energía
2019,0	7	50067	Calatayud	1	Indefinido	3	Construcción
2019,0	11	50067	Calatayud	2	Temporal	3	Construcción
2019,0	3	50067	Calatayud	3	Sin clasificar	3	Construcción
2019,0	76	50067	Calatayud	1	Indefinido	4	Servicios
2019,0	57	50067	Calatayud	2	Temporal	4	Servicios
2019,0	5	50067	Calatayud	3	Sin clasificar	4	Servicios
2019,0	12	50074	Caspe	1	Indefinido	1	Agricultura, ganadería y pesca
2019,0	22	50074	Caspe	2	Temporal	1	Agricultura, ganadería y pesca
2019,0	7	50074	Caspe	3	Sin clasificar	1	Agricultura, ganadería y pesca
2019,0	6	50074	Caspe	1	Indefinido	2	Industria y energía
2019,0	4	50074	Caspe	2	Temporal	2	Industria y energía
2019,0	4	50074	Caspe	1	Indefinido	3	Construcción
2019,0	4	50074	Caspe	2	Temporal	3	Construcción
2019,0	1	50074	Caspe	3	Sin clasificar	3	Construcción
2019,0	16	50074	Caspe	1	Indefinido	4	Servicios
2019,0	19	50074	Caspe	2	Temporal	4	Servicios
2019,0	3	50074	Caspe	3	Sin clasificar	4	Servicios
2019,0	64	50089	Cuarte de Huerva	1	Indefinido	2	Industria y energía
2019,0	19	50089	Cuarte de Huerva	2	Temporal	2	Industria y energía
2019,0	3	50089	Cuarte de Huerva	3	Sin clasificar	2	Industria y energía
2019,0	12	50089	Cuarte de Huerva	1	Indefinido	3	Construcción
2019,0	26	50089	Cuarte de Huerva	2	Temporal	3	Construcción
2019,0	4	50089	Cuarte de Huerva	3	Sin clasificar	3	Construcción
2019,0	53	50089	Cuarte de Huerva	1	Indefinido	4	Servicios
2019,0	46	50089	Cuarte de Huerva	2	Temporal	4	Servicios
2019,0	5	50089	Cuarte de Huerva	3	Sin clasificar	4	Servicios
2019,0	28	50095	Ejea de los Caballeros	1	Indefinido	1	Agricultura, ganadería y pesca
2019,0	14	50095	Ejea de los Caballeros	2	Temporal	1	Agricultura, ganadería y pesca
2019,0	6	50095	Ejea de los Caballeros	3	Sin clasificar	1	Agricultura, ganadería y pesca
2019,0	98	50095	Ejea de los Caballeros	1	Indefinido	2	Industria y energía
2019,0	53	50095	Ejea de los Caballeros	2	Temporal	2	Industria y energía
2019,0	24	50095	Ejea de los Caballeros	3	Sin clasificar	2	Industria y energía
2019,0	12	50095	Ejea de los Caballeros	1	Indefinido	3	Construcción
2019,0	16	50095	Ejea de los Caballeros	2	Temporal	3	Construcción
2019,0	2	50095	Ejea de los Caballeros	3	Sin clasificar	3	Construcción
2019,0	33	50095	Ejea de los Caballeros	1	Indefinido	4	Servicios
2019,0	16	50095	Ejea de los Caballeros	2	Temporal	4	Servicios
2019,0	3	50095	Ejea de los Caballeros	3	Sin clasificar	4	Servicios
2019,0	1	50163	María de Huerva	1	Indefinido	1	Agricultura, ganadería y pesca
2019,0	16	50163	María de Huerva	1	Indefinido	2	Industria y energía
2019,0	6	50163	María de Huerva	2	Temporal	2	Industria y energía
2019,0	1	50163	María de Huerva	3	Sin clasificar	2	Industria y energía
2019,0	1	50163	María de Huerva	2	Temporal	3	Construcción
2019,0	6	50163	María de Huerva	1	Indefinido	4	Servicios
2019,0	5	50163	María de Huerva	2	Temporal	4	Servicios
2019,0	3	50182	Muela (La)	1	Indefinido	1	Agricultura, ganadería y pesca
2019,0	4	50182	Muela (La)	2	Temporal	1	Agricultura, ganadería y pesca
2019,0	80	50182	Muela (La)	1	Indefinido	2	Industria y energía
2019,0	29	50182	Muela (La)	2	Temporal	2	Industria y energía
2019,0	1	50182	Muela (La)	3	Sin clasificar	2	Industria y energía
2019,0	9	50182	Muela (La)	1	Indefinido	3	Construcción
2019,0	9	50182	Muela (La)	2	Temporal	3	Construcción
2019,0	1	50182	Muela (La)	3	Sin clasificar	3	Construcción
2019,0	72	50182	Muela (La)	1	Indefinido	4	Servicios
2019,0	33	50182	Muela (La)	2	Temporal	4	Servicios
2019,0	1	50182	Muela (La)	3	Sin clasificar	4	Servicios
2019,0	1	50219	Puebla de Alfindén (La)	3	Sin clasificar	1	Agricultura, ganadería y pesca
2019,0	66	50219	Puebla de Alfindén (La)	1	Indefinido	2	Industria y energía
2019,0	43	50219	Puebla de Alfindén (La)	2	Temporal	2	Industria y energía
2019,0	3	50219	Puebla de Alfindén (La)	3	Sin clasificar	2	Industria y energía
2019,0	11	50219	Puebla de Alfindén (La)	1	Indefinido	3	Construcción
2019,0	17	50219	Puebla de Alfindén (La)	2	Temporal	3	Construcción
2019,0	4	50219	Puebla de Alfindén (La)	3	Sin clasificar	3	Construcción
2019,0	54	50219	Puebla de Alfindén (La)	1	Indefinido	4	Servicios
2019,0	32	50219	Puebla de Alfindén (La)	2	Temporal	4	Servicios
2019,0	3	50219	Puebla de Alfindén (La)	3	Sin clasificar	4	Servicios
2019,0	4	50251	Tarazona	1	Indefinido	1	Agricultura, ganadería y pesca
2019,0	3	50251	Tarazona	2	Temporal	1	Agricultura, ganadería y pesca
2019,0	42	50251	Tarazona	1	Indefinido	2	Industria y energía
2019,0	27	50251	Tarazona	2	Temporal	2	Industria y energía
2019,0	2	50251	Tarazona	3	Sin clasificar	2	Industria y energía
2019,0	3	50251	Tarazona	1	Indefinido	3	Construcción
2019,0	6	50251	Tarazona	2	Temporal	3	Construcción
2019,0	2	50251	Tarazona	3	Sin clasificar	3	Construcción
2019,0	19	50251	Tarazona	1	Indefinido	4	Servicios
2019,0	29	50251	Tarazona	2	Temporal	4	Servicios
2019,0	9	50251	Tarazona	3	Sin clasificar	4	Servicios
2019,0	22	50252	Tauste	1	Indefinido	1	Agricultura, ganadería y pesca
2019,0	11	50252	Tauste	2	Temporal	1	Agricultura, ganadería y pesca
2019,0	7	50252	Tauste	3	Sin clasificar	1	Agricultura, ganadería y pesca
2019,0	33	50252	Tauste	1	Indefinido	2	Industria y energía
2019,0	27	50252	Tauste	2	Temporal	2	Industria y energía
2019,0	3	50252	Tauste	3	Sin clasificar	2	Industria y energía
2019,0	4	50252	Tauste	1	Indefinido	3	Construcción
2019,0	3	50252	Tauste	2	Temporal	3	Construcción
2019,0	2	50252	Tauste	3	Sin clasificar	3	Construcción
2019,0	16	50252	Tauste	1	Indefinido	4	Servicios
2019,0	9	50252	Tauste	2	Temporal	4	Servicios
2019,0	1	50252	Tauste	3	Sin clasificar	4	Servicios
2019,0	9	50272	Utebo	2	Temporal	1	Agricultura, ganadería y pesca
2019,0	89	50272	Utebo	1	Indefinido	2	Industria y energía
2019,0	49	50272	Utebo	2	Temporal	2	Industria y energía
2019,0	2	50272	Utebo	3	Sin clasificar	2	Industria y energía
2019,0	6	50272	Utebo	1	Indefinido	3	Construcción
2019,0	13	50272	Utebo	2	Temporal	3	Construcción
2019,0	3	50272	Utebo	3	Sin clasificar	3	Construcción
2019,0	64	50272	Utebo	1	Indefinido	4	Servicios
2019,0	37	50272	Utebo	2	Temporal	4	Servicios
2019,0	5	50272	Utebo	3	Sin clasificar	4	Servicios
2019,0	61	50297	Zaragoza	1	Indefinido	1	Agricultura, ganadería y pesca
2019,0	27	50297	Zaragoza	2	Temporal	1	Agricultura, ganadería y pesca
2019,0	5	50297	Zaragoza	3	Sin clasificar	1	Agricultura, ganadería y pesca
2019,0	971	50297	Zaragoza	1	Indefinido	2	Industria y energía
2019,0	453	50297	Zaragoza	2	Temporal	2	Industria y energía
2019,0	19	50297	Zaragoza	3	Sin clasificar	2	Industria y energía
2019,0	309	50297	Zaragoza	1	Indefinido	3	Construcción
2019,0	366	50297	Zaragoza	2	Temporal	3	Construcción
2019,0	71	50297	Zaragoza	3	Sin clasificar	3	Construcción
2019,0	2603	50297	Zaragoza	1	Indefinido	4	Servicios
2019,0	1436	50297	Zaragoza	2	Temporal	4	Servicios
2019,0	184	50297	Zaragoza	3	Sin clasificar	4	Servicios
2019,0	1	50298	Zuera	1	Indefinido	1	Agricultura, ganadería y pesca
2019,0	1	50298	Zuera	2	Temporal	1	Agricultura, ganadería y pesca
2019,0	1	50298	Zuera	3	Sin clasificar	1	Agricultura, ganadería y pesca
2019,0	178	50298	Zuera	1	Indefinido	2	Industria y energía
2019,0	35	50298	Zuera	2	Temporal	2	Industria y energía
2019,0	12	50298	Zuera	3	Sin clasificar	2	Industria y energía
2019,0	2	50298	Zuera	1	Indefinido	3	Construcción
2019,0	1	50298	Zuera	2	Temporal	3	Construcción
2019,0	3	50298	Zuera	3	Sin clasificar	3	Construcción
2019,0	41	50298	Zuera	1	Indefinido	4	Servicios
2019,0	22	50298	Zuera	2	Temporal	4	Servicios
2019,0	7	50298	Zuera	3	Sin clasificar	4	Servicios
2015,0	1	22048	Barbastro	1	Indefinido	1	Agricultura, ganadería y pesca
2015,0	7	22048	Barbastro	2	Temporal	1	Agricultura, ganadería y pesca
2015,0	2	22048	Barbastro	3	Sin clasificar	1	Agricultura, ganadería y pesca
2015,0	18	22048	Barbastro	1	Indefinido	2	Industria y energía
2015,0	22	22048	Barbastro	2	Temporal	2	Industria y energía
2015,0	13	22048	Barbastro	1	Indefinido	3	Construcción
2015,0	8	22048	Barbastro	2	Temporal	3	Construcción
2015,0	2	22048	Barbastro	3	Sin clasificar	3	Construcción
2015,0	56	22048	Barbastro	1	Indefinido	4	Servicios
2015,0	39	22048	Barbastro	2	Temporal	4	Servicios
2015,0	2	22048	Barbastro	3	Sin clasificar	4	Servicios
2015,0	3	22061	Binéfar	1	Indefinido	1	Agricultura, ganadería y pesca
2015,0	4	22061	Binéfar	2	Temporal	1	Agricultura, ganadería y pesca
2015,0	46	22061	Binéfar	1	Indefinido	2	Industria y energía
2015,0	24	22061	Binéfar	2	Temporal	2	Industria y energía
2015,0	9	22061	Binéfar	1	Indefinido	3	Construcción
2015,0	8	22061	Binéfar	2	Temporal	3	Construcción
2015,0	2	22061	Binéfar	3	Sin clasificar	3	Construcción
2015,0	30	22061	Binéfar	1	Indefinido	4	Servicios
2015,0	10	22061	Binéfar	2	Temporal	4	Servicios
2015,0	26	22112	Fraga	1	Indefinido	1	Agricultura, ganadería y pesca
2015,0	39	22112	Fraga	2	Temporal	1	Agricultura, ganadería y pesca
2015,0	5	22112	Fraga	3	Sin clasificar	1	Agricultura, ganadería y pesca
2015,0	28	22112	Fraga	1	Indefinido	2	Industria y energía
2015,0	12	22112	Fraga	2	Temporal	2	Industria y energía
2015,0	11	22112	Fraga	1	Indefinido	3	Construcción
2015,0	20	22112	Fraga	2	Temporal	3	Construcción
2015,0	45	22112	Fraga	1	Indefinido	4	Servicios
2015,0	29	22112	Fraga	2	Temporal	4	Servicios
2015,0	2	22112	Fraga	3	Sin clasificar	4	Servicios
2015,0	20	22125	Huesca	1	Indefinido	1	Agricultura, ganadería y pesca
2015,0	3	22125	Huesca	2	Temporal	1	Agricultura, ganadería y pesca
2015,0	40	22125	Huesca	1	Indefinido	2	Industria y energía
2015,0	27	22125	Huesca	2	Temporal	2	Industria y energía
2015,0	33	22125	Huesca	1	Indefinido	3	Construcción
2015,0	24	22125	Huesca	2	Temporal	3	Construcción
2015,0	6	22125	Huesca	3	Sin clasificar	3	Construcción
2015,0	250	22125	Huesca	1	Indefinido	4	Servicios
2015,0	134	22125	Huesca	2	Temporal	4	Servicios
2015,0	2	22125	Huesca	3	Sin clasificar	4	Servicios
2015,0	2	22130	Jaca	2	Temporal	1	Agricultura, ganadería y pesca
2015,0	1	22130	Jaca	1	Indefinido	2	Industria y energía
2015,0	5	22130	Jaca	1	Indefinido	3	Construcción
2015,0	5	22130	Jaca	2	Temporal	3	Construcción
2015,0	1	22130	Jaca	3	Sin clasificar	3	Construcción
2015,0	42	22130	Jaca	1	Indefinido	4	Servicios
2015,0	20	22130	Jaca	2	Temporal	4	Servicios
2015,0	1	22130	Jaca	3	Sin clasificar	4	Servicios
2015,0	2	22158	Monzón	1	Indefinido	1	Agricultura, ganadería y pesca
2015,0	2	22158	Monzón	2	Temporal	1	Agricultura, ganadería y pesca
2015,0	2	22158	Monzón	3	Sin clasificar	1	Agricultura, ganadería y pesca
2015,0	55	22158	Monzón	1	Indefinido	2	Industria y energía
2015,0	48	22158	Monzón	2	Temporal	2	Industria y energía
2015,0	10	22158	Monzón	1	Indefinido	3	Construcción
2015,0	12	22158	Monzón	2	Temporal	3	Construcción
2015,0	1	22158	Monzón	3	Sin clasificar	3	Construcción
2015,0	58	22158	Monzón	1	Indefinido	4	Servicios
2015,0	31	22158	Monzón	2	Temporal	4	Servicios
2015,0	2	22158	Monzón	3	Sin clasificar	4	Servicios
2015,0	2	22199	Sabiñánigo	1	Indefinido	1	Agricultura, ganadería y pesca
2015,0	4	22199	Sabiñánigo	1	Indefinido	2	Industria y energía
2015,0	6	22199	Sabiñánigo	2	Temporal	2	Industria y energía
2015,0	1	22199	Sabiñánigo	1	Indefinido	3	Construcción
2015,0	7	22199	Sabiñánigo	2	Temporal	3	Construcción
2015,0	1	22199	Sabiñánigo	3	Sin clasificar	3	Construcción
2015,0	12	22199	Sabiñánigo	1	Indefinido	4	Servicios
2015,0	7	22199	Sabiñánigo	2	Temporal	4	Servicios
2015,0	4	44013	Alcañiz	1	Indefinido	1	Agricultura, ganadería y pesca
2015,0	8	44013	Alcañiz	2	Temporal	1	Agricultura, ganadería y pesca
2015,0	1	44013	Alcañiz	3	Sin clasificar	1	Agricultura, ganadería y pesca
2015,0	18	44013	Alcañiz	1	Indefinido	2	Industria y energía
2015,0	8	44013	Alcañiz	2	Temporal	2	Industria y energía
2015,0	2	44013	Alcañiz	1	Indefinido	3	Construcción
2015,0	1	44013	Alcañiz	2	Temporal	3	Construcción
2015,0	36	44013	Alcañiz	1	Indefinido	4	Servicios
2015,0	12	44013	Alcañiz	2	Temporal	4	Servicios
2015,0	1	44013	Alcañiz	3	Sin clasificar	4	Servicios
2015,0	2	44025	Andorra	2	Temporal	1	Agricultura, ganadería y pesca
2015,0	7	44025	Andorra	1	Indefinido	2	Industria y energía
2015,0	6	44025	Andorra	2	Temporal	2	Industria y energía
2015,0	2	44025	Andorra	1	Indefinido	3	Construcción
2015,0	6	44025	Andorra	2	Temporal	3	Construcción
2015,0	15	44025	Andorra	1	Indefinido	4	Servicios
2015,0	7	44025	Andorra	2	Temporal	4	Servicios
2015,0	16	44216	Teruel	1	Indefinido	1	Agricultura, ganadería y pesca
2015,0	7	44216	Teruel	2	Temporal	1	Agricultura, ganadería y pesca
2015,0	4	44216	Teruel	3	Sin clasificar	1	Agricultura, ganadería y pesca
2015,0	58	44216	Teruel	1	Indefinido	2	Industria y energía
2015,0	13	44216	Teruel	2	Temporal	2	Industria y energía
2015,0	19	44216	Teruel	1	Indefinido	3	Construcción
2015,0	15	44216	Teruel	2	Temporal	3	Construcción
2015,0	2	44216	Teruel	3	Sin clasificar	3	Construcción
2015,0	111	44216	Teruel	1	Indefinido	4	Servicios
2015,0	62	44216	Teruel	2	Temporal	4	Servicios
2015,0	6	44216	Teruel	3	Sin clasificar	4	Servicios
2015,0	1	50008	Alagón	1	Indefinido	1	Agricultura, ganadería y pesca
2015,0	3	50008	Alagón	2	Temporal	1	Agricultura, ganadería y pesca
2015,0	19	50008	Alagón	1	Indefinido	2	Industria y energía
2015,0	2	50008	Alagón	2	Temporal	2	Industria y energía
2015,0	2	50008	Alagón	1	Indefinido	3	Construcción
2015,0	15	50008	Alagón	1	Indefinido	4	Servicios
2015,0	7	50008	Alagón	2	Temporal	4	Servicios
2015,0	2	50025	Almunia de Doña Godina (La)	1	Indefinido	1	Agricultura, ganadería y pesca
2015,0	12	50025	Almunia de Doña Godina (La)	2	Temporal	1	Agricultura, ganadería y pesca
2015,0	1	50025	Almunia de Doña Godina (La)	3	Sin clasificar	1	Agricultura, ganadería y pesca
2015,0	12	50025	Almunia de Doña Godina (La)	1	Indefinido	2	Industria y energía
2015,0	3	50025	Almunia de Doña Godina (La)	2	Temporal	2	Industria y energía
2015,0	1	50025	Almunia de Doña Godina (La)	3	Sin clasificar	2	Industria y energía
2015,0	3	50025	Almunia de Doña Godina (La)	1	Indefinido	3	Construcción
2015,0	1	50025	Almunia de Doña Godina (La)	2	Temporal	3	Construcción
2015,0	39	50025	Almunia de Doña Godina (La)	1	Indefinido	4	Servicios
2015,0	30	50025	Almunia de Doña Godina (La)	2	Temporal	4	Servicios
2015,0	3	50067	Calatayud	1	Indefinido	1	Agricultura, ganadería y pesca
2015,0	4	50067	Calatayud	2	Temporal	1	Agricultura, ganadería y pesca
2015,0	3	50067	Calatayud	3	Sin clasificar	1	Agricultura, ganadería y pesca
2015,0	20	50067	Calatayud	1	Indefinido	2	Industria y energía
2015,0	14	50067	Calatayud	2	Temporal	2	Industria y energía
2015,0	12	50067	Calatayud	1	Indefinido	3	Construcción
2015,0	7	50067	Calatayud	2	Temporal	3	Construcción
2015,0	2	50067	Calatayud	3	Sin clasificar	3	Construcción
2015,0	40	50067	Calatayud	1	Indefinido	4	Servicios
2015,0	43	50067	Calatayud	2	Temporal	4	Servicios
2015,0	1	50067	Calatayud	3	Sin clasificar	4	Servicios
2015,0	2	50074	Caspe	1	Indefinido	1	Agricultura, ganadería y pesca
2015,0	24	50074	Caspe	2	Temporal	1	Agricultura, ganadería y pesca
2015,0	3	50074	Caspe	1	Indefinido	2	Industria y energía
2015,0	1	50074	Caspe	2	Temporal	2	Industria y energía
2015,0	4	50074	Caspe	1	Indefinido	3	Construcción
2015,0	2	50074	Caspe	2	Temporal	3	Construcción
2015,0	30	50074	Caspe	1	Indefinido	4	Servicios
2015,0	18	50074	Caspe	2	Temporal	4	Servicios
2015,0	3	50089	Cuarte de Huerva	1	Indefinido	1	Agricultura, ganadería y pesca
2015,0	1	50089	Cuarte de Huerva	2	Temporal	1	Agricultura, ganadería y pesca
2015,0	48	50089	Cuarte de Huerva	1	Indefinido	2	Industria y energía
2015,0	28	50089	Cuarte de Huerva	2	Temporal	2	Industria y energía
2015,0	1	50089	Cuarte de Huerva	3	Sin clasificar	2	Industria y energía
2015,0	8	50089	Cuarte de Huerva	1	Indefinido	3	Construcción
2015,0	13	50089	Cuarte de Huerva	2	Temporal	3	Construcción
2015,0	2	50089	Cuarte de Huerva	3	Sin clasificar	3	Construcción
2015,0	50	50089	Cuarte de Huerva	1	Indefinido	4	Servicios
2015,0	21	50089	Cuarte de Huerva	2	Temporal	4	Servicios
2015,0	2	50089	Cuarte de Huerva	3	Sin clasificar	4	Servicios
2015,0	19	50095	Ejea de los Caballeros	1	Indefinido	1	Agricultura, ganadería y pesca
2015,0	18	50095	Ejea de los Caballeros	2	Temporal	1	Agricultura, ganadería y pesca
2015,0	2	50095	Ejea de los Caballeros	3	Sin clasificar	1	Agricultura, ganadería y pesca
2015,0	58	50095	Ejea de los Caballeros	1	Indefinido	2	Industria y energía
2015,0	34	50095	Ejea de los Caballeros	2	Temporal	2	Industria y energía
2015,0	10	50095	Ejea de los Caballeros	1	Indefinido	3	Construcción
2015,0	8	50095	Ejea de los Caballeros	2	Temporal	3	Construcción
2015,0	30	50095	Ejea de los Caballeros	1	Indefinido	4	Servicios
2015,0	25	50095	Ejea de los Caballeros	2	Temporal	4	Servicios
2015,0	12	50163	María de Huerva	1	Indefinido	2	Industria y energía
2015,0	4	50163	María de Huerva	2	Temporal	2	Industria y energía
2015,0	3	50163	María de Huerva	1	Indefinido	3	Construcción
2015,0	1	50163	María de Huerva	2	Temporal	3	Construcción
2015,0	1	50163	María de Huerva	3	Sin clasificar	3	Construcción
2015,0	5	50163	María de Huerva	1	Indefinido	4	Servicios
2015,0	6	50163	María de Huerva	2	Temporal	4	Servicios
2015,0	4	50163	María de Huerva	3	Sin clasificar	4	Servicios
2015,0	2	50182	Muela (La)	1	Indefinido	1	Agricultura, ganadería y pesca
2015,0	2	50182	Muela (La)	2	Temporal	1	Agricultura, ganadería y pesca
2015,0	1	50182	Muela (La)	3	Sin clasificar	1	Agricultura, ganadería y pesca
2015,0	43	50182	Muela (La)	1	Indefinido	2	Industria y energía
2015,0	21	50182	Muela (La)	2	Temporal	2	Industria y energía
2015,0	6	50182	Muela (La)	1	Indefinido	3	Construcción
2015,0	4	50182	Muela (La)	2	Temporal	3	Construcción
2015,0	66	50182	Muela (La)	1	Indefinido	4	Servicios
2015,0	23	50182	Muela (La)	2	Temporal	4	Servicios
2015,0	3	50182	Muela (La)	3	Sin clasificar	4	Servicios
2015,0	1	50219	Puebla de Alfindén (La)	1	Indefinido	1	Agricultura, ganadería y pesca
2015,0	80	50219	Puebla de Alfindén (La)	1	Indefinido	2	Industria y energía
2015,0	34	50219	Puebla de Alfindén (La)	2	Temporal	2	Industria y energía
2015,0	1	50219	Puebla de Alfindén (La)	3	Sin clasificar	2	Industria y energía
2015,0	5	50219	Puebla de Alfindén (La)	1	Indefinido	3	Construcción
2015,0	4	50219	Puebla de Alfindén (La)	2	Temporal	3	Construcción
2015,0	1	50219	Puebla de Alfindén (La)	3	Sin clasificar	3	Construcción
2015,0	41	50219	Puebla de Alfindén (La)	1	Indefinido	4	Servicios
2015,0	20	50219	Puebla de Alfindén (La)	2	Temporal	4	Servicios
2015,0	6	50251	Tarazona	1	Indefinido	1	Agricultura, ganadería y pesca
2015,0	1	50251	Tarazona	3	Sin clasificar	1	Agricultura, ganadería y pesca
2015,0	28	50251	Tarazona	1	Indefinido	2	Industria y energía
2015,0	13	50251	Tarazona	2	Temporal	2	Industria y energía
2015,0	1	50251	Tarazona	3	Sin clasificar	2	Industria y energía
2015,0	6	50251	Tarazona	1	Indefinido	3	Construcción
2015,0	8	50251	Tarazona	2	Temporal	3	Construcción
2015,0	29	50251	Tarazona	1	Indefinido	4	Servicios
2015,0	15	50251	Tarazona	2	Temporal	4	Servicios
2015,0	20	50252	Tauste	1	Indefinido	1	Agricultura, ganadería y pesca
2015,0	12	50252	Tauste	2	Temporal	1	Agricultura, ganadería y pesca
2015,0	22	50252	Tauste	1	Indefinido	2	Industria y energía
2015,0	16	50252	Tauste	2	Temporal	2	Industria y energía
2015,0	8	50252	Tauste	1	Indefinido	3	Construcción
2015,0	4	50252	Tauste	2	Temporal	3	Construcción
2015,0	16	50252	Tauste	1	Indefinido	4	Servicios
2015,0	12	50252	Tauste	2	Temporal	4	Servicios
2015,0	1	50272	Utebo	1	Indefinido	1	Agricultura, ganadería y pesca
2015,0	3	50272	Utebo	2	Temporal	1	Agricultura, ganadería y pesca
2015,0	58	50272	Utebo	1	Indefinido	2	Industria y energía
2015,0	18	50272	Utebo	2	Temporal	2	Industria y energía
2015,0	5	50272	Utebo	1	Indefinido	3	Construcción
2015,0	9	50272	Utebo	2	Temporal	3	Construcción
2015,0	43	50272	Utebo	1	Indefinido	4	Servicios
2015,0	9	50272	Utebo	2	Temporal	4	Servicios
2015,0	33	50297	Zaragoza	1	Indefinido	1	Agricultura, ganadería y pesca
2015,0	18	50297	Zaragoza	2	Temporal	1	Agricultura, ganadería y pesca
2015,0	1	50297	Zaragoza	3	Sin clasificar	1	Agricultura, ganadería y pesca
2015,0	819	50297	Zaragoza	1	Indefinido	2	Industria y energía
2015,0	309	50297	Zaragoza	2	Temporal	2	Industria y energía
2015,0	7	50297	Zaragoza	3	Sin clasificar	2	Industria y energía
2015,0	224	50297	Zaragoza	1	Indefinido	3	Construcción
2015,0	216	50297	Zaragoza	2	Temporal	3	Construcción
2015,0	13	50297	Zaragoza	3	Sin clasificar	3	Construcción
2015,0	2728	50297	Zaragoza	1	Indefinido	4	Servicios
2015,0	1144	50297	Zaragoza	2	Temporal	4	Servicios
2015,0	44	50297	Zaragoza	3	Sin clasificar	4	Servicios
2015,0	1	50298	Zuera	1	Indefinido	1	Agricultura, ganadería y pesca
2015,0	1	50298	Zuera	2	Temporal	1	Agricultura, ganadería y pesca
2015,0	43	50298	Zuera	1	Indefinido	2	Industria y energía
2015,0	24	50298	Zuera	2	Temporal	2	Industria y energía
2015,0	3	50298	Zuera	1	Indefinido	3	Construcción
2015,0	2	50298	Zuera	2	Temporal	3	Construcción
2015,0	31	50298	Zuera	1	Indefinido	4	Servicios
2015,0	13	50298	Zuera	2	Temporal	4	Servicios
2014,0	3	22048	Barbastro	1	Indefinido	1	Agricultura, ganadería y pesca
2014,0	10	22048	Barbastro	2	Temporal	1	Agricultura, ganadería y pesca
2014,0	18	22048	Barbastro	1	Indefinido	2	Industria y energía
2014,0	17	22048	Barbastro	2	Temporal	2	Industria y energía
2014,0	8	22048	Barbastro	1	Indefinido	3	Construcción
2014,0	3	22048	Barbastro	2	Temporal	3	Construcción
2014,0	64	22048	Barbastro	1	Indefinido	4	Servicios
2014,0	30	22048	Barbastro	2	Temporal	4	Servicios
2014,0	4	22048	Barbastro	3	Sin clasificar	4	Servicios
2014,0	4	22061	Binéfar	1	Indefinido	1	Agricultura, ganadería y pesca
2014,0	3	22061	Binéfar	2	Temporal	1	Agricultura, ganadería y pesca
2014,0	44	22061	Binéfar	1	Indefinido	2	Industria y energía
2014,0	15	22061	Binéfar	2	Temporal	2	Industria y energía
2014,0	12	22061	Binéfar	1	Indefinido	3	Construcción
2014,0	5	22061	Binéfar	2	Temporal	3	Construcción
2014,0	1	22061	Binéfar	3	Sin clasificar	3	Construcción
2014,0	28	22061	Binéfar	1	Indefinido	4	Servicios
2014,0	7	22061	Binéfar	2	Temporal	4	Servicios
2014,0	2	22061	Binéfar	3	Sin clasificar	4	Servicios
2014,0	8	22112	Fraga	1	Indefinido	1	Agricultura, ganadería y pesca
2014,0	43	22112	Fraga	2	Temporal	1	Agricultura, ganadería y pesca
2014,0	4	22112	Fraga	3	Sin clasificar	1	Agricultura, ganadería y pesca
2014,0	31	22112	Fraga	1	Indefinido	2	Industria y energía
2014,0	30	22112	Fraga	2	Temporal	2	Industria y energía
2014,0	6	22112	Fraga	1	Indefinido	3	Construcción
2014,0	15	22112	Fraga	2	Temporal	3	Construcción
2014,0	52	22112	Fraga	1	Indefinido	4	Servicios
2014,0	17	22112	Fraga	2	Temporal	4	Servicios
2014,0	2	22112	Fraga	3	Sin clasificar	4	Servicios
2014,0	27	22125	Huesca	1	Indefinido	1	Agricultura, ganadería y pesca
2014,0	8	22125	Huesca	2	Temporal	1	Agricultura, ganadería y pesca
2014,0	1	22125	Huesca	3	Sin clasificar	1	Agricultura, ganadería y pesca
2014,0	59	22125	Huesca	1	Indefinido	2	Industria y energía
2014,0	16	22125	Huesca	2	Temporal	2	Industria y energía
2014,0	1	22125	Huesca	3	Sin clasificar	2	Industria y energía
2014,0	29	22125	Huesca	1	Indefinido	3	Construcción
2014,0	21	22125	Huesca	2	Temporal	3	Construcción
2014,0	4	22125	Huesca	3	Sin clasificar	3	Construcción
2014,0	229	22125	Huesca	1	Indefinido	4	Servicios
2014,0	127	22125	Huesca	2	Temporal	4	Servicios
2014,0	3	22125	Huesca	3	Sin clasificar	4	Servicios
2014,0	1	22130	Jaca	3	Sin clasificar	1	Agricultura, ganadería y pesca
2014,0	7	22130	Jaca	1	Indefinido	2	Industria y energía
2014,0	9	22130	Jaca	1	Indefinido	3	Construcción
2014,0	2	22130	Jaca	2	Temporal	3	Construcción
2014,0	56	22130	Jaca	1	Indefinido	4	Servicios
2014,0	18	22130	Jaca	2	Temporal	4	Servicios
2014,0	2	22130	Jaca	3	Sin clasificar	4	Servicios
2014,0	2	22158	Monzón	1	Indefinido	1	Agricultura, ganadería y pesca
2014,0	2	22158	Monzón	2	Temporal	1	Agricultura, ganadería y pesca
2014,0	3	22158	Monzón	3	Sin clasificar	1	Agricultura, ganadería y pesca
2014,0	55	22158	Monzón	1	Indefinido	2	Industria y energía
2014,0	26	22158	Monzón	2	Temporal	2	Industria y energía
2014,0	10	22158	Monzón	1	Indefinido	3	Construcción
2014,0	3	22158	Monzón	2	Temporal	3	Construcción
2014,0	54	22158	Monzón	1	Indefinido	4	Servicios
2014,0	34	22158	Monzón	2	Temporal	4	Servicios
2014,0	2	22158	Monzón	3	Sin clasificar	4	Servicios
2014,0	2	22199	Sabiñánigo	1	Indefinido	1	Agricultura, ganadería y pesca
2014,0	1	22199	Sabiñánigo	2	Temporal	1	Agricultura, ganadería y pesca
2014,0	3	22199	Sabiñánigo	1	Indefinido	2	Industria y energía
2014,0	1	22199	Sabiñánigo	2	Temporal	2	Industria y energía
2014,0	13	22199	Sabiñánigo	1	Indefinido	3	Construcción
2014,0	7	22199	Sabiñánigo	2	Temporal	3	Construcción
2014,0	1	22199	Sabiñánigo	3	Sin clasificar	3	Construcción
2014,0	15	22199	Sabiñánigo	1	Indefinido	4	Servicios
2014,0	8	22199	Sabiñánigo	2	Temporal	4	Servicios
2014,0	1	22199	Sabiñánigo	3	Sin clasificar	4	Servicios
2014,0	6	44013	Alcañiz	2	Temporal	1	Agricultura, ganadería y pesca
2014,0	4	44013	Alcañiz	3	Sin clasificar	1	Agricultura, ganadería y pesca
2014,0	19	44013	Alcañiz	1	Indefinido	2	Industria y energía
2014,0	6	44013	Alcañiz	2	Temporal	2	Industria y energía
2014,0	6	44013	Alcañiz	1	Indefinido	3	Construcción
2014,0	12	44013	Alcañiz	2	Temporal	3	Construcción
2014,0	57	44013	Alcañiz	1	Indefinido	4	Servicios
2014,0	24	44013	Alcañiz	2	Temporal	4	Servicios
2014,0	1	44013	Alcañiz	3	Sin clasificar	4	Servicios
2014,0	6	44025	Andorra	1	Indefinido	2	Industria y energía
2014,0	2	44025	Andorra	2	Temporal	2	Industria y energía
2014,0	2	44025	Andorra	1	Indefinido	3	Construcción
2014,0	9	44025	Andorra	2	Temporal	3	Construcción
2014,0	24	44025	Andorra	1	Indefinido	4	Servicios
2014,0	7	44025	Andorra	2	Temporal	4	Servicios
2014,0	20	44216	Teruel	1	Indefinido	1	Agricultura, ganadería y pesca
2014,0	10	44216	Teruel	2	Temporal	1	Agricultura, ganadería y pesca
2014,0	2	44216	Teruel	3	Sin clasificar	1	Agricultura, ganadería y pesca
2014,0	63	44216	Teruel	1	Indefinido	2	Industria y energía
2014,0	16	44216	Teruel	2	Temporal	2	Industria y energía
2014,0	1	44216	Teruel	3	Sin clasificar	2	Industria y energía
2014,0	20	44216	Teruel	1	Indefinido	3	Construcción
2014,0	11	44216	Teruel	2	Temporal	3	Construcción
2014,0	6	44216	Teruel	3	Sin clasificar	3	Construcción
2014,0	124	44216	Teruel	1	Indefinido	4	Servicios
2014,0	70	44216	Teruel	2	Temporal	4	Servicios
2014,0	7	44216	Teruel	3	Sin clasificar	4	Servicios
2014,0	6	50008	Alagón	2	Temporal	1	Agricultura, ganadería y pesca
2014,0	23	50008	Alagón	1	Indefinido	2	Industria y energía
2014,0	3	50008	Alagón	2	Temporal	2	Industria y energía
2014,0	4	50008	Alagón	1	Indefinido	3	Construcción
2014,0	3	50008	Alagón	2	Temporal	3	Construcción
2014,0	1	50008	Alagón	3	Sin clasificar	3	Construcción
2014,0	10	50008	Alagón	1	Indefinido	4	Servicios
2014,0	10	50008	Alagón	2	Temporal	4	Servicios
2014,0	1	50008	Alagón	3	Sin clasificar	4	Servicios
2014,0	3	50025	Almunia de Doña Godina (La)	1	Indefinido	1	Agricultura, ganadería y pesca
2014,0	25	50025	Almunia de Doña Godina (La)	2	Temporal	1	Agricultura, ganadería y pesca
2014,0	11	50025	Almunia de Doña Godina (La)	1	Indefinido	2	Industria y energía
2014,0	11	50025	Almunia de Doña Godina (La)	2	Temporal	2	Industria y energía
2014,0	1	50025	Almunia de Doña Godina (La)	1	Indefinido	3	Construcción
2014,0	1	50025	Almunia de Doña Godina (La)	2	Temporal	3	Construcción
2014,0	40	50025	Almunia de Doña Godina (La)	1	Indefinido	4	Servicios
2014,0	18	50025	Almunia de Doña Godina (La)	2	Temporal	4	Servicios
2014,0	2	50067	Calatayud	1	Indefinido	1	Agricultura, ganadería y pesca
2014,0	6	50067	Calatayud	2	Temporal	1	Agricultura, ganadería y pesca
2014,0	1	50067	Calatayud	3	Sin clasificar	1	Agricultura, ganadería y pesca
2014,0	11	50067	Calatayud	1	Indefinido	2	Industria y energía
2014,0	6	50067	Calatayud	2	Temporal	2	Industria y energía
2014,0	7	50067	Calatayud	1	Indefinido	3	Construcción
2014,0	8	50067	Calatayud	2	Temporal	3	Construcción
2014,0	56	50067	Calatayud	1	Indefinido	4	Servicios
2014,0	44	50067	Calatayud	2	Temporal	4	Servicios
2014,0	5	50074	Caspe	1	Indefinido	1	Agricultura, ganadería y pesca
2014,0	16	50074	Caspe	2	Temporal	1	Agricultura, ganadería y pesca
2014,0	1	50074	Caspe	3	Sin clasificar	1	Agricultura, ganadería y pesca
2014,0	3	50074	Caspe	1	Indefinido	2	Industria y energía
2014,0	2	50074	Caspe	2	Temporal	2	Industria y energía
2014,0	1	50074	Caspe	1	Indefinido	3	Construcción
2014,0	2	50074	Caspe	2	Temporal	3	Construcción
2014,0	22	50074	Caspe	1	Indefinido	4	Servicios
2014,0	9	50074	Caspe	2	Temporal	4	Servicios
2014,0	1	50089	Cuarte de Huerva	1	Indefinido	1	Agricultura, ganadería y pesca
2014,0	1	50089	Cuarte de Huerva	2	Temporal	1	Agricultura, ganadería y pesca
2014,0	50	50089	Cuarte de Huerva	1	Indefinido	2	Industria y energía
2014,0	18	50089	Cuarte de Huerva	2	Temporal	2	Industria y energía
2014,0	1	50089	Cuarte de Huerva	3	Sin clasificar	2	Industria y energía
2014,0	10	50089	Cuarte de Huerva	1	Indefinido	3	Construcción
2014,0	8	50089	Cuarte de Huerva	2	Temporal	3	Construcción
2014,0	1	50089	Cuarte de Huerva	3	Sin clasificar	3	Construcción
2014,0	59	50089	Cuarte de Huerva	1	Indefinido	4	Servicios
2014,0	27	50089	Cuarte de Huerva	2	Temporal	4	Servicios
2014,0	3	50089	Cuarte de Huerva	3	Sin clasificar	4	Servicios
2014,0	13	50095	Ejea de los Caballeros	1	Indefinido	1	Agricultura, ganadería y pesca
2014,0	20	50095	Ejea de los Caballeros	2	Temporal	1	Agricultura, ganadería y pesca
2014,0	5	50095	Ejea de los Caballeros	3	Sin clasificar	1	Agricultura, ganadería y pesca
2014,0	35	50095	Ejea de los Caballeros	1	Indefinido	2	Industria y energía
2014,0	25	50095	Ejea de los Caballeros	2	Temporal	2	Industria y energía
2014,0	5	50095	Ejea de los Caballeros	1	Indefinido	3	Construcción
2014,0	10	50095	Ejea de los Caballeros	2	Temporal	3	Construcción
2014,0	27	50095	Ejea de los Caballeros	1	Indefinido	4	Servicios
2014,0	18	50095	Ejea de los Caballeros	2	Temporal	4	Servicios
2014,0	2	50095	Ejea de los Caballeros	3	Sin clasificar	4	Servicios
2014,0	7	50163	María de Huerva	1	Indefinido	2	Industria y energía
2014,0	4	50163	María de Huerva	2	Temporal	2	Industria y energía
2014,0	1	50163	María de Huerva	2	Temporal	3	Construcción
2014,0	2	50163	María de Huerva	3	Sin clasificar	3	Construcción
2014,0	7	50163	María de Huerva	1	Indefinido	4	Servicios
2014,0	2	50163	María de Huerva	2	Temporal	4	Servicios
2014,0	1	50182	Muela (La)	2	Temporal	1	Agricultura, ganadería y pesca
2014,0	52	50182	Muela (La)	1	Indefinido	2	Industria y energía
2014,0	19	50182	Muela (La)	2	Temporal	2	Industria y energía
2014,0	6	50182	Muela (La)	1	Indefinido	3	Construcción
2014,0	3	50182	Muela (La)	2	Temporal	3	Construcción
2014,0	54	50182	Muela (La)	1	Indefinido	4	Servicios
2014,0	25	50182	Muela (La)	2	Temporal	4	Servicios
2014,0	64	50219	Puebla de Alfindén (La)	1	Indefinido	2	Industria y energía
2014,0	26	50219	Puebla de Alfindén (La)	2	Temporal	2	Industria y energía
2014,0	1	50219	Puebla de Alfindén (La)	3	Sin clasificar	2	Industria y energía
2014,0	5	50219	Puebla de Alfindén (La)	1	Indefinido	3	Construcción
2014,0	3	50219	Puebla de Alfindén (La)	2	Temporal	3	Construcción
2014,0	36	50219	Puebla de Alfindén (La)	1	Indefinido	4	Servicios
2014,0	16	50219	Puebla de Alfindén (La)	2	Temporal	4	Servicios
2014,0	3	50251	Tarazona	1	Indefinido	1	Agricultura, ganadería y pesca
2014,0	1	50251	Tarazona	2	Temporal	1	Agricultura, ganadería y pesca
2014,0	13	50251	Tarazona	1	Indefinido	2	Industria y energía
2014,0	7	50251	Tarazona	2	Temporal	2	Industria y energía
2014,0	5	50251	Tarazona	1	Indefinido	3	Construcción
2014,0	3	50251	Tarazona	2	Temporal	3	Construcción
2014,0	11	50251	Tarazona	1	Indefinido	4	Servicios
2014,0	11	50251	Tarazona	2	Temporal	4	Servicios
2014,0	14	50252	Tauste	1	Indefinido	1	Agricultura, ganadería y pesca
2014,0	6	50252	Tauste	2	Temporal	1	Agricultura, ganadería y pesca
2014,0	32	50252	Tauste	1	Indefinido	2	Industria y energía
2014,0	6	50252	Tauste	2	Temporal	2	Industria y energía
2014,0	9	50252	Tauste	1	Indefinido	3	Construcción
2014,0	3	50252	Tauste	2	Temporal	3	Construcción
2014,0	15	50252	Tauste	1	Indefinido	4	Servicios
2014,0	3	50252	Tauste	2	Temporal	4	Servicios
2014,0	1	50272	Utebo	2	Temporal	1	Agricultura, ganadería y pesca
2014,0	60	50272	Utebo	1	Indefinido	2	Industria y energía
2014,0	18	50272	Utebo	2	Temporal	2	Industria y energía
2014,0	1	50272	Utebo	3	Sin clasificar	2	Industria y energía
2014,0	3	50272	Utebo	1	Indefinido	3	Construcción
2014,0	1	50272	Utebo	2	Temporal	3	Construcción
2014,0	1	50272	Utebo	3	Sin clasificar	3	Construcción
2014,0	36	50272	Utebo	1	Indefinido	4	Servicios
2014,0	17	50272	Utebo	2	Temporal	4	Servicios
2014,0	27	50297	Zaragoza	1	Indefinido	1	Agricultura, ganadería y pesca
2014,0	14	50297	Zaragoza	2	Temporal	1	Agricultura, ganadería y pesca
2014,0	2	50297	Zaragoza	3	Sin clasificar	1	Agricultura, ganadería y pesca
2014,0	733	50297	Zaragoza	1	Indefinido	2	Industria y energía
2014,0	263	50297	Zaragoza	2	Temporal	2	Industria y energía
2014,0	8	50297	Zaragoza	3	Sin clasificar	2	Industria y energía
2014,0	208	50297	Zaragoza	1	Indefinido	3	Construcción
2014,0	157	50297	Zaragoza	2	Temporal	3	Construcción
2014,0	29	50297	Zaragoza	3	Sin clasificar	3	Construcción
2014,0	2472	50297	Zaragoza	1	Indefinido	4	Servicios
2014,0	987	50297	Zaragoza	2	Temporal	4	Servicios
2014,0	39	50297	Zaragoza	3	Sin clasificar	4	Servicios
2014,0	3	50298	Zuera	1	Indefinido	1	Agricultura, ganadería y pesca
2014,0	1	50298	Zuera	2	Temporal	1	Agricultura, ganadería y pesca
2014,0	39	50298	Zuera	1	Indefinido	2	Industria y energía
2014,0	20	50298	Zuera	2	Temporal	2	Industria y energía
2014,0	2	50298	Zuera	1	Indefinido	3	Construcción
2014,0	3	50298	Zuera	2	Temporal	3	Construcción
2014,0	1	50298	Zuera	3	Sin clasificar	3	Construcción
2014,0	28	50298	Zuera	1	Indefinido	4	Servicios
2014,0	4	50298	Zuera	2	Temporal	4	Servicios
2014,0	2	50298	Zuera	3	Sin clasificar	4	Servicios
2013,0	2	22048	Barbastro	1	Indefinido	1	Agricultura, ganadería y pesca
2013,0	4	22048	Barbastro	2	Temporal	1	Agricultura, ganadería y pesca
2013,0	2	22048	Barbastro	3	Sin clasificar	1	Agricultura, ganadería y pesca
2013,0	13	22048	Barbastro	1	Indefinido	2	Industria y energía
2013,0	13	22048	Barbastro	2	Temporal	2	Industria y energía
2013,0	12	22048	Barbastro	1	Indefinido	3	Construcción
2013,0	3	22048	Barbastro	2	Temporal	3	Construcción
2013,0	54	22048	Barbastro	1	Indefinido	4	Servicios
2013,0	25	22048	Barbastro	2	Temporal	4	Servicios
2013,0	3	22048	Barbastro	3	Sin clasificar	4	Servicios
2013,0	2	22061	Binéfar	1	Indefinido	1	Agricultura, ganadería y pesca
2013,0	1	22061	Binéfar	2	Temporal	1	Agricultura, ganadería y pesca
2013,0	1	22061	Binéfar	3	Sin clasificar	1	Agricultura, ganadería y pesca
2013,0	36	22061	Binéfar	1	Indefinido	2	Industria y energía
2013,0	16	22061	Binéfar	2	Temporal	2	Industria y energía
2013,0	8	22061	Binéfar	1	Indefinido	3	Construcción
2013,0	6	22061	Binéfar	2	Temporal	3	Construcción
2013,0	1	22061	Binéfar	3	Sin clasificar	3	Construcción
2013,0	25	22061	Binéfar	1	Indefinido	4	Servicios
2013,0	17	22061	Binéfar	2	Temporal	4	Servicios
2013,0	1	22061	Binéfar	3	Sin clasificar	4	Servicios
2013,0	13	22112	Fraga	1	Indefinido	1	Agricultura, ganadería y pesca
2013,0	39	22112	Fraga	2	Temporal	1	Agricultura, ganadería y pesca
2013,0	1	22112	Fraga	3	Sin clasificar	1	Agricultura, ganadería y pesca
2013,0	21	22112	Fraga	1	Indefinido	2	Industria y energía
2013,0	11	22112	Fraga	2	Temporal	2	Industria y energía
2013,0	16	22112	Fraga	1	Indefinido	3	Construcción
2013,0	8	22112	Fraga	2	Temporal	3	Construcción
2013,0	1	22112	Fraga	3	Sin clasificar	3	Construcción
2013,0	48	22112	Fraga	1	Indefinido	4	Servicios
2013,0	19	22112	Fraga	2	Temporal	4	Servicios
2013,0	1	22112	Fraga	3	Sin clasificar	4	Servicios
2013,0	15	22125	Huesca	1	Indefinido	1	Agricultura, ganadería y pesca
2013,0	6	22125	Huesca	2	Temporal	1	Agricultura, ganadería y pesca
2013,0	50	22125	Huesca	1	Indefinido	2	Industria y energía
2013,0	10	22125	Huesca	2	Temporal	2	Industria y energía
2013,0	1	22125	Huesca	3	Sin clasificar	2	Industria y energía
2013,0	35	22125	Huesca	1	Indefinido	3	Construcción
2013,0	18	22125	Huesca	2	Temporal	3	Construcción
2013,0	1	22125	Huesca	3	Sin clasificar	3	Construcción
2013,0	227	22125	Huesca	1	Indefinido	4	Servicios
2013,0	113	22125	Huesca	2	Temporal	4	Servicios
2013,0	4	22125	Huesca	3	Sin clasificar	4	Servicios
2013,0	1	22130	Jaca	3	Sin clasificar	1	Agricultura, ganadería y pesca
2013,0	3	22130	Jaca	1	Indefinido	2	Industria y energía
2013,0	15	22130	Jaca	1	Indefinido	3	Construcción
2013,0	5	22130	Jaca	2	Temporal	3	Construcción
2013,0	2	22130	Jaca	3	Sin clasificar	3	Construcción
2013,0	75	22130	Jaca	1	Indefinido	4	Servicios
2013,0	16	22130	Jaca	2	Temporal	4	Servicios
2013,0	3	22158	Monzón	1	Indefinido	1	Agricultura, ganadería y pesca
2013,0	2	22158	Monzón	2	Temporal	1	Agricultura, ganadería y pesca
2013,0	2	22158	Monzón	3	Sin clasificar	1	Agricultura, ganadería y pesca
2013,0	73	22158	Monzón	1	Indefinido	2	Industria y energía
2013,0	23	22158	Monzón	2	Temporal	2	Industria y energía
2013,0	10	22158	Monzón	1	Indefinido	3	Construcción
2013,0	7	22158	Monzón	2	Temporal	3	Construcción
2013,0	58	22158	Monzón	1	Indefinido	4	Servicios
2013,0	21	22158	Monzón	2	Temporal	4	Servicios
2013,0	1	22199	Sabiñánigo	1	Indefinido	1	Agricultura, ganadería y pesca
2013,0	1	22199	Sabiñánigo	2	Temporal	1	Agricultura, ganadería y pesca
2013,0	5	22199	Sabiñánigo	1	Indefinido	2	Industria y energía
2013,0	3	22199	Sabiñánigo	2	Temporal	2	Industria y energía
2013,0	6	22199	Sabiñánigo	1	Indefinido	3	Construcción
2013,0	3	22199	Sabiñánigo	2	Temporal	3	Construcción
2013,0	18	22199	Sabiñánigo	1	Indefinido	4	Servicios
2013,0	4	22199	Sabiñánigo	2	Temporal	4	Servicios
2013,0	3	44013	Alcañiz	1	Indefinido	1	Agricultura, ganadería y pesca
2013,0	1	44013	Alcañiz	2	Temporal	1	Agricultura, ganadería y pesca
2013,0	6	44013	Alcañiz	3	Sin clasificar	1	Agricultura, ganadería y pesca
2013,0	25	44013	Alcañiz	1	Indefinido	2	Industria y energía
2013,0	5	44013	Alcañiz	2	Temporal	2	Industria y energía
2013,0	17	44013	Alcañiz	1	Indefinido	3	Construcción
2013,0	19	44013	Alcañiz	2	Temporal	3	Construcción
2013,0	45	44013	Alcañiz	1	Indefinido	4	Servicios
2013,0	17	44013	Alcañiz	2	Temporal	4	Servicios
2013,0	1	44013	Alcañiz	3	Sin clasificar	4	Servicios
2013,0	1	44025	Andorra	3	Sin clasificar	1	Agricultura, ganadería y pesca
2013,0	3	44025	Andorra	1	Indefinido	2	Industria y energía
2013,0	1	44025	Andorra	3	Sin clasificar	2	Industria y energía
2013,0	1	44025	Andorra	1	Indefinido	3	Construcción
2013,0	6	44025	Andorra	2	Temporal	3	Construcción
2013,0	14	44025	Andorra	1	Indefinido	4	Servicios
2013,0	10	44025	Andorra	2	Temporal	4	Servicios
2013,0	12	44216	Teruel	1	Indefinido	1	Agricultura, ganadería y pesca
2013,0	19	44216	Teruel	2	Temporal	1	Agricultura, ganadería y pesca
2013,0	3	44216	Teruel	3	Sin clasificar	1	Agricultura, ganadería y pesca
2013,0	53	44216	Teruel	1	Indefinido	2	Industria y energía
2013,0	19	44216	Teruel	2	Temporal	2	Industria y energía
2013,0	1	44216	Teruel	3	Sin clasificar	2	Industria y energía
2013,0	26	44216	Teruel	1	Indefinido	3	Construcción
2013,0	21	44216	Teruel	2	Temporal	3	Construcción
2013,0	4	44216	Teruel	3	Sin clasificar	3	Construcción
2013,0	147	44216	Teruel	1	Indefinido	4	Servicios
2013,0	70	44216	Teruel	2	Temporal	4	Servicios
2013,0	3	44216	Teruel	3	Sin clasificar	4	Servicios
2013,0	3	50008	Alagón	2	Temporal	1	Agricultura, ganadería y pesca
2013,0	11	50008	Alagón	1	Indefinido	2	Industria y energía
2013,0	2	50008	Alagón	2	Temporal	2	Industria y energía
2013,0	2	50008	Alagón	1	Indefinido	3	Construcción
2013,0	2	50008	Alagón	2	Temporal	3	Construcción
2013,0	17	50008	Alagón	1	Indefinido	4	Servicios
2013,0	16	50008	Alagón	2	Temporal	4	Servicios
2013,0	1	50008	Alagón	3	Sin clasificar	4	Servicios
2013,0	8	50025	Almunia de Doña Godina (La)	1	Indefinido	1	Agricultura, ganadería y pesca
2013,0	13	50025	Almunia de Doña Godina (La)	2	Temporal	1	Agricultura, ganadería y pesca
2013,0	2	50025	Almunia de Doña Godina (La)	3	Sin clasificar	1	Agricultura, ganadería y pesca
2013,0	8	50025	Almunia de Doña Godina (La)	1	Indefinido	2	Industria y energía
2013,0	3	50025	Almunia de Doña Godina (La)	2	Temporal	2	Industria y energía
2013,0	2	50025	Almunia de Doña Godina (La)	1	Indefinido	3	Construcción
2013,0	1	50025	Almunia de Doña Godina (La)	2	Temporal	3	Construcción
2013,0	30	50025	Almunia de Doña Godina (La)	1	Indefinido	4	Servicios
2013,0	11	50025	Almunia de Doña Godina (La)	2	Temporal	4	Servicios
2013,0	8	50067	Calatayud	2	Temporal	1	Agricultura, ganadería y pesca
2013,0	1	50067	Calatayud	3	Sin clasificar	1	Agricultura, ganadería y pesca
2013,0	7	50067	Calatayud	1	Indefinido	2	Industria y energía
2013,0	3	50067	Calatayud	2	Temporal	2	Industria y energía
2013,0	1	50067	Calatayud	3	Sin clasificar	2	Industria y energía
2013,0	10	50067	Calatayud	1	Indefinido	3	Construcción
2013,0	5	50067	Calatayud	2	Temporal	3	Construcción
2013,0	68	50067	Calatayud	1	Indefinido	4	Servicios
2013,0	41	50067	Calatayud	2	Temporal	4	Servicios
2013,0	6	50074	Caspe	1	Indefinido	1	Agricultura, ganadería y pesca
2013,0	13	50074	Caspe	2	Temporal	1	Agricultura, ganadería y pesca
2013,0	7	50074	Caspe	1	Indefinido	2	Industria y energía
2013,0	5	50074	Caspe	2	Temporal	2	Industria y energía
2013,0	7	50074	Caspe	1	Indefinido	3	Construcción
2013,0	3	50074	Caspe	2	Temporal	3	Construcción
2013,0	31	50074	Caspe	1	Indefinido	4	Servicios
2013,0	3	50074	Caspe	2	Temporal	4	Servicios
2013,0	2	50089	Cuarte de Huerva	1	Indefinido	1	Agricultura, ganadería y pesca
2013,0	1	50089	Cuarte de Huerva	2	Temporal	1	Agricultura, ganadería y pesca
2013,0	47	50089	Cuarte de Huerva	1	Indefinido	2	Industria y energía
2013,0	18	50089	Cuarte de Huerva	2	Temporal	2	Industria y energía
2013,0	1	50089	Cuarte de Huerva	3	Sin clasificar	2	Industria y energía
2013,0	13	50089	Cuarte de Huerva	1	Indefinido	3	Construcción
2013,0	10	50089	Cuarte de Huerva	2	Temporal	3	Construcción
2013,0	2	50089	Cuarte de Huerva	3	Sin clasificar	3	Construcción
2013,0	46	50089	Cuarte de Huerva	1	Indefinido	4	Servicios
2013,0	19	50089	Cuarte de Huerva	2	Temporal	4	Servicios
2013,0	4	50089	Cuarte de Huerva	3	Sin clasificar	4	Servicios
2013,0	18	50095	Ejea de los Caballeros	1	Indefinido	1	Agricultura, ganadería y pesca
2013,0	9	50095	Ejea de los Caballeros	2	Temporal	1	Agricultura, ganadería y pesca
2013,0	2	50095	Ejea de los Caballeros	3	Sin clasificar	1	Agricultura, ganadería y pesca
2013,0	45	50095	Ejea de los Caballeros	1	Indefinido	2	Industria y energía
2013,0	13	50095	Ejea de los Caballeros	2	Temporal	2	Industria y energía
2013,0	10	50095	Ejea de los Caballeros	1	Indefinido	3	Construcción
2013,0	9	50095	Ejea de los Caballeros	2	Temporal	3	Construcción
2013,0	1	50095	Ejea de los Caballeros	3	Sin clasificar	3	Construcción
2013,0	25	50095	Ejea de los Caballeros	1	Indefinido	4	Servicios
2013,0	16	50095	Ejea de los Caballeros	2	Temporal	4	Servicios
2013,0	5	50163	María de Huerva	1	Indefinido	2	Industria y energía
2013,0	1	50163	María de Huerva	3	Sin clasificar	2	Industria y energía
2013,0	3	50163	María de Huerva	1	Indefinido	4	Servicios
2013,0	1	50163	María de Huerva	2	Temporal	4	Servicios
2013,0	1	50182	Muela (La)	1	Indefinido	1	Agricultura, ganadería y pesca
2013,0	33	50182	Muela (La)	1	Indefinido	2	Industria y energía
2013,0	12	50182	Muela (La)	2	Temporal	2	Industria y energía
2013,0	10	50182	Muela (La)	1	Indefinido	3	Construcción
2013,0	3	50182	Muela (La)	2	Temporal	3	Construcción
2013,0	47	50182	Muela (La)	1	Indefinido	4	Servicios
2013,0	10	50182	Muela (La)	2	Temporal	4	Servicios
2013,0	2	50182	Muela (La)	3	Sin clasificar	4	Servicios
2013,0	1	50219	Puebla de Alfindén (La)	2	Temporal	1	Agricultura, ganadería y pesca
2013,0	60	50219	Puebla de Alfindén (La)	1	Indefinido	2	Industria y energía
2013,0	20	50219	Puebla de Alfindén (La)	2	Temporal	2	Industria y energía
2013,0	1	50219	Puebla de Alfindén (La)	3	Sin clasificar	2	Industria y energía
2013,0	10	50219	Puebla de Alfindén (La)	1	Indefinido	3	Construcción
2013,0	4	50219	Puebla de Alfindén (La)	2	Temporal	3	Construcción
2013,0	39	50219	Puebla de Alfindén (La)	1	Indefinido	4	Servicios
2013,0	4	50219	Puebla de Alfindén (La)	2	Temporal	4	Servicios
2013,0	3	50251	Tarazona	1	Indefinido	1	Agricultura, ganadería y pesca
2013,0	2	50251	Tarazona	3	Sin clasificar	1	Agricultura, ganadería y pesca
2013,0	29	50251	Tarazona	1	Indefinido	2	Industria y energía
2013,0	1	50251	Tarazona	2	Temporal	2	Industria y energía
2013,0	1	50251	Tarazona	2	Temporal	3	Construcción
2013,0	2	50251	Tarazona	3	Sin clasificar	3	Construcción
2013,0	23	50251	Tarazona	1	Indefinido	4	Servicios
2013,0	9	50251	Tarazona	2	Temporal	4	Servicios
2013,0	21	50252	Tauste	1	Indefinido	1	Agricultura, ganadería y pesca
2013,0	6	50252	Tauste	2	Temporal	1	Agricultura, ganadería y pesca
2013,0	1	50252	Tauste	3	Sin clasificar	1	Agricultura, ganadería y pesca
2013,0	24	50252	Tauste	1	Indefinido	2	Industria y energía
2013,0	1	50252	Tauste	2	Temporal	2	Industria y energía
2013,0	5	50252	Tauste	1	Indefinido	3	Construcción
2013,0	6	50252	Tauste	2	Temporal	3	Construcción
2013,0	9	50252	Tauste	1	Indefinido	4	Servicios
2013,0	3	50252	Tauste	2	Temporal	4	Servicios
2013,0	2	50272	Utebo	1	Indefinido	1	Agricultura, ganadería y pesca
2013,0	1	50272	Utebo	2	Temporal	1	Agricultura, ganadería y pesca
2013,0	1	50272	Utebo	3	Sin clasificar	1	Agricultura, ganadería y pesca
2013,0	63	50272	Utebo	1	Indefinido	2	Industria y energía
2013,0	18	50272	Utebo	2	Temporal	2	Industria y energía
2013,0	9	50272	Utebo	1	Indefinido	3	Construcción
2013,0	47	50272	Utebo	1	Indefinido	4	Servicios
2013,0	14	50272	Utebo	2	Temporal	4	Servicios
2013,0	4	50272	Utebo	3	Sin clasificar	4	Servicios
2013,0	25	50297	Zaragoza	1	Indefinido	1	Agricultura, ganadería y pesca
2013,0	15	50297	Zaragoza	2	Temporal	1	Agricultura, ganadería y pesca
2013,0	6	50297	Zaragoza	3	Sin clasificar	1	Agricultura, ganadería y pesca
2013,0	803	50297	Zaragoza	1	Indefinido	2	Industria y energía
2013,0	219	50297	Zaragoza	2	Temporal	2	Industria y energía
2013,0	17	50297	Zaragoza	3	Sin clasificar	2	Industria y energía
2013,0	233	50297	Zaragoza	1	Indefinido	3	Construcción
2013,0	160	50297	Zaragoza	2	Temporal	3	Construcción
2013,0	27	50297	Zaragoza	3	Sin clasificar	3	Construcción
2013,0	2553	50297	Zaragoza	1	Indefinido	4	Servicios
2013,0	839	50297	Zaragoza	2	Temporal	4	Servicios
2013,0	42	50297	Zaragoza	3	Sin clasificar	4	Servicios
2013,0	2	50298	Zuera	1	Indefinido	1	Agricultura, ganadería y pesca
2013,0	3	50298	Zuera	2	Temporal	1	Agricultura, ganadería y pesca
2013,0	49	50298	Zuera	1	Indefinido	2	Industria y energía
2013,0	17	50298	Zuera	2	Temporal	2	Industria y energía
2013,0	6	50298	Zuera	1	Indefinido	3	Construcción
2013,0	2	50298	Zuera	2	Temporal	3	Construcción
2013,0	39	50298	Zuera	1	Indefinido	4	Servicios
2013,0	12	50298	Zuera	2	Temporal	4	Servicios
2013,0	1	50298	Zuera	3	Sin clasificar	4	Servicios
2012,0	3	22048	Barbastro	1	Indefinido	1	Agricultura, ganadería y pesca
2012,0	1	22048	Barbastro	3	Sin clasificar	1	Agricultura, ganadería y pesca
2012,0	12	22048	Barbastro	1	Indefinido	2	Industria y energía
2012,0	15	22048	Barbastro	2	Temporal	2	Industria y energía
2012,0	1	22048	Barbastro	3	Sin clasificar	2	Industria y energía
2012,0	8	22048	Barbastro	1	Indefinido	3	Construcción
2012,0	6	22048	Barbastro	2	Temporal	3	Construcción
2012,0	1	22048	Barbastro	3	Sin clasificar	3	Construcción
2012,0	48	22048	Barbastro	1	Indefinido	4	Servicios
2012,0	21	22048	Barbastro	2	Temporal	4	Servicios
2012,0	3	22048	Barbastro	3	Sin clasificar	4	Servicios
2012,0	3	22061	Binéfar	1	Indefinido	1	Agricultura, ganadería y pesca
2012,0	1	22061	Binéfar	2	Temporal	1	Agricultura, ganadería y pesca
2012,0	1	22061	Binéfar	3	Sin clasificar	1	Agricultura, ganadería y pesca
2012,0	43	22061	Binéfar	1	Indefinido	2	Industria y energía
2012,0	9	22061	Binéfar	2	Temporal	2	Industria y energía
2012,0	8	22061	Binéfar	1	Indefinido	3	Construcción
2012,0	5	22061	Binéfar	2	Temporal	3	Construcción
2012,0	2	22061	Binéfar	3	Sin clasificar	3	Construcción
2012,0	30	22061	Binéfar	1	Indefinido	4	Servicios
2012,0	10	22061	Binéfar	2	Temporal	4	Servicios
2012,0	1	22061	Binéfar	3	Sin clasificar	4	Servicios
2012,0	15	22112	Fraga	1	Indefinido	1	Agricultura, ganadería y pesca
2012,0	26	22112	Fraga	2	Temporal	1	Agricultura, ganadería y pesca
2012,0	3	22112	Fraga	3	Sin clasificar	1	Agricultura, ganadería y pesca
2012,0	39	22112	Fraga	1	Indefinido	2	Industria y energía
2012,0	19	22112	Fraga	2	Temporal	2	Industria y energía
2012,0	10	22112	Fraga	1	Indefinido	3	Construcción
2012,0	16	22112	Fraga	2	Temporal	3	Construcción
2012,0	36	22112	Fraga	1	Indefinido	4	Servicios
2012,0	24	22112	Fraga	2	Temporal	4	Servicios
2012,0	17	22125	Huesca	1	Indefinido	1	Agricultura, ganadería y pesca
2012,0	4	22125	Huesca	2	Temporal	1	Agricultura, ganadería y pesca
2012,0	1	22125	Huesca	3	Sin clasificar	1	Agricultura, ganadería y pesca
2012,0	42	22125	Huesca	1	Indefinido	2	Industria y energía
2012,0	19	22125	Huesca	2	Temporal	2	Industria y energía
2012,0	41	22125	Huesca	1	Indefinido	3	Construcción
2012,0	33	22125	Huesca	2	Temporal	3	Construcción
2012,0	4	22125	Huesca	3	Sin clasificar	3	Construcción
2012,0	198	22125	Huesca	1	Indefinido	4	Servicios
2012,0	92	22125	Huesca	2	Temporal	4	Servicios
2012,0	2	22125	Huesca	3	Sin clasificar	4	Servicios
2012,0	1	22130	Jaca	1	Indefinido	1	Agricultura, ganadería y pesca
2012,0	3	22130	Jaca	1	Indefinido	2	Industria y energía
2012,0	2	22130	Jaca	2	Temporal	2	Industria y energía
2012,0	9	22130	Jaca	1	Indefinido	3	Construcción
2012,0	7	22130	Jaca	2	Temporal	3	Construcción
2012,0	3	22130	Jaca	3	Sin clasificar	3	Construcción
2012,0	40	22130	Jaca	1	Indefinido	4	Servicios
2012,0	18	22130	Jaca	2	Temporal	4	Servicios
2012,0	1	22158	Monzón	1	Indefinido	1	Agricultura, ganadería y pesca
2012,0	3	22158	Monzón	2	Temporal	1	Agricultura, ganadería y pesca
2012,0	4	22158	Monzón	3	Sin clasificar	1	Agricultura, ganadería y pesca
2012,0	86	22158	Monzón	1	Indefinido	2	Industria y energía
2012,0	35	22158	Monzón	2	Temporal	2	Industria y energía
2012,0	16	22158	Monzón	1	Indefinido	3	Construcción
2012,0	10	22158	Monzón	2	Temporal	3	Construcción
2012,0	2	22158	Monzón	3	Sin clasificar	3	Construcción
2012,0	57	22158	Monzón	1	Indefinido	4	Servicios
2012,0	27	22158	Monzón	2	Temporal	4	Servicios
2012,0	2	22158	Monzón	3	Sin clasificar	4	Servicios
2012,0	1	22199	Sabiñánigo	2	Temporal	1	Agricultura, ganadería y pesca
2012,0	2	22199	Sabiñánigo	3	Sin clasificar	1	Agricultura, ganadería y pesca
2012,0	9	22199	Sabiñánigo	1	Indefinido	2	Industria y energía
2012,0	2	22199	Sabiñánigo	2	Temporal	2	Industria y energía
2012,0	1	22199	Sabiñánigo	3	Sin clasificar	2	Industria y energía
2012,0	6	22199	Sabiñánigo	1	Indefinido	3	Construcción
2012,0	1	22199	Sabiñánigo	2	Temporal	3	Construcción
2012,0	2	22199	Sabiñánigo	3	Sin clasificar	3	Construcción
2012,0	11	22199	Sabiñánigo	1	Indefinido	4	Servicios
2012,0	7	22199	Sabiñánigo	2	Temporal	4	Servicios
2012,0	3	44013	Alcañiz	1	Indefinido	1	Agricultura, ganadería y pesca
2012,0	5	44013	Alcañiz	2	Temporal	1	Agricultura, ganadería y pesca
2012,0	2	44013	Alcañiz	3	Sin clasificar	1	Agricultura, ganadería y pesca
2012,0	31	44013	Alcañiz	1	Indefinido	2	Industria y energía
2012,0	4	44013	Alcañiz	2	Temporal	2	Industria y energía
2012,0	16	44013	Alcañiz	1	Indefinido	3	Construcción
2012,0	10	44013	Alcañiz	2	Temporal	3	Construcción
2012,0	42	44013	Alcañiz	1	Indefinido	4	Servicios
2012,0	10	44013	Alcañiz	2	Temporal	4	Servicios
2012,0	1	44025	Andorra	2	Temporal	1	Agricultura, ganadería y pesca
2012,0	1	44025	Andorra	3	Sin clasificar	1	Agricultura, ganadería y pesca
2012,0	3	44025	Andorra	1	Indefinido	2	Industria y energía
2012,0	2	44025	Andorra	2	Temporal	2	Industria y energía
2012,0	1	44025	Andorra	1	Indefinido	3	Construcción
2012,0	18	44025	Andorra	2	Temporal	3	Construcción
2012,0	2	44025	Andorra	3	Sin clasificar	3	Construcción
2012,0	33	44025	Andorra	1	Indefinido	4	Servicios
2012,0	8	44025	Andorra	2	Temporal	4	Servicios
2012,0	8	44216	Teruel	1	Indefinido	1	Agricultura, ganadería y pesca
2012,0	4	44216	Teruel	2	Temporal	1	Agricultura, ganadería y pesca
2012,0	2	44216	Teruel	3	Sin clasificar	1	Agricultura, ganadería y pesca
2012,0	47	44216	Teruel	1	Indefinido	2	Industria y energía
2012,0	17	44216	Teruel	2	Temporal	2	Industria y energía
2012,0	1	44216	Teruel	3	Sin clasificar	2	Industria y energía
2012,0	24	44216	Teruel	1	Indefinido	3	Construcción
2012,0	16	44216	Teruel	2	Temporal	3	Construcción
2012,0	2	44216	Teruel	3	Sin clasificar	3	Construcción
2012,0	133	44216	Teruel	1	Indefinido	4	Servicios
2012,0	52	44216	Teruel	2	Temporal	4	Servicios
2012,0	6	44216	Teruel	3	Sin clasificar	4	Servicios
2012,0	1	50008	Alagón	2	Temporal	1	Agricultura, ganadería y pesca
2012,0	1	50008	Alagón	3	Sin clasificar	1	Agricultura, ganadería y pesca
2012,0	24	50008	Alagón	1	Indefinido	2	Industria y energía
2012,0	3	50008	Alagón	1	Indefinido	3	Construcción
2012,0	5	50008	Alagón	2	Temporal	3	Construcción
2012,0	1	50008	Alagón	3	Sin clasificar	3	Construcción
2012,0	15	50008	Alagón	1	Indefinido	4	Servicios
2012,0	11	50008	Alagón	2	Temporal	4	Servicios
2012,0	8	50025	Almunia de Doña Godina (La)	1	Indefinido	1	Agricultura, ganadería y pesca
2012,0	13	50025	Almunia de Doña Godina (La)	2	Temporal	1	Agricultura, ganadería y pesca
2012,0	14	50025	Almunia de Doña Godina (La)	1	Indefinido	2	Industria y energía
2012,0	7	50025	Almunia de Doña Godina (La)	2	Temporal	2	Industria y energía
2012,0	1	50025	Almunia de Doña Godina (La)	1	Indefinido	3	Construcción
2012,0	1	50025	Almunia de Doña Godina (La)	2	Temporal	3	Construcción
2012,0	23	50025	Almunia de Doña Godina (La)	1	Indefinido	4	Servicios
2012,0	17	50025	Almunia de Doña Godina (La)	2	Temporal	4	Servicios
2012,0	1	50067	Calatayud	1	Indefinido	1	Agricultura, ganadería y pesca
2012,0	6	50067	Calatayud	2	Temporal	1	Agricultura, ganadería y pesca
2012,0	1	50067	Calatayud	3	Sin clasificar	1	Agricultura, ganadería y pesca
2012,0	16	50067	Calatayud	1	Indefinido	2	Industria y energía
2012,0	9	50067	Calatayud	2	Temporal	2	Industria y energía
2012,0	12	50067	Calatayud	1	Indefinido	3	Construcción
2012,0	6	50067	Calatayud	2	Temporal	3	Construcción
2012,0	1	50067	Calatayud	3	Sin clasificar	3	Construcción
2012,0	49	50067	Calatayud	1	Indefinido	4	Servicios
2012,0	31	50067	Calatayud	2	Temporal	4	Servicios
2012,0	6	50074	Caspe	1	Indefinido	1	Agricultura, ganadería y pesca
2012,0	21	50074	Caspe	2	Temporal	1	Agricultura, ganadería y pesca
2012,0	7	50074	Caspe	1	Indefinido	2	Industria y energía
2012,0	2	50074	Caspe	1	Indefinido	3	Construcción
2012,0	6	50074	Caspe	2	Temporal	3	Construcción
2012,0	18	50074	Caspe	1	Indefinido	4	Servicios
2012,0	10	50074	Caspe	2	Temporal	4	Servicios
2012,0	2	50089	Cuarte de Huerva	2	Temporal	1	Agricultura, ganadería y pesca
2012,0	58	50089	Cuarte de Huerva	1	Indefinido	2	Industria y energía
2012,0	16	50089	Cuarte de Huerva	2	Temporal	2	Industria y energía
2012,0	1	50089	Cuarte de Huerva	3	Sin clasificar	2	Industria y energía
2012,0	6	50089	Cuarte de Huerva	1	Indefinido	3	Construcción
2012,0	13	50089	Cuarte de Huerva	2	Temporal	3	Construcción
2012,0	48	50089	Cuarte de Huerva	1	Indefinido	4	Servicios
2012,0	17	50089	Cuarte de Huerva	2	Temporal	4	Servicios
2012,0	2	50089	Cuarte de Huerva	3	Sin clasificar	4	Servicios
2012,0	16	50095	Ejea de los Caballeros	1	Indefinido	1	Agricultura, ganadería y pesca
2012,0	9	50095	Ejea de los Caballeros	2	Temporal	1	Agricultura, ganadería y pesca
2012,0	3	50095	Ejea de los Caballeros	3	Sin clasificar	1	Agricultura, ganadería y pesca
2012,0	38	50095	Ejea de los Caballeros	1	Indefinido	2	Industria y energía
2012,0	23	50095	Ejea de los Caballeros	2	Temporal	2	Industria y energía
2012,0	12	50095	Ejea de los Caballeros	1	Indefinido	3	Construcción
2012,0	15	50095	Ejea de los Caballeros	2	Temporal	3	Construcción
2012,0	35	50095	Ejea de los Caballeros	1	Indefinido	4	Servicios
2012,0	11	50095	Ejea de los Caballeros	2	Temporal	4	Servicios
2012,0	10	50163	María de Huerva	1	Indefinido	2	Industria y energía
2012,0	3	50163	María de Huerva	2	Temporal	2	Industria y energía
2012,0	1	50163	María de Huerva	3	Sin clasificar	2	Industria y energía
2012,0	1	50163	María de Huerva	2	Temporal	3	Construcción
2012,0	4	50163	María de Huerva	1	Indefinido	4	Servicios
2012,0	5	50163	María de Huerva	2	Temporal	4	Servicios
2012,0	1	50163	María de Huerva	3	Sin clasificar	4	Servicios
2012,0	1	50182	Muela (La)	1	Indefinido	1	Agricultura, ganadería y pesca
2012,0	41	50182	Muela (La)	1	Indefinido	2	Industria y energía
2012,0	12	50182	Muela (La)	2	Temporal	2	Industria y energía
2012,0	9	50182	Muela (La)	1	Indefinido	3	Construcción
2012,0	6	50182	Muela (La)	2	Temporal	3	Construcción
2012,0	48	50182	Muela (La)	1	Indefinido	4	Servicios
2012,0	14	50182	Muela (La)	2	Temporal	4	Servicios
2012,0	79	50219	Puebla de Alfindén (La)	1	Indefinido	2	Industria y energía
2012,0	23	50219	Puebla de Alfindén (La)	2	Temporal	2	Industria y energía
2012,0	16	50219	Puebla de Alfindén (La)	1	Indefinido	3	Construcción
2012,0	5	50219	Puebla de Alfindén (La)	2	Temporal	3	Construcción
2012,0	1	50219	Puebla de Alfindén (La)	3	Sin clasificar	3	Construcción
2012,0	48	50219	Puebla de Alfindén (La)	1	Indefinido	4	Servicios
2012,0	14	50219	Puebla de Alfindén (La)	2	Temporal	4	Servicios
2012,0	1	50219	Puebla de Alfindén (La)	3	Sin clasificar	4	Servicios
2012,0	3	50251	Tarazona	1	Indefinido	1	Agricultura, ganadería y pesca
2012,0	2	50251	Tarazona	3	Sin clasificar	1	Agricultura, ganadería y pesca
2012,0	38	50251	Tarazona	1	Indefinido	2	Industria y energía
2012,0	7	50251	Tarazona	2	Temporal	2	Industria y energía
2012,0	3	50251	Tarazona	1	Indefinido	3	Construcción
2012,0	3	50251	Tarazona	2	Temporal	3	Construcción
2012,0	22	50251	Tarazona	1	Indefinido	4	Servicios
2012,0	13	50251	Tarazona	2	Temporal	4	Servicios
2012,0	14	50252	Tauste	1	Indefinido	1	Agricultura, ganadería y pesca
2012,0	6	50252	Tauste	2	Temporal	1	Agricultura, ganadería y pesca
2012,0	2	50252	Tauste	3	Sin clasificar	1	Agricultura, ganadería y pesca
2012,0	19	50252	Tauste	1	Indefinido	2	Industria y energía
2012,0	4	50252	Tauste	2	Temporal	2	Industria y energía
2012,0	3	50252	Tauste	1	Indefinido	3	Construcción
2012,0	1	50252	Tauste	2	Temporal	3	Construcción
2012,0	10	50252	Tauste	1	Indefinido	4	Servicios
2012,0	3	50252	Tauste	2	Temporal	4	Servicios
2012,0	2	50272	Utebo	1	Indefinido	1	Agricultura, ganadería y pesca
2012,0	2	50272	Utebo	2	Temporal	1	Agricultura, ganadería y pesca
2012,0	81	50272	Utebo	1	Indefinido	2	Industria y energía
2012,0	11	50272	Utebo	2	Temporal	2	Industria y energía
2012,0	7	50272	Utebo	1	Indefinido	3	Construcción
2012,0	6	50272	Utebo	2	Temporal	3	Construcción
2012,0	43	50272	Utebo	1	Indefinido	4	Servicios
2012,0	17	50272	Utebo	2	Temporal	4	Servicios
2012,0	27	50297	Zaragoza	1	Indefinido	1	Agricultura, ganadería y pesca
2012,0	9	50297	Zaragoza	2	Temporal	1	Agricultura, ganadería y pesca
2012,0	2	50297	Zaragoza	3	Sin clasificar	1	Agricultura, ganadería y pesca
2012,0	794	50297	Zaragoza	1	Indefinido	2	Industria y energía
2012,0	289	50297	Zaragoza	2	Temporal	2	Industria y energía
2012,0	12	50297	Zaragoza	3	Sin clasificar	2	Industria y energía
2012,0	269	50297	Zaragoza	1	Indefinido	3	Construcción
2012,0	327	50297	Zaragoza	2	Temporal	3	Construcción
2012,0	22	50297	Zaragoza	3	Sin clasificar	3	Construcción
2012,0	2314	50297	Zaragoza	1	Indefinido	4	Servicios
2012,0	872	50297	Zaragoza	2	Temporal	4	Servicios
2012,0	45	50297	Zaragoza	3	Sin clasificar	4	Servicios
2012,0	1	50298	Zuera	1	Indefinido	1	Agricultura, ganadería y pesca
2012,0	1	50298	Zuera	2	Temporal	1	Agricultura, ganadería y pesca
2012,0	45	50298	Zuera	1	Indefinido	2	Industria y energía
2012,0	10	50298	Zuera	2	Temporal	2	Industria y energía
2012,0	2	50298	Zuera	1	Indefinido	3	Construcción
2012,0	11	50298	Zuera	2	Temporal	3	Construcción
2012,0	43	50298	Zuera	1	Indefinido	4	Servicios
2012,0	6	50298	Zuera	2	Temporal	4	Servicios
2012,0	1	50298	Zuera	3	Sin clasificar	4	Servicios
2011,0	5	22048	Barbastro	1	Indefinido	1	Agricultura, ganadería y pesca
2011,0	2	22048	Barbastro	2	Temporal	1	Agricultura, ganadería y pesca
2011,0	2	22048	Barbastro	3	Sin clasificar	1	Agricultura, ganadería y pesca
2011,0	21	22048	Barbastro	1	Indefinido	2	Industria y energía
2011,0	16	22048	Barbastro	2	Temporal	2	Industria y energía
2011,0	2	22048	Barbastro	3	Sin clasificar	2	Industria y energía
2011,0	15	22048	Barbastro	1	Indefinido	3	Construcción
2011,0	12	22048	Barbastro	2	Temporal	3	Construcción
2011,0	1	22048	Barbastro	3	Sin clasificar	3	Construcción
2011,0	52	22048	Barbastro	1	Indefinido	4	Servicios
2011,0	16	22048	Barbastro	2	Temporal	4	Servicios
2011,0	1	22048	Barbastro	3	Sin clasificar	4	Servicios
2011,0	2	22061	Binéfar	1	Indefinido	1	Agricultura, ganadería y pesca
2011,0	2	22061	Binéfar	2	Temporal	1	Agricultura, ganadería y pesca
2011,0	63	22061	Binéfar	1	Indefinido	2	Industria y energía
2011,0	15	22061	Binéfar	2	Temporal	2	Industria y energía
2011,0	19	22061	Binéfar	1	Indefinido	3	Construcción
2011,0	11	22061	Binéfar	2	Temporal	3	Construcción
2011,0	30	22061	Binéfar	1	Indefinido	4	Servicios
2011,0	6	22061	Binéfar	2	Temporal	4	Servicios
2011,0	9	22112	Fraga	1	Indefinido	1	Agricultura, ganadería y pesca
2011,0	18	22112	Fraga	2	Temporal	1	Agricultura, ganadería y pesca
2011,0	5	22112	Fraga	3	Sin clasificar	1	Agricultura, ganadería y pesca
2011,0	40	22112	Fraga	1	Indefinido	2	Industria y energía
2011,0	23	22112	Fraga	2	Temporal	2	Industria y energía
2011,0	14	22112	Fraga	1	Indefinido	3	Construcción
2011,0	11	22112	Fraga	2	Temporal	3	Construcción
2011,0	46	22112	Fraga	1	Indefinido	4	Servicios
2011,0	21	22112	Fraga	2	Temporal	4	Servicios
2011,0	2	22112	Fraga	3	Sin clasificar	4	Servicios
2011,0	14	22125	Huesca	1	Indefinido	1	Agricultura, ganadería y pesca
2011,0	4	22125	Huesca	2	Temporal	1	Agricultura, ganadería y pesca
2011,0	2	22125	Huesca	3	Sin clasificar	1	Agricultura, ganadería y pesca
2011,0	58	22125	Huesca	1	Indefinido	2	Industria y energía
2011,0	23	22125	Huesca	2	Temporal	2	Industria y energía
2011,0	3	22125	Huesca	3	Sin clasificar	2	Industria y energía
2011,0	54	22125	Huesca	1	Indefinido	3	Construcción
2011,0	46	22125	Huesca	2	Temporal	3	Construcción
2011,0	219	22125	Huesca	1	Indefinido	4	Servicios
2011,0	99	22125	Huesca	2	Temporal	4	Servicios
2011,0	5	22125	Huesca	3	Sin clasificar	4	Servicios
2011,0	2	22130	Jaca	1	Indefinido	1	Agricultura, ganadería y pesca
2011,0	2	22130	Jaca	1	Indefinido	2	Industria y energía
2011,0	1	22130	Jaca	2	Temporal	2	Industria y energía
2011,0	1	22130	Jaca	3	Sin clasificar	2	Industria y energía
2011,0	16	22130	Jaca	1	Indefinido	3	Construcción
2011,0	11	22130	Jaca	2	Temporal	3	Construcción
2011,0	3	22130	Jaca	3	Sin clasificar	3	Construcción
2011,0	53	22130	Jaca	1	Indefinido	4	Servicios
2011,0	24	22130	Jaca	2	Temporal	4	Servicios
2011,0	1	22130	Jaca	3	Sin clasificar	4	Servicios
2011,0	3	22158	Monzón	1	Indefinido	1	Agricultura, ganadería y pesca
2011,0	3	22158	Monzón	2	Temporal	1	Agricultura, ganadería y pesca
2011,0	81	22158	Monzón	1	Indefinido	2	Industria y energía
2011,0	45	22158	Monzón	2	Temporal	2	Industria y energía
2011,0	28	22158	Monzón	1	Indefinido	3	Construcción
2011,0	15	22158	Monzón	2	Temporal	3	Construcción
2011,0	2	22158	Monzón	3	Sin clasificar	3	Construcción
2011,0	53	22158	Monzón	1	Indefinido	4	Servicios
2011,0	34	22158	Monzón	2	Temporal	4	Servicios
2011,0	2	22158	Monzón	3	Sin clasificar	4	Servicios
2011,0	2	22199	Sabiñánigo	1	Indefinido	1	Agricultura, ganadería y pesca
2011,0	2	22199	Sabiñánigo	2	Temporal	1	Agricultura, ganadería y pesca
2011,0	10	22199	Sabiñánigo	1	Indefinido	2	Industria y energía
2011,0	2	22199	Sabiñánigo	2	Temporal	2	Industria y energía
2011,0	1	22199	Sabiñánigo	3	Sin clasificar	2	Industria y energía
2011,0	12	22199	Sabiñánigo	1	Indefinido	3	Construcción
2011,0	11	22199	Sabiñánigo	2	Temporal	3	Construcción
2011,0	21	22199	Sabiñánigo	1	Indefinido	4	Servicios
2011,0	8	22199	Sabiñánigo	2	Temporal	4	Servicios
2011,0	1	44013	Alcañiz	1	Indefinido	1	Agricultura, ganadería y pesca
2011,0	8	44013	Alcañiz	2	Temporal	1	Agricultura, ganadería y pesca
2011,0	2	44013	Alcañiz	3	Sin clasificar	1	Agricultura, ganadería y pesca
2011,0	30	44013	Alcañiz	1	Indefinido	2	Industria y energía
2011,0	14	44013	Alcañiz	2	Temporal	2	Industria y energía
2011,0	16	44013	Alcañiz	1	Indefinido	3	Construcción
2011,0	17	44013	Alcañiz	2	Temporal	3	Construcción
2011,0	61	44013	Alcañiz	1	Indefinido	4	Servicios
2011,0	26	44013	Alcañiz	2	Temporal	4	Servicios
2011,0	1	44013	Alcañiz	3	Sin clasificar	4	Servicios
2011,0	1	44025	Andorra	1	Indefinido	1	Agricultura, ganadería y pesca
2011,0	2	44025	Andorra	3	Sin clasificar	1	Agricultura, ganadería y pesca
2011,0	19	44025	Andorra	1	Indefinido	2	Industria y energía
2011,0	2	44025	Andorra	2	Temporal	2	Industria y energía
2011,0	9	44025	Andorra	1	Indefinido	3	Construcción
2011,0	20	44025	Andorra	2	Temporal	3	Construcción
2011,0	1	44025	Andorra	3	Sin clasificar	3	Construcción
2011,0	27	44025	Andorra	1	Indefinido	4	Servicios
2011,0	8	44025	Andorra	2	Temporal	4	Servicios
2011,0	1	44025	Andorra	3	Sin clasificar	4	Servicios
2011,0	15	44216	Teruel	1	Indefinido	1	Agricultura, ganadería y pesca
2011,0	8	44216	Teruel	2	Temporal	1	Agricultura, ganadería y pesca
2011,0	1	44216	Teruel	3	Sin clasificar	1	Agricultura, ganadería y pesca
2011,0	47	44216	Teruel	1	Indefinido	2	Industria y energía
2011,0	33	44216	Teruel	2	Temporal	2	Industria y energía
2011,0	1	44216	Teruel	3	Sin clasificar	2	Industria y energía
2011,0	34	44216	Teruel	1	Indefinido	3	Construcción
2011,0	28	44216	Teruel	2	Temporal	3	Construcción
2011,0	5	44216	Teruel	3	Sin clasificar	3	Construcción
2011,0	150	44216	Teruel	1	Indefinido	4	Servicios
2011,0	70	44216	Teruel	2	Temporal	4	Servicios
2011,0	3	44216	Teruel	3	Sin clasificar	4	Servicios
2011,0	3	50008	Alagón	1	Indefinido	1	Agricultura, ganadería y pesca
2011,0	5	50008	Alagón	2	Temporal	1	Agricultura, ganadería y pesca
2011,0	44	50008	Alagón	1	Indefinido	2	Industria y energía
2011,0	29	50008	Alagón	2	Temporal	2	Industria y energía
2011,0	1	50008	Alagón	1	Indefinido	3	Construcción
2011,0	8	50008	Alagón	2	Temporal	3	Construcción
2011,0	25	50008	Alagón	1	Indefinido	4	Servicios
2011,0	14	50008	Alagón	2	Temporal	4	Servicios
2011,0	1	50008	Alagón	3	Sin clasificar	4	Servicios
2011,0	2	50025	Almunia de Doña Godina (La)	1	Indefinido	1	Agricultura, ganadería y pesca
2011,0	14	50025	Almunia de Doña Godina (La)	2	Temporal	1	Agricultura, ganadería y pesca
2011,0	3	50025	Almunia de Doña Godina (La)	3	Sin clasificar	1	Agricultura, ganadería y pesca
2011,0	15	50025	Almunia de Doña Godina (La)	1	Indefinido	2	Industria y energía
2011,0	7	50025	Almunia de Doña Godina (La)	2	Temporal	2	Industria y energía
2011,0	6	50025	Almunia de Doña Godina (La)	1	Indefinido	3	Construcción
2011,0	11	50025	Almunia de Doña Godina (La)	2	Temporal	3	Construcción
2011,0	31	50025	Almunia de Doña Godina (La)	1	Indefinido	4	Servicios
2011,0	17	50025	Almunia de Doña Godina (La)	2	Temporal	4	Servicios
2011,0	1	50067	Calatayud	1	Indefinido	1	Agricultura, ganadería y pesca
2011,0	2	50067	Calatayud	2	Temporal	1	Agricultura, ganadería y pesca
2011,0	17	50067	Calatayud	1	Indefinido	2	Industria y energía
2011,0	7	50067	Calatayud	2	Temporal	2	Industria y energía
2011,0	13	50067	Calatayud	1	Indefinido	3	Construcción
2011,0	13	50067	Calatayud	2	Temporal	3	Construcción
2011,0	68	50067	Calatayud	1	Indefinido	4	Servicios
2011,0	21	50067	Calatayud	2	Temporal	4	Servicios
2011,0	1	50067	Calatayud	3	Sin clasificar	4	Servicios
2011,0	1	50074	Caspe	1	Indefinido	1	Agricultura, ganadería y pesca
2011,0	17	50074	Caspe	2	Temporal	1	Agricultura, ganadería y pesca
2011,0	1	50074	Caspe	3	Sin clasificar	1	Agricultura, ganadería y pesca
2011,0	3	50074	Caspe	1	Indefinido	2	Industria y energía
2011,0	4	50074	Caspe	2	Temporal	2	Industria y energía
2011,0	5	50074	Caspe	2	Temporal	3	Construcción
2011,0	2	50074	Caspe	3	Sin clasificar	3	Construcción
2011,0	22	50074	Caspe	1	Indefinido	4	Servicios
2011,0	16	50074	Caspe	2	Temporal	4	Servicios
2011,0	2	50089	Cuarte de Huerva	1	Indefinido	1	Agricultura, ganadería y pesca
2011,0	3	50089	Cuarte de Huerva	2	Temporal	1	Agricultura, ganadería y pesca
2011,0	87	50089	Cuarte de Huerva	1	Indefinido	2	Industria y energía
2011,0	14	50089	Cuarte de Huerva	2	Temporal	2	Industria y energía
2011,0	1	50089	Cuarte de Huerva	3	Sin clasificar	2	Industria y energía
2011,0	10	50089	Cuarte de Huerva	1	Indefinido	3	Construcción
2011,0	23	50089	Cuarte de Huerva	2	Temporal	3	Construcción
2011,0	60	50089	Cuarte de Huerva	1	Indefinido	4	Servicios
2011,0	13	50089	Cuarte de Huerva	2	Temporal	4	Servicios
2011,0	2	50089	Cuarte de Huerva	3	Sin clasificar	4	Servicios
2011,0	19	50095	Ejea de los Caballeros	1	Indefinido	1	Agricultura, ganadería y pesca
2011,0	16	50095	Ejea de los Caballeros	2	Temporal	1	Agricultura, ganadería y pesca
2011,0	4	50095	Ejea de los Caballeros	3	Sin clasificar	1	Agricultura, ganadería y pesca
2011,0	43	50095	Ejea de los Caballeros	1	Indefinido	2	Industria y energía
2011,0	15	50095	Ejea de los Caballeros	2	Temporal	2	Industria y energía
2011,0	1	50095	Ejea de los Caballeros	3	Sin clasificar	2	Industria y energía
2011,0	22	50095	Ejea de los Caballeros	1	Indefinido	3	Construcción
2011,0	12	50095	Ejea de los Caballeros	2	Temporal	3	Construcción
2011,0	44	50095	Ejea de los Caballeros	1	Indefinido	4	Servicios
2011,0	25	50095	Ejea de los Caballeros	2	Temporal	4	Servicios
2011,0	1	50095	Ejea de los Caballeros	3	Sin clasificar	4	Servicios
2011,0	1	50163	María de Huerva	2	Temporal	1	Agricultura, ganadería y pesca
2011,0	13	50163	María de Huerva	1	Indefinido	2	Industria y energía
2011,0	3	50163	María de Huerva	2	Temporal	2	Industria y energía
2011,0	1	50163	María de Huerva	3	Sin clasificar	3	Construcción
2011,0	5	50163	María de Huerva	1	Indefinido	4	Servicios
2011,0	6	50163	María de Huerva	2	Temporal	4	Servicios
2011,0	2	50163	María de Huerva	3	Sin clasificar	4	Servicios
2011,0	1	50182	Muela (La)	1	Indefinido	1	Agricultura, ganadería y pesca
2011,0	58	50182	Muela (La)	1	Indefinido	2	Industria y energía
2011,0	25	50182	Muela (La)	2	Temporal	2	Industria y energía
2011,0	12	50182	Muela (La)	1	Indefinido	3	Construcción
2011,0	2	50182	Muela (La)	2	Temporal	3	Construcción
2011,0	2	50182	Muela (La)	3	Sin clasificar	3	Construcción
2011,0	58	50182	Muela (La)	1	Indefinido	4	Servicios
2011,0	18	50182	Muela (La)	2	Temporal	4	Servicios
2011,0	1	50182	Muela (La)	3	Sin clasificar	4	Servicios
2011,0	92	50219	Puebla de Alfindén (La)	1	Indefinido	2	Industria y energía
2011,0	39	50219	Puebla de Alfindén (La)	2	Temporal	2	Industria y energía
2011,0	12	50219	Puebla de Alfindén (La)	1	Indefinido	3	Construcción
2011,0	12	50219	Puebla de Alfindén (La)	2	Temporal	3	Construcción
2011,0	56	50219	Puebla de Alfindén (La)	1	Indefinido	4	Servicios
2011,0	21	50219	Puebla de Alfindén (La)	2	Temporal	4	Servicios
2011,0	2	50219	Puebla de Alfindén (La)	3	Sin clasificar	4	Servicios
2011,0	4	50251	Tarazona	1	Indefinido	1	Agricultura, ganadería y pesca
2011,0	1	50251	Tarazona	2	Temporal	1	Agricultura, ganadería y pesca
2011,0	2	50251	Tarazona	3	Sin clasificar	1	Agricultura, ganadería y pesca
2011,0	24	50251	Tarazona	1	Indefinido	2	Industria y energía
2011,0	19	50251	Tarazona	2	Temporal	2	Industria y energía
2011,0	11	50251	Tarazona	1	Indefinido	3	Construcción
2011,0	4	50251	Tarazona	2	Temporal	3	Construcción
2011,0	2	50251	Tarazona	3	Sin clasificar	3	Construcción
2011,0	32	50251	Tarazona	1	Indefinido	4	Servicios
2011,0	12	50251	Tarazona	2	Temporal	4	Servicios
2011,0	1	50251	Tarazona	3	Sin clasificar	4	Servicios
2011,0	9	50252	Tauste	1	Indefinido	1	Agricultura, ganadería y pesca
2011,0	8	50252	Tauste	2	Temporal	1	Agricultura, ganadería y pesca
2011,0	1	50252	Tauste	3	Sin clasificar	1	Agricultura, ganadería y pesca
2011,0	29	50252	Tauste	1	Indefinido	2	Industria y energía
2011,0	4	50252	Tauste	2	Temporal	2	Industria y energía
2011,0	7	50252	Tauste	1	Indefinido	3	Construcción
2011,0	6	50252	Tauste	2	Temporal	3	Construcción
2011,0	11	50252	Tauste	1	Indefinido	4	Servicios
2011,0	8	50252	Tauste	2	Temporal	4	Servicios
2011,0	5	50272	Utebo	2	Temporal	1	Agricultura, ganadería y pesca
2011,0	1	50272	Utebo	3	Sin clasificar	1	Agricultura, ganadería y pesca
2011,0	65	50272	Utebo	1	Indefinido	2	Industria y energía
2011,0	22	50272	Utebo	2	Temporal	2	Industria y energía
2011,0	10	50272	Utebo	1	Indefinido	3	Construcción
2011,0	8	50272	Utebo	2	Temporal	3	Construcción
2011,0	58	50272	Utebo	1	Indefinido	4	Servicios
2011,0	13	50272	Utebo	2	Temporal	4	Servicios
2011,0	1	50272	Utebo	3	Sin clasificar	4	Servicios
2011,0	21	50297	Zaragoza	1	Indefinido	1	Agricultura, ganadería y pesca
2011,0	21	50297	Zaragoza	2	Temporal	1	Agricultura, ganadería y pesca
2011,0	2	50297	Zaragoza	3	Sin clasificar	1	Agricultura, ganadería y pesca
2011,0	1074	50297	Zaragoza	1	Indefinido	2	Industria y energía
2011,0	277	50297	Zaragoza	2	Temporal	2	Industria y energía
2011,0	14	50297	Zaragoza	3	Sin clasificar	2	Industria y energía
2011,0	366	50297	Zaragoza	1	Indefinido	3	Construcción
2011,0	475	50297	Zaragoza	2	Temporal	3	Construcción
2011,0	19	50297	Zaragoza	3	Sin clasificar	3	Construcción
2011,0	2685	50297	Zaragoza	1	Indefinido	4	Servicios
2011,0	1054	50297	Zaragoza	2	Temporal	4	Servicios
2011,0	39	50297	Zaragoza	3	Sin clasificar	4	Servicios
2011,0	3	50298	Zuera	2	Temporal	1	Agricultura, ganadería y pesca
2011,0	2	50298	Zuera	3	Sin clasificar	1	Agricultura, ganadería y pesca
2011,0	35	50298	Zuera	1	Indefinido	2	Industria y energía
2011,0	7	50298	Zuera	2	Temporal	2	Industria y energía
2011,0	5	50298	Zuera	1	Indefinido	3	Construcción
2011,0	3	50298	Zuera	2	Temporal	3	Construcción
2011,0	43	50298	Zuera	1	Indefinido	4	Servicios
2011,0	10	50298	Zuera	2	Temporal	4	Servicios
2011,0	1	50298	Zuera	3	Sin clasificar	4	Servicios
2010,0	3	22048	Barbastro	1	Indefinido	1	Agricultura, ganadería y pesca
2010,0	2	22048	Barbastro	2	Temporal	1	Agricultura, ganadería y pesca
2010,0	36	22048	Barbastro	1	Indefinido	2	Industria y energía
2010,0	9	22048	Barbastro	2	Temporal	2	Industria y energía
2010,0	1	22048	Barbastro	3	Sin clasificar	2	Industria y energía
2010,0	16	22048	Barbastro	1	Indefinido	3	Construcción
2010,0	12	22048	Barbastro	2	Temporal	3	Construcción
2010,0	1	22048	Barbastro	3	Sin clasificar	3	Construcción
2010,0	53	22048	Barbastro	1	Indefinido	4	Servicios
2010,0	25	22048	Barbastro	2	Temporal	4	Servicios
2010,0	3	22061	Binéfar	1	Indefinido	1	Agricultura, ganadería y pesca
2010,0	1	22061	Binéfar	3	Sin clasificar	1	Agricultura, ganadería y pesca
2010,0	60	22061	Binéfar	1	Indefinido	2	Industria y energía
2010,0	17	22061	Binéfar	2	Temporal	2	Industria y energía
2010,0	17	22061	Binéfar	1	Indefinido	3	Construcción
2010,0	11	22061	Binéfar	2	Temporal	3	Construcción
2010,0	32	22061	Binéfar	1	Indefinido	4	Servicios
2010,0	9	22061	Binéfar	2	Temporal	4	Servicios
2010,0	8	22112	Fraga	1	Indefinido	1	Agricultura, ganadería y pesca
2010,0	22	22112	Fraga	2	Temporal	1	Agricultura, ganadería y pesca
2010,0	5	22112	Fraga	3	Sin clasificar	1	Agricultura, ganadería y pesca
2010,0	21	22112	Fraga	1	Indefinido	2	Industria y energía
2010,0	14	22112	Fraga	2	Temporal	2	Industria y energía
2010,0	13	22112	Fraga	1	Indefinido	3	Construcción
2010,0	12	22112	Fraga	2	Temporal	3	Construcción
2010,0	2	22112	Fraga	3	Sin clasificar	3	Construcción
2010,0	34	22112	Fraga	1	Indefinido	4	Servicios
2010,0	17	22112	Fraga	2	Temporal	4	Servicios
2010,0	18	22125	Huesca	1	Indefinido	1	Agricultura, ganadería y pesca
2010,0	8	22125	Huesca	2	Temporal	1	Agricultura, ganadería y pesca
2010,0	67	22125	Huesca	1	Indefinido	2	Industria y energía
2010,0	15	22125	Huesca	2	Temporal	2	Industria y energía
2010,0	51	22125	Huesca	1	Indefinido	3	Construcción
2010,0	66	22125	Huesca	2	Temporal	3	Construcción
2010,0	2	22125	Huesca	3	Sin clasificar	3	Construcción
2010,0	244	22125	Huesca	1	Indefinido	4	Servicios
2010,0	115	22125	Huesca	2	Temporal	4	Servicios
2010,0	6	22125	Huesca	3	Sin clasificar	4	Servicios
2010,0	1	22130	Jaca	2	Temporal	1	Agricultura, ganadería y pesca
2010,0	2	22130	Jaca	1	Indefinido	2	Industria y energía
2010,0	8	22130	Jaca	1	Indefinido	3	Construcción
2010,0	14	22130	Jaca	2	Temporal	3	Construcción
2010,0	2	22130	Jaca	3	Sin clasificar	3	Construcción
2010,0	51	22130	Jaca	1	Indefinido	4	Servicios
2010,0	18	22130	Jaca	2	Temporal	4	Servicios
2010,0	2	22158	Monzón	1	Indefinido	1	Agricultura, ganadería y pesca
2010,0	3	22158	Monzón	2	Temporal	1	Agricultura, ganadería y pesca
2010,0	78	22158	Monzón	1	Indefinido	2	Industria y energía
2010,0	34	22158	Monzón	2	Temporal	2	Industria y energía
2010,0	1	22158	Monzón	3	Sin clasificar	2	Industria y energía
2010,0	22	22158	Monzón	1	Indefinido	3	Construcción
2010,0	35	22158	Monzón	2	Temporal	3	Construcción
2010,0	3	22158	Monzón	3	Sin clasificar	3	Construcción
2010,0	55	22158	Monzón	1	Indefinido	4	Servicios
2010,0	41	22158	Monzón	2	Temporal	4	Servicios
2010,0	1	22199	Sabiñánigo	1	Indefinido	1	Agricultura, ganadería y pesca
2010,0	1	22199	Sabiñánigo	2	Temporal	1	Agricultura, ganadería y pesca
2010,0	10	22199	Sabiñánigo	1	Indefinido	2	Industria y energía
2010,0	4	22199	Sabiñánigo	2	Temporal	2	Industria y energía
2010,0	11	22199	Sabiñánigo	1	Indefinido	3	Construcción
2010,0	16	22199	Sabiñánigo	2	Temporal	3	Construcción
2010,0	1	22199	Sabiñánigo	3	Sin clasificar	3	Construcción
2010,0	25	22199	Sabiñánigo	1	Indefinido	4	Servicios
2010,0	5	22199	Sabiñánigo	2	Temporal	4	Servicios
2010,0	1	22199	Sabiñánigo	3	Sin clasificar	4	Servicios
2010,0	1	44013	Alcañiz	1	Indefinido	1	Agricultura, ganadería y pesca
2010,0	11	44013	Alcañiz	2	Temporal	1	Agricultura, ganadería y pesca
2010,0	5	44013	Alcañiz	3	Sin clasificar	1	Agricultura, ganadería y pesca
2010,0	37	44013	Alcañiz	1	Indefinido	2	Industria y energía
2010,0	12	44013	Alcañiz	2	Temporal	2	Industria y energía
2010,0	14	44013	Alcañiz	1	Indefinido	3	Construcción
2010,0	29	44013	Alcañiz	2	Temporal	3	Construcción
2010,0	1	44013	Alcañiz	3	Sin clasificar	3	Construcción
2010,0	65	44013	Alcañiz	1	Indefinido	4	Servicios
2010,0	32	44013	Alcañiz	2	Temporal	4	Servicios
2010,0	17	44025	Andorra	1	Indefinido	2	Industria y energía
2010,0	9	44025	Andorra	2	Temporal	2	Industria y energía
2010,0	8	44025	Andorra	1	Indefinido	3	Construcción
2010,0	16	44025	Andorra	2	Temporal	3	Construcción
2010,0	1	44025	Andorra	3	Sin clasificar	3	Construcción
2010,0	32	44025	Andorra	1	Indefinido	4	Servicios
2010,0	11	44025	Andorra	2	Temporal	4	Servicios
2010,0	1	44025	Andorra	3	Sin clasificar	4	Servicios
2010,0	17	44216	Teruel	1	Indefinido	1	Agricultura, ganadería y pesca
2010,0	18	44216	Teruel	2	Temporal	1	Agricultura, ganadería y pesca
2010,0	5	44216	Teruel	3	Sin clasificar	1	Agricultura, ganadería y pesca
2010,0	60	44216	Teruel	1	Indefinido	2	Industria y energía
2010,0	22	44216	Teruel	2	Temporal	2	Industria y energía
2010,0	35	44216	Teruel	1	Indefinido	3	Construcción
2010,0	46	44216	Teruel	2	Temporal	3	Construcción
2010,0	2	44216	Teruel	3	Sin clasificar	3	Construcción
2010,0	179	44216	Teruel	1	Indefinido	4	Servicios
2010,0	86	44216	Teruel	2	Temporal	4	Servicios
2010,0	4	44216	Teruel	3	Sin clasificar	4	Servicios
2010,0	1	50008	Alagón	1	Indefinido	1	Agricultura, ganadería y pesca
2010,0	1	50008	Alagón	3	Sin clasificar	1	Agricultura, ganadería y pesca
2010,0	43	50008	Alagón	1	Indefinido	2	Industria y energía
2010,0	18	50008	Alagón	2	Temporal	2	Industria y energía
2010,0	1	50008	Alagón	3	Sin clasificar	2	Industria y energía
2010,0	8	50008	Alagón	1	Indefinido	3	Construcción
2010,0	3	50008	Alagón	2	Temporal	3	Construcción
2010,0	1	50008	Alagón	3	Sin clasificar	3	Construcción
2010,0	24	50008	Alagón	1	Indefinido	4	Servicios
2010,0	12	50008	Alagón	2	Temporal	4	Servicios
2010,0	1	50025	Almunia de Doña Godina (La)	1	Indefinido	1	Agricultura, ganadería y pesca
2010,0	11	50025	Almunia de Doña Godina (La)	2	Temporal	1	Agricultura, ganadería y pesca
2010,0	1	50025	Almunia de Doña Godina (La)	3	Sin clasificar	1	Agricultura, ganadería y pesca
2010,0	13	50025	Almunia de Doña Godina (La)	1	Indefinido	2	Industria y energía
2010,0	4	50025	Almunia de Doña Godina (La)	2	Temporal	2	Industria y energía
2010,0	6	50025	Almunia de Doña Godina (La)	1	Indefinido	3	Construcción
2010,0	5	50025	Almunia de Doña Godina (La)	2	Temporal	3	Construcción
2010,0	33	50025	Almunia de Doña Godina (La)	1	Indefinido	4	Servicios
2010,0	10	50025	Almunia de Doña Godina (La)	2	Temporal	4	Servicios
2010,0	4	50067	Calatayud	1	Indefinido	1	Agricultura, ganadería y pesca
2010,0	1	50067	Calatayud	3	Sin clasificar	1	Agricultura, ganadería y pesca
2010,0	16	50067	Calatayud	1	Indefinido	2	Industria y energía
2010,0	11	50067	Calatayud	2	Temporal	2	Industria y energía
2010,0	27	50067	Calatayud	1	Indefinido	3	Construcción
2010,0	19	50067	Calatayud	2	Temporal	3	Construcción
2010,0	58	50067	Calatayud	1	Indefinido	4	Servicios
2010,0	27	50067	Calatayud	2	Temporal	4	Servicios
2010,0	2	50067	Calatayud	3	Sin clasificar	4	Servicios
2010,0	6	50074	Caspe	1	Indefinido	1	Agricultura, ganadería y pesca
2010,0	14	50074	Caspe	2	Temporal	1	Agricultura, ganadería y pesca
2010,0	1	50074	Caspe	3	Sin clasificar	1	Agricultura, ganadería y pesca
2010,0	10	50074	Caspe	1	Indefinido	2	Industria y energía
2010,0	2	50074	Caspe	2	Temporal	2	Industria y energía
2010,0	5	50074	Caspe	1	Indefinido	3	Construcción
2010,0	6	50074	Caspe	2	Temporal	3	Construcción
2010,0	25	50074	Caspe	1	Indefinido	4	Servicios
2010,0	11	50074	Caspe	2	Temporal	4	Servicios
2010,0	1	50074	Caspe	3	Sin clasificar	4	Servicios
2010,0	3	50089	Cuarte de Huerva	2	Temporal	1	Agricultura, ganadería y pesca
2010,0	68	50089	Cuarte de Huerva	1	Indefinido	2	Industria y energía
2010,0	17	50089	Cuarte de Huerva	2	Temporal	2	Industria y energía
2010,0	1	50089	Cuarte de Huerva	3	Sin clasificar	2	Industria y energía
2010,0	33	50089	Cuarte de Huerva	1	Indefinido	3	Construcción
2010,0	25	50089	Cuarte de Huerva	2	Temporal	3	Construcción
2010,0	83	50089	Cuarte de Huerva	1	Indefinido	4	Servicios
2010,0	32	50089	Cuarte de Huerva	2	Temporal	4	Servicios
2010,0	11	50095	Ejea de los Caballeros	1	Indefinido	1	Agricultura, ganadería y pesca
2010,0	7	50095	Ejea de los Caballeros	2	Temporal	1	Agricultura, ganadería y pesca
2010,0	2	50095	Ejea de los Caballeros	3	Sin clasificar	1	Agricultura, ganadería y pesca
2010,0	63	50095	Ejea de los Caballeros	1	Indefinido	2	Industria y energía
2010,0	17	50095	Ejea de los Caballeros	2	Temporal	2	Industria y energía
2010,0	26	50095	Ejea de los Caballeros	1	Indefinido	3	Construcción
2010,0	20	50095	Ejea de los Caballeros	2	Temporal	3	Construcción
2010,0	1	50095	Ejea de los Caballeros	3	Sin clasificar	3	Construcción
2010,0	42	50095	Ejea de los Caballeros	1	Indefinido	4	Servicios
2010,0	33	50095	Ejea de los Caballeros	2	Temporal	4	Servicios
2010,0	1	50163	María de Huerva	1	Indefinido	1	Agricultura, ganadería y pesca
2010,0	1	50163	María de Huerva	2	Temporal	1	Agricultura, ganadería y pesca
2010,0	24	50163	María de Huerva	1	Indefinido	2	Industria y energía
2010,0	1	50163	María de Huerva	2	Temporal	2	Industria y energía
2010,0	1	50163	María de Huerva	2	Temporal	3	Construcción
2010,0	9	50163	María de Huerva	1	Indefinido	4	Servicios
2010,0	3	50163	María de Huerva	2	Temporal	4	Servicios
2010,0	1	50163	María de Huerva	3	Sin clasificar	4	Servicios
2010,0	1	50182	Muela (La)	2	Temporal	1	Agricultura, ganadería y pesca
2010,0	78	50182	Muela (La)	1	Indefinido	2	Industria y energía
2010,0	38	50182	Muela (La)	2	Temporal	2	Industria y energía
2010,0	1	50182	Muela (La)	3	Sin clasificar	2	Industria y energía
2010,0	8	50182	Muela (La)	1	Indefinido	3	Construcción
2010,0	12	50182	Muela (La)	2	Temporal	3	Construcción
2010,0	1	50182	Muela (La)	3	Sin clasificar	3	Construcción
2010,0	41	50182	Muela (La)	1	Indefinido	4	Servicios
2010,0	21	50182	Muela (La)	2	Temporal	4	Servicios
2010,0	103	50219	Puebla de Alfindén (La)	1	Indefinido	2	Industria y energía
2010,0	40	50219	Puebla de Alfindén (La)	2	Temporal	2	Industria y energía
2010,0	1	50219	Puebla de Alfindén (La)	3	Sin clasificar	2	Industria y energía
2010,0	24	50219	Puebla de Alfindén (La)	1	Indefinido	3	Construcción
2010,0	15	50219	Puebla de Alfindén (La)	2	Temporal	3	Construcción
2010,0	1	50219	Puebla de Alfindén (La)	3	Sin clasificar	3	Construcción
2010,0	44	50219	Puebla de Alfindén (La)	1	Indefinido	4	Servicios
2010,0	16	50219	Puebla de Alfindén (La)	2	Temporal	4	Servicios
2010,0	2	50219	Puebla de Alfindén (La)	3	Sin clasificar	4	Servicios
2010,0	2	50251	Tarazona	1	Indefinido	1	Agricultura, ganadería y pesca
2010,0	2	50251	Tarazona	2	Temporal	1	Agricultura, ganadería y pesca
2010,0	3	50251	Tarazona	3	Sin clasificar	1	Agricultura, ganadería y pesca
2010,0	44	50251	Tarazona	1	Indefinido	2	Industria y energía
2010,0	20	50251	Tarazona	2	Temporal	2	Industria y energía
2010,0	10	50251	Tarazona	1	Indefinido	3	Construcción
2010,0	18	50251	Tarazona	2	Temporal	3	Construcción
2010,0	32	50251	Tarazona	1	Indefinido	4	Servicios
2010,0	14	50251	Tarazona	2	Temporal	4	Servicios
2010,0	1	50251	Tarazona	3	Sin clasificar	4	Servicios
2010,0	14	50252	Tauste	1	Indefinido	1	Agricultura, ganadería y pesca
2010,0	7	50252	Tauste	2	Temporal	1	Agricultura, ganadería y pesca
2010,0	2	50252	Tauste	3	Sin clasificar	1	Agricultura, ganadería y pesca
2010,0	46	50252	Tauste	1	Indefinido	2	Industria y energía
2010,0	6	50252	Tauste	2	Temporal	2	Industria y energía
2010,0	12	50252	Tauste	1	Indefinido	3	Construcción
2010,0	6	50252	Tauste	2	Temporal	3	Construcción
2010,0	2	50252	Tauste	3	Sin clasificar	3	Construcción
2010,0	10	50252	Tauste	1	Indefinido	4	Servicios
2010,0	7	50252	Tauste	2	Temporal	4	Servicios
2010,0	1	50272	Utebo	1	Indefinido	1	Agricultura, ganadería y pesca
2010,0	2	50272	Utebo	2	Temporal	1	Agricultura, ganadería y pesca
2010,0	1	50272	Utebo	3	Sin clasificar	1	Agricultura, ganadería y pesca
2010,0	74	50272	Utebo	1	Indefinido	2	Industria y energía
2010,0	25	50272	Utebo	2	Temporal	2	Industria y energía
2010,0	2	50272	Utebo	1	Indefinido	3	Construcción
2010,0	6	50272	Utebo	2	Temporal	3	Construcción
2010,0	44	50272	Utebo	1	Indefinido	4	Servicios
2010,0	23	50272	Utebo	2	Temporal	4	Servicios
2010,0	1	50272	Utebo	3	Sin clasificar	4	Servicios
2010,0	34	50297	Zaragoza	1	Indefinido	1	Agricultura, ganadería y pesca
2010,0	30	50297	Zaragoza	2	Temporal	1	Agricultura, ganadería y pesca
2010,0	7	50297	Zaragoza	3	Sin clasificar	1	Agricultura, ganadería y pesca
2010,0	1142	50297	Zaragoza	1	Indefinido	2	Industria y energía
2010,0	388	50297	Zaragoza	2	Temporal	2	Industria y energía
2010,0	5	50297	Zaragoza	3	Sin clasificar	2	Industria y energía
2010,0	469	50297	Zaragoza	1	Indefinido	3	Construcción
2010,0	573	50297	Zaragoza	2	Temporal	3	Construcción
2010,0	17	50297	Zaragoza	3	Sin clasificar	3	Construcción
2010,0	2870	50297	Zaragoza	1	Indefinido	4	Servicios
2010,0	1119	50297	Zaragoza	2	Temporal	4	Servicios
2010,0	51	50297	Zaragoza	3	Sin clasificar	4	Servicios
2010,0	1	50298	Zuera	1	Indefinido	1	Agricultura, ganadería y pesca
2010,0	2	50298	Zuera	2	Temporal	1	Agricultura, ganadería y pesca
2010,0	48	50298	Zuera	1	Indefinido	2	Industria y energía
2010,0	8	50298	Zuera	2	Temporal	2	Industria y energía
2010,0	3	50298	Zuera	1	Indefinido	3	Construcción
2010,0	4	50298	Zuera	2	Temporal	3	Construcción
2010,0	45	50298	Zuera	1	Indefinido	4	Servicios
2010,0	16	50298	Zuera	2	Temporal	4	Servicios
2010,0	2	50298	Zuera	3	Sin clasificar	4	Servicios
2009,0	7	22048	Barbastro	1	Indefinido	1	Agricultura, ganadería y pesca
2009,0	5	22048	Barbastro	2	Temporal	1	Agricultura, ganadería y pesca
2009,0	2	22048	Barbastro	3	Sin clasificar	1	Agricultura, ganadería y pesca
2009,0	50	22048	Barbastro	1	Indefinido	2	Industria y energía
2009,0	24	22048	Barbastro	2	Temporal	2	Industria y energía
2009,0	1	22048	Barbastro	3	Sin clasificar	2	Industria y energía
2009,0	24	22048	Barbastro	1	Indefinido	3	Construcción
2009,0	37	22048	Barbastro	2	Temporal	3	Construcción
2009,0	4	22048	Barbastro	3	Sin clasificar	3	Construcción
2009,0	59	22048	Barbastro	1	Indefinido	4	Servicios
2009,0	35	22048	Barbastro	2	Temporal	4	Servicios
2009,0	1	22048	Barbastro	3	Sin clasificar	4	Servicios
2009,0	2	22061	Binéfar	1	Indefinido	1	Agricultura, ganadería y pesca
2009,0	1	22061	Binéfar	2	Temporal	1	Agricultura, ganadería y pesca
2009,0	1	22061	Binéfar	3	Sin clasificar	1	Agricultura, ganadería y pesca
2009,0	63	22061	Binéfar	1	Indefinido	2	Industria y energía
2009,0	9	22061	Binéfar	2	Temporal	2	Industria y energía
2009,0	19	22061	Binéfar	1	Indefinido	3	Construcción
2009,0	13	22061	Binéfar	2	Temporal	3	Construcción
2009,0	28	22061	Binéfar	1	Indefinido	4	Servicios
2009,0	7	22061	Binéfar	2	Temporal	4	Servicios
2009,0	10	22112	Fraga	1	Indefinido	1	Agricultura, ganadería y pesca
2009,0	14	22112	Fraga	2	Temporal	1	Agricultura, ganadería y pesca
2009,0	2	22112	Fraga	3	Sin clasificar	1	Agricultura, ganadería y pesca
2009,0	22	22112	Fraga	1	Indefinido	2	Industria y energía
2009,0	14	22112	Fraga	2	Temporal	2	Industria y energía
2009,0	16	22112	Fraga	1	Indefinido	3	Construcción
2009,0	21	22112	Fraga	2	Temporal	3	Construcción
2009,0	42	22112	Fraga	1	Indefinido	4	Servicios
2009,0	27	22112	Fraga	2	Temporal	4	Servicios
2009,0	17	22125	Huesca	1	Indefinido	1	Agricultura, ganadería y pesca
2009,0	12	22125	Huesca	2	Temporal	1	Agricultura, ganadería y pesca
2009,0	1	22125	Huesca	3	Sin clasificar	1	Agricultura, ganadería y pesca
2009,0	73	22125	Huesca	1	Indefinido	2	Industria y energía
2009,0	19	22125	Huesca	2	Temporal	2	Industria y energía
2009,0	60	22125	Huesca	1	Indefinido	3	Construcción
2009,0	83	22125	Huesca	2	Temporal	3	Construcción
2009,0	1	22125	Huesca	3	Sin clasificar	3	Construcción
2009,0	261	22125	Huesca	1	Indefinido	4	Servicios
2009,0	105	22125	Huesca	2	Temporal	4	Servicios
2009,0	1	22125	Huesca	3	Sin clasificar	4	Servicios
2009,0	1	22130	Jaca	3	Sin clasificar	1	Agricultura, ganadería y pesca
2009,0	13	22130	Jaca	1	Indefinido	2	Industria y energía
2009,0	4	22130	Jaca	2	Temporal	2	Industria y energía
2009,0	22	22130	Jaca	1	Indefinido	3	Construcción
2009,0	22	22130	Jaca	2	Temporal	3	Construcción
2009,0	64	22130	Jaca	1	Indefinido	4	Servicios
2009,0	30	22130	Jaca	2	Temporal	4	Servicios
2009,0	1	22130	Jaca	3	Sin clasificar	4	Servicios
2009,0	2	22158	Monzón	1	Indefinido	1	Agricultura, ganadería y pesca
2009,0	68	22158	Monzón	1	Indefinido	2	Industria y energía
2009,0	39	22158	Monzón	2	Temporal	2	Industria y energía
2009,0	22	22158	Monzón	1	Indefinido	3	Construcción
2009,0	25	22158	Monzón	2	Temporal	3	Construcción
2009,0	2	22158	Monzón	3	Sin clasificar	3	Construcción
2009,0	60	22158	Monzón	1	Indefinido	4	Servicios
2009,0	38	22158	Monzón	2	Temporal	4	Servicios
2009,0	1	22158	Monzón	3	Sin clasificar	4	Servicios
2009,0	2	22199	Sabiñánigo	1	Indefinido	1	Agricultura, ganadería y pesca
2009,0	3	22199	Sabiñánigo	2	Temporal	1	Agricultura, ganadería y pesca
2009,0	11	22199	Sabiñánigo	1	Indefinido	2	Industria y energía
2009,0	6	22199	Sabiñánigo	2	Temporal	2	Industria y energía
2009,0	16	22199	Sabiñánigo	1	Indefinido	3	Construcción
2009,0	16	22199	Sabiñánigo	2	Temporal	3	Construcción
2009,0	1	22199	Sabiñánigo	3	Sin clasificar	3	Construcción
2009,0	22	22199	Sabiñánigo	1	Indefinido	4	Servicios
2009,0	10	22199	Sabiñánigo	2	Temporal	4	Servicios
2009,0	2	44013	Alcañiz	1	Indefinido	1	Agricultura, ganadería y pesca
2009,0	7	44013	Alcañiz	2	Temporal	1	Agricultura, ganadería y pesca
2009,0	2	44013	Alcañiz	3	Sin clasificar	1	Agricultura, ganadería y pesca
2009,0	40	44013	Alcañiz	1	Indefinido	2	Industria y energía
2009,0	18	44013	Alcañiz	2	Temporal	2	Industria y energía
2009,0	1	44013	Alcañiz	3	Sin clasificar	2	Industria y energía
2009,0	25	44013	Alcañiz	1	Indefinido	3	Construcción
2009,0	39	44013	Alcañiz	2	Temporal	3	Construcción
2009,0	1	44013	Alcañiz	3	Sin clasificar	3	Construcción
2009,0	56	44013	Alcañiz	1	Indefinido	4	Servicios
2009,0	29	44013	Alcañiz	2	Temporal	4	Servicios
2009,0	13	44025	Andorra	1	Indefinido	2	Industria y energía
2009,0	16	44025	Andorra	2	Temporal	2	Industria y energía
2009,0	9	44025	Andorra	1	Indefinido	3	Construcción
2009,0	29	44025	Andorra	2	Temporal	3	Construcción
2009,0	1	44025	Andorra	3	Sin clasificar	3	Construcción
2009,0	38	44025	Andorra	1	Indefinido	4	Servicios
2009,0	14	44025	Andorra	2	Temporal	4	Servicios
2009,0	9	44216	Teruel	1	Indefinido	1	Agricultura, ganadería y pesca
2009,0	13	44216	Teruel	2	Temporal	1	Agricultura, ganadería y pesca
2009,0	6	44216	Teruel	3	Sin clasificar	1	Agricultura, ganadería y pesca
2009,0	84	44216	Teruel	1	Indefinido	2	Industria y energía
2009,0	22	44216	Teruel	2	Temporal	2	Industria y energía
2009,0	2	44216	Teruel	3	Sin clasificar	2	Industria y energía
2009,0	38	44216	Teruel	1	Indefinido	3	Construcción
2009,0	56	44216	Teruel	2	Temporal	3	Construcción
2009,0	3	44216	Teruel	3	Sin clasificar	3	Construcción
2009,0	157	44216	Teruel	1	Indefinido	4	Servicios
2009,0	57	44216	Teruel	2	Temporal	4	Servicios
2009,0	7	44216	Teruel	3	Sin clasificar	4	Servicios
2009,0	1	50008	Alagón	1	Indefinido	1	Agricultura, ganadería y pesca
2009,0	38	50008	Alagón	1	Indefinido	2	Industria y energía
2009,0	23	50008	Alagón	2	Temporal	2	Industria y energía
2009,0	6	50008	Alagón	1	Indefinido	3	Construcción
2009,0	3	50008	Alagón	2	Temporal	3	Construcción
2009,0	29	50008	Alagón	1	Indefinido	4	Servicios
2009,0	14	50008	Alagón	2	Temporal	4	Servicios
2009,0	1	50008	Alagón	3	Sin clasificar	4	Servicios
2009,0	3	50025	Almunia de Doña Godina (La)	1	Indefinido	1	Agricultura, ganadería y pesca
2009,0	13	50025	Almunia de Doña Godina (La)	2	Temporal	1	Agricultura, ganadería y pesca
2009,0	3	50025	Almunia de Doña Godina (La)	3	Sin clasificar	1	Agricultura, ganadería y pesca
2009,0	18	50025	Almunia de Doña Godina (La)	1	Indefinido	2	Industria y energía
2009,0	1	50025	Almunia de Doña Godina (La)	2	Temporal	2	Industria y energía
2009,0	5	50025	Almunia de Doña Godina (La)	1	Indefinido	3	Construcción
2009,0	9	50025	Almunia de Doña Godina (La)	2	Temporal	3	Construcción
2009,0	42	50025	Almunia de Doña Godina (La)	1	Indefinido	4	Servicios
2009,0	15	50025	Almunia de Doña Godina (La)	2	Temporal	4	Servicios
2009,0	1	50025	Almunia de Doña Godina (La)	3	Sin clasificar	4	Servicios
2009,0	4	50067	Calatayud	2	Temporal	1	Agricultura, ganadería y pesca
2009,0	21	50067	Calatayud	1	Indefinido	2	Industria y energía
2009,0	14	50067	Calatayud	2	Temporal	2	Industria y energía
2009,0	14	50067	Calatayud	1	Indefinido	3	Construcción
2009,0	27	50067	Calatayud	2	Temporal	3	Construcción
2009,0	1	50067	Calatayud	3	Sin clasificar	3	Construcción
2009,0	59	50067	Calatayud	1	Indefinido	4	Servicios
2009,0	30	50067	Calatayud	2	Temporal	4	Servicios
2009,0	1	50067	Calatayud	3	Sin clasificar	4	Servicios
2009,0	3	50074	Caspe	1	Indefinido	1	Agricultura, ganadería y pesca
2009,0	18	50074	Caspe	2	Temporal	1	Agricultura, ganadería y pesca
2009,0	1	50074	Caspe	3	Sin clasificar	1	Agricultura, ganadería y pesca
2009,0	10	50074	Caspe	1	Indefinido	2	Industria y energía
2009,0	10	50074	Caspe	2	Temporal	2	Industria y energía
2009,0	7	50074	Caspe	1	Indefinido	3	Construcción
2009,0	6	50074	Caspe	2	Temporal	3	Construcción
2009,0	1	50074	Caspe	3	Sin clasificar	3	Construcción
2009,0	33	50074	Caspe	1	Indefinido	4	Servicios
2009,0	21	50074	Caspe	2	Temporal	4	Servicios
2009,0	1	50089	Cuarte de Huerva	2	Temporal	1	Agricultura, ganadería y pesca
2009,0	91	50089	Cuarte de Huerva	1	Indefinido	2	Industria y energía
2009,0	23	50089	Cuarte de Huerva	2	Temporal	2	Industria y energía
2009,0	1	50089	Cuarte de Huerva	3	Sin clasificar	2	Industria y energía
2009,0	29	50089	Cuarte de Huerva	1	Indefinido	3	Construcción
2009,0	48	50089	Cuarte de Huerva	2	Temporal	3	Construcción
2009,0	72	50089	Cuarte de Huerva	1	Indefinido	4	Servicios
2009,0	24	50089	Cuarte de Huerva	2	Temporal	4	Servicios
2009,0	1	50089	Cuarte de Huerva	3	Sin clasificar	4	Servicios
2009,0	17	50095	Ejea de los Caballeros	1	Indefinido	1	Agricultura, ganadería y pesca
2009,0	13	50095	Ejea de los Caballeros	2	Temporal	1	Agricultura, ganadería y pesca
2009,0	6	50095	Ejea de los Caballeros	3	Sin clasificar	1	Agricultura, ganadería y pesca
2009,0	55	50095	Ejea de los Caballeros	1	Indefinido	2	Industria y energía
2009,0	27	50095	Ejea de los Caballeros	2	Temporal	2	Industria y energía
2009,0	2	50095	Ejea de los Caballeros	3	Sin clasificar	2	Industria y energía
2009,0	25	50095	Ejea de los Caballeros	1	Indefinido	3	Construcción
2009,0	27	50095	Ejea de los Caballeros	2	Temporal	3	Construcción
2009,0	44	50095	Ejea de los Caballeros	1	Indefinido	4	Servicios
2009,0	27	50095	Ejea de los Caballeros	2	Temporal	4	Servicios
2009,0	23	50163	María de Huerva	1	Indefinido	2	Industria y energía
2009,0	6	50163	María de Huerva	2	Temporal	2	Industria y energía
2009,0	3	50163	María de Huerva	1	Indefinido	3	Construcción
2009,0	1	50163	María de Huerva	2	Temporal	3	Construcción
2009,0	1	50163	María de Huerva	3	Sin clasificar	3	Construcción
2009,0	7	50163	María de Huerva	1	Indefinido	4	Servicios
2009,0	5	50163	María de Huerva	2	Temporal	4	Servicios
2009,0	1	50163	María de Huerva	3	Sin clasificar	4	Servicios
2009,0	68	50182	Muela (La)	1	Indefinido	2	Industria y energía
2009,0	22	50182	Muela (La)	2	Temporal	2	Industria y energía
2009,0	13	50182	Muela (La)	1	Indefinido	3	Construcción
2009,0	9	50182	Muela (La)	2	Temporal	3	Construcción
2009,0	1	50182	Muela (La)	3	Sin clasificar	3	Construcción
2009,0	49	50182	Muela (La)	1	Indefinido	4	Servicios
2009,0	22	50182	Muela (La)	2	Temporal	4	Servicios
2009,0	1	50219	Puebla de Alfindén (La)	3	Sin clasificar	1	Agricultura, ganadería y pesca
2009,0	116	50219	Puebla de Alfindén (La)	1	Indefinido	2	Industria y energía
2009,0	42	50219	Puebla de Alfindén (La)	2	Temporal	2	Industria y energía
2009,0	28	50219	Puebla de Alfindén (La)	1	Indefinido	3	Construcción
2009,0	25	50219	Puebla de Alfindén (La)	2	Temporal	3	Construcción
2009,0	1	50219	Puebla de Alfindén (La)	3	Sin clasificar	3	Construcción
2009,0	49	50219	Puebla de Alfindén (La)	1	Indefinido	4	Servicios
2009,0	17	50219	Puebla de Alfindén (La)	2	Temporal	4	Servicios
2009,0	9	50251	Tarazona	1	Indefinido	1	Agricultura, ganadería y pesca
2009,0	2	50251	Tarazona	3	Sin clasificar	1	Agricultura, ganadería y pesca
2009,0	40	50251	Tarazona	1	Indefinido	2	Industria y energía
2009,0	12	50251	Tarazona	2	Temporal	2	Industria y energía
2009,0	15	50251	Tarazona	1	Indefinido	3	Construcción
2009,0	16	50251	Tarazona	2	Temporal	3	Construcción
2009,0	23	50251	Tarazona	1	Indefinido	4	Servicios
2009,0	18	50251	Tarazona	2	Temporal	4	Servicios
2009,0	12	50252	Tauste	1	Indefinido	1	Agricultura, ganadería y pesca
2009,0	7	50252	Tauste	2	Temporal	1	Agricultura, ganadería y pesca
2009,0	1	50252	Tauste	3	Sin clasificar	1	Agricultura, ganadería y pesca
2009,0	55	50252	Tauste	1	Indefinido	2	Industria y energía
2009,0	7	50252	Tauste	2	Temporal	2	Industria y energía
2009,0	11	50252	Tauste	1	Indefinido	3	Construcción
2009,0	13	50252	Tauste	2	Temporal	3	Construcción
2009,0	16	50252	Tauste	1	Indefinido	4	Servicios
2009,0	7	50252	Tauste	2	Temporal	4	Servicios
2009,0	1	50252	Tauste	3	Sin clasificar	4	Servicios
2009,0	2	50272	Utebo	1	Indefinido	1	Agricultura, ganadería y pesca
2009,0	6	50272	Utebo	2	Temporal	1	Agricultura, ganadería y pesca
2009,0	67	50272	Utebo	1	Indefinido	2	Industria y energía
2009,0	26	50272	Utebo	2	Temporal	2	Industria y energía
2009,0	2	50272	Utebo	3	Sin clasificar	2	Industria y energía
2009,0	8	50272	Utebo	1	Indefinido	3	Construcción
2009,0	12	50272	Utebo	2	Temporal	3	Construcción
2009,0	1	50272	Utebo	3	Sin clasificar	3	Construcción
2009,0	71	50272	Utebo	1	Indefinido	4	Servicios
2009,0	30	50272	Utebo	2	Temporal	4	Servicios
2009,0	36	50297	Zaragoza	1	Indefinido	1	Agricultura, ganadería y pesca
2009,0	40	50297	Zaragoza	2	Temporal	1	Agricultura, ganadería y pesca
2009,0	2	50297	Zaragoza	3	Sin clasificar	1	Agricultura, ganadería y pesca
2009,0	1278	50297	Zaragoza	1	Indefinido	2	Industria y energía
2009,0	341	50297	Zaragoza	2	Temporal	2	Industria y energía
2009,0	4	50297	Zaragoza	3	Sin clasificar	2	Industria y energía
2009,0	498	50297	Zaragoza	1	Indefinido	3	Construcción
2009,0	623	50297	Zaragoza	2	Temporal	3	Construcción
2009,0	27	50297	Zaragoza	3	Sin clasificar	3	Construcción
2009,0	2919	50297	Zaragoza	1	Indefinido	4	Servicios
2009,0	1290	50297	Zaragoza	2	Temporal	4	Servicios
2009,0	30	50297	Zaragoza	3	Sin clasificar	4	Servicios
2009,0	1	50298	Zuera	2	Temporal	1	Agricultura, ganadería y pesca
2009,0	2	50298	Zuera	3	Sin clasificar	1	Agricultura, ganadería y pesca
2009,0	47	50298	Zuera	1	Indefinido	2	Industria y energía
2009,0	16	50298	Zuera	2	Temporal	2	Industria y energía
2009,0	14	50298	Zuera	1	Indefinido	3	Construcción
2009,0	13	50298	Zuera	2	Temporal	3	Construcción
2009,0	50	50298	Zuera	1	Indefinido	4	Servicios
2009,0	11	50298	Zuera	2	Temporal	4	Servicios
2009,0	2	50298	Zuera	3	Sin clasificar	4	Servicios
2008,0	4	22048	Barbastro	1	Indefinido	1	Agricultura, ganadería y pesca
2008,0	9	22048	Barbastro	2	Temporal	1	Agricultura, ganadería y pesca
2008,0	1	22048	Barbastro	3	Sin clasificar	1	Agricultura, ganadería y pesca
2008,0	68	22048	Barbastro	1	Indefinido	2	Industria y energía
2008,0	34	22048	Barbastro	2	Temporal	2	Industria y energía
2008,0	34	22048	Barbastro	1	Indefinido	3	Construcción
2008,0	51	22048	Barbastro	2	Temporal	3	Construcción
2008,0	1	22048	Barbastro	3	Sin clasificar	3	Construcción
2008,0	78	22048	Barbastro	1	Indefinido	4	Servicios
2008,0	41	22048	Barbastro	2	Temporal	4	Servicios
2008,0	4	22061	Binéfar	1	Indefinido	1	Agricultura, ganadería y pesca
2008,0	3	22061	Binéfar	2	Temporal	1	Agricultura, ganadería y pesca
2008,0	82	22061	Binéfar	1	Indefinido	2	Industria y energía
2008,0	27	22061	Binéfar	2	Temporal	2	Industria y energía
2008,0	22	22061	Binéfar	1	Indefinido	3	Construcción
2008,0	33	22061	Binéfar	2	Temporal	3	Construcción
2008,0	1	22061	Binéfar	3	Sin clasificar	3	Construcción
2008,0	56	22061	Binéfar	1	Indefinido	4	Servicios
2008,0	20	22061	Binéfar	2	Temporal	4	Servicios
2008,0	8	22112	Fraga	1	Indefinido	1	Agricultura, ganadería y pesca
2008,0	28	22112	Fraga	2	Temporal	1	Agricultura, ganadería y pesca
2008,0	1	22112	Fraga	3	Sin clasificar	1	Agricultura, ganadería y pesca
2008,0	42	22112	Fraga	1	Indefinido	2	Industria y energía
2008,0	22	22112	Fraga	2	Temporal	2	Industria y energía
2008,0	1	22112	Fraga	3	Sin clasificar	2	Industria y energía
2008,0	24	22112	Fraga	1	Indefinido	3	Construcción
2008,0	45	22112	Fraga	2	Temporal	3	Construcción
2008,0	4	22112	Fraga	3	Sin clasificar	3	Construcción
2008,0	63	22112	Fraga	1	Indefinido	4	Servicios
2008,0	44	22112	Fraga	2	Temporal	4	Servicios
2008,0	15	22125	Huesca	1	Indefinido	1	Agricultura, ganadería y pesca
2008,0	9	22125	Huesca	2	Temporal	1	Agricultura, ganadería y pesca
2008,0	1	22125	Huesca	3	Sin clasificar	1	Agricultura, ganadería y pesca
2008,0	105	22125	Huesca	1	Indefinido	2	Industria y energía
2008,0	32	22125	Huesca	2	Temporal	2	Industria y energía
2008,0	94	22125	Huesca	1	Indefinido	3	Construcción
2008,0	160	22125	Huesca	2	Temporal	3	Construcción
2008,0	2	22125	Huesca	3	Sin clasificar	3	Construcción
2008,0	291	22125	Huesca	1	Indefinido	4	Servicios
2008,0	148	22125	Huesca	2	Temporal	4	Servicios
2008,0	4	22125	Huesca	3	Sin clasificar	4	Servicios
2008,0	1	22130	Jaca	1	Indefinido	1	Agricultura, ganadería y pesca
2008,0	1	22130	Jaca	2	Temporal	1	Agricultura, ganadería y pesca
2008,0	1	22130	Jaca	3	Sin clasificar	1	Agricultura, ganadería y pesca
2008,0	5	22130	Jaca	1	Indefinido	2	Industria y energía
2008,0	3	22130	Jaca	2	Temporal	2	Industria y energía
2008,0	25	22130	Jaca	1	Indefinido	3	Construcción
2008,0	39	22130	Jaca	2	Temporal	3	Construcción
2008,0	1	22130	Jaca	3	Sin clasificar	3	Construcción
2008,0	63	22130	Jaca	1	Indefinido	4	Servicios
2008,0	47	22130	Jaca	2	Temporal	4	Servicios
2008,0	2	22130	Jaca	3	Sin clasificar	4	Servicios
2008,0	1	22158	Monzón	1	Indefinido	1	Agricultura, ganadería y pesca
2008,0	1	22158	Monzón	2	Temporal	1	Agricultura, ganadería y pesca
2008,0	96	22158	Monzón	1	Indefinido	2	Industria y energía
2008,0	78	22158	Monzón	2	Temporal	2	Industria y energía
2008,0	38	22158	Monzón	1	Indefinido	3	Construcción
2008,0	42	22158	Monzón	2	Temporal	3	Construcción
2008,0	4	22158	Monzón	3	Sin clasificar	3	Construcción
2008,0	81	22158	Monzón	1	Indefinido	4	Servicios
2008,0	51	22158	Monzón	2	Temporal	4	Servicios
2008,0	2	22199	Sabiñánigo	1	Indefinido	1	Agricultura, ganadería y pesca
2008,0	1	22199	Sabiñánigo	2	Temporal	1	Agricultura, ganadería y pesca
2008,0	1	22199	Sabiñánigo	3	Sin clasificar	1	Agricultura, ganadería y pesca
2008,0	17	22199	Sabiñánigo	1	Indefinido	2	Industria y energía
2008,0	2	22199	Sabiñánigo	2	Temporal	2	Industria y energía
2008,0	18	22199	Sabiñánigo	1	Indefinido	3	Construcción
2008,0	39	22199	Sabiñánigo	2	Temporal	3	Construcción
2008,0	27	22199	Sabiñánigo	1	Indefinido	4	Servicios
2008,0	16	22199	Sabiñánigo	2	Temporal	4	Servicios
2008,0	5	44013	Alcañiz	1	Indefinido	1	Agricultura, ganadería y pesca
2008,0	5	44013	Alcañiz	2	Temporal	1	Agricultura, ganadería y pesca
2008,0	3	44013	Alcañiz	3	Sin clasificar	1	Agricultura, ganadería y pesca
2008,0	50	44013	Alcañiz	1	Indefinido	2	Industria y energía
2008,0	26	44013	Alcañiz	2	Temporal	2	Industria y energía
2008,0	28	44013	Alcañiz	1	Indefinido	3	Construcción
2008,0	48	44013	Alcañiz	2	Temporal	3	Construcción
2008,0	2	44013	Alcañiz	3	Sin clasificar	3	Construcción
2008,0	54	44013	Alcañiz	1	Indefinido	4	Servicios
2008,0	49	44013	Alcañiz	2	Temporal	4	Servicios
2008,0	1	44025	Andorra	3	Sin clasificar	1	Agricultura, ganadería y pesca
2008,0	11	44025	Andorra	1	Indefinido	2	Industria y energía
2008,0	12	44025	Andorra	2	Temporal	2	Industria y energía
2008,0	11	44025	Andorra	1	Indefinido	3	Construcción
2008,0	39	44025	Andorra	2	Temporal	3	Construcción
2008,0	1	44025	Andorra	3	Sin clasificar	3	Construcción
2008,0	41	44025	Andorra	1	Indefinido	4	Servicios
2008,0	18	44025	Andorra	2	Temporal	4	Servicios
2008,0	12	44216	Teruel	1	Indefinido	1	Agricultura, ganadería y pesca
2008,0	7	44216	Teruel	2	Temporal	1	Agricultura, ganadería y pesca
2008,0	1	44216	Teruel	3	Sin clasificar	1	Agricultura, ganadería y pesca
2008,0	115	44216	Teruel	1	Indefinido	2	Industria y energía
2008,0	40	44216	Teruel	2	Temporal	2	Industria y energía
2008,0	2	44216	Teruel	3	Sin clasificar	2	Industria y energía
2008,0	39	44216	Teruel	1	Indefinido	3	Construcción
2008,0	63	44216	Teruel	2	Temporal	3	Construcción
2008,0	5	44216	Teruel	3	Sin clasificar	3	Construcción
2008,0	158	44216	Teruel	1	Indefinido	4	Servicios
2008,0	86	44216	Teruel	2	Temporal	4	Servicios
2008,0	3	44216	Teruel	3	Sin clasificar	4	Servicios
2008,0	3	50008	Alagón	1	Indefinido	1	Agricultura, ganadería y pesca
2008,0	4	50008	Alagón	2	Temporal	1	Agricultura, ganadería y pesca
2008,0	47	50008	Alagón	1	Indefinido	2	Industria y energía
2008,0	33	50008	Alagón	2	Temporal	2	Industria y energía
2008,0	16	50008	Alagón	1	Indefinido	3	Construcción
2008,0	9	50008	Alagón	2	Temporal	3	Construcción
2008,0	1	50008	Alagón	3	Sin clasificar	3	Construcción
2008,0	23	50008	Alagón	1	Indefinido	4	Servicios
2008,0	18	50008	Alagón	2	Temporal	4	Servicios
2008,0	6	50025	Almunia de Doña Godina (La)	1	Indefinido	1	Agricultura, ganadería y pesca
2008,0	9	50025	Almunia de Doña Godina (La)	2	Temporal	1	Agricultura, ganadería y pesca
2008,0	2	50025	Almunia de Doña Godina (La)	3	Sin clasificar	1	Agricultura, ganadería y pesca
2008,0	20	50025	Almunia de Doña Godina (La)	1	Indefinido	2	Industria y energía
2008,0	9	50025	Almunia de Doña Godina (La)	2	Temporal	2	Industria y energía
2008,0	3	50025	Almunia de Doña Godina (La)	1	Indefinido	3	Construcción
2008,0	6	50025	Almunia de Doña Godina (La)	2	Temporal	3	Construcción
2008,0	47	50025	Almunia de Doña Godina (La)	1	Indefinido	4	Servicios
2008,0	24	50025	Almunia de Doña Godina (La)	2	Temporal	4	Servicios
2008,0	5	50067	Calatayud	2	Temporal	1	Agricultura, ganadería y pesca
2008,0	1	50067	Calatayud	3	Sin clasificar	1	Agricultura, ganadería y pesca
2008,0	49	50067	Calatayud	1	Indefinido	2	Industria y energía
2008,0	32	50067	Calatayud	2	Temporal	2	Industria y energía
2008,0	31	50067	Calatayud	1	Indefinido	3	Construcción
2008,0	68	50067	Calatayud	2	Temporal	3	Construcción
2008,0	1	50067	Calatayud	3	Sin clasificar	3	Construcción
2008,0	86	50067	Calatayud	1	Indefinido	4	Servicios
2008,0	40	50067	Calatayud	2	Temporal	4	Servicios
2008,0	5	50074	Caspe	1	Indefinido	1	Agricultura, ganadería y pesca
2008,0	20	50074	Caspe	2	Temporal	1	Agricultura, ganadería y pesca
2008,0	15	50074	Caspe	1	Indefinido	2	Industria y energía
2008,0	6	50074	Caspe	2	Temporal	2	Industria y energía
2008,0	3	50074	Caspe	1	Indefinido	3	Construcción
2008,0	16	50074	Caspe	2	Temporal	3	Construcción
2008,0	23	50074	Caspe	1	Indefinido	4	Servicios
2008,0	31	50074	Caspe	2	Temporal	4	Servicios
2008,0	4	50089	Cuarte de Huerva	2	Temporal	1	Agricultura, ganadería y pesca
2008,0	129	50089	Cuarte de Huerva	1	Indefinido	2	Industria y energía
2008,0	64	50089	Cuarte de Huerva	2	Temporal	2	Industria y energía
2008,0	38	50089	Cuarte de Huerva	1	Indefinido	3	Construcción
2008,0	70	50089	Cuarte de Huerva	2	Temporal	3	Construcción
2008,0	85	50089	Cuarte de Huerva	1	Indefinido	4	Servicios
2008,0	53	50089	Cuarte de Huerva	2	Temporal	4	Servicios
2008,0	1	50089	Cuarte de Huerva	3	Sin clasificar	4	Servicios
2008,0	9	50095	Ejea de los Caballeros	1	Indefinido	1	Agricultura, ganadería y pesca
2008,0	9	50095	Ejea de los Caballeros	2	Temporal	1	Agricultura, ganadería y pesca
2008,0	3	50095	Ejea de los Caballeros	3	Sin clasificar	1	Agricultura, ganadería y pesca
2008,0	85	50095	Ejea de los Caballeros	1	Indefinido	2	Industria y energía
2008,0	50	50095	Ejea de los Caballeros	2	Temporal	2	Industria y energía
2008,0	38	50095	Ejea de los Caballeros	1	Indefinido	3	Construcción
2008,0	95	50095	Ejea de los Caballeros	2	Temporal	3	Construcción
2008,0	34	50095	Ejea de los Caballeros	1	Indefinido	4	Servicios
2008,0	32	50095	Ejea de los Caballeros	2	Temporal	4	Servicios
2008,0	1	50095	Ejea de los Caballeros	3	Sin clasificar	4	Servicios
2008,0	30	50163	María de Huerva	1	Indefinido	2	Industria y energía
2008,0	17	50163	María de Huerva	2	Temporal	2	Industria y energía
2008,0	5	50163	María de Huerva	1	Indefinido	3	Construcción
2008,0	13	50163	María de Huerva	2	Temporal	3	Construcción
2008,0	10	50163	María de Huerva	1	Indefinido	4	Servicios
2008,0	6	50163	María de Huerva	2	Temporal	4	Servicios
2008,0	1	50163	María de Huerva	3	Sin clasificar	4	Servicios
2008,0	1	50182	Muela (La)	1	Indefinido	1	Agricultura, ganadería y pesca
2008,0	80	50182	Muela (La)	1	Indefinido	2	Industria y energía
2008,0	49	50182	Muela (La)	2	Temporal	2	Industria y energía
2008,0	1	50182	Muela (La)	3	Sin clasificar	2	Industria y energía
2008,0	20	50182	Muela (La)	1	Indefinido	3	Construcción
2008,0	35	50182	Muela (La)	2	Temporal	3	Construcción
2008,0	48	50182	Muela (La)	1	Indefinido	4	Servicios
2008,0	39	50182	Muela (La)	2	Temporal	4	Servicios
2008,0	178	50219	Puebla de Alfindén (La)	1	Indefinido	2	Industria y energía
2008,0	85	50219	Puebla de Alfindén (La)	2	Temporal	2	Industria y energía
2008,0	39	50219	Puebla de Alfindén (La)	1	Indefinido	3	Construcción
2008,0	41	50219	Puebla de Alfindén (La)	2	Temporal	3	Construcción
2008,0	1	50219	Puebla de Alfindén (La)	3	Sin clasificar	3	Construcción
2008,0	65	50219	Puebla de Alfindén (La)	1	Indefinido	4	Servicios
2008,0	46	50219	Puebla de Alfindén (La)	2	Temporal	4	Servicios
2008,0	1	50219	Puebla de Alfindén (La)	3	Sin clasificar	4	Servicios
2008,0	1	50251	Tarazona	1	Indefinido	1	Agricultura, ganadería y pesca
2008,0	5	50251	Tarazona	3	Sin clasificar	1	Agricultura, ganadería y pesca
2008,0	62	50251	Tarazona	1	Indefinido	2	Industria y energía
2008,0	39	50251	Tarazona	2	Temporal	2	Industria y energía
2008,0	1	50251	Tarazona	3	Sin clasificar	2	Industria y energía
2008,0	14	50251	Tarazona	1	Indefinido	3	Construcción
2008,0	44	50251	Tarazona	2	Temporal	3	Construcción
2008,0	50	50251	Tarazona	1	Indefinido	4	Servicios
2008,0	33	50251	Tarazona	2	Temporal	4	Servicios
2008,0	2	50251	Tarazona	3	Sin clasificar	4	Servicios
2008,0	20	50252	Tauste	1	Indefinido	1	Agricultura, ganadería y pesca
2008,0	5	50252	Tauste	2	Temporal	1	Agricultura, ganadería y pesca
2008,0	2	50252	Tauste	3	Sin clasificar	1	Agricultura, ganadería y pesca
2008,0	49	50252	Tauste	1	Indefinido	2	Industria y energía
2008,0	22	50252	Tauste	2	Temporal	2	Industria y energía
2008,0	14	50252	Tauste	1	Indefinido	3	Construcción
2008,0	13	50252	Tauste	2	Temporal	3	Construcción
2008,0	1	50252	Tauste	3	Sin clasificar	3	Construcción
2008,0	16	50252	Tauste	1	Indefinido	4	Servicios
2008,0	18	50252	Tauste	2	Temporal	4	Servicios
2008,0	5	50272	Utebo	2	Temporal	1	Agricultura, ganadería y pesca
2008,0	115	50272	Utebo	1	Indefinido	2	Industria y energía
2008,0	61	50272	Utebo	2	Temporal	2	Industria y energía
2008,0	1	50272	Utebo	3	Sin clasificar	2	Industria y energía
2008,0	12	50272	Utebo	1	Indefinido	3	Construcción
2008,0	33	50272	Utebo	2	Temporal	3	Construcción
2008,0	1	50272	Utebo	3	Sin clasificar	3	Construcción
2008,0	64	50272	Utebo	1	Indefinido	4	Servicios
2008,0	46	50272	Utebo	2	Temporal	4	Servicios
2008,0	1	50272	Utebo	3	Sin clasificar	4	Servicios
2008,0	50	50297	Zaragoza	1	Indefinido	1	Agricultura, ganadería y pesca
2008,0	55	50297	Zaragoza	2	Temporal	1	Agricultura, ganadería y pesca
2008,0	7	50297	Zaragoza	3	Sin clasificar	1	Agricultura, ganadería y pesca
2008,0	1526	50297	Zaragoza	1	Indefinido	2	Industria y energía
2008,0	821	50297	Zaragoza	2	Temporal	2	Industria y energía
2008,0	7	50297	Zaragoza	3	Sin clasificar	2	Industria y energía
2008,0	712	50297	Zaragoza	1	Indefinido	3	Construcción
2008,0	1502	50297	Zaragoza	2	Temporal	3	Construcción
2008,0	40	50297	Zaragoza	3	Sin clasificar	3	Construcción
2008,0	3427	50297	Zaragoza	1	Indefinido	4	Servicios
2008,0	2031	50297	Zaragoza	2	Temporal	4	Servicios
2008,0	40	50297	Zaragoza	3	Sin clasificar	4	Servicios
2008,0	4	50298	Zuera	1	Indefinido	1	Agricultura, ganadería y pesca
2008,0	1	50298	Zuera	2	Temporal	1	Agricultura, ganadería y pesca
2008,0	73	50298	Zuera	1	Indefinido	2	Industria y energía
2008,0	22	50298	Zuera	2	Temporal	2	Industria y energía
2008,0	8	50298	Zuera	1	Indefinido	3	Construcción
2008,0	37	50298	Zuera	2	Temporal	3	Construcción
2008,0	1	50298	Zuera	3	Sin clasificar	3	Construcción
2008,0	51	50298	Zuera	1	Indefinido	4	Servicios
2008,0	24	50298	Zuera	2	Temporal	4	Servicios
2007,0	7	22048	Barbastro	1	Indefinido	1	Agricultura, ganadería y pesca
2007,0	8	22048	Barbastro	2	Temporal	1	Agricultura, ganadería y pesca
2007,0	46	22048	Barbastro	1	Indefinido	2	Industria y energía
2007,0	56	22048	Barbastro	2	Temporal	2	Industria y energía
2007,0	22	22048	Barbastro	1	Indefinido	3	Construcción
2007,0	80	22048	Barbastro	2	Temporal	3	Construcción
2007,0	1	22048	Barbastro	3	Sin clasificar	3	Construcción
2007,0	62	22048	Barbastro	1	Indefinido	4	Servicios
2007,0	50	22048	Barbastro	2	Temporal	4	Servicios
2007,0	5	22061	Binéfar	1	Indefinido	1	Agricultura, ganadería y pesca
2007,0	4	22061	Binéfar	2	Temporal	1	Agricultura, ganadería y pesca
2007,0	102	22061	Binéfar	1	Indefinido	2	Industria y energía
2007,0	35	22061	Binéfar	2	Temporal	2	Industria y energía
2007,0	26	22061	Binéfar	1	Indefinido	3	Construcción
2007,0	37	22061	Binéfar	2	Temporal	3	Construcción
2007,0	47	22061	Binéfar	1	Indefinido	4	Servicios
2007,0	35	22061	Binéfar	2	Temporal	4	Servicios
2007,0	7	22112	Fraga	1	Indefinido	1	Agricultura, ganadería y pesca
2007,0	20	22112	Fraga	2	Temporal	1	Agricultura, ganadería y pesca
2007,0	1	22112	Fraga	3	Sin clasificar	1	Agricultura, ganadería y pesca
2007,0	57	22112	Fraga	1	Indefinido	2	Industria y energía
2007,0	29	22112	Fraga	2	Temporal	2	Industria y energía
2007,0	42	22112	Fraga	1	Indefinido	3	Construcción
2007,0	57	22112	Fraga	2	Temporal	3	Construcción
2007,0	72	22112	Fraga	1	Indefinido	4	Servicios
2007,0	38	22112	Fraga	2	Temporal	4	Servicios
2007,0	1	22112	Fraga	3	Sin clasificar	4	Servicios
2007,0	3	22125	Huesca	1	Indefinido	1	Agricultura, ganadería y pesca
2007,0	4	22125	Huesca	2	Temporal	1	Agricultura, ganadería y pesca
2007,0	125	22125	Huesca	1	Indefinido	2	Industria y energía
2007,0	56	22125	Huesca	2	Temporal	2	Industria y energía
2007,0	86	22125	Huesca	1	Indefinido	3	Construcción
2007,0	299	22125	Huesca	2	Temporal	3	Construcción
2007,0	291	22125	Huesca	1	Indefinido	4	Servicios
2007,0	174	22125	Huesca	2	Temporal	4	Servicios
2007,0	10	22125	Huesca	3	Sin clasificar	4	Servicios
2007,0	2	22130	Jaca	1	Indefinido	1	Agricultura, ganadería y pesca
2007,0	9	22130	Jaca	1	Indefinido	2	Industria y energía
2007,0	3	22130	Jaca	2	Temporal	2	Industria y energía
2007,0	18	22130	Jaca	1	Indefinido	3	Construcción
2007,0	44	22130	Jaca	2	Temporal	3	Construcción
2007,0	71	22130	Jaca	1	Indefinido	4	Servicios
2007,0	37	22130	Jaca	2	Temporal	4	Servicios
2007,0	1	22158	Monzón	1	Indefinido	1	Agricultura, ganadería y pesca
2007,0	1	22158	Monzón	2	Temporal	1	Agricultura, ganadería y pesca
2007,0	96	22158	Monzón	1	Indefinido	2	Industria y energía
2007,0	61	22158	Monzón	2	Temporal	2	Industria y energía
2007,0	34	22158	Monzón	1	Indefinido	3	Construcción
2007,0	60	22158	Monzón	2	Temporal	3	Construcción
2007,0	72	22158	Monzón	1	Indefinido	4	Servicios
2007,0	38	22158	Monzón	2	Temporal	4	Servicios
2007,0	1	22199	Sabiñánigo	1	Indefinido	1	Agricultura, ganadería y pesca
2007,0	1	22199	Sabiñánigo	2	Temporal	1	Agricultura, ganadería y pesca
2007,0	15	22199	Sabiñánigo	1	Indefinido	2	Industria y energía
2007,0	5	22199	Sabiñánigo	2	Temporal	2	Industria y energía
2007,0	20	22199	Sabiñánigo	1	Indefinido	3	Construcción
2007,0	62	22199	Sabiñánigo	2	Temporal	3	Construcción
2007,0	25	22199	Sabiñánigo	1	Indefinido	4	Servicios
2007,0	7	22199	Sabiñánigo	2	Temporal	4	Servicios
2007,0	5	44013	Alcañiz	1	Indefinido	1	Agricultura, ganadería y pesca
2007,0	2	44013	Alcañiz	2	Temporal	1	Agricultura, ganadería y pesca
2007,0	3	44013	Alcañiz	3	Sin clasificar	1	Agricultura, ganadería y pesca
2007,0	55	44013	Alcañiz	1	Indefinido	2	Industria y energía
2007,0	60	44013	Alcañiz	2	Temporal	2	Industria y energía
2007,0	30	44013	Alcañiz	1	Indefinido	3	Construcción
2007,0	63	44013	Alcañiz	2	Temporal	3	Construcción
2007,0	66	44013	Alcañiz	1	Indefinido	4	Servicios
2007,0	34	44013	Alcañiz	2	Temporal	4	Servicios
2007,0	1	44013	Alcañiz	3	Sin clasificar	4	Servicios
2007,0	31	44025	Andorra	1	Indefinido	2	Industria y energía
2007,0	10	44025	Andorra	2	Temporal	2	Industria y energía
2007,0	10	44025	Andorra	1	Indefinido	3	Construcción
2007,0	26	44025	Andorra	2	Temporal	3	Construcción
2007,0	33	44025	Andorra	1	Indefinido	4	Servicios
2007,0	17	44025	Andorra	2	Temporal	4	Servicios
2007,0	4	44216	Teruel	1	Indefinido	1	Agricultura, ganadería y pesca
2007,0	7	44216	Teruel	2	Temporal	1	Agricultura, ganadería y pesca
2007,0	1	44216	Teruel	3	Sin clasificar	1	Agricultura, ganadería y pesca
2007,0	83	44216	Teruel	1	Indefinido	2	Industria y energía
2007,0	40	44216	Teruel	2	Temporal	2	Industria y energía
2007,0	1	44216	Teruel	3	Sin clasificar	2	Industria y energía
2007,0	38	44216	Teruel	1	Indefinido	3	Construcción
2007,0	84	44216	Teruel	2	Temporal	3	Construcción
2007,0	177	44216	Teruel	1	Indefinido	4	Servicios
2007,0	107	44216	Teruel	2	Temporal	4	Servicios
2007,0	5	44216	Teruel	3	Sin clasificar	4	Servicios
2007,0	4	50008	Alagón	1	Indefinido	1	Agricultura, ganadería y pesca
2007,0	4	50008	Alagón	2	Temporal	1	Agricultura, ganadería y pesca
2007,0	64	50008	Alagón	1	Indefinido	2	Industria y energía
2007,0	55	50008	Alagón	2	Temporal	2	Industria y energía
2007,0	4	50008	Alagón	1	Indefinido	3	Construcción
2007,0	9	50008	Alagón	2	Temporal	3	Construcción
2007,0	18	50008	Alagón	1	Indefinido	4	Servicios
2007,0	18	50008	Alagón	2	Temporal	4	Servicios
2007,0	5	50025	Almunia de Doña Godina (La)	1	Indefinido	1	Agricultura, ganadería y pesca
2007,0	12	50025	Almunia de Doña Godina (La)	2	Temporal	1	Agricultura, ganadería y pesca
2007,0	1	50025	Almunia de Doña Godina (La)	3	Sin clasificar	1	Agricultura, ganadería y pesca
2007,0	19	50025	Almunia de Doña Godina (La)	1	Indefinido	2	Industria y energía
2007,0	13	50025	Almunia de Doña Godina (La)	2	Temporal	2	Industria y energía
2007,0	4	50025	Almunia de Doña Godina (La)	1	Indefinido	3	Construcción
2007,0	14	50025	Almunia de Doña Godina (La)	2	Temporal	3	Construcción
2007,0	1	50025	Almunia de Doña Godina (La)	3	Sin clasificar	3	Construcción
2007,0	48	50025	Almunia de Doña Godina (La)	1	Indefinido	4	Servicios
2007,0	34	50025	Almunia de Doña Godina (La)	2	Temporal	4	Servicios
2007,0	2	50067	Calatayud	1	Indefinido	1	Agricultura, ganadería y pesca
2007,0	3	50067	Calatayud	2	Temporal	1	Agricultura, ganadería y pesca
2007,0	1	50067	Calatayud	3	Sin clasificar	1	Agricultura, ganadería y pesca
2007,0	46	50067	Calatayud	1	Indefinido	2	Industria y energía
2007,0	41	50067	Calatayud	2	Temporal	2	Industria y energía
2007,0	22	50067	Calatayud	1	Indefinido	3	Construcción
2007,0	81	50067	Calatayud	2	Temporal	3	Construcción
2007,0	91	50067	Calatayud	1	Indefinido	4	Servicios
2007,0	73	50067	Calatayud	2	Temporal	4	Servicios
2007,0	16	50074	Caspe	1	Indefinido	1	Agricultura, ganadería y pesca
2007,0	32	50074	Caspe	2	Temporal	1	Agricultura, ganadería y pesca
2007,0	6	50074	Caspe	1	Indefinido	2	Industria y energía
2007,0	7	50074	Caspe	2	Temporal	2	Industria y energía
2007,0	4	50074	Caspe	1	Indefinido	3	Construcción
2007,0	24	50074	Caspe	2	Temporal	3	Construcción
2007,0	14	50074	Caspe	1	Indefinido	4	Servicios
2007,0	29	50074	Caspe	2	Temporal	4	Servicios
2007,0	1	50089	Cuarte de Huerva	2	Temporal	1	Agricultura, ganadería y pesca
2007,0	141	50089	Cuarte de Huerva	1	Indefinido	2	Industria y energía
2007,0	75	50089	Cuarte de Huerva	2	Temporal	2	Industria y energía
2007,0	35	50089	Cuarte de Huerva	1	Indefinido	3	Construcción
2007,0	101	50089	Cuarte de Huerva	2	Temporal	3	Construcción
2007,0	86	50089	Cuarte de Huerva	1	Indefinido	4	Servicios
2007,0	52	50089	Cuarte de Huerva	2	Temporal	4	Servicios
2007,0	1	50089	Cuarte de Huerva	3	Sin clasificar	4	Servicios
2007,0	15	50095	Ejea de los Caballeros	1	Indefinido	1	Agricultura, ganadería y pesca
2007,0	24	50095	Ejea de los Caballeros	2	Temporal	1	Agricultura, ganadería y pesca
2007,0	2	50095	Ejea de los Caballeros	3	Sin clasificar	1	Agricultura, ganadería y pesca
2007,0	96	50095	Ejea de los Caballeros	1	Indefinido	2	Industria y energía
2007,0	68	50095	Ejea de los Caballeros	2	Temporal	2	Industria y energía
2007,0	28	50095	Ejea de los Caballeros	1	Indefinido	3	Construcción
2007,0	94	50095	Ejea de los Caballeros	2	Temporal	3	Construcción
2007,0	38	50095	Ejea de los Caballeros	1	Indefinido	4	Servicios
2007,0	38	50095	Ejea de los Caballeros	2	Temporal	4	Servicios
2007,0	1	50095	Ejea de los Caballeros	3	Sin clasificar	4	Servicios
2007,0	35	50163	María de Huerva	1	Indefinido	2	Industria y energía
2007,0	17	50163	María de Huerva	2	Temporal	2	Industria y energía
2007,0	5	50163	María de Huerva	1	Indefinido	3	Construcción
2007,0	25	50163	María de Huerva	2	Temporal	3	Construcción
2007,0	5	50163	María de Huerva	1	Indefinido	4	Servicios
2007,0	5	50163	María de Huerva	2	Temporal	4	Servicios
2007,0	1	50182	Muela (La)	1	Indefinido	1	Agricultura, ganadería y pesca
2007,0	83	50182	Muela (La)	1	Indefinido	2	Industria y energía
2007,0	69	50182	Muela (La)	2	Temporal	2	Industria y energía
2007,0	10	50182	Muela (La)	1	Indefinido	3	Construcción
2007,0	51	50182	Muela (La)	2	Temporal	3	Construcción
2007,0	1	50182	Muela (La)	3	Sin clasificar	3	Construcción
2007,0	42	50182	Muela (La)	1	Indefinido	4	Servicios
2007,0	49	50182	Muela (La)	2	Temporal	4	Servicios
2007,0	1	50219	Puebla de Alfindén (La)	2	Temporal	1	Agricultura, ganadería y pesca
2007,0	219	50219	Puebla de Alfindén (La)	1	Indefinido	2	Industria y energía
2007,0	189	50219	Puebla de Alfindén (La)	2	Temporal	2	Industria y energía
2007,0	39	50219	Puebla de Alfindén (La)	1	Indefinido	3	Construcción
2007,0	54	50219	Puebla de Alfindén (La)	2	Temporal	3	Construcción
2007,0	68	50219	Puebla de Alfindén (La)	1	Indefinido	4	Servicios
2007,0	36	50219	Puebla de Alfindén (La)	2	Temporal	4	Servicios
2007,0	3	50251	Tarazona	1	Indefinido	1	Agricultura, ganadería y pesca
2007,0	1	50251	Tarazona	3	Sin clasificar	1	Agricultura, ganadería y pesca
2007,0	74	50251	Tarazona	1	Indefinido	2	Industria y energía
2007,0	63	50251	Tarazona	2	Temporal	2	Industria y energía
2007,0	13	50251	Tarazona	1	Indefinido	3	Construcción
2007,0	43	50251	Tarazona	2	Temporal	3	Construcción
2007,0	1	50251	Tarazona	3	Sin clasificar	3	Construcción
2007,0	43	50251	Tarazona	1	Indefinido	4	Servicios
2007,0	38	50251	Tarazona	2	Temporal	4	Servicios
2007,0	1	50251	Tarazona	3	Sin clasificar	4	Servicios
2007,0	19	50252	Tauste	1	Indefinido	1	Agricultura, ganadería y pesca
2007,0	3	50252	Tauste	2	Temporal	1	Agricultura, ganadería y pesca
2007,0	63	50252	Tauste	1	Indefinido	2	Industria y energía
2007,0	41	50252	Tauste	2	Temporal	2	Industria y energía
2007,0	10	50252	Tauste	1	Indefinido	3	Construcción
2007,0	29	50252	Tauste	2	Temporal	3	Construcción
2007,0	18	50252	Tauste	1	Indefinido	4	Servicios
2007,0	9	50252	Tauste	2	Temporal	4	Servicios
2007,0	1	50252	Tauste	3	Sin clasificar	4	Servicios
2007,0	2	50272	Utebo	2	Temporal	1	Agricultura, ganadería y pesca
2007,0	130	50272	Utebo	1	Indefinido	2	Industria y energía
2007,0	71	50272	Utebo	2	Temporal	2	Industria y energía
2007,0	20	50272	Utebo	1	Indefinido	3	Construcción
2007,0	67	50272	Utebo	2	Temporal	3	Construcción
2007,0	66	50272	Utebo	1	Indefinido	4	Servicios
2007,0	57	50272	Utebo	2	Temporal	4	Servicios
2007,0	62	50297	Zaragoza	1	Indefinido	1	Agricultura, ganadería y pesca
2007,0	60	50297	Zaragoza	2	Temporal	1	Agricultura, ganadería y pesca
2007,0	4	50297	Zaragoza	3	Sin clasificar	1	Agricultura, ganadería y pesca
2007,0	1746	50297	Zaragoza	1	Indefinido	2	Industria y energía
2007,0	1089	50297	Zaragoza	2	Temporal	2	Industria y energía
2007,0	2	50297	Zaragoza	3	Sin clasificar	2	Industria y energía
2007,0	671	50297	Zaragoza	1	Indefinido	3	Construcción
2007,0	1917	50297	Zaragoza	2	Temporal	3	Construcción
2007,0	21	50297	Zaragoza	3	Sin clasificar	3	Construcción
2007,0	3338	50297	Zaragoza	1	Indefinido	4	Servicios
2007,0	1894	50297	Zaragoza	2	Temporal	4	Servicios
2007,0	29	50297	Zaragoza	3	Sin clasificar	4	Servicios
2007,0	2	50298	Zuera	1	Indefinido	1	Agricultura, ganadería y pesca
2007,0	2	50298	Zuera	2	Temporal	1	Agricultura, ganadería y pesca
2007,0	73	50298	Zuera	1	Indefinido	2	Industria y energía
2007,0	49	50298	Zuera	2	Temporal	2	Industria y energía
2007,0	2	50298	Zuera	3	Sin clasificar	2	Industria y energía
2007,0	12	50298	Zuera	1	Indefinido	3	Construcción
2007,0	35	50298	Zuera	2	Temporal	3	Construcción
2007,0	37	50298	Zuera	1	Indefinido	4	Servicios
2007,0	29	50298	Zuera	2	Temporal	4	Servicios
2007,0	1	50298	Zuera	3	Sin clasificar	4	Servicios
2006,0	6	22048	Barbastro	1	Indefinido	1	Agricultura, ganadería y pesca
2006,0	6	22048	Barbastro	2	Temporal	1	Agricultura, ganadería y pesca
2006,0	50	22048	Barbastro	1	Indefinido	2	Industria y energía
2006,0	50	22048	Barbastro	2	Temporal	2	Industria y energía
2006,0	30	22048	Barbastro	1	Indefinido	3	Construcción
2006,0	62	22048	Barbastro	2	Temporal	3	Construcción
2006,0	49	22048	Barbastro	1	Indefinido	4	Servicios
2006,0	40	22048	Barbastro	2	Temporal	4	Servicios
2006,0	1	22048	Barbastro	3	Sin clasificar	4	Servicios
2006,0	7	22061	Binéfar	1	Indefinido	1	Agricultura, ganadería y pesca
2006,0	3	22061	Binéfar	2	Temporal	1	Agricultura, ganadería y pesca
2006,0	77	22061	Binéfar	1	Indefinido	2	Industria y energía
2006,0	30	22061	Binéfar	2	Temporal	2	Industria y energía
2006,0	16	22061	Binéfar	1	Indefinido	3	Construcción
2006,0	22	22061	Binéfar	2	Temporal	3	Construcción
2006,0	34	22061	Binéfar	1	Indefinido	4	Servicios
2006,0	30	22061	Binéfar	2	Temporal	4	Servicios
2006,0	12	22112	Fraga	1	Indefinido	1	Agricultura, ganadería y pesca
2006,0	29	22112	Fraga	2	Temporal	1	Agricultura, ganadería y pesca
2006,0	53	22112	Fraga	1	Indefinido	2	Industria y energía
2006,0	53	22112	Fraga	2	Temporal	2	Industria y energía
2006,0	1	22112	Fraga	3	Sin clasificar	2	Industria y energía
2006,0	23	22112	Fraga	1	Indefinido	3	Construcción
2006,0	51	22112	Fraga	2	Temporal	3	Construcción
2006,0	58	22112	Fraga	1	Indefinido	4	Servicios
2006,0	47	22112	Fraga	2	Temporal	4	Servicios
2006,0	10	22125	Huesca	1	Indefinido	1	Agricultura, ganadería y pesca
2006,0	8	22125	Huesca	2	Temporal	1	Agricultura, ganadería y pesca
2006,0	135	22125	Huesca	1	Indefinido	2	Industria y energía
2006,0	96	22125	Huesca	2	Temporal	2	Industria y energía
2006,0	86	22125	Huesca	1	Indefinido	3	Construcción
2006,0	268	22125	Huesca	2	Temporal	3	Construcción
2006,0	245	22125	Huesca	1	Indefinido	4	Servicios
2006,0	176	22125	Huesca	2	Temporal	4	Servicios
2006,0	5	22125	Huesca	3	Sin clasificar	4	Servicios
2006,0	4	22130	Jaca	1	Indefinido	1	Agricultura, ganadería y pesca
2006,0	1	22130	Jaca	3	Sin clasificar	1	Agricultura, ganadería y pesca
2006,0	10	22130	Jaca	1	Indefinido	2	Industria y energía
2006,0	6	22130	Jaca	2	Temporal	2	Industria y energía
2006,0	33	22130	Jaca	1	Indefinido	3	Construcción
2006,0	75	22130	Jaca	2	Temporal	3	Construcción
2006,0	1	22130	Jaca	3	Sin clasificar	3	Construcción
2006,0	70	22130	Jaca	1	Indefinido	4	Servicios
2006,0	45	22130	Jaca	2	Temporal	4	Servicios
2006,0	1	22130	Jaca	3	Sin clasificar	4	Servicios
2006,0	4	22158	Monzón	1	Indefinido	1	Agricultura, ganadería y pesca
2006,0	1	22158	Monzón	3	Sin clasificar	1	Agricultura, ganadería y pesca
2006,0	83	22158	Monzón	1	Indefinido	2	Industria y energía
2006,0	68	22158	Monzón	2	Temporal	2	Industria y energía
2006,0	1	22158	Monzón	3	Sin clasificar	2	Industria y energía
2006,0	22	22158	Monzón	1	Indefinido	3	Construcción
2006,0	80	22158	Monzón	2	Temporal	3	Construcción
2006,0	51	22158	Monzón	1	Indefinido	4	Servicios
2006,0	37	22158	Monzón	2	Temporal	4	Servicios
2006,0	1	22199	Sabiñánigo	1	Indefinido	1	Agricultura, ganadería y pesca
2006,0	1	22199	Sabiñánigo	2	Temporal	1	Agricultura, ganadería y pesca
2006,0	13	22199	Sabiñánigo	1	Indefinido	2	Industria y energía
2006,0	6	22199	Sabiñánigo	2	Temporal	2	Industria y energía
2006,0	14	22199	Sabiñánigo	1	Indefinido	3	Construcción
2006,0	54	22199	Sabiñánigo	2	Temporal	3	Construcción
2006,0	25	22199	Sabiñánigo	1	Indefinido	4	Servicios
2006,0	22	22199	Sabiñánigo	2	Temporal	4	Servicios
2006,0	1	44013	Alcañiz	1	Indefinido	1	Agricultura, ganadería y pesca
2006,0	4	44013	Alcañiz	2	Temporal	1	Agricultura, ganadería y pesca
2006,0	4	44013	Alcañiz	3	Sin clasificar	1	Agricultura, ganadería y pesca
2006,0	66	44013	Alcañiz	1	Indefinido	2	Industria y energía
2006,0	44	44013	Alcañiz	2	Temporal	2	Industria y energía
2006,0	18	44013	Alcañiz	1	Indefinido	3	Construcción
2006,0	55	44013	Alcañiz	2	Temporal	3	Construcción
2006,0	53	44013	Alcañiz	1	Indefinido	4	Servicios
2006,0	40	44013	Alcañiz	2	Temporal	4	Servicios
2006,0	5	44013	Alcañiz	3	Sin clasificar	4	Servicios
2006,0	28	44025	Andorra	1	Indefinido	2	Industria y energía
2006,0	10	44025	Andorra	2	Temporal	2	Industria y energía
2006,0	9	44025	Andorra	1	Indefinido	3	Construcción
2006,0	26	44025	Andorra	2	Temporal	3	Construcción
2006,0	38	44025	Andorra	1	Indefinido	4	Servicios
2006,0	16	44025	Andorra	2	Temporal	4	Servicios
2006,0	5	44216	Teruel	1	Indefinido	1	Agricultura, ganadería y pesca
2006,0	5	44216	Teruel	2	Temporal	1	Agricultura, ganadería y pesca
2006,0	2	44216	Teruel	3	Sin clasificar	1	Agricultura, ganadería y pesca
2006,0	77	44216	Teruel	1	Indefinido	2	Industria y energía
2006,0	40	44216	Teruel	2	Temporal	2	Industria y energía
2006,0	37	44216	Teruel	1	Indefinido	3	Construcción
2006,0	77	44216	Teruel	2	Temporal	3	Construcción
2006,0	1	44216	Teruel	3	Sin clasificar	3	Construcción
2006,0	131	44216	Teruel	1	Indefinido	4	Servicios
2006,0	84	44216	Teruel	2	Temporal	4	Servicios
2006,0	5	44216	Teruel	3	Sin clasificar	4	Servicios
2006,0	3	50008	Alagón	1	Indefinido	1	Agricultura, ganadería y pesca
2006,0	4	50008	Alagón	2	Temporal	1	Agricultura, ganadería y pesca
2006,0	55	50008	Alagón	1	Indefinido	2	Industria y energía
2006,0	61	50008	Alagón	2	Temporal	2	Industria y energía
2006,0	4	50008	Alagón	1	Indefinido	3	Construcción
2006,0	9	50008	Alagón	2	Temporal	3	Construcción
2006,0	31	50008	Alagón	1	Indefinido	4	Servicios
2006,0	28	50008	Alagón	2	Temporal	4	Servicios
2006,0	8	50025	Almunia de Doña Godina (La)	1	Indefinido	1	Agricultura, ganadería y pesca
2006,0	15	50025	Almunia de Doña Godina (La)	2	Temporal	1	Agricultura, ganadería y pesca
2006,0	1	50025	Almunia de Doña Godina (La)	3	Sin clasificar	1	Agricultura, ganadería y pesca
2006,0	23	50025	Almunia de Doña Godina (La)	1	Indefinido	2	Industria y energía
2006,0	19	50025	Almunia de Doña Godina (La)	2	Temporal	2	Industria y energía
2006,0	4	50025	Almunia de Doña Godina (La)	1	Indefinido	3	Construcción
2006,0	13	50025	Almunia de Doña Godina (La)	2	Temporal	3	Construcción
2006,0	48	50025	Almunia de Doña Godina (La)	1	Indefinido	4	Servicios
2006,0	30	50025	Almunia de Doña Godina (La)	2	Temporal	4	Servicios
2006,0	3	50067	Calatayud	1	Indefinido	1	Agricultura, ganadería y pesca
2006,0	3	50067	Calatayud	2	Temporal	1	Agricultura, ganadería y pesca
2006,0	2	50067	Calatayud	3	Sin clasificar	1	Agricultura, ganadería y pesca
2006,0	40	50067	Calatayud	1	Indefinido	2	Industria y energía
2006,0	27	50067	Calatayud	2	Temporal	2	Industria y energía
2006,0	12	50067	Calatayud	1	Indefinido	3	Construcción
2006,0	49	50067	Calatayud	2	Temporal	3	Construcción
2006,0	1	50067	Calatayud	3	Sin clasificar	3	Construcción
2006,0	85	50067	Calatayud	1	Indefinido	4	Servicios
2006,0	54	50067	Calatayud	2	Temporal	4	Servicios
2006,0	3	50067	Calatayud	3	Sin clasificar	4	Servicios
2006,0	16	50074	Caspe	1	Indefinido	1	Agricultura, ganadería y pesca
2006,0	24	50074	Caspe	2	Temporal	1	Agricultura, ganadería y pesca
2006,0	9	50074	Caspe	1	Indefinido	2	Industria y energía
2006,0	9	50074	Caspe	2	Temporal	2	Industria y energía
2006,0	6	50074	Caspe	1	Indefinido	3	Construcción
2006,0	27	50074	Caspe	2	Temporal	3	Construcción
2006,0	30	50074	Caspe	1	Indefinido	4	Servicios
2006,0	28	50074	Caspe	2	Temporal	4	Servicios
2006,0	1	50089	Cuarte de Huerva	2	Temporal	1	Agricultura, ganadería y pesca
2006,0	117	50089	Cuarte de Huerva	1	Indefinido	2	Industria y energía
2006,0	83	50089	Cuarte de Huerva	2	Temporal	2	Industria y energía
2006,0	41	50089	Cuarte de Huerva	1	Indefinido	3	Construcción
2006,0	116	50089	Cuarte de Huerva	2	Temporal	3	Construcción
2006,0	77	50089	Cuarte de Huerva	1	Indefinido	4	Servicios
2006,0	61	50089	Cuarte de Huerva	2	Temporal	4	Servicios
2006,0	25	50095	Ejea de los Caballeros	1	Indefinido	1	Agricultura, ganadería y pesca
2006,0	27	50095	Ejea de los Caballeros	2	Temporal	1	Agricultura, ganadería y pesca
2006,0	82	50095	Ejea de los Caballeros	1	Indefinido	2	Industria y energía
2006,0	72	50095	Ejea de los Caballeros	2	Temporal	2	Industria y energía
2006,0	34	50095	Ejea de los Caballeros	1	Indefinido	3	Construcción
2006,0	94	50095	Ejea de los Caballeros	2	Temporal	3	Construcción
2006,0	1	50095	Ejea de los Caballeros	3	Sin clasificar	3	Construcción
2006,0	45	50095	Ejea de los Caballeros	1	Indefinido	4	Servicios
2006,0	29	50095	Ejea de los Caballeros	2	Temporal	4	Servicios
2006,0	2	50163	María de Huerva	1	Indefinido	1	Agricultura, ganadería y pesca
2006,0	35	50163	María de Huerva	1	Indefinido	2	Industria y energía
2006,0	17	50163	María de Huerva	2	Temporal	2	Industria y energía
2006,0	5	50163	María de Huerva	1	Indefinido	3	Construcción
2006,0	32	50163	María de Huerva	2	Temporal	3	Construcción
2006,0	4	50163	María de Huerva	1	Indefinido	4	Servicios
2006,0	7	50163	María de Huerva	2	Temporal	4	Servicios
2006,0	1	50182	Muela (La)	1	Indefinido	1	Agricultura, ganadería y pesca
2006,0	87	50182	Muela (La)	1	Indefinido	2	Industria y energía
2006,0	75	50182	Muela (La)	2	Temporal	2	Industria y energía
2006,0	10	50182	Muela (La)	1	Indefinido	3	Construcción
2006,0	33	50182	Muela (La)	2	Temporal	3	Construcción
2006,0	34	50182	Muela (La)	1	Indefinido	4	Servicios
2006,0	36	50182	Muela (La)	2	Temporal	4	Servicios
2006,0	1	50182	Muela (La)	3	Sin clasificar	4	Servicios
2006,0	163	50219	Puebla de Alfindén (La)	1	Indefinido	2	Industria y energía
2006,0	128	50219	Puebla de Alfindén (La)	2	Temporal	2	Industria y energía
2006,0	24	50219	Puebla de Alfindén (La)	1	Indefinido	3	Construcción
2006,0	50	50219	Puebla de Alfindén (La)	2	Temporal	3	Construcción
2006,0	1	50219	Puebla de Alfindén (La)	3	Sin clasificar	3	Construcción
2006,0	71	50219	Puebla de Alfindén (La)	1	Indefinido	4	Servicios
2006,0	35	50219	Puebla de Alfindén (La)	2	Temporal	4	Servicios
2006,0	2	50251	Tarazona	1	Indefinido	1	Agricultura, ganadería y pesca
2006,0	1	50251	Tarazona	2	Temporal	1	Agricultura, ganadería y pesca
2006,0	1	50251	Tarazona	3	Sin clasificar	1	Agricultura, ganadería y pesca
2006,0	76	50251	Tarazona	1	Indefinido	2	Industria y energía
2006,0	47	50251	Tarazona	2	Temporal	2	Industria y energía
2006,0	12	50251	Tarazona	1	Indefinido	3	Construcción
2006,0	33	50251	Tarazona	2	Temporal	3	Construcción
2006,0	41	50251	Tarazona	1	Indefinido	4	Servicios
2006,0	31	50251	Tarazona	2	Temporal	4	Servicios
2006,0	1	50251	Tarazona	3	Sin clasificar	4	Servicios
2006,0	16	50252	Tauste	1	Indefinido	1	Agricultura, ganadería y pesca
2006,0	10	50252	Tauste	2	Temporal	1	Agricultura, ganadería y pesca
2006,0	69	50252	Tauste	1	Indefinido	2	Industria y energía
2006,0	26	50252	Tauste	2	Temporal	2	Industria y energía
2006,0	16	50252	Tauste	1	Indefinido	3	Construcción
2006,0	26	50252	Tauste	2	Temporal	3	Construcción
2006,0	18	50252	Tauste	1	Indefinido	4	Servicios
2006,0	6	50252	Tauste	2	Temporal	4	Servicios
2006,0	2	50272	Utebo	1	Indefinido	1	Agricultura, ganadería y pesca
2006,0	4	50272	Utebo	2	Temporal	1	Agricultura, ganadería y pesca
2006,0	115	50272	Utebo	1	Indefinido	2	Industria y energía
2006,0	82	50272	Utebo	2	Temporal	2	Industria y energía
2006,0	1	50272	Utebo	3	Sin clasificar	2	Industria y energía
2006,0	25	50272	Utebo	1	Indefinido	3	Construcción
2006,0	75	50272	Utebo	2	Temporal	3	Construcción
2006,0	1	50272	Utebo	3	Sin clasificar	3	Construcción
2006,0	61	50272	Utebo	1	Indefinido	4	Servicios
2006,0	55	50272	Utebo	2	Temporal	4	Servicios
2006,0	40	50297	Zaragoza	1	Indefinido	1	Agricultura, ganadería y pesca
2006,0	61	50297	Zaragoza	2	Temporal	1	Agricultura, ganadería y pesca
2006,0	2	50297	Zaragoza	3	Sin clasificar	1	Agricultura, ganadería y pesca
2006,0	1746	50297	Zaragoza	1	Indefinido	2	Industria y energía
2006,0	1008	50297	Zaragoza	2	Temporal	2	Industria y energía
2006,0	2	50297	Zaragoza	3	Sin clasificar	2	Industria y energía
2006,0	575	50297	Zaragoza	1	Indefinido	3	Construcción
2006,0	1745	50297	Zaragoza	2	Temporal	3	Construcción
2006,0	10	50297	Zaragoza	3	Sin clasificar	3	Construcción
2006,0	2962	50297	Zaragoza	1	Indefinido	4	Servicios
2006,0	1998	50297	Zaragoza	2	Temporal	4	Servicios
2006,0	27	50297	Zaragoza	3	Sin clasificar	4	Servicios
2006,0	2	50298	Zuera	1	Indefinido	1	Agricultura, ganadería y pesca
2006,0	2	50298	Zuera	2	Temporal	1	Agricultura, ganadería y pesca
2006,0	57	50298	Zuera	1	Indefinido	2	Industria y energía
2006,0	56	50298	Zuera	2	Temporal	2	Industria y energía
2006,0	19	50298	Zuera	1	Indefinido	3	Construcción
2006,0	21	50298	Zuera	2	Temporal	3	Construcción
2006,0	31	50298	Zuera	1	Indefinido	4	Servicios
2006,0	24	50298	Zuera	2	Temporal	4	Servicios
2005,0	4	22048	Barbastro	1	Indefinido	1	Agricultura, ganadería y pesca
2005,0	11	22048	Barbastro	2	Temporal	1	Agricultura, ganadería y pesca
2005,0	44	22048	Barbastro	1	Indefinido	2	Industria y energía
2005,0	26	22048	Barbastro	2	Temporal	2	Industria y energía
2005,0	12	22048	Barbastro	1	Indefinido	3	Construcción
2005,0	57	22048	Barbastro	2	Temporal	3	Construcción
2005,0	57	22048	Barbastro	1	Indefinido	4	Servicios
2005,0	33	22048	Barbastro	2	Temporal	4	Servicios
2005,0	10	22061	Binéfar	1	Indefinido	1	Agricultura, ganadería y pesca
2005,0	3	22061	Binéfar	2	Temporal	1	Agricultura, ganadería y pesca
2005,0	67	22061	Binéfar	1	Indefinido	2	Industria y energía
2005,0	29	22061	Binéfar	2	Temporal	2	Industria y energía
2005,0	16	22061	Binéfar	1	Indefinido	3	Construcción
2005,0	31	22061	Binéfar	2	Temporal	3	Construcción
2005,0	42	22061	Binéfar	1	Indefinido	4	Servicios
2005,0	25	22061	Binéfar	2	Temporal	4	Servicios
2005,0	12	22112	Fraga	1	Indefinido	1	Agricultura, ganadería y pesca
2005,0	17	22112	Fraga	2	Temporal	1	Agricultura, ganadería y pesca
2005,0	40	22112	Fraga	1	Indefinido	2	Industria y energía
2005,0	31	22112	Fraga	2	Temporal	2	Industria y energía
2005,0	20	22112	Fraga	1	Indefinido	3	Construcción
2005,0	41	22112	Fraga	2	Temporal	3	Construcción
2005,0	68	22112	Fraga	1	Indefinido	4	Servicios
2005,0	42	22112	Fraga	2	Temporal	4	Servicios
2005,0	1	22112	Fraga	3	Sin clasificar	4	Servicios
2005,0	19	22125	Huesca	1	Indefinido	1	Agricultura, ganadería y pesca
2005,0	9	22125	Huesca	2	Temporal	1	Agricultura, ganadería y pesca
2005,0	125	22125	Huesca	1	Indefinido	2	Industria y energía
2005,0	83	22125	Huesca	2	Temporal	2	Industria y energía
2005,0	75	22125	Huesca	1	Indefinido	3	Construcción
2005,0	257	22125	Huesca	2	Temporal	3	Construcción
2005,0	1	22125	Huesca	3	Sin clasificar	3	Construcción
2005,0	227	22125	Huesca	1	Indefinido	4	Servicios
2005,0	158	22125	Huesca	2	Temporal	4	Servicios
2005,0	2	22125	Huesca	3	Sin clasificar	4	Servicios
2005,0	3	22130	Jaca	1	Indefinido	1	Agricultura, ganadería y pesca
2005,0	3	22130	Jaca	2	Temporal	1	Agricultura, ganadería y pesca
2005,0	12	22130	Jaca	1	Indefinido	2	Industria y energía
2005,0	8	22130	Jaca	2	Temporal	2	Industria y energía
2005,0	17	22130	Jaca	1	Indefinido	3	Construcción
2005,0	107	22130	Jaca	2	Temporal	3	Construcción
2005,0	57	22130	Jaca	1	Indefinido	4	Servicios
2005,0	46	22130	Jaca	2	Temporal	4	Servicios
2005,0	2	22158	Monzón	1	Indefinido	1	Agricultura, ganadería y pesca
2005,0	1	22158	Monzón	2	Temporal	1	Agricultura, ganadería y pesca
2005,0	73	22158	Monzón	1	Indefinido	2	Industria y energía
2005,0	57	22158	Monzón	2	Temporal	2	Industria y energía
2005,0	11	22158	Monzón	1	Indefinido	3	Construcción
2005,0	45	22158	Monzón	2	Temporal	3	Construcción
2005,0	56	22158	Monzón	1	Indefinido	4	Servicios
2005,0	35	22158	Monzón	2	Temporal	4	Servicios
2005,0	1	22199	Sabiñánigo	2	Temporal	1	Agricultura, ganadería y pesca
2005,0	15	22199	Sabiñánigo	1	Indefinido	2	Industria y energía
2005,0	9	22199	Sabiñánigo	2	Temporal	2	Industria y energía
2005,0	12	22199	Sabiñánigo	1	Indefinido	3	Construcción
2005,0	57	22199	Sabiñánigo	2	Temporal	3	Construcción
2005,0	17	22199	Sabiñánigo	1	Indefinido	4	Servicios
2005,0	11	22199	Sabiñánigo	2	Temporal	4	Servicios
2005,0	6	44013	Alcañiz	1	Indefinido	1	Agricultura, ganadería y pesca
2005,0	7	44013	Alcañiz	2	Temporal	1	Agricultura, ganadería y pesca
2005,0	57	44013	Alcañiz	1	Indefinido	2	Industria y energía
2005,0	33	44013	Alcañiz	2	Temporal	2	Industria y energía
2005,0	19	44013	Alcañiz	1	Indefinido	3	Construcción
2005,0	56	44013	Alcañiz	2	Temporal	3	Construcción
2005,0	1	44013	Alcañiz	3	Sin clasificar	3	Construcción
2005,0	63	44013	Alcañiz	1	Indefinido	4	Servicios
2005,0	50	44013	Alcañiz	2	Temporal	4	Servicios
2005,0	32	44025	Andorra	1	Indefinido	2	Industria y energía
2005,0	6	44025	Andorra	2	Temporal	2	Industria y energía
2005,0	3	44025	Andorra	1	Indefinido	3	Construcción
2005,0	17	44025	Andorra	2	Temporal	3	Construcción
2005,0	24	44025	Andorra	1	Indefinido	4	Servicios
2005,0	17	44025	Andorra	2	Temporal	4	Servicios
2005,0	1	44025	Andorra	3	Sin clasificar	4	Servicios
2005,0	3	44216	Teruel	1	Indefinido	1	Agricultura, ganadería y pesca
2005,0	3	44216	Teruel	2	Temporal	1	Agricultura, ganadería y pesca
2005,0	61	44216	Teruel	1	Indefinido	2	Industria y energía
2005,0	32	44216	Teruel	2	Temporal	2	Industria y energía
2005,0	35	44216	Teruel	1	Indefinido	3	Construcción
2005,0	82	44216	Teruel	2	Temporal	3	Construcción
2005,0	146	44216	Teruel	1	Indefinido	4	Servicios
2005,0	88	44216	Teruel	2	Temporal	4	Servicios
2005,0	3	44216	Teruel	3	Sin clasificar	4	Servicios
2005,0	4	50008	Alagón	2	Temporal	1	Agricultura, ganadería y pesca
2005,0	57	50008	Alagón	1	Indefinido	2	Industria y energía
2005,0	21	50008	Alagón	2	Temporal	2	Industria y energía
2005,0	6	50008	Alagón	1	Indefinido	3	Construcción
2005,0	6	50008	Alagón	2	Temporal	3	Construcción
2005,0	32	50008	Alagón	1	Indefinido	4	Servicios
2005,0	26	50008	Alagón	2	Temporal	4	Servicios
2005,0	4	50025	Almunia de Doña Godina (La)	1	Indefinido	1	Agricultura, ganadería y pesca
2005,0	15	50025	Almunia de Doña Godina (La)	2	Temporal	1	Agricultura, ganadería y pesca
2005,0	14	50025	Almunia de Doña Godina (La)	1	Indefinido	2	Industria y energía
2005,0	18	50025	Almunia de Doña Godina (La)	2	Temporal	2	Industria y energía
2005,0	6	50025	Almunia de Doña Godina (La)	1	Indefinido	3	Construcción
2005,0	11	50025	Almunia de Doña Godina (La)	2	Temporal	3	Construcción
2005,0	52	50025	Almunia de Doña Godina (La)	1	Indefinido	4	Servicios
2005,0	25	50025	Almunia de Doña Godina (La)	2	Temporal	4	Servicios
2005,0	3	50067	Calatayud	1	Indefinido	1	Agricultura, ganadería y pesca
2005,0	8	50067	Calatayud	2	Temporal	1	Agricultura, ganadería y pesca
2005,0	33	50067	Calatayud	1	Indefinido	2	Industria y energía
2005,0	18	50067	Calatayud	2	Temporal	2	Industria y energía
2005,0	12	50067	Calatayud	1	Indefinido	3	Construcción
2005,0	71	50067	Calatayud	2	Temporal	3	Construcción
2005,0	1	50067	Calatayud	3	Sin clasificar	3	Construcción
2005,0	70	50067	Calatayud	1	Indefinido	4	Servicios
2005,0	43	50067	Calatayud	2	Temporal	4	Servicios
2005,0	2	50067	Calatayud	3	Sin clasificar	4	Servicios
2005,0	14	50074	Caspe	1	Indefinido	1	Agricultura, ganadería y pesca
2005,0	31	50074	Caspe	2	Temporal	1	Agricultura, ganadería y pesca
2005,0	1	50074	Caspe	3	Sin clasificar	1	Agricultura, ganadería y pesca
2005,0	6	50074	Caspe	1	Indefinido	2	Industria y energía
2005,0	14	50074	Caspe	2	Temporal	2	Industria y energía
2005,0	3	50074	Caspe	1	Indefinido	3	Construcción
2005,0	24	50074	Caspe	2	Temporal	3	Construcción
2005,0	57	50074	Caspe	1	Indefinido	4	Servicios
2005,0	31	50074	Caspe	2	Temporal	4	Servicios
2005,0	1	50089	Cuarte de Huerva	2	Temporal	1	Agricultura, ganadería y pesca
2005,0	124	50089	Cuarte de Huerva	1	Indefinido	2	Industria y energía
2005,0	71	50089	Cuarte de Huerva	2	Temporal	2	Industria y energía
2005,0	34	50089	Cuarte de Huerva	1	Indefinido	3	Construcción
2005,0	99	50089	Cuarte de Huerva	2	Temporal	3	Construcción
2005,0	77	50089	Cuarte de Huerva	1	Indefinido	4	Servicios
2005,0	60	50089	Cuarte de Huerva	2	Temporal	4	Servicios
2005,0	20	50095	Ejea de los Caballeros	1	Indefinido	1	Agricultura, ganadería y pesca
2005,0	27	50095	Ejea de los Caballeros	2	Temporal	1	Agricultura, ganadería y pesca
2005,0	87	50095	Ejea de los Caballeros	1	Indefinido	2	Industria y energía
2005,0	92	50095	Ejea de los Caballeros	2	Temporal	2	Industria y energía
2005,0	25	50095	Ejea de los Caballeros	1	Indefinido	3	Construcción
2005,0	90	50095	Ejea de los Caballeros	2	Temporal	3	Construcción
2005,0	45	50095	Ejea de los Caballeros	1	Indefinido	4	Servicios
2005,0	38	50095	Ejea de los Caballeros	2	Temporal	4	Servicios
2005,0	2	50163	María de Huerva	2	Temporal	1	Agricultura, ganadería y pesca
2005,0	27	50163	María de Huerva	1	Indefinido	2	Industria y energía
2005,0	13	50163	María de Huerva	2	Temporal	2	Industria y energía
2005,0	4	50163	María de Huerva	1	Indefinido	3	Construcción
2005,0	28	50163	María de Huerva	2	Temporal	3	Construcción
2005,0	1	50163	María de Huerva	1	Indefinido	4	Servicios
2005,0	3	50163	María de Huerva	2	Temporal	4	Servicios
2005,0	65	50182	Muela (La)	1	Indefinido	2	Industria y energía
2005,0	93	50182	Muela (La)	2	Temporal	2	Industria y energía
2005,0	3	50182	Muela (La)	1	Indefinido	3	Construcción
2005,0	23	50182	Muela (La)	2	Temporal	3	Construcción
2005,0	27	50182	Muela (La)	1	Indefinido	4	Servicios
2005,0	47	50182	Muela (La)	2	Temporal	4	Servicios
2005,0	1	50219	Puebla de Alfindén (La)	1	Indefinido	1	Agricultura, ganadería y pesca
2005,0	1	50219	Puebla de Alfindén (La)	3	Sin clasificar	1	Agricultura, ganadería y pesca
2005,0	149	50219	Puebla de Alfindén (La)	1	Indefinido	2	Industria y energía
2005,0	107	50219	Puebla de Alfindén (La)	2	Temporal	2	Industria y energía
2005,0	22	50219	Puebla de Alfindén (La)	1	Indefinido	3	Construcción
2005,0	49	50219	Puebla de Alfindén (La)	2	Temporal	3	Construcción
2005,0	1	50219	Puebla de Alfindén (La)	3	Sin clasificar	3	Construcción
2005,0	63	50219	Puebla de Alfindén (La)	1	Indefinido	4	Servicios
2005,0	55	50219	Puebla de Alfindén (La)	2	Temporal	4	Servicios
2005,0	4	50251	Tarazona	1	Indefinido	1	Agricultura, ganadería y pesca
2005,0	1	50251	Tarazona	2	Temporal	1	Agricultura, ganadería y pesca
2005,0	57	50251	Tarazona	1	Indefinido	2	Industria y energía
2005,0	21	50251	Tarazona	2	Temporal	2	Industria y energía
2005,0	9	50251	Tarazona	1	Indefinido	3	Construcción
2005,0	12	50251	Tarazona	2	Temporal	3	Construcción
2005,0	33	50251	Tarazona	1	Indefinido	4	Servicios
2005,0	27	50251	Tarazona	2	Temporal	4	Servicios
2005,0	2	50251	Tarazona	3	Sin clasificar	4	Servicios
2005,0	17	50252	Tauste	1	Indefinido	1	Agricultura, ganadería y pesca
2005,0	11	50252	Tauste	2	Temporal	1	Agricultura, ganadería y pesca
2005,0	66	50252	Tauste	1	Indefinido	2	Industria y energía
2005,0	22	50252	Tauste	2	Temporal	2	Industria y energía
2005,0	18	50252	Tauste	1	Indefinido	3	Construcción
2005,0	26	50252	Tauste	2	Temporal	3	Construcción
2005,0	17	50252	Tauste	1	Indefinido	4	Servicios
2005,0	11	50252	Tauste	2	Temporal	4	Servicios
2005,0	2	50272	Utebo	1	Indefinido	1	Agricultura, ganadería y pesca
2005,0	5	50272	Utebo	2	Temporal	1	Agricultura, ganadería y pesca
2005,0	98	50272	Utebo	1	Indefinido	2	Industria y energía
2005,0	77	50272	Utebo	2	Temporal	2	Industria y energía
2005,0	29	50272	Utebo	1	Indefinido	3	Construcción
2005,0	81	50272	Utebo	2	Temporal	3	Construcción
2005,0	57	50272	Utebo	1	Indefinido	4	Servicios
2005,0	41	50272	Utebo	2	Temporal	4	Servicios
2005,0	42	50297	Zaragoza	1	Indefinido	1	Agricultura, ganadería y pesca
2005,0	33	50297	Zaragoza	2	Temporal	1	Agricultura, ganadería y pesca
2005,0	1	50297	Zaragoza	3	Sin clasificar	1	Agricultura, ganadería y pesca
2005,0	1660	50297	Zaragoza	1	Indefinido	2	Industria y energía
2005,0	878	50297	Zaragoza	2	Temporal	2	Industria y energía
2005,0	545	50297	Zaragoza	1	Indefinido	3	Construcción
2005,0	1597	50297	Zaragoza	2	Temporal	3	Construcción
2005,0	5	50297	Zaragoza	3	Sin clasificar	3	Construcción
2005,0	2925	50297	Zaragoza	1	Indefinido	4	Servicios
2005,0	2056	50297	Zaragoza	2	Temporal	4	Servicios
2005,0	8	50297	Zaragoza	3	Sin clasificar	4	Servicios
2005,0	4	50298	Zuera	1	Indefinido	1	Agricultura, ganadería y pesca
2005,0	47	50298	Zuera	1	Indefinido	2	Industria y energía
2005,0	46	50298	Zuera	2	Temporal	2	Industria y energía
2005,0	10	50298	Zuera	1	Indefinido	3	Construcción
2005,0	22	50298	Zuera	2	Temporal	3	Construcción
2005,0	28	50298	Zuera	1	Indefinido	4	Servicios
2005,0	21	50298	Zuera	2	Temporal	4	Servicios
2004,0	4	22048	Barbastro	1	Indefinido	1	Agricultura, ganadería y pesca
2004,0	9	22048	Barbastro	2	Temporal	1	Agricultura, ganadería y pesca
2004,0	42	22048	Barbastro	1	Indefinido	2	Industria y energía
2004,0	32	22048	Barbastro	2	Temporal	2	Industria y energía
2004,0	11	22048	Barbastro	1	Indefinido	3	Construcción
2004,0	56	22048	Barbastro	2	Temporal	3	Construcción
2004,0	51	22048	Barbastro	1	Indefinido	4	Servicios
2004,0	49	22048	Barbastro	2	Temporal	4	Servicios
2004,0	5	22061	Binéfar	1	Indefinido	1	Agricultura, ganadería y pesca
2004,0	74	22061	Binéfar	1	Indefinido	2	Industria y energía
2004,0	42	22061	Binéfar	2	Temporal	2	Industria y energía
2004,0	7	22061	Binéfar	1	Indefinido	3	Construcción
2004,0	26	22061	Binéfar	2	Temporal	3	Construcción
2004,0	38	22061	Binéfar	1	Indefinido	4	Servicios
2004,0	16	22061	Binéfar	2	Temporal	4	Servicios
2004,0	6	22112	Fraga	1	Indefinido	1	Agricultura, ganadería y pesca
2004,0	16	22112	Fraga	2	Temporal	1	Agricultura, ganadería y pesca
2004,0	34	22112	Fraga	1	Indefinido	2	Industria y energía
2004,0	31	22112	Fraga	2	Temporal	2	Industria y energía
2004,0	9	22112	Fraga	1	Indefinido	3	Construcción
2004,0	34	22112	Fraga	2	Temporal	3	Construcción
2004,0	44	22112	Fraga	1	Indefinido	4	Servicios
2004,0	41	22112	Fraga	2	Temporal	4	Servicios
2004,0	13	22125	Huesca	1	Indefinido	1	Agricultura, ganadería y pesca
2004,0	11	22125	Huesca	2	Temporal	1	Agricultura, ganadería y pesca
2004,0	132	22125	Huesca	1	Indefinido	2	Industria y energía
2004,0	69	22125	Huesca	2	Temporal	2	Industria y energía
2004,0	58	22125	Huesca	1	Indefinido	3	Construcción
2004,0	201	22125	Huesca	2	Temporal	3	Construcción
2004,0	205	22125	Huesca	1	Indefinido	4	Servicios
2004,0	170	22125	Huesca	2	Temporal	4	Servicios
2004,0	5	22130	Jaca	1	Indefinido	2	Industria y energía
2004,0	5	22130	Jaca	2	Temporal	2	Industria y energía
2004,0	23	22130	Jaca	1	Indefinido	3	Construcción
2004,0	67	22130	Jaca	2	Temporal	3	Construcción
2004,0	54	22130	Jaca	1	Indefinido	4	Servicios
2004,0	31	22130	Jaca	2	Temporal	4	Servicios
2004,0	6	22158	Monzón	1	Indefinido	1	Agricultura, ganadería y pesca
2004,0	3	22158	Monzón	2	Temporal	1	Agricultura, ganadería y pesca
2004,0	73	22158	Monzón	1	Indefinido	2	Industria y energía
2004,0	44	22158	Monzón	2	Temporal	2	Industria y energía
2004,0	17	22158	Monzón	1	Indefinido	3	Construcción
2004,0	51	22158	Monzón	2	Temporal	3	Construcción
2004,0	48	22158	Monzón	1	Indefinido	4	Servicios
2004,0	38	22158	Monzón	2	Temporal	4	Servicios
2004,0	1	22199	Sabiñánigo	1	Indefinido	1	Agricultura, ganadería y pesca
2004,0	19	22199	Sabiñánigo	1	Indefinido	2	Industria y energía
2004,0	13	22199	Sabiñánigo	2	Temporal	2	Industria y energía
2004,0	12	22199	Sabiñánigo	1	Indefinido	3	Construcción
2004,0	33	22199	Sabiñánigo	2	Temporal	3	Construcción
2004,0	17	22199	Sabiñánigo	1	Indefinido	4	Servicios
2004,0	20	22199	Sabiñánigo	2	Temporal	4	Servicios
2004,0	6	44013	Alcañiz	1	Indefinido	1	Agricultura, ganadería y pesca
2004,0	5	44013	Alcañiz	2	Temporal	1	Agricultura, ganadería y pesca
2004,0	39	44013	Alcañiz	1	Indefinido	2	Industria y energía
2004,0	27	44013	Alcañiz	2	Temporal	2	Industria y energía
2004,0	22	44013	Alcañiz	1	Indefinido	3	Construcción
2004,0	50	44013	Alcañiz	2	Temporal	3	Construcción
2004,0	36	44013	Alcañiz	1	Indefinido	4	Servicios
2004,0	30	44013	Alcañiz	2	Temporal	4	Servicios
2004,0	1	44025	Andorra	1	Indefinido	1	Agricultura, ganadería y pesca
2004,0	41	44025	Andorra	1	Indefinido	2	Industria y energía
2004,0	3	44025	Andorra	2	Temporal	2	Industria y energía
2004,0	3	44025	Andorra	1	Indefinido	3	Construcción
2004,0	23	44025	Andorra	2	Temporal	3	Construcción
2004,0	21	44025	Andorra	1	Indefinido	4	Servicios
2004,0	13	44025	Andorra	2	Temporal	4	Servicios
2004,0	2	44216	Teruel	1	Indefinido	1	Agricultura, ganadería y pesca
2004,0	56	44216	Teruel	1	Indefinido	2	Industria y energía
2004,0	35	44216	Teruel	2	Temporal	2	Industria y energía
2004,0	1	44216	Teruel	3	Sin clasificar	2	Industria y energía
2004,0	31	44216	Teruel	1	Indefinido	3	Construcción
2004,0	93	44216	Teruel	2	Temporal	3	Construcción
2004,0	116	44216	Teruel	1	Indefinido	4	Servicios
2004,0	91	44216	Teruel	2	Temporal	4	Servicios
2004,0	3	44216	Teruel	3	Sin clasificar	4	Servicios
2004,0	4	50008	Alagón	1	Indefinido	1	Agricultura, ganadería y pesca
2004,0	6	50008	Alagón	2	Temporal	1	Agricultura, ganadería y pesca
2004,0	61	50008	Alagón	1	Indefinido	2	Industria y energía
2004,0	58	50008	Alagón	2	Temporal	2	Industria y energía
2004,0	3	50008	Alagón	1	Indefinido	3	Construcción
2004,0	6	50008	Alagón	2	Temporal	3	Construcción
2004,0	12	50008	Alagón	1	Indefinido	4	Servicios
2004,0	38	50008	Alagón	2	Temporal	4	Servicios
2004,0	7	50025	Almunia de Doña Godina (La)	1	Indefinido	1	Agricultura, ganadería y pesca
2004,0	7	50025	Almunia de Doña Godina (La)	2	Temporal	1	Agricultura, ganadería y pesca
2004,0	9	50025	Almunia de Doña Godina (La)	1	Indefinido	2	Industria y energía
2004,0	5	50025	Almunia de Doña Godina (La)	2	Temporal	2	Industria y energía
2004,0	6	50025	Almunia de Doña Godina (La)	1	Indefinido	3	Construcción
2004,0	15	50025	Almunia de Doña Godina (La)	2	Temporal	3	Construcción
2004,0	46	50025	Almunia de Doña Godina (La)	1	Indefinido	4	Servicios
2004,0	29	50025	Almunia de Doña Godina (La)	2	Temporal	4	Servicios
2004,0	3	50067	Calatayud	1	Indefinido	1	Agricultura, ganadería y pesca
2004,0	7	50067	Calatayud	2	Temporal	1	Agricultura, ganadería y pesca
2004,0	38	50067	Calatayud	1	Indefinido	2	Industria y energía
2004,0	31	50067	Calatayud	2	Temporal	2	Industria y energía
2004,0	14	50067	Calatayud	1	Indefinido	3	Construcción
2004,0	46	50067	Calatayud	2	Temporal	3	Construcción
2004,0	119	50067	Calatayud	1	Indefinido	4	Servicios
2004,0	53	50067	Calatayud	2	Temporal	4	Servicios
2004,0	14	50074	Caspe	1	Indefinido	1	Agricultura, ganadería y pesca
2004,0	24	50074	Caspe	2	Temporal	1	Agricultura, ganadería y pesca
2004,0	10	50074	Caspe	1	Indefinido	2	Industria y energía
2004,0	14	50074	Caspe	2	Temporal	2	Industria y energía
2004,0	5	50074	Caspe	1	Indefinido	3	Construcción
2004,0	19	50074	Caspe	2	Temporal	3	Construcción
2004,0	46	50074	Caspe	1	Indefinido	4	Servicios
2004,0	42	50074	Caspe	2	Temporal	4	Servicios
2004,0	148	50089	Cuarte de Huerva	1	Indefinido	2	Industria y energía
2004,0	71	50089	Cuarte de Huerva	2	Temporal	2	Industria y energía
2004,0	23	50089	Cuarte de Huerva	1	Indefinido	3	Construcción
2004,0	79	50089	Cuarte de Huerva	2	Temporal	3	Construcción
2004,0	51	50089	Cuarte de Huerva	1	Indefinido	4	Servicios
2004,0	48	50089	Cuarte de Huerva	2	Temporal	4	Servicios
2004,0	16	50095	Ejea de los Caballeros	1	Indefinido	1	Agricultura, ganadería y pesca
2004,0	14	50095	Ejea de los Caballeros	2	Temporal	1	Agricultura, ganadería y pesca
2004,0	68	50095	Ejea de los Caballeros	1	Indefinido	2	Industria y energía
2004,0	64	50095	Ejea de los Caballeros	2	Temporal	2	Industria y energía
2004,0	25	50095	Ejea de los Caballeros	1	Indefinido	3	Construcción
2004,0	88	50095	Ejea de los Caballeros	2	Temporal	3	Construcción
2004,0	31	50095	Ejea de los Caballeros	1	Indefinido	4	Servicios
2004,0	37	50095	Ejea de los Caballeros	2	Temporal	4	Servicios
2004,0	1	50163	María de Huerva	1	Indefinido	1	Agricultura, ganadería y pesca
2004,0	26	50163	María de Huerva	1	Indefinido	2	Industria y energía
2004,0	21	50163	María de Huerva	2	Temporal	2	Industria y energía
2004,0	7	50163	María de Huerva	1	Indefinido	3	Construcción
2004,0	34	50163	María de Huerva	2	Temporal	3	Construcción
2004,0	6	50163	María de Huerva	1	Indefinido	4	Servicios
2004,0	7	50163	María de Huerva	2	Temporal	4	Servicios
2004,0	54	50182	Muela (La)	1	Indefinido	2	Industria y energía
2004,0	77	50182	Muela (La)	2	Temporal	2	Industria y energía
2004,0	8	50182	Muela (La)	1	Indefinido	3	Construcción
2004,0	9	50182	Muela (La)	2	Temporal	3	Construcción
2004,0	23	50182	Muela (La)	1	Indefinido	4	Servicios
2004,0	21	50182	Muela (La)	2	Temporal	4	Servicios
2004,0	153	50219	Puebla de Alfindén (La)	1	Indefinido	2	Industria y energía
2004,0	124	50219	Puebla de Alfindén (La)	2	Temporal	2	Industria y energía
2004,0	24	50219	Puebla de Alfindén (La)	1	Indefinido	3	Construcción
2004,0	42	50219	Puebla de Alfindén (La)	2	Temporal	3	Construcción
2004,0	51	50219	Puebla de Alfindén (La)	1	Indefinido	4	Servicios
2004,0	40	50219	Puebla de Alfindén (La)	2	Temporal	4	Servicios
2004,0	6	50251	Tarazona	1	Indefinido	1	Agricultura, ganadería y pesca
2004,0	2	50251	Tarazona	2	Temporal	1	Agricultura, ganadería y pesca
2004,0	90	50251	Tarazona	1	Indefinido	2	Industria y energía
2004,0	46	50251	Tarazona	2	Temporal	2	Industria y energía
2004,0	11	50251	Tarazona	1	Indefinido	3	Construcción
2004,0	21	50251	Tarazona	2	Temporal	3	Construcción
2004,0	37	50251	Tarazona	1	Indefinido	4	Servicios
2004,0	29	50251	Tarazona	2	Temporal	4	Servicios
2004,0	20	50252	Tauste	1	Indefinido	1	Agricultura, ganadería y pesca
2004,0	7	50252	Tauste	2	Temporal	1	Agricultura, ganadería y pesca
2004,0	49	50252	Tauste	1	Indefinido	2	Industria y energía
2004,0	35	50252	Tauste	2	Temporal	2	Industria y energía
2004,0	17	50252	Tauste	1	Indefinido	3	Construcción
2004,0	30	50252	Tauste	2	Temporal	3	Construcción
2004,0	10	50252	Tauste	1	Indefinido	4	Servicios
2004,0	9	50252	Tauste	2	Temporal	4	Servicios
2004,0	1	50272	Utebo	1	Indefinido	1	Agricultura, ganadería y pesca
2004,0	2	50272	Utebo	2	Temporal	1	Agricultura, ganadería y pesca
2004,0	130	50272	Utebo	1	Indefinido	2	Industria y energía
2004,0	87	50272	Utebo	2	Temporal	2	Industria y energía
2004,0	11	50272	Utebo	1	Indefinido	3	Construcción
2004,0	85	50272	Utebo	2	Temporal	3	Construcción
2004,0	72	50272	Utebo	1	Indefinido	4	Servicios
2004,0	34	50272	Utebo	2	Temporal	4	Servicios
2004,0	30	50297	Zaragoza	1	Indefinido	1	Agricultura, ganadería y pesca
2004,0	33	50297	Zaragoza	2	Temporal	1	Agricultura, ganadería y pesca
2004,0	1660	50297	Zaragoza	1	Indefinido	2	Industria y energía
2004,0	956	50297	Zaragoza	2	Temporal	2	Industria y energía
2004,0	464	50297	Zaragoza	1	Indefinido	3	Construcción
2004,0	1526	50297	Zaragoza	2	Temporal	3	Construcción
2004,0	2702	50297	Zaragoza	1	Indefinido	4	Servicios
2004,0	1925	50297	Zaragoza	2	Temporal	4	Servicios
2004,0	3	50298	Zuera	1	Indefinido	1	Agricultura, ganadería y pesca
2004,0	2	50298	Zuera	2	Temporal	1	Agricultura, ganadería y pesca
2004,0	47	50298	Zuera	1	Indefinido	2	Industria y energía
2004,0	34	50298	Zuera	2	Temporal	2	Industria y energía
2004,0	12	50298	Zuera	1	Indefinido	3	Construcción
2004,0	16	50298	Zuera	2	Temporal	3	Construcción
2004,0	35	50298	Zuera	1	Indefinido	4	Servicios
2004,0	24	50298	Zuera	2	Temporal	4	Servicios
2003,0	4	22048	Barbastro	1	Indefinido	1	Agricultura, ganadería y pesca
2003,0	2	22048	Barbastro	2	Temporal	1	Agricultura, ganadería y pesca
2003,0	52	22048	Barbastro	1	Indefinido	2	Industria y energía
2003,0	40	22048	Barbastro	2	Temporal	2	Industria y energía
2003,0	13	22048	Barbastro	1	Indefinido	3	Construcción
2003,0	38	22048	Barbastro	2	Temporal	3	Construcción
2003,0	79	22048	Barbastro	1	Indefinido	4	Servicios
2003,0	43	22048	Barbastro	2	Temporal	4	Servicios
2003,0	3	22061	Binéfar	1	Indefinido	1	Agricultura, ganadería y pesca
2003,0	2	22061	Binéfar	2	Temporal	1	Agricultura, ganadería y pesca
2003,0	76	22061	Binéfar	1	Indefinido	2	Industria y energía
2003,0	30	22061	Binéfar	2	Temporal	2	Industria y energía
2003,0	8	22061	Binéfar	1	Indefinido	3	Construcción
2003,0	35	22061	Binéfar	2	Temporal	3	Construcción
2003,0	30	22061	Binéfar	1	Indefinido	4	Servicios
2003,0	21	22061	Binéfar	2	Temporal	4	Servicios
2003,0	1	22061	Binéfar	3	Sin clasificar	4	Servicios
2003,0	8	22112	Fraga	1	Indefinido	1	Agricultura, ganadería y pesca
2003,0	31	22112	Fraga	2	Temporal	1	Agricultura, ganadería y pesca
2003,0	28	22112	Fraga	1	Indefinido	2	Industria y energía
2003,0	39	22112	Fraga	2	Temporal	2	Industria y energía
2003,0	18	22112	Fraga	1	Indefinido	3	Construcción
2003,0	34	22112	Fraga	2	Temporal	3	Construcción
2003,0	58	22112	Fraga	1	Indefinido	4	Servicios
2003,0	53	22112	Fraga	2	Temporal	4	Servicios
2003,0	16	22125	Huesca	1	Indefinido	1	Agricultura, ganadería y pesca
2003,0	12	22125	Huesca	2	Temporal	1	Agricultura, ganadería y pesca
2003,0	112	22125	Huesca	1	Indefinido	2	Industria y energía
2003,0	94	22125	Huesca	2	Temporal	2	Industria y energía
2003,0	1	22125	Huesca	3	Sin clasificar	2	Industria y energía
2003,0	69	22125	Huesca	1	Indefinido	3	Construcción
2003,0	270	22125	Huesca	2	Temporal	3	Construcción
2003,0	209	22125	Huesca	1	Indefinido	4	Servicios
2003,0	142	22125	Huesca	2	Temporal	4	Servicios
2003,0	1	22130	Jaca	1	Indefinido	1	Agricultura, ganadería y pesca
2003,0	1	22130	Jaca	2	Temporal	1	Agricultura, ganadería y pesca
2003,0	8	22130	Jaca	1	Indefinido	2	Industria y energía
2003,0	5	22130	Jaca	2	Temporal	2	Industria y energía
2003,0	18	22130	Jaca	1	Indefinido	3	Construcción
2003,0	69	22130	Jaca	2	Temporal	3	Construcción
2003,0	40	22130	Jaca	1	Indefinido	4	Servicios
2003,0	42	22130	Jaca	2	Temporal	4	Servicios
2003,0	3	22158	Monzón	1	Indefinido	1	Agricultura, ganadería y pesca
2003,0	59	22158	Monzón	1	Indefinido	2	Industria y energía
2003,0	77	22158	Monzón	2	Temporal	2	Industria y energía
2003,0	14	22158	Monzón	1	Indefinido	3	Construcción
2003,0	49	22158	Monzón	2	Temporal	3	Construcción
2003,0	45	22158	Monzón	1	Indefinido	4	Servicios
2003,0	31	22158	Monzón	2	Temporal	4	Servicios
2003,0	1	22199	Sabiñánigo	1	Indefinido	1	Agricultura, ganadería y pesca
2003,0	1	22199	Sabiñánigo	2	Temporal	1	Agricultura, ganadería y pesca
2003,0	10	22199	Sabiñánigo	1	Indefinido	2	Industria y energía
2003,0	9	22199	Sabiñánigo	2	Temporal	2	Industria y energía
2003,0	7	22199	Sabiñánigo	1	Indefinido	3	Construcción
2003,0	28	22199	Sabiñánigo	2	Temporal	3	Construcción
2003,0	12	22199	Sabiñánigo	1	Indefinido	4	Servicios
2003,0	19	22199	Sabiñánigo	2	Temporal	4	Servicios
2003,0	2	44013	Alcañiz	1	Indefinido	1	Agricultura, ganadería y pesca
2003,0	4	44013	Alcañiz	2	Temporal	1	Agricultura, ganadería y pesca
2003,0	48	44013	Alcañiz	1	Indefinido	2	Industria y energía
2003,0	42	44013	Alcañiz	2	Temporal	2	Industria y energía
2003,0	11	44013	Alcañiz	1	Indefinido	3	Construcción
2003,0	59	44013	Alcañiz	2	Temporal	3	Construcción
2003,0	50	44013	Alcañiz	1	Indefinido	4	Servicios
2003,0	53	44013	Alcañiz	2	Temporal	4	Servicios
2003,0	2	44013	Alcañiz	3	Sin clasificar	4	Servicios
2003,0	1	44025	Andorra	1	Indefinido	1	Agricultura, ganadería y pesca
2003,0	1	44025	Andorra	2	Temporal	1	Agricultura, ganadería y pesca
2003,0	47	44025	Andorra	1	Indefinido	2	Industria y energía
2003,0	10	44025	Andorra	2	Temporal	2	Industria y energía
2003,0	1	44025	Andorra	3	Sin clasificar	2	Industria y energía
2003,0	6	44025	Andorra	1	Indefinido	3	Construcción
2003,0	42	44025	Andorra	2	Temporal	3	Construcción
2003,0	27	44025	Andorra	1	Indefinido	4	Servicios
2003,0	21	44025	Andorra	2	Temporal	4	Servicios
2003,0	4	44216	Teruel	1	Indefinido	1	Agricultura, ganadería y pesca
2003,0	5	44216	Teruel	2	Temporal	1	Agricultura, ganadería y pesca
2003,0	71	44216	Teruel	1	Indefinido	2	Industria y energía
2003,0	35	44216	Teruel	2	Temporal	2	Industria y energía
2003,0	1	44216	Teruel	3	Sin clasificar	2	Industria y energía
2003,0	34	44216	Teruel	1	Indefinido	3	Construcción
2003,0	113	44216	Teruel	2	Temporal	3	Construcción
2003,0	143	44216	Teruel	1	Indefinido	4	Servicios
2003,0	116	44216	Teruel	2	Temporal	4	Servicios
2003,0	11	44216	Teruel	3	Sin clasificar	4	Servicios
2003,0	1	50008	Alagón	1	Indefinido	1	Agricultura, ganadería y pesca
2003,0	4	50008	Alagón	2	Temporal	1	Agricultura, ganadería y pesca
2003,0	41	50008	Alagón	1	Indefinido	2	Industria y energía
2003,0	52	50008	Alagón	2	Temporal	2	Industria y energía
2003,0	6	50008	Alagón	1	Indefinido	3	Construcción
2003,0	10	50008	Alagón	2	Temporal	3	Construcción
2003,0	10	50008	Alagón	1	Indefinido	4	Servicios
2003,0	38	50008	Alagón	2	Temporal	4	Servicios
2003,0	7	50025	Almunia de Doña Godina (La)	1	Indefinido	1	Agricultura, ganadería y pesca
2003,0	12	50025	Almunia de Doña Godina (La)	2	Temporal	1	Agricultura, ganadería y pesca
2003,0	9	50025	Almunia de Doña Godina (La)	1	Indefinido	2	Industria y energía
2003,0	7	50025	Almunia de Doña Godina (La)	2	Temporal	2	Industria y energía
2003,0	1	50025	Almunia de Doña Godina (La)	1	Indefinido	3	Construcción
2003,0	14	50025	Almunia de Doña Godina (La)	2	Temporal	3	Construcción
2003,0	50	50025	Almunia de Doña Godina (La)	1	Indefinido	4	Servicios
2003,0	22	50025	Almunia de Doña Godina (La)	2	Temporal	4	Servicios
2003,0	5	50067	Calatayud	1	Indefinido	1	Agricultura, ganadería y pesca
2003,0	5	50067	Calatayud	2	Temporal	1	Agricultura, ganadería y pesca
2003,0	54	50067	Calatayud	1	Indefinido	2	Industria y energía
2003,0	45	50067	Calatayud	2	Temporal	2	Industria y energía
2003,0	13	50067	Calatayud	1	Indefinido	3	Construcción
2003,0	49	50067	Calatayud	2	Temporal	3	Construcción
2003,0	56	50067	Calatayud	1	Indefinido	4	Servicios
2003,0	63	50067	Calatayud	2	Temporal	4	Servicios
2003,0	2	50067	Calatayud	3	Sin clasificar	4	Servicios
2003,0	13	50074	Caspe	1	Indefinido	1	Agricultura, ganadería y pesca
2003,0	14	50074	Caspe	2	Temporal	1	Agricultura, ganadería y pesca
2003,0	7	50074	Caspe	1	Indefinido	2	Industria y energía
2003,0	17	50074	Caspe	2	Temporal	2	Industria y energía
2003,0	4	50074	Caspe	1	Indefinido	3	Construcción
2003,0	19	50074	Caspe	2	Temporal	3	Construcción
2003,0	13	50074	Caspe	1	Indefinido	4	Servicios
2003,0	32	50074	Caspe	2	Temporal	4	Servicios
2003,0	154	50089	Cuarte de Huerva	1	Indefinido	2	Industria y energía
2003,0	64	50089	Cuarte de Huerva	2	Temporal	2	Industria y energía
2003,0	17	50089	Cuarte de Huerva	1	Indefinido	3	Construcción
2003,0	58	50089	Cuarte de Huerva	2	Temporal	3	Construcción
2003,0	46	50089	Cuarte de Huerva	1	Indefinido	4	Servicios
2003,0	37	50089	Cuarte de Huerva	2	Temporal	4	Servicios
2003,0	15	50095	Ejea de los Caballeros	1	Indefinido	1	Agricultura, ganadería y pesca
2003,0	10	50095	Ejea de los Caballeros	2	Temporal	1	Agricultura, ganadería y pesca
2003,0	74	50095	Ejea de los Caballeros	1	Indefinido	2	Industria y energía
2003,0	80	50095	Ejea de los Caballeros	2	Temporal	2	Industria y energía
2003,0	20	50095	Ejea de los Caballeros	1	Indefinido	3	Construcción
2003,0	77	50095	Ejea de los Caballeros	2	Temporal	3	Construcción
2003,0	26	50095	Ejea de los Caballeros	1	Indefinido	4	Servicios
2003,0	40	50095	Ejea de los Caballeros	2	Temporal	4	Servicios
2003,0	1	50163	María de Huerva	1	Indefinido	1	Agricultura, ganadería y pesca
2003,0	38	50163	María de Huerva	1	Indefinido	2	Industria y energía
2003,0	24	50163	María de Huerva	2	Temporal	2	Industria y energía
2003,0	3	50163	María de Huerva	1	Indefinido	3	Construcción
2003,0	17	50163	María de Huerva	2	Temporal	3	Construcción
2003,0	4	50163	María de Huerva	1	Indefinido	4	Servicios
2003,0	7	50163	María de Huerva	2	Temporal	4	Servicios
2003,0	31	50182	Muela (La)	1	Indefinido	2	Industria y energía
2003,0	40	50182	Muela (La)	2	Temporal	2	Industria y energía
2003,0	4	50182	Muela (La)	1	Indefinido	3	Construcción
2003,0	13	50182	Muela (La)	2	Temporal	3	Construcción
2003,0	19	50182	Muela (La)	1	Indefinido	4	Servicios
2003,0	18	50182	Muela (La)	2	Temporal	4	Servicios
2003,0	137	50219	Puebla de Alfindén (La)	1	Indefinido	2	Industria y energía
2003,0	113	50219	Puebla de Alfindén (La)	2	Temporal	2	Industria y energía
2003,0	12	50219	Puebla de Alfindén (La)	1	Indefinido	3	Construcción
2003,0	34	50219	Puebla de Alfindén (La)	2	Temporal	3	Construcción
2003,0	62	50219	Puebla de Alfindén (La)	1	Indefinido	4	Servicios
2003,0	55	50219	Puebla de Alfindén (La)	2	Temporal	4	Servicios
2003,0	8	50251	Tarazona	1	Indefinido	1	Agricultura, ganadería y pesca
2003,0	1	50251	Tarazona	2	Temporal	1	Agricultura, ganadería y pesca
2003,0	97	50251	Tarazona	1	Indefinido	2	Industria y energía
2003,0	54	50251	Tarazona	2	Temporal	2	Industria y energía
2003,0	23	50251	Tarazona	1	Indefinido	3	Construcción
2003,0	42	50251	Tarazona	2	Temporal	3	Construcción
2003,0	48	50251	Tarazona	1	Indefinido	4	Servicios
2003,0	28	50251	Tarazona	2	Temporal	4	Servicios
2003,0	12	50252	Tauste	1	Indefinido	1	Agricultura, ganadería y pesca
2003,0	3	50252	Tauste	2	Temporal	1	Agricultura, ganadería y pesca
2003,0	39	50252	Tauste	1	Indefinido	2	Industria y energía
2003,0	45	50252	Tauste	2	Temporal	2	Industria y energía
2003,0	1	50252	Tauste	3	Sin clasificar	2	Industria y energía
2003,0	8	50252	Tauste	1	Indefinido	3	Construcción
2003,0	35	50252	Tauste	2	Temporal	3	Construcción
2003,0	10	50252	Tauste	1	Indefinido	4	Servicios
2003,0	10	50252	Tauste	2	Temporal	4	Servicios
2003,0	1	50272	Utebo	1	Indefinido	1	Agricultura, ganadería y pesca
2003,0	3	50272	Utebo	2	Temporal	1	Agricultura, ganadería y pesca
2003,0	124	50272	Utebo	1	Indefinido	2	Industria y energía
2003,0	119	50272	Utebo	2	Temporal	2	Industria y energía
2003,0	9	50272	Utebo	1	Indefinido	3	Construcción
2003,0	53	50272	Utebo	2	Temporal	3	Construcción
2003,0	64	50272	Utebo	1	Indefinido	4	Servicios
2003,0	45	50272	Utebo	2	Temporal	4	Servicios
2003,0	36	50297	Zaragoza	1	Indefinido	1	Agricultura, ganadería y pesca
2003,0	38	50297	Zaragoza	2	Temporal	1	Agricultura, ganadería y pesca
2003,0	1704	50297	Zaragoza	1	Indefinido	2	Industria y energía
2003,0	845	50297	Zaragoza	2	Temporal	2	Industria y energía
2003,0	2	50297	Zaragoza	3	Sin clasificar	2	Industria y energía
2003,0	440	50297	Zaragoza	1	Indefinido	3	Construcción
2003,0	1692	50297	Zaragoza	2	Temporal	3	Construcción
2003,0	2	50297	Zaragoza	3	Sin clasificar	3	Construcción
2003,0	2695	50297	Zaragoza	1	Indefinido	4	Servicios
2003,0	1816	50297	Zaragoza	2	Temporal	4	Servicios
2003,0	48	50297	Zaragoza	3	Sin clasificar	4	Servicios
2003,0	1	50298	Zuera	1	Indefinido	1	Agricultura, ganadería y pesca
2003,0	2	50298	Zuera	2	Temporal	1	Agricultura, ganadería y pesca
2003,0	42	50298	Zuera	1	Indefinido	2	Industria y energía
2003,0	23	50298	Zuera	2	Temporal	2	Industria y energía
2003,0	6	50298	Zuera	1	Indefinido	3	Construcción
2003,0	14	50298	Zuera	2	Temporal	3	Construcción
2003,0	51	50298	Zuera	1	Indefinido	4	Servicios
2003,0	21	50298	Zuera	2	Temporal	4	Servicios