Mes y año	Provincia código	Provincia nombre	UE25-UE27-UE28	UE25	UE27	UE28	Sexo	Nº parados
October 2020	22	Huesca	Españoles	ESPAÑA	Españoles	Españoles	Hombres	3566
October 2020	22	Huesca	Extranjeros comunitarios (UE-28)	RESTO DEL MUNDO	Extranjeros comunitarios (UE-27)	Extranjeros comunitarios (UE-28)	Hombres	414
October 2020	22	Huesca	Extranjeros comunitarios (UE-28)	UNION EUROPEA	Extranjeros comunitarios (UE-27)	Extranjeros comunitarios (UE-28)	Hombres	86
October 2020	22	Huesca	Extranjeros comunitarios (UE-28)	UNION EUROPEA	Extranjeros no comunitarios	Extranjeros comunitarios (UE-28)	Hombres	5
October 2020	22	Huesca	Extranjeros no comunitarios	RESTO DEL MUNDO	Extranjeros no comunitarios	Extranjeros no comunitarios	Hombres	674
October 2020	22	Huesca	No consta	No consta		No consta	Hombres	3
October 2020	22	Huesca	Españoles	ESPAÑA	Españoles	Españoles	Mujeres	4656
October 2020	22	Huesca	Extranjeros comunitarios (UE-28)	RESTO DEL MUNDO	Extranjeros comunitarios (UE-27)	Extranjeros comunitarios (UE-28)	Mujeres	642
October 2020	22	Huesca	Extranjeros comunitarios (UE-28)	UNION EUROPEA	Extranjeros comunitarios (UE-27)	Extranjeros comunitarios (UE-28)	Mujeres	125
October 2020	22	Huesca	Extranjeros comunitarios (UE-28)	UNION EUROPEA	Extranjeros no comunitarios	Extranjeros comunitarios (UE-28)	Mujeres	6
October 2020	22	Huesca	Extranjeros no comunitarios	RESTO DEL MUNDO	Extranjeros no comunitarios	Extranjeros no comunitarios	Mujeres	870
October 2020	22	Huesca	No consta	No consta		No consta	Mujeres	2
October 2020	44	Teruel	Españoles	ESPAÑA	Españoles	Españoles	Hombres	2219
October 2020	44	Teruel	Extranjeros comunitarios (UE-28)	RESTO DEL MUNDO	Extranjeros comunitarios (UE-27)	Extranjeros comunitarios (UE-28)	Hombres	208
October 2020	44	Teruel	Extranjeros comunitarios (UE-28)	UNION EUROPEA	Extranjeros comunitarios (UE-27)	Extranjeros comunitarios (UE-28)	Hombres	42
October 2020	44	Teruel	Extranjeros comunitarios (UE-28)	UNION EUROPEA	Extranjeros no comunitarios	Extranjeros comunitarios (UE-28)	Hombres	4
October 2020	44	Teruel	Extranjeros no comunitarios	RESTO DEL MUNDO	Extranjeros no comunitarios	Extranjeros no comunitarios	Hombres	312
October 2020	44	Teruel	Españoles	ESPAÑA	Españoles	Españoles	Mujeres	2911
October 2020	44	Teruel	Extranjeros comunitarios (UE-28)	RESTO DEL MUNDO	Extranjeros comunitarios (UE-27)	Extranjeros comunitarios (UE-28)	Mujeres	301
October 2020	44	Teruel	Extranjeros comunitarios (UE-28)	UNION EUROPEA	Extranjeros comunitarios (UE-27)	Extranjeros comunitarios (UE-28)	Mujeres	44
October 2020	44	Teruel	Extranjeros comunitarios (UE-28)	UNION EUROPEA	Extranjeros no comunitarios	Extranjeros comunitarios (UE-28)	Mujeres	1
October 2020	44	Teruel	Extranjeros no comunitarios	RESTO DEL MUNDO	Extranjeros no comunitarios	Extranjeros no comunitarios	Mujeres	564
October 2020	44	Teruel	No consta	No consta		No consta	Mujeres	2
October 2020	50	Zaragoza	Españoles	ESPAÑA	Españoles	Españoles	Hombres	19358
October 2020	50	Zaragoza	Extranjeros comunitarios (UE-28)	RESTO DEL MUNDO	Extranjeros comunitarios (UE-27)	Extranjeros comunitarios (UE-28)	Hombres	2004
October 2020	50	Zaragoza	Extranjeros comunitarios (UE-28)	UNION EUROPEA	Extranjeros comunitarios (UE-27)	Extranjeros comunitarios (UE-28)	Hombres	292
October 2020	50	Zaragoza	Extranjeros comunitarios (UE-28)	UNION EUROPEA	Extranjeros no comunitarios	Extranjeros comunitarios (UE-28)	Hombres	15
October 2020	50	Zaragoza	Extranjeros no comunitarios	RESTO DEL MUNDO	Extranjeros no comunitarios	Extranjeros no comunitarios	Hombres	3177
October 2020	50	Zaragoza	No consta	No consta		No consta	Hombres	6
October 2020	50	Zaragoza	Españoles	ESPAÑA	Españoles	Españoles	Mujeres	27518
October 2020	50	Zaragoza	Extranjeros comunitarios (UE-28)	RESTO DEL MUNDO	Extranjeros comunitarios (UE-27)	Extranjeros comunitarios (UE-28)	Mujeres	2815
October 2020	50	Zaragoza	Extranjeros comunitarios (UE-28)	UNION EUROPEA	Extranjeros comunitarios (UE-27)	Extranjeros comunitarios (UE-28)	Mujeres	348
October 2020	50	Zaragoza	Extranjeros comunitarios (UE-28)	UNION EUROPEA	Extranjeros no comunitarios	Extranjeros comunitarios (UE-28)	Mujeres	8
October 2020	50	Zaragoza	Extranjeros no comunitarios	RESTO DEL MUNDO	Extranjeros no comunitarios	Extranjeros no comunitarios	Mujeres	4663
October 2020	50	Zaragoza	No consta	No consta		No consta	Mujeres	5
June 2020	22	Huesca	Españoles	ESPAÑA	Españoles	Españoles	Hombres	3356
June 2020	22	Huesca	Extranjeros comunitarios (UE-28)	RESTO DEL MUNDO	Extranjeros comunitarios (UE-27)	Extranjeros comunitarios (UE-28)	Hombres	272
June 2020	22	Huesca	Extranjeros comunitarios (UE-28)	UNION EUROPEA	Extranjeros comunitarios (UE-27)	Extranjeros comunitarios (UE-28)	Hombres	77
June 2020	22	Huesca	Extranjeros comunitarios (UE-28)	UNION EUROPEA	Extranjeros no comunitarios	Extranjeros comunitarios (UE-28)	Hombres	4
June 2020	22	Huesca	Extranjeros no comunitarios	RESTO DEL MUNDO	Extranjeros no comunitarios	Extranjeros no comunitarios	Hombres	481
June 2020	22	Huesca	No consta	No consta		No consta	Hombres	2
June 2020	22	Huesca	Españoles	ESPAÑA	Españoles	Españoles	Mujeres	4484
June 2020	22	Huesca	Extranjeros comunitarios (UE-28)	RESTO DEL MUNDO	Extranjeros comunitarios (UE-27)	Extranjeros comunitarios (UE-28)	Mujeres	444
June 2020	22	Huesca	Extranjeros comunitarios (UE-28)	UNION EUROPEA	Extranjeros comunitarios (UE-27)	Extranjeros comunitarios (UE-28)	Mujeres	95
June 2020	22	Huesca	Extranjeros comunitarios (UE-28)	UNION EUROPEA	Extranjeros no comunitarios	Extranjeros comunitarios (UE-28)	Mujeres	3
June 2020	22	Huesca	Extranjeros no comunitarios	RESTO DEL MUNDO	Extranjeros no comunitarios	Extranjeros no comunitarios	Mujeres	701
June 2020	22	Huesca	No consta	No consta		No consta	Mujeres	3
June 2020	44	Teruel	Españoles	ESPAÑA	Españoles	Españoles	Hombres	2286
June 2020	44	Teruel	Extranjeros comunitarios (UE-28)	RESTO DEL MUNDO	Extranjeros comunitarios (UE-27)	Extranjeros comunitarios (UE-28)	Hombres	173
June 2020	44	Teruel	Extranjeros comunitarios (UE-28)	UNION EUROPEA	Extranjeros comunitarios (UE-27)	Extranjeros comunitarios (UE-28)	Hombres	32
June 2020	44	Teruel	Extranjeros comunitarios (UE-28)	UNION EUROPEA	Extranjeros no comunitarios	Extranjeros comunitarios (UE-28)	Hombres	4
June 2020	44	Teruel	Extranjeros no comunitarios	RESTO DEL MUNDO	Extranjeros no comunitarios	Extranjeros no comunitarios	Hombres	304
June 2020	44	Teruel	Españoles	ESPAÑA	Españoles	Españoles	Mujeres	2885
June 2020	44	Teruel	Extranjeros comunitarios (UE-28)	RESTO DEL MUNDO	Extranjeros comunitarios (UE-27)	Extranjeros comunitarios (UE-28)	Mujeres	268
June 2020	44	Teruel	Extranjeros comunitarios (UE-28)	UNION EUROPEA	Extranjeros comunitarios (UE-27)	Extranjeros comunitarios (UE-28)	Mujeres	43
June 2020	44	Teruel	Extranjeros comunitarios (UE-28)	UNION EUROPEA	Extranjeros no comunitarios	Extranjeros comunitarios (UE-28)	Mujeres	1
June 2020	44	Teruel	Extranjeros no comunitarios	RESTO DEL MUNDO	Extranjeros no comunitarios	Extranjeros no comunitarios	Mujeres	481
June 2020	44	Teruel	No consta	No consta		No consta	Mujeres	1
June 2020	50	Zaragoza	Españoles	ESPAÑA	Españoles	Españoles	Hombres	19926
June 2020	50	Zaragoza	Extranjeros comunitarios (UE-28)	RESTO DEL MUNDO	Extranjeros comunitarios (UE-27)	Extranjeros comunitarios (UE-28)	Hombres	1752
June 2020	50	Zaragoza	Extranjeros comunitarios (UE-28)	UNION EUROPEA	Extranjeros comunitarios (UE-27)	Extranjeros comunitarios (UE-28)	Hombres	300
June 2020	50	Zaragoza	Extranjeros comunitarios (UE-28)	UNION EUROPEA	Extranjeros no comunitarios	Extranjeros comunitarios (UE-28)	Hombres	16
June 2020	50	Zaragoza	Extranjeros no comunitarios	RESTO DEL MUNDO	Extranjeros no comunitarios	Extranjeros no comunitarios	Hombres	2909
June 2020	50	Zaragoza	No consta	No consta		No consta	Hombres	4
June 2020	50	Zaragoza	Españoles	ESPAÑA	Españoles	Españoles	Mujeres	27912
June 2020	50	Zaragoza	Extranjeros comunitarios (UE-28)	RESTO DEL MUNDO	Extranjeros comunitarios (UE-27)	Extranjeros comunitarios (UE-28)	Mujeres	2561
June 2020	50	Zaragoza	Extranjeros comunitarios (UE-28)	UNION EUROPEA	Extranjeros comunitarios (UE-27)	Extranjeros comunitarios (UE-28)	Mujeres	350
June 2020	50	Zaragoza	Extranjeros comunitarios (UE-28)	UNION EUROPEA	Extranjeros no comunitarios	Extranjeros comunitarios (UE-28)	Mujeres	9
June 2020	50	Zaragoza	Extranjeros no comunitarios	RESTO DEL MUNDO	Extranjeros no comunitarios	Extranjeros no comunitarios	Mujeres	4319
June 2020	50	Zaragoza	No consta	No consta		No consta	Mujeres	2
March 2017	22	Huesca	Españoles	ESPAÑA	Españoles	Españoles	Hombres	3477
March 2017	22	Huesca	Extranjeros comunitarios (UE-28)	RESTO DEL MUNDO	Extranjeros comunitarios (UE-27)	Extranjeros comunitarios (UE-28)	Hombres	394
March 2017	22	Huesca	Extranjeros comunitarios (UE-28)	UNION EUROPEA	Extranjeros comunitarios (UE-27)	Extranjeros comunitarios (UE-28)	Hombres	71
March 2017	22	Huesca	Extranjeros comunitarios (UE-28)	UNION EUROPEA	Extranjeros no comunitarios	Extranjeros comunitarios (UE-28)	Hombres	4
March 2017	22	Huesca	Extranjeros no comunitarios	RESTO DEL MUNDO	Extranjeros no comunitarios	Extranjeros no comunitarios	Hombres	534
March 2017	22	Huesca	Españoles	ESPAÑA	Españoles	Españoles	Mujeres	4385
March 2017	22	Huesca	Extranjeros comunitarios (UE-28)	RESTO DEL MUNDO	Extranjeros comunitarios (UE-27)	Extranjeros comunitarios (UE-28)	Mujeres	520
March 2017	22	Huesca	Extranjeros comunitarios (UE-28)	UNION EUROPEA	Extranjeros comunitarios (UE-27)	Extranjeros comunitarios (UE-28)	Mujeres	84
March 2017	22	Huesca	Extranjeros comunitarios (UE-28)	UNION EUROPEA	Extranjeros no comunitarios	Extranjeros comunitarios (UE-28)	Mujeres	2
March 2017	22	Huesca	Extranjeros no comunitarios	RESTO DEL MUNDO	Extranjeros no comunitarios	Extranjeros no comunitarios	Mujeres	634
March 2017	22	Huesca	No consta	No consta		No consta	Mujeres	1
March 2017	44	Teruel	Españoles	ESPAÑA	Españoles	Españoles	Hombres	2305
March 2017	44	Teruel	Extranjeros comunitarios (UE-28)	RESTO DEL MUNDO	Extranjeros comunitarios (UE-27)	Extranjeros comunitarios (UE-28)	Hombres	242
March 2017	44	Teruel	Extranjeros comunitarios (UE-28)	UNION EUROPEA	Extranjeros comunitarios (UE-27)	Extranjeros comunitarios (UE-28)	Hombres	51
March 2017	44	Teruel	Extranjeros comunitarios (UE-28)	UNION EUROPEA	Extranjeros no comunitarios	Extranjeros comunitarios (UE-28)	Hombres	3
March 2017	44	Teruel	Extranjeros no comunitarios	RESTO DEL MUNDO	Extranjeros no comunitarios	Extranjeros no comunitarios	Hombres	415
March 2017	44	Teruel	Españoles	ESPAÑA	Españoles	Españoles	Mujeres	3033
March 2017	44	Teruel	Extranjeros comunitarios (UE-28)	RESTO DEL MUNDO	Extranjeros comunitarios (UE-27)	Extranjeros comunitarios (UE-28)	Mujeres	365
March 2017	44	Teruel	Extranjeros comunitarios (UE-28)	UNION EUROPEA	Extranjeros comunitarios (UE-27)	Extranjeros comunitarios (UE-28)	Mujeres	37
March 2017	44	Teruel	Extranjeros comunitarios (UE-28)	UNION EUROPEA	Extranjeros no comunitarios	Extranjeros comunitarios (UE-28)	Mujeres	3
March 2017	44	Teruel	Extranjeros no comunitarios	RESTO DEL MUNDO	Extranjeros no comunitarios	Extranjeros no comunitarios	Mujeres	434
March 2017	50	Zaragoza	Españoles	ESPAÑA	Españoles	Españoles	Hombres	19618
March 2017	50	Zaragoza	Extranjeros comunitarios (UE-28)	RESTO DEL MUNDO	Extranjeros comunitarios (UE-27)	Extranjeros comunitarios (UE-28)	Hombres	2296
March 2017	50	Zaragoza	Extranjeros comunitarios (UE-28)	UNION EUROPEA	Extranjeros comunitarios (UE-27)	Extranjeros comunitarios (UE-28)	Hombres	261
March 2017	50	Zaragoza	Extranjeros comunitarios (UE-28)	UNION EUROPEA	Extranjeros no comunitarios	Extranjeros comunitarios (UE-28)	Hombres	9
March 2017	50	Zaragoza	Extranjeros no comunitarios	RESTO DEL MUNDO	Extranjeros no comunitarios	Extranjeros no comunitarios	Hombres	3288
March 2017	50	Zaragoza	No consta	No consta		No consta	Hombres	3
March 2017	50	Zaragoza	Españoles	ESPAÑA	Españoles	Españoles	Mujeres	28211
March 2017	50	Zaragoza	Extranjeros comunitarios (UE-28)	RESTO DEL MUNDO	Extranjeros comunitarios (UE-27)	Extranjeros comunitarios (UE-28)	Mujeres	2742
March 2017	50	Zaragoza	Extranjeros comunitarios (UE-28)	UNION EUROPEA	Extranjeros comunitarios (UE-27)	Extranjeros comunitarios (UE-28)	Mujeres	311
March 2017	50	Zaragoza	Extranjeros comunitarios (UE-28)	UNION EUROPEA	Extranjeros no comunitarios	Extranjeros comunitarios (UE-28)	Mujeres	6
March 2017	50	Zaragoza	Extranjeros no comunitarios	RESTO DEL MUNDO	Extranjeros no comunitarios	Extranjeros no comunitarios	Mujeres	3794
February 2017	22	Huesca	Españoles	ESPAÑA	Españoles	Españoles	Hombres	3573
February 2017	22	Huesca	Extranjeros comunitarios (UE-28)	RESTO DEL MUNDO	Extranjeros comunitarios (UE-27)	Extranjeros comunitarios (UE-28)	Hombres	408
February 2017	22	Huesca	Extranjeros comunitarios (UE-28)	UNION EUROPEA	Extranjeros comunitarios (UE-27)	Extranjeros comunitarios (UE-28)	Hombres	74
February 2017	22	Huesca	Extranjeros comunitarios (UE-28)	UNION EUROPEA	Extranjeros no comunitarios	Extranjeros comunitarios (UE-28)	Hombres	4
February 2017	22	Huesca	Extranjeros no comunitarios	RESTO DEL MUNDO	Extranjeros no comunitarios	Extranjeros no comunitarios	Hombres	490
February 2017	22	Huesca	Españoles	ESPAÑA	Españoles	Españoles	Mujeres	4479
February 2017	22	Huesca	Extranjeros comunitarios (UE-28)	RESTO DEL MUNDO	Extranjeros comunitarios (UE-27)	Extranjeros comunitarios (UE-28)	Mujeres	556
February 2017	22	Huesca	Extranjeros comunitarios (UE-28)	UNION EUROPEA	Extranjeros comunitarios (UE-27)	Extranjeros comunitarios (UE-28)	Mujeres	97
February 2017	22	Huesca	Extranjeros comunitarios (UE-28)	UNION EUROPEA	Extranjeros no comunitarios	Extranjeros comunitarios (UE-28)	Mujeres	2
February 2017	22	Huesca	Extranjeros no comunitarios	RESTO DEL MUNDO	Extranjeros no comunitarios	Extranjeros no comunitarios	Mujeres	618
February 2017	22	Huesca	No consta	No consta		No consta	Mujeres	1
February 2017	44	Teruel	Españoles	ESPAÑA	Españoles	Españoles	Hombres	2474
February 2017	44	Teruel	Extranjeros comunitarios (UE-28)	RESTO DEL MUNDO	Extranjeros comunitarios (UE-27)	Extranjeros comunitarios (UE-28)	Hombres	255
February 2017	44	Teruel	Extranjeros comunitarios (UE-28)	UNION EUROPEA	Extranjeros comunitarios (UE-27)	Extranjeros comunitarios (UE-28)	Hombres	64
February 2017	44	Teruel	Extranjeros comunitarios (UE-28)	UNION EUROPEA	Extranjeros no comunitarios	Extranjeros comunitarios (UE-28)	Hombres	3
February 2017	44	Teruel	Extranjeros no comunitarios	RESTO DEL MUNDO	Extranjeros no comunitarios	Extranjeros no comunitarios	Hombres	404
February 2017	44	Teruel	Españoles	ESPAÑA	Españoles	Españoles	Mujeres	3096
February 2017	44	Teruel	Extranjeros comunitarios (UE-28)	RESTO DEL MUNDO	Extranjeros comunitarios (UE-27)	Extranjeros comunitarios (UE-28)	Mujeres	344
February 2017	44	Teruel	Extranjeros comunitarios (UE-28)	UNION EUROPEA	Extranjeros comunitarios (UE-27)	Extranjeros comunitarios (UE-28)	Mujeres	42
February 2017	44	Teruel	Extranjeros comunitarios (UE-28)	UNION EUROPEA	Extranjeros no comunitarios	Extranjeros comunitarios (UE-28)	Mujeres	4
February 2017	44	Teruel	Extranjeros no comunitarios	RESTO DEL MUNDO	Extranjeros no comunitarios	Extranjeros no comunitarios	Mujeres	432
February 2017	50	Zaragoza	Españoles	ESPAÑA	Españoles	Españoles	Hombres	20084
February 2017	50	Zaragoza	Extranjeros comunitarios (UE-28)	RESTO DEL MUNDO	Extranjeros comunitarios (UE-27)	Extranjeros comunitarios (UE-28)	Hombres	2293
February 2017	50	Zaragoza	Extranjeros comunitarios (UE-28)	UNION EUROPEA	Extranjeros comunitarios (UE-27)	Extranjeros comunitarios (UE-28)	Hombres	263
February 2017	50	Zaragoza	Extranjeros comunitarios (UE-28)	UNION EUROPEA	Extranjeros no comunitarios	Extranjeros comunitarios (UE-28)	Hombres	9
February 2017	50	Zaragoza	Extranjeros no comunitarios	RESTO DEL MUNDO	Extranjeros no comunitarios	Extranjeros no comunitarios	Hombres	3228
February 2017	50	Zaragoza	No consta	No consta		No consta	Hombres	3
February 2017	50	Zaragoza	Españoles	ESPAÑA	Españoles	Españoles	Mujeres	28864
February 2017	50	Zaragoza	Extranjeros comunitarios (UE-28)	RESTO DEL MUNDO	Extranjeros comunitarios (UE-27)	Extranjeros comunitarios (UE-28)	Mujeres	2777
February 2017	50	Zaragoza	Extranjeros comunitarios (UE-28)	UNION EUROPEA	Extranjeros comunitarios (UE-27)	Extranjeros comunitarios (UE-28)	Mujeres	310
February 2017	50	Zaragoza	Extranjeros comunitarios (UE-28)	UNION EUROPEA	Extranjeros no comunitarios	Extranjeros comunitarios (UE-28)	Mujeres	4
February 2017	50	Zaragoza	Extranjeros no comunitarios	RESTO DEL MUNDO	Extranjeros no comunitarios	Extranjeros no comunitarios	Mujeres	3838
May 2016	22	Huesca	Españoles	ESPAÑA	Españoles	Españoles	Hombres	4059
May 2016	22	Huesca	Extranjeros comunitarios (UE-28)	RESTO DEL MUNDO	Extranjeros comunitarios (UE-27)	Extranjeros comunitarios (UE-28)	Hombres	334
May 2016	22	Huesca	Extranjeros comunitarios (UE-28)	UNION EUROPEA	Extranjeros comunitarios (UE-27)	Extranjeros comunitarios (UE-28)	Hombres	79
May 2016	22	Huesca	Extranjeros comunitarios (UE-28)	UNION EUROPEA	Extranjeros no comunitarios	Extranjeros comunitarios (UE-28)	Hombres	1
May 2016	22	Huesca	Extranjeros no comunitarios	RESTO DEL MUNDO	Extranjeros no comunitarios	Extranjeros no comunitarios	Hombres	525
May 2016	22	Huesca	Españoles	ESPAÑA	Españoles	Españoles	Mujeres	4793
May 2016	22	Huesca	Extranjeros comunitarios (UE-28)	RESTO DEL MUNDO	Extranjeros comunitarios (UE-27)	Extranjeros comunitarios (UE-28)	Mujeres	440
May 2016	22	Huesca	Extranjeros comunitarios (UE-28)	UNION EUROPEA	Extranjeros comunitarios (UE-27)	Extranjeros comunitarios (UE-28)	Mujeres	103
May 2016	22	Huesca	Extranjeros comunitarios (UE-28)	UNION EUROPEA	Extranjeros no comunitarios	Extranjeros comunitarios (UE-28)	Mujeres	1
May 2016	22	Huesca	Extranjeros no comunitarios	RESTO DEL MUNDO	Extranjeros no comunitarios	Extranjeros no comunitarios	Mujeres	595
May 2016	22	Huesca	No consta	No consta		No consta	Mujeres	1
May 2016	44	Teruel	Españoles	ESPAÑA	Españoles	Españoles	Hombres	2712
May 2016	44	Teruel	Extranjeros comunitarios (UE-28)	RESTO DEL MUNDO	Extranjeros comunitarios (UE-27)	Extranjeros comunitarios (UE-28)	Hombres	290
May 2016	44	Teruel	Extranjeros comunitarios (UE-28)	UNION EUROPEA	Extranjeros comunitarios (UE-27)	Extranjeros comunitarios (UE-28)	Hombres	59
May 2016	44	Teruel	Extranjeros comunitarios (UE-28)	UNION EUROPEA	Extranjeros no comunitarios	Extranjeros comunitarios (UE-28)	Hombres	2
May 2016	44	Teruel	Extranjeros no comunitarios	RESTO DEL MUNDO	Extranjeros no comunitarios	Extranjeros no comunitarios	Hombres	418
May 2016	44	Teruel	Españoles	ESPAÑA	Españoles	Españoles	Mujeres	3311
May 2016	44	Teruel	Extranjeros comunitarios (UE-28)	RESTO DEL MUNDO	Extranjeros comunitarios (UE-27)	Extranjeros comunitarios (UE-28)	Mujeres	350
May 2016	44	Teruel	Extranjeros comunitarios (UE-28)	UNION EUROPEA	Extranjeros comunitarios (UE-27)	Extranjeros comunitarios (UE-28)	Mujeres	42
May 2016	44	Teruel	Extranjeros comunitarios (UE-28)	UNION EUROPEA	Extranjeros no comunitarios	Extranjeros comunitarios (UE-28)	Mujeres	1
May 2016	44	Teruel	Extranjeros no comunitarios	RESTO DEL MUNDO	Extranjeros no comunitarios	Extranjeros no comunitarios	Mujeres	451
May 2016	50	Zaragoza	Españoles	ESPAÑA	Españoles	Españoles	Hombres	21628
May 2016	50	Zaragoza	Extranjeros comunitarios (UE-28)	RESTO DEL MUNDO	Extranjeros comunitarios (UE-27)	Extranjeros comunitarios (UE-28)	Hombres	2415
May 2016	50	Zaragoza	Extranjeros comunitarios (UE-28)	UNION EUROPEA	Extranjeros comunitarios (UE-27)	Extranjeros comunitarios (UE-28)	Hombres	268
May 2016	50	Zaragoza	Extranjeros comunitarios (UE-28)	UNION EUROPEA	Extranjeros no comunitarios	Extranjeros comunitarios (UE-28)	Hombres	11
May 2016	50	Zaragoza	Extranjeros no comunitarios	RESTO DEL MUNDO	Extranjeros no comunitarios	Extranjeros no comunitarios	Hombres	3324
May 2016	50	Zaragoza	No consta	No consta		No consta	Hombres	2
May 2016	50	Zaragoza	Españoles	ESPAÑA	Españoles	Españoles	Mujeres	30088
May 2016	50	Zaragoza	Extranjeros comunitarios (UE-28)	RESTO DEL MUNDO	Extranjeros comunitarios (UE-27)	Extranjeros comunitarios (UE-28)	Mujeres	2678
May 2016	50	Zaragoza	Extranjeros comunitarios (UE-28)	UNION EUROPEA	Extranjeros comunitarios (UE-27)	Extranjeros comunitarios (UE-28)	Mujeres	335
May 2016	50	Zaragoza	Extranjeros comunitarios (UE-28)	UNION EUROPEA	Extranjeros no comunitarios	Extranjeros comunitarios (UE-28)	Mujeres	6
May 2016	50	Zaragoza	Extranjeros no comunitarios	RESTO DEL MUNDO	Extranjeros no comunitarios	Extranjeros no comunitarios	Mujeres	3764
April 2016	22	Huesca	Españoles	ESPAÑA	Españoles	Españoles	Hombres	4331
April 2016	22	Huesca	Extranjeros comunitarios (UE-28)	RESTO DEL MUNDO	Extranjeros comunitarios (UE-27)	Extranjeros comunitarios (UE-28)	Hombres	440
April 2016	22	Huesca	Extranjeros comunitarios (UE-28)	UNION EUROPEA	Extranjeros comunitarios (UE-27)	Extranjeros comunitarios (UE-28)	Hombres	90
April 2016	22	Huesca	Extranjeros comunitarios (UE-28)	UNION EUROPEA	Extranjeros no comunitarios	Extranjeros comunitarios (UE-28)	Hombres	1
April 2016	22	Huesca	Extranjeros no comunitarios	RESTO DEL MUNDO	Extranjeros no comunitarios	Extranjeros no comunitarios	Hombres	691
April 2016	22	Huesca	Españoles	ESPAÑA	Españoles	Españoles	Mujeres	4989
April 2016	22	Huesca	Extranjeros comunitarios (UE-28)	RESTO DEL MUNDO	Extranjeros comunitarios (UE-27)	Extranjeros comunitarios (UE-28)	Mujeres	551
April 2016	22	Huesca	Extranjeros comunitarios (UE-28)	UNION EUROPEA	Extranjeros comunitarios (UE-27)	Extranjeros comunitarios (UE-28)	Mujeres	120
April 2016	22	Huesca	Extranjeros comunitarios (UE-28)	UNION EUROPEA	Extranjeros no comunitarios	Extranjeros comunitarios (UE-28)	Mujeres	2
April 2016	22	Huesca	Extranjeros no comunitarios	RESTO DEL MUNDO	Extranjeros no comunitarios	Extranjeros no comunitarios	Mujeres	662
April 2016	22	Huesca	No consta	No consta		No consta	Mujeres	1
April 2016	44	Teruel	Españoles	ESPAÑA	Españoles	Españoles	Hombres	2883
April 2016	44	Teruel	Extranjeros comunitarios (UE-28)	RESTO DEL MUNDO	Extranjeros comunitarios (UE-27)	Extranjeros comunitarios (UE-28)	Hombres	323
April 2016	44	Teruel	Extranjeros comunitarios (UE-28)	UNION EUROPEA	Extranjeros comunitarios (UE-27)	Extranjeros comunitarios (UE-28)	Hombres	67
April 2016	44	Teruel	Extranjeros comunitarios (UE-28)	UNION EUROPEA	Extranjeros no comunitarios	Extranjeros comunitarios (UE-28)	Hombres	3
April 2016	44	Teruel	Extranjeros no comunitarios	RESTO DEL MUNDO	Extranjeros no comunitarios	Extranjeros no comunitarios	Hombres	510
April 2016	44	Teruel	Españoles	ESPAÑA	Españoles	Españoles	Mujeres	3412
April 2016	44	Teruel	Extranjeros comunitarios (UE-28)	RESTO DEL MUNDO	Extranjeros comunitarios (UE-27)	Extranjeros comunitarios (UE-28)	Mujeres	390
April 2016	44	Teruel	Extranjeros comunitarios (UE-28)	UNION EUROPEA	Extranjeros comunitarios (UE-27)	Extranjeros comunitarios (UE-28)	Mujeres	49
April 2016	44	Teruel	Extranjeros comunitarios (UE-28)	UNION EUROPEA	Extranjeros no comunitarios	Extranjeros comunitarios (UE-28)	Mujeres	1
April 2016	44	Teruel	Extranjeros no comunitarios	RESTO DEL MUNDO	Extranjeros no comunitarios	Extranjeros no comunitarios	Mujeres	453
April 2016	50	Zaragoza	Españoles	ESPAÑA	Españoles	Españoles	Hombres	22653
April 2016	50	Zaragoza	Extranjeros comunitarios (UE-28)	RESTO DEL MUNDO	Extranjeros comunitarios (UE-27)	Extranjeros comunitarios (UE-28)	Hombres	2730
April 2016	50	Zaragoza	Extranjeros comunitarios (UE-28)	UNION EUROPEA	Extranjeros comunitarios (UE-27)	Extranjeros comunitarios (UE-28)	Hombres	297
April 2016	50	Zaragoza	Extranjeros comunitarios (UE-28)	UNION EUROPEA	Extranjeros no comunitarios	Extranjeros comunitarios (UE-28)	Hombres	10
April 2016	50	Zaragoza	Extranjeros no comunitarios	RESTO DEL MUNDO	Extranjeros no comunitarios	Extranjeros no comunitarios	Hombres	4002
April 2016	50	Zaragoza	No consta	No consta		No consta	Hombres	2
April 2016	50	Zaragoza	Españoles	ESPAÑA	Españoles	Españoles	Mujeres	30792
April 2016	50	Zaragoza	Extranjeros comunitarios (UE-28)	RESTO DEL MUNDO	Extranjeros comunitarios (UE-27)	Extranjeros comunitarios (UE-28)	Mujeres	2892
April 2016	50	Zaragoza	Extranjeros comunitarios (UE-28)	UNION EUROPEA	Extranjeros comunitarios (UE-27)	Extranjeros comunitarios (UE-28)	Mujeres	364
April 2016	50	Zaragoza	Extranjeros comunitarios (UE-28)	UNION EUROPEA	Extranjeros no comunitarios	Extranjeros comunitarios (UE-28)	Mujeres	5
April 2016	50	Zaragoza	Extranjeros no comunitarios	RESTO DEL MUNDO	Extranjeros no comunitarios	Extranjeros no comunitarios	Mujeres	4030
April 2016	50	Zaragoza	No consta	No consta		No consta	Mujeres	1
March 2016	22	Huesca	Españoles	ESPAÑA	Españoles	Españoles	Hombres	4332
March 2016	22	Huesca	Extranjeros comunitarios (UE-28)	RESTO DEL MUNDO	Extranjeros comunitarios (UE-27)	Extranjeros comunitarios (UE-28)	Hombres	473
March 2016	22	Huesca	Extranjeros comunitarios (UE-28)	UNION EUROPEA	Extranjeros comunitarios (UE-27)	Extranjeros comunitarios (UE-28)	Hombres	78
March 2016	22	Huesca	Extranjeros comunitarios (UE-28)	UNION EUROPEA	Extranjeros no comunitarios	Extranjeros comunitarios (UE-28)	Hombres	1
March 2016	22	Huesca	Extranjeros no comunitarios	RESTO DEL MUNDO	Extranjeros no comunitarios	Extranjeros no comunitarios	Hombres	725
March 2016	22	Huesca	Españoles	ESPAÑA	Españoles	Españoles	Mujeres	4875
March 2016	22	Huesca	Extranjeros comunitarios (UE-28)	RESTO DEL MUNDO	Extranjeros comunitarios (UE-27)	Extranjeros comunitarios (UE-28)	Mujeres	575
March 2016	22	Huesca	Extranjeros comunitarios (UE-28)	UNION EUROPEA	Extranjeros comunitarios (UE-27)	Extranjeros comunitarios (UE-28)	Mujeres	121
March 2016	22	Huesca	Extranjeros comunitarios (UE-28)	UNION EUROPEA	Extranjeros no comunitarios	Extranjeros comunitarios (UE-28)	Mujeres	1
March 2016	22	Huesca	Extranjeros no comunitarios	RESTO DEL MUNDO	Extranjeros no comunitarios	Extranjeros no comunitarios	Mujeres	688
March 2016	44	Teruel	Españoles	ESPAÑA	Españoles	Españoles	Hombres	2974
March 2016	44	Teruel	Extranjeros comunitarios (UE-28)	RESTO DEL MUNDO	Extranjeros comunitarios (UE-27)	Extranjeros comunitarios (UE-28)	Hombres	340
March 2016	44	Teruel	Extranjeros comunitarios (UE-28)	UNION EUROPEA	Extranjeros comunitarios (UE-27)	Extranjeros comunitarios (UE-28)	Hombres	67
March 2016	44	Teruel	Extranjeros comunitarios (UE-28)	UNION EUROPEA	Extranjeros no comunitarios	Extranjeros comunitarios (UE-28)	Hombres	3
March 2016	44	Teruel	Extranjeros no comunitarios	RESTO DEL MUNDO	Extranjeros no comunitarios	Extranjeros no comunitarios	Hombres	577
March 2016	44	Teruel	Españoles	ESPAÑA	Españoles	Españoles	Mujeres	3445
March 2016	44	Teruel	Extranjeros comunitarios (UE-28)	RESTO DEL MUNDO	Extranjeros comunitarios (UE-27)	Extranjeros comunitarios (UE-28)	Mujeres	384
March 2016	44	Teruel	Extranjeros comunitarios (UE-28)	UNION EUROPEA	Extranjeros comunitarios (UE-27)	Extranjeros comunitarios (UE-28)	Mujeres	50
March 2016	44	Teruel	Extranjeros comunitarios (UE-28)	UNION EUROPEA	Extranjeros no comunitarios	Extranjeros comunitarios (UE-28)	Mujeres	1
March 2016	44	Teruel	Extranjeros no comunitarios	RESTO DEL MUNDO	Extranjeros no comunitarios	Extranjeros no comunitarios	Mujeres	464
March 2016	50	Zaragoza	Españoles	ESPAÑA	Españoles	Españoles	Hombres	23415
March 2016	50	Zaragoza	Extranjeros comunitarios (UE-28)	RESTO DEL MUNDO	Extranjeros comunitarios (UE-27)	Extranjeros comunitarios (UE-28)	Hombres	2845
March 2016	50	Zaragoza	Extranjeros comunitarios (UE-28)	UNION EUROPEA	Extranjeros comunitarios (UE-27)	Extranjeros comunitarios (UE-28)	Hombres	299
March 2016	50	Zaragoza	Extranjeros comunitarios (UE-28)	UNION EUROPEA	Extranjeros no comunitarios	Extranjeros comunitarios (UE-28)	Hombres	10
March 2016	50	Zaragoza	Extranjeros no comunitarios	RESTO DEL MUNDO	Extranjeros no comunitarios	Extranjeros no comunitarios	Hombres	4301
March 2016	50	Zaragoza	No consta	No consta		No consta	Hombres	2
March 2016	50	Zaragoza	Españoles	ESPAÑA	Españoles	Españoles	Mujeres	31284
March 2016	50	Zaragoza	Extranjeros comunitarios (UE-28)	RESTO DEL MUNDO	Extranjeros comunitarios (UE-27)	Extranjeros comunitarios (UE-28)	Mujeres	2931
March 2016	50	Zaragoza	Extranjeros comunitarios (UE-28)	UNION EUROPEA	Extranjeros comunitarios (UE-27)	Extranjeros comunitarios (UE-28)	Mujeres	355
March 2016	50	Zaragoza	Extranjeros comunitarios (UE-28)	UNION EUROPEA	Extranjeros no comunitarios	Extranjeros comunitarios (UE-28)	Mujeres	6
March 2016	50	Zaragoza	Extranjeros no comunitarios	RESTO DEL MUNDO	Extranjeros no comunitarios	Extranjeros no comunitarios	Mujeres	4019
February 2016	22	Huesca	Españoles	ESPAÑA	Españoles	Españoles	Hombres	4430
February 2016	22	Huesca	Extranjeros comunitarios (UE-28)	RESTO DEL MUNDO	Extranjeros comunitarios (UE-27)	Extranjeros comunitarios (UE-28)	Hombres	497
February 2016	22	Huesca	Extranjeros comunitarios (UE-28)	UNION EUROPEA	Extranjeros comunitarios (UE-27)	Extranjeros comunitarios (UE-28)	Hombres	91
February 2016	22	Huesca	Extranjeros comunitarios (UE-28)	UNION EUROPEA	Extranjeros no comunitarios	Extranjeros comunitarios (UE-28)	Hombres	1
February 2016	22	Huesca	Extranjeros no comunitarios	RESTO DEL MUNDO	Extranjeros no comunitarios	Extranjeros no comunitarios	Hombres	733
February 2016	22	Huesca	Españoles	ESPAÑA	Españoles	Españoles	Mujeres	5022
February 2016	22	Huesca	Extranjeros comunitarios (UE-28)	RESTO DEL MUNDO	Extranjeros comunitarios (UE-27)	Extranjeros comunitarios (UE-28)	Mujeres	633
February 2016	22	Huesca	Extranjeros comunitarios (UE-28)	UNION EUROPEA	Extranjeros comunitarios (UE-27)	Extranjeros comunitarios (UE-28)	Mujeres	120
February 2016	22	Huesca	Extranjeros comunitarios (UE-28)	UNION EUROPEA	Extranjeros no comunitarios	Extranjeros comunitarios (UE-28)	Mujeres	2
February 2016	22	Huesca	Extranjeros no comunitarios	RESTO DEL MUNDO	Extranjeros no comunitarios	Extranjeros no comunitarios	Mujeres	690
February 2016	22	Huesca	No consta	No consta		No consta	Mujeres	1
February 2016	44	Teruel	Españoles	ESPAÑA	Españoles	Españoles	Hombres	3030
February 2016	44	Teruel	Extranjeros comunitarios (UE-28)	RESTO DEL MUNDO	Extranjeros comunitarios (UE-27)	Extranjeros comunitarios (UE-28)	Hombres	345
February 2016	44	Teruel	Extranjeros comunitarios (UE-28)	UNION EUROPEA	Extranjeros comunitarios (UE-27)	Extranjeros comunitarios (UE-28)	Hombres	61
February 2016	44	Teruel	Extranjeros comunitarios (UE-28)	UNION EUROPEA	Extranjeros no comunitarios	Extranjeros comunitarios (UE-28)	Hombres	4
February 2016	44	Teruel	Extranjeros no comunitarios	RESTO DEL MUNDO	Extranjeros no comunitarios	Extranjeros no comunitarios	Hombres	599
February 2016	44	Teruel	Españoles	ESPAÑA	Españoles	Españoles	Mujeres	3551
February 2016	44	Teruel	Extranjeros comunitarios (UE-28)	RESTO DEL MUNDO	Extranjeros comunitarios (UE-27)	Extranjeros comunitarios (UE-28)	Mujeres	406
February 2016	44	Teruel	Extranjeros comunitarios (UE-28)	UNION EUROPEA	Extranjeros comunitarios (UE-27)	Extranjeros comunitarios (UE-28)	Mujeres	52
February 2016	44	Teruel	Extranjeros comunitarios (UE-28)	UNION EUROPEA	Extranjeros no comunitarios	Extranjeros comunitarios (UE-28)	Mujeres	2
February 2016	44	Teruel	Extranjeros no comunitarios	RESTO DEL MUNDO	Extranjeros no comunitarios	Extranjeros no comunitarios	Mujeres	473
February 2016	50	Zaragoza	Españoles	ESPAÑA	Españoles	Españoles	Hombres	23475
February 2016	50	Zaragoza	Extranjeros comunitarios (UE-28)	RESTO DEL MUNDO	Extranjeros comunitarios (UE-27)	Extranjeros comunitarios (UE-28)	Hombres	2857
February 2016	50	Zaragoza	Extranjeros comunitarios (UE-28)	UNION EUROPEA	Extranjeros comunitarios (UE-27)	Extranjeros comunitarios (UE-28)	Hombres	291
February 2016	50	Zaragoza	Extranjeros comunitarios (UE-28)	UNION EUROPEA	Extranjeros no comunitarios	Extranjeros comunitarios (UE-28)	Hombres	12
February 2016	50	Zaragoza	Extranjeros no comunitarios	RESTO DEL MUNDO	Extranjeros no comunitarios	Extranjeros no comunitarios	Hombres	4216
February 2016	50	Zaragoza	No consta	No consta		No consta	Hombres	1
February 2016	50	Zaragoza	Españoles	ESPAÑA	Españoles	Españoles	Mujeres	31662
February 2016	50	Zaragoza	Extranjeros comunitarios (UE-28)	RESTO DEL MUNDO	Extranjeros comunitarios (UE-27)	Extranjeros comunitarios (UE-28)	Mujeres	3017
February 2016	50	Zaragoza	Extranjeros comunitarios (UE-28)	UNION EUROPEA	Extranjeros comunitarios (UE-27)	Extranjeros comunitarios (UE-28)	Mujeres	360
February 2016	50	Zaragoza	Extranjeros comunitarios (UE-28)	UNION EUROPEA	Extranjeros no comunitarios	Extranjeros comunitarios (UE-28)	Mujeres	6
February 2016	50	Zaragoza	Extranjeros no comunitarios	RESTO DEL MUNDO	Extranjeros no comunitarios	Extranjeros no comunitarios	Mujeres	4042
January 2016	22	Huesca	Españoles	ESPAÑA	Españoles	Españoles	Hombres	4492
January 2016	22	Huesca	Extranjeros comunitarios (UE-28)	RESTO DEL MUNDO	Extranjeros comunitarios (UE-27)	Extranjeros comunitarios (UE-28)	Hombres	498
January 2016	22	Huesca	Extranjeros comunitarios (UE-28)	UNION EUROPEA	Extranjeros comunitarios (UE-27)	Extranjeros comunitarios (UE-28)	Hombres	93
January 2016	22	Huesca	Extranjeros comunitarios (UE-28)	UNION EUROPEA	Extranjeros no comunitarios	Extranjeros comunitarios (UE-28)	Hombres	1
January 2016	22	Huesca	Extranjeros no comunitarios	RESTO DEL MUNDO	Extranjeros no comunitarios	Extranjeros no comunitarios	Hombres	708
January 2016	22	Huesca	Españoles	ESPAÑA	Españoles	Españoles	Mujeres	5113
January 2016	22	Huesca	Extranjeros comunitarios (UE-28)	RESTO DEL MUNDO	Extranjeros comunitarios (UE-27)	Extranjeros comunitarios (UE-28)	Mujeres	593
January 2016	22	Huesca	Extranjeros comunitarios (UE-28)	UNION EUROPEA	Extranjeros comunitarios (UE-27)	Extranjeros comunitarios (UE-28)	Mujeres	115
January 2016	22	Huesca	Extranjeros comunitarios (UE-28)	UNION EUROPEA	Extranjeros no comunitarios	Extranjeros comunitarios (UE-28)	Mujeres	2
January 2016	22	Huesca	Extranjeros no comunitarios	RESTO DEL MUNDO	Extranjeros no comunitarios	Extranjeros no comunitarios	Mujeres	690
January 2016	22	Huesca	No consta	No consta		No consta	Mujeres	1
January 2016	44	Teruel	Españoles	ESPAÑA	Españoles	Españoles	Hombres	3109
January 2016	44	Teruel	Extranjeros comunitarios (UE-28)	RESTO DEL MUNDO	Extranjeros comunitarios (UE-27)	Extranjeros comunitarios (UE-28)	Hombres	358
January 2016	44	Teruel	Extranjeros comunitarios (UE-28)	UNION EUROPEA	Extranjeros comunitarios (UE-27)	Extranjeros comunitarios (UE-28)	Hombres	62
January 2016	44	Teruel	Extranjeros comunitarios (UE-28)	UNION EUROPEA	Extranjeros no comunitarios	Extranjeros comunitarios (UE-28)	Hombres	4
January 2016	44	Teruel	Extranjeros no comunitarios	RESTO DEL MUNDO	Extranjeros no comunitarios	Extranjeros no comunitarios	Hombres	628
January 2016	44	Teruel	Españoles	ESPAÑA	Españoles	Españoles	Mujeres	3600
January 2016	44	Teruel	Extranjeros comunitarios (UE-28)	RESTO DEL MUNDO	Extranjeros comunitarios (UE-27)	Extranjeros comunitarios (UE-28)	Mujeres	425
January 2016	44	Teruel	Extranjeros comunitarios (UE-28)	UNION EUROPEA	Extranjeros comunitarios (UE-27)	Extranjeros comunitarios (UE-28)	Mujeres	54
January 2016	44	Teruel	Extranjeros comunitarios (UE-28)	UNION EUROPEA	Extranjeros no comunitarios	Extranjeros comunitarios (UE-28)	Mujeres	2
January 2016	44	Teruel	Extranjeros no comunitarios	RESTO DEL MUNDO	Extranjeros no comunitarios	Extranjeros no comunitarios	Mujeres	470
January 2016	50	Zaragoza	Españoles	ESPAÑA	Españoles	Españoles	Hombres	23660
January 2016	50	Zaragoza	Extranjeros comunitarios (UE-28)	RESTO DEL MUNDO	Extranjeros comunitarios (UE-27)	Extranjeros comunitarios (UE-28)	Hombres	2885
January 2016	50	Zaragoza	Extranjeros comunitarios (UE-28)	UNION EUROPEA	Extranjeros comunitarios (UE-27)	Extranjeros comunitarios (UE-28)	Hombres	305
January 2016	50	Zaragoza	Extranjeros comunitarios (UE-28)	UNION EUROPEA	Extranjeros no comunitarios	Extranjeros comunitarios (UE-28)	Hombres	9
January 2016	50	Zaragoza	Extranjeros no comunitarios	RESTO DEL MUNDO	Extranjeros no comunitarios	Extranjeros no comunitarios	Hombres	4102
January 2016	50	Zaragoza	No consta	No consta		No consta	Hombres	1
January 2016	50	Zaragoza	Españoles	ESPAÑA	Españoles	Españoles	Mujeres	31943
January 2016	50	Zaragoza	Extranjeros comunitarios (UE-28)	RESTO DEL MUNDO	Extranjeros comunitarios (UE-27)	Extranjeros comunitarios (UE-28)	Mujeres	3009
January 2016	50	Zaragoza	Extranjeros comunitarios (UE-28)	UNION EUROPEA	Extranjeros comunitarios (UE-27)	Extranjeros comunitarios (UE-28)	Mujeres	358
January 2016	50	Zaragoza	Extranjeros comunitarios (UE-28)	UNION EUROPEA	Extranjeros no comunitarios	Extranjeros comunitarios (UE-28)	Mujeres	6
January 2016	50	Zaragoza	Extranjeros no comunitarios	RESTO DEL MUNDO	Extranjeros no comunitarios	Extranjeros no comunitarios	Mujeres	4048
January 2016	50	Zaragoza	No consta	No consta		No consta	Mujeres	1
Diciembre 2015	22	Huesca	Españoles	ESPAÑA	Españoles	Españoles	Hombres	4328
Diciembre 2015	22	Huesca	Extranjeros comunitarios (UE-28)	RESTO DEL MUNDO	Extranjeros comunitarios (UE-27)	Extranjeros comunitarios (UE-28)	Hombres	503
Diciembre 2015	22	Huesca	Extranjeros comunitarios (UE-28)	UNION EUROPEA	Extranjeros comunitarios (UE-27)	Extranjeros comunitarios (UE-28)	Hombres	93
Diciembre 2015	22	Huesca	Extranjeros comunitarios (UE-28)	UNION EUROPEA	Extranjeros no comunitarios	Extranjeros comunitarios (UE-28)	Hombres	2
Diciembre 2015	22	Huesca	Extranjeros no comunitarios	RESTO DEL MUNDO	Extranjeros no comunitarios	Extranjeros no comunitarios	Hombres	676
Diciembre 2015	22	Huesca	Españoles	ESPAÑA	Españoles	Españoles	Mujeres	4876
Diciembre 2015	22	Huesca	Extranjeros comunitarios (UE-28)	RESTO DEL MUNDO	Extranjeros comunitarios (UE-27)	Extranjeros comunitarios (UE-28)	Mujeres	622
Diciembre 2015	22	Huesca	Extranjeros comunitarios (UE-28)	UNION EUROPEA	Extranjeros comunitarios (UE-27)	Extranjeros comunitarios (UE-28)	Mujeres	122
Diciembre 2015	22	Huesca	Extranjeros comunitarios (UE-28)	UNION EUROPEA	Extranjeros no comunitarios	Extranjeros comunitarios (UE-28)	Mujeres	1
Diciembre 2015	22	Huesca	Extranjeros no comunitarios	RESTO DEL MUNDO	Extranjeros no comunitarios	Extranjeros no comunitarios	Mujeres	703
Diciembre 2015	22	Huesca	No consta	No consta		No consta	Mujeres	1
Diciembre 2015	44	Teruel	Españoles	ESPAÑA	Españoles	Españoles	Hombres	3015
Diciembre 2015	44	Teruel	Extranjeros comunitarios (UE-28)	RESTO DEL MUNDO	Extranjeros comunitarios (UE-27)	Extranjeros comunitarios (UE-28)	Hombres	355
Diciembre 2015	44	Teruel	Extranjeros comunitarios (UE-28)	UNION EUROPEA	Extranjeros comunitarios (UE-27)	Extranjeros comunitarios (UE-28)	Hombres	61
Diciembre 2015	44	Teruel	Extranjeros comunitarios (UE-28)	UNION EUROPEA	Extranjeros no comunitarios	Extranjeros comunitarios (UE-28)	Hombres	5
Diciembre 2015	44	Teruel	Extranjeros no comunitarios	RESTO DEL MUNDO	Extranjeros no comunitarios	Extranjeros no comunitarios	Hombres	618
Diciembre 2015	44	Teruel	Españoles	ESPAÑA	Españoles	Españoles	Mujeres	3429
Diciembre 2015	44	Teruel	Extranjeros comunitarios (UE-28)	RESTO DEL MUNDO	Extranjeros comunitarios (UE-27)	Extranjeros comunitarios (UE-28)	Mujeres	406
Diciembre 2015	44	Teruel	Extranjeros comunitarios (UE-28)	UNION EUROPEA	Extranjeros comunitarios (UE-27)	Extranjeros comunitarios (UE-28)	Mujeres	49
Diciembre 2015	44	Teruel	Extranjeros comunitarios (UE-28)	UNION EUROPEA	Extranjeros no comunitarios	Extranjeros comunitarios (UE-28)	Mujeres	2
Diciembre 2015	44	Teruel	Extranjeros no comunitarios	RESTO DEL MUNDO	Extranjeros no comunitarios	Extranjeros no comunitarios	Mujeres	456
Diciembre 2015	50	Zaragoza	Españoles	ESPAÑA	Españoles	Españoles	Hombres	23543
Diciembre 2015	50	Zaragoza	Extranjeros comunitarios (UE-28)	RESTO DEL MUNDO	Extranjeros comunitarios (UE-27)	Extranjeros comunitarios (UE-28)	Hombres	2944
Diciembre 2015	50	Zaragoza	Extranjeros comunitarios (UE-28)	UNION EUROPEA	Extranjeros comunitarios (UE-27)	Extranjeros comunitarios (UE-28)	Hombres	314
Diciembre 2015	50	Zaragoza	Extranjeros comunitarios (UE-28)	UNION EUROPEA	Extranjeros no comunitarios	Extranjeros comunitarios (UE-28)	Hombres	11
Diciembre 2015	50	Zaragoza	Extranjeros no comunitarios	RESTO DEL MUNDO	Extranjeros no comunitarios	Extranjeros no comunitarios	Hombres	4123
Diciembre 2015	50	Zaragoza	No consta	No consta		No consta	Hombres	1
Diciembre 2015	50	Zaragoza	Españoles	ESPAÑA	Españoles	Españoles	Mujeres	30663
Diciembre 2015	50	Zaragoza	Extranjeros comunitarios (UE-28)	RESTO DEL MUNDO	Extranjeros comunitarios (UE-27)	Extranjeros comunitarios (UE-28)	Mujeres	3055
Diciembre 2015	50	Zaragoza	Extranjeros comunitarios (UE-28)	UNION EUROPEA	Extranjeros comunitarios (UE-27)	Extranjeros comunitarios (UE-28)	Mujeres	353
Diciembre 2015	50	Zaragoza	Extranjeros comunitarios (UE-28)	UNION EUROPEA	Extranjeros no comunitarios	Extranjeros comunitarios (UE-28)	Mujeres	6
Diciembre 2015	50	Zaragoza	Extranjeros no comunitarios	RESTO DEL MUNDO	Extranjeros no comunitarios	Extranjeros no comunitarios	Mujeres	3947
Diciembre 2015	50	Zaragoza	No consta	No consta		No consta	Mujeres	1
Noviembre 2015	22	Huesca	Españoles	ESPAÑA	Españoles	Españoles	Hombres	4509
Noviembre 2015	22	Huesca	Extranjeros comunitarios (UE-28)	RESTO DEL MUNDO	Extranjeros comunitarios (UE-27)	Extranjeros comunitarios (UE-28)	Hombres	528
Noviembre 2015	22	Huesca	Extranjeros comunitarios (UE-28)	UNION EUROPEA	Extranjeros comunitarios (UE-27)	Extranjeros comunitarios (UE-28)	Hombres	90
Noviembre 2015	22	Huesca	Extranjeros comunitarios (UE-28)	UNION EUROPEA	Extranjeros no comunitarios	Extranjeros comunitarios (UE-28)	Hombres	1
Noviembre 2015	22	Huesca	Extranjeros no comunitarios	RESTO DEL MUNDO	Extranjeros no comunitarios	Extranjeros no comunitarios	Hombres	737
Noviembre 2015	22	Huesca	Españoles	ESPAÑA	Españoles	Españoles	Mujeres	5313
Noviembre 2015	22	Huesca	Extranjeros comunitarios (UE-28)	RESTO DEL MUNDO	Extranjeros comunitarios (UE-27)	Extranjeros comunitarios (UE-28)	Mujeres	649
Noviembre 2015	22	Huesca	Extranjeros comunitarios (UE-28)	UNION EUROPEA	Extranjeros comunitarios (UE-27)	Extranjeros comunitarios (UE-28)	Mujeres	122
Noviembre 2015	22	Huesca	Extranjeros comunitarios (UE-28)	UNION EUROPEA	Extranjeros no comunitarios	Extranjeros comunitarios (UE-28)	Mujeres	2
Noviembre 2015	22	Huesca	Extranjeros no comunitarios	RESTO DEL MUNDO	Extranjeros no comunitarios	Extranjeros no comunitarios	Mujeres	714
Noviembre 2015	22	Huesca	No consta	No consta		No consta	Mujeres	1
Noviembre 2015	44	Teruel	Españoles	ESPAÑA	Españoles	Españoles	Hombres	2981
Noviembre 2015	44	Teruel	Extranjeros comunitarios (UE-28)	RESTO DEL MUNDO	Extranjeros comunitarios (UE-27)	Extranjeros comunitarios (UE-28)	Hombres	333
Noviembre 2015	44	Teruel	Extranjeros comunitarios (UE-28)	UNION EUROPEA	Extranjeros comunitarios (UE-27)	Extranjeros comunitarios (UE-28)	Hombres	65
Noviembre 2015	44	Teruel	Extranjeros comunitarios (UE-28)	UNION EUROPEA	Extranjeros no comunitarios	Extranjeros comunitarios (UE-28)	Hombres	3
Noviembre 2015	44	Teruel	Extranjeros no comunitarios	RESTO DEL MUNDO	Extranjeros no comunitarios	Extranjeros no comunitarios	Hombres	594
Noviembre 2015	44	Teruel	Españoles	ESPAÑA	Españoles	Españoles	Mujeres	3642
Noviembre 2015	44	Teruel	Extranjeros comunitarios (UE-28)	RESTO DEL MUNDO	Extranjeros comunitarios (UE-27)	Extranjeros comunitarios (UE-28)	Mujeres	467
Noviembre 2015	44	Teruel	Extranjeros comunitarios (UE-28)	UNION EUROPEA	Extranjeros comunitarios (UE-27)	Extranjeros comunitarios (UE-28)	Mujeres	51
Noviembre 2015	44	Teruel	Extranjeros comunitarios (UE-28)	UNION EUROPEA	Extranjeros no comunitarios	Extranjeros comunitarios (UE-28)	Mujeres	2
Noviembre 2015	44	Teruel	Extranjeros no comunitarios	RESTO DEL MUNDO	Extranjeros no comunitarios	Extranjeros no comunitarios	Mujeres	481
Noviembre 2015	50	Zaragoza	Españoles	ESPAÑA	Españoles	Españoles	Hombres	23250
Noviembre 2015	50	Zaragoza	Extranjeros comunitarios (UE-28)	RESTO DEL MUNDO	Extranjeros comunitarios (UE-27)	Extranjeros comunitarios (UE-28)	Hombres	2860
Noviembre 2015	50	Zaragoza	Extranjeros comunitarios (UE-28)	UNION EUROPEA	Extranjeros comunitarios (UE-27)	Extranjeros comunitarios (UE-28)	Hombres	294
Noviembre 2015	50	Zaragoza	Extranjeros comunitarios (UE-28)	UNION EUROPEA	Extranjeros no comunitarios	Extranjeros comunitarios (UE-28)	Hombres	8
Noviembre 2015	50	Zaragoza	Extranjeros no comunitarios	RESTO DEL MUNDO	Extranjeros no comunitarios	Extranjeros no comunitarios	Hombres	4240
Noviembre 2015	50	Zaragoza	No consta	No consta		No consta	Hombres	1
Noviembre 2015	50	Zaragoza	Españoles	ESPAÑA	Españoles	Españoles	Mujeres	31627
Noviembre 2015	50	Zaragoza	Extranjeros comunitarios (UE-28)	RESTO DEL MUNDO	Extranjeros comunitarios (UE-27)	Extranjeros comunitarios (UE-28)	Mujeres	3067
Noviembre 2015	50	Zaragoza	Extranjeros comunitarios (UE-28)	UNION EUROPEA	Extranjeros comunitarios (UE-27)	Extranjeros comunitarios (UE-28)	Mujeres	358
Noviembre 2015	50	Zaragoza	Extranjeros comunitarios (UE-28)	UNION EUROPEA	Extranjeros no comunitarios	Extranjeros comunitarios (UE-28)	Mujeres	6
Noviembre 2015	50	Zaragoza	Extranjeros no comunitarios	RESTO DEL MUNDO	Extranjeros no comunitarios	Extranjeros no comunitarios	Mujeres	4122
Noviembre 2015	50	Zaragoza	No consta	No consta		No consta	Mujeres	1
Octubre 2015	22	Huesca	Españoles	ESPAÑA	Españoles	Españoles	Hombres	4579
Octubre 2015	22	Huesca	Extranjeros comunitarios (UE-28)	RESTO DEL MUNDO	Extranjeros comunitarios (UE-27)	Extranjeros comunitarios (UE-28)	Hombres	565
Octubre 2015	22	Huesca	Extranjeros comunitarios (UE-28)	UNION EUROPEA	Extranjeros comunitarios (UE-27)	Extranjeros comunitarios (UE-28)	Hombres	101
Octubre 2015	22	Huesca	Extranjeros comunitarios (UE-28)	UNION EUROPEA	Extranjeros no comunitarios	Extranjeros comunitarios (UE-28)	Hombres	1
Octubre 2015	22	Huesca	Extranjeros no comunitarios	RESTO DEL MUNDO	Extranjeros no comunitarios	Extranjeros no comunitarios	Hombres	825
Octubre 2015	22	Huesca	Españoles	ESPAÑA	Españoles	Españoles	Mujeres	5303
Octubre 2015	22	Huesca	Extranjeros comunitarios (UE-28)	RESTO DEL MUNDO	Extranjeros comunitarios (UE-27)	Extranjeros comunitarios (UE-28)	Mujeres	667
Octubre 2015	22	Huesca	Extranjeros comunitarios (UE-28)	UNION EUROPEA	Extranjeros comunitarios (UE-27)	Extranjeros comunitarios (UE-28)	Mujeres	130
Octubre 2015	22	Huesca	Extranjeros comunitarios (UE-28)	UNION EUROPEA	Extranjeros no comunitarios	Extranjeros comunitarios (UE-28)	Mujeres	3
Octubre 2015	22	Huesca	Extranjeros no comunitarios	RESTO DEL MUNDO	Extranjeros no comunitarios	Extranjeros no comunitarios	Mujeres	697
Octubre 2015	22	Huesca	No consta	No consta		No consta	Mujeres	1
Octubre 2015	44	Teruel	Españoles	ESPAÑA	Españoles	Españoles	Hombres	2902
Octubre 2015	44	Teruel	Extranjeros comunitarios (UE-28)	RESTO DEL MUNDO	Extranjeros comunitarios (UE-27)	Extranjeros comunitarios (UE-28)	Hombres	304
Octubre 2015	44	Teruel	Extranjeros comunitarios (UE-28)	UNION EUROPEA	Extranjeros comunitarios (UE-27)	Extranjeros comunitarios (UE-28)	Hombres	59
Octubre 2015	44	Teruel	Extranjeros comunitarios (UE-28)	UNION EUROPEA	Extranjeros no comunitarios	Extranjeros comunitarios (UE-28)	Hombres	5
Octubre 2015	44	Teruel	Extranjeros no comunitarios	RESTO DEL MUNDO	Extranjeros no comunitarios	Extranjeros no comunitarios	Hombres	568
Octubre 2015	44	Teruel	Españoles	ESPAÑA	Españoles	Españoles	Mujeres	3660
Octubre 2015	44	Teruel	Extranjeros comunitarios (UE-28)	RESTO DEL MUNDO	Extranjeros comunitarios (UE-27)	Extranjeros comunitarios (UE-28)	Mujeres	379
Octubre 2015	44	Teruel	Extranjeros comunitarios (UE-28)	UNION EUROPEA	Extranjeros comunitarios (UE-27)	Extranjeros comunitarios (UE-28)	Mujeres	44
Octubre 2015	44	Teruel	Extranjeros comunitarios (UE-28)	UNION EUROPEA	Extranjeros no comunitarios	Extranjeros comunitarios (UE-28)	Mujeres	1
Octubre 2015	44	Teruel	Extranjeros no comunitarios	RESTO DEL MUNDO	Extranjeros no comunitarios	Extranjeros no comunitarios	Mujeres	476
Octubre 2015	50	Zaragoza	Españoles	ESPAÑA	Españoles	Españoles	Hombres	23493
Octubre 2015	50	Zaragoza	Extranjeros comunitarios (UE-28)	RESTO DEL MUNDO	Extranjeros comunitarios (UE-27)	Extranjeros comunitarios (UE-28)	Hombres	2868
Octubre 2015	50	Zaragoza	Extranjeros comunitarios (UE-28)	UNION EUROPEA	Extranjeros comunitarios (UE-27)	Extranjeros comunitarios (UE-28)	Hombres	285
Octubre 2015	50	Zaragoza	Extranjeros comunitarios (UE-28)	UNION EUROPEA	Extranjeros no comunitarios	Extranjeros comunitarios (UE-28)	Hombres	9
Octubre 2015	50	Zaragoza	Extranjeros no comunitarios	RESTO DEL MUNDO	Extranjeros no comunitarios	Extranjeros no comunitarios	Hombres	4389
Octubre 2015	50	Zaragoza	No consta	No consta		No consta	Hombres	3
Octubre 2015	50	Zaragoza	Españoles	ESPAÑA	Españoles	Españoles	Mujeres	32077
Octubre 2015	50	Zaragoza	Extranjeros comunitarios (UE-28)	RESTO DEL MUNDO	Extranjeros comunitarios (UE-27)	Extranjeros comunitarios (UE-28)	Mujeres	3013
Octubre 2015	50	Zaragoza	Extranjeros comunitarios (UE-28)	UNION EUROPEA	Extranjeros comunitarios (UE-27)	Extranjeros comunitarios (UE-28)	Mujeres	350
Octubre 2015	50	Zaragoza	Extranjeros comunitarios (UE-28)	UNION EUROPEA	Extranjeros no comunitarios	Extranjeros comunitarios (UE-28)	Mujeres	7
Octubre 2015	50	Zaragoza	Extranjeros no comunitarios	RESTO DEL MUNDO	Extranjeros no comunitarios	Extranjeros no comunitarios	Mujeres	4053
Septiembre 2015	22	Huesca	Españoles	ESPAÑA	Españoles	Españoles	Hombres	4581
Septiembre 2015	22	Huesca	Extranjeros comunitarios (UE-28)	RESTO DEL MUNDO	Extranjeros comunitarios (UE-27)	Extranjeros comunitarios (UE-28)	Hombres	564
Septiembre 2015	22	Huesca	Extranjeros comunitarios (UE-28)	UNION EUROPEA	Extranjeros comunitarios (UE-27)	Extranjeros comunitarios (UE-28)	Hombres	95
Septiembre 2015	22	Huesca	Extranjeros comunitarios (UE-28)	UNION EUROPEA	Extranjeros no comunitarios	Extranjeros comunitarios (UE-28)	Hombres	1
Septiembre 2015	22	Huesca	Extranjeros no comunitarios	RESTO DEL MUNDO	Extranjeros no comunitarios	Extranjeros no comunitarios	Hombres	742
Septiembre 2015	22	Huesca	Españoles	ESPAÑA	Españoles	Españoles	Mujeres	5195
Septiembre 2015	22	Huesca	Extranjeros comunitarios (UE-28)	RESTO DEL MUNDO	Extranjeros comunitarios (UE-27)	Extranjeros comunitarios (UE-28)	Mujeres	603
Septiembre 2015	22	Huesca	Extranjeros comunitarios (UE-28)	UNION EUROPEA	Extranjeros comunitarios (UE-27)	Extranjeros comunitarios (UE-28)	Mujeres	122
Septiembre 2015	22	Huesca	Extranjeros comunitarios (UE-28)	UNION EUROPEA	Extranjeros no comunitarios	Extranjeros comunitarios (UE-28)	Mujeres	2
Septiembre 2015	22	Huesca	Extranjeros no comunitarios	RESTO DEL MUNDO	Extranjeros no comunitarios	Extranjeros no comunitarios	Mujeres	634
Septiembre 2015	22	Huesca	No consta	No consta		No consta	Mujeres	1
Septiembre 2015	44	Teruel	Españoles	ESPAÑA	Españoles	Españoles	Hombres	2756
Septiembre 2015	44	Teruel	Extranjeros comunitarios (UE-28)	RESTO DEL MUNDO	Extranjeros comunitarios (UE-27)	Extranjeros comunitarios (UE-28)	Hombres	283
Septiembre 2015	44	Teruel	Extranjeros comunitarios (UE-28)	UNION EUROPEA	Extranjeros comunitarios (UE-27)	Extranjeros comunitarios (UE-28)	Hombres	60
Septiembre 2015	44	Teruel	Extranjeros comunitarios (UE-28)	UNION EUROPEA	Extranjeros no comunitarios	Extranjeros comunitarios (UE-28)	Hombres	5
Septiembre 2015	44	Teruel	Extranjeros no comunitarios	RESTO DEL MUNDO	Extranjeros no comunitarios	Extranjeros no comunitarios	Hombres	527
Septiembre 2015	44	Teruel	Españoles	ESPAÑA	Españoles	Españoles	Mujeres	3468
Septiembre 2015	44	Teruel	Extranjeros comunitarios (UE-28)	RESTO DEL MUNDO	Extranjeros comunitarios (UE-27)	Extranjeros comunitarios (UE-28)	Mujeres	351
Septiembre 2015	44	Teruel	Extranjeros comunitarios (UE-28)	UNION EUROPEA	Extranjeros comunitarios (UE-27)	Extranjeros comunitarios (UE-28)	Mujeres	38
Septiembre 2015	44	Teruel	Extranjeros comunitarios (UE-28)	UNION EUROPEA	Extranjeros no comunitarios	Extranjeros comunitarios (UE-28)	Mujeres	1
Septiembre 2015	44	Teruel	Extranjeros no comunitarios	RESTO DEL MUNDO	Extranjeros no comunitarios	Extranjeros no comunitarios	Mujeres	453
Septiembre 2015	50	Zaragoza	Españoles	ESPAÑA	Españoles	Españoles	Hombres	23698
Septiembre 2015	50	Zaragoza	Extranjeros comunitarios (UE-28)	RESTO DEL MUNDO	Extranjeros comunitarios (UE-27)	Extranjeros comunitarios (UE-28)	Hombres	2679
Septiembre 2015	50	Zaragoza	Extranjeros comunitarios (UE-28)	UNION EUROPEA	Extranjeros comunitarios (UE-27)	Extranjeros comunitarios (UE-28)	Hombres	308
Septiembre 2015	50	Zaragoza	Extranjeros comunitarios (UE-28)	UNION EUROPEA	Extranjeros no comunitarios	Extranjeros comunitarios (UE-28)	Hombres	13
Septiembre 2015	50	Zaragoza	Extranjeros no comunitarios	RESTO DEL MUNDO	Extranjeros no comunitarios	Extranjeros no comunitarios	Hombres	3873
Septiembre 2015	50	Zaragoza	No consta	No consta		No consta	Hombres	3
Septiembre 2015	50	Zaragoza	Españoles	ESPAÑA	Españoles	Españoles	Mujeres	32275
Septiembre 2015	50	Zaragoza	Extranjeros comunitarios (UE-28)	RESTO DEL MUNDO	Extranjeros comunitarios (UE-27)	Extranjeros comunitarios (UE-28)	Mujeres	2812
Septiembre 2015	50	Zaragoza	Extranjeros comunitarios (UE-28)	UNION EUROPEA	Extranjeros comunitarios (UE-27)	Extranjeros comunitarios (UE-28)	Mujeres	325
Septiembre 2015	50	Zaragoza	Extranjeros comunitarios (UE-28)	UNION EUROPEA	Extranjeros no comunitarios	Extranjeros comunitarios (UE-28)	Mujeres	9
Septiembre 2015	50	Zaragoza	Extranjeros no comunitarios	RESTO DEL MUNDO	Extranjeros no comunitarios	Extranjeros no comunitarios	Mujeres	3949
Agosto 2015	22	Huesca	Españoles	ESPAÑA	Españoles	Españoles	Hombres	4446
Agosto 2015	22	Huesca	Extranjeros comunitarios (UE-28)	RESTO DEL MUNDO	Extranjeros comunitarios (UE-27)	Extranjeros comunitarios (UE-28)	Hombres	431
Agosto 2015	22	Huesca	Extranjeros comunitarios (UE-28)	UNION EUROPEA	Extranjeros comunitarios (UE-27)	Extranjeros comunitarios (UE-28)	Hombres	98
Agosto 2015	22	Huesca	Extranjeros comunitarios (UE-28)	UNION EUROPEA	Extranjeros no comunitarios	Extranjeros comunitarios (UE-28)	Hombres	2
Agosto 2015	22	Huesca	Extranjeros no comunitarios	RESTO DEL MUNDO	Extranjeros no comunitarios	Extranjeros no comunitarios	Hombres	644
Agosto 2015	22	Huesca	Españoles	ESPAÑA	Españoles	Españoles	Mujeres	5391
Agosto 2015	22	Huesca	Extranjeros comunitarios (UE-28)	RESTO DEL MUNDO	Extranjeros comunitarios (UE-27)	Extranjeros comunitarios (UE-28)	Mujeres	434
Agosto 2015	22	Huesca	Extranjeros comunitarios (UE-28)	UNION EUROPEA	Extranjeros comunitarios (UE-27)	Extranjeros comunitarios (UE-28)	Mujeres	95
Agosto 2015	22	Huesca	Extranjeros comunitarios (UE-28)	UNION EUROPEA	Extranjeros no comunitarios	Extranjeros comunitarios (UE-28)	Mujeres	5
Agosto 2015	22	Huesca	Extranjeros no comunitarios	RESTO DEL MUNDO	Extranjeros no comunitarios	Extranjeros no comunitarios	Mujeres	550
Agosto 2015	22	Huesca	No consta	No consta		No consta	Mujeres	1
Agosto 2015	44	Teruel	Españoles	ESPAÑA	Españoles	Españoles	Hombres	2904
Agosto 2015	44	Teruel	Extranjeros comunitarios (UE-28)	RESTO DEL MUNDO	Extranjeros comunitarios (UE-27)	Extranjeros comunitarios (UE-28)	Hombres	318
Agosto 2015	44	Teruel	Extranjeros comunitarios (UE-28)	UNION EUROPEA	Extranjeros comunitarios (UE-27)	Extranjeros comunitarios (UE-28)	Hombres	60
Agosto 2015	44	Teruel	Extranjeros comunitarios (UE-28)	UNION EUROPEA	Extranjeros no comunitarios	Extranjeros comunitarios (UE-28)	Hombres	5
Agosto 2015	44	Teruel	Extranjeros no comunitarios	RESTO DEL MUNDO	Extranjeros no comunitarios	Extranjeros no comunitarios	Hombres	587
Agosto 2015	44	Teruel	Españoles	ESPAÑA	Españoles	Españoles	Mujeres	3734
Agosto 2015	44	Teruel	Extranjeros comunitarios (UE-28)	RESTO DEL MUNDO	Extranjeros comunitarios (UE-27)	Extranjeros comunitarios (UE-28)	Mujeres	337
Agosto 2015	44	Teruel	Extranjeros comunitarios (UE-28)	UNION EUROPEA	Extranjeros comunitarios (UE-27)	Extranjeros comunitarios (UE-28)	Mujeres	44
Agosto 2015	44	Teruel	Extranjeros comunitarios (UE-28)	UNION EUROPEA	Extranjeros no comunitarios	Extranjeros comunitarios (UE-28)	Mujeres	2
Agosto 2015	44	Teruel	Extranjeros no comunitarios	RESTO DEL MUNDO	Extranjeros no comunitarios	Extranjeros no comunitarios	Mujeres	433
Agosto 2015	50	Zaragoza	Españoles	ESPAÑA	Españoles	Españoles	Hombres	24501
Agosto 2015	50	Zaragoza	Extranjeros comunitarios (UE-28)	RESTO DEL MUNDO	Extranjeros comunitarios (UE-27)	Extranjeros comunitarios (UE-28)	Hombres	2713
Agosto 2015	50	Zaragoza	Extranjeros comunitarios (UE-28)	UNION EUROPEA	Extranjeros comunitarios (UE-27)	Extranjeros comunitarios (UE-28)	Hombres	323
Agosto 2015	50	Zaragoza	Extranjeros comunitarios (UE-28)	UNION EUROPEA	Extranjeros no comunitarios	Extranjeros comunitarios (UE-28)	Hombres	16
Agosto 2015	50	Zaragoza	Extranjeros no comunitarios	RESTO DEL MUNDO	Extranjeros no comunitarios	Extranjeros no comunitarios	Hombres	3791
Agosto 2015	50	Zaragoza	No consta	No consta		No consta	Hombres	3
Agosto 2015	50	Zaragoza	Españoles	ESPAÑA	Españoles	Españoles	Mujeres	33733
Agosto 2015	50	Zaragoza	Extranjeros comunitarios (UE-28)	RESTO DEL MUNDO	Extranjeros comunitarios (UE-27)	Extranjeros comunitarios (UE-28)	Mujeres	2741
Agosto 2015	50	Zaragoza	Extranjeros comunitarios (UE-28)	UNION EUROPEA	Extranjeros comunitarios (UE-27)	Extranjeros comunitarios (UE-28)	Mujeres	346
Agosto 2015	50	Zaragoza	Extranjeros comunitarios (UE-28)	UNION EUROPEA	Extranjeros no comunitarios	Extranjeros comunitarios (UE-28)	Mujeres	15
Agosto 2015	50	Zaragoza	Extranjeros no comunitarios	RESTO DEL MUNDO	Extranjeros no comunitarios	Extranjeros no comunitarios	Mujeres	3796
Agosto 2015	50	Zaragoza	No consta	No consta		No consta	Mujeres	1
Julio 2015	22	Huesca	Españoles	ESPAÑA	Españoles	Españoles	Hombres	4432
Julio 2015	22	Huesca	Extranjeros comunitarios (UE-28)	RESTO DEL MUNDO	Extranjeros comunitarios (UE-27)	Extranjeros comunitarios (UE-28)	Hombres	375
Julio 2015	22	Huesca	Extranjeros comunitarios (UE-28)	UNION EUROPEA	Extranjeros comunitarios (UE-27)	Extranjeros comunitarios (UE-28)	Hombres	106
Julio 2015	22	Huesca	Extranjeros comunitarios (UE-28)	UNION EUROPEA	Extranjeros no comunitarios	Extranjeros comunitarios (UE-28)	Hombres	1
Julio 2015	22	Huesca	Extranjeros no comunitarios	RESTO DEL MUNDO	Extranjeros no comunitarios	Extranjeros no comunitarios	Hombres	594
Julio 2015	22	Huesca	Españoles	ESPAÑA	Españoles	Españoles	Mujeres	5164
Julio 2015	22	Huesca	Extranjeros comunitarios (UE-28)	RESTO DEL MUNDO	Extranjeros comunitarios (UE-27)	Extranjeros comunitarios (UE-28)	Mujeres	410
Julio 2015	22	Huesca	Extranjeros comunitarios (UE-28)	UNION EUROPEA	Extranjeros comunitarios (UE-27)	Extranjeros comunitarios (UE-28)	Mujeres	91
Julio 2015	22	Huesca	Extranjeros comunitarios (UE-28)	UNION EUROPEA	Extranjeros no comunitarios	Extranjeros comunitarios (UE-28)	Mujeres	5
Julio 2015	22	Huesca	Extranjeros no comunitarios	RESTO DEL MUNDO	Extranjeros no comunitarios	Extranjeros no comunitarios	Mujeres	557
Julio 2015	22	Huesca	No consta	No consta		No consta	Mujeres	1
Julio 2015	44	Teruel	Españoles	ESPAÑA	Españoles	Españoles	Hombres	2887
Julio 2015	44	Teruel	Extranjeros comunitarios (UE-28)	RESTO DEL MUNDO	Extranjeros comunitarios (UE-27)	Extranjeros comunitarios (UE-28)	Hombres	313
Julio 2015	44	Teruel	Extranjeros comunitarios (UE-28)	UNION EUROPEA	Extranjeros comunitarios (UE-27)	Extranjeros comunitarios (UE-28)	Hombres	57
Julio 2015	44	Teruel	Extranjeros comunitarios (UE-28)	UNION EUROPEA	Extranjeros no comunitarios	Extranjeros comunitarios (UE-28)	Hombres	4
Julio 2015	44	Teruel	Extranjeros no comunitarios	RESTO DEL MUNDO	Extranjeros no comunitarios	Extranjeros no comunitarios	Hombres	547
Julio 2015	44	Teruel	Españoles	ESPAÑA	Españoles	Españoles	Mujeres	3624
Julio 2015	44	Teruel	Extranjeros comunitarios (UE-28)	RESTO DEL MUNDO	Extranjeros comunitarios (UE-27)	Extranjeros comunitarios (UE-28)	Mujeres	344
Julio 2015	44	Teruel	Extranjeros comunitarios (UE-28)	UNION EUROPEA	Extranjeros comunitarios (UE-27)	Extranjeros comunitarios (UE-28)	Mujeres	36
Julio 2015	44	Teruel	Extranjeros comunitarios (UE-28)	UNION EUROPEA	Extranjeros no comunitarios	Extranjeros comunitarios (UE-28)	Mujeres	1
Julio 2015	44	Teruel	Extranjeros no comunitarios	RESTO DEL MUNDO	Extranjeros no comunitarios	Extranjeros no comunitarios	Mujeres	465
Julio 2015	50	Zaragoza	Españoles	ESPAÑA	Españoles	Españoles	Hombres	24324
Julio 2015	50	Zaragoza	Extranjeros comunitarios (UE-28)	RESTO DEL MUNDO	Extranjeros comunitarios (UE-27)	Extranjeros comunitarios (UE-28)	Hombres	2845
Julio 2015	50	Zaragoza	Extranjeros comunitarios (UE-28)	UNION EUROPEA	Extranjeros comunitarios (UE-27)	Extranjeros comunitarios (UE-28)	Hombres	313
Julio 2015	50	Zaragoza	Extranjeros comunitarios (UE-28)	UNION EUROPEA	Extranjeros no comunitarios	Extranjeros comunitarios (UE-28)	Hombres	18
Julio 2015	50	Zaragoza	Extranjeros no comunitarios	RESTO DEL MUNDO	Extranjeros no comunitarios	Extranjeros no comunitarios	Hombres	4147
Julio 2015	50	Zaragoza	No consta	No consta		No consta	Hombres	1
Julio 2015	50	Zaragoza	Españoles	ESPAÑA	Españoles	Españoles	Mujeres	33038
Julio 2015	50	Zaragoza	Extranjeros comunitarios (UE-28)	RESTO DEL MUNDO	Extranjeros comunitarios (UE-27)	Extranjeros comunitarios (UE-28)	Mujeres	2825
Julio 2015	50	Zaragoza	Extranjeros comunitarios (UE-28)	UNION EUROPEA	Extranjeros comunitarios (UE-27)	Extranjeros comunitarios (UE-28)	Mujeres	341
Julio 2015	50	Zaragoza	Extranjeros comunitarios (UE-28)	UNION EUROPEA	Extranjeros no comunitarios	Extranjeros comunitarios (UE-28)	Mujeres	11
Julio 2015	50	Zaragoza	Extranjeros no comunitarios	RESTO DEL MUNDO	Extranjeros no comunitarios	Extranjeros no comunitarios	Mujeres	3926
Julio 2015	50	Zaragoza	No consta	No consta		No consta	Mujeres	1
Junio 2015	22	Huesca	Españoles	ESPAÑA	Españoles	Españoles	Hombres	4730
Junio 2015	22	Huesca	Extranjeros comunitarios (UE-28)	RESTO DEL MUNDO	Extranjeros comunitarios (UE-27)	Extranjeros comunitarios (UE-28)	Hombres	392
Junio 2015	22	Huesca	Extranjeros comunitarios (UE-28)	UNION EUROPEA	Extranjeros comunitarios (UE-27)	Extranjeros comunitarios (UE-28)	Hombres	101
Junio 2015	22	Huesca	Extranjeros comunitarios (UE-28)	UNION EUROPEA	Extranjeros no comunitarios	Extranjeros comunitarios (UE-28)	Hombres	2
Junio 2015	22	Huesca	Extranjeros no comunitarios	RESTO DEL MUNDO	Extranjeros no comunitarios	Extranjeros no comunitarios	Hombres	686
Junio 2015	22	Huesca	Españoles	ESPAÑA	Españoles	Españoles	Mujeres	5157
Junio 2015	22	Huesca	Extranjeros comunitarios (UE-28)	RESTO DEL MUNDO	Extranjeros comunitarios (UE-27)	Extranjeros comunitarios (UE-28)	Mujeres	431
Junio 2015	22	Huesca	Extranjeros comunitarios (UE-28)	UNION EUROPEA	Extranjeros comunitarios (UE-27)	Extranjeros comunitarios (UE-28)	Mujeres	105
Junio 2015	22	Huesca	Extranjeros comunitarios (UE-28)	UNION EUROPEA	Extranjeros no comunitarios	Extranjeros comunitarios (UE-28)	Mujeres	3
Junio 2015	22	Huesca	Extranjeros no comunitarios	RESTO DEL MUNDO	Extranjeros no comunitarios	Extranjeros no comunitarios	Mujeres	649
Junio 2015	22	Huesca	No consta	No consta		No consta	Mujeres	1
Junio 2015	44	Teruel	Españoles	ESPAÑA	Españoles	Españoles	Hombres	3045
Junio 2015	44	Teruel	Extranjeros comunitarios (UE-28)	RESTO DEL MUNDO	Extranjeros comunitarios (UE-27)	Extranjeros comunitarios (UE-28)	Hombres	324
Junio 2015	44	Teruel	Extranjeros comunitarios (UE-28)	UNION EUROPEA	Extranjeros comunitarios (UE-27)	Extranjeros comunitarios (UE-28)	Hombres	53
Junio 2015	44	Teruel	Extranjeros comunitarios (UE-28)	UNION EUROPEA	Extranjeros no comunitarios	Extranjeros comunitarios (UE-28)	Hombres	4
Junio 2015	44	Teruel	Extranjeros no comunitarios	RESTO DEL MUNDO	Extranjeros no comunitarios	Extranjeros no comunitarios	Hombres	552
Junio 2015	44	Teruel	Españoles	ESPAÑA	Españoles	Españoles	Mujeres	3707
Junio 2015	44	Teruel	Extranjeros comunitarios (UE-28)	RESTO DEL MUNDO	Extranjeros comunitarios (UE-27)	Extranjeros comunitarios (UE-28)	Mujeres	356
Junio 2015	44	Teruel	Extranjeros comunitarios (UE-28)	UNION EUROPEA	Extranjeros comunitarios (UE-27)	Extranjeros comunitarios (UE-28)	Mujeres	36
Junio 2015	44	Teruel	Extranjeros comunitarios (UE-28)	UNION EUROPEA	Extranjeros no comunitarios	Extranjeros comunitarios (UE-28)	Mujeres	1
Junio 2015	44	Teruel	Extranjeros no comunitarios	RESTO DEL MUNDO	Extranjeros no comunitarios	Extranjeros no comunitarios	Mujeres	488
Junio 2015	50	Zaragoza	Españoles	ESPAÑA	Españoles	Españoles	Hombres	24729
Junio 2015	50	Zaragoza	Extranjeros comunitarios (UE-28)	RESTO DEL MUNDO	Extranjeros comunitarios (UE-27)	Extranjeros comunitarios (UE-28)	Hombres	2817
Junio 2015	50	Zaragoza	Extranjeros comunitarios (UE-28)	UNION EUROPEA	Extranjeros comunitarios (UE-27)	Extranjeros comunitarios (UE-28)	Hombres	327
Junio 2015	50	Zaragoza	Extranjeros comunitarios (UE-28)	UNION EUROPEA	Extranjeros no comunitarios	Extranjeros comunitarios (UE-28)	Hombres	13
Junio 2015	50	Zaragoza	Extranjeros no comunitarios	RESTO DEL MUNDO	Extranjeros no comunitarios	Extranjeros no comunitarios	Hombres	4260
Junio 2015	50	Zaragoza	No consta	No consta		No consta	Hombres	2
Junio 2015	50	Zaragoza	Españoles	ESPAÑA	Españoles	Españoles	Mujeres	32638
Junio 2015	50	Zaragoza	Extranjeros comunitarios (UE-28)	RESTO DEL MUNDO	Extranjeros comunitarios (UE-27)	Extranjeros comunitarios (UE-28)	Mujeres	2764
Junio 2015	50	Zaragoza	Extranjeros comunitarios (UE-28)	UNION EUROPEA	Extranjeros comunitarios (UE-27)	Extranjeros comunitarios (UE-28)	Mujeres	339
Junio 2015	50	Zaragoza	Extranjeros comunitarios (UE-28)	UNION EUROPEA	Extranjeros no comunitarios	Extranjeros comunitarios (UE-28)	Mujeres	9
Junio 2015	50	Zaragoza	Extranjeros no comunitarios	RESTO DEL MUNDO	Extranjeros no comunitarios	Extranjeros no comunitarios	Mujeres	4107
Junio 2015	50	Zaragoza	No consta	No consta		No consta	Mujeres	1
Mayo 2015	22	Huesca	Españoles	ESPAÑA	Españoles	Españoles	Hombres	4825
Mayo 2015	22	Huesca	Extranjeros comunitarios (UE-28)	RESTO DEL MUNDO	Extranjeros comunitarios (UE-27)	Extranjeros comunitarios (UE-28)	Hombres	423
Mayo 2015	22	Huesca	Extranjeros comunitarios (UE-28)	UNION EUROPEA	Extranjeros comunitarios (UE-27)	Extranjeros comunitarios (UE-28)	Hombres	103
Mayo 2015	22	Huesca	Extranjeros comunitarios (UE-28)	UNION EUROPEA	Extranjeros no comunitarios	Extranjeros comunitarios (UE-28)	Hombres	1
Mayo 2015	22	Huesca	Extranjeros no comunitarios	RESTO DEL MUNDO	Extranjeros no comunitarios	Extranjeros no comunitarios	Hombres	614
Mayo 2015	22	Huesca	Españoles	ESPAÑA	Españoles	Españoles	Mujeres	5346
Mayo 2015	22	Huesca	Extranjeros comunitarios (UE-28)	RESTO DEL MUNDO	Extranjeros comunitarios (UE-27)	Extranjeros comunitarios (UE-28)	Mujeres	486
Mayo 2015	22	Huesca	Extranjeros comunitarios (UE-28)	UNION EUROPEA	Extranjeros comunitarios (UE-27)	Extranjeros comunitarios (UE-28)	Mujeres	112
Mayo 2015	22	Huesca	Extranjeros comunitarios (UE-28)	UNION EUROPEA	Extranjeros no comunitarios	Extranjeros comunitarios (UE-28)	Mujeres	2
Mayo 2015	22	Huesca	Extranjeros no comunitarios	RESTO DEL MUNDO	Extranjeros no comunitarios	Extranjeros no comunitarios	Mujeres	704
Mayo 2015	22	Huesca	No consta	No consta		No consta	Mujeres	1
Mayo 2015	44	Teruel	Españoles	ESPAÑA	Españoles	Españoles	Hombres	3140
Mayo 2015	44	Teruel	Extranjeros comunitarios (UE-28)	RESTO DEL MUNDO	Extranjeros comunitarios (UE-27)	Extranjeros comunitarios (UE-28)	Hombres	331
Mayo 2015	44	Teruel	Extranjeros comunitarios (UE-28)	UNION EUROPEA	Extranjeros comunitarios (UE-27)	Extranjeros comunitarios (UE-28)	Hombres	60
Mayo 2015	44	Teruel	Extranjeros comunitarios (UE-28)	UNION EUROPEA	Extranjeros no comunitarios	Extranjeros comunitarios (UE-28)	Hombres	3
Mayo 2015	44	Teruel	Extranjeros no comunitarios	RESTO DEL MUNDO	Extranjeros no comunitarios	Extranjeros no comunitarios	Hombres	533
Mayo 2015	44	Teruel	Españoles	ESPAÑA	Españoles	Españoles	Mujeres	3790
Mayo 2015	44	Teruel	Extranjeros comunitarios (UE-28)	RESTO DEL MUNDO	Extranjeros comunitarios (UE-27)	Extranjeros comunitarios (UE-28)	Mujeres	358
Mayo 2015	44	Teruel	Extranjeros comunitarios (UE-28)	UNION EUROPEA	Extranjeros comunitarios (UE-27)	Extranjeros comunitarios (UE-28)	Mujeres	40
Mayo 2015	44	Teruel	Extranjeros comunitarios (UE-28)	UNION EUROPEA	Extranjeros no comunitarios	Extranjeros comunitarios (UE-28)	Mujeres	1
Mayo 2015	44	Teruel	Extranjeros no comunitarios	RESTO DEL MUNDO	Extranjeros no comunitarios	Extranjeros no comunitarios	Mujeres	492
Mayo 2015	50	Zaragoza	Españoles	ESPAÑA	Españoles	Españoles	Hombres	25740
Mayo 2015	50	Zaragoza	Extranjeros comunitarios (UE-28)	RESTO DEL MUNDO	Extranjeros comunitarios (UE-27)	Extranjeros comunitarios (UE-28)	Hombres	3085
Mayo 2015	50	Zaragoza	Extranjeros comunitarios (UE-28)	UNION EUROPEA	Extranjeros comunitarios (UE-27)	Extranjeros comunitarios (UE-28)	Hombres	346
Mayo 2015	50	Zaragoza	Extranjeros comunitarios (UE-28)	UNION EUROPEA	Extranjeros no comunitarios	Extranjeros comunitarios (UE-28)	Hombres	11
Mayo 2015	50	Zaragoza	Extranjeros no comunitarios	RESTO DEL MUNDO	Extranjeros no comunitarios	Extranjeros no comunitarios	Hombres	4269
Mayo 2015	50	Zaragoza	No consta	No consta		No consta	Hombres	3
Mayo 2015	50	Zaragoza	Españoles	ESPAÑA	Españoles	Españoles	Mujeres	33183
Mayo 2015	50	Zaragoza	Extranjeros comunitarios (UE-28)	RESTO DEL MUNDO	Extranjeros comunitarios (UE-27)	Extranjeros comunitarios (UE-28)	Mujeres	2975
Mayo 2015	50	Zaragoza	Extranjeros comunitarios (UE-28)	UNION EUROPEA	Extranjeros comunitarios (UE-27)	Extranjeros comunitarios (UE-28)	Mujeres	361
Mayo 2015	50	Zaragoza	Extranjeros comunitarios (UE-28)	UNION EUROPEA	Extranjeros no comunitarios	Extranjeros comunitarios (UE-28)	Mujeres	6
Mayo 2015	50	Zaragoza	Extranjeros no comunitarios	RESTO DEL MUNDO	Extranjeros no comunitarios	Extranjeros no comunitarios	Mujeres	4202
Mayo 2015	50	Zaragoza	No consta	No consta		No consta	Mujeres	1
Abril 2015	22	Huesca	Españoles	ESPAÑA	Españoles	Españoles	Hombres	5034
Abril 2015	22	Huesca	Extranjeros comunitarios (UE-28)	RESTO DEL MUNDO	Extranjeros comunitarios (UE-27)	Extranjeros comunitarios (UE-28)	Hombres	538
Abril 2015	22	Huesca	Extranjeros comunitarios (UE-28)	UNION EUROPEA	Extranjeros comunitarios (UE-27)	Extranjeros comunitarios (UE-28)	Hombres	110
Abril 2015	22	Huesca	Extranjeros comunitarios (UE-28)	UNION EUROPEA	Extranjeros no comunitarios	Extranjeros comunitarios (UE-28)	Hombres	1
Abril 2015	22	Huesca	Extranjeros no comunitarios	RESTO DEL MUNDO	Extranjeros no comunitarios	Extranjeros no comunitarios	Hombres	844
Abril 2015	22	Huesca	Españoles	ESPAÑA	Españoles	Españoles	Mujeres	5371
Abril 2015	22	Huesca	Extranjeros comunitarios (UE-28)	RESTO DEL MUNDO	Extranjeros comunitarios (UE-27)	Extranjeros comunitarios (UE-28)	Mujeres	611
Abril 2015	22	Huesca	Extranjeros comunitarios (UE-28)	UNION EUROPEA	Extranjeros comunitarios (UE-27)	Extranjeros comunitarios (UE-28)	Mujeres	124
Abril 2015	22	Huesca	Extranjeros comunitarios (UE-28)	UNION EUROPEA	Extranjeros no comunitarios	Extranjeros comunitarios (UE-28)	Mujeres	4
Abril 2015	22	Huesca	Extranjeros no comunitarios	RESTO DEL MUNDO	Extranjeros no comunitarios	Extranjeros no comunitarios	Mujeres	723
Abril 2015	22	Huesca	No consta	No consta		No consta	Mujeres	1
Abril 2015	44	Teruel	Españoles	ESPAÑA	Españoles	Españoles	Hombres	3323
Abril 2015	44	Teruel	Extranjeros comunitarios (UE-28)	RESTO DEL MUNDO	Extranjeros comunitarios (UE-27)	Extranjeros comunitarios (UE-28)	Hombres	380
Abril 2015	44	Teruel	Extranjeros comunitarios (UE-28)	UNION EUROPEA	Extranjeros comunitarios (UE-27)	Extranjeros comunitarios (UE-28)	Hombres	66
Abril 2015	44	Teruel	Extranjeros comunitarios (UE-28)	UNION EUROPEA	Extranjeros no comunitarios	Extranjeros comunitarios (UE-28)	Hombres	4
Abril 2015	44	Teruel	Extranjeros no comunitarios	RESTO DEL MUNDO	Extranjeros no comunitarios	Extranjeros no comunitarios	Hombres	658
Abril 2015	44	Teruel	Españoles	ESPAÑA	Españoles	Españoles	Mujeres	3856
Abril 2015	44	Teruel	Extranjeros comunitarios (UE-28)	RESTO DEL MUNDO	Extranjeros comunitarios (UE-27)	Extranjeros comunitarios (UE-28)	Mujeres	428
Abril 2015	44	Teruel	Extranjeros comunitarios (UE-28)	UNION EUROPEA	Extranjeros comunitarios (UE-27)	Extranjeros comunitarios (UE-28)	Mujeres	55
Abril 2015	44	Teruel	Extranjeros no comunitarios	RESTO DEL MUNDO	Extranjeros no comunitarios	Extranjeros no comunitarios	Mujeres	499
Abril 2015	50	Zaragoza	Españoles	ESPAÑA	Españoles	Españoles	Hombres	26625
Abril 2015	50	Zaragoza	Extranjeros comunitarios (UE-28)	RESTO DEL MUNDO	Extranjeros comunitarios (UE-27)	Extranjeros comunitarios (UE-28)	Hombres	3519
Abril 2015	50	Zaragoza	Extranjeros comunitarios (UE-28)	UNION EUROPEA	Extranjeros comunitarios (UE-27)	Extranjeros comunitarios (UE-28)	Hombres	363
Abril 2015	50	Zaragoza	Extranjeros comunitarios (UE-28)	UNION EUROPEA	Extranjeros no comunitarios	Extranjeros comunitarios (UE-28)	Hombres	7
Abril 2015	50	Zaragoza	Extranjeros no comunitarios	RESTO DEL MUNDO	Extranjeros no comunitarios	Extranjeros no comunitarios	Hombres	5028
Abril 2015	50	Zaragoza	No consta	No consta		No consta	Hombres	4
Abril 2015	50	Zaragoza	Españoles	ESPAÑA	Españoles	Españoles	Mujeres	33569
Abril 2015	50	Zaragoza	Extranjeros comunitarios (UE-28)	RESTO DEL MUNDO	Extranjeros comunitarios (UE-27)	Extranjeros comunitarios (UE-28)	Mujeres	3179
Abril 2015	50	Zaragoza	Extranjeros comunitarios (UE-28)	UNION EUROPEA	Extranjeros comunitarios (UE-27)	Extranjeros comunitarios (UE-28)	Mujeres	370
Abril 2015	50	Zaragoza	Extranjeros comunitarios (UE-28)	UNION EUROPEA	Extranjeros no comunitarios	Extranjeros comunitarios (UE-28)	Mujeres	6
Abril 2015	50	Zaragoza	Extranjeros no comunitarios	RESTO DEL MUNDO	Extranjeros no comunitarios	Extranjeros no comunitarios	Mujeres	4337
Abril 2015	50	Zaragoza	No consta	No consta		No consta	Mujeres	1
Marzo 2015	22	Huesca	Españoles	ESPAÑA	Españoles	Españoles	Hombres	5112
Marzo 2015	22	Huesca	Extranjeros comunitarios (UE-28)	RESTO DEL MUNDO	Extranjeros comunitarios (UE-27)	Extranjeros comunitarios (UE-28)	Hombres	620
Marzo 2015	22	Huesca	Extranjeros comunitarios (UE-28)	UNION EUROPEA	Extranjeros comunitarios (UE-27)	Extranjeros comunitarios (UE-28)	Hombres	113
Marzo 2015	22	Huesca	Extranjeros comunitarios (UE-28)	UNION EUROPEA	Extranjeros no comunitarios	Extranjeros comunitarios (UE-28)	Hombres	1
Marzo 2015	22	Huesca	Extranjeros no comunitarios	RESTO DEL MUNDO	Extranjeros no comunitarios	Extranjeros no comunitarios	Hombres	893
Marzo 2015	22	Huesca	Españoles	ESPAÑA	Españoles	Españoles	Mujeres	5378
Marzo 2015	22	Huesca	Extranjeros comunitarios (UE-28)	RESTO DEL MUNDO	Extranjeros comunitarios (UE-27)	Extranjeros comunitarios (UE-28)	Mujeres	657
Marzo 2015	22	Huesca	Extranjeros comunitarios (UE-28)	UNION EUROPEA	Extranjeros comunitarios (UE-27)	Extranjeros comunitarios (UE-28)	Mujeres	131
Marzo 2015	22	Huesca	Extranjeros comunitarios (UE-28)	UNION EUROPEA	Extranjeros no comunitarios	Extranjeros comunitarios (UE-28)	Mujeres	3
Marzo 2015	22	Huesca	Extranjeros no comunitarios	RESTO DEL MUNDO	Extranjeros no comunitarios	Extranjeros no comunitarios	Mujeres	729
Marzo 2015	22	Huesca	No consta	No consta		No consta	Mujeres	1
Marzo 2015	44	Teruel	Españoles	ESPAÑA	Españoles	Españoles	Hombres	3480
Marzo 2015	44	Teruel	Extranjeros comunitarios (UE-28)	RESTO DEL MUNDO	Extranjeros comunitarios (UE-27)	Extranjeros comunitarios (UE-28)	Hombres	424
Marzo 2015	44	Teruel	Extranjeros comunitarios (UE-28)	UNION EUROPEA	Extranjeros comunitarios (UE-27)	Extranjeros comunitarios (UE-28)	Hombres	75
Marzo 2015	44	Teruel	Extranjeros comunitarios (UE-28)	UNION EUROPEA	Extranjeros no comunitarios	Extranjeros comunitarios (UE-28)	Hombres	3
Marzo 2015	44	Teruel	Extranjeros no comunitarios	RESTO DEL MUNDO	Extranjeros no comunitarios	Extranjeros no comunitarios	Hombres	710
Marzo 2015	44	Teruel	Españoles	ESPAÑA	Españoles	Españoles	Mujeres	4021
Marzo 2015	44	Teruel	Extranjeros comunitarios (UE-28)	RESTO DEL MUNDO	Extranjeros comunitarios (UE-27)	Extranjeros comunitarios (UE-28)	Mujeres	455
Marzo 2015	44	Teruel	Extranjeros comunitarios (UE-28)	UNION EUROPEA	Extranjeros comunitarios (UE-27)	Extranjeros comunitarios (UE-28)	Mujeres	60
Marzo 2015	44	Teruel	Extranjeros no comunitarios	RESTO DEL MUNDO	Extranjeros no comunitarios	Extranjeros no comunitarios	Mujeres	528
Marzo 2015	50	Zaragoza	Españoles	ESPAÑA	Españoles	Españoles	Hombres	27351
Marzo 2015	50	Zaragoza	Extranjeros comunitarios (UE-28)	RESTO DEL MUNDO	Extranjeros comunitarios (UE-27)	Extranjeros comunitarios (UE-28)	Hombres	3772
Marzo 2015	50	Zaragoza	Extranjeros comunitarios (UE-28)	UNION EUROPEA	Extranjeros comunitarios (UE-27)	Extranjeros comunitarios (UE-28)	Hombres	391
Marzo 2015	50	Zaragoza	Extranjeros comunitarios (UE-28)	UNION EUROPEA	Extranjeros no comunitarios	Extranjeros comunitarios (UE-28)	Hombres	7
Marzo 2015	50	Zaragoza	Extranjeros no comunitarios	RESTO DEL MUNDO	Extranjeros no comunitarios	Extranjeros no comunitarios	Hombres	5311
Marzo 2015	50	Zaragoza	No consta	No consta		No consta	Hombres	4
Marzo 2015	50	Zaragoza	Españoles	ESPAÑA	Españoles	Españoles	Mujeres	34016
Marzo 2015	50	Zaragoza	Extranjeros comunitarios (UE-28)	RESTO DEL MUNDO	Extranjeros comunitarios (UE-27)	Extranjeros comunitarios (UE-28)	Mujeres	3336
Marzo 2015	50	Zaragoza	Extranjeros comunitarios (UE-28)	UNION EUROPEA	Extranjeros comunitarios (UE-27)	Extranjeros comunitarios (UE-28)	Mujeres	381
Marzo 2015	50	Zaragoza	Extranjeros comunitarios (UE-28)	UNION EUROPEA	Extranjeros no comunitarios	Extranjeros comunitarios (UE-28)	Mujeres	4
Marzo 2015	50	Zaragoza	Extranjeros no comunitarios	RESTO DEL MUNDO	Extranjeros no comunitarios	Extranjeros no comunitarios	Mujeres	4401
Febrero 2015	22	Huesca	Españoles	ESPAÑA	Españoles	Españoles	Hombres	5249
Febrero 2015	22	Huesca	Extranjeros comunitarios (UE-28)	RESTO DEL MUNDO	Extranjeros comunitarios (UE-27)	Extranjeros comunitarios (UE-28)	Hombres	667
Febrero 2015	22	Huesca	Extranjeros comunitarios (UE-28)	UNION EUROPEA	Extranjeros comunitarios (UE-27)	Extranjeros comunitarios (UE-28)	Hombres	118
Febrero 2015	22	Huesca	Extranjeros comunitarios (UE-28)	UNION EUROPEA	Extranjeros no comunitarios	Extranjeros comunitarios (UE-28)	Hombres	2
Febrero 2015	22	Huesca	Extranjeros no comunitarios	RESTO DEL MUNDO	Extranjeros no comunitarios	Extranjeros no comunitarios	Hombres	899
Febrero 2015	22	Huesca	Españoles	ESPAÑA	Españoles	Españoles	Mujeres	5587
Febrero 2015	22	Huesca	Extranjeros comunitarios (UE-28)	RESTO DEL MUNDO	Extranjeros comunitarios (UE-27)	Extranjeros comunitarios (UE-28)	Mujeres	729
Febrero 2015	22	Huesca	Extranjeros comunitarios (UE-28)	UNION EUROPEA	Extranjeros comunitarios (UE-27)	Extranjeros comunitarios (UE-28)	Mujeres	140
Febrero 2015	22	Huesca	Extranjeros comunitarios (UE-28)	UNION EUROPEA	Extranjeros no comunitarios	Extranjeros comunitarios (UE-28)	Mujeres	3
Febrero 2015	22	Huesca	Extranjeros no comunitarios	RESTO DEL MUNDO	Extranjeros no comunitarios	Extranjeros no comunitarios	Mujeres	739
Febrero 2015	22	Huesca	No consta	No consta		No consta	Mujeres	1
Febrero 2015	44	Teruel	Españoles	ESPAÑA	Españoles	Españoles	Hombres	3625
Febrero 2015	44	Teruel	Extranjeros comunitarios (UE-28)	RESTO DEL MUNDO	Extranjeros comunitarios (UE-27)	Extranjeros comunitarios (UE-28)	Hombres	449
Febrero 2015	44	Teruel	Extranjeros comunitarios (UE-28)	UNION EUROPEA	Extranjeros comunitarios (UE-27)	Extranjeros comunitarios (UE-28)	Hombres	75
Febrero 2015	44	Teruel	Extranjeros comunitarios (UE-28)	UNION EUROPEA	Extranjeros no comunitarios	Extranjeros comunitarios (UE-28)	Hombres	3
Febrero 2015	44	Teruel	Extranjeros no comunitarios	RESTO DEL MUNDO	Extranjeros no comunitarios	Extranjeros no comunitarios	Hombres	760
Febrero 2015	44	Teruel	Españoles	ESPAÑA	Españoles	Españoles	Mujeres	4080
Febrero 2015	44	Teruel	Extranjeros comunitarios (UE-28)	RESTO DEL MUNDO	Extranjeros comunitarios (UE-27)	Extranjeros comunitarios (UE-28)	Mujeres	464
Febrero 2015	44	Teruel	Extranjeros comunitarios (UE-28)	UNION EUROPEA	Extranjeros comunitarios (UE-27)	Extranjeros comunitarios (UE-28)	Mujeres	63
Febrero 2015	44	Teruel	Extranjeros comunitarios (UE-28)	UNION EUROPEA	Extranjeros no comunitarios	Extranjeros comunitarios (UE-28)	Mujeres	2
Febrero 2015	44	Teruel	Extranjeros no comunitarios	RESTO DEL MUNDO	Extranjeros no comunitarios	Extranjeros no comunitarios	Mujeres	555
Febrero 2015	50	Zaragoza	Españoles	ESPAÑA	Españoles	Españoles	Hombres	27225
Febrero 2015	50	Zaragoza	Extranjeros comunitarios (UE-28)	RESTO DEL MUNDO	Extranjeros comunitarios (UE-27)	Extranjeros comunitarios (UE-28)	Hombres	3747
Febrero 2015	50	Zaragoza	Extranjeros comunitarios (UE-28)	UNION EUROPEA	Extranjeros comunitarios (UE-27)	Extranjeros comunitarios (UE-28)	Hombres	385
Febrero 2015	50	Zaragoza	Extranjeros comunitarios (UE-28)	UNION EUROPEA	Extranjeros no comunitarios	Extranjeros comunitarios (UE-28)	Hombres	10
Febrero 2015	50	Zaragoza	Extranjeros no comunitarios	RESTO DEL MUNDO	Extranjeros no comunitarios	Extranjeros no comunitarios	Hombres	5320
Febrero 2015	50	Zaragoza	No consta	No consta		No consta	Hombres	4
Febrero 2015	50	Zaragoza	Españoles	ESPAÑA	Españoles	Españoles	Mujeres	34069
Febrero 2015	50	Zaragoza	Extranjeros comunitarios (UE-28)	RESTO DEL MUNDO	Extranjeros comunitarios (UE-27)	Extranjeros comunitarios (UE-28)	Mujeres	3336
Febrero 2015	50	Zaragoza	Extranjeros comunitarios (UE-28)	UNION EUROPEA	Extranjeros comunitarios (UE-27)	Extranjeros comunitarios (UE-28)	Mujeres	380
Febrero 2015	50	Zaragoza	Extranjeros comunitarios (UE-28)	UNION EUROPEA	Extranjeros no comunitarios	Extranjeros comunitarios (UE-28)	Mujeres	4
Febrero 2015	50	Zaragoza	Extranjeros no comunitarios	RESTO DEL MUNDO	Extranjeros no comunitarios	Extranjeros no comunitarios	Mujeres	4376
Enero 2015	22	Huesca	Españoles	ESPAÑA	Españoles	Españoles	Hombres	5329
Enero 2015	22	Huesca	Extranjeros comunitarios (UE-28)	RESTO DEL MUNDO	Extranjeros comunitarios (UE-27)	Extranjeros comunitarios (UE-28)	Hombres	660
Enero 2015	22	Huesca	Extranjeros comunitarios (UE-28)	UNION EUROPEA	Extranjeros comunitarios (UE-27)	Extranjeros comunitarios (UE-28)	Hombres	130
Enero 2015	22	Huesca	Extranjeros comunitarios (UE-28)	UNION EUROPEA	Extranjeros no comunitarios	Extranjeros comunitarios (UE-28)	Hombres	2
Enero 2015	22	Huesca	Extranjeros no comunitarios	RESTO DEL MUNDO	Extranjeros no comunitarios	Extranjeros no comunitarios	Hombres	900
Enero 2015	22	Huesca	Españoles	ESPAÑA	Españoles	Españoles	Mujeres	5593
Enero 2015	22	Huesca	Extranjeros comunitarios (UE-28)	RESTO DEL MUNDO	Extranjeros comunitarios (UE-27)	Extranjeros comunitarios (UE-28)	Mujeres	685
Enero 2015	22	Huesca	Extranjeros comunitarios (UE-28)	UNION EUROPEA	Extranjeros comunitarios (UE-27)	Extranjeros comunitarios (UE-28)	Mujeres	146
Enero 2015	22	Huesca	Extranjeros comunitarios (UE-28)	UNION EUROPEA	Extranjeros no comunitarios	Extranjeros comunitarios (UE-28)	Mujeres	1
Enero 2015	22	Huesca	Extranjeros no comunitarios	RESTO DEL MUNDO	Extranjeros no comunitarios	Extranjeros no comunitarios	Mujeres	720
Enero 2015	22	Huesca	No consta	No consta		No consta	Mujeres	1
Enero 2015	44	Teruel	Españoles	ESPAÑA	Españoles	Españoles	Hombres	3688
Enero 2015	44	Teruel	Extranjeros comunitarios (UE-28)	RESTO DEL MUNDO	Extranjeros comunitarios (UE-27)	Extranjeros comunitarios (UE-28)	Hombres	455
Enero 2015	44	Teruel	Extranjeros comunitarios (UE-28)	UNION EUROPEA	Extranjeros comunitarios (UE-27)	Extranjeros comunitarios (UE-28)	Hombres	78
Enero 2015	44	Teruel	Extranjeros comunitarios (UE-28)	UNION EUROPEA	Extranjeros no comunitarios	Extranjeros comunitarios (UE-28)	Hombres	3
Enero 2015	44	Teruel	Extranjeros no comunitarios	RESTO DEL MUNDO	Extranjeros no comunitarios	Extranjeros no comunitarios	Hombres	782
Enero 2015	44	Teruel	Españoles	ESPAÑA	Españoles	Españoles	Mujeres	4129
Enero 2015	44	Teruel	Extranjeros comunitarios (UE-28)	RESTO DEL MUNDO	Extranjeros comunitarios (UE-27)	Extranjeros comunitarios (UE-28)	Mujeres	481
Enero 2015	44	Teruel	Extranjeros comunitarios (UE-28)	UNION EUROPEA	Extranjeros comunitarios (UE-27)	Extranjeros comunitarios (UE-28)	Mujeres	60
Enero 2015	44	Teruel	Extranjeros comunitarios (UE-28)	UNION EUROPEA	Extranjeros no comunitarios	Extranjeros comunitarios (UE-28)	Mujeres	2
Enero 2015	44	Teruel	Extranjeros no comunitarios	RESTO DEL MUNDO	Extranjeros no comunitarios	Extranjeros no comunitarios	Mujeres	513
Enero 2015	50	Zaragoza	Españoles	ESPAÑA	Españoles	Españoles	Hombres	27600
Enero 2015	50	Zaragoza	Extranjeros comunitarios (UE-28)	RESTO DEL MUNDO	Extranjeros comunitarios (UE-27)	Extranjeros comunitarios (UE-28)	Hombres	3749
Enero 2015	50	Zaragoza	Extranjeros comunitarios (UE-28)	UNION EUROPEA	Extranjeros comunitarios (UE-27)	Extranjeros comunitarios (UE-28)	Hombres	374
Enero 2015	50	Zaragoza	Extranjeros comunitarios (UE-28)	UNION EUROPEA	Extranjeros no comunitarios	Extranjeros comunitarios (UE-28)	Hombres	10
Enero 2015	50	Zaragoza	Extranjeros no comunitarios	RESTO DEL MUNDO	Extranjeros no comunitarios	Extranjeros no comunitarios	Hombres	5216
Enero 2015	50	Zaragoza	No consta	No consta		No consta	Hombres	5
Enero 2015	50	Zaragoza	Españoles	ESPAÑA	Españoles	Españoles	Mujeres	34012
Enero 2015	50	Zaragoza	Extranjeros comunitarios (UE-28)	RESTO DEL MUNDO	Extranjeros comunitarios (UE-27)	Extranjeros comunitarios (UE-28)	Mujeres	3272
Enero 2015	50	Zaragoza	Extranjeros comunitarios (UE-28)	UNION EUROPEA	Extranjeros comunitarios (UE-27)	Extranjeros comunitarios (UE-28)	Mujeres	395
Enero 2015	50	Zaragoza	Extranjeros comunitarios (UE-28)	UNION EUROPEA	Extranjeros no comunitarios	Extranjeros comunitarios (UE-28)	Mujeres	3
Enero 2015	50	Zaragoza	Extranjeros no comunitarios	RESTO DEL MUNDO	Extranjeros no comunitarios	Extranjeros no comunitarios	Mujeres	4300
Diciembre 2014	22	Huesca	Españoles	ESPAÑA	Españoles	Españoles	Hombres	5256
Diciembre 2014	22	Huesca	Extranjeros comunitarios (UE-28)	RESTO DEL MUNDO	Extranjeros comunitarios (UE-27)	Extranjeros comunitarios (UE-28)	Hombres	633
Diciembre 2014	22	Huesca	Extranjeros comunitarios (UE-28)	UNION EUROPEA	Extranjeros comunitarios (UE-27)	Extranjeros comunitarios (UE-28)	Hombres	123
Diciembre 2014	22	Huesca	Extranjeros comunitarios (UE-28)	UNION EUROPEA	Extranjeros no comunitarios	Extranjeros comunitarios (UE-28)	Hombres	2
Diciembre 2014	22	Huesca	Extranjeros no comunitarios	RESTO DEL MUNDO	Extranjeros no comunitarios	Extranjeros no comunitarios	Hombres	854
Diciembre 2014	22	Huesca	Españoles	ESPAÑA	Españoles	Españoles	Mujeres	5255
Diciembre 2014	22	Huesca	Extranjeros comunitarios (UE-28)	RESTO DEL MUNDO	Extranjeros comunitarios (UE-27)	Extranjeros comunitarios (UE-28)	Mujeres	657
Diciembre 2014	22	Huesca	Extranjeros comunitarios (UE-28)	UNION EUROPEA	Extranjeros comunitarios (UE-27)	Extranjeros comunitarios (UE-28)	Mujeres	138
Diciembre 2014	22	Huesca	Extranjeros comunitarios (UE-28)	UNION EUROPEA	Extranjeros no comunitarios	Extranjeros comunitarios (UE-28)	Mujeres	2
Diciembre 2014	22	Huesca	Extranjeros no comunitarios	RESTO DEL MUNDO	Extranjeros no comunitarios	Extranjeros no comunitarios	Mujeres	684
Diciembre 2014	22	Huesca	No consta	No consta		No consta	Mujeres	1
Diciembre 2014	44	Teruel	Españoles	ESPAÑA	Españoles	Españoles	Hombres	3598
Diciembre 2014	44	Teruel	Extranjeros comunitarios (UE-28)	RESTO DEL MUNDO	Extranjeros comunitarios (UE-27)	Extranjeros comunitarios (UE-28)	Hombres	432
Diciembre 2014	44	Teruel	Extranjeros comunitarios (UE-28)	UNION EUROPEA	Extranjeros comunitarios (UE-27)	Extranjeros comunitarios (UE-28)	Hombres	90
Diciembre 2014	44	Teruel	Extranjeros comunitarios (UE-28)	UNION EUROPEA	Extranjeros no comunitarios	Extranjeros comunitarios (UE-28)	Hombres	3
Diciembre 2014	44	Teruel	Extranjeros no comunitarios	RESTO DEL MUNDO	Extranjeros no comunitarios	Extranjeros no comunitarios	Hombres	755
Diciembre 2014	44	Teruel	Españoles	ESPAÑA	Españoles	Españoles	Mujeres	3886
Diciembre 2014	44	Teruel	Extranjeros comunitarios (UE-28)	RESTO DEL MUNDO	Extranjeros comunitarios (UE-27)	Extranjeros comunitarios (UE-28)	Mujeres	461
Diciembre 2014	44	Teruel	Extranjeros comunitarios (UE-28)	UNION EUROPEA	Extranjeros comunitarios (UE-27)	Extranjeros comunitarios (UE-28)	Mujeres	55
Diciembre 2014	44	Teruel	Extranjeros comunitarios (UE-28)	UNION EUROPEA	Extranjeros no comunitarios	Extranjeros comunitarios (UE-28)	Mujeres	2
Diciembre 2014	44	Teruel	Extranjeros no comunitarios	RESTO DEL MUNDO	Extranjeros no comunitarios	Extranjeros no comunitarios	Mujeres	489
Diciembre 2014	50	Zaragoza	Españoles	ESPAÑA	Españoles	Españoles	Hombres	28068
Diciembre 2014	50	Zaragoza	Extranjeros comunitarios (UE-28)	RESTO DEL MUNDO	Extranjeros comunitarios (UE-27)	Extranjeros comunitarios (UE-28)	Hombres	3751
Diciembre 2014	50	Zaragoza	Extranjeros comunitarios (UE-28)	UNION EUROPEA	Extranjeros comunitarios (UE-27)	Extranjeros comunitarios (UE-28)	Hombres	381
Diciembre 2014	50	Zaragoza	Extranjeros comunitarios (UE-28)	UNION EUROPEA	Extranjeros no comunitarios	Extranjeros comunitarios (UE-28)	Hombres	7
Diciembre 2014	50	Zaragoza	Extranjeros no comunitarios	RESTO DEL MUNDO	Extranjeros no comunitarios	Extranjeros no comunitarios	Hombres	5179
Diciembre 2014	50	Zaragoza	No consta	No consta		No consta	Hombres	5
Diciembre 2014	50	Zaragoza	Españoles	ESPAÑA	Españoles	Españoles	Mujeres	33030
Diciembre 2014	50	Zaragoza	Extranjeros comunitarios (UE-28)	RESTO DEL MUNDO	Extranjeros comunitarios (UE-27)	Extranjeros comunitarios (UE-28)	Mujeres	3156
Diciembre 2014	50	Zaragoza	Extranjeros comunitarios (UE-28)	UNION EUROPEA	Extranjeros comunitarios (UE-27)	Extranjeros comunitarios (UE-28)	Mujeres	378
Diciembre 2014	50	Zaragoza	Extranjeros comunitarios (UE-28)	UNION EUROPEA	Extranjeros no comunitarios	Extranjeros comunitarios (UE-28)	Mujeres	7
Diciembre 2014	50	Zaragoza	Extranjeros no comunitarios	RESTO DEL MUNDO	Extranjeros no comunitarios	Extranjeros no comunitarios	Mujeres	4234
Noviembre 2014	22	Huesca	Españoles	ESPAÑA	Españoles	Españoles	Hombres	5522
Noviembre 2014	22	Huesca	Extranjeros comunitarios (UE-28)	RESTO DEL MUNDO	Extranjeros comunitarios (UE-27)	Extranjeros comunitarios (UE-28)	Hombres	639
Noviembre 2014	22	Huesca	Extranjeros comunitarios (UE-28)	UNION EUROPEA	Extranjeros comunitarios (UE-27)	Extranjeros comunitarios (UE-28)	Hombres	125
Noviembre 2014	22	Huesca	Extranjeros comunitarios (UE-28)	UNION EUROPEA	Extranjeros no comunitarios	Extranjeros comunitarios (UE-28)	Hombres	1
Noviembre 2014	22	Huesca	Extranjeros no comunitarios	RESTO DEL MUNDO	Extranjeros no comunitarios	Extranjeros no comunitarios	Hombres	895
Noviembre 2014	22	Huesca	Españoles	ESPAÑA	Españoles	Españoles	Mujeres	5782
Noviembre 2014	22	Huesca	Extranjeros comunitarios (UE-28)	RESTO DEL MUNDO	Extranjeros comunitarios (UE-27)	Extranjeros comunitarios (UE-28)	Mujeres	716
Noviembre 2014	22	Huesca	Extranjeros comunitarios (UE-28)	UNION EUROPEA	Extranjeros comunitarios (UE-27)	Extranjeros comunitarios (UE-28)	Mujeres	150
Noviembre 2014	22	Huesca	Extranjeros comunitarios (UE-28)	UNION EUROPEA	Extranjeros no comunitarios	Extranjeros comunitarios (UE-28)	Mujeres	3
Noviembre 2014	22	Huesca	Extranjeros no comunitarios	RESTO DEL MUNDO	Extranjeros no comunitarios	Extranjeros no comunitarios	Mujeres	725
Noviembre 2014	22	Huesca	No consta	No consta		No consta	Mujeres	1
Noviembre 2014	44	Teruel	Españoles	ESPAÑA	Españoles	Españoles	Hombres	3533
Noviembre 2014	44	Teruel	Extranjeros comunitarios (UE-28)	RESTO DEL MUNDO	Extranjeros comunitarios (UE-27)	Extranjeros comunitarios (UE-28)	Hombres	418
Noviembre 2014	44	Teruel	Extranjeros comunitarios (UE-28)	UNION EUROPEA	Extranjeros comunitarios (UE-27)	Extranjeros comunitarios (UE-28)	Hombres	89
Noviembre 2014	44	Teruel	Extranjeros comunitarios (UE-28)	UNION EUROPEA	Extranjeros no comunitarios	Extranjeros comunitarios (UE-28)	Hombres	2
Noviembre 2014	44	Teruel	Extranjeros no comunitarios	RESTO DEL MUNDO	Extranjeros no comunitarios	Extranjeros no comunitarios	Hombres	702
Noviembre 2014	44	Teruel	Españoles	ESPAÑA	Españoles	Españoles	Mujeres	4091
Noviembre 2014	44	Teruel	Extranjeros comunitarios (UE-28)	RESTO DEL MUNDO	Extranjeros comunitarios (UE-27)	Extranjeros comunitarios (UE-28)	Mujeres	492
Noviembre 2014	44	Teruel	Extranjeros comunitarios (UE-28)	UNION EUROPEA	Extranjeros comunitarios (UE-27)	Extranjeros comunitarios (UE-28)	Mujeres	61
Noviembre 2014	44	Teruel	Extranjeros comunitarios (UE-28)	UNION EUROPEA	Extranjeros no comunitarios	Extranjeros comunitarios (UE-28)	Mujeres	2
Noviembre 2014	44	Teruel	Extranjeros no comunitarios	RESTO DEL MUNDO	Extranjeros no comunitarios	Extranjeros no comunitarios	Mujeres	491
Noviembre 2014	50	Zaragoza	Españoles	ESPAÑA	Españoles	Españoles	Hombres	27940
Noviembre 2014	50	Zaragoza	Extranjeros comunitarios (UE-28)	RESTO DEL MUNDO	Extranjeros comunitarios (UE-27)	Extranjeros comunitarios (UE-28)	Hombres	3690
Noviembre 2014	50	Zaragoza	Extranjeros comunitarios (UE-28)	UNION EUROPEA	Extranjeros comunitarios (UE-27)	Extranjeros comunitarios (UE-28)	Hombres	376
Noviembre 2014	50	Zaragoza	Extranjeros comunitarios (UE-28)	UNION EUROPEA	Extranjeros no comunitarios	Extranjeros comunitarios (UE-28)	Hombres	7
Noviembre 2014	50	Zaragoza	Extranjeros no comunitarios	RESTO DEL MUNDO	Extranjeros no comunitarios	Extranjeros no comunitarios	Hombres	5230
Noviembre 2014	50	Zaragoza	No consta	No consta		No consta	Hombres	5
Noviembre 2014	50	Zaragoza	Españoles	ESPAÑA	Españoles	Españoles	Mujeres	34073
Noviembre 2014	50	Zaragoza	Extranjeros comunitarios (UE-28)	RESTO DEL MUNDO	Extranjeros comunitarios (UE-27)	Extranjeros comunitarios (UE-28)	Mujeres	3189
Noviembre 2014	50	Zaragoza	Extranjeros comunitarios (UE-28)	UNION EUROPEA	Extranjeros comunitarios (UE-27)	Extranjeros comunitarios (UE-28)	Mujeres	386
Noviembre 2014	50	Zaragoza	Extranjeros comunitarios (UE-28)	UNION EUROPEA	Extranjeros no comunitarios	Extranjeros comunitarios (UE-28)	Mujeres	5
Noviembre 2014	50	Zaragoza	Extranjeros no comunitarios	RESTO DEL MUNDO	Extranjeros no comunitarios	Extranjeros no comunitarios	Mujeres	4324
Octubre 2014	22	Huesca	Españoles	ESPAÑA	Españoles	Españoles	Hombres	5593
Octubre 2014	22	Huesca	Extranjeros comunitarios (UE-28)	RESTO DEL MUNDO	Extranjeros comunitarios (UE-27)	Extranjeros comunitarios (UE-28)	Hombres	702
Octubre 2014	22	Huesca	Extranjeros comunitarios (UE-28)	UNION EUROPEA	Extranjeros comunitarios (UE-27)	Extranjeros comunitarios (UE-28)	Hombres	126
Octubre 2014	22	Huesca	Extranjeros comunitarios (UE-28)	UNION EUROPEA	Extranjeros no comunitarios	Extranjeros comunitarios (UE-28)	Hombres	1
Octubre 2014	22	Huesca	Extranjeros no comunitarios	RESTO DEL MUNDO	Extranjeros no comunitarios	Extranjeros no comunitarios	Hombres	985
Octubre 2014	22	Huesca	Españoles	ESPAÑA	Españoles	Españoles	Mujeres	5946
Octubre 2014	22	Huesca	Extranjeros comunitarios (UE-28)	RESTO DEL MUNDO	Extranjeros comunitarios (UE-27)	Extranjeros comunitarios (UE-28)	Mujeres	766
Octubre 2014	22	Huesca	Extranjeros comunitarios (UE-28)	UNION EUROPEA	Extranjeros comunitarios (UE-27)	Extranjeros comunitarios (UE-28)	Mujeres	155
Octubre 2014	22	Huesca	Extranjeros comunitarios (UE-28)	UNION EUROPEA	Extranjeros no comunitarios	Extranjeros comunitarios (UE-28)	Mujeres	3
Octubre 2014	22	Huesca	Extranjeros no comunitarios	RESTO DEL MUNDO	Extranjeros no comunitarios	Extranjeros no comunitarios	Mujeres	705
Octubre 2014	22	Huesca	No consta	No consta		No consta	Mujeres	1
Octubre 2014	44	Teruel	Españoles	ESPAÑA	Españoles	Españoles	Hombres	3627
Octubre 2014	44	Teruel	Extranjeros comunitarios (UE-28)	RESTO DEL MUNDO	Extranjeros comunitarios (UE-27)	Extranjeros comunitarios (UE-28)	Hombres	420
Octubre 2014	44	Teruel	Extranjeros comunitarios (UE-28)	UNION EUROPEA	Extranjeros comunitarios (UE-27)	Extranjeros comunitarios (UE-28)	Hombres	88
Octubre 2014	44	Teruel	Extranjeros comunitarios (UE-28)	UNION EUROPEA	Extranjeros no comunitarios	Extranjeros comunitarios (UE-28)	Hombres	2
Octubre 2014	44	Teruel	Extranjeros no comunitarios	RESTO DEL MUNDO	Extranjeros no comunitarios	Extranjeros no comunitarios	Hombres	707
Octubre 2014	44	Teruel	Españoles	ESPAÑA	Españoles	Españoles	Mujeres	4143
Octubre 2014	44	Teruel	Extranjeros comunitarios (UE-28)	RESTO DEL MUNDO	Extranjeros comunitarios (UE-27)	Extranjeros comunitarios (UE-28)	Mujeres	451
Octubre 2014	44	Teruel	Extranjeros comunitarios (UE-28)	UNION EUROPEA	Extranjeros comunitarios (UE-27)	Extranjeros comunitarios (UE-28)	Mujeres	52
Octubre 2014	44	Teruel	Extranjeros comunitarios (UE-28)	UNION EUROPEA	Extranjeros no comunitarios	Extranjeros comunitarios (UE-28)	Mujeres	2
Octubre 2014	44	Teruel	Extranjeros no comunitarios	RESTO DEL MUNDO	Extranjeros no comunitarios	Extranjeros no comunitarios	Mujeres	477
Octubre 2014	50	Zaragoza	Españoles	ESPAÑA	Españoles	Españoles	Hombres	28562
Octubre 2014	50	Zaragoza	Extranjeros comunitarios (UE-28)	RESTO DEL MUNDO	Extranjeros comunitarios (UE-27)	Extranjeros comunitarios (UE-28)	Hombres	3722
Octubre 2014	50	Zaragoza	Extranjeros comunitarios (UE-28)	UNION EUROPEA	Extranjeros comunitarios (UE-27)	Extranjeros comunitarios (UE-28)	Hombres	395
Octubre 2014	50	Zaragoza	Extranjeros comunitarios (UE-28)	UNION EUROPEA	Extranjeros no comunitarios	Extranjeros comunitarios (UE-28)	Hombres	11
Octubre 2014	50	Zaragoza	Extranjeros no comunitarios	RESTO DEL MUNDO	Extranjeros no comunitarios	Extranjeros no comunitarios	Hombres	5428
Octubre 2014	50	Zaragoza	No consta	No consta		No consta	Hombres	3
Octubre 2014	50	Zaragoza	Españoles	ESPAÑA	Españoles	Españoles	Mujeres	34772
Octubre 2014	50	Zaragoza	Extranjeros comunitarios (UE-28)	RESTO DEL MUNDO	Extranjeros comunitarios (UE-27)	Extranjeros comunitarios (UE-28)	Mujeres	3204
Octubre 2014	50	Zaragoza	Extranjeros comunitarios (UE-28)	UNION EUROPEA	Extranjeros comunitarios (UE-27)	Extranjeros comunitarios (UE-28)	Mujeres	379
Octubre 2014	50	Zaragoza	Extranjeros comunitarios (UE-28)	UNION EUROPEA	Extranjeros no comunitarios	Extranjeros comunitarios (UE-28)	Mujeres	8
Octubre 2014	50	Zaragoza	Extranjeros no comunitarios	RESTO DEL MUNDO	Extranjeros no comunitarios	Extranjeros no comunitarios	Mujeres	4310
Octubre 2014	50	Zaragoza	No consta	No consta		No consta	Mujeres	1
Septiembre 2014	22	Huesca	Españoles	ESPAÑA	Españoles	Españoles	Hombres	5383
Septiembre 2014	22	Huesca	Extranjeros comunitarios (UE-28)	RESTO DEL MUNDO	Extranjeros comunitarios (UE-27)	Extranjeros comunitarios (UE-28)	Hombres	670
Septiembre 2014	22	Huesca	Extranjeros comunitarios (UE-28)	UNION EUROPEA	Extranjeros comunitarios (UE-27)	Extranjeros comunitarios (UE-28)	Hombres	115
Septiembre 2014	22	Huesca	Extranjeros comunitarios (UE-28)	UNION EUROPEA	Extranjeros no comunitarios	Extranjeros comunitarios (UE-28)	Hombres	1
Septiembre 2014	22	Huesca	Extranjeros no comunitarios	RESTO DEL MUNDO	Extranjeros no comunitarios	Extranjeros no comunitarios	Hombres	934
Septiembre 2014	22	Huesca	Españoles	ESPAÑA	Españoles	Españoles	Mujeres	5707
Septiembre 2014	22	Huesca	Extranjeros comunitarios (UE-28)	RESTO DEL MUNDO	Extranjeros comunitarios (UE-27)	Extranjeros comunitarios (UE-28)	Mujeres	744
Septiembre 2014	22	Huesca	Extranjeros comunitarios (UE-28)	UNION EUROPEA	Extranjeros comunitarios (UE-27)	Extranjeros comunitarios (UE-28)	Mujeres	130
Septiembre 2014	22	Huesca	Extranjeros comunitarios (UE-28)	UNION EUROPEA	Extranjeros no comunitarios	Extranjeros comunitarios (UE-28)	Mujeres	4
Septiembre 2014	22	Huesca	Extranjeros no comunitarios	RESTO DEL MUNDO	Extranjeros no comunitarios	Extranjeros no comunitarios	Mujeres	669
Septiembre 2014	22	Huesca	No consta	No consta		No consta	Mujeres	1
Septiembre 2014	44	Teruel	Españoles	ESPAÑA	Españoles	Españoles	Hombres	3485
Septiembre 2014	44	Teruel	Extranjeros comunitarios (UE-28)	RESTO DEL MUNDO	Extranjeros comunitarios (UE-27)	Extranjeros comunitarios (UE-28)	Hombres	412
Septiembre 2014	44	Teruel	Extranjeros comunitarios (UE-28)	UNION EUROPEA	Extranjeros comunitarios (UE-27)	Extranjeros comunitarios (UE-28)	Hombres	84
Septiembre 2014	44	Teruel	Extranjeros comunitarios (UE-28)	UNION EUROPEA	Extranjeros no comunitarios	Extranjeros comunitarios (UE-28)	Hombres	2
Septiembre 2014	44	Teruel	Extranjeros no comunitarios	RESTO DEL MUNDO	Extranjeros no comunitarios	Extranjeros no comunitarios	Hombres	693
Septiembre 2014	44	Teruel	Españoles	ESPAÑA	Españoles	Españoles	Mujeres	3841
Septiembre 2014	44	Teruel	Extranjeros comunitarios (UE-28)	RESTO DEL MUNDO	Extranjeros comunitarios (UE-27)	Extranjeros comunitarios (UE-28)	Mujeres	377
Septiembre 2014	44	Teruel	Extranjeros comunitarios (UE-28)	UNION EUROPEA	Extranjeros comunitarios (UE-27)	Extranjeros comunitarios (UE-28)	Mujeres	45
Septiembre 2014	44	Teruel	Extranjeros comunitarios (UE-28)	UNION EUROPEA	Extranjeros no comunitarios	Extranjeros comunitarios (UE-28)	Mujeres	2
Septiembre 2014	44	Teruel	Extranjeros no comunitarios	RESTO DEL MUNDO	Extranjeros no comunitarios	Extranjeros no comunitarios	Mujeres	445
Septiembre 2014	50	Zaragoza	Españoles	ESPAÑA	Españoles	Españoles	Hombres	28325
Septiembre 2014	50	Zaragoza	Extranjeros comunitarios (UE-28)	RESTO DEL MUNDO	Extranjeros comunitarios (UE-27)	Extranjeros comunitarios (UE-28)	Hombres	3493
Septiembre 2014	50	Zaragoza	Extranjeros comunitarios (UE-28)	UNION EUROPEA	Extranjeros comunitarios (UE-27)	Extranjeros comunitarios (UE-28)	Hombres	405
Septiembre 2014	50	Zaragoza	Extranjeros comunitarios (UE-28)	UNION EUROPEA	Extranjeros no comunitarios	Extranjeros comunitarios (UE-28)	Hombres	10
Septiembre 2014	50	Zaragoza	Extranjeros no comunitarios	RESTO DEL MUNDO	Extranjeros no comunitarios	Extranjeros no comunitarios	Hombres	4978
Septiembre 2014	50	Zaragoza	No consta	No consta		No consta	Hombres	3
Septiembre 2014	50	Zaragoza	Españoles	ESPAÑA	Españoles	Españoles	Mujeres	34371
Septiembre 2014	50	Zaragoza	Extranjeros comunitarios (UE-28)	RESTO DEL MUNDO	Extranjeros comunitarios (UE-27)	Extranjeros comunitarios (UE-28)	Mujeres	2996
Septiembre 2014	50	Zaragoza	Extranjeros comunitarios (UE-28)	UNION EUROPEA	Extranjeros comunitarios (UE-27)	Extranjeros comunitarios (UE-28)	Mujeres	366
Septiembre 2014	50	Zaragoza	Extranjeros comunitarios (UE-28)	UNION EUROPEA	Extranjeros no comunitarios	Extranjeros comunitarios (UE-28)	Mujeres	10
Septiembre 2014	50	Zaragoza	Extranjeros no comunitarios	RESTO DEL MUNDO	Extranjeros no comunitarios	Extranjeros no comunitarios	Mujeres	4202
Septiembre 2014	50	Zaragoza	No consta	No consta		No consta	Mujeres	1
Agosto 2014	22	Huesca	Españoles	ESPAÑA	Españoles	Españoles	Hombres	5274
Agosto 2014	22	Huesca	Extranjeros comunitarios (UE-28)	RESTO DEL MUNDO	Extranjeros comunitarios (UE-27)	Extranjeros comunitarios (UE-28)	Hombres	551
Agosto 2014	22	Huesca	Extranjeros comunitarios (UE-28)	UNION EUROPEA	Extranjeros comunitarios (UE-27)	Extranjeros comunitarios (UE-28)	Hombres	113
Agosto 2014	22	Huesca	Extranjeros comunitarios (UE-28)	UNION EUROPEA	Extranjeros no comunitarios	Extranjeros comunitarios (UE-28)	Hombres	3
Agosto 2014	22	Huesca	Extranjeros no comunitarios	RESTO DEL MUNDO	Extranjeros no comunitarios	Extranjeros no comunitarios	Hombres	781
Agosto 2014	22	Huesca	Españoles	ESPAÑA	Españoles	Españoles	Mujeres	5783
Agosto 2014	22	Huesca	Extranjeros comunitarios (UE-28)	RESTO DEL MUNDO	Extranjeros comunitarios (UE-27)	Extranjeros comunitarios (UE-28)	Mujeres	510
Agosto 2014	22	Huesca	Extranjeros comunitarios (UE-28)	UNION EUROPEA	Extranjeros comunitarios (UE-27)	Extranjeros comunitarios (UE-28)	Mujeres	99
Agosto 2014	22	Huesca	Extranjeros comunitarios (UE-28)	UNION EUROPEA	Extranjeros no comunitarios	Extranjeros comunitarios (UE-28)	Mujeres	4
Agosto 2014	22	Huesca	Extranjeros no comunitarios	RESTO DEL MUNDO	Extranjeros no comunitarios	Extranjeros no comunitarios	Mujeres	582
Agosto 2014	22	Huesca	No consta	No consta		No consta	Mujeres	1
Agosto 2014	44	Teruel	Españoles	ESPAÑA	Españoles	Españoles	Hombres	3549
Agosto 2014	44	Teruel	Extranjeros comunitarios (UE-28)	RESTO DEL MUNDO	Extranjeros comunitarios (UE-27)	Extranjeros comunitarios (UE-28)	Hombres	428
Agosto 2014	44	Teruel	Extranjeros comunitarios (UE-28)	UNION EUROPEA	Extranjeros comunitarios (UE-27)	Extranjeros comunitarios (UE-28)	Hombres	81
Agosto 2014	44	Teruel	Extranjeros comunitarios (UE-28)	UNION EUROPEA	Extranjeros no comunitarios	Extranjeros comunitarios (UE-28)	Hombres	2
Agosto 2014	44	Teruel	Extranjeros no comunitarios	RESTO DEL MUNDO	Extranjeros no comunitarios	Extranjeros no comunitarios	Hombres	682
Agosto 2014	44	Teruel	Españoles	ESPAÑA	Españoles	Españoles	Mujeres	3949
Agosto 2014	44	Teruel	Extranjeros comunitarios (UE-28)	RESTO DEL MUNDO	Extranjeros comunitarios (UE-27)	Extranjeros comunitarios (UE-28)	Mujeres	373
Agosto 2014	44	Teruel	Extranjeros comunitarios (UE-28)	UNION EUROPEA	Extranjeros comunitarios (UE-27)	Extranjeros comunitarios (UE-28)	Mujeres	47
Agosto 2014	44	Teruel	Extranjeros comunitarios (UE-28)	UNION EUROPEA	Extranjeros no comunitarios	Extranjeros comunitarios (UE-28)	Mujeres	3
Agosto 2014	44	Teruel	Extranjeros no comunitarios	RESTO DEL MUNDO	Extranjeros no comunitarios	Extranjeros no comunitarios	Mujeres	435
Agosto 2014	50	Zaragoza	Españoles	ESPAÑA	Españoles	Españoles	Hombres	28554
Agosto 2014	50	Zaragoza	Extranjeros comunitarios (UE-28)	RESTO DEL MUNDO	Extranjeros comunitarios (UE-27)	Extranjeros comunitarios (UE-28)	Hombres	3511
Agosto 2014	50	Zaragoza	Extranjeros comunitarios (UE-28)	UNION EUROPEA	Extranjeros comunitarios (UE-27)	Extranjeros comunitarios (UE-28)	Hombres	395
Agosto 2014	50	Zaragoza	Extranjeros comunitarios (UE-28)	UNION EUROPEA	Extranjeros no comunitarios	Extranjeros comunitarios (UE-28)	Hombres	15
Agosto 2014	50	Zaragoza	Extranjeros no comunitarios	RESTO DEL MUNDO	Extranjeros no comunitarios	Extranjeros no comunitarios	Hombres	4871
Agosto 2014	50	Zaragoza	No consta	No consta		No consta	Hombres	5
Agosto 2014	50	Zaragoza	Españoles	ESPAÑA	Españoles	Españoles	Mujeres	35179
Agosto 2014	50	Zaragoza	Extranjeros comunitarios (UE-28)	RESTO DEL MUNDO	Extranjeros comunitarios (UE-27)	Extranjeros comunitarios (UE-28)	Mujeres	2887
Agosto 2014	50	Zaragoza	Extranjeros comunitarios (UE-28)	UNION EUROPEA	Extranjeros comunitarios (UE-27)	Extranjeros comunitarios (UE-28)	Mujeres	377
Agosto 2014	50	Zaragoza	Extranjeros comunitarios (UE-28)	UNION EUROPEA	Extranjeros no comunitarios	Extranjeros comunitarios (UE-28)	Mujeres	14
Agosto 2014	50	Zaragoza	Extranjeros no comunitarios	RESTO DEL MUNDO	Extranjeros no comunitarios	Extranjeros no comunitarios	Mujeres	3973
Agosto 2014	50	Zaragoza	No consta	No consta		No consta	Mujeres	1
Julio 2014	22	Huesca	Españoles	ESPAÑA	Españoles	Españoles	Hombres	5161
Julio 2014	22	Huesca	Extranjeros comunitarios (UE-28)	RESTO DEL MUNDO	Extranjeros comunitarios (UE-27)	Extranjeros comunitarios (UE-28)	Hombres	495
Julio 2014	22	Huesca	Extranjeros comunitarios (UE-28)	UNION EUROPEA	Extranjeros comunitarios (UE-27)	Extranjeros comunitarios (UE-28)	Hombres	121
Julio 2014	22	Huesca	Extranjeros comunitarios (UE-28)	UNION EUROPEA	Extranjeros no comunitarios	Extranjeros comunitarios (UE-28)	Hombres	3
Julio 2014	22	Huesca	Extranjeros no comunitarios	RESTO DEL MUNDO	Extranjeros no comunitarios	Extranjeros no comunitarios	Hombres	705
Julio 2014	22	Huesca	Españoles	ESPAÑA	Españoles	Españoles	Mujeres	5673
Julio 2014	22	Huesca	Extranjeros comunitarios (UE-28)	RESTO DEL MUNDO	Extranjeros comunitarios (UE-27)	Extranjeros comunitarios (UE-28)	Mujeres	459
Julio 2014	22	Huesca	Extranjeros comunitarios (UE-28)	UNION EUROPEA	Extranjeros comunitarios (UE-27)	Extranjeros comunitarios (UE-28)	Mujeres	88
Julio 2014	22	Huesca	Extranjeros comunitarios (UE-28)	UNION EUROPEA	Extranjeros no comunitarios	Extranjeros comunitarios (UE-28)	Mujeres	2
Julio 2014	22	Huesca	Extranjeros no comunitarios	RESTO DEL MUNDO	Extranjeros no comunitarios	Extranjeros no comunitarios	Mujeres	603
Julio 2014	22	Huesca	No consta	No consta		No consta	Mujeres	1
Julio 2014	44	Teruel	Españoles	ESPAÑA	Españoles	Españoles	Hombres	3481
Julio 2014	44	Teruel	Extranjeros comunitarios (UE-28)	RESTO DEL MUNDO	Extranjeros comunitarios (UE-27)	Extranjeros comunitarios (UE-28)	Hombres	418
Julio 2014	44	Teruel	Extranjeros comunitarios (UE-28)	UNION EUROPEA	Extranjeros comunitarios (UE-27)	Extranjeros comunitarios (UE-28)	Hombres	84
Julio 2014	44	Teruel	Extranjeros comunitarios (UE-28)	UNION EUROPEA	Extranjeros no comunitarios	Extranjeros comunitarios (UE-28)	Hombres	1
Julio 2014	44	Teruel	Extranjeros no comunitarios	RESTO DEL MUNDO	Extranjeros no comunitarios	Extranjeros no comunitarios	Hombres	703
Julio 2014	44	Teruel	Españoles	ESPAÑA	Españoles	Españoles	Mujeres	3902
Julio 2014	44	Teruel	Extranjeros comunitarios (UE-28)	RESTO DEL MUNDO	Extranjeros comunitarios (UE-27)	Extranjeros comunitarios (UE-28)	Mujeres	381
Julio 2014	44	Teruel	Extranjeros comunitarios (UE-28)	UNION EUROPEA	Extranjeros comunitarios (UE-27)	Extranjeros comunitarios (UE-28)	Mujeres	50
Julio 2014	44	Teruel	Extranjeros comunitarios (UE-28)	UNION EUROPEA	Extranjeros no comunitarios	Extranjeros comunitarios (UE-28)	Mujeres	3
Julio 2014	44	Teruel	Extranjeros no comunitarios	RESTO DEL MUNDO	Extranjeros no comunitarios	Extranjeros no comunitarios	Mujeres	450
Julio 2014	50	Zaragoza	Españoles	ESPAÑA	Españoles	Españoles	Hombres	28159
Julio 2014	50	Zaragoza	Extranjeros comunitarios (UE-28)	RESTO DEL MUNDO	Extranjeros comunitarios (UE-27)	Extranjeros comunitarios (UE-28)	Hombres	3670
Julio 2014	50	Zaragoza	Extranjeros comunitarios (UE-28)	UNION EUROPEA	Extranjeros comunitarios (UE-27)	Extranjeros comunitarios (UE-28)	Hombres	381
Julio 2014	50	Zaragoza	Extranjeros comunitarios (UE-28)	UNION EUROPEA	Extranjeros no comunitarios	Extranjeros comunitarios (UE-28)	Hombres	10
Julio 2014	50	Zaragoza	Extranjeros no comunitarios	RESTO DEL MUNDO	Extranjeros no comunitarios	Extranjeros no comunitarios	Hombres	4948
Julio 2014	50	Zaragoza	No consta	No consta		No consta	Hombres	5
Julio 2014	50	Zaragoza	Españoles	ESPAÑA	Españoles	Españoles	Mujeres	34765
Julio 2014	50	Zaragoza	Extranjeros comunitarios (UE-28)	RESTO DEL MUNDO	Extranjeros comunitarios (UE-27)	Extranjeros comunitarios (UE-28)	Mujeres	2976
Julio 2014	50	Zaragoza	Extranjeros comunitarios (UE-28)	UNION EUROPEA	Extranjeros comunitarios (UE-27)	Extranjeros comunitarios (UE-28)	Mujeres	373
Julio 2014	50	Zaragoza	Extranjeros comunitarios (UE-28)	UNION EUROPEA	Extranjeros no comunitarios	Extranjeros comunitarios (UE-28)	Mujeres	11
Julio 2014	50	Zaragoza	Extranjeros no comunitarios	RESTO DEL MUNDO	Extranjeros no comunitarios	Extranjeros no comunitarios	Mujeres	4071
Junio 2014	22	Huesca	Españoles	ESPAÑA	Españoles	Españoles	Hombres	5151
Junio 2014	22	Huesca	Extranjeros comunitarios (UE-28)	RESTO DEL MUNDO	Extranjeros comunitarios (UE-27)	Extranjeros comunitarios (UE-28)	Hombres	490
Junio 2014	22	Huesca	Extranjeros comunitarios (UE-28)	UNION EUROPEA	Extranjeros comunitarios (UE-27)	Extranjeros comunitarios (UE-28)	Hombres	121
Junio 2014	22	Huesca	Extranjeros comunitarios (UE-28)	UNION EUROPEA	Extranjeros no comunitarios	Extranjeros comunitarios (UE-28)	Hombres	3
Junio 2014	22	Huesca	Extranjeros no comunitarios	RESTO DEL MUNDO	Extranjeros no comunitarios	Extranjeros no comunitarios	Hombres	754
Junio 2014	22	Huesca	Españoles	ESPAÑA	Españoles	Españoles	Mujeres	5350
Junio 2014	22	Huesca	Extranjeros comunitarios (UE-28)	RESTO DEL MUNDO	Extranjeros comunitarios (UE-27)	Extranjeros comunitarios (UE-28)	Mujeres	454
Junio 2014	22	Huesca	Extranjeros comunitarios (UE-28)	UNION EUROPEA	Extranjeros comunitarios (UE-27)	Extranjeros comunitarios (UE-28)	Mujeres	101
Junio 2014	22	Huesca	Extranjeros comunitarios (UE-28)	UNION EUROPEA	Extranjeros no comunitarios	Extranjeros comunitarios (UE-28)	Mujeres	2
Junio 2014	22	Huesca	Extranjeros no comunitarios	RESTO DEL MUNDO	Extranjeros no comunitarios	Extranjeros no comunitarios	Mujeres	626
Junio 2014	22	Huesca	No consta	No consta		No consta	Mujeres	1
Junio 2014	44	Teruel	Españoles	ESPAÑA	Españoles	Españoles	Hombres	3478
Junio 2014	44	Teruel	Extranjeros comunitarios (UE-28)	RESTO DEL MUNDO	Extranjeros comunitarios (UE-27)	Extranjeros comunitarios (UE-28)	Hombres	434
Junio 2014	44	Teruel	Extranjeros comunitarios (UE-28)	UNION EUROPEA	Extranjeros comunitarios (UE-27)	Extranjeros comunitarios (UE-28)	Hombres	81
Junio 2014	44	Teruel	Extranjeros comunitarios (UE-28)	UNION EUROPEA	Extranjeros no comunitarios	Extranjeros comunitarios (UE-28)	Hombres	2
Junio 2014	44	Teruel	Extranjeros no comunitarios	RESTO DEL MUNDO	Extranjeros no comunitarios	Extranjeros no comunitarios	Hombres	693
Junio 2014	44	Teruel	Españoles	ESPAÑA	Españoles	Españoles	Mujeres	3805
Junio 2014	44	Teruel	Extranjeros comunitarios (UE-28)	RESTO DEL MUNDO	Extranjeros comunitarios (UE-27)	Extranjeros comunitarios (UE-28)	Mujeres	400
Junio 2014	44	Teruel	Extranjeros comunitarios (UE-28)	UNION EUROPEA	Extranjeros comunitarios (UE-27)	Extranjeros comunitarios (UE-28)	Mujeres	50
Junio 2014	44	Teruel	Extranjeros comunitarios (UE-28)	UNION EUROPEA	Extranjeros no comunitarios	Extranjeros comunitarios (UE-28)	Mujeres	2
Junio 2014	44	Teruel	Extranjeros no comunitarios	RESTO DEL MUNDO	Extranjeros no comunitarios	Extranjeros no comunitarios	Mujeres	479
Junio 2014	50	Zaragoza	Españoles	ESPAÑA	Españoles	Españoles	Hombres	27202
Junio 2014	50	Zaragoza	Extranjeros comunitarios (UE-28)	RESTO DEL MUNDO	Extranjeros comunitarios (UE-27)	Extranjeros comunitarios (UE-28)	Hombres	3515
Junio 2014	50	Zaragoza	Extranjeros comunitarios (UE-28)	UNION EUROPEA	Extranjeros comunitarios (UE-27)	Extranjeros comunitarios (UE-28)	Hombres	377
Junio 2014	50	Zaragoza	Extranjeros comunitarios (UE-28)	UNION EUROPEA	Extranjeros no comunitarios	Extranjeros comunitarios (UE-28)	Hombres	6
Junio 2014	50	Zaragoza	Extranjeros no comunitarios	RESTO DEL MUNDO	Extranjeros no comunitarios	Extranjeros no comunitarios	Hombres	4778
Junio 2014	50	Zaragoza	No consta	No consta		No consta	Hombres	4
Junio 2014	50	Zaragoza	Españoles	ESPAÑA	Españoles	Españoles	Mujeres	33149
Junio 2014	50	Zaragoza	Extranjeros comunitarios (UE-28)	RESTO DEL MUNDO	Extranjeros comunitarios (UE-27)	Extranjeros comunitarios (UE-28)	Mujeres	2857
Junio 2014	50	Zaragoza	Extranjeros comunitarios (UE-28)	UNION EUROPEA	Extranjeros comunitarios (UE-27)	Extranjeros comunitarios (UE-28)	Mujeres	358
Junio 2014	50	Zaragoza	Extranjeros comunitarios (UE-28)	UNION EUROPEA	Extranjeros no comunitarios	Extranjeros comunitarios (UE-28)	Mujeres	6
Junio 2014	50	Zaragoza	Extranjeros no comunitarios	RESTO DEL MUNDO	Extranjeros no comunitarios	Extranjeros no comunitarios	Mujeres	4107
Mayo 2014	22	Huesca	Españoles	ESPAÑA	Españoles	Españoles	Hombres	5251
Mayo 2014	22	Huesca	Extranjeros comunitarios (UE-28)	RESTO DEL MUNDO	Extranjeros comunitarios (UE-27)	Extranjeros comunitarios (UE-28)	Hombres	489
Mayo 2014	22	Huesca	Extranjeros comunitarios (UE-28)	UNION EUROPEA	Extranjeros comunitarios (UE-27)	Extranjeros comunitarios (UE-28)	Hombres	119
Mayo 2014	22	Huesca	Extranjeros comunitarios (UE-28)	UNION EUROPEA	Extranjeros no comunitarios	Extranjeros comunitarios (UE-28)	Hombres	2
Mayo 2014	22	Huesca	Extranjeros no comunitarios	RESTO DEL MUNDO	Extranjeros no comunitarios	Extranjeros no comunitarios	Hombres	715
Mayo 2014	22	Huesca	Españoles	ESPAÑA	Españoles	Españoles	Mujeres	5615
Mayo 2014	22	Huesca	Extranjeros comunitarios (UE-28)	RESTO DEL MUNDO	Extranjeros comunitarios (UE-27)	Extranjeros comunitarios (UE-28)	Mujeres	503
Mayo 2014	22	Huesca	Extranjeros comunitarios (UE-28)	UNION EUROPEA	Extranjeros comunitarios (UE-27)	Extranjeros comunitarios (UE-28)	Mujeres	115
Mayo 2014	22	Huesca	Extranjeros comunitarios (UE-28)	UNION EUROPEA	Extranjeros no comunitarios	Extranjeros comunitarios (UE-28)	Mujeres	2
Mayo 2014	22	Huesca	Extranjeros no comunitarios	RESTO DEL MUNDO	Extranjeros no comunitarios	Extranjeros no comunitarios	Mujeres	682
Mayo 2014	22	Huesca	No consta	No consta		No consta	Mujeres	1
Mayo 2014	44	Teruel	Españoles	ESPAÑA	Españoles	Españoles	Hombres	3584
Mayo 2014	44	Teruel	Extranjeros comunitarios (UE-28)	RESTO DEL MUNDO	Extranjeros comunitarios (UE-27)	Extranjeros comunitarios (UE-28)	Hombres	441
Mayo 2014	44	Teruel	Extranjeros comunitarios (UE-28)	UNION EUROPEA	Extranjeros comunitarios (UE-27)	Extranjeros comunitarios (UE-28)	Hombres	79
Mayo 2014	44	Teruel	Extranjeros comunitarios (UE-28)	UNION EUROPEA	Extranjeros no comunitarios	Extranjeros comunitarios (UE-28)	Hombres	2
Mayo 2014	44	Teruel	Extranjeros no comunitarios	RESTO DEL MUNDO	Extranjeros no comunitarios	Extranjeros no comunitarios	Hombres	695
Mayo 2014	44	Teruel	Españoles	ESPAÑA	Españoles	Españoles	Mujeres	3891
Mayo 2014	44	Teruel	Extranjeros comunitarios (UE-28)	RESTO DEL MUNDO	Extranjeros comunitarios (UE-27)	Extranjeros comunitarios (UE-28)	Mujeres	418
Mayo 2014	44	Teruel	Extranjeros comunitarios (UE-28)	UNION EUROPEA	Extranjeros comunitarios (UE-27)	Extranjeros comunitarios (UE-28)	Mujeres	50
Mayo 2014	44	Teruel	Extranjeros comunitarios (UE-28)	UNION EUROPEA	Extranjeros no comunitarios	Extranjeros comunitarios (UE-28)	Mujeres	2
Mayo 2014	44	Teruel	Extranjeros no comunitarios	RESTO DEL MUNDO	Extranjeros no comunitarios	Extranjeros no comunitarios	Mujeres	495
Mayo 2014	50	Zaragoza	Españoles	ESPAÑA	Españoles	Españoles	Hombres	28040
Mayo 2014	50	Zaragoza	Extranjeros comunitarios (UE-28)	RESTO DEL MUNDO	Extranjeros comunitarios (UE-27)	Extranjeros comunitarios (UE-28)	Hombres	3803
Mayo 2014	50	Zaragoza	Extranjeros comunitarios (UE-28)	UNION EUROPEA	Extranjeros comunitarios (UE-27)	Extranjeros comunitarios (UE-28)	Hombres	396
Mayo 2014	50	Zaragoza	Extranjeros comunitarios (UE-28)	UNION EUROPEA	Extranjeros no comunitarios	Extranjeros comunitarios (UE-28)	Hombres	2
Mayo 2014	50	Zaragoza	Extranjeros no comunitarios	RESTO DEL MUNDO	Extranjeros no comunitarios	Extranjeros no comunitarios	Hombres	4918
Mayo 2014	50	Zaragoza	No consta	No consta		No consta	Hombres	4
Mayo 2014	50	Zaragoza	Españoles	ESPAÑA	Españoles	Españoles	Mujeres	34019
Mayo 2014	50	Zaragoza	Extranjeros comunitarios (UE-28)	RESTO DEL MUNDO	Extranjeros comunitarios (UE-27)	Extranjeros comunitarios (UE-28)	Mujeres	2950
Mayo 2014	50	Zaragoza	Extranjeros comunitarios (UE-28)	UNION EUROPEA	Extranjeros comunitarios (UE-27)	Extranjeros comunitarios (UE-28)	Mujeres	369
Mayo 2014	50	Zaragoza	Extranjeros comunitarios (UE-28)	UNION EUROPEA	Extranjeros no comunitarios	Extranjeros comunitarios (UE-28)	Mujeres	6
Mayo 2014	50	Zaragoza	Extranjeros no comunitarios	RESTO DEL MUNDO	Extranjeros no comunitarios	Extranjeros no comunitarios	Mujeres	4282
Mayo 2014	50	Zaragoza	No consta	No consta		No consta	Mujeres	2
Abril 2014	22	Huesca	Españoles	ESPAÑA	Españoles	Españoles	Hombres	5522
Abril 2014	22	Huesca	Extranjeros comunitarios (UE-28)	RESTO DEL MUNDO	Extranjeros comunitarios (UE-27)	Extranjeros comunitarios (UE-28)	Hombres	598
Abril 2014	22	Huesca	Extranjeros comunitarios (UE-28)	UNION EUROPEA	Extranjeros comunitarios (UE-27)	Extranjeros comunitarios (UE-28)	Hombres	136
Abril 2014	22	Huesca	Extranjeros comunitarios (UE-28)	UNION EUROPEA	Extranjeros no comunitarios	Extranjeros comunitarios (UE-28)	Hombres	1
Abril 2014	22	Huesca	Extranjeros no comunitarios	RESTO DEL MUNDO	Extranjeros no comunitarios	Extranjeros no comunitarios	Hombres	836
Abril 2014	22	Huesca	Españoles	ESPAÑA	Españoles	Españoles	Mujeres	5672
Abril 2014	22	Huesca	Extranjeros comunitarios (UE-28)	RESTO DEL MUNDO	Extranjeros comunitarios (UE-27)	Extranjeros comunitarios (UE-28)	Mujeres	602
Abril 2014	22	Huesca	Extranjeros comunitarios (UE-28)	UNION EUROPEA	Extranjeros comunitarios (UE-27)	Extranjeros comunitarios (UE-28)	Mujeres	130
Abril 2014	22	Huesca	Extranjeros comunitarios (UE-28)	UNION EUROPEA	Extranjeros no comunitarios	Extranjeros comunitarios (UE-28)	Mujeres	3
Abril 2014	22	Huesca	Extranjeros no comunitarios	RESTO DEL MUNDO	Extranjeros no comunitarios	Extranjeros no comunitarios	Mujeres	713
Abril 2014	22	Huesca	No consta	No consta		No consta	Mujeres	1
Abril 2014	44	Teruel	Españoles	ESPAÑA	Españoles	Españoles	Hombres	3767
Abril 2014	44	Teruel	Extranjeros comunitarios (UE-28)	RESTO DEL MUNDO	Extranjeros comunitarios (UE-27)	Extranjeros comunitarios (UE-28)	Hombres	514
Abril 2014	44	Teruel	Extranjeros comunitarios (UE-28)	UNION EUROPEA	Extranjeros comunitarios (UE-27)	Extranjeros comunitarios (UE-28)	Hombres	86
Abril 2014	44	Teruel	Extranjeros comunitarios (UE-28)	UNION EUROPEA	Extranjeros no comunitarios	Extranjeros comunitarios (UE-28)	Hombres	2
Abril 2014	44	Teruel	Extranjeros no comunitarios	RESTO DEL MUNDO	Extranjeros no comunitarios	Extranjeros no comunitarios	Hombres	816
Abril 2014	44	Teruel	Españoles	ESPAÑA	Españoles	Españoles	Mujeres	3852
Abril 2014	44	Teruel	Extranjeros comunitarios (UE-28)	RESTO DEL MUNDO	Extranjeros comunitarios (UE-27)	Extranjeros comunitarios (UE-28)	Mujeres	483
Abril 2014	44	Teruel	Extranjeros comunitarios (UE-28)	UNION EUROPEA	Extranjeros comunitarios (UE-27)	Extranjeros comunitarios (UE-28)	Mujeres	57
Abril 2014	44	Teruel	Extranjeros comunitarios (UE-28)	UNION EUROPEA	Extranjeros no comunitarios	Extranjeros comunitarios (UE-28)	Mujeres	2
Abril 2014	44	Teruel	Extranjeros no comunitarios	RESTO DEL MUNDO	Extranjeros no comunitarios	Extranjeros no comunitarios	Mujeres	505
Abril 2014	50	Zaragoza	Españoles	ESPAÑA	Españoles	Españoles	Hombres	28805
Abril 2014	50	Zaragoza	Extranjeros comunitarios (UE-28)	RESTO DEL MUNDO	Extranjeros comunitarios (UE-27)	Extranjeros comunitarios (UE-28)	Hombres	4152
Abril 2014	50	Zaragoza	Extranjeros comunitarios (UE-28)	UNION EUROPEA	Extranjeros comunitarios (UE-27)	Extranjeros comunitarios (UE-28)	Hombres	430
Abril 2014	50	Zaragoza	Extranjeros comunitarios (UE-28)	UNION EUROPEA	Extranjeros no comunitarios	Extranjeros comunitarios (UE-28)	Hombres	7
Abril 2014	50	Zaragoza	Extranjeros no comunitarios	RESTO DEL MUNDO	Extranjeros no comunitarios	Extranjeros no comunitarios	Hombres	5625
Abril 2014	50	Zaragoza	No consta	No consta		No consta	Hombres	4
Abril 2014	50	Zaragoza	Españoles	ESPAÑA	Españoles	Españoles	Mujeres	34023
Abril 2014	50	Zaragoza	Extranjeros comunitarios (UE-28)	RESTO DEL MUNDO	Extranjeros comunitarios (UE-27)	Extranjeros comunitarios (UE-28)	Mujeres	3184
Abril 2014	50	Zaragoza	Extranjeros comunitarios (UE-28)	UNION EUROPEA	Extranjeros comunitarios (UE-27)	Extranjeros comunitarios (UE-28)	Mujeres	378
Abril 2014	50	Zaragoza	Extranjeros comunitarios (UE-28)	UNION EUROPEA	Extranjeros no comunitarios	Extranjeros comunitarios (UE-28)	Mujeres	6
Abril 2014	50	Zaragoza	Extranjeros no comunitarios	RESTO DEL MUNDO	Extranjeros no comunitarios	Extranjeros no comunitarios	Mujeres	4460
Abril 2014	50	Zaragoza	No consta	No consta		No consta	Mujeres	2
Marzo 2014	22	Huesca	Españoles	ESPAÑA	Españoles	Españoles	Hombres	5644
Marzo 2014	22	Huesca	Extranjeros comunitarios (UE-28)	RESTO DEL MUNDO	Extranjeros comunitarios (UE-27)	Extranjeros comunitarios (UE-28)	Hombres	652
Marzo 2014	22	Huesca	Extranjeros comunitarios (UE-28)	UNION EUROPEA	Extranjeros comunitarios (UE-27)	Extranjeros comunitarios (UE-28)	Hombres	151
Marzo 2014	22	Huesca	Extranjeros comunitarios (UE-28)	UNION EUROPEA	Extranjeros no comunitarios	Extranjeros comunitarios (UE-28)	Hombres	1
Marzo 2014	22	Huesca	Extranjeros no comunitarios	RESTO DEL MUNDO	Extranjeros no comunitarios	Extranjeros no comunitarios	Hombres	916
Marzo 2014	22	Huesca	Españoles	ESPAÑA	Españoles	Españoles	Mujeres	5765
Marzo 2014	22	Huesca	Extranjeros comunitarios (UE-28)	RESTO DEL MUNDO	Extranjeros comunitarios (UE-27)	Extranjeros comunitarios (UE-28)	Mujeres	723
Marzo 2014	22	Huesca	Extranjeros comunitarios (UE-28)	UNION EUROPEA	Extranjeros comunitarios (UE-27)	Extranjeros comunitarios (UE-28)	Mujeres	142
Marzo 2014	22	Huesca	Extranjeros comunitarios (UE-28)	UNION EUROPEA	Extranjeros no comunitarios	Extranjeros comunitarios (UE-28)	Mujeres	3
Marzo 2014	22	Huesca	Extranjeros no comunitarios	RESTO DEL MUNDO	Extranjeros no comunitarios	Extranjeros no comunitarios	Mujeres	726
Marzo 2014	22	Huesca	No consta	No consta		No consta	Mujeres	1
Marzo 2014	44	Teruel	Españoles	ESPAÑA	Españoles	Españoles	Hombres	3987
Marzo 2014	44	Teruel	Extranjeros comunitarios (UE-28)	RESTO DEL MUNDO	Extranjeros comunitarios (UE-27)	Extranjeros comunitarios (UE-28)	Hombres	557
Marzo 2014	44	Teruel	Extranjeros comunitarios (UE-28)	UNION EUROPEA	Extranjeros comunitarios (UE-27)	Extranjeros comunitarios (UE-28)	Hombres	94
Marzo 2014	44	Teruel	Extranjeros comunitarios (UE-28)	UNION EUROPEA	Extranjeros no comunitarios	Extranjeros comunitarios (UE-28)	Hombres	1
Marzo 2014	44	Teruel	Extranjeros no comunitarios	RESTO DEL MUNDO	Extranjeros no comunitarios	Extranjeros no comunitarios	Hombres	872
Marzo 2014	44	Teruel	Españoles	ESPAÑA	Españoles	Españoles	Mujeres	4058
Marzo 2014	44	Teruel	Extranjeros comunitarios (UE-28)	RESTO DEL MUNDO	Extranjeros comunitarios (UE-27)	Extranjeros comunitarios (UE-28)	Mujeres	511
Marzo 2014	44	Teruel	Extranjeros comunitarios (UE-28)	UNION EUROPEA	Extranjeros comunitarios (UE-27)	Extranjeros comunitarios (UE-28)	Mujeres	60
Marzo 2014	44	Teruel	Extranjeros comunitarios (UE-28)	UNION EUROPEA	Extranjeros no comunitarios	Extranjeros comunitarios (UE-28)	Mujeres	2
Marzo 2014	44	Teruel	Extranjeros no comunitarios	RESTO DEL MUNDO	Extranjeros no comunitarios	Extranjeros no comunitarios	Mujeres	517
Marzo 2014	50	Zaragoza	Españoles	ESPAÑA	Españoles	Españoles	Hombres	29582
Marzo 2014	50	Zaragoza	Extranjeros comunitarios (UE-28)	RESTO DEL MUNDO	Extranjeros comunitarios (UE-27)	Extranjeros comunitarios (UE-28)	Hombres	4268
Marzo 2014	50	Zaragoza	Extranjeros comunitarios (UE-28)	UNION EUROPEA	Extranjeros comunitarios (UE-27)	Extranjeros comunitarios (UE-28)	Hombres	431
Marzo 2014	50	Zaragoza	Extranjeros comunitarios (UE-28)	UNION EUROPEA	Extranjeros no comunitarios	Extranjeros comunitarios (UE-28)	Hombres	7
Marzo 2014	50	Zaragoza	Extranjeros no comunitarios	RESTO DEL MUNDO	Extranjeros no comunitarios	Extranjeros no comunitarios	Hombres	5866
Marzo 2014	50	Zaragoza	No consta	No consta		No consta	Hombres	4
Marzo 2014	50	Zaragoza	Españoles	ESPAÑA	Españoles	Españoles	Mujeres	34973
Marzo 2014	50	Zaragoza	Extranjeros comunitarios (UE-28)	RESTO DEL MUNDO	Extranjeros comunitarios (UE-27)	Extranjeros comunitarios (UE-28)	Mujeres	3378
Marzo 2014	50	Zaragoza	Extranjeros comunitarios (UE-28)	UNION EUROPEA	Extranjeros comunitarios (UE-27)	Extranjeros comunitarios (UE-28)	Mujeres	397
Marzo 2014	50	Zaragoza	Extranjeros comunitarios (UE-28)	UNION EUROPEA	Extranjeros no comunitarios	Extranjeros comunitarios (UE-28)	Mujeres	11
Marzo 2014	50	Zaragoza	Extranjeros no comunitarios	RESTO DEL MUNDO	Extranjeros no comunitarios	Extranjeros no comunitarios	Mujeres	4560
Marzo 2014	50	Zaragoza	No consta	No consta		No consta	Mujeres	2
Febrero 2014	22	Huesca	Españoles	ESPAÑA	Españoles	Españoles	Hombres	5820
Febrero 2014	22	Huesca	Extranjeros comunitarios (UE-28)	RESTO DEL MUNDO	Extranjeros comunitarios (UE-27)	Extranjeros comunitarios (UE-28)	Hombres	692
Febrero 2014	22	Huesca	Extranjeros comunitarios (UE-28)	UNION EUROPEA	Extranjeros comunitarios (UE-27)	Extranjeros comunitarios (UE-28)	Hombres	156
Febrero 2014	22	Huesca	Extranjeros comunitarios (UE-28)	UNION EUROPEA	Extranjeros no comunitarios	Extranjeros comunitarios (UE-28)	Hombres	1
Febrero 2014	22	Huesca	Extranjeros no comunitarios	RESTO DEL MUNDO	Extranjeros no comunitarios	Extranjeros no comunitarios	Hombres	891
Febrero 2014	22	Huesca	Españoles	ESPAÑA	Españoles	Españoles	Mujeres	5866
Febrero 2014	22	Huesca	Extranjeros comunitarios (UE-28)	RESTO DEL MUNDO	Extranjeros comunitarios (UE-27)	Extranjeros comunitarios (UE-28)	Mujeres	724
Febrero 2014	22	Huesca	Extranjeros comunitarios (UE-28)	UNION EUROPEA	Extranjeros comunitarios (UE-27)	Extranjeros comunitarios (UE-28)	Mujeres	149
Febrero 2014	22	Huesca	Extranjeros comunitarios (UE-28)	UNION EUROPEA	Extranjeros no comunitarios	Extranjeros comunitarios (UE-28)	Mujeres	3
Febrero 2014	22	Huesca	Extranjeros no comunitarios	RESTO DEL MUNDO	Extranjeros no comunitarios	Extranjeros no comunitarios	Mujeres	734
Febrero 2014	22	Huesca	No consta	No consta		No consta	Mujeres	1
Febrero 2014	44	Teruel	Españoles	ESPAÑA	Españoles	Españoles	Hombres	4062
Febrero 2014	44	Teruel	Extranjeros comunitarios (UE-28)	RESTO DEL MUNDO	Extranjeros comunitarios (UE-27)	Extranjeros comunitarios (UE-28)	Hombres	552
Febrero 2014	44	Teruel	Extranjeros comunitarios (UE-28)	UNION EUROPEA	Extranjeros comunitarios (UE-27)	Extranjeros comunitarios (UE-28)	Hombres	95
Febrero 2014	44	Teruel	Extranjeros comunitarios (UE-28)	UNION EUROPEA	Extranjeros no comunitarios	Extranjeros comunitarios (UE-28)	Hombres	1
Febrero 2014	44	Teruel	Extranjeros no comunitarios	RESTO DEL MUNDO	Extranjeros no comunitarios	Extranjeros no comunitarios	Hombres	893
Febrero 2014	44	Teruel	Españoles	ESPAÑA	Españoles	Españoles	Mujeres	4062
Febrero 2014	44	Teruel	Extranjeros comunitarios (UE-28)	RESTO DEL MUNDO	Extranjeros comunitarios (UE-27)	Extranjeros comunitarios (UE-28)	Mujeres	469
Febrero 2014	44	Teruel	Extranjeros comunitarios (UE-28)	UNION EUROPEA	Extranjeros comunitarios (UE-27)	Extranjeros comunitarios (UE-28)	Mujeres	63
Febrero 2014	44	Teruel	Extranjeros comunitarios (UE-28)	UNION EUROPEA	Extranjeros no comunitarios	Extranjeros comunitarios (UE-28)	Mujeres	2
Febrero 2014	44	Teruel	Extranjeros no comunitarios	RESTO DEL MUNDO	Extranjeros no comunitarios	Extranjeros no comunitarios	Mujeres	511
Febrero 2014	50	Zaragoza	Españoles	ESPAÑA	Españoles	Españoles	Hombres	30246
Febrero 2014	50	Zaragoza	Extranjeros comunitarios (UE-28)	RESTO DEL MUNDO	Extranjeros comunitarios (UE-27)	Extranjeros comunitarios (UE-28)	Hombres	4095
Febrero 2014	50	Zaragoza	Extranjeros comunitarios (UE-28)	UNION EUROPEA	Extranjeros comunitarios (UE-27)	Extranjeros comunitarios (UE-28)	Hombres	432
Febrero 2014	50	Zaragoza	Extranjeros comunitarios (UE-28)	UNION EUROPEA	Extranjeros no comunitarios	Extranjeros comunitarios (UE-28)	Hombres	10
Febrero 2014	50	Zaragoza	Extranjeros no comunitarios	RESTO DEL MUNDO	Extranjeros no comunitarios	Extranjeros no comunitarios	Hombres	5769
Febrero 2014	50	Zaragoza	No consta	No consta		No consta	Hombres	4
Febrero 2014	50	Zaragoza	Españoles	ESPAÑA	Españoles	Españoles	Mujeres	35358
Febrero 2014	50	Zaragoza	Extranjeros comunitarios (UE-28)	RESTO DEL MUNDO	Extranjeros comunitarios (UE-27)	Extranjeros comunitarios (UE-28)	Mujeres	3130
Febrero 2014	50	Zaragoza	Extranjeros comunitarios (UE-28)	UNION EUROPEA	Extranjeros comunitarios (UE-27)	Extranjeros comunitarios (UE-28)	Mujeres	405
Febrero 2014	50	Zaragoza	Extranjeros comunitarios (UE-28)	UNION EUROPEA	Extranjeros no comunitarios	Extranjeros comunitarios (UE-28)	Mujeres	8
Febrero 2014	50	Zaragoza	Extranjeros no comunitarios	RESTO DEL MUNDO	Extranjeros no comunitarios	Extranjeros no comunitarios	Mujeres	4568
Febrero 2014	50	Zaragoza	No consta	No consta		No consta	Mujeres	2
Enero 2014	22	Huesca	Españoles	ESPAÑA	Españoles	Españoles	Hombres	6100
Enero 2014	22	Huesca	Extranjeros comunitarios (UE-28)	RESTO DEL MUNDO	Extranjeros comunitarios (UE-27)	Extranjeros comunitarios (UE-28)	Hombres	666
Enero 2014	22	Huesca	Extranjeros comunitarios (UE-28)	UNION EUROPEA	Extranjeros comunitarios (UE-27)	Extranjeros comunitarios (UE-28)	Hombres	163
Enero 2014	22	Huesca	Extranjeros comunitarios (UE-28)	UNION EUROPEA	Extranjeros no comunitarios	Extranjeros comunitarios (UE-28)	Hombres	1
Enero 2014	22	Huesca	Extranjeros no comunitarios	RESTO DEL MUNDO	Extranjeros no comunitarios	Extranjeros no comunitarios	Hombres	901
Enero 2014	22	Huesca	Españoles	ESPAÑA	Españoles	Españoles	Mujeres	6189
Enero 2014	22	Huesca	Extranjeros comunitarios (UE-28)	RESTO DEL MUNDO	Extranjeros comunitarios (UE-27)	Extranjeros comunitarios (UE-28)	Mujeres	699
Enero 2014	22	Huesca	Extranjeros comunitarios (UE-28)	UNION EUROPEA	Extranjeros comunitarios (UE-27)	Extranjeros comunitarios (UE-28)	Mujeres	146
Enero 2014	22	Huesca	Extranjeros comunitarios (UE-28)	UNION EUROPEA	Extranjeros no comunitarios	Extranjeros comunitarios (UE-28)	Mujeres	2
Enero 2014	22	Huesca	Extranjeros no comunitarios	RESTO DEL MUNDO	Extranjeros no comunitarios	Extranjeros no comunitarios	Mujeres	724
Enero 2014	22	Huesca	No consta	No consta		No consta	Mujeres	1
Enero 2014	44	Teruel	Españoles	ESPAÑA	Españoles	Españoles	Hombres	4304
Enero 2014	44	Teruel	Extranjeros comunitarios (UE-28)	RESTO DEL MUNDO	Extranjeros comunitarios (UE-27)	Extranjeros comunitarios (UE-28)	Hombres	571
Enero 2014	44	Teruel	Extranjeros comunitarios (UE-28)	UNION EUROPEA	Extranjeros comunitarios (UE-27)	Extranjeros comunitarios (UE-28)	Hombres	100
Enero 2014	44	Teruel	Extranjeros comunitarios (UE-28)	UNION EUROPEA	Extranjeros no comunitarios	Extranjeros comunitarios (UE-28)	Hombres	1
Enero 2014	44	Teruel	Extranjeros no comunitarios	RESTO DEL MUNDO	Extranjeros no comunitarios	Extranjeros no comunitarios	Hombres	927
Enero 2014	44	Teruel	Españoles	ESPAÑA	Españoles	Españoles	Mujeres	4352
Enero 2014	44	Teruel	Extranjeros comunitarios (UE-28)	RESTO DEL MUNDO	Extranjeros comunitarios (UE-27)	Extranjeros comunitarios (UE-28)	Mujeres	484
Enero 2014	44	Teruel	Extranjeros comunitarios (UE-28)	UNION EUROPEA	Extranjeros comunitarios (UE-27)	Extranjeros comunitarios (UE-28)	Mujeres	72
Enero 2014	44	Teruel	Extranjeros comunitarios (UE-28)	UNION EUROPEA	Extranjeros no comunitarios	Extranjeros comunitarios (UE-28)	Mujeres	2
Enero 2014	44	Teruel	Extranjeros no comunitarios	RESTO DEL MUNDO	Extranjeros no comunitarios	Extranjeros no comunitarios	Mujeres	521
Enero 2014	50	Zaragoza	Españoles	ESPAÑA	Españoles	Españoles	Hombres	32221
Enero 2014	50	Zaragoza	Extranjeros comunitarios (UE-28)	RESTO DEL MUNDO	Extranjeros comunitarios (UE-27)	Extranjeros comunitarios (UE-28)	Hombres	4027
Enero 2014	50	Zaragoza	Extranjeros comunitarios (UE-28)	UNION EUROPEA	Extranjeros comunitarios (UE-27)	Extranjeros comunitarios (UE-28)	Hombres	466
Enero 2014	50	Zaragoza	Extranjeros comunitarios (UE-28)	UNION EUROPEA	Extranjeros no comunitarios	Extranjeros comunitarios (UE-28)	Hombres	5
Enero 2014	50	Zaragoza	Extranjeros no comunitarios	RESTO DEL MUNDO	Extranjeros no comunitarios	Extranjeros no comunitarios	Hombres	5869
Enero 2014	50	Zaragoza	No consta	No consta		No consta	Hombres	4
Enero 2014	50	Zaragoza	Españoles	ESPAÑA	Españoles	Españoles	Mujeres	37361
Enero 2014	50	Zaragoza	Extranjeros comunitarios (UE-28)	RESTO DEL MUNDO	Extranjeros comunitarios (UE-27)	Extranjeros comunitarios (UE-28)	Mujeres	2940
Enero 2014	50	Zaragoza	Extranjeros comunitarios (UE-28)	UNION EUROPEA	Extranjeros comunitarios (UE-27)	Extranjeros comunitarios (UE-28)	Mujeres	403
Enero 2014	50	Zaragoza	Extranjeros comunitarios (UE-28)	UNION EUROPEA	Extranjeros no comunitarios	Extranjeros comunitarios (UE-28)	Mujeres	10
Enero 2014	50	Zaragoza	Extranjeros no comunitarios	RESTO DEL MUNDO	Extranjeros no comunitarios	Extranjeros no comunitarios	Mujeres	4584
Enero 2014	50	Zaragoza	No consta	No consta		No consta	Mujeres	3
Diciembre 2013	22	Huesca	Españoles	ESPAÑA	Españoles	Españoles	Hombres	5904
Diciembre 2013	22	Huesca	Extranjeros comunitarios (UE-28)	RESTO DEL MUNDO	Extranjeros comunitarios (UE-27)	Extranjeros comunitarios (UE-28)	Hombres	603
Diciembre 2013	22	Huesca	Extranjeros comunitarios (UE-28)	UNION EUROPEA	Extranjeros comunitarios (UE-27)	Extranjeros comunitarios (UE-28)	Hombres	158
Diciembre 2013	22	Huesca	Extranjeros comunitarios (UE-28)	UNION EUROPEA	Extranjeros no comunitarios	Extranjeros comunitarios (UE-28)	Hombres	2
Diciembre 2013	22	Huesca	Extranjeros no comunitarios	RESTO DEL MUNDO	Extranjeros no comunitarios	Extranjeros no comunitarios	Hombres	894
Diciembre 2013	22	Huesca	Españoles	ESPAÑA	Españoles	Españoles	Mujeres	5938
Diciembre 2013	22	Huesca	Extranjeros comunitarios (UE-28)	RESTO DEL MUNDO	Extranjeros comunitarios (UE-27)	Extranjeros comunitarios (UE-28)	Mujeres	676
Diciembre 2013	22	Huesca	Extranjeros comunitarios (UE-28)	UNION EUROPEA	Extranjeros comunitarios (UE-27)	Extranjeros comunitarios (UE-28)	Mujeres	142
Diciembre 2013	22	Huesca	Extranjeros comunitarios (UE-28)	UNION EUROPEA	Extranjeros no comunitarios	Extranjeros comunitarios (UE-28)	Mujeres	2
Diciembre 2013	22	Huesca	Extranjeros no comunitarios	RESTO DEL MUNDO	Extranjeros no comunitarios	Extranjeros no comunitarios	Mujeres	696
Diciembre 2013	22	Huesca	No consta	No consta		No consta	Mujeres	1
Diciembre 2013	44	Teruel	Españoles	ESPAÑA	Españoles	Españoles	Hombres	4101
Diciembre 2013	44	Teruel	Extranjeros comunitarios (UE-28)	RESTO DEL MUNDO	Extranjeros comunitarios (UE-27)	Extranjeros comunitarios (UE-28)	Hombres	547
Diciembre 2013	44	Teruel	Extranjeros comunitarios (UE-28)	UNION EUROPEA	Extranjeros comunitarios (UE-27)	Extranjeros comunitarios (UE-28)	Hombres	89
Diciembre 2013	44	Teruel	Extranjeros comunitarios (UE-28)	UNION EUROPEA	Extranjeros no comunitarios	Extranjeros comunitarios (UE-28)	Hombres	2
Diciembre 2013	44	Teruel	Extranjeros no comunitarios	RESTO DEL MUNDO	Extranjeros no comunitarios	Extranjeros no comunitarios	Hombres	908
Diciembre 2013	44	Teruel	Españoles	ESPAÑA	Españoles	Españoles	Mujeres	4187
Diciembre 2013	44	Teruel	Extranjeros comunitarios (UE-28)	RESTO DEL MUNDO	Extranjeros comunitarios (UE-27)	Extranjeros comunitarios (UE-28)	Mujeres	436
Diciembre 2013	44	Teruel	Extranjeros comunitarios (UE-28)	UNION EUROPEA	Extranjeros comunitarios (UE-27)	Extranjeros comunitarios (UE-28)	Mujeres	69
Diciembre 2013	44	Teruel	Extranjeros comunitarios (UE-28)	UNION EUROPEA	Extranjeros no comunitarios	Extranjeros comunitarios (UE-28)	Mujeres	2
Diciembre 2013	44	Teruel	Extranjeros no comunitarios	RESTO DEL MUNDO	Extranjeros no comunitarios	Extranjeros no comunitarios	Mujeres	505
Diciembre 2013	50	Zaragoza	Españoles	ESPAÑA	Españoles	Españoles	Hombres	31765
Diciembre 2013	50	Zaragoza	Extranjeros comunitarios (UE-28)	RESTO DEL MUNDO	Extranjeros comunitarios (UE-27)	Extranjeros comunitarios (UE-28)	Hombres	3824
Diciembre 2013	50	Zaragoza	Extranjeros comunitarios (UE-28)	UNION EUROPEA	Extranjeros comunitarios (UE-27)	Extranjeros comunitarios (UE-28)	Hombres	471
Diciembre 2013	50	Zaragoza	Extranjeros comunitarios (UE-28)	UNION EUROPEA	Extranjeros no comunitarios	Extranjeros comunitarios (UE-28)	Hombres	6
Diciembre 2013	50	Zaragoza	Extranjeros no comunitarios	RESTO DEL MUNDO	Extranjeros no comunitarios	Extranjeros no comunitarios	Hombres	5928
Diciembre 2013	50	Zaragoza	No consta	No consta		No consta	Hombres	4
Diciembre 2013	50	Zaragoza	Españoles	ESPAÑA	Españoles	Españoles	Mujeres	35475
Diciembre 2013	50	Zaragoza	Extranjeros comunitarios (UE-28)	RESTO DEL MUNDO	Extranjeros comunitarios (UE-27)	Extranjeros comunitarios (UE-28)	Mujeres	2578
Diciembre 2013	50	Zaragoza	Extranjeros comunitarios (UE-28)	UNION EUROPEA	Extranjeros comunitarios (UE-27)	Extranjeros comunitarios (UE-28)	Mujeres	399
Diciembre 2013	50	Zaragoza	Extranjeros comunitarios (UE-28)	UNION EUROPEA	Extranjeros no comunitarios	Extranjeros comunitarios (UE-28)	Mujeres	6
Diciembre 2013	50	Zaragoza	Extranjeros no comunitarios	RESTO DEL MUNDO	Extranjeros no comunitarios	Extranjeros no comunitarios	Mujeres	4511
Diciembre 2013	50	Zaragoza	No consta	No consta		No consta	Mujeres	3
Noviembre 2013	22	Huesca	Españoles	ESPAÑA	Españoles	Españoles	Hombres	6095
Noviembre 2013	22	Huesca	Extranjeros comunitarios (UE-28)	RESTO DEL MUNDO	Extranjeros comunitarios (UE-27)	Extranjeros comunitarios (UE-28)	Hombres	638
Noviembre 2013	22	Huesca	Extranjeros comunitarios (UE-28)	UNION EUROPEA	Extranjeros comunitarios (UE-27)	Extranjeros comunitarios (UE-28)	Hombres	160
Noviembre 2013	22	Huesca	Extranjeros comunitarios (UE-28)	UNION EUROPEA	Extranjeros no comunitarios	Extranjeros comunitarios (UE-28)	Hombres	2
Noviembre 2013	22	Huesca	Extranjeros no comunitarios	RESTO DEL MUNDO	Extranjeros no comunitarios	Extranjeros no comunitarios	Hombres	971
Noviembre 2013	22	Huesca	Españoles	ESPAÑA	Españoles	Españoles	Mujeres	6355
Noviembre 2013	22	Huesca	Extranjeros comunitarios (UE-28)	RESTO DEL MUNDO	Extranjeros comunitarios (UE-27)	Extranjeros comunitarios (UE-28)	Mujeres	716
Noviembre 2013	22	Huesca	Extranjeros comunitarios (UE-28)	UNION EUROPEA	Extranjeros comunitarios (UE-27)	Extranjeros comunitarios (UE-28)	Mujeres	161
Noviembre 2013	22	Huesca	Extranjeros comunitarios (UE-28)	UNION EUROPEA	Extranjeros no comunitarios	Extranjeros comunitarios (UE-28)	Mujeres	3
Noviembre 2013	22	Huesca	Extranjeros no comunitarios	RESTO DEL MUNDO	Extranjeros no comunitarios	Extranjeros no comunitarios	Mujeres	726
Noviembre 2013	22	Huesca	No consta	No consta		No consta	Mujeres	1
Noviembre 2013	44	Teruel	Españoles	ESPAÑA	Españoles	Españoles	Hombres	4099
Noviembre 2013	44	Teruel	Extranjeros comunitarios (UE-28)	RESTO DEL MUNDO	Extranjeros comunitarios (UE-27)	Extranjeros comunitarios (UE-28)	Hombres	526
Noviembre 2013	44	Teruel	Extranjeros comunitarios (UE-28)	UNION EUROPEA	Extranjeros comunitarios (UE-27)	Extranjeros comunitarios (UE-28)	Hombres	86
Noviembre 2013	44	Teruel	Extranjeros comunitarios (UE-28)	UNION EUROPEA	Extranjeros no comunitarios	Extranjeros comunitarios (UE-28)	Hombres	2
Noviembre 2013	44	Teruel	Extranjeros no comunitarios	RESTO DEL MUNDO	Extranjeros no comunitarios	Extranjeros no comunitarios	Hombres	894
Noviembre 2013	44	Teruel	Españoles	ESPAÑA	Españoles	Españoles	Mujeres	4325
Noviembre 2013	44	Teruel	Extranjeros comunitarios (UE-28)	RESTO DEL MUNDO	Extranjeros comunitarios (UE-27)	Extranjeros comunitarios (UE-28)	Mujeres	429
Noviembre 2013	44	Teruel	Extranjeros comunitarios (UE-28)	UNION EUROPEA	Extranjeros comunitarios (UE-27)	Extranjeros comunitarios (UE-28)	Mujeres	71
Noviembre 2013	44	Teruel	Extranjeros comunitarios (UE-28)	UNION EUROPEA	Extranjeros no comunitarios	Extranjeros comunitarios (UE-28)	Mujeres	2
Noviembre 2013	44	Teruel	Extranjeros no comunitarios	RESTO DEL MUNDO	Extranjeros no comunitarios	Extranjeros no comunitarios	Mujeres	531
Noviembre 2013	50	Zaragoza	Españoles	ESPAÑA	Españoles	Españoles	Hombres	31914
Noviembre 2013	50	Zaragoza	Extranjeros comunitarios (UE-28)	RESTO DEL MUNDO	Extranjeros comunitarios (UE-27)	Extranjeros comunitarios (UE-28)	Hombres	3750
Noviembre 2013	50	Zaragoza	Extranjeros comunitarios (UE-28)	UNION EUROPEA	Extranjeros comunitarios (UE-27)	Extranjeros comunitarios (UE-28)	Hombres	472
Noviembre 2013	50	Zaragoza	Extranjeros comunitarios (UE-28)	UNION EUROPEA	Extranjeros no comunitarios	Extranjeros comunitarios (UE-28)	Hombres	7
Noviembre 2013	50	Zaragoza	Extranjeros no comunitarios	RESTO DEL MUNDO	Extranjeros no comunitarios	Extranjeros no comunitarios	Hombres	6027
Noviembre 2013	50	Zaragoza	No consta	No consta		No consta	Hombres	3
Noviembre 2013	50	Zaragoza	Españoles	ESPAÑA	Españoles	Españoles	Mujeres	36619
Noviembre 2013	50	Zaragoza	Extranjeros comunitarios (UE-28)	RESTO DEL MUNDO	Extranjeros comunitarios (UE-27)	Extranjeros comunitarios (UE-28)	Mujeres	2563
Noviembre 2013	50	Zaragoza	Extranjeros comunitarios (UE-28)	UNION EUROPEA	Extranjeros comunitarios (UE-27)	Extranjeros comunitarios (UE-28)	Mujeres	404
Noviembre 2013	50	Zaragoza	Extranjeros comunitarios (UE-28)	UNION EUROPEA	Extranjeros no comunitarios	Extranjeros comunitarios (UE-28)	Mujeres	7
Noviembre 2013	50	Zaragoza	Extranjeros no comunitarios	RESTO DEL MUNDO	Extranjeros no comunitarios	Extranjeros no comunitarios	Mujeres	4695
Noviembre 2013	50	Zaragoza	No consta	No consta		No consta	Mujeres	3
Octubre 2013	22	Huesca	Españoles	ESPAÑA	Españoles	Españoles	Hombres	6152
Octubre 2013	22	Huesca	Extranjeros comunitarios (UE-28)	RESTO DEL MUNDO	Extranjeros comunitarios (UE-27)	Extranjeros comunitarios (UE-28)	Hombres	677
Octubre 2013	22	Huesca	Extranjeros comunitarios (UE-28)	UNION EUROPEA	Extranjeros comunitarios (UE-27)	Extranjeros comunitarios (UE-28)	Hombres	150
Octubre 2013	22	Huesca	Extranjeros comunitarios (UE-28)	UNION EUROPEA	Extranjeros no comunitarios	Extranjeros comunitarios (UE-28)	Hombres	2
Octubre 2013	22	Huesca	Extranjeros no comunitarios	RESTO DEL MUNDO	Extranjeros no comunitarios	Extranjeros no comunitarios	Hombres	1025
Octubre 2013	22	Huesca	Españoles	ESPAÑA	Españoles	Españoles	Mujeres	6357
Octubre 2013	22	Huesca	Extranjeros comunitarios (UE-28)	RESTO DEL MUNDO	Extranjeros comunitarios (UE-27)	Extranjeros comunitarios (UE-28)	Mujeres	746
Octubre 2013	22	Huesca	Extranjeros comunitarios (UE-28)	UNION EUROPEA	Extranjeros comunitarios (UE-27)	Extranjeros comunitarios (UE-28)	Mujeres	154
Octubre 2013	22	Huesca	Extranjeros comunitarios (UE-28)	UNION EUROPEA	Extranjeros no comunitarios	Extranjeros comunitarios (UE-28)	Mujeres	3
Octubre 2013	22	Huesca	Extranjeros no comunitarios	RESTO DEL MUNDO	Extranjeros no comunitarios	Extranjeros no comunitarios	Mujeres	719
Octubre 2013	22	Huesca	No consta	No consta		No consta	Mujeres	1
Octubre 2013	44	Teruel	Españoles	ESPAÑA	Españoles	Españoles	Hombres	4114
Octubre 2013	44	Teruel	Extranjeros comunitarios (UE-28)	RESTO DEL MUNDO	Extranjeros comunitarios (UE-27)	Extranjeros comunitarios (UE-28)	Hombres	517
Octubre 2013	44	Teruel	Extranjeros comunitarios (UE-28)	UNION EUROPEA	Extranjeros comunitarios (UE-27)	Extranjeros comunitarios (UE-28)	Hombres	91
Octubre 2013	44	Teruel	Extranjeros comunitarios (UE-28)	UNION EUROPEA	Extranjeros no comunitarios	Extranjeros comunitarios (UE-28)	Hombres	2
Octubre 2013	44	Teruel	Extranjeros no comunitarios	RESTO DEL MUNDO	Extranjeros no comunitarios	Extranjeros no comunitarios	Hombres	860
Octubre 2013	44	Teruel	Españoles	ESPAÑA	Españoles	Españoles	Mujeres	4286
Octubre 2013	44	Teruel	Extranjeros comunitarios (UE-28)	RESTO DEL MUNDO	Extranjeros comunitarios (UE-27)	Extranjeros comunitarios (UE-28)	Mujeres	389
Octubre 2013	44	Teruel	Extranjeros comunitarios (UE-28)	UNION EUROPEA	Extranjeros comunitarios (UE-27)	Extranjeros comunitarios (UE-28)	Mujeres	67
Octubre 2013	44	Teruel	Extranjeros comunitarios (UE-28)	UNION EUROPEA	Extranjeros no comunitarios	Extranjeros comunitarios (UE-28)	Mujeres	2
Octubre 2013	44	Teruel	Extranjeros no comunitarios	RESTO DEL MUNDO	Extranjeros no comunitarios	Extranjeros no comunitarios	Mujeres	501
Octubre 2013	50	Zaragoza	Españoles	ESPAÑA	Españoles	Españoles	Hombres	32222
Octubre 2013	50	Zaragoza	Extranjeros comunitarios (UE-28)	RESTO DEL MUNDO	Extranjeros comunitarios (UE-27)	Extranjeros comunitarios (UE-28)	Hombres	3712
Octubre 2013	50	Zaragoza	Extranjeros comunitarios (UE-28)	UNION EUROPEA	Extranjeros comunitarios (UE-27)	Extranjeros comunitarios (UE-28)	Hombres	469
Octubre 2013	50	Zaragoza	Extranjeros comunitarios (UE-28)	UNION EUROPEA	Extranjeros no comunitarios	Extranjeros comunitarios (UE-28)	Hombres	8
Octubre 2013	50	Zaragoza	Extranjeros no comunitarios	RESTO DEL MUNDO	Extranjeros no comunitarios	Extranjeros no comunitarios	Hombres	5938
Octubre 2013	50	Zaragoza	No consta	No consta		No consta	Hombres	3
Octubre 2013	50	Zaragoza	Españoles	ESPAÑA	Españoles	Españoles	Mujeres	37270
Octubre 2013	50	Zaragoza	Extranjeros comunitarios (UE-28)	RESTO DEL MUNDO	Extranjeros comunitarios (UE-27)	Extranjeros comunitarios (UE-28)	Mujeres	2495
Octubre 2013	50	Zaragoza	Extranjeros comunitarios (UE-28)	UNION EUROPEA	Extranjeros comunitarios (UE-27)	Extranjeros comunitarios (UE-28)	Mujeres	403
Octubre 2013	50	Zaragoza	Extranjeros comunitarios (UE-28)	UNION EUROPEA	Extranjeros no comunitarios	Extranjeros comunitarios (UE-28)	Mujeres	7
Octubre 2013	50	Zaragoza	Extranjeros no comunitarios	RESTO DEL MUNDO	Extranjeros no comunitarios	Extranjeros no comunitarios	Mujeres	4694
Octubre 2013	50	Zaragoza	No consta	No consta		No consta	Mujeres	4
Septiembre 2013	22	Huesca	Españoles	ESPAÑA	Españoles	Españoles	Hombres	5966
Septiembre 2013	22	Huesca	Extranjeros comunitarios (UE-28)	RESTO DEL MUNDO	Extranjeros comunitarios (UE-27)	Extranjeros comunitarios (UE-28)	Hombres	653
Septiembre 2013	22	Huesca	Extranjeros comunitarios (UE-28)	UNION EUROPEA	Extranjeros comunitarios (UE-27)	Extranjeros comunitarios (UE-28)	Hombres	144
Septiembre 2013	22	Huesca	Extranjeros comunitarios (UE-28)	UNION EUROPEA	Extranjeros no comunitarios	Extranjeros comunitarios (UE-28)	Hombres	2
Septiembre 2013	22	Huesca	Extranjeros no comunitarios	RESTO DEL MUNDO	Extranjeros no comunitarios	Extranjeros no comunitarios	Hombres	964
Septiembre 2013	22	Huesca	Españoles	ESPAÑA	Españoles	Españoles	Mujeres	6047
Septiembre 2013	22	Huesca	Extranjeros comunitarios (UE-28)	RESTO DEL MUNDO	Extranjeros comunitarios (UE-27)	Extranjeros comunitarios (UE-28)	Mujeres	629
Septiembre 2013	22	Huesca	Extranjeros comunitarios (UE-28)	UNION EUROPEA	Extranjeros comunitarios (UE-27)	Extranjeros comunitarios (UE-28)	Mujeres	132
Septiembre 2013	22	Huesca	Extranjeros comunitarios (UE-28)	UNION EUROPEA	Extranjeros no comunitarios	Extranjeros comunitarios (UE-28)	Mujeres	5
Septiembre 2013	22	Huesca	Extranjeros no comunitarios	RESTO DEL MUNDO	Extranjeros no comunitarios	Extranjeros no comunitarios	Mujeres	659
Septiembre 2013	22	Huesca	No consta	No consta		No consta	Mujeres	1
Septiembre 2013	44	Teruel	Españoles	ESPAÑA	Españoles	Españoles	Hombres	3887
Septiembre 2013	44	Teruel	Extranjeros comunitarios (UE-28)	RESTO DEL MUNDO	Extranjeros comunitarios (UE-27)	Extranjeros comunitarios (UE-28)	Hombres	491
Septiembre 2013	44	Teruel	Extranjeros comunitarios (UE-28)	UNION EUROPEA	Extranjeros comunitarios (UE-27)	Extranjeros comunitarios (UE-28)	Hombres	88
Septiembre 2013	44	Teruel	Extranjeros comunitarios (UE-28)	UNION EUROPEA	Extranjeros no comunitarios	Extranjeros comunitarios (UE-28)	Hombres	3
Septiembre 2013	44	Teruel	Extranjeros no comunitarios	RESTO DEL MUNDO	Extranjeros no comunitarios	Extranjeros no comunitarios	Hombres	882
Septiembre 2013	44	Teruel	Españoles	ESPAÑA	Españoles	Españoles	Mujeres	3961
Septiembre 2013	44	Teruel	Extranjeros comunitarios (UE-28)	RESTO DEL MUNDO	Extranjeros comunitarios (UE-27)	Extranjeros comunitarios (UE-28)	Mujeres	339
Septiembre 2013	44	Teruel	Extranjeros comunitarios (UE-28)	UNION EUROPEA	Extranjeros comunitarios (UE-27)	Extranjeros comunitarios (UE-28)	Mujeres	60
Septiembre 2013	44	Teruel	Extranjeros comunitarios (UE-28)	UNION EUROPEA	Extranjeros no comunitarios	Extranjeros comunitarios (UE-28)	Mujeres	2
Septiembre 2013	44	Teruel	Extranjeros no comunitarios	RESTO DEL MUNDO	Extranjeros no comunitarios	Extranjeros no comunitarios	Mujeres	484
Septiembre 2013	50	Zaragoza	Españoles	ESPAÑA	Españoles	Españoles	Hombres	31348
Septiembre 2013	50	Zaragoza	Extranjeros comunitarios (UE-28)	RESTO DEL MUNDO	Extranjeros comunitarios (UE-27)	Extranjeros comunitarios (UE-28)	Hombres	3607
Septiembre 2013	50	Zaragoza	Extranjeros comunitarios (UE-28)	UNION EUROPEA	Extranjeros comunitarios (UE-27)	Extranjeros comunitarios (UE-28)	Hombres	463
Septiembre 2013	50	Zaragoza	Extranjeros comunitarios (UE-28)	UNION EUROPEA	Extranjeros no comunitarios	Extranjeros comunitarios (UE-28)	Hombres	14
Septiembre 2013	50	Zaragoza	Extranjeros no comunitarios	RESTO DEL MUNDO	Extranjeros no comunitarios	Extranjeros no comunitarios	Hombres	5712
Septiembre 2013	50	Zaragoza	No consta	No consta		No consta	Hombres	4
Septiembre 2013	50	Zaragoza	Españoles	ESPAÑA	Españoles	Españoles	Mujeres	36505
Septiembre 2013	50	Zaragoza	Extranjeros comunitarios (UE-28)	RESTO DEL MUNDO	Extranjeros comunitarios (UE-27)	Extranjeros comunitarios (UE-28)	Mujeres	2350
Septiembre 2013	50	Zaragoza	Extranjeros comunitarios (UE-28)	UNION EUROPEA	Extranjeros comunitarios (UE-27)	Extranjeros comunitarios (UE-28)	Mujeres	396
Septiembre 2013	50	Zaragoza	Extranjeros comunitarios (UE-28)	UNION EUROPEA	Extranjeros no comunitarios	Extranjeros comunitarios (UE-28)	Mujeres	10
Septiembre 2013	50	Zaragoza	Extranjeros no comunitarios	RESTO DEL MUNDO	Extranjeros no comunitarios	Extranjeros no comunitarios	Mujeres	4456
Septiembre 2013	50	Zaragoza	No consta	No consta		No consta	Mujeres	4
Agosto 2013	22	Huesca	Españoles	ESPAÑA	Españoles	Españoles	Hombres	5794
Agosto 2013	22	Huesca	Extranjeros comunitarios (UE-28)	RESTO DEL MUNDO	Extranjeros comunitarios (UE-27)	Extranjeros comunitarios (UE-28)	Hombres	573
Agosto 2013	22	Huesca	Extranjeros comunitarios (UE-28)	UNION EUROPEA	Extranjeros comunitarios (UE-27)	Extranjeros comunitarios (UE-28)	Hombres	132
Agosto 2013	22	Huesca	Extranjeros comunitarios (UE-28)	UNION EUROPEA	Extranjeros no comunitarios	Extranjeros comunitarios (UE-28)	Hombres	2
Agosto 2013	22	Huesca	Extranjeros no comunitarios	RESTO DEL MUNDO	Extranjeros no comunitarios	Extranjeros no comunitarios	Hombres	807
Agosto 2013	22	Huesca	Españoles	ESPAÑA	Españoles	Españoles	Mujeres	6185
Agosto 2013	22	Huesca	Extranjeros comunitarios (UE-28)	RESTO DEL MUNDO	Extranjeros comunitarios (UE-27)	Extranjeros comunitarios (UE-28)	Mujeres	472
Agosto 2013	22	Huesca	Extranjeros comunitarios (UE-28)	UNION EUROPEA	Extranjeros comunitarios (UE-27)	Extranjeros comunitarios (UE-28)	Mujeres	119
Agosto 2013	22	Huesca	Extranjeros comunitarios (UE-28)	UNION EUROPEA	Extranjeros no comunitarios	Extranjeros comunitarios (UE-28)	Mujeres	4
Agosto 2013	22	Huesca	Extranjeros no comunitarios	RESTO DEL MUNDO	Extranjeros no comunitarios	Extranjeros no comunitarios	Mujeres	618
Agosto 2013	22	Huesca	No consta	No consta		No consta	Mujeres	1
Agosto 2013	44	Teruel	Españoles	ESPAÑA	Españoles	Españoles	Hombres	3944
Agosto 2013	44	Teruel	Extranjeros comunitarios (UE-28)	RESTO DEL MUNDO	Extranjeros comunitarios (UE-27)	Extranjeros comunitarios (UE-28)	Hombres	516
Agosto 2013	44	Teruel	Extranjeros comunitarios (UE-28)	UNION EUROPEA	Extranjeros comunitarios (UE-27)	Extranjeros comunitarios (UE-28)	Hombres	91
Agosto 2013	44	Teruel	Extranjeros comunitarios (UE-28)	UNION EUROPEA	Extranjeros no comunitarios	Extranjeros comunitarios (UE-28)	Hombres	2
Agosto 2013	44	Teruel	Extranjeros no comunitarios	RESTO DEL MUNDO	Extranjeros no comunitarios	Extranjeros no comunitarios	Hombres	902
Agosto 2013	44	Teruel	Españoles	ESPAÑA	Españoles	Españoles	Mujeres	4049
Agosto 2013	44	Teruel	Extranjeros comunitarios (UE-28)	RESTO DEL MUNDO	Extranjeros comunitarios (UE-27)	Extranjeros comunitarios (UE-28)	Mujeres	327
Agosto 2013	44	Teruel	Extranjeros comunitarios (UE-28)	UNION EUROPEA	Extranjeros comunitarios (UE-27)	Extranjeros comunitarios (UE-28)	Mujeres	54
Agosto 2013	44	Teruel	Extranjeros comunitarios (UE-28)	UNION EUROPEA	Extranjeros no comunitarios	Extranjeros comunitarios (UE-28)	Mujeres	3
Agosto 2013	44	Teruel	Extranjeros no comunitarios	RESTO DEL MUNDO	Extranjeros no comunitarios	Extranjeros no comunitarios	Mujeres	443
Agosto 2013	50	Zaragoza	Españoles	ESPAÑA	Españoles	Españoles	Hombres	31486
Agosto 2013	50	Zaragoza	Extranjeros comunitarios (UE-28)	RESTO DEL MUNDO	Extranjeros comunitarios (UE-27)	Extranjeros comunitarios (UE-28)	Hombres	3624
Agosto 2013	50	Zaragoza	Extranjeros comunitarios (UE-28)	UNION EUROPEA	Extranjeros comunitarios (UE-27)	Extranjeros comunitarios (UE-28)	Hombres	465
Agosto 2013	50	Zaragoza	Extranjeros comunitarios (UE-28)	UNION EUROPEA	Extranjeros no comunitarios	Extranjeros comunitarios (UE-28)	Hombres	16
Agosto 2013	50	Zaragoza	Extranjeros no comunitarios	RESTO DEL MUNDO	Extranjeros no comunitarios	Extranjeros no comunitarios	Hombres	5694
Agosto 2013	50	Zaragoza	No consta	No consta		No consta	Hombres	4
Agosto 2013	50	Zaragoza	Españoles	ESPAÑA	Españoles	Españoles	Mujeres	37183
Agosto 2013	50	Zaragoza	Extranjeros comunitarios (UE-28)	RESTO DEL MUNDO	Extranjeros comunitarios (UE-27)	Extranjeros comunitarios (UE-28)	Mujeres	2338
Agosto 2013	50	Zaragoza	Extranjeros comunitarios (UE-28)	UNION EUROPEA	Extranjeros comunitarios (UE-27)	Extranjeros comunitarios (UE-28)	Mujeres	390
Agosto 2013	50	Zaragoza	Extranjeros comunitarios (UE-28)	UNION EUROPEA	Extranjeros no comunitarios	Extranjeros comunitarios (UE-28)	Mujeres	18
Agosto 2013	50	Zaragoza	Extranjeros no comunitarios	RESTO DEL MUNDO	Extranjeros no comunitarios	Extranjeros no comunitarios	Mujeres	4233
Agosto 2013	50	Zaragoza	No consta	No consta		No consta	Mujeres	4
Julio 2013	22	Huesca	Españoles	ESPAÑA	Españoles	Españoles	Hombres	5778
Julio 2013	22	Huesca	Extranjeros comunitarios (UE-28)	RESTO DEL MUNDO	Extranjeros comunitarios (UE-27)	Extranjeros comunitarios (UE-28)	Hombres	530
Julio 2013	22	Huesca	Extranjeros comunitarios (UE-28)	UNION EUROPEA	Extranjeros comunitarios (UE-27)	Extranjeros comunitarios (UE-28)	Hombres	143
Julio 2013	22	Huesca	Extranjeros comunitarios (UE-28)	UNION EUROPEA	Extranjeros no comunitarios	Extranjeros comunitarios (UE-28)	Hombres	2
Julio 2013	22	Huesca	Extranjeros no comunitarios	RESTO DEL MUNDO	Extranjeros no comunitarios	Extranjeros no comunitarios	Hombres	854
Julio 2013	22	Huesca	Españoles	ESPAÑA	Españoles	Españoles	Mujeres	6224
Julio 2013	22	Huesca	Extranjeros comunitarios (UE-28)	RESTO DEL MUNDO	Extranjeros comunitarios (UE-27)	Extranjeros comunitarios (UE-28)	Mujeres	444
Julio 2013	22	Huesca	Extranjeros comunitarios (UE-28)	UNION EUROPEA	Extranjeros comunitarios (UE-27)	Extranjeros comunitarios (UE-28)	Mujeres	104
Julio 2013	22	Huesca	Extranjeros comunitarios (UE-28)	UNION EUROPEA	Extranjeros no comunitarios	Extranjeros comunitarios (UE-28)	Mujeres	6
Julio 2013	22	Huesca	Extranjeros no comunitarios	RESTO DEL MUNDO	Extranjeros no comunitarios	Extranjeros no comunitarios	Mujeres	635
Julio 2013	22	Huesca	No consta	No consta		No consta	Mujeres	1
Julio 2013	44	Teruel	Españoles	ESPAÑA	Españoles	Españoles	Hombres	3952
Julio 2013	44	Teruel	Extranjeros comunitarios (UE-28)	RESTO DEL MUNDO	Extranjeros comunitarios (UE-27)	Extranjeros comunitarios (UE-28)	Hombres	509
Julio 2013	44	Teruel	Extranjeros comunitarios (UE-28)	UNION EUROPEA	Extranjeros comunitarios (UE-27)	Extranjeros comunitarios (UE-28)	Hombres	93
Julio 2013	44	Teruel	Extranjeros comunitarios (UE-28)	UNION EUROPEA	Extranjeros no comunitarios	Extranjeros comunitarios (UE-28)	Hombres	2
Julio 2013	44	Teruel	Extranjeros no comunitarios	RESTO DEL MUNDO	Extranjeros no comunitarios	Extranjeros no comunitarios	Hombres	906
Julio 2013	44	Teruel	Españoles	ESPAÑA	Españoles	Españoles	Mujeres	4056
Julio 2013	44	Teruel	Extranjeros comunitarios (UE-28)	RESTO DEL MUNDO	Extranjeros comunitarios (UE-27)	Extranjeros comunitarios (UE-28)	Mujeres	340
Julio 2013	44	Teruel	Extranjeros comunitarios (UE-28)	UNION EUROPEA	Extranjeros comunitarios (UE-27)	Extranjeros comunitarios (UE-28)	Mujeres	58
Julio 2013	44	Teruel	Extranjeros comunitarios (UE-28)	UNION EUROPEA	Extranjeros no comunitarios	Extranjeros comunitarios (UE-28)	Mujeres	3
Julio 2013	44	Teruel	Extranjeros no comunitarios	RESTO DEL MUNDO	Extranjeros no comunitarios	Extranjeros no comunitarios	Mujeres	473
Julio 2013	50	Zaragoza	Españoles	ESPAÑA	Españoles	Españoles	Hombres	31338
Julio 2013	50	Zaragoza	Extranjeros comunitarios (UE-28)	RESTO DEL MUNDO	Extranjeros comunitarios (UE-27)	Extranjeros comunitarios (UE-28)	Hombres	3548
Julio 2013	50	Zaragoza	Extranjeros comunitarios (UE-28)	UNION EUROPEA	Extranjeros comunitarios (UE-27)	Extranjeros comunitarios (UE-28)	Hombres	467
Julio 2013	50	Zaragoza	Extranjeros comunitarios (UE-28)	UNION EUROPEA	Extranjeros no comunitarios	Extranjeros comunitarios (UE-28)	Hombres	13
Julio 2013	50	Zaragoza	Extranjeros no comunitarios	RESTO DEL MUNDO	Extranjeros no comunitarios	Extranjeros no comunitarios	Hombres	5844
Julio 2013	50	Zaragoza	No consta	No consta		No consta	Hombres	3
Julio 2013	50	Zaragoza	Españoles	ESPAÑA	Españoles	Españoles	Mujeres	36913
Julio 2013	50	Zaragoza	Extranjeros comunitarios (UE-28)	RESTO DEL MUNDO	Extranjeros comunitarios (UE-27)	Extranjeros comunitarios (UE-28)	Mujeres	2318
Julio 2013	50	Zaragoza	Extranjeros comunitarios (UE-28)	UNION EUROPEA	Extranjeros comunitarios (UE-27)	Extranjeros comunitarios (UE-28)	Mujeres	379
Julio 2013	50	Zaragoza	Extranjeros comunitarios (UE-28)	UNION EUROPEA	Extranjeros no comunitarios	Extranjeros comunitarios (UE-28)	Mujeres	15
Julio 2013	50	Zaragoza	Extranjeros no comunitarios	RESTO DEL MUNDO	Extranjeros no comunitarios	Extranjeros no comunitarios	Mujeres	4308
Julio 2013	50	Zaragoza	No consta	No consta		No consta	Mujeres	3
Junio 2013	22	Huesca	Españoles	ESPAÑA	Españoles	Españoles	Hombres	5899
Junio 2013	22	Huesca	Extranjeros comunitarios (UE-27)	RESTO DEL MUNDO	Extranjeros comunitarios (UE-27)	Extranjeros comunitarios (UE-28)	Hombres	515
Junio 2013	22	Huesca	Extranjeros comunitarios (UE-27)	UNION EUROPEA	Extranjeros comunitarios (UE-27)	Extranjeros comunitarios (UE-28)	Hombres	153
Junio 2013	22	Huesca	Extranjeros no comunitarios	RESTO DEL MUNDO	Extranjeros no comunitarios	Extranjeros no comunitarios	Hombres	955
Junio 2013	22	Huesca	Extranjeros no comunitarios	UNION EUROPEA	Extranjeros no comunitarios	Extranjeros comunitarios (UE-28)	Hombres	2
Junio 2013	22	Huesca	Españoles	ESPAÑA	Españoles	Españoles	Mujeres	6023
Junio 2013	22	Huesca	Extranjeros comunitarios (UE-27)	RESTO DEL MUNDO	Extranjeros comunitarios (UE-27)	Extranjeros comunitarios (UE-28)	Mujeres	460
Junio 2013	22	Huesca	Extranjeros comunitarios (UE-27)	UNION EUROPEA	Extranjeros comunitarios (UE-27)	Extranjeros comunitarios (UE-28)	Mujeres	123
Junio 2013	22	Huesca	Extranjeros no comunitarios	RESTO DEL MUNDO	Extranjeros no comunitarios	Extranjeros no comunitarios	Mujeres	683
Junio 2013	22	Huesca	Extranjeros no comunitarios	UNION EUROPEA	Extranjeros no comunitarios	Extranjeros comunitarios (UE-28)	Mujeres	4
Junio 2013	22	Huesca		No consta		No consta	Mujeres	1
Junio 2013	44	Teruel	Españoles	ESPAÑA	Españoles	Españoles	Hombres	4055
Junio 2013	44	Teruel	Extranjeros comunitarios (UE-27)	RESTO DEL MUNDO	Extranjeros comunitarios (UE-27)	Extranjeros comunitarios (UE-28)	Hombres	515
Junio 2013	44	Teruel	Extranjeros comunitarios (UE-27)	UNION EUROPEA	Extranjeros comunitarios (UE-27)	Extranjeros comunitarios (UE-28)	Hombres	90
Junio 2013	44	Teruel	Extranjeros no comunitarios	RESTO DEL MUNDO	Extranjeros no comunitarios	Extranjeros no comunitarios	Hombres	893
Junio 2013	44	Teruel	Extranjeros no comunitarios	UNION EUROPEA	Extranjeros no comunitarios	Extranjeros comunitarios (UE-28)	Hombres	3
Junio 2013	44	Teruel	Españoles	ESPAÑA	Españoles	Españoles	Mujeres	4015
Junio 2013	44	Teruel	Extranjeros comunitarios (UE-27)	RESTO DEL MUNDO	Extranjeros comunitarios (UE-27)	Extranjeros comunitarios (UE-28)	Mujeres	341
Junio 2013	44	Teruel	Extranjeros comunitarios (UE-27)	UNION EUROPEA	Extranjeros comunitarios (UE-27)	Extranjeros comunitarios (UE-28)	Mujeres	57
Junio 2013	44	Teruel	Extranjeros no comunitarios	RESTO DEL MUNDO	Extranjeros no comunitarios	Extranjeros no comunitarios	Mujeres	531
Junio 2013	44	Teruel	Extranjeros no comunitarios	UNION EUROPEA	Extranjeros no comunitarios	Extranjeros comunitarios (UE-28)	Mujeres	3
Junio 2013	50	Zaragoza	Españoles	ESPAÑA	Españoles	Españoles	Hombres	31450
Junio 2013	50	Zaragoza	Extranjeros comunitarios (UE-27)	RESTO DEL MUNDO	Extranjeros comunitarios (UE-27)	Extranjeros comunitarios (UE-28)	Hombres	3632
Junio 2013	50	Zaragoza	Extranjeros comunitarios (UE-27)	UNION EUROPEA	Extranjeros comunitarios (UE-27)	Extranjeros comunitarios (UE-28)	Hombres	487
Junio 2013	50	Zaragoza	Extranjeros no comunitarios	RESTO DEL MUNDO	Extranjeros no comunitarios	Extranjeros no comunitarios	Hombres	5844
Junio 2013	50	Zaragoza	Extranjeros no comunitarios	UNION EUROPEA	Extranjeros no comunitarios	Extranjeros comunitarios (UE-28)	Hombres	13
Junio 2013	50	Zaragoza		No consta		No consta	Hombres	3
Junio 2013	50	Zaragoza	Españoles	ESPAÑA	Españoles	Españoles	Mujeres	36152
Junio 2013	50	Zaragoza	Extranjeros comunitarios (UE-27)	RESTO DEL MUNDO	Extranjeros comunitarios (UE-27)	Extranjeros comunitarios (UE-28)	Mujeres	2327
Junio 2013	50	Zaragoza	Extranjeros comunitarios (UE-27)	UNION EUROPEA	Extranjeros comunitarios (UE-27)	Extranjeros comunitarios (UE-28)	Mujeres	373
Junio 2013	50	Zaragoza	Extranjeros no comunitarios	RESTO DEL MUNDO	Extranjeros no comunitarios	Extranjeros no comunitarios	Mujeres	4414
Junio 2013	50	Zaragoza	Extranjeros no comunitarios	UNION EUROPEA	Extranjeros no comunitarios	Extranjeros comunitarios (UE-28)	Mujeres	10
Junio 2013	50	Zaragoza		No consta		No consta	Mujeres	3
Mayo 2013	22	Huesca	Españoles	ESPAÑA	Españoles	Españoles	Hombres	6246
Mayo 2013	22	Huesca	Extranjeros comunitarios (UE-27)	RESTO DEL MUNDO	Extranjeros comunitarios (UE-27)	Extranjeros comunitarios (UE-28)	Hombres	542
Mayo 2013	22	Huesca	Extranjeros comunitarios (UE-27)	UNION EUROPEA	Extranjeros comunitarios (UE-27)	Extranjeros comunitarios (UE-28)	Hombres	160
Mayo 2013	22	Huesca	Extranjeros no comunitarios	RESTO DEL MUNDO	Extranjeros no comunitarios	Extranjeros no comunitarios	Hombres	959
Mayo 2013	22	Huesca	Extranjeros no comunitarios	UNION EUROPEA	Extranjeros no comunitarios	Extranjeros comunitarios (UE-28)	Hombres	1
Mayo 2013	22	Huesca	Españoles	ESPAÑA	Españoles	Españoles	Mujeres	6365
Mayo 2013	22	Huesca	Extranjeros comunitarios (UE-27)	RESTO DEL MUNDO	Extranjeros comunitarios (UE-27)	Extranjeros comunitarios (UE-28)	Mujeres	517
Mayo 2013	22	Huesca	Extranjeros comunitarios (UE-27)	UNION EUROPEA	Extranjeros comunitarios (UE-27)	Extranjeros comunitarios (UE-28)	Mujeres	138
Mayo 2013	22	Huesca	Extranjeros no comunitarios	RESTO DEL MUNDO	Extranjeros no comunitarios	Extranjeros no comunitarios	Mujeres	723
Mayo 2013	22	Huesca	Extranjeros no comunitarios	UNION EUROPEA	Extranjeros no comunitarios	Extranjeros comunitarios (UE-28)	Mujeres	4
Mayo 2013	44	Teruel	Españoles	ESPAÑA	Españoles	Españoles	Hombres	4268
Mayo 2013	44	Teruel	Extranjeros comunitarios (UE-27)	RESTO DEL MUNDO	Extranjeros comunitarios (UE-27)	Extranjeros comunitarios (UE-28)	Hombres	554
Mayo 2013	44	Teruel	Extranjeros comunitarios (UE-27)	UNION EUROPEA	Extranjeros comunitarios (UE-27)	Extranjeros comunitarios (UE-28)	Hombres	97
Mayo 2013	44	Teruel	Extranjeros no comunitarios	RESTO DEL MUNDO	Extranjeros no comunitarios	Extranjeros no comunitarios	Hombres	953
Mayo 2013	44	Teruel	Extranjeros no comunitarios	UNION EUROPEA	Extranjeros no comunitarios	Extranjeros comunitarios (UE-28)	Hombres	3
Mayo 2013	44	Teruel	Españoles	ESPAÑA	Españoles	Españoles	Mujeres	4312
Mayo 2013	44	Teruel	Extranjeros comunitarios (UE-27)	RESTO DEL MUNDO	Extranjeros comunitarios (UE-27)	Extranjeros comunitarios (UE-28)	Mujeres	363
Mayo 2013	44	Teruel	Extranjeros comunitarios (UE-27)	UNION EUROPEA	Extranjeros comunitarios (UE-27)	Extranjeros comunitarios (UE-28)	Mujeres	65
Mayo 2013	44	Teruel	Extranjeros no comunitarios	RESTO DEL MUNDO	Extranjeros no comunitarios	Extranjeros no comunitarios	Mujeres	549
Mayo 2013	44	Teruel	Extranjeros no comunitarios	UNION EUROPEA	Extranjeros no comunitarios	Extranjeros comunitarios (UE-28)	Mujeres	2
Mayo 2013	50	Zaragoza	Españoles	ESPAÑA	Españoles	Españoles	Hombres	32829
Mayo 2013	50	Zaragoza	Extranjeros comunitarios (UE-27)	RESTO DEL MUNDO	Extranjeros comunitarios (UE-27)	Extranjeros comunitarios (UE-28)	Hombres	3870
Mayo 2013	50	Zaragoza	Extranjeros comunitarios (UE-27)	UNION EUROPEA	Extranjeros comunitarios (UE-27)	Extranjeros comunitarios (UE-28)	Hombres	500
Mayo 2013	50	Zaragoza	Extranjeros no comunitarios	RESTO DEL MUNDO	Extranjeros no comunitarios	Extranjeros no comunitarios	Hombres	6296
Mayo 2013	50	Zaragoza	Extranjeros no comunitarios	UNION EUROPEA	Extranjeros no comunitarios	Extranjeros comunitarios (UE-28)	Hombres	10
Mayo 2013	50	Zaragoza		No consta		No consta	Hombres	3
Mayo 2013	50	Zaragoza	Españoles	ESPAÑA	Españoles	Españoles	Mujeres	36940
Mayo 2013	50	Zaragoza	Extranjeros comunitarios (UE-27)	RESTO DEL MUNDO	Extranjeros comunitarios (UE-27)	Extranjeros comunitarios (UE-28)	Mujeres	2463
Mayo 2013	50	Zaragoza	Extranjeros comunitarios (UE-27)	UNION EUROPEA	Extranjeros comunitarios (UE-27)	Extranjeros comunitarios (UE-28)	Mujeres	394
Mayo 2013	50	Zaragoza	Extranjeros no comunitarios	RESTO DEL MUNDO	Extranjeros no comunitarios	Extranjeros no comunitarios	Mujeres	4628
Mayo 2013	50	Zaragoza	Extranjeros no comunitarios	UNION EUROPEA	Extranjeros no comunitarios	Extranjeros comunitarios (UE-28)	Mujeres	8
Mayo 2013	50	Zaragoza		No consta		No consta	Mujeres	1
Abril 2013	22	Huesca	Españoles	ESPAÑA	Españoles	Españoles	Hombres	6414
Abril 2013	22	Huesca	Extranjeros comunitarios (UE-27)	RESTO DEL MUNDO	Extranjeros comunitarios (UE-27)	Extranjeros comunitarios (UE-28)	Hombres	684
Abril 2013	22	Huesca	Extranjeros comunitarios (UE-27)	UNION EUROPEA	Extranjeros comunitarios (UE-27)	Extranjeros comunitarios (UE-28)	Hombres	164
Abril 2013	22	Huesca	Extranjeros no comunitarios	RESTO DEL MUNDO	Extranjeros no comunitarios	Extranjeros no comunitarios	Hombres	1173
Abril 2013	22	Huesca	Extranjeros no comunitarios	UNION EUROPEA	Extranjeros no comunitarios	Extranjeros comunitarios (UE-28)	Hombres	2
Abril 2013	22	Huesca	Españoles	ESPAÑA	Españoles	Españoles	Mujeres	6295
Abril 2013	22	Huesca	Extranjeros comunitarios (UE-27)	RESTO DEL MUNDO	Extranjeros comunitarios (UE-27)	Extranjeros comunitarios (UE-28)	Mujeres	618
Abril 2013	22	Huesca	Extranjeros comunitarios (UE-27)	UNION EUROPEA	Extranjeros comunitarios (UE-27)	Extranjeros comunitarios (UE-28)	Mujeres	165
Abril 2013	22	Huesca	Extranjeros no comunitarios	RESTO DEL MUNDO	Extranjeros no comunitarios	Extranjeros no comunitarios	Mujeres	732
Abril 2013	22	Huesca	Extranjeros no comunitarios	UNION EUROPEA	Extranjeros no comunitarios	Extranjeros comunitarios (UE-28)	Mujeres	3
Abril 2013	44	Teruel	Españoles	ESPAÑA	Españoles	Españoles	Hombres	4290
Abril 2013	44	Teruel	Extranjeros comunitarios (UE-27)	RESTO DEL MUNDO	Extranjeros comunitarios (UE-27)	Extranjeros comunitarios (UE-28)	Hombres	601
Abril 2013	44	Teruel	Extranjeros comunitarios (UE-27)	UNION EUROPEA	Extranjeros comunitarios (UE-27)	Extranjeros comunitarios (UE-28)	Hombres	100
Abril 2013	44	Teruel	Extranjeros no comunitarios	RESTO DEL MUNDO	Extranjeros no comunitarios	Extranjeros no comunitarios	Hombres	1043
Abril 2013	44	Teruel	Extranjeros no comunitarios	UNION EUROPEA	Extranjeros no comunitarios	Extranjeros comunitarios (UE-28)	Hombres	2
Abril 2013	44	Teruel	Españoles	ESPAÑA	Españoles	Españoles	Mujeres	4289
Abril 2013	44	Teruel	Extranjeros comunitarios (UE-27)	RESTO DEL MUNDO	Extranjeros comunitarios (UE-27)	Extranjeros comunitarios (UE-28)	Mujeres	418
Abril 2013	44	Teruel	Extranjeros comunitarios (UE-27)	UNION EUROPEA	Extranjeros comunitarios (UE-27)	Extranjeros comunitarios (UE-28)	Mujeres	76
Abril 2013	44	Teruel	Extranjeros no comunitarios	RESTO DEL MUNDO	Extranjeros no comunitarios	Extranjeros no comunitarios	Mujeres	556
Abril 2013	44	Teruel	Extranjeros no comunitarios	UNION EUROPEA	Extranjeros no comunitarios	Extranjeros comunitarios (UE-28)	Mujeres	2
Abril 2013	50	Zaragoza	Españoles	ESPAÑA	Españoles	Españoles	Hombres	32953
Abril 2013	50	Zaragoza	Extranjeros comunitarios (UE-27)	RESTO DEL MUNDO	Extranjeros comunitarios (UE-27)	Extranjeros comunitarios (UE-28)	Hombres	4092
Abril 2013	50	Zaragoza	Extranjeros comunitarios (UE-27)	UNION EUROPEA	Extranjeros comunitarios (UE-27)	Extranjeros comunitarios (UE-28)	Hombres	533
Abril 2013	50	Zaragoza	Extranjeros no comunitarios	RESTO DEL MUNDO	Extranjeros no comunitarios	Extranjeros no comunitarios	Hombres	6759
Abril 2013	50	Zaragoza	Extranjeros no comunitarios	UNION EUROPEA	Extranjeros no comunitarios	Extranjeros comunitarios (UE-28)	Hombres	14
Abril 2013	50	Zaragoza		No consta		No consta	Hombres	4
Abril 2013	50	Zaragoza	Españoles	ESPAÑA	Españoles	Españoles	Mujeres	36964
Abril 2013	50	Zaragoza	Extranjeros comunitarios (UE-27)	RESTO DEL MUNDO	Extranjeros comunitarios (UE-27)	Extranjeros comunitarios (UE-28)	Mujeres	2602
Abril 2013	50	Zaragoza	Extranjeros comunitarios (UE-27)	UNION EUROPEA	Extranjeros comunitarios (UE-27)	Extranjeros comunitarios (UE-28)	Mujeres	435
Abril 2013	50	Zaragoza	Extranjeros no comunitarios	RESTO DEL MUNDO	Extranjeros no comunitarios	Extranjeros no comunitarios	Mujeres	4720
Abril 2013	50	Zaragoza	Extranjeros no comunitarios	UNION EUROPEA	Extranjeros no comunitarios	Extranjeros comunitarios (UE-28)	Mujeres	9
Abril 2013	50	Zaragoza		No consta		No consta	Mujeres	1
Marzo 2013	22	Huesca	Españoles	ESPAÑA	Españoles	Españoles	Hombres	6413
Marzo 2013	22	Huesca	Extranjeros comunitarios (UE-27)	RESTO DEL MUNDO	Extranjeros comunitarios (UE-27)	Extranjeros comunitarios (UE-28)	Hombres	746
Marzo 2013	22	Huesca	Extranjeros comunitarios (UE-27)	UNION EUROPEA	Extranjeros comunitarios (UE-27)	Extranjeros comunitarios (UE-28)	Hombres	163
Marzo 2013	22	Huesca	Extranjeros no comunitarios	RESTO DEL MUNDO	Extranjeros no comunitarios	Extranjeros no comunitarios	Hombres	1104
Marzo 2013	22	Huesca	Extranjeros no comunitarios	UNION EUROPEA	Extranjeros no comunitarios	Extranjeros comunitarios (UE-28)	Hombres	3
Marzo 2013	22	Huesca	Españoles	ESPAÑA	Españoles	Españoles	Mujeres	6212
Marzo 2013	22	Huesca	Extranjeros comunitarios (UE-27)	RESTO DEL MUNDO	Extranjeros comunitarios (UE-27)	Extranjeros comunitarios (UE-28)	Mujeres	651
Marzo 2013	22	Huesca	Extranjeros comunitarios (UE-27)	UNION EUROPEA	Extranjeros comunitarios (UE-27)	Extranjeros comunitarios (UE-28)	Mujeres	165
Marzo 2013	22	Huesca	Extranjeros no comunitarios	RESTO DEL MUNDO	Extranjeros no comunitarios	Extranjeros no comunitarios	Mujeres	761
Marzo 2013	22	Huesca	Extranjeros no comunitarios	UNION EUROPEA	Extranjeros no comunitarios	Extranjeros comunitarios (UE-28)	Mujeres	6
Marzo 2013	44	Teruel	Españoles	ESPAÑA	Españoles	Españoles	Hombres	4351
Marzo 2013	44	Teruel	Extranjeros comunitarios (UE-27)	RESTO DEL MUNDO	Extranjeros comunitarios (UE-27)	Extranjeros comunitarios (UE-28)	Hombres	633
Marzo 2013	44	Teruel	Extranjeros comunitarios (UE-27)	UNION EUROPEA	Extranjeros comunitarios (UE-27)	Extranjeros comunitarios (UE-28)	Hombres	113
Marzo 2013	44	Teruel	Extranjeros no comunitarios	RESTO DEL MUNDO	Extranjeros no comunitarios	Extranjeros no comunitarios	Hombres	1110
Marzo 2013	44	Teruel	Extranjeros no comunitarios	UNION EUROPEA	Extranjeros no comunitarios	Extranjeros comunitarios (UE-28)	Hombres	2
Marzo 2013	44	Teruel	Españoles	ESPAÑA	Españoles	Españoles	Mujeres	4251
Marzo 2013	44	Teruel	Extranjeros comunitarios (UE-27)	RESTO DEL MUNDO	Extranjeros comunitarios (UE-27)	Extranjeros comunitarios (UE-28)	Mujeres	427
Marzo 2013	44	Teruel	Extranjeros comunitarios (UE-27)	UNION EUROPEA	Extranjeros comunitarios (UE-27)	Extranjeros comunitarios (UE-28)	Mujeres	83
Marzo 2013	44	Teruel	Extranjeros no comunitarios	RESTO DEL MUNDO	Extranjeros no comunitarios	Extranjeros no comunitarios	Mujeres	546
Marzo 2013	44	Teruel	Extranjeros no comunitarios	UNION EUROPEA	Extranjeros no comunitarios	Extranjeros comunitarios (UE-28)	Mujeres	2
Marzo 2013	50	Zaragoza	Españoles	ESPAÑA	Españoles	Españoles	Hombres	32904
Marzo 2013	50	Zaragoza	Extranjeros comunitarios (UE-27)	RESTO DEL MUNDO	Extranjeros comunitarios (UE-27)	Extranjeros comunitarios (UE-28)	Hombres	4139
Marzo 2013	50	Zaragoza	Extranjeros comunitarios (UE-27)	UNION EUROPEA	Extranjeros comunitarios (UE-27)	Extranjeros comunitarios (UE-28)	Hombres	538
Marzo 2013	50	Zaragoza	Extranjeros no comunitarios	RESTO DEL MUNDO	Extranjeros no comunitarios	Extranjeros no comunitarios	Hombres	6897
Marzo 2013	50	Zaragoza	Extranjeros no comunitarios	UNION EUROPEA	Extranjeros no comunitarios	Extranjeros comunitarios (UE-28)	Hombres	12
Marzo 2013	50	Zaragoza		No consta		No consta	Hombres	4
Marzo 2013	50	Zaragoza	Españoles	ESPAÑA	Españoles	Españoles	Mujeres	36746
Marzo 2013	50	Zaragoza	Extranjeros comunitarios (UE-27)	RESTO DEL MUNDO	Extranjeros comunitarios (UE-27)	Extranjeros comunitarios (UE-28)	Mujeres	2693
Marzo 2013	50	Zaragoza	Extranjeros comunitarios (UE-27)	UNION EUROPEA	Extranjeros comunitarios (UE-27)	Extranjeros comunitarios (UE-28)	Mujeres	441
Marzo 2013	50	Zaragoza	Extranjeros no comunitarios	RESTO DEL MUNDO	Extranjeros no comunitarios	Extranjeros no comunitarios	Mujeres	4728
Marzo 2013	50	Zaragoza	Extranjeros no comunitarios	UNION EUROPEA	Extranjeros no comunitarios	Extranjeros comunitarios (UE-28)	Mujeres	9
Marzo 2013	50	Zaragoza		No consta		No consta	Mujeres	2
Febrero 2013	22	Huesca	Españoles	ESPAÑA	Españoles	Españoles	Hombres	6351
Febrero 2013	22	Huesca	Extranjeros comunitarios (UE-27)	RESTO DEL MUNDO	Extranjeros comunitarios (UE-27)	Extranjeros comunitarios (UE-28)	Hombres	734
Febrero 2013	22	Huesca	Extranjeros comunitarios (UE-27)	UNION EUROPEA	Extranjeros comunitarios (UE-27)	Extranjeros comunitarios (UE-28)	Hombres	180
Febrero 2013	22	Huesca	Extranjeros no comunitarios	RESTO DEL MUNDO	Extranjeros no comunitarios	Extranjeros no comunitarios	Hombres	1139
Febrero 2013	22	Huesca	Extranjeros no comunitarios	UNION EUROPEA	Extranjeros no comunitarios	Extranjeros comunitarios (UE-28)	Hombres	3
Febrero 2013	22	Huesca	Españoles	ESPAÑA	Españoles	Españoles	Mujeres	6212
Febrero 2013	22	Huesca	Extranjeros comunitarios (UE-27)	RESTO DEL MUNDO	Extranjeros comunitarios (UE-27)	Extranjeros comunitarios (UE-28)	Mujeres	679
Febrero 2013	22	Huesca	Extranjeros comunitarios (UE-27)	UNION EUROPEA	Extranjeros comunitarios (UE-27)	Extranjeros comunitarios (UE-28)	Mujeres	166
Febrero 2013	22	Huesca	Extranjeros no comunitarios	RESTO DEL MUNDO	Extranjeros no comunitarios	Extranjeros no comunitarios	Mujeres	771
Febrero 2013	22	Huesca	Extranjeros no comunitarios	UNION EUROPEA	Extranjeros no comunitarios	Extranjeros comunitarios (UE-28)	Mujeres	5
Febrero 2013	44	Teruel	Españoles	ESPAÑA	Españoles	Españoles	Hombres	4339
Febrero 2013	44	Teruel	Extranjeros comunitarios (UE-27)	RESTO DEL MUNDO	Extranjeros comunitarios (UE-27)	Extranjeros comunitarios (UE-28)	Hombres	634
Febrero 2013	44	Teruel	Extranjeros comunitarios (UE-27)	UNION EUROPEA	Extranjeros comunitarios (UE-27)	Extranjeros comunitarios (UE-28)	Hombres	114
Febrero 2013	44	Teruel	Extranjeros no comunitarios	RESTO DEL MUNDO	Extranjeros no comunitarios	Extranjeros no comunitarios	Hombres	1116
Febrero 2013	44	Teruel	Extranjeros no comunitarios	UNION EUROPEA	Extranjeros no comunitarios	Extranjeros comunitarios (UE-28)	Hombres	3
Febrero 2013	44	Teruel		No consta		No consta	Hombres	1
Febrero 2013	44	Teruel	Españoles	ESPAÑA	Españoles	Españoles	Mujeres	4213
Febrero 2013	44	Teruel	Extranjeros comunitarios (UE-27)	RESTO DEL MUNDO	Extranjeros comunitarios (UE-27)	Extranjeros comunitarios (UE-28)	Mujeres	446
Febrero 2013	44	Teruel	Extranjeros comunitarios (UE-27)	UNION EUROPEA	Extranjeros comunitarios (UE-27)	Extranjeros comunitarios (UE-28)	Mujeres	88
Febrero 2013	44	Teruel	Extranjeros no comunitarios	RESTO DEL MUNDO	Extranjeros no comunitarios	Extranjeros no comunitarios	Mujeres	581
Febrero 2013	44	Teruel	Extranjeros no comunitarios	UNION EUROPEA	Extranjeros no comunitarios	Extranjeros comunitarios (UE-28)	Mujeres	3
Febrero 2013	50	Zaragoza	Españoles	ESPAÑA	Españoles	Españoles	Hombres	32480
Febrero 2013	50	Zaragoza	Extranjeros comunitarios (UE-27)	RESTO DEL MUNDO	Extranjeros comunitarios (UE-27)	Extranjeros comunitarios (UE-28)	Hombres	4140
Febrero 2013	50	Zaragoza	Extranjeros comunitarios (UE-27)	UNION EUROPEA	Extranjeros comunitarios (UE-27)	Extranjeros comunitarios (UE-28)	Hombres	543
Febrero 2013	50	Zaragoza	Extranjeros no comunitarios	RESTO DEL MUNDO	Extranjeros no comunitarios	Extranjeros no comunitarios	Hombres	6867
Febrero 2013	50	Zaragoza	Extranjeros no comunitarios	UNION EUROPEA	Extranjeros no comunitarios	Extranjeros comunitarios (UE-28)	Hombres	13
Febrero 2013	50	Zaragoza		No consta		No consta	Hombres	3
Febrero 2013	50	Zaragoza	Españoles	ESPAÑA	Españoles	Españoles	Mujeres	36642
Febrero 2013	50	Zaragoza	Extranjeros comunitarios (UE-27)	RESTO DEL MUNDO	Extranjeros comunitarios (UE-27)	Extranjeros comunitarios (UE-28)	Mujeres	2645
Febrero 2013	50	Zaragoza	Extranjeros comunitarios (UE-27)	UNION EUROPEA	Extranjeros comunitarios (UE-27)	Extranjeros comunitarios (UE-28)	Mujeres	436
Febrero 2013	50	Zaragoza	Extranjeros no comunitarios	RESTO DEL MUNDO	Extranjeros no comunitarios	Extranjeros no comunitarios	Mujeres	4618
Febrero 2013	50	Zaragoza	Extranjeros no comunitarios	UNION EUROPEA	Extranjeros no comunitarios	Extranjeros comunitarios (UE-28)	Mujeres	6
Febrero 2013	50	Zaragoza		No consta		No consta	Mujeres	2
Enero 2013	22	Huesca	Españoles	ESPAÑA	Españoles	Españoles	Hombres	6306
Enero 2013	22	Huesca	Extranjeros comunitarios (UE-27)	RESTO DEL MUNDO	Extranjeros comunitarios (UE-27)	Extranjeros comunitarios (UE-28)	Hombres	763
Enero 2013	22	Huesca	Extranjeros comunitarios (UE-27)	UNION EUROPEA	Extranjeros comunitarios (UE-27)	Extranjeros comunitarios (UE-28)	Hombres	199
Enero 2013	22	Huesca	Extranjeros no comunitarios	RESTO DEL MUNDO	Extranjeros no comunitarios	Extranjeros no comunitarios	Hombres	1153
Enero 2013	22	Huesca	Extranjeros no comunitarios	UNION EUROPEA	Extranjeros no comunitarios	Extranjeros comunitarios (UE-28)	Hombres	3
Enero 2013	22	Huesca	Españoles	ESPAÑA	Españoles	Españoles	Mujeres	6203
Enero 2013	22	Huesca	Extranjeros comunitarios (UE-27)	RESTO DEL MUNDO	Extranjeros comunitarios (UE-27)	Extranjeros comunitarios (UE-28)	Mujeres	702
Enero 2013	22	Huesca	Extranjeros comunitarios (UE-27)	UNION EUROPEA	Extranjeros comunitarios (UE-27)	Extranjeros comunitarios (UE-28)	Mujeres	161
Enero 2013	22	Huesca	Extranjeros no comunitarios	RESTO DEL MUNDO	Extranjeros no comunitarios	Extranjeros no comunitarios	Mujeres	741
Enero 2013	22	Huesca	Extranjeros no comunitarios	UNION EUROPEA	Extranjeros no comunitarios	Extranjeros comunitarios (UE-28)	Mujeres	7
Enero 2013	44	Teruel	Españoles	ESPAÑA	Españoles	Españoles	Hombres	4180
Enero 2013	44	Teruel	Extranjeros comunitarios (UE-27)	RESTO DEL MUNDO	Extranjeros comunitarios (UE-27)	Extranjeros comunitarios (UE-28)	Hombres	638
Enero 2013	44	Teruel	Extranjeros comunitarios (UE-27)	UNION EUROPEA	Extranjeros comunitarios (UE-27)	Extranjeros comunitarios (UE-28)	Hombres	105
Enero 2013	44	Teruel	Extranjeros no comunitarios	RESTO DEL MUNDO	Extranjeros no comunitarios	Extranjeros no comunitarios	Hombres	1136
Enero 2013	44	Teruel	Extranjeros no comunitarios	UNION EUROPEA	Extranjeros no comunitarios	Extranjeros comunitarios (UE-28)	Hombres	4
Enero 2013	44	Teruel		No consta		No consta	Hombres	1
Enero 2013	44	Teruel	Españoles	ESPAÑA	Españoles	Españoles	Mujeres	4166
Enero 2013	44	Teruel	Extranjeros comunitarios (UE-27)	RESTO DEL MUNDO	Extranjeros comunitarios (UE-27)	Extranjeros comunitarios (UE-28)	Mujeres	471
Enero 2013	44	Teruel	Extranjeros comunitarios (UE-27)	UNION EUROPEA	Extranjeros comunitarios (UE-27)	Extranjeros comunitarios (UE-28)	Mujeres	80
Enero 2013	44	Teruel	Extranjeros no comunitarios	RESTO DEL MUNDO	Extranjeros no comunitarios	Extranjeros no comunitarios	Mujeres	576
Enero 2013	44	Teruel	Extranjeros no comunitarios	UNION EUROPEA	Extranjeros no comunitarios	Extranjeros comunitarios (UE-28)	Mujeres	3
Enero 2013	50	Zaragoza	Españoles	ESPAÑA	Españoles	Españoles	Hombres	32033
Enero 2013	50	Zaragoza	Extranjeros comunitarios (UE-27)	RESTO DEL MUNDO	Extranjeros comunitarios (UE-27)	Extranjeros comunitarios (UE-28)	Hombres	4061
Enero 2013	50	Zaragoza	Extranjeros comunitarios (UE-27)	UNION EUROPEA	Extranjeros comunitarios (UE-27)	Extranjeros comunitarios (UE-28)	Hombres	526
Enero 2013	50	Zaragoza	Extranjeros no comunitarios	RESTO DEL MUNDO	Extranjeros no comunitarios	Extranjeros no comunitarios	Hombres	6712
Enero 2013	50	Zaragoza	Extranjeros no comunitarios	UNION EUROPEA	Extranjeros no comunitarios	Extranjeros comunitarios (UE-28)	Hombres	13
Enero 2013	50	Zaragoza		No consta		No consta	Hombres	4
Enero 2013	50	Zaragoza	Españoles	ESPAÑA	Españoles	Españoles	Mujeres	36270
Enero 2013	50	Zaragoza	Extranjeros comunitarios (UE-27)	RESTO DEL MUNDO	Extranjeros comunitarios (UE-27)	Extranjeros comunitarios (UE-28)	Mujeres	2595
Enero 2013	50	Zaragoza	Extranjeros comunitarios (UE-27)	UNION EUROPEA	Extranjeros comunitarios (UE-27)	Extranjeros comunitarios (UE-28)	Mujeres	429
Enero 2013	50	Zaragoza	Extranjeros no comunitarios	RESTO DEL MUNDO	Extranjeros no comunitarios	Extranjeros no comunitarios	Mujeres	4454
Enero 2013	50	Zaragoza	Extranjeros no comunitarios	UNION EUROPEA	Extranjeros no comunitarios	Extranjeros comunitarios (UE-28)	Mujeres	8
Enero 2013	50	Zaragoza		No consta		No consta	Mujeres	2
Diciembre 2012	22	Huesca	Españoles	ESPAÑA	Españoles	Españoles	Hombres	6039
Diciembre 2012	22	Huesca	Extranjeros comunitarios (UE-27)	RESTO DEL MUNDO	Extranjeros comunitarios (UE-27)	Extranjeros comunitarios (UE-28)	Hombres	729
Diciembre 2012	22	Huesca	Extranjeros comunitarios (UE-27)	UNION EUROPEA	Extranjeros comunitarios (UE-27)	Extranjeros comunitarios (UE-28)	Hombres	191
Diciembre 2012	22	Huesca	Extranjeros no comunitarios	RESTO DEL MUNDO	Extranjeros no comunitarios	Extranjeros no comunitarios	Hombres	1130
Diciembre 2012	22	Huesca	Extranjeros no comunitarios	UNION EUROPEA	Extranjeros no comunitarios	Extranjeros comunitarios (UE-28)	Hombres	4
Diciembre 2012	22	Huesca	Españoles	ESPAÑA	Españoles	Españoles	Mujeres	5939
Diciembre 2012	22	Huesca	Extranjeros comunitarios (UE-27)	RESTO DEL MUNDO	Extranjeros comunitarios (UE-27)	Extranjeros comunitarios (UE-28)	Mujeres	671
Diciembre 2012	22	Huesca	Extranjeros comunitarios (UE-27)	UNION EUROPEA	Extranjeros comunitarios (UE-27)	Extranjeros comunitarios (UE-28)	Mujeres	155
Diciembre 2012	22	Huesca	Extranjeros no comunitarios	RESTO DEL MUNDO	Extranjeros no comunitarios	Extranjeros no comunitarios	Mujeres	675
Diciembre 2012	22	Huesca	Extranjeros no comunitarios	UNION EUROPEA	Extranjeros no comunitarios	Extranjeros comunitarios (UE-28)	Mujeres	3
Diciembre 2012	44	Teruel	Españoles	ESPAÑA	Españoles	Españoles	Hombres	4042
Diciembre 2012	44	Teruel	Extranjeros comunitarios (UE-27)	RESTO DEL MUNDO	Extranjeros comunitarios (UE-27)	Extranjeros comunitarios (UE-28)	Hombres	605
Diciembre 2012	44	Teruel	Extranjeros comunitarios (UE-27)	UNION EUROPEA	Extranjeros comunitarios (UE-27)	Extranjeros comunitarios (UE-28)	Hombres	84
Diciembre 2012	44	Teruel	Extranjeros no comunitarios	RESTO DEL MUNDO	Extranjeros no comunitarios	Extranjeros no comunitarios	Hombres	1081
Diciembre 2012	44	Teruel	Extranjeros no comunitarios	UNION EUROPEA	Extranjeros no comunitarios	Extranjeros comunitarios (UE-28)	Hombres	3
Diciembre 2012	44	Teruel		No consta		No consta	Hombres	1
Diciembre 2012	44	Teruel	Españoles	ESPAÑA	Españoles	Españoles	Mujeres	3943
Diciembre 2012	44	Teruel	Extranjeros comunitarios (UE-27)	RESTO DEL MUNDO	Extranjeros comunitarios (UE-27)	Extranjeros comunitarios (UE-28)	Mujeres	448
Diciembre 2012	44	Teruel	Extranjeros comunitarios (UE-27)	UNION EUROPEA	Extranjeros comunitarios (UE-27)	Extranjeros comunitarios (UE-28)	Mujeres	65
Diciembre 2012	44	Teruel	Extranjeros no comunitarios	RESTO DEL MUNDO	Extranjeros no comunitarios	Extranjeros no comunitarios	Mujeres	549
Diciembre 2012	44	Teruel	Extranjeros no comunitarios	UNION EUROPEA	Extranjeros no comunitarios	Extranjeros comunitarios (UE-28)	Mujeres	4
Diciembre 2012	50	Zaragoza	Españoles	ESPAÑA	Españoles	Españoles	Hombres	31177
Diciembre 2012	50	Zaragoza	Extranjeros comunitarios (UE-27)	RESTO DEL MUNDO	Extranjeros comunitarios (UE-27)	Extranjeros comunitarios (UE-28)	Hombres	4034
Diciembre 2012	50	Zaragoza	Extranjeros comunitarios (UE-27)	UNION EUROPEA	Extranjeros comunitarios (UE-27)	Extranjeros comunitarios (UE-28)	Hombres	532
Diciembre 2012	50	Zaragoza	Extranjeros no comunitarios	RESTO DEL MUNDO	Extranjeros no comunitarios	Extranjeros no comunitarios	Hombres	6429
Diciembre 2012	50	Zaragoza	Extranjeros no comunitarios	UNION EUROPEA	Extranjeros no comunitarios	Extranjeros comunitarios (UE-28)	Hombres	11
Diciembre 2012	50	Zaragoza		No consta		No consta	Hombres	3
Diciembre 2012	50	Zaragoza	Españoles	ESPAÑA	Españoles	Españoles	Mujeres	34552
Diciembre 2012	50	Zaragoza	Extranjeros comunitarios (UE-27)	RESTO DEL MUNDO	Extranjeros comunitarios (UE-27)	Extranjeros comunitarios (UE-28)	Mujeres	2591
Diciembre 2012	50	Zaragoza	Extranjeros comunitarios (UE-27)	UNION EUROPEA	Extranjeros comunitarios (UE-27)	Extranjeros comunitarios (UE-28)	Mujeres	427
Diciembre 2012	50	Zaragoza	Extranjeros no comunitarios	RESTO DEL MUNDO	Extranjeros no comunitarios	Extranjeros no comunitarios	Mujeres	4394
Diciembre 2012	50	Zaragoza	Extranjeros no comunitarios	UNION EUROPEA	Extranjeros no comunitarios	Extranjeros comunitarios (UE-28)	Mujeres	8
Diciembre 2012	50	Zaragoza		No consta		No consta	Mujeres	2
Noviembre 2012	22	Huesca	Españoles	ESPAÑA	Españoles	Españoles	Hombres	6268
Noviembre 2012	22	Huesca	Extranjeros comunitarios (UE-27)	RESTO DEL MUNDO	Extranjeros comunitarios (UE-27)	Extranjeros comunitarios (UE-28)	Hombres	736
Noviembre 2012	22	Huesca	Extranjeros comunitarios (UE-27)	UNION EUROPEA	Extranjeros comunitarios (UE-27)	Extranjeros comunitarios (UE-28)	Hombres	200
Noviembre 2012	22	Huesca	Extranjeros no comunitarios	RESTO DEL MUNDO	Extranjeros no comunitarios	Extranjeros no comunitarios	Hombres	1228
Noviembre 2012	22	Huesca	Extranjeros no comunitarios	UNION EUROPEA	Extranjeros no comunitarios	Extranjeros comunitarios (UE-28)	Hombres	5
Noviembre 2012	22	Huesca	Españoles	ESPAÑA	Españoles	Españoles	Mujeres	6288
Noviembre 2012	22	Huesca	Extranjeros comunitarios (UE-27)	RESTO DEL MUNDO	Extranjeros comunitarios (UE-27)	Extranjeros comunitarios (UE-28)	Mujeres	732
Noviembre 2012	22	Huesca	Extranjeros comunitarios (UE-27)	UNION EUROPEA	Extranjeros comunitarios (UE-27)	Extranjeros comunitarios (UE-28)	Mujeres	177
Noviembre 2012	22	Huesca	Extranjeros no comunitarios	RESTO DEL MUNDO	Extranjeros no comunitarios	Extranjeros no comunitarios	Mujeres	724
Noviembre 2012	22	Huesca	Extranjeros no comunitarios	UNION EUROPEA	Extranjeros no comunitarios	Extranjeros comunitarios (UE-28)	Mujeres	3
Noviembre 2012	44	Teruel	Españoles	ESPAÑA	Españoles	Españoles	Hombres	4124
Noviembre 2012	44	Teruel	Extranjeros comunitarios (UE-27)	RESTO DEL MUNDO	Extranjeros comunitarios (UE-27)	Extranjeros comunitarios (UE-28)	Hombres	589
Noviembre 2012	44	Teruel	Extranjeros comunitarios (UE-27)	UNION EUROPEA	Extranjeros comunitarios (UE-27)	Extranjeros comunitarios (UE-28)	Hombres	81
Noviembre 2012	44	Teruel	Extranjeros no comunitarios	RESTO DEL MUNDO	Extranjeros no comunitarios	Extranjeros no comunitarios	Hombres	1057
Noviembre 2012	44	Teruel	Extranjeros no comunitarios	UNION EUROPEA	Extranjeros no comunitarios	Extranjeros comunitarios (UE-28)	Hombres	3
Noviembre 2012	44	Teruel		No consta		No consta	Hombres	1
Noviembre 2012	44	Teruel	Españoles	ESPAÑA	Españoles	Españoles	Mujeres	4182
Noviembre 2012	44	Teruel	Extranjeros comunitarios (UE-27)	RESTO DEL MUNDO	Extranjeros comunitarios (UE-27)	Extranjeros comunitarios (UE-28)	Mujeres	445
Noviembre 2012	44	Teruel	Extranjeros comunitarios (UE-27)	UNION EUROPEA	Extranjeros comunitarios (UE-27)	Extranjeros comunitarios (UE-28)	Mujeres	71
Noviembre 2012	44	Teruel	Extranjeros no comunitarios	RESTO DEL MUNDO	Extranjeros no comunitarios	Extranjeros no comunitarios	Mujeres	560
Noviembre 2012	44	Teruel	Extranjeros no comunitarios	UNION EUROPEA	Extranjeros no comunitarios	Extranjeros comunitarios (UE-28)	Mujeres	3
Noviembre 2012	50	Zaragoza	Españoles	ESPAÑA	Españoles	Españoles	Hombres	30581
Noviembre 2012	50	Zaragoza	Extranjeros comunitarios (UE-27)	RESTO DEL MUNDO	Extranjeros comunitarios (UE-27)	Extranjeros comunitarios (UE-28)	Hombres	3878
Noviembre 2012	50	Zaragoza	Extranjeros comunitarios (UE-27)	UNION EUROPEA	Extranjeros comunitarios (UE-27)	Extranjeros comunitarios (UE-28)	Hombres	527
Noviembre 2012	50	Zaragoza	Extranjeros no comunitarios	RESTO DEL MUNDO	Extranjeros no comunitarios	Extranjeros no comunitarios	Hombres	6471
Noviembre 2012	50	Zaragoza	Extranjeros no comunitarios	UNION EUROPEA	Extranjeros no comunitarios	Extranjeros comunitarios (UE-28)	Hombres	11
Noviembre 2012	50	Zaragoza		No consta		No consta	Hombres	4
Noviembre 2012	50	Zaragoza	Españoles	ESPAÑA	Españoles	Españoles	Mujeres	35028
Noviembre 2012	50	Zaragoza	Extranjeros comunitarios (UE-27)	RESTO DEL MUNDO	Extranjeros comunitarios (UE-27)	Extranjeros comunitarios (UE-28)	Mujeres	2549
Noviembre 2012	50	Zaragoza	Extranjeros comunitarios (UE-27)	UNION EUROPEA	Extranjeros comunitarios (UE-27)	Extranjeros comunitarios (UE-28)	Mujeres	436
Noviembre 2012	50	Zaragoza	Extranjeros no comunitarios	RESTO DEL MUNDO	Extranjeros no comunitarios	Extranjeros no comunitarios	Mujeres	4464
Noviembre 2012	50	Zaragoza	Extranjeros no comunitarios	UNION EUROPEA	Extranjeros no comunitarios	Extranjeros comunitarios (UE-28)	Mujeres	8
Noviembre 2012	50	Zaragoza		No consta		No consta	Mujeres	2
Octubre 2012	22	Huesca	Españoles	ESPAÑA	Españoles	Españoles	Hombres	6303
Octubre 2012	22	Huesca	Extranjeros comunitarios (UE-27)	RESTO DEL MUNDO	Extranjeros comunitarios (UE-27)	Extranjeros comunitarios (UE-28)	Hombres	765
Octubre 2012	22	Huesca	Extranjeros comunitarios (UE-27)	UNION EUROPEA	Extranjeros comunitarios (UE-27)	Extranjeros comunitarios (UE-28)	Hombres	199
Octubre 2012	22	Huesca	Extranjeros no comunitarios	RESTO DEL MUNDO	Extranjeros no comunitarios	Extranjeros no comunitarios	Hombres	1236
Octubre 2012	22	Huesca	Extranjeros no comunitarios	UNION EUROPEA	Extranjeros no comunitarios	Extranjeros comunitarios (UE-28)	Hombres	5
Octubre 2012	22	Huesca	Españoles	ESPAÑA	Españoles	Españoles	Mujeres	6226
Octubre 2012	22	Huesca	Extranjeros comunitarios (UE-27)	RESTO DEL MUNDO	Extranjeros comunitarios (UE-27)	Extranjeros comunitarios (UE-28)	Mujeres	705
Octubre 2012	22	Huesca	Extranjeros comunitarios (UE-27)	UNION EUROPEA	Extranjeros comunitarios (UE-27)	Extranjeros comunitarios (UE-28)	Mujeres	171
Octubre 2012	22	Huesca	Extranjeros no comunitarios	RESTO DEL MUNDO	Extranjeros no comunitarios	Extranjeros no comunitarios	Mujeres	701
Octubre 2012	22	Huesca	Extranjeros no comunitarios	UNION EUROPEA	Extranjeros no comunitarios	Extranjeros comunitarios (UE-28)	Mujeres	4
Octubre 2012	44	Teruel	Españoles	ESPAÑA	Españoles	Españoles	Hombres	4064
Octubre 2012	44	Teruel	Extranjeros comunitarios (UE-27)	RESTO DEL MUNDO	Extranjeros comunitarios (UE-27)	Extranjeros comunitarios (UE-28)	Hombres	557
Octubre 2012	44	Teruel	Extranjeros comunitarios (UE-27)	UNION EUROPEA	Extranjeros comunitarios (UE-27)	Extranjeros comunitarios (UE-28)	Hombres	76
Octubre 2012	44	Teruel	Extranjeros no comunitarios	RESTO DEL MUNDO	Extranjeros no comunitarios	Extranjeros no comunitarios	Hombres	1033
Octubre 2012	44	Teruel	Extranjeros no comunitarios	UNION EUROPEA	Extranjeros no comunitarios	Extranjeros comunitarios (UE-28)	Hombres	4
Octubre 2012	44	Teruel	Españoles	ESPAÑA	Españoles	Españoles	Mujeres	4065
Octubre 2012	44	Teruel	Extranjeros comunitarios (UE-27)	RESTO DEL MUNDO	Extranjeros comunitarios (UE-27)	Extranjeros comunitarios (UE-28)	Mujeres	361
Octubre 2012	44	Teruel	Extranjeros comunitarios (UE-27)	UNION EUROPEA	Extranjeros comunitarios (UE-27)	Extranjeros comunitarios (UE-28)	Mujeres	67
Octubre 2012	44	Teruel	Extranjeros no comunitarios	RESTO DEL MUNDO	Extranjeros no comunitarios	Extranjeros no comunitarios	Mujeres	542
Octubre 2012	44	Teruel	Extranjeros no comunitarios	UNION EUROPEA	Extranjeros no comunitarios	Extranjeros comunitarios (UE-28)	Mujeres	3
Octubre 2012	50	Zaragoza	Españoles	ESPAÑA	Españoles	Españoles	Hombres	30569
Octubre 2012	50	Zaragoza	Extranjeros comunitarios (UE-27)	RESTO DEL MUNDO	Extranjeros comunitarios (UE-27)	Extranjeros comunitarios (UE-28)	Hombres	3724
Octubre 2012	50	Zaragoza	Extranjeros comunitarios (UE-27)	UNION EUROPEA	Extranjeros comunitarios (UE-27)	Extranjeros comunitarios (UE-28)	Hombres	522
Octubre 2012	50	Zaragoza	Extranjeros no comunitarios	RESTO DEL MUNDO	Extranjeros no comunitarios	Extranjeros no comunitarios	Hombres	6465
Octubre 2012	50	Zaragoza	Extranjeros no comunitarios	UNION EUROPEA	Extranjeros no comunitarios	Extranjeros comunitarios (UE-28)	Hombres	10
Octubre 2012	50	Zaragoza		No consta		No consta	Hombres	3
Octubre 2012	50	Zaragoza	Españoles	ESPAÑA	Españoles	Españoles	Mujeres	35106
Octubre 2012	50	Zaragoza	Extranjeros comunitarios (UE-27)	RESTO DEL MUNDO	Extranjeros comunitarios (UE-27)	Extranjeros comunitarios (UE-28)	Mujeres	2485
Octubre 2012	50	Zaragoza	Extranjeros comunitarios (UE-27)	UNION EUROPEA	Extranjeros comunitarios (UE-27)	Extranjeros comunitarios (UE-28)	Mujeres	418
Octubre 2012	50	Zaragoza	Extranjeros no comunitarios	RESTO DEL MUNDO	Extranjeros no comunitarios	Extranjeros no comunitarios	Mujeres	4362
Octubre 2012	50	Zaragoza	Extranjeros no comunitarios	UNION EUROPEA	Extranjeros no comunitarios	Extranjeros comunitarios (UE-28)	Mujeres	9
Octubre 2012	50	Zaragoza		No consta		No consta	Mujeres	1
Septiembre 2012	22	Huesca	Españoles	ESPAÑA	Españoles	Españoles	Hombres	6085
Septiembre 2012	22	Huesca	Extranjeros comunitarios (UE-27)	RESTO DEL MUNDO	Extranjeros comunitarios (UE-27)	Extranjeros comunitarios (UE-28)	Hombres	721
Septiembre 2012	22	Huesca	Extranjeros comunitarios (UE-27)	UNION EUROPEA	Extranjeros comunitarios (UE-27)	Extranjeros comunitarios (UE-28)	Hombres	193
Septiembre 2012	22	Huesca	Extranjeros no comunitarios	RESTO DEL MUNDO	Extranjeros no comunitarios	Extranjeros no comunitarios	Hombres	1144
Septiembre 2012	22	Huesca	Extranjeros no comunitarios	UNION EUROPEA	Extranjeros no comunitarios	Extranjeros comunitarios (UE-28)	Hombres	7
Septiembre 2012	22	Huesca	Españoles	ESPAÑA	Españoles	Españoles	Mujeres	6009
Septiembre 2012	22	Huesca	Extranjeros comunitarios (UE-27)	RESTO DEL MUNDO	Extranjeros comunitarios (UE-27)	Extranjeros comunitarios (UE-28)	Mujeres	629
Septiembre 2012	22	Huesca	Extranjeros comunitarios (UE-27)	UNION EUROPEA	Extranjeros comunitarios (UE-27)	Extranjeros comunitarios (UE-28)	Mujeres	171
Septiembre 2012	22	Huesca	Extranjeros no comunitarios	RESTO DEL MUNDO	Extranjeros no comunitarios	Extranjeros no comunitarios	Mujeres	664
Septiembre 2012	22	Huesca	Extranjeros no comunitarios	UNION EUROPEA	Extranjeros no comunitarios	Extranjeros comunitarios (UE-28)	Mujeres	3
Septiembre 2012	44	Teruel	Españoles	ESPAÑA	Españoles	Españoles	Hombres	3838
Septiembre 2012	44	Teruel	Extranjeros comunitarios (UE-27)	RESTO DEL MUNDO	Extranjeros comunitarios (UE-27)	Extranjeros comunitarios (UE-28)	Hombres	542
Septiembre 2012	44	Teruel	Extranjeros comunitarios (UE-27)	UNION EUROPEA	Extranjeros comunitarios (UE-27)	Extranjeros comunitarios (UE-28)	Hombres	69
Septiembre 2012	44	Teruel	Extranjeros no comunitarios	RESTO DEL MUNDO	Extranjeros no comunitarios	Extranjeros no comunitarios	Hombres	1035
Septiembre 2012	44	Teruel	Extranjeros no comunitarios	UNION EUROPEA	Extranjeros no comunitarios	Extranjeros comunitarios (UE-28)	Hombres	5
Septiembre 2012	44	Teruel	Españoles	ESPAÑA	Españoles	Españoles	Mujeres	3816
Septiembre 2012	44	Teruel	Extranjeros comunitarios (UE-27)	RESTO DEL MUNDO	Extranjeros comunitarios (UE-27)	Extranjeros comunitarios (UE-28)	Mujeres	317
Septiembre 2012	44	Teruel	Extranjeros comunitarios (UE-27)	UNION EUROPEA	Extranjeros comunitarios (UE-27)	Extranjeros comunitarios (UE-28)	Mujeres	63
Septiembre 2012	44	Teruel	Extranjeros no comunitarios	RESTO DEL MUNDO	Extranjeros no comunitarios	Extranjeros no comunitarios	Mujeres	513
Septiembre 2012	44	Teruel	Extranjeros no comunitarios	UNION EUROPEA	Extranjeros no comunitarios	Extranjeros comunitarios (UE-28)	Mujeres	2
Septiembre 2012	50	Zaragoza	Españoles	ESPAÑA	Españoles	Españoles	Hombres	29740
Septiembre 2012	50	Zaragoza	Extranjeros comunitarios (UE-27)	RESTO DEL MUNDO	Extranjeros comunitarios (UE-27)	Extranjeros comunitarios (UE-28)	Hombres	3399
Septiembre 2012	50	Zaragoza	Extranjeros comunitarios (UE-27)	UNION EUROPEA	Extranjeros comunitarios (UE-27)	Extranjeros comunitarios (UE-28)	Hombres	512
Septiembre 2012	50	Zaragoza	Extranjeros no comunitarios	RESTO DEL MUNDO	Extranjeros no comunitarios	Extranjeros no comunitarios	Hombres	6015
Septiembre 2012	50	Zaragoza	Extranjeros no comunitarios	UNION EUROPEA	Extranjeros no comunitarios	Extranjeros comunitarios (UE-28)	Hombres	15
Septiembre 2012	50	Zaragoza		No consta		No consta	Hombres	4
Septiembre 2012	50	Zaragoza	Españoles	ESPAÑA	Españoles	Españoles	Mujeres	34398
Septiembre 2012	50	Zaragoza	Extranjeros comunitarios (UE-27)	RESTO DEL MUNDO	Extranjeros comunitarios (UE-27)	Extranjeros comunitarios (UE-28)	Mujeres	2259
Septiembre 2012	50	Zaragoza	Extranjeros comunitarios (UE-27)	UNION EUROPEA	Extranjeros comunitarios (UE-27)	Extranjeros comunitarios (UE-28)	Mujeres	387
Septiembre 2012	50	Zaragoza	Extranjeros no comunitarios	RESTO DEL MUNDO	Extranjeros no comunitarios	Extranjeros no comunitarios	Mujeres	4266
Septiembre 2012	50	Zaragoza	Extranjeros no comunitarios	UNION EUROPEA	Extranjeros no comunitarios	Extranjeros comunitarios (UE-28)	Mujeres	7
Septiembre 2012	50	Zaragoza		No consta		No consta	Mujeres	2
Agosto 2012	22	Huesca	Españoles	ESPAÑA	Españoles	Españoles	Hombres	5703
Agosto 2012	22	Huesca	Extranjeros comunitarios (UE-27)	RESTO DEL MUNDO	Extranjeros comunitarios (UE-27)	Extranjeros comunitarios (UE-28)	Hombres	619
Agosto 2012	22	Huesca	Extranjeros comunitarios (UE-27)	UNION EUROPEA	Extranjeros comunitarios (UE-27)	Extranjeros comunitarios (UE-28)	Hombres	177
Agosto 2012	22	Huesca	Extranjeros no comunitarios	RESTO DEL MUNDO	Extranjeros no comunitarios	Extranjeros no comunitarios	Hombres	1013
Agosto 2012	22	Huesca	Extranjeros no comunitarios	UNION EUROPEA	Extranjeros no comunitarios	Extranjeros comunitarios (UE-28)	Hombres	6
Agosto 2012	22	Huesca	Españoles	ESPAÑA	Españoles	Españoles	Mujeres	5654
Agosto 2012	22	Huesca	Extranjeros comunitarios (UE-27)	RESTO DEL MUNDO	Extranjeros comunitarios (UE-27)	Extranjeros comunitarios (UE-28)	Mujeres	497
Agosto 2012	22	Huesca	Extranjeros comunitarios (UE-27)	UNION EUROPEA	Extranjeros comunitarios (UE-27)	Extranjeros comunitarios (UE-28)	Mujeres	133
Agosto 2012	22	Huesca	Extranjeros no comunitarios	RESTO DEL MUNDO	Extranjeros no comunitarios	Extranjeros no comunitarios	Mujeres	622
Agosto 2012	22	Huesca	Extranjeros no comunitarios	UNION EUROPEA	Extranjeros no comunitarios	Extranjeros comunitarios (UE-28)	Mujeres	4
Agosto 2012	44	Teruel	Españoles	ESPAÑA	Españoles	Españoles	Hombres	3774
Agosto 2012	44	Teruel	Extranjeros comunitarios (UE-27)	RESTO DEL MUNDO	Extranjeros comunitarios (UE-27)	Extranjeros comunitarios (UE-28)	Hombres	537
Agosto 2012	44	Teruel	Extranjeros comunitarios (UE-27)	UNION EUROPEA	Extranjeros comunitarios (UE-27)	Extranjeros comunitarios (UE-28)	Hombres	68
Agosto 2012	44	Teruel	Extranjeros no comunitarios	RESTO DEL MUNDO	Extranjeros no comunitarios	Extranjeros no comunitarios	Hombres	1058
Agosto 2012	44	Teruel	Extranjeros no comunitarios	UNION EUROPEA	Extranjeros no comunitarios	Extranjeros comunitarios (UE-28)	Hombres	3
Agosto 2012	44	Teruel		No consta		No consta	Hombres	1
Agosto 2012	44	Teruel	Españoles	ESPAÑA	Españoles	Españoles	Mujeres	3512
Agosto 2012	44	Teruel	Extranjeros comunitarios (UE-27)	RESTO DEL MUNDO	Extranjeros comunitarios (UE-27)	Extranjeros comunitarios (UE-28)	Mujeres	320
Agosto 2012	44	Teruel	Extranjeros comunitarios (UE-27)	UNION EUROPEA	Extranjeros comunitarios (UE-27)	Extranjeros comunitarios (UE-28)	Mujeres	61
Agosto 2012	44	Teruel	Extranjeros no comunitarios	RESTO DEL MUNDO	Extranjeros no comunitarios	Extranjeros no comunitarios	Mujeres	477
Agosto 2012	44	Teruel	Extranjeros no comunitarios	UNION EUROPEA	Extranjeros no comunitarios	Extranjeros comunitarios (UE-28)	Mujeres	2
Agosto 2012	50	Zaragoza	Españoles	ESPAÑA	Españoles	Españoles	Hombres	29233
Agosto 2012	50	Zaragoza	Extranjeros comunitarios (UE-27)	RESTO DEL MUNDO	Extranjeros comunitarios (UE-27)	Extranjeros comunitarios (UE-28)	Hombres	3396
Agosto 2012	50	Zaragoza	Extranjeros comunitarios (UE-27)	UNION EUROPEA	Extranjeros comunitarios (UE-27)	Extranjeros comunitarios (UE-28)	Hombres	516
Agosto 2012	50	Zaragoza	Extranjeros no comunitarios	RESTO DEL MUNDO	Extranjeros no comunitarios	Extranjeros no comunitarios	Hombres	5972
Agosto 2012	50	Zaragoza	Extranjeros no comunitarios	UNION EUROPEA	Extranjeros no comunitarios	Extranjeros comunitarios (UE-28)	Hombres	19
Agosto 2012	50	Zaragoza		No consta		No consta	Hombres	4
Agosto 2012	50	Zaragoza	Españoles	ESPAÑA	Españoles	Españoles	Mujeres	34150
Agosto 2012	50	Zaragoza	Extranjeros comunitarios (UE-27)	RESTO DEL MUNDO	Extranjeros comunitarios (UE-27)	Extranjeros comunitarios (UE-28)	Mujeres	2262
Agosto 2012	50	Zaragoza	Extranjeros comunitarios (UE-27)	UNION EUROPEA	Extranjeros comunitarios (UE-27)	Extranjeros comunitarios (UE-28)	Mujeres	401
Agosto 2012	50	Zaragoza	Extranjeros no comunitarios	RESTO DEL MUNDO	Extranjeros no comunitarios	Extranjeros no comunitarios	Mujeres	4154
Agosto 2012	50	Zaragoza	Extranjeros no comunitarios	UNION EUROPEA	Extranjeros no comunitarios	Extranjeros comunitarios (UE-28)	Mujeres	19
Agosto 2012	50	Zaragoza		No consta		No consta	Mujeres	2
Julio 2012	22	Huesca	Españoles	ESPAÑA	Españoles	Españoles	Hombres	5689
Julio 2012	22	Huesca	Extranjeros comunitarios (UE-27)	RESTO DEL MUNDO	Extranjeros comunitarios (UE-27)	Extranjeros comunitarios (UE-28)	Hombres	590
Julio 2012	22	Huesca	Extranjeros comunitarios (UE-27)	UNION EUROPEA	Extranjeros comunitarios (UE-27)	Extranjeros comunitarios (UE-28)	Hombres	179
Julio 2012	22	Huesca	Extranjeros no comunitarios	RESTO DEL MUNDO	Extranjeros no comunitarios	Extranjeros no comunitarios	Hombres	1057
Julio 2012	22	Huesca	Extranjeros no comunitarios	UNION EUROPEA	Extranjeros no comunitarios	Extranjeros comunitarios (UE-28)	Hombres	6
Julio 2012	22	Huesca	Españoles	ESPAÑA	Españoles	Españoles	Mujeres	5566
Julio 2012	22	Huesca	Extranjeros comunitarios (UE-27)	RESTO DEL MUNDO	Extranjeros comunitarios (UE-27)	Extranjeros comunitarios (UE-28)	Mujeres	436
Julio 2012	22	Huesca	Extranjeros comunitarios (UE-27)	UNION EUROPEA	Extranjeros comunitarios (UE-27)	Extranjeros comunitarios (UE-28)	Mujeres	123
Julio 2012	22	Huesca	Extranjeros no comunitarios	RESTO DEL MUNDO	Extranjeros no comunitarios	Extranjeros no comunitarios	Mujeres	645
Julio 2012	22	Huesca	Extranjeros no comunitarios	UNION EUROPEA	Extranjeros no comunitarios	Extranjeros comunitarios (UE-28)	Mujeres	5
Julio 2012	44	Teruel	Españoles	ESPAÑA	Españoles	Españoles	Hombres	3715
Julio 2012	44	Teruel	Extranjeros comunitarios (UE-27)	RESTO DEL MUNDO	Extranjeros comunitarios (UE-27)	Extranjeros comunitarios (UE-28)	Hombres	534
Julio 2012	44	Teruel	Extranjeros comunitarios (UE-27)	UNION EUROPEA	Extranjeros comunitarios (UE-27)	Extranjeros comunitarios (UE-28)	Hombres	69
Julio 2012	44	Teruel	Extranjeros no comunitarios	RESTO DEL MUNDO	Extranjeros no comunitarios	Extranjeros no comunitarios	Hombres	1035
Julio 2012	44	Teruel	Extranjeros no comunitarios	UNION EUROPEA	Extranjeros no comunitarios	Extranjeros comunitarios (UE-28)	Hombres	3
Julio 2012	44	Teruel		No consta		No consta	Hombres	1
Julio 2012	44	Teruel	Españoles	ESPAÑA	Españoles	Españoles	Mujeres	3521
Julio 2012	44	Teruel	Extranjeros comunitarios (UE-27)	RESTO DEL MUNDO	Extranjeros comunitarios (UE-27)	Extranjeros comunitarios (UE-28)	Mujeres	321
Julio 2012	44	Teruel	Extranjeros comunitarios (UE-27)	UNION EUROPEA	Extranjeros comunitarios (UE-27)	Extranjeros comunitarios (UE-28)	Mujeres	65
Julio 2012	44	Teruel	Extranjeros no comunitarios	RESTO DEL MUNDO	Extranjeros no comunitarios	Extranjeros no comunitarios	Mujeres	486
Julio 2012	44	Teruel	Extranjeros no comunitarios	UNION EUROPEA	Extranjeros no comunitarios	Extranjeros comunitarios (UE-28)	Mujeres	2
Julio 2012	50	Zaragoza	Españoles	ESPAÑA	Españoles	Españoles	Hombres	28881
Julio 2012	50	Zaragoza	Extranjeros comunitarios (UE-27)	RESTO DEL MUNDO	Extranjeros comunitarios (UE-27)	Extranjeros comunitarios (UE-28)	Hombres	3527
Julio 2012	50	Zaragoza	Extranjeros comunitarios (UE-27)	UNION EUROPEA	Extranjeros comunitarios (UE-27)	Extranjeros comunitarios (UE-28)	Hombres	508
Julio 2012	50	Zaragoza	Extranjeros no comunitarios	RESTO DEL MUNDO	Extranjeros no comunitarios	Extranjeros no comunitarios	Hombres	6221
Julio 2012	50	Zaragoza	Extranjeros no comunitarios	UNION EUROPEA	Extranjeros no comunitarios	Extranjeros comunitarios (UE-28)	Hombres	17
Julio 2012	50	Zaragoza		No consta		No consta	Hombres	4
Julio 2012	50	Zaragoza	Españoles	ESPAÑA	Españoles	Españoles	Mujeres	33563
Julio 2012	50	Zaragoza	Extranjeros comunitarios (UE-27)	RESTO DEL MUNDO	Extranjeros comunitarios (UE-27)	Extranjeros comunitarios (UE-28)	Mujeres	2339
Julio 2012	50	Zaragoza	Extranjeros comunitarios (UE-27)	UNION EUROPEA	Extranjeros comunitarios (UE-27)	Extranjeros comunitarios (UE-28)	Mujeres	417
Julio 2012	50	Zaragoza	Extranjeros no comunitarios	RESTO DEL MUNDO	Extranjeros no comunitarios	Extranjeros no comunitarios	Mujeres	4239
Julio 2012	50	Zaragoza	Extranjeros no comunitarios	UNION EUROPEA	Extranjeros no comunitarios	Extranjeros comunitarios (UE-28)	Mujeres	18
Julio 2012	50	Zaragoza		No consta		No consta	Mujeres	2
Junio 2012	22	Huesca	Españoles	ESPAÑA	Españoles	Españoles	Hombres	5849
Junio 2012	22	Huesca	Extranjeros comunitarios (UE-27)	RESTO DEL MUNDO	Extranjeros comunitarios (UE-27)	Extranjeros comunitarios (UE-28)	Hombres	578
Junio 2012	22	Huesca	Extranjeros comunitarios (UE-27)	UNION EUROPEA	Extranjeros comunitarios (UE-27)	Extranjeros comunitarios (UE-28)	Hombres	178
Junio 2012	22	Huesca	Extranjeros no comunitarios	RESTO DEL MUNDO	Extranjeros no comunitarios	Extranjeros no comunitarios	Hombres	1080
Junio 2012	22	Huesca	Extranjeros no comunitarios	UNION EUROPEA	Extranjeros no comunitarios	Extranjeros comunitarios (UE-28)	Hombres	2
Junio 2012	22	Huesca	Españoles	ESPAÑA	Españoles	Españoles	Mujeres	5670
Junio 2012	22	Huesca	Extranjeros comunitarios (UE-27)	RESTO DEL MUNDO	Extranjeros comunitarios (UE-27)	Extranjeros comunitarios (UE-28)	Mujeres	442
Junio 2012	22	Huesca	Extranjeros comunitarios (UE-27)	UNION EUROPEA	Extranjeros comunitarios (UE-27)	Extranjeros comunitarios (UE-28)	Mujeres	127
Junio 2012	22	Huesca	Extranjeros no comunitarios	RESTO DEL MUNDO	Extranjeros no comunitarios	Extranjeros no comunitarios	Mujeres	650
Junio 2012	22	Huesca	Extranjeros no comunitarios	UNION EUROPEA	Extranjeros no comunitarios	Extranjeros comunitarios (UE-28)	Mujeres	4
Junio 2012	44	Teruel	Españoles	ESPAÑA	Españoles	Españoles	Hombres	3720
Junio 2012	44	Teruel	Extranjeros comunitarios (UE-27)	RESTO DEL MUNDO	Extranjeros comunitarios (UE-27)	Extranjeros comunitarios (UE-28)	Hombres	533
Junio 2012	44	Teruel	Extranjeros comunitarios (UE-27)	UNION EUROPEA	Extranjeros comunitarios (UE-27)	Extranjeros comunitarios (UE-28)	Hombres	72
Junio 2012	44	Teruel	Extranjeros no comunitarios	RESTO DEL MUNDO	Extranjeros no comunitarios	Extranjeros no comunitarios	Hombres	983
Junio 2012	44	Teruel	Extranjeros no comunitarios	UNION EUROPEA	Extranjeros no comunitarios	Extranjeros comunitarios (UE-28)	Hombres	2
Junio 2012	44	Teruel	Españoles	ESPAÑA	Españoles	Españoles	Mujeres	3684
Junio 2012	44	Teruel	Extranjeros comunitarios (UE-27)	RESTO DEL MUNDO	Extranjeros comunitarios (UE-27)	Extranjeros comunitarios (UE-28)	Mujeres	340
Junio 2012	44	Teruel	Extranjeros comunitarios (UE-27)	UNION EUROPEA	Extranjeros comunitarios (UE-27)	Extranjeros comunitarios (UE-28)	Mujeres	59
Junio 2012	44	Teruel	Extranjeros no comunitarios	RESTO DEL MUNDO	Extranjeros no comunitarios	Extranjeros no comunitarios	Mujeres	521
Junio 2012	50	Zaragoza	Españoles	ESPAÑA	Españoles	Españoles	Hombres	29092
Junio 2012	50	Zaragoza	Extranjeros comunitarios (UE-27)	RESTO DEL MUNDO	Extranjeros comunitarios (UE-27)	Extranjeros comunitarios (UE-28)	Hombres	3436
Junio 2012	50	Zaragoza	Extranjeros comunitarios (UE-27)	UNION EUROPEA	Extranjeros comunitarios (UE-27)	Extranjeros comunitarios (UE-28)	Hombres	523
Junio 2012	50	Zaragoza	Extranjeros no comunitarios	RESTO DEL MUNDO	Extranjeros no comunitarios	Extranjeros no comunitarios	Hombres	6275
Junio 2012	50	Zaragoza	Extranjeros no comunitarios	UNION EUROPEA	Extranjeros no comunitarios	Extranjeros comunitarios (UE-28)	Hombres	12
Junio 2012	50	Zaragoza		No consta		No consta	Hombres	4
Junio 2012	50	Zaragoza	Españoles	ESPAÑA	Españoles	Españoles	Mujeres	33780
Junio 2012	50	Zaragoza	Extranjeros comunitarios (UE-27)	RESTO DEL MUNDO	Extranjeros comunitarios (UE-27)	Extranjeros comunitarios (UE-28)	Mujeres	2355
Junio 2012	50	Zaragoza	Extranjeros comunitarios (UE-27)	UNION EUROPEA	Extranjeros comunitarios (UE-27)	Extranjeros comunitarios (UE-28)	Mujeres	409
Junio 2012	50	Zaragoza	Extranjeros no comunitarios	RESTO DEL MUNDO	Extranjeros no comunitarios	Extranjeros no comunitarios	Mujeres	4468
Junio 2012	50	Zaragoza	Extranjeros no comunitarios	UNION EUROPEA	Extranjeros no comunitarios	Extranjeros comunitarios (UE-28)	Mujeres	9
Junio 2012	50	Zaragoza		No consta		No consta	Mujeres	2
Mayo 2012	22	Huesca	Españoles	ESPAÑA	Españoles	Españoles	Hombres	6091
Mayo 2012	22	Huesca	Extranjeros comunitarios (UE-27)	RESTO DEL MUNDO	Extranjeros comunitarios (UE-27)	Extranjeros comunitarios (UE-28)	Hombres	611
Mayo 2012	22	Huesca	Extranjeros comunitarios (UE-27)	UNION EUROPEA	Extranjeros comunitarios (UE-27)	Extranjeros comunitarios (UE-28)	Hombres	185
Mayo 2012	22	Huesca	Extranjeros no comunitarios	RESTO DEL MUNDO	Extranjeros no comunitarios	Extranjeros no comunitarios	Hombres	1052
Mayo 2012	22	Huesca	Extranjeros no comunitarios	UNION EUROPEA	Extranjeros no comunitarios	Extranjeros comunitarios (UE-28)	Hombres	2
Mayo 2012	22	Huesca	Españoles	ESPAÑA	Españoles	Españoles	Mujeres	5940
Mayo 2012	22	Huesca	Extranjeros comunitarios (UE-27)	RESTO DEL MUNDO	Extranjeros comunitarios (UE-27)	Extranjeros comunitarios (UE-28)	Mujeres	509
Mayo 2012	22	Huesca	Extranjeros comunitarios (UE-27)	UNION EUROPEA	Extranjeros comunitarios (UE-27)	Extranjeros comunitarios (UE-28)	Mujeres	145
Mayo 2012	22	Huesca	Extranjeros no comunitarios	RESTO DEL MUNDO	Extranjeros no comunitarios	Extranjeros no comunitarios	Mujeres	699
Mayo 2012	22	Huesca	Extranjeros no comunitarios	UNION EUROPEA	Extranjeros no comunitarios	Extranjeros comunitarios (UE-28)	Mujeres	4
Mayo 2012	44	Teruel	Españoles	ESPAÑA	Españoles	Españoles	Hombres	3787
Mayo 2012	44	Teruel	Extranjeros comunitarios (UE-27)	RESTO DEL MUNDO	Extranjeros comunitarios (UE-27)	Extranjeros comunitarios (UE-28)	Hombres	568
Mayo 2012	44	Teruel	Extranjeros comunitarios (UE-27)	UNION EUROPEA	Extranjeros comunitarios (UE-27)	Extranjeros comunitarios (UE-28)	Hombres	84
Mayo 2012	44	Teruel	Extranjeros no comunitarios	RESTO DEL MUNDO	Extranjeros no comunitarios	Extranjeros no comunitarios	Hombres	992
Mayo 2012	44	Teruel	Extranjeros no comunitarios	UNION EUROPEA	Extranjeros no comunitarios	Extranjeros comunitarios (UE-28)	Hombres	3
Mayo 2012	44	Teruel	Españoles	ESPAÑA	Españoles	Españoles	Mujeres	3869
Mayo 2012	44	Teruel	Extranjeros comunitarios (UE-27)	RESTO DEL MUNDO	Extranjeros comunitarios (UE-27)	Extranjeros comunitarios (UE-28)	Mujeres	350
Mayo 2012	44	Teruel	Extranjeros comunitarios (UE-27)	UNION EUROPEA	Extranjeros comunitarios (UE-27)	Extranjeros comunitarios (UE-28)	Mujeres	62
Mayo 2012	44	Teruel	Extranjeros no comunitarios	RESTO DEL MUNDO	Extranjeros no comunitarios	Extranjeros no comunitarios	Mujeres	533
Mayo 2012	50	Zaragoza	Españoles	ESPAÑA	Españoles	Españoles	Hombres	29793
Mayo 2012	50	Zaragoza	Extranjeros comunitarios (UE-27)	RESTO DEL MUNDO	Extranjeros comunitarios (UE-27)	Extranjeros comunitarios (UE-28)	Hombres	3608
Mayo 2012	50	Zaragoza	Extranjeros comunitarios (UE-27)	UNION EUROPEA	Extranjeros comunitarios (UE-27)	Extranjeros comunitarios (UE-28)	Hombres	531
Mayo 2012	50	Zaragoza	Extranjeros no comunitarios	RESTO DEL MUNDO	Extranjeros no comunitarios	Extranjeros no comunitarios	Hombres	6486
Mayo 2012	50	Zaragoza	Extranjeros no comunitarios	UNION EUROPEA	Extranjeros no comunitarios	Extranjeros comunitarios (UE-28)	Hombres	9
Mayo 2012	50	Zaragoza		No consta		No consta	Hombres	3
Mayo 2012	50	Zaragoza	Españoles	ESPAÑA	Españoles	Españoles	Mujeres	34540
Mayo 2012	50	Zaragoza	Extranjeros comunitarios (UE-27)	RESTO DEL MUNDO	Extranjeros comunitarios (UE-27)	Extranjeros comunitarios (UE-28)	Mujeres	2532
Mayo 2012	50	Zaragoza	Extranjeros comunitarios (UE-27)	UNION EUROPEA	Extranjeros comunitarios (UE-27)	Extranjeros comunitarios (UE-28)	Mujeres	399
Mayo 2012	50	Zaragoza	Extranjeros no comunitarios	RESTO DEL MUNDO	Extranjeros no comunitarios	Extranjeros no comunitarios	Mujeres	4508
Mayo 2012	50	Zaragoza	Extranjeros no comunitarios	UNION EUROPEA	Extranjeros no comunitarios	Extranjeros comunitarios (UE-28)	Mujeres	6
Mayo 2012	50	Zaragoza		No consta		No consta	Mujeres	1
Abril 2012	22	Huesca	Españoles	ESPAÑA	Españoles	Españoles	Hombres	6194
Abril 2012	22	Huesca	Extranjeros comunitarios (UE-27)	RESTO DEL MUNDO	Extranjeros comunitarios (UE-27)	Extranjeros comunitarios (UE-28)	Hombres	737
Abril 2012	22	Huesca	Extranjeros comunitarios (UE-27)	UNION EUROPEA	Extranjeros comunitarios (UE-27)	Extranjeros comunitarios (UE-28)	Hombres	207
Abril 2012	22	Huesca	Extranjeros no comunitarios	RESTO DEL MUNDO	Extranjeros no comunitarios	Extranjeros no comunitarios	Hombres	1279
Abril 2012	22	Huesca	Extranjeros no comunitarios	UNION EUROPEA	Extranjeros no comunitarios	Extranjeros comunitarios (UE-28)	Hombres	3
Abril 2012	22	Huesca	Españoles	ESPAÑA	Españoles	Españoles	Mujeres	5816
Abril 2012	22	Huesca	Extranjeros comunitarios (UE-27)	RESTO DEL MUNDO	Extranjeros comunitarios (UE-27)	Extranjeros comunitarios (UE-28)	Mujeres	631
Abril 2012	22	Huesca	Extranjeros comunitarios (UE-27)	UNION EUROPEA	Extranjeros comunitarios (UE-27)	Extranjeros comunitarios (UE-28)	Mujeres	171
Abril 2012	22	Huesca	Extranjeros no comunitarios	RESTO DEL MUNDO	Extranjeros no comunitarios	Extranjeros no comunitarios	Mujeres	705
Abril 2012	22	Huesca	Extranjeros no comunitarios	UNION EUROPEA	Extranjeros no comunitarios	Extranjeros comunitarios (UE-28)	Mujeres	4
Abril 2012	44	Teruel	Españoles	ESPAÑA	Españoles	Españoles	Hombres	3795
Abril 2012	44	Teruel	Extranjeros comunitarios (UE-27)	RESTO DEL MUNDO	Extranjeros comunitarios (UE-27)	Extranjeros comunitarios (UE-28)	Hombres	610
Abril 2012	44	Teruel	Extranjeros comunitarios (UE-27)	UNION EUROPEA	Extranjeros comunitarios (UE-27)	Extranjeros comunitarios (UE-28)	Hombres	91
Abril 2012	44	Teruel	Extranjeros no comunitarios	RESTO DEL MUNDO	Extranjeros no comunitarios	Extranjeros no comunitarios	Hombres	1098
Abril 2012	44	Teruel	Extranjeros no comunitarios	UNION EUROPEA	Extranjeros no comunitarios	Extranjeros comunitarios (UE-28)	Hombres	2
Abril 2012	44	Teruel	Españoles	ESPAÑA	Españoles	Españoles	Mujeres	3787
Abril 2012	44	Teruel	Extranjeros comunitarios (UE-27)	RESTO DEL MUNDO	Extranjeros comunitarios (UE-27)	Extranjeros comunitarios (UE-28)	Mujeres	416
Abril 2012	44	Teruel	Extranjeros comunitarios (UE-27)	UNION EUROPEA	Extranjeros comunitarios (UE-27)	Extranjeros comunitarios (UE-28)	Mujeres	72
Abril 2012	44	Teruel	Extranjeros no comunitarios	RESTO DEL MUNDO	Extranjeros no comunitarios	Extranjeros no comunitarios	Mujeres	542
Abril 2012	50	Zaragoza	Españoles	ESPAÑA	Españoles	Españoles	Hombres	29651
Abril 2012	50	Zaragoza	Extranjeros comunitarios (UE-27)	RESTO DEL MUNDO	Extranjeros comunitarios (UE-27)	Extranjeros comunitarios (UE-28)	Hombres	3893
Abril 2012	50	Zaragoza	Extranjeros comunitarios (UE-27)	UNION EUROPEA	Extranjeros comunitarios (UE-27)	Extranjeros comunitarios (UE-28)	Hombres	542
Abril 2012	50	Zaragoza	Extranjeros no comunitarios	RESTO DEL MUNDO	Extranjeros no comunitarios	Extranjeros no comunitarios	Hombres	7080
Abril 2012	50	Zaragoza	Extranjeros no comunitarios	UNION EUROPEA	Extranjeros no comunitarios	Extranjeros comunitarios (UE-28)	Hombres	10
Abril 2012	50	Zaragoza		No consta		No consta	Hombres	4
Abril 2012	50	Zaragoza	Españoles	ESPAÑA	Españoles	Españoles	Mujeres	33793
Abril 2012	50	Zaragoza	Extranjeros comunitarios (UE-27)	RESTO DEL MUNDO	Extranjeros comunitarios (UE-27)	Extranjeros comunitarios (UE-28)	Mujeres	2704
Abril 2012	50	Zaragoza	Extranjeros comunitarios (UE-27)	UNION EUROPEA	Extranjeros comunitarios (UE-27)	Extranjeros comunitarios (UE-28)	Mujeres	420
Abril 2012	50	Zaragoza	Extranjeros no comunitarios	RESTO DEL MUNDO	Extranjeros no comunitarios	Extranjeros no comunitarios	Mujeres	4596
Abril 2012	50	Zaragoza	Extranjeros no comunitarios	UNION EUROPEA	Extranjeros no comunitarios	Extranjeros comunitarios (UE-28)	Mujeres	7
Abril 2012	50	Zaragoza		No consta		No consta	Mujeres	2
Marzo 2012	22	Huesca	Españoles	ESPAÑA	Españoles	Españoles	Hombres	6135
Marzo 2012	22	Huesca	Extranjeros comunitarios (UE-27)	RESTO DEL MUNDO	Extranjeros comunitarios (UE-27)	Extranjeros comunitarios (UE-28)	Hombres	759
Marzo 2012	22	Huesca	Extranjeros comunitarios (UE-27)	UNION EUROPEA	Extranjeros comunitarios (UE-27)	Extranjeros comunitarios (UE-28)	Hombres	210
Marzo 2012	22	Huesca	Extranjeros no comunitarios	RESTO DEL MUNDO	Extranjeros no comunitarios	Extranjeros no comunitarios	Hombres	1259
Marzo 2012	22	Huesca	Extranjeros no comunitarios	UNION EUROPEA	Extranjeros no comunitarios	Extranjeros comunitarios (UE-28)	Hombres	4
Marzo 2012	22	Huesca	Españoles	ESPAÑA	Españoles	Españoles	Mujeres	5798
Marzo 2012	22	Huesca	Extranjeros comunitarios (UE-27)	RESTO DEL MUNDO	Extranjeros comunitarios (UE-27)	Extranjeros comunitarios (UE-28)	Mujeres	637
Marzo 2012	22	Huesca	Extranjeros comunitarios (UE-27)	UNION EUROPEA	Extranjeros comunitarios (UE-27)	Extranjeros comunitarios (UE-28)	Mujeres	175
Marzo 2012	22	Huesca	Extranjeros no comunitarios	RESTO DEL MUNDO	Extranjeros no comunitarios	Extranjeros no comunitarios	Mujeres	708
Marzo 2012	22	Huesca	Extranjeros no comunitarios	UNION EUROPEA	Extranjeros no comunitarios	Extranjeros comunitarios (UE-28)	Mujeres	4
Marzo 2012	44	Teruel	Españoles	ESPAÑA	Españoles	Españoles	Hombres	3882
Marzo 2012	44	Teruel	Extranjeros comunitarios (UE-27)	RESTO DEL MUNDO	Extranjeros comunitarios (UE-27)	Extranjeros comunitarios (UE-28)	Hombres	611
Marzo 2012	44	Teruel	Extranjeros comunitarios (UE-27)	UNION EUROPEA	Extranjeros comunitarios (UE-27)	Extranjeros comunitarios (UE-28)	Hombres	92
Marzo 2012	44	Teruel	Extranjeros no comunitarios	RESTO DEL MUNDO	Extranjeros no comunitarios	Extranjeros no comunitarios	Hombres	1139
Marzo 2012	44	Teruel	Extranjeros no comunitarios	UNION EUROPEA	Extranjeros no comunitarios	Extranjeros comunitarios (UE-28)	Hombres	2
Marzo 2012	44	Teruel	Españoles	ESPAÑA	Españoles	Españoles	Mujeres	3842
Marzo 2012	44	Teruel	Extranjeros comunitarios (UE-27)	RESTO DEL MUNDO	Extranjeros comunitarios (UE-27)	Extranjeros comunitarios (UE-28)	Mujeres	437
Marzo 2012	44	Teruel	Extranjeros comunitarios (UE-27)	UNION EUROPEA	Extranjeros comunitarios (UE-27)	Extranjeros comunitarios (UE-28)	Mujeres	76
Marzo 2012	44	Teruel	Extranjeros no comunitarios	RESTO DEL MUNDO	Extranjeros no comunitarios	Extranjeros no comunitarios	Mujeres	540
Marzo 2012	50	Zaragoza	Españoles	ESPAÑA	Españoles	Españoles	Hombres	29819
Marzo 2012	50	Zaragoza	Extranjeros comunitarios (UE-27)	RESTO DEL MUNDO	Extranjeros comunitarios (UE-27)	Extranjeros comunitarios (UE-28)	Hombres	4015
Marzo 2012	50	Zaragoza	Extranjeros comunitarios (UE-27)	UNION EUROPEA	Extranjeros comunitarios (UE-27)	Extranjeros comunitarios (UE-28)	Hombres	575
Marzo 2012	50	Zaragoza	Extranjeros no comunitarios	RESTO DEL MUNDO	Extranjeros no comunitarios	Extranjeros no comunitarios	Hombres	7187
Marzo 2012	50	Zaragoza	Extranjeros no comunitarios	UNION EUROPEA	Extranjeros no comunitarios	Extranjeros comunitarios (UE-28)	Hombres	11
Marzo 2012	50	Zaragoza		No consta		No consta	Hombres	3
Marzo 2012	50	Zaragoza	Españoles	ESPAÑA	Españoles	Españoles	Mujeres	33627
Marzo 2012	50	Zaragoza	Extranjeros comunitarios (UE-27)	RESTO DEL MUNDO	Extranjeros comunitarios (UE-27)	Extranjeros comunitarios (UE-28)	Mujeres	2729
Marzo 2012	50	Zaragoza	Extranjeros comunitarios (UE-27)	UNION EUROPEA	Extranjeros comunitarios (UE-27)	Extranjeros comunitarios (UE-28)	Mujeres	426
Marzo 2012	50	Zaragoza	Extranjeros no comunitarios	RESTO DEL MUNDO	Extranjeros no comunitarios	Extranjeros no comunitarios	Mujeres	4538
Marzo 2012	50	Zaragoza	Extranjeros no comunitarios	UNION EUROPEA	Extranjeros no comunitarios	Extranjeros comunitarios (UE-28)	Mujeres	6
Marzo 2012	50	Zaragoza		No consta		No consta	Mujeres	1
Febrero 2012	22	Huesca	Españoles	ESPAÑA	Españoles	Españoles	Hombres	6069
Febrero 2012	22	Huesca	Extranjeros comunitarios (UE-27)	RESTO DEL MUNDO	Extranjeros comunitarios (UE-27)	Extranjeros comunitarios (UE-28)	Hombres	772
Febrero 2012	22	Huesca	Extranjeros comunitarios (UE-27)	UNION EUROPEA	Extranjeros comunitarios (UE-27)	Extranjeros comunitarios (UE-28)	Hombres	204
Febrero 2012	22	Huesca	Extranjeros no comunitarios	RESTO DEL MUNDO	Extranjeros no comunitarios	Extranjeros no comunitarios	Hombres	1250
Febrero 2012	22	Huesca	Extranjeros no comunitarios	UNION EUROPEA	Extranjeros no comunitarios	Extranjeros comunitarios (UE-28)	Hombres	2
Febrero 2012	22	Huesca	Españoles	ESPAÑA	Españoles	Españoles	Mujeres	5694
Febrero 2012	22	Huesca	Extranjeros comunitarios (UE-27)	RESTO DEL MUNDO	Extranjeros comunitarios (UE-27)	Extranjeros comunitarios (UE-28)	Mujeres	663
Febrero 2012	22	Huesca	Extranjeros comunitarios (UE-27)	UNION EUROPEA	Extranjeros comunitarios (UE-27)	Extranjeros comunitarios (UE-28)	Mujeres	174
Febrero 2012	22	Huesca	Extranjeros no comunitarios	RESTO DEL MUNDO	Extranjeros no comunitarios	Extranjeros no comunitarios	Mujeres	693
Febrero 2012	22	Huesca	Extranjeros no comunitarios	UNION EUROPEA	Extranjeros no comunitarios	Extranjeros comunitarios (UE-28)	Mujeres	4
Febrero 2012	44	Teruel	Españoles	ESPAÑA	Españoles	Españoles	Hombres	3868
Febrero 2012	44	Teruel	Extranjeros comunitarios (UE-27)	RESTO DEL MUNDO	Extranjeros comunitarios (UE-27)	Extranjeros comunitarios (UE-28)	Hombres	599
Febrero 2012	44	Teruel	Extranjeros comunitarios (UE-27)	UNION EUROPEA	Extranjeros comunitarios (UE-27)	Extranjeros comunitarios (UE-28)	Hombres	106
Febrero 2012	44	Teruel	Extranjeros no comunitarios	RESTO DEL MUNDO	Extranjeros no comunitarios	Extranjeros no comunitarios	Hombres	1166
Febrero 2012	44	Teruel	Extranjeros no comunitarios	UNION EUROPEA	Extranjeros no comunitarios	Extranjeros comunitarios (UE-28)	Hombres	1
Febrero 2012	44	Teruel	Españoles	ESPAÑA	Españoles	Españoles	Mujeres	3819
Febrero 2012	44	Teruel	Extranjeros comunitarios (UE-27)	RESTO DEL MUNDO	Extranjeros comunitarios (UE-27)	Extranjeros comunitarios (UE-28)	Mujeres	443
Febrero 2012	44	Teruel	Extranjeros comunitarios (UE-27)	UNION EUROPEA	Extranjeros comunitarios (UE-27)	Extranjeros comunitarios (UE-28)	Mujeres	77
Febrero 2012	44	Teruel	Extranjeros no comunitarios	RESTO DEL MUNDO	Extranjeros no comunitarios	Extranjeros no comunitarios	Mujeres	513
Febrero 2012	50	Zaragoza	Españoles	ESPAÑA	Españoles	Españoles	Hombres	29222
Febrero 2012	50	Zaragoza	Extranjeros comunitarios (UE-27)	RESTO DEL MUNDO	Extranjeros comunitarios (UE-27)	Extranjeros comunitarios (UE-28)	Hombres	4007
Febrero 2012	50	Zaragoza	Extranjeros comunitarios (UE-27)	UNION EUROPEA	Extranjeros comunitarios (UE-27)	Extranjeros comunitarios (UE-28)	Hombres	582
Febrero 2012	50	Zaragoza	Extranjeros no comunitarios	RESTO DEL MUNDO	Extranjeros no comunitarios	Extranjeros no comunitarios	Hombres	7122
Febrero 2012	50	Zaragoza	Extranjeros no comunitarios	UNION EUROPEA	Extranjeros no comunitarios	Extranjeros comunitarios (UE-28)	Hombres	11
Febrero 2012	50	Zaragoza		No consta		No consta	Hombres	3
Febrero 2012	50	Zaragoza	Españoles	ESPAÑA	Españoles	Españoles	Mujeres	33181
Febrero 2012	50	Zaragoza	Extranjeros comunitarios (UE-27)	RESTO DEL MUNDO	Extranjeros comunitarios (UE-27)	Extranjeros comunitarios (UE-28)	Mujeres	2686
Febrero 2012	50	Zaragoza	Extranjeros comunitarios (UE-27)	UNION EUROPEA	Extranjeros comunitarios (UE-27)	Extranjeros comunitarios (UE-28)	Mujeres	439
Febrero 2012	50	Zaragoza	Extranjeros no comunitarios	RESTO DEL MUNDO	Extranjeros no comunitarios	Extranjeros no comunitarios	Mujeres	4533
Febrero 2012	50	Zaragoza	Extranjeros no comunitarios	UNION EUROPEA	Extranjeros no comunitarios	Extranjeros comunitarios (UE-28)	Mujeres	9
Febrero 2012	50	Zaragoza		No consta		No consta	Mujeres	1
Enero 2012	22	Huesca	Españoles	ESPAÑA	Españoles	Españoles	Hombres	6018
Enero 2012	22	Huesca	Extranjeros comunitarios (UE-27)	RESTO DEL MUNDO	Extranjeros comunitarios (UE-27)	Extranjeros comunitarios (UE-28)	Hombres	767
Enero 2012	22	Huesca	Extranjeros comunitarios (UE-27)	UNION EUROPEA	Extranjeros comunitarios (UE-27)	Extranjeros comunitarios (UE-28)	Hombres	205
Enero 2012	22	Huesca	Extranjeros no comunitarios	RESTO DEL MUNDO	Extranjeros no comunitarios	Extranjeros no comunitarios	Hombres	1174
Enero 2012	22	Huesca	Extranjeros no comunitarios	UNION EUROPEA	Extranjeros no comunitarios	Extranjeros comunitarios (UE-28)	Hombres	2
Enero 2012	22	Huesca	Españoles	ESPAÑA	Españoles	Españoles	Mujeres	5720
Enero 2012	22	Huesca	Extranjeros comunitarios (UE-27)	RESTO DEL MUNDO	Extranjeros comunitarios (UE-27)	Extranjeros comunitarios (UE-28)	Mujeres	657
Enero 2012	22	Huesca	Extranjeros comunitarios (UE-27)	UNION EUROPEA	Extranjeros comunitarios (UE-27)	Extranjeros comunitarios (UE-28)	Mujeres	167
Enero 2012	22	Huesca	Extranjeros no comunitarios	RESTO DEL MUNDO	Extranjeros no comunitarios	Extranjeros no comunitarios	Mujeres	679
Enero 2012	22	Huesca	Extranjeros no comunitarios	UNION EUROPEA	Extranjeros no comunitarios	Extranjeros comunitarios (UE-28)	Mujeres	4
Enero 2012	44	Teruel	Españoles	ESPAÑA	Españoles	Españoles	Hombres	3762
Enero 2012	44	Teruel	Extranjeros comunitarios (UE-27)	RESTO DEL MUNDO	Extranjeros comunitarios (UE-27)	Extranjeros comunitarios (UE-28)	Hombres	593
Enero 2012	44	Teruel	Extranjeros comunitarios (UE-27)	UNION EUROPEA	Extranjeros comunitarios (UE-27)	Extranjeros comunitarios (UE-28)	Hombres	104
Enero 2012	44	Teruel	Extranjeros no comunitarios	RESTO DEL MUNDO	Extranjeros no comunitarios	Extranjeros no comunitarios	Hombres	1148
Enero 2012	44	Teruel	Extranjeros no comunitarios	UNION EUROPEA	Extranjeros no comunitarios	Extranjeros comunitarios (UE-28)	Hombres	1
Enero 2012	44	Teruel		No consta		No consta	Hombres	1
Enero 2012	44	Teruel	Españoles	ESPAÑA	Españoles	Españoles	Mujeres	3725
Enero 2012	44	Teruel	Extranjeros comunitarios (UE-27)	RESTO DEL MUNDO	Extranjeros comunitarios (UE-27)	Extranjeros comunitarios (UE-28)	Mujeres	475
Enero 2012	44	Teruel	Extranjeros comunitarios (UE-27)	UNION EUROPEA	Extranjeros comunitarios (UE-27)	Extranjeros comunitarios (UE-28)	Mujeres	75
Enero 2012	44	Teruel	Extranjeros no comunitarios	RESTO DEL MUNDO	Extranjeros no comunitarios	Extranjeros no comunitarios	Mujeres	497
Enero 2012	50	Zaragoza	Españoles	ESPAÑA	Españoles	Españoles	Hombres	28586
Enero 2012	50	Zaragoza	Extranjeros comunitarios (UE-27)	RESTO DEL MUNDO	Extranjeros comunitarios (UE-27)	Extranjeros comunitarios (UE-28)	Hombres	3888
Enero 2012	50	Zaragoza	Extranjeros comunitarios (UE-27)	UNION EUROPEA	Extranjeros comunitarios (UE-27)	Extranjeros comunitarios (UE-28)	Hombres	568
Enero 2012	50	Zaragoza	Extranjeros no comunitarios	RESTO DEL MUNDO	Extranjeros no comunitarios	Extranjeros no comunitarios	Hombres	6885
Enero 2012	50	Zaragoza	Extranjeros no comunitarios	UNION EUROPEA	Extranjeros no comunitarios	Extranjeros comunitarios (UE-28)	Hombres	11
Enero 2012	50	Zaragoza		No consta		No consta	Hombres	2
Enero 2012	50	Zaragoza	Españoles	ESPAÑA	Españoles	Españoles	Mujeres	32492
Enero 2012	50	Zaragoza	Extranjeros comunitarios (UE-27)	RESTO DEL MUNDO	Extranjeros comunitarios (UE-27)	Extranjeros comunitarios (UE-28)	Mujeres	2650
Enero 2012	50	Zaragoza	Extranjeros comunitarios (UE-27)	UNION EUROPEA	Extranjeros comunitarios (UE-27)	Extranjeros comunitarios (UE-28)	Mujeres	438
Enero 2012	50	Zaragoza	Extranjeros no comunitarios	RESTO DEL MUNDO	Extranjeros no comunitarios	Extranjeros no comunitarios	Mujeres	4447
Enero 2012	50	Zaragoza	Extranjeros no comunitarios	UNION EUROPEA	Extranjeros no comunitarios	Extranjeros comunitarios (UE-28)	Mujeres	11
Enero 2012	50	Zaragoza		No consta		No consta	Mujeres	1
Diciembre 2011	22	Huesca	Españoles	ESPAÑA	Españoles	Españoles	Hombres	5726
Diciembre 2011	22	Huesca	Extranjeros comunitarios (UE-27)	RESTO DEL MUNDO	Extranjeros comunitarios (UE-27)	Extranjeros comunitarios (UE-28)	Hombres	754
Diciembre 2011	22	Huesca	Extranjeros comunitarios (UE-27)	UNION EUROPEA	Extranjeros comunitarios (UE-27)	Extranjeros comunitarios (UE-28)	Hombres	204
Diciembre 2011	22	Huesca	Extranjeros no comunitarios	RESTO DEL MUNDO	Extranjeros no comunitarios	Extranjeros no comunitarios	Hombres	1128
Diciembre 2011	22	Huesca	Extranjeros no comunitarios	UNION EUROPEA	Extranjeros no comunitarios	Extranjeros comunitarios (UE-28)	Hombres	2
Diciembre 2011	22	Huesca	Españoles	ESPAÑA	Españoles	Españoles	Mujeres	5307
Diciembre 2011	22	Huesca	Extranjeros comunitarios (UE-27)	RESTO DEL MUNDO	Extranjeros comunitarios (UE-27)	Extranjeros comunitarios (UE-28)	Mujeres	630
Diciembre 2011	22	Huesca	Extranjeros comunitarios (UE-27)	UNION EUROPEA	Extranjeros comunitarios (UE-27)	Extranjeros comunitarios (UE-28)	Mujeres	152
Diciembre 2011	22	Huesca	Extranjeros no comunitarios	RESTO DEL MUNDO	Extranjeros no comunitarios	Extranjeros no comunitarios	Mujeres	635
Diciembre 2011	22	Huesca	Extranjeros no comunitarios	UNION EUROPEA	Extranjeros no comunitarios	Extranjeros comunitarios (UE-28)	Mujeres	5
Diciembre 2011	44	Teruel	Españoles	ESPAÑA	Españoles	Españoles	Hombres	3598
Diciembre 2011	44	Teruel	Extranjeros comunitarios (UE-27)	RESTO DEL MUNDO	Extranjeros comunitarios (UE-27)	Extranjeros comunitarios (UE-28)	Hombres	594
Diciembre 2011	44	Teruel	Extranjeros comunitarios (UE-27)	UNION EUROPEA	Extranjeros comunitarios (UE-27)	Extranjeros comunitarios (UE-28)	Hombres	96
Diciembre 2011	44	Teruel	Extranjeros no comunitarios	RESTO DEL MUNDO	Extranjeros no comunitarios	Extranjeros no comunitarios	Hombres	1096
Diciembre 2011	44	Teruel	Españoles	ESPAÑA	Españoles	Españoles	Mujeres	3620
Diciembre 2011	44	Teruel	Extranjeros comunitarios (UE-27)	RESTO DEL MUNDO	Extranjeros comunitarios (UE-27)	Extranjeros comunitarios (UE-28)	Mujeres	456
Diciembre 2011	44	Teruel	Extranjeros comunitarios (UE-27)	UNION EUROPEA	Extranjeros comunitarios (UE-27)	Extranjeros comunitarios (UE-28)	Mujeres	59
Diciembre 2011	44	Teruel	Extranjeros no comunitarios	RESTO DEL MUNDO	Extranjeros no comunitarios	Extranjeros no comunitarios	Mujeres	482
Diciembre 2011	50	Zaragoza	Españoles	ESPAÑA	Españoles	Españoles	Hombres	27943
Diciembre 2011	50	Zaragoza	Extranjeros comunitarios (UE-27)	RESTO DEL MUNDO	Extranjeros comunitarios (UE-27)	Extranjeros comunitarios (UE-28)	Hombres	3882
Diciembre 2011	50	Zaragoza	Extranjeros comunitarios (UE-27)	UNION EUROPEA	Extranjeros comunitarios (UE-27)	Extranjeros comunitarios (UE-28)	Hombres	546
Diciembre 2011	50	Zaragoza	Extranjeros no comunitarios	RESTO DEL MUNDO	Extranjeros no comunitarios	Extranjeros no comunitarios	Hombres	6800
Diciembre 2011	50	Zaragoza	Extranjeros no comunitarios	UNION EUROPEA	Extranjeros no comunitarios	Extranjeros comunitarios (UE-28)	Hombres	12
Diciembre 2011	50	Zaragoza		No consta		No consta	Hombres	2
Diciembre 2011	50	Zaragoza	Españoles	ESPAÑA	Españoles	Españoles	Mujeres	30828
Diciembre 2011	50	Zaragoza	Extranjeros comunitarios (UE-27)	RESTO DEL MUNDO	Extranjeros comunitarios (UE-27)	Extranjeros comunitarios (UE-28)	Mujeres	2621
Diciembre 2011	50	Zaragoza	Extranjeros comunitarios (UE-27)	UNION EUROPEA	Extranjeros comunitarios (UE-27)	Extranjeros comunitarios (UE-28)	Mujeres	457
Diciembre 2011	50	Zaragoza	Extranjeros no comunitarios	RESTO DEL MUNDO	Extranjeros no comunitarios	Extranjeros no comunitarios	Mujeres	4334
Diciembre 2011	50	Zaragoza	Extranjeros no comunitarios	UNION EUROPEA	Extranjeros no comunitarios	Extranjeros comunitarios (UE-28)	Mujeres	12
Diciembre 2011	50	Zaragoza		No consta		No consta	Mujeres	1
Noviembre 2011	22	Huesca	Españoles	ESPAÑA	Españoles	Españoles	Hombres	5584
Noviembre 2011	22	Huesca	Extranjeros comunitarios (UE-27)	RESTO DEL MUNDO	Extranjeros comunitarios (UE-27)	Extranjeros comunitarios (UE-28)	Hombres	740
Noviembre 2011	22	Huesca	Extranjeros comunitarios (UE-27)	UNION EUROPEA	Extranjeros comunitarios (UE-27)	Extranjeros comunitarios (UE-28)	Hombres	188
Noviembre 2011	22	Huesca	Extranjeros no comunitarios	RESTO DEL MUNDO	Extranjeros no comunitarios	Extranjeros no comunitarios	Hombres	1164
Noviembre 2011	22	Huesca	Extranjeros no comunitarios	UNION EUROPEA	Extranjeros no comunitarios	Extranjeros comunitarios (UE-28)	Hombres	2
Noviembre 2011	22	Huesca	Españoles	ESPAÑA	Españoles	Españoles	Mujeres	5345
Noviembre 2011	22	Huesca	Extranjeros comunitarios (UE-27)	RESTO DEL MUNDO	Extranjeros comunitarios (UE-27)	Extranjeros comunitarios (UE-28)	Mujeres	681
Noviembre 2011	22	Huesca	Extranjeros comunitarios (UE-27)	UNION EUROPEA	Extranjeros comunitarios (UE-27)	Extranjeros comunitarios (UE-28)	Mujeres	169
Noviembre 2011	22	Huesca	Extranjeros no comunitarios	RESTO DEL MUNDO	Extranjeros no comunitarios	Extranjeros no comunitarios	Mujeres	630
Noviembre 2011	22	Huesca	Extranjeros no comunitarios	UNION EUROPEA	Extranjeros no comunitarios	Extranjeros comunitarios (UE-28)	Mujeres	7
Noviembre 2011	44	Teruel	Españoles	ESPAÑA	Españoles	Españoles	Hombres	3409
Noviembre 2011	44	Teruel	Extranjeros comunitarios (UE-27)	RESTO DEL MUNDO	Extranjeros comunitarios (UE-27)	Extranjeros comunitarios (UE-28)	Hombres	558
Noviembre 2011	44	Teruel	Extranjeros comunitarios (UE-27)	UNION EUROPEA	Extranjeros comunitarios (UE-27)	Extranjeros comunitarios (UE-28)	Hombres	90
Noviembre 2011	44	Teruel	Extranjeros no comunitarios	RESTO DEL MUNDO	Extranjeros no comunitarios	Extranjeros no comunitarios	Hombres	1081
Noviembre 2011	44	Teruel	Extranjeros no comunitarios	UNION EUROPEA	Extranjeros no comunitarios	Extranjeros comunitarios (UE-28)	Hombres	1
Noviembre 2011	44	Teruel	Españoles	ESPAÑA	Españoles	Españoles	Mujeres	3647
Noviembre 2011	44	Teruel	Extranjeros comunitarios (UE-27)	RESTO DEL MUNDO	Extranjeros comunitarios (UE-27)	Extranjeros comunitarios (UE-28)	Mujeres	471
Noviembre 2011	44	Teruel	Extranjeros comunitarios (UE-27)	UNION EUROPEA	Extranjeros comunitarios (UE-27)	Extranjeros comunitarios (UE-28)	Mujeres	70
Noviembre 2011	44	Teruel	Extranjeros no comunitarios	RESTO DEL MUNDO	Extranjeros no comunitarios	Extranjeros no comunitarios	Mujeres	477
Noviembre 2011	50	Zaragoza	Españoles	ESPAÑA	Españoles	Españoles	Hombres	26599
Noviembre 2011	50	Zaragoza	Extranjeros comunitarios (UE-27)	RESTO DEL MUNDO	Extranjeros comunitarios (UE-27)	Extranjeros comunitarios (UE-28)	Hombres	3702
Noviembre 2011	50	Zaragoza	Extranjeros comunitarios (UE-27)	UNION EUROPEA	Extranjeros comunitarios (UE-27)	Extranjeros comunitarios (UE-28)	Hombres	547
Noviembre 2011	50	Zaragoza	Extranjeros no comunitarios	RESTO DEL MUNDO	Extranjeros no comunitarios	Extranjeros no comunitarios	Hombres	6776
Noviembre 2011	50	Zaragoza	Extranjeros no comunitarios	UNION EUROPEA	Extranjeros no comunitarios	Extranjeros comunitarios (UE-28)	Hombres	10
Noviembre 2011	50	Zaragoza		No consta		No consta	Hombres	2
Noviembre 2011	50	Zaragoza	Españoles	ESPAÑA	Españoles	Españoles	Mujeres	30679
Noviembre 2011	50	Zaragoza	Extranjeros comunitarios (UE-27)	RESTO DEL MUNDO	Extranjeros comunitarios (UE-27)	Extranjeros comunitarios (UE-28)	Mujeres	2623
Noviembre 2011	50	Zaragoza	Extranjeros comunitarios (UE-27)	UNION EUROPEA	Extranjeros comunitarios (UE-27)	Extranjeros comunitarios (UE-28)	Mujeres	451
Noviembre 2011	50	Zaragoza	Extranjeros no comunitarios	RESTO DEL MUNDO	Extranjeros no comunitarios	Extranjeros no comunitarios	Mujeres	4362
Noviembre 2011	50	Zaragoza	Extranjeros no comunitarios	UNION EUROPEA	Extranjeros no comunitarios	Extranjeros comunitarios (UE-28)	Mujeres	10
Noviembre 2011	50	Zaragoza		No consta		No consta	Mujeres	3
Octubre 2011	22	Huesca	Españoles	ESPAÑA	Españoles	Españoles	Hombres	5327
Octubre 2011	22	Huesca	Extranjeros comunitarios (UE-27)	RESTO DEL MUNDO	Extranjeros comunitarios (UE-27)	Extranjeros comunitarios (UE-28)	Hombres	732
Octubre 2011	22	Huesca	Extranjeros comunitarios (UE-27)	UNION EUROPEA	Extranjeros comunitarios (UE-27)	Extranjeros comunitarios (UE-28)	Hombres	179
Octubre 2011	22	Huesca	Extranjeros no comunitarios	RESTO DEL MUNDO	Extranjeros no comunitarios	Extranjeros no comunitarios	Hombres	1210
Octubre 2011	22	Huesca	Extranjeros no comunitarios	UNION EUROPEA	Extranjeros no comunitarios	Extranjeros comunitarios (UE-28)	Hombres	2
Octubre 2011	22	Huesca	Españoles	ESPAÑA	Españoles	Españoles	Mujeres	5272
Octubre 2011	22	Huesca	Extranjeros comunitarios (UE-27)	RESTO DEL MUNDO	Extranjeros comunitarios (UE-27)	Extranjeros comunitarios (UE-28)	Mujeres	658
Octubre 2011	22	Huesca	Extranjeros comunitarios (UE-27)	UNION EUROPEA	Extranjeros comunitarios (UE-27)	Extranjeros comunitarios (UE-28)	Mujeres	168
Octubre 2011	22	Huesca	Extranjeros no comunitarios	RESTO DEL MUNDO	Extranjeros no comunitarios	Extranjeros no comunitarios	Mujeres	620
Octubre 2011	22	Huesca	Extranjeros no comunitarios	UNION EUROPEA	Extranjeros no comunitarios	Extranjeros comunitarios (UE-28)	Mujeres	6
Octubre 2011	44	Teruel	Españoles	ESPAÑA	Españoles	Españoles	Hombres	3224
Octubre 2011	44	Teruel	Extranjeros comunitarios (UE-27)	RESTO DEL MUNDO	Extranjeros comunitarios (UE-27)	Extranjeros comunitarios (UE-28)	Hombres	548
Octubre 2011	44	Teruel	Extranjeros comunitarios (UE-27)	UNION EUROPEA	Extranjeros comunitarios (UE-27)	Extranjeros comunitarios (UE-28)	Hombres	86
Octubre 2011	44	Teruel	Extranjeros no comunitarios	RESTO DEL MUNDO	Extranjeros no comunitarios	Extranjeros no comunitarios	Hombres	1062
Octubre 2011	44	Teruel	Españoles	ESPAÑA	Españoles	Españoles	Mujeres	3448
Octubre 2011	44	Teruel	Extranjeros comunitarios (UE-27)	RESTO DEL MUNDO	Extranjeros comunitarios (UE-27)	Extranjeros comunitarios (UE-28)	Mujeres	385
Octubre 2011	44	Teruel	Extranjeros comunitarios (UE-27)	UNION EUROPEA	Extranjeros comunitarios (UE-27)	Extranjeros comunitarios (UE-28)	Mujeres	67
Octubre 2011	44	Teruel	Extranjeros no comunitarios	RESTO DEL MUNDO	Extranjeros no comunitarios	Extranjeros no comunitarios	Mujeres	465
Octubre 2011	50	Zaragoza	Españoles	ESPAÑA	Españoles	Españoles	Hombres	25764
Octubre 2011	50	Zaragoza	Extranjeros comunitarios (UE-27)	RESTO DEL MUNDO	Extranjeros comunitarios (UE-27)	Extranjeros comunitarios (UE-28)	Hombres	3639
Octubre 2011	50	Zaragoza	Extranjeros comunitarios (UE-27)	UNION EUROPEA	Extranjeros comunitarios (UE-27)	Extranjeros comunitarios (UE-28)	Hombres	532
Octubre 2011	50	Zaragoza	Extranjeros no comunitarios	RESTO DEL MUNDO	Extranjeros no comunitarios	Extranjeros no comunitarios	Hombres	6865
Octubre 2011	50	Zaragoza	Extranjeros no comunitarios	UNION EUROPEA	Extranjeros no comunitarios	Extranjeros comunitarios (UE-28)	Hombres	7
Octubre 2011	50	Zaragoza	Españoles	ESPAÑA	Españoles	Españoles	Mujeres	30155
Octubre 2011	50	Zaragoza	Extranjeros comunitarios (UE-27)	RESTO DEL MUNDO	Extranjeros comunitarios (UE-27)	Extranjeros comunitarios (UE-28)	Mujeres	2614
Octubre 2011	50	Zaragoza	Extranjeros comunitarios (UE-27)	UNION EUROPEA	Extranjeros comunitarios (UE-27)	Extranjeros comunitarios (UE-28)	Mujeres	429
Octubre 2011	50	Zaragoza	Extranjeros no comunitarios	RESTO DEL MUNDO	Extranjeros no comunitarios	Extranjeros no comunitarios	Mujeres	4170
Octubre 2011	50	Zaragoza	Extranjeros no comunitarios	UNION EUROPEA	Extranjeros no comunitarios	Extranjeros comunitarios (UE-28)	Mujeres	11
Octubre 2011	50	Zaragoza		No consta		No consta	Mujeres	3
Septiembre 2011	22	Huesca	Españoles	ESPAÑA	Españoles	Españoles	Hombres	5160
Septiembre 2011	22	Huesca	Extranjeros comunitarios (UE-27)	RESTO DEL MUNDO	Extranjeros comunitarios (UE-27)	Extranjeros comunitarios (UE-28)	Hombres	717
Septiembre 2011	22	Huesca	Extranjeros comunitarios (UE-27)	UNION EUROPEA	Extranjeros comunitarios (UE-27)	Extranjeros comunitarios (UE-28)	Hombres	195
Septiembre 2011	22	Huesca	Extranjeros no comunitarios	RESTO DEL MUNDO	Extranjeros no comunitarios	Extranjeros no comunitarios	Hombres	1174
Septiembre 2011	22	Huesca	Extranjeros no comunitarios	UNION EUROPEA	Extranjeros no comunitarios	Extranjeros comunitarios (UE-28)	Hombres	2
Septiembre 2011	22	Huesca	Españoles	ESPAÑA	Españoles	Españoles	Mujeres	5231
Septiembre 2011	22	Huesca	Extranjeros comunitarios (UE-27)	RESTO DEL MUNDO	Extranjeros comunitarios (UE-27)	Extranjeros comunitarios (UE-28)	Mujeres	663
Septiembre 2011	22	Huesca	Extranjeros comunitarios (UE-27)	UNION EUROPEA	Extranjeros comunitarios (UE-27)	Extranjeros comunitarios (UE-28)	Mujeres	158
Septiembre 2011	22	Huesca	Extranjeros no comunitarios	RESTO DEL MUNDO	Extranjeros no comunitarios	Extranjeros no comunitarios	Mujeres	594
Septiembre 2011	22	Huesca	Extranjeros no comunitarios	UNION EUROPEA	Extranjeros no comunitarios	Extranjeros comunitarios (UE-28)	Mujeres	4
Septiembre 2011	44	Teruel	Españoles	ESPAÑA	Españoles	Españoles	Hombres	3149
Septiembre 2011	44	Teruel	Extranjeros comunitarios (UE-27)	RESTO DEL MUNDO	Extranjeros comunitarios (UE-27)	Extranjeros comunitarios (UE-28)	Hombres	540
Septiembre 2011	44	Teruel	Extranjeros comunitarios (UE-27)	UNION EUROPEA	Extranjeros comunitarios (UE-27)	Extranjeros comunitarios (UE-28)	Hombres	83
Septiembre 2011	44	Teruel	Extranjeros no comunitarios	RESTO DEL MUNDO	Extranjeros no comunitarios	Extranjeros no comunitarios	Hombres	1041
Septiembre 2011	44	Teruel	Extranjeros no comunitarios	UNION EUROPEA	Extranjeros no comunitarios	Extranjeros comunitarios (UE-28)	Hombres	1
Septiembre 2011	44	Teruel	Españoles	ESPAÑA	Españoles	Españoles	Mujeres	3320
Septiembre 2011	44	Teruel	Extranjeros comunitarios (UE-27)	RESTO DEL MUNDO	Extranjeros comunitarios (UE-27)	Extranjeros comunitarios (UE-28)	Mujeres	318
Septiembre 2011	44	Teruel	Extranjeros comunitarios (UE-27)	UNION EUROPEA	Extranjeros comunitarios (UE-27)	Extranjeros comunitarios (UE-28)	Mujeres	64
Septiembre 2011	44	Teruel	Extranjeros no comunitarios	RESTO DEL MUNDO	Extranjeros no comunitarios	Extranjeros no comunitarios	Mujeres	443
Septiembre 2011	44	Teruel	Extranjeros no comunitarios	UNION EUROPEA	Extranjeros no comunitarios	Extranjeros comunitarios (UE-28)	Mujeres	2
Septiembre 2011	50	Zaragoza	Españoles	ESPAÑA	Españoles	Españoles	Hombres	24949
Septiembre 2011	50	Zaragoza	Extranjeros comunitarios (UE-27)	RESTO DEL MUNDO	Extranjeros comunitarios (UE-27)	Extranjeros comunitarios (UE-28)	Hombres	3516
Septiembre 2011	50	Zaragoza	Extranjeros comunitarios (UE-27)	UNION EUROPEA	Extranjeros comunitarios (UE-27)	Extranjeros comunitarios (UE-28)	Hombres	520
Septiembre 2011	50	Zaragoza	Extranjeros no comunitarios	RESTO DEL MUNDO	Extranjeros no comunitarios	Extranjeros no comunitarios	Hombres	6401
Septiembre 2011	50	Zaragoza	Extranjeros no comunitarios	UNION EUROPEA	Extranjeros no comunitarios	Extranjeros comunitarios (UE-28)	Hombres	13
Septiembre 2011	50	Zaragoza	Españoles	ESPAÑA	Españoles	Españoles	Mujeres	29570
Septiembre 2011	50	Zaragoza	Extranjeros comunitarios (UE-27)	RESTO DEL MUNDO	Extranjeros comunitarios (UE-27)	Extranjeros comunitarios (UE-28)	Mujeres	2366
Septiembre 2011	50	Zaragoza	Extranjeros comunitarios (UE-27)	UNION EUROPEA	Extranjeros comunitarios (UE-27)	Extranjeros comunitarios (UE-28)	Mujeres	402
Septiembre 2011	50	Zaragoza	Extranjeros no comunitarios	RESTO DEL MUNDO	Extranjeros no comunitarios	Extranjeros no comunitarios	Mujeres	4089
Septiembre 2011	50	Zaragoza	Extranjeros no comunitarios	UNION EUROPEA	Extranjeros no comunitarios	Extranjeros comunitarios (UE-28)	Mujeres	12
Septiembre 2011	50	Zaragoza		No consta		No consta	Mujeres	4
Agosto 2011	22	Huesca	Españoles	ESPAÑA	Españoles	Españoles	Hombres	4961
Agosto 2011	22	Huesca	Extranjeros comunitarios (UE-27)	RESTO DEL MUNDO	Extranjeros comunitarios (UE-27)	Extranjeros comunitarios (UE-28)	Hombres	595
Agosto 2011	22	Huesca	Extranjeros comunitarios (UE-27)	UNION EUROPEA	Extranjeros comunitarios (UE-27)	Extranjeros comunitarios (UE-28)	Hombres	181
Agosto 2011	22	Huesca	Extranjeros no comunitarios	RESTO DEL MUNDO	Extranjeros no comunitarios	Extranjeros no comunitarios	Hombres	1038
Agosto 2011	22	Huesca	Extranjeros no comunitarios	UNION EUROPEA	Extranjeros no comunitarios	Extranjeros comunitarios (UE-28)	Hombres	2
Agosto 2011	22	Huesca	Españoles	ESPAÑA	Españoles	Españoles	Mujeres	4940
Agosto 2011	22	Huesca	Extranjeros comunitarios (UE-27)	RESTO DEL MUNDO	Extranjeros comunitarios (UE-27)	Extranjeros comunitarios (UE-28)	Mujeres	460
Agosto 2011	22	Huesca	Extranjeros comunitarios (UE-27)	UNION EUROPEA	Extranjeros comunitarios (UE-27)	Extranjeros comunitarios (UE-28)	Mujeres	125
Agosto 2011	22	Huesca	Extranjeros no comunitarios	RESTO DEL MUNDO	Extranjeros no comunitarios	Extranjeros no comunitarios	Mujeres	551
Agosto 2011	22	Huesca	Extranjeros no comunitarios	UNION EUROPEA	Extranjeros no comunitarios	Extranjeros comunitarios (UE-28)	Mujeres	5
Agosto 2011	44	Teruel	Españoles	ESPAÑA	Españoles	Españoles	Hombres	3069
Agosto 2011	44	Teruel	Extranjeros comunitarios (UE-27)	RESTO DEL MUNDO	Extranjeros comunitarios (UE-27)	Extranjeros comunitarios (UE-28)	Hombres	553
Agosto 2011	44	Teruel	Extranjeros comunitarios (UE-27)	UNION EUROPEA	Extranjeros comunitarios (UE-27)	Extranjeros comunitarios (UE-28)	Hombres	91
Agosto 2011	44	Teruel	Extranjeros no comunitarios	RESTO DEL MUNDO	Extranjeros no comunitarios	Extranjeros no comunitarios	Hombres	1060
Agosto 2011	44	Teruel	Extranjeros no comunitarios	UNION EUROPEA	Extranjeros no comunitarios	Extranjeros comunitarios (UE-28)	Hombres	1
Agosto 2011	44	Teruel		No consta		No consta	Hombres	1
Agosto 2011	44	Teruel	Españoles	ESPAÑA	Españoles	Españoles	Mujeres	3099
Agosto 2011	44	Teruel	Extranjeros comunitarios (UE-27)	RESTO DEL MUNDO	Extranjeros comunitarios (UE-27)	Extranjeros comunitarios (UE-28)	Mujeres	330
Agosto 2011	44	Teruel	Extranjeros comunitarios (UE-27)	UNION EUROPEA	Extranjeros comunitarios (UE-27)	Extranjeros comunitarios (UE-28)	Mujeres	56
Agosto 2011	44	Teruel	Extranjeros no comunitarios	RESTO DEL MUNDO	Extranjeros no comunitarios	Extranjeros no comunitarios	Mujeres	397
Agosto 2011	44	Teruel	Extranjeros no comunitarios	UNION EUROPEA	Extranjeros no comunitarios	Extranjeros comunitarios (UE-28)	Mujeres	2
Agosto 2011	50	Zaragoza	Españoles	ESPAÑA	Españoles	Españoles	Hombres	24901
Agosto 2011	50	Zaragoza	Extranjeros comunitarios (UE-27)	RESTO DEL MUNDO	Extranjeros comunitarios (UE-27)	Extranjeros comunitarios (UE-28)	Hombres	3464
Agosto 2011	50	Zaragoza	Extranjeros comunitarios (UE-27)	UNION EUROPEA	Extranjeros comunitarios (UE-27)	Extranjeros comunitarios (UE-28)	Hombres	546
Agosto 2011	50	Zaragoza	Extranjeros no comunitarios	RESTO DEL MUNDO	Extranjeros no comunitarios	Extranjeros no comunitarios	Hombres	6421
Agosto 2011	50	Zaragoza	Extranjeros no comunitarios	UNION EUROPEA	Extranjeros no comunitarios	Extranjeros comunitarios (UE-28)	Hombres	16
Agosto 2011	50	Zaragoza	Españoles	ESPAÑA	Españoles	Españoles	Mujeres	29330
Agosto 2011	50	Zaragoza	Extranjeros comunitarios (UE-27)	RESTO DEL MUNDO	Extranjeros comunitarios (UE-27)	Extranjeros comunitarios (UE-28)	Mujeres	2276
Agosto 2011	50	Zaragoza	Extranjeros comunitarios (UE-27)	UNION EUROPEA	Extranjeros comunitarios (UE-27)	Extranjeros comunitarios (UE-28)	Mujeres	408
Agosto 2011	50	Zaragoza	Extranjeros no comunitarios	RESTO DEL MUNDO	Extranjeros no comunitarios	Extranjeros no comunitarios	Mujeres	3817
Agosto 2011	50	Zaragoza	Extranjeros no comunitarios	UNION EUROPEA	Extranjeros no comunitarios	Extranjeros comunitarios (UE-28)	Mujeres	16
Agosto 2011	50	Zaragoza		No consta		No consta	Mujeres	3
Julio 2011	22	Huesca	Españoles	ESPAÑA	Españoles	Españoles	Hombres	4804
Julio 2011	22	Huesca	Extranjeros comunitarios (UE-27)	RESTO DEL MUNDO	Extranjeros comunitarios (UE-27)	Extranjeros comunitarios (UE-28)	Hombres	551
Julio 2011	22	Huesca	Extranjeros comunitarios (UE-27)	UNION EUROPEA	Extranjeros comunitarios (UE-27)	Extranjeros comunitarios (UE-28)	Hombres	193
Julio 2011	22	Huesca	Extranjeros no comunitarios	RESTO DEL MUNDO	Extranjeros no comunitarios	Extranjeros no comunitarios	Hombres	998
Julio 2011	22	Huesca	Extranjeros no comunitarios	UNION EUROPEA	Extranjeros no comunitarios	Extranjeros comunitarios (UE-28)	Hombres	2
Julio 2011	22	Huesca	Españoles	ESPAÑA	Españoles	Españoles	Mujeres	4772
Julio 2011	22	Huesca	Extranjeros comunitarios (UE-27)	RESTO DEL MUNDO	Extranjeros comunitarios (UE-27)	Extranjeros comunitarios (UE-28)	Mujeres	413
Julio 2011	22	Huesca	Extranjeros comunitarios (UE-27)	UNION EUROPEA	Extranjeros comunitarios (UE-27)	Extranjeros comunitarios (UE-28)	Mujeres	124
Julio 2011	22	Huesca	Extranjeros no comunitarios	RESTO DEL MUNDO	Extranjeros no comunitarios	Extranjeros no comunitarios	Mujeres	587
Julio 2011	22	Huesca	Extranjeros no comunitarios	UNION EUROPEA	Extranjeros no comunitarios	Extranjeros comunitarios (UE-28)	Mujeres	5
Julio 2011	44	Teruel	Españoles	ESPAÑA	Españoles	Españoles	Hombres	2965
Julio 2011	44	Teruel	Extranjeros comunitarios (UE-27)	RESTO DEL MUNDO	Extranjeros comunitarios (UE-27)	Extranjeros comunitarios (UE-28)	Hombres	549
Julio 2011	44	Teruel	Extranjeros comunitarios (UE-27)	UNION EUROPEA	Extranjeros comunitarios (UE-27)	Extranjeros comunitarios (UE-28)	Hombres	96
Julio 2011	44	Teruel	Extranjeros no comunitarios	RESTO DEL MUNDO	Extranjeros no comunitarios	Extranjeros no comunitarios	Hombres	1034
Julio 2011	44	Teruel	Extranjeros no comunitarios	UNION EUROPEA	Extranjeros no comunitarios	Extranjeros comunitarios (UE-28)	Hombres	1
Julio 2011	44	Teruel		No consta		No consta	Hombres	1
Julio 2011	44	Teruel	Españoles	ESPAÑA	Españoles	Españoles	Mujeres	3086
Julio 2011	44	Teruel	Extranjeros comunitarios (UE-27)	RESTO DEL MUNDO	Extranjeros comunitarios (UE-27)	Extranjeros comunitarios (UE-28)	Mujeres	344
Julio 2011	44	Teruel	Extranjeros comunitarios (UE-27)	UNION EUROPEA	Extranjeros comunitarios (UE-27)	Extranjeros comunitarios (UE-28)	Mujeres	54
Julio 2011	44	Teruel	Extranjeros no comunitarios	RESTO DEL MUNDO	Extranjeros no comunitarios	Extranjeros no comunitarios	Mujeres	424
Julio 2011	44	Teruel	Extranjeros no comunitarios	UNION EUROPEA	Extranjeros no comunitarios	Extranjeros comunitarios (UE-28)	Mujeres	2
Julio 2011	50	Zaragoza	Españoles	ESPAÑA	Españoles	Españoles	Hombres	24397
Julio 2011	50	Zaragoza	Extranjeros comunitarios (UE-27)	RESTO DEL MUNDO	Extranjeros comunitarios (UE-27)	Extranjeros comunitarios (UE-28)	Hombres	3716
Julio 2011	50	Zaragoza	Extranjeros comunitarios (UE-27)	UNION EUROPEA	Extranjeros comunitarios (UE-27)	Extranjeros comunitarios (UE-28)	Hombres	567
Julio 2011	50	Zaragoza	Extranjeros no comunitarios	RESTO DEL MUNDO	Extranjeros no comunitarios	Extranjeros no comunitarios	Hombres	6742
Julio 2011	50	Zaragoza	Extranjeros no comunitarios	UNION EUROPEA	Extranjeros no comunitarios	Extranjeros comunitarios (UE-28)	Hombres	13
Julio 2011	50	Zaragoza	Españoles	ESPAÑA	Españoles	Españoles	Mujeres	28673
Julio 2011	50	Zaragoza	Extranjeros comunitarios (UE-27)	RESTO DEL MUNDO	Extranjeros comunitarios (UE-27)	Extranjeros comunitarios (UE-28)	Mujeres	2451
Julio 2011	50	Zaragoza	Extranjeros comunitarios (UE-27)	UNION EUROPEA	Extranjeros comunitarios (UE-27)	Extranjeros comunitarios (UE-28)	Mujeres	406
Julio 2011	50	Zaragoza	Extranjeros no comunitarios	RESTO DEL MUNDO	Extranjeros no comunitarios	Extranjeros no comunitarios	Mujeres	3884
Julio 2011	50	Zaragoza	Extranjeros no comunitarios	UNION EUROPEA	Extranjeros no comunitarios	Extranjeros comunitarios (UE-28)	Mujeres	15
Julio 2011	50	Zaragoza		No consta		No consta	Mujeres	3
Junio 2011	22	Huesca	Españoles	ESPAÑA	Españoles	Españoles	Hombres	4922
Junio 2011	22	Huesca	Extranjeros comunitarios (UE-27)	RESTO DEL MUNDO	Extranjeros comunitarios (UE-27)	Extranjeros comunitarios (UE-28)	Hombres	548
Junio 2011	22	Huesca	Extranjeros comunitarios (UE-27)	UNION EUROPEA	Extranjeros comunitarios (UE-27)	Extranjeros comunitarios (UE-28)	Hombres	197
Junio 2011	22	Huesca	Extranjeros no comunitarios	RESTO DEL MUNDO	Extranjeros no comunitarios	Extranjeros no comunitarios	Hombres	1066
Junio 2011	22	Huesca	Extranjeros no comunitarios	UNION EUROPEA	Extranjeros no comunitarios	Extranjeros comunitarios (UE-28)	Hombres	2
Junio 2011	22	Huesca	Españoles	ESPAÑA	Españoles	Españoles	Mujeres	4862
Junio 2011	22	Huesca	Extranjeros comunitarios (UE-27)	RESTO DEL MUNDO	Extranjeros comunitarios (UE-27)	Extranjeros comunitarios (UE-28)	Mujeres	417
Junio 2011	22	Huesca	Extranjeros comunitarios (UE-27)	UNION EUROPEA	Extranjeros comunitarios (UE-27)	Extranjeros comunitarios (UE-28)	Mujeres	130
Junio 2011	22	Huesca	Extranjeros no comunitarios	RESTO DEL MUNDO	Extranjeros no comunitarios	Extranjeros no comunitarios	Mujeres	630
Junio 2011	22	Huesca	Extranjeros no comunitarios	UNION EUROPEA	Extranjeros no comunitarios	Extranjeros comunitarios (UE-28)	Mujeres	4
Junio 2011	44	Teruel	Españoles	ESPAÑA	Españoles	Españoles	Hombres	2953
Junio 2011	44	Teruel	Extranjeros comunitarios (UE-27)	RESTO DEL MUNDO	Extranjeros comunitarios (UE-27)	Extranjeros comunitarios (UE-28)	Hombres	542
Junio 2011	44	Teruel	Extranjeros comunitarios (UE-27)	UNION EUROPEA	Extranjeros comunitarios (UE-27)	Extranjeros comunitarios (UE-28)	Hombres	99
Junio 2011	44	Teruel	Extranjeros no comunitarios	RESTO DEL MUNDO	Extranjeros no comunitarios	Extranjeros no comunitarios	Hombres	1005
Junio 2011	44	Teruel	Extranjeros no comunitarios	UNION EUROPEA	Extranjeros no comunitarios	Extranjeros comunitarios (UE-28)	Hombres	1
Junio 2011	44	Teruel		No consta		No consta	Hombres	1
Junio 2011	44	Teruel	Españoles	ESPAÑA	Españoles	Españoles	Mujeres	3204
Junio 2011	44	Teruel	Extranjeros comunitarios (UE-27)	RESTO DEL MUNDO	Extranjeros comunitarios (UE-27)	Extranjeros comunitarios (UE-28)	Mujeres	373
Junio 2011	44	Teruel	Extranjeros comunitarios (UE-27)	UNION EUROPEA	Extranjeros comunitarios (UE-27)	Extranjeros comunitarios (UE-28)	Mujeres	51
Junio 2011	44	Teruel	Extranjeros no comunitarios	RESTO DEL MUNDO	Extranjeros no comunitarios	Extranjeros no comunitarios	Mujeres	451
Junio 2011	50	Zaragoza	Españoles	ESPAÑA	Españoles	Españoles	Hombres	24067
Junio 2011	50	Zaragoza	Extranjeros comunitarios (UE-27)	RESTO DEL MUNDO	Extranjeros comunitarios (UE-27)	Extranjeros comunitarios (UE-28)	Hombres	3564
Junio 2011	50	Zaragoza	Extranjeros comunitarios (UE-27)	UNION EUROPEA	Extranjeros comunitarios (UE-27)	Extranjeros comunitarios (UE-28)	Hombres	579
Junio 2011	50	Zaragoza	Extranjeros no comunitarios	RESTO DEL MUNDO	Extranjeros no comunitarios	Extranjeros no comunitarios	Hombres	6458
Junio 2011	50	Zaragoza	Extranjeros no comunitarios	UNION EUROPEA	Extranjeros no comunitarios	Extranjeros comunitarios (UE-28)	Hombres	10
Junio 2011	50	Zaragoza	Españoles	ESPAÑA	Españoles	Españoles	Mujeres	28337
Junio 2011	50	Zaragoza	Extranjeros comunitarios (UE-27)	RESTO DEL MUNDO	Extranjeros comunitarios (UE-27)	Extranjeros comunitarios (UE-28)	Mujeres	2416
Junio 2011	50	Zaragoza	Extranjeros comunitarios (UE-27)	UNION EUROPEA	Extranjeros comunitarios (UE-27)	Extranjeros comunitarios (UE-28)	Mujeres	396
Junio 2011	50	Zaragoza	Extranjeros no comunitarios	RESTO DEL MUNDO	Extranjeros no comunitarios	Extranjeros no comunitarios	Mujeres	3974
Junio 2011	50	Zaragoza	Extranjeros no comunitarios	UNION EUROPEA	Extranjeros no comunitarios	Extranjeros comunitarios (UE-28)	Mujeres	10
Junio 2011	50	Zaragoza		No consta		No consta	Mujeres	2
Mayo 2011	22	Huesca	Españoles	ESPAÑA	Españoles	Españoles	Hombres	4992
Mayo 2011	22	Huesca	Extranjeros comunitarios (UE-27)	RESTO DEL MUNDO	Extranjeros comunitarios (UE-27)	Extranjeros comunitarios (UE-28)	Hombres	554
Mayo 2011	22	Huesca	Extranjeros comunitarios (UE-27)	UNION EUROPEA	Extranjeros comunitarios (UE-27)	Extranjeros comunitarios (UE-28)	Hombres	210
Mayo 2011	22	Huesca	Extranjeros no comunitarios	RESTO DEL MUNDO	Extranjeros no comunitarios	Extranjeros no comunitarios	Hombres	1065
Mayo 2011	22	Huesca	Extranjeros no comunitarios	UNION EUROPEA	Extranjeros no comunitarios	Extranjeros comunitarios (UE-28)	Hombres	4
Mayo 2011	22	Huesca	Españoles	ESPAÑA	Españoles	Españoles	Mujeres	4998
Mayo 2011	22	Huesca	Extranjeros comunitarios (UE-27)	RESTO DEL MUNDO	Extranjeros comunitarios (UE-27)	Extranjeros comunitarios (UE-28)	Mujeres	454
Mayo 2011	22	Huesca	Extranjeros comunitarios (UE-27)	UNION EUROPEA	Extranjeros comunitarios (UE-27)	Extranjeros comunitarios (UE-28)	Mujeres	146
Mayo 2011	22	Huesca	Extranjeros no comunitarios	RESTO DEL MUNDO	Extranjeros no comunitarios	Extranjeros no comunitarios	Mujeres	633
Mayo 2011	22	Huesca	Extranjeros no comunitarios	UNION EUROPEA	Extranjeros no comunitarios	Extranjeros comunitarios (UE-28)	Mujeres	3
Mayo 2011	44	Teruel	Españoles	ESPAÑA	Españoles	Españoles	Hombres	2917
Mayo 2011	44	Teruel	Extranjeros comunitarios (UE-27)	RESTO DEL MUNDO	Extranjeros comunitarios (UE-27)	Extranjeros comunitarios (UE-28)	Hombres	539
Mayo 2011	44	Teruel	Extranjeros comunitarios (UE-27)	UNION EUROPEA	Extranjeros comunitarios (UE-27)	Extranjeros comunitarios (UE-28)	Hombres	96
Mayo 2011	44	Teruel	Extranjeros no comunitarios	RESTO DEL MUNDO	Extranjeros no comunitarios	Extranjeros no comunitarios	Hombres	1013
Mayo 2011	44	Teruel		No consta		No consta	Hombres	1
Mayo 2011	44	Teruel	Españoles	ESPAÑA	Españoles	Españoles	Mujeres	3223
Mayo 2011	44	Teruel	Extranjeros comunitarios (UE-27)	RESTO DEL MUNDO	Extranjeros comunitarios (UE-27)	Extranjeros comunitarios (UE-28)	Mujeres	366
Mayo 2011	44	Teruel	Extranjeros comunitarios (UE-27)	UNION EUROPEA	Extranjeros comunitarios (UE-27)	Extranjeros comunitarios (UE-28)	Mujeres	52
Mayo 2011	44	Teruel	Extranjeros no comunitarios	RESTO DEL MUNDO	Extranjeros no comunitarios	Extranjeros no comunitarios	Mujeres	442
Mayo 2011	50	Zaragoza	Españoles	ESPAÑA	Españoles	Españoles	Hombres	24584
Mayo 2011	50	Zaragoza	Extranjeros comunitarios (UE-27)	RESTO DEL MUNDO	Extranjeros comunitarios (UE-27)	Extranjeros comunitarios (UE-28)	Hombres	3781
Mayo 2011	50	Zaragoza	Extranjeros comunitarios (UE-27)	UNION EUROPEA	Extranjeros comunitarios (UE-27)	Extranjeros comunitarios (UE-28)	Hombres	575
Mayo 2011	50	Zaragoza	Extranjeros no comunitarios	RESTO DEL MUNDO	Extranjeros no comunitarios	Extranjeros no comunitarios	Hombres	6446
Mayo 2011	50	Zaragoza	Extranjeros no comunitarios	UNION EUROPEA	Extranjeros no comunitarios	Extranjeros comunitarios (UE-28)	Hombres	9
Mayo 2011	50	Zaragoza		No consta		No consta	Hombres	1
Mayo 2011	50	Zaragoza	Españoles	ESPAÑA	Españoles	Españoles	Mujeres	28427
Mayo 2011	50	Zaragoza	Extranjeros comunitarios (UE-27)	RESTO DEL MUNDO	Extranjeros comunitarios (UE-27)	Extranjeros comunitarios (UE-28)	Mujeres	2481
Mayo 2011	50	Zaragoza	Extranjeros comunitarios (UE-27)	UNION EUROPEA	Extranjeros comunitarios (UE-27)	Extranjeros comunitarios (UE-28)	Mujeres	401
Mayo 2011	50	Zaragoza	Extranjeros no comunitarios	RESTO DEL MUNDO	Extranjeros no comunitarios	Extranjeros no comunitarios	Mujeres	4063
Mayo 2011	50	Zaragoza	Extranjeros no comunitarios	UNION EUROPEA	Extranjeros no comunitarios	Extranjeros comunitarios (UE-28)	Mujeres	7
Mayo 2011	50	Zaragoza		No consta		No consta	Mujeres	2
Abril 2011	22	Huesca	Españoles	ESPAÑA	Españoles	Españoles	Hombres	5361
Abril 2011	22	Huesca	Extranjeros comunitarios (UE-27)	RESTO DEL MUNDO	Extranjeros comunitarios (UE-27)	Extranjeros comunitarios (UE-28)	Hombres	629
Abril 2011	22	Huesca	Extranjeros comunitarios (UE-27)	UNION EUROPEA	Extranjeros comunitarios (UE-27)	Extranjeros comunitarios (UE-28)	Hombres	216
Abril 2011	22	Huesca	Extranjeros no comunitarios	RESTO DEL MUNDO	Extranjeros no comunitarios	Extranjeros no comunitarios	Hombres	1269
Abril 2011	22	Huesca	Extranjeros no comunitarios	UNION EUROPEA	Extranjeros no comunitarios	Extranjeros comunitarios (UE-28)	Hombres	3
Abril 2011	22	Huesca	Españoles	ESPAÑA	Españoles	Españoles	Mujeres	5039
Abril 2011	22	Huesca	Extranjeros comunitarios (UE-27)	RESTO DEL MUNDO	Extranjeros comunitarios (UE-27)	Extranjeros comunitarios (UE-28)	Mujeres	537
Abril 2011	22	Huesca	Extranjeros comunitarios (UE-27)	UNION EUROPEA	Extranjeros comunitarios (UE-27)	Extranjeros comunitarios (UE-28)	Mujeres	171
Abril 2011	22	Huesca	Extranjeros no comunitarios	RESTO DEL MUNDO	Extranjeros no comunitarios	Extranjeros no comunitarios	Mujeres	642
Abril 2011	22	Huesca	Extranjeros no comunitarios	UNION EUROPEA	Extranjeros no comunitarios	Extranjeros comunitarios (UE-28)	Mujeres	2
Abril 2011	44	Teruel	Españoles	ESPAÑA	Españoles	Españoles	Hombres	3167
Abril 2011	44	Teruel	Extranjeros comunitarios (UE-27)	RESTO DEL MUNDO	Extranjeros comunitarios (UE-27)	Extranjeros comunitarios (UE-28)	Hombres	580
Abril 2011	44	Teruel	Extranjeros comunitarios (UE-27)	UNION EUROPEA	Extranjeros comunitarios (UE-27)	Extranjeros comunitarios (UE-28)	Hombres	100
Abril 2011	44	Teruel	Extranjeros no comunitarios	RESTO DEL MUNDO	Extranjeros no comunitarios	Extranjeros no comunitarios	Hombres	1122
Abril 2011	44	Teruel	Extranjeros no comunitarios	UNION EUROPEA	Extranjeros no comunitarios	Extranjeros comunitarios (UE-28)	Hombres	2
Abril 2011	44	Teruel		No consta		No consta	Hombres	1
Abril 2011	44	Teruel	Españoles	ESPAÑA	Españoles	Españoles	Mujeres	3356
Abril 2011	44	Teruel	Extranjeros comunitarios (UE-27)	RESTO DEL MUNDO	Extranjeros comunitarios (UE-27)	Extranjeros comunitarios (UE-28)	Mujeres	425
Abril 2011	44	Teruel	Extranjeros comunitarios (UE-27)	UNION EUROPEA	Extranjeros comunitarios (UE-27)	Extranjeros comunitarios (UE-28)	Mujeres	62
Abril 2011	44	Teruel	Extranjeros no comunitarios	RESTO DEL MUNDO	Extranjeros no comunitarios	Extranjeros no comunitarios	Mujeres	457
Abril 2011	44	Teruel	Extranjeros no comunitarios	UNION EUROPEA	Extranjeros no comunitarios	Extranjeros comunitarios (UE-28)	Mujeres	2
Abril 2011	50	Zaragoza	Españoles	ESPAÑA	Españoles	Españoles	Hombres	25934
Abril 2011	50	Zaragoza	Extranjeros comunitarios (UE-27)	RESTO DEL MUNDO	Extranjeros comunitarios (UE-27)	Extranjeros comunitarios (UE-28)	Hombres	4060
Abril 2011	50	Zaragoza	Extranjeros comunitarios (UE-27)	UNION EUROPEA	Extranjeros comunitarios (UE-27)	Extranjeros comunitarios (UE-28)	Hombres	590
Abril 2011	50	Zaragoza	Extranjeros no comunitarios	RESTO DEL MUNDO	Extranjeros no comunitarios	Extranjeros no comunitarios	Hombres	7120
Abril 2011	50	Zaragoza	Extranjeros no comunitarios	UNION EUROPEA	Extranjeros no comunitarios	Extranjeros comunitarios (UE-28)	Hombres	8
Abril 2011	50	Zaragoza		No consta		No consta	Hombres	1
Abril 2011	50	Zaragoza	Españoles	ESPAÑA	Españoles	Españoles	Mujeres	29544
Abril 2011	50	Zaragoza	Extranjeros comunitarios (UE-27)	RESTO DEL MUNDO	Extranjeros comunitarios (UE-27)	Extranjeros comunitarios (UE-28)	Mujeres	2735
Abril 2011	50	Zaragoza	Extranjeros comunitarios (UE-27)	UNION EUROPEA	Extranjeros comunitarios (UE-27)	Extranjeros comunitarios (UE-28)	Mujeres	438
Abril 2011	50	Zaragoza	Extranjeros no comunitarios	RESTO DEL MUNDO	Extranjeros no comunitarios	Extranjeros no comunitarios	Mujeres	4218
Abril 2011	50	Zaragoza	Extranjeros no comunitarios	UNION EUROPEA	Extranjeros no comunitarios	Extranjeros comunitarios (UE-28)	Mujeres	7
Abril 2011	50	Zaragoza		No consta		No consta	Mujeres	2
Marzo 2011	22	Huesca	Españoles	ESPAÑA	Españoles	Españoles	Hombres	5284
Marzo 2011	22	Huesca	Extranjeros comunitarios (UE-27)	RESTO DEL MUNDO	Extranjeros comunitarios (UE-27)	Extranjeros comunitarios (UE-28)	Hombres	673
Marzo 2011	22	Huesca	Extranjeros comunitarios (UE-27)	UNION EUROPEA	Extranjeros comunitarios (UE-27)	Extranjeros comunitarios (UE-28)	Hombres	222
Marzo 2011	22	Huesca	Extranjeros no comunitarios	RESTO DEL MUNDO	Extranjeros no comunitarios	Extranjeros no comunitarios	Hombres	1270
Marzo 2011	22	Huesca	Extranjeros no comunitarios	UNION EUROPEA	Extranjeros no comunitarios	Extranjeros comunitarios (UE-28)	Hombres	3
Marzo 2011	22	Huesca	Españoles	ESPAÑA	Españoles	Españoles	Mujeres	5149
Marzo 2011	22	Huesca	Extranjeros comunitarios (UE-27)	RESTO DEL MUNDO	Extranjeros comunitarios (UE-27)	Extranjeros comunitarios (UE-28)	Mujeres	592
Marzo 2011	22	Huesca	Extranjeros comunitarios (UE-27)	UNION EUROPEA	Extranjeros comunitarios (UE-27)	Extranjeros comunitarios (UE-28)	Mujeres	177
Marzo 2011	22	Huesca	Extranjeros no comunitarios	RESTO DEL MUNDO	Extranjeros no comunitarios	Extranjeros no comunitarios	Mujeres	609
Marzo 2011	22	Huesca	Extranjeros no comunitarios	UNION EUROPEA	Extranjeros no comunitarios	Extranjeros comunitarios (UE-28)	Mujeres	2
Marzo 2011	44	Teruel	Españoles	ESPAÑA	Españoles	Españoles	Hombres	3167
Marzo 2011	44	Teruel	Extranjeros comunitarios (UE-27)	RESTO DEL MUNDO	Extranjeros comunitarios (UE-27)	Extranjeros comunitarios (UE-28)	Hombres	580
Marzo 2011	44	Teruel	Extranjeros comunitarios (UE-27)	UNION EUROPEA	Extranjeros comunitarios (UE-27)	Extranjeros comunitarios (UE-28)	Hombres	97
Marzo 2011	44	Teruel	Extranjeros no comunitarios	RESTO DEL MUNDO	Extranjeros no comunitarios	Extranjeros no comunitarios	Hombres	1166
Marzo 2011	44	Teruel	Extranjeros no comunitarios	UNION EUROPEA	Extranjeros no comunitarios	Extranjeros comunitarios (UE-28)	Hombres	3
Marzo 2011	44	Teruel		No consta		No consta	Hombres	1
Marzo 2011	44	Teruel	Españoles	ESPAÑA	Españoles	Españoles	Mujeres	3396
Marzo 2011	44	Teruel	Extranjeros comunitarios (UE-27)	RESTO DEL MUNDO	Extranjeros comunitarios (UE-27)	Extranjeros comunitarios (UE-28)	Mujeres	436
Marzo 2011	44	Teruel	Extranjeros comunitarios (UE-27)	UNION EUROPEA	Extranjeros comunitarios (UE-27)	Extranjeros comunitarios (UE-28)	Mujeres	68
Marzo 2011	44	Teruel	Extranjeros no comunitarios	RESTO DEL MUNDO	Extranjeros no comunitarios	Extranjeros no comunitarios	Mujeres	428
Marzo 2011	44	Teruel	Extranjeros no comunitarios	UNION EUROPEA	Extranjeros no comunitarios	Extranjeros comunitarios (UE-28)	Mujeres	1
Marzo 2011	50	Zaragoza	Españoles	ESPAÑA	Españoles	Españoles	Hombres	26107
Marzo 2011	50	Zaragoza	Extranjeros comunitarios (UE-27)	RESTO DEL MUNDO	Extranjeros comunitarios (UE-27)	Extranjeros comunitarios (UE-28)	Hombres	4069
Marzo 2011	50	Zaragoza	Extranjeros comunitarios (UE-27)	UNION EUROPEA	Extranjeros comunitarios (UE-27)	Extranjeros comunitarios (UE-28)	Hombres	600
Marzo 2011	50	Zaragoza	Extranjeros no comunitarios	RESTO DEL MUNDO	Extranjeros no comunitarios	Extranjeros no comunitarios	Hombres	7335
Marzo 2011	50	Zaragoza	Extranjeros no comunitarios	UNION EUROPEA	Extranjeros no comunitarios	Extranjeros comunitarios (UE-28)	Hombres	6
Marzo 2011	50	Zaragoza		No consta		No consta	Hombres	1
Marzo 2011	50	Zaragoza	Españoles	ESPAÑA	Españoles	Españoles	Mujeres	30005
Marzo 2011	50	Zaragoza	Extranjeros comunitarios (UE-27)	RESTO DEL MUNDO	Extranjeros comunitarios (UE-27)	Extranjeros comunitarios (UE-28)	Mujeres	2802
Marzo 2011	50	Zaragoza	Extranjeros comunitarios (UE-27)	UNION EUROPEA	Extranjeros comunitarios (UE-27)	Extranjeros comunitarios (UE-28)	Mujeres	447
Marzo 2011	50	Zaragoza	Extranjeros no comunitarios	RESTO DEL MUNDO	Extranjeros no comunitarios	Extranjeros no comunitarios	Mujeres	4137
Marzo 2011	50	Zaragoza	Extranjeros no comunitarios	UNION EUROPEA	Extranjeros no comunitarios	Extranjeros comunitarios (UE-28)	Mujeres	6
Marzo 2011	50	Zaragoza		No consta		No consta	Mujeres	1
Febrero 2011	22	Huesca	Españoles	ESPAÑA	Españoles	Españoles	Hombres	5237
Febrero 2011	22	Huesca	Extranjeros comunitarios (UE-27)	RESTO DEL MUNDO	Extranjeros comunitarios (UE-27)	Extranjeros comunitarios (UE-28)	Hombres	686
Febrero 2011	22	Huesca	Extranjeros comunitarios (UE-27)	UNION EUROPEA	Extranjeros comunitarios (UE-27)	Extranjeros comunitarios (UE-28)	Hombres	229
Febrero 2011	22	Huesca	Extranjeros no comunitarios	RESTO DEL MUNDO	Extranjeros no comunitarios	Extranjeros no comunitarios	Hombres	1233
Febrero 2011	22	Huesca	Extranjeros no comunitarios	UNION EUROPEA	Extranjeros no comunitarios	Extranjeros comunitarios (UE-28)	Hombres	3
Febrero 2011	22	Huesca		No consta		No consta	Hombres	1
Febrero 2011	22	Huesca	Españoles	ESPAÑA	Españoles	Españoles	Mujeres	5005
Febrero 2011	22	Huesca	Extranjeros comunitarios (UE-27)	RESTO DEL MUNDO	Extranjeros comunitarios (UE-27)	Extranjeros comunitarios (UE-28)	Mujeres	584
Febrero 2011	22	Huesca	Extranjeros comunitarios (UE-27)	UNION EUROPEA	Extranjeros comunitarios (UE-27)	Extranjeros comunitarios (UE-28)	Mujeres	164
Febrero 2011	22	Huesca	Extranjeros no comunitarios	RESTO DEL MUNDO	Extranjeros no comunitarios	Extranjeros no comunitarios	Mujeres	586
Febrero 2011	22	Huesca	Extranjeros no comunitarios	UNION EUROPEA	Extranjeros no comunitarios	Extranjeros comunitarios (UE-28)	Mujeres	3
Febrero 2011	44	Teruel	Españoles	ESPAÑA	Españoles	Españoles	Hombres	3248
Febrero 2011	44	Teruel	Extranjeros comunitarios (UE-27)	RESTO DEL MUNDO	Extranjeros comunitarios (UE-27)	Extranjeros comunitarios (UE-28)	Hombres	588
Febrero 2011	44	Teruel	Extranjeros comunitarios (UE-27)	UNION EUROPEA	Extranjeros comunitarios (UE-27)	Extranjeros comunitarios (UE-28)	Hombres	101
Febrero 2011	44	Teruel	Extranjeros no comunitarios	RESTO DEL MUNDO	Extranjeros no comunitarios	Extranjeros no comunitarios	Hombres	1132
Febrero 2011	44	Teruel	Extranjeros no comunitarios	UNION EUROPEA	Extranjeros no comunitarios	Extranjeros comunitarios (UE-28)	Hombres	2
Febrero 2011	44	Teruel		No consta		No consta	Hombres	1
Febrero 2011	44	Teruel	Españoles	ESPAÑA	Españoles	Españoles	Mujeres	3372
Febrero 2011	44	Teruel	Extranjeros comunitarios (UE-27)	RESTO DEL MUNDO	Extranjeros comunitarios (UE-27)	Extranjeros comunitarios (UE-28)	Mujeres	412
Febrero 2011	44	Teruel	Extranjeros comunitarios (UE-27)	UNION EUROPEA	Extranjeros comunitarios (UE-27)	Extranjeros comunitarios (UE-28)	Mujeres	61
Febrero 2011	44	Teruel	Extranjeros no comunitarios	RESTO DEL MUNDO	Extranjeros no comunitarios	Extranjeros no comunitarios	Mujeres	414
Febrero 2011	44	Teruel	Extranjeros no comunitarios	UNION EUROPEA	Extranjeros no comunitarios	Extranjeros comunitarios (UE-28)	Mujeres	1
Febrero 2011	50	Zaragoza	Españoles	ESPAÑA	Españoles	Españoles	Hombres	25597
Febrero 2011	50	Zaragoza	Extranjeros comunitarios (UE-27)	RESTO DEL MUNDO	Extranjeros comunitarios (UE-27)	Extranjeros comunitarios (UE-28)	Hombres	3975
Febrero 2011	50	Zaragoza	Extranjeros comunitarios (UE-27)	UNION EUROPEA	Extranjeros comunitarios (UE-27)	Extranjeros comunitarios (UE-28)	Hombres	607
Febrero 2011	50	Zaragoza	Extranjeros no comunitarios	RESTO DEL MUNDO	Extranjeros no comunitarios	Extranjeros no comunitarios	Hombres	7190
Febrero 2011	50	Zaragoza	Extranjeros no comunitarios	UNION EUROPEA	Extranjeros no comunitarios	Extranjeros comunitarios (UE-28)	Hombres	9
Febrero 2011	50	Zaragoza	Españoles	ESPAÑA	Españoles	Españoles	Mujeres	29708
Febrero 2011	50	Zaragoza	Extranjeros comunitarios (UE-27)	RESTO DEL MUNDO	Extranjeros comunitarios (UE-27)	Extranjeros comunitarios (UE-28)	Mujeres	2677
Febrero 2011	50	Zaragoza	Extranjeros comunitarios (UE-27)	UNION EUROPEA	Extranjeros comunitarios (UE-27)	Extranjeros comunitarios (UE-28)	Mujeres	448
Febrero 2011	50	Zaragoza	Extranjeros no comunitarios	RESTO DEL MUNDO	Extranjeros no comunitarios	Extranjeros no comunitarios	Mujeres	4001
Febrero 2011	50	Zaragoza	Extranjeros no comunitarios	UNION EUROPEA	Extranjeros no comunitarios	Extranjeros comunitarios (UE-28)	Mujeres	7
Febrero 2011	50	Zaragoza		No consta		No consta	Mujeres	1
Enero 2011	22	Huesca	Españoles	ESPAÑA	Españoles	Españoles	Hombres	5188
Enero 2011	22	Huesca	Extranjeros comunitarios (UE-27)	RESTO DEL MUNDO	Extranjeros comunitarios (UE-27)	Extranjeros comunitarios (UE-28)	Hombres	682
Enero 2011	22	Huesca	Extranjeros comunitarios (UE-27)	UNION EUROPEA	Extranjeros comunitarios (UE-27)	Extranjeros comunitarios (UE-28)	Hombres	219
Enero 2011	22	Huesca	Extranjeros no comunitarios	RESTO DEL MUNDO	Extranjeros no comunitarios	Extranjeros no comunitarios	Hombres	1209
Enero 2011	22	Huesca	Extranjeros no comunitarios	UNION EUROPEA	Extranjeros no comunitarios	Extranjeros comunitarios (UE-28)	Hombres	3
Enero 2011	22	Huesca		No consta		No consta	Hombres	1
Enero 2011	22	Huesca	Españoles	ESPAÑA	Españoles	Españoles	Mujeres	4910
Enero 2011	22	Huesca	Extranjeros comunitarios (UE-27)	RESTO DEL MUNDO	Extranjeros comunitarios (UE-27)	Extranjeros comunitarios (UE-28)	Mujeres	572
Enero 2011	22	Huesca	Extranjeros comunitarios (UE-27)	UNION EUROPEA	Extranjeros comunitarios (UE-27)	Extranjeros comunitarios (UE-28)	Mujeres	165
Enero 2011	22	Huesca	Extranjeros no comunitarios	RESTO DEL MUNDO	Extranjeros no comunitarios	Extranjeros no comunitarios	Mujeres	555
Enero 2011	22	Huesca	Extranjeros no comunitarios	UNION EUROPEA	Extranjeros no comunitarios	Extranjeros comunitarios (UE-28)	Mujeres	4
Enero 2011	44	Teruel	Españoles	ESPAÑA	Españoles	Españoles	Hombres	3090
Enero 2011	44	Teruel	Extranjeros comunitarios (UE-27)	RESTO DEL MUNDO	Extranjeros comunitarios (UE-27)	Extranjeros comunitarios (UE-28)	Hombres	588
Enero 2011	44	Teruel	Extranjeros comunitarios (UE-27)	UNION EUROPEA	Extranjeros comunitarios (UE-27)	Extranjeros comunitarios (UE-28)	Hombres	98
Enero 2011	44	Teruel	Extranjeros no comunitarios	RESTO DEL MUNDO	Extranjeros no comunitarios	Extranjeros no comunitarios	Hombres	1126
Enero 2011	44	Teruel	Extranjeros no comunitarios	UNION EUROPEA	Extranjeros no comunitarios	Extranjeros comunitarios (UE-28)	Hombres	2
Enero 2011	44	Teruel		No consta		No consta	Hombres	1
Enero 2011	44	Teruel	Españoles	ESPAÑA	Españoles	Españoles	Mujeres	3367
Enero 2011	44	Teruel	Extranjeros comunitarios (UE-27)	RESTO DEL MUNDO	Extranjeros comunitarios (UE-27)	Extranjeros comunitarios (UE-28)	Mujeres	425
Enero 2011	44	Teruel	Extranjeros comunitarios (UE-27)	UNION EUROPEA	Extranjeros comunitarios (UE-27)	Extranjeros comunitarios (UE-28)	Mujeres	64
Enero 2011	44	Teruel	Extranjeros no comunitarios	RESTO DEL MUNDO	Extranjeros no comunitarios	Extranjeros no comunitarios	Mujeres	398
Enero 2011	44	Teruel	Extranjeros no comunitarios	UNION EUROPEA	Extranjeros no comunitarios	Extranjeros comunitarios (UE-28)	Mujeres	1
Enero 2011	50	Zaragoza	Españoles	ESPAÑA	Españoles	Españoles	Hombres	25140
Enero 2011	50	Zaragoza	Extranjeros comunitarios (UE-27)	RESTO DEL MUNDO	Extranjeros comunitarios (UE-27)	Extranjeros comunitarios (UE-28)	Hombres	3961
Enero 2011	50	Zaragoza	Extranjeros comunitarios (UE-27)	UNION EUROPEA	Extranjeros comunitarios (UE-27)	Extranjeros comunitarios (UE-28)	Hombres	613
Enero 2011	50	Zaragoza	Extranjeros no comunitarios	RESTO DEL MUNDO	Extranjeros no comunitarios	Extranjeros no comunitarios	Hombres	6961
Enero 2011	50	Zaragoza	Extranjeros no comunitarios	UNION EUROPEA	Extranjeros no comunitarios	Extranjeros comunitarios (UE-28)	Hombres	10
Enero 2011	50	Zaragoza	Españoles	ESPAÑA	Españoles	Españoles	Mujeres	28978
Enero 2011	50	Zaragoza	Extranjeros comunitarios (UE-27)	RESTO DEL MUNDO	Extranjeros comunitarios (UE-27)	Extranjeros comunitarios (UE-28)	Mujeres	2614
Enero 2011	50	Zaragoza	Extranjeros comunitarios (UE-27)	UNION EUROPEA	Extranjeros comunitarios (UE-27)	Extranjeros comunitarios (UE-28)	Mujeres	446
Enero 2011	50	Zaragoza	Extranjeros no comunitarios	RESTO DEL MUNDO	Extranjeros no comunitarios	Extranjeros no comunitarios	Mujeres	3881
Enero 2011	50	Zaragoza	Extranjeros no comunitarios	UNION EUROPEA	Extranjeros no comunitarios	Extranjeros comunitarios (UE-28)	Mujeres	6
Enero 2011	50	Zaragoza		No consta		No consta	Mujeres	1
Diciembre 2010	22	Huesca	Españoles	ESPAÑA	Españoles	Españoles	Hombres	5030
Diciembre 2010	22	Huesca	Extranjeros comunitarios (UE-27)	RESTO DEL MUNDO	Extranjeros comunitarios (UE-27)	Extranjeros comunitarios (UE-28)	Hombres	696
Diciembre 2010	22	Huesca	Extranjeros comunitarios (UE-27)	UNION EUROPEA	Extranjeros comunitarios (UE-27)	Extranjeros comunitarios (UE-28)	Hombres	236
Diciembre 2010	22	Huesca	Extranjeros no comunitarios	RESTO DEL MUNDO	Extranjeros no comunitarios	Extranjeros no comunitarios	Hombres	1213
Diciembre 2010	22	Huesca	Extranjeros no comunitarios	UNION EUROPEA	Extranjeros no comunitarios	Extranjeros comunitarios (UE-28)	Hombres	2
Diciembre 2010	22	Huesca		No consta		No consta	Hombres	1
Diciembre 2010	22	Huesca	Españoles	ESPAÑA	Españoles	Españoles	Mujeres	4617
Diciembre 2010	22	Huesca	Extranjeros comunitarios (UE-27)	RESTO DEL MUNDO	Extranjeros comunitarios (UE-27)	Extranjeros comunitarios (UE-28)	Mujeres	584
Diciembre 2010	22	Huesca	Extranjeros comunitarios (UE-27)	UNION EUROPEA	Extranjeros comunitarios (UE-27)	Extranjeros comunitarios (UE-28)	Mujeres	156
Diciembre 2010	22	Huesca	Extranjeros no comunitarios	RESTO DEL MUNDO	Extranjeros no comunitarios	Extranjeros no comunitarios	Mujeres	547
Diciembre 2010	22	Huesca	Extranjeros no comunitarios	UNION EUROPEA	Extranjeros no comunitarios	Extranjeros comunitarios (UE-28)	Mujeres	4
Diciembre 2010	22	Huesca		No consta		No consta	Mujeres	1
Diciembre 2010	44	Teruel	Españoles	ESPAÑA	Españoles	Españoles	Hombres	2923
Diciembre 2010	44	Teruel	Extranjeros comunitarios (UE-27)	RESTO DEL MUNDO	Extranjeros comunitarios (UE-27)	Extranjeros comunitarios (UE-28)	Hombres	590
Diciembre 2010	44	Teruel	Extranjeros comunitarios (UE-27)	UNION EUROPEA	Extranjeros comunitarios (UE-27)	Extranjeros comunitarios (UE-28)	Hombres	90
Diciembre 2010	44	Teruel	Extranjeros no comunitarios	RESTO DEL MUNDO	Extranjeros no comunitarios	Extranjeros no comunitarios	Hombres	1054
Diciembre 2010	44	Teruel		No consta		No consta	Hombres	1
Diciembre 2010	44	Teruel	Españoles	ESPAÑA	Españoles	Españoles	Mujeres	3219
Diciembre 2010	44	Teruel	Extranjeros comunitarios (UE-27)	RESTO DEL MUNDO	Extranjeros comunitarios (UE-27)	Extranjeros comunitarios (UE-28)	Mujeres	417
Diciembre 2010	44	Teruel	Extranjeros comunitarios (UE-27)	UNION EUROPEA	Extranjeros comunitarios (UE-27)	Extranjeros comunitarios (UE-28)	Mujeres	67
Diciembre 2010	44	Teruel	Extranjeros no comunitarios	RESTO DEL MUNDO	Extranjeros no comunitarios	Extranjeros no comunitarios	Mujeres	352
Diciembre 2010	44	Teruel	Extranjeros no comunitarios	UNION EUROPEA	Extranjeros no comunitarios	Extranjeros comunitarios (UE-28)	Mujeres	2
Diciembre 2010	50	Zaragoza	Españoles	ESPAÑA	Españoles	Españoles	Hombres	25031
Diciembre 2010	50	Zaragoza	Extranjeros comunitarios (UE-27)	RESTO DEL MUNDO	Extranjeros comunitarios (UE-27)	Extranjeros comunitarios (UE-28)	Hombres	4010
Diciembre 2010	50	Zaragoza	Extranjeros comunitarios (UE-27)	UNION EUROPEA	Extranjeros comunitarios (UE-27)	Extranjeros comunitarios (UE-28)	Hombres	604
Diciembre 2010	50	Zaragoza	Extranjeros no comunitarios	RESTO DEL MUNDO	Extranjeros no comunitarios	Extranjeros no comunitarios	Hombres	6929
Diciembre 2010	50	Zaragoza	Extranjeros no comunitarios	UNION EUROPEA	Extranjeros no comunitarios	Extranjeros comunitarios (UE-28)	Hombres	9
Diciembre 2010	50	Zaragoza	Españoles	ESPAÑA	Españoles	Españoles	Mujeres	27490
Diciembre 2010	50	Zaragoza	Extranjeros comunitarios (UE-27)	RESTO DEL MUNDO	Extranjeros comunitarios (UE-27)	Extranjeros comunitarios (UE-28)	Mujeres	2602
Diciembre 2010	50	Zaragoza	Extranjeros comunitarios (UE-27)	UNION EUROPEA	Extranjeros comunitarios (UE-27)	Extranjeros comunitarios (UE-28)	Mujeres	443
Diciembre 2010	50	Zaragoza	Extranjeros no comunitarios	RESTO DEL MUNDO	Extranjeros no comunitarios	Extranjeros no comunitarios	Mujeres	3744
Diciembre 2010	50	Zaragoza	Extranjeros no comunitarios	UNION EUROPEA	Extranjeros no comunitarios	Extranjeros comunitarios (UE-28)	Mujeres	5
Noviembre 2010	22	Huesca	Españoles	ESPAÑA	Españoles	Españoles	Hombres	4868
Noviembre 2010	22	Huesca	Extranjeros comunitarios (UE-27)	RESTO DEL MUNDO	Extranjeros comunitarios (UE-27)	Extranjeros comunitarios (UE-28)	Hombres	664
Noviembre 2010	22	Huesca	Extranjeros comunitarios (UE-27)	UNION EUROPEA	Extranjeros comunitarios (UE-27)	Extranjeros comunitarios (UE-28)	Hombres	217
Noviembre 2010	22	Huesca	Extranjeros no comunitarios	RESTO DEL MUNDO	Extranjeros no comunitarios	Extranjeros no comunitarios	Hombres	1247
Noviembre 2010	22	Huesca	Extranjeros no comunitarios	UNION EUROPEA	Extranjeros no comunitarios	Extranjeros comunitarios (UE-28)	Hombres	1
Noviembre 2010	22	Huesca		No consta		No consta	Hombres	1
Noviembre 2010	22	Huesca	Españoles	ESPAÑA	Españoles	Españoles	Mujeres	4764
Noviembre 2010	22	Huesca	Extranjeros comunitarios (UE-27)	RESTO DEL MUNDO	Extranjeros comunitarios (UE-27)	Extranjeros comunitarios (UE-28)	Mujeres	632
Noviembre 2010	22	Huesca	Extranjeros comunitarios (UE-27)	UNION EUROPEA	Extranjeros comunitarios (UE-27)	Extranjeros comunitarios (UE-28)	Mujeres	167
Noviembre 2010	22	Huesca	Extranjeros no comunitarios	RESTO DEL MUNDO	Extranjeros no comunitarios	Extranjeros no comunitarios	Mujeres	553
Noviembre 2010	22	Huesca	Extranjeros no comunitarios	UNION EUROPEA	Extranjeros no comunitarios	Extranjeros comunitarios (UE-28)	Mujeres	3
Noviembre 2010	22	Huesca		No consta		No consta	Mujeres	1
Noviembre 2010	44	Teruel	Españoles	ESPAÑA	Españoles	Españoles	Hombres	2808
Noviembre 2010	44	Teruel	Extranjeros comunitarios (UE-27)	RESTO DEL MUNDO	Extranjeros comunitarios (UE-27)	Extranjeros comunitarios (UE-28)	Hombres	541
Noviembre 2010	44	Teruel	Extranjeros comunitarios (UE-27)	UNION EUROPEA	Extranjeros comunitarios (UE-27)	Extranjeros comunitarios (UE-28)	Hombres	81
Noviembre 2010	44	Teruel	Extranjeros no comunitarios	RESTO DEL MUNDO	Extranjeros no comunitarios	Extranjeros no comunitarios	Hombres	1017
Noviembre 2010	44	Teruel	Extranjeros no comunitarios	UNION EUROPEA	Extranjeros no comunitarios	Extranjeros comunitarios (UE-28)	Hombres	1
Noviembre 2010	44	Teruel		No consta		No consta	Hombres	1
Noviembre 2010	44	Teruel	Españoles	ESPAÑA	Españoles	Españoles	Mujeres	3209
Noviembre 2010	44	Teruel	Extranjeros comunitarios (UE-27)	RESTO DEL MUNDO	Extranjeros comunitarios (UE-27)	Extranjeros comunitarios (UE-28)	Mujeres	448
Noviembre 2010	44	Teruel	Extranjeros comunitarios (UE-27)	UNION EUROPEA	Extranjeros comunitarios (UE-27)	Extranjeros comunitarios (UE-28)	Mujeres	63
Noviembre 2010	44	Teruel	Extranjeros no comunitarios	RESTO DEL MUNDO	Extranjeros no comunitarios	Extranjeros no comunitarios	Mujeres	357
Noviembre 2010	44	Teruel	Extranjeros no comunitarios	UNION EUROPEA	Extranjeros no comunitarios	Extranjeros comunitarios (UE-28)	Mujeres	1
Noviembre 2010	50	Zaragoza	Españoles	ESPAÑA	Españoles	Españoles	Hombres	24089
Noviembre 2010	50	Zaragoza	Extranjeros comunitarios (UE-27)	RESTO DEL MUNDO	Extranjeros comunitarios (UE-27)	Extranjeros comunitarios (UE-28)	Hombres	3772
Noviembre 2010	50	Zaragoza	Extranjeros comunitarios (UE-27)	UNION EUROPEA	Extranjeros comunitarios (UE-27)	Extranjeros comunitarios (UE-28)	Hombres	578
Noviembre 2010	50	Zaragoza	Extranjeros no comunitarios	RESTO DEL MUNDO	Extranjeros no comunitarios	Extranjeros no comunitarios	Hombres	6893
Noviembre 2010	50	Zaragoza	Extranjeros no comunitarios	UNION EUROPEA	Extranjeros no comunitarios	Extranjeros comunitarios (UE-28)	Hombres	10
Noviembre 2010	50	Zaragoza		No consta		No consta	Hombres	1
Noviembre 2010	50	Zaragoza	Españoles	ESPAÑA	Españoles	Españoles	Mujeres	27822
Noviembre 2010	50	Zaragoza	Extranjeros comunitarios (UE-27)	RESTO DEL MUNDO	Extranjeros comunitarios (UE-27)	Extranjeros comunitarios (UE-28)	Mujeres	2552
Noviembre 2010	50	Zaragoza	Extranjeros comunitarios (UE-27)	UNION EUROPEA	Extranjeros comunitarios (UE-27)	Extranjeros comunitarios (UE-28)	Mujeres	420
Noviembre 2010	50	Zaragoza	Extranjeros no comunitarios	RESTO DEL MUNDO	Extranjeros no comunitarios	Extranjeros no comunitarios	Mujeres	3733
Noviembre 2010	50	Zaragoza	Extranjeros no comunitarios	UNION EUROPEA	Extranjeros no comunitarios	Extranjeros comunitarios (UE-28)	Mujeres	7
Noviembre 2010	50	Zaragoza		No consta		No consta	Mujeres	1
Octubre 2010	22	Huesca	Españoles	ESPAÑA	Españoles	Españoles	Hombres	4762
Octubre 2010	22	Huesca	Extranjeros comunitarios (UE-27)	RESTO DEL MUNDO	Extranjeros comunitarios (UE-27)	Extranjeros comunitarios (UE-28)	Hombres	660
Octubre 2010	22	Huesca	Extranjeros comunitarios (UE-27)	UNION EUROPEA	Extranjeros comunitarios (UE-27)	Extranjeros comunitarios (UE-28)	Hombres	216
Octubre 2010	22	Huesca	Extranjeros no comunitarios	RESTO DEL MUNDO	Extranjeros no comunitarios	Extranjeros no comunitarios	Hombres	1323
Octubre 2010	22	Huesca	Extranjeros no comunitarios	UNION EUROPEA	Extranjeros no comunitarios	Extranjeros comunitarios (UE-28)	Hombres	3
Octubre 2010	22	Huesca		No consta		No consta	Hombres	1
Octubre 2010	22	Huesca	Españoles	ESPAÑA	Españoles	Españoles	Mujeres	4702
Octubre 2010	22	Huesca	Extranjeros comunitarios (UE-27)	RESTO DEL MUNDO	Extranjeros comunitarios (UE-27)	Extranjeros comunitarios (UE-28)	Mujeres	613
Octubre 2010	22	Huesca	Extranjeros comunitarios (UE-27)	UNION EUROPEA	Extranjeros comunitarios (UE-27)	Extranjeros comunitarios (UE-28)	Mujeres	163
Octubre 2010	22	Huesca	Extranjeros no comunitarios	RESTO DEL MUNDO	Extranjeros no comunitarios	Extranjeros no comunitarios	Mujeres	558
Octubre 2010	22	Huesca	Extranjeros no comunitarios	UNION EUROPEA	Extranjeros no comunitarios	Extranjeros comunitarios (UE-28)	Mujeres	5
Octubre 2010	22	Huesca		No consta		No consta	Mujeres	1
Octubre 2010	44	Teruel	Españoles	ESPAÑA	Españoles	Españoles	Hombres	2741
Octubre 2010	44	Teruel	Extranjeros comunitarios (UE-27)	RESTO DEL MUNDO	Extranjeros comunitarios (UE-27)	Extranjeros comunitarios (UE-28)	Hombres	489
Octubre 2010	44	Teruel	Extranjeros comunitarios (UE-27)	UNION EUROPEA	Extranjeros comunitarios (UE-27)	Extranjeros comunitarios (UE-28)	Hombres	82
Octubre 2010	44	Teruel	Extranjeros no comunitarios	RESTO DEL MUNDO	Extranjeros no comunitarios	Extranjeros no comunitarios	Hombres	966
Octubre 2010	44	Teruel		No consta		No consta	Hombres	1
Octubre 2010	44	Teruel	Españoles	ESPAÑA	Españoles	Españoles	Mujeres	3153
Octubre 2010	44	Teruel	Extranjeros comunitarios (UE-27)	RESTO DEL MUNDO	Extranjeros comunitarios (UE-27)	Extranjeros comunitarios (UE-28)	Mujeres	349
Octubre 2010	44	Teruel	Extranjeros comunitarios (UE-27)	UNION EUROPEA	Extranjeros comunitarios (UE-27)	Extranjeros comunitarios (UE-28)	Mujeres	49
Octubre 2010	44	Teruel	Extranjeros no comunitarios	RESTO DEL MUNDO	Extranjeros no comunitarios	Extranjeros no comunitarios	Mujeres	363
Octubre 2010	44	Teruel	Extranjeros no comunitarios	UNION EUROPEA	Extranjeros no comunitarios	Extranjeros comunitarios (UE-28)	Mujeres	2
Octubre 2010	50	Zaragoza	Españoles	ESPAÑA	Españoles	Españoles	Hombres	23754
Octubre 2010	50	Zaragoza	Extranjeros comunitarios (UE-27)	RESTO DEL MUNDO	Extranjeros comunitarios (UE-27)	Extranjeros comunitarios (UE-28)	Hombres	3670
Octubre 2010	50	Zaragoza	Extranjeros comunitarios (UE-27)	UNION EUROPEA	Extranjeros comunitarios (UE-27)	Extranjeros comunitarios (UE-28)	Hombres	572
Octubre 2010	50	Zaragoza	Extranjeros no comunitarios	RESTO DEL MUNDO	Extranjeros no comunitarios	Extranjeros no comunitarios	Hombres	6784
Octubre 2010	50	Zaragoza	Extranjeros no comunitarios	UNION EUROPEA	Extranjeros no comunitarios	Extranjeros comunitarios (UE-28)	Hombres	10
Octubre 2010	50	Zaragoza		No consta		No consta	Hombres	1
Octubre 2010	50	Zaragoza	Españoles	ESPAÑA	Españoles	Españoles	Mujeres	27743
Octubre 2010	50	Zaragoza	Extranjeros comunitarios (UE-27)	RESTO DEL MUNDO	Extranjeros comunitarios (UE-27)	Extranjeros comunitarios (UE-28)	Mujeres	2364
Octubre 2010	50	Zaragoza	Extranjeros comunitarios (UE-27)	UNION EUROPEA	Extranjeros comunitarios (UE-27)	Extranjeros comunitarios (UE-28)	Mujeres	396
Octubre 2010	50	Zaragoza	Extranjeros no comunitarios	RESTO DEL MUNDO	Extranjeros no comunitarios	Extranjeros no comunitarios	Mujeres	3596
Octubre 2010	50	Zaragoza	Extranjeros no comunitarios	UNION EUROPEA	Extranjeros no comunitarios	Extranjeros comunitarios (UE-28)	Mujeres	6
Octubre 2010	50	Zaragoza		No consta		No consta	Mujeres	1
Septiembre 2010	22	Huesca	Españoles	ESPAÑA	Españoles	Españoles	Hombres	4750
Septiembre 2010	22	Huesca	Extranjeros comunitarios (UE-27)	RESTO DEL MUNDO	Extranjeros comunitarios (UE-27)	Extranjeros comunitarios (UE-28)	Hombres	587
Septiembre 2010	22	Huesca	Extranjeros comunitarios (UE-27)	UNION EUROPEA	Extranjeros comunitarios (UE-27)	Extranjeros comunitarios (UE-28)	Hombres	217
Septiembre 2010	22	Huesca	Extranjeros no comunitarios	RESTO DEL MUNDO	Extranjeros no comunitarios	Extranjeros no comunitarios	Hombres	1285
Septiembre 2010	22	Huesca	Extranjeros no comunitarios	UNION EUROPEA	Extranjeros no comunitarios	Extranjeros comunitarios (UE-28)	Hombres	2
Septiembre 2010	22	Huesca		No consta		No consta	Hombres	1
Septiembre 2010	22	Huesca	Españoles	ESPAÑA	Españoles	Españoles	Mujeres	4493
Septiembre 2010	22	Huesca	Extranjeros comunitarios (UE-27)	RESTO DEL MUNDO	Extranjeros comunitarios (UE-27)	Extranjeros comunitarios (UE-28)	Mujeres	504
Septiembre 2010	22	Huesca	Extranjeros comunitarios (UE-27)	UNION EUROPEA	Extranjeros comunitarios (UE-27)	Extranjeros comunitarios (UE-28)	Mujeres	154
Septiembre 2010	22	Huesca	Extranjeros no comunitarios	RESTO DEL MUNDO	Extranjeros no comunitarios	Extranjeros no comunitarios	Mujeres	525
Septiembre 2010	22	Huesca	Extranjeros no comunitarios	UNION EUROPEA	Extranjeros no comunitarios	Extranjeros comunitarios (UE-28)	Mujeres	5
Septiembre 2010	22	Huesca		No consta		No consta	Mujeres	1
Septiembre 2010	44	Teruel	Españoles	ESPAÑA	Españoles	Españoles	Hombres	2663
Septiembre 2010	44	Teruel	Extranjeros comunitarios (UE-27)	RESTO DEL MUNDO	Extranjeros comunitarios (UE-27)	Extranjeros comunitarios (UE-28)	Hombres	495
Septiembre 2010	44	Teruel	Extranjeros comunitarios (UE-27)	UNION EUROPEA	Extranjeros comunitarios (UE-27)	Extranjeros comunitarios (UE-28)	Hombres	75
Septiembre 2010	44	Teruel	Extranjeros no comunitarios	RESTO DEL MUNDO	Extranjeros no comunitarios	Extranjeros no comunitarios	Hombres	943
Septiembre 2010	44	Teruel		No consta		No consta	Hombres	1
Septiembre 2010	44	Teruel	Españoles	ESPAÑA	Españoles	Españoles	Mujeres	2936
Septiembre 2010	44	Teruel	Extranjeros comunitarios (UE-27)	RESTO DEL MUNDO	Extranjeros comunitarios (UE-27)	Extranjeros comunitarios (UE-28)	Mujeres	315
Septiembre 2010	44	Teruel	Extranjeros comunitarios (UE-27)	UNION EUROPEA	Extranjeros comunitarios (UE-27)	Extranjeros comunitarios (UE-28)	Mujeres	41
Septiembre 2010	44	Teruel	Extranjeros no comunitarios	RESTO DEL MUNDO	Extranjeros no comunitarios	Extranjeros no comunitarios	Mujeres	331
Septiembre 2010	44	Teruel	Extranjeros no comunitarios	UNION EUROPEA	Extranjeros no comunitarios	Extranjeros comunitarios (UE-28)	Mujeres	3
Septiembre 2010	50	Zaragoza	Españoles	ESPAÑA	Españoles	Españoles	Hombres	23767
Septiembre 2010	50	Zaragoza	Extranjeros comunitarios (UE-27)	RESTO DEL MUNDO	Extranjeros comunitarios (UE-27)	Extranjeros comunitarios (UE-28)	Hombres	3494
Septiembre 2010	50	Zaragoza	Extranjeros comunitarios (UE-27)	UNION EUROPEA	Extranjeros comunitarios (UE-27)	Extranjeros comunitarios (UE-28)	Hombres	565
Septiembre 2010	50	Zaragoza	Extranjeros no comunitarios	RESTO DEL MUNDO	Extranjeros no comunitarios	Extranjeros no comunitarios	Hombres	6437
Septiembre 2010	50	Zaragoza	Extranjeros no comunitarios	UNION EUROPEA	Extranjeros no comunitarios	Extranjeros comunitarios (UE-28)	Hombres	14
Septiembre 2010	50	Zaragoza	Españoles	ESPAÑA	Españoles	Españoles	Mujeres	27477
Septiembre 2010	50	Zaragoza	Extranjeros comunitarios (UE-27)	RESTO DEL MUNDO	Extranjeros comunitarios (UE-27)	Extranjeros comunitarios (UE-28)	Mujeres	2162
Septiembre 2010	50	Zaragoza	Extranjeros comunitarios (UE-27)	UNION EUROPEA	Extranjeros comunitarios (UE-27)	Extranjeros comunitarios (UE-28)	Mujeres	377
Septiembre 2010	50	Zaragoza	Extranjeros no comunitarios	RESTO DEL MUNDO	Extranjeros no comunitarios	Extranjeros no comunitarios	Mujeres	3467
Septiembre 2010	50	Zaragoza	Extranjeros no comunitarios	UNION EUROPEA	Extranjeros no comunitarios	Extranjeros comunitarios (UE-28)	Mujeres	6
Septiembre 2010	50	Zaragoza		No consta		No consta	Mujeres	1
Agosto 2010	22	Huesca	Españoles	ESPAÑA	Españoles	Españoles	Hombres	4589
Agosto 2010	22	Huesca	Extranjeros comunitarios (UE-27)	RESTO DEL MUNDO	Extranjeros comunitarios (UE-27)	Extranjeros comunitarios (UE-28)	Hombres	516
Agosto 2010	22	Huesca	Extranjeros comunitarios (UE-27)	UNION EUROPEA	Extranjeros comunitarios (UE-27)	Extranjeros comunitarios (UE-28)	Hombres	191
Agosto 2010	22	Huesca	Extranjeros no comunitarios	RESTO DEL MUNDO	Extranjeros no comunitarios	Extranjeros no comunitarios	Hombres	1224
Agosto 2010	22	Huesca	Extranjeros no comunitarios	UNION EUROPEA	Extranjeros no comunitarios	Extranjeros comunitarios (UE-28)	Hombres	2
Agosto 2010	22	Huesca	Españoles	ESPAÑA	Españoles	Españoles	Mujeres	4422
Agosto 2010	22	Huesca	Extranjeros comunitarios (UE-27)	RESTO DEL MUNDO	Extranjeros comunitarios (UE-27)	Extranjeros comunitarios (UE-28)	Mujeres	350
Agosto 2010	22	Huesca	Extranjeros comunitarios (UE-27)	UNION EUROPEA	Extranjeros comunitarios (UE-27)	Extranjeros comunitarios (UE-28)	Mujeres	137
Agosto 2010	22	Huesca	Extranjeros no comunitarios	RESTO DEL MUNDO	Extranjeros no comunitarios	Extranjeros no comunitarios	Mujeres	493
Agosto 2010	22	Huesca	Extranjeros no comunitarios	UNION EUROPEA	Extranjeros no comunitarios	Extranjeros comunitarios (UE-28)	Mujeres	5
Agosto 2010	22	Huesca		No consta		No consta	Mujeres	1
Agosto 2010	44	Teruel	Españoles	ESPAÑA	Españoles	Españoles	Hombres	2637
Agosto 2010	44	Teruel	Extranjeros comunitarios (UE-27)	RESTO DEL MUNDO	Extranjeros comunitarios (UE-27)	Extranjeros comunitarios (UE-28)	Hombres	537
Agosto 2010	44	Teruel	Extranjeros comunitarios (UE-27)	UNION EUROPEA	Extranjeros comunitarios (UE-27)	Extranjeros comunitarios (UE-28)	Hombres	77
Agosto 2010	44	Teruel	Extranjeros no comunitarios	RESTO DEL MUNDO	Extranjeros no comunitarios	Extranjeros no comunitarios	Hombres	980
Agosto 2010	44	Teruel	Extranjeros no comunitarios	UNION EUROPEA	Extranjeros no comunitarios	Extranjeros comunitarios (UE-28)	Hombres	1
Agosto 2010	44	Teruel		No consta		No consta	Hombres	1
Agosto 2010	44	Teruel	Españoles	ESPAÑA	Españoles	Españoles	Mujeres	2885
Agosto 2010	44	Teruel	Extranjeros comunitarios (UE-27)	RESTO DEL MUNDO	Extranjeros comunitarios (UE-27)	Extranjeros comunitarios (UE-28)	Mujeres	314
Agosto 2010	44	Teruel	Extranjeros comunitarios (UE-27)	UNION EUROPEA	Extranjeros comunitarios (UE-27)	Extranjeros comunitarios (UE-28)	Mujeres	43
Agosto 2010	44	Teruel	Extranjeros no comunitarios	RESTO DEL MUNDO	Extranjeros no comunitarios	Extranjeros no comunitarios	Mujeres	337
Agosto 2010	44	Teruel	Extranjeros no comunitarios	UNION EUROPEA	Extranjeros no comunitarios	Extranjeros comunitarios (UE-28)	Mujeres	3
Agosto 2010	50	Zaragoza	Españoles	ESPAÑA	Españoles	Españoles	Hombres	24513
Agosto 2010	50	Zaragoza	Extranjeros comunitarios (UE-27)	RESTO DEL MUNDO	Extranjeros comunitarios (UE-27)	Extranjeros comunitarios (UE-28)	Hombres	3621
Agosto 2010	50	Zaragoza	Extranjeros comunitarios (UE-27)	UNION EUROPEA	Extranjeros comunitarios (UE-27)	Extranjeros comunitarios (UE-28)	Hombres	566
Agosto 2010	50	Zaragoza	Extranjeros no comunitarios	RESTO DEL MUNDO	Extranjeros no comunitarios	Extranjeros no comunitarios	Hombres	6555
Agosto 2010	50	Zaragoza	Extranjeros no comunitarios	UNION EUROPEA	Extranjeros no comunitarios	Extranjeros comunitarios (UE-28)	Hombres	16
Agosto 2010	50	Zaragoza	Españoles	ESPAÑA	Españoles	Españoles	Mujeres	27933
Agosto 2010	50	Zaragoza	Extranjeros comunitarios (UE-27)	RESTO DEL MUNDO	Extranjeros comunitarios (UE-27)	Extranjeros comunitarios (UE-28)	Mujeres	2162
Agosto 2010	50	Zaragoza	Extranjeros comunitarios (UE-27)	UNION EUROPEA	Extranjeros comunitarios (UE-27)	Extranjeros comunitarios (UE-28)	Mujeres	414
Agosto 2010	50	Zaragoza	Extranjeros no comunitarios	RESTO DEL MUNDO	Extranjeros no comunitarios	Extranjeros no comunitarios	Mujeres	3364
Agosto 2010	50	Zaragoza	Extranjeros no comunitarios	UNION EUROPEA	Extranjeros no comunitarios	Extranjeros comunitarios (UE-28)	Mujeres	12
Agosto 2010	50	Zaragoza		No consta		No consta	Mujeres	2
Julio 2010	22	Huesca	Españoles	ESPAÑA	Españoles	Españoles	Hombres	4425
Julio 2010	22	Huesca	Extranjeros comunitarios (UE-27)	RESTO DEL MUNDO	Extranjeros comunitarios (UE-27)	Extranjeros comunitarios (UE-28)	Hombres	504
Julio 2010	22	Huesca	Extranjeros comunitarios (UE-27)	UNION EUROPEA	Extranjeros comunitarios (UE-27)	Extranjeros comunitarios (UE-28)	Hombres	179
Julio 2010	22	Huesca	Extranjeros no comunitarios	RESTO DEL MUNDO	Extranjeros no comunitarios	Extranjeros no comunitarios	Hombres	1303
Julio 2010	22	Huesca	Extranjeros no comunitarios	UNION EUROPEA	Extranjeros no comunitarios	Extranjeros comunitarios (UE-28)	Hombres	3
Julio 2010	22	Huesca		No consta		No consta	Hombres	1
Julio 2010	22	Huesca	Españoles	ESPAÑA	Españoles	Españoles	Mujeres	4352
Julio 2010	22	Huesca	Extranjeros comunitarios (UE-27)	RESTO DEL MUNDO	Extranjeros comunitarios (UE-27)	Extranjeros comunitarios (UE-28)	Mujeres	344
Julio 2010	22	Huesca	Extranjeros comunitarios (UE-27)	UNION EUROPEA	Extranjeros comunitarios (UE-27)	Extranjeros comunitarios (UE-28)	Mujeres	138
Julio 2010	22	Huesca	Extranjeros no comunitarios	RESTO DEL MUNDO	Extranjeros no comunitarios	Extranjeros no comunitarios	Mujeres	499
Julio 2010	22	Huesca	Extranjeros no comunitarios	UNION EUROPEA	Extranjeros no comunitarios	Extranjeros comunitarios (UE-28)	Mujeres	5
Julio 2010	44	Teruel	Españoles	ESPAÑA	Españoles	Españoles	Hombres	2693
Julio 2010	44	Teruel	Extranjeros comunitarios (UE-27)	RESTO DEL MUNDO	Extranjeros comunitarios (UE-27)	Extranjeros comunitarios (UE-28)	Hombres	538
Julio 2010	44	Teruel	Extranjeros comunitarios (UE-27)	UNION EUROPEA	Extranjeros comunitarios (UE-27)	Extranjeros comunitarios (UE-28)	Hombres	76
Julio 2010	44	Teruel	Extranjeros no comunitarios	RESTO DEL MUNDO	Extranjeros no comunitarios	Extranjeros no comunitarios	Hombres	954
Julio 2010	44	Teruel	Extranjeros no comunitarios	UNION EUROPEA	Extranjeros no comunitarios	Extranjeros comunitarios (UE-28)	Hombres	2
Julio 2010	44	Teruel	Españoles	ESPAÑA	Españoles	Españoles	Mujeres	2942
Julio 2010	44	Teruel	Extranjeros comunitarios (UE-27)	RESTO DEL MUNDO	Extranjeros comunitarios (UE-27)	Extranjeros comunitarios (UE-28)	Mujeres	310
Julio 2010	44	Teruel	Extranjeros comunitarios (UE-27)	UNION EUROPEA	Extranjeros comunitarios (UE-27)	Extranjeros comunitarios (UE-28)	Mujeres	48
Julio 2010	44	Teruel	Extranjeros no comunitarios	RESTO DEL MUNDO	Extranjeros no comunitarios	Extranjeros no comunitarios	Mujeres	340
Julio 2010	44	Teruel	Extranjeros no comunitarios	UNION EUROPEA	Extranjeros no comunitarios	Extranjeros comunitarios (UE-28)	Mujeres	3
Julio 2010	50	Zaragoza	Españoles	ESPAÑA	Españoles	Españoles	Hombres	24084
Julio 2010	50	Zaragoza	Extranjeros comunitarios (UE-27)	RESTO DEL MUNDO	Extranjeros comunitarios (UE-27)	Extranjeros comunitarios (UE-28)	Hombres	3671
Julio 2010	50	Zaragoza	Extranjeros comunitarios (UE-27)	UNION EUROPEA	Extranjeros comunitarios (UE-27)	Extranjeros comunitarios (UE-28)	Hombres	551
Julio 2010	50	Zaragoza	Extranjeros no comunitarios	RESTO DEL MUNDO	Extranjeros no comunitarios	Extranjeros no comunitarios	Hombres	7019
Julio 2010	50	Zaragoza	Extranjeros no comunitarios	UNION EUROPEA	Extranjeros no comunitarios	Extranjeros comunitarios (UE-28)	Hombres	16
Julio 2010	50	Zaragoza	Españoles	ESPAÑA	Españoles	Españoles	Mujeres	27399
Julio 2010	50	Zaragoza	Extranjeros comunitarios (UE-27)	RESTO DEL MUNDO	Extranjeros comunitarios (UE-27)	Extranjeros comunitarios (UE-28)	Mujeres	2190
Julio 2010	50	Zaragoza	Extranjeros comunitarios (UE-27)	UNION EUROPEA	Extranjeros comunitarios (UE-27)	Extranjeros comunitarios (UE-28)	Mujeres	418
Julio 2010	50	Zaragoza	Extranjeros no comunitarios	RESTO DEL MUNDO	Extranjeros no comunitarios	Extranjeros no comunitarios	Mujeres	3417
Julio 2010	50	Zaragoza	Extranjeros no comunitarios	UNION EUROPEA	Extranjeros no comunitarios	Extranjeros comunitarios (UE-28)	Mujeres	13
Julio 2010	50	Zaragoza		No consta		No consta	Mujeres	3
Junio 2010	22	Huesca	Españoles	ESPAÑA	Españoles	Españoles	Hombres	4626
Junio 2010	22	Huesca	Extranjeros comunitarios (UE-27)	RESTO DEL MUNDO	Extranjeros comunitarios (UE-27)	Extranjeros comunitarios (UE-28)	Hombres	503
Junio 2010	22	Huesca	Extranjeros comunitarios (UE-27)	UNION EUROPEA	Extranjeros comunitarios (UE-27)	Extranjeros comunitarios (UE-28)	Hombres	201
Junio 2010	22	Huesca	Extranjeros no comunitarios	RESTO DEL MUNDO	Extranjeros no comunitarios	Extranjeros no comunitarios	Hombres	1422
Junio 2010	22	Huesca	Extranjeros no comunitarios	UNION EUROPEA	Extranjeros no comunitarios	Extranjeros comunitarios (UE-28)	Hombres	3
Junio 2010	22	Huesca		No consta		No consta	Hombres	1
Junio 2010	22	Huesca	Españoles	ESPAÑA	Españoles	Españoles	Mujeres	4629
Junio 2010	22	Huesca	Extranjeros comunitarios (UE-27)	RESTO DEL MUNDO	Extranjeros comunitarios (UE-27)	Extranjeros comunitarios (UE-28)	Mujeres	391
Junio 2010	22	Huesca	Extranjeros comunitarios (UE-27)	UNION EUROPEA	Extranjeros comunitarios (UE-27)	Extranjeros comunitarios (UE-28)	Mujeres	165
Junio 2010	22	Huesca	Extranjeros no comunitarios	RESTO DEL MUNDO	Extranjeros no comunitarios	Extranjeros no comunitarios	Mujeres	540
Junio 2010	22	Huesca	Extranjeros no comunitarios	UNION EUROPEA	Extranjeros no comunitarios	Extranjeros comunitarios (UE-28)	Mujeres	4
Junio 2010	22	Huesca		No consta		No consta	Mujeres	1
Junio 2010	44	Teruel	Españoles	ESPAÑA	Españoles	Españoles	Hombres	2891
Junio 2010	44	Teruel	Extranjeros comunitarios (UE-27)	RESTO DEL MUNDO	Extranjeros comunitarios (UE-27)	Extranjeros comunitarios (UE-28)	Hombres	536
Junio 2010	44	Teruel	Extranjeros comunitarios (UE-27)	UNION EUROPEA	Extranjeros comunitarios (UE-27)	Extranjeros comunitarios (UE-28)	Hombres	79
Junio 2010	44	Teruel	Extranjeros no comunitarios	RESTO DEL MUNDO	Extranjeros no comunitarios	Extranjeros no comunitarios	Hombres	937
Junio 2010	44	Teruel	Extranjeros no comunitarios	UNION EUROPEA	Extranjeros no comunitarios	Extranjeros comunitarios (UE-28)	Hombres	2
Junio 2010	44	Teruel		No consta		No consta	Hombres	1
Junio 2010	44	Teruel	Españoles	ESPAÑA	Españoles	Españoles	Mujeres	3134
Junio 2010	44	Teruel	Extranjeros comunitarios (UE-27)	RESTO DEL MUNDO	Extranjeros comunitarios (UE-27)	Extranjeros comunitarios (UE-28)	Mujeres	319
Junio 2010	44	Teruel	Extranjeros comunitarios (UE-27)	UNION EUROPEA	Extranjeros comunitarios (UE-27)	Extranjeros comunitarios (UE-28)	Mujeres	45
Junio 2010	44	Teruel	Extranjeros no comunitarios	RESTO DEL MUNDO	Extranjeros no comunitarios	Extranjeros no comunitarios	Mujeres	358
Junio 2010	44	Teruel	Extranjeros no comunitarios	UNION EUROPEA	Extranjeros no comunitarios	Extranjeros comunitarios (UE-28)	Mujeres	2
Junio 2010	50	Zaragoza	Españoles	ESPAÑA	Españoles	Españoles	Hombres	24659
Junio 2010	50	Zaragoza	Extranjeros comunitarios (UE-27)	RESTO DEL MUNDO	Extranjeros comunitarios (UE-27)	Extranjeros comunitarios (UE-28)	Hombres	3646
Junio 2010	50	Zaragoza	Extranjeros comunitarios (UE-27)	UNION EUROPEA	Extranjeros comunitarios (UE-27)	Extranjeros comunitarios (UE-28)	Hombres	555
Junio 2010	50	Zaragoza	Extranjeros no comunitarios	RESTO DEL MUNDO	Extranjeros no comunitarios	Extranjeros no comunitarios	Hombres	7082
Junio 2010	50	Zaragoza	Extranjeros no comunitarios	UNION EUROPEA	Extranjeros no comunitarios	Extranjeros comunitarios (UE-28)	Hombres	12
Junio 2010	50	Zaragoza	Españoles	ESPAÑA	Españoles	Españoles	Mujeres	27629
Junio 2010	50	Zaragoza	Extranjeros comunitarios (UE-27)	RESTO DEL MUNDO	Extranjeros comunitarios (UE-27)	Extranjeros comunitarios (UE-28)	Mujeres	2163
Junio 2010	50	Zaragoza	Extranjeros comunitarios (UE-27)	UNION EUROPEA	Extranjeros comunitarios (UE-27)	Extranjeros comunitarios (UE-28)	Mujeres	406
Junio 2010	50	Zaragoza	Extranjeros no comunitarios	RESTO DEL MUNDO	Extranjeros no comunitarios	Extranjeros no comunitarios	Mujeres	3540
Junio 2010	50	Zaragoza	Extranjeros no comunitarios	UNION EUROPEA	Extranjeros no comunitarios	Extranjeros comunitarios (UE-28)	Mujeres	9
Junio 2010	50	Zaragoza		No consta		No consta	Mujeres	3
Mayo 2010	22	Huesca	Españoles	ESPAÑA	Españoles	Españoles	Hombres	4832
Mayo 2010	22	Huesca	Extranjeros comunitarios (UE-27)	RESTO DEL MUNDO	Extranjeros comunitarios (UE-27)	Extranjeros comunitarios (UE-28)	Hombres	520
Mayo 2010	22	Huesca	Extranjeros comunitarios (UE-27)	UNION EUROPEA	Extranjeros comunitarios (UE-27)	Extranjeros comunitarios (UE-28)	Hombres	212
Mayo 2010	22	Huesca	Extranjeros no comunitarios	RESTO DEL MUNDO	Extranjeros no comunitarios	Extranjeros no comunitarios	Hombres	1480
Mayo 2010	22	Huesca	Extranjeros no comunitarios	UNION EUROPEA	Extranjeros no comunitarios	Extranjeros comunitarios (UE-28)	Hombres	3
Mayo 2010	22	Huesca		No consta		No consta	Hombres	1
Mayo 2010	22	Huesca	Españoles	ESPAÑA	Españoles	Españoles	Mujeres	4898
Mayo 2010	22	Huesca	Extranjeros comunitarios (UE-27)	RESTO DEL MUNDO	Extranjeros comunitarios (UE-27)	Extranjeros comunitarios (UE-28)	Mujeres	436
Mayo 2010	22	Huesca	Extranjeros comunitarios (UE-27)	UNION EUROPEA	Extranjeros comunitarios (UE-27)	Extranjeros comunitarios (UE-28)	Mujeres	168
Mayo 2010	22	Huesca	Extranjeros no comunitarios	RESTO DEL MUNDO	Extranjeros no comunitarios	Extranjeros no comunitarios	Mujeres	573
Mayo 2010	22	Huesca	Extranjeros no comunitarios	UNION EUROPEA	Extranjeros no comunitarios	Extranjeros comunitarios (UE-28)	Mujeres	4
Mayo 2010	22	Huesca		No consta		No consta	Mujeres	1
Mayo 2010	44	Teruel	Españoles	ESPAÑA	Españoles	Españoles	Hombres	2882
Mayo 2010	44	Teruel	Extranjeros comunitarios (UE-27)	RESTO DEL MUNDO	Extranjeros comunitarios (UE-27)	Extranjeros comunitarios (UE-28)	Hombres	568
Mayo 2010	44	Teruel	Extranjeros comunitarios (UE-27)	UNION EUROPEA	Extranjeros comunitarios (UE-27)	Extranjeros comunitarios (UE-28)	Hombres	85
Mayo 2010	44	Teruel	Extranjeros no comunitarios	RESTO DEL MUNDO	Extranjeros no comunitarios	Extranjeros no comunitarios	Hombres	1010
Mayo 2010	44	Teruel	Extranjeros no comunitarios	UNION EUROPEA	Extranjeros no comunitarios	Extranjeros comunitarios (UE-28)	Hombres	3
Mayo 2010	44	Teruel		No consta		No consta	Hombres	1
Mayo 2010	44	Teruel	Españoles	ESPAÑA	Españoles	Españoles	Mujeres	3226
Mayo 2010	44	Teruel	Extranjeros comunitarios (UE-27)	RESTO DEL MUNDO	Extranjeros comunitarios (UE-27)	Extranjeros comunitarios (UE-28)	Mujeres	321
Mayo 2010	44	Teruel	Extranjeros comunitarios (UE-27)	UNION EUROPEA	Extranjeros comunitarios (UE-27)	Extranjeros comunitarios (UE-28)	Mujeres	53
Mayo 2010	44	Teruel	Extranjeros no comunitarios	RESTO DEL MUNDO	Extranjeros no comunitarios	Extranjeros no comunitarios	Mujeres	351
Mayo 2010	44	Teruel	Extranjeros no comunitarios	UNION EUROPEA	Extranjeros no comunitarios	Extranjeros comunitarios (UE-28)	Mujeres	1
Mayo 2010	50	Zaragoza	Españoles	ESPAÑA	Españoles	Españoles	Hombres	25547
Mayo 2010	50	Zaragoza	Extranjeros comunitarios (UE-27)	RESTO DEL MUNDO	Extranjeros comunitarios (UE-27)	Extranjeros comunitarios (UE-28)	Hombres	3846
Mayo 2010	50	Zaragoza	Extranjeros comunitarios (UE-27)	UNION EUROPEA	Extranjeros comunitarios (UE-27)	Extranjeros comunitarios (UE-28)	Hombres	579
Mayo 2010	50	Zaragoza	Extranjeros no comunitarios	RESTO DEL MUNDO	Extranjeros no comunitarios	Extranjeros no comunitarios	Hombres	7402
Mayo 2010	50	Zaragoza	Extranjeros no comunitarios	UNION EUROPEA	Extranjeros no comunitarios	Extranjeros comunitarios (UE-28)	Hombres	12
Mayo 2010	50	Zaragoza	Españoles	ESPAÑA	Españoles	Españoles	Mujeres	28144
Mayo 2010	50	Zaragoza	Extranjeros comunitarios (UE-27)	RESTO DEL MUNDO	Extranjeros comunitarios (UE-27)	Extranjeros comunitarios (UE-28)	Mujeres	2243
Mayo 2010	50	Zaragoza	Extranjeros comunitarios (UE-27)	UNION EUROPEA	Extranjeros comunitarios (UE-27)	Extranjeros comunitarios (UE-28)	Mujeres	417
Mayo 2010	50	Zaragoza	Extranjeros no comunitarios	RESTO DEL MUNDO	Extranjeros no comunitarios	Extranjeros no comunitarios	Mujeres	3588
Mayo 2010	50	Zaragoza	Extranjeros no comunitarios	UNION EUROPEA	Extranjeros no comunitarios	Extranjeros comunitarios (UE-28)	Mujeres	5
Mayo 2010	50	Zaragoza		No consta		No consta	Mujeres	2
Abril 2010	22	Huesca	Españoles	ESPAÑA	Españoles	Españoles	Hombres	4920
Abril 2010	22	Huesca	Extranjeros comunitarios (UE-27)	RESTO DEL MUNDO	Extranjeros comunitarios (UE-27)	Extranjeros comunitarios (UE-28)	Hombres	669
Abril 2010	22	Huesca	Extranjeros comunitarios (UE-27)	UNION EUROPEA	Extranjeros comunitarios (UE-27)	Extranjeros comunitarios (UE-28)	Hombres	232
Abril 2010	22	Huesca	Extranjeros no comunitarios	RESTO DEL MUNDO	Extranjeros no comunitarios	Extranjeros no comunitarios	Hombres	1693
Abril 2010	22	Huesca	Extranjeros no comunitarios	UNION EUROPEA	Extranjeros no comunitarios	Extranjeros comunitarios (UE-28)	Hombres	2
Abril 2010	22	Huesca		No consta		No consta	Hombres	1
Abril 2010	22	Huesca	Españoles	ESPAÑA	Españoles	Españoles	Mujeres	4827
Abril 2010	22	Huesca	Extranjeros comunitarios (UE-27)	RESTO DEL MUNDO	Extranjeros comunitarios (UE-27)	Extranjeros comunitarios (UE-28)	Mujeres	509
Abril 2010	22	Huesca	Extranjeros comunitarios (UE-27)	UNION EUROPEA	Extranjeros comunitarios (UE-27)	Extranjeros comunitarios (UE-28)	Mujeres	177
Abril 2010	22	Huesca	Extranjeros no comunitarios	RESTO DEL MUNDO	Extranjeros no comunitarios	Extranjeros no comunitarios	Mujeres	583
Abril 2010	22	Huesca	Extranjeros no comunitarios	UNION EUROPEA	Extranjeros no comunitarios	Extranjeros comunitarios (UE-28)	Mujeres	6
Abril 2010	22	Huesca		No consta		No consta	Mujeres	1
Abril 2010	44	Teruel	Españoles	ESPAÑA	Españoles	Españoles	Hombres	2909
Abril 2010	44	Teruel	Extranjeros comunitarios (UE-27)	RESTO DEL MUNDO	Extranjeros comunitarios (UE-27)	Extranjeros comunitarios (UE-28)	Hombres	605
Abril 2010	44	Teruel	Extranjeros comunitarios (UE-27)	UNION EUROPEA	Extranjeros comunitarios (UE-27)	Extranjeros comunitarios (UE-28)	Hombres	91
Abril 2010	44	Teruel	Extranjeros no comunitarios	RESTO DEL MUNDO	Extranjeros no comunitarios	Extranjeros no comunitarios	Hombres	1066
Abril 2010	44	Teruel	Extranjeros no comunitarios	UNION EUROPEA	Extranjeros no comunitarios	Extranjeros comunitarios (UE-28)	Hombres	2
Abril 2010	44	Teruel		No consta		No consta	Hombres	1
Abril 2010	44	Teruel	Españoles	ESPAÑA	Españoles	Españoles	Mujeres	3200
Abril 2010	44	Teruel	Extranjeros comunitarios (UE-27)	RESTO DEL MUNDO	Extranjeros comunitarios (UE-27)	Extranjeros comunitarios (UE-28)	Mujeres	364
Abril 2010	44	Teruel	Extranjeros comunitarios (UE-27)	UNION EUROPEA	Extranjeros comunitarios (UE-27)	Extranjeros comunitarios (UE-28)	Mujeres	61
Abril 2010	44	Teruel	Extranjeros no comunitarios	RESTO DEL MUNDO	Extranjeros no comunitarios	Extranjeros no comunitarios	Mujeres	356
Abril 2010	44	Teruel	Extranjeros no comunitarios	UNION EUROPEA	Extranjeros no comunitarios	Extranjeros comunitarios (UE-28)	Mujeres	1
Abril 2010	50	Zaragoza	Españoles	ESPAÑA	Españoles	Españoles	Hombres	26192
Abril 2010	50	Zaragoza	Extranjeros comunitarios (UE-27)	RESTO DEL MUNDO	Extranjeros comunitarios (UE-27)	Extranjeros comunitarios (UE-28)	Hombres	4145
Abril 2010	50	Zaragoza	Extranjeros comunitarios (UE-27)	UNION EUROPEA	Extranjeros comunitarios (UE-27)	Extranjeros comunitarios (UE-28)	Hombres	635
Abril 2010	50	Zaragoza	Extranjeros no comunitarios	RESTO DEL MUNDO	Extranjeros no comunitarios	Extranjeros no comunitarios	Hombres	7802
Abril 2010	50	Zaragoza	Extranjeros no comunitarios	UNION EUROPEA	Extranjeros no comunitarios	Extranjeros comunitarios (UE-28)	Hombres	14
Abril 2010	50	Zaragoza	Españoles	ESPAÑA	Españoles	Españoles	Mujeres	28616
Abril 2010	50	Zaragoza	Extranjeros comunitarios (UE-27)	RESTO DEL MUNDO	Extranjeros comunitarios (UE-27)	Extranjeros comunitarios (UE-28)	Mujeres	2390
Abril 2010	50	Zaragoza	Extranjeros comunitarios (UE-27)	UNION EUROPEA	Extranjeros comunitarios (UE-27)	Extranjeros comunitarios (UE-28)	Mujeres	429
Abril 2010	50	Zaragoza	Extranjeros no comunitarios	RESTO DEL MUNDO	Extranjeros no comunitarios	Extranjeros no comunitarios	Mujeres	3575
Abril 2010	50	Zaragoza	Extranjeros no comunitarios	UNION EUROPEA	Extranjeros no comunitarios	Extranjeros comunitarios (UE-28)	Mujeres	7
Abril 2010	50	Zaragoza		No consta		No consta	Mujeres	1
Marzo 2010	22	Huesca	Españoles	ESPAÑA	Españoles	Españoles	Hombres	4880
Marzo 2010	22	Huesca	Extranjeros comunitarios (UE-27)	RESTO DEL MUNDO	Extranjeros comunitarios (UE-27)	Extranjeros comunitarios (UE-28)	Hombres	690
Marzo 2010	22	Huesca	Extranjeros comunitarios (UE-27)	UNION EUROPEA	Extranjeros comunitarios (UE-27)	Extranjeros comunitarios (UE-28)	Hombres	235
Marzo 2010	22	Huesca	Extranjeros no comunitarios	RESTO DEL MUNDO	Extranjeros no comunitarios	Extranjeros no comunitarios	Hombres	1639
Marzo 2010	22	Huesca	Extranjeros no comunitarios	UNION EUROPEA	Extranjeros no comunitarios	Extranjeros comunitarios (UE-28)	Hombres	2
Marzo 2010	22	Huesca		No consta		No consta	Hombres	1
Marzo 2010	22	Huesca	Españoles	ESPAÑA	Españoles	Españoles	Mujeres	4663
Marzo 2010	22	Huesca	Extranjeros comunitarios (UE-27)	RESTO DEL MUNDO	Extranjeros comunitarios (UE-27)	Extranjeros comunitarios (UE-28)	Mujeres	519
Marzo 2010	22	Huesca	Extranjeros comunitarios (UE-27)	UNION EUROPEA	Extranjeros comunitarios (UE-27)	Extranjeros comunitarios (UE-28)	Mujeres	173
Marzo 2010	22	Huesca	Extranjeros no comunitarios	RESTO DEL MUNDO	Extranjeros no comunitarios	Extranjeros no comunitarios	Mujeres	554
Marzo 2010	22	Huesca	Extranjeros no comunitarios	UNION EUROPEA	Extranjeros no comunitarios	Extranjeros comunitarios (UE-28)	Mujeres	5
Marzo 2010	22	Huesca		No consta		No consta	Mujeres	1
Marzo 2010	44	Teruel	Españoles	ESPAÑA	Españoles	Españoles	Hombres	2901
Marzo 2010	44	Teruel	Extranjeros comunitarios (UE-27)	RESTO DEL MUNDO	Extranjeros comunitarios (UE-27)	Extranjeros comunitarios (UE-28)	Hombres	651
Marzo 2010	44	Teruel	Extranjeros comunitarios (UE-27)	UNION EUROPEA	Extranjeros comunitarios (UE-27)	Extranjeros comunitarios (UE-28)	Hombres	97
Marzo 2010	44	Teruel	Extranjeros no comunitarios	RESTO DEL MUNDO	Extranjeros no comunitarios	Extranjeros no comunitarios	Hombres	1101
Marzo 2010	44	Teruel	Extranjeros no comunitarios	UNION EUROPEA	Extranjeros no comunitarios	Extranjeros comunitarios (UE-28)	Hombres	3
Marzo 2010	44	Teruel		No consta		No consta	Hombres	1
Marzo 2010	44	Teruel	Españoles	ESPAÑA	Españoles	Españoles	Mujeres	3100
Marzo 2010	44	Teruel	Extranjeros comunitarios (UE-27)	RESTO DEL MUNDO	Extranjeros comunitarios (UE-27)	Extranjeros comunitarios (UE-28)	Mujeres	383
Marzo 2010	44	Teruel	Extranjeros comunitarios (UE-27)	UNION EUROPEA	Extranjeros comunitarios (UE-27)	Extranjeros comunitarios (UE-28)	Mujeres	55
Marzo 2010	44	Teruel	Extranjeros no comunitarios	RESTO DEL MUNDO	Extranjeros no comunitarios	Extranjeros no comunitarios	Mujeres	354
Marzo 2010	44	Teruel	Extranjeros no comunitarios	UNION EUROPEA	Extranjeros no comunitarios	Extranjeros comunitarios (UE-28)	Mujeres	1
Marzo 2010	50	Zaragoza	Españoles	ESPAÑA	Españoles	Españoles	Hombres	26318
Marzo 2010	50	Zaragoza	Extranjeros comunitarios (UE-27)	RESTO DEL MUNDO	Extranjeros comunitarios (UE-27)	Extranjeros comunitarios (UE-28)	Hombres	4200
Marzo 2010	50	Zaragoza	Extranjeros comunitarios (UE-27)	UNION EUROPEA	Extranjeros comunitarios (UE-27)	Extranjeros comunitarios (UE-28)	Hombres	646
Marzo 2010	50	Zaragoza	Extranjeros no comunitarios	RESTO DEL MUNDO	Extranjeros no comunitarios	Extranjeros no comunitarios	Hombres	7656
Marzo 2010	50	Zaragoza	Extranjeros no comunitarios	UNION EUROPEA	Extranjeros no comunitarios	Extranjeros comunitarios (UE-28)	Hombres	13
Marzo 2010	50	Zaragoza		No consta		No consta	Hombres	1
Marzo 2010	50	Zaragoza	Españoles	ESPAÑA	Españoles	Españoles	Mujeres	28631
Marzo 2010	50	Zaragoza	Extranjeros comunitarios (UE-27)	RESTO DEL MUNDO	Extranjeros comunitarios (UE-27)	Extranjeros comunitarios (UE-28)	Mujeres	2364
Marzo 2010	50	Zaragoza	Extranjeros comunitarios (UE-27)	UNION EUROPEA	Extranjeros comunitarios (UE-27)	Extranjeros comunitarios (UE-28)	Mujeres	440
Marzo 2010	50	Zaragoza	Extranjeros no comunitarios	RESTO DEL MUNDO	Extranjeros no comunitarios	Extranjeros no comunitarios	Mujeres	3547
Marzo 2010	50	Zaragoza	Extranjeros no comunitarios	UNION EUROPEA	Extranjeros no comunitarios	Extranjeros comunitarios (UE-28)	Mujeres	6
Marzo 2010	50	Zaragoza		No consta		No consta	Mujeres	2
Febrero 2010	22	Huesca	Españoles	ESPAÑA	Españoles	Españoles	Hombres	4856
Febrero 2010	22	Huesca	Extranjeros comunitarios (UE-27)	RESTO DEL MUNDO	Extranjeros comunitarios (UE-27)	Extranjeros comunitarios (UE-28)	Hombres	651
Febrero 2010	22	Huesca	Extranjeros comunitarios (UE-27)	UNION EUROPEA	Extranjeros comunitarios (UE-27)	Extranjeros comunitarios (UE-28)	Hombres	231
Febrero 2010	22	Huesca	Extranjeros no comunitarios	RESTO DEL MUNDO	Extranjeros no comunitarios	Extranjeros no comunitarios	Hombres	1611
Febrero 2010	22	Huesca	Extranjeros no comunitarios	UNION EUROPEA	Extranjeros no comunitarios	Extranjeros comunitarios (UE-28)	Hombres	2
Febrero 2010	22	Huesca		No consta		No consta	Hombres	2
Febrero 2010	22	Huesca	Españoles	ESPAÑA	Españoles	Españoles	Mujeres	4589
Febrero 2010	22	Huesca	Extranjeros comunitarios (UE-27)	RESTO DEL MUNDO	Extranjeros comunitarios (UE-27)	Extranjeros comunitarios (UE-28)	Mujeres	508
Febrero 2010	22	Huesca	Extranjeros comunitarios (UE-27)	UNION EUROPEA	Extranjeros comunitarios (UE-27)	Extranjeros comunitarios (UE-28)	Mujeres	165
Febrero 2010	22	Huesca	Extranjeros no comunitarios	RESTO DEL MUNDO	Extranjeros no comunitarios	Extranjeros no comunitarios	Mujeres	545
Febrero 2010	22	Huesca	Extranjeros no comunitarios	UNION EUROPEA	Extranjeros no comunitarios	Extranjeros comunitarios (UE-28)	Mujeres	5
Febrero 2010	44	Teruel	Españoles	ESPAÑA	Españoles	Españoles	Hombres	2925
Febrero 2010	44	Teruel	Extranjeros comunitarios (UE-27)	RESTO DEL MUNDO	Extranjeros comunitarios (UE-27)	Extranjeros comunitarios (UE-28)	Hombres	614
Febrero 2010	44	Teruel	Extranjeros comunitarios (UE-27)	UNION EUROPEA	Extranjeros comunitarios (UE-27)	Extranjeros comunitarios (UE-28)	Hombres	92
Febrero 2010	44	Teruel	Extranjeros no comunitarios	RESTO DEL MUNDO	Extranjeros no comunitarios	Extranjeros no comunitarios	Hombres	1095
Febrero 2010	44	Teruel	Extranjeros no comunitarios	UNION EUROPEA	Extranjeros no comunitarios	Extranjeros comunitarios (UE-28)	Hombres	3
Febrero 2010	44	Teruel		No consta		No consta	Hombres	1
Febrero 2010	44	Teruel	Españoles	ESPAÑA	Españoles	Españoles	Mujeres	3212
Febrero 2010	44	Teruel	Extranjeros comunitarios (UE-27)	RESTO DEL MUNDO	Extranjeros comunitarios (UE-27)	Extranjeros comunitarios (UE-28)	Mujeres	353
Febrero 2010	44	Teruel	Extranjeros comunitarios (UE-27)	UNION EUROPEA	Extranjeros comunitarios (UE-27)	Extranjeros comunitarios (UE-28)	Mujeres	55
Febrero 2010	44	Teruel	Extranjeros no comunitarios	RESTO DEL MUNDO	Extranjeros no comunitarios	Extranjeros no comunitarios	Mujeres	338
Febrero 2010	44	Teruel	Extranjeros no comunitarios	UNION EUROPEA	Extranjeros no comunitarios	Extranjeros comunitarios (UE-28)	Mujeres	1
Febrero 2010	50	Zaragoza	Españoles	ESPAÑA	Españoles	Españoles	Hombres	25543
Febrero 2010	50	Zaragoza	Extranjeros comunitarios (UE-27)	RESTO DEL MUNDO	Extranjeros comunitarios (UE-27)	Extranjeros comunitarios (UE-28)	Hombres	4045
Febrero 2010	50	Zaragoza	Extranjeros comunitarios (UE-27)	UNION EUROPEA	Extranjeros comunitarios (UE-27)	Extranjeros comunitarios (UE-28)	Hombres	642
Febrero 2010	50	Zaragoza	Extranjeros no comunitarios	RESTO DEL MUNDO	Extranjeros no comunitarios	Extranjeros no comunitarios	Hombres	7308
Febrero 2010	50	Zaragoza	Extranjeros no comunitarios	UNION EUROPEA	Extranjeros no comunitarios	Extranjeros comunitarios (UE-28)	Hombres	10
Febrero 2010	50	Zaragoza		No consta		No consta	Hombres	1
Febrero 2010	50	Zaragoza	Españoles	ESPAÑA	Españoles	Españoles	Mujeres	27975
Febrero 2010	50	Zaragoza	Extranjeros comunitarios (UE-27)	RESTO DEL MUNDO	Extranjeros comunitarios (UE-27)	Extranjeros comunitarios (UE-28)	Mujeres	2239
Febrero 2010	50	Zaragoza	Extranjeros comunitarios (UE-27)	UNION EUROPEA	Extranjeros comunitarios (UE-27)	Extranjeros comunitarios (UE-28)	Mujeres	401
Febrero 2010	50	Zaragoza	Extranjeros no comunitarios	RESTO DEL MUNDO	Extranjeros no comunitarios	Extranjeros no comunitarios	Mujeres	3378
Febrero 2010	50	Zaragoza	Extranjeros no comunitarios	UNION EUROPEA	Extranjeros no comunitarios	Extranjeros comunitarios (UE-28)	Mujeres	7
Febrero 2010	50	Zaragoza		No consta		No consta	Mujeres	2
Enero 2010	22	Huesca	Españoles	ESPAÑA	Españoles	Españoles	Hombres	4868
Enero 2010	22	Huesca	Extranjeros comunitarios (UE-27)	RESTO DEL MUNDO	Extranjeros comunitarios (UE-27)	Extranjeros comunitarios (UE-28)	Hombres	642
Enero 2010	22	Huesca	Extranjeros comunitarios (UE-27)	UNION EUROPEA	Extranjeros comunitarios (UE-27)	Extranjeros comunitarios (UE-28)	Hombres	231
Enero 2010	22	Huesca	Extranjeros no comunitarios	RESTO DEL MUNDO	Extranjeros no comunitarios	Extranjeros no comunitarios	Hombres	1573
Enero 2010	22	Huesca	Extranjeros no comunitarios	UNION EUROPEA	Extranjeros no comunitarios	Extranjeros comunitarios (UE-28)	Hombres	3
Enero 2010	22	Huesca		No consta		No consta	Hombres	1
Enero 2010	22	Huesca	Españoles	ESPAÑA	Españoles	Españoles	Mujeres	4512
Enero 2010	22	Huesca	Extranjeros comunitarios (UE-27)	RESTO DEL MUNDO	Extranjeros comunitarios (UE-27)	Extranjeros comunitarios (UE-28)	Mujeres	465
Enero 2010	22	Huesca	Extranjeros comunitarios (UE-27)	UNION EUROPEA	Extranjeros comunitarios (UE-27)	Extranjeros comunitarios (UE-28)	Mujeres	171
Enero 2010	22	Huesca	Extranjeros no comunitarios	RESTO DEL MUNDO	Extranjeros no comunitarios	Extranjeros no comunitarios	Mujeres	517
Enero 2010	22	Huesca	Extranjeros no comunitarios	UNION EUROPEA	Extranjeros no comunitarios	Extranjeros comunitarios (UE-28)	Mujeres	4
Enero 2010	22	Huesca		No consta		No consta	Mujeres	1
Enero 2010	44	Teruel	Españoles	ESPAÑA	Españoles	Españoles	Hombres	2863
Enero 2010	44	Teruel	Extranjeros comunitarios (UE-27)	RESTO DEL MUNDO	Extranjeros comunitarios (UE-27)	Extranjeros comunitarios (UE-28)	Hombres	606
Enero 2010	44	Teruel	Extranjeros comunitarios (UE-27)	UNION EUROPEA	Extranjeros comunitarios (UE-27)	Extranjeros comunitarios (UE-28)	Hombres	94
Enero 2010	44	Teruel	Extranjeros no comunitarios	RESTO DEL MUNDO	Extranjeros no comunitarios	Extranjeros no comunitarios	Hombres	1068
Enero 2010	44	Teruel	Extranjeros no comunitarios	UNION EUROPEA	Extranjeros no comunitarios	Extranjeros comunitarios (UE-28)	Hombres	3
Enero 2010	44	Teruel	Españoles	ESPAÑA	Españoles	Españoles	Mujeres	3138
Enero 2010	44	Teruel	Extranjeros comunitarios (UE-27)	RESTO DEL MUNDO	Extranjeros comunitarios (UE-27)	Extranjeros comunitarios (UE-28)	Mujeres	366
Enero 2010	44	Teruel	Extranjeros comunitarios (UE-27)	UNION EUROPEA	Extranjeros comunitarios (UE-27)	Extranjeros comunitarios (UE-28)	Mujeres	56
Enero 2010	44	Teruel	Extranjeros no comunitarios	RESTO DEL MUNDO	Extranjeros no comunitarios	Extranjeros no comunitarios	Mujeres	330
Enero 2010	44	Teruel	Extranjeros no comunitarios	UNION EUROPEA	Extranjeros no comunitarios	Extranjeros comunitarios (UE-28)	Mujeres	1
Enero 2010	50	Zaragoza	Españoles	ESPAÑA	Españoles	Españoles	Hombres	25216
Enero 2010	50	Zaragoza	Extranjeros comunitarios (UE-27)	RESTO DEL MUNDO	Extranjeros comunitarios (UE-27)	Extranjeros comunitarios (UE-28)	Hombres	3931
Enero 2010	50	Zaragoza	Extranjeros comunitarios (UE-27)	UNION EUROPEA	Extranjeros comunitarios (UE-27)	Extranjeros comunitarios (UE-28)	Hombres	638
Enero 2010	50	Zaragoza	Extranjeros no comunitarios	RESTO DEL MUNDO	Extranjeros no comunitarios	Extranjeros no comunitarios	Hombres	6987
Enero 2010	50	Zaragoza	Extranjeros no comunitarios	UNION EUROPEA	Extranjeros no comunitarios	Extranjeros comunitarios (UE-28)	Hombres	9
Enero 2010	50	Zaragoza		No consta		No consta	Hombres	1
Enero 2010	50	Zaragoza	Españoles	ESPAÑA	Españoles	Españoles	Mujeres	27339
Enero 2010	50	Zaragoza	Extranjeros comunitarios (UE-27)	RESTO DEL MUNDO	Extranjeros comunitarios (UE-27)	Extranjeros comunitarios (UE-28)	Mujeres	2120
Enero 2010	50	Zaragoza	Extranjeros comunitarios (UE-27)	UNION EUROPEA	Extranjeros comunitarios (UE-27)	Extranjeros comunitarios (UE-28)	Mujeres	384
Enero 2010	50	Zaragoza	Extranjeros no comunitarios	RESTO DEL MUNDO	Extranjeros no comunitarios	Extranjeros no comunitarios	Mujeres	3126
Enero 2010	50	Zaragoza	Extranjeros no comunitarios	UNION EUROPEA	Extranjeros no comunitarios	Extranjeros comunitarios (UE-28)	Mujeres	6
Enero 2010	50	Zaragoza		No consta		No consta	Mujeres	2
Diciembre 2009	22	Huesca	Españoles	ESPAÑA	Españoles	Españoles	Hombres	4674
Diciembre 2009	22	Huesca	Extranjeros comunitarios (UE-27)	RESTO DEL MUNDO	Extranjeros comunitarios (UE-27)	Extranjeros comunitarios (UE-28)	Hombres	618
Diciembre 2009	22	Huesca	Extranjeros comunitarios (UE-27)	UNION EUROPEA	Extranjeros comunitarios (UE-27)	Extranjeros comunitarios (UE-28)	Hombres	210
Diciembre 2009	22	Huesca	Extranjeros no comunitarios	RESTO DEL MUNDO	Extranjeros no comunitarios	Extranjeros no comunitarios	Hombres	1580
Diciembre 2009	22	Huesca	Extranjeros no comunitarios	UNION EUROPEA	Extranjeros no comunitarios	Extranjeros comunitarios (UE-28)	Hombres	3
Diciembre 2009	22	Huesca		No consta		No consta	Hombres	1
Diciembre 2009	22	Huesca	Españoles	ESPAÑA	Españoles	Españoles	Mujeres	4243
Diciembre 2009	22	Huesca	Extranjeros comunitarios (UE-27)	RESTO DEL MUNDO	Extranjeros comunitarios (UE-27)	Extranjeros comunitarios (UE-28)	Mujeres	446
Diciembre 2009	22	Huesca	Extranjeros comunitarios (UE-27)	UNION EUROPEA	Extranjeros comunitarios (UE-27)	Extranjeros comunitarios (UE-28)	Mujeres	169
Diciembre 2009	22	Huesca	Extranjeros no comunitarios	RESTO DEL MUNDO	Extranjeros no comunitarios	Extranjeros no comunitarios	Mujeres	480
Diciembre 2009	22	Huesca	Extranjeros no comunitarios	UNION EUROPEA	Extranjeros no comunitarios	Extranjeros comunitarios (UE-28)	Mujeres	4
Diciembre 2009	22	Huesca		No consta		No consta	Mujeres	1
Diciembre 2009	44	Teruel	Españoles	ESPAÑA	Españoles	Españoles	Hombres	2692
Diciembre 2009	44	Teruel	Extranjeros comunitarios (UE-27)	RESTO DEL MUNDO	Extranjeros comunitarios (UE-27)	Extranjeros comunitarios (UE-28)	Hombres	550
Diciembre 2009	44	Teruel	Extranjeros comunitarios (UE-27)	UNION EUROPEA	Extranjeros comunitarios (UE-27)	Extranjeros comunitarios (UE-28)	Hombres	103
Diciembre 2009	44	Teruel	Extranjeros no comunitarios	RESTO DEL MUNDO	Extranjeros no comunitarios	Extranjeros no comunitarios	Hombres	1014
Diciembre 2009	44	Teruel	Extranjeros no comunitarios	UNION EUROPEA	Extranjeros no comunitarios	Extranjeros comunitarios (UE-28)	Hombres	3
Diciembre 2009	44	Teruel		No consta		No consta	Hombres	1
Diciembre 2009	44	Teruel	Españoles	ESPAÑA	Españoles	Españoles	Mujeres	3010
Diciembre 2009	44	Teruel	Extranjeros comunitarios (UE-27)	RESTO DEL MUNDO	Extranjeros comunitarios (UE-27)	Extranjeros comunitarios (UE-28)	Mujeres	354
Diciembre 2009	44	Teruel	Extranjeros comunitarios (UE-27)	UNION EUROPEA	Extranjeros comunitarios (UE-27)	Extranjeros comunitarios (UE-28)	Mujeres	56
Diciembre 2009	44	Teruel	Extranjeros no comunitarios	RESTO DEL MUNDO	Extranjeros no comunitarios	Extranjeros no comunitarios	Mujeres	315
Diciembre 2009	44	Teruel	Extranjeros no comunitarios	UNION EUROPEA	Extranjeros no comunitarios	Extranjeros comunitarios (UE-28)	Mujeres	1
Diciembre 2009	50	Zaragoza	Españoles	ESPAÑA	Españoles	Españoles	Hombres	24581
Diciembre 2009	50	Zaragoza	Extranjeros comunitarios (UE-27)	RESTO DEL MUNDO	Extranjeros comunitarios (UE-27)	Extranjeros comunitarios (UE-28)	Hombres	3780
Diciembre 2009	50	Zaragoza	Extranjeros comunitarios (UE-27)	UNION EUROPEA	Extranjeros comunitarios (UE-27)	Extranjeros comunitarios (UE-28)	Hombres	660
Diciembre 2009	50	Zaragoza	Extranjeros no comunitarios	RESTO DEL MUNDO	Extranjeros no comunitarios	Extranjeros no comunitarios	Hombres	6927
Diciembre 2009	50	Zaragoza	Extranjeros no comunitarios	UNION EUROPEA	Extranjeros no comunitarios	Extranjeros comunitarios (UE-28)	Hombres	10
Diciembre 2009	50	Zaragoza	Españoles	ESPAÑA	Españoles	Españoles	Mujeres	25787
Diciembre 2009	50	Zaragoza	Extranjeros comunitarios (UE-27)	RESTO DEL MUNDO	Extranjeros comunitarios (UE-27)	Extranjeros comunitarios (UE-28)	Mujeres	2056
Diciembre 2009	50	Zaragoza	Extranjeros comunitarios (UE-27)	UNION EUROPEA	Extranjeros comunitarios (UE-27)	Extranjeros comunitarios (UE-28)	Mujeres	384
Diciembre 2009	50	Zaragoza	Extranjeros no comunitarios	RESTO DEL MUNDO	Extranjeros no comunitarios	Extranjeros no comunitarios	Mujeres	2904
Diciembre 2009	50	Zaragoza	Extranjeros no comunitarios	UNION EUROPEA	Extranjeros no comunitarios	Extranjeros comunitarios (UE-28)	Mujeres	5
Diciembre 2009	50	Zaragoza		No consta		No consta	Mujeres	1
Noviembre 2009	22	Huesca	Españoles	ESPAÑA	Españoles	Españoles	Hombres	4388
Noviembre 2009	22	Huesca	Extranjeros comunitarios (UE-27)	RESTO DEL MUNDO	Extranjeros comunitarios (UE-27)	Extranjeros comunitarios (UE-28)	Hombres	587
Noviembre 2009	22	Huesca	Extranjeros comunitarios (UE-27)	UNION EUROPEA	Extranjeros comunitarios (UE-27)	Extranjeros comunitarios (UE-28)	Hombres	230
Noviembre 2009	22	Huesca	Extranjeros no comunitarios	RESTO DEL MUNDO	Extranjeros no comunitarios	Extranjeros no comunitarios	Hombres	1558
Noviembre 2009	22	Huesca	Extranjeros no comunitarios	UNION EUROPEA	Extranjeros no comunitarios	Extranjeros comunitarios (UE-28)	Hombres	4
Noviembre 2009	22	Huesca		No consta		No consta	Hombres	1
Noviembre 2009	22	Huesca	Españoles	ESPAÑA	Españoles	Españoles	Mujeres	4289
Noviembre 2009	22	Huesca	Extranjeros comunitarios (UE-27)	RESTO DEL MUNDO	Extranjeros comunitarios (UE-27)	Extranjeros comunitarios (UE-28)	Mujeres	492
Noviembre 2009	22	Huesca	Extranjeros comunitarios (UE-27)	UNION EUROPEA	Extranjeros comunitarios (UE-27)	Extranjeros comunitarios (UE-28)	Mujeres	172
Noviembre 2009	22	Huesca	Extranjeros no comunitarios	RESTO DEL MUNDO	Extranjeros no comunitarios	Extranjeros no comunitarios	Mujeres	507
Noviembre 2009	22	Huesca	Extranjeros no comunitarios	UNION EUROPEA	Extranjeros no comunitarios	Extranjeros comunitarios (UE-28)	Mujeres	4
Noviembre 2009	22	Huesca		No consta		No consta	Mujeres	1
Noviembre 2009	44	Teruel	Españoles	ESPAÑA	Españoles	Españoles	Hombres	2596
Noviembre 2009	44	Teruel	Extranjeros comunitarios (UE-27)	RESTO DEL MUNDO	Extranjeros comunitarios (UE-27)	Extranjeros comunitarios (UE-28)	Hombres	515
Noviembre 2009	44	Teruel	Extranjeros comunitarios (UE-27)	UNION EUROPEA	Extranjeros comunitarios (UE-27)	Extranjeros comunitarios (UE-28)	Hombres	90
Noviembre 2009	44	Teruel	Extranjeros no comunitarios	RESTO DEL MUNDO	Extranjeros no comunitarios	Extranjeros no comunitarios	Hombres	930
Noviembre 2009	44	Teruel	Extranjeros no comunitarios	UNION EUROPEA	Extranjeros no comunitarios	Extranjeros comunitarios (UE-28)	Hombres	4
Noviembre 2009	44	Teruel		No consta		No consta	Hombres	1
Noviembre 2009	44	Teruel	Españoles	ESPAÑA	Españoles	Españoles	Mujeres	2997
Noviembre 2009	44	Teruel	Extranjeros comunitarios (UE-27)	RESTO DEL MUNDO	Extranjeros comunitarios (UE-27)	Extranjeros comunitarios (UE-28)	Mujeres	347
Noviembre 2009	44	Teruel	Extranjeros comunitarios (UE-27)	UNION EUROPEA	Extranjeros comunitarios (UE-27)	Extranjeros comunitarios (UE-28)	Mujeres	57
Noviembre 2009	44	Teruel	Extranjeros no comunitarios	RESTO DEL MUNDO	Extranjeros no comunitarios	Extranjeros no comunitarios	Mujeres	329
Noviembre 2009	44	Teruel	Extranjeros no comunitarios	UNION EUROPEA	Extranjeros no comunitarios	Extranjeros comunitarios (UE-28)	Mujeres	1
Noviembre 2009	50	Zaragoza	Españoles	ESPAÑA	Españoles	Españoles	Hombres	23409
Noviembre 2009	50	Zaragoza	Extranjeros comunitarios (UE-27)	RESTO DEL MUNDO	Extranjeros comunitarios (UE-27)	Extranjeros comunitarios (UE-28)	Hombres	3408
Noviembre 2009	50	Zaragoza	Extranjeros comunitarios (UE-27)	UNION EUROPEA	Extranjeros comunitarios (UE-27)	Extranjeros comunitarios (UE-28)	Hombres	664
Noviembre 2009	50	Zaragoza	Extranjeros no comunitarios	RESTO DEL MUNDO	Extranjeros no comunitarios	Extranjeros no comunitarios	Hombres	6604
Noviembre 2009	50	Zaragoza	Extranjeros no comunitarios	UNION EUROPEA	Extranjeros no comunitarios	Extranjeros comunitarios (UE-28)	Hombres	9
Noviembre 2009	50	Zaragoza	Españoles	ESPAÑA	Españoles	Españoles	Mujeres	25633
Noviembre 2009	50	Zaragoza	Extranjeros comunitarios (UE-27)	RESTO DEL MUNDO	Extranjeros comunitarios (UE-27)	Extranjeros comunitarios (UE-28)	Mujeres	2065
Noviembre 2009	50	Zaragoza	Extranjeros comunitarios (UE-27)	UNION EUROPEA	Extranjeros comunitarios (UE-27)	Extranjeros comunitarios (UE-28)	Mujeres	384
Noviembre 2009	50	Zaragoza	Extranjeros no comunitarios	RESTO DEL MUNDO	Extranjeros no comunitarios	Extranjeros no comunitarios	Mujeres	2913
Noviembre 2009	50	Zaragoza	Extranjeros no comunitarios	UNION EUROPEA	Extranjeros no comunitarios	Extranjeros comunitarios (UE-28)	Mujeres	5
Noviembre 2009	50	Zaragoza		No consta		No consta	Mujeres	2
Octubre 2009	22	Huesca	Españoles	ESPAÑA	Españoles	Españoles	Hombres	4388
Octubre 2009	22	Huesca	Extranjeros comunitarios (UE-27)	RESTO DEL MUNDO	Extranjeros comunitarios (UE-27)	Extranjeros comunitarios (UE-28)	Hombres	563
Octubre 2009	22	Huesca	Extranjeros comunitarios (UE-27)	UNION EUROPEA	Extranjeros comunitarios (UE-27)	Extranjeros comunitarios (UE-28)	Hombres	230
Octubre 2009	22	Huesca	Extranjeros no comunitarios	RESTO DEL MUNDO	Extranjeros no comunitarios	Extranjeros no comunitarios	Hombres	1549
Octubre 2009	22	Huesca	Extranjeros no comunitarios	UNION EUROPEA	Extranjeros no comunitarios	Extranjeros comunitarios (UE-28)	Hombres	3
Octubre 2009	22	Huesca		No consta		No consta	Hombres	1
Octubre 2009	22	Huesca	Españoles	ESPAÑA	Españoles	Españoles	Mujeres	4354
Octubre 2009	22	Huesca	Extranjeros comunitarios (UE-27)	RESTO DEL MUNDO	Extranjeros comunitarios (UE-27)	Extranjeros comunitarios (UE-28)	Mujeres	478
Octubre 2009	22	Huesca	Extranjeros comunitarios (UE-27)	UNION EUROPEA	Extranjeros comunitarios (UE-27)	Extranjeros comunitarios (UE-28)	Mujeres	174
Octubre 2009	22	Huesca	Extranjeros no comunitarios	RESTO DEL MUNDO	Extranjeros no comunitarios	Extranjeros no comunitarios	Mujeres	528
Octubre 2009	22	Huesca	Extranjeros no comunitarios	UNION EUROPEA	Extranjeros no comunitarios	Extranjeros comunitarios (UE-28)	Mujeres	4
Octubre 2009	22	Huesca		No consta		No consta	Mujeres	1
Octubre 2009	44	Teruel	Españoles	ESPAÑA	Españoles	Españoles	Hombres	2453
Octubre 2009	44	Teruel	Extranjeros comunitarios (UE-27)	RESTO DEL MUNDO	Extranjeros comunitarios (UE-27)	Extranjeros comunitarios (UE-28)	Hombres	499
Octubre 2009	44	Teruel	Extranjeros comunitarios (UE-27)	UNION EUROPEA	Extranjeros comunitarios (UE-27)	Extranjeros comunitarios (UE-28)	Hombres	78
Octubre 2009	44	Teruel	Extranjeros no comunitarios	RESTO DEL MUNDO	Extranjeros no comunitarios	Extranjeros no comunitarios	Hombres	852
Octubre 2009	44	Teruel	Extranjeros no comunitarios	UNION EUROPEA	Extranjeros no comunitarios	Extranjeros comunitarios (UE-28)	Hombres	3
Octubre 2009	44	Teruel		No consta		No consta	Hombres	1
Octubre 2009	44	Teruel	Españoles	ESPAÑA	Españoles	Españoles	Mujeres	2904
Octubre 2009	44	Teruel	Extranjeros comunitarios (UE-27)	RESTO DEL MUNDO	Extranjeros comunitarios (UE-27)	Extranjeros comunitarios (UE-28)	Mujeres	302
Octubre 2009	44	Teruel	Extranjeros comunitarios (UE-27)	UNION EUROPEA	Extranjeros comunitarios (UE-27)	Extranjeros comunitarios (UE-28)	Mujeres	49
Octubre 2009	44	Teruel	Extranjeros no comunitarios	RESTO DEL MUNDO	Extranjeros no comunitarios	Extranjeros no comunitarios	Mujeres	283
Octubre 2009	44	Teruel	Extranjeros no comunitarios	UNION EUROPEA	Extranjeros no comunitarios	Extranjeros comunitarios (UE-28)	Mujeres	2
Octubre 2009	50	Zaragoza	Españoles	ESPAÑA	Españoles	Españoles	Hombres	23179
Octubre 2009	50	Zaragoza	Extranjeros comunitarios (UE-27)	RESTO DEL MUNDO	Extranjeros comunitarios (UE-27)	Extranjeros comunitarios (UE-28)	Hombres	3271
Octubre 2009	50	Zaragoza	Extranjeros comunitarios (UE-27)	UNION EUROPEA	Extranjeros comunitarios (UE-27)	Extranjeros comunitarios (UE-28)	Hombres	638
Octubre 2009	50	Zaragoza	Extranjeros no comunitarios	RESTO DEL MUNDO	Extranjeros no comunitarios	Extranjeros no comunitarios	Hombres	6469
Octubre 2009	50	Zaragoza	Extranjeros no comunitarios	UNION EUROPEA	Extranjeros no comunitarios	Extranjeros comunitarios (UE-28)	Hombres	9
Octubre 2009	50	Zaragoza	Españoles	ESPAÑA	Españoles	Españoles	Mujeres	25366
Octubre 2009	50	Zaragoza	Extranjeros comunitarios (UE-27)	RESTO DEL MUNDO	Extranjeros comunitarios (UE-27)	Extranjeros comunitarios (UE-28)	Mujeres	1924
Octubre 2009	50	Zaragoza	Extranjeros comunitarios (UE-27)	UNION EUROPEA	Extranjeros comunitarios (UE-27)	Extranjeros comunitarios (UE-28)	Mujeres	369
Octubre 2009	50	Zaragoza	Extranjeros no comunitarios	RESTO DEL MUNDO	Extranjeros no comunitarios	Extranjeros no comunitarios	Mujeres	2789
Octubre 2009	50	Zaragoza	Extranjeros no comunitarios	UNION EUROPEA	Extranjeros no comunitarios	Extranjeros comunitarios (UE-28)	Mujeres	5
Octubre 2009	50	Zaragoza		No consta		No consta	Mujeres	2
Septiembre 2009	22	Huesca	Españoles	ESPAÑA	Españoles	Españoles	Hombres	4201
Septiembre 2009	22	Huesca	Extranjeros comunitarios (UE-27)	RESTO DEL MUNDO	Extranjeros comunitarios (UE-27)	Extranjeros comunitarios (UE-28)	Hombres	503
Septiembre 2009	22	Huesca	Extranjeros comunitarios (UE-27)	UNION EUROPEA	Extranjeros comunitarios (UE-27)	Extranjeros comunitarios (UE-28)	Hombres	235
Septiembre 2009	22	Huesca	Extranjeros no comunitarios	RESTO DEL MUNDO	Extranjeros no comunitarios	Extranjeros no comunitarios	Hombres	1497
Septiembre 2009	22	Huesca	Extranjeros no comunitarios	UNION EUROPEA	Extranjeros no comunitarios	Extranjeros comunitarios (UE-28)	Hombres	3
Septiembre 2009	22	Huesca		No consta		No consta	Hombres	1
Septiembre 2009	22	Huesca	Españoles	ESPAÑA	Españoles	Españoles	Mujeres	4179
Septiembre 2009	22	Huesca	Extranjeros comunitarios (UE-27)	RESTO DEL MUNDO	Extranjeros comunitarios (UE-27)	Extranjeros comunitarios (UE-28)	Mujeres	395
Septiembre 2009	22	Huesca	Extranjeros comunitarios (UE-27)	UNION EUROPEA	Extranjeros comunitarios (UE-27)	Extranjeros comunitarios (UE-28)	Mujeres	162
Septiembre 2009	22	Huesca	Extranjeros no comunitarios	RESTO DEL MUNDO	Extranjeros no comunitarios	Extranjeros no comunitarios	Mujeres	471
Septiembre 2009	22	Huesca	Extranjeros no comunitarios	UNION EUROPEA	Extranjeros no comunitarios	Extranjeros comunitarios (UE-28)	Mujeres	3
Septiembre 2009	44	Teruel	Españoles	ESPAÑA	Españoles	Españoles	Hombres	2411
Septiembre 2009	44	Teruel	Extranjeros comunitarios (UE-27)	RESTO DEL MUNDO	Extranjeros comunitarios (UE-27)	Extranjeros comunitarios (UE-28)	Hombres	496
Septiembre 2009	44	Teruel	Extranjeros comunitarios (UE-27)	UNION EUROPEA	Extranjeros comunitarios (UE-27)	Extranjeros comunitarios (UE-28)	Hombres	80
Septiembre 2009	44	Teruel	Extranjeros no comunitarios	RESTO DEL MUNDO	Extranjeros no comunitarios	Extranjeros no comunitarios	Hombres	823
Septiembre 2009	44	Teruel	Extranjeros no comunitarios	UNION EUROPEA	Extranjeros no comunitarios	Extranjeros comunitarios (UE-28)	Hombres	3
Septiembre 2009	44	Teruel	Españoles	ESPAÑA	Españoles	Españoles	Mujeres	2732
Septiembre 2009	44	Teruel	Extranjeros comunitarios (UE-27)	RESTO DEL MUNDO	Extranjeros comunitarios (UE-27)	Extranjeros comunitarios (UE-28)	Mujeres	243
Septiembre 2009	44	Teruel	Extranjeros comunitarios (UE-27)	UNION EUROPEA	Extranjeros comunitarios (UE-27)	Extranjeros comunitarios (UE-28)	Mujeres	39
Septiembre 2009	44	Teruel	Extranjeros no comunitarios	RESTO DEL MUNDO	Extranjeros no comunitarios	Extranjeros no comunitarios	Mujeres	240
Septiembre 2009	44	Teruel	Extranjeros no comunitarios	UNION EUROPEA	Extranjeros no comunitarios	Extranjeros comunitarios (UE-28)	Mujeres	3
Septiembre 2009	50	Zaragoza	Españoles	ESPAÑA	Españoles	Españoles	Hombres	22971
Septiembre 2009	50	Zaragoza	Extranjeros comunitarios (UE-27)	RESTO DEL MUNDO	Extranjeros comunitarios (UE-27)	Extranjeros comunitarios (UE-28)	Hombres	3105
Septiembre 2009	50	Zaragoza	Extranjeros comunitarios (UE-27)	UNION EUROPEA	Extranjeros comunitarios (UE-27)	Extranjeros comunitarios (UE-28)	Hombres	654
Septiembre 2009	50	Zaragoza	Extranjeros no comunitarios	RESTO DEL MUNDO	Extranjeros no comunitarios	Extranjeros no comunitarios	Hombres	6004
Septiembre 2009	50	Zaragoza	Extranjeros no comunitarios	UNION EUROPEA	Extranjeros no comunitarios	Extranjeros comunitarios (UE-28)	Hombres	13
Septiembre 2009	50	Zaragoza		No consta		No consta	Hombres	1
Septiembre 2009	50	Zaragoza	Españoles	ESPAÑA	Españoles	Españoles	Mujeres	25284
Septiembre 2009	50	Zaragoza	Extranjeros comunitarios (UE-27)	RESTO DEL MUNDO	Extranjeros comunitarios (UE-27)	Extranjeros comunitarios (UE-28)	Mujeres	1725
Septiembre 2009	50	Zaragoza	Extranjeros comunitarios (UE-27)	UNION EUROPEA	Extranjeros comunitarios (UE-27)	Extranjeros comunitarios (UE-28)	Mujeres	347
Septiembre 2009	50	Zaragoza	Extranjeros no comunitarios	RESTO DEL MUNDO	Extranjeros no comunitarios	Extranjeros no comunitarios	Mujeres	2613
Septiembre 2009	50	Zaragoza	Extranjeros no comunitarios	UNION EUROPEA	Extranjeros no comunitarios	Extranjeros comunitarios (UE-28)	Mujeres	8
Septiembre 2009	50	Zaragoza		No consta		No consta	Mujeres	1
Agosto 2009	22	Huesca	Españoles	ESPAÑA	Españoles	Españoles	Hombres	4051
Agosto 2009	22	Huesca	Extranjeros comunitarios (UE-27)	RESTO DEL MUNDO	Extranjeros comunitarios (UE-27)	Extranjeros comunitarios (UE-28)	Hombres	462
Agosto 2009	22	Huesca	Extranjeros comunitarios (UE-27)	UNION EUROPEA	Extranjeros comunitarios (UE-27)	Extranjeros comunitarios (UE-28)	Hombres	212
Agosto 2009	22	Huesca	Extranjeros no comunitarios	RESTO DEL MUNDO	Extranjeros no comunitarios	Extranjeros no comunitarios	Hombres	1250
Agosto 2009	22	Huesca	Extranjeros no comunitarios	UNION EUROPEA	Extranjeros no comunitarios	Extranjeros comunitarios (UE-28)	Hombres	4
Agosto 2009	22	Huesca		No consta		No consta	Hombres	1
Agosto 2009	22	Huesca	Españoles	ESPAÑA	Españoles	Españoles	Mujeres	3986
Agosto 2009	22	Huesca	Extranjeros comunitarios (UE-27)	RESTO DEL MUNDO	Extranjeros comunitarios (UE-27)	Extranjeros comunitarios (UE-28)	Mujeres	284
Agosto 2009	22	Huesca	Extranjeros comunitarios (UE-27)	UNION EUROPEA	Extranjeros comunitarios (UE-27)	Extranjeros comunitarios (UE-28)	Mujeres	130
Agosto 2009	22	Huesca	Extranjeros no comunitarios	RESTO DEL MUNDO	Extranjeros no comunitarios	Extranjeros no comunitarios	Mujeres	395
Agosto 2009	22	Huesca	Extranjeros no comunitarios	UNION EUROPEA	Extranjeros no comunitarios	Extranjeros comunitarios (UE-28)	Mujeres	2
Agosto 2009	44	Teruel	Españoles	ESPAÑA	Españoles	Españoles	Hombres	2447
Agosto 2009	44	Teruel	Extranjeros comunitarios (UE-27)	RESTO DEL MUNDO	Extranjeros comunitarios (UE-27)	Extranjeros comunitarios (UE-28)	Hombres	493
Agosto 2009	44	Teruel	Extranjeros comunitarios (UE-27)	UNION EUROPEA	Extranjeros comunitarios (UE-27)	Extranjeros comunitarios (UE-28)	Hombres	76
Agosto 2009	44	Teruel	Extranjeros no comunitarios	RESTO DEL MUNDO	Extranjeros no comunitarios	Extranjeros no comunitarios	Hombres	860
Agosto 2009	44	Teruel	Extranjeros no comunitarios	UNION EUROPEA	Extranjeros no comunitarios	Extranjeros comunitarios (UE-28)	Hombres	2
Agosto 2009	44	Teruel		No consta		No consta	Hombres	1
Agosto 2009	44	Teruel	Españoles	ESPAÑA	Españoles	Españoles	Mujeres	2609
Agosto 2009	44	Teruel	Extranjeros comunitarios (UE-27)	RESTO DEL MUNDO	Extranjeros comunitarios (UE-27)	Extranjeros comunitarios (UE-28)	Mujeres	230
Agosto 2009	44	Teruel	Extranjeros comunitarios (UE-27)	UNION EUROPEA	Extranjeros comunitarios (UE-27)	Extranjeros comunitarios (UE-28)	Mujeres	35
Agosto 2009	44	Teruel	Extranjeros no comunitarios	RESTO DEL MUNDO	Extranjeros no comunitarios	Extranjeros no comunitarios	Mujeres	213
Agosto 2009	44	Teruel	Extranjeros no comunitarios	UNION EUROPEA	Extranjeros no comunitarios	Extranjeros comunitarios (UE-28)	Mujeres	3
Agosto 2009	50	Zaragoza	Españoles	ESPAÑA	Españoles	Españoles	Hombres	23226
Agosto 2009	50	Zaragoza	Extranjeros comunitarios (UE-27)	RESTO DEL MUNDO	Extranjeros comunitarios (UE-27)	Extranjeros comunitarios (UE-28)	Hombres	3118
Agosto 2009	50	Zaragoza	Extranjeros comunitarios (UE-27)	UNION EUROPEA	Extranjeros comunitarios (UE-27)	Extranjeros comunitarios (UE-28)	Hombres	681
Agosto 2009	50	Zaragoza	Extranjeros no comunitarios	RESTO DEL MUNDO	Extranjeros no comunitarios	Extranjeros no comunitarios	Hombres	5974
Agosto 2009	50	Zaragoza	Extranjeros no comunitarios	UNION EUROPEA	Extranjeros no comunitarios	Extranjeros comunitarios (UE-28)	Hombres	20
Agosto 2009	50	Zaragoza		No consta		No consta	Hombres	1
Agosto 2009	50	Zaragoza	Españoles	ESPAÑA	Españoles	Españoles	Mujeres	25528
Agosto 2009	50	Zaragoza	Extranjeros comunitarios (UE-27)	RESTO DEL MUNDO	Extranjeros comunitarios (UE-27)	Extranjeros comunitarios (UE-28)	Mujeres	1586
Agosto 2009	50	Zaragoza	Extranjeros comunitarios (UE-27)	UNION EUROPEA	Extranjeros comunitarios (UE-27)	Extranjeros comunitarios (UE-28)	Mujeres	362
Agosto 2009	50	Zaragoza	Extranjeros no comunitarios	RESTO DEL MUNDO	Extranjeros no comunitarios	Extranjeros no comunitarios	Mujeres	2472
Agosto 2009	50	Zaragoza	Extranjeros no comunitarios	UNION EUROPEA	Extranjeros no comunitarios	Extranjeros comunitarios (UE-28)	Mujeres	14
Agosto 2009	50	Zaragoza		No consta		No consta	Mujeres	2
Julio 2009	22	Huesca	Españoles	ESPAÑA	Españoles	Españoles	Hombres	3880
Julio 2009	22	Huesca	Extranjeros comunitarios (UE-27)	RESTO DEL MUNDO	Extranjeros comunitarios (UE-27)	Extranjeros comunitarios (UE-28)	Hombres	426
Julio 2009	22	Huesca	Extranjeros comunitarios (UE-27)	UNION EUROPEA	Extranjeros comunitarios (UE-27)	Extranjeros comunitarios (UE-28)	Hombres	205
Julio 2009	22	Huesca	Extranjeros no comunitarios	RESTO DEL MUNDO	Extranjeros no comunitarios	Extranjeros no comunitarios	Hombres	1256
Julio 2009	22	Huesca	Extranjeros no comunitarios	UNION EUROPEA	Extranjeros no comunitarios	Extranjeros comunitarios (UE-28)	Hombres	4
Julio 2009	22	Huesca		No consta		No consta	Hombres	1
Julio 2009	22	Huesca	Españoles	ESPAÑA	Españoles	Españoles	Mujeres	3832
Julio 2009	22	Huesca	Extranjeros comunitarios (UE-27)	RESTO DEL MUNDO	Extranjeros comunitarios (UE-27)	Extranjeros comunitarios (UE-28)	Mujeres	266
Julio 2009	22	Huesca	Extranjeros comunitarios (UE-27)	UNION EUROPEA	Extranjeros comunitarios (UE-27)	Extranjeros comunitarios (UE-28)	Mujeres	121
Julio 2009	22	Huesca	Extranjeros no comunitarios	RESTO DEL MUNDO	Extranjeros no comunitarios	Extranjeros no comunitarios	Mujeres	394
Julio 2009	22	Huesca	Extranjeros no comunitarios	UNION EUROPEA	Extranjeros no comunitarios	Extranjeros comunitarios (UE-28)	Mujeres	2
Julio 2009	44	Teruel	Españoles	ESPAÑA	Españoles	Españoles	Hombres	2434
Julio 2009	44	Teruel	Extranjeros comunitarios (UE-27)	RESTO DEL MUNDO	Extranjeros comunitarios (UE-27)	Extranjeros comunitarios (UE-28)	Hombres	477
Julio 2009	44	Teruel	Extranjeros comunitarios (UE-27)	UNION EUROPEA	Extranjeros comunitarios (UE-27)	Extranjeros comunitarios (UE-28)	Hombres	77
Julio 2009	44	Teruel	Extranjeros no comunitarios	RESTO DEL MUNDO	Extranjeros no comunitarios	Extranjeros no comunitarios	Hombres	857
Julio 2009	44	Teruel	Extranjeros no comunitarios	UNION EUROPEA	Extranjeros no comunitarios	Extranjeros comunitarios (UE-28)	Hombres	2
Julio 2009	44	Teruel		No consta		No consta	Hombres	1
Julio 2009	44	Teruel	Españoles	ESPAÑA	Españoles	Españoles	Mujeres	2588
Julio 2009	44	Teruel	Extranjeros comunitarios (UE-27)	RESTO DEL MUNDO	Extranjeros comunitarios (UE-27)	Extranjeros comunitarios (UE-28)	Mujeres	237
Julio 2009	44	Teruel	Extranjeros comunitarios (UE-27)	UNION EUROPEA	Extranjeros comunitarios (UE-27)	Extranjeros comunitarios (UE-28)	Mujeres	32
Julio 2009	44	Teruel	Extranjeros no comunitarios	RESTO DEL MUNDO	Extranjeros no comunitarios	Extranjeros no comunitarios	Mujeres	237
Julio 2009	44	Teruel	Extranjeros no comunitarios	UNION EUROPEA	Extranjeros no comunitarios	Extranjeros comunitarios (UE-28)	Mujeres	3
Julio 2009	50	Zaragoza	Españoles	ESPAÑA	Españoles	Españoles	Hombres	22598
Julio 2009	50	Zaragoza	Extranjeros comunitarios (UE-27)	RESTO DEL MUNDO	Extranjeros comunitarios (UE-27)	Extranjeros comunitarios (UE-28)	Hombres	3183
Julio 2009	50	Zaragoza	Extranjeros comunitarios (UE-27)	UNION EUROPEA	Extranjeros comunitarios (UE-27)	Extranjeros comunitarios (UE-28)	Hombres	694
Julio 2009	50	Zaragoza	Extranjeros no comunitarios	RESTO DEL MUNDO	Extranjeros no comunitarios	Extranjeros no comunitarios	Hombres	6214
Julio 2009	50	Zaragoza	Extranjeros no comunitarios	UNION EUROPEA	Extranjeros no comunitarios	Extranjeros comunitarios (UE-28)	Hombres	18
Julio 2009	50	Zaragoza		No consta		No consta	Hombres	1
Julio 2009	50	Zaragoza	Españoles	ESPAÑA	Españoles	Españoles	Mujeres	24682
Julio 2009	50	Zaragoza	Extranjeros comunitarios (UE-27)	RESTO DEL MUNDO	Extranjeros comunitarios (UE-27)	Extranjeros comunitarios (UE-28)	Mujeres	1587
Julio 2009	50	Zaragoza	Extranjeros comunitarios (UE-27)	UNION EUROPEA	Extranjeros comunitarios (UE-27)	Extranjeros comunitarios (UE-28)	Mujeres	359
Julio 2009	50	Zaragoza	Extranjeros no comunitarios	RESTO DEL MUNDO	Extranjeros no comunitarios	Extranjeros no comunitarios	Mujeres	2489
Julio 2009	50	Zaragoza	Extranjeros no comunitarios	UNION EUROPEA	Extranjeros no comunitarios	Extranjeros comunitarios (UE-28)	Mujeres	11
Julio 2009	50	Zaragoza		No consta		No consta	Mujeres	2
Junio 2009	22	Huesca	Españoles	ESPAÑA	Españoles	Españoles	Hombres	3934
Junio 2009	22	Huesca	Extranjeros comunitarios (UE-27)	RESTO DEL MUNDO	Extranjeros comunitarios (UE-27)	Extranjeros comunitarios (UE-28)	Hombres	422
Junio 2009	22	Huesca	Extranjeros comunitarios (UE-27)	UNION EUROPEA	Extranjeros comunitarios (UE-27)	Extranjeros comunitarios (UE-28)	Hombres	227
Junio 2009	22	Huesca	Extranjeros no comunitarios	RESTO DEL MUNDO	Extranjeros no comunitarios	Extranjeros no comunitarios	Hombres	1346
Junio 2009	22	Huesca	Extranjeros no comunitarios	UNION EUROPEA	Extranjeros no comunitarios	Extranjeros comunitarios (UE-28)	Hombres	4
Junio 2009	22	Huesca		No consta		No consta	Hombres	1
Junio 2009	22	Huesca	Españoles	ESPAÑA	Españoles	Españoles	Mujeres	3914
Junio 2009	22	Huesca	Extranjeros comunitarios (UE-27)	RESTO DEL MUNDO	Extranjeros comunitarios (UE-27)	Extranjeros comunitarios (UE-28)	Mujeres	278
Junio 2009	22	Huesca	Extranjeros comunitarios (UE-27)	UNION EUROPEA	Extranjeros comunitarios (UE-27)	Extranjeros comunitarios (UE-28)	Mujeres	130
Junio 2009	22	Huesca	Extranjeros no comunitarios	RESTO DEL MUNDO	Extranjeros no comunitarios	Extranjeros no comunitarios	Mujeres	420
Junio 2009	22	Huesca	Extranjeros no comunitarios	UNION EUROPEA	Extranjeros no comunitarios	Extranjeros comunitarios (UE-28)	Mujeres	3
Junio 2009	44	Teruel	Españoles	ESPAÑA	Españoles	Españoles	Hombres	2401
Junio 2009	44	Teruel	Extranjeros comunitarios (UE-27)	RESTO DEL MUNDO	Extranjeros comunitarios (UE-27)	Extranjeros comunitarios (UE-28)	Hombres	482
Junio 2009	44	Teruel	Extranjeros comunitarios (UE-27)	UNION EUROPEA	Extranjeros comunitarios (UE-27)	Extranjeros comunitarios (UE-28)	Hombres	77
Junio 2009	44	Teruel	Extranjeros no comunitarios	RESTO DEL MUNDO	Extranjeros no comunitarios	Extranjeros no comunitarios	Hombres	782
Junio 2009	44	Teruel	Extranjeros no comunitarios	UNION EUROPEA	Extranjeros no comunitarios	Extranjeros comunitarios (UE-28)	Hombres	2
Junio 2009	44	Teruel		No consta		No consta	Hombres	1
Junio 2009	44	Teruel	Españoles	ESPAÑA	Españoles	Españoles	Mujeres	2796
Junio 2009	44	Teruel	Extranjeros comunitarios (UE-27)	RESTO DEL MUNDO	Extranjeros comunitarios (UE-27)	Extranjeros comunitarios (UE-28)	Mujeres	253
Junio 2009	44	Teruel	Extranjeros comunitarios (UE-27)	UNION EUROPEA	Extranjeros comunitarios (UE-27)	Extranjeros comunitarios (UE-28)	Mujeres	40
Junio 2009	44	Teruel	Extranjeros no comunitarios	RESTO DEL MUNDO	Extranjeros no comunitarios	Extranjeros no comunitarios	Mujeres	249
Junio 2009	44	Teruel	Extranjeros no comunitarios	UNION EUROPEA	Extranjeros no comunitarios	Extranjeros comunitarios (UE-28)	Mujeres	3
Junio 2009	50	Zaragoza	Españoles	ESPAÑA	Españoles	Españoles	Hombres	22540
Junio 2009	50	Zaragoza	Extranjeros comunitarios (UE-27)	RESTO DEL MUNDO	Extranjeros comunitarios (UE-27)	Extranjeros comunitarios (UE-28)	Hombres	3261
Junio 2009	50	Zaragoza	Extranjeros comunitarios (UE-27)	UNION EUROPEA	Extranjeros comunitarios (UE-27)	Extranjeros comunitarios (UE-28)	Hombres	725
Junio 2009	50	Zaragoza	Extranjeros no comunitarios	RESTO DEL MUNDO	Extranjeros no comunitarios	Extranjeros no comunitarios	Hombres	6315
Junio 2009	50	Zaragoza	Extranjeros no comunitarios	UNION EUROPEA	Extranjeros no comunitarios	Extranjeros comunitarios (UE-28)	Hombres	12
Junio 2009	50	Zaragoza		No consta		No consta	Hombres	2
Junio 2009	50	Zaragoza	Españoles	ESPAÑA	Españoles	Españoles	Mujeres	24339
Junio 2009	50	Zaragoza	Extranjeros comunitarios (UE-27)	RESTO DEL MUNDO	Extranjeros comunitarios (UE-27)	Extranjeros comunitarios (UE-28)	Mujeres	1581
Junio 2009	50	Zaragoza	Extranjeros comunitarios (UE-27)	UNION EUROPEA	Extranjeros comunitarios (UE-27)	Extranjeros comunitarios (UE-28)	Mujeres	345
Junio 2009	50	Zaragoza	Extranjeros no comunitarios	RESTO DEL MUNDO	Extranjeros no comunitarios	Extranjeros no comunitarios	Mujeres	2568
Junio 2009	50	Zaragoza	Extranjeros no comunitarios	UNION EUROPEA	Extranjeros no comunitarios	Extranjeros comunitarios (UE-28)	Mujeres	5
Junio 2009	50	Zaragoza		No consta		No consta	Mujeres	2
Mayo 2009	22	Huesca	Españoles	ESPAÑA	Españoles	Españoles	Hombres	4160
Mayo 2009	22	Huesca	Extranjeros comunitarios (UE-27)	RESTO DEL MUNDO	Extranjeros comunitarios (UE-27)	Extranjeros comunitarios (UE-28)	Hombres	446
Mayo 2009	22	Huesca	Extranjeros comunitarios (UE-27)	UNION EUROPEA	Extranjeros comunitarios (UE-27)	Extranjeros comunitarios (UE-28)	Hombres	246
Mayo 2009	22	Huesca	Extranjeros no comunitarios	RESTO DEL MUNDO	Extranjeros no comunitarios	Extranjeros no comunitarios	Hombres	1293
Mayo 2009	22	Huesca	Extranjeros no comunitarios	UNION EUROPEA	Extranjeros no comunitarios	Extranjeros comunitarios (UE-28)	Hombres	2
Mayo 2009	22	Huesca		No consta		No consta	Hombres	1
Mayo 2009	22	Huesca	Españoles	ESPAÑA	Españoles	Españoles	Mujeres	4102
Mayo 2009	22	Huesca	Extranjeros comunitarios (UE-27)	RESTO DEL MUNDO	Extranjeros comunitarios (UE-27)	Extranjeros comunitarios (UE-28)	Mujeres	317
Mayo 2009	22	Huesca	Extranjeros comunitarios (UE-27)	UNION EUROPEA	Extranjeros comunitarios (UE-27)	Extranjeros comunitarios (UE-28)	Mujeres	158
Mayo 2009	22	Huesca	Extranjeros no comunitarios	RESTO DEL MUNDO	Extranjeros no comunitarios	Extranjeros no comunitarios	Mujeres	456
Mayo 2009	22	Huesca	Extranjeros no comunitarios	UNION EUROPEA	Extranjeros no comunitarios	Extranjeros comunitarios (UE-28)	Mujeres	5
Mayo 2009	22	Huesca		No consta		No consta	Mujeres	1
Mayo 2009	44	Teruel	Españoles	ESPAÑA	Españoles	Españoles	Hombres	2402
Mayo 2009	44	Teruel	Extranjeros comunitarios (UE-27)	RESTO DEL MUNDO	Extranjeros comunitarios (UE-27)	Extranjeros comunitarios (UE-28)	Hombres	488
Mayo 2009	44	Teruel	Extranjeros comunitarios (UE-27)	UNION EUROPEA	Extranjeros comunitarios (UE-27)	Extranjeros comunitarios (UE-28)	Hombres	85
Mayo 2009	44	Teruel	Extranjeros no comunitarios	RESTO DEL MUNDO	Extranjeros no comunitarios	Extranjeros no comunitarios	Hombres	808
Mayo 2009	44	Teruel	Extranjeros no comunitarios	UNION EUROPEA	Extranjeros no comunitarios	Extranjeros comunitarios (UE-28)	Hombres	3
Mayo 2009	44	Teruel		No consta		No consta	Hombres	1
Mayo 2009	44	Teruel	Españoles	ESPAÑA	Españoles	Españoles	Mujeres	2931
Mayo 2009	44	Teruel	Extranjeros comunitarios (UE-27)	RESTO DEL MUNDO	Extranjeros comunitarios (UE-27)	Extranjeros comunitarios (UE-28)	Mujeres	279
Mayo 2009	44	Teruel	Extranjeros comunitarios (UE-27)	UNION EUROPEA	Extranjeros comunitarios (UE-27)	Extranjeros comunitarios (UE-28)	Mujeres	44
Mayo 2009	44	Teruel	Extranjeros no comunitarios	RESTO DEL MUNDO	Extranjeros no comunitarios	Extranjeros no comunitarios	Mujeres	276
Mayo 2009	44	Teruel	Extranjeros no comunitarios	UNION EUROPEA	Extranjeros no comunitarios	Extranjeros comunitarios (UE-28)	Mujeres	5
Mayo 2009	50	Zaragoza	Españoles	ESPAÑA	Españoles	Españoles	Hombres	23172
Mayo 2009	50	Zaragoza	Extranjeros comunitarios (UE-27)	RESTO DEL MUNDO	Extranjeros comunitarios (UE-27)	Extranjeros comunitarios (UE-28)	Hombres	3385
Mayo 2009	50	Zaragoza	Extranjeros comunitarios (UE-27)	UNION EUROPEA	Extranjeros comunitarios (UE-27)	Extranjeros comunitarios (UE-28)	Hombres	746
Mayo 2009	50	Zaragoza	Extranjeros no comunitarios	RESTO DEL MUNDO	Extranjeros no comunitarios	Extranjeros no comunitarios	Hombres	6325
Mayo 2009	50	Zaragoza	Extranjeros no comunitarios	UNION EUROPEA	Extranjeros no comunitarios	Extranjeros comunitarios (UE-28)	Hombres	11
Mayo 2009	50	Zaragoza		No consta		No consta	Hombres	2
Mayo 2009	50	Zaragoza	Españoles	ESPAÑA	Españoles	Españoles	Mujeres	24612
Mayo 2009	50	Zaragoza	Extranjeros comunitarios (UE-27)	RESTO DEL MUNDO	Extranjeros comunitarios (UE-27)	Extranjeros comunitarios (UE-28)	Mujeres	1612
Mayo 2009	50	Zaragoza	Extranjeros comunitarios (UE-27)	UNION EUROPEA	Extranjeros comunitarios (UE-27)	Extranjeros comunitarios (UE-28)	Mujeres	346
Mayo 2009	50	Zaragoza	Extranjeros no comunitarios	RESTO DEL MUNDO	Extranjeros no comunitarios	Extranjeros no comunitarios	Mujeres	2606
Mayo 2009	50	Zaragoza	Extranjeros no comunitarios	UNION EUROPEA	Extranjeros no comunitarios	Extranjeros comunitarios (UE-28)	Mujeres	4
Mayo 2009	50	Zaragoza		No consta		No consta	Mujeres	4
Abril 2009	22	Huesca	Españoles	ESPAÑA	Españoles	Españoles	Hombres	4160
Abril 2009	22	Huesca	Extranjeros comunitarios (UE-27)	RESTO DEL MUNDO	Extranjeros comunitarios (UE-27)	Extranjeros comunitarios (UE-28)	Hombres	494
Abril 2009	22	Huesca	Extranjeros comunitarios (UE-27)	UNION EUROPEA	Extranjeros comunitarios (UE-27)	Extranjeros comunitarios (UE-28)	Hombres	255
Abril 2009	22	Huesca	Extranjeros no comunitarios	RESTO DEL MUNDO	Extranjeros no comunitarios	Extranjeros no comunitarios	Hombres	1472
Abril 2009	22	Huesca	Extranjeros no comunitarios	UNION EUROPEA	Extranjeros no comunitarios	Extranjeros comunitarios (UE-28)	Hombres	2
Abril 2009	22	Huesca		No consta		No consta	Hombres	1
Abril 2009	22	Huesca	Españoles	ESPAÑA	Españoles	Españoles	Mujeres	4003
Abril 2009	22	Huesca	Extranjeros comunitarios (UE-27)	RESTO DEL MUNDO	Extranjeros comunitarios (UE-27)	Extranjeros comunitarios (UE-28)	Mujeres	335
Abril 2009	22	Huesca	Extranjeros comunitarios (UE-27)	UNION EUROPEA	Extranjeros comunitarios (UE-27)	Extranjeros comunitarios (UE-28)	Mujeres	161
Abril 2009	22	Huesca	Extranjeros no comunitarios	RESTO DEL MUNDO	Extranjeros no comunitarios	Extranjeros no comunitarios	Mujeres	436
Abril 2009	22	Huesca	Extranjeros no comunitarios	UNION EUROPEA	Extranjeros no comunitarios	Extranjeros comunitarios (UE-28)	Mujeres	5
Abril 2009	22	Huesca		No consta		No consta	Mujeres	1
Abril 2009	44	Teruel	Españoles	ESPAÑA	Españoles	Españoles	Hombres	2474
Abril 2009	44	Teruel	Extranjeros comunitarios (UE-27)	RESTO DEL MUNDO	Extranjeros comunitarios (UE-27)	Extranjeros comunitarios (UE-28)	Hombres	499
Abril 2009	44	Teruel	Extranjeros comunitarios (UE-27)	UNION EUROPEA	Extranjeros comunitarios (UE-27)	Extranjeros comunitarios (UE-28)	Hombres	89
Abril 2009	44	Teruel	Extranjeros no comunitarios	RESTO DEL MUNDO	Extranjeros no comunitarios	Extranjeros no comunitarios	Hombres	907
Abril 2009	44	Teruel	Extranjeros no comunitarios	UNION EUROPEA	Extranjeros no comunitarios	Extranjeros comunitarios (UE-28)	Hombres	1
Abril 2009	44	Teruel		No consta		No consta	Hombres	1
Abril 2009	44	Teruel	Españoles	ESPAÑA	Españoles	Españoles	Mujeres	2861
Abril 2009	44	Teruel	Extranjeros comunitarios (UE-27)	RESTO DEL MUNDO	Extranjeros comunitarios (UE-27)	Extranjeros comunitarios (UE-28)	Mujeres	269
Abril 2009	44	Teruel	Extranjeros comunitarios (UE-27)	UNION EUROPEA	Extranjeros comunitarios (UE-27)	Extranjeros comunitarios (UE-28)	Mujeres	43
Abril 2009	44	Teruel	Extranjeros no comunitarios	RESTO DEL MUNDO	Extranjeros no comunitarios	Extranjeros no comunitarios	Mujeres	282
Abril 2009	44	Teruel	Extranjeros no comunitarios	UNION EUROPEA	Extranjeros no comunitarios	Extranjeros comunitarios (UE-28)	Mujeres	4
Abril 2009	50	Zaragoza	Españoles	ESPAÑA	Españoles	Españoles	Hombres	22982
Abril 2009	50	Zaragoza	Extranjeros comunitarios (UE-27)	RESTO DEL MUNDO	Extranjeros comunitarios (UE-27)	Extranjeros comunitarios (UE-28)	Hombres	3567
Abril 2009	50	Zaragoza	Extranjeros comunitarios (UE-27)	UNION EUROPEA	Extranjeros comunitarios (UE-27)	Extranjeros comunitarios (UE-28)	Hombres	746
Abril 2009	50	Zaragoza	Extranjeros no comunitarios	RESTO DEL MUNDO	Extranjeros no comunitarios	Extranjeros no comunitarios	Hombres	6538
Abril 2009	50	Zaragoza	Extranjeros no comunitarios	UNION EUROPEA	Extranjeros no comunitarios	Extranjeros comunitarios (UE-28)	Hombres	12
Abril 2009	50	Zaragoza		No consta		No consta	Hombres	2
Abril 2009	50	Zaragoza	Españoles	ESPAÑA	Españoles	Españoles	Mujeres	24717
Abril 2009	50	Zaragoza	Extranjeros comunitarios (UE-27)	RESTO DEL MUNDO	Extranjeros comunitarios (UE-27)	Extranjeros comunitarios (UE-28)	Mujeres	1642
Abril 2009	50	Zaragoza	Extranjeros comunitarios (UE-27)	UNION EUROPEA	Extranjeros comunitarios (UE-27)	Extranjeros comunitarios (UE-28)	Mujeres	368
Abril 2009	50	Zaragoza	Extranjeros no comunitarios	RESTO DEL MUNDO	Extranjeros no comunitarios	Extranjeros no comunitarios	Mujeres	2568
Abril 2009	50	Zaragoza	Extranjeros no comunitarios	UNION EUROPEA	Extranjeros no comunitarios	Extranjeros comunitarios (UE-28)	Mujeres	4
Abril 2009	50	Zaragoza		No consta		No consta	Mujeres	5
Marzo 2009	22	Huesca	Españoles	ESPAÑA	Españoles	Españoles	Hombres	4044
Marzo 2009	22	Huesca	Extranjeros comunitarios (UE-27)	RESTO DEL MUNDO	Extranjeros comunitarios (UE-27)	Extranjeros comunitarios (UE-28)	Hombres	535
Marzo 2009	22	Huesca	Extranjeros comunitarios (UE-27)	UNION EUROPEA	Extranjeros comunitarios (UE-27)	Extranjeros comunitarios (UE-28)	Hombres	256
Marzo 2009	22	Huesca	Extranjeros no comunitarios	RESTO DEL MUNDO	Extranjeros no comunitarios	Extranjeros no comunitarios	Hombres	1408
Marzo 2009	22	Huesca	Extranjeros no comunitarios	UNION EUROPEA	Extranjeros no comunitarios	Extranjeros comunitarios (UE-28)	Hombres	3
Marzo 2009	22	Huesca	Españoles	ESPAÑA	Españoles	Españoles	Mujeres	3972
Marzo 2009	22	Huesca	Extranjeros comunitarios (UE-27)	RESTO DEL MUNDO	Extranjeros comunitarios (UE-27)	Extranjeros comunitarios (UE-28)	Mujeres	375
Marzo 2009	22	Huesca	Extranjeros comunitarios (UE-27)	UNION EUROPEA	Extranjeros comunitarios (UE-27)	Extranjeros comunitarios (UE-28)	Mujeres	158
Marzo 2009	22	Huesca	Extranjeros no comunitarios	RESTO DEL MUNDO	Extranjeros no comunitarios	Extranjeros no comunitarios	Mujeres	420
Marzo 2009	22	Huesca	Extranjeros no comunitarios	UNION EUROPEA	Extranjeros no comunitarios	Extranjeros comunitarios (UE-28)	Mujeres	3
Marzo 2009	22	Huesca		No consta		No consta	Mujeres	1
Marzo 2009	44	Teruel	Españoles	ESPAÑA	Españoles	Españoles	Hombres	2462
Marzo 2009	44	Teruel	Extranjeros comunitarios (UE-27)	RESTO DEL MUNDO	Extranjeros comunitarios (UE-27)	Extranjeros comunitarios (UE-28)	Hombres	507
Marzo 2009	44	Teruel	Extranjeros comunitarios (UE-27)	UNION EUROPEA	Extranjeros comunitarios (UE-27)	Extranjeros comunitarios (UE-28)	Hombres	96
Marzo 2009	44	Teruel	Extranjeros no comunitarios	RESTO DEL MUNDO	Extranjeros no comunitarios	Extranjeros no comunitarios	Hombres	874
Marzo 2009	44	Teruel		No consta		No consta	Hombres	1
Marzo 2009	44	Teruel	Españoles	ESPAÑA	Españoles	Españoles	Mujeres	2828
Marzo 2009	44	Teruel	Extranjeros comunitarios (UE-27)	RESTO DEL MUNDO	Extranjeros comunitarios (UE-27)	Extranjeros comunitarios (UE-28)	Mujeres	258
Marzo 2009	44	Teruel	Extranjeros comunitarios (UE-27)	UNION EUROPEA	Extranjeros comunitarios (UE-27)	Extranjeros comunitarios (UE-28)	Mujeres	46
Marzo 2009	44	Teruel	Extranjeros no comunitarios	RESTO DEL MUNDO	Extranjeros no comunitarios	Extranjeros no comunitarios	Mujeres	268
Marzo 2009	44	Teruel	Extranjeros no comunitarios	UNION EUROPEA	Extranjeros no comunitarios	Extranjeros comunitarios (UE-28)	Mujeres	2
Marzo 2009	50	Zaragoza	Españoles	ESPAÑA	Españoles	Españoles	Hombres	22280
Marzo 2009	50	Zaragoza	Extranjeros comunitarios (UE-27)	RESTO DEL MUNDO	Extranjeros comunitarios (UE-27)	Extranjeros comunitarios (UE-28)	Hombres	3548
Marzo 2009	50	Zaragoza	Extranjeros comunitarios (UE-27)	UNION EUROPEA	Extranjeros comunitarios (UE-27)	Extranjeros comunitarios (UE-28)	Hombres	738
Marzo 2009	50	Zaragoza	Extranjeros no comunitarios	RESTO DEL MUNDO	Extranjeros no comunitarios	Extranjeros no comunitarios	Hombres	6106
Marzo 2009	50	Zaragoza	Extranjeros no comunitarios	UNION EUROPEA	Extranjeros no comunitarios	Extranjeros comunitarios (UE-28)	Hombres	13
Marzo 2009	50	Zaragoza		No consta		No consta	Hombres	2
Marzo 2009	50	Zaragoza	Españoles	ESPAÑA	Españoles	Españoles	Mujeres	24231
Marzo 2009	50	Zaragoza	Extranjeros comunitarios (UE-27)	RESTO DEL MUNDO	Extranjeros comunitarios (UE-27)	Extranjeros comunitarios (UE-28)	Mujeres	1665
Marzo 2009	50	Zaragoza	Extranjeros comunitarios (UE-27)	UNION EUROPEA	Extranjeros comunitarios (UE-27)	Extranjeros comunitarios (UE-28)	Mujeres	356
Marzo 2009	50	Zaragoza	Extranjeros no comunitarios	RESTO DEL MUNDO	Extranjeros no comunitarios	Extranjeros no comunitarios	Mujeres	2458
Marzo 2009	50	Zaragoza	Extranjeros no comunitarios	UNION EUROPEA	Extranjeros no comunitarios	Extranjeros comunitarios (UE-28)	Mujeres	4
Marzo 2009	50	Zaragoza		No consta		No consta	Mujeres	5
Febrero 2009	22	Huesca	Españoles	ESPAÑA	Españoles	Españoles	Hombres	3953
Febrero 2009	22	Huesca	Extranjeros comunitarios (UE-27)	RESTO DEL MUNDO	Extranjeros comunitarios (UE-27)	Extranjeros comunitarios (UE-28)	Hombres	519
Febrero 2009	22	Huesca	Extranjeros comunitarios (UE-27)	UNION EUROPEA	Extranjeros comunitarios (UE-27)	Extranjeros comunitarios (UE-28)	Hombres	244
Febrero 2009	22	Huesca	Extranjeros no comunitarios	RESTO DEL MUNDO	Extranjeros no comunitarios	Extranjeros no comunitarios	Hombres	1422
Febrero 2009	22	Huesca	Extranjeros no comunitarios	UNION EUROPEA	Extranjeros no comunitarios	Extranjeros comunitarios (UE-28)	Hombres	4
Febrero 2009	22	Huesca	Españoles	ESPAÑA	Españoles	Españoles	Mujeres	3897
Febrero 2009	22	Huesca	Extranjeros comunitarios (UE-27)	RESTO DEL MUNDO	Extranjeros comunitarios (UE-27)	Extranjeros comunitarios (UE-28)	Mujeres	367
Febrero 2009	22	Huesca	Extranjeros comunitarios (UE-27)	UNION EUROPEA	Extranjeros comunitarios (UE-27)	Extranjeros comunitarios (UE-28)	Mujeres	161
Febrero 2009	22	Huesca	Extranjeros no comunitarios	RESTO DEL MUNDO	Extranjeros no comunitarios	Extranjeros no comunitarios	Mujeres	412
Febrero 2009	22	Huesca	Extranjeros no comunitarios	UNION EUROPEA	Extranjeros no comunitarios	Extranjeros comunitarios (UE-28)	Mujeres	3
Febrero 2009	22	Huesca		No consta		No consta	Mujeres	1
Febrero 2009	44	Teruel	Españoles	ESPAÑA	Españoles	Españoles	Hombres	2436
Febrero 2009	44	Teruel	Extranjeros comunitarios (UE-27)	RESTO DEL MUNDO	Extranjeros comunitarios (UE-27)	Extranjeros comunitarios (UE-28)	Hombres	507
Febrero 2009	44	Teruel	Extranjeros comunitarios (UE-27)	UNION EUROPEA	Extranjeros comunitarios (UE-27)	Extranjeros comunitarios (UE-28)	Hombres	102
Febrero 2009	44	Teruel	Extranjeros no comunitarios	RESTO DEL MUNDO	Extranjeros no comunitarios	Extranjeros no comunitarios	Hombres	846
Febrero 2009	44	Teruel		No consta		No consta	Hombres	1
Febrero 2009	44	Teruel	Españoles	ESPAÑA	Españoles	Españoles	Mujeres	2755
Febrero 2009	44	Teruel	Extranjeros comunitarios (UE-27)	RESTO DEL MUNDO	Extranjeros comunitarios (UE-27)	Extranjeros comunitarios (UE-28)	Mujeres	245
Febrero 2009	44	Teruel	Extranjeros comunitarios (UE-27)	UNION EUROPEA	Extranjeros comunitarios (UE-27)	Extranjeros comunitarios (UE-28)	Mujeres	52
Febrero 2009	44	Teruel	Extranjeros no comunitarios	RESTO DEL MUNDO	Extranjeros no comunitarios	Extranjeros no comunitarios	Mujeres	253
Febrero 2009	44	Teruel	Extranjeros no comunitarios	UNION EUROPEA	Extranjeros no comunitarios	Extranjeros comunitarios (UE-28)	Mujeres	2
Febrero 2009	50	Zaragoza	Españoles	ESPAÑA	Españoles	Españoles	Hombres	21242
Febrero 2009	50	Zaragoza	Extranjeros comunitarios (UE-27)	RESTO DEL MUNDO	Extranjeros comunitarios (UE-27)	Extranjeros comunitarios (UE-28)	Hombres	3379
Febrero 2009	50	Zaragoza	Extranjeros comunitarios (UE-27)	UNION EUROPEA	Extranjeros comunitarios (UE-27)	Extranjeros comunitarios (UE-28)	Hombres	700
Febrero 2009	50	Zaragoza	Extranjeros no comunitarios	RESTO DEL MUNDO	Extranjeros no comunitarios	Extranjeros no comunitarios	Hombres	5965
Febrero 2009	50	Zaragoza	Extranjeros no comunitarios	UNION EUROPEA	Extranjeros no comunitarios	Extranjeros comunitarios (UE-28)	Hombres	15
Febrero 2009	50	Zaragoza		No consta		No consta	Hombres	2
Febrero 2009	50	Zaragoza	Españoles	ESPAÑA	Españoles	Españoles	Mujeres	23249
Febrero 2009	50	Zaragoza	Extranjeros comunitarios (UE-27)	RESTO DEL MUNDO	Extranjeros comunitarios (UE-27)	Extranjeros comunitarios (UE-28)	Mujeres	1575
Febrero 2009	50	Zaragoza	Extranjeros comunitarios (UE-27)	UNION EUROPEA	Extranjeros comunitarios (UE-27)	Extranjeros comunitarios (UE-28)	Mujeres	329
Febrero 2009	50	Zaragoza	Extranjeros no comunitarios	RESTO DEL MUNDO	Extranjeros no comunitarios	Extranjeros no comunitarios	Mujeres	2340
Febrero 2009	50	Zaragoza	Extranjeros no comunitarios	UNION EUROPEA	Extranjeros no comunitarios	Extranjeros comunitarios (UE-28)	Mujeres	5
Febrero 2009	50	Zaragoza		No consta		No consta	Mujeres	3
Enero 2009	22	Huesca	Españoles	ESPAÑA	Españoles	Españoles	Hombres	3781
Enero 2009	22	Huesca	Extranjeros comunitarios (UE-27)	RESTO DEL MUNDO	Extranjeros comunitarios (UE-27)	Extranjeros comunitarios (UE-28)	Hombres	496
Enero 2009	22	Huesca	Extranjeros comunitarios (UE-27)	UNION EUROPEA	Extranjeros comunitarios (UE-27)	Extranjeros comunitarios (UE-28)	Hombres	253
Enero 2009	22	Huesca	Extranjeros no comunitarios	RESTO DEL MUNDO	Extranjeros no comunitarios	Extranjeros no comunitarios	Hombres	1386
Enero 2009	22	Huesca	Extranjeros no comunitarios	UNION EUROPEA	Extranjeros no comunitarios	Extranjeros comunitarios (UE-28)	Hombres	1
Enero 2009	22	Huesca	Españoles	ESPAÑA	Españoles	Españoles	Mujeres	3747
Enero 2009	22	Huesca	Extranjeros comunitarios (UE-27)	RESTO DEL MUNDO	Extranjeros comunitarios (UE-27)	Extranjeros comunitarios (UE-28)	Mujeres	330
Enero 2009	22	Huesca	Extranjeros comunitarios (UE-27)	UNION EUROPEA	Extranjeros comunitarios (UE-27)	Extranjeros comunitarios (UE-28)	Mujeres	147
Enero 2009	22	Huesca	Extranjeros no comunitarios	RESTO DEL MUNDO	Extranjeros no comunitarios	Extranjeros no comunitarios	Mujeres	404
Enero 2009	22	Huesca	Extranjeros no comunitarios	UNION EUROPEA	Extranjeros no comunitarios	Extranjeros comunitarios (UE-28)	Mujeres	2
Enero 2009	22	Huesca		No consta		No consta	Mujeres	1
Enero 2009	44	Teruel	Españoles	ESPAÑA	Españoles	Españoles	Hombres	2320
Enero 2009	44	Teruel	Extranjeros comunitarios (UE-27)	RESTO DEL MUNDO	Extranjeros comunitarios (UE-27)	Extranjeros comunitarios (UE-28)	Hombres	461
Enero 2009	44	Teruel	Extranjeros comunitarios (UE-27)	UNION EUROPEA	Extranjeros comunitarios (UE-27)	Extranjeros comunitarios (UE-28)	Hombres	103
Enero 2009	44	Teruel	Extranjeros no comunitarios	RESTO DEL MUNDO	Extranjeros no comunitarios	Extranjeros no comunitarios	Hombres	830
Enero 2009	44	Teruel		No consta		No consta	Hombres	1
Enero 2009	44	Teruel	Españoles	ESPAÑA	Españoles	Españoles	Mujeres	2669
Enero 2009	44	Teruel	Extranjeros comunitarios (UE-27)	RESTO DEL MUNDO	Extranjeros comunitarios (UE-27)	Extranjeros comunitarios (UE-28)	Mujeres	203
Enero 2009	44	Teruel	Extranjeros comunitarios (UE-27)	UNION EUROPEA	Extranjeros comunitarios (UE-27)	Extranjeros comunitarios (UE-28)	Mujeres	49
Enero 2009	44	Teruel	Extranjeros no comunitarios	RESTO DEL MUNDO	Extranjeros no comunitarios	Extranjeros no comunitarios	Mujeres	265
Enero 2009	44	Teruel	Extranjeros no comunitarios	UNION EUROPEA	Extranjeros no comunitarios	Extranjeros comunitarios (UE-28)	Mujeres	2
Enero 2009	50	Zaragoza	Españoles	ESPAÑA	Españoles	Españoles	Hombres	20169
Enero 2009	50	Zaragoza	Extranjeros comunitarios (UE-27)	RESTO DEL MUNDO	Extranjeros comunitarios (UE-27)	Extranjeros comunitarios (UE-28)	Hombres	3107
Enero 2009	50	Zaragoza	Extranjeros comunitarios (UE-27)	UNION EUROPEA	Extranjeros comunitarios (UE-27)	Extranjeros comunitarios (UE-28)	Hombres	674
Enero 2009	50	Zaragoza	Extranjeros no comunitarios	RESTO DEL MUNDO	Extranjeros no comunitarios	Extranjeros no comunitarios	Hombres	5831
Enero 2009	50	Zaragoza	Extranjeros no comunitarios	UNION EUROPEA	Extranjeros no comunitarios	Extranjeros comunitarios (UE-28)	Hombres	15
Enero 2009	50	Zaragoza		No consta		No consta	Hombres	2
Enero 2009	50	Zaragoza	Españoles	ESPAÑA	Españoles	Españoles	Mujeres	22156
Enero 2009	50	Zaragoza	Extranjeros comunitarios (UE-27)	RESTO DEL MUNDO	Extranjeros comunitarios (UE-27)	Extranjeros comunitarios (UE-28)	Mujeres	1342
Enero 2009	50	Zaragoza	Extranjeros comunitarios (UE-27)	UNION EUROPEA	Extranjeros comunitarios (UE-27)	Extranjeros comunitarios (UE-28)	Mujeres	337
Enero 2009	50	Zaragoza	Extranjeros no comunitarios	RESTO DEL MUNDO	Extranjeros no comunitarios	Extranjeros no comunitarios	Mujeres	2199
Enero 2009	50	Zaragoza	Extranjeros no comunitarios	UNION EUROPEA	Extranjeros no comunitarios	Extranjeros comunitarios (UE-28)	Mujeres	6
Enero 2009	50	Zaragoza		No consta		No consta	Mujeres	2
Diciembre 2008	22	Huesca	Españoles	ESPAÑA	Españoles	Españoles	Hombres	3493
Diciembre 2008	22	Huesca	Extranjeros comunitarios (UE-27)	RESTO DEL MUNDO	Extranjeros comunitarios (UE-27)	Extranjeros comunitarios (UE-28)	Hombres	448
Diciembre 2008	22	Huesca	Extranjeros comunitarios (UE-27)	UNION EUROPEA	Extranjeros comunitarios (UE-27)	Extranjeros comunitarios (UE-28)	Hombres	248
Diciembre 2008	22	Huesca	Extranjeros no comunitarios	RESTO DEL MUNDO	Extranjeros no comunitarios	Extranjeros no comunitarios	Hombres	1292
Diciembre 2008	22	Huesca	Extranjeros no comunitarios	UNION EUROPEA	Extranjeros no comunitarios	Extranjeros comunitarios (UE-28)	Hombres	1
Diciembre 2008	22	Huesca	Españoles	ESPAÑA	Españoles	Españoles	Mujeres	3386
Diciembre 2008	22	Huesca	Extranjeros comunitarios (UE-27)	RESTO DEL MUNDO	Extranjeros comunitarios (UE-27)	Extranjeros comunitarios (UE-28)	Mujeres	210
Diciembre 2008	22	Huesca	Extranjeros comunitarios (UE-27)	UNION EUROPEA	Extranjeros comunitarios (UE-27)	Extranjeros comunitarios (UE-28)	Mujeres	138
Diciembre 2008	22	Huesca	Extranjeros no comunitarios	RESTO DEL MUNDO	Extranjeros no comunitarios	Extranjeros no comunitarios	Mujeres	368
Diciembre 2008	22	Huesca	Extranjeros no comunitarios	UNION EUROPEA	Extranjeros no comunitarios	Extranjeros comunitarios (UE-28)	Mujeres	1
Diciembre 2008	22	Huesca		No consta		No consta	Mujeres	1
Diciembre 2008	44	Teruel	Españoles	ESPAÑA	Españoles	Españoles	Hombres	2055
Diciembre 2008	44	Teruel	Extranjeros comunitarios (UE-27)	RESTO DEL MUNDO	Extranjeros comunitarios (UE-27)	Extranjeros comunitarios (UE-28)	Hombres	425
Diciembre 2008	44	Teruel	Extranjeros comunitarios (UE-27)	UNION EUROPEA	Extranjeros comunitarios (UE-27)	Extranjeros comunitarios (UE-28)	Hombres	106
Diciembre 2008	44	Teruel	Extranjeros no comunitarios	RESTO DEL MUNDO	Extranjeros no comunitarios	Extranjeros no comunitarios	Hombres	778
Diciembre 2008	44	Teruel		No consta		No consta	Hombres	1
Diciembre 2008	44	Teruel	Españoles	ESPAÑA	Españoles	Españoles	Mujeres	2410
Diciembre 2008	44	Teruel	Extranjeros comunitarios (UE-27)	RESTO DEL MUNDO	Extranjeros comunitarios (UE-27)	Extranjeros comunitarios (UE-28)	Mujeres	159
Diciembre 2008	44	Teruel	Extranjeros comunitarios (UE-27)	UNION EUROPEA	Extranjeros comunitarios (UE-27)	Extranjeros comunitarios (UE-28)	Mujeres	37
Diciembre 2008	44	Teruel	Extranjeros no comunitarios	RESTO DEL MUNDO	Extranjeros no comunitarios	Extranjeros no comunitarios	Mujeres	247
Diciembre 2008	44	Teruel	Extranjeros no comunitarios	UNION EUROPEA	Extranjeros no comunitarios	Extranjeros comunitarios (UE-28)	Mujeres	1
Diciembre 2008	50	Zaragoza	Españoles	ESPAÑA	Españoles	Españoles	Hombres	18805
Diciembre 2008	50	Zaragoza	Extranjeros comunitarios (UE-27)	RESTO DEL MUNDO	Extranjeros comunitarios (UE-27)	Extranjeros comunitarios (UE-28)	Hombres	2761
Diciembre 2008	50	Zaragoza	Extranjeros comunitarios (UE-27)	UNION EUROPEA	Extranjeros comunitarios (UE-27)	Extranjeros comunitarios (UE-28)	Hombres	643
Diciembre 2008	50	Zaragoza	Extranjeros no comunitarios	RESTO DEL MUNDO	Extranjeros no comunitarios	Extranjeros no comunitarios	Hombres	5561
Diciembre 2008	50	Zaragoza	Extranjeros no comunitarios	UNION EUROPEA	Extranjeros no comunitarios	Extranjeros comunitarios (UE-28)	Hombres	11
Diciembre 2008	50	Zaragoza		No consta		No consta	Hombres	3
Diciembre 2008	50	Zaragoza	Españoles	ESPAÑA	Españoles	Españoles	Mujeres	20375
Diciembre 2008	50	Zaragoza	Extranjeros comunitarios (UE-27)	RESTO DEL MUNDO	Extranjeros comunitarios (UE-27)	Extranjeros comunitarios (UE-28)	Mujeres	1007
Diciembre 2008	50	Zaragoza	Extranjeros comunitarios (UE-27)	UNION EUROPEA	Extranjeros comunitarios (UE-27)	Extranjeros comunitarios (UE-28)	Mujeres	315
Diciembre 2008	50	Zaragoza	Extranjeros no comunitarios	RESTO DEL MUNDO	Extranjeros no comunitarios	Extranjeros no comunitarios	Mujeres	1971
Diciembre 2008	50	Zaragoza	Extranjeros no comunitarios	UNION EUROPEA	Extranjeros no comunitarios	Extranjeros comunitarios (UE-28)	Mujeres	7
Diciembre 2008	50	Zaragoza		No consta		No consta	Mujeres	2
Noviembre 2008	22	Huesca	Españoles	ESPAÑA	Españoles	Españoles	Hombres	3131
Noviembre 2008	22	Huesca	Extranjeros comunitarios (UE-27)	RESTO DEL MUNDO	Extranjeros comunitarios (UE-27)	Extranjeros comunitarios (UE-28)	Hombres	367
Noviembre 2008	22	Huesca	Extranjeros comunitarios (UE-27)	UNION EUROPEA	Extranjeros comunitarios (UE-27)	Extranjeros comunitarios (UE-28)	Hombres	222
Noviembre 2008	22	Huesca	Extranjeros no comunitarios	RESTO DEL MUNDO	Extranjeros no comunitarios	Extranjeros no comunitarios	Hombres	1141
Noviembre 2008	22	Huesca	Extranjeros no comunitarios	UNION EUROPEA	Extranjeros no comunitarios	Extranjeros comunitarios (UE-28)	Hombres	1
Noviembre 2008	22	Huesca	Españoles	ESPAÑA	Españoles	Españoles	Mujeres	3432
Noviembre 2008	22	Huesca	Extranjeros comunitarios (UE-27)	RESTO DEL MUNDO	Extranjeros comunitarios (UE-27)	Extranjeros comunitarios (UE-28)	Mujeres	205
Noviembre 2008	22	Huesca	Extranjeros comunitarios (UE-27)	UNION EUROPEA	Extranjeros comunitarios (UE-27)	Extranjeros comunitarios (UE-28)	Mujeres	132
Noviembre 2008	22	Huesca	Extranjeros no comunitarios	RESTO DEL MUNDO	Extranjeros no comunitarios	Extranjeros no comunitarios	Mujeres	385
Noviembre 2008	22	Huesca	Extranjeros no comunitarios	UNION EUROPEA	Extranjeros no comunitarios	Extranjeros comunitarios (UE-28)	Mujeres	2
Noviembre 2008	22	Huesca		No consta		No consta	Mujeres	1
Noviembre 2008	44	Teruel	Españoles	ESPAÑA	Españoles	Españoles	Hombres	1852
Noviembre 2008	44	Teruel	Extranjeros comunitarios (UE-27)	RESTO DEL MUNDO	Extranjeros comunitarios (UE-27)	Extranjeros comunitarios (UE-28)	Hombres	343
Noviembre 2008	44	Teruel	Extranjeros comunitarios (UE-27)	UNION EUROPEA	Extranjeros comunitarios (UE-27)	Extranjeros comunitarios (UE-28)	Hombres	85
Noviembre 2008	44	Teruel	Extranjeros no comunitarios	RESTO DEL MUNDO	Extranjeros no comunitarios	Extranjeros no comunitarios	Hombres	658
Noviembre 2008	44	Teruel	Extranjeros no comunitarios	UNION EUROPEA	Extranjeros no comunitarios	Extranjeros comunitarios (UE-28)	Hombres	1
Noviembre 2008	44	Teruel	Españoles	ESPAÑA	Españoles	Españoles	Mujeres	2357
Noviembre 2008	44	Teruel	Extranjeros comunitarios (UE-27)	RESTO DEL MUNDO	Extranjeros comunitarios (UE-27)	Extranjeros comunitarios (UE-28)	Mujeres	157
Noviembre 2008	44	Teruel	Extranjeros comunitarios (UE-27)	UNION EUROPEA	Extranjeros comunitarios (UE-27)	Extranjeros comunitarios (UE-28)	Mujeres	32
Noviembre 2008	44	Teruel	Extranjeros no comunitarios	RESTO DEL MUNDO	Extranjeros no comunitarios	Extranjeros no comunitarios	Mujeres	243
Noviembre 2008	44	Teruel	Extranjeros no comunitarios	UNION EUROPEA	Extranjeros no comunitarios	Extranjeros comunitarios (UE-28)	Mujeres	1
Noviembre 2008	50	Zaragoza	Españoles	ESPAÑA	Españoles	Españoles	Hombres	16881
Noviembre 2008	50	Zaragoza	Extranjeros comunitarios (UE-27)	RESTO DEL MUNDO	Extranjeros comunitarios (UE-27)	Extranjeros comunitarios (UE-28)	Hombres	2349
Noviembre 2008	50	Zaragoza	Extranjeros comunitarios (UE-27)	UNION EUROPEA	Extranjeros comunitarios (UE-27)	Extranjeros comunitarios (UE-28)	Hombres	605
Noviembre 2008	50	Zaragoza	Extranjeros no comunitarios	RESTO DEL MUNDO	Extranjeros no comunitarios	Extranjeros no comunitarios	Hombres	5011
Noviembre 2008	50	Zaragoza	Extranjeros no comunitarios	UNION EUROPEA	Extranjeros no comunitarios	Extranjeros comunitarios (UE-28)	Hombres	13
Noviembre 2008	50	Zaragoza		No consta		No consta	Hombres	4
Noviembre 2008	50	Zaragoza	Españoles	ESPAÑA	Españoles	Españoles	Mujeres	19660
Noviembre 2008	50	Zaragoza	Extranjeros comunitarios (UE-27)	RESTO DEL MUNDO	Extranjeros comunitarios (UE-27)	Extranjeros comunitarios (UE-28)	Mujeres	939
Noviembre 2008	50	Zaragoza	Extranjeros comunitarios (UE-27)	UNION EUROPEA	Extranjeros comunitarios (UE-27)	Extranjeros comunitarios (UE-28)	Mujeres	307
Noviembre 2008	50	Zaragoza	Extranjeros no comunitarios	RESTO DEL MUNDO	Extranjeros no comunitarios	Extranjeros no comunitarios	Mujeres	1914
Noviembre 2008	50	Zaragoza	Extranjeros no comunitarios	UNION EUROPEA	Extranjeros no comunitarios	Extranjeros comunitarios (UE-28)	Mujeres	8
Noviembre 2008	50	Zaragoza		No consta		No consta	Mujeres	2
Octubre 2008	22	Huesca	Españoles	ESPAÑA	Españoles	Españoles	Hombres	2957
Octubre 2008	22	Huesca	Extranjeros comunitarios (UE-27)	RESTO DEL MUNDO	Extranjeros comunitarios (UE-27)	Extranjeros comunitarios (UE-28)	Hombres	309
Octubre 2008	22	Huesca	Extranjeros comunitarios (UE-27)	UNION EUROPEA	Extranjeros comunitarios (UE-27)	Extranjeros comunitarios (UE-28)	Hombres	186
Octubre 2008	22	Huesca	Extranjeros no comunitarios	RESTO DEL MUNDO	Extranjeros no comunitarios	Extranjeros no comunitarios	Hombres	1102
Octubre 2008	22	Huesca	Extranjeros no comunitarios	UNION EUROPEA	Extranjeros no comunitarios	Extranjeros comunitarios (UE-28)	Hombres	3
Octubre 2008	22	Huesca	Españoles	ESPAÑA	Españoles	Españoles	Mujeres	3491
Octubre 2008	22	Huesca	Extranjeros comunitarios (UE-27)	RESTO DEL MUNDO	Extranjeros comunitarios (UE-27)	Extranjeros comunitarios (UE-28)	Mujeres	188
Octubre 2008	22	Huesca	Extranjeros comunitarios (UE-27)	UNION EUROPEA	Extranjeros comunitarios (UE-27)	Extranjeros comunitarios (UE-28)	Mujeres	114
Octubre 2008	22	Huesca	Extranjeros no comunitarios	RESTO DEL MUNDO	Extranjeros no comunitarios	Extranjeros no comunitarios	Mujeres	351
Octubre 2008	22	Huesca	Extranjeros no comunitarios	UNION EUROPEA	Extranjeros no comunitarios	Extranjeros comunitarios (UE-28)	Mujeres	2
Octubre 2008	44	Teruel	Españoles	ESPAÑA	Españoles	Españoles	Hombres	1746
Octubre 2008	44	Teruel	Extranjeros comunitarios (UE-27)	RESTO DEL MUNDO	Extranjeros comunitarios (UE-27)	Extranjeros comunitarios (UE-28)	Hombres	293
Octubre 2008	44	Teruel	Extranjeros comunitarios (UE-27)	UNION EUROPEA	Extranjeros comunitarios (UE-27)	Extranjeros comunitarios (UE-28)	Hombres	64
Octubre 2008	44	Teruel	Extranjeros no comunitarios	RESTO DEL MUNDO	Extranjeros no comunitarios	Extranjeros no comunitarios	Hombres	571
Octubre 2008	44	Teruel	Españoles	ESPAÑA	Españoles	Españoles	Mujeres	2313
Octubre 2008	44	Teruel	Extranjeros comunitarios (UE-27)	RESTO DEL MUNDO	Extranjeros comunitarios (UE-27)	Extranjeros comunitarios (UE-28)	Mujeres	139
Octubre 2008	44	Teruel	Extranjeros comunitarios (UE-27)	UNION EUROPEA	Extranjeros comunitarios (UE-27)	Extranjeros comunitarios (UE-28)	Mujeres	29
Octubre 2008	44	Teruel	Extranjeros no comunitarios	RESTO DEL MUNDO	Extranjeros no comunitarios	Extranjeros no comunitarios	Mujeres	207
Octubre 2008	50	Zaragoza	Españoles	ESPAÑA	Españoles	Españoles	Hombres	15548
Octubre 2008	50	Zaragoza	Extranjeros comunitarios (UE-27)	RESTO DEL MUNDO	Extranjeros comunitarios (UE-27)	Extranjeros comunitarios (UE-28)	Hombres	2049
Octubre 2008	50	Zaragoza	Extranjeros comunitarios (UE-27)	UNION EUROPEA	Extranjeros comunitarios (UE-27)	Extranjeros comunitarios (UE-28)	Hombres	527
Octubre 2008	50	Zaragoza	Extranjeros no comunitarios	RESTO DEL MUNDO	Extranjeros no comunitarios	Extranjeros no comunitarios	Hombres	4302
Octubre 2008	50	Zaragoza	Extranjeros no comunitarios	UNION EUROPEA	Extranjeros no comunitarios	Extranjeros comunitarios (UE-28)	Hombres	14
Octubre 2008	50	Zaragoza		No consta		No consta	Hombres	3
Octubre 2008	50	Zaragoza	Españoles	ESPAÑA	Españoles	Españoles	Mujeres	19054
Octubre 2008	50	Zaragoza	Extranjeros comunitarios (UE-27)	RESTO DEL MUNDO	Extranjeros comunitarios (UE-27)	Extranjeros comunitarios (UE-28)	Mujeres	797
Octubre 2008	50	Zaragoza	Extranjeros comunitarios (UE-27)	UNION EUROPEA	Extranjeros comunitarios (UE-27)	Extranjeros comunitarios (UE-28)	Mujeres	286
Octubre 2008	50	Zaragoza	Extranjeros no comunitarios	RESTO DEL MUNDO	Extranjeros no comunitarios	Extranjeros no comunitarios	Mujeres	1672
Octubre 2008	50	Zaragoza	Extranjeros no comunitarios	UNION EUROPEA	Extranjeros no comunitarios	Extranjeros comunitarios (UE-28)	Mujeres	10
Octubre 2008	50	Zaragoza		No consta		No consta	Mujeres	4
Septiembre 2008	22	Huesca	Españoles	ESPAÑA	Españoles	Españoles	Hombres	2639
Septiembre 2008	22	Huesca	Extranjeros comunitarios (UE-27)	RESTO DEL MUNDO	Extranjeros comunitarios (UE-27)	Extranjeros comunitarios (UE-28)	Hombres	246
Septiembre 2008	22	Huesca	Extranjeros comunitarios (UE-27)	UNION EUROPEA	Extranjeros comunitarios (UE-27)	Extranjeros comunitarios (UE-28)	Hombres	167
Septiembre 2008	22	Huesca	Extranjeros no comunitarios	RESTO DEL MUNDO	Extranjeros no comunitarios	Extranjeros no comunitarios	Hombres	977
Septiembre 2008	22	Huesca	Extranjeros no comunitarios	UNION EUROPEA	Extranjeros no comunitarios	Extranjeros comunitarios (UE-28)	Hombres	3
Septiembre 2008	22	Huesca	Españoles	ESPAÑA	Españoles	Españoles	Mujeres	3126
Septiembre 2008	22	Huesca	Extranjeros comunitarios (UE-27)	RESTO DEL MUNDO	Extranjeros comunitarios (UE-27)	Extranjeros comunitarios (UE-28)	Mujeres	140
Septiembre 2008	22	Huesca	Extranjeros comunitarios (UE-27)	UNION EUROPEA	Extranjeros comunitarios (UE-27)	Extranjeros comunitarios (UE-28)	Mujeres	94
Septiembre 2008	22	Huesca	Extranjeros no comunitarios	RESTO DEL MUNDO	Extranjeros no comunitarios	Extranjeros no comunitarios	Mujeres	307
Septiembre 2008	22	Huesca	Extranjeros no comunitarios	UNION EUROPEA	Extranjeros no comunitarios	Extranjeros comunitarios (UE-28)	Mujeres	2
Septiembre 2008	44	Teruel	Españoles	ESPAÑA	Españoles	Españoles	Hombres	1525
Septiembre 2008	44	Teruel	Extranjeros comunitarios (UE-27)	RESTO DEL MUNDO	Extranjeros comunitarios (UE-27)	Extranjeros comunitarios (UE-28)	Hombres	276
Septiembre 2008	44	Teruel	Extranjeros comunitarios (UE-27)	UNION EUROPEA	Extranjeros comunitarios (UE-27)	Extranjeros comunitarios (UE-28)	Hombres	60
Septiembre 2008	44	Teruel	Extranjeros no comunitarios	RESTO DEL MUNDO	Extranjeros no comunitarios	Extranjeros no comunitarios	Hombres	491
Septiembre 2008	44	Teruel	Españoles	ESPAÑA	Españoles	Españoles	Mujeres	2037
Septiembre 2008	44	Teruel	Extranjeros comunitarios (UE-27)	RESTO DEL MUNDO	Extranjeros comunitarios (UE-27)	Extranjeros comunitarios (UE-28)	Mujeres	116
Septiembre 2008	44	Teruel	Extranjeros comunitarios (UE-27)	UNION EUROPEA	Extranjeros comunitarios (UE-27)	Extranjeros comunitarios (UE-28)	Mujeres	20
Septiembre 2008	44	Teruel	Extranjeros no comunitarios	RESTO DEL MUNDO	Extranjeros no comunitarios	Extranjeros no comunitarios	Mujeres	160
Septiembre 2008	44	Teruel	Extranjeros no comunitarios	UNION EUROPEA	Extranjeros no comunitarios	Extranjeros comunitarios (UE-28)	Mujeres	1
Septiembre 2008	50	Zaragoza	Españoles	ESPAÑA	Españoles	Españoles	Hombres	13168
Septiembre 2008	50	Zaragoza	Extranjeros comunitarios (UE-27)	RESTO DEL MUNDO	Extranjeros comunitarios (UE-27)	Extranjeros comunitarios (UE-28)	Hombres	1776
Septiembre 2008	50	Zaragoza	Extranjeros comunitarios (UE-27)	UNION EUROPEA	Extranjeros comunitarios (UE-27)	Extranjeros comunitarios (UE-28)	Hombres	471
Septiembre 2008	50	Zaragoza	Extranjeros no comunitarios	RESTO DEL MUNDO	Extranjeros no comunitarios	Extranjeros no comunitarios	Hombres	3700
Septiembre 2008	50	Zaragoza	Extranjeros no comunitarios	UNION EUROPEA	Extranjeros no comunitarios	Extranjeros comunitarios (UE-28)	Hombres	17
Septiembre 2008	50	Zaragoza		No consta		No consta	Hombres	1
Septiembre 2008	50	Zaragoza	Españoles	ESPAÑA	Españoles	Españoles	Mujeres	17052
Septiembre 2008	50	Zaragoza	Extranjeros comunitarios (UE-27)	RESTO DEL MUNDO	Extranjeros comunitarios (UE-27)	Extranjeros comunitarios (UE-28)	Mujeres	657
Septiembre 2008	50	Zaragoza	Extranjeros comunitarios (UE-27)	UNION EUROPEA	Extranjeros comunitarios (UE-27)	Extranjeros comunitarios (UE-28)	Mujeres	222
Septiembre 2008	50	Zaragoza	Extranjeros no comunitarios	RESTO DEL MUNDO	Extranjeros no comunitarios	Extranjeros no comunitarios	Mujeres	1353
Septiembre 2008	50	Zaragoza	Extranjeros no comunitarios	UNION EUROPEA	Extranjeros no comunitarios	Extranjeros comunitarios (UE-28)	Mujeres	9
Septiembre 2008	50	Zaragoza		No consta		No consta	Mujeres	5
Agosto 2008	22	Huesca	Españoles	ESPAÑA	Españoles	Españoles	Hombres	2386
Agosto 2008	22	Huesca	Extranjeros comunitarios (UE-27)	RESTO DEL MUNDO	Extranjeros comunitarios (UE-27)	Extranjeros comunitarios (UE-28)	Hombres	194
Agosto 2008	22	Huesca	Extranjeros comunitarios (UE-27)	UNION EUROPEA	Extranjeros comunitarios (UE-27)	Extranjeros comunitarios (UE-28)	Hombres	147
Agosto 2008	22	Huesca	Extranjeros no comunitarios	RESTO DEL MUNDO	Extranjeros no comunitarios	Extranjeros no comunitarios	Hombres	789
Agosto 2008	22	Huesca	Extranjeros no comunitarios	UNION EUROPEA	Extranjeros no comunitarios	Extranjeros comunitarios (UE-28)	Hombres	3
Agosto 2008	22	Huesca	Españoles	ESPAÑA	Españoles	Españoles	Mujeres	2901
Agosto 2008	22	Huesca	Extranjeros comunitarios (UE-27)	RESTO DEL MUNDO	Extranjeros comunitarios (UE-27)	Extranjeros comunitarios (UE-28)	Mujeres	112
Agosto 2008	22	Huesca	Extranjeros comunitarios (UE-27)	UNION EUROPEA	Extranjeros comunitarios (UE-27)	Extranjeros comunitarios (UE-28)	Mujeres	70
Agosto 2008	22	Huesca	Extranjeros no comunitarios	RESTO DEL MUNDO	Extranjeros no comunitarios	Extranjeros no comunitarios	Mujeres	246
Agosto 2008	22	Huesca	Extranjeros no comunitarios	UNION EUROPEA	Extranjeros no comunitarios	Extranjeros comunitarios (UE-28)	Mujeres	2
Agosto 2008	44	Teruel	Españoles	ESPAÑA	Españoles	Españoles	Hombres	1456
Agosto 2008	44	Teruel	Extranjeros comunitarios (UE-27)	RESTO DEL MUNDO	Extranjeros comunitarios (UE-27)	Extranjeros comunitarios (UE-28)	Hombres	248
Agosto 2008	44	Teruel	Extranjeros comunitarios (UE-27)	UNION EUROPEA	Extranjeros comunitarios (UE-27)	Extranjeros comunitarios (UE-28)	Hombres	66
Agosto 2008	44	Teruel	Extranjeros no comunitarios	RESTO DEL MUNDO	Extranjeros no comunitarios	Extranjeros no comunitarios	Hombres	456
Agosto 2008	44	Teruel	Españoles	ESPAÑA	Españoles	Españoles	Mujeres	1853
Agosto 2008	44	Teruel	Extranjeros comunitarios (UE-27)	RESTO DEL MUNDO	Extranjeros comunitarios (UE-27)	Extranjeros comunitarios (UE-28)	Mujeres	101
Agosto 2008	44	Teruel	Extranjeros comunitarios (UE-27)	UNION EUROPEA	Extranjeros comunitarios (UE-27)	Extranjeros comunitarios (UE-28)	Mujeres	21
Agosto 2008	44	Teruel	Extranjeros no comunitarios	RESTO DEL MUNDO	Extranjeros no comunitarios	Extranjeros no comunitarios	Mujeres	138
Agosto 2008	44	Teruel	Extranjeros no comunitarios	UNION EUROPEA	Extranjeros no comunitarios	Extranjeros comunitarios (UE-28)	Mujeres	2
Agosto 2008	50	Zaragoza	Españoles	ESPAÑA	Españoles	Españoles	Hombres	11949
Agosto 2008	50	Zaragoza	Extranjeros comunitarios (UE-27)	RESTO DEL MUNDO	Extranjeros comunitarios (UE-27)	Extranjeros comunitarios (UE-28)	Hombres	1597
Agosto 2008	50	Zaragoza	Extranjeros comunitarios (UE-27)	UNION EUROPEA	Extranjeros comunitarios (UE-27)	Extranjeros comunitarios (UE-28)	Hombres	419
Agosto 2008	50	Zaragoza	Extranjeros no comunitarios	RESTO DEL MUNDO	Extranjeros no comunitarios	Extranjeros no comunitarios	Hombres	3288
Agosto 2008	50	Zaragoza	Extranjeros no comunitarios	UNION EUROPEA	Extranjeros no comunitarios	Extranjeros comunitarios (UE-28)	Hombres	18
Agosto 2008	50	Zaragoza		No consta		No consta	Hombres	1
Agosto 2008	50	Zaragoza	Españoles	ESPAÑA	Españoles	Españoles	Mujeres	15927
Agosto 2008	50	Zaragoza	Extranjeros comunitarios (UE-27)	RESTO DEL MUNDO	Extranjeros comunitarios (UE-27)	Extranjeros comunitarios (UE-28)	Mujeres	584
Agosto 2008	50	Zaragoza	Extranjeros comunitarios (UE-27)	UNION EUROPEA	Extranjeros comunitarios (UE-27)	Extranjeros comunitarios (UE-28)	Mujeres	182
Agosto 2008	50	Zaragoza	Extranjeros no comunitarios	RESTO DEL MUNDO	Extranjeros no comunitarios	Extranjeros no comunitarios	Mujeres	1007
Agosto 2008	50	Zaragoza	Extranjeros no comunitarios	UNION EUROPEA	Extranjeros no comunitarios	Extranjeros comunitarios (UE-28)	Mujeres	17
Agosto 2008	50	Zaragoza		No consta		No consta	Mujeres	5
Julio 2008	22	Huesca	Españoles	ESPAÑA	Españoles	Españoles	Hombres	2249
Julio 2008	22	Huesca	Extranjeros comunitarios (UE-27)	RESTO DEL MUNDO	Extranjeros comunitarios (UE-27)	Extranjeros comunitarios (UE-28)	Hombres	160
Julio 2008	22	Huesca	Extranjeros comunitarios (UE-27)	UNION EUROPEA	Extranjeros comunitarios (UE-27)	Extranjeros comunitarios (UE-28)	Hombres	142
Julio 2008	22	Huesca	Extranjeros no comunitarios	RESTO DEL MUNDO	Extranjeros no comunitarios	Extranjeros no comunitarios	Hombres	771
Julio 2008	22	Huesca	Extranjeros no comunitarios	UNION EUROPEA	Extranjeros no comunitarios	Extranjeros comunitarios (UE-28)	Hombres	4
Julio 2008	22	Huesca	Españoles	ESPAÑA	Españoles	Españoles	Mujeres	2795
Julio 2008	22	Huesca	Extranjeros comunitarios (UE-27)	RESTO DEL MUNDO	Extranjeros comunitarios (UE-27)	Extranjeros comunitarios (UE-28)	Mujeres	95
Julio 2008	22	Huesca	Extranjeros comunitarios (UE-27)	UNION EUROPEA	Extranjeros comunitarios (UE-27)	Extranjeros comunitarios (UE-28)	Mujeres	67
Julio 2008	22	Huesca	Extranjeros no comunitarios	RESTO DEL MUNDO	Extranjeros no comunitarios	Extranjeros no comunitarios	Mujeres	232
Julio 2008	22	Huesca	Extranjeros no comunitarios	UNION EUROPEA	Extranjeros no comunitarios	Extranjeros comunitarios (UE-28)	Mujeres	2
Julio 2008	44	Teruel	Españoles	ESPAÑA	Españoles	Españoles	Hombres	1346
Julio 2008	44	Teruel	Extranjeros comunitarios (UE-27)	RESTO DEL MUNDO	Extranjeros comunitarios (UE-27)	Extranjeros comunitarios (UE-28)	Hombres	220
Julio 2008	44	Teruel	Extranjeros comunitarios (UE-27)	UNION EUROPEA	Extranjeros comunitarios (UE-27)	Extranjeros comunitarios (UE-28)	Hombres	67
Julio 2008	44	Teruel	Extranjeros no comunitarios	RESTO DEL MUNDO	Extranjeros no comunitarios	Extranjeros no comunitarios	Hombres	400
Julio 2008	44	Teruel	Españoles	ESPAÑA	Españoles	Españoles	Mujeres	1843
Julio 2008	44	Teruel	Extranjeros comunitarios (UE-27)	RESTO DEL MUNDO	Extranjeros comunitarios (UE-27)	Extranjeros comunitarios (UE-28)	Mujeres	105
Julio 2008	44	Teruel	Extranjeros comunitarios (UE-27)	UNION EUROPEA	Extranjeros comunitarios (UE-27)	Extranjeros comunitarios (UE-28)	Mujeres	23
Julio 2008	44	Teruel	Extranjeros no comunitarios	RESTO DEL MUNDO	Extranjeros no comunitarios	Extranjeros no comunitarios	Mujeres	149
Julio 2008	44	Teruel	Extranjeros no comunitarios	UNION EUROPEA	Extranjeros no comunitarios	Extranjeros comunitarios (UE-28)	Mujeres	2
Julio 2008	50	Zaragoza	Españoles	ESPAÑA	Españoles	Españoles	Hombres	11071
Julio 2008	50	Zaragoza	Extranjeros comunitarios (UE-27)	RESTO DEL MUNDO	Extranjeros comunitarios (UE-27)	Extranjeros comunitarios (UE-28)	Hombres	1395
Julio 2008	50	Zaragoza	Extranjeros comunitarios (UE-27)	UNION EUROPEA	Extranjeros comunitarios (UE-27)	Extranjeros comunitarios (UE-28)	Hombres	408
Julio 2008	50	Zaragoza	Extranjeros no comunitarios	RESTO DEL MUNDO	Extranjeros no comunitarios	Extranjeros no comunitarios	Hombres	2993
Julio 2008	50	Zaragoza	Extranjeros no comunitarios	UNION EUROPEA	Extranjeros no comunitarios	Extranjeros comunitarios (UE-28)	Hombres	18
Julio 2008	50	Zaragoza	Españoles	ESPAÑA	Españoles	Españoles	Mujeres	15428
Julio 2008	50	Zaragoza	Extranjeros comunitarios (UE-27)	RESTO DEL MUNDO	Extranjeros comunitarios (UE-27)	Extranjeros comunitarios (UE-28)	Mujeres	560
Julio 2008	50	Zaragoza	Extranjeros comunitarios (UE-27)	UNION EUROPEA	Extranjeros comunitarios (UE-27)	Extranjeros comunitarios (UE-28)	Mujeres	179
Julio 2008	50	Zaragoza	Extranjeros no comunitarios	RESTO DEL MUNDO	Extranjeros no comunitarios	Extranjeros no comunitarios	Mujeres	1041
Julio 2008	50	Zaragoza	Extranjeros no comunitarios	UNION EUROPEA	Extranjeros no comunitarios	Extranjeros comunitarios (UE-28)	Mujeres	16
Julio 2008	50	Zaragoza		No consta		No consta	Mujeres	6
Junio 2008	22	Huesca	Españoles	ESPAÑA	Españoles	Españoles	Hombres	2189
Junio 2008	22	Huesca	Extranjeros comunitarios (UE-27)	RESTO DEL MUNDO	Extranjeros comunitarios (UE-27)	Extranjeros comunitarios (UE-28)	Hombres	145
Junio 2008	22	Huesca	Extranjeros comunitarios (UE-27)	UNION EUROPEA	Extranjeros comunitarios (UE-27)	Extranjeros comunitarios (UE-28)	Hombres	103
Junio 2008	22	Huesca	Extranjeros no comunitarios	RESTO DEL MUNDO	Extranjeros no comunitarios	Extranjeros no comunitarios	Hombres	703
Junio 2008	22	Huesca	Extranjeros no comunitarios	UNION EUROPEA	Extranjeros no comunitarios	Extranjeros comunitarios (UE-28)	Hombres	4
Junio 2008	22	Huesca	Españoles	ESPAÑA	Españoles	Españoles	Mujeres	2798
Junio 2008	22	Huesca	Extranjeros comunitarios (UE-27)	RESTO DEL MUNDO	Extranjeros comunitarios (UE-27)	Extranjeros comunitarios (UE-28)	Mujeres	99
Junio 2008	22	Huesca	Extranjeros comunitarios (UE-27)	UNION EUROPEA	Extranjeros comunitarios (UE-27)	Extranjeros comunitarios (UE-28)	Mujeres	67
Junio 2008	22	Huesca	Extranjeros no comunitarios	RESTO DEL MUNDO	Extranjeros no comunitarios	Extranjeros no comunitarios	Mujeres	259
Junio 2008	22	Huesca	Extranjeros no comunitarios	UNION EUROPEA	Extranjeros no comunitarios	Extranjeros comunitarios (UE-28)	Mujeres	2
Junio 2008	44	Teruel	Españoles	ESPAÑA	Españoles	Españoles	Hombres	1302
Junio 2008	44	Teruel	Extranjeros comunitarios (UE-27)	RESTO DEL MUNDO	Extranjeros comunitarios (UE-27)	Extranjeros comunitarios (UE-28)	Hombres	170
Junio 2008	44	Teruel	Extranjeros comunitarios (UE-27)	UNION EUROPEA	Extranjeros comunitarios (UE-27)	Extranjeros comunitarios (UE-28)	Hombres	64
Junio 2008	44	Teruel	Extranjeros no comunitarios	RESTO DEL MUNDO	Extranjeros no comunitarios	Extranjeros no comunitarios	Hombres	351
Junio 2008	44	Teruel	Españoles	ESPAÑA	Españoles	Españoles	Mujeres	1991
Junio 2008	44	Teruel	Extranjeros comunitarios (UE-27)	RESTO DEL MUNDO	Extranjeros comunitarios (UE-27)	Extranjeros comunitarios (UE-28)	Mujeres	113
Junio 2008	44	Teruel	Extranjeros comunitarios (UE-27)	UNION EUROPEA	Extranjeros comunitarios (UE-27)	Extranjeros comunitarios (UE-28)	Mujeres	25
Junio 2008	44	Teruel	Extranjeros no comunitarios	RESTO DEL MUNDO	Extranjeros no comunitarios	Extranjeros no comunitarios	Mujeres	160
Junio 2008	44	Teruel	Extranjeros no comunitarios	UNION EUROPEA	Extranjeros no comunitarios	Extranjeros comunitarios (UE-28)	Mujeres	2
Junio 2008	50	Zaragoza	Españoles	ESPAÑA	Españoles	Españoles	Hombres	10198
Junio 2008	50	Zaragoza	Extranjeros comunitarios (UE-27)	RESTO DEL MUNDO	Extranjeros comunitarios (UE-27)	Extranjeros comunitarios (UE-28)	Hombres	1133
Junio 2008	50	Zaragoza	Extranjeros comunitarios (UE-27)	UNION EUROPEA	Extranjeros comunitarios (UE-27)	Extranjeros comunitarios (UE-28)	Hombres	319
Junio 2008	50	Zaragoza	Extranjeros no comunitarios	RESTO DEL MUNDO	Extranjeros no comunitarios	Extranjeros no comunitarios	Hombres	2606
Junio 2008	50	Zaragoza	Extranjeros no comunitarios	UNION EUROPEA	Extranjeros no comunitarios	Extranjeros comunitarios (UE-28)	Hombres	8
Junio 2008	50	Zaragoza		No consta		No consta	Hombres	2
Junio 2008	50	Zaragoza	Españoles	ESPAÑA	Españoles	Españoles	Mujeres	15141
Junio 2008	50	Zaragoza	Extranjeros comunitarios (UE-27)	RESTO DEL MUNDO	Extranjeros comunitarios (UE-27)	Extranjeros comunitarios (UE-28)	Mujeres	531
Junio 2008	50	Zaragoza	Extranjeros comunitarios (UE-27)	UNION EUROPEA	Extranjeros comunitarios (UE-27)	Extranjeros comunitarios (UE-28)	Mujeres	174
Junio 2008	50	Zaragoza	Extranjeros no comunitarios	RESTO DEL MUNDO	Extranjeros no comunitarios	Extranjeros no comunitarios	Mujeres	1013
Junio 2008	50	Zaragoza	Extranjeros no comunitarios	UNION EUROPEA	Extranjeros no comunitarios	Extranjeros comunitarios (UE-28)	Mujeres	8
Junio 2008	50	Zaragoza		No consta		No consta	Mujeres	7
Mayo 2008	22	Huesca	Españoles	ESPAÑA	Españoles	Españoles	Hombres	2151
Mayo 2008	22	Huesca	Extranjeros comunitarios (UE-27)	RESTO DEL MUNDO	Extranjeros comunitarios (UE-27)	Extranjeros comunitarios (UE-28)	Hombres	128
Mayo 2008	22	Huesca	Extranjeros comunitarios (UE-27)	UNION EUROPEA	Extranjeros comunitarios (UE-27)	Extranjeros comunitarios (UE-28)	Hombres	131
Mayo 2008	22	Huesca	Extranjeros no comunitarios	RESTO DEL MUNDO	Extranjeros no comunitarios	Extranjeros no comunitarios	Hombres	669
Mayo 2008	22	Huesca	Extranjeros no comunitarios	UNION EUROPEA	Extranjeros no comunitarios	Extranjeros comunitarios (UE-28)	Hombres	5
Mayo 2008	22	Huesca	Españoles	ESPAÑA	Españoles	Españoles	Mujeres	2888
Mayo 2008	22	Huesca	Extranjeros comunitarios (UE-27)	RESTO DEL MUNDO	Extranjeros comunitarios (UE-27)	Extranjeros comunitarios (UE-28)	Mujeres	111
Mayo 2008	22	Huesca	Extranjeros comunitarios (UE-27)	UNION EUROPEA	Extranjeros comunitarios (UE-27)	Extranjeros comunitarios (UE-28)	Mujeres	84
Mayo 2008	22	Huesca	Extranjeros no comunitarios	RESTO DEL MUNDO	Extranjeros no comunitarios	Extranjeros no comunitarios	Mujeres	291
Mayo 2008	22	Huesca	Extranjeros no comunitarios	UNION EUROPEA	Extranjeros no comunitarios	Extranjeros comunitarios (UE-28)	Mujeres	2
Mayo 2008	22	Huesca		No consta		No consta	Mujeres	1
Mayo 2008	44	Teruel	Españoles	ESPAÑA	Españoles	Españoles	Hombres	1218
Mayo 2008	44	Teruel	Extranjeros comunitarios (UE-27)	RESTO DEL MUNDO	Extranjeros comunitarios (UE-27)	Extranjeros comunitarios (UE-28)	Hombres	115
Mayo 2008	44	Teruel	Extranjeros comunitarios (UE-27)	UNION EUROPEA	Extranjeros comunitarios (UE-27)	Extranjeros comunitarios (UE-28)	Hombres	43
Mayo 2008	44	Teruel	Extranjeros no comunitarios	RESTO DEL MUNDO	Extranjeros no comunitarios	Extranjeros no comunitarios	Hombres	317
Mayo 2008	44	Teruel	Españoles	ESPAÑA	Españoles	Españoles	Mujeres	2110
Mayo 2008	44	Teruel	Extranjeros comunitarios (UE-27)	RESTO DEL MUNDO	Extranjeros comunitarios (UE-27)	Extranjeros comunitarios (UE-28)	Mujeres	125
Mayo 2008	44	Teruel	Extranjeros comunitarios (UE-27)	UNION EUROPEA	Extranjeros comunitarios (UE-27)	Extranjeros comunitarios (UE-28)	Mujeres	26
Mayo 2008	44	Teruel	Extranjeros no comunitarios	RESTO DEL MUNDO	Extranjeros no comunitarios	Extranjeros no comunitarios	Mujeres	171
Mayo 2008	44	Teruel	Extranjeros no comunitarios	UNION EUROPEA	Extranjeros no comunitarios	Extranjeros comunitarios (UE-28)	Mujeres	2
Mayo 2008	50	Zaragoza	Españoles	ESPAÑA	Españoles	Españoles	Hombres	9767
Mayo 2008	50	Zaragoza	Extranjeros comunitarios (UE-27)	RESTO DEL MUNDO	Extranjeros comunitarios (UE-27)	Extranjeros comunitarios (UE-28)	Hombres	898
Mayo 2008	50	Zaragoza	Extranjeros comunitarios (UE-27)	UNION EUROPEA	Extranjeros comunitarios (UE-27)	Extranjeros comunitarios (UE-28)	Hombres	239
Mayo 2008	50	Zaragoza	Extranjeros no comunitarios	RESTO DEL MUNDO	Extranjeros no comunitarios	Extranjeros no comunitarios	Hombres	2195
Mayo 2008	50	Zaragoza	Extranjeros no comunitarios	UNION EUROPEA	Extranjeros no comunitarios	Extranjeros comunitarios (UE-28)	Hombres	10
Mayo 2008	50	Zaragoza		No consta		No consta	Hombres	1
Mayo 2008	50	Zaragoza	Españoles	ESPAÑA	Españoles	Españoles	Mujeres	15298
Mayo 2008	50	Zaragoza	Extranjeros comunitarios (UE-27)	RESTO DEL MUNDO	Extranjeros comunitarios (UE-27)	Extranjeros comunitarios (UE-28)	Mujeres	537
Mayo 2008	50	Zaragoza	Extranjeros comunitarios (UE-27)	UNION EUROPEA	Extranjeros comunitarios (UE-27)	Extranjeros comunitarios (UE-28)	Mujeres	175
Mayo 2008	50	Zaragoza	Extranjeros no comunitarios	RESTO DEL MUNDO	Extranjeros no comunitarios	Extranjeros no comunitarios	Mujeres	1162
Mayo 2008	50	Zaragoza	Extranjeros no comunitarios	UNION EUROPEA	Extranjeros no comunitarios	Extranjeros comunitarios (UE-28)	Mujeres	5
Mayo 2008	50	Zaragoza		No consta		No consta	Mujeres	6
Abril 2008	22	Huesca	Españoles	ESPAÑA	Españoles	Españoles	Hombres	2127
Abril 2008	22	Huesca	Extranjeros comunitarios (UE-27)	RESTO DEL MUNDO	Extranjeros comunitarios (UE-27)	Extranjeros comunitarios (UE-28)	Hombres	129
Abril 2008	22	Huesca	Extranjeros comunitarios (UE-27)	UNION EUROPEA	Extranjeros comunitarios (UE-27)	Extranjeros comunitarios (UE-28)	Hombres	128
Abril 2008	22	Huesca	Extranjeros no comunitarios	RESTO DEL MUNDO	Extranjeros no comunitarios	Extranjeros no comunitarios	Hombres	763
Abril 2008	22	Huesca	Extranjeros no comunitarios	UNION EUROPEA	Extranjeros no comunitarios	Extranjeros comunitarios (UE-28)	Hombres	3
Abril 2008	22	Huesca	Españoles	ESPAÑA	Españoles	Españoles	Mujeres	2977
Abril 2008	22	Huesca	Extranjeros comunitarios (UE-27)	RESTO DEL MUNDO	Extranjeros comunitarios (UE-27)	Extranjeros comunitarios (UE-28)	Mujeres	122
Abril 2008	22	Huesca	Extranjeros comunitarios (UE-27)	UNION EUROPEA	Extranjeros comunitarios (UE-27)	Extranjeros comunitarios (UE-28)	Mujeres	88
Abril 2008	22	Huesca	Extranjeros no comunitarios	RESTO DEL MUNDO	Extranjeros no comunitarios	Extranjeros no comunitarios	Mujeres	309
Abril 2008	22	Huesca	Extranjeros no comunitarios	UNION EUROPEA	Extranjeros no comunitarios	Extranjeros comunitarios (UE-28)	Mujeres	1
Abril 2008	44	Teruel	Españoles	ESPAÑA	Españoles	Españoles	Hombres	1235
Abril 2008	44	Teruel	Extranjeros comunitarios (UE-27)	RESTO DEL MUNDO	Extranjeros comunitarios (UE-27)	Extranjeros comunitarios (UE-28)	Hombres	101
Abril 2008	44	Teruel	Extranjeros comunitarios (UE-27)	UNION EUROPEA	Extranjeros comunitarios (UE-27)	Extranjeros comunitarios (UE-28)	Hombres	37
Abril 2008	44	Teruel	Extranjeros no comunitarios	RESTO DEL MUNDO	Extranjeros no comunitarios	Extranjeros no comunitarios	Hombres	373
Abril 2008	44	Teruel	Españoles	ESPAÑA	Españoles	Españoles	Mujeres	2153
Abril 2008	44	Teruel	Extranjeros comunitarios (UE-27)	RESTO DEL MUNDO	Extranjeros comunitarios (UE-27)	Extranjeros comunitarios (UE-28)	Mujeres	130
Abril 2008	44	Teruel	Extranjeros comunitarios (UE-27)	UNION EUROPEA	Extranjeros comunitarios (UE-27)	Extranjeros comunitarios (UE-28)	Mujeres	28
Abril 2008	44	Teruel	Extranjeros no comunitarios	RESTO DEL MUNDO	Extranjeros no comunitarios	Extranjeros no comunitarios	Mujeres	179
Abril 2008	44	Teruel	Extranjeros no comunitarios	UNION EUROPEA	Extranjeros no comunitarios	Extranjeros comunitarios (UE-28)	Mujeres	1
Abril 2008	50	Zaragoza	Españoles	ESPAÑA	Españoles	Españoles	Hombres	9898
Abril 2008	50	Zaragoza	Extranjeros comunitarios (UE-27)	RESTO DEL MUNDO	Extranjeros comunitarios (UE-27)	Extranjeros comunitarios (UE-28)	Hombres	775
Abril 2008	50	Zaragoza	Extranjeros comunitarios (UE-27)	UNION EUROPEA	Extranjeros comunitarios (UE-27)	Extranjeros comunitarios (UE-28)	Hombres	233
Abril 2008	50	Zaragoza	Extranjeros no comunitarios	RESTO DEL MUNDO	Extranjeros no comunitarios	Extranjeros no comunitarios	Hombres	2293
Abril 2008	50	Zaragoza	Extranjeros no comunitarios	UNION EUROPEA	Extranjeros no comunitarios	Extranjeros comunitarios (UE-28)	Hombres	5
Abril 2008	50	Zaragoza		No consta		No consta	Hombres	2
Abril 2008	50	Zaragoza	Españoles	ESPAÑA	Españoles	Españoles	Mujeres	16245
Abril 2008	50	Zaragoza	Extranjeros comunitarios (UE-27)	RESTO DEL MUNDO	Extranjeros comunitarios (UE-27)	Extranjeros comunitarios (UE-28)	Mujeres	572
Abril 2008	50	Zaragoza	Extranjeros comunitarios (UE-27)	UNION EUROPEA	Extranjeros comunitarios (UE-27)	Extranjeros comunitarios (UE-28)	Mujeres	198
Abril 2008	50	Zaragoza	Extranjeros no comunitarios	RESTO DEL MUNDO	Extranjeros no comunitarios	Extranjeros no comunitarios	Mujeres	1289
Abril 2008	50	Zaragoza	Extranjeros no comunitarios	UNION EUROPEA	Extranjeros no comunitarios	Extranjeros comunitarios (UE-28)	Mujeres	4
Abril 2008	50	Zaragoza		No consta		No consta	Mujeres	4
Marzo 2008	22	Huesca	Españoles	ESPAÑA	Españoles	Españoles	Hombres	2026
Marzo 2008	22	Huesca	Extranjeros comunitarios (UE-27)	RESTO DEL MUNDO	Extranjeros comunitarios (UE-27)	Extranjeros comunitarios (UE-28)	Hombres	118
Marzo 2008	22	Huesca	Extranjeros comunitarios (UE-27)	UNION EUROPEA	Extranjeros comunitarios (UE-27)	Extranjeros comunitarios (UE-28)	Hombres	99
Marzo 2008	22	Huesca	Extranjeros no comunitarios	RESTO DEL MUNDO	Extranjeros no comunitarios	Extranjeros no comunitarios	Hombres	751
Marzo 2008	22	Huesca	Extranjeros no comunitarios	UNION EUROPEA	Extranjeros no comunitarios	Extranjeros comunitarios (UE-28)	Hombres	3
Marzo 2008	22	Huesca	Españoles	ESPAÑA	Españoles	Españoles	Mujeres	3015
Marzo 2008	22	Huesca	Extranjeros comunitarios (UE-27)	RESTO DEL MUNDO	Extranjeros comunitarios (UE-27)	Extranjeros comunitarios (UE-28)	Mujeres	114
Marzo 2008	22	Huesca	Extranjeros comunitarios (UE-27)	UNION EUROPEA	Extranjeros comunitarios (UE-27)	Extranjeros comunitarios (UE-28)	Mujeres	87
Marzo 2008	22	Huesca	Extranjeros no comunitarios	RESTO DEL MUNDO	Extranjeros no comunitarios	Extranjeros no comunitarios	Mujeres	279
Marzo 2008	22	Huesca	Extranjeros no comunitarios	UNION EUROPEA	Extranjeros no comunitarios	Extranjeros comunitarios (UE-28)	Mujeres	1
Marzo 2008	44	Teruel	Españoles	ESPAÑA	Españoles	Españoles	Hombres	1180
Marzo 2008	44	Teruel	Extranjeros comunitarios (UE-27)	RESTO DEL MUNDO	Extranjeros comunitarios (UE-27)	Extranjeros comunitarios (UE-28)	Hombres	96
Marzo 2008	44	Teruel	Extranjeros comunitarios (UE-27)	UNION EUROPEA	Extranjeros comunitarios (UE-27)	Extranjeros comunitarios (UE-28)	Hombres	35
Marzo 2008	44	Teruel	Extranjeros no comunitarios	RESTO DEL MUNDO	Extranjeros no comunitarios	Extranjeros no comunitarios	Hombres	389
Marzo 2008	44	Teruel	Españoles	ESPAÑA	Españoles	Españoles	Mujeres	2112
Marzo 2008	44	Teruel	Extranjeros comunitarios (UE-27)	RESTO DEL MUNDO	Extranjeros comunitarios (UE-27)	Extranjeros comunitarios (UE-28)	Mujeres	128
Marzo 2008	44	Teruel	Extranjeros comunitarios (UE-27)	UNION EUROPEA	Extranjeros comunitarios (UE-27)	Extranjeros comunitarios (UE-28)	Mujeres	33
Marzo 2008	44	Teruel	Extranjeros no comunitarios	RESTO DEL MUNDO	Extranjeros no comunitarios	Extranjeros no comunitarios	Mujeres	189
Marzo 2008	44	Teruel	Extranjeros no comunitarios	UNION EUROPEA	Extranjeros no comunitarios	Extranjeros comunitarios (UE-28)	Mujeres	2
Marzo 2008	50	Zaragoza	Españoles	ESPAÑA	Españoles	Españoles	Hombres	9650
Marzo 2008	50	Zaragoza	Extranjeros comunitarios (UE-27)	RESTO DEL MUNDO	Extranjeros comunitarios (UE-27)	Extranjeros comunitarios (UE-28)	Hombres	641
Marzo 2008	50	Zaragoza	Extranjeros comunitarios (UE-27)	UNION EUROPEA	Extranjeros comunitarios (UE-27)	Extranjeros comunitarios (UE-28)	Hombres	204
Marzo 2008	50	Zaragoza	Extranjeros no comunitarios	RESTO DEL MUNDO	Extranjeros no comunitarios	Extranjeros no comunitarios	Hombres	2250
Marzo 2008	50	Zaragoza	Extranjeros no comunitarios	UNION EUROPEA	Extranjeros no comunitarios	Extranjeros comunitarios (UE-28)	Hombres	7
Marzo 2008	50	Zaragoza		No consta		No consta	Hombres	2
Marzo 2008	50	Zaragoza	Españoles	ESPAÑA	Españoles	Españoles	Mujeres	16265
Marzo 2008	50	Zaragoza	Extranjeros comunitarios (UE-27)	RESTO DEL MUNDO	Extranjeros comunitarios (UE-27)	Extranjeros comunitarios (UE-28)	Mujeres	544
Marzo 2008	50	Zaragoza	Extranjeros comunitarios (UE-27)	UNION EUROPEA	Extranjeros comunitarios (UE-27)	Extranjeros comunitarios (UE-28)	Mujeres	200
Marzo 2008	50	Zaragoza	Extranjeros no comunitarios	RESTO DEL MUNDO	Extranjeros no comunitarios	Extranjeros no comunitarios	Mujeres	1310
Marzo 2008	50	Zaragoza	Extranjeros no comunitarios	UNION EUROPEA	Extranjeros no comunitarios	Extranjeros comunitarios (UE-28)	Mujeres	4
Marzo 2008	50	Zaragoza		No consta		No consta	Mujeres	3
Febrero 2008	22	Huesca	Españoles	ESPAÑA	Españoles	Españoles	Hombres	2017
Febrero 2008	22	Huesca	Extranjeros comunitarios (UE-27)	RESTO DEL MUNDO	Extranjeros comunitarios (UE-27)	Extranjeros comunitarios (UE-28)	Hombres	141
Febrero 2008	22	Huesca	Extranjeros comunitarios (UE-27)	UNION EUROPEA	Extranjeros comunitarios (UE-27)	Extranjeros comunitarios (UE-28)	Hombres	94
Febrero 2008	22	Huesca	Extranjeros no comunitarios	RESTO DEL MUNDO	Extranjeros no comunitarios	Extranjeros no comunitarios	Hombres	857
Febrero 2008	22	Huesca	Extranjeros no comunitarios	UNION EUROPEA	Extranjeros no comunitarios	Extranjeros comunitarios (UE-28)	Hombres	4
Febrero 2008	22	Huesca		No consta		No consta	Hombres	2
Febrero 2008	22	Huesca	Españoles	ESPAÑA	Españoles	Españoles	Mujeres	3074
Febrero 2008	22	Huesca	Extranjeros comunitarios (UE-27)	RESTO DEL MUNDO	Extranjeros comunitarios (UE-27)	Extranjeros comunitarios (UE-28)	Mujeres	152
Febrero 2008	22	Huesca	Extranjeros comunitarios (UE-27)	UNION EUROPEA	Extranjeros comunitarios (UE-27)	Extranjeros comunitarios (UE-28)	Mujeres	96
Febrero 2008	22	Huesca	Extranjeros no comunitarios	RESTO DEL MUNDO	Extranjeros no comunitarios	Extranjeros no comunitarios	Mujeres	303
Febrero 2008	22	Huesca	Extranjeros no comunitarios	UNION EUROPEA	Extranjeros no comunitarios	Extranjeros comunitarios (UE-28)	Mujeres	4
Febrero 2008	44	Teruel	Españoles	ESPAÑA	Españoles	Españoles	Hombres	1182
Febrero 2008	44	Teruel	Extranjeros comunitarios (UE-27)	RESTO DEL MUNDO	Extranjeros comunitarios (UE-27)	Extranjeros comunitarios (UE-28)	Hombres	107
Febrero 2008	44	Teruel	Extranjeros comunitarios (UE-27)	UNION EUROPEA	Extranjeros comunitarios (UE-27)	Extranjeros comunitarios (UE-28)	Hombres	38
Febrero 2008	44	Teruel	Extranjeros no comunitarios	RESTO DEL MUNDO	Extranjeros no comunitarios	Extranjeros no comunitarios	Hombres	396
Febrero 2008	44	Teruel	Extranjeros no comunitarios	UNION EUROPEA	Extranjeros no comunitarios	Extranjeros comunitarios (UE-28)	Hombres	1
Febrero 2008	44	Teruel	Españoles	ESPAÑA	Españoles	Españoles	Mujeres	2114
Febrero 2008	44	Teruel	Extranjeros comunitarios (UE-27)	RESTO DEL MUNDO	Extranjeros comunitarios (UE-27)	Extranjeros comunitarios (UE-28)	Mujeres	147
Febrero 2008	44	Teruel	Extranjeros comunitarios (UE-27)	UNION EUROPEA	Extranjeros comunitarios (UE-27)	Extranjeros comunitarios (UE-28)	Mujeres	38
Febrero 2008	44	Teruel	Extranjeros no comunitarios	RESTO DEL MUNDO	Extranjeros no comunitarios	Extranjeros no comunitarios	Mujeres	227
Febrero 2008	44	Teruel	Extranjeros no comunitarios	UNION EUROPEA	Extranjeros no comunitarios	Extranjeros comunitarios (UE-28)	Mujeres	1
Febrero 2008	50	Zaragoza	Españoles	ESPAÑA	Españoles	Españoles	Hombres	9309
Febrero 2008	50	Zaragoza	Extranjeros comunitarios (UE-27)	RESTO DEL MUNDO	Extranjeros comunitarios (UE-27)	Extranjeros comunitarios (UE-28)	Hombres	647
Febrero 2008	50	Zaragoza	Extranjeros comunitarios (UE-27)	UNION EUROPEA	Extranjeros comunitarios (UE-27)	Extranjeros comunitarios (UE-28)	Hombres	200
Febrero 2008	50	Zaragoza	Extranjeros no comunitarios	RESTO DEL MUNDO	Extranjeros no comunitarios	Extranjeros no comunitarios	Hombres	2489
Febrero 2008	50	Zaragoza	Extranjeros no comunitarios	UNION EUROPEA	Extranjeros no comunitarios	Extranjeros comunitarios (UE-28)	Hombres	6
Febrero 2008	50	Zaragoza		No consta		No consta	Hombres	1
Febrero 2008	50	Zaragoza	Españoles	ESPAÑA	Españoles	Españoles	Mujeres	16016
Febrero 2008	50	Zaragoza	Extranjeros comunitarios (UE-27)	RESTO DEL MUNDO	Extranjeros comunitarios (UE-27)	Extranjeros comunitarios (UE-28)	Mujeres	637
Febrero 2008	50	Zaragoza	Extranjeros comunitarios (UE-27)	UNION EUROPEA	Extranjeros comunitarios (UE-27)	Extranjeros comunitarios (UE-28)	Mujeres	226
Febrero 2008	50	Zaragoza	Extranjeros no comunitarios	RESTO DEL MUNDO	Extranjeros no comunitarios	Extranjeros no comunitarios	Mujeres	1497
Febrero 2008	50	Zaragoza	Extranjeros no comunitarios	UNION EUROPEA	Extranjeros no comunitarios	Extranjeros comunitarios (UE-28)	Mujeres	3
Febrero 2008	50	Zaragoza		No consta		No consta	Mujeres	3
Enero 2008	22	Huesca	Españoles	ESPAÑA	Españoles	Españoles	Hombres	1960
Enero 2008	22	Huesca	Extranjeros comunitarios (UE-27)	RESTO DEL MUNDO	Extranjeros comunitarios (UE-27)	Extranjeros comunitarios (UE-28)	Hombres	133
Enero 2008	22	Huesca	Extranjeros comunitarios (UE-27)	UNION EUROPEA	Extranjeros comunitarios (UE-27)	Extranjeros comunitarios (UE-28)	Hombres	84
Enero 2008	22	Huesca	Extranjeros no comunitarios	RESTO DEL MUNDO	Extranjeros no comunitarios	Extranjeros no comunitarios	Hombres	771
Enero 2008	22	Huesca	Extranjeros no comunitarios	UNION EUROPEA	Extranjeros no comunitarios	Extranjeros comunitarios (UE-28)	Hombres	5
Enero 2008	22	Huesca		No consta		No consta	Hombres	2
Enero 2008	22	Huesca	Españoles	ESPAÑA	Españoles	Españoles	Mujeres	3041
Enero 2008	22	Huesca	Extranjeros comunitarios (UE-27)	RESTO DEL MUNDO	Extranjeros comunitarios (UE-27)	Extranjeros comunitarios (UE-28)	Mujeres	128
Enero 2008	22	Huesca	Extranjeros comunitarios (UE-27)	UNION EUROPEA	Extranjeros comunitarios (UE-27)	Extranjeros comunitarios (UE-28)	Mujeres	89
Enero 2008	22	Huesca	Extranjeros no comunitarios	RESTO DEL MUNDO	Extranjeros no comunitarios	Extranjeros no comunitarios	Mujeres	303
Enero 2008	22	Huesca	Extranjeros no comunitarios	UNION EUROPEA	Extranjeros no comunitarios	Extranjeros comunitarios (UE-28)	Mujeres	3
Enero 2008	22	Huesca		No consta		No consta	Mujeres	1
Enero 2008	44	Teruel	Españoles	ESPAÑA	Españoles	Españoles	Hombres	1217
Enero 2008	44	Teruel	Extranjeros comunitarios (UE-27)	RESTO DEL MUNDO	Extranjeros comunitarios (UE-27)	Extranjeros comunitarios (UE-28)	Hombres	100
Enero 2008	44	Teruel	Extranjeros comunitarios (UE-27)	UNION EUROPEA	Extranjeros comunitarios (UE-27)	Extranjeros comunitarios (UE-28)	Hombres	31
Enero 2008	44	Teruel	Extranjeros no comunitarios	RESTO DEL MUNDO	Extranjeros no comunitarios	Extranjeros no comunitarios	Hombres	359
Enero 2008	44	Teruel	Extranjeros no comunitarios	UNION EUROPEA	Extranjeros no comunitarios	Extranjeros comunitarios (UE-28)	Hombres	1
Enero 2008	44	Teruel	Españoles	ESPAÑA	Españoles	Españoles	Mujeres	2136
Enero 2008	44	Teruel	Extranjeros comunitarios (UE-27)	RESTO DEL MUNDO	Extranjeros comunitarios (UE-27)	Extranjeros comunitarios (UE-28)	Mujeres	133
Enero 2008	44	Teruel	Extranjeros comunitarios (UE-27)	UNION EUROPEA	Extranjeros comunitarios (UE-27)	Extranjeros comunitarios (UE-28)	Mujeres	39
Enero 2008	44	Teruel	Extranjeros no comunitarios	RESTO DEL MUNDO	Extranjeros no comunitarios	Extranjeros no comunitarios	Mujeres	208
Enero 2008	44	Teruel	Extranjeros no comunitarios	UNION EUROPEA	Extranjeros no comunitarios	Extranjeros comunitarios (UE-28)	Mujeres	2
Enero 2008	50	Zaragoza	Españoles	ESPAÑA	Españoles	Españoles	Hombres	9217
Enero 2008	50	Zaragoza	Extranjeros comunitarios (UE-27)	RESTO DEL MUNDO	Extranjeros comunitarios (UE-27)	Extranjeros comunitarios (UE-28)	Hombres	612
Enero 2008	50	Zaragoza	Extranjeros comunitarios (UE-27)	UNION EUROPEA	Extranjeros comunitarios (UE-27)	Extranjeros comunitarios (UE-28)	Hombres	173
Enero 2008	50	Zaragoza	Extranjeros no comunitarios	RESTO DEL MUNDO	Extranjeros no comunitarios	Extranjeros no comunitarios	Hombres	2319
Enero 2008	50	Zaragoza	Extranjeros no comunitarios	UNION EUROPEA	Extranjeros no comunitarios	Extranjeros comunitarios (UE-28)	Hombres	5
Enero 2008	50	Zaragoza		No consta		No consta	Hombres	1
Enero 2008	50	Zaragoza	Españoles	ESPAÑA	Españoles	Españoles	Mujeres	16004
Enero 2008	50	Zaragoza	Extranjeros comunitarios (UE-27)	RESTO DEL MUNDO	Extranjeros comunitarios (UE-27)	Extranjeros comunitarios (UE-28)	Mujeres	545
Enero 2008	50	Zaragoza	Extranjeros comunitarios (UE-27)	UNION EUROPEA	Extranjeros comunitarios (UE-27)	Extranjeros comunitarios (UE-28)	Mujeres	204
Enero 2008	50	Zaragoza	Extranjeros no comunitarios	RESTO DEL MUNDO	Extranjeros no comunitarios	Extranjeros no comunitarios	Mujeres	1357
Enero 2008	50	Zaragoza	Extranjeros no comunitarios	UNION EUROPEA	Extranjeros no comunitarios	Extranjeros comunitarios (UE-28)	Mujeres	6
Enero 2008	50	Zaragoza		No consta		No consta	Mujeres	3
Diciembre 2007	22	Huesca	Españoles	ESPAÑA	Españoles	Españoles	Hombres	1821
Diciembre 2007	22	Huesca	Extranjeros comunitarios (UE-27)	RESTO DEL MUNDO	Extranjeros comunitarios (UE-27)	Extranjeros comunitarios (UE-28)	Hombres	128
Diciembre 2007	22	Huesca	Extranjeros comunitarios (UE-27)	UNION EUROPEA	Extranjeros comunitarios (UE-27)	Extranjeros comunitarios (UE-28)	Hombres	68
Diciembre 2007	22	Huesca	Extranjeros no comunitarios	RESTO DEL MUNDO	Extranjeros no comunitarios	Extranjeros no comunitarios	Hombres	671
Diciembre 2007	22	Huesca	Extranjeros no comunitarios	UNION EUROPEA	Extranjeros no comunitarios	Extranjeros comunitarios (UE-28)	Hombres	5
Diciembre 2007	22	Huesca	Españoles	ESPAÑA	Españoles	Españoles	Mujeres	2821
Diciembre 2007	22	Huesca	Extranjeros comunitarios (UE-27)	RESTO DEL MUNDO	Extranjeros comunitarios (UE-27)	Extranjeros comunitarios (UE-28)	Mujeres	104
Diciembre 2007	22	Huesca	Extranjeros comunitarios (UE-27)	UNION EUROPEA	Extranjeros comunitarios (UE-27)	Extranjeros comunitarios (UE-28)	Mujeres	74
Diciembre 2007	22	Huesca	Extranjeros no comunitarios	RESTO DEL MUNDO	Extranjeros no comunitarios	Extranjeros no comunitarios	Mujeres	262
Diciembre 2007	22	Huesca	Extranjeros no comunitarios	UNION EUROPEA	Extranjeros no comunitarios	Extranjeros comunitarios (UE-28)	Mujeres	2
Diciembre 2007	22	Huesca		No consta		No consta	Mujeres	1
Diciembre 2007	44	Teruel	Españoles	ESPAÑA	Españoles	Españoles	Hombres	1175
Diciembre 2007	44	Teruel	Extranjeros comunitarios (UE-27)	RESTO DEL MUNDO	Extranjeros comunitarios (UE-27)	Extranjeros comunitarios (UE-28)	Hombres	92
Diciembre 2007	44	Teruel	Extranjeros comunitarios (UE-27)	UNION EUROPEA	Extranjeros comunitarios (UE-27)	Extranjeros comunitarios (UE-28)	Hombres	23
Diciembre 2007	44	Teruel	Extranjeros no comunitarios	RESTO DEL MUNDO	Extranjeros no comunitarios	Extranjeros no comunitarios	Hombres	292
Diciembre 2007	44	Teruel	Extranjeros no comunitarios	UNION EUROPEA	Extranjeros no comunitarios	Extranjeros comunitarios (UE-28)	Hombres	2
Diciembre 2007	44	Teruel	Españoles	ESPAÑA	Españoles	Españoles	Mujeres	2024
Diciembre 2007	44	Teruel	Extranjeros comunitarios (UE-27)	RESTO DEL MUNDO	Extranjeros comunitarios (UE-27)	Extranjeros comunitarios (UE-28)	Mujeres	116
Diciembre 2007	44	Teruel	Extranjeros comunitarios (UE-27)	UNION EUROPEA	Extranjeros comunitarios (UE-27)	Extranjeros comunitarios (UE-28)	Mujeres	33
Diciembre 2007	44	Teruel	Extranjeros no comunitarios	RESTO DEL MUNDO	Extranjeros no comunitarios	Extranjeros no comunitarios	Mujeres	181
Diciembre 2007	44	Teruel	Extranjeros no comunitarios	UNION EUROPEA	Extranjeros no comunitarios	Extranjeros comunitarios (UE-28)	Mujeres	2
Diciembre 2007	50	Zaragoza	Españoles	ESPAÑA	Españoles	Españoles	Hombres	8936
Diciembre 2007	50	Zaragoza	Extranjeros comunitarios (UE-27)	RESTO DEL MUNDO	Extranjeros comunitarios (UE-27)	Extranjeros comunitarios (UE-28)	Hombres	565
Diciembre 2007	50	Zaragoza	Extranjeros comunitarios (UE-27)	UNION EUROPEA	Extranjeros comunitarios (UE-27)	Extranjeros comunitarios (UE-28)	Hombres	166
Diciembre 2007	50	Zaragoza	Extranjeros no comunitarios	RESTO DEL MUNDO	Extranjeros no comunitarios	Extranjeros no comunitarios	Hombres	1978
Diciembre 2007	50	Zaragoza	Extranjeros no comunitarios	UNION EUROPEA	Extranjeros no comunitarios	Extranjeros comunitarios (UE-28)	Hombres	7
Diciembre 2007	50	Zaragoza	Españoles	ESPAÑA	Españoles	Españoles	Mujeres	15139
Diciembre 2007	50	Zaragoza	Extranjeros comunitarios (UE-27)	RESTO DEL MUNDO	Extranjeros comunitarios (UE-27)	Extranjeros comunitarios (UE-28)	Mujeres	425
Diciembre 2007	50	Zaragoza	Extranjeros comunitarios (UE-27)	UNION EUROPEA	Extranjeros comunitarios (UE-27)	Extranjeros comunitarios (UE-28)	Mujeres	167
Diciembre 2007	50	Zaragoza	Extranjeros no comunitarios	RESTO DEL MUNDO	Extranjeros no comunitarios	Extranjeros no comunitarios	Mujeres	1090
Diciembre 2007	50	Zaragoza	Extranjeros no comunitarios	UNION EUROPEA	Extranjeros no comunitarios	Extranjeros comunitarios (UE-28)	Mujeres	6
Diciembre 2007	50	Zaragoza		No consta		No consta	Mujeres	2
Noviembre 2007	22	Huesca	Españoles	ESPAÑA	Españoles	Españoles	Hombres	1717
Noviembre 2007	22	Huesca	Extranjeros comunitarios (UE-27)	RESTO DEL MUNDO	Extranjeros comunitarios (UE-27)	Extranjeros comunitarios (UE-28)	Hombres	105
Noviembre 2007	22	Huesca	Extranjeros comunitarios (UE-27)	UNION EUROPEA	Extranjeros comunitarios (UE-27)	Extranjeros comunitarios (UE-28)	Hombres	63
Noviembre 2007	22	Huesca	Extranjeros no comunitarios	RESTO DEL MUNDO	Extranjeros no comunitarios	Extranjeros no comunitarios	Hombres	562
Noviembre 2007	22	Huesca	Extranjeros no comunitarios	UNION EUROPEA	Extranjeros no comunitarios	Extranjeros comunitarios (UE-28)	Hombres	3
Noviembre 2007	22	Huesca	Españoles	ESPAÑA	Españoles	Españoles	Mujeres	2980
Noviembre 2007	22	Huesca	Extranjeros comunitarios (UE-27)	RESTO DEL MUNDO	Extranjeros comunitarios (UE-27)	Extranjeros comunitarios (UE-28)	Mujeres	101
Noviembre 2007	22	Huesca	Extranjeros comunitarios (UE-27)	UNION EUROPEA	Extranjeros comunitarios (UE-27)	Extranjeros comunitarios (UE-28)	Mujeres	80
Noviembre 2007	22	Huesca	Extranjeros no comunitarios	RESTO DEL MUNDO	Extranjeros no comunitarios	Extranjeros no comunitarios	Mujeres	285
Noviembre 2007	22	Huesca	Extranjeros no comunitarios	UNION EUROPEA	Extranjeros no comunitarios	Extranjeros comunitarios (UE-28)	Mujeres	2
Noviembre 2007	44	Teruel	Españoles	ESPAÑA	Españoles	Españoles	Hombres	1106
Noviembre 2007	44	Teruel	Extranjeros comunitarios (UE-27)	RESTO DEL MUNDO	Extranjeros comunitarios (UE-27)	Extranjeros comunitarios (UE-28)	Hombres	60
Noviembre 2007	44	Teruel	Extranjeros comunitarios (UE-27)	UNION EUROPEA	Extranjeros comunitarios (UE-27)	Extranjeros comunitarios (UE-28)	Hombres	22
Noviembre 2007	44	Teruel	Extranjeros no comunitarios	RESTO DEL MUNDO	Extranjeros no comunitarios	Extranjeros no comunitarios	Hombres	200
Noviembre 2007	44	Teruel	Extranjeros no comunitarios	UNION EUROPEA	Extranjeros no comunitarios	Extranjeros comunitarios (UE-28)	Hombres	2
Noviembre 2007	44	Teruel	Españoles	ESPAÑA	Españoles	Españoles	Mujeres	2045
Noviembre 2007	44	Teruel	Extranjeros comunitarios (UE-27)	RESTO DEL MUNDO	Extranjeros comunitarios (UE-27)	Extranjeros comunitarios (UE-28)	Mujeres	112
Noviembre 2007	44	Teruel	Extranjeros comunitarios (UE-27)	UNION EUROPEA	Extranjeros comunitarios (UE-27)	Extranjeros comunitarios (UE-28)	Mujeres	39
Noviembre 2007	44	Teruel	Extranjeros no comunitarios	RESTO DEL MUNDO	Extranjeros no comunitarios	Extranjeros no comunitarios	Mujeres	188
Noviembre 2007	44	Teruel	Extranjeros no comunitarios	UNION EUROPEA	Extranjeros no comunitarios	Extranjeros comunitarios (UE-28)	Mujeres	2
Noviembre 2007	50	Zaragoza	Españoles	ESPAÑA	Españoles	Españoles	Hombres	8519
Noviembre 2007	50	Zaragoza	Extranjeros comunitarios (UE-27)	RESTO DEL MUNDO	Extranjeros comunitarios (UE-27)	Extranjeros comunitarios (UE-28)	Hombres	460
Noviembre 2007	50	Zaragoza	Extranjeros comunitarios (UE-27)	UNION EUROPEA	Extranjeros comunitarios (UE-27)	Extranjeros comunitarios (UE-28)	Hombres	152
Noviembre 2007	50	Zaragoza	Extranjeros no comunitarios	RESTO DEL MUNDO	Extranjeros no comunitarios	Extranjeros no comunitarios	Hombres	1677
Noviembre 2007	50	Zaragoza	Extranjeros no comunitarios	UNION EUROPEA	Extranjeros no comunitarios	Extranjeros comunitarios (UE-28)	Hombres	5
Noviembre 2007	50	Zaragoza		No consta		No consta	Hombres	2
Noviembre 2007	50	Zaragoza	Españoles	ESPAÑA	Españoles	Españoles	Mujeres	15153
Noviembre 2007	50	Zaragoza	Extranjeros comunitarios (UE-27)	RESTO DEL MUNDO	Extranjeros comunitarios (UE-27)	Extranjeros comunitarios (UE-28)	Mujeres	422
Noviembre 2007	50	Zaragoza	Extranjeros comunitarios (UE-27)	UNION EUROPEA	Extranjeros comunitarios (UE-27)	Extranjeros comunitarios (UE-28)	Mujeres	174
Noviembre 2007	50	Zaragoza	Extranjeros no comunitarios	RESTO DEL MUNDO	Extranjeros no comunitarios	Extranjeros no comunitarios	Mujeres	1126
Noviembre 2007	50	Zaragoza	Extranjeros no comunitarios	UNION EUROPEA	Extranjeros no comunitarios	Extranjeros comunitarios (UE-28)	Mujeres	5
Noviembre 2007	50	Zaragoza		No consta		No consta	Mujeres	2
Octubre 2007	22	Huesca	Españoles	ESPAÑA	Españoles	Españoles	Hombres	1733
Octubre 2007	22	Huesca	Extranjeros comunitarios (UE-27)	RESTO DEL MUNDO	Extranjeros comunitarios (UE-27)	Extranjeros comunitarios (UE-28)	Hombres	91
Octubre 2007	22	Huesca	Extranjeros comunitarios (UE-27)	UNION EUROPEA	Extranjeros comunitarios (UE-27)	Extranjeros comunitarios (UE-28)	Hombres	59
Octubre 2007	22	Huesca	Extranjeros no comunitarios	RESTO DEL MUNDO	Extranjeros no comunitarios	Extranjeros no comunitarios	Hombres	528
Octubre 2007	22	Huesca	Extranjeros no comunitarios	UNION EUROPEA	Extranjeros no comunitarios	Extranjeros comunitarios (UE-28)	Hombres	2
Octubre 2007	22	Huesca	Españoles	ESPAÑA	Españoles	Españoles	Mujeres	3043
Octubre 2007	22	Huesca	Extranjeros comunitarios (UE-27)	RESTO DEL MUNDO	Extranjeros comunitarios (UE-27)	Extranjeros comunitarios (UE-28)	Mujeres	109
Octubre 2007	22	Huesca	Extranjeros comunitarios (UE-27)	UNION EUROPEA	Extranjeros comunitarios (UE-27)	Extranjeros comunitarios (UE-28)	Mujeres	82
Octubre 2007	22	Huesca	Extranjeros no comunitarios	RESTO DEL MUNDO	Extranjeros no comunitarios	Extranjeros no comunitarios	Mujeres	283
Octubre 2007	22	Huesca	Extranjeros no comunitarios	UNION EUROPEA	Extranjeros no comunitarios	Extranjeros comunitarios (UE-28)	Mujeres	4
Octubre 2007	22	Huesca		No consta		No consta	Mujeres	1
Octubre 2007	44	Teruel	Españoles	ESPAÑA	Españoles	Españoles	Hombres	1128
Octubre 2007	44	Teruel	Extranjeros comunitarios (UE-27)	RESTO DEL MUNDO	Extranjeros comunitarios (UE-27)	Extranjeros comunitarios (UE-28)	Hombres	66
Octubre 2007	44	Teruel	Extranjeros comunitarios (UE-27)	UNION EUROPEA	Extranjeros comunitarios (UE-27)	Extranjeros comunitarios (UE-28)	Hombres	19
Octubre 2007	44	Teruel	Extranjeros no comunitarios	RESTO DEL MUNDO	Extranjeros no comunitarios	Extranjeros no comunitarios	Hombres	197
Octubre 2007	44	Teruel	Extranjeros no comunitarios	UNION EUROPEA	Extranjeros no comunitarios	Extranjeros comunitarios (UE-28)	Hombres	1
Octubre 2007	44	Teruel	Españoles	ESPAÑA	Españoles	Españoles	Mujeres	2062
Octubre 2007	44	Teruel	Extranjeros comunitarios (UE-27)	RESTO DEL MUNDO	Extranjeros comunitarios (UE-27)	Extranjeros comunitarios (UE-28)	Mujeres	95
Octubre 2007	44	Teruel	Extranjeros comunitarios (UE-27)	UNION EUROPEA	Extranjeros comunitarios (UE-27)	Extranjeros comunitarios (UE-28)	Mujeres	31
Octubre 2007	44	Teruel	Extranjeros no comunitarios	RESTO DEL MUNDO	Extranjeros no comunitarios	Extranjeros no comunitarios	Mujeres	153
Octubre 2007	44	Teruel	Extranjeros no comunitarios	UNION EUROPEA	Extranjeros no comunitarios	Extranjeros comunitarios (UE-28)	Mujeres	1
Octubre 2007	50	Zaragoza	Españoles	ESPAÑA	Españoles	Españoles	Hombres	8279
Octubre 2007	50	Zaragoza	Extranjeros comunitarios (UE-27)	RESTO DEL MUNDO	Extranjeros comunitarios (UE-27)	Extranjeros comunitarios (UE-28)	Hombres	469
Octubre 2007	50	Zaragoza	Extranjeros comunitarios (UE-27)	UNION EUROPEA	Extranjeros comunitarios (UE-27)	Extranjeros comunitarios (UE-28)	Hombres	146
Octubre 2007	50	Zaragoza	Extranjeros no comunitarios	RESTO DEL MUNDO	Extranjeros no comunitarios	Extranjeros no comunitarios	Hombres	1490
Octubre 2007	50	Zaragoza	Extranjeros no comunitarios	UNION EUROPEA	Extranjeros no comunitarios	Extranjeros comunitarios (UE-28)	Hombres	5
Octubre 2007	50	Zaragoza		No consta		No consta	Hombres	2
Octubre 2007	50	Zaragoza	Españoles	ESPAÑA	Españoles	Españoles	Mujeres	14931
Octubre 2007	50	Zaragoza	Extranjeros comunitarios (UE-27)	RESTO DEL MUNDO	Extranjeros comunitarios (UE-27)	Extranjeros comunitarios (UE-28)	Mujeres	388
Octubre 2007	50	Zaragoza	Extranjeros comunitarios (UE-27)	UNION EUROPEA	Extranjeros comunitarios (UE-27)	Extranjeros comunitarios (UE-28)	Mujeres	158
Octubre 2007	50	Zaragoza	Extranjeros no comunitarios	RESTO DEL MUNDO	Extranjeros no comunitarios	Extranjeros no comunitarios	Mujeres	1020
Octubre 2007	50	Zaragoza	Extranjeros no comunitarios	UNION EUROPEA	Extranjeros no comunitarios	Extranjeros comunitarios (UE-28)	Mujeres	7
Octubre 2007	50	Zaragoza		No consta		No consta	Mujeres	2
Septiembre 2007	22	Huesca	Españoles	ESPAÑA	Españoles	Españoles	Hombres	1657
Septiembre 2007	22	Huesca	Extranjeros comunitarios (UE-27)	RESTO DEL MUNDO	Extranjeros comunitarios (UE-27)	Extranjeros comunitarios (UE-28)	Hombres	92
Septiembre 2007	22	Huesca	Extranjeros comunitarios (UE-27)	UNION EUROPEA	Extranjeros comunitarios (UE-27)	Extranjeros comunitarios (UE-28)	Hombres	52
Septiembre 2007	22	Huesca	Extranjeros no comunitarios	RESTO DEL MUNDO	Extranjeros no comunitarios	Extranjeros no comunitarios	Hombres	482
Septiembre 2007	22	Huesca	Extranjeros no comunitarios	UNION EUROPEA	Extranjeros no comunitarios	Extranjeros comunitarios (UE-28)	Hombres	4
Septiembre 2007	22	Huesca	Españoles	ESPAÑA	Españoles	Españoles	Mujeres	2876
Septiembre 2007	22	Huesca	Extranjeros comunitarios (UE-27)	RESTO DEL MUNDO	Extranjeros comunitarios (UE-27)	Extranjeros comunitarios (UE-28)	Mujeres	89
Septiembre 2007	22	Huesca	Extranjeros comunitarios (UE-27)	UNION EUROPEA	Extranjeros comunitarios (UE-27)	Extranjeros comunitarios (UE-28)	Mujeres	67
Septiembre 2007	22	Huesca	Extranjeros no comunitarios	RESTO DEL MUNDO	Extranjeros no comunitarios	Extranjeros no comunitarios	Mujeres	241
Septiembre 2007	22	Huesca	Extranjeros no comunitarios	UNION EUROPEA	Extranjeros no comunitarios	Extranjeros comunitarios (UE-28)	Mujeres	4
Septiembre 2007	22	Huesca		No consta		No consta	Mujeres	1
Septiembre 2007	44	Teruel	Españoles	ESPAÑA	Españoles	Españoles	Hombres	1111
Septiembre 2007	44	Teruel	Extranjeros comunitarios (UE-27)	RESTO DEL MUNDO	Extranjeros comunitarios (UE-27)	Extranjeros comunitarios (UE-28)	Hombres	69
Septiembre 2007	44	Teruel	Extranjeros comunitarios (UE-27)	UNION EUROPEA	Extranjeros comunitarios (UE-27)	Extranjeros comunitarios (UE-28)	Hombres	22
Septiembre 2007	44	Teruel	Extranjeros no comunitarios	RESTO DEL MUNDO	Extranjeros no comunitarios	Extranjeros no comunitarios	Hombres	193
Septiembre 2007	44	Teruel	Extranjeros no comunitarios	UNION EUROPEA	Extranjeros no comunitarios	Extranjeros comunitarios (UE-28)	Hombres	1
Septiembre 2007	44	Teruel	Españoles	ESPAÑA	Españoles	Españoles	Mujeres	1972
Septiembre 2007	44	Teruel	Extranjeros comunitarios (UE-27)	RESTO DEL MUNDO	Extranjeros comunitarios (UE-27)	Extranjeros comunitarios (UE-28)	Mujeres	79
Septiembre 2007	44	Teruel	Extranjeros comunitarios (UE-27)	UNION EUROPEA	Extranjeros comunitarios (UE-27)	Extranjeros comunitarios (UE-28)	Mujeres	24
Septiembre 2007	44	Teruel	Extranjeros no comunitarios	RESTO DEL MUNDO	Extranjeros no comunitarios	Extranjeros no comunitarios	Mujeres	134
Septiembre 2007	44	Teruel	Extranjeros no comunitarios	UNION EUROPEA	Extranjeros no comunitarios	Extranjeros comunitarios (UE-28)	Mujeres	2
Septiembre 2007	50	Zaragoza	Españoles	ESPAÑA	Españoles	Españoles	Hombres	8079
Septiembre 2007	50	Zaragoza	Extranjeros comunitarios (UE-27)	RESTO DEL MUNDO	Extranjeros comunitarios (UE-27)	Extranjeros comunitarios (UE-28)	Hombres	481
Septiembre 2007	50	Zaragoza	Extranjeros comunitarios (UE-27)	UNION EUROPEA	Extranjeros comunitarios (UE-27)	Extranjeros comunitarios (UE-28)	Hombres	135
Septiembre 2007	50	Zaragoza	Extranjeros no comunitarios	RESTO DEL MUNDO	Extranjeros no comunitarios	Extranjeros no comunitarios	Hombres	1371
Septiembre 2007	50	Zaragoza	Extranjeros no comunitarios	UNION EUROPEA	Extranjeros no comunitarios	Extranjeros comunitarios (UE-28)	Hombres	6
Septiembre 2007	50	Zaragoza		No consta		No consta	Hombres	3
Septiembre 2007	50	Zaragoza	Españoles	ESPAÑA	Españoles	Españoles	Mujeres	14756
Septiembre 2007	50	Zaragoza	Extranjeros comunitarios (UE-27)	RESTO DEL MUNDO	Extranjeros comunitarios (UE-27)	Extranjeros comunitarios (UE-28)	Mujeres	375
Septiembre 2007	50	Zaragoza	Extranjeros comunitarios (UE-27)	UNION EUROPEA	Extranjeros comunitarios (UE-27)	Extranjeros comunitarios (UE-28)	Mujeres	145
Septiembre 2007	50	Zaragoza	Extranjeros no comunitarios	RESTO DEL MUNDO	Extranjeros no comunitarios	Extranjeros no comunitarios	Mujeres	850
Septiembre 2007	50	Zaragoza	Extranjeros no comunitarios	UNION EUROPEA	Extranjeros no comunitarios	Extranjeros comunitarios (UE-28)	Mujeres	10
Septiembre 2007	50	Zaragoza		No consta		No consta	Mujeres	2
Agosto 2007	22	Huesca	Españoles	ESPAÑA	Españoles	Españoles	Hombres	1626
Agosto 2007	22	Huesca	Extranjeros comunitarios (UE-27)	RESTO DEL MUNDO	Extranjeros comunitarios (UE-27)	Extranjeros comunitarios (UE-28)	Hombres	89
Agosto 2007	22	Huesca	Extranjeros comunitarios (UE-27)	UNION EUROPEA	Extranjeros comunitarios (UE-27)	Extranjeros comunitarios (UE-28)	Hombres	43
Agosto 2007	22	Huesca	Extranjeros no comunitarios	RESTO DEL MUNDO	Extranjeros no comunitarios	Extranjeros no comunitarios	Hombres	421
Agosto 2007	22	Huesca	Extranjeros no comunitarios	UNION EUROPEA	Extranjeros no comunitarios	Extranjeros comunitarios (UE-28)	Hombres	3
Agosto 2007	22	Huesca	Españoles	ESPAÑA	Españoles	Españoles	Mujeres	2754
Agosto 2007	22	Huesca	Extranjeros comunitarios (UE-27)	RESTO DEL MUNDO	Extranjeros comunitarios (UE-27)	Extranjeros comunitarios (UE-28)	Mujeres	77
Agosto 2007	22	Huesca	Extranjeros comunitarios (UE-27)	UNION EUROPEA	Extranjeros comunitarios (UE-27)	Extranjeros comunitarios (UE-28)	Mujeres	50
Agosto 2007	22	Huesca	Extranjeros no comunitarios	RESTO DEL MUNDO	Extranjeros no comunitarios	Extranjeros no comunitarios	Mujeres	202
Agosto 2007	22	Huesca	Extranjeros no comunitarios	UNION EUROPEA	Extranjeros no comunitarios	Extranjeros comunitarios (UE-28)	Mujeres	1
Agosto 2007	44	Teruel	Españoles	ESPAÑA	Españoles	Españoles	Hombres	1089
Agosto 2007	44	Teruel	Extranjeros comunitarios (UE-27)	RESTO DEL MUNDO	Extranjeros comunitarios (UE-27)	Extranjeros comunitarios (UE-28)	Hombres	77
Agosto 2007	44	Teruel	Extranjeros comunitarios (UE-27)	UNION EUROPEA	Extranjeros comunitarios (UE-27)	Extranjeros comunitarios (UE-28)	Hombres	24
Agosto 2007	44	Teruel	Extranjeros no comunitarios	RESTO DEL MUNDO	Extranjeros no comunitarios	Extranjeros no comunitarios	Hombres	197
Agosto 2007	44	Teruel	Extranjeros no comunitarios	UNION EUROPEA	Extranjeros no comunitarios	Extranjeros comunitarios (UE-28)	Hombres	1
Agosto 2007	44	Teruel	Españoles	ESPAÑA	Españoles	Españoles	Mujeres	1902
Agosto 2007	44	Teruel	Extranjeros comunitarios (UE-27)	RESTO DEL MUNDO	Extranjeros comunitarios (UE-27)	Extranjeros comunitarios (UE-28)	Mujeres	69
Agosto 2007	44	Teruel	Extranjeros comunitarios (UE-27)	UNION EUROPEA	Extranjeros comunitarios (UE-27)	Extranjeros comunitarios (UE-28)	Mujeres	27
Agosto 2007	44	Teruel	Extranjeros no comunitarios	RESTO DEL MUNDO	Extranjeros no comunitarios	Extranjeros no comunitarios	Mujeres	129
Agosto 2007	44	Teruel	Extranjeros no comunitarios	UNION EUROPEA	Extranjeros no comunitarios	Extranjeros comunitarios (UE-28)	Mujeres	1
Agosto 2007	50	Zaragoza	Españoles	ESPAÑA	Españoles	Españoles	Hombres	8405
Agosto 2007	50	Zaragoza	Extranjeros comunitarios (UE-27)	RESTO DEL MUNDO	Extranjeros comunitarios (UE-27)	Extranjeros comunitarios (UE-28)	Hombres	567
Agosto 2007	50	Zaragoza	Extranjeros comunitarios (UE-27)	UNION EUROPEA	Extranjeros comunitarios (UE-27)	Extranjeros comunitarios (UE-28)	Hombres	127
Agosto 2007	50	Zaragoza	Extranjeros no comunitarios	RESTO DEL MUNDO	Extranjeros no comunitarios	Extranjeros no comunitarios	Hombres	1341
Agosto 2007	50	Zaragoza	Extranjeros no comunitarios	UNION EUROPEA	Extranjeros no comunitarios	Extranjeros comunitarios (UE-28)	Hombres	6
Agosto 2007	50	Zaragoza		No consta		No consta	Hombres	3
Agosto 2007	50	Zaragoza	Españoles	ESPAÑA	Españoles	Españoles	Mujeres	15051
Agosto 2007	50	Zaragoza	Extranjeros comunitarios (UE-27)	RESTO DEL MUNDO	Extranjeros comunitarios (UE-27)	Extranjeros comunitarios (UE-28)	Mujeres	375
Agosto 2007	50	Zaragoza	Extranjeros comunitarios (UE-27)	UNION EUROPEA	Extranjeros comunitarios (UE-27)	Extranjeros comunitarios (UE-28)	Mujeres	151
Agosto 2007	50	Zaragoza	Extranjeros no comunitarios	RESTO DEL MUNDO	Extranjeros no comunitarios	Extranjeros no comunitarios	Mujeres	826
Agosto 2007	50	Zaragoza	Extranjeros no comunitarios	UNION EUROPEA	Extranjeros no comunitarios	Extranjeros comunitarios (UE-28)	Mujeres	18
Agosto 2007	50	Zaragoza		No consta		No consta	Mujeres	3
Julio 2007	22	Huesca	Españoles	ESPAÑA	Españoles	Españoles	Hombres	1438
Julio 2007	22	Huesca	Extranjeros comunitarios (UE-27)	RESTO DEL MUNDO	Extranjeros comunitarios (UE-27)	Extranjeros comunitarios (UE-28)	Hombres	73
Julio 2007	22	Huesca	Extranjeros comunitarios (UE-27)	UNION EUROPEA	Extranjeros comunitarios (UE-27)	Extranjeros comunitarios (UE-28)	Hombres	38
Julio 2007	22	Huesca	Extranjeros no comunitarios	RESTO DEL MUNDO	Extranjeros no comunitarios	Extranjeros no comunitarios	Hombres	337
Julio 2007	22	Huesca	Extranjeros no comunitarios	UNION EUROPEA	Extranjeros no comunitarios	Extranjeros comunitarios (UE-28)	Hombres	2
Julio 2007	22	Huesca	Españoles	ESPAÑA	Españoles	Españoles	Mujeres	2530
Julio 2007	22	Huesca	Extranjeros comunitarios (UE-27)	RESTO DEL MUNDO	Extranjeros comunitarios (UE-27)	Extranjeros comunitarios (UE-28)	Mujeres	60
Julio 2007	22	Huesca	Extranjeros comunitarios (UE-27)	UNION EUROPEA	Extranjeros comunitarios (UE-27)	Extranjeros comunitarios (UE-28)	Mujeres	46
Julio 2007	22	Huesca	Extranjeros no comunitarios	RESTO DEL MUNDO	Extranjeros no comunitarios	Extranjeros no comunitarios	Mujeres	166
Julio 2007	22	Huesca	Extranjeros no comunitarios	UNION EUROPEA	Extranjeros no comunitarios	Extranjeros comunitarios (UE-28)	Mujeres	1
Julio 2007	44	Teruel	Españoles	ESPAÑA	Españoles	Españoles	Hombres	1038
Julio 2007	44	Teruel	Extranjeros comunitarios (UE-27)	RESTO DEL MUNDO	Extranjeros comunitarios (UE-27)	Extranjeros comunitarios (UE-28)	Hombres	61
Julio 2007	44	Teruel	Extranjeros comunitarios (UE-27)	UNION EUROPEA	Extranjeros comunitarios (UE-27)	Extranjeros comunitarios (UE-28)	Hombres	29
Julio 2007	44	Teruel	Extranjeros no comunitarios	RESTO DEL MUNDO	Extranjeros no comunitarios	Extranjeros no comunitarios	Hombres	171
Julio 2007	44	Teruel	Extranjeros no comunitarios	UNION EUROPEA	Extranjeros no comunitarios	Extranjeros comunitarios (UE-28)	Hombres	1
Julio 2007	44	Teruel	Españoles	ESPAÑA	Españoles	Españoles	Mujeres	1929
Julio 2007	44	Teruel	Extranjeros comunitarios (UE-27)	RESTO DEL MUNDO	Extranjeros comunitarios (UE-27)	Extranjeros comunitarios (UE-28)	Mujeres	65
Julio 2007	44	Teruel	Extranjeros comunitarios (UE-27)	UNION EUROPEA	Extranjeros comunitarios (UE-27)	Extranjeros comunitarios (UE-28)	Mujeres	26
Julio 2007	44	Teruel	Extranjeros no comunitarios	RESTO DEL MUNDO	Extranjeros no comunitarios	Extranjeros no comunitarios	Mujeres	114
Julio 2007	44	Teruel	Extranjeros no comunitarios	UNION EUROPEA	Extranjeros no comunitarios	Extranjeros comunitarios (UE-28)	Mujeres	2
Julio 2007	50	Zaragoza	Españoles	ESPAÑA	Españoles	Españoles	Hombres	7733
Julio 2007	50	Zaragoza	Extranjeros comunitarios (UE-27)	RESTO DEL MUNDO	Extranjeros comunitarios (UE-27)	Extranjeros comunitarios (UE-28)	Hombres	497
Julio 2007	50	Zaragoza	Extranjeros comunitarios (UE-27)	UNION EUROPEA	Extranjeros comunitarios (UE-27)	Extranjeros comunitarios (UE-28)	Hombres	119
Julio 2007	50	Zaragoza	Extranjeros no comunitarios	RESTO DEL MUNDO	Extranjeros no comunitarios	Extranjeros no comunitarios	Hombres	1209
Julio 2007	50	Zaragoza	Extranjeros no comunitarios	UNION EUROPEA	Extranjeros no comunitarios	Extranjeros comunitarios (UE-28)	Hombres	5
Julio 2007	50	Zaragoza		No consta		No consta	Hombres	3
Julio 2007	50	Zaragoza	Españoles	ESPAÑA	Españoles	Españoles	Mujeres	14634
Julio 2007	50	Zaragoza	Extranjeros comunitarios (UE-27)	RESTO DEL MUNDO	Extranjeros comunitarios (UE-27)	Extranjeros comunitarios (UE-28)	Mujeres	366
Julio 2007	50	Zaragoza	Extranjeros comunitarios (UE-27)	UNION EUROPEA	Extranjeros comunitarios (UE-27)	Extranjeros comunitarios (UE-28)	Mujeres	154
Julio 2007	50	Zaragoza	Extranjeros no comunitarios	RESTO DEL MUNDO	Extranjeros no comunitarios	Extranjeros no comunitarios	Mujeres	832
Julio 2007	50	Zaragoza	Extranjeros no comunitarios	UNION EUROPEA	Extranjeros no comunitarios	Extranjeros comunitarios (UE-28)	Mujeres	19
Julio 2007	50	Zaragoza		No consta		No consta	Mujeres	3
Junio 2007	22	Huesca	Españoles	ESPAÑA	Españoles	Españoles	Hombres	1492
Junio 2007	22	Huesca	Extranjeros comunitarios (UE-27)	RESTO DEL MUNDO	Extranjeros comunitarios (UE-27)	Extranjeros comunitarios (UE-28)	Hombres	56
Junio 2007	22	Huesca	Extranjeros comunitarios (UE-27)	UNION EUROPEA	Extranjeros comunitarios (UE-27)	Extranjeros comunitarios (UE-28)	Hombres	37
Junio 2007	22	Huesca	Extranjeros no comunitarios	RESTO DEL MUNDO	Extranjeros no comunitarios	Extranjeros no comunitarios	Hombres	269
Junio 2007	22	Huesca	Extranjeros no comunitarios	UNION EUROPEA	Extranjeros no comunitarios	Extranjeros comunitarios (UE-28)	Hombres	2
Junio 2007	22	Huesca	Españoles	ESPAÑA	Españoles	Españoles	Mujeres	2592
Junio 2007	22	Huesca	Extranjeros comunitarios (UE-27)	RESTO DEL MUNDO	Extranjeros comunitarios (UE-27)	Extranjeros comunitarios (UE-28)	Mujeres	49
Junio 2007	22	Huesca	Extranjeros comunitarios (UE-27)	UNION EUROPEA	Extranjeros comunitarios (UE-27)	Extranjeros comunitarios (UE-28)	Mujeres	50
Junio 2007	22	Huesca	Extranjeros no comunitarios	RESTO DEL MUNDO	Extranjeros no comunitarios	Extranjeros no comunitarios	Mujeres	196
Junio 2007	22	Huesca	Extranjeros no comunitarios	UNION EUROPEA	Extranjeros no comunitarios	Extranjeros comunitarios (UE-28)	Mujeres	1
Junio 2007	22	Huesca		No consta		No consta	Mujeres	1
Junio 2007	44	Teruel	Españoles	ESPAÑA	Españoles	Españoles	Hombres	1077
Junio 2007	44	Teruel	Extranjeros comunitarios (UE-27)	RESTO DEL MUNDO	Extranjeros comunitarios (UE-27)	Extranjeros comunitarios (UE-28)	Hombres	52
Junio 2007	44	Teruel	Extranjeros comunitarios (UE-27)	UNION EUROPEA	Extranjeros comunitarios (UE-27)	Extranjeros comunitarios (UE-28)	Hombres	23
Junio 2007	44	Teruel	Extranjeros no comunitarios	RESTO DEL MUNDO	Extranjeros no comunitarios	Extranjeros no comunitarios	Hombres	151
Junio 2007	44	Teruel	Extranjeros no comunitarios	UNION EUROPEA	Extranjeros no comunitarios	Extranjeros comunitarios (UE-28)	Hombres	1
Junio 2007	44	Teruel	Españoles	ESPAÑA	Españoles	Españoles	Mujeres	2009
Junio 2007	44	Teruel	Extranjeros comunitarios (UE-27)	RESTO DEL MUNDO	Extranjeros comunitarios (UE-27)	Extranjeros comunitarios (UE-28)	Mujeres	63
Junio 2007	44	Teruel	Extranjeros comunitarios (UE-27)	UNION EUROPEA	Extranjeros comunitarios (UE-27)	Extranjeros comunitarios (UE-28)	Mujeres	24
Junio 2007	44	Teruel	Extranjeros no comunitarios	RESTO DEL MUNDO	Extranjeros no comunitarios	Extranjeros no comunitarios	Mujeres	142
Junio 2007	44	Teruel	Extranjeros no comunitarios	UNION EUROPEA	Extranjeros no comunitarios	Extranjeros comunitarios (UE-28)	Mujeres	1
Junio 2007	50	Zaragoza	Españoles	ESPAÑA	Españoles	Españoles	Hombres	7612
Junio 2007	50	Zaragoza	Extranjeros comunitarios (UE-27)	RESTO DEL MUNDO	Extranjeros comunitarios (UE-27)	Extranjeros comunitarios (UE-28)	Hombres	372
Junio 2007	50	Zaragoza	Extranjeros comunitarios (UE-27)	UNION EUROPEA	Extranjeros comunitarios (UE-27)	Extranjeros comunitarios (UE-28)	Hombres	104
Junio 2007	50	Zaragoza	Extranjeros no comunitarios	RESTO DEL MUNDO	Extranjeros no comunitarios	Extranjeros no comunitarios	Hombres	1083
Junio 2007	50	Zaragoza	Extranjeros no comunitarios	UNION EUROPEA	Extranjeros no comunitarios	Extranjeros comunitarios (UE-28)	Hombres	2
Junio 2007	50	Zaragoza		No consta		No consta	Hombres	2
Junio 2007	50	Zaragoza	Españoles	ESPAÑA	Españoles	Españoles	Mujeres	14300
Junio 2007	50	Zaragoza	Extranjeros comunitarios (UE-27)	RESTO DEL MUNDO	Extranjeros comunitarios (UE-27)	Extranjeros comunitarios (UE-28)	Mujeres	350
Junio 2007	50	Zaragoza	Extranjeros comunitarios (UE-27)	UNION EUROPEA	Extranjeros comunitarios (UE-27)	Extranjeros comunitarios (UE-28)	Mujeres	141
Junio 2007	50	Zaragoza	Extranjeros no comunitarios	RESTO DEL MUNDO	Extranjeros no comunitarios	Extranjeros no comunitarios	Mujeres	901
Junio 2007	50	Zaragoza	Extranjeros no comunitarios	UNION EUROPEA	Extranjeros no comunitarios	Extranjeros comunitarios (UE-28)	Mujeres	7
Junio 2007	50	Zaragoza		No consta		No consta	Mujeres	3
Mayo 2007	22	Huesca	Españoles	ESPAÑA	Españoles	Españoles	Hombres	1594
Mayo 2007	22	Huesca	Extranjeros comunitarios (UE-27)	RESTO DEL MUNDO	Extranjeros comunitarios (UE-27)	Extranjeros comunitarios (UE-28)	Hombres	53
Mayo 2007	22	Huesca	Extranjeros comunitarios (UE-27)	UNION EUROPEA	Extranjeros comunitarios (UE-27)	Extranjeros comunitarios (UE-28)	Hombres	39
Mayo 2007	22	Huesca	Extranjeros no comunitarios	RESTO DEL MUNDO	Extranjeros no comunitarios	Extranjeros no comunitarios	Hombres	293
Mayo 2007	22	Huesca	Extranjeros no comunitarios	UNION EUROPEA	Extranjeros no comunitarios	Extranjeros comunitarios (UE-28)	Hombres	2
Mayo 2007	22	Huesca	Españoles	ESPAÑA	Españoles	Españoles	Mujeres	2772
Mayo 2007	22	Huesca	Extranjeros comunitarios (UE-27)	RESTO DEL MUNDO	Extranjeros comunitarios (UE-27)	Extranjeros comunitarios (UE-28)	Mujeres	54
Mayo 2007	22	Huesca	Extranjeros comunitarios (UE-27)	UNION EUROPEA	Extranjeros comunitarios (UE-27)	Extranjeros comunitarios (UE-28)	Mujeres	59
Mayo 2007	22	Huesca	Extranjeros no comunitarios	RESTO DEL MUNDO	Extranjeros no comunitarios	Extranjeros no comunitarios	Mujeres	214
Mayo 2007	22	Huesca	Extranjeros no comunitarios	UNION EUROPEA	Extranjeros no comunitarios	Extranjeros comunitarios (UE-28)	Mujeres	3
Mayo 2007	44	Teruel	Españoles	ESPAÑA	Españoles	Españoles	Hombres	1083
Mayo 2007	44	Teruel	Extranjeros comunitarios (UE-27)	RESTO DEL MUNDO	Extranjeros comunitarios (UE-27)	Extranjeros comunitarios (UE-28)	Hombres	59
Mayo 2007	44	Teruel	Extranjeros comunitarios (UE-27)	UNION EUROPEA	Extranjeros comunitarios (UE-27)	Extranjeros comunitarios (UE-28)	Hombres	20
Mayo 2007	44	Teruel	Extranjeros no comunitarios	RESTO DEL MUNDO	Extranjeros no comunitarios	Extranjeros no comunitarios	Hombres	150
Mayo 2007	44	Teruel	Extranjeros no comunitarios	UNION EUROPEA	Extranjeros no comunitarios	Extranjeros comunitarios (UE-28)	Hombres	1
Mayo 2007	44	Teruel	Españoles	ESPAÑA	Españoles	Españoles	Mujeres	2151
Mayo 2007	44	Teruel	Extranjeros comunitarios (UE-27)	RESTO DEL MUNDO	Extranjeros comunitarios (UE-27)	Extranjeros comunitarios (UE-28)	Mujeres	75
Mayo 2007	44	Teruel	Extranjeros comunitarios (UE-27)	UNION EUROPEA	Extranjeros comunitarios (UE-27)	Extranjeros comunitarios (UE-28)	Mujeres	27
Mayo 2007	44	Teruel	Extranjeros no comunitarios	RESTO DEL MUNDO	Extranjeros no comunitarios	Extranjeros no comunitarios	Mujeres	160
Mayo 2007	44	Teruel	Extranjeros no comunitarios	UNION EUROPEA	Extranjeros no comunitarios	Extranjeros comunitarios (UE-28)	Mujeres	1
Mayo 2007	50	Zaragoza	Españoles	ESPAÑA	Españoles	Españoles	Hombres	7822
Mayo 2007	50	Zaragoza	Extranjeros comunitarios (UE-27)	RESTO DEL MUNDO	Extranjeros comunitarios (UE-27)	Extranjeros comunitarios (UE-28)	Hombres	304
Mayo 2007	50	Zaragoza	Extranjeros comunitarios (UE-27)	UNION EUROPEA	Extranjeros comunitarios (UE-27)	Extranjeros comunitarios (UE-28)	Hombres	103
Mayo 2007	50	Zaragoza	Extranjeros no comunitarios	RESTO DEL MUNDO	Extranjeros no comunitarios	Extranjeros no comunitarios	Hombres	1154
Mayo 2007	50	Zaragoza	Extranjeros no comunitarios	UNION EUROPEA	Extranjeros no comunitarios	Extranjeros comunitarios (UE-28)	Hombres	1
Mayo 2007	50	Zaragoza		No consta		No consta	Hombres	2
Mayo 2007	50	Zaragoza	Españoles	ESPAÑA	Españoles	Españoles	Mujeres	14614
Mayo 2007	50	Zaragoza	Extranjeros comunitarios (UE-27)	RESTO DEL MUNDO	Extranjeros comunitarios (UE-27)	Extranjeros comunitarios (UE-28)	Mujeres	335
Mayo 2007	50	Zaragoza	Extranjeros comunitarios (UE-27)	UNION EUROPEA	Extranjeros comunitarios (UE-27)	Extranjeros comunitarios (UE-28)	Mujeres	149
Mayo 2007	50	Zaragoza	Extranjeros no comunitarios	RESTO DEL MUNDO	Extranjeros no comunitarios	Extranjeros no comunitarios	Mujeres	1008
Mayo 2007	50	Zaragoza	Extranjeros no comunitarios	UNION EUROPEA	Extranjeros no comunitarios	Extranjeros comunitarios (UE-28)	Mujeres	6
Mayo 2007	50	Zaragoza		No consta		No consta	Mujeres	3
Abril 2007	22	Huesca	Españoles	ESPAÑA	Españoles	Españoles	Hombres	1636
Abril 2007	22	Huesca	Extranjeros comunitarios (UE-27)	RESTO DEL MUNDO	Extranjeros comunitarios (UE-27)	Extranjeros comunitarios (UE-28)	Hombres	58
Abril 2007	22	Huesca	Extranjeros comunitarios (UE-27)	UNION EUROPEA	Extranjeros comunitarios (UE-27)	Extranjeros comunitarios (UE-28)	Hombres	34
Abril 2007	22	Huesca	Extranjeros no comunitarios	RESTO DEL MUNDO	Extranjeros no comunitarios	Extranjeros no comunitarios	Hombres	381
Abril 2007	22	Huesca	Extranjeros no comunitarios	UNION EUROPEA	Extranjeros no comunitarios	Extranjeros comunitarios (UE-28)	Hombres	2
Abril 2007	22	Huesca	Españoles	ESPAÑA	Españoles	Españoles	Mujeres	2799
Abril 2007	22	Huesca	Extranjeros comunitarios (UE-27)	RESTO DEL MUNDO	Extranjeros comunitarios (UE-27)	Extranjeros comunitarios (UE-28)	Mujeres	63
Abril 2007	22	Huesca	Extranjeros comunitarios (UE-27)	UNION EUROPEA	Extranjeros comunitarios (UE-27)	Extranjeros comunitarios (UE-28)	Mujeres	56
Abril 2007	22	Huesca	Extranjeros no comunitarios	RESTO DEL MUNDO	Extranjeros no comunitarios	Extranjeros no comunitarios	Mujeres	222
Abril 2007	22	Huesca	Extranjeros no comunitarios	UNION EUROPEA	Extranjeros no comunitarios	Extranjeros comunitarios (UE-28)	Mujeres	2
Abril 2007	44	Teruel	Españoles	ESPAÑA	Españoles	Españoles	Hombres	1121
Abril 2007	44	Teruel	Extranjeros comunitarios (UE-27)	RESTO DEL MUNDO	Extranjeros comunitarios (UE-27)	Extranjeros comunitarios (UE-28)	Hombres	68
Abril 2007	44	Teruel	Extranjeros comunitarios (UE-27)	UNION EUROPEA	Extranjeros comunitarios (UE-27)	Extranjeros comunitarios (UE-28)	Hombres	24
Abril 2007	44	Teruel	Extranjeros no comunitarios	RESTO DEL MUNDO	Extranjeros no comunitarios	Extranjeros no comunitarios	Hombres	215
Abril 2007	44	Teruel	Extranjeros no comunitarios	UNION EUROPEA	Extranjeros no comunitarios	Extranjeros comunitarios (UE-28)	Hombres	1
Abril 2007	44	Teruel	Españoles	ESPAÑA	Españoles	Españoles	Mujeres	2174
Abril 2007	44	Teruel	Extranjeros comunitarios (UE-27)	RESTO DEL MUNDO	Extranjeros comunitarios (UE-27)	Extranjeros comunitarios (UE-28)	Mujeres	68
Abril 2007	44	Teruel	Extranjeros comunitarios (UE-27)	UNION EUROPEA	Extranjeros comunitarios (UE-27)	Extranjeros comunitarios (UE-28)	Mujeres	37
Abril 2007	44	Teruel	Extranjeros no comunitarios	RESTO DEL MUNDO	Extranjeros no comunitarios	Extranjeros no comunitarios	Mujeres	167
Abril 2007	44	Teruel	Extranjeros no comunitarios	UNION EUROPEA	Extranjeros no comunitarios	Extranjeros comunitarios (UE-28)	Mujeres	1
Abril 2007	50	Zaragoza	Españoles	ESPAÑA	Españoles	Españoles	Hombres	8362
Abril 2007	50	Zaragoza	Extranjeros comunitarios (UE-27)	RESTO DEL MUNDO	Extranjeros comunitarios (UE-27)	Extranjeros comunitarios (UE-28)	Hombres	306
Abril 2007	50	Zaragoza	Extranjeros comunitarios (UE-27)	UNION EUROPEA	Extranjeros comunitarios (UE-27)	Extranjeros comunitarios (UE-28)	Hombres	110
Abril 2007	50	Zaragoza	Extranjeros no comunitarios	RESTO DEL MUNDO	Extranjeros no comunitarios	Extranjeros no comunitarios	Hombres	1262
Abril 2007	50	Zaragoza	Extranjeros no comunitarios	UNION EUROPEA	Extranjeros no comunitarios	Extranjeros comunitarios (UE-28)	Hombres	1
Abril 2007	50	Zaragoza		No consta		No consta	Hombres	2
Abril 2007	50	Zaragoza	Españoles	ESPAÑA	Españoles	Españoles	Mujeres	15109
Abril 2007	50	Zaragoza	Extranjeros comunitarios (UE-27)	RESTO DEL MUNDO	Extranjeros comunitarios (UE-27)	Extranjeros comunitarios (UE-28)	Mujeres	338
Abril 2007	50	Zaragoza	Extranjeros comunitarios (UE-27)	UNION EUROPEA	Extranjeros comunitarios (UE-27)	Extranjeros comunitarios (UE-28)	Mujeres	149
Abril 2007	50	Zaragoza	Extranjeros no comunitarios	RESTO DEL MUNDO	Extranjeros no comunitarios	Extranjeros no comunitarios	Mujeres	1073
Abril 2007	50	Zaragoza	Extranjeros no comunitarios	UNION EUROPEA	Extranjeros no comunitarios	Extranjeros comunitarios (UE-28)	Mujeres	3
Abril 2007	50	Zaragoza		No consta		No consta	Mujeres	4
Marzo 2007	22	Huesca	Españoles	ESPAÑA	Españoles	Españoles	Hombres	1645
Marzo 2007	22	Huesca	Extranjeros comunitarios (UE-27)	RESTO DEL MUNDO	Extranjeros comunitarios (UE-27)	Extranjeros comunitarios (UE-28)	Hombres	55
Marzo 2007	22	Huesca	Extranjeros comunitarios (UE-27)	UNION EUROPEA	Extranjeros comunitarios (UE-27)	Extranjeros comunitarios (UE-28)	Hombres	35
Marzo 2007	22	Huesca	Extranjeros no comunitarios	RESTO DEL MUNDO	Extranjeros no comunitarios	Extranjeros no comunitarios	Hombres	403
Marzo 2007	22	Huesca	Extranjeros no comunitarios	UNION EUROPEA	Extranjeros no comunitarios	Extranjeros comunitarios (UE-28)	Hombres	1
Marzo 2007	22	Huesca	Españoles	ESPAÑA	Españoles	Españoles	Mujeres	2849
Marzo 2007	22	Huesca	Extranjeros comunitarios (UE-27)	RESTO DEL MUNDO	Extranjeros comunitarios (UE-27)	Extranjeros comunitarios (UE-28)	Mujeres	72
Marzo 2007	22	Huesca	Extranjeros comunitarios (UE-27)	UNION EUROPEA	Extranjeros comunitarios (UE-27)	Extranjeros comunitarios (UE-28)	Mujeres	62
Marzo 2007	22	Huesca	Extranjeros no comunitarios	RESTO DEL MUNDO	Extranjeros no comunitarios	Extranjeros no comunitarios	Mujeres	215
Marzo 2007	22	Huesca	Extranjeros no comunitarios	UNION EUROPEA	Extranjeros no comunitarios	Extranjeros comunitarios (UE-28)	Mujeres	1
Marzo 2007	44	Teruel	Españoles	ESPAÑA	Españoles	Españoles	Hombres	1142
Marzo 2007	44	Teruel	Extranjeros comunitarios (UE-27)	RESTO DEL MUNDO	Extranjeros comunitarios (UE-27)	Extranjeros comunitarios (UE-28)	Hombres	67
Marzo 2007	44	Teruel	Extranjeros comunitarios (UE-27)	UNION EUROPEA	Extranjeros comunitarios (UE-27)	Extranjeros comunitarios (UE-28)	Hombres	25
Marzo 2007	44	Teruel	Extranjeros no comunitarios	RESTO DEL MUNDO	Extranjeros no comunitarios	Extranjeros no comunitarios	Hombres	233
Marzo 2007	44	Teruel	Extranjeros no comunitarios	UNION EUROPEA	Extranjeros no comunitarios	Extranjeros comunitarios (UE-28)	Hombres	1
Marzo 2007	44	Teruel	Españoles	ESPAÑA	Españoles	Españoles	Mujeres	2179
Marzo 2007	44	Teruel	Extranjeros comunitarios (UE-27)	RESTO DEL MUNDO	Extranjeros comunitarios (UE-27)	Extranjeros comunitarios (UE-28)	Mujeres	80
Marzo 2007	44	Teruel	Extranjeros comunitarios (UE-27)	UNION EUROPEA	Extranjeros comunitarios (UE-27)	Extranjeros comunitarios (UE-28)	Mujeres	44
Marzo 2007	44	Teruel	Extranjeros no comunitarios	RESTO DEL MUNDO	Extranjeros no comunitarios	Extranjeros no comunitarios	Mujeres	188
Marzo 2007	44	Teruel	Extranjeros no comunitarios	UNION EUROPEA	Extranjeros no comunitarios	Extranjeros comunitarios (UE-28)	Mujeres	1
Marzo 2007	50	Zaragoza	Españoles	ESPAÑA	Españoles	Españoles	Hombres	8389
Marzo 2007	50	Zaragoza	Extranjeros comunitarios (UE-27)	RESTO DEL MUNDO	Extranjeros comunitarios (UE-27)	Extranjeros comunitarios (UE-28)	Hombres	288
Marzo 2007	50	Zaragoza	Extranjeros comunitarios (UE-27)	UNION EUROPEA	Extranjeros comunitarios (UE-27)	Extranjeros comunitarios (UE-28)	Hombres	118
Marzo 2007	50	Zaragoza	Extranjeros no comunitarios	RESTO DEL MUNDO	Extranjeros no comunitarios	Extranjeros no comunitarios	Hombres	1304
Marzo 2007	50	Zaragoza	Extranjeros no comunitarios	UNION EUROPEA	Extranjeros no comunitarios	Extranjeros comunitarios (UE-28)	Hombres	3
Marzo 2007	50	Zaragoza		No consta		No consta	Hombres	3
Marzo 2007	50	Zaragoza	Españoles	ESPAÑA	Españoles	Españoles	Mujeres	15294
Marzo 2007	50	Zaragoza	Extranjeros comunitarios (UE-27)	RESTO DEL MUNDO	Extranjeros comunitarios (UE-27)	Extranjeros comunitarios (UE-28)	Mujeres	331
Marzo 2007	50	Zaragoza	Extranjeros comunitarios (UE-27)	UNION EUROPEA	Extranjeros comunitarios (UE-27)	Extranjeros comunitarios (UE-28)	Mujeres	156
Marzo 2007	50	Zaragoza	Extranjeros no comunitarios	RESTO DEL MUNDO	Extranjeros no comunitarios	Extranjeros no comunitarios	Mujeres	1085
Marzo 2007	50	Zaragoza	Extranjeros no comunitarios	UNION EUROPEA	Extranjeros no comunitarios	Extranjeros comunitarios (UE-28)	Mujeres	2
Marzo 2007	50	Zaragoza		No consta		No consta	Mujeres	4
Febrero 2007	22	Huesca	Españoles	ESPAÑA	Españoles	Españoles	Hombres	1673
Febrero 2007	22	Huesca	Extranjeros comunitarios (UE-27)	RESTO DEL MUNDO	Extranjeros comunitarios (UE-27)	Extranjeros comunitarios (UE-28)	Hombres	62
Febrero 2007	22	Huesca	Extranjeros comunitarios (UE-27)	UNION EUROPEA	Extranjeros comunitarios (UE-27)	Extranjeros comunitarios (UE-28)	Hombres	31
Febrero 2007	22	Huesca	Extranjeros no comunitarios	RESTO DEL MUNDO	Extranjeros no comunitarios	Extranjeros no comunitarios	Hombres	431
Febrero 2007	22	Huesca	Extranjeros no comunitarios	UNION EUROPEA	Extranjeros no comunitarios	Extranjeros comunitarios (UE-28)	Hombres	1
Febrero 2007	22	Huesca	Españoles	ESPAÑA	Españoles	Españoles	Mujeres	2853
Febrero 2007	22	Huesca	Extranjeros comunitarios (UE-27)	RESTO DEL MUNDO	Extranjeros comunitarios (UE-27)	Extranjeros comunitarios (UE-28)	Mujeres	89
Febrero 2007	22	Huesca	Extranjeros comunitarios (UE-27)	UNION EUROPEA	Extranjeros comunitarios (UE-27)	Extranjeros comunitarios (UE-28)	Mujeres	60
Febrero 2007	22	Huesca	Extranjeros no comunitarios	RESTO DEL MUNDO	Extranjeros no comunitarios	Extranjeros no comunitarios	Mujeres	178
Febrero 2007	22	Huesca	Extranjeros no comunitarios	UNION EUROPEA	Extranjeros no comunitarios	Extranjeros comunitarios (UE-28)	Mujeres	1
Febrero 2007	44	Teruel	Españoles	ESPAÑA	Españoles	Españoles	Hombres	1172
Febrero 2007	44	Teruel	Extranjeros comunitarios (UE-27)	RESTO DEL MUNDO	Extranjeros comunitarios (UE-27)	Extranjeros comunitarios (UE-28)	Hombres	70
Febrero 2007	44	Teruel	Extranjeros comunitarios (UE-27)	UNION EUROPEA	Extranjeros comunitarios (UE-27)	Extranjeros comunitarios (UE-28)	Hombres	20
Febrero 2007	44	Teruel	Extranjeros no comunitarios	RESTO DEL MUNDO	Extranjeros no comunitarios	Extranjeros no comunitarios	Hombres	244
Febrero 2007	44	Teruel	Extranjeros no comunitarios	UNION EUROPEA	Extranjeros no comunitarios	Extranjeros comunitarios (UE-28)	Hombres	1
Febrero 2007	44	Teruel	Españoles	ESPAÑA	Españoles	Españoles	Mujeres	2218
Febrero 2007	44	Teruel	Extranjeros comunitarios (UE-27)	RESTO DEL MUNDO	Extranjeros comunitarios (UE-27)	Extranjeros comunitarios (UE-28)	Mujeres	73
Febrero 2007	44	Teruel	Extranjeros comunitarios (UE-27)	UNION EUROPEA	Extranjeros comunitarios (UE-27)	Extranjeros comunitarios (UE-28)	Mujeres	43
Febrero 2007	44	Teruel	Extranjeros no comunitarios	RESTO DEL MUNDO	Extranjeros no comunitarios	Extranjeros no comunitarios	Mujeres	178
Febrero 2007	44	Teruel	Extranjeros no comunitarios	UNION EUROPEA	Extranjeros no comunitarios	Extranjeros comunitarios (UE-28)	Mujeres	1
Febrero 2007	50	Zaragoza	Españoles	ESPAÑA	Españoles	Españoles	Hombres	8482
Febrero 2007	50	Zaragoza	Extranjeros comunitarios (UE-27)	RESTO DEL MUNDO	Extranjeros comunitarios (UE-27)	Extranjeros comunitarios (UE-28)	Hombres	311
Febrero 2007	50	Zaragoza	Extranjeros comunitarios (UE-27)	UNION EUROPEA	Extranjeros comunitarios (UE-27)	Extranjeros comunitarios (UE-28)	Hombres	115
Febrero 2007	50	Zaragoza	Extranjeros no comunitarios	RESTO DEL MUNDO	Extranjeros no comunitarios	Extranjeros no comunitarios	Hombres	1375
Febrero 2007	50	Zaragoza	Extranjeros no comunitarios	UNION EUROPEA	Extranjeros no comunitarios	Extranjeros comunitarios (UE-28)	Hombres	4
Febrero 2007	50	Zaragoza		No consta		No consta	Hombres	2
Febrero 2007	50	Zaragoza	Españoles	ESPAÑA	Españoles	Españoles	Mujeres	15118
Febrero 2007	50	Zaragoza	Extranjeros comunitarios (UE-27)	RESTO DEL MUNDO	Extranjeros comunitarios (UE-27)	Extranjeros comunitarios (UE-28)	Mujeres	346
Febrero 2007	50	Zaragoza	Extranjeros comunitarios (UE-27)	UNION EUROPEA	Extranjeros comunitarios (UE-27)	Extranjeros comunitarios (UE-28)	Mujeres	151
Febrero 2007	50	Zaragoza	Extranjeros no comunitarios	RESTO DEL MUNDO	Extranjeros no comunitarios	Extranjeros no comunitarios	Mujeres	1078
Febrero 2007	50	Zaragoza	Extranjeros no comunitarios	UNION EUROPEA	Extranjeros no comunitarios	Extranjeros comunitarios (UE-28)	Mujeres	3
Febrero 2007	50	Zaragoza		No consta		No consta	Mujeres	5
Enero 2007	22	Huesca	Españoles	ESPAÑA	Españoles	Españoles	Hombres	1792
Enero 2007	22	Huesca	Extranjeros comunitarios (UE-27)	RESTO DEL MUNDO	Extranjeros comunitarios (UE-27)	Extranjeros comunitarios (UE-28)	Hombres	61
Enero 2007	22	Huesca	Extranjeros comunitarios (UE-27)	UNION EUROPEA	Extranjeros comunitarios (UE-27)	Extranjeros comunitarios (UE-28)	Hombres	43
Enero 2007	22	Huesca	Extranjeros no comunitarios	RESTO DEL MUNDO	Extranjeros no comunitarios	Extranjeros no comunitarios	Hombres	493
Enero 2007	22	Huesca	Extranjeros no comunitarios	UNION EUROPEA	Extranjeros no comunitarios	Extranjeros comunitarios (UE-28)	Hombres	1
Enero 2007	22	Huesca	Españoles	ESPAÑA	Españoles	Españoles	Mujeres	2936
Enero 2007	22	Huesca	Extranjeros comunitarios (UE-27)	RESTO DEL MUNDO	Extranjeros comunitarios (UE-27)	Extranjeros comunitarios (UE-28)	Mujeres	91
Enero 2007	22	Huesca	Extranjeros comunitarios (UE-27)	UNION EUROPEA	Extranjeros comunitarios (UE-27)	Extranjeros comunitarios (UE-28)	Mujeres	69
Enero 2007	22	Huesca	Extranjeros no comunitarios	RESTO DEL MUNDO	Extranjeros no comunitarios	Extranjeros no comunitarios	Mujeres	210
Enero 2007	22	Huesca	Extranjeros no comunitarios	UNION EUROPEA	Extranjeros no comunitarios	Extranjeros comunitarios (UE-28)	Mujeres	1
Enero 2007	44	Teruel	Españoles	ESPAÑA	Españoles	Españoles	Hombres	1222
Enero 2007	44	Teruel	Extranjeros comunitarios (UE-27)	RESTO DEL MUNDO	Extranjeros comunitarios (UE-27)	Extranjeros comunitarios (UE-28)	Hombres	78
Enero 2007	44	Teruel	Extranjeros comunitarios (UE-27)	UNION EUROPEA	Extranjeros comunitarios (UE-27)	Extranjeros comunitarios (UE-28)	Hombres	27
Enero 2007	44	Teruel	Extranjeros no comunitarios	RESTO DEL MUNDO	Extranjeros no comunitarios	Extranjeros no comunitarios	Hombres	259
Enero 2007	44	Teruel	Extranjeros no comunitarios	UNION EUROPEA	Extranjeros no comunitarios	Extranjeros comunitarios (UE-28)	Hombres	1
Enero 2007	44	Teruel	Españoles	ESPAÑA	Españoles	Españoles	Mujeres	2164
Enero 2007	44	Teruel	Extranjeros comunitarios (UE-27)	RESTO DEL MUNDO	Extranjeros comunitarios (UE-27)	Extranjeros comunitarios (UE-28)	Mujeres	74
Enero 2007	44	Teruel	Extranjeros comunitarios (UE-27)	UNION EUROPEA	Extranjeros comunitarios (UE-27)	Extranjeros comunitarios (UE-28)	Mujeres	42
Enero 2007	44	Teruel	Extranjeros no comunitarios	RESTO DEL MUNDO	Extranjeros no comunitarios	Extranjeros no comunitarios	Mujeres	174
Enero 2007	44	Teruel	Extranjeros no comunitarios	UNION EUROPEA	Extranjeros no comunitarios	Extranjeros comunitarios (UE-28)	Mujeres	3
Enero 2007	50	Zaragoza	Españoles	ESPAÑA	Españoles	Españoles	Hombres	8741
Enero 2007	50	Zaragoza	Extranjeros comunitarios (UE-27)	RESTO DEL MUNDO	Extranjeros comunitarios (UE-27)	Extranjeros comunitarios (UE-28)	Hombres	336
Enero 2007	50	Zaragoza	Extranjeros comunitarios (UE-27)	UNION EUROPEA	Extranjeros comunitarios (UE-27)	Extranjeros comunitarios (UE-28)	Hombres	112
Enero 2007	50	Zaragoza	Extranjeros no comunitarios	RESTO DEL MUNDO	Extranjeros no comunitarios	Extranjeros no comunitarios	Hombres	1477
Enero 2007	50	Zaragoza	Extranjeros no comunitarios	UNION EUROPEA	Extranjeros no comunitarios	Extranjeros comunitarios (UE-28)	Hombres	4
Enero 2007	50	Zaragoza		No consta		No consta	Hombres	2
Enero 2007	50	Zaragoza	Españoles	ESPAÑA	Españoles	Españoles	Mujeres	15329
Enero 2007	50	Zaragoza	Extranjeros comunitarios (UE-27)	RESTO DEL MUNDO	Extranjeros comunitarios (UE-27)	Extranjeros comunitarios (UE-28)	Mujeres	348
Enero 2007	50	Zaragoza	Extranjeros comunitarios (UE-27)	UNION EUROPEA	Extranjeros comunitarios (UE-27)	Extranjeros comunitarios (UE-28)	Mujeres	155
Enero 2007	50	Zaragoza	Extranjeros no comunitarios	RESTO DEL MUNDO	Extranjeros no comunitarios	Extranjeros no comunitarios	Mujeres	1112
Enero 2007	50	Zaragoza	Extranjeros no comunitarios	UNION EUROPEA	Extranjeros no comunitarios	Extranjeros comunitarios (UE-28)	Mujeres	2
Enero 2007	50	Zaragoza		No consta		No consta	Mujeres	6
Diciembre 2006	22	Huesca	Españoles	ESPAÑA	Españoles	Españoles	Hombres	1738
Diciembre 2006	22	Huesca	Extranjeros comunitarios (UE-25)	UNION EUROPEA	Extranjeros comunitarios (UE-27)	Extranjeros comunitarios (UE-28)	Hombres	37
Diciembre 2006	22	Huesca	Extranjeros no comunitarios	RESTO DEL MUNDO	Extranjeros comunitarios (UE-27)	Extranjeros comunitarios (UE-28)	Hombres	77
Diciembre 2006	22	Huesca	Extranjeros no comunitarios	RESTO DEL MUNDO	Extranjeros no comunitarios	Extranjeros no comunitarios	Hombres	522
Diciembre 2006	22	Huesca	Españoles	ESPAÑA	Españoles	Españoles	Mujeres	2772
Diciembre 2006	22	Huesca	Extranjeros comunitarios (UE-25)	UNION EUROPEA	Extranjeros comunitarios (UE-27)	Extranjeros comunitarios (UE-28)	Mujeres	53
Diciembre 2006	22	Huesca	Extranjeros comunitarios (UE-25)	UNION EUROPEA	Extranjeros no comunitarios	Extranjeros comunitarios (UE-28)	Mujeres	1
Diciembre 2006	22	Huesca	Extranjeros no comunitarios	RESTO DEL MUNDO	Extranjeros comunitarios (UE-27)	Extranjeros comunitarios (UE-28)	Mujeres	94
Diciembre 2006	22	Huesca	Extranjeros no comunitarios	RESTO DEL MUNDO	Extranjeros no comunitarios	Extranjeros no comunitarios	Mujeres	189
Diciembre 2006	44	Teruel	Españoles	ESPAÑA	Españoles	Españoles	Hombres	1189
Diciembre 2006	44	Teruel	Extranjeros comunitarios (UE-25)	UNION EUROPEA	Extranjeros comunitarios (UE-27)	Extranjeros comunitarios (UE-28)	Hombres	35
Diciembre 2006	44	Teruel	Extranjeros comunitarios (UE-25)	UNION EUROPEA	Extranjeros no comunitarios	Extranjeros comunitarios (UE-28)	Hombres	1
Diciembre 2006	44	Teruel	Extranjeros no comunitarios	RESTO DEL MUNDO	Extranjeros comunitarios (UE-27)	Extranjeros comunitarios (UE-28)	Hombres	77
Diciembre 2006	44	Teruel	Extranjeros no comunitarios	RESTO DEL MUNDO	Extranjeros no comunitarios	Extranjeros no comunitarios	Hombres	244
Diciembre 2006	44	Teruel	No consta	No consta		No consta	Hombres	1
Diciembre 2006	44	Teruel	Españoles	ESPAÑA	Españoles	Españoles	Mujeres	2042
Diciembre 2006	44	Teruel	Extranjeros comunitarios (UE-25)	UNION EUROPEA	Extranjeros comunitarios (UE-27)	Extranjeros comunitarios (UE-28)	Mujeres	32
Diciembre 2006	44	Teruel	Extranjeros comunitarios (UE-25)	UNION EUROPEA	Extranjeros no comunitarios	Extranjeros comunitarios (UE-28)	Mujeres	3
Diciembre 2006	44	Teruel	Extranjeros no comunitarios	RESTO DEL MUNDO	Extranjeros comunitarios (UE-27)	Extranjeros comunitarios (UE-28)	Mujeres	75
Diciembre 2006	44	Teruel	Extranjeros no comunitarios	RESTO DEL MUNDO	Extranjeros no comunitarios	Extranjeros no comunitarios	Mujeres	158
Diciembre 2006	50	Zaragoza	Españoles	ESPAÑA	Españoles	Españoles	Hombres	8768
Diciembre 2006	50	Zaragoza	Extranjeros comunitarios (UE-25)	UNION EUROPEA	Extranjeros comunitarios (UE-27)	Extranjeros comunitarios (UE-28)	Hombres	120
Diciembre 2006	50	Zaragoza	Extranjeros comunitarios (UE-25)	UNION EUROPEA	Extranjeros no comunitarios	Extranjeros comunitarios (UE-28)	Hombres	3
Diciembre 2006	50	Zaragoza	Extranjeros no comunitarios	RESTO DEL MUNDO	Extranjeros comunitarios (UE-27)	Extranjeros comunitarios (UE-28)	Hombres	355
Diciembre 2006	50	Zaragoza	Extranjeros no comunitarios	RESTO DEL MUNDO	Extranjeros no comunitarios	Extranjeros no comunitarios	Hombres	1556
Diciembre 2006	50	Zaragoza	No consta	No consta		No consta	Hombres	2
Diciembre 2006	50	Zaragoza	Españoles	ESPAÑA	Españoles	Españoles	Mujeres	14896
Diciembre 2006	50	Zaragoza	Extranjeros comunitarios (UE-25)	UNION EUROPEA	Extranjeros comunitarios (UE-27)	Extranjeros comunitarios (UE-28)	Mujeres	145
Diciembre 2006	50	Zaragoza	Extranjeros comunitarios (UE-25)	UNION EUROPEA	Extranjeros no comunitarios	Extranjeros comunitarios (UE-28)	Mujeres	3
Diciembre 2006	50	Zaragoza	Extranjeros no comunitarios	RESTO DEL MUNDO	Extranjeros comunitarios (UE-27)	Extranjeros comunitarios (UE-28)	Mujeres	291
Diciembre 2006	50	Zaragoza	Extranjeros no comunitarios	RESTO DEL MUNDO	Extranjeros no comunitarios	Extranjeros no comunitarios	Mujeres	1023
Diciembre 2006	50	Zaragoza	No consta	No consta		No consta	Mujeres	5
Noviembre 2006	22	Huesca	Españoles	ESPAÑA	Españoles	Españoles	Hombres	1610
Noviembre 2006	22	Huesca	Extranjeros comunitarios (UE-25)	UNION EUROPEA	Extranjeros comunitarios (UE-27)	Extranjeros comunitarios (UE-28)	Hombres	39
Noviembre 2006	22	Huesca	Extranjeros no comunitarios	RESTO DEL MUNDO	Extranjeros comunitarios (UE-27)	Extranjeros comunitarios (UE-28)	Hombres	56
Noviembre 2006	22	Huesca	Extranjeros no comunitarios	RESTO DEL MUNDO	Extranjeros no comunitarios	Extranjeros no comunitarios	Hombres	397
Noviembre 2006	22	Huesca	Españoles	ESPAÑA	Españoles	Españoles	Mujeres	2933
Noviembre 2006	22	Huesca	Extranjeros comunitarios (UE-25)	UNION EUROPEA	Extranjeros comunitarios (UE-27)	Extranjeros comunitarios (UE-28)	Mujeres	65
Noviembre 2006	22	Huesca	Extranjeros comunitarios (UE-25)	UNION EUROPEA	Extranjeros no comunitarios	Extranjeros comunitarios (UE-28)	Mujeres	2
Noviembre 2006	22	Huesca	Extranjeros no comunitarios	RESTO DEL MUNDO	Extranjeros comunitarios (UE-27)	Extranjeros comunitarios (UE-28)	Mujeres	97
Noviembre 2006	22	Huesca	Extranjeros no comunitarios	RESTO DEL MUNDO	Extranjeros no comunitarios	Extranjeros no comunitarios	Mujeres	193
Noviembre 2006	44	Teruel	Españoles	ESPAÑA	Españoles	Españoles	Hombres	1139
Noviembre 2006	44	Teruel	Extranjeros comunitarios (UE-25)	UNION EUROPEA	Extranjeros comunitarios (UE-27)	Extranjeros comunitarios (UE-28)	Hombres	34
Noviembre 2006	44	Teruel	Extranjeros comunitarios (UE-25)	UNION EUROPEA	Extranjeros no comunitarios	Extranjeros comunitarios (UE-28)	Hombres	1
Noviembre 2006	44	Teruel	Extranjeros no comunitarios	RESTO DEL MUNDO	Extranjeros comunitarios (UE-27)	Extranjeros comunitarios (UE-28)	Hombres	67
Noviembre 2006	44	Teruel	Extranjeros no comunitarios	RESTO DEL MUNDO	Extranjeros no comunitarios	Extranjeros no comunitarios	Hombres	207
Noviembre 2006	44	Teruel	No consta	No consta		No consta	Hombres	1
Noviembre 2006	44	Teruel	Españoles	ESPAÑA	Españoles	Españoles	Mujeres	2132
Noviembre 2006	44	Teruel	Extranjeros comunitarios (UE-25)	UNION EUROPEA	Extranjeros comunitarios (UE-27)	Extranjeros comunitarios (UE-28)	Mujeres	32
Noviembre 2006	44	Teruel	Extranjeros comunitarios (UE-25)	UNION EUROPEA	Extranjeros no comunitarios	Extranjeros comunitarios (UE-28)	Mujeres	3
Noviembre 2006	44	Teruel	Extranjeros no comunitarios	RESTO DEL MUNDO	Extranjeros comunitarios (UE-27)	Extranjeros comunitarios (UE-28)	Mujeres	84
Noviembre 2006	44	Teruel	Extranjeros no comunitarios	RESTO DEL MUNDO	Extranjeros no comunitarios	Extranjeros no comunitarios	Mujeres	160
Noviembre 2006	50	Zaragoza	Españoles	ESPAÑA	Españoles	Españoles	Hombres	8558
Noviembre 2006	50	Zaragoza	Extranjeros comunitarios (UE-25)	UNION EUROPEA	Extranjeros comunitarios (UE-27)	Extranjeros comunitarios (UE-28)	Hombres	109
Noviembre 2006	50	Zaragoza	Extranjeros comunitarios (UE-25)	UNION EUROPEA	Extranjeros no comunitarios	Extranjeros comunitarios (UE-28)	Hombres	5
Noviembre 2006	50	Zaragoza	Extranjeros no comunitarios	RESTO DEL MUNDO	Extranjeros comunitarios (UE-27)	Extranjeros comunitarios (UE-28)	Hombres	298
Noviembre 2006	50	Zaragoza	Extranjeros no comunitarios	RESTO DEL MUNDO	Extranjeros no comunitarios	Extranjeros no comunitarios	Hombres	1294
Noviembre 2006	50	Zaragoza	No consta	No consta		No consta	Hombres	3
Noviembre 2006	50	Zaragoza	Españoles	ESPAÑA	Españoles	Españoles	Mujeres	15301
Noviembre 2006	50	Zaragoza	Extranjeros comunitarios (UE-25)	UNION EUROPEA	Extranjeros comunitarios (UE-27)	Extranjeros comunitarios (UE-28)	Mujeres	150
Noviembre 2006	50	Zaragoza	Extranjeros comunitarios (UE-25)	UNION EUROPEA	Extranjeros no comunitarios	Extranjeros comunitarios (UE-28)	Mujeres	6
Noviembre 2006	50	Zaragoza	Extranjeros no comunitarios	RESTO DEL MUNDO	Extranjeros comunitarios (UE-27)	Extranjeros comunitarios (UE-28)	Mujeres	267
Noviembre 2006	50	Zaragoza	Extranjeros no comunitarios	RESTO DEL MUNDO	Extranjeros no comunitarios	Extranjeros no comunitarios	Mujeres	1038
Noviembre 2006	50	Zaragoza	No consta	No consta		No consta	Mujeres	4
Octubre 2006	22	Huesca	Españoles	ESPAÑA	Españoles	Españoles	Hombres	1584
Octubre 2006	22	Huesca	Extranjeros comunitarios (UE-25)	UNION EUROPEA	Extranjeros comunitarios (UE-27)	Extranjeros comunitarios (UE-28)	Hombres	33
Octubre 2006	22	Huesca	Extranjeros no comunitarios	RESTO DEL MUNDO	Extranjeros comunitarios (UE-27)	Extranjeros comunitarios (UE-28)	Hombres	49
Octubre 2006	22	Huesca	Extranjeros no comunitarios	RESTO DEL MUNDO	Extranjeros no comunitarios	Extranjeros no comunitarios	Hombres	401
Octubre 2006	22	Huesca	Españoles	ESPAÑA	Españoles	Españoles	Mujeres	2908
Octubre 2006	22	Huesca	Extranjeros comunitarios (UE-25)	UNION EUROPEA	Extranjeros comunitarios (UE-27)	Extranjeros comunitarios (UE-28)	Mujeres	70
Octubre 2006	22	Huesca	Extranjeros comunitarios (UE-25)	UNION EUROPEA	Extranjeros no comunitarios	Extranjeros comunitarios (UE-28)	Mujeres	2
Octubre 2006	22	Huesca	Extranjeros no comunitarios	RESTO DEL MUNDO	Extranjeros comunitarios (UE-27)	Extranjeros comunitarios (UE-28)	Mujeres	77
Octubre 2006	22	Huesca	Extranjeros no comunitarios	RESTO DEL MUNDO	Extranjeros no comunitarios	Extranjeros no comunitarios	Mujeres	192
Octubre 2006	44	Teruel	Españoles	ESPAÑA	Españoles	Españoles	Hombres	1143
Octubre 2006	44	Teruel	Extranjeros comunitarios (UE-25)	UNION EUROPEA	Extranjeros comunitarios (UE-27)	Extranjeros comunitarios (UE-28)	Hombres	32
Octubre 2006	44	Teruel	Extranjeros comunitarios (UE-25)	UNION EUROPEA	Extranjeros no comunitarios	Extranjeros comunitarios (UE-28)	Hombres	2
Octubre 2006	44	Teruel	Extranjeros no comunitarios	RESTO DEL MUNDO	Extranjeros comunitarios (UE-27)	Extranjeros comunitarios (UE-28)	Hombres	57
Octubre 2006	44	Teruel	Extranjeros no comunitarios	RESTO DEL MUNDO	Extranjeros no comunitarios	Extranjeros no comunitarios	Hombres	179
Octubre 2006	44	Teruel	No consta	No consta		No consta	Hombres	1
Octubre 2006	44	Teruel	Españoles	ESPAÑA	Españoles	Españoles	Mujeres	2091
Octubre 2006	44	Teruel	Extranjeros comunitarios (UE-25)	UNION EUROPEA	Extranjeros comunitarios (UE-27)	Extranjeros comunitarios (UE-28)	Mujeres	32
Octubre 2006	44	Teruel	Extranjeros comunitarios (UE-25)	UNION EUROPEA	Extranjeros no comunitarios	Extranjeros comunitarios (UE-28)	Mujeres	1
Octubre 2006	44	Teruel	Extranjeros no comunitarios	RESTO DEL MUNDO	Extranjeros comunitarios (UE-27)	Extranjeros comunitarios (UE-28)	Mujeres	75
Octubre 2006	44	Teruel	Extranjeros no comunitarios	RESTO DEL MUNDO	Extranjeros no comunitarios	Extranjeros no comunitarios	Mujeres	161
Octubre 2006	50	Zaragoza	Españoles	ESPAÑA	Españoles	Españoles	Hombres	8598
Octubre 2006	50	Zaragoza	Extranjeros comunitarios (UE-25)	UNION EUROPEA	Extranjeros comunitarios (UE-27)	Extranjeros comunitarios (UE-28)	Hombres	101
Octubre 2006	50	Zaragoza	Extranjeros comunitarios (UE-25)	UNION EUROPEA	Extranjeros no comunitarios	Extranjeros comunitarios (UE-28)	Hombres	7
Octubre 2006	50	Zaragoza	Extranjeros no comunitarios	RESTO DEL MUNDO	Extranjeros comunitarios (UE-27)	Extranjeros comunitarios (UE-28)	Hombres	280
Octubre 2006	50	Zaragoza	Extranjeros no comunitarios	RESTO DEL MUNDO	Extranjeros no comunitarios	Extranjeros no comunitarios	Hombres	1259
Octubre 2006	50	Zaragoza	No consta	No consta		No consta	Hombres	3
Octubre 2006	50	Zaragoza	Españoles	ESPAÑA	Españoles	Españoles	Mujeres	15268
Octubre 2006	50	Zaragoza	Extranjeros comunitarios (UE-25)	UNION EUROPEA	Extranjeros comunitarios (UE-27)	Extranjeros comunitarios (UE-28)	Mujeres	146
Octubre 2006	50	Zaragoza	Extranjeros comunitarios (UE-25)	UNION EUROPEA	Extranjeros no comunitarios	Extranjeros comunitarios (UE-28)	Mujeres	9
Octubre 2006	50	Zaragoza	Extranjeros no comunitarios	RESTO DEL MUNDO	Extranjeros comunitarios (UE-27)	Extranjeros comunitarios (UE-28)	Mujeres	235
Octubre 2006	50	Zaragoza	Extranjeros no comunitarios	RESTO DEL MUNDO	Extranjeros no comunitarios	Extranjeros no comunitarios	Mujeres	953
Octubre 2006	50	Zaragoza	No consta	No consta		No consta	Mujeres	3
Septiembre 2006	22	Huesca	Españoles	ESPAÑA	Españoles	Españoles	Hombres	1576
Septiembre 2006	22	Huesca	Extranjeros comunitarios (UE-25)	UNION EUROPEA	Extranjeros comunitarios (UE-27)	Extranjeros comunitarios (UE-28)	Hombres	37
Septiembre 2006	22	Huesca	Extranjeros no comunitarios	RESTO DEL MUNDO	Extranjeros comunitarios (UE-27)	Extranjeros comunitarios (UE-28)	Hombres	45
Septiembre 2006	22	Huesca	Extranjeros no comunitarios	RESTO DEL MUNDO	Extranjeros no comunitarios	Extranjeros no comunitarios	Hombres	335
Septiembre 2006	22	Huesca	Españoles	ESPAÑA	Españoles	Españoles	Mujeres	2841
Septiembre 2006	22	Huesca	Extranjeros comunitarios (UE-25)	UNION EUROPEA	Extranjeros comunitarios (UE-27)	Extranjeros comunitarios (UE-28)	Mujeres	56
Septiembre 2006	22	Huesca	Extranjeros comunitarios (UE-25)	UNION EUROPEA	Extranjeros no comunitarios	Extranjeros comunitarios (UE-28)	Mujeres	2
Septiembre 2006	22	Huesca	Extranjeros no comunitarios	RESTO DEL MUNDO	Extranjeros comunitarios (UE-27)	Extranjeros comunitarios (UE-28)	Mujeres	65
Septiembre 2006	22	Huesca	Extranjeros no comunitarios	RESTO DEL MUNDO	Extranjeros no comunitarios	Extranjeros no comunitarios	Mujeres	167
Septiembre 2006	44	Teruel	Españoles	ESPAÑA	Españoles	Españoles	Hombres	1148
Septiembre 2006	44	Teruel	Extranjeros comunitarios (UE-25)	UNION EUROPEA	Extranjeros comunitarios (UE-27)	Extranjeros comunitarios (UE-28)	Hombres	23
Septiembre 2006	44	Teruel	Extranjeros comunitarios (UE-25)	UNION EUROPEA	Extranjeros no comunitarios	Extranjeros comunitarios (UE-28)	Hombres	2
Septiembre 2006	44	Teruel	Extranjeros no comunitarios	RESTO DEL MUNDO	Extranjeros comunitarios (UE-27)	Extranjeros comunitarios (UE-28)	Hombres	57
Septiembre 2006	44	Teruel	Extranjeros no comunitarios	RESTO DEL MUNDO	Extranjeros no comunitarios	Extranjeros no comunitarios	Hombres	172
Septiembre 2006	44	Teruel	Españoles	ESPAÑA	Españoles	Españoles	Mujeres	2012
Septiembre 2006	44	Teruel	Extranjeros comunitarios (UE-25)	UNION EUROPEA	Extranjeros comunitarios (UE-27)	Extranjeros comunitarios (UE-28)	Mujeres	30
Septiembre 2006	44	Teruel	Extranjeros comunitarios (UE-25)	UNION EUROPEA	Extranjeros no comunitarios	Extranjeros comunitarios (UE-28)	Mujeres	1
Septiembre 2006	44	Teruel	Extranjeros no comunitarios	RESTO DEL MUNDO	Extranjeros comunitarios (UE-27)	Extranjeros comunitarios (UE-28)	Mujeres	70
Septiembre 2006	44	Teruel	Extranjeros no comunitarios	RESTO DEL MUNDO	Extranjeros no comunitarios	Extranjeros no comunitarios	Mujeres	128
Septiembre 2006	50	Zaragoza	Españoles	ESPAÑA	Españoles	Españoles	Hombres	8649
Septiembre 2006	50	Zaragoza	Extranjeros comunitarios (UE-25)	UNION EUROPEA	Extranjeros comunitarios (UE-27)	Extranjeros comunitarios (UE-28)	Hombres	113
Septiembre 2006	50	Zaragoza	Extranjeros comunitarios (UE-25)	UNION EUROPEA	Extranjeros no comunitarios	Extranjeros comunitarios (UE-28)	Hombres	10
Septiembre 2006	50	Zaragoza	Extranjeros no comunitarios	RESTO DEL MUNDO	Extranjeros comunitarios (UE-27)	Extranjeros comunitarios (UE-28)	Hombres	280
Septiembre 2006	50	Zaragoza	Extranjeros no comunitarios	RESTO DEL MUNDO	Extranjeros no comunitarios	Extranjeros no comunitarios	Hombres	1067
Septiembre 2006	50	Zaragoza	No consta	No consta		No consta	Hombres	3
Septiembre 2006	50	Zaragoza	Españoles	ESPAÑA	Españoles	Españoles	Mujeres	14976
Septiembre 2006	50	Zaragoza	Extranjeros comunitarios (UE-25)	UNION EUROPEA	Extranjeros comunitarios (UE-27)	Extranjeros comunitarios (UE-28)	Mujeres	131
Septiembre 2006	50	Zaragoza	Extranjeros comunitarios (UE-25)	UNION EUROPEA	Extranjeros no comunitarios	Extranjeros comunitarios (UE-28)	Mujeres	13
Septiembre 2006	50	Zaragoza	Extranjeros no comunitarios	RESTO DEL MUNDO	Extranjeros comunitarios (UE-27)	Extranjeros comunitarios (UE-28)	Mujeres	219
Septiembre 2006	50	Zaragoza	Extranjeros no comunitarios	RESTO DEL MUNDO	Extranjeros no comunitarios	Extranjeros no comunitarios	Mujeres	836
Septiembre 2006	50	Zaragoza	No consta	No consta		No consta	Mujeres	4
Agosto 2006	22	Huesca	Españoles	ESPAÑA	Españoles	Españoles	Hombres	1526
Agosto 2006	22	Huesca	Extranjeros comunitarios (UE-25)	UNION EUROPEA	Extranjeros comunitarios (UE-27)	Extranjeros comunitarios (UE-28)	Hombres	34
Agosto 2006	22	Huesca	Extranjeros comunitarios (UE-25)	UNION EUROPEA	Extranjeros no comunitarios	Extranjeros comunitarios (UE-28)	Hombres	2
Agosto 2006	22	Huesca	Extranjeros no comunitarios	RESTO DEL MUNDO	Extranjeros comunitarios (UE-27)	Extranjeros comunitarios (UE-28)	Hombres	38
Agosto 2006	22	Huesca	Extranjeros no comunitarios	RESTO DEL MUNDO	Extranjeros no comunitarios	Extranjeros no comunitarios	Hombres	271
Agosto 2006	22	Huesca	Españoles	ESPAÑA	Españoles	Españoles	Mujeres	2678
Agosto 2006	22	Huesca	Extranjeros comunitarios (UE-25)	UNION EUROPEA	Extranjeros comunitarios (UE-27)	Extranjeros comunitarios (UE-28)	Mujeres	38
Agosto 2006	22	Huesca	Extranjeros comunitarios (UE-25)	UNION EUROPEA	Extranjeros no comunitarios	Extranjeros comunitarios (UE-28)	Mujeres	4
Agosto 2006	22	Huesca	Extranjeros no comunitarios	RESTO DEL MUNDO	Extranjeros comunitarios (UE-27)	Extranjeros comunitarios (UE-28)	Mujeres	50
Agosto 2006	22	Huesca	Extranjeros no comunitarios	RESTO DEL MUNDO	Extranjeros no comunitarios	Extranjeros no comunitarios	Mujeres	138
Agosto 2006	44	Teruel	Españoles	ESPAÑA	Españoles	Españoles	Hombres	1139
Agosto 2006	44	Teruel	Extranjeros comunitarios (UE-25)	UNION EUROPEA	Extranjeros comunitarios (UE-27)	Extranjeros comunitarios (UE-28)	Hombres	25
Agosto 2006	44	Teruel	Extranjeros comunitarios (UE-25)	UNION EUROPEA	Extranjeros no comunitarios	Extranjeros comunitarios (UE-28)	Hombres	1
Agosto 2006	44	Teruel	Extranjeros no comunitarios	RESTO DEL MUNDO	Extranjeros comunitarios (UE-27)	Extranjeros comunitarios (UE-28)	Hombres	57
Agosto 2006	44	Teruel	Extranjeros no comunitarios	RESTO DEL MUNDO	Extranjeros no comunitarios	Extranjeros no comunitarios	Hombres	162
Agosto 2006	44	Teruel	Españoles	ESPAÑA	Españoles	Españoles	Mujeres	1860
Agosto 2006	44	Teruel	Extranjeros comunitarios (UE-25)	UNION EUROPEA	Extranjeros comunitarios (UE-27)	Extranjeros comunitarios (UE-28)	Mujeres	22
Agosto 2006	44	Teruel	Extranjeros comunitarios (UE-25)	UNION EUROPEA	Extranjeros no comunitarios	Extranjeros comunitarios (UE-28)	Mujeres	1
Agosto 2006	44	Teruel	Extranjeros no comunitarios	RESTO DEL MUNDO	Extranjeros comunitarios (UE-27)	Extranjeros comunitarios (UE-28)	Mujeres	51
Agosto 2006	44	Teruel	Extranjeros no comunitarios	RESTO DEL MUNDO	Extranjeros no comunitarios	Extranjeros no comunitarios	Mujeres	118
Agosto 2006	50	Zaragoza	Españoles	ESPAÑA	Españoles	Españoles	Hombres	8779
Agosto 2006	50	Zaragoza	Extranjeros comunitarios (UE-25)	UNION EUROPEA	Extranjeros comunitarios (UE-27)	Extranjeros comunitarios (UE-28)	Hombres	108
Agosto 2006	50	Zaragoza	Extranjeros comunitarios (UE-25)	UNION EUROPEA	Extranjeros no comunitarios	Extranjeros comunitarios (UE-28)	Hombres	10
Agosto 2006	50	Zaragoza	Extranjeros no comunitarios	RESTO DEL MUNDO	Extranjeros comunitarios (UE-27)	Extranjeros comunitarios (UE-28)	Hombres	290
Agosto 2006	50	Zaragoza	Extranjeros no comunitarios	RESTO DEL MUNDO	Extranjeros no comunitarios	Extranjeros no comunitarios	Hombres	1116
Agosto 2006	50	Zaragoza	No consta	No consta		No consta	Hombres	3
Agosto 2006	50	Zaragoza	Españoles	ESPAÑA	Españoles	Españoles	Mujeres	15247
Agosto 2006	50	Zaragoza	Extranjeros comunitarios (UE-25)	UNION EUROPEA	Extranjeros comunitarios (UE-27)	Extranjeros comunitarios (UE-28)	Mujeres	133
Agosto 2006	50	Zaragoza	Extranjeros comunitarios (UE-25)	UNION EUROPEA	Extranjeros no comunitarios	Extranjeros comunitarios (UE-28)	Mujeres	12
Agosto 2006	50	Zaragoza	Extranjeros no comunitarios	RESTO DEL MUNDO	Extranjeros comunitarios (UE-27)	Extranjeros comunitarios (UE-28)	Mujeres	220
Agosto 2006	50	Zaragoza	Extranjeros no comunitarios	RESTO DEL MUNDO	Extranjeros no comunitarios	Extranjeros no comunitarios	Mujeres	776
Agosto 2006	50	Zaragoza	No consta	No consta		No consta	Mujeres	3
Julio 2006	22	Huesca	Españoles	ESPAÑA	Españoles	Españoles	Hombres	1471
Julio 2006	22	Huesca	Extranjeros comunitarios (UE-25)	UNION EUROPEA	Extranjeros comunitarios (UE-27)	Extranjeros comunitarios (UE-28)	Hombres	24
Julio 2006	22	Huesca	Extranjeros comunitarios (UE-25)	UNION EUROPEA	Extranjeros no comunitarios	Extranjeros comunitarios (UE-28)	Hombres	2
Julio 2006	22	Huesca	Extranjeros no comunitarios	RESTO DEL MUNDO	Extranjeros comunitarios (UE-27)	Extranjeros comunitarios (UE-28)	Hombres	34
Julio 2006	22	Huesca	Extranjeros no comunitarios	RESTO DEL MUNDO	Extranjeros no comunitarios	Extranjeros no comunitarios	Hombres	249
Julio 2006	22	Huesca	No consta	No consta		No consta	Hombres	1
Julio 2006	22	Huesca	Españoles	ESPAÑA	Españoles	Españoles	Mujeres	2592
Julio 2006	22	Huesca	Extranjeros comunitarios (UE-25)	UNION EUROPEA	Extranjeros comunitarios (UE-27)	Extranjeros comunitarios (UE-28)	Mujeres	39
Julio 2006	22	Huesca	Extranjeros comunitarios (UE-25)	UNION EUROPEA	Extranjeros no comunitarios	Extranjeros comunitarios (UE-28)	Mujeres	5
Julio 2006	22	Huesca	Extranjeros no comunitarios	RESTO DEL MUNDO	Extranjeros comunitarios (UE-27)	Extranjeros comunitarios (UE-28)	Mujeres	47
Julio 2006	22	Huesca	Extranjeros no comunitarios	RESTO DEL MUNDO	Extranjeros no comunitarios	Extranjeros no comunitarios	Mujeres	157
Julio 2006	44	Teruel	Españoles	ESPAÑA	Españoles	Españoles	Hombres	1075
Julio 2006	44	Teruel	Extranjeros comunitarios (UE-25)	UNION EUROPEA	Extranjeros comunitarios (UE-27)	Extranjeros comunitarios (UE-28)	Hombres	25
Julio 2006	44	Teruel	Extranjeros no comunitarios	RESTO DEL MUNDO	Extranjeros comunitarios (UE-27)	Extranjeros comunitarios (UE-28)	Hombres	58
Julio 2006	44	Teruel	Extranjeros no comunitarios	RESTO DEL MUNDO	Extranjeros no comunitarios	Extranjeros no comunitarios	Hombres	163
Julio 2006	44	Teruel	Españoles	ESPAÑA	Españoles	Españoles	Mujeres	1831
Julio 2006	44	Teruel	Extranjeros comunitarios (UE-25)	UNION EUROPEA	Extranjeros comunitarios (UE-27)	Extranjeros comunitarios (UE-28)	Mujeres	21
Julio 2006	44	Teruel	Extranjeros no comunitarios	RESTO DEL MUNDO	Extranjeros comunitarios (UE-27)	Extranjeros comunitarios (UE-28)	Mujeres	41
Julio 2006	44	Teruel	Extranjeros no comunitarios	RESTO DEL MUNDO	Extranjeros no comunitarios	Extranjeros no comunitarios	Mujeres	103
Julio 2006	44	Teruel	No consta	No consta		No consta	Mujeres	1
Julio 2006	50	Zaragoza	Españoles	ESPAÑA	Españoles	Españoles	Hombres	8456
Julio 2006	50	Zaragoza	Extranjeros comunitarios (UE-25)	UNION EUROPEA	Extranjeros comunitarios (UE-27)	Extranjeros comunitarios (UE-28)	Hombres	115
Julio 2006	50	Zaragoza	Extranjeros comunitarios (UE-25)	UNION EUROPEA	Extranjeros no comunitarios	Extranjeros comunitarios (UE-28)	Hombres	9
Julio 2006	50	Zaragoza	Extranjeros no comunitarios	RESTO DEL MUNDO	Extranjeros comunitarios (UE-27)	Extranjeros comunitarios (UE-28)	Hombres	259
Julio 2006	50	Zaragoza	Extranjeros no comunitarios	RESTO DEL MUNDO	Extranjeros no comunitarios	Extranjeros no comunitarios	Hombres	1048
Julio 2006	50	Zaragoza	No consta	No consta		No consta	Hombres	5
Julio 2006	50	Zaragoza	Españoles	ESPAÑA	Españoles	Españoles	Mujeres	15026
Julio 2006	50	Zaragoza	Extranjeros comunitarios (UE-25)	UNION EUROPEA	Extranjeros comunitarios (UE-27)	Extranjeros comunitarios (UE-28)	Mujeres	122
Julio 2006	50	Zaragoza	Extranjeros comunitarios (UE-25)	UNION EUROPEA	Extranjeros no comunitarios	Extranjeros comunitarios (UE-28)	Mujeres	12
Julio 2006	50	Zaragoza	Extranjeros no comunitarios	RESTO DEL MUNDO	Extranjeros comunitarios (UE-27)	Extranjeros comunitarios (UE-28)	Mujeres	207
Julio 2006	50	Zaragoza	Extranjeros no comunitarios	RESTO DEL MUNDO	Extranjeros no comunitarios	Extranjeros no comunitarios	Mujeres	832
Julio 2006	50	Zaragoza	No consta	No consta		No consta	Mujeres	3
Junio 2006	22	Huesca	Españoles	ESPAÑA	Españoles	Españoles	Hombres	1544
Junio 2006	22	Huesca	Extranjeros comunitarios (UE-25)	UNION EUROPEA	Extranjeros comunitarios (UE-27)	Extranjeros comunitarios (UE-28)	Hombres	32
Junio 2006	22	Huesca	Extranjeros no comunitarios	RESTO DEL MUNDO	Extranjeros comunitarios (UE-27)	Extranjeros comunitarios (UE-28)	Hombres	20
Junio 2006	22	Huesca	Extranjeros no comunitarios	RESTO DEL MUNDO	Extranjeros no comunitarios	Extranjeros no comunitarios	Hombres	245
Junio 2006	22	Huesca	No consta	No consta		No consta	Hombres	1
Junio 2006	22	Huesca	Españoles	ESPAÑA	Españoles	Españoles	Mujeres	2831
Junio 2006	22	Huesca	Extranjeros comunitarios (UE-25)	UNION EUROPEA	Extranjeros comunitarios (UE-27)	Extranjeros comunitarios (UE-28)	Mujeres	46
Junio 2006	22	Huesca	Extranjeros comunitarios (UE-25)	UNION EUROPEA	Extranjeros no comunitarios	Extranjeros comunitarios (UE-28)	Mujeres	4
Junio 2006	22	Huesca	Extranjeros no comunitarios	RESTO DEL MUNDO	Extranjeros comunitarios (UE-27)	Extranjeros comunitarios (UE-28)	Mujeres	40
Junio 2006	22	Huesca	Extranjeros no comunitarios	RESTO DEL MUNDO	Extranjeros no comunitarios	Extranjeros no comunitarios	Mujeres	161
Junio 2006	44	Teruel	Españoles	ESPAÑA	Españoles	Españoles	Hombres	1118
Junio 2006	44	Teruel	Extranjeros comunitarios (UE-25)	UNION EUROPEA	Extranjeros comunitarios (UE-27)	Extranjeros comunitarios (UE-28)	Hombres	27
Junio 2006	44	Teruel	Extranjeros comunitarios (UE-25)	UNION EUROPEA	Extranjeros no comunitarios	Extranjeros comunitarios (UE-28)	Hombres	1
Junio 2006	44	Teruel	Extranjeros no comunitarios	RESTO DEL MUNDO	Extranjeros comunitarios (UE-27)	Extranjeros comunitarios (UE-28)	Hombres	47
Junio 2006	44	Teruel	Extranjeros no comunitarios	RESTO DEL MUNDO	Extranjeros no comunitarios	Extranjeros no comunitarios	Hombres	126
Junio 2006	44	Teruel	Españoles	ESPAÑA	Españoles	Españoles	Mujeres	1968
Junio 2006	44	Teruel	Extranjeros comunitarios (UE-25)	UNION EUROPEA	Extranjeros comunitarios (UE-27)	Extranjeros comunitarios (UE-28)	Mujeres	20
Junio 2006	44	Teruel	Extranjeros no comunitarios	RESTO DEL MUNDO	Extranjeros comunitarios (UE-27)	Extranjeros comunitarios (UE-28)	Mujeres	52
Junio 2006	44	Teruel	Extranjeros no comunitarios	RESTO DEL MUNDO	Extranjeros no comunitarios	Extranjeros no comunitarios	Mujeres	114
Junio 2006	44	Teruel	No consta	No consta		No consta	Mujeres	1
Junio 2006	50	Zaragoza	Españoles	ESPAÑA	Españoles	Españoles	Hombres	8385
Junio 2006	50	Zaragoza	Extranjeros comunitarios (UE-25)	UNION EUROPEA	Extranjeros comunitarios (UE-27)	Extranjeros comunitarios (UE-28)	Hombres	113
Junio 2006	50	Zaragoza	Extranjeros comunitarios (UE-25)	UNION EUROPEA	Extranjeros no comunitarios	Extranjeros comunitarios (UE-28)	Hombres	8
Junio 2006	50	Zaragoza	Extranjeros no comunitarios	RESTO DEL MUNDO	Extranjeros comunitarios (UE-27)	Extranjeros comunitarios (UE-28)	Hombres	231
Junio 2006	50	Zaragoza	Extranjeros no comunitarios	RESTO DEL MUNDO	Extranjeros no comunitarios	Extranjeros no comunitarios	Hombres	1012
Junio 2006	50	Zaragoza	No consta	No consta		No consta	Hombres	5
Junio 2006	50	Zaragoza	Españoles	ESPAÑA	Españoles	Españoles	Mujeres	15073
Junio 2006	50	Zaragoza	Extranjeros comunitarios (UE-25)	UNION EUROPEA	Extranjeros comunitarios (UE-27)	Extranjeros comunitarios (UE-28)	Mujeres	112
Junio 2006	50	Zaragoza	Extranjeros comunitarios (UE-25)	UNION EUROPEA	Extranjeros no comunitarios	Extranjeros comunitarios (UE-28)	Mujeres	4
Junio 2006	50	Zaragoza	Extranjeros no comunitarios	RESTO DEL MUNDO	Extranjeros comunitarios (UE-27)	Extranjeros comunitarios (UE-28)	Mujeres	221
Junio 2006	50	Zaragoza	Extranjeros no comunitarios	RESTO DEL MUNDO	Extranjeros no comunitarios	Extranjeros no comunitarios	Mujeres	847
Junio 2006	50	Zaragoza	No consta	No consta		No consta	Mujeres	4
Mayo 2006	22	Huesca	Españoles	ESPAÑA	Españoles	Españoles	Hombres	1682
Mayo 2006	22	Huesca	Extranjeros comunitarios (UE-25)	UNION EUROPEA	Extranjeros comunitarios (UE-27)	Extranjeros comunitarios (UE-28)	Hombres	28
Mayo 2006	22	Huesca	Extranjeros comunitarios (UE-25)	UNION EUROPEA	Extranjeros no comunitarios	Extranjeros comunitarios (UE-28)	Hombres	1
Mayo 2006	22	Huesca	Extranjeros no comunitarios	RESTO DEL MUNDO	Extranjeros comunitarios (UE-27)	Extranjeros comunitarios (UE-28)	Hombres	24
Mayo 2006	22	Huesca	Extranjeros no comunitarios	RESTO DEL MUNDO	Extranjeros no comunitarios	Extranjeros no comunitarios	Hombres	238
Mayo 2006	22	Huesca	Españoles	ESPAÑA	Españoles	Españoles	Mujeres	3074
Mayo 2006	22	Huesca	Extranjeros comunitarios (UE-25)	UNION EUROPEA	Extranjeros comunitarios (UE-27)	Extranjeros comunitarios (UE-28)	Mujeres	50
Mayo 2006	22	Huesca	Extranjeros comunitarios (UE-25)	UNION EUROPEA	Extranjeros no comunitarios	Extranjeros comunitarios (UE-28)	Mujeres	3
Mayo 2006	22	Huesca	Extranjeros no comunitarios	RESTO DEL MUNDO	Extranjeros comunitarios (UE-27)	Extranjeros comunitarios (UE-28)	Mujeres	38
Mayo 2006	22	Huesca	Extranjeros no comunitarios	RESTO DEL MUNDO	Extranjeros no comunitarios	Extranjeros no comunitarios	Mujeres	193
Mayo 2006	22	Huesca	No consta	No consta		No consta	Mujeres	1
Mayo 2006	44	Teruel	Españoles	ESPAÑA	Españoles	Españoles	Hombres	1250
Mayo 2006	44	Teruel	Extranjeros comunitarios (UE-25)	UNION EUROPEA	Extranjeros comunitarios (UE-27)	Extranjeros comunitarios (UE-28)	Hombres	30
Mayo 2006	44	Teruel	Extranjeros no comunitarios	RESTO DEL MUNDO	Extranjeros comunitarios (UE-27)	Extranjeros comunitarios (UE-28)	Hombres	48
Mayo 2006	44	Teruel	Extranjeros no comunitarios	RESTO DEL MUNDO	Extranjeros no comunitarios	Extranjeros no comunitarios	Hombres	146
Mayo 2006	44	Teruel	Españoles	ESPAÑA	Españoles	Españoles	Mujeres	2217
Mayo 2006	44	Teruel	Extranjeros comunitarios (UE-25)	UNION EUROPEA	Extranjeros comunitarios (UE-27)	Extranjeros comunitarios (UE-28)	Mujeres	19
Mayo 2006	44	Teruel	Extranjeros no comunitarios	RESTO DEL MUNDO	Extranjeros comunitarios (UE-27)	Extranjeros comunitarios (UE-28)	Mujeres	53
Mayo 2006	44	Teruel	Extranjeros no comunitarios	RESTO DEL MUNDO	Extranjeros no comunitarios	Extranjeros no comunitarios	Mujeres	131
Mayo 2006	44	Teruel	No consta	No consta		No consta	Mujeres	1
Mayo 2006	50	Zaragoza	Españoles	ESPAÑA	Españoles	Españoles	Hombres	9293
Mayo 2006	50	Zaragoza	Extranjeros comunitarios (UE-25)	UNION EUROPEA	Extranjeros comunitarios (UE-27)	Extranjeros comunitarios (UE-28)	Hombres	118
Mayo 2006	50	Zaragoza	Extranjeros comunitarios (UE-25)	UNION EUROPEA	Extranjeros no comunitarios	Extranjeros comunitarios (UE-28)	Hombres	8
Mayo 2006	50	Zaragoza	Extranjeros no comunitarios	RESTO DEL MUNDO	Extranjeros comunitarios (UE-27)	Extranjeros comunitarios (UE-28)	Hombres	225
Mayo 2006	50	Zaragoza	Extranjeros no comunitarios	RESTO DEL MUNDO	Extranjeros no comunitarios	Extranjeros no comunitarios	Hombres	1123
Mayo 2006	50	Zaragoza	No consta	No consta		No consta	Hombres	4
Mayo 2006	50	Zaragoza	Españoles	ESPAÑA	Españoles	Españoles	Mujeres	16313
Mayo 2006	50	Zaragoza	Extranjeros comunitarios (UE-25)	UNION EUROPEA	Extranjeros comunitarios (UE-27)	Extranjeros comunitarios (UE-28)	Mujeres	127
Mayo 2006	50	Zaragoza	Extranjeros comunitarios (UE-25)	UNION EUROPEA	Extranjeros no comunitarios	Extranjeros comunitarios (UE-28)	Mujeres	3
Mayo 2006	50	Zaragoza	Extranjeros no comunitarios	RESTO DEL MUNDO	Extranjeros comunitarios (UE-27)	Extranjeros comunitarios (UE-28)	Mujeres	243
Mayo 2006	50	Zaragoza	Extranjeros no comunitarios	RESTO DEL MUNDO	Extranjeros no comunitarios	Extranjeros no comunitarios	Mujeres	1003
Mayo 2006	50	Zaragoza	No consta	No consta		No consta	Mujeres	4
Abril 2006	22	Huesca	Españoles	ESPAÑA	Españoles	Españoles	Hombres	1733
Abril 2006	22	Huesca	Extranjeros comunitarios (UE-25)	UNION EUROPEA	Extranjeros comunitarios (UE-27)	Extranjeros comunitarios (UE-28)	Hombres	33
Abril 2006	22	Huesca	Extranjeros comunitarios (UE-25)	UNION EUROPEA	Extranjeros no comunitarios	Extranjeros comunitarios (UE-28)	Hombres	1
Abril 2006	22	Huesca	Extranjeros no comunitarios	RESTO DEL MUNDO	Extranjeros comunitarios (UE-27)	Extranjeros comunitarios (UE-28)	Hombres	35
Abril 2006	22	Huesca	Extranjeros no comunitarios	RESTO DEL MUNDO	Extranjeros no comunitarios	Extranjeros no comunitarios	Hombres	320
Abril 2006	22	Huesca	No consta	No consta		No consta	Hombres	1
Abril 2006	22	Huesca	Españoles	ESPAÑA	Españoles	Españoles	Mujeres	3130
Abril 2006	22	Huesca	Extranjeros comunitarios (UE-25)	UNION EUROPEA	Extranjeros comunitarios (UE-27)	Extranjeros comunitarios (UE-28)	Mujeres	44
Abril 2006	22	Huesca	Extranjeros comunitarios (UE-25)	UNION EUROPEA	Extranjeros no comunitarios	Extranjeros comunitarios (UE-28)	Mujeres	2
Abril 2006	22	Huesca	Extranjeros no comunitarios	RESTO DEL MUNDO	Extranjeros comunitarios (UE-27)	Extranjeros comunitarios (UE-28)	Mujeres	42
Abril 2006	22	Huesca	Extranjeros no comunitarios	RESTO DEL MUNDO	Extranjeros no comunitarios	Extranjeros no comunitarios	Mujeres	219
Abril 2006	22	Huesca	No consta	No consta		No consta	Mujeres	1
Abril 2006	44	Teruel	Españoles	ESPAÑA	Españoles	Españoles	Hombres	1294
Abril 2006	44	Teruel	Extranjeros comunitarios (UE-25)	UNION EUROPEA	Extranjeros comunitarios (UE-27)	Extranjeros comunitarios (UE-28)	Hombres	25
Abril 2006	44	Teruel	Extranjeros no comunitarios	RESTO DEL MUNDO	Extranjeros comunitarios (UE-27)	Extranjeros comunitarios (UE-28)	Hombres	40
Abril 2006	44	Teruel	Extranjeros no comunitarios	RESTO DEL MUNDO	Extranjeros no comunitarios	Extranjeros no comunitarios	Hombres	189
Abril 2006	44	Teruel	Españoles	ESPAÑA	Españoles	Españoles	Mujeres	2232
Abril 2006	44	Teruel	Extranjeros comunitarios (UE-25)	UNION EUROPEA	Extranjeros comunitarios (UE-27)	Extranjeros comunitarios (UE-28)	Mujeres	21
Abril 2006	44	Teruel	Extranjeros no comunitarios	RESTO DEL MUNDO	Extranjeros comunitarios (UE-27)	Extranjeros comunitarios (UE-28)	Mujeres	60
Abril 2006	44	Teruel	Extranjeros no comunitarios	RESTO DEL MUNDO	Extranjeros no comunitarios	Extranjeros no comunitarios	Mujeres	152
Abril 2006	50	Zaragoza	Españoles	ESPAÑA	Españoles	Españoles	Hombres	9902
Abril 2006	50	Zaragoza	Extranjeros comunitarios (UE-25)	UNION EUROPEA	Extranjeros comunitarios (UE-27)	Extranjeros comunitarios (UE-28)	Hombres	123
Abril 2006	50	Zaragoza	Extranjeros comunitarios (UE-25)	UNION EUROPEA	Extranjeros no comunitarios	Extranjeros comunitarios (UE-28)	Hombres	7
Abril 2006	50	Zaragoza	Extranjeros no comunitarios	RESTO DEL MUNDO	Extranjeros comunitarios (UE-27)	Extranjeros comunitarios (UE-28)	Hombres	276
Abril 2006	50	Zaragoza	Extranjeros no comunitarios	RESTO DEL MUNDO	Extranjeros no comunitarios	Extranjeros no comunitarios	Hombres	1559
Abril 2006	50	Zaragoza	No consta	No consta		No consta	Hombres	4
Abril 2006	50	Zaragoza	Españoles	ESPAÑA	Españoles	Españoles	Mujeres	16705
Abril 2006	50	Zaragoza	Extranjeros comunitarios (UE-25)	UNION EUROPEA	Extranjeros comunitarios (UE-27)	Extranjeros comunitarios (UE-28)	Mujeres	123
Abril 2006	50	Zaragoza	Extranjeros comunitarios (UE-25)	UNION EUROPEA	Extranjeros no comunitarios	Extranjeros comunitarios (UE-28)	Mujeres	4
Abril 2006	50	Zaragoza	Extranjeros no comunitarios	RESTO DEL MUNDO	Extranjeros comunitarios (UE-27)	Extranjeros comunitarios (UE-28)	Mujeres	298
Abril 2006	50	Zaragoza	Extranjeros no comunitarios	RESTO DEL MUNDO	Extranjeros no comunitarios	Extranjeros no comunitarios	Mujeres	1176
Abril 2006	50	Zaragoza	No consta	No consta		No consta	Mujeres	3
Marzo 2006	22	Huesca	Españoles	ESPAÑA	Españoles	Españoles	Hombres	1855
Marzo 2006	22	Huesca	Extranjeros comunitarios (UE-25)	UNION EUROPEA	Extranjeros comunitarios (UE-27)	Extranjeros comunitarios (UE-28)	Hombres	36
Marzo 2006	22	Huesca	Extranjeros comunitarios (UE-25)	UNION EUROPEA	Extranjeros no comunitarios	Extranjeros comunitarios (UE-28)	Hombres	2
Marzo 2006	22	Huesca	Extranjeros no comunitarios	RESTO DEL MUNDO	Extranjeros comunitarios (UE-27)	Extranjeros comunitarios (UE-28)	Hombres	53
Marzo 2006	22	Huesca	Extranjeros no comunitarios	RESTO DEL MUNDO	Extranjeros no comunitarios	Extranjeros no comunitarios	Hombres	457
Marzo 2006	22	Huesca	No consta	No consta		No consta	Hombres	2
Marzo 2006	22	Huesca	Españoles	ESPAÑA	Españoles	Españoles	Mujeres	3274
Marzo 2006	22	Huesca	Extranjeros comunitarios (UE-25)	UNION EUROPEA	Extranjeros comunitarios (UE-27)	Extranjeros comunitarios (UE-28)	Mujeres	42
Marzo 2006	22	Huesca	Extranjeros comunitarios (UE-25)	UNION EUROPEA	Extranjeros no comunitarios	Extranjeros comunitarios (UE-28)	Mujeres	4
Marzo 2006	22	Huesca	Extranjeros no comunitarios	RESTO DEL MUNDO	Extranjeros comunitarios (UE-27)	Extranjeros comunitarios (UE-28)	Mujeres	64
Marzo 2006	22	Huesca	Extranjeros no comunitarios	RESTO DEL MUNDO	Extranjeros no comunitarios	Extranjeros no comunitarios	Mujeres	257
Marzo 2006	22	Huesca	No consta	No consta		No consta	Mujeres	1
Marzo 2006	44	Teruel	Españoles	ESPAÑA	Españoles	Españoles	Hombres	1402
Marzo 2006	44	Teruel	Extranjeros comunitarios (UE-25)	UNION EUROPEA	Extranjeros comunitarios (UE-27)	Extranjeros comunitarios (UE-28)	Hombres	24
Marzo 2006	44	Teruel	Extranjeros no comunitarios	RESTO DEL MUNDO	Extranjeros comunitarios (UE-27)	Extranjeros comunitarios (UE-28)	Hombres	45
Marzo 2006	44	Teruel	Extranjeros no comunitarios	RESTO DEL MUNDO	Extranjeros no comunitarios	Extranjeros no comunitarios	Hombres	216
Marzo 2006	44	Teruel	Españoles	ESPAÑA	Españoles	Españoles	Mujeres	2331
Marzo 2006	44	Teruel	Extranjeros comunitarios (UE-25)	UNION EUROPEA	Extranjeros comunitarios (UE-27)	Extranjeros comunitarios (UE-28)	Mujeres	26
Marzo 2006	44	Teruel	Extranjeros no comunitarios	RESTO DEL MUNDO	Extranjeros comunitarios (UE-27)	Extranjeros comunitarios (UE-28)	Mujeres	66
Marzo 2006	44	Teruel	Extranjeros no comunitarios	RESTO DEL MUNDO	Extranjeros no comunitarios	Extranjeros no comunitarios	Mujeres	158
Marzo 2006	50	Zaragoza	Españoles	ESPAÑA	Españoles	Españoles	Hombres	10184
Marzo 2006	50	Zaragoza	Extranjeros comunitarios (UE-25)	UNION EUROPEA	Extranjeros comunitarios (UE-27)	Extranjeros comunitarios (UE-28)	Hombres	133
Marzo 2006	50	Zaragoza	Extranjeros comunitarios (UE-25)	UNION EUROPEA	Extranjeros no comunitarios	Extranjeros comunitarios (UE-28)	Hombres	7
Marzo 2006	50	Zaragoza	Extranjeros no comunitarios	RESTO DEL MUNDO	Extranjeros comunitarios (UE-27)	Extranjeros comunitarios (UE-28)	Hombres	267
Marzo 2006	50	Zaragoza	Extranjeros no comunitarios	RESTO DEL MUNDO	Extranjeros no comunitarios	Extranjeros no comunitarios	Hombres	1825
Marzo 2006	50	Zaragoza	No consta	No consta		No consta	Hombres	4
Marzo 2006	50	Zaragoza	Españoles	ESPAÑA	Españoles	Españoles	Mujeres	17303
Marzo 2006	50	Zaragoza	Extranjeros comunitarios (UE-25)	UNION EUROPEA	Extranjeros comunitarios (UE-27)	Extranjeros comunitarios (UE-28)	Mujeres	131
Marzo 2006	50	Zaragoza	Extranjeros comunitarios (UE-25)	UNION EUROPEA	Extranjeros no comunitarios	Extranjeros comunitarios (UE-28)	Mujeres	5
Marzo 2006	50	Zaragoza	Extranjeros no comunitarios	RESTO DEL MUNDO	Extranjeros comunitarios (UE-27)	Extranjeros comunitarios (UE-28)	Mujeres	349
Marzo 2006	50	Zaragoza	Extranjeros no comunitarios	RESTO DEL MUNDO	Extranjeros no comunitarios	Extranjeros no comunitarios	Mujeres	1349
Marzo 2006	50	Zaragoza	No consta	No consta		No consta	Mujeres	3
Febrero 2006	22	Huesca	Españoles	ESPAÑA	Españoles	Españoles	Hombres	1998
Febrero 2006	22	Huesca	Extranjeros comunitarios (UE-25)	UNION EUROPEA	Extranjeros comunitarios (UE-27)	Extranjeros comunitarios (UE-28)	Hombres	35
Febrero 2006	22	Huesca	Extranjeros comunitarios (UE-25)	UNION EUROPEA	Extranjeros no comunitarios	Extranjeros comunitarios (UE-28)	Hombres	2
Febrero 2006	22	Huesca	Extranjeros no comunitarios	RESTO DEL MUNDO	Extranjeros comunitarios (UE-27)	Extranjeros comunitarios (UE-28)	Hombres	70
Febrero 2006	22	Huesca	Extranjeros no comunitarios	RESTO DEL MUNDO	Extranjeros no comunitarios	Extranjeros no comunitarios	Hombres	529
Febrero 2006	22	Huesca	No consta	No consta		No consta	Hombres	3
Febrero 2006	22	Huesca	Españoles	ESPAÑA	Españoles	Españoles	Mujeres	3319
Febrero 2006	22	Huesca	Extranjeros comunitarios (UE-25)	UNION EUROPEA	Extranjeros comunitarios (UE-27)	Extranjeros comunitarios (UE-28)	Mujeres	41
Febrero 2006	22	Huesca	Extranjeros comunitarios (UE-25)	UNION EUROPEA	Extranjeros no comunitarios	Extranjeros comunitarios (UE-28)	Mujeres	5
Febrero 2006	22	Huesca	Extranjeros no comunitarios	RESTO DEL MUNDO	Extranjeros comunitarios (UE-27)	Extranjeros comunitarios (UE-28)	Mujeres	59
Febrero 2006	22	Huesca	Extranjeros no comunitarios	RESTO DEL MUNDO	Extranjeros no comunitarios	Extranjeros no comunitarios	Mujeres	258
Febrero 2006	22	Huesca	No consta	No consta		No consta	Mujeres	1
Febrero 2006	44	Teruel	Españoles	ESPAÑA	Españoles	Españoles	Hombres	1385
Febrero 2006	44	Teruel	Extranjeros comunitarios (UE-25)	UNION EUROPEA	Extranjeros comunitarios (UE-27)	Extranjeros comunitarios (UE-28)	Hombres	36
Febrero 2006	44	Teruel	Extranjeros no comunitarios	RESTO DEL MUNDO	Extranjeros comunitarios (UE-27)	Extranjeros comunitarios (UE-28)	Hombres	58
Febrero 2006	44	Teruel	Extranjeros no comunitarios	RESTO DEL MUNDO	Extranjeros no comunitarios	Extranjeros no comunitarios	Hombres	229
Febrero 2006	44	Teruel	Españoles	ESPAÑA	Españoles	Españoles	Mujeres	2314
Febrero 2006	44	Teruel	Extranjeros comunitarios (UE-25)	UNION EUROPEA	Extranjeros comunitarios (UE-27)	Extranjeros comunitarios (UE-28)	Mujeres	23
Febrero 2006	44	Teruel	Extranjeros no comunitarios	RESTO DEL MUNDO	Extranjeros comunitarios (UE-27)	Extranjeros comunitarios (UE-28)	Mujeres	76
Febrero 2006	44	Teruel	Extranjeros no comunitarios	RESTO DEL MUNDO	Extranjeros no comunitarios	Extranjeros no comunitarios	Mujeres	170
Febrero 2006	50	Zaragoza	Españoles	ESPAÑA	Españoles	Españoles	Hombres	10045
Febrero 2006	50	Zaragoza	Extranjeros comunitarios (UE-25)	UNION EUROPEA	Extranjeros comunitarios (UE-27)	Extranjeros comunitarios (UE-28)	Hombres	146
Febrero 2006	50	Zaragoza	Extranjeros comunitarios (UE-25)	UNION EUROPEA	Extranjeros no comunitarios	Extranjeros comunitarios (UE-28)	Hombres	8
Febrero 2006	50	Zaragoza	Extranjeros no comunitarios	RESTO DEL MUNDO	Extranjeros comunitarios (UE-27)	Extranjeros comunitarios (UE-28)	Hombres	316
Febrero 2006	50	Zaragoza	Extranjeros no comunitarios	RESTO DEL MUNDO	Extranjeros no comunitarios	Extranjeros no comunitarios	Hombres	1963
Febrero 2006	50	Zaragoza	No consta	No consta		No consta	Hombres	4
Febrero 2006	50	Zaragoza	Españoles	ESPAÑA	Españoles	Españoles	Mujeres	17319
Febrero 2006	50	Zaragoza	Extranjeros comunitarios (UE-25)	UNION EUROPEA	Extranjeros comunitarios (UE-27)	Extranjeros comunitarios (UE-28)	Mujeres	150
Febrero 2006	50	Zaragoza	Extranjeros comunitarios (UE-25)	UNION EUROPEA	Extranjeros no comunitarios	Extranjeros comunitarios (UE-28)	Mujeres	9
Febrero 2006	50	Zaragoza	Extranjeros no comunitarios	RESTO DEL MUNDO	Extranjeros comunitarios (UE-27)	Extranjeros comunitarios (UE-28)	Mujeres	357
Febrero 2006	50	Zaragoza	Extranjeros no comunitarios	RESTO DEL MUNDO	Extranjeros no comunitarios	Extranjeros no comunitarios	Mujeres	1362
Febrero 2006	50	Zaragoza	No consta	No consta		No consta	Mujeres	3
Enero 2006	22	Huesca	Españoles	ESPAÑA	Españoles	Españoles	Hombres	2053
Enero 2006	22	Huesca	Extranjeros comunitarios (UE-25)	UNION EUROPEA	Extranjeros comunitarios (UE-27)	Extranjeros comunitarios (UE-28)	Hombres	32
Enero 2006	22	Huesca	Extranjeros comunitarios (UE-25)	UNION EUROPEA	Extranjeros no comunitarios	Extranjeros comunitarios (UE-28)	Hombres	2
Enero 2006	22	Huesca	Extranjeros no comunitarios	RESTO DEL MUNDO	Extranjeros comunitarios (UE-27)	Extranjeros comunitarios (UE-28)	Hombres	83
Enero 2006	22	Huesca	Extranjeros no comunitarios	RESTO DEL MUNDO	Extranjeros no comunitarios	Extranjeros no comunitarios	Hombres	549
Enero 2006	22	Huesca	No consta	No consta		No consta	Hombres	3
Enero 2006	22	Huesca	Españoles	ESPAÑA	Españoles	Españoles	Mujeres	3353
Enero 2006	22	Huesca	Extranjeros comunitarios (UE-25)	UNION EUROPEA	Extranjeros comunitarios (UE-27)	Extranjeros comunitarios (UE-28)	Mujeres	49
Enero 2006	22	Huesca	Extranjeros comunitarios (UE-25)	UNION EUROPEA	Extranjeros no comunitarios	Extranjeros comunitarios (UE-28)	Mujeres	5
Enero 2006	22	Huesca	Extranjeros no comunitarios	RESTO DEL MUNDO	Extranjeros comunitarios (UE-27)	Extranjeros comunitarios (UE-28)	Mujeres	57
Enero 2006	22	Huesca	Extranjeros no comunitarios	RESTO DEL MUNDO	Extranjeros no comunitarios	Extranjeros no comunitarios	Mujeres	247
Enero 2006	22	Huesca	No consta	No consta		No consta	Mujeres	1
Enero 2006	44	Teruel	Españoles	ESPAÑA	Españoles	Españoles	Hombres	1469
Enero 2006	44	Teruel	Extranjeros comunitarios (UE-25)	UNION EUROPEA	Extranjeros comunitarios (UE-27)	Extranjeros comunitarios (UE-28)	Hombres	37
Enero 2006	44	Teruel	Extranjeros no comunitarios	RESTO DEL MUNDO	Extranjeros comunitarios (UE-27)	Extranjeros comunitarios (UE-28)	Hombres	48
Enero 2006	44	Teruel	Extranjeros no comunitarios	RESTO DEL MUNDO	Extranjeros no comunitarios	Extranjeros no comunitarios	Hombres	240
Enero 2006	44	Teruel	Españoles	ESPAÑA	Españoles	Españoles	Mujeres	2377
Enero 2006	44	Teruel	Extranjeros comunitarios (UE-25)	UNION EUROPEA	Extranjeros comunitarios (UE-27)	Extranjeros comunitarios (UE-28)	Mujeres	26
Enero 2006	44	Teruel	Extranjeros comunitarios (UE-25)	UNION EUROPEA	Extranjeros no comunitarios	Extranjeros comunitarios (UE-28)	Mujeres	1
Enero 2006	44	Teruel	Extranjeros no comunitarios	RESTO DEL MUNDO	Extranjeros comunitarios (UE-27)	Extranjeros comunitarios (UE-28)	Mujeres	88
Enero 2006	44	Teruel	Extranjeros no comunitarios	RESTO DEL MUNDO	Extranjeros no comunitarios	Extranjeros no comunitarios	Mujeres	176
Enero 2006	44	Teruel	No consta	No consta		No consta	Mujeres	1
Enero 2006	50	Zaragoza	Españoles	ESPAÑA	Españoles	Españoles	Hombres	10492
Enero 2006	50	Zaragoza	Extranjeros comunitarios (UE-25)	UNION EUROPEA	Extranjeros comunitarios (UE-27)	Extranjeros comunitarios (UE-28)	Hombres	153
Enero 2006	50	Zaragoza	Extranjeros comunitarios (UE-25)	UNION EUROPEA	Extranjeros no comunitarios	Extranjeros comunitarios (UE-28)	Hombres	10
Enero 2006	50	Zaragoza	Extranjeros no comunitarios	RESTO DEL MUNDO	Extranjeros comunitarios (UE-27)	Extranjeros comunitarios (UE-28)	Hombres	312
Enero 2006	50	Zaragoza	Extranjeros no comunitarios	RESTO DEL MUNDO	Extranjeros no comunitarios	Extranjeros no comunitarios	Hombres	1905
Enero 2006	50	Zaragoza	No consta	No consta		No consta	Hombres	6
Enero 2006	50	Zaragoza	Españoles	ESPAÑA	Españoles	Españoles	Mujeres	17512
Enero 2006	50	Zaragoza	Extranjeros comunitarios (UE-25)	UNION EUROPEA	Extranjeros comunitarios (UE-27)	Extranjeros comunitarios (UE-28)	Mujeres	159
Enero 2006	50	Zaragoza	Extranjeros comunitarios (UE-25)	UNION EUROPEA	Extranjeros no comunitarios	Extranjeros comunitarios (UE-28)	Mujeres	8
Enero 2006	50	Zaragoza	Extranjeros no comunitarios	RESTO DEL MUNDO	Extranjeros comunitarios (UE-27)	Extranjeros comunitarios (UE-28)	Mujeres	330
Enero 2006	50	Zaragoza	Extranjeros no comunitarios	RESTO DEL MUNDO	Extranjeros no comunitarios	Extranjeros no comunitarios	Mujeres	1379
Enero 2006	50	Zaragoza	No consta	No consta		No consta	Mujeres	3
Diciembre 2005	22	Huesca	Españoles	ESPAÑA	Españoles	Españoles	Hombres	2016
Diciembre 2005	22	Huesca	Extranjeros comunitarios (UE-25)	UNION EUROPEA	Extranjeros comunitarios (UE-27)	Extranjeros comunitarios (UE-28)	Hombres	31
Diciembre 2005	22	Huesca	Extranjeros comunitarios (UE-25)	UNION EUROPEA	Extranjeros no comunitarios	Extranjeros comunitarios (UE-28)	Hombres	1
Diciembre 2005	22	Huesca	Extranjeros no comunitarios	RESTO DEL MUNDO	Extranjeros comunitarios (UE-27)	Extranjeros comunitarios (UE-28)	Hombres	74
Diciembre 2005	22	Huesca	Extranjeros no comunitarios	RESTO DEL MUNDO	Extranjeros no comunitarios	Extranjeros no comunitarios	Hombres	543
Diciembre 2005	22	Huesca	No consta	No consta		No consta	Hombres	1
Diciembre 2005	22	Huesca	Españoles	ESPAÑA	Españoles	Españoles	Mujeres	3115
Diciembre 2005	22	Huesca	Extranjeros comunitarios (UE-25)	UNION EUROPEA	Extranjeros comunitarios (UE-27)	Extranjeros comunitarios (UE-28)	Mujeres	39
Diciembre 2005	22	Huesca	Extranjeros comunitarios (UE-25)	UNION EUROPEA	Extranjeros no comunitarios	Extranjeros comunitarios (UE-28)	Mujeres	5
Diciembre 2005	22	Huesca	Extranjeros no comunitarios	RESTO DEL MUNDO	Extranjeros comunitarios (UE-27)	Extranjeros comunitarios (UE-28)	Mujeres	60
Diciembre 2005	22	Huesca	Extranjeros no comunitarios	RESTO DEL MUNDO	Extranjeros no comunitarios	Extranjeros no comunitarios	Mujeres	206
Diciembre 2005	22	Huesca	No consta	No consta		No consta	Mujeres	1
Diciembre 2005	44	Teruel	Españoles	ESPAÑA	Españoles	Españoles	Hombres	1423
Diciembre 2005	44	Teruel	Extranjeros comunitarios (UE-25)	UNION EUROPEA	Extranjeros comunitarios (UE-27)	Extranjeros comunitarios (UE-28)	Hombres	34
Diciembre 2005	44	Teruel	Extranjeros no comunitarios	RESTO DEL MUNDO	Extranjeros comunitarios (UE-27)	Extranjeros comunitarios (UE-28)	Hombres	47
Diciembre 2005	44	Teruel	Extranjeros no comunitarios	RESTO DEL MUNDO	Extranjeros no comunitarios	Extranjeros no comunitarios	Hombres	210
Diciembre 2005	44	Teruel	Españoles	ESPAÑA	Españoles	Españoles	Mujeres	2281
Diciembre 2005	44	Teruel	Extranjeros comunitarios (UE-25)	UNION EUROPEA	Extranjeros comunitarios (UE-27)	Extranjeros comunitarios (UE-28)	Mujeres	27
Diciembre 2005	44	Teruel	Extranjeros comunitarios (UE-25)	UNION EUROPEA	Extranjeros no comunitarios	Extranjeros comunitarios (UE-28)	Mujeres	1
Diciembre 2005	44	Teruel	Extranjeros no comunitarios	RESTO DEL MUNDO	Extranjeros comunitarios (UE-27)	Extranjeros comunitarios (UE-28)	Mujeres	72
Diciembre 2005	44	Teruel	Extranjeros no comunitarios	RESTO DEL MUNDO	Extranjeros no comunitarios	Extranjeros no comunitarios	Mujeres	148
Diciembre 2005	44	Teruel	No consta	No consta		No consta	Mujeres	1
Diciembre 2005	50	Zaragoza	Españoles	ESPAÑA	Españoles	Españoles	Hombres	10464
Diciembre 2005	50	Zaragoza	Extranjeros comunitarios (UE-25)	UNION EUROPEA	Extranjeros comunitarios (UE-27)	Extranjeros comunitarios (UE-28)	Hombres	144
Diciembre 2005	50	Zaragoza	Extranjeros comunitarios (UE-25)	UNION EUROPEA	Extranjeros no comunitarios	Extranjeros comunitarios (UE-28)	Hombres	8
Diciembre 2005	50	Zaragoza	Extranjeros no comunitarios	RESTO DEL MUNDO	Extranjeros comunitarios (UE-27)	Extranjeros comunitarios (UE-28)	Hombres	308
Diciembre 2005	50	Zaragoza	Extranjeros no comunitarios	RESTO DEL MUNDO	Extranjeros no comunitarios	Extranjeros no comunitarios	Hombres	1851
Diciembre 2005	50	Zaragoza	No consta	No consta		No consta	Hombres	4
Diciembre 2005	50	Zaragoza	Españoles	ESPAÑA	Españoles	Españoles	Mujeres	16676
Diciembre 2005	50	Zaragoza	Extranjeros comunitarios (UE-25)	UNION EUROPEA	Extranjeros comunitarios (UE-27)	Extranjeros comunitarios (UE-28)	Mujeres	151
Diciembre 2005	50	Zaragoza	Extranjeros comunitarios (UE-25)	UNION EUROPEA	Extranjeros no comunitarios	Extranjeros comunitarios (UE-28)	Mujeres	6
Diciembre 2005	50	Zaragoza	Extranjeros no comunitarios	RESTO DEL MUNDO	Extranjeros comunitarios (UE-27)	Extranjeros comunitarios (UE-28)	Mujeres	317
Diciembre 2005	50	Zaragoza	Extranjeros no comunitarios	RESTO DEL MUNDO	Extranjeros no comunitarios	Extranjeros no comunitarios	Mujeres	1243
Noviembre 2005	22	Huesca	Españoles	ESPAÑA	Españoles	Españoles	Hombres	1929
Noviembre 2005	22	Huesca	Extranjeros comunitarios (UE-25)	UNION EUROPEA	Extranjeros comunitarios (UE-27)	Extranjeros comunitarios (UE-28)	Hombres	28
Noviembre 2005	22	Huesca	Extranjeros comunitarios (UE-25)	UNION EUROPEA	Extranjeros no comunitarios	Extranjeros comunitarios (UE-28)	Hombres	3
Noviembre 2005	22	Huesca	Extranjeros no comunitarios	RESTO DEL MUNDO	Extranjeros comunitarios (UE-27)	Extranjeros comunitarios (UE-28)	Hombres	66
Noviembre 2005	22	Huesca	Extranjeros no comunitarios	RESTO DEL MUNDO	Extranjeros no comunitarios	Extranjeros no comunitarios	Hombres	506
Noviembre 2005	22	Huesca	No consta	No consta		No consta	Hombres	1
Noviembre 2005	22	Huesca	Españoles	ESPAÑA	Españoles	Españoles	Mujeres	3388
Noviembre 2005	22	Huesca	Extranjeros comunitarios (UE-25)	UNION EUROPEA	Extranjeros comunitarios (UE-27)	Extranjeros comunitarios (UE-28)	Mujeres	51
Noviembre 2005	22	Huesca	Extranjeros comunitarios (UE-25)	UNION EUROPEA	Extranjeros no comunitarios	Extranjeros comunitarios (UE-28)	Mujeres	2
Noviembre 2005	22	Huesca	Extranjeros no comunitarios	RESTO DEL MUNDO	Extranjeros comunitarios (UE-27)	Extranjeros comunitarios (UE-28)	Mujeres	59
Noviembre 2005	22	Huesca	Extranjeros no comunitarios	RESTO DEL MUNDO	Extranjeros no comunitarios	Extranjeros no comunitarios	Mujeres	224
Noviembre 2005	22	Huesca	No consta	No consta		No consta	Mujeres	1
Noviembre 2005	44	Teruel	Españoles	ESPAÑA	Españoles	Españoles	Hombres	1332
Noviembre 2005	44	Teruel	Extranjeros comunitarios (UE-25)	UNION EUROPEA	Extranjeros comunitarios (UE-27)	Extranjeros comunitarios (UE-28)	Hombres	29
Noviembre 2005	44	Teruel	Extranjeros comunitarios (UE-25)	UNION EUROPEA	Extranjeros no comunitarios	Extranjeros comunitarios (UE-28)	Hombres	1
Noviembre 2005	44	Teruel	Extranjeros no comunitarios	RESTO DEL MUNDO	Extranjeros comunitarios (UE-27)	Extranjeros comunitarios (UE-28)	Hombres	40
Noviembre 2005	44	Teruel	Extranjeros no comunitarios	RESTO DEL MUNDO	Extranjeros no comunitarios	Extranjeros no comunitarios	Hombres	177
Noviembre 2005	44	Teruel	Españoles	ESPAÑA	Españoles	Españoles	Mujeres	2274
Noviembre 2005	44	Teruel	Extranjeros comunitarios (UE-25)	UNION EUROPEA	Extranjeros comunitarios (UE-27)	Extranjeros comunitarios (UE-28)	Mujeres	22
Noviembre 2005	44	Teruel	Extranjeros comunitarios (UE-25)	UNION EUROPEA	Extranjeros no comunitarios	Extranjeros comunitarios (UE-28)	Mujeres	1
Noviembre 2005	44	Teruel	Extranjeros no comunitarios	RESTO DEL MUNDO	Extranjeros comunitarios (UE-27)	Extranjeros comunitarios (UE-28)	Mujeres	59
Noviembre 2005	44	Teruel	Extranjeros no comunitarios	RESTO DEL MUNDO	Extranjeros no comunitarios	Extranjeros no comunitarios	Mujeres	155
Noviembre 2005	44	Teruel	No consta	No consta		No consta	Mujeres	1
Noviembre 2005	50	Zaragoza	Españoles	ESPAÑA	Españoles	Españoles	Hombres	10019
Noviembre 2005	50	Zaragoza	Extranjeros comunitarios (UE-25)	UNION EUROPEA	Extranjeros comunitarios (UE-27)	Extranjeros comunitarios (UE-28)	Hombres	121
Noviembre 2005	50	Zaragoza	Extranjeros comunitarios (UE-25)	UNION EUROPEA	Extranjeros no comunitarios	Extranjeros comunitarios (UE-28)	Hombres	6
Noviembre 2005	50	Zaragoza	Extranjeros no comunitarios	RESTO DEL MUNDO	Extranjeros comunitarios (UE-27)	Extranjeros comunitarios (UE-28)	Hombres	270
Noviembre 2005	50	Zaragoza	Extranjeros no comunitarios	RESTO DEL MUNDO	Extranjeros no comunitarios	Extranjeros no comunitarios	Hombres	1648
Noviembre 2005	50	Zaragoza	No consta	No consta		No consta	Hombres	5
Noviembre 2005	50	Zaragoza	Españoles	ESPAÑA	Españoles	Españoles	Mujeres	17090
Noviembre 2005	50	Zaragoza	Extranjeros comunitarios (UE-25)	UNION EUROPEA	Extranjeros comunitarios (UE-27)	Extranjeros comunitarios (UE-28)	Mujeres	147
Noviembre 2005	50	Zaragoza	Extranjeros comunitarios (UE-25)	UNION EUROPEA	Extranjeros no comunitarios	Extranjeros comunitarios (UE-28)	Mujeres	7
Noviembre 2005	50	Zaragoza	Extranjeros no comunitarios	RESTO DEL MUNDO	Extranjeros comunitarios (UE-27)	Extranjeros comunitarios (UE-28)	Mujeres	329
Noviembre 2005	50	Zaragoza	Extranjeros no comunitarios	RESTO DEL MUNDO	Extranjeros no comunitarios	Extranjeros no comunitarios	Mujeres	1282
Noviembre 2005	50	Zaragoza	No consta	No consta		No consta	Mujeres	1
Octubre 2005	22	Huesca	Españoles	ESPAÑA	Españoles	Españoles	Hombres	1876
Octubre 2005	22	Huesca	Extranjeros comunitarios (UE-25)	UNION EUROPEA	Extranjeros comunitarios (UE-27)	Extranjeros comunitarios (UE-28)	Hombres	34
Octubre 2005	22	Huesca	Extranjeros comunitarios (UE-25)	UNION EUROPEA	Extranjeros no comunitarios	Extranjeros comunitarios (UE-28)	Hombres	5
Octubre 2005	22	Huesca	Extranjeros no comunitarios	RESTO DEL MUNDO	Extranjeros comunitarios (UE-27)	Extranjeros comunitarios (UE-28)	Hombres	58
Octubre 2005	22	Huesca	Extranjeros no comunitarios	RESTO DEL MUNDO	Extranjeros no comunitarios	Extranjeros no comunitarios	Hombres	504
Octubre 2005	22	Huesca	No consta	No consta		No consta	Hombres	1
Octubre 2005	22	Huesca	Españoles	ESPAÑA	Españoles	Españoles	Mujeres	3445
Octubre 2005	22	Huesca	Extranjeros comunitarios (UE-25)	UNION EUROPEA	Extranjeros comunitarios (UE-27)	Extranjeros comunitarios (UE-28)	Mujeres	48
Octubre 2005	22	Huesca	Extranjeros comunitarios (UE-25)	UNION EUROPEA	Extranjeros no comunitarios	Extranjeros comunitarios (UE-28)	Mujeres	5
Octubre 2005	22	Huesca	Extranjeros no comunitarios	RESTO DEL MUNDO	Extranjeros comunitarios (UE-27)	Extranjeros comunitarios (UE-28)	Mujeres	50
Octubre 2005	22	Huesca	Extranjeros no comunitarios	RESTO DEL MUNDO	Extranjeros no comunitarios	Extranjeros no comunitarios	Mujeres	209
Octubre 2005	22	Huesca	No consta	No consta		No consta	Mujeres	1
Octubre 2005	44	Teruel	Españoles	ESPAÑA	Españoles	Españoles	Hombres	1357
Octubre 2005	44	Teruel	Extranjeros comunitarios (UE-25)	UNION EUROPEA	Extranjeros comunitarios (UE-27)	Extranjeros comunitarios (UE-28)	Hombres	28
Octubre 2005	44	Teruel	Extranjeros comunitarios (UE-25)	UNION EUROPEA	Extranjeros no comunitarios	Extranjeros comunitarios (UE-28)	Hombres	1
Octubre 2005	44	Teruel	Extranjeros no comunitarios	RESTO DEL MUNDO	Extranjeros comunitarios (UE-27)	Extranjeros comunitarios (UE-28)	Hombres	35
Octubre 2005	44	Teruel	Extranjeros no comunitarios	RESTO DEL MUNDO	Extranjeros no comunitarios	Extranjeros no comunitarios	Hombres	149
Octubre 2005	44	Teruel	Españoles	ESPAÑA	Españoles	Españoles	Mujeres	2298
Octubre 2005	44	Teruel	Extranjeros comunitarios (UE-25)	UNION EUROPEA	Extranjeros comunitarios (UE-27)	Extranjeros comunitarios (UE-28)	Mujeres	26
Octubre 2005	44	Teruel	Extranjeros no comunitarios	RESTO DEL MUNDO	Extranjeros comunitarios (UE-27)	Extranjeros comunitarios (UE-28)	Mujeres	49
Octubre 2005	44	Teruel	Extranjeros no comunitarios	RESTO DEL MUNDO	Extranjeros no comunitarios	Extranjeros no comunitarios	Mujeres	121
Octubre 2005	44	Teruel	No consta	No consta		No consta	Mujeres	1
Octubre 2005	50	Zaragoza	Españoles	ESPAÑA	Españoles	Españoles	Hombres	10338
Octubre 2005	50	Zaragoza	Extranjeros comunitarios (UE-25)	UNION EUROPEA	Extranjeros comunitarios (UE-27)	Extranjeros comunitarios (UE-28)	Hombres	118
Octubre 2005	50	Zaragoza	Extranjeros comunitarios (UE-25)	UNION EUROPEA	Extranjeros no comunitarios	Extranjeros comunitarios (UE-28)	Hombres	9
Octubre 2005	50	Zaragoza	Extranjeros no comunitarios	RESTO DEL MUNDO	Extranjeros comunitarios (UE-27)	Extranjeros comunitarios (UE-28)	Hombres	253
Octubre 2005	50	Zaragoza	Extranjeros no comunitarios	RESTO DEL MUNDO	Extranjeros no comunitarios	Extranjeros no comunitarios	Hombres	1562
Octubre 2005	50	Zaragoza	No consta	No consta		No consta	Hombres	3
Octubre 2005	50	Zaragoza	Españoles	ESPAÑA	Españoles	Españoles	Mujeres	17327
Octubre 2005	50	Zaragoza	Extranjeros comunitarios (UE-25)	UNION EUROPEA	Extranjeros comunitarios (UE-27)	Extranjeros comunitarios (UE-28)	Mujeres	134
Octubre 2005	50	Zaragoza	Extranjeros comunitarios (UE-25)	UNION EUROPEA	Extranjeros no comunitarios	Extranjeros comunitarios (UE-28)	Mujeres	5
Octubre 2005	50	Zaragoza	Extranjeros no comunitarios	RESTO DEL MUNDO	Extranjeros comunitarios (UE-27)	Extranjeros comunitarios (UE-28)	Mujeres	274
Octubre 2005	50	Zaragoza	Extranjeros no comunitarios	RESTO DEL MUNDO	Extranjeros no comunitarios	Extranjeros no comunitarios	Mujeres	1138
Octubre 2005	50	Zaragoza	No consta	No consta		No consta	Mujeres	1
Septiembre 2005	22	Huesca	Españoles	ESPAÑA	Españoles	Españoles	Hombres	1793
Septiembre 2005	22	Huesca	Extranjeros comunitarios (UE-25)	UNION EUROPEA	Extranjeros comunitarios (UE-27)	Extranjeros comunitarios (UE-28)	Hombres	28
Septiembre 2005	22	Huesca	Extranjeros comunitarios (UE-25)	UNION EUROPEA	Extranjeros no comunitarios	Extranjeros comunitarios (UE-28)	Hombres	6
Septiembre 2005	22	Huesca	Extranjeros no comunitarios	RESTO DEL MUNDO	Extranjeros comunitarios (UE-27)	Extranjeros comunitarios (UE-28)	Hombres	46
Septiembre 2005	22	Huesca	Extranjeros no comunitarios	RESTO DEL MUNDO	Extranjeros no comunitarios	Extranjeros no comunitarios	Hombres	451
Septiembre 2005	22	Huesca	No consta	No consta		No consta	Hombres	1
Septiembre 2005	22	Huesca	Españoles	ESPAÑA	Españoles	Españoles	Mujeres	3219
Septiembre 2005	22	Huesca	Extranjeros comunitarios (UE-25)	UNION EUROPEA	Extranjeros comunitarios (UE-27)	Extranjeros comunitarios (UE-28)	Mujeres	43
Septiembre 2005	22	Huesca	Extranjeros comunitarios (UE-25)	UNION EUROPEA	Extranjeros no comunitarios	Extranjeros comunitarios (UE-28)	Mujeres	5
Septiembre 2005	22	Huesca	Extranjeros no comunitarios	RESTO DEL MUNDO	Extranjeros comunitarios (UE-27)	Extranjeros comunitarios (UE-28)	Mujeres	39
Septiembre 2005	22	Huesca	Extranjeros no comunitarios	RESTO DEL MUNDO	Extranjeros no comunitarios	Extranjeros no comunitarios	Mujeres	180
Septiembre 2005	22	Huesca	No consta	No consta		No consta	Mujeres	1
Septiembre 2005	44	Teruel	Españoles	ESPAÑA	Españoles	Españoles	Hombres	1366
Septiembre 2005	44	Teruel	Extranjeros comunitarios (UE-25)	UNION EUROPEA	Extranjeros comunitarios (UE-27)	Extranjeros comunitarios (UE-28)	Hombres	30
Septiembre 2005	44	Teruel	Extranjeros comunitarios (UE-25)	UNION EUROPEA	Extranjeros no comunitarios	Extranjeros comunitarios (UE-28)	Hombres	1
Septiembre 2005	44	Teruel	Extranjeros no comunitarios	RESTO DEL MUNDO	Extranjeros comunitarios (UE-27)	Extranjeros comunitarios (UE-28)	Hombres	42
Septiembre 2005	44	Teruel	Extranjeros no comunitarios	RESTO DEL MUNDO	Extranjeros no comunitarios	Extranjeros no comunitarios	Hombres	162
Septiembre 2005	44	Teruel	Españoles	ESPAÑA	Españoles	Españoles	Mujeres	2120
Septiembre 2005	44	Teruel	Extranjeros comunitarios (UE-25)	UNION EUROPEA	Extranjeros comunitarios (UE-27)	Extranjeros comunitarios (UE-28)	Mujeres	28
Septiembre 2005	44	Teruel	Extranjeros no comunitarios	RESTO DEL MUNDO	Extranjeros comunitarios (UE-27)	Extranjeros comunitarios (UE-28)	Mujeres	41
Septiembre 2005	44	Teruel	Extranjeros no comunitarios	RESTO DEL MUNDO	Extranjeros no comunitarios	Extranjeros no comunitarios	Mujeres	112
Septiembre 2005	44	Teruel	No consta	No consta		No consta	Mujeres	1
Septiembre 2005	50	Zaragoza	Españoles	ESPAÑA	Españoles	Españoles	Hombres	9815
Septiembre 2005	50	Zaragoza	Extranjeros comunitarios (UE-25)	UNION EUROPEA	Extranjeros comunitarios (UE-27)	Extranjeros comunitarios (UE-28)	Hombres	97
Septiembre 2005	50	Zaragoza	Extranjeros comunitarios (UE-25)	UNION EUROPEA	Extranjeros no comunitarios	Extranjeros comunitarios (UE-28)	Hombres	10
Septiembre 2005	50	Zaragoza	Extranjeros no comunitarios	RESTO DEL MUNDO	Extranjeros comunitarios (UE-27)	Extranjeros comunitarios (UE-28)	Hombres	219
Septiembre 2005	50	Zaragoza	Extranjeros no comunitarios	RESTO DEL MUNDO	Extranjeros no comunitarios	Extranjeros no comunitarios	Hombres	1235
Septiembre 2005	50	Zaragoza	No consta	No consta		No consta	Hombres	4
Septiembre 2005	50	Zaragoza	Españoles	ESPAÑA	Españoles	Españoles	Mujeres	16481
Septiembre 2005	50	Zaragoza	Extranjeros comunitarios (UE-25)	UNION EUROPEA	Extranjeros comunitarios (UE-27)	Extranjeros comunitarios (UE-28)	Mujeres	134
Septiembre 2005	50	Zaragoza	Extranjeros comunitarios (UE-25)	UNION EUROPEA	Extranjeros no comunitarios	Extranjeros comunitarios (UE-28)	Mujeres	8
Septiembre 2005	50	Zaragoza	Extranjeros no comunitarios	RESTO DEL MUNDO	Extranjeros comunitarios (UE-27)	Extranjeros comunitarios (UE-28)	Mujeres	236
Septiembre 2005	50	Zaragoza	Extranjeros no comunitarios	RESTO DEL MUNDO	Extranjeros no comunitarios	Extranjeros no comunitarios	Mujeres	1014
Septiembre 2005	50	Zaragoza	No consta	No consta		No consta	Mujeres	1
Agosto 2005	22	Huesca	Españoles	ESPAÑA	Españoles	Españoles	Hombres	1707
Agosto 2005	22	Huesca	Extranjeros comunitarios (UE-25)	UNION EUROPEA	Extranjeros comunitarios (UE-27)	Extranjeros comunitarios (UE-28)	Hombres	25
Agosto 2005	22	Huesca	Extranjeros comunitarios (UE-25)	UNION EUROPEA	Extranjeros no comunitarios	Extranjeros comunitarios (UE-28)	Hombres	2
Agosto 2005	22	Huesca	Extranjeros no comunitarios	RESTO DEL MUNDO	Extranjeros comunitarios (UE-27)	Extranjeros comunitarios (UE-28)	Hombres	31
Agosto 2005	22	Huesca	Extranjeros no comunitarios	RESTO DEL MUNDO	Extranjeros no comunitarios	Extranjeros no comunitarios	Hombres	310
Agosto 2005	22	Huesca	No consta	No consta		No consta	Hombres	1
Agosto 2005	22	Huesca	Españoles	ESPAÑA	Españoles	Españoles	Mujeres	2959
Agosto 2005	22	Huesca	Extranjeros comunitarios (UE-25)	UNION EUROPEA	Extranjeros comunitarios (UE-27)	Extranjeros comunitarios (UE-28)	Mujeres	33
Agosto 2005	22	Huesca	Extranjeros comunitarios (UE-25)	UNION EUROPEA	Extranjeros no comunitarios	Extranjeros comunitarios (UE-28)	Mujeres	6
Agosto 2005	22	Huesca	Extranjeros no comunitarios	RESTO DEL MUNDO	Extranjeros comunitarios (UE-27)	Extranjeros comunitarios (UE-28)	Mujeres	23
Agosto 2005	22	Huesca	Extranjeros no comunitarios	RESTO DEL MUNDO	Extranjeros no comunitarios	Extranjeros no comunitarios	Mujeres	152
Agosto 2005	44	Teruel	Españoles	ESPAÑA	Españoles	Españoles	Hombres	1319
Agosto 2005	44	Teruel	Extranjeros comunitarios (UE-25)	UNION EUROPEA	Extranjeros comunitarios (UE-27)	Extranjeros comunitarios (UE-28)	Hombres	25
Agosto 2005	44	Teruel	Extranjeros no comunitarios	RESTO DEL MUNDO	Extranjeros comunitarios (UE-27)	Extranjeros comunitarios (UE-28)	Hombres	34
Agosto 2005	44	Teruel	Extranjeros no comunitarios	RESTO DEL MUNDO	Extranjeros no comunitarios	Extranjeros no comunitarios	Hombres	176
Agosto 2005	44	Teruel	Españoles	ESPAÑA	Españoles	Españoles	Mujeres	2000
Agosto 2005	44	Teruel	Extranjeros comunitarios (UE-25)	UNION EUROPEA	Extranjeros comunitarios (UE-27)	Extranjeros comunitarios (UE-28)	Mujeres	27
Agosto 2005	44	Teruel	Extranjeros no comunitarios	RESTO DEL MUNDO	Extranjeros comunitarios (UE-27)	Extranjeros comunitarios (UE-28)	Mujeres	30
Agosto 2005	44	Teruel	Extranjeros no comunitarios	RESTO DEL MUNDO	Extranjeros no comunitarios	Extranjeros no comunitarios	Mujeres	101
Agosto 2005	50	Zaragoza	Españoles	ESPAÑA	Españoles	Españoles	Hombres	9920
Agosto 2005	50	Zaragoza	Extranjeros comunitarios (UE-25)	UNION EUROPEA	Extranjeros comunitarios (UE-27)	Extranjeros comunitarios (UE-28)	Hombres	108
Agosto 2005	50	Zaragoza	Extranjeros comunitarios (UE-25)	UNION EUROPEA	Extranjeros no comunitarios	Extranjeros comunitarios (UE-28)	Hombres	13
Agosto 2005	50	Zaragoza	Extranjeros no comunitarios	RESTO DEL MUNDO	Extranjeros comunitarios (UE-27)	Extranjeros comunitarios (UE-28)	Hombres	218
Agosto 2005	50	Zaragoza	Extranjeros no comunitarios	RESTO DEL MUNDO	Extranjeros no comunitarios	Extranjeros no comunitarios	Hombres	1186
Agosto 2005	50	Zaragoza	No consta	No consta		No consta	Hombres	2
Agosto 2005	50	Zaragoza	Españoles	ESPAÑA	Españoles	Españoles	Mujeres	16620
Agosto 2005	50	Zaragoza	Extranjeros comunitarios (UE-25)	UNION EUROPEA	Extranjeros comunitarios (UE-27)	Extranjeros comunitarios (UE-28)	Mujeres	131
Agosto 2005	50	Zaragoza	Extranjeros comunitarios (UE-25)	UNION EUROPEA	Extranjeros no comunitarios	Extranjeros comunitarios (UE-28)	Mujeres	12
Agosto 2005	50	Zaragoza	Extranjeros no comunitarios	RESTO DEL MUNDO	Extranjeros comunitarios (UE-27)	Extranjeros comunitarios (UE-28)	Mujeres	180
Agosto 2005	50	Zaragoza	Extranjeros no comunitarios	RESTO DEL MUNDO	Extranjeros no comunitarios	Extranjeros no comunitarios	Mujeres	869
Agosto 2005	50	Zaragoza	No consta	No consta		No consta	Mujeres	2
Julio 2005	22	Huesca	Españoles	ESPAÑA	Españoles	Españoles	Hombres	1581
Julio 2005	22	Huesca	Extranjeros comunitarios (UE-25)	UNION EUROPEA	Extranjeros comunitarios (UE-27)	Extranjeros comunitarios (UE-28)	Hombres	25
Julio 2005	22	Huesca	Extranjeros comunitarios (UE-25)	UNION EUROPEA	Extranjeros no comunitarios	Extranjeros comunitarios (UE-28)	Hombres	4
Julio 2005	22	Huesca	Extranjeros no comunitarios	RESTO DEL MUNDO	Extranjeros comunitarios (UE-27)	Extranjeros comunitarios (UE-28)	Hombres	23
Julio 2005	22	Huesca	Extranjeros no comunitarios	RESTO DEL MUNDO	Extranjeros no comunitarios	Extranjeros no comunitarios	Hombres	282
Julio 2005	22	Huesca	No consta	No consta		No consta	Hombres	3
Julio 2005	22	Huesca	Españoles	ESPAÑA	Españoles	Españoles	Mujeres	2862
Julio 2005	22	Huesca	Extranjeros comunitarios (UE-25)	UNION EUROPEA	Extranjeros comunitarios (UE-27)	Extranjeros comunitarios (UE-28)	Mujeres	30
Julio 2005	22	Huesca	Extranjeros comunitarios (UE-25)	UNION EUROPEA	Extranjeros no comunitarios	Extranjeros comunitarios (UE-28)	Mujeres	4
Julio 2005	22	Huesca	Extranjeros no comunitarios	RESTO DEL MUNDO	Extranjeros comunitarios (UE-27)	Extranjeros comunitarios (UE-28)	Mujeres	15
Julio 2005	22	Huesca	Extranjeros no comunitarios	RESTO DEL MUNDO	Extranjeros no comunitarios	Extranjeros no comunitarios	Mujeres	138
Julio 2005	22	Huesca	No consta	No consta		No consta	Mujeres	4
Julio 2005	44	Teruel	Españoles	ESPAÑA	Españoles	Españoles	Hombres	1278
Julio 2005	44	Teruel	Extranjeros comunitarios (UE-25)	UNION EUROPEA	Extranjeros comunitarios (UE-27)	Extranjeros comunitarios (UE-28)	Hombres	20
Julio 2005	44	Teruel	Extranjeros no comunitarios	RESTO DEL MUNDO	Extranjeros comunitarios (UE-27)	Extranjeros comunitarios (UE-28)	Hombres	33
Julio 2005	44	Teruel	Extranjeros no comunitarios	RESTO DEL MUNDO	Extranjeros no comunitarios	Extranjeros no comunitarios	Hombres	143
Julio 2005	44	Teruel	Españoles	ESPAÑA	Españoles	Españoles	Mujeres	1973
Julio 2005	44	Teruel	Extranjeros comunitarios (UE-25)	UNION EUROPEA	Extranjeros comunitarios (UE-27)	Extranjeros comunitarios (UE-28)	Mujeres	22
Julio 2005	44	Teruel	Extranjeros no comunitarios	RESTO DEL MUNDO	Extranjeros comunitarios (UE-27)	Extranjeros comunitarios (UE-28)	Mujeres	37
Julio 2005	44	Teruel	Extranjeros no comunitarios	RESTO DEL MUNDO	Extranjeros no comunitarios	Extranjeros no comunitarios	Mujeres	104
Julio 2005	44	Teruel	No consta	No consta		No consta	Mujeres	3
Julio 2005	50	Zaragoza	Españoles	ESPAÑA	Españoles	Españoles	Hombres	9175
Julio 2005	50	Zaragoza	Extranjeros comunitarios (UE-25)	UNION EUROPEA	Extranjeros comunitarios (UE-27)	Extranjeros comunitarios (UE-28)	Hombres	106
Julio 2005	50	Zaragoza	Extranjeros comunitarios (UE-25)	UNION EUROPEA	Extranjeros no comunitarios	Extranjeros comunitarios (UE-28)	Hombres	12
Julio 2005	50	Zaragoza	Extranjeros no comunitarios	RESTO DEL MUNDO	Extranjeros comunitarios (UE-27)	Extranjeros comunitarios (UE-28)	Hombres	180
Julio 2005	50	Zaragoza	Extranjeros no comunitarios	RESTO DEL MUNDO	Extranjeros no comunitarios	Extranjeros no comunitarios	Hombres	1064
Julio 2005	50	Zaragoza	No consta	No consta		No consta	Hombres	8
Julio 2005	50	Zaragoza	Españoles	ESPAÑA	Españoles	Españoles	Mujeres	15939
Julio 2005	50	Zaragoza	Extranjeros comunitarios (UE-25)	UNION EUROPEA	Extranjeros comunitarios (UE-27)	Extranjeros comunitarios (UE-28)	Mujeres	127
Julio 2005	50	Zaragoza	Extranjeros comunitarios (UE-25)	UNION EUROPEA	Extranjeros no comunitarios	Extranjeros comunitarios (UE-28)	Mujeres	9
Julio 2005	50	Zaragoza	Extranjeros no comunitarios	RESTO DEL MUNDO	Extranjeros comunitarios (UE-27)	Extranjeros comunitarios (UE-28)	Mujeres	170
Julio 2005	50	Zaragoza	Extranjeros no comunitarios	RESTO DEL MUNDO	Extranjeros no comunitarios	Extranjeros no comunitarios	Mujeres	854
Julio 2005	50	Zaragoza	No consta	No consta		No consta	Mujeres	14
Junio 2005	22	Huesca	Españoles	ESPAÑA	Españoles	Españoles	Hombres	1594
Junio 2005	22	Huesca	Extranjeros comunitarios (UE-25)	UNION EUROPEA	Extranjeros comunitarios (UE-27)	Extranjeros comunitarios (UE-28)	Hombres	29
Junio 2005	22	Huesca	Extranjeros comunitarios (UE-25)	UNION EUROPEA	Extranjeros no comunitarios	Extranjeros comunitarios (UE-28)	Hombres	4
Junio 2005	22	Huesca	Extranjeros no comunitarios	RESTO DEL MUNDO	Extranjeros comunitarios (UE-27)	Extranjeros comunitarios (UE-28)	Hombres	20
Junio 2005	22	Huesca	Extranjeros no comunitarios	RESTO DEL MUNDO	Extranjeros no comunitarios	Extranjeros no comunitarios	Hombres	208
Junio 2005	22	Huesca	No consta	No consta		No consta	Hombres	90
Junio 2005	22	Huesca	Españoles	ESPAÑA	Españoles	Españoles	Mujeres	2997
Junio 2005	22	Huesca	Extranjeros comunitarios (UE-25)	UNION EUROPEA	Extranjeros comunitarios (UE-27)	Extranjeros comunitarios (UE-28)	Mujeres	28
Junio 2005	22	Huesca	Extranjeros comunitarios (UE-25)	UNION EUROPEA	Extranjeros no comunitarios	Extranjeros comunitarios (UE-28)	Mujeres	4
Junio 2005	22	Huesca	Extranjeros no comunitarios	RESTO DEL MUNDO	Extranjeros comunitarios (UE-27)	Extranjeros comunitarios (UE-28)	Mujeres	28
Junio 2005	22	Huesca	Extranjeros no comunitarios	RESTO DEL MUNDO	Extranjeros no comunitarios	Extranjeros no comunitarios	Mujeres	153
Junio 2005	22	Huesca	No consta	No consta		No consta	Mujeres	67
Junio 2005	44	Teruel	Españoles	ESPAÑA	Españoles	Españoles	Hombres	1161
Junio 2005	44	Teruel	Extranjeros comunitarios (UE-25)	UNION EUROPEA	Extranjeros comunitarios (UE-27)	Extranjeros comunitarios (UE-28)	Hombres	22
Junio 2005	44	Teruel	Extranjeros no comunitarios	RESTO DEL MUNDO	Extranjeros comunitarios (UE-27)	Extranjeros comunitarios (UE-28)	Hombres	23
Junio 2005	44	Teruel	Extranjeros no comunitarios	RESTO DEL MUNDO	Extranjeros no comunitarios	Extranjeros no comunitarios	Hombres	103
Junio 2005	44	Teruel	No consta	No consta		No consta	Hombres	73
Junio 2005	44	Teruel	Españoles	ESPAÑA	Españoles	Españoles	Mujeres	2000
Junio 2005	44	Teruel	Extranjeros comunitarios (UE-25)	UNION EUROPEA	Extranjeros comunitarios (UE-27)	Extranjeros comunitarios (UE-28)	Mujeres	17
Junio 2005	44	Teruel	Extranjeros no comunitarios	RESTO DEL MUNDO	Extranjeros comunitarios (UE-27)	Extranjeros comunitarios (UE-28)	Mujeres	38
Junio 2005	44	Teruel	Extranjeros no comunitarios	RESTO DEL MUNDO	Extranjeros no comunitarios	Extranjeros no comunitarios	Mujeres	96
Junio 2005	44	Teruel	No consta	No consta		No consta	Mujeres	72
Junio 2005	50	Zaragoza	Españoles	ESPAÑA	Españoles	Españoles	Hombres	8569
Junio 2005	50	Zaragoza	Extranjeros comunitarios (UE-25)	UNION EUROPEA	Extranjeros comunitarios (UE-27)	Extranjeros comunitarios (UE-28)	Hombres	84
Junio 2005	50	Zaragoza	Extranjeros comunitarios (UE-25)	UNION EUROPEA	Extranjeros no comunitarios	Extranjeros comunitarios (UE-28)	Hombres	6
Junio 2005	50	Zaragoza	Extranjeros no comunitarios	RESTO DEL MUNDO	Extranjeros comunitarios (UE-27)	Extranjeros comunitarios (UE-28)	Hombres	120
Junio 2005	50	Zaragoza	Extranjeros no comunitarios	RESTO DEL MUNDO	Extranjeros no comunitarios	Extranjeros no comunitarios	Hombres	907
Junio 2005	50	Zaragoza	No consta	No consta		No consta	Hombres	375
Junio 2005	50	Zaragoza	Españoles	ESPAÑA	Españoles	Españoles	Mujeres	15332
Junio 2005	50	Zaragoza	Extranjeros comunitarios (UE-25)	UNION EUROPEA	Extranjeros comunitarios (UE-27)	Extranjeros comunitarios (UE-28)	Mujeres	97
Junio 2005	50	Zaragoza	Extranjeros comunitarios (UE-25)	UNION EUROPEA	Extranjeros no comunitarios	Extranjeros comunitarios (UE-28)	Mujeres	11
Junio 2005	50	Zaragoza	Extranjeros no comunitarios	RESTO DEL MUNDO	Extranjeros comunitarios (UE-27)	Extranjeros comunitarios (UE-28)	Mujeres	135
Junio 2005	50	Zaragoza	Extranjeros no comunitarios	RESTO DEL MUNDO	Extranjeros no comunitarios	Extranjeros no comunitarios	Mujeres	848
Junio 2005	50	Zaragoza	No consta	No consta		No consta	Mujeres	430
Mayo 2005	22	Huesca	Españoles	ESPAÑA	Españoles	Españoles	Hombres	1538
Mayo 2005	22	Huesca	Extranjeros comunitarios (UE-25)	UNION EUROPEA	Extranjeros comunitarios (UE-27)	Extranjeros comunitarios (UE-28)	Hombres	29
Mayo 2005	22	Huesca	Extranjeros comunitarios (UE-25)	UNION EUROPEA	Extranjeros no comunitarios	Extranjeros comunitarios (UE-28)	Hombres	2
Mayo 2005	22	Huesca	Extranjeros no comunitarios	RESTO DEL MUNDO	Extranjeros comunitarios (UE-27)	Extranjeros comunitarios (UE-28)	Hombres	20
Mayo 2005	22	Huesca	Extranjeros no comunitarios	RESTO DEL MUNDO	Extranjeros no comunitarios	Extranjeros no comunitarios	Hombres	200
Mayo 2005	22	Huesca	No consta	No consta		No consta	Hombres	327
Mayo 2005	22	Huesca	Españoles	ESPAÑA	Españoles	Españoles	Mujeres	2943
Mayo 2005	22	Huesca	Extranjeros comunitarios (UE-25)	UNION EUROPEA	Extranjeros comunitarios (UE-27)	Extranjeros comunitarios (UE-28)	Mujeres	29
Mayo 2005	22	Huesca	Extranjeros comunitarios (UE-25)	UNION EUROPEA	Extranjeros no comunitarios	Extranjeros comunitarios (UE-28)	Mujeres	1
Mayo 2005	22	Huesca	Extranjeros no comunitarios	RESTO DEL MUNDO	Extranjeros comunitarios (UE-27)	Extranjeros comunitarios (UE-28)	Mujeres	22
Mayo 2005	22	Huesca	Extranjeros no comunitarios	RESTO DEL MUNDO	Extranjeros no comunitarios	Extranjeros no comunitarios	Mujeres	148
Mayo 2005	22	Huesca	No consta	No consta		No consta	Mujeres	429
Mayo 2005	44	Teruel	Españoles	ESPAÑA	Españoles	Españoles	Hombres	1081
Mayo 2005	44	Teruel	Extranjeros comunitarios (UE-25)	UNION EUROPEA	Extranjeros comunitarios (UE-27)	Extranjeros comunitarios (UE-28)	Hombres	26
Mayo 2005	44	Teruel	Extranjeros no comunitarios	RESTO DEL MUNDO	Extranjeros comunitarios (UE-27)	Extranjeros comunitarios (UE-28)	Hombres	24
Mayo 2005	44	Teruel	Extranjeros no comunitarios	RESTO DEL MUNDO	Extranjeros no comunitarios	Extranjeros no comunitarios	Hombres	96
Mayo 2005	44	Teruel	No consta	No consta		No consta	Hombres	243
Mayo 2005	44	Teruel	Españoles	ESPAÑA	Españoles	Españoles	Mujeres	1964
Mayo 2005	44	Teruel	Extranjeros comunitarios (UE-25)	UNION EUROPEA	Extranjeros comunitarios (UE-27)	Extranjeros comunitarios (UE-28)	Mujeres	16
Mayo 2005	44	Teruel	Extranjeros no comunitarios	RESTO DEL MUNDO	Extranjeros comunitarios (UE-27)	Extranjeros comunitarios (UE-28)	Mujeres	30
Mayo 2005	44	Teruel	Extranjeros no comunitarios	RESTO DEL MUNDO	Extranjeros no comunitarios	Extranjeros no comunitarios	Mujeres	90
Mayo 2005	44	Teruel	No consta	No consta		No consta	Mujeres	310
Mayo 2005	50	Zaragoza	Españoles	ESPAÑA	Españoles	Españoles	Hombres	7844
Mayo 2005	50	Zaragoza	Extranjeros comunitarios (UE-25)	UNION EUROPEA	Extranjeros comunitarios (UE-27)	Extranjeros comunitarios (UE-28)	Hombres	71
Mayo 2005	50	Zaragoza	Extranjeros comunitarios (UE-25)	UNION EUROPEA	Extranjeros no comunitarios	Extranjeros comunitarios (UE-28)	Hombres	7
Mayo 2005	50	Zaragoza	Extranjeros no comunitarios	RESTO DEL MUNDO	Extranjeros comunitarios (UE-27)	Extranjeros comunitarios (UE-28)	Hombres	115
Mayo 2005	50	Zaragoza	Extranjeros no comunitarios	RESTO DEL MUNDO	Extranjeros no comunitarios	Extranjeros no comunitarios	Hombres	822
Mayo 2005	50	Zaragoza	No consta	No consta		No consta	Hombres	1701
Mayo 2005	50	Zaragoza	Españoles	ESPAÑA	Españoles	Españoles	Mujeres	14234
Mayo 2005	50	Zaragoza	Extranjeros comunitarios (UE-25)	UNION EUROPEA	Extranjeros comunitarios (UE-27)	Extranjeros comunitarios (UE-28)	Mujeres	93
Mayo 2005	50	Zaragoza	Extranjeros comunitarios (UE-25)	UNION EUROPEA	Extranjeros no comunitarios	Extranjeros comunitarios (UE-28)	Mujeres	6
Mayo 2005	50	Zaragoza	Extranjeros no comunitarios	RESTO DEL MUNDO	Extranjeros comunitarios (UE-27)	Extranjeros comunitarios (UE-28)	Mujeres	118
Mayo 2005	50	Zaragoza	Extranjeros no comunitarios	RESTO DEL MUNDO	Extranjeros no comunitarios	Extranjeros no comunitarios	Mujeres	740
Mayo 2005	50	Zaragoza	No consta	No consta		No consta	Mujeres	2012
Abril 2005	22	Huesca	Españoles	ESPAÑA	Españoles	Españoles	Hombres	1982
Abril 2005	22	Huesca	Extranjeros comunitarios (UE-25)	UNION EUROPEA	Extranjeros comunitarios (UE-27)	Extranjeros comunitarios (UE-28)	Hombres	37
Abril 2005	22	Huesca	Extranjeros comunitarios (UE-25)	UNION EUROPEA	Extranjeros no comunitarios	Extranjeros comunitarios (UE-28)	Hombres	2
Abril 2005	22	Huesca	Extranjeros no comunitarios	RESTO DEL MUNDO	Extranjeros comunitarios (UE-27)	Extranjeros comunitarios (UE-28)	Hombres	31
Abril 2005	22	Huesca	Extranjeros no comunitarios	RESTO DEL MUNDO	Extranjeros no comunitarios	Extranjeros no comunitarios	Hombres	369
Abril 2005	22	Huesca	Españoles	ESPAÑA	Españoles	Españoles	Mujeres	3491
Abril 2005	22	Huesca	Extranjeros comunitarios (UE-25)	UNION EUROPEA	Extranjeros comunitarios (UE-27)	Extranjeros comunitarios (UE-28)	Mujeres	37
Abril 2005	22	Huesca	Extranjeros comunitarios (UE-25)	UNION EUROPEA	Extranjeros no comunitarios	Extranjeros comunitarios (UE-28)	Mujeres	2
Abril 2005	22	Huesca	Extranjeros no comunitarios	RESTO DEL MUNDO	Extranjeros comunitarios (UE-27)	Extranjeros comunitarios (UE-28)	Mujeres	32
Abril 2005	22	Huesca	Extranjeros no comunitarios	RESTO DEL MUNDO	Extranjeros no comunitarios	Extranjeros no comunitarios	Mujeres	217
Abril 2005	44	Teruel	Españoles	ESPAÑA	Españoles	Españoles	Hombres	1292
Abril 2005	44	Teruel	Extranjeros comunitarios (UE-25)	UNION EUROPEA	Extranjeros comunitarios (UE-27)	Extranjeros comunitarios (UE-28)	Hombres	26
Abril 2005	44	Teruel	Extranjeros comunitarios (UE-25)	UNION EUROPEA	Extranjeros no comunitarios	Extranjeros comunitarios (UE-28)	Hombres	1
Abril 2005	44	Teruel	Extranjeros no comunitarios	RESTO DEL MUNDO	Extranjeros comunitarios (UE-27)	Extranjeros comunitarios (UE-28)	Hombres	32
Abril 2005	44	Teruel	Extranjeros no comunitarios	RESTO DEL MUNDO	Extranjeros no comunitarios	Extranjeros no comunitarios	Hombres	183
Abril 2005	44	Teruel	Españoles	ESPAÑA	Españoles	Españoles	Mujeres	2393
Abril 2005	44	Teruel	Extranjeros comunitarios (UE-25)	UNION EUROPEA	Extranjeros comunitarios (UE-27)	Extranjeros comunitarios (UE-28)	Mujeres	20
Abril 2005	44	Teruel	Extranjeros no comunitarios	RESTO DEL MUNDO	Extranjeros comunitarios (UE-27)	Extranjeros comunitarios (UE-28)	Mujeres	41
Abril 2005	44	Teruel	Extranjeros no comunitarios	RESTO DEL MUNDO	Extranjeros no comunitarios	Extranjeros no comunitarios	Mujeres	124
Abril 2005	50	Zaragoza	Españoles	ESPAÑA	Españoles	Españoles	Hombres	10212
Abril 2005	50	Zaragoza	Extranjeros comunitarios (UE-25)	UNION EUROPEA	Extranjeros comunitarios (UE-27)	Extranjeros comunitarios (UE-28)	Hombres	107
Abril 2005	50	Zaragoza	Extranjeros comunitarios (UE-25)	UNION EUROPEA	Extranjeros no comunitarios	Extranjeros comunitarios (UE-28)	Hombres	9
Abril 2005	50	Zaragoza	Extranjeros no comunitarios	RESTO DEL MUNDO	Extranjeros comunitarios (UE-27)	Extranjeros comunitarios (UE-28)	Hombres	175
Abril 2005	50	Zaragoza	Extranjeros no comunitarios	RESTO DEL MUNDO	Extranjeros no comunitarios	Extranjeros no comunitarios	Hombres	1315
Abril 2005	50	Zaragoza	No consta	No consta		No consta	Hombres	2
Abril 2005	50	Zaragoza	Españoles	ESPAÑA	Españoles	Españoles	Mujeres	17406
Abril 2005	50	Zaragoza	Extranjeros comunitarios (UE-25)	UNION EUROPEA	Extranjeros comunitarios (UE-27)	Extranjeros comunitarios (UE-28)	Mujeres	127
Abril 2005	50	Zaragoza	Extranjeros comunitarios (UE-25)	UNION EUROPEA	Extranjeros no comunitarios	Extranjeros comunitarios (UE-28)	Mujeres	7
Abril 2005	50	Zaragoza	Extranjeros no comunitarios	RESTO DEL MUNDO	Extranjeros comunitarios (UE-27)	Extranjeros comunitarios (UE-28)	Mujeres	177
Abril 2005	50	Zaragoza	Extranjeros no comunitarios	RESTO DEL MUNDO	Extranjeros no comunitarios	Extranjeros no comunitarios	Mujeres	1062
Marzo 2005	22	Huesca	Españoles	ESPAÑA	Españoles	Españoles	Hombres	1944
Marzo 2005	22	Huesca	Extranjeros comunitarios (UE-25)	UNION EUROPEA	Extranjeros comunitarios (UE-27)	Extranjeros comunitarios (UE-28)	Hombres	32
Marzo 2005	22	Huesca	Extranjeros comunitarios (UE-25)	UNION EUROPEA	Extranjeros no comunitarios	Extranjeros comunitarios (UE-28)	Hombres	4
Marzo 2005	22	Huesca	Extranjeros no comunitarios	RESTO DEL MUNDO	Extranjeros comunitarios (UE-27)	Extranjeros comunitarios (UE-28)	Hombres	34
Marzo 2005	22	Huesca	Extranjeros no comunitarios	RESTO DEL MUNDO	Extranjeros no comunitarios	Extranjeros no comunitarios	Hombres	375
Marzo 2005	22	Huesca	Españoles	ESPAÑA	Españoles	Españoles	Mujeres	3367
Marzo 2005	22	Huesca	Extranjeros comunitarios (UE-25)	UNION EUROPEA	Extranjeros comunitarios (UE-27)	Extranjeros comunitarios (UE-28)	Mujeres	41
Marzo 2005	22	Huesca	Extranjeros comunitarios (UE-25)	UNION EUROPEA	Extranjeros no comunitarios	Extranjeros comunitarios (UE-28)	Mujeres	4
Marzo 2005	22	Huesca	Extranjeros no comunitarios	RESTO DEL MUNDO	Extranjeros comunitarios (UE-27)	Extranjeros comunitarios (UE-28)	Mujeres	27
Marzo 2005	22	Huesca	Extranjeros no comunitarios	RESTO DEL MUNDO	Extranjeros no comunitarios	Extranjeros no comunitarios	Mujeres	197
Marzo 2005	44	Teruel	Españoles	ESPAÑA	Españoles	Españoles	Hombres	1369
Marzo 2005	44	Teruel	Extranjeros comunitarios (UE-25)	UNION EUROPEA	Extranjeros comunitarios (UE-27)	Extranjeros comunitarios (UE-28)	Hombres	21
Marzo 2005	44	Teruel	Extranjeros comunitarios (UE-25)	UNION EUROPEA	Extranjeros no comunitarios	Extranjeros comunitarios (UE-28)	Hombres	1
Marzo 2005	44	Teruel	Extranjeros no comunitarios	RESTO DEL MUNDO	Extranjeros comunitarios (UE-27)	Extranjeros comunitarios (UE-28)	Hombres	29
Marzo 2005	44	Teruel	Extranjeros no comunitarios	RESTO DEL MUNDO	Extranjeros no comunitarios	Extranjeros no comunitarios	Hombres	220
Marzo 2005	44	Teruel	Españoles	ESPAÑA	Españoles	Españoles	Mujeres	2403
Marzo 2005	44	Teruel	Extranjeros comunitarios (UE-25)	UNION EUROPEA	Extranjeros comunitarios (UE-27)	Extranjeros comunitarios (UE-28)	Mujeres	18
Marzo 2005	44	Teruel	Extranjeros comunitarios (UE-25)	UNION EUROPEA	Extranjeros no comunitarios	Extranjeros comunitarios (UE-28)	Mujeres	1
Marzo 2005	44	Teruel	Extranjeros no comunitarios	RESTO DEL MUNDO	Extranjeros comunitarios (UE-27)	Extranjeros comunitarios (UE-28)	Mujeres	44
Marzo 2005	44	Teruel	Extranjeros no comunitarios	RESTO DEL MUNDO	Extranjeros no comunitarios	Extranjeros no comunitarios	Mujeres	128
Marzo 2005	50	Zaragoza	Españoles	ESPAÑA	Españoles	Españoles	Hombres	10506
Marzo 2005	50	Zaragoza	Extranjeros comunitarios (UE-25)	UNION EUROPEA	Extranjeros comunitarios (UE-27)	Extranjeros comunitarios (UE-28)	Hombres	107
Marzo 2005	50	Zaragoza	Extranjeros comunitarios (UE-25)	UNION EUROPEA	Extranjeros no comunitarios	Extranjeros comunitarios (UE-28)	Hombres	7
Marzo 2005	50	Zaragoza	Extranjeros no comunitarios	RESTO DEL MUNDO	Extranjeros comunitarios (UE-27)	Extranjeros comunitarios (UE-28)	Hombres	179
Marzo 2005	50	Zaragoza	Extranjeros no comunitarios	RESTO DEL MUNDO	Extranjeros no comunitarios	Extranjeros no comunitarios	Hombres	1357
Marzo 2005	50	Zaragoza	No consta	No consta		No consta	Hombres	1
Marzo 2005	50	Zaragoza	Españoles	ESPAÑA	Españoles	Españoles	Mujeres	17573
Marzo 2005	50	Zaragoza	Extranjeros comunitarios (UE-25)	UNION EUROPEA	Extranjeros comunitarios (UE-27)	Extranjeros comunitarios (UE-28)	Mujeres	128
Marzo 2005	50	Zaragoza	Extranjeros comunitarios (UE-25)	UNION EUROPEA	Extranjeros no comunitarios	Extranjeros comunitarios (UE-28)	Mujeres	10
Marzo 2005	50	Zaragoza	Extranjeros no comunitarios	RESTO DEL MUNDO	Extranjeros comunitarios (UE-27)	Extranjeros comunitarios (UE-28)	Mujeres	182
Marzo 2005	50	Zaragoza	Extranjeros no comunitarios	RESTO DEL MUNDO	Extranjeros no comunitarios	Extranjeros no comunitarios	Mujeres	1105
Febrero 2005	22	Huesca	Españoles	ESPAÑA	Españoles	Españoles	Hombres	2029
Febrero 2005	22	Huesca	Extranjeros comunitarios (UE-25)	UNION EUROPEA	Extranjeros comunitarios (UE-27)	Extranjeros comunitarios (UE-28)	Hombres	27
Febrero 2005	22	Huesca	Extranjeros comunitarios (UE-25)	UNION EUROPEA	Extranjeros no comunitarios	Extranjeros comunitarios (UE-28)	Hombres	4
Febrero 2005	22	Huesca	Extranjeros no comunitarios	RESTO DEL MUNDO	Extranjeros comunitarios (UE-27)	Extranjeros comunitarios (UE-28)	Hombres	34
Febrero 2005	22	Huesca	Extranjeros no comunitarios	RESTO DEL MUNDO	Extranjeros no comunitarios	Extranjeros no comunitarios	Hombres	358
Febrero 2005	22	Huesca	No consta	No consta		No consta	Hombres	1
Febrero 2005	22	Huesca	Españoles	ESPAÑA	Españoles	Españoles	Mujeres	3461
Febrero 2005	22	Huesca	Extranjeros comunitarios (UE-25)	UNION EUROPEA	Extranjeros comunitarios (UE-27)	Extranjeros comunitarios (UE-28)	Mujeres	42
Febrero 2005	22	Huesca	Extranjeros comunitarios (UE-25)	UNION EUROPEA	Extranjeros no comunitarios	Extranjeros comunitarios (UE-28)	Mujeres	6
Febrero 2005	22	Huesca	Extranjeros no comunitarios	RESTO DEL MUNDO	Extranjeros comunitarios (UE-27)	Extranjeros comunitarios (UE-28)	Mujeres	29
Febrero 2005	22	Huesca	Extranjeros no comunitarios	RESTO DEL MUNDO	Extranjeros no comunitarios	Extranjeros no comunitarios	Mujeres	182
Febrero 2005	44	Teruel	Españoles	ESPAÑA	Españoles	Españoles	Hombres	1322
Febrero 2005	44	Teruel	Extranjeros comunitarios (UE-25)	UNION EUROPEA	Extranjeros comunitarios (UE-27)	Extranjeros comunitarios (UE-28)	Hombres	27
Febrero 2005	44	Teruel	Extranjeros comunitarios (UE-25)	UNION EUROPEA	Extranjeros no comunitarios	Extranjeros comunitarios (UE-28)	Hombres	1
Febrero 2005	44	Teruel	Extranjeros no comunitarios	RESTO DEL MUNDO	Extranjeros comunitarios (UE-27)	Extranjeros comunitarios (UE-28)	Hombres	23
Febrero 2005	44	Teruel	Extranjeros no comunitarios	RESTO DEL MUNDO	Extranjeros no comunitarios	Extranjeros no comunitarios	Hombres	202
Febrero 2005	44	Teruel	Españoles	ESPAÑA	Españoles	Españoles	Mujeres	2382
Febrero 2005	44	Teruel	Extranjeros comunitarios (UE-25)	UNION EUROPEA	Extranjeros comunitarios (UE-27)	Extranjeros comunitarios (UE-28)	Mujeres	21
Febrero 2005	44	Teruel	Extranjeros comunitarios (UE-25)	UNION EUROPEA	Extranjeros no comunitarios	Extranjeros comunitarios (UE-28)	Mujeres	1
Febrero 2005	44	Teruel	Extranjeros no comunitarios	RESTO DEL MUNDO	Extranjeros comunitarios (UE-27)	Extranjeros comunitarios (UE-28)	Mujeres	36
Febrero 2005	44	Teruel	Extranjeros no comunitarios	RESTO DEL MUNDO	Extranjeros no comunitarios	Extranjeros no comunitarios	Mujeres	128
Febrero 2005	50	Zaragoza	Españoles	ESPAÑA	Españoles	Españoles	Hombres	10318
Febrero 2005	50	Zaragoza	Extranjeros comunitarios (UE-25)	UNION EUROPEA	Extranjeros comunitarios (UE-27)	Extranjeros comunitarios (UE-28)	Hombres	105
Febrero 2005	50	Zaragoza	Extranjeros comunitarios (UE-25)	UNION EUROPEA	Extranjeros no comunitarios	Extranjeros comunitarios (UE-28)	Hombres	9
Febrero 2005	50	Zaragoza	Extranjeros no comunitarios	RESTO DEL MUNDO	Extranjeros comunitarios (UE-27)	Extranjeros comunitarios (UE-28)	Hombres	175
Febrero 2005	50	Zaragoza	Extranjeros no comunitarios	RESTO DEL MUNDO	Extranjeros no comunitarios	Extranjeros no comunitarios	Hombres	1262
Febrero 2005	50	Zaragoza	No consta	No consta		No consta	Hombres	2
Febrero 2005	50	Zaragoza	Españoles	ESPAÑA	Españoles	Españoles	Mujeres	17376
Febrero 2005	50	Zaragoza	Extranjeros comunitarios (UE-25)	UNION EUROPEA	Extranjeros comunitarios (UE-27)	Extranjeros comunitarios (UE-28)	Mujeres	117
Febrero 2005	50	Zaragoza	Extranjeros comunitarios (UE-25)	UNION EUROPEA	Extranjeros no comunitarios	Extranjeros comunitarios (UE-28)	Mujeres	12
Febrero 2005	50	Zaragoza	Extranjeros no comunitarios	RESTO DEL MUNDO	Extranjeros comunitarios (UE-27)	Extranjeros comunitarios (UE-28)	Mujeres	184
Febrero 2005	50	Zaragoza	Extranjeros no comunitarios	RESTO DEL MUNDO	Extranjeros no comunitarios	Extranjeros no comunitarios	Mujeres	1062
Enero 2005	22	Huesca	Españoles	ESPAÑA	Españoles	Españoles	Hombres	2138
Enero 2005	22	Huesca	Extranjeros comunitarios (UE-25)	UNION EUROPEA	Extranjeros comunitarios (UE-27)	Extranjeros comunitarios (UE-28)	Hombres	23
Enero 2005	22	Huesca	Extranjeros comunitarios (UE-25)	UNION EUROPEA	Extranjeros no comunitarios	Extranjeros comunitarios (UE-28)	Hombres	4
Enero 2005	22	Huesca	Extranjeros no comunitarios	RESTO DEL MUNDO	Extranjeros comunitarios (UE-27)	Extranjeros comunitarios (UE-28)	Hombres	34
Enero 2005	22	Huesca	Extranjeros no comunitarios	RESTO DEL MUNDO	Extranjeros no comunitarios	Extranjeros no comunitarios	Hombres	376
Enero 2005	22	Huesca	No consta	No consta		No consta	Hombres	1
Enero 2005	22	Huesca	Españoles	ESPAÑA	Españoles	Españoles	Mujeres	3469
Enero 2005	22	Huesca	Extranjeros comunitarios (UE-25)	UNION EUROPEA	Extranjeros comunitarios (UE-27)	Extranjeros comunitarios (UE-28)	Mujeres	45
Enero 2005	22	Huesca	Extranjeros comunitarios (UE-25)	UNION EUROPEA	Extranjeros no comunitarios	Extranjeros comunitarios (UE-28)	Mujeres	5
Enero 2005	22	Huesca	Extranjeros no comunitarios	RESTO DEL MUNDO	Extranjeros comunitarios (UE-27)	Extranjeros comunitarios (UE-28)	Mujeres	35
Enero 2005	22	Huesca	Extranjeros no comunitarios	RESTO DEL MUNDO	Extranjeros no comunitarios	Extranjeros no comunitarios	Mujeres	180
Enero 2005	44	Teruel	Españoles	ESPAÑA	Españoles	Españoles	Hombres	1392
Enero 2005	44	Teruel	Extranjeros comunitarios (UE-25)	UNION EUROPEA	Extranjeros comunitarios (UE-27)	Extranjeros comunitarios (UE-28)	Hombres	26
Enero 2005	44	Teruel	Extranjeros comunitarios (UE-25)	UNION EUROPEA	Extranjeros no comunitarios	Extranjeros comunitarios (UE-28)	Hombres	1
Enero 2005	44	Teruel	Extranjeros no comunitarios	RESTO DEL MUNDO	Extranjeros comunitarios (UE-27)	Extranjeros comunitarios (UE-28)	Hombres	20
Enero 2005	44	Teruel	Extranjeros no comunitarios	RESTO DEL MUNDO	Extranjeros no comunitarios	Extranjeros no comunitarios	Hombres	191
Enero 2005	44	Teruel	Españoles	ESPAÑA	Españoles	Españoles	Mujeres	2355
Enero 2005	44	Teruel	Extranjeros comunitarios (UE-25)	UNION EUROPEA	Extranjeros comunitarios (UE-27)	Extranjeros comunitarios (UE-28)	Mujeres	19
Enero 2005	44	Teruel	Extranjeros comunitarios (UE-25)	UNION EUROPEA	Extranjeros no comunitarios	Extranjeros comunitarios (UE-28)	Mujeres	1
Enero 2005	44	Teruel	Extranjeros no comunitarios	RESTO DEL MUNDO	Extranjeros comunitarios (UE-27)	Extranjeros comunitarios (UE-28)	Mujeres	30
Enero 2005	44	Teruel	Extranjeros no comunitarios	RESTO DEL MUNDO	Extranjeros no comunitarios	Extranjeros no comunitarios	Mujeres	116
Enero 2005	50	Zaragoza	Españoles	ESPAÑA	Españoles	Españoles	Hombres	10526
Enero 2005	50	Zaragoza	Extranjeros comunitarios (UE-25)	UNION EUROPEA	Extranjeros comunitarios (UE-27)	Extranjeros comunitarios (UE-28)	Hombres	110
Enero 2005	50	Zaragoza	Extranjeros comunitarios (UE-25)	UNION EUROPEA	Extranjeros no comunitarios	Extranjeros comunitarios (UE-28)	Hombres	10
Enero 2005	50	Zaragoza	Extranjeros no comunitarios	RESTO DEL MUNDO	Extranjeros comunitarios (UE-27)	Extranjeros comunitarios (UE-28)	Hombres	178
Enero 2005	50	Zaragoza	Extranjeros no comunitarios	RESTO DEL MUNDO	Extranjeros no comunitarios	Extranjeros no comunitarios	Hombres	1334
Enero 2005	50	Zaragoza	No consta	No consta		No consta	Hombres	1
Enero 2005	50	Zaragoza	Españoles	ESPAÑA	Españoles	Españoles	Mujeres	17214
Enero 2005	50	Zaragoza	Extranjeros comunitarios (UE-25)	UNION EUROPEA	Extranjeros comunitarios (UE-27)	Extranjeros comunitarios (UE-28)	Mujeres	112
Enero 2005	50	Zaragoza	Extranjeros comunitarios (UE-25)	UNION EUROPEA	Extranjeros no comunitarios	Extranjeros comunitarios (UE-28)	Mujeres	12
Enero 2005	50	Zaragoza	Extranjeros no comunitarios	RESTO DEL MUNDO	Extranjeros comunitarios (UE-27)	Extranjeros comunitarios (UE-28)	Mujeres	171
Enero 2005	50	Zaragoza	Extranjeros no comunitarios	RESTO DEL MUNDO	Extranjeros no comunitarios	Extranjeros no comunitarios	Mujeres	1010