Municipio código	Municipio nombre	Año	Sistema de cultivo	Total (A+B+C1+C2+D)	(A) FRUTALES. Total	Manzano	Peral	Membrillero	Albaricoquero	Cerezo y Guindo	Melocotonero	Ciruelo	Higuera	Palmera datilera	Azufaifo y otros	Almendro	Nogal	Avellano	Nectarina	Otros frutales	(B) VIÑEDO. Total	Viñedo de uva de mesa	Viñedo de uva de vino	Viñedo de uva para pasas	(C1) OLIVAR. Total	Olivar de aceituna de mesa y para aceite	(C2) OTROS CULTIVOS LEÑOSOS. Total	(D) VIVEROS. Total
22001	Abiego	2017	Regadío	2,0	0,0	0,0	0,0	0,0	0,0	0,0	0,0	0,0	0,0	0,0	0,0	0,0	0,0	0,0	0,0	0,0	2,0	0,0	2,0	0,0	0,0	0,0	0,0	0,0
22001	Abiego	2017	Secano	334,0	229,0	0,0	0,0	0,0	0,0	0,0	0,0	0,0	0,0	0,0	0,0	228,0	0,0	0,0	0,0	1,0	31,0	0,0	31,0	0,0	71,0	71,0	3,0	0,0
22002	Abizanda	2017	Regadío	0,0	0,0	0,0	0,0	0,0	0,0	0,0	0,0	0,0	0,0	0,0	0,0	0,0	0,0	0,0	0,0	0,0	0,0	0,0	0,0	0,0	0,0	0,0	0,0	0,0
22002	Abizanda	2017	Secano	152,0	58,0	1,0	0,0	0,0	0,0	0,0	0,0	0,0	0,0	0,0	0,0	53,0	4,0	0,0	0,0	0,0	11,0	1,0	10,0	0,0	83,0	83,0	0,0	0,0
22003	Adahuesca	2017	Regadío	15,0	0,0	0,0	0,0	0,0	0,0	0,0	0,0	0,0	0,0	0,0	0,0	0,0	0,0	0,0	0,0	0,0	15,0	0,0	15,0	0,0	0,0	0,0	0,0	0,0
22003	Adahuesca	2017	Secano	257,0	126,0	0,0	0,0	0,0	0,0	0,0	0,0	0,0	0,0	0,0	0,0	126,0	0,0	0,0	0,0	0,0	72,0	0,0	72,0	0,0	56,0	56,0	3,0	0,0
22004	Agüero	2017	Regadío	0,0	0,0	0,0	0,0	0,0	0,0	0,0	0,0	0,0	0,0	0,0	0,0	0,0	0,0	0,0	0,0	0,0	0,0	0,0	0,0	0,0	0,0	0,0	0,0	0,0
22004	Agüero	2017	Secano	53,0	37,0	0,0	0,0	0,0	0,0	0,0	0,0	0,0	0,0	0,0	0,0	37,0	0,0	0,0	0,0	0,0	2,0	0,0	2,0	0,0	11,0	11,0	3,0	0,0
22006	Aísa	2017	Regadío											0,0														
22006	Aísa	2017	Secano											0,0														
22007	Albalate de Cinca	2017	Regadío	630,0	573,0	15,0	20,0	0,0	21,0	57,0	176,0	3,0	9,0	0,0	0,0	107,0	0,0	0,0	162,0	3,0	10,0	0,0	10,0	0,0	47,0	47,0	0,0	0,0
22007	Albalate de Cinca	2017	Secano	17,0	15,0	0,0	0,0	0,0	0,0	0,0	4,0	0,0	0,0	0,0	0,0	10,0	0,0	0,0	1,0	0,0	1,0	0,0	1,0	0,0	1,0	1,0	0,0	0,0
22008	Albalatillo	2017	Regadío	3,0	0,0	0,0	0,0	0,0	0,0	0,0	0,0	0,0	0,0	0,0	0,0	0,0	0,0	0,0	0,0	0,0	0,0	0,0	0,0	0,0	3,0	3,0	0,0	0,0
22008	Albalatillo	2017	Secano	0,0	0,0	0,0	0,0	0,0	0,0	0,0	0,0	0,0	0,0	0,0	0,0	0,0	0,0	0,0	0,0	0,0	0,0	0,0	0,0	0,0	0,0	0,0	0,0	0,0
22009	Albelda	2017	Regadío	501,0	484,0	30,0	42,0	0,0	0,0	1,0	286,0	1,0	3,0	0,0	0,0	27,0	0,0	0,0	93,0	1,0	0,0	0,0	0,0	0,0	17,0	17,0	0,0	0,0
22009	Albelda	2017	Secano	151,0	64,0	2,0	8,0	0,0	0,0	0,0	28,0	0,0	0,0	0,0	0,0	18,0	0,0	0,0	8,0	0,0	0,0	0,0	0,0	0,0	87,0	87,0	0,0	0,0
22011	Albero Alto	2017	Regadío	0,0	0,0	0,0	0,0	0,0	0,0	0,0	0,0	0,0	0,0	0,0	0,0	0,0	0,0	0,0	0,0	0,0	0,0	0,0	0,0	0,0	0,0	0,0	0,0	0,0
22011	Albero Alto	2017	Secano	1,0	0,0	0,0	0,0	0,0	0,0	0,0	0,0	0,0	0,0	0,0	0,0	0,0	0,0	0,0	0,0	0,0	0,0	0,0	0,0	0,0	1,0	1,0	0,0	0,0
22012	Albero Bajo	2017	Regadío	0,0	0,0	0,0	0,0	0,0	0,0	0,0	0,0	0,0	0,0	0,0	0,0	0,0	0,0	0,0	0,0	0,0	0,0	0,0	0,0	0,0	0,0	0,0	0,0	0,0
22012	Albero Bajo	2017	Secano	12,0	12,0	0,0	0,0	0,0	0,0	0,0	0,0	0,0	0,0	0,0	0,0	12,0	0,0	0,0	0,0	0,0	0,0	0,0	0,0	0,0	0,0	0,0	0,0	0,0
22013	Alberuela de Tubo	2017	Regadío	12,0	8,0	0,0	0,0	0,0	0,0	0,0	0,0	0,0	0,0	0,0	0,0	8,0	0,0	0,0	0,0	0,0	0,0	0,0	0,0	0,0	4,0	4,0	0,0	0,0
22013	Alberuela de Tubo	2017	Secano	2,0	0,0	0,0	0,0	0,0	0,0	0,0	0,0	0,0	0,0	0,0	0,0	0,0	0,0	0,0	0,0	0,0	0,0	0,0	0,0	0,0	2,0	2,0	0,0	0,0
22014	Alcalá de Gurrea	2017	Regadío	129,0	128,0	0,0	0,0	0,0	0,0	0,0	0,0	0,0	0,0	0,0	0,0	127,0	1,0	0,0	0,0	0,0	0,0	0,0	0,0	0,0	1,0	1,0	0,0	0,0
22014	Alcalá de Gurrea	2017	Secano	66,0	63,0	0,0	0,0	0,0	0,0	0,0	0,0	0,0	0,0	0,0	0,0	63,0	0,0	0,0	0,0	0,0	1,0	0,0	1,0	0,0	2,0	2,0	0,0	0,0
22015	Alcalá del Obispo	2017	Regadío	1,0	0,0	0,0	0,0	0,0	0,0	0,0	0,0	0,0	0,0	0,0	0,0	0,0	0,0	0,0	0,0	0,0	0,0	0,0	0,0	0,0	1,0	1,0	0,0	0,0
22015	Alcalá del Obispo	2017	Secano	36,0	32,0	0,0	0,0	0,0	0,0	0,0	0,0	0,0	0,0	0,0	0,0	32,0	0,0	0,0	0,0	0,0	1,0	0,0	1,0	0,0	3,0	3,0	0,0	0,0
22016	Alcampell	2017	Regadío	37,0	31,0	5,0	3,0	0,0	0,0	0,0	7,0	2,0	0,0	0,0	0,0	10,0	0,0	0,0	4,0	0,0	0,0	0,0	0,0	0,0	6,0	6,0	0,0	0,0
22016	Alcampell	2017	Secano	290,0	112,0	0,0	0,0	0,0	0,0	0,0	0,0	0,0	0,0	0,0	0,0	112,0	0,0	0,0	0,0	0,0	2,0	0,0	2,0	0,0	176,0	176,0	0,0	0,0
22017	Alcolea de Cinca	2017	Regadío	345,0	289,0	22,0	28,0	0,0	15,0	53,0	65,0	2,0	1,0	0,0	0,0	16,0	0,0	0,0	67,0	20,0	2,0	0,0	2,0	0,0	54,0	54,0	0,0	0,0
22017	Alcolea de Cinca	2017	Secano	22,0	13,0	0,0	0,0	0,0	0,0	6,0	1,0	0,0	0,0	0,0	0,0	6,0	0,0	0,0	0,0	0,0	0,0	0,0	0,0	0,0	9,0	9,0	0,0	0,0
22018	Alcubierre	2017	Regadío	0,0	0,0	0,0	0,0	0,0	0,0	0,0	0,0	0,0	0,0	0,0	0,0	0,0	0,0	0,0	0,0	0,0	0,0	0,0	0,0	0,0	0,0	0,0	0,0	0,0
22018	Alcubierre	2017	Secano	71,0	19,0	0,0	0,0	0,0	0,0	0,0	0,0	0,0	0,0	0,0	0,0	19,0	0,0	0,0	0,0	0,0	29,0	0,0	29,0	0,0	23,0	23,0	0,0	0,0
22019	Alerre	2017	Regadío	0,0	0,0	0,0	0,0	0,0	0,0	0,0	0,0	0,0	0,0	0,0	0,0	0,0	0,0	0,0	0,0	0,0	0,0	0,0	0,0	0,0	0,0	0,0	0,0	0,0
22019	Alerre	2017	Secano	10,0	6,0	0,0	0,0	0,0	0,0	0,0	0,0	0,0	0,0	0,0	0,0	6,0	0,0	0,0	0,0	0,0	3,0	0,0	3,0	0,0	1,0	1,0	0,0	0,0
22020	Alfántega	2017	Regadío	66,0	58,0	2,0	6,0	0,0	0,0	0,0	34,0	1,0	0,0	0,0	0,0	8,0	0,0	0,0	7,0	0,0	1,0	0,0	1,0	0,0	4,0	4,0	3,0	0,0
22020	Alfántega	2017	Secano	6,0	0,0	0,0	0,0	0,0	0,0	0,0	0,0	0,0	0,0	0,0	0,0	0,0	0,0	0,0	0,0	0,0	0,0	0,0	0,0	0,0	6,0	6,0	0,0	0,0
22021	Almudévar	2017	Regadío	76,0	22,0	0,0	0,0	0,0	0,0	0,0	0,0	0,0	0,0	0,0	0,0	20,0	0,0	0,0	0,0	2,0	1,0	0,0	1,0	0,0	53,0	53,0	0,0	0,0
22021	Almudévar	2017	Secano	577,0	367,0	0,0	0,0	0,0	0,0	0,0	0,0	0,0	0,0	0,0	0,0	367,0	0,0	0,0	0,0	0,0	74,0	0,0	74,0	0,0	105,0	105,0	31,0	0,0
22022	Almunia de San Juan	2017	Regadío	15,0	1,0	0,0	0,0	0,0	0,0	0,0	0,0	0,0	0,0	0,0	0,0	1,0	0,0	0,0	0,0	0,0	10,0	0,0	10,0	0,0	4,0	4,0	0,0	0,0
22022	Almunia de San Juan	2017	Secano	17,0	1,0	0,0	0,0	0,0	0,0	0,0	0,0	0,0	0,0	0,0	0,0	1,0	0,0	0,0	0,0	0,0	7,0	0,0	7,0	0,0	9,0	9,0	0,0	0,0
22023	Almuniente	2017	Regadío	235,0	234,0	0,0	0,0	0,0	0,0	0,0	0,0	0,0	0,0	0,0	0,0	233,0	1,0	0,0	0,0	0,0	0,0	0,0	0,0	0,0	1,0	1,0	0,0	0,0
22023	Almuniente	2017	Secano	0,0	0,0	0,0	0,0	0,0	0,0	0,0	0,0	0,0	0,0	0,0	0,0	0,0	0,0	0,0	0,0	0,0	0,0	0,0	0,0	0,0	0,0	0,0	0,0	0,0
22024	Alquézar	2017	Regadío	1,0	0,0	0,0	0,0	0,0	0,0	0,0	0,0	0,0	0,0	0,0	0,0	0,0	0,0	0,0	0,0	0,0	1,0	0,0	1,0	0,0	0,0	0,0	0,0	0,0
22024	Alquézar	2017	Secano	225,0	91,0	0,0	0,0	0,0	0,0	0,0	0,0	0,0	0,0	0,0	1,0	89,0	1,0	0,0	0,0	0,0	4,0	0,0	4,0	0,0	123,0	123,0	7,0	0,0
22025	Altorricón	2017	Regadío	189,0	184,0	45,0	71,0	1,0	2,0	2,0	17,0	6,0	7,0	0,0	0,0	5,0	0,0	0,0	28,0	0,0	0,0	0,0	0,0	0,0	5,0	5,0	0,0	0,0
22025	Altorricón	2017	Secano	10,0	9,0	5,0	1,0	0,0	0,0	0,0	0,0	0,0	0,0	0,0	0,0	0,0	0,0	0,0	3,0	0,0	0,0	0,0	0,0	0,0	1,0	1,0	0,0	0,0
22027	Angüés	2017	Regadío	1,0	1,0	0,0	0,0	0,0	0,0	0,0	0,0	0,0	0,0	0,0	0,0	1,0	0,0	0,0	0,0	0,0	0,0	0,0	0,0	0,0	0,0	0,0	0,0	0,0
22027	Angüés	2017	Secano	101,0	31,0	0,0	0,0	0,0	0,0	0,0	0,0	0,0	0,0	0,0	0,0	31,0	0,0	0,0	0,0	0,0	54,0	0,0	54,0	0,0	16,0	16,0	0,0	0,0
22028	Ansó	2017	Regadío											0,0														
22028	Ansó	2017	Secano											0,0														
22029	Antillón	2017	Regadío	4,0	0,0	0,0	0,0	0,0	0,0	0,0	0,0	0,0	0,0	0,0	0,0	0,0	0,0	0,0	0,0	0,0	4,0	0,0	4,0	0,0	0,0	0,0	0,0	0,0
22029	Antillón	2017	Secano	139,0	110,0	0,0	0,0	0,0	0,0	0,0	0,0	0,0	0,0	0,0	0,0	110,0	0,0	0,0	0,0	0,0	13,0	0,0	13,0	0,0	16,0	16,0	0,0	0,0
22032	Aragüés del Puerto	2017	Regadío	0,0	0,0	0,0	0,0	0,0	0,0	0,0	0,0	0,0	0,0	0,0	0,0	0,0	0,0	0,0	0,0	0,0	0,0	0,0	0,0	0,0	0,0	0,0	0,0	0,0
22032	Aragüés del Puerto	2017	Secano	3,0	0,0	0,0	0,0	0,0	0,0	0,0	0,0	0,0	0,0	0,0	0,0	0,0	0,0	0,0	0,0	0,0	0,0	0,0	0,0	0,0	0,0	0,0	3,0	0,0
22035	Arén	2017	Regadío	0,0	0,0	0,0	0,0	0,0	0,0	0,0	0,0	0,0	0,0	0,0	0,0	0,0	0,0	0,0	0,0	0,0	0,0	0,0	0,0	0,0	0,0	0,0	0,0	0,0
22035	Arén	2017	Secano	14,0	3,0	0,0	0,0	0,0	0,0	0,0	0,0	0,0	0,0	0,0	0,0	3,0	0,0	0,0	0,0	0,0	4,0	0,0	4,0	0,0	1,0	1,0	6,0	0,0
22036	Argavieso	2017	Regadío	0,0	0,0	0,0	0,0	0,0	0,0	0,0	0,0	0,0	0,0	0,0	0,0	0,0	0,0	0,0	0,0	0,0	0,0	0,0	0,0	0,0	0,0	0,0	0,0	0,0
22036	Argavieso	2017	Secano	5,0	3,0	0,0	0,0	0,0	0,0	0,0	0,0	0,0	0,0	0,0	0,0	3,0	0,0	0,0	0,0	0,0	0,0	0,0	0,0	0,0	2,0	2,0	0,0	0,0
22037	Arguis	2017	Regadío											0,0														
22037	Arguis	2017	Secano											0,0														
22039	Ayerbe	2017	Regadío	49,0	5,0	0,0	0,0	0,0	0,0	0,0	0,0	0,0	0,0	0,0	0,0	4,0	0,0	0,0	0,0	1,0	23,0	0,0	23,0	0,0	20,0	20,0	1,0	0,0
22039	Ayerbe	2017	Secano	313,0	227,0	0,0	0,0	0,0	0,0	0,0	0,0	0,0	0,0	0,0	1,0	219,0	0,0	0,0	0,0	7,0	42,0	0,0	42,0	0,0	28,0	28,0	16,0	0,0
22040	Azanuy-Alins	2017	Regadío	0,0	0,0	0,0	0,0	0,0	0,0	0,0	0,0	0,0	0,0	0,0	0,0	0,0	0,0	0,0	0,0	0,0	0,0	0,0	0,0	0,0	0,0	0,0	0,0	0,0
22040	Azanuy-Alins	2017	Secano	206,0	106,0	0,0	0,0	0,0	0,0	0,0	0,0	0,0	0,0	0,0	0,0	106,0	0,0	0,0	0,0	0,0	1,0	0,0	1,0	0,0	95,0	95,0	4,0	0,0
22041	Azara	2017	Regadío	0,0	0,0	0,0	0,0	0,0	0,0	0,0	0,0	0,0	0,0	0,0	0,0	0,0	0,0	0,0	0,0	0,0	0,0	0,0	0,0	0,0	0,0	0,0	0,0	0,0
22041	Azara	2017	Secano	162,0	114,0	0,0	0,0	0,0	0,0	0,0	0,0	0,0	0,0	0,0	0,0	114,0	0,0	0,0	0,0	0,0	23,0	0,0	23,0	0,0	25,0	25,0	0,0	0,0
22042	Azlor	2017	Regadío	6,0	5,0	0,0	0,0	0,0	0,0	0,0	0,0	0,0	0,0	0,0	0,0	5,0	0,0	0,0	0,0	0,0	0,0	0,0	0,0	0,0	1,0	1,0	0,0	0,0
22042	Azlor	2017	Secano	261,0	191,0	0,0	0,0	0,0	0,0	0,0	0,0	0,0	0,0	0,0	0,0	191,0	0,0	0,0	0,0	0,0	31,0	0,0	31,0	0,0	39,0	39,0	0,0	0,0
22043	Baells	2017	Regadío	5,0	2,0	0,0	0,0	0,0	0,0	0,0	0,0	0,0	0,0	0,0	0,0	2,0	0,0	0,0	0,0	0,0	0,0	0,0	0,0	0,0	0,0	0,0	3,0	0,0
22043	Baells	2017	Secano	140,0	83,0	0,0	0,0	0,0	0,0	0,0	0,0	0,0	0,0	0,0	0,0	83,0	0,0	0,0	0,0	0,0	1,0	0,0	1,0	0,0	49,0	49,0	7,0	0,0
22044	Bailo	2017	Regadío	2,0	2,0	0,0	0,0	0,0	0,0	0,0	0,0	0,0	0,0	0,0	0,0	0,0	2,0	0,0	0,0	0,0	0,0	0,0	0,0	0,0	0,0	0,0	0,0	0,0
22044	Bailo	2017	Secano	7,0	0,0	0,0	0,0	0,0	0,0	0,0	0,0	0,0	0,0	0,0	0,0	0,0	0,0	0,0	0,0	0,0	0,0	0,0	0,0	0,0	0,0	0,0	7,0	0,0
22045	Baldellou	2017	Regadío	1,0	0,0	0,0	0,0	0,0	0,0	0,0	0,0	0,0	0,0	0,0	0,0	0,0	0,0	0,0	0,0	0,0	0,0	0,0	0,0	0,0	1,0	1,0	0,0	0,0
22045	Baldellou	2017	Secano	141,0	49,0	0,0	0,0	0,0	0,0	0,0	0,0	0,0	0,0	0,0	0,0	49,0	0,0	0,0	0,0	0,0	4,0	0,0	4,0	0,0	88,0	88,0	0,0	0,0
22046	Ballobar	2017	Regadío	297,0	294,0	7,0	60,0	0,0	24,0	25,0	83,0	0,0	0,0	0,0	0,0	31,0	0,0	0,0	62,0	2,0	0,0	0,0	0,0	0,0	3,0	3,0	0,0	0,0
22046	Ballobar	2017	Secano	164,0	25,0	0,0	0,0	0,0	0,0	0,0	3,0	0,0	0,0	0,0	0,0	22,0	0,0	0,0	0,0	0,0	2,0	0,0	2,0	0,0	137,0	137,0	0,0	0,0
22047	Banastás	2017	Regadío	0,0	0,0	0,0	0,0	0,0	0,0	0,0	0,0	0,0	0,0	0,0	0,0	0,0	0,0	0,0	0,0	0,0	0,0	0,0	0,0	0,0	0,0	0,0	0,0	0,0
22047	Banastás	2017	Secano	6,0	0,0	0,0	0,0	0,0	0,0	0,0	0,0	0,0	0,0	0,0	0,0	0,0	0,0	0,0	0,0	0,0	5,0	0,0	5,0	0,0	1,0	1,0	0,0	0,0
22048	Barbastro	2017	Regadío	1028,0	39,0	0,0	0,0	0,0	0,0	0,0	0,0	0,0	0,0	0,0	0,0	38,0	0,0	0,0	0,0	1,0	897,0	1,0	896,0	0,0	92,0	92,0	0,0	0,0
22048	Barbastro	2017	Secano	1177,0	243,0	0,0	0,0	0,0	0,0	0,0	0,0	0,0	0,0	0,0	0,0	239,0	0,0	0,0	0,0	4,0	468,0	0,0	465,0	3,0	466,0	466,0	0,0	0,0
22049	Barbués	2017	Regadío											0,0														
22049	Barbués	2017	Secano											0,0														
22050	Barbuñales	2017	Regadío	0,0	0,0	0,0	0,0	0,0	0,0	0,0	0,0	0,0	0,0	0,0	0,0	0,0	0,0	0,0	0,0	0,0	0,0	0,0	0,0	0,0	0,0	0,0	0,0	0,0
22050	Barbuñales	2017	Secano	56,0	7,0	0,0	0,0	0,0	0,0	0,0	0,0	0,0	0,0	0,0	0,0	7,0	0,0	0,0	0,0	0,0	39,0	0,0	39,0	0,0	10,0	10,0	0,0	0,0
22051	Bárcabo	2017	Regadío	0,0	0,0	0,0	0,0	0,0	0,0	0,0	0,0	0,0	0,0	0,0	0,0	0,0	0,0	0,0	0,0	0,0	0,0	0,0	0,0	0,0	0,0	0,0	0,0	0,0
22051	Bárcabo	2017	Secano	72,0	20,0	0,0	0,0	0,0	0,0	0,0	0,0	0,0	0,0	0,0	0,0	20,0	0,0	0,0	0,0	0,0	0,0	0,0	0,0	0,0	22,0	22,0	30,0	0,0
22052	Belver de Cinca	2017	Regadío	1847,0	1474,0	7,0	23,0	1,0	30,0	140,0	527,0	2,0	8,0	0,0	0,0	180,0	132,0	0,0	424,0	0,0	317,0	0,0	317,0	0,0	49,0	49,0	7,0	0,0
22052	Belver de Cinca	2017	Secano	31,0	25,0	0,0	0,0	0,0	0,0	1,0	13,0	0,0	0,0	0,0	0,0	1,0	0,0	0,0	10,0	0,0	4,0	0,0	4,0	0,0	2,0	2,0	0,0	0,0
22053	Benabarre	2017	Regadío	0,0	0,0	0,0	0,0	0,0	0,0	0,0	0,0	0,0	0,0	0,0	0,0	0,0	0,0	0,0	0,0	0,0	0,0	0,0	0,0	0,0	0,0	0,0	0,0	0,0
22053	Benabarre	2017	Secano	153,0	55,0	0,0	0,0	0,0	0,0	0,0	0,0	0,0	0,0	0,0	0,0	45,0	4,0	4,0	0,0	2,0	1,0	0,0	1,0	0,0	36,0	36,0	61,0	0,0
22054	Benasque	2017	Regadío	1,0	1,0	1,0	0,0	0,0	0,0	0,0	0,0	0,0	0,0	0,0	0,0	0,0	0,0	0,0	0,0	0,0	0,0	0,0	0,0	0,0	0,0	0,0	0,0	0,0
22054	Benasque	2017	Secano	0,0	0,0	0,0	0,0	0,0	0,0	0,0	0,0	0,0	0,0	0,0	0,0	0,0	0,0	0,0	0,0	0,0	0,0	0,0	0,0	0,0	0,0	0,0	0,0	0,0
22055	Berbegal	2017	Regadío	23,0	4,0	0,0	0,0	0,0	0,0	0,0	0,0	0,0	0,0	0,0	0,0	4,0	0,0	0,0	0,0	0,0	15,0	0,0	15,0	0,0	4,0	4,0	0,0	0,0
22055	Berbegal	2017	Secano	114,0	43,0	0,0	0,0	0,0	0,0	0,0	0,0	0,0	0,0	0,0	0,0	43,0	0,0	0,0	0,0	0,0	45,0	0,0	45,0	0,0	26,0	26,0	0,0	0,0
22057	Bielsa	2017	Regadío											0,0														
22057	Bielsa	2017	Secano											0,0														
22058	Bierge	2017	Regadío	0,0	0,0	0,0	0,0	0,0	0,0	0,0	0,0	0,0	0,0	0,0	0,0	0,0	0,0	0,0	0,0	0,0	0,0	0,0	0,0	0,0	0,0	0,0	0,0	0,0
22058	Bierge	2017	Secano	294,0	121,0	0,0	0,0	0,0	0,0	0,0	0,0	0,0	0,0	0,0	0,0	121,0	0,0	0,0	0,0	0,0	26,0	0,0	26,0	0,0	146,0	146,0	1,0	0,0
22059	Biescas	2017	Regadío											0,0														
22059	Biescas	2017	Secano											0,0														
22060	Binaced	2017	Regadío	1128,0	1083,0	13,0	137,0	0,0	12,0	1,0	459,0	4,0	0,0	0,0	0,0	358,0	4,0	0,0	95,0	0,0	19,0	1,0	18,0	0,0	26,0	26,0	0,0	0,0
22060	Binaced	2017	Secano	73,0	63,0	0,0	0,0	0,0	0,0	0,0	41,0	0,0	0,0	0,0	0,0	16,0	0,0	0,0	6,0	0,0	0,0	0,0	0,0	0,0	10,0	10,0	0,0	0,0
22061	Binéfar	2017	Regadío	50,0	29,0	13,0	1,0	0,0	0,0	0,0	3,0	0,0	0,0	0,0	2,0	7,0	0,0	0,0	3,0	0,0	1,0	0,0	1,0	0,0	20,0	20,0	0,0	0,0
22061	Binéfar	2017	Secano	6,0	4,0	0,0	0,0	0,0	0,0	0,0	0,0	0,0	0,0	0,0	0,0	3,0	1,0	0,0	0,0	0,0	0,0	0,0	0,0	0,0	2,0	2,0	0,0	0,0
22062	Bisaurri	2017	Regadío											0,0														
22062	Bisaurri	2017	Secano											0,0														
22063	Biscarrués	2017	Regadío	15,0	3,0	0,0	0,0	0,0	0,0	0,0	0,0	0,0	0,0	0,0	0,0	0,0	0,0	0,0	0,0	3,0	11,0	0,0	11,0	0,0	1,0	1,0	0,0	0,0
22063	Biscarrués	2017	Secano	118,0	93,0	0,0	0,0	0,0	0,0	0,0	0,0	0,0	0,0	0,0	0,0	93,0	0,0	0,0	0,0	0,0	16,0	0,0	13,0	3,0	9,0	9,0	0,0	0,0
22064	Blecua y Torres	2017	Regadío	0,0	0,0	0,0	0,0	0,0	0,0	0,0	0,0	0,0	0,0	0,0	0,0	0,0	0,0	0,0	0,0	0,0	0,0	0,0	0,0	0,0	0,0	0,0	0,0	0,0
22064	Blecua y Torres	2017	Secano	89,0	43,0	0,0	0,0	0,0	0,0	0,0	0,0	0,0	0,0	0,0	0,0	43,0	0,0	0,0	0,0	0,0	40,0	0,0	40,0	0,0	6,0	6,0	0,0	0,0
22066	Boltaña	2017	Regadío	0,0	0,0	0,0	0,0	0,0	0,0	0,0	0,0	0,0	0,0	0,0	0,0	0,0	0,0	0,0	0,0	0,0	0,0	0,0	0,0	0,0	0,0	0,0	0,0	0,0
22066	Boltaña	2017	Secano	1,0	0,0	0,0	0,0	0,0	0,0	0,0	0,0	0,0	0,0	0,0	0,0	0,0	0,0	0,0	0,0	0,0	0,0	0,0	0,0	0,0	1,0	1,0	0,0	0,0
22067	Bonansa	2017	Regadío											0,0														
22067	Bonansa	2017	Secano											0,0														
22068	Borau	2017	Regadío											0,0														
22068	Borau	2017	Secano											0,0														
22069	Broto	2017	Regadío											0,0														
22069	Broto	2017	Secano											0,0														
22072	Caldearenas	2017	Regadío	0,0	0,0	0,0	0,0	0,0	0,0	0,0	0,0	0,0	0,0	0,0	0,0	0,0	0,0	0,0	0,0	0,0	0,0	0,0	0,0	0,0	0,0	0,0	0,0	0,0
22072	Caldearenas	2017	Secano	2,0	0,0	0,0	0,0	0,0	0,0	0,0	0,0	0,0	0,0	0,0	0,0	0,0	0,0	0,0	0,0	0,0	0,0	0,0	0,0	0,0	0,0	0,0	2,0	0,0
22074	Campo	2017	Regadío											0,0														
22074	Campo	2017	Secano											0,0														
22075	Camporrells	2017	Regadío	0,0	0,0	0,0	0,0	0,0	0,0	0,0	0,0	0,0	0,0	0,0	0,0	0,0	0,0	0,0	0,0	0,0	0,0	0,0	0,0	0,0	0,0	0,0	0,0	0,0
22075	Camporrells	2017	Secano	31,0	14,0	0,0	0,0	0,0	0,0	0,0	0,0	0,0	0,0	0,0	0,0	14,0	0,0	0,0	0,0	0,0	0,0	0,0	0,0	0,0	13,0	13,0	4,0	0,0
22076	Canal de Berdún	2017	Regadío	1,0	1,0	0,0	0,0	0,0	0,0	0,0	0,0	0,0	0,0	0,0	0,0	1,0	0,0	0,0	0,0	0,0	0,0	0,0	0,0	0,0	0,0	0,0	0,0	0,0
22076	Canal de Berdún	2017	Secano	109,0	21,0	0,0	0,0	0,0	0,0	0,0	0,0	0,0	0,0	0,0	0,0	21,0	0,0	0,0	0,0	0,0	5,0	0,0	5,0	0,0	0,0	0,0	83,0	0,0
22077	Candasnos	2017	Regadío	337,0	328,0	0,0	0,0	0,0	9,0	22,0	138,0	0,0	0,0	0,0	0,0	8,0	0,0	0,0	151,0	0,0	0,0	0,0	0,0	0,0	9,0	9,0	0,0	0,0
22077	Candasnos	2017	Secano	14,0	4,0	0,0	0,0	0,0	0,0	0,0	0,0	0,0	0,0	0,0	0,0	4,0	0,0	0,0	0,0	0,0	0,0	0,0	0,0	0,0	10,0	10,0	0,0	0,0
22078	Canfranc	2017	Regadío											0,0														
22078	Canfranc	2017	Secano											0,0														
22079	Capdesaso	2017	Regadío	2,0	0,0	0,0	0,0	0,0	0,0	0,0	0,0	0,0	0,0	0,0	0,0	0,0	0,0	0,0	0,0	0,0	1,0	0,0	1,0	0,0	1,0	1,0	0,0	0,0
22079	Capdesaso	2017	Secano	3,0	0,0	0,0	0,0	0,0	0,0	0,0	0,0	0,0	0,0	0,0	0,0	0,0	0,0	0,0	0,0	0,0	0,0	0,0	0,0	0,0	3,0	3,0	0,0	0,0
22080	Capella	2017	Regadío	0,0	0,0	0,0	0,0	0,0	0,0	0,0	0,0	0,0	0,0	0,0	0,0	0,0	0,0	0,0	0,0	0,0	0,0	0,0	0,0	0,0	0,0	0,0	0,0	0,0
22080	Capella	2017	Secano	122,0	28,0	0,0	0,0	0,0	0,0	0,0	0,0	0,0	0,0	0,0	0,0	28,0	0,0	0,0	0,0	0,0	13,0	0,0	13,0	0,0	26,0	26,0	55,0	0,0
22081	Casbas de Huesca	2017	Regadío	2,0	0,0	0,0	0,0	0,0	0,0	0,0	0,0	0,0	0,0	0,0	0,0	0,0	0,0	0,0	0,0	0,0	1,0	0,0	1,0	0,0	1,0	1,0	0,0	0,0
22081	Casbas de Huesca	2017	Secano	255,0	112,0	0,0	0,0	0,0	0,0	0,0	0,0	0,0	0,0	0,0	0,0	111,0	1,0	0,0	0,0	0,0	28,0	0,0	28,0	0,0	95,0	95,0	20,0	0,0
22082	Castejón del Puente	2017	Regadío	5,0	1,0	0,0	0,0	0,0	0,0	0,0	0,0	0,0	0,0	0,0	0,0	1,0	0,0	0,0	0,0	0,0	0,0	0,0	0,0	0,0	4,0	4,0	0,0	0,0
22082	Castejón del Puente	2017	Secano	31,0	4,0	0,0	0,0	0,0	0,0	0,0	0,0	0,0	0,0	0,0	0,0	4,0	0,0	0,0	0,0	0,0	6,0	0,0	6,0	0,0	21,0	21,0	0,0	0,0
22083	Castejón de Monegros	2017	Regadío	0,0	0,0	0,0	0,0	0,0	0,0	0,0	0,0	0,0	0,0	0,0	0,0	0,0	0,0	0,0	0,0	0,0	0,0	0,0	0,0	0,0	0,0	0,0	0,0	0,0
22083	Castejón de Monegros	2017	Secano	89,0	28,0	0,0	0,0	0,0	0,0	0,0	0,0	0,0	0,0	0,0	0,0	28,0	0,0	0,0	0,0	0,0	22,0	0,0	22,0	0,0	39,0	39,0	0,0	0,0
22084	Castejón de Sos	2017	Regadío											0,0														
22084	Castejón de Sos	2017	Secano											0,0														
22085	Castelflorite	2017	Regadío	84,0	17,0	0,0	0,0	0,0	0,0	0,0	0,0	0,0	0,0	0,0	0,0	17,0	0,0	0,0	0,0	0,0	0,0	0,0	0,0	0,0	67,0	67,0	0,0	0,0
22085	Castelflorite	2017	Secano	28,0	14,0	0,0	0,0	0,0	0,0	0,0	0,0	0,0	0,0	0,0	0,0	14,0	0,0	0,0	0,0	0,0	0,0	0,0	0,0	0,0	14,0	14,0	0,0	0,0
22086	Castiello de Jaca	2017	Regadío	0,0	0,0	0,0	0,0	0,0	0,0	0,0	0,0	0,0	0,0	0,0	0,0	0,0	0,0	0,0	0,0	0,0	0,0	0,0	0,0	0,0	0,0	0,0	0,0	0,0
22086	Castiello de Jaca	2017	Secano	1,0	0,0	0,0	0,0	0,0	0,0	0,0	0,0	0,0	0,0	0,0	0,0	0,0	0,0	0,0	0,0	0,0	0,0	0,0	0,0	0,0	0,0	0,0	1,0	0,0
22087	Castigaleu	2017	Regadío											0,0														
22087	Castigaleu	2017	Secano											0,0														
22088	Castillazuelo	2017	Regadío	15,0	0,0	0,0	0,0	0,0	0,0	0,0	0,0	0,0	0,0	0,0	0,0	0,0	0,0	0,0	0,0	0,0	14,0	0,0	14,0	0,0	1,0	1,0	0,0	0,0
22088	Castillazuelo	2017	Secano	118,0	22,0	0,0	0,0	0,0	0,0	0,0	0,0	0,0	0,0	0,0	0,0	22,0	0,0	0,0	0,0	0,0	65,0	0,0	65,0	0,0	31,0	31,0	0,0	0,0
22089	Castillonroy	2017	Regadío	52,0	52,0	4,0	6,0	0,0	0,0	0,0	35,0	0,0	0,0	0,0	0,0	0,0	0,0	0,0	6,0	1,0	0,0	0,0	0,0	0,0	0,0	0,0	0,0	0,0
22089	Castillonroy	2017	Secano	190,0	60,0	0,0	3,0	0,0	0,0	0,0	11,0	0,0	0,0	0,0	0,0	43,0	0,0	0,0	3,0	0,0	1,0	0,0	1,0	0,0	129,0	129,0	0,0	0,0
22090	Colungo	2017	Regadío	0,0	0,0	0,0	0,0	0,0	0,0	0,0	0,0	0,0	0,0	0,0	0,0	0,0	0,0	0,0	0,0	0,0	0,0	0,0	0,0	0,0	0,0	0,0	0,0	0,0
22090	Colungo	2017	Secano	162,0	54,0	0,0	0,0	0,0	0,0	0,0	0,0	0,0	0,0	0,0	0,0	54,0	0,0	0,0	0,0	0,0	4,0	0,0	4,0	0,0	104,0	104,0	0,0	0,0
22094	Chalamera	2017	Regadío	70,0	66,0	0,0	22,0	0,0	0,0	0,0	7,0	0,0	0,0	0,0	0,0	30,0	0,0	0,0	7,0	0,0	0,0	0,0	0,0	0,0	4,0	4,0	0,0	0,0
22094	Chalamera	2017	Secano	2,0	0,0	0,0	0,0	0,0	0,0	0,0	0,0	0,0	0,0	0,0	0,0	0,0	0,0	0,0	0,0	0,0	0,0	0,0	0,0	0,0	2,0	2,0	0,0	0,0
22095	Chía	2017	Regadío	0,0	0,0	0,0	0,0	0,0	0,0	0,0	0,0	0,0	0,0	0,0	0,0	0,0	0,0	0,0	0,0	0,0	0,0	0,0	0,0	0,0	0,0	0,0	0,0	0,0
22095	Chía	2017	Secano	1,0	0,0	0,0	0,0	0,0	0,0	0,0	0,0	0,0	0,0	0,0	0,0	0,0	0,0	0,0	0,0	0,0	0,0	0,0	0,0	0,0	0,0	0,0	1,0	0,0
22096	Chimillas	2017	Regadío	0,0	0,0	0,0	0,0	0,0	0,0	0,0	0,0	0,0	0,0	0,0	0,0	0,0	0,0	0,0	0,0	0,0	0,0	0,0	0,0	0,0	0,0	0,0	0,0	0,0
22096	Chimillas	2017	Secano	11,0	8,0	0,0	0,0	0,0	0,0	0,0	0,0	0,0	0,0	0,0	0,0	8,0	0,0	0,0	0,0	0,0	2,0	0,0	2,0	0,0	1,0	1,0	0,0	0,0
22099	Esplús	2017	Regadío	314,0	226,0	58,0	36,0	0,0	14,0	3,0	37,0	24,0	0,0	0,0	0,0	38,0	5,0	0,0	11,0	0,0	46,0	0,0	46,0	0,0	42,0	42,0	0,0	0,0
22099	Esplús	2017	Secano	9,0	1,0	0,0	0,0	0,0	0,0	0,0	0,0	0,0	0,0	0,0	0,0	1,0	0,0	0,0	0,0	0,0	0,0	0,0	0,0	0,0	1,0	1,0	7,0	0,0
22102	Estada	2017	Regadío	31,0	23,0	0,0	23,0	0,0	0,0	0,0	0,0	0,0	0,0	0,0	0,0	0,0	0,0	0,0	0,0	0,0	2,0	0,0	2,0	0,0	6,0	6,0	0,0	0,0
22102	Estada	2017	Secano	53,0	15,0	0,0	0,0	0,0	0,0	0,0	1,0	0,0	0,0	0,0	0,0	14,0	0,0	0,0	0,0	0,0	1,0	0,0	1,0	0,0	37,0	37,0	0,0	0,0
22103	Estadilla	2017	Regadío	103,0	46,0	2,0	20,0	0,0	0,0	3,0	1,0	0,0	0,0	0,0	0,0	19,0	1,0	0,0	0,0	0,0	42,0	0,0	42,0	0,0	15,0	15,0	0,0	0,0
22103	Estadilla	2017	Secano	374,0	110,0	0,0	0,0	0,0	0,0	0,0	2,0	0,0	0,0	0,0	0,0	108,0	0,0	0,0	0,0	0,0	62,0	0,0	62,0	0,0	176,0	176,0	26,0	0,0
22105	Estopiñán del Castillo	2017	Regadío	2,0	0,0	0,0	0,0	0,0	0,0	0,0	0,0	0,0	0,0	0,0	0,0	0,0	0,0	0,0	0,0	0,0	0,0	0,0	0,0	0,0	1,0	1,0	1,0	0,0
22105	Estopiñán del Castillo	2017	Secano	56,0	23,0	0,0	0,0	0,0	0,0	0,0	0,0	0,0	0,0	0,0	0,0	23,0	0,0	0,0	0,0	0,0	0,0	0,0	0,0	0,0	12,0	12,0	21,0	0,0
22106	Fago	2017	Regadío											0,0														
22106	Fago	2017	Secano											0,0														
22107	Fanlo	2017	Regadío											0,0														
22107	Fanlo	2017	Secano											0,0														
22109	Fiscal	2017	Regadío											0,0														
22109	Fiscal	2017	Secano											0,0														
22110	Fonz	2017	Regadío	130,0	78,0	34,0	3,0	0,0	0,0	0,0	12,0	0,0	0,0	0,0	0,0	21,0	1,0	0,0	1,0	6,0	12,0	0,0	12,0	0,0	40,0	40,0	0,0	0,0
22110	Fonz	2017	Secano	239,0	72,0	0,0	0,0	0,0	0,0	0,0	0,0	0,0	0,0	0,0	0,0	71,0	0,0	0,0	0,0	1,0	7,0	0,0	7,0	0,0	160,0	160,0	0,0	0,0
22111	Foradada del Toscar	2017	Regadío	0,0	0,0	0,0	0,0	0,0	0,0	0,0	0,0	0,0	0,0	0,0	0,0	0,0	0,0	0,0	0,0	0,0	0,0	0,0	0,0	0,0	0,0	0,0	0,0	0,0
22111	Foradada del Toscar	2017	Secano	2,0	0,0	0,0	0,0	0,0	0,0	0,0	0,0	0,0	0,0	0,0	0,0	0,0	0,0	0,0	0,0	0,0	1,0	0,0	1,0	0,0	0,0	0,0	1,0	0,0
22112	Fraga	2017	Regadío	5035,0	4865,0	57,0	249,0	11,0	224,0	110,0	2268,0	5,0	5,0	0,0	21,0	122,0	0,0	0,0	1775,0	18,0	0,0	0,0	0,0	0,0	170,0	170,0	0,0	0,0
22112	Fraga	2017	Secano	351,0	265,0	0,0	9,0	0,0	14,0	18,0	77,0	0,0	0,0	0,0	0,0	55,0	0,0	0,0	91,0	1,0	1,0	0,0	1,0	0,0	35,0	35,0	50,0	0,0
22113	Fueva (La)	2017	Regadío	0,0	0,0	0,0	0,0	0,0	0,0	0,0	0,0	0,0	0,0	0,0	0,0	0,0	0,0	0,0	0,0	0,0	0,0	0,0	0,0	0,0	0,0	0,0	0,0	0,0
22113	Fueva (La)	2017	Secano	37,0	10,0	0,0	0,0	0,0	0,0	0,0	0,0	0,0	0,0	0,0	0,0	10,0	0,0	0,0	0,0	0,0	8,0	0,0	8,0	0,0	12,0	12,0	7,0	0,0
22114	Gistaín	2017	Regadío											0,0														
22114	Gistaín	2017	Secano											0,0														
22115	Grado (El)	2017	Regadío	181,0	54,0	0,0	0,0	0,0	0,0	24,0	0,0	7,0	0,0	0,0	0,0	16,0	1,0	0,0	6,0	0,0	106,0	0,0	106,0	0,0	21,0	21,0	0,0	0,0
22115	Grado (El)	2017	Secano	507,0	144,0	0,0	0,0	0,0	0,0	2,0	0,0	2,0	0,0	0,0	0,0	139,0	1,0	0,0	0,0	0,0	201,0	0,0	201,0	0,0	157,0	157,0	5,0	0,0
22116	Grañén	2017	Regadío	54,0	51,0	0,0	0,0	0,0	0,0	0,0	0,0	0,0	0,0	0,0	0,0	50,0	0,0	0,0	0,0	1,0	0,0	0,0	0,0	0,0	3,0	3,0	0,0	0,0
22116	Grañén	2017	Secano	30,0	23,0	0,0	0,0	0,0	0,0	0,0	0,0	0,0	0,0	0,0	0,0	22,0	0,0	0,0	0,0	1,0	0,0	0,0	0,0	0,0	7,0	7,0	0,0	0,0
22117	Graus	2017	Regadío	4,0	0,0	0,0	0,0	0,0	0,0	0,0	0,0	0,0	0,0	0,0	0,0	0,0	0,0	0,0	0,0	0,0	3,0	0,0	3,0	0,0	0,0	0,0	1,0	0,0
22117	Graus	2017	Secano	540,0	166,0	0,0	0,0	0,0	0,0	0,0	0,0	0,0	0,0	0,0	0,0	160,0	2,0	0,0	0,0	4,0	70,0	0,0	70,0	0,0	199,0	199,0	105,0	0,0
22119	Gurrea de Gállego	2017	Regadío	607,0	361,0	41,0	13,0	0,0	0,0	4,0	10,0	0,0	0,0	0,0	0,0	258,0	26,0	0,0	9,0	0,0	2,0	0,0	2,0	0,0	244,0	244,0	0,0	0,0
22119	Gurrea de Gállego	2017	Secano	576,0	521,0	0,0	0,0	0,0	0,0	0,0	0,0	0,0	0,0	0,0	0,0	521,0	0,0	0,0	0,0	0,0	15,0	0,0	15,0	0,0	40,0	40,0	0,0	0,0
22122	Hoz de Jaca	2017	Regadío											0,0														
22122	Hoz de Jaca	2017	Secano											0,0														
22124	Huerto	2017	Regadío	6,0	4,0	0,0	0,0	0,0	0,0	0,0	0,0	0,0	0,0	0,0	0,0	4,0	0,0	0,0	0,0	0,0	1,0	0,0	1,0	0,0	1,0	1,0	0,0	0,0
22124	Huerto	2017	Secano	38,0	15,0	0,0	0,0	0,0	0,0	0,0	0,0	0,0	0,0	0,0	0,0	15,0	0,0	0,0	0,0	0,0	0,0	0,0	0,0	0,0	23,0	23,0	0,0	0,0
22125	Huesca	2017	Regadío	9,0	5,0	1,0	0,0	0,0	0,0	0,0	0,0	0,0	0,0	0,0	0,0	3,0	0,0	0,0	0,0	1,0	1,0	1,0	0,0	0,0	3,0	3,0	0,0	0,0
22125	Huesca	2017	Secano	248,0	206,0	0,0	0,0	0,0	0,0	0,0	0,0	0,0	0,0	0,0	0,0	205,0	1,0	0,0	0,0	0,0	11,0	0,0	11,0	0,0	31,0	31,0	0,0	0,0
22126	Ibieca	2017	Regadío	0,0	0,0	0,0	0,0	0,0	0,0	0,0	0,0	0,0	0,0	0,0	0,0	0,0	0,0	0,0	0,0	0,0	0,0	0,0	0,0	0,0	0,0	0,0	0,0	0,0
22126	Ibieca	2017	Secano	103,0	71,0	0,0	0,0	0,0	0,0	0,0	0,0	0,0	0,0	0,0	0,0	71,0	0,0	0,0	0,0	0,0	9,0	0,0	9,0	0,0	23,0	23,0	0,0	0,0
22127	Igriés	2017	Regadío	1,0	0,0	0,0	0,0	0,0	0,0	0,0	0,0	0,0	0,0	0,0	0,0	0,0	0,0	0,0	0,0	0,0	0,0	0,0	0,0	0,0	1,0	1,0	0,0	0,0
22127	Igriés	2017	Secano	72,0	58,0	0,0	0,0	0,0	0,0	0,0	0,0	0,0	0,0	0,0	0,0	58,0	0,0	0,0	0,0	0,0	5,0	0,0	5,0	0,0	9,0	9,0	0,0	0,0
22128	Ilche	2017	Regadío	99,0	11,0	0,0	0,0	0,0	1,0	0,0	0,0	0,0	0,0	0,0	0,0	9,0	1,0	0,0	0,0	0,0	70,0	0,0	70,0	0,0	14,0	14,0	4,0	0,0
22128	Ilche	2017	Secano	26,0	13,0	0,0	0,0	0,0	0,0	0,0	0,0	0,0	0,0	0,0	0,0	13,0	0,0	0,0	0,0	0,0	3,0	0,0	3,0	0,0	10,0	10,0	0,0	0,0
22129	Isábena	2017	Regadío	0,0	0,0	0,0	0,0	0,0	0,0	0,0	0,0	0,0	0,0	0,0	0,0	0,0	0,0	0,0	0,0	0,0	0,0	0,0	0,0	0,0	0,0	0,0	0,0	0,0
22129	Isábena	2017	Secano	24,0	3,0	0,0	0,0	0,0	0,0	0,0	0,0	0,0	0,0	0,0	0,0	3,0	0,0	0,0	0,0	0,0	0,0	0,0	0,0	0,0	17,0	17,0	4,0	0,0
22130	Jaca	2017	Regadío	0,0	0,0	0,0	0,0	0,0	0,0	0,0	0,0	0,0	0,0	0,0	0,0	0,0	0,0	0,0	0,0	0,0	0,0	0,0	0,0	0,0	0,0	0,0	0,0	0,0
22130	Jaca	2017	Secano	6,0	0,0	0,0	0,0	0,0	0,0	0,0	0,0	0,0	0,0	0,0	0,0	0,0	0,0	0,0	0,0	0,0	0,0	0,0	0,0	0,0	0,0	0,0	6,0	0,0
22131	Jasa	2017	Regadío											0,0														
22131	Jasa	2017	Secano											0,0														
22133	Labuerda	2017	Regadío											0,0														
22133	Labuerda	2017	Secano											0,0														
22135	Laluenga	2017	Regadío	18,0	2,0	0,0	0,0	0,0	0,0	0,0	0,0	0,0	0,0	0,0	0,0	2,0	0,0	0,0	0,0	0,0	15,0	0,0	15,0	0,0	1,0	1,0	0,0	0,0
22135	Laluenga	2017	Secano	78,0	40,0	0,0	0,0	0,0	0,0	0,0	0,0	0,0	0,0	0,0	0,0	40,0	0,0	0,0	0,0	0,0	11,0	0,0	11,0	0,0	25,0	25,0	2,0	0,0
22136	Lalueza	2017	Regadío	23,0	17,0	0,0	0,0	0,0	0,0	0,0	0,0	0,0	0,0	0,0	0,0	16,0	0,0	0,0	0,0	1,0	2,0	0,0	2,0	0,0	4,0	4,0	0,0	0,0
22136	Lalueza	2017	Secano	16,0	9,0	0,0	0,0	0,0	0,0	0,0	0,0	0,0	0,0	0,0	0,0	9,0	0,0	0,0	0,0	0,0	2,0	0,0	2,0	0,0	5,0	5,0	0,0	0,0
22137	Lanaja	2017	Regadío	40,0	34,0	0,0	0,0	0,0	0,0	0,0	0,0	0,0	0,0	0,0	0,0	33,0	0,0	0,0	0,0	1,0	0,0	0,0	0,0	0,0	6,0	6,0	0,0	0,0
22137	Lanaja	2017	Secano	381,0	301,0	0,0	0,0	0,0	0,0	0,0	0,0	0,0	0,0	0,0	0,0	300,0	0,0	0,0	0,0	1,0	19,0	0,0	19,0	0,0	57,0	57,0	4,0	0,0
22139	Laperdiguera	2017	Regadío	13,0	0,0	0,0	0,0	0,0	0,0	0,0	0,0	0,0	0,0	0,0	0,0	0,0	0,0	0,0	0,0	0,0	13,0	0,0	13,0	0,0	0,0	0,0	0,0	0,0
22139	Laperdiguera	2017	Secano	24,0	16,0	0,0	0,0	0,0	0,0	0,0	0,0	0,0	0,0	0,0	0,0	16,0	0,0	0,0	0,0	0,0	3,0	0,0	3,0	0,0	5,0	5,0	0,0	0,0
22141	Lascellas-Ponzano	2017	Regadío	0,0	0,0	0,0	0,0	0,0	0,0	0,0	0,0	0,0	0,0	0,0	0,0	0,0	0,0	0,0	0,0	0,0	0,0	0,0	0,0	0,0	0,0	0,0	0,0	0,0
22141	Lascellas-Ponzano	2017	Secano	212,0	73,0	0,0	0,0	0,0	0,0	0,0	0,0	0,0	0,0	0,0	0,0	73,0	0,0	0,0	0,0	0,0	119,0	0,0	119,0	0,0	20,0	20,0	0,0	0,0
22142	Lascuarre	2017	Regadío	1,0	0,0	0,0	0,0	0,0	0,0	0,0	0,0	0,0	0,0	0,0	0,0	0,0	0,0	0,0	0,0	0,0	0,0	0,0	0,0	0,0	0,0	0,0	1,0	0,0
22142	Lascuarre	2017	Secano	70,0	9,0	0,0	0,0	0,0	0,0	0,0	0,0	0,0	0,0	0,0	0,0	9,0	0,0	0,0	0,0	0,0	1,0	0,0	1,0	0,0	23,0	23,0	37,0	0,0
22143	Laspaúles	2017	Regadío											0,0														
22143	Laspaúles	2017	Secano											0,0														
22144	Laspuña	2017	Regadío											0,0														
22144	Laspuña	2017	Secano											0,0														
22149	Loarre	2017	Regadío	34,0	24,0	0,0	0,0	0,0	0,0	0,0	0,0	0,0	0,0	0,0	0,0	23,0	0,0	0,0	0,0	1,0	0,0	0,0	0,0	0,0	9,0	9,0	1,0	0,0
22149	Loarre	2017	Secano	527,0	497,0	0,0	0,0	0,0	0,0	0,0	0,0	0,0	0,0	0,0	0,0	484,0	0,0	2,0	0,0	11,0	6,0	0,0	6,0	0,0	17,0	17,0	7,0	0,0
22150	Loporzano	2017	Regadío	2,0	1,0	0,0	0,0	0,0	0,0	0,0	0,0	0,0	0,0	0,0	0,0	1,0	0,0	0,0	0,0	0,0	0,0	0,0	0,0	0,0	1,0	1,0	0,0	0,0
22150	Loporzano	2017	Secano	520,0	390,0	1,0	0,0	0,0	0,0	0,0	0,0	0,0	0,0	0,0	0,0	389,0	0,0	0,0	0,0	0,0	32,0	0,0	32,0	0,0	94,0	94,0	4,0	0,0
22151	Loscorrales	2017	Regadío	25,0	25,0	0,0	0,0	0,0	0,0	0,0	0,0	0,0	0,0	0,0	0,0	17,0	8,0	0,0	0,0	0,0	0,0	0,0	0,0	0,0	0,0	0,0	0,0	0,0
22151	Loscorrales	2017	Secano	197,0	182,0	0,0	0,0	0,0	0,0	0,0	0,0	0,0	0,0	0,0	0,0	182,0	0,0	0,0	0,0	0,0	4,0	0,0	4,0	0,0	5,0	5,0	6,0	0,0
22155	Monesma y Cajigar	2017	Regadío	0,0	0,0	0,0	0,0	0,0	0,0	0,0	0,0	0,0	0,0	0,0	0,0	0,0	0,0	0,0	0,0	0,0	0,0	0,0	0,0	0,0	0,0	0,0	0,0	0,0
22155	Monesma y Cajigar	2017	Secano	11,0	0,0	0,0	0,0	0,0	0,0	0,0	0,0	0,0	0,0	0,0	0,0	0,0	0,0	0,0	0,0	0,0	0,0	0,0	0,0	0,0	0,0	0,0	11,0	0,0
22156	Monflorite-Lascasas	2017	Regadío	2,0	0,0	0,0	0,0	0,0	0,0	0,0	0,0	0,0	0,0	0,0	0,0	0,0	0,0	0,0	0,0	0,0	0,0	0,0	0,0	0,0	2,0	2,0	0,0	0,0
22156	Monflorite-Lascasas	2017	Secano	7,0	7,0	0,0	0,0	0,0	0,0	0,0	0,0	0,0	0,0	0,0	0,0	7,0	0,0	0,0	0,0	0,0	0,0	0,0	0,0	0,0	0,0	0,0	0,0	0,0
22157	Montanuy	2017	Regadío											0,0														
22157	Montanuy	2017	Secano											0,0														
22158	Monzón	2017	Regadío	369,0	330,0	11,0	58,0	0,0	0,0	1,0	177,0	0,0	0,0	0,0	0,0	44,0	1,0	0,0	38,0	0,0	0,0	0,0	0,0	0,0	37,0	37,0	2,0	0,0
22158	Monzón	2017	Secano	68,0	45,0	0,0	0,0	0,0	0,0	0,0	0,0	0,0	0,0	0,0	0,0	45,0	0,0	0,0	0,0	0,0	1,0	0,0	1,0	0,0	22,0	22,0	0,0	0,0
22160	Naval	2017	Regadío	0,0	0,0	0,0	0,0	0,0	0,0	0,0	0,0	0,0	0,0	0,0	0,0	0,0	0,0	0,0	0,0	0,0	0,0	0,0	0,0	0,0	0,0	0,0	0,0	0,0
22160	Naval	2017	Secano	158,0	106,0	0,0	0,0	0,0	0,0	0,0	0,0	0,0	0,0	0,0	0,0	106,0	0,0	0,0	0,0	0,0	1,0	0,0	1,0	0,0	45,0	45,0	6,0	0,0
22162	Novales	2017	Regadío	45,0	44,0	0,0	0,0	0,0	0,0	0,0	0,0	0,0	0,0	0,0	0,0	44,0	0,0	0,0	0,0	0,0	0,0	0,0	0,0	0,0	1,0	1,0	0,0	0,0
22162	Novales	2017	Secano	13,0	8,0	0,0	0,0	0,0	0,0	0,0	0,0	0,0	0,0	0,0	0,0	8,0	0,0	0,0	0,0	0,0	0,0	0,0	0,0	0,0	5,0	5,0	0,0	0,0
22163	Nueno	2017	Regadío	17,0	14,0	0,0	0,0	0,0	0,0	0,0	0,0	0,0	0,0	0,0	0,0	14,0	0,0	0,0	0,0	0,0	0,0	0,0	0,0	0,0	3,0	3,0	0,0	0,0
22163	Nueno	2017	Secano	303,0	277,0	0,0	0,0	0,0	0,0	0,0	0,0	0,0	0,0	0,0	0,0	277,0	0,0	0,0	0,0	0,0	6,0	0,0	6,0	0,0	20,0	20,0	0,0	0,0
22164	Olvena	2017	Regadío	25,0	10,0	0,0	0,0	0,0	0,0	0,0	0,0	0,0	0,0	0,0	0,0	4,0	0,0	0,0	6,0	0,0	13,0	0,0	13,0	0,0	2,0	2,0	0,0	0,0
22164	Olvena	2017	Secano	122,0	56,0	0,0	0,0	0,0	0,0	0,0	0,0	0,0	0,0	0,0	0,0	56,0	0,0	0,0	0,0	0,0	48,0	0,0	48,0	0,0	18,0	18,0	0,0	0,0
22165	Ontiñena	2017	Regadío	482,0	468,0	0,0	13,0	5,0	30,0	35,0	63,0	29,0	0,0	0,0	0,0	108,0	25,0	0,0	140,0	20,0	0,0	0,0	0,0	0,0	14,0	14,0	0,0	0,0
22165	Ontiñena	2017	Secano	131,0	84,0	0,0	0,0	0,0	0,0	2,0	44,0	0,0	0,0	0,0	0,0	7,0	0,0	0,0	31,0	0,0	0,0	0,0	0,0	0,0	28,0	28,0	19,0	0,0
22167	Osso de Cinca	2017	Regadío	995,0	985,0	37,0	29,0	0,0	37,0	14,0	423,0	18,0	0,0	0,0	0,0	21,0	55,0	0,0	342,0	9,0	1,0	0,0	1,0	0,0	9,0	9,0	0,0	0,0
22167	Osso de Cinca	2017	Secano	17,0	16,0	0,0	0,0	0,0	0,0	0,0	10,0	0,0	0,0	0,0	0,0	1,0	0,0	0,0	5,0	0,0	0,0	0,0	0,0	0,0	1,0	1,0	0,0	0,0
22168	Palo	2017	Regadío	0,0	0,0	0,0	0,0	0,0	0,0	0,0	0,0	0,0	0,0	0,0	0,0	0,0	0,0	0,0	0,0	0,0	0,0	0,0	0,0	0,0	0,0	0,0	0,0	0,0
22168	Palo	2017	Secano	3,0	0,0	0,0	0,0	0,0	0,0	0,0	0,0	0,0	0,0	0,0	0,0	0,0	0,0	0,0	0,0	0,0	0,0	0,0	0,0	0,0	0,0	0,0	3,0	0,0
22170	Panticosa	2017	Regadío											0,0														
22170	Panticosa	2017	Secano											0,0														
22172	Peñalba	2017	Regadío	13,0	12,0	0,0	0,0	0,0	0,0	0,0	2,0	0,0	0,0	0,0	0,0	1,0	0,0	0,0	9,0	0,0	0,0	0,0	0,0	0,0	1,0	1,0	0,0	0,0
22172	Peñalba	2017	Secano	6,0	4,0	0,0	0,0	0,0	0,0	0,0	2,0	0,0	0,0	0,0	0,0	1,0	0,0	0,0	1,0	0,0	0,0	0,0	0,0	0,0	2,0	2,0	0,0	0,0
22173	Peñas de Riglos (Las)	2017	Regadío	1,0	1,0	0,0	0,0	0,0	0,0	0,0	0,0	0,0	0,0	0,0	0,0	1,0	0,0	0,0	0,0	0,0	0,0	0,0	0,0	0,0	0,0	0,0	0,0	0,0
22173	Peñas de Riglos (Las)	2017	Secano	72,0	59,0	0,0	0,0	0,0	0,0	0,0	0,0	0,0	0,0	0,0	0,0	58,0	0,0	0,0	0,0	1,0	1,0	0,0	1,0	0,0	7,0	7,0	5,0	0,0
22174	Peralta de Alcofea	2017	Regadío	28,0	14,0	0,0	0,0	0,0	0,0	0,0	0,0	0,0	0,0	0,0	0,0	4,0	6,0	0,0	0,0	4,0	0,0	0,0	0,0	0,0	14,0	14,0	0,0	0,0
22174	Peralta de Alcofea	2017	Secano	214,0	138,0	0,0	0,0	0,0	0,0	0,0	0,0	0,0	0,0	0,0	0,0	138,0	0,0	0,0	0,0	0,0	1,0	0,0	1,0	0,0	75,0	75,0	0,0	0,0
22175	Peralta de Calasanz	2017	Regadío	0,0	0,0	0,0	0,0	0,0	0,0	0,0	0,0	0,0	0,0	0,0	0,0	0,0	0,0	0,0	0,0	0,0	0,0	0,0	0,0	0,0	0,0	0,0	0,0	0,0
22175	Peralta de Calasanz	2017	Secano	274,0	118,0	0,0	0,0	0,0	0,0	0,0	0,0	0,0	0,0	0,0	0,0	118,0	0,0	0,0	0,0	0,0	3,0	0,0	3,0	0,0	130,0	130,0	23,0	0,0
22176	Peraltilla	2017	Regadío	5,0	4,0	0,0	0,0	0,0	0,0	0,0	0,0	0,0	0,0	0,0	0,0	4,0	0,0	0,0	0,0	0,0	0,0	0,0	0,0	0,0	1,0	1,0	0,0	0,0
22176	Peraltilla	2017	Secano	118,0	86,0	0,0	0,0	0,0	0,0	0,0	0,0	0,0	0,0	0,0	0,0	86,0	0,0	0,0	0,0	0,0	6,0	0,0	6,0	0,0	26,0	26,0	0,0	0,0
22177	Perarrúa	2017	Regadío	2,0	0,0	0,0	0,0	0,0	0,0	0,0	0,0	0,0	0,0	0,0	0,0	0,0	0,0	0,0	0,0	0,0	0,0	0,0	0,0	0,0	2,0	2,0	0,0	0,0
22177	Perarrúa	2017	Secano	41,0	20,0	0,0	0,0	0,0	0,0	0,0	0,0	0,0	0,0	0,0	0,0	18,0	2,0	0,0	0,0	0,0	9,0	0,0	9,0	0,0	7,0	7,0	5,0	0,0
22178	Pertusa	2017	Regadío	0,0	0,0	0,0	0,0	0,0	0,0	0,0	0,0	0,0	0,0	0,0	0,0	0,0	0,0	0,0	0,0	0,0	0,0	0,0	0,0	0,0	0,0	0,0	0,0	0,0
22178	Pertusa	2017	Secano	12,0	5,0	0,0	0,0	0,0	0,0	0,0	0,0	0,0	0,0	0,0	0,0	5,0	0,0	0,0	0,0	0,0	4,0	0,0	4,0	0,0	3,0	3,0	0,0	0,0
22181	Piracés	2017	Regadío	1,0	1,0	0,0	0,0	0,0	0,0	0,0	0,0	0,0	0,0	0,0	0,0	0,0	1,0	0,0	0,0	0,0	0,0	0,0	0,0	0,0	0,0	0,0	0,0	0,0
22181	Piracés	2017	Secano	4,0	0,0	0,0	0,0	0,0	0,0	0,0	0,0	0,0	0,0	0,0	0,0	0,0	0,0	0,0	0,0	0,0	0,0	0,0	0,0	0,0	4,0	4,0	0,0	0,0
22182	Plan	2017	Regadío											0,0														
22182	Plan	2017	Secano											0,0														
22184	Poleñino	2017	Regadío	11,0	10,0	0,0	0,0	0,0	0,0	0,0	2,0	0,0	0,0	0,0	0,0	8,0	0,0	0,0	0,0	0,0	0,0	0,0	0,0	0,0	1,0	1,0	0,0	0,0
22184	Poleñino	2017	Secano	1,0	0,0	0,0	0,0	0,0	0,0	0,0	0,0	0,0	0,0	0,0	0,0	0,0	0,0	0,0	0,0	0,0	1,0	0,0	1,0	0,0	0,0	0,0	0,0	0,0
22186	Pozán de Vero	2017	Regadío	0,0	0,0	0,0	0,0	0,0	0,0	0,0	0,0	0,0	0,0	0,0	0,0	0,0	0,0	0,0	0,0	0,0	0,0	0,0	0,0	0,0	0,0	0,0	0,0	0,0
22186	Pozán de Vero	2017	Secano	264,0	80,0	0,0	0,0	0,0	0,0	0,0	0,0	0,0	0,0	0,0	0,0	80,0	0,0	0,0	0,0	0,0	129,0	0,0	129,0	0,0	55,0	55,0	0,0	0,0
22187	Puebla de Castro (La)	2017	Regadío	0,0	0,0	0,0	0,0	0,0	0,0	0,0	0,0	0,0	0,0	0,0	0,0	0,0	0,0	0,0	0,0	0,0	0,0	0,0	0,0	0,0	0,0	0,0	0,0	0,0
22187	Puebla de Castro (La)	2017	Secano	151,0	82,0	0,0	0,0	0,0	0,0	0,0	0,0	0,0	0,0	0,0	1,0	81,0	0,0	0,0	0,0	0,0	43,0	0,0	43,0	0,0	23,0	23,0	3,0	0,0
22188	Puente de Montañana	2017	Regadío	0,0	0,0	0,0	0,0	0,0	0,0	0,0	0,0	0,0	0,0	0,0	0,0	0,0	0,0	0,0	0,0	0,0	0,0	0,0	0,0	0,0	0,0	0,0	0,0	0,0
22188	Puente de Montañana	2017	Secano	1,0	0,0	0,0	0,0	0,0	0,0	0,0	0,0	0,0	0,0	0,0	0,0	0,0	0,0	0,0	0,0	0,0	0,0	0,0	0,0	0,0	1,0	1,0	0,0	0,0
22189	Puértolas	2017	Regadío	0,0	0,0	0,0	0,0	0,0	0,0	0,0	0,0	0,0	0,0	0,0	0,0	0,0	0,0	0,0	0,0	0,0	0,0	0,0	0,0	0,0	0,0	0,0	0,0	0,0
22189	Puértolas	2017	Secano	2,0	0,0	0,0	0,0	0,0	0,0	0,0	0,0	0,0	0,0	0,0	0,0	0,0	0,0	0,0	0,0	0,0	0,0	0,0	0,0	0,0	0,0	0,0	2,0	0,0
22190	Pueyo de Araguás (El)	2017	Regadío	1,0	0,0	0,0	0,0	0,0	0,0	0,0	0,0	0,0	0,0	0,0	0,0	0,0	0,0	0,0	0,0	0,0	0,0	0,0	0,0	0,0	0,0	0,0	1,0	0,0
22190	Pueyo de Araguás (El)	2017	Secano	12,0	1,0	0,0	0,0	0,0	0,0	0,0	0,0	0,0	0,0	0,0	0,0	1,0	0,0	0,0	0,0	0,0	3,0	0,0	3,0	0,0	4,0	4,0	4,0	0,0
22193	Pueyo de Santa Cruz	2017	Regadío	33,0	27,0	1,0	1,0	0,0	0,0	0,0	21,0	0,0	0,0	0,0	0,0	3,0	1,0	0,0	0,0	0,0	0,0	0,0	0,0	0,0	6,0	6,0	0,0	0,0
22193	Pueyo de Santa Cruz	2017	Secano	1,0	1,0	0,0	0,0	0,0	0,0	0,0	0,0	0,0	0,0	0,0	0,0	1,0	0,0	0,0	0,0	0,0	0,0	0,0	0,0	0,0	0,0	0,0	0,0	0,0
22195	Quicena	2017	Regadío	1,0	0,0	0,0	0,0	0,0	0,0	0,0	0,0	0,0	0,0	0,0	0,0	0,0	0,0	0,0	0,0	0,0	0,0	0,0	0,0	0,0	1,0	1,0	0,0	0,0
22195	Quicena	2017	Secano	1,0	0,0	0,0	0,0	0,0	0,0	0,0	0,0	0,0	0,0	0,0	0,0	0,0	0,0	0,0	0,0	0,0	0,0	0,0	0,0	0,0	1,0	1,0	0,0	0,0
22197	Robres	2017	Regadío	2,0	1,0	0,0	0,0	0,0	0,0	0,0	0,0	0,0	0,0	0,0	0,0	1,0	0,0	0,0	0,0	0,0	1,0	0,0	1,0	0,0	0,0	0,0	0,0	0,0
22197	Robres	2017	Secano	49,0	12,0	0,0	0,0	0,0	0,0	0,0	0,0	0,0	0,0	0,0	0,0	12,0	0,0	0,0	0,0	0,0	36,0	0,0	36,0	0,0	1,0	1,0	0,0	0,0
22199	Sabiñánigo	2017	Regadío	24,0	24,0	18,0	0,0	0,0	0,0	6,0	0,0	0,0	0,0	0,0	0,0	0,0	0,0	0,0	0,0	0,0	0,0	0,0	0,0	0,0	0,0	0,0	0,0	0,0
22199	Sabiñánigo	2017	Secano	27,0	3,0	0,0	0,0	0,0	0,0	1,0	0,0	0,0	0,0	0,0	0,0	2,0	0,0	0,0	0,0	0,0	1,0	0,0	1,0	0,0	0,0	0,0	23,0	0,0
22200	Sahún	2017	Regadío											0,0														
22200	Sahún	2017	Secano											0,0														
22201	Salas Altas	2017	Regadío	1,0	0,0	0,0	0,0	0,0	0,0	0,0	0,0	0,0	0,0	0,0	0,0	0,0	0,0	0,0	0,0	0,0	1,0	0,0	1,0	0,0	0,0	0,0	0,0	0,0
22201	Salas Altas	2017	Secano	766,0	151,0	0,0	0,0	0,0	0,0	0,0	0,0	0,0	0,0	0,0	0,0	151,0	0,0	0,0	0,0	0,0	530,0	0,0	530,0	0,0	85,0	85,0	0,0	0,0
22202	Salas Bajas	2017	Regadío	30,0	0,0	0,0	0,0	0,0	0,0	0,0	0,0	0,0	0,0	0,0	0,0	0,0	0,0	0,0	0,0	0,0	18,0	0,0	18,0	0,0	12,0	12,0	0,0	0,0
22202	Salas Bajas	2017	Secano	417,0	21,0	0,0	0,0	0,0	0,0	0,0	0,0	0,0	0,0	0,0	0,0	20,0	1,0	0,0	0,0	0,0	369,0	0,0	369,0	0,0	27,0	27,0	0,0	0,0
22203	Salillas	2017	Regadío	122,0	1,0	0,0	0,0	0,0	0,0	0,0	0,0	0,0	0,0	0,0	0,0	1,0	0,0	0,0	0,0	0,0	1,0	0,0	1,0	0,0	120,0	120,0	0,0	0,0
22203	Salillas	2017	Secano	10,0	5,0	0,0	0,0	0,0	0,0	0,0	0,0	0,0	0,0	0,0	0,0	5,0	0,0	0,0	0,0	0,0	4,0	0,0	4,0	0,0	1,0	1,0	0,0	0,0
22204	Sallent de Gállego	2017	Regadío											0,0														
22204	Sallent de Gállego	2017	Secano											0,0														
22205	San Esteban de Litera	2017	Regadío	63,0	40,0	4,0	12,0	0,0	2,0	0,0	5,0	0,0	0,0	0,0	0,0	6,0	1,0	0,0	9,0	1,0	1,0	0,0	1,0	0,0	22,0	22,0	0,0	0,0
22205	San Esteban de Litera	2017	Secano	78,0	42,0	0,0	0,0	0,0	0,0	0,0	0,0	0,0	0,0	0,0	0,0	41,0	0,0	0,0	1,0	0,0	3,0	0,0	3,0	0,0	33,0	33,0	0,0	0,0
22206	Sangarrén	2017	Regadío	16,0	16,0	0,0	0,0	0,0	0,0	0,0	0,0	0,0	0,0	0,0	0,0	16,0	0,0	0,0	0,0	0,0	0,0	0,0	0,0	0,0	0,0	0,0	0,0	0,0
22206	Sangarrén	2017	Secano	1,0	1,0	0,0	0,0	0,0	0,0	0,0	0,0	0,0	0,0	0,0	0,0	1,0	0,0	0,0	0,0	0,0	0,0	0,0	0,0	0,0	0,0	0,0	0,0	0,0
22207	San Juan de Plan	2017	Regadío											0,0														
22207	San Juan de Plan	2017	Secano											0,0														
22208	Santa Cilia	2017	Regadío	0,0	0,0	0,0	0,0	0,0	0,0	0,0	0,0	0,0	0,0	0,0	0,0	0,0	0,0	0,0	0,0	0,0	0,0	0,0	0,0	0,0	0,0	0,0	0,0	0,0
22208	Santa Cilia	2017	Secano	4,0	0,0	0,0	0,0	0,0	0,0	0,0	0,0	0,0	0,0	0,0	0,0	0,0	0,0	0,0	0,0	0,0	1,0	0,0	1,0	0,0	0,0	0,0	3,0	0,0
22209	Santa Cruz de la Serós	2017	Regadío	0,0	0,0	0,0	0,0	0,0	0,0	0,0	0,0	0,0	0,0	0,0	0,0	0,0	0,0	0,0	0,0	0,0	0,0	0,0	0,0	0,0	0,0	0,0	0,0	0,0
22209	Santa Cruz de la Serós	2017	Secano	1,0	1,0	0,0	0,0	0,0	0,0	0,0	0,0	0,0	0,0	0,0	0,0	1,0	0,0	0,0	0,0	0,0	0,0	0,0	0,0	0,0	0,0	0,0	0,0	0,0
22212	Santaliestra y San Quílez	2017	Regadío	1,0	1,0	0,0	0,0	0,0	0,0	0,0	0,0	0,0	0,0	0,0	0,0	0,0	0,0	0,0	0,0	1,0	0,0	0,0	0,0	0,0	0,0	0,0	0,0	0,0
22212	Santaliestra y San Quílez	2017	Secano	24,0	15,0	0,0	0,0	0,0	0,0	1,0	0,0	0,0	0,0	0,0	0,0	14,0	0,0	0,0	0,0	0,0	0,0	0,0	0,0	0,0	7,0	7,0	2,0	0,0
22213	Sariñena	2017	Regadío	239,0	183,0	67,0	0,0	0,0	16,0	0,0	59,0	0,0	0,0	0,0	2,0	38,0	0,0	0,0	0,0	1,0	3,0	0,0	3,0	0,0	44,0	44,0	9,0	0,0
22213	Sariñena	2017	Secano	70,0	27,0	0,0	0,0	0,0	0,0	0,0	0,0	0,0	0,0	0,0	0,0	27,0	0,0	0,0	0,0	0,0	3,0	0,0	3,0	0,0	15,0	15,0	25,0	0,0
22214	Secastilla	2017	Regadío	0,0	0,0	0,0	0,0	0,0	0,0	0,0	0,0	0,0	0,0	0,0	0,0	0,0	0,0	0,0	0,0	0,0	0,0	0,0	0,0	0,0	0,0	0,0	0,0	0,0
22214	Secastilla	2017	Secano	87,0	24,0	0,0	0,0	0,0	0,0	0,0	0,0	0,0	0,0	0,0	0,0	24,0	0,0	0,0	0,0	0,0	49,0	0,0	49,0	0,0	14,0	14,0	0,0	0,0
22215	Seira	2017	Regadío											0,0														
22215	Seira	2017	Secano											0,0														
22217	Sena	2017	Regadío	119,0	83,0	27,0	14,0	0,0	6,0	0,0	18,0	1,0	0,0	0,0	0,0	15,0	0,0	0,0	2,0	0,0	1,0	0,0	1,0	0,0	23,0	23,0	12,0	0,0
22217	Sena	2017	Secano	109,0	14,0	0,0	0,0	0,0	0,0	0,0	0,0	0,0	0,0	0,0	0,0	14,0	0,0	0,0	0,0	0,0	0,0	0,0	0,0	0,0	15,0	15,0	80,0	0,0
22218	Senés de Alcubierre	2017	Regadío	16,0	16,0	0,0	0,0	0,0	0,0	0,0	0,0	0,0	0,0	0,0	0,0	16,0	0,0	0,0	0,0	0,0	0,0	0,0	0,0	0,0	0,0	0,0	0,0	0,0
22218	Senés de Alcubierre	2017	Secano	16,0	16,0	0,0	0,0	0,0	0,0	0,0	0,0	0,0	0,0	0,0	0,0	16,0	0,0	0,0	0,0	0,0	0,0	0,0	0,0	0,0	0,0	0,0	0,0	0,0
22220	Sesa	2017	Regadío	0,0	0,0	0,0	0,0	0,0	0,0	0,0	0,0	0,0	0,0	0,0	0,0	0,0	0,0	0,0	0,0	0,0	0,0	0,0	0,0	0,0	0,0	0,0	0,0	0,0
22220	Sesa	2017	Secano	12,0	6,0	0,0	0,0	0,0	0,0	0,0	0,0	0,0	0,0	0,0	0,0	6,0	0,0	0,0	0,0	0,0	1,0	0,0	1,0	0,0	2,0	2,0	3,0	0,0
22221	Sesué	2017	Regadío											0,0														
22221	Sesué	2017	Secano											0,0														
22222	Siétamo	2017	Regadío	5,0	5,0	0,0	0,0	0,0	0,0	0,0	0,0	0,0	0,0	0,0	0,0	5,0	0,0	0,0	0,0	0,0	0,0	0,0	0,0	0,0	0,0	0,0	0,0	0,0
22222	Siétamo	2017	Secano	120,0	78,0	0,0	0,0	0,0	0,0	0,0	0,0	0,0	0,0	0,0	0,0	78,0	0,0	0,0	0,0	0,0	5,0	0,0	5,0	0,0	24,0	24,0	13,0	0,0
22223	Sopeira	2017	Regadío	0,0	0,0	0,0	0,0	0,0	0,0	0,0	0,0	0,0	0,0	0,0	0,0	0,0	0,0	0,0	0,0	0,0	0,0	0,0	0,0	0,0	0,0	0,0	0,0	0,0
22223	Sopeira	2017	Secano	4,0	0,0	0,0	0,0	0,0	0,0	0,0	0,0	0,0	0,0	0,0	0,0	0,0	0,0	0,0	0,0	0,0	0,0	0,0	0,0	0,0	1,0	1,0	3,0	0,0
22225	Tamarite de Litera	2017	Regadío	460,0	372,0	31,0	32,0	0,0	0,0	6,0	34,0	1,0	0,0	0,0	0,0	161,0	68,0	0,0	36,0	3,0	43,0	0,0	43,0	0,0	45,0	45,0	0,0	0,0
22225	Tamarite de Litera	2017	Secano	142,0	10,0	0,0	0,0	0,0	0,0	0,0	0,0	0,0	0,0	0,0	0,0	10,0	0,0	0,0	0,0	0,0	0,0	0,0	0,0	0,0	132,0	132,0	0,0	0,0
22226	Tardienta	2017	Regadío	21,0	8,0	0,0	0,0	0,0	0,0	0,0	0,0	0,0	0,0	0,0	0,0	8,0	0,0	0,0	0,0	0,0	3,0	0,0	3,0	0,0	1,0	1,0	9,0	0,0
22226	Tardienta	2017	Secano	115,0	50,0	0,0	0,0	0,0	0,0	0,0	0,0	0,0	0,0	0,0	2,0	48,0	0,0	0,0	0,0	0,0	16,0	0,0	16,0	0,0	6,0	6,0	43,0	0,0
22227	Tella-Sin	2017	Regadío											0,0														
22227	Tella-Sin	2017	Secano											0,0														
22228	Tierz	2017	Regadío	1,0	0,0	0,0	0,0	0,0	0,0	0,0	0,0	0,0	0,0	0,0	0,0	0,0	0,0	0,0	0,0	0,0	0,0	0,0	0,0	0,0	1,0	1,0	0,0	0,0
22228	Tierz	2017	Secano	8,0	6,0	0,0	0,0	0,0	0,0	0,0	0,0	0,0	0,0	0,0	0,0	6,0	0,0	0,0	0,0	0,0	1,0	0,0	1,0	0,0	1,0	1,0	0,0	0,0
22229	Tolva	2017	Regadío	0,0	0,0	0,0	0,0	0,0	0,0	0,0	0,0	0,0	0,0	0,0	0,0	0,0	0,0	0,0	0,0	0,0	0,0	0,0	0,0	0,0	0,0	0,0	0,0	0,0
22229	Tolva	2017	Secano	41,0	3,0	0,0	0,0	0,0	0,0	0,0	0,0	0,0	0,0	0,0	0,0	2,0	1,0	0,0	0,0	0,0	0,0	0,0	0,0	0,0	7,0	7,0	31,0	0,0
22230	Torla-Ordesa	2017	Regadío											0,0														
22230	Torla-Ordesa	2017	Secano											0,0														
22232	Torralba de Aragón	2017	Regadío	7,0	7,0	0,0	0,0	0,0	0,0	0,0	0,0	0,0	0,0	0,0	0,0	7,0	0,0	0,0	0,0	0,0	0,0	0,0	0,0	0,0	0,0	0,0	0,0	0,0
22232	Torralba de Aragón	2017	Secano	11,0	8,0	0,0	0,0	0,0	0,0	0,0	0,0	0,0	0,0	0,0	0,0	8,0	0,0	0,0	0,0	0,0	0,0	0,0	0,0	0,0	2,0	2,0	1,0	0,0
22233	Torre la Ribera	2017	Regadío	0,0	0,0	0,0	0,0	0,0	0,0	0,0	0,0	0,0	0,0	0,0	0,0	0,0	0,0	0,0	0,0	0,0	0,0	0,0	0,0	0,0	0,0	0,0	0,0	0,0
22233	Torre la Ribera	2017	Secano	1,0	0,0	0,0	0,0	0,0	0,0	0,0	0,0	0,0	0,0	0,0	0,0	0,0	0,0	0,0	0,0	0,0	0,0	0,0	0,0	0,0	0,0	0,0	1,0	0,0
22234	Torrente de Cinca	2017	Regadío	537,0	535,0	0,0	53,0	0,0	57,0	117,0	147,0	1,0	0,0	0,0	0,0	1,0	0,0	0,0	150,0	9,0	0,0	0,0	0,0	0,0	2,0	2,0	0,0	0,0
22234	Torrente de Cinca	2017	Secano	211,0	67,0	0,0	2,0	0,0	1,0	8,0	2,0	0,0	0,0	0,0	0,0	52,0	0,0	0,0	2,0	0,0	0,0	0,0	0,0	0,0	144,0	144,0	0,0	0,0
22235	Torres de Alcanadre	2017	Regadío	1,0	0,0	0,0	0,0	0,0	0,0	0,0	0,0	0,0	0,0	0,0	0,0	0,0	0,0	0,0	0,0	0,0	0,0	0,0	0,0	0,0	1,0	1,0	0,0	0,0
22235	Torres de Alcanadre	2017	Secano	10,0	3,0	0,0	0,0	0,0	0,0	0,0	0,0	0,0	0,0	0,0	0,0	3,0	0,0	0,0	0,0	0,0	2,0	0,0	2,0	0,0	5,0	5,0	0,0	0,0
22236	Torres de Barbués	2017	Regadío	2,0	2,0	0,0	0,0	0,0	0,0	0,0	0,0	0,0	0,0	0,0	0,0	2,0	0,0	0,0	0,0	0,0	0,0	0,0	0,0	0,0	0,0	0,0	0,0	0,0
22236	Torres de Barbués	2017	Secano	1,0	1,0	0,0	0,0	0,0	0,0	0,0	0,0	0,0	0,0	0,0	0,0	1,0	0,0	0,0	0,0	0,0	0,0	0,0	0,0	0,0	0,0	0,0	0,0	0,0
22239	Tramaced	2017	Regadío	0,0	0,0	0,0	0,0	0,0	0,0	0,0	0,0	0,0	0,0	0,0	0,0	0,0	0,0	0,0	0,0	0,0	0,0	0,0	0,0	0,0	0,0	0,0	0,0	0,0
22239	Tramaced	2017	Secano	2,0	0,0	0,0	0,0	0,0	0,0	0,0	0,0	0,0	0,0	0,0	0,0	0,0	0,0	0,0	0,0	0,0	0,0	0,0	0,0	0,0	2,0	2,0	0,0	0,0
22242	Valfarta	2017	Regadío	31,0	30,0	18,0	1,0	0,0	0,0	0,0	7,0	0,0	0,0	0,0	0,0	0,0	0,0	0,0	4,0	0,0	0,0	0,0	0,0	0,0	1,0	1,0	0,0	0,0
22242	Valfarta	2017	Secano	85,0	0,0	0,0	0,0	0,0	0,0	0,0	0,0	0,0	0,0	0,0	0,0	0,0	0,0	0,0	0,0	0,0	0,0	0,0	0,0	0,0	11,0	11,0	74,0	0,0
22243	Valle de Bardají	2017	Regadío											0,0														
22243	Valle de Bardají	2017	Secano											0,0														
22244	Valle de Lierp	2017	Regadío	0,0	0,0	0,0	0,0	0,0	0,0	0,0	0,0	0,0	0,0	0,0	0,0	0,0	0,0	0,0	0,0	0,0	0,0	0,0	0,0	0,0	0,0	0,0	0,0	0,0
22244	Valle de Lierp	2017	Secano	2,0	0,0	0,0	0,0	0,0	0,0	0,0	0,0	0,0	0,0	0,0	0,0	0,0	0,0	0,0	0,0	0,0	0,0	0,0	0,0	0,0	0,0	0,0	2,0	0,0
22245	Velilla de Cinca	2017	Regadío	376,0	371,0	3,0	23,0	1,0	13,0	12,0	155,0	0,0	0,0	0,0	0,0	42,0	0,0	0,0	121,0	1,0	0,0	0,0	0,0	0,0	5,0	5,0	0,0	0,0
22245	Velilla de Cinca	2017	Secano	12,0	8,0	0,0	0,0	0,0	0,0	0,0	1,0	0,0	0,0	0,0	0,0	6,0	0,0	0,0	1,0	0,0	0,0	0,0	0,0	0,0	4,0	4,0	0,0	0,0
22246	Beranuy	2017	Regadío	0,0	0,0	0,0	0,0	0,0	0,0	0,0	0,0	0,0	0,0	0,0	0,0	0,0	0,0	0,0	0,0	0,0	0,0	0,0	0,0	0,0	0,0	0,0	0,0	0,0
22246	Beranuy	2017	Secano	3,0	0,0	0,0	0,0	0,0	0,0	0,0	0,0	0,0	0,0	0,0	0,0	0,0	0,0	0,0	0,0	0,0	0,0	0,0	0,0	0,0	0,0	0,0	3,0	0,0
22247	Viacamp y Litera	2017	Regadío	0,0	0,0	0,0	0,0	0,0	0,0	0,0	0,0	0,0	0,0	0,0	0,0	0,0	0,0	0,0	0,0	0,0	0,0	0,0	0,0	0,0	0,0	0,0	0,0	0,0
22247	Viacamp y Litera	2017	Secano	69,0	8,0	0,0	0,0	0,0	0,0	0,0	0,0	0,0	0,0	0,0	0,0	8,0	0,0	0,0	0,0	0,0	0,0	0,0	0,0	0,0	5,0	5,0	56,0	0,0
22248	Vicién	2017	Regadío	1,0	1,0	0,0	0,0	0,0	0,0	0,0	0,0	0,0	0,0	0,0	0,0	1,0	0,0	0,0	0,0	0,0	0,0	0,0	0,0	0,0	0,0	0,0	0,0	0,0
22248	Vicién	2017	Secano	1,0	0,0	0,0	0,0	0,0	0,0	0,0	0,0	0,0	0,0	0,0	0,0	0,0	0,0	0,0	0,0	0,0	0,0	0,0	0,0	0,0	1,0	1,0	0,0	0,0
22249	Villanova	2017	Regadío											0,0														
22249	Villanova	2017	Secano											0,0														
22250	Villanúa	2017	Regadío											0,0														
22250	Villanúa	2017	Secano											0,0														
22251	Villanueva de Sigena	2017	Regadío	249,0	218,0	4,0	23,0	1,0	8,0	0,0	67,0	0,0	0,0	0,0	0,0	36,0	0,0	0,0	56,0	23,0	1,0	0,0	1,0	0,0	30,0	30,0	0,0	0,0
22251	Villanueva de Sigena	2017	Secano	165,0	9,0	0,0	0,0	0,0	0,0	0,0	1,0	0,0	0,0	0,0	0,0	8,0	0,0	0,0	0,0	0,0	0,0	0,0	0,0	0,0	16,0	16,0	140,0	0,0
22252	Yebra de Basa	2017	Regadío											0,0														
22252	Yebra de Basa	2017	Secano											0,0														
22253	Yésero	2017	Regadío											0,0														
22253	Yésero	2017	Secano											0,0														
22254	Zaidín	2017	Regadío	2524,0	2473,0	27,0	93,0	0,0	131,0	57,0	1039,0	0,0	1,0	0,0	0,0	69,0	0,0	0,0	988,0	68,0	0,0	0,0	0,0	0,0	51,0	51,0	0,0	0,0
22254	Zaidín	2017	Secano	148,0	138,0	0,0	0,0	0,0	16,0	0,0	51,0	0,0	0,0	0,0	0,0	1,0	0,0	0,0	66,0	4,0	0,0	0,0	0,0	0,0	10,0	10,0	0,0	0,0
22901	Valle de Hecho	2017	Regadío	0,0	0,0	0,0	0,0	0,0	0,0	0,0	0,0	0,0	0,0	0,0	0,0	0,0	0,0	0,0	0,0	0,0	0,0	0,0	0,0	0,0	0,0	0,0	0,0	0,0
22901	Valle de Hecho	2017	Secano	1,0	0,0	0,0	0,0	0,0	0,0	0,0	0,0	0,0	0,0	0,0	0,0	0,0	0,0	0,0	0,0	0,0	1,0	0,0	1,0	0,0	0,0	0,0	0,0	0,0
22902	Puente la Reina de Jaca	2017	Regadío	0,0	0,0	0,0	0,0	0,0	0,0	0,0	0,0	0,0	0,0	0,0	0,0	0,0	0,0	0,0	0,0	0,0	0,0	0,0	0,0	0,0	0,0	0,0	0,0	0,0
22902	Puente la Reina de Jaca	2017	Secano	39,0	32,0	0,0	0,0	0,0	0,0	0,0	0,0	0,0	0,0	0,0	0,0	32,0	0,0	0,0	0,0	0,0	1,0	0,0	1,0	0,0	0,0	0,0	6,0	0,0
22903	San Miguel del Cinca	2017	Regadío	214,0	167,0	3,0	3,0	0,0	0,0	12,0	37,0	0,0	15,0	0,0	0,0	22,0	0,0	0,0	72,0	3,0	1,0	0,0	1,0	0,0	46,0	46,0	0,0	0,0
22903	San Miguel del Cinca	2017	Secano	168,0	156,0	0,0	0,0	0,0	0,0	0,0	0,0	0,0	0,0	0,0	0,0	156,0	0,0	0,0	0,0	0,0	0,0	0,0	0,0	0,0	5,0	5,0	7,0	0,0
22904	Sotonera (La)	2017	Regadío	246,0	198,0	0,0	0,0	0,0	0,0	39,0	0,0	0,0	0,0	0,0	1,0	156,0	0,0	0,0	0,0	2,0	2,0	0,0	2,0	0,0	46,0	46,0	0,0	0,0
22904	Sotonera (La)	2017	Secano	974,0	826,0	0,0	0,0	0,0	0,0	21,0	0,0	0,0	0,0	0,0	0,0	804,0	0,0	0,0	0,0	1,0	18,0	0,0	18,0	0,0	79,0	79,0	51,0	0,0
22905	Lupiñén-Ortilla	2017	Regadío	33,0	25,0	16,0	0,0	0,0	0,0	0,0	0,0	0,0	0,0	0,0	0,0	9,0	0,0	0,0	0,0	0,0	0,0	0,0	0,0	0,0	8,0	8,0	0,0	0,0
22905	Lupiñén-Ortilla	2017	Secano	135,0	116,0	0,0	0,0	0,0	0,0	0,0	0,0	0,0	0,0	0,0	0,0	115,0	1,0	0,0	0,0	0,0	10,0	0,0	10,0	0,0	9,0	9,0	0,0	0,0
22906	Santa María de Dulcis	2017	Regadío	0,0	0,0	0,0	0,0	0,0	0,0	0,0	0,0	0,0	0,0	0,0	0,0	0,0	0,0	0,0	0,0	0,0	0,0	0,0	0,0	0,0	0,0	0,0	0,0	0,0
22906	Santa María de Dulcis	2017	Secano	375,0	159,0	0,0	0,0	0,0	0,0	0,0	0,0	0,0	0,0	0,0	0,0	159,0	0,0	0,0	0,0	0,0	147,0	0,0	147,0	0,0	68,0	68,0	1,0	0,0
22907	Aínsa-Sobrarbe	2017	Regadío	4,0	1,0	1,0	0,0	0,0	0,0	0,0	0,0	0,0	0,0	0,0	0,0	0,0	0,0	0,0	0,0	0,0	1,0	0,0	1,0	0,0	0,0	0,0	2,0	0,0
22907	Aínsa-Sobrarbe	2017	Secano	113,0	56,0	0,0	0,0	0,0	0,0	0,0	0,0	0,0	0,0	0,0	0,0	56,0	0,0	0,0	0,0	0,0	8,0	0,0	8,0	0,0	37,0	37,0	12,0	0,0
22908	Hoz y Costeán	2017	Regadío	15,0	0,0	0,0	0,0	0,0	0,0	0,0	0,0	0,0	0,0	0,0	0,0	0,0	0,0	0,0	0,0	0,0	4,0	0,0	4,0	0,0	11,0	11,0	0,0	0,0
22908	Hoz y Costeán	2017	Secano	592,0	148,0	0,0	0,0	0,0	0,0	0,0	0,0	0,0	0,0	0,0	0,0	148,0	0,0	0,0	0,0	0,0	91,0	0,0	91,0	0,0	353,0	353,0	0,0	0,0
22909	Vencillón	2017	Regadío	42,0	41,0	2,0	2,0	0,0	0,0	0,0	16,0	0,0	0,0	0,0	0,0	9,0	0,0	0,0	7,0	5,0	0,0	0,0	0,0	0,0	1,0	1,0	0,0	0,0
22909	Vencillón	2017	Secano	0,0	0,0	0,0	0,0	0,0	0,0	0,0	0,0	0,0	0,0	0,0	0,0	0,0	0,0	0,0	0,0	0,0	0,0	0,0	0,0	0,0	0,0	0,0	0,0	0,0
44001	Ababuj	2017	Regadío											0,0														
44001	Ababuj	2017	Secano											0,0														
44002	Abejuela	2017	Regadío	0,0	0,0	0,0	0,0	0,0	0,0	0,0	0,0	0,0	0,0	0,0	0,0	0,0	0,0	0,0	0,0	0,0	0,0	0,0	0,0	0,0	0,0	0,0	0,0	0,0
44002	Abejuela	2017	Secano	131,0	0,0	0,0	0,0	0,0	0,0	0,0	0,0	0,0	0,0	0,0	0,0	0,0	0,0	0,0	0,0	0,0	0,0	0,0	0,0	0,0	0,0	0,0	131,0	0,0
44003	Aguatón	2017	Regadío	0,0	0,0	0,0	0,0	0,0	0,0	0,0	0,0	0,0	0,0	0,0	0,0	0,0	0,0	0,0	0,0	0,0	0,0	0,0	0,0	0,0	0,0	0,0	0,0	0,0
44003	Aguatón	2017	Secano	5,0	0,0	0,0	0,0	0,0	0,0	0,0	0,0	0,0	0,0	0,0	0,0	0,0	0,0	0,0	0,0	0,0	0,0	0,0	0,0	0,0	0,0	0,0	5,0	0,0
44004	Aguaviva	2017	Regadío	12,0	8,0	0,0	0,0	0,0	0,0	0,0	6,0	0,0	0,0	0,0	0,0	1,0	1,0	0,0	0,0	0,0	0,0	0,0	0,0	0,0	3,0	3,0	1,0	0,0
44004	Aguaviva	2017	Secano	64,0	12,0	0,0	0,0	0,0	0,0	0,0	1,0	0,0	0,0	0,0	0,0	11,0	0,0	0,0	0,0	0,0	6,0	0,0	6,0	0,0	46,0	46,0	0,0	0,0
44005	Aguilar del Alfambra	2017	Regadío	0,0	0,0	0,0	0,0	0,0	0,0	0,0	0,0	0,0	0,0	0,0	0,0	0,0	0,0	0,0	0,0	0,0	0,0	0,0	0,0	0,0	0,0	0,0	0,0	0,0
44005	Aguilar del Alfambra	2017	Secano	5,0	0,0	0,0	0,0	0,0	0,0	0,0	0,0	0,0	0,0	0,0	0,0	0,0	0,0	0,0	0,0	0,0	0,0	0,0	0,0	0,0	0,0	0,0	5,0	0,0
44006	Alacón	2017	Regadío	18,0	4,0	0,0	0,0	0,0	0,0	0,0	0,0	0,0	0,0	0,0	3,0	1,0	0,0	0,0	0,0	0,0	0,0	0,0	0,0	0,0	14,0	14,0	0,0	0,0
44006	Alacón	2017	Secano	152,0	40,0	0,0	0,0	0,0	0,0	0,0	0,0	0,0	0,0	0,0	1,0	39,0	0,0	0,0	0,0	0,0	38,0	0,0	38,0	0,0	74,0	74,0	0,0	0,0
44007	Alba	2017	Regadío	4,0	2,0	0,0	0,0	0,0	0,0	0,0	0,0	0,0	0,0	0,0	0,0	2,0	0,0	0,0	0,0	0,0	0,0	0,0	0,0	0,0	0,0	0,0	2,0	0,0
44007	Alba	2017	Secano	9,0	1,0	0,0	0,0	0,0	0,0	0,0	0,0	0,0	0,0	0,0	0,0	1,0	0,0	0,0	0,0	0,0	0,0	0,0	0,0	0,0	0,0	0,0	8,0	0,0
44008	Albalate del Arzobispo	2017	Regadío	337,0	137,0	0,0	1,0	0,0	10,0	7,0	48,0	0,0	2,0	0,0	0,0	68,0	0,0	0,0	0,0	1,0	4,0	0,0	4,0	0,0	196,0	196,0	0,0	0,0
44008	Albalate del Arzobispo	2017	Secano	1898,0	1020,0	0,0	0,0	0,0	6,0	10,0	1,0	0,0	0,0	0,0	0,0	1003,0	0,0	0,0	0,0	0,0	51,0	0,0	51,0	0,0	827,0	827,0	0,0	0,0
44009	Albarracín	2017	Regadío	0,0	0,0	0,0	0,0	0,0	0,0	0,0	0,0	0,0	0,0	0,0	0,0	0,0	0,0	0,0	0,0	0,0	0,0	0,0	0,0	0,0	0,0	0,0	0,0	0,0
44009	Albarracín	2017	Secano	360,0	0,0	0,0	0,0	0,0	0,0	0,0	0,0	0,0	0,0	0,0	0,0	0,0	0,0	0,0	0,0	0,0	0,0	0,0	0,0	0,0	0,0	0,0	360,0	0,0
44010	Albentosa	2017	Regadío	39,0	0,0	0,0	0,0	0,0	0,0	0,0	0,0	0,0	0,0	0,0	0,0	0,0	0,0	0,0	0,0	0,0	0,0	0,0	0,0	0,0	0,0	0,0	39,0	0,0
44010	Albentosa	2017	Secano	567,0	25,0	0,0	0,0	0,0	0,0	4,0	0,0	0,0	0,0	0,0	0,0	21,0	0,0	0,0	0,0	0,0	0,0	0,0	0,0	0,0	0,0	0,0	542,0	0,0
44011	Alcaine	2017	Regadío	0,0	0,0	0,0	0,0	0,0	0,0	0,0	0,0	0,0	0,0	0,0	0,0	0,0	0,0	0,0	0,0	0,0	0,0	0,0	0,0	0,0	0,0	0,0	0,0	0,0
44011	Alcaine	2017	Secano	2,0	0,0	0,0	0,0	0,0	0,0	0,0	0,0	0,0	0,0	0,0	0,0	0,0	0,0	0,0	0,0	0,0	1,0	0,0	1,0	0,0	1,0	1,0	0,0	0,0
44012	Alcalá de la Selva	2017	Regadío											0,0														
44012	Alcalá de la Selva	2017	Secano											0,0														
44013	Alcañiz	2017	Regadío	2108,0	1555,0	6,0	14,0	0,0	168,0	4,0	851,0	39,0	0,0	0,0	2,0	446,0	14,0	0,0	9,0	2,0	6,0	0,0	6,0	0,0	543,0	543,0	4,0	0,0
44013	Alcañiz	2017	Secano	4669,0	2462,0	0,0	0,0	0,0	2,0	0,0	13,0	1,0	0,0	0,0	4,0	2441,0	0,0	0,0	0,0	1,0	21,0	0,0	21,0	0,0	2120,0	2120,0	66,0	0,0
44014	Alcorisa	2017	Regadío	88,0	13,0	0,0	0,0	0,0	0,0	0,0	1,0	0,0	0,0	0,0	0,0	11,0	1,0	0,0	0,0	0,0	0,0	0,0	0,0	0,0	75,0	75,0	0,0	0,0
44014	Alcorisa	2017	Secano	1618,0	544,0	0,0	0,0	0,0	0,0	0,0	0,0	0,0	0,0	0,0	2,0	540,0	0,0	0,0	0,0	2,0	68,0	0,0	68,0	0,0	1006,0	1006,0	0,0	0,0
44016	Alfambra	2017	Regadío	5,0	0,0	0,0	0,0	0,0	0,0	0,0	0,0	0,0	0,0	0,0	0,0	0,0	0,0	0,0	0,0	0,0	0,0	0,0	0,0	0,0	0,0	0,0	5,0	0,0
44016	Alfambra	2017	Secano	123,0	0,0	0,0	0,0	0,0	0,0	0,0	0,0	0,0	0,0	0,0	0,0	0,0	0,0	0,0	0,0	0,0	0,0	0,0	0,0	0,0	0,0	0,0	123,0	0,0
44017	Aliaga	2017	Regadío	0,0	0,0	0,0	0,0	0,0	0,0	0,0	0,0	0,0	0,0	0,0	0,0	0,0	0,0	0,0	0,0	0,0	0,0	0,0	0,0	0,0	0,0	0,0	0,0	0,0
44017	Aliaga	2017	Secano	72,0	0,0	0,0	0,0	0,0	0,0	0,0	0,0	0,0	0,0	0,0	0,0	0,0	0,0	0,0	0,0	0,0	0,0	0,0	0,0	0,0	0,0	0,0	72,0	0,0
44018	Almohaja	2017	Regadío	0,0	0,0	0,0	0,0	0,0	0,0	0,0	0,0	0,0	0,0	0,0	0,0	0,0	0,0	0,0	0,0	0,0	0,0	0,0	0,0	0,0	0,0	0,0	0,0	0,0
44018	Almohaja	2017	Secano	1,0	0,0	0,0	0,0	0,0	0,0	0,0	0,0	0,0	0,0	0,0	0,0	0,0	0,0	0,0	0,0	0,0	0,0	0,0	0,0	0,0	0,0	0,0	1,0	0,0
44019	Alobras	2017	Regadío											0,0														
44019	Alobras	2017	Secano											0,0														
44020	Alpeñés	2017	Regadío	0,0	0,0	0,0	0,0	0,0	0,0	0,0	0,0	0,0	0,0	0,0	0,0	0,0	0,0	0,0	0,0	0,0	0,0	0,0	0,0	0,0	0,0	0,0	0,0	0,0
44020	Alpeñés	2017	Secano	2,0	0,0	0,0	0,0	0,0	0,0	0,0	0,0	0,0	0,0	0,0	0,0	0,0	0,0	0,0	0,0	0,0	0,0	0,0	0,0	0,0	0,0	0,0	2,0	0,0
44021	Allepuz	2017	Regadío	0,0	0,0	0,0	0,0	0,0	0,0	0,0	0,0	0,0	0,0	0,0	0,0	0,0	0,0	0,0	0,0	0,0	0,0	0,0	0,0	0,0	0,0	0,0	0,0	0,0
44021	Allepuz	2017	Secano	10,0	0,0	0,0	0,0	0,0	0,0	0,0	0,0	0,0	0,0	0,0	0,0	0,0	0,0	0,0	0,0	0,0	0,0	0,0	0,0	0,0	0,0	0,0	10,0	0,0
44022	Alloza	2017	Regadío	20,0	7,0	0,0	0,0	0,0	0,0	0,0	0,0	0,0	0,0	0,0	0,0	5,0	2,0	0,0	0,0	0,0	0,0	0,0	0,0	0,0	13,0	13,0	0,0	0,0
44022	Alloza	2017	Secano	1049,0	268,0	0,0	0,0	0,0	0,0	5,0	0,0	0,0	0,0	0,0	0,0	261,0	1,0	0,0	0,0	1,0	43,0	0,0	43,0	0,0	738,0	738,0	0,0	0,0
44023	Allueva	2017	Regadío											0,0														
44023	Allueva	2017	Secano											0,0														
44024	Anadón	2017	Regadío											0,0														
44024	Anadón	2017	Secano											0,0														
44025	Andorra	2017	Regadío	6,0	0,0	0,0	0,0	0,0	0,0	0,0	0,0	0,0	0,0	0,0	0,0	0,0	0,0	0,0	0,0	0,0	0,0	0,0	0,0	0,0	6,0	6,0	0,0	0,0
44025	Andorra	2017	Secano	830,0	197,0	0,0	0,0	0,0	0,0	10,0	0,0	0,0	0,0	0,0	0,0	187,0	0,0	0,0	0,0	0,0	60,0	0,0	60,0	0,0	572,0	572,0	1,0	0,0
44026	Arcos de las Salinas	2017	Regadío	0,0	0,0	0,0	0,0	0,0	0,0	0,0	0,0	0,0	0,0	0,0	0,0	0,0	0,0	0,0	0,0	0,0	0,0	0,0	0,0	0,0	0,0	0,0	0,0	0,0
44026	Arcos de las Salinas	2017	Secano	7,0	5,0	0,0	0,0	0,0	0,0	0,0	0,0	0,0	0,0	0,0	0,0	4,0	1,0	0,0	0,0	0,0	0,0	0,0	0,0	0,0	0,0	0,0	2,0	0,0
44027	Arens de Lledó	2017	Regadío	0,0	0,0	0,0	0,0	0,0	0,0	0,0	0,0	0,0	0,0	0,0	0,0	0,0	0,0	0,0	0,0	0,0	0,0	0,0	0,0	0,0	0,0	0,0	0,0	0,0
44027	Arens de Lledó	2017	Secano	766,0	305,0	0,0	0,0	0,0	0,0	2,0	0,0	0,0	0,0	0,0	0,0	301,0	1,0	0,0	0,0	1,0	64,0	0,0	64,0	0,0	393,0	393,0	4,0	0,0
44028	Argente	2017	Regadío	0,0	0,0	0,0	0,0	0,0	0,0	0,0	0,0	0,0	0,0	0,0	0,0	0,0	0,0	0,0	0,0	0,0	0,0	0,0	0,0	0,0	0,0	0,0	0,0	0,0
44028	Argente	2017	Secano	8,0	0,0	0,0	0,0	0,0	0,0	0,0	0,0	0,0	0,0	0,0	0,0	0,0	0,0	0,0	0,0	0,0	0,0	0,0	0,0	0,0	0,0	0,0	8,0	0,0
44029	Ariño	2017	Regadío	12,0	7,0	0,0	0,0	0,0	0,0	7,0	0,0	0,0	0,0	0,0	0,0	0,0	0,0	0,0	0,0	0,0	0,0	0,0	0,0	0,0	5,0	5,0	0,0	0,0
44029	Ariño	2017	Secano	153,0	32,0	0,0	0,0	0,0	0,0	8,0	0,0	0,0	0,0	0,0	0,0	24,0	0,0	0,0	0,0	0,0	9,0	0,0	9,0	0,0	62,0	62,0	50,0	0,0
44031	Azaila	2017	Regadío	11,0	0,0	0,0	0,0	0,0	0,0	0,0	0,0	0,0	0,0	0,0	0,0	0,0	0,0	0,0	0,0	0,0	0,0	0,0	0,0	0,0	11,0	11,0	0,0	0,0
44031	Azaila	2017	Secano	3,0	2,0	0,0	0,0	0,0	0,0	0,0	0,0	0,0	0,0	0,0	0,0	2,0	0,0	0,0	0,0	0,0	0,0	0,0	0,0	0,0	1,0	1,0	0,0	0,0
44032	Bádenas	2017	Regadío	0,0	0,0	0,0	0,0	0,0	0,0	0,0	0,0	0,0	0,0	0,0	0,0	0,0	0,0	0,0	0,0	0,0	0,0	0,0	0,0	0,0	0,0	0,0	0,0	0,0
44032	Bádenas	2017	Secano	5,0	5,0	0,0	0,0	0,0	0,0	0,0	0,0	0,0	0,0	0,0	0,0	5,0	0,0	0,0	0,0	0,0	0,0	0,0	0,0	0,0	0,0	0,0	0,0	0,0
44033	Báguena	2017	Regadío	4,0	3,0	1,0	0,0	0,0	0,0	0,0	0,0	0,0	0,0	0,0	0,0	1,0	1,0	0,0	0,0	0,0	1,0	0,0	1,0	0,0	0,0	0,0	0,0	0,0
44033	Báguena	2017	Secano	312,0	134,0	0,0	0,0	0,0	0,0	7,0	0,0	0,0	0,0	0,0	0,0	124,0	2,0	0,0	0,0	1,0	178,0	0,0	178,0	0,0	0,0	0,0	0,0	0,0
44034	Bañón	2017	Regadío	0,0	0,0	0,0	0,0	0,0	0,0	0,0	0,0	0,0	0,0	0,0	0,0	0,0	0,0	0,0	0,0	0,0	0,0	0,0	0,0	0,0	0,0	0,0	0,0	0,0
44034	Bañón	2017	Secano	18,0	0,0	0,0	0,0	0,0	0,0	0,0	0,0	0,0	0,0	0,0	0,0	0,0	0,0	0,0	0,0	0,0	0,0	0,0	0,0	0,0	0,0	0,0	18,0	0,0
44035	Barrachina	2017	Regadío	0,0	0,0	0,0	0,0	0,0	0,0	0,0	0,0	0,0	0,0	0,0	0,0	0,0	0,0	0,0	0,0	0,0	0,0	0,0	0,0	0,0	0,0	0,0	0,0	0,0
44035	Barrachina	2017	Secano	8,0	0,0	0,0	0,0	0,0	0,0	0,0	0,0	0,0	0,0	0,0	0,0	0,0	0,0	0,0	0,0	0,0	0,0	0,0	0,0	0,0	0,0	0,0	8,0	0,0
44036	Bea	2017	Regadío	0,0	0,0	0,0	0,0	0,0	0,0	0,0	0,0	0,0	0,0	0,0	0,0	0,0	0,0	0,0	0,0	0,0	0,0	0,0	0,0	0,0	0,0	0,0	0,0	0,0
44036	Bea	2017	Secano	19,0	0,0	0,0	0,0	0,0	0,0	0,0	0,0	0,0	0,0	0,0	0,0	0,0	0,0	0,0	0,0	0,0	0,0	0,0	0,0	0,0	0,0	0,0	19,0	0,0
44037	Beceite	2017	Regadío	4,0	3,0	0,0	0,0	0,0	0,0	0,0	0,0	0,0	0,0	0,0	0,0	1,0	1,0	0,0	0,0	1,0	0,0	0,0	0,0	0,0	1,0	1,0	0,0	0,0
44037	Beceite	2017	Secano	155,0	74,0	0,0	0,0	0,0	0,0	0,0	0,0	0,0	0,0	0,0	0,0	70,0	2,0	0,0	0,0	2,0	3,0	0,0	3,0	0,0	74,0	74,0	4,0	0,0
44038	Belmonte de San José	2017	Regadío	0,0	0,0	0,0	0,0	0,0	0,0	0,0	0,0	0,0	0,0	0,0	0,0	0,0	0,0	0,0	0,0	0,0	0,0	0,0	0,0	0,0	0,0	0,0	0,0	0,0
44038	Belmonte de San José	2017	Secano	604,0	217,0	0,0	0,0	0,0	0,0	0,0	0,0	0,0	0,0	0,0	0,0	216,0	0,0	0,0	0,0	1,0	1,0	0,0	1,0	0,0	377,0	377,0	9,0	0,0
44039	Bello	2017	Regadío	0,0	0,0	0,0	0,0	0,0	0,0	0,0	0,0	0,0	0,0	0,0	0,0	0,0	0,0	0,0	0,0	0,0	0,0	0,0	0,0	0,0	0,0	0,0	0,0	0,0
44039	Bello	2017	Secano	2,0	2,0	0,0	0,0	0,0	0,0	0,0	0,0	0,0	0,0	0,0	0,0	2,0	0,0	0,0	0,0	0,0	0,0	0,0	0,0	0,0	0,0	0,0	0,0	0,0
44040	Berge	2017	Regadío	28,0	2,0	0,0	0,0	0,0	0,0	0,0	0,0	0,0	0,0	0,0	0,0	2,0	0,0	0,0	0,0	0,0	0,0	0,0	0,0	0,0	17,0	17,0	9,0	0,0
44040	Berge	2017	Secano	318,0	121,0	0,0	0,0	0,0	0,0	0,0	0,0	0,0	0,0	0,0	0,0	121,0	0,0	0,0	0,0	0,0	2,0	0,0	2,0	0,0	186,0	186,0	9,0	0,0
44041	Bezas	2017	Regadío											0,0														
44041	Bezas	2017	Secano											0,0														
44042	Blancas	2017	Regadío	0,0	0,0	0,0	0,0	0,0	0,0	0,0	0,0	0,0	0,0	0,0	0,0	0,0	0,0	0,0	0,0	0,0	0,0	0,0	0,0	0,0	0,0	0,0	0,0	0,0
44042	Blancas	2017	Secano	26,0	0,0	0,0	0,0	0,0	0,0	0,0	0,0	0,0	0,0	0,0	0,0	0,0	0,0	0,0	0,0	0,0	0,0	0,0	0,0	0,0	0,0	0,0	26,0	0,0
44043	Blesa	2017	Regadío	0,0	0,0	0,0	0,0	0,0	0,0	0,0	0,0	0,0	0,0	0,0	0,0	0,0	0,0	0,0	0,0	0,0	0,0	0,0	0,0	0,0	0,0	0,0	0,0	0,0
44043	Blesa	2017	Secano	90,0	73,0	0,0	0,0	0,0	0,0	0,0	0,0	0,0	0,0	0,0	0,0	73,0	0,0	0,0	0,0	0,0	9,0	0,0	9,0	0,0	0,0	0,0	8,0	0,0
44044	Bordón	2017	Regadío	0,0	0,0	0,0	0,0	0,0	0,0	0,0	0,0	0,0	0,0	0,0	0,0	0,0	0,0	0,0	0,0	0,0	0,0	0,0	0,0	0,0	0,0	0,0	0,0	0,0
44044	Bordón	2017	Secano	1,0	0,0	0,0	0,0	0,0	0,0	0,0	0,0	0,0	0,0	0,0	0,0	0,0	0,0	0,0	0,0	0,0	0,0	0,0	0,0	0,0	0,0	0,0	1,0	0,0
44045	Bronchales	2017	Regadío											0,0														
44045	Bronchales	2017	Secano											0,0														
44046	Bueña	2017	Regadío	0,0	0,0	0,0	0,0	0,0	0,0	0,0	0,0	0,0	0,0	0,0	0,0	0,0	0,0	0,0	0,0	0,0	0,0	0,0	0,0	0,0	0,0	0,0	0,0	0,0
44046	Bueña	2017	Secano	4,0	0,0	0,0	0,0	0,0	0,0	0,0	0,0	0,0	0,0	0,0	0,0	0,0	0,0	0,0	0,0	0,0	0,0	0,0	0,0	0,0	0,0	0,0	4,0	0,0
44047	Burbáguena	2017	Regadío	1,0	1,0	0,0	0,0	0,0	0,0	0,0	0,0	1,0	0,0	0,0	0,0	0,0	0,0	0,0	0,0	0,0	0,0	0,0	0,0	0,0	0,0	0,0	0,0	0,0
44047	Burbáguena	2017	Secano	217,0	81,0	0,0	0,0	0,0	0,0	6,0	0,0	0,0	0,0	0,0	0,0	75,0	0,0	0,0	0,0	0,0	83,0	0,0	83,0	0,0	0,0	0,0	53,0	0,0
44048	Cabra de Mora	2017	Regadío	0,0	0,0	0,0	0,0	0,0	0,0	0,0	0,0	0,0	0,0	0,0	0,0	0,0	0,0	0,0	0,0	0,0	0,0	0,0	0,0	0,0	0,0	0,0	0,0	0,0
44048	Cabra de Mora	2017	Secano	8,0	0,0	0,0	0,0	0,0	0,0	0,0	0,0	0,0	0,0	0,0	0,0	0,0	0,0	0,0	0,0	0,0	0,0	0,0	0,0	0,0	0,0	0,0	8,0	0,0
44049	Calaceite	2017	Regadío	20,0	2,0	0,0	0,0	0,0	0,0	0,0	0,0	0,0	0,0	0,0	0,0	2,0	0,0	0,0	0,0	0,0	3,0	0,0	3,0	0,0	15,0	15,0	0,0	0,0
44049	Calaceite	2017	Secano	3657,0	1456,0	0,0	0,0	0,0	0,0	0,0	0,0	0,0	0,0	0,0	0,0	1448,0	2,0	0,0	0,0	6,0	144,0	0,0	144,0	0,0	2043,0	2043,0	14,0	0,0
44050	Calamocha	2017	Regadío	1,0	1,0	0,0	0,0	0,0	0,0	1,0	0,0	0,0	0,0	0,0	0,0	0,0	0,0	0,0	0,0	0,0	0,0	0,0	0,0	0,0	0,0	0,0	0,0	0,0
44050	Calamocha	2017	Secano	121,0	46,0	0,0	0,0	0,0	0,0	4,0	0,0	0,0	0,0	0,0	0,0	40,0	2,0	0,0	0,0	0,0	36,0	0,0	36,0	0,0	0,0	0,0	39,0	0,0
44051	Calanda	2017	Regadío	1004,0	637,0	1,0	0,0	0,0	9,0	2,0	529,0	3,0	1,0	0,0	0,0	86,0	4,0	0,0	0,0	2,0	0,0	0,0	0,0	0,0	367,0	367,0	0,0	0,0
44051	Calanda	2017	Secano	2499,0	1119,0	0,0	0,0	0,0	2,0	0,0	20,0	3,0	0,0	0,0	0,0	1092,0	1,0	0,0	0,0	1,0	12,0	0,0	12,0	0,0	1368,0	1368,0	0,0	0,0
44052	Calomarde	2017	Regadío											0,0														
44052	Calomarde	2017	Secano											0,0														
44053	Camañas	2017	Regadío	0,0	0,0	0,0	0,0	0,0	0,0	0,0	0,0	0,0	0,0	0,0	0,0	0,0	0,0	0,0	0,0	0,0	0,0	0,0	0,0	0,0	0,0	0,0	0,0	0,0
44053	Camañas	2017	Secano	4,0	0,0	0,0	0,0	0,0	0,0	0,0	0,0	0,0	0,0	0,0	0,0	0,0	0,0	0,0	0,0	0,0	0,0	0,0	0,0	0,0	0,0	0,0	4,0	0,0
44054	Camarena de la Sierra	2017	Regadío											0,0														
44054	Camarena de la Sierra	2017	Secano											0,0														
44055	Camarillas	2017	Regadío	0,0	0,0	0,0	0,0	0,0	0,0	0,0	0,0	0,0	0,0	0,0	0,0	0,0	0,0	0,0	0,0	0,0	0,0	0,0	0,0	0,0	0,0	0,0	0,0	0,0
44055	Camarillas	2017	Secano	1,0	0,0	0,0	0,0	0,0	0,0	0,0	0,0	0,0	0,0	0,0	0,0	0,0	0,0	0,0	0,0	0,0	0,0	0,0	0,0	0,0	0,0	0,0	1,0	0,0
44056	Caminreal	2017	Regadío	0,0	0,0	0,0	0,0	0,0	0,0	0,0	0,0	0,0	0,0	0,0	0,0	0,0	0,0	0,0	0,0	0,0	0,0	0,0	0,0	0,0	0,0	0,0	0,0	0,0
44056	Caminreal	2017	Secano	13,0	1,0	0,0	0,0	0,0	0,0	0,0	0,0	0,0	0,0	0,0	0,0	1,0	0,0	0,0	0,0	0,0	0,0	0,0	0,0	0,0	0,0	0,0	12,0	0,0
44059	Cantavieja	2017	Regadío	0,0	0,0	0,0	0,0	0,0	0,0	0,0	0,0	0,0	0,0	0,0	0,0	0,0	0,0	0,0	0,0	0,0	0,0	0,0	0,0	0,0	0,0	0,0	0,0	0,0
44059	Cantavieja	2017	Secano	115,0	0,0	0,0	0,0	0,0	0,0	0,0	0,0	0,0	0,0	0,0	0,0	0,0	0,0	0,0	0,0	0,0	0,0	0,0	0,0	0,0	0,0	0,0	115,0	0,0
44060	Cañada de Benatanduz	2017	Regadío											0,0														
44060	Cañada de Benatanduz	2017	Secano											0,0														
44061	Cañada de Verich (La)	2017	Regadío	0,0	0,0	0,0	0,0	0,0	0,0	0,0	0,0	0,0	0,0	0,0	0,0	0,0	0,0	0,0	0,0	0,0	0,0	0,0	0,0	0,0	0,0	0,0	0,0	0,0
44061	Cañada de Verich (La)	2017	Secano	47,0	41,0	0,0	0,0	0,0	0,0	0,0	0,0	0,0	0,0	0,0	0,0	41,0	0,0	0,0	0,0	0,0	0,0	0,0	0,0	0,0	5,0	5,0	1,0	0,0
44062	Cañada Vellida	2017	Regadío											0,0														
44062	Cañada Vellida	2017	Secano											0,0														
44063	Cañizar del Olivar	2017	Regadío	0,0	0,0	0,0	0,0	0,0	0,0	0,0	0,0	0,0	0,0	0,0	0,0	0,0	0,0	0,0	0,0	0,0	0,0	0,0	0,0	0,0	0,0	0,0	0,0	0,0
44063	Cañizar del Olivar	2017	Secano	10,0	6,0	0,0	0,0	0,0	0,0	0,0	0,0	0,0	0,0	0,0	0,0	6,0	0,0	0,0	0,0	0,0	0,0	0,0	0,0	0,0	4,0	4,0	0,0	0,0
44064	Cascante del Río	2017	Regadío	0,0	0,0	0,0	0,0	0,0	0,0	0,0	0,0	0,0	0,0	0,0	0,0	0,0	0,0	0,0	0,0	0,0	0,0	0,0	0,0	0,0	0,0	0,0	0,0	0,0
44064	Cascante del Río	2017	Secano	23,0	7,0	0,0	0,0	0,0	0,0	0,0	0,0	0,0	0,0	0,0	0,0	7,0	0,0	0,0	0,0	0,0	0,0	0,0	0,0	0,0	0,0	0,0	16,0	0,0
44065	Castejón de Tornos	2017	Regadío	3,0	3,0	0,0	0,0	0,0	0,0	3,0	0,0	0,0	0,0	0,0	0,0	0,0	0,0	0,0	0,0	0,0	0,0	0,0	0,0	0,0	0,0	0,0	0,0	0,0
44065	Castejón de Tornos	2017	Secano	2,0	2,0	0,0	0,0	0,0	0,0	0,0	0,0	0,0	0,0	0,0	0,0	2,0	0,0	0,0	0,0	0,0	0,0	0,0	0,0	0,0	0,0	0,0	0,0	0,0
44066	Castel de Cabra	2017	Regadío	0,0	0,0	0,0	0,0	0,0	0,0	0,0	0,0	0,0	0,0	0,0	0,0	0,0	0,0	0,0	0,0	0,0	0,0	0,0	0,0	0,0	0,0	0,0	0,0	0,0
44066	Castel de Cabra	2017	Secano	4,0	0,0	0,0	0,0	0,0	0,0	0,0	0,0	0,0	0,0	0,0	0,0	0,0	0,0	0,0	0,0	0,0	0,0	0,0	0,0	0,0	0,0	0,0	4,0	0,0
44067	Castelnou	2017	Regadío	18,0	0,0	0,0	0,0	0,0	0,0	0,0	0,0	0,0	0,0	0,0	0,0	0,0	0,0	0,0	0,0	0,0	0,0	0,0	0,0	0,0	18,0	18,0	0,0	0,0
44067	Castelnou	2017	Secano	9,0	0,0	0,0	0,0	0,0	0,0	0,0	0,0	0,0	0,0	0,0	0,0	0,0	0,0	0,0	0,0	0,0	0,0	0,0	0,0	0,0	9,0	9,0	0,0	0,0
44068	Castelserás	2017	Regadío	159,0	84,0	0,0	1,0	0,0	0,0	0,0	55,0	1,0	0,0	0,0	0,0	27,0	0,0	0,0	0,0	0,0	0,0	0,0	0,0	0,0	74,0	74,0	1,0	0,0
44068	Castelserás	2017	Secano	692,0	228,0	0,0	0,0	0,0	0,0	0,0	2,0	0,0	0,0	0,0	0,0	226,0	0,0	0,0	0,0	0,0	11,0	0,0	11,0	0,0	453,0	453,0	0,0	0,0
44070	Castellar (El)	2017	Regadío											0,0														
44070	Castellar (El)	2017	Secano											0,0														
44071	Castellote	2017	Regadío	89,0	18,0	0,0	0,0	0,0	0,0	0,0	8,0	0,0	0,0	0,0	0,0	7,0	3,0	0,0	0,0	0,0	0,0	0,0	0,0	0,0	71,0	71,0	0,0	0,0
44071	Castellote	2017	Secano	716,0	235,0	0,0	0,0	0,0	0,0	0,0	7,0	0,0	0,0	0,0	0,0	227,0	1,0	0,0	0,0	0,0	45,0	0,0	45,0	0,0	338,0	338,0	98,0	0,0
44074	Cedrillas	2017	Regadío	0,0	0,0	0,0	0,0	0,0	0,0	0,0	0,0	0,0	0,0	0,0	0,0	0,0	0,0	0,0	0,0	0,0	0,0	0,0	0,0	0,0	0,0	0,0	0,0	0,0
44074	Cedrillas	2017	Secano	9,0	0,0	0,0	0,0	0,0	0,0	0,0	0,0	0,0	0,0	0,0	0,0	0,0	0,0	0,0	0,0	0,0	0,0	0,0	0,0	0,0	0,0	0,0	9,0	0,0
44075	Celadas	2017	Regadío	0,0	0,0	0,0	0,0	0,0	0,0	0,0	0,0	0,0	0,0	0,0	0,0	0,0	0,0	0,0	0,0	0,0	0,0	0,0	0,0	0,0	0,0	0,0	0,0	0,0
44075	Celadas	2017	Secano	117,0	0,0	0,0	0,0	0,0	0,0	0,0	0,0	0,0	0,0	0,0	0,0	0,0	0,0	0,0	0,0	0,0	0,0	0,0	0,0	0,0	0,0	0,0	117,0	0,0
44076	Cella	2017	Regadío	1,0	1,0	0,0	0,0	0,0	0,0	0,0	0,0	0,0	0,0	0,0	0,0	1,0	0,0	0,0	0,0	0,0	0,0	0,0	0,0	0,0	0,0	0,0	0,0	0,0
44076	Cella	2017	Secano	63,0	1,0	0,0	0,0	0,0	0,0	0,0	0,0	0,0	0,0	0,0	0,0	1,0	0,0	0,0	0,0	0,0	0,0	0,0	0,0	0,0	0,0	0,0	62,0	0,0
44077	Cerollera (La)	2017	Regadío	1,0	0,0	0,0	0,0	0,0	0,0	0,0	0,0	0,0	0,0	0,0	0,0	0,0	0,0	0,0	0,0	0,0	0,0	0,0	0,0	0,0	0,0	0,0	1,0	0,0
44077	Cerollera (La)	2017	Secano	59,0	23,0	0,0	0,0	0,0	0,0	0,0	0,0	0,0	0,0	0,0	0,0	23,0	0,0	0,0	0,0	0,0	18,0	0,0	18,0	0,0	6,0	6,0	12,0	0,0
44080	Codoñera (La)	2017	Regadío	3,0	0,0	0,0	0,0	0,0	0,0	0,0	0,0	0,0	0,0	0,0	0,0	0,0	0,0	0,0	0,0	0,0	0,0	0,0	0,0	0,0	3,0	3,0	0,0	0,0
44080	Codoñera (La)	2017	Secano	690,0	227,0	0,0	0,0	0,0	0,0	0,0	0,0	0,0	0,0	0,0	0,0	227,0	0,0	0,0	0,0	0,0	0,0	0,0	0,0	0,0	463,0	463,0	0,0	0,0
44082	Corbalán	2017	Regadío	0,0	0,0	0,0	0,0	0,0	0,0	0,0	0,0	0,0	0,0	0,0	0,0	0,0	0,0	0,0	0,0	0,0	0,0	0,0	0,0	0,0	0,0	0,0	0,0	0,0
44082	Corbalán	2017	Secano	17,0	0,0	0,0	0,0	0,0	0,0	0,0	0,0	0,0	0,0	0,0	0,0	0,0	0,0	0,0	0,0	0,0	0,0	0,0	0,0	0,0	0,0	0,0	17,0	0,0
44084	Cortes de Aragón	2017	Regadío	0,0	0,0	0,0	0,0	0,0	0,0	0,0	0,0	0,0	0,0	0,0	0,0	0,0	0,0	0,0	0,0	0,0	0,0	0,0	0,0	0,0	0,0	0,0	0,0	0,0
44084	Cortes de Aragón	2017	Secano	47,0	17,0	0,0	0,0	0,0	0,0	0,0	0,0	0,0	0,0	0,0	0,0	17,0	0,0	0,0	0,0	0,0	26,0	0,0	26,0	0,0	4,0	4,0	0,0	0,0
44085	Cosa	2017	Regadío											0,0														
44085	Cosa	2017	Secano											0,0														
44086	Cretas	2017	Regadío	48,0	8,0	0,0	0,0	0,0	0,0	3,0	3,0	0,0	0,0	0,0	0,0	1,0	0,0	1,0	0,0	0,0	0,0	0,0	0,0	0,0	40,0	40,0	0,0	0,0
44086	Cretas	2017	Secano	2019,0	712,0	0,0	0,0	0,0	0,0	3,0	0,0	0,0	0,0	0,0	0,0	696,0	0,0	11,0	0,0	2,0	87,0	0,0	87,0	0,0	1220,0	1220,0	0,0	0,0
44087	Crivillén	2017	Regadío	0,0	0,0	0,0	0,0	0,0	0,0	0,0	0,0	0,0	0,0	0,0	0,0	0,0	0,0	0,0	0,0	0,0	0,0	0,0	0,0	0,0	0,0	0,0	0,0	0,0
44087	Crivillén	2017	Secano	59,0	18,0	0,0	0,0	0,0	0,0	0,0	0,0	0,0	0,0	0,0	0,0	18,0	0,0	0,0	0,0	0,0	2,0	0,0	2,0	0,0	39,0	39,0	0,0	0,0
44088	Cuba (La)	2017	Regadío	0,0	0,0	0,0	0,0	0,0	0,0	0,0	0,0	0,0	0,0	0,0	0,0	0,0	0,0	0,0	0,0	0,0	0,0	0,0	0,0	0,0	0,0	0,0	0,0	0,0
44088	Cuba (La)	2017	Secano	8,0	0,0	0,0	0,0	0,0	0,0	0,0	0,0	0,0	0,0	0,0	0,0	0,0	0,0	0,0	0,0	0,0	7,0	0,0	7,0	0,0	0,0	0,0	1,0	0,0
44089	Cubla	2017	Regadío	0,0	0,0	0,0	0,0	0,0	0,0	0,0	0,0	0,0	0,0	0,0	0,0	0,0	0,0	0,0	0,0	0,0	0,0	0,0	0,0	0,0	0,0	0,0	0,0	0,0
44089	Cubla	2017	Secano	17,0	13,0	0,0	0,0	0,0	0,0	0,0	0,0	0,0	0,0	0,0	0,0	13,0	0,0	0,0	0,0	0,0	0,0	0,0	0,0	0,0	0,0	0,0	4,0	0,0
44090	Cucalón	2017	Regadío	0,0	0,0	0,0	0,0	0,0	0,0	0,0	0,0	0,0	0,0	0,0	0,0	0,0	0,0	0,0	0,0	0,0	0,0	0,0	0,0	0,0	0,0	0,0	0,0	0,0
44090	Cucalón	2017	Secano	22,0	13,0	0,0	0,0	0,0	0,0	0,0	0,0	0,0	0,0	0,0	0,0	10,0	3,0	0,0	0,0	0,0	0,0	0,0	0,0	0,0	0,0	0,0	9,0	0,0
44092	Cuervo (El)	2017	Regadío	2,0	2,0	0,0	0,0	0,0	0,0	0,0	0,0	1,0	0,0	0,0	0,0	0,0	0,0	0,0	0,0	1,0	0,0	0,0	0,0	0,0	0,0	0,0	0,0	0,0
44092	Cuervo (El)	2017	Secano	11,0	11,0	0,0	0,0	0,0	0,0	0,0	0,0	0,0	0,0	0,0	0,0	11,0	0,0	0,0	0,0	0,0	0,0	0,0	0,0	0,0	0,0	0,0	0,0	0,0
44093	Cuevas de Almudén	2017	Regadío	4,0	0,0	0,0	0,0	0,0	0,0	0,0	0,0	0,0	0,0	0,0	0,0	0,0	0,0	0,0	0,0	0,0	0,0	0,0	0,0	0,0	0,0	0,0	4,0	0,0
44093	Cuevas de Almudén	2017	Secano	39,0	0,0	0,0	0,0	0,0	0,0	0,0	0,0	0,0	0,0	0,0	0,0	0,0	0,0	0,0	0,0	0,0	0,0	0,0	0,0	0,0	0,0	0,0	39,0	0,0
44094	Cuevas Labradas	2017	Regadío	0,0	0,0	0,0	0,0	0,0	0,0	0,0	0,0	0,0	0,0	0,0	0,0	0,0	0,0	0,0	0,0	0,0	0,0	0,0	0,0	0,0	0,0	0,0	0,0	0,0
44094	Cuevas Labradas	2017	Secano	26,0	0,0	0,0	0,0	0,0	0,0	0,0	0,0	0,0	0,0	0,0	0,0	0,0	0,0	0,0	0,0	0,0	0,0	0,0	0,0	0,0	0,0	0,0	26,0	0,0
44096	Ejulve	2017	Regadío	0,0	0,0	0,0	0,0	0,0	0,0	0,0	0,0	0,0	0,0	0,0	0,0	0,0	0,0	0,0	0,0	0,0	0,0	0,0	0,0	0,0	0,0	0,0	0,0	0,0
44096	Ejulve	2017	Secano	44,0	5,0	0,0	0,0	0,0	0,0	0,0	0,0	0,0	0,0	0,0	0,0	5,0	0,0	0,0	0,0	0,0	0,0	0,0	0,0	0,0	0,0	0,0	39,0	0,0
44097	Escorihuela	2017	Regadío	0,0	0,0	0,0	0,0	0,0	0,0	0,0	0,0	0,0	0,0	0,0	0,0	0,0	0,0	0,0	0,0	0,0	0,0	0,0	0,0	0,0	0,0	0,0	0,0	0,0
44097	Escorihuela	2017	Secano	35,0	1,0	0,0	0,0	0,0	0,0	0,0	0,0	0,0	0,0	0,0	0,0	1,0	0,0	0,0	0,0	0,0	0,0	0,0	0,0	0,0	0,0	0,0	34,0	0,0
44099	Escucha	2017	Regadío	0,0	0,0	0,0	0,0	0,0	0,0	0,0	0,0	0,0	0,0	0,0	0,0	0,0	0,0	0,0	0,0	0,0	0,0	0,0	0,0	0,0	0,0	0,0	0,0	0,0
44099	Escucha	2017	Secano	2,0	2,0	0,0	0,0	0,0	0,0	0,0	0,0	0,0	0,0	0,0	0,0	2,0	0,0	0,0	0,0	0,0	0,0	0,0	0,0	0,0	0,0	0,0	0,0	0,0
44100	Estercuel	2017	Regadío	0,0	0,0	0,0	0,0	0,0	0,0	0,0	0,0	0,0	0,0	0,0	0,0	0,0	0,0	0,0	0,0	0,0	0,0	0,0	0,0	0,0	0,0	0,0	0,0	0,0
44100	Estercuel	2017	Secano	58,0	20,0	0,0	0,0	0,0	0,0	0,0	0,0	0,0	0,0	0,0	1,0	19,0	0,0	0,0	0,0	0,0	4,0	0,0	4,0	0,0	34,0	34,0	0,0	0,0
44101	Ferreruela de Huerva	2017	Regadío	0,0	0,0	0,0	0,0	0,0	0,0	0,0	0,0	0,0	0,0	0,0	0,0	0,0	0,0	0,0	0,0	0,0	0,0	0,0	0,0	0,0	0,0	0,0	0,0	0,0
44101	Ferreruela de Huerva	2017	Secano	46,0	33,0	0,0	0,0	0,0	0,0	0,0	0,0	0,0	0,0	0,0	0,0	13,0	20,0	0,0	0,0	0,0	0,0	0,0	0,0	0,0	0,0	0,0	13,0	0,0
44102	Fonfría	2017	Regadío	0,0	0,0	0,0	0,0	0,0	0,0	0,0	0,0	0,0	0,0	0,0	0,0	0,0	0,0	0,0	0,0	0,0	0,0	0,0	0,0	0,0	0,0	0,0	0,0	0,0
44102	Fonfría	2017	Secano	13,0	0,0	0,0	0,0	0,0	0,0	0,0	0,0	0,0	0,0	0,0	0,0	0,0	0,0	0,0	0,0	0,0	0,0	0,0	0,0	0,0	0,0	0,0	13,0	0,0
44103	Formiche Alto	2017	Regadío	0,0	0,0	0,0	0,0	0,0	0,0	0,0	0,0	0,0	0,0	0,0	0,0	0,0	0,0	0,0	0,0	0,0	0,0	0,0	0,0	0,0	0,0	0,0	0,0	0,0
44103	Formiche Alto	2017	Secano	112,0	0,0	0,0	0,0	0,0	0,0	0,0	0,0	0,0	0,0	0,0	0,0	0,0	0,0	0,0	0,0	0,0	0,0	0,0	0,0	0,0	0,0	0,0	112,0	0,0
44105	Fórnoles	2017	Regadío	0,0	0,0	0,0	0,0	0,0	0,0	0,0	0,0	0,0	0,0	0,0	0,0	0,0	0,0	0,0	0,0	0,0	0,0	0,0	0,0	0,0	0,0	0,0	0,0	0,0
44105	Fórnoles	2017	Secano	425,0	188,0	0,0	0,0	0,0	0,0	0,0	0,0	0,0	0,0	0,0	0,0	186,0	0,0	1,0	0,0	1,0	11,0	0,0	11,0	0,0	211,0	211,0	15,0	0,0
44106	Fortanete	2017	Regadío											0,0														
44106	Fortanete	2017	Secano											0,0														
44107	Foz-Calanda	2017	Regadío	42,0	27,0	0,0	0,0	0,0	0,0	0,0	18,0	0,0	0,0	0,0	0,0	8,0	0,0	0,0	0,0	1,0	0,0	0,0	0,0	0,0	15,0	15,0	0,0	0,0
44107	Foz-Calanda	2017	Secano	423,0	161,0	0,0	0,0	0,0	0,0	0,0	0,0	0,0	0,0	0,0	0,0	161,0	0,0	0,0	0,0	0,0	10,0	0,0	10,0	0,0	252,0	252,0	0,0	0,0
44108	Fresneda (La)	2017	Regadío	27,0	4,0	0,0	0,0	0,0	0,0	0,0	0,0	0,0	0,0	0,0	0,0	3,0	1,0	0,0	0,0	0,0	1,0	0,0	1,0	0,0	22,0	22,0	0,0	0,0
44108	Fresneda (La)	2017	Secano	1024,0	285,0	0,0	0,0	0,0	0,0	2,0	0,0	0,0	0,0	0,0	0,0	280,0	2,0	0,0	0,0	1,0	13,0	0,0	13,0	0,0	726,0	726,0	0,0	0,0
44109	Frías de Albarracín	2017	Regadío	0,0	0,0	0,0	0,0	0,0	0,0	0,0	0,0	0,0	0,0	0,0	0,0	0,0	0,0	0,0	0,0	0,0	0,0	0,0	0,0	0,0	0,0	0,0	0,0	0,0
44109	Frías de Albarracín	2017	Secano	1,0	0,0	0,0	0,0	0,0	0,0	0,0	0,0	0,0	0,0	0,0	0,0	0,0	0,0	0,0	0,0	0,0	0,0	0,0	0,0	0,0	0,0	0,0	1,0	0,0
44110	Fuenferrada	2017	Regadío	0,0	0,0	0,0	0,0	0,0	0,0	0,0	0,0	0,0	0,0	0,0	0,0	0,0	0,0	0,0	0,0	0,0	0,0	0,0	0,0	0,0	0,0	0,0	0,0	0,0
44110	Fuenferrada	2017	Secano	1,0	1,0	0,0	0,0	0,0	0,0	0,0	0,0	0,0	0,0	0,0	0,0	1,0	0,0	0,0	0,0	0,0	0,0	0,0	0,0	0,0	0,0	0,0	0,0	0,0
44111	Fuentes Calientes	2017	Regadío	0,0	0,0	0,0	0,0	0,0	0,0	0,0	0,0	0,0	0,0	0,0	0,0	0,0	0,0	0,0	0,0	0,0	0,0	0,0	0,0	0,0	0,0	0,0	0,0	0,0
44111	Fuentes Calientes	2017	Secano	10,0	0,0	0,0	0,0	0,0	0,0	0,0	0,0	0,0	0,0	0,0	0,0	0,0	0,0	0,0	0,0	0,0	0,0	0,0	0,0	0,0	0,0	0,0	10,0	0,0
44112	Fuentes Claras	2017	Regadío	0,0	0,0	0,0	0,0	0,0	0,0	0,0	0,0	0,0	0,0	0,0	0,0	0,0	0,0	0,0	0,0	0,0	0,0	0,0	0,0	0,0	0,0	0,0	0,0	0,0
44112	Fuentes Claras	2017	Secano	20,0	5,0	0,0	0,0	0,0	0,0	0,0	0,0	0,0	0,0	0,0	1,0	4,0	0,0	0,0	0,0	0,0	5,0	0,0	5,0	0,0	0,0	0,0	10,0	0,0
44113	Fuentes de Rubielos	2017	Regadío	0,0	0,0	0,0	0,0	0,0	0,0	0,0	0,0	0,0	0,0	0,0	0,0	0,0	0,0	0,0	0,0	0,0	0,0	0,0	0,0	0,0	0,0	0,0	0,0	0,0
44113	Fuentes de Rubielos	2017	Secano	8,0	0,0	0,0	0,0	0,0	0,0	0,0	0,0	0,0	0,0	0,0	0,0	0,0	0,0	0,0	0,0	0,0	0,0	0,0	0,0	0,0	0,0	0,0	8,0	0,0
44114	Fuentespalda	2017	Regadío	9,0	1,0	0,0	0,0	0,0	0,0	0,0	0,0	0,0	0,0	0,0	0,0	1,0	0,0	0,0	0,0	0,0	0,0	0,0	0,0	0,0	8,0	8,0	0,0	0,0
44114	Fuentespalda	2017	Secano	491,0	349,0	1,0	0,0	0,0	0,0	1,0	0,0	0,0	0,0	0,0	0,0	344,0	2,0	0,0	0,0	1,0	30,0	0,0	30,0	0,0	106,0	106,0	6,0	0,0
44115	Galve	2017	Regadío											0,0														
44115	Galve	2017	Secano											0,0														
44116	Gargallo	2017	Regadío	0,0	0,0	0,0	0,0	0,0	0,0	0,0	0,0	0,0	0,0	0,0	0,0	0,0	0,0	0,0	0,0	0,0	0,0	0,0	0,0	0,0	0,0	0,0	0,0	0,0
44116	Gargallo	2017	Secano	32,0	24,0	0,0	0,0	0,0	0,0	1,0	0,0	0,0	0,0	0,0	0,0	23,0	0,0	0,0	0,0	0,0	2,0	0,0	2,0	0,0	6,0	6,0	0,0	0,0
44117	Gea de Albarracín	2017	Regadío	0,0	0,0	0,0	0,0	0,0	0,0	0,0	0,0	0,0	0,0	0,0	0,0	0,0	0,0	0,0	0,0	0,0	0,0	0,0	0,0	0,0	0,0	0,0	0,0	0,0
44117	Gea de Albarracín	2017	Secano	6,0	1,0	0,0	0,0	0,0	0,0	0,0	0,0	0,0	0,0	0,0	0,0	1,0	0,0	0,0	0,0	0,0	1,0	0,0	1,0	0,0	0,0	0,0	4,0	0,0
44118	Ginebrosa (La)	2017	Regadío	27,0	18,0	0,0	0,0	0,0	0,0	0,0	8,0	0,0	0,0	0,0	0,0	8,0	2,0	0,0	0,0	0,0	0,0	0,0	0,0	0,0	3,0	3,0	6,0	0,0
44118	Ginebrosa (La)	2017	Secano	530,0	324,0	0,0	0,0	0,0	0,0	0,0	0,0	0,0	0,0	0,0	8,0	315,0	1,0	0,0	0,0	0,0	24,0	1,0	23,0	0,0	160,0	160,0	22,0	0,0
44119	Griegos	2017	Regadío											0,0														
44119	Griegos	2017	Secano											0,0														
44120	Guadalaviar	2017	Regadío											0,0														
44120	Guadalaviar	2017	Secano											0,0														
44121	Gúdar	2017	Regadío											0,0														
44121	Gúdar	2017	Secano											0,0														
44122	Híjar	2017	Regadío	174,0	87,0	0,0	0,0	0,0	0,0	0,0	22,0	0,0	0,0	0,0	0,0	65,0	0,0	0,0	0,0	0,0	7,0	0,0	7,0	0,0	80,0	80,0	0,0	0,0
44122	Híjar	2017	Secano	509,0	296,0	0,0	0,0	0,0	0,0	0,0	0,0	0,0	0,0	0,0	3,0	293,0	0,0	0,0	0,0	0,0	63,0	0,0	63,0	0,0	147,0	147,0	3,0	0,0
44123	Hinojosa de Jarque	2017	Regadío	0,0	0,0	0,0	0,0	0,0	0,0	0,0	0,0	0,0	0,0	0,0	0,0	0,0	0,0	0,0	0,0	0,0	0,0	0,0	0,0	0,0	0,0	0,0	0,0	0,0
44123	Hinojosa de Jarque	2017	Secano	6,0	0,0	0,0	0,0	0,0	0,0	0,0	0,0	0,0	0,0	0,0	0,0	0,0	0,0	0,0	0,0	0,0	0,0	0,0	0,0	0,0	0,0	0,0	6,0	0,0
44124	Hoz de la Vieja (La)	2017	Regadío	0,0	0,0	0,0	0,0	0,0	0,0	0,0	0,0	0,0	0,0	0,0	0,0	0,0	0,0	0,0	0,0	0,0	0,0	0,0	0,0	0,0	0,0	0,0	0,0	0,0
44124	Hoz de la Vieja (La)	2017	Secano	21,0	0,0	0,0	0,0	0,0	0,0	0,0	0,0	0,0	0,0	0,0	0,0	0,0	0,0	0,0	0,0	0,0	17,0	0,0	17,0	0,0	0,0	0,0	4,0	0,0
44125	Huesa del Común	2017	Regadío	1,0	0,0	0,0	0,0	0,0	0,0	0,0	0,0	0,0	0,0	0,0	0,0	0,0	0,0	0,0	0,0	0,0	1,0	0,0	1,0	0,0	0,0	0,0	0,0	0,0
44125	Huesa del Común	2017	Secano	42,0	30,0	0,0	0,0	0,0	0,0	0,0	0,0	0,0	0,0	0,0	0,0	30,0	0,0	0,0	0,0	0,0	8,0	0,0	8,0	0,0	0,0	0,0	4,0	0,0
44126	Iglesuela del Cid (La)	2017	Regadío	0,0	0,0	0,0	0,0	0,0	0,0	0,0	0,0	0,0	0,0	0,0	0,0	0,0	0,0	0,0	0,0	0,0	0,0	0,0	0,0	0,0	0,0	0,0	0,0	0,0
44126	Iglesuela del Cid (La)	2017	Secano	1,0	0,0	0,0	0,0	0,0	0,0	0,0	0,0	0,0	0,0	0,0	0,0	0,0	0,0	0,0	0,0	0,0	0,0	0,0	0,0	0,0	0,0	0,0	1,0	0,0
44127	Jabaloyas	2017	Regadío											0,0														
44127	Jabaloyas	2017	Secano											0,0														
44128	Jarque de la Val	2017	Regadío	0,0	0,0	0,0	0,0	0,0	0,0	0,0	0,0	0,0	0,0	0,0	0,0	0,0	0,0	0,0	0,0	0,0	0,0	0,0	0,0	0,0	0,0	0,0	0,0	0,0
44128	Jarque de la Val	2017	Secano	7,0	0,0	0,0	0,0	0,0	0,0	0,0	0,0	0,0	0,0	0,0	0,0	0,0	0,0	0,0	0,0	0,0	0,0	0,0	0,0	0,0	0,0	0,0	7,0	0,0
44129	Jatiel	2017	Regadío	14,0	0,0	0,0	0,0	0,0	0,0	0,0	0,0	0,0	0,0	0,0	0,0	0,0	0,0	0,0	0,0	0,0	0,0	0,0	0,0	0,0	14,0	14,0	0,0	0,0
44129	Jatiel	2017	Secano	1,0	0,0	0,0	0,0	0,0	0,0	0,0	0,0	0,0	0,0	0,0	0,0	0,0	0,0	0,0	0,0	0,0	0,0	0,0	0,0	0,0	1,0	1,0	0,0	0,0
44130	Jorcas	2017	Regadío											0,0														
44130	Jorcas	2017	Secano											0,0														
44131	Josa	2017	Regadío	1,0	1,0	0,0	0,0	0,0	0,0	0,0	0,0	0,0	0,0	0,0	0,0	1,0	0,0	0,0	0,0	0,0	0,0	0,0	0,0	0,0	0,0	0,0	0,0	0,0
44131	Josa	2017	Secano	9,0	1,0	0,0	0,0	0,0	0,0	0,0	0,0	0,0	0,0	0,0	0,0	1,0	0,0	0,0	0,0	0,0	8,0	0,0	8,0	0,0	0,0	0,0	0,0	0,0
44132	Lagueruela	2017	Regadío	0,0	0,0	0,0	0,0	0,0	0,0	0,0	0,0	0,0	0,0	0,0	0,0	0,0	0,0	0,0	0,0	0,0	0,0	0,0	0,0	0,0	0,0	0,0	0,0	0,0
44132	Lagueruela	2017	Secano	21,0	0,0	0,0	0,0	0,0	0,0	0,0	0,0	0,0	0,0	0,0	0,0	0,0	0,0	0,0	0,0	0,0	0,0	0,0	0,0	0,0	0,0	0,0	21,0	0,0
44133	Lanzuela	2017	Regadío	0,0	0,0	0,0	0,0	0,0	0,0	0,0	0,0	0,0	0,0	0,0	0,0	0,0	0,0	0,0	0,0	0,0	0,0	0,0	0,0	0,0	0,0	0,0	0,0	0,0
44133	Lanzuela	2017	Secano	3,0	3,0	0,0	0,0	0,0	0,0	0,0	0,0	0,0	0,0	0,0	0,0	3,0	0,0	0,0	0,0	0,0	0,0	0,0	0,0	0,0	0,0	0,0	0,0	0,0
44135	Libros	2017	Regadío	1,0	1,0	0,0	0,0	0,0	0,0	0,0	0,0	0,0	0,0	0,0	0,0	0,0	1,0	0,0	0,0	0,0	0,0	0,0	0,0	0,0	0,0	0,0	0,0	0,0
44135	Libros	2017	Secano	200,0	198,0	0,0	0,0	0,0	0,0	0,0	0,0	0,0	0,0	0,0	0,0	198,0	0,0	0,0	0,0	0,0	0,0	0,0	0,0	0,0	0,0	0,0	2,0	0,0
44136	Lidón	2017	Regadío	0,0	0,0	0,0	0,0	0,0	0,0	0,0	0,0	0,0	0,0	0,0	0,0	0,0	0,0	0,0	0,0	0,0	0,0	0,0	0,0	0,0	0,0	0,0	0,0	0,0
44136	Lidón	2017	Secano	14,0	0,0	0,0	0,0	0,0	0,0	0,0	0,0	0,0	0,0	0,0	0,0	0,0	0,0	0,0	0,0	0,0	0,0	0,0	0,0	0,0	0,0	0,0	14,0	0,0
44137	Linares de Mora	2017	Regadío	0,0	0,0	0,0	0,0	0,0	0,0	0,0	0,0	0,0	0,0	0,0	0,0	0,0	0,0	0,0	0,0	0,0	0,0	0,0	0,0	0,0	0,0	0,0	0,0	0,0
44137	Linares de Mora	2017	Secano	9,0	0,0	0,0	0,0	0,0	0,0	0,0	0,0	0,0	0,0	0,0	0,0	0,0	0,0	0,0	0,0	0,0	0,0	0,0	0,0	0,0	0,0	0,0	9,0	0,0
44138	Loscos	2017	Regadío	8,0	8,0	0,0	0,0	0,0	0,0	0,0	0,0	0,0	0,0	0,0	0,0	0,0	8,0	0,0	0,0	0,0	0,0	0,0	0,0	0,0	0,0	0,0	0,0	0,0
44138	Loscos	2017	Secano	182,0	120,0	0,0	0,0	0,0	0,0	0,0	0,0	0,0	0,0	0,0	0,0	115,0	5,0	0,0	0,0	0,0	0,0	0,0	0,0	0,0	0,0	0,0	62,0	0,0
44141	Lledó	2017	Regadío	16,0	13,0	0,0	0,0	0,0	0,0	0,0	6,0	0,0	0,0	0,0	0,0	1,0	0,0	6,0	0,0	0,0	0,0	0,0	0,0	0,0	3,0	3,0	0,0	0,0
44141	Lledó	2017	Secano	506,0	153,0	0,0	0,0	0,0	0,0	1,0	0,0	0,0	0,0	0,0	0,0	139,0	0,0	13,0	0,0	0,0	44,0	0,0	44,0	0,0	309,0	309,0	0,0	0,0
44142	Maicas	2017	Regadío											0,0														
44142	Maicas	2017	Secano											0,0														
44143	Manzanera	2017	Regadío	7,0	1,0	0,0	0,0	0,0	0,0	0,0	0,0	0,0	0,0	0,0	0,0	0,0	0,0	0,0	0,0	1,0	0,0	0,0	0,0	0,0	0,0	0,0	6,0	0,0
44143	Manzanera	2017	Secano	360,0	10,0	0,0	0,0	0,0	0,0	2,0	0,0	0,0	0,0	0,0	0,0	8,0	0,0	0,0	0,0	0,0	0,0	0,0	0,0	0,0	0,0	0,0	350,0	0,0
44144	Martín del Río	2017	Regadío	0,0	0,0	0,0	0,0	0,0	0,0	0,0	0,0	0,0	0,0	0,0	0,0	0,0	0,0	0,0	0,0	0,0	0,0	0,0	0,0	0,0	0,0	0,0	0,0	0,0
44144	Martín del Río	2017	Secano	11,0	6,0	0,0	0,0	0,0	0,0	0,0	0,0	0,0	0,0	0,0	0,0	6,0	0,0	0,0	0,0	0,0	0,0	0,0	0,0	0,0	0,0	0,0	5,0	0,0
44145	Mas de las Matas	2017	Regadío	15,0	15,0	0,0	0,0	0,0	0,0	0,0	2,0	0,0	0,0	0,0	0,0	9,0	4,0	0,0	0,0	0,0	0,0	0,0	0,0	0,0	0,0	0,0	0,0	0,0
44145	Mas de las Matas	2017	Secano	158,0	66,0	0,0	0,0	0,0	0,0	0,0	1,0	0,0	0,0	0,0	0,0	65,0	0,0	0,0	0,0	0,0	20,0	0,0	20,0	0,0	71,0	71,0	1,0	0,0
44146	Mata de los Olmos (La)	2017	Regadío	0,0	0,0	0,0	0,0	0,0	0,0	0,0	0,0	0,0	0,0	0,0	0,0	0,0	0,0	0,0	0,0	0,0	0,0	0,0	0,0	0,0	0,0	0,0	0,0	0,0
44146	Mata de los Olmos (La)	2017	Secano	54,0	52,0	0,0	0,0	0,0	0,0	0,0	0,0	0,0	0,0	0,0	0,0	52,0	0,0	0,0	0,0	0,0	0,0	0,0	0,0	0,0	2,0	2,0	0,0	0,0
44147	Mazaleón	2017	Regadío	219,0	150,0	0,0	0,0	0,0	0,0	0,0	112,0	1,0	0,0	0,0	0,0	36,0	0,0	0,0	0,0	1,0	1,0	0,0	1,0	0,0	68,0	68,0	0,0	0,0
44147	Mazaleón	2017	Secano	3149,0	1640,0	0,0	0,0	0,0	0,0	1,0	11,0	1,0	0,0	0,0	0,0	1625,0	0,0	0,0	0,0	2,0	71,0	0,0	71,0	0,0	1438,0	1438,0	0,0	0,0
44148	Mezquita de Jarque	2017	Regadío	0,0	0,0	0,0	0,0	0,0	0,0	0,0	0,0	0,0	0,0	0,0	0,0	0,0	0,0	0,0	0,0	0,0	0,0	0,0	0,0	0,0	0,0	0,0	0,0	0,0
44148	Mezquita de Jarque	2017	Secano	14,0	0,0	0,0	0,0	0,0	0,0	0,0	0,0	0,0	0,0	0,0	0,0	0,0	0,0	0,0	0,0	0,0	0,0	0,0	0,0	0,0	0,0	0,0	14,0	0,0
44149	Mirambel	2017	Regadío	0,0	0,0	0,0	0,0	0,0	0,0	0,0	0,0	0,0	0,0	0,0	0,0	0,0	0,0	0,0	0,0	0,0	0,0	0,0	0,0	0,0	0,0	0,0	0,0	0,0
44149	Mirambel	2017	Secano	6,0	5,0	0,0	0,0	0,0	0,0	0,0	0,0	0,0	0,0	0,0	0,0	5,0	0,0	0,0	0,0	0,0	1,0	0,0	1,0	0,0	0,0	0,0	0,0	0,0
44150	Miravete de la Sierra	2017	Regadío	0,0	0,0	0,0	0,0	0,0	0,0	0,0	0,0	0,0	0,0	0,0	0,0	0,0	0,0	0,0	0,0	0,0	0,0	0,0	0,0	0,0	0,0	0,0	0,0	0,0
44150	Miravete de la Sierra	2017	Secano	1,0	0,0	0,0	0,0	0,0	0,0	0,0	0,0	0,0	0,0	0,0	0,0	0,0	0,0	0,0	0,0	0,0	0,0	0,0	0,0	0,0	0,0	0,0	1,0	0,0
44151	Molinos	2017	Regadío	20,0	3,0	0,0	0,0	0,0	0,0	0,0	0,0	0,0	0,0	0,0	0,0	3,0	0,0	0,0	0,0	0,0	0,0	0,0	0,0	0,0	17,0	17,0	0,0	0,0
44151	Molinos	2017	Secano	167,0	97,0	0,0	0,0	0,0	0,0	0,0	0,0	0,0	0,0	0,0	0,0	97,0	0,0	0,0	0,0	0,0	0,0	0,0	0,0	0,0	50,0	50,0	20,0	0,0
44152	Monforte de Moyuela	2017	Regadío	0,0	0,0	0,0	0,0	0,0	0,0	0,0	0,0	0,0	0,0	0,0	0,0	0,0	0,0	0,0	0,0	0,0	0,0	0,0	0,0	0,0	0,0	0,0	0,0	0,0
44152	Monforte de Moyuela	2017	Secano	70,0	70,0	0,0	0,0	0,0	0,0	0,0	0,0	0,0	0,0	0,0	0,0	70,0	0,0	0,0	0,0	0,0	0,0	0,0	0,0	0,0	0,0	0,0	0,0	0,0
44153	Monreal del Campo	2017	Regadío	9,0	0,0	0,0	0,0	0,0	0,0	0,0	0,0	0,0	0,0	0,0	0,0	0,0	0,0	0,0	0,0	0,0	0,0	0,0	0,0	0,0	0,0	0,0	9,0	0,0
44153	Monreal del Campo	2017	Secano	22,0	8,0	0,0	0,0	0,0	0,0	0,0	0,0	0,0	0,0	0,0	0,0	8,0	0,0	0,0	0,0	0,0	0,0	0,0	0,0	0,0	0,0	0,0	14,0	0,0
44154	Monroyo	2017	Regadío	1,0	1,0	0,0	0,0	0,0	0,0	1,0	0,0	0,0	0,0	0,0	0,0	0,0	0,0	0,0	0,0	0,0	0,0	0,0	0,0	0,0	0,0	0,0	0,0	0,0
44154	Monroyo	2017	Secano	392,0	154,0	0,0	0,0	0,0	0,0	3,0	0,0	0,0	0,0	0,0	0,0	147,0	0,0	0,0	0,0	4,0	39,0	0,0	39,0	0,0	18,0	18,0	181,0	0,0
44155	Montalbán	2017	Regadío	5,0	5,0	0,0	0,0	0,0	0,0	0,0	0,0	0,0	0,0	0,0	0,0	0,0	5,0	0,0	0,0	0,0	0,0	0,0	0,0	0,0	0,0	0,0	0,0	0,0
44155	Montalbán	2017	Secano	26,0	5,0	0,0	0,0	0,0	0,0	0,0	0,0	0,0	0,0	0,0	0,0	1,0	4,0	0,0	0,0	0,0	18,0	0,0	18,0	0,0	0,0	0,0	3,0	0,0
44156	Monteagudo del Castillo	2017	Regadío											0,0														
44156	Monteagudo del Castillo	2017	Secano											0,0														
44157	Monterde de Albarracín	2017	Regadío	0,0	0,0	0,0	0,0	0,0	0,0	0,0	0,0	0,0	0,0	0,0	0,0	0,0	0,0	0,0	0,0	0,0	0,0	0,0	0,0	0,0	0,0	0,0	0,0	0,0
44157	Monterde de Albarracín	2017	Secano	2,0	0,0	0,0	0,0	0,0	0,0	0,0	0,0	0,0	0,0	0,0	0,0	0,0	0,0	0,0	0,0	0,0	0,0	0,0	0,0	0,0	0,0	0,0	2,0	0,0
44158	Mora de Rubielos	2017	Regadío	9,0	7,0	0,0	0,0	0,0	0,0	6,0	0,0	0,0	0,0	0,0	0,0	1,0	0,0	0,0	0,0	0,0	0,0	0,0	0,0	0,0	0,0	0,0	2,0	0,0
44158	Mora de Rubielos	2017	Secano	227,0	62,0	0,0	0,0	0,0	0,0	12,0	0,0	0,0	0,0	0,0	0,0	46,0	3,0	0,0	0,0	1,0	0,0	0,0	0,0	0,0	0,0	0,0	165,0	0,0
44159	Moscardón	2017	Regadío											0,0														
44159	Moscardón	2017	Secano											0,0														
44160	Mosqueruela	2017	Regadío	0,0	0,0	0,0	0,0	0,0	0,0	0,0	0,0	0,0	0,0	0,0	0,0	0,0	0,0	0,0	0,0	0,0	0,0	0,0	0,0	0,0	0,0	0,0	0,0	0,0
44160	Mosqueruela	2017	Secano	76,0	0,0	0,0	0,0	0,0	0,0	0,0	0,0	0,0	0,0	0,0	0,0	0,0	0,0	0,0	0,0	0,0	0,0	0,0	0,0	0,0	0,0	0,0	76,0	0,0
44161	Muniesa	2017	Regadío	4,0	0,0	0,0	0,0	0,0	0,0	0,0	0,0	0,0	0,0	0,0	0,0	0,0	0,0	0,0	0,0	0,0	3,0	0,0	3,0	0,0	1,0	1,0	0,0	0,0
44161	Muniesa	2017	Secano	580,0	374,0	0,0	0,0	0,0	0,0	0,0	0,0	0,0	0,0	0,0	10,0	363,0	0,0	0,0	0,0	1,0	103,0	1,0	102,0	0,0	42,0	42,0	61,0	0,0
44163	Noguera de Albarracín	2017	Regadío											0,0														
44163	Noguera de Albarracín	2017	Secano											0,0														
44164	Nogueras	2017	Regadío	0,0	0,0	0,0	0,0	0,0	0,0	0,0	0,0	0,0	0,0	0,0	0,0	0,0	0,0	0,0	0,0	0,0	0,0	0,0	0,0	0,0	0,0	0,0	0,0	0,0
44164	Nogueras	2017	Secano	15,0	15,0	0,0	0,0	0,0	0,0	0,0	0,0	0,0	0,0	0,0	0,0	15,0	0,0	0,0	0,0	0,0	0,0	0,0	0,0	0,0	0,0	0,0	0,0	0,0
44165	Nogueruelas	2017	Regadío	15,0	0,0	0,0	0,0	0,0	0,0	0,0	0,0	0,0	0,0	0,0	0,0	0,0	0,0	0,0	0,0	0,0	0,0	0,0	0,0	0,0	0,0	0,0	15,0	0,0
44165	Nogueruelas	2017	Secano	17,0	0,0	0,0	0,0	0,0	0,0	0,0	0,0	0,0	0,0	0,0	0,0	0,0	0,0	0,0	0,0	0,0	0,0	0,0	0,0	0,0	0,0	0,0	17,0	0,0
44167	Obón	2017	Regadío	0,0	0,0	0,0	0,0	0,0	0,0	0,0	0,0	0,0	0,0	0,0	0,0	0,0	0,0	0,0	0,0	0,0	0,0	0,0	0,0	0,0	0,0	0,0	0,0	0,0
44167	Obón	2017	Secano	50,0	24,0	0,0	0,0	0,0	0,0	0,0	0,0	0,0	0,0	0,0	0,0	24,0	0,0	0,0	0,0	0,0	8,0	0,0	8,0	0,0	14,0	14,0	4,0	0,0
44168	Odón	2017	Regadío	0,0	0,0	0,0	0,0	0,0	0,0	0,0	0,0	0,0	0,0	0,0	0,0	0,0	0,0	0,0	0,0	0,0	0,0	0,0	0,0	0,0	0,0	0,0	0,0	0,0
44168	Odón	2017	Secano	26,0	6,0	0,0	0,0	0,0	0,0	0,0	0,0	0,0	0,0	0,0	0,0	6,0	0,0	0,0	0,0	0,0	0,0	0,0	0,0	0,0	0,0	0,0	20,0	0,0
44169	Ojos Negros	2017	Regadío	0,0	0,0	0,0	0,0	0,0	0,0	0,0	0,0	0,0	0,0	0,0	0,0	0,0	0,0	0,0	0,0	0,0	0,0	0,0	0,0	0,0	0,0	0,0	0,0	0,0
44169	Ojos Negros	2017	Secano	51,0	9,0	0,0	0,0	0,0	0,0	0,0	0,0	0,0	0,0	0,0	8,0	1,0	0,0	0,0	0,0	0,0	0,0	0,0	0,0	0,0	0,0	0,0	42,0	0,0
44171	Olba	2017	Regadío	1,0	1,0	0,0	0,0	0,0	0,0	1,0	0,0	0,0	0,0	0,0	0,0	0,0	0,0	0,0	0,0	0,0	0,0	0,0	0,0	0,0	0,0	0,0	0,0	0,0
44171	Olba	2017	Secano	3,0	3,0	0,0	0,0	0,0	0,0	0,0	0,0	0,0	0,0	0,0	0,0	3,0	0,0	0,0	0,0	0,0	0,0	0,0	0,0	0,0	0,0	0,0	0,0	0,0
44172	Oliete	2017	Regadío	27,0	3,0	0,0	0,0	0,0	0,0	1,0	0,0	0,0	0,0	0,0	0,0	1,0	1,0	0,0	0,0	0,0	0,0	0,0	0,0	0,0	24,0	24,0	0,0	0,0
44172	Oliete	2017	Secano	270,0	18,0	0,0	0,0	0,0	0,0	0,0	0,0	0,0	0,0	0,0	0,0	17,0	1,0	0,0	0,0	0,0	15,0	0,0	15,0	0,0	237,0	237,0	0,0	0,0
44173	Olmos (Los)	2017	Regadío	6,0	0,0	0,0	0,0	0,0	0,0	0,0	0,0	0,0	0,0	0,0	0,0	0,0	0,0	0,0	0,0	0,0	0,0	0,0	0,0	0,0	6,0	6,0	0,0	0,0
44173	Olmos (Los)	2017	Secano	383,0	220,0	0,0	0,0	0,0	0,0	0,0	0,0	0,0	0,0	0,0	0,0	220,0	0,0	0,0	0,0	0,0	5,0	0,0	5,0	0,0	148,0	148,0	10,0	0,0
44174	Orihuela del Tremedal	2017	Regadío											0,0														
44174	Orihuela del Tremedal	2017	Secano											0,0														
44175	Orrios	2017	Regadío	0,0	0,0	0,0	0,0	0,0	0,0	0,0	0,0	0,0	0,0	0,0	0,0	0,0	0,0	0,0	0,0	0,0	0,0	0,0	0,0	0,0	0,0	0,0	0,0	0,0
44175	Orrios	2017	Secano	30,0	0,0	0,0	0,0	0,0	0,0	0,0	0,0	0,0	0,0	0,0	0,0	0,0	0,0	0,0	0,0	0,0	0,0	0,0	0,0	0,0	0,0	0,0	30,0	0,0
44176	Palomar de Arroyos	2017	Regadío	0,0	0,0	0,0	0,0	0,0	0,0	0,0	0,0	0,0	0,0	0,0	0,0	0,0	0,0	0,0	0,0	0,0	0,0	0,0	0,0	0,0	0,0	0,0	0,0	0,0
44176	Palomar de Arroyos	2017	Secano	2,0	2,0	0,0	0,0	0,0	0,0	0,0	0,0	0,0	0,0	0,0	0,0	2,0	0,0	0,0	0,0	0,0	0,0	0,0	0,0	0,0	0,0	0,0	0,0	0,0
44177	Pancrudo	2017	Regadío	0,0	0,0	0,0	0,0	0,0	0,0	0,0	0,0	0,0	0,0	0,0	0,0	0,0	0,0	0,0	0,0	0,0	0,0	0,0	0,0	0,0	0,0	0,0	0,0	0,0
44177	Pancrudo	2017	Secano	18,0	0,0	0,0	0,0	0,0	0,0	0,0	0,0	0,0	0,0	0,0	0,0	0,0	0,0	0,0	0,0	0,0	0,0	0,0	0,0	0,0	0,0	0,0	18,0	0,0
44178	Parras de Castellote (Las)	2017	Regadío	2,0	0,0	0,0	0,0	0,0	0,0	0,0	0,0	0,0	0,0	0,0	0,0	0,0	0,0	0,0	0,0	0,0	0,0	0,0	0,0	0,0	2,0	2,0	0,0	0,0
44178	Parras de Castellote (Las)	2017	Secano	144,0	65,0	0,0	0,0	0,0	0,0	0,0	0,0	0,0	0,0	0,0	0,0	64,0	1,0	0,0	0,0	0,0	3,0	0,0	3,0	0,0	69,0	69,0	7,0	0,0
44179	Peñarroya de Tastavins	2017	Regadío	0,0	0,0	0,0	0,0	0,0	0,0	0,0	0,0	0,0	0,0	0,0	0,0	0,0	0,0	0,0	0,0	0,0	0,0	0,0	0,0	0,0	0,0	0,0	0,0	0,0
44179	Peñarroya de Tastavins	2017	Secano	205,0	113,0	0,0	0,0	0,0	0,0	0,0	0,0	0,0	0,0	0,0	0,0	111,0	0,0	0,0	0,0	2,0	10,0	0,0	10,0	0,0	77,0	77,0	5,0	0,0
44180	Peracense	2017	Regadío	0,0	0,0	0,0	0,0	0,0	0,0	0,0	0,0	0,0	0,0	0,0	0,0	0,0	0,0	0,0	0,0	0,0	0,0	0,0	0,0	0,0	0,0	0,0	0,0	0,0
44180	Peracense	2017	Secano	37,0	2,0	0,0	0,0	0,0	0,0	0,0	0,0	0,0	0,0	0,0	0,0	2,0	0,0	0,0	0,0	0,0	0,0	0,0	0,0	0,0	0,0	0,0	35,0	0,0
44181	Peralejos	2017	Regadío	2,0	1,0	0,0	0,0	0,0	0,0	0,0	0,0	0,0	0,0	0,0	0,0	0,0	1,0	0,0	0,0	0,0	0,0	0,0	0,0	0,0	0,0	0,0	1,0	0,0
44181	Peralejos	2017	Secano	19,0	3,0	0,0	0,0	0,0	0,0	0,0	0,0	0,0	0,0	0,0	0,0	3,0	0,0	0,0	0,0	0,0	0,0	0,0	0,0	0,0	0,0	0,0	16,0	0,0
44182	Perales del Alfambra	2017	Regadío	0,0	0,0	0,0	0,0	0,0	0,0	0,0	0,0	0,0	0,0	0,0	0,0	0,0	0,0	0,0	0,0	0,0	0,0	0,0	0,0	0,0	0,0	0,0	0,0	0,0
44182	Perales del Alfambra	2017	Secano	105,0	0,0	0,0	0,0	0,0	0,0	0,0	0,0	0,0	0,0	0,0	0,0	0,0	0,0	0,0	0,0	0,0	0,0	0,0	0,0	0,0	0,0	0,0	105,0	0,0
44183	Pitarque	2017	Regadío											0,0														
44183	Pitarque	2017	Secano											0,0														
44184	Plou	2017	Regadío	0,0	0,0	0,0	0,0	0,0	0,0	0,0	0,0	0,0	0,0	0,0	0,0	0,0	0,0	0,0	0,0	0,0	0,0	0,0	0,0	0,0	0,0	0,0	0,0	0,0
44184	Plou	2017	Secano	141,0	112,0	0,0	0,0	0,0	0,0	0,0	0,0	0,0	0,0	0,0	0,0	112,0	0,0	0,0	0,0	0,0	26,0	0,0	26,0	0,0	2,0	2,0	1,0	0,0
44185	Pobo (El)	2017	Regadío	0,0	0,0	0,0	0,0	0,0	0,0	0,0	0,0	0,0	0,0	0,0	0,0	0,0	0,0	0,0	0,0	0,0	0,0	0,0	0,0	0,0	0,0	0,0	0,0	0,0
44185	Pobo (El)	2017	Secano	38,0	0,0	0,0	0,0	0,0	0,0	0,0	0,0	0,0	0,0	0,0	0,0	0,0	0,0	0,0	0,0	0,0	0,0	0,0	0,0	0,0	0,0	0,0	38,0	0,0
44187	Portellada (La)	2017	Regadío	7,0	2,0	0,0	0,0	0,0	0,0	1,0	0,0	0,0	0,0	0,0	0,0	1,0	0,0	0,0	0,0	0,0	0,0	0,0	0,0	0,0	5,0	5,0	0,0	0,0
44187	Portellada (La)	2017	Secano	649,0	210,0	0,0	0,0	0,0	0,0	2,0	0,0	0,0	0,0	0,0	0,0	204,0	2,0	0,0	0,0	2,0	9,0	0,0	9,0	0,0	425,0	425,0	5,0	0,0
44189	Pozondón	2017	Regadío											0,0														
44189	Pozondón	2017	Secano											0,0														
44190	Pozuel del Campo	2017	Regadío	0,0	0,0	0,0	0,0	0,0	0,0	0,0	0,0	0,0	0,0	0,0	0,0	0,0	0,0	0,0	0,0	0,0	0,0	0,0	0,0	0,0	0,0	0,0	0,0	0,0
44190	Pozuel del Campo	2017	Secano	13,0	9,0	0,0	0,0	0,0	0,0	0,0	0,0	0,0	0,0	0,0	0,0	9,0	0,0	0,0	0,0	0,0	0,0	0,0	0,0	0,0	0,0	0,0	4,0	0,0
44191	Puebla de Híjar (La)	2017	Regadío	121,0	19,0	0,0	0,0	0,0	0,0	0,0	1,0	0,0	0,0	0,0	1,0	17,0	0,0	0,0	0,0	0,0	0,0	0,0	0,0	0,0	102,0	102,0	0,0	0,0
44191	Puebla de Híjar (La)	2017	Secano	59,0	25,0	0,0	0,0	0,0	0,0	1,0	0,0	0,0	0,0	0,0	0,0	24,0	0,0	0,0	0,0	0,0	0,0	0,0	0,0	0,0	34,0	34,0	0,0	0,0
44192	Puebla de Valverde (La)	2017	Regadío	120,0	5,0	0,0	0,0	0,0	0,0	2,0	0,0	0,0	0,0	0,0	0,0	2,0	0,0	0,0	0,0	1,0	0,0	0,0	0,0	0,0	0,0	0,0	115,0	0,0
44192	Puebla de Valverde (La)	2017	Secano	710,0	59,0	0,0	0,0	0,0	0,0	2,0	0,0	0,0	0,0	0,0	0,0	56,0	0,0	0,0	0,0	1,0	0,0	0,0	0,0	0,0	0,0	0,0	651,0	0,0
44193	Puertomingalvo	2017	Regadío	0,0	0,0	0,0	0,0	0,0	0,0	0,0	0,0	0,0	0,0	0,0	0,0	0,0	0,0	0,0	0,0	0,0	0,0	0,0	0,0	0,0	0,0	0,0	0,0	0,0
44193	Puertomingalvo	2017	Secano	11,0	0,0	0,0	0,0	0,0	0,0	0,0	0,0	0,0	0,0	0,0	0,0	0,0	0,0	0,0	0,0	0,0	0,0	0,0	0,0	0,0	0,0	0,0	11,0	0,0
44194	Ráfales	2017	Regadío	18,0	1,0	0,0	0,0	0,0	0,0	0,0	0,0	0,0	0,0	0,0	0,0	1,0	0,0	0,0	0,0	0,0	0,0	0,0	0,0	0,0	17,0	17,0	0,0	0,0
44194	Ráfales	2017	Secano	500,0	263,0	0,0	0,0	0,0	0,0	1,0	0,0	0,0	0,0	0,0	0,0	260,0	0,0	0,0	0,0	2,0	27,0	0,0	27,0	0,0	182,0	182,0	28,0	0,0
44195	Rillo	2017	Regadío	0,0	0,0	0,0	0,0	0,0	0,0	0,0	0,0	0,0	0,0	0,0	0,0	0,0	0,0	0,0	0,0	0,0	0,0	0,0	0,0	0,0	0,0	0,0	0,0	0,0
44195	Rillo	2017	Secano	2,0	0,0	0,0	0,0	0,0	0,0	0,0	0,0	0,0	0,0	0,0	0,0	0,0	0,0	0,0	0,0	0,0	0,0	0,0	0,0	0,0	0,0	0,0	2,0	0,0
44196	Riodeva	2017	Regadío	0,0	0,0	0,0	0,0	0,0	0,0	0,0	0,0	0,0	0,0	0,0	0,0	0,0	0,0	0,0	0,0	0,0	0,0	0,0	0,0	0,0	0,0	0,0	0,0	0,0
44196	Riodeva	2017	Secano	53,0	49,0	0,0	0,0	0,0	0,0	0,0	0,0	0,0	0,0	0,0	0,0	49,0	0,0	0,0	0,0	0,0	4,0	0,0	4,0	0,0	0,0	0,0	0,0	0,0
44197	Ródenas	2017	Regadío	0,0	0,0	0,0	0,0	0,0	0,0	0,0	0,0	0,0	0,0	0,0	0,0	0,0	0,0	0,0	0,0	0,0	0,0	0,0	0,0	0,0	0,0	0,0	0,0	0,0
44197	Ródenas	2017	Secano	1,0	0,0	0,0	0,0	0,0	0,0	0,0	0,0	0,0	0,0	0,0	0,0	0,0	0,0	0,0	0,0	0,0	0,0	0,0	0,0	0,0	0,0	0,0	1,0	0,0
44198	Royuela	2017	Regadío											0,0														
44198	Royuela	2017	Secano											0,0														
44199	Rubiales	2017	Regadío	0,0	0,0	0,0	0,0	0,0	0,0	0,0	0,0	0,0	0,0	0,0	0,0	0,0	0,0	0,0	0,0	0,0	0,0	0,0	0,0	0,0	0,0	0,0	0,0	0,0
44199	Rubiales	2017	Secano	2,0	0,0	0,0	0,0	0,0	0,0	0,0	0,0	0,0	0,0	0,0	0,0	0,0	0,0	0,0	0,0	0,0	0,0	0,0	0,0	0,0	0,0	0,0	2,0	0,0
44200	Rubielos de la Cérida	2017	Regadío	0,0	0,0	0,0	0,0	0,0	0,0	0,0	0,0	0,0	0,0	0,0	0,0	0,0	0,0	0,0	0,0	0,0	0,0	0,0	0,0	0,0	0,0	0,0	0,0	0,0
44200	Rubielos de la Cérida	2017	Secano	7,0	0,0	0,0	0,0	0,0	0,0	0,0	0,0	0,0	0,0	0,0	0,0	0,0	0,0	0,0	0,0	0,0	0,0	0,0	0,0	0,0	0,0	0,0	7,0	0,0
44201	Rubielos de Mora	2017	Regadío	4,0	2,0	0,0	0,0	0,0	0,0	0,0	0,0	0,0	0,0	0,0	0,0	2,0	0,0	0,0	0,0	0,0	1,0	0,0	1,0	0,0	0,0	0,0	1,0	0,0
44201	Rubielos de Mora	2017	Secano	20,0	12,0	0,0	0,0	0,0	0,0	3,0	0,0	0,0	0,0	0,0	0,0	9,0	0,0	0,0	0,0	0,0	0,0	0,0	0,0	0,0	0,0	0,0	8,0	0,0
44203	Salcedillo	2017	Regadío											0,0														
44203	Salcedillo	2017	Secano											0,0														
44204	Saldón	2017	Regadío	0,0	0,0	0,0	0,0	0,0	0,0	0,0	0,0	0,0	0,0	0,0	0,0	0,0	0,0	0,0	0,0	0,0	0,0	0,0	0,0	0,0	0,0	0,0	0,0	0,0
44204	Saldón	2017	Secano	3,0	0,0	0,0	0,0	0,0	0,0	0,0	0,0	0,0	0,0	0,0	0,0	0,0	0,0	0,0	0,0	0,0	0,0	0,0	0,0	0,0	0,0	0,0	3,0	0,0
44205	Samper de Calanda	2017	Regadío	104,0	0,0	0,0	0,0	0,0	0,0	0,0	0,0	0,0	0,0	0,0	0,0	0,0	0,0	0,0	0,0	0,0	8,0	0,0	8,0	0,0	96,0	96,0	0,0	0,0
44205	Samper de Calanda	2017	Secano	333,0	103,0	0,0	0,0	0,0	0,0	0,0	0,0	0,0	0,0	0,0	0,0	103,0	0,0	0,0	0,0	0,0	61,0	0,0	61,0	0,0	169,0	169,0	0,0	0,0
44206	San Agustín	2017	Regadío	0,0	0,0	0,0	0,0	0,0	0,0	0,0	0,0	0,0	0,0	0,0	0,0	0,0	0,0	0,0	0,0	0,0	0,0	0,0	0,0	0,0	0,0	0,0	0,0	0,0
44206	San Agustín	2017	Secano	201,0	50,0	0,0	0,0	0,0	0,0	4,0	0,0	0,0	0,0	0,0	0,0	45,0	0,0	0,0	0,0	1,0	1,0	0,0	1,0	0,0	0,0	0,0	150,0	0,0
44207	San Martín del Río	2017	Regadío	4,0	4,0	0,0	0,0	0,0	0,0	3,0	0,0	0,0	0,0	0,0	0,0	0,0	0,0	0,0	0,0	1,0	0,0	0,0	0,0	0,0	0,0	0,0	0,0	0,0
44207	San Martín del Río	2017	Secano	178,0	62,0	0,0	0,0	0,0	0,0	9,0	0,0	0,0	0,0	0,0	0,0	53,0	0,0	0,0	0,0	0,0	116,0	1,0	115,0	0,0	0,0	0,0	0,0	0,0
44208	Santa Cruz de Nogueras	2017	Regadío	0,0	0,0	0,0	0,0	0,0	0,0	0,0	0,0	0,0	0,0	0,0	0,0	0,0	0,0	0,0	0,0	0,0	0,0	0,0	0,0	0,0	0,0	0,0	0,0	0,0
44208	Santa Cruz de Nogueras	2017	Secano	22,0	22,0	0,0	0,0	0,0	0,0	0,0	0,0	0,0	0,0	0,0	0,0	22,0	0,0	0,0	0,0	0,0	0,0	0,0	0,0	0,0	0,0	0,0	0,0	0,0
44209	Santa Eulalia	2017	Regadío	1,0	0,0	0,0	0,0	0,0	0,0	0,0	0,0	0,0	0,0	0,0	0,0	0,0	0,0	0,0	0,0	0,0	0,0	0,0	0,0	0,0	0,0	0,0	1,0	0,0
44209	Santa Eulalia	2017	Secano	50,0	11,0	0,0	0,0	0,0	0,0	0,0	0,0	0,0	0,0	0,0	0,0	0,0	0,0	0,0	0,0	11,0	0,0	0,0	0,0	0,0	0,0	0,0	39,0	0,0
44210	Sarrión	2017	Regadío	430,0	0,0	0,0	0,0	0,0	0,0	0,0	0,0	0,0	0,0	0,0	0,0	0,0	0,0	0,0	0,0	0,0	0,0	0,0	0,0	0,0	0,0	0,0	430,0	0,0
44210	Sarrión	2017	Secano	1368,0	152,0	0,0	0,0	0,0	0,0	4,0	0,0	0,0	0,0	0,0	0,0	136,0	0,0	0,0	0,0	12,0	2,0	0,0	2,0	0,0	0,0	0,0	1214,0	0,0
44211	Segura de los Baños	2017	Regadío	0,0	0,0	0,0	0,0	0,0	0,0	0,0	0,0	0,0	0,0	0,0	0,0	0,0	0,0	0,0	0,0	0,0	0,0	0,0	0,0	0,0	0,0	0,0	0,0	0,0
44211	Segura de los Baños	2017	Secano	13,0	3,0	0,0	0,0	0,0	0,0	0,0	0,0	0,0	0,0	0,0	0,0	3,0	0,0	0,0	0,0	0,0	0,0	0,0	0,0	0,0	0,0	0,0	10,0	0,0
44212	Seno	2017	Regadío	5,0	0,0	0,0	0,0	0,0	0,0	0,0	0,0	0,0	0,0	0,0	0,0	0,0	0,0	0,0	0,0	0,0	0,0	0,0	0,0	0,0	5,0	5,0	0,0	0,0
44212	Seno	2017	Secano	39,0	26,0	0,0	0,0	0,0	0,0	0,0	0,0	0,0	0,0	0,0	0,0	26,0	0,0	0,0	0,0	0,0	1,0	0,0	1,0	0,0	11,0	11,0	1,0	0,0
44213	Singra	2017	Regadío	7,0	0,0	0,0	0,0	0,0	0,0	0,0	0,0	0,0	0,0	0,0	0,0	0,0	0,0	0,0	0,0	0,0	0,0	0,0	0,0	0,0	0,0	0,0	7,0	0,0
44213	Singra	2017	Secano	3,0	0,0	0,0	0,0	0,0	0,0	0,0	0,0	0,0	0,0	0,0	0,0	0,0	0,0	0,0	0,0	0,0	0,0	0,0	0,0	0,0	0,0	0,0	3,0	0,0
44215	Terriente	2017	Regadío											0,0														
44215	Terriente	2017	Secano											0,0														
44216	Teruel	2017	Regadío	11,0	0,0	0,0	0,0	0,0	0,0	0,0	0,0	0,0	0,0	0,0	0,0	0,0	0,0	0,0	0,0	0,0	0,0	0,0	0,0	0,0	0,0	0,0	11,0	0,0
44216	Teruel	2017	Secano	168,0	53,0	1,0	0,0	0,0	0,0	0,0	0,0	0,0	0,0	0,0	2,0	45,0	5,0	0,0	0,0	0,0	0,0	0,0	0,0	0,0	0,0	0,0	115,0	0,0
44217	Toril y Masegoso	2017	Regadío											0,0														
44217	Toril y Masegoso	2017	Secano											0,0														
44218	Tormón	2017	Regadío											0,0														
44218	Tormón	2017	Secano											0,0														
44219	Tornos	2017	Regadío	0,0	0,0	0,0	0,0	0,0	0,0	0,0	0,0	0,0	0,0	0,0	0,0	0,0	0,0	0,0	0,0	0,0	0,0	0,0	0,0	0,0	0,0	0,0	0,0	0,0
44219	Tornos	2017	Secano	1,0	1,0	0,0	0,0	0,0	0,0	0,0	0,0	0,0	0,0	0,0	0,0	1,0	0,0	0,0	0,0	0,0	0,0	0,0	0,0	0,0	0,0	0,0	0,0	0,0
44220	Torralba de los Sisones	2017	Regadío											0,0														
44220	Torralba de los Sisones	2017	Secano											0,0														
44221	Torrecilla de Alcañiz	2017	Regadío	29,0	0,0	0,0	0,0	0,0	0,0	0,0	0,0	0,0	0,0	0,0	0,0	0,0	0,0	0,0	0,0	0,0	0,0	0,0	0,0	0,0	29,0	29,0	0,0	0,0
44221	Torrecilla de Alcañiz	2017	Secano	961,0	412,0	0,0	0,0	0,0	0,0	0,0	0,0	0,0	0,0	0,0	0,0	412,0	0,0	0,0	0,0	0,0	12,0	0,0	12,0	0,0	537,0	537,0	0,0	0,0
44222	Torrecilla del Rebollar	2017	Regadío	0,0	0,0	0,0	0,0	0,0	0,0	0,0	0,0	0,0	0,0	0,0	0,0	0,0	0,0	0,0	0,0	0,0	0,0	0,0	0,0	0,0	0,0	0,0	0,0	0,0
44222	Torrecilla del Rebollar	2017	Secano	3,0	0,0	0,0	0,0	0,0	0,0	0,0	0,0	0,0	0,0	0,0	0,0	0,0	0,0	0,0	0,0	0,0	0,0	0,0	0,0	0,0	0,0	0,0	3,0	0,0
44223	Torre de Arcas	2017	Regadío	0,0	0,0	0,0	0,0	0,0	0,0	0,0	0,0	0,0	0,0	0,0	0,0	0,0	0,0	0,0	0,0	0,0	0,0	0,0	0,0	0,0	0,0	0,0	0,0	0,0
44223	Torre de Arcas	2017	Secano	62,0	47,0	0,0	0,0	0,0	0,0	0,0	0,0	0,0	0,0	0,0	0,0	42,0	0,0	0,0	0,0	5,0	6,0	0,0	6,0	0,0	0,0	0,0	9,0	0,0
44224	Torre de las Arcas	2017	Regadío	0,0	0,0	0,0	0,0	0,0	0,0	0,0	0,0	0,0	0,0	0,0	0,0	0,0	0,0	0,0	0,0	0,0	0,0	0,0	0,0	0,0	0,0	0,0	0,0	0,0
44224	Torre de las Arcas	2017	Secano	17,0	0,0	0,0	0,0	0,0	0,0	0,0	0,0	0,0	0,0	0,0	0,0	0,0	0,0	0,0	0,0	0,0	2,0	0,0	2,0	0,0	0,0	0,0	15,0	0,0
44225	Torre del Compte	2017	Regadío	77,0	40,0	0,0	0,0	0,0	10,0	14,0	3,0	0,0	0,0	0,0	0,0	13,0	0,0	0,0	0,0	0,0	0,0	0,0	0,0	0,0	37,0	37,0	0,0	0,0
44225	Torre del Compte	2017	Secano	588,0	292,0	0,0	0,0	0,0	0,0	5,0	0,0	0,0	0,0	0,0	0,0	284,0	0,0	2,0	0,0	1,0	7,0	0,0	7,0	0,0	289,0	289,0	0,0	0,0
44226	Torrelacárcel	2017	Regadío	1,0	0,0	0,0	0,0	0,0	0,0	0,0	0,0	0,0	0,0	0,0	0,0	0,0	0,0	0,0	0,0	0,0	0,0	0,0	0,0	0,0	0,0	0,0	1,0	0,0
44226	Torrelacárcel	2017	Secano	34,0	6,0	0,0	0,0	0,0	0,0	0,0	0,0	0,0	0,0	0,0	0,0	5,0	0,0	0,0	0,0	1,0	0,0	0,0	0,0	0,0	0,0	0,0	28,0	0,0
44227	Torre los Negros	2017	Regadío	0,0	0,0	0,0	0,0	0,0	0,0	0,0	0,0	0,0	0,0	0,0	0,0	0,0	0,0	0,0	0,0	0,0	0,0	0,0	0,0	0,0	0,0	0,0	0,0	0,0
44227	Torre los Negros	2017	Secano	19,0	0,0	0,0	0,0	0,0	0,0	0,0	0,0	0,0	0,0	0,0	0,0	0,0	0,0	0,0	0,0	0,0	0,0	0,0	0,0	0,0	0,0	0,0	19,0	0,0
44228	Torremocha de Jiloca	2017	Regadío	0,0	0,0	0,0	0,0	0,0	0,0	0,0	0,0	0,0	0,0	0,0	0,0	0,0	0,0	0,0	0,0	0,0	0,0	0,0	0,0	0,0	0,0	0,0	0,0	0,0
44228	Torremocha de Jiloca	2017	Secano	23,0	1,0	0,0	0,0	0,0	0,0	0,0	0,0	0,0	0,0	0,0	0,0	1,0	0,0	0,0	0,0	0,0	0,0	0,0	0,0	0,0	0,0	0,0	22,0	0,0
44229	Torres de Albarracín	2017	Regadío											0,0														
44229	Torres de Albarracín	2017	Secano											0,0														
44230	Torrevelilla	2017	Regadío	0,0	0,0	0,0	0,0	0,0	0,0	0,0	0,0	0,0	0,0	0,0	0,0	0,0	0,0	0,0	0,0	0,0	0,0	0,0	0,0	0,0	0,0	0,0	0,0	0,0
44230	Torrevelilla	2017	Secano	831,0	353,0	0,0	0,0	0,0	0,0	0,0	1,0	0,0	0,0	0,0	0,0	350,0	1,0	0,0	0,0	1,0	5,0	0,0	5,0	0,0	464,0	464,0	9,0	0,0
44231	Torrijas	2017	Regadío	0,0	0,0	0,0	0,0	0,0	0,0	0,0	0,0	0,0	0,0	0,0	0,0	0,0	0,0	0,0	0,0	0,0	0,0	0,0	0,0	0,0	0,0	0,0	0,0	0,0
44231	Torrijas	2017	Secano	1,0	0,0	0,0	0,0	0,0	0,0	0,0	0,0	0,0	0,0	0,0	0,0	0,0	0,0	0,0	0,0	0,0	0,0	0,0	0,0	0,0	0,0	0,0	1,0	0,0
44232	Torrijo del Campo	2017	Regadío	0,0	0,0	0,0	0,0	0,0	0,0	0,0	0,0	0,0	0,0	0,0	0,0	0,0	0,0	0,0	0,0	0,0	0,0	0,0	0,0	0,0	0,0	0,0	0,0	0,0
44232	Torrijo del Campo	2017	Secano	4,0	0,0	0,0	0,0	0,0	0,0	0,0	0,0	0,0	0,0	0,0	0,0	0,0	0,0	0,0	0,0	0,0	0,0	0,0	0,0	0,0	0,0	0,0	4,0	0,0
44234	Tramacastiel	2017	Regadío	1,0	1,0	0,0	0,0	0,0	0,0	0,0	0,0	0,0	0,0	0,0	0,0	1,0	0,0	0,0	0,0	0,0	0,0	0,0	0,0	0,0	0,0	0,0	0,0	0,0
44234	Tramacastiel	2017	Secano	46,0	46,0	0,0	0,0	0,0	0,0	0,0	0,0	0,0	0,0	0,0	0,0	46,0	0,0	0,0	0,0	0,0	0,0	0,0	0,0	0,0	0,0	0,0	0,0	0,0
44235	Tramacastilla	2017	Regadío	0,0	0,0	0,0	0,0	0,0	0,0	0,0	0,0	0,0	0,0	0,0	0,0	0,0	0,0	0,0	0,0	0,0	0,0	0,0	0,0	0,0	0,0	0,0	0,0	0,0
44235	Tramacastilla	2017	Secano	1,0	0,0	0,0	0,0	0,0	0,0	0,0	0,0	0,0	0,0	0,0	0,0	0,0	0,0	0,0	0,0	0,0	0,0	0,0	0,0	0,0	0,0	0,0	1,0	0,0
44236	Tronchón	2017	Regadío	0,0	0,0	0,0	0,0	0,0	0,0	0,0	0,0	0,0	0,0	0,0	0,0	0,0	0,0	0,0	0,0	0,0	0,0	0,0	0,0	0,0	0,0	0,0	0,0	0,0
44236	Tronchón	2017	Secano	23,0	0,0	0,0	0,0	0,0	0,0	0,0	0,0	0,0	0,0	0,0	0,0	0,0	0,0	0,0	0,0	0,0	0,0	0,0	0,0	0,0	0,0	0,0	23,0	0,0
44237	Urrea de Gaén	2017	Regadío	61,0	47,0	0,0	2,0	0,0	0,0	0,0	35,0	2,0	1,0	0,0	0,0	7,0	0,0	0,0	0,0	0,0	0,0	0,0	0,0	0,0	13,0	13,0	1,0	0,0
44237	Urrea de Gaén	2017	Secano	199,0	76,0	0,0	0,0	0,0	0,0	0,0	0,0	0,0	0,0	0,0	0,0	76,0	0,0	0,0	0,0	0,0	2,0	0,0	2,0	0,0	121,0	121,0	0,0	0,0
44238	Utrillas	2017	Regadío	0,0	0,0	0,0	0,0	0,0	0,0	0,0	0,0	0,0	0,0	0,0	0,0	0,0	0,0	0,0	0,0	0,0	0,0	0,0	0,0	0,0	0,0	0,0	0,0	0,0
44238	Utrillas	2017	Secano	1,0	0,0	0,0	0,0	0,0	0,0	0,0	0,0	0,0	0,0	0,0	0,0	0,0	0,0	0,0	0,0	0,0	0,0	0,0	0,0	0,0	0,0	0,0	1,0	0,0
44239	Valacloche	2017	Regadío											0,0														
44239	Valacloche	2017	Secano											0,0														
44240	Valbona	2017	Regadío	48,0	5,0	0,0	0,0	0,0	0,0	0,0	0,0	0,0	0,0	0,0	5,0	0,0	0,0	0,0	0,0	0,0	0,0	0,0	0,0	0,0	0,0	0,0	43,0	0,0
44240	Valbona	2017	Secano	115,0	13,0	0,0	0,0	0,0	0,0	1,0	0,0	0,0	0,0	0,0	3,0	9,0	0,0	0,0	0,0	0,0	0,0	0,0	0,0	0,0	0,0	0,0	102,0	0,0
44241	Valdealgorfa	2017	Regadío	0,0	0,0	0,0	0,0	0,0	0,0	0,0	0,0	0,0	0,0	0,0	0,0	0,0	0,0	0,0	0,0	0,0	0,0	0,0	0,0	0,0	0,0	0,0	0,0	0,0
44241	Valdealgorfa	2017	Secano	2395,0	1255,0	0,0	0,0	0,0	0,0	0,0	0,0	0,0	0,0	0,0	5,0	1248,0	1,0	0,0	0,0	1,0	6,0	0,0	6,0	0,0	1134,0	1134,0	0,0	0,0
44243	Valdecuenca	2017	Regadío	0,0	0,0	0,0	0,0	0,0	0,0	0,0	0,0	0,0	0,0	0,0	0,0	0,0	0,0	0,0	0,0	0,0	0,0	0,0	0,0	0,0	0,0	0,0	0,0	0,0
44243	Valdecuenca	2017	Secano	8,0	0,0	0,0	0,0	0,0	0,0	0,0	0,0	0,0	0,0	0,0	0,0	0,0	0,0	0,0	0,0	0,0	0,0	0,0	0,0	0,0	0,0	0,0	8,0	0,0
44244	Valdelinares	2017	Regadío											0,0														
44244	Valdelinares	2017	Secano											0,0														
44245	Valdeltormo	2017	Regadío	30,0	20,0	0,0	0,0	0,0	0,0	2,0	5,0	0,0	0,0	0,0	0,0	13,0	0,0	0,0	0,0	0,0	0,0	0,0	0,0	0,0	10,0	10,0	0,0	0,0
44245	Valdeltormo	2017	Secano	560,0	281,0	0,0	0,0	0,0	0,0	1,0	0,0	0,0	0,0	0,0	0,0	278,0	0,0	0,0	0,0	2,0	2,0	0,0	2,0	0,0	277,0	277,0	0,0	0,0
44246	Valderrobres	2017	Regadío	43,0	11,0	0,0	0,0	0,0	0,0	1,0	4,0	0,0	0,0	0,0	1,0	4,0	0,0	0,0	0,0	1,0	1,0	0,0	1,0	0,0	31,0	31,0	0,0	0,0
44246	Valderrobres	2017	Secano	2047,0	1127,0	0,0	0,0	0,0	0,0	1,0	1,0	0,0	0,0	0,0	0,0	1119,0	2,0	0,0	0,0	4,0	112,0	0,0	112,0	0,0	803,0	803,0	5,0	0,0
44247	Valjunquera	2017	Regadío	8,0	0,0	0,0	0,0	0,0	0,0	0,0	0,0	0,0	0,0	0,0	0,0	0,0	0,0	0,0	0,0	0,0	0,0	0,0	0,0	0,0	8,0	8,0	0,0	0,0
44247	Valjunquera	2017	Secano	1897,0	923,0	0,0	0,0	0,0	0,0	2,0	0,0	0,0	0,0	0,0	0,0	920,0	0,0	0,0	0,0	1,0	7,0	0,0	7,0	0,0	961,0	961,0	6,0	0,0
44249	Vallecillo (El)	2017	Regadío											0,0														
44249	Vallecillo (El)	2017	Secano											0,0														
44250	Veguillas de la Sierra	2017	Regadío											0,0														
44250	Veguillas de la Sierra	2017	Secano											0,0														
44251	Villafranca del Campo	2017	Regadío	5,0	0,0	0,0	0,0	0,0	0,0	0,0	0,0	0,0	0,0	0,0	0,0	0,0	0,0	0,0	0,0	0,0	0,0	0,0	0,0	0,0	0,0	0,0	5,0	0,0
44251	Villafranca del Campo	2017	Secano	24,0	9,0	0,0	0,0	0,0	0,0	0,0	0,0	0,0	0,0	0,0	0,0	9,0	0,0	0,0	0,0	0,0	1,0	0,0	1,0	0,0	0,0	0,0	14,0	0,0
44252	Villahermosa del Campo	2017	Regadío	0,0	0,0	0,0	0,0	0,0	0,0	0,0	0,0	0,0	0,0	0,0	0,0	0,0	0,0	0,0	0,0	0,0	0,0	0,0	0,0	0,0	0,0	0,0	0,0	0,0
44252	Villahermosa del Campo	2017	Secano	34,0	9,0	0,0	0,0	0,0	0,0	0,0	0,0	0,0	0,0	0,0	0,0	9,0	0,0	0,0	0,0	0,0	0,0	0,0	0,0	0,0	0,0	0,0	25,0	0,0
44256	Villanueva del Rebollar de la Sierra	2017	Regadío											0,0														
44256	Villanueva del Rebollar de la Sierra	2017	Secano											0,0														
44257	Villar del Cobo	2017	Regadío											0,0														
44257	Villar del Cobo	2017	Secano											0,0														
44258	Villar del Salz	2017	Regadío	0,0	0,0	0,0	0,0	0,0	0,0	0,0	0,0	0,0	0,0	0,0	0,0	0,0	0,0	0,0	0,0	0,0	0,0	0,0	0,0	0,0	0,0	0,0	0,0	0,0
44258	Villar del Salz	2017	Secano	3,0	0,0	0,0	0,0	0,0	0,0	0,0	0,0	0,0	0,0	0,0	0,0	0,0	0,0	0,0	0,0	0,0	0,0	0,0	0,0	0,0	0,0	0,0	3,0	0,0
44260	Villarluengo	2017	Regadío	0,0	0,0	0,0	0,0	0,0	0,0	0,0	0,0	0,0	0,0	0,0	0,0	0,0	0,0	0,0	0,0	0,0	0,0	0,0	0,0	0,0	0,0	0,0	0,0	0,0
44260	Villarluengo	2017	Secano	10,0	0,0	0,0	0,0	0,0	0,0	0,0	0,0	0,0	0,0	0,0	0,0	0,0	0,0	0,0	0,0	0,0	0,0	0,0	0,0	0,0	0,0	0,0	10,0	0,0
44261	Villarquemado	2017	Regadío	86,0	86,0	85,0	0,0	0,0	0,0	0,0	0,0	0,0	0,0	0,0	0,0	1,0	0,0	0,0	0,0	0,0	0,0	0,0	0,0	0,0	0,0	0,0	0,0	0,0
44261	Villarquemado	2017	Secano	14,0	12,0	0,0	0,0	0,0	0,0	0,0	0,0	0,0	0,0	0,0	0,0	12,0	0,0	0,0	0,0	0,0	0,0	0,0	0,0	0,0	0,0	0,0	2,0	0,0
44262	Villarroya de los Pinares	2017	Regadío	0,0	0,0	0,0	0,0	0,0	0,0	0,0	0,0	0,0	0,0	0,0	0,0	0,0	0,0	0,0	0,0	0,0	0,0	0,0	0,0	0,0	0,0	0,0	0,0	0,0
44262	Villarroya de los Pinares	2017	Secano	7,0	0,0	0,0	0,0	0,0	0,0	0,0	0,0	0,0	0,0	0,0	0,0	0,0	0,0	0,0	0,0	0,0	0,0	0,0	0,0	0,0	0,0	0,0	7,0	0,0
44263	Villastar	2017	Regadío	0,0	0,0	0,0	0,0	0,0	0,0	0,0	0,0	0,0	0,0	0,0	0,0	0,0	0,0	0,0	0,0	0,0	0,0	0,0	0,0	0,0	0,0	0,0	0,0	0,0
44263	Villastar	2017	Secano	27,0	2,0	0,0	0,0	0,0	0,0	0,0	0,0	0,0	0,0	0,0	0,0	2,0	0,0	0,0	0,0	0,0	9,0	0,0	9,0	0,0	0,0	0,0	16,0	0,0
44264	Villel	2017	Regadío	2,0	1,0	0,0	0,0	0,0	0,0	0,0	0,0	0,0	0,0	0,0	0,0	1,0	0,0	0,0	0,0	0,0	1,0	0,0	1,0	0,0	0,0	0,0	0,0	0,0
44264	Villel	2017	Secano	122,0	113,0	0,0	0,0	0,0	0,0	0,0	0,0	0,0	0,0	0,0	0,0	109,0	4,0	0,0	0,0	0,0	2,0	0,0	2,0	0,0	0,0	0,0	7,0	0,0
44265	Vinaceite	2017	Regadío	23,0	0,0	0,0	0,0	0,0	0,0	0,0	0,0	0,0	0,0	0,0	0,0	0,0	0,0	0,0	0,0	0,0	0,0	0,0	0,0	0,0	23,0	23,0	0,0	0,0
44265	Vinaceite	2017	Secano	25,0	6,0	0,0	0,0	0,0	0,0	0,0	0,0	0,0	0,0	0,0	0,0	6,0	0,0	0,0	0,0	0,0	4,0	0,0	4,0	0,0	15,0	15,0	0,0	0,0
44266	Visiedo	2017	Regadío	0,0	0,0	0,0	0,0	0,0	0,0	0,0	0,0	0,0	0,0	0,0	0,0	0,0	0,0	0,0	0,0	0,0	0,0	0,0	0,0	0,0	0,0	0,0	0,0	0,0
44266	Visiedo	2017	Secano	15,0	0,0	0,0	0,0	0,0	0,0	0,0	0,0	0,0	0,0	0,0	0,0	0,0	0,0	0,0	0,0	0,0	0,0	0,0	0,0	0,0	0,0	0,0	15,0	0,0
44267	Vivel del Río Martín	2017	Regadío	0,0	0,0	0,0	0,0	0,0	0,0	0,0	0,0	0,0	0,0	0,0	0,0	0,0	0,0	0,0	0,0	0,0	0,0	0,0	0,0	0,0	0,0	0,0	0,0	0,0
44267	Vivel del Río Martín	2017	Secano	9,0	9,0	0,0	0,0	0,0	0,0	0,0	0,0	0,0	0,0	0,0	0,0	9,0	0,0	0,0	0,0	0,0	0,0	0,0	0,0	0,0	0,0	0,0	0,0	0,0
44268	Zoma (La)	2017	Regadío											0,0														
44268	Zoma (La)	2017	Secano											0,0														
50001	Abanto	2017	Regadío	0,0	0,0	0,0	0,0	0,0	0,0	0,0	0,0	0,0	0,0	0,0	0,0	0,0	0,0	0,0	0,0	0,0	0,0	0,0	0,0	0,0	0,0	0,0	0,0	0,0
50001	Abanto	2017	Secano	33,0	11,0	0,0	0,0	0,0	0,0	2,0	0,0	0,0	0,0	0,0	0,0	9,0	0,0	0,0	0,0	0,0	19,0	0,0	19,0	0,0	0,0	0,0	3,0	0,0
50002	Acered	2017	Regadío	1,0	0,0	0,0	0,0	0,0	0,0	0,0	0,0	0,0	0,0	0,0	0,0	0,0	0,0	0,0	0,0	0,0	1,0	0,0	1,0	0,0	0,0	0,0	0,0	0,0
50002	Acered	2017	Secano	819,0	617,0	0,0	0,0	0,0	1,0	108,0	0,0	4,0	0,0	0,0	0,0	504,0	0,0	0,0	0,0	0,0	201,0	0,0	201,0	0,0	1,0	1,0	0,0	0,0
50003	Agón	2017	Regadío	208,0	59,0	0,0	0,0	0,0	0,0	0,0	0,0	0,0	0,0	0,0	0,0	59,0	0,0	0,0	0,0	0,0	124,0	0,0	124,0	0,0	25,0	25,0	0,0	0,0
50003	Agón	2017	Secano	189,0	38,0	0,0	0,0	0,0	0,0	0,0	0,0	0,0	0,0	0,0	0,0	38,0	0,0	0,0	0,0	0,0	116,0	0,0	116,0	0,0	35,0	35,0	0,0	0,0
50004	Aguarón	2017	Regadío	215,0	3,0	0,0	0,0	0,0	2,0	0,0	0,0	0,0	0,0	0,0	0,0	1,0	0,0	0,0	0,0	0,0	206,0	0,0	206,0	0,0	6,0	6,0	0,0	0,0
50004	Aguarón	2017	Secano	1122,0	61,0	0,0	0,0	0,0	0,0	3,0	0,0	0,0	0,0	0,0	0,0	57,0	0,0	0,0	0,0	1,0	1040,0	0,0	1040,0	0,0	21,0	21,0	0,0	0,0
50005	Aguilón	2017	Regadío	11,0	11,0	0,0	0,0	0,0	0,0	0,0	0,0	0,0	0,0	0,0	0,0	11,0	0,0	0,0	0,0	0,0	0,0	0,0	0,0	0,0	0,0	0,0	0,0	0,0
50005	Aguilón	2017	Secano	169,0	154,0	0,0	0,0	0,0	0,0	0,0	0,0	0,0	0,0	0,0	0,0	154,0	0,0	0,0	0,0	0,0	12,0	0,0	12,0	0,0	3,0	3,0	0,0	0,0
50006	Ainzón	2017	Regadío	475,0	217,0	0,0	0,0	0,0	0,0	0,0	0,0	0,0	0,0	0,0	0,0	216,0	0,0	0,0	0,0	1,0	223,0	0,0	223,0	0,0	35,0	35,0	0,0	0,0
50006	Ainzón	2017	Secano	1458,0	805,0	0,0	0,0	0,0	0,0	0,0	0,0	0,0	0,0	0,0	1,0	804,0	0,0	0,0	0,0	0,0	625,0	0,0	625,0	0,0	28,0	28,0	0,0	0,0
50007	Aladrén	2017	Regadío	3,0	0,0	0,0	0,0	0,0	0,0	0,0	0,0	0,0	0,0	0,0	0,0	0,0	0,0	0,0	0,0	0,0	3,0	0,0	3,0	0,0	0,0	0,0	0,0	0,0
50007	Aladrén	2017	Secano	136,0	52,0	0,0	0,0	0,0	0,0	0,0	2,0	0,0	0,0	0,0	0,0	50,0	0,0	0,0	0,0	0,0	83,0	0,0	83,0	0,0	1,0	1,0	0,0	0,0
50008	Alagón	2017	Regadío	24,0	23,0	8,0	11,0	0,0	1,0	0,0	3,0	0,0	0,0	0,0	0,0	0,0	0,0	0,0	0,0	0,0	0,0	0,0	0,0	0,0	1,0	1,0	0,0	0,0
50008	Alagón	2017	Secano	0,0	0,0	0,0	0,0	0,0	0,0	0,0	0,0	0,0	0,0	0,0	0,0	0,0	0,0	0,0	0,0	0,0	0,0	0,0	0,0	0,0	0,0	0,0	0,0	0,0
50009	Alarba	2017	Regadío	67,0	67,0	0,0	0,0	0,0	4,0	54,0	0,0	2,0	0,0	0,0	0,0	7,0	0,0	0,0	0,0	0,0	0,0	0,0	0,0	0,0	0,0	0,0	0,0	0,0
50009	Alarba	2017	Secano	679,0	555,0	0,0	0,0	0,0	0,0	137,0	0,0	2,0	0,0	0,0	0,0	416,0	0,0	0,0	0,0	0,0	124,0	0,0	124,0	0,0	0,0	0,0	0,0	0,0
50010	Alberite de San Juan	2017	Regadío	120,0	16,0	0,0	0,0	0,0	0,0	0,0	0,0	0,0	0,0	0,0	0,0	16,0	0,0	0,0	0,0	0,0	76,0	0,0	76,0	0,0	28,0	28,0	0,0	0,0
50010	Alberite de San Juan	2017	Secano	146,0	118,0	0,0	0,0	0,0	0,0	0,0	0,0	0,0	0,0	0,0	1,0	117,0	0,0	0,0	0,0	0,0	25,0	0,0	25,0	0,0	3,0	3,0	0,0	0,0
50011	Albeta	2017	Regadío	35,0	11,0	0,0	0,0	0,0	0,0	0,0	0,0	0,0	0,0	0,0	0,0	11,0	0,0	0,0	0,0	0,0	13,0	0,0	13,0	0,0	11,0	11,0	0,0	0,0
50011	Albeta	2017	Secano	28,0	27,0	0,0	0,0	0,0	0,0	0,0	0,0	0,0	0,0	0,0	0,0	27,0	0,0	0,0	0,0	0,0	1,0	0,0	1,0	0,0	0,0	0,0	0,0	0,0
50012	Alborge	2017	Regadío	49,0	5,0	0,0	0,0	0,0	0,0	0,0	0,0	0,0	0,0	0,0	0,0	5,0	0,0	0,0	0,0	0,0	0,0	0,0	0,0	0,0	44,0	44,0	0,0	0,0
50012	Alborge	2017	Secano	2,0	0,0	0,0	0,0	0,0	0,0	0,0	0,0	0,0	0,0	0,0	0,0	0,0	0,0	0,0	0,0	0,0	0,0	0,0	0,0	0,0	2,0	2,0	0,0	0,0
50013	Alcalá de Ebro	2017	Regadío	1,0	1,0	0,0	0,0	0,0	0,0	0,0	0,0	0,0	0,0	0,0	0,0	0,0	1,0	0,0	0,0	0,0	0,0	0,0	0,0	0,0	0,0	0,0	0,0	0,0
50013	Alcalá de Ebro	2017	Secano	0,0	0,0	0,0	0,0	0,0	0,0	0,0	0,0	0,0	0,0	0,0	0,0	0,0	0,0	0,0	0,0	0,0	0,0	0,0	0,0	0,0	0,0	0,0	0,0	0,0
50014	Alcalá de Moncayo	2017	Regadío	25,0	10,0	0,0	0,0	0,0	0,0	0,0	0,0	0,0	0,0	0,0	0,0	10,0	0,0	0,0	0,0	0,0	0,0	0,0	0,0	0,0	15,0	15,0	0,0	0,0
50014	Alcalá de Moncayo	2017	Secano	97,0	91,0	0,0	0,0	0,0	0,0	0,0	0,0	0,0	0,0	0,0	1,0	90,0	0,0	0,0	0,0	0,0	3,0	0,0	3,0	0,0	1,0	1,0	2,0	0,0
50015	Alconchel de Ariza	2017	Regadío	0,0	0,0	0,0	0,0	0,0	0,0	0,0	0,0	0,0	0,0	0,0	0,0	0,0	0,0	0,0	0,0	0,0	0,0	0,0	0,0	0,0	0,0	0,0	0,0	0,0
50015	Alconchel de Ariza	2017	Secano	2,0	0,0	0,0	0,0	0,0	0,0	0,0	0,0	0,0	0,0	0,0	0,0	0,0	0,0	0,0	0,0	0,0	0,0	0,0	0,0	0,0	0,0	0,0	2,0	0,0
50016	Aldehuela de Liestos	2017	Regadío	0,0	0,0	0,0	0,0	0,0	0,0	0,0	0,0	0,0	0,0	0,0	0,0	0,0	0,0	0,0	0,0	0,0	0,0	0,0	0,0	0,0	0,0	0,0	0,0	0,0
50016	Aldehuela de Liestos	2017	Secano	8,0	0,0	0,0	0,0	0,0	0,0	0,0	0,0	0,0	0,0	0,0	0,0	0,0	0,0	0,0	0,0	0,0	0,0	0,0	0,0	0,0	0,0	0,0	8,0	0,0
50017	Alfajarín	2017	Regadío	1,0	1,0	0,0	1,0	0,0	0,0	0,0	0,0	0,0	0,0	0,0	0,0	0,0	0,0	0,0	0,0	0,0	0,0	0,0	0,0	0,0	0,0	0,0	0,0	0,0
50017	Alfajarín	2017	Secano	47,0	40,0	0,0	0,0	0,0	0,0	0,0	0,0	0,0	0,0	0,0	0,0	40,0	0,0	0,0	0,0	0,0	0,0	0,0	0,0	0,0	2,0	2,0	5,0	0,0
50018	Alfamén	2017	Regadío	1943,0	816,0	67,0	56,0	0,0	34,0	222,0	275,0	5,0	0,0	0,0	0,0	92,0	1,0	0,0	61,0	3,0	1006,0	10,0	996,0	0,0	121,0	121,0	0,0	0,0
50018	Alfamén	2017	Secano	729,0	148,0	0,0	0,0	0,0	3,0	33,0	8,0	0,0	0,0	0,0	0,0	104,0	0,0	0,0	0,0	0,0	555,0	1,0	554,0	0,0	26,0	26,0	0,0	0,0
50019	Alforque	2017	Regadío	0,0	0,0	0,0	0,0	0,0	0,0	0,0	0,0	0,0	0,0	0,0	0,0	0,0	0,0	0,0	0,0	0,0	0,0	0,0	0,0	0,0	0,0	0,0	0,0	0,0
50019	Alforque	2017	Secano	3,0	0,0	0,0	0,0	0,0	0,0	0,0	0,0	0,0	0,0	0,0	0,0	0,0	0,0	0,0	0,0	0,0	3,0	0,0	3,0	0,0	0,0	0,0	0,0	0,0
50020	Alhama de Aragón	2017	Regadío	12,0	2,0	0,0	2,0	0,0	0,0	0,0	0,0	0,0	0,0	0,0	0,0	0,0	0,0	0,0	0,0	0,0	10,0	0,0	10,0	0,0	0,0	0,0	0,0	0,0
50020	Alhama de Aragón	2017	Secano	73,0	31,0	0,0	0,0	0,0	0,0	0,0	0,0	0,0	0,0	0,0	0,0	31,0	0,0	0,0	0,0	0,0	41,0	0,0	41,0	0,0	1,0	1,0	0,0	0,0
50021	Almochuel	2017	Regadío	11,0	0,0	0,0	0,0	0,0	0,0	0,0	0,0	0,0	0,0	0,0	0,0	0,0	0,0	0,0	0,0	0,0	0,0	0,0	0,0	0,0	11,0	11,0	0,0	0,0
50021	Almochuel	2017	Secano	2,0	1,0	0,0	0,0	0,0	0,0	0,0	0,0	0,0	0,0	0,0	0,0	1,0	0,0	0,0	0,0	0,0	0,0	0,0	0,0	0,0	1,0	1,0	0,0	0,0
50022	Almolda (La)	2017	Regadío	0,0	0,0	0,0	0,0	0,0	0,0	0,0	0,0	0,0	0,0	0,0	0,0	0,0	0,0	0,0	0,0	0,0	0,0	0,0	0,0	0,0	0,0	0,0	0,0	0,0
50022	Almolda (La)	2017	Secano	85,0	4,0	0,0	0,0	0,0	0,0	0,0	0,0	0,0	0,0	0,0	0,0	4,0	0,0	0,0	0,0	0,0	28,0	0,0	28,0	0,0	53,0	53,0	0,0	0,0
50023	Almonacid de la Cuba	2017	Regadío	104,0	30,0	4,0	18,0	0,0	0,0	0,0	0,0	1,0	0,0	0,0	0,0	7,0	0,0	0,0	0,0	0,0	14,0	0,0	14,0	0,0	60,0	60,0	0,0	0,0
50023	Almonacid de la Cuba	2017	Secano	178,0	131,0	0,0	1,0	0,0	0,0	1,0	0,0	0,0	0,0	0,0	0,0	129,0	0,0	0,0	0,0	0,0	45,0	0,0	45,0	0,0	2,0	2,0	0,0	0,0
50024	Almonacid de la Sierra	2017	Regadío	969,0	528,0	128,0	47,0	0,0	63,0	136,0	75,0	10,0	0,0	0,0	0,0	31,0	0,0	0,0	38,0	0,0	404,0	0,0	404,0	0,0	37,0	37,0	0,0	0,0
50024	Almonacid de la Sierra	2017	Secano	1130,0	419,0	0,0	0,0	0,0	0,0	7,0	2,0	0,0	0,0	0,0	0,0	410,0	0,0	0,0	0,0	0,0	614,0	0,0	614,0	0,0	97,0	97,0	0,0	0,0
50025	Almunia de Doña Godina (La)	2017	Regadío	1856,0	1595,0	213,0	153,0	0,0	109,0	265,0	474,0	42,0	0,0	0,0	3,0	126,0	0,0	0,0	204,0	6,0	10,0	0,0	10,0	0,0	251,0	251,0	0,0	0,0
50025	Almunia de Doña Godina (La)	2017	Secano	319,0	219,0	6,0	0,0	0,0	32,0	78,0	38,0	0,0	0,0	0,0	0,0	50,0	0,0	0,0	14,0	1,0	28,0	0,0	28,0	0,0	72,0	72,0	0,0	0,0
50026	Alpartir	2017	Regadío	33,0	23,0	0,0	0,0	0,0	0,0	19,0	0,0	0,0	0,0	0,0	0,0	3,0	1,0	0,0	0,0	0,0	0,0	0,0	0,0	0,0	10,0	10,0	0,0	0,0
50026	Alpartir	2017	Secano	597,0	361,0	0,0	0,0	0,0	0,0	17,0	0,0	0,0	0,0	0,0	0,0	343,0	1,0	0,0	0,0	0,0	37,0	0,0	37,0	0,0	199,0	199,0	0,0	0,0
50027	Ambel	2017	Regadío	188,0	50,0	0,0	0,0	0,0	0,0	0,0	0,0	0,0	0,0	0,0	0,0	50,0	0,0	0,0	0,0	0,0	21,0	0,0	21,0	0,0	117,0	117,0	0,0	0,0
50027	Ambel	2017	Secano	326,0	222,0	0,0	0,0	0,0	0,0	0,0	0,0	0,0	0,0	0,0	0,0	222,0	0,0	0,0	0,0	0,0	97,0	0,0	97,0	0,0	7,0	7,0	0,0	0,0
50028	Anento	2017	Regadío	0,0	0,0	0,0	0,0	0,0	0,0	0,0	0,0	0,0	0,0	0,0	0,0	0,0	0,0	0,0	0,0	0,0	0,0	0,0	0,0	0,0	0,0	0,0	0,0	0,0
50028	Anento	2017	Secano	52,0	24,0	0,0	0,0	0,0	0,0	0,0	0,0	0,0	0,0	0,0	0,0	24,0	0,0	0,0	0,0	0,0	2,0	0,0	2,0	0,0	0,0	0,0	26,0	0,0
50029	Aniñón	2017	Regadío	336,0	252,0	10,0	2,0	0,0	0,0	125,0	89,0	13,0	0,0	0,0	0,0	13,0	0,0	0,0	0,0	0,0	43,0	0,0	43,0	0,0	40,0	40,0	1,0	0,0
50029	Aniñón	2017	Secano	1313,0	1065,0	2,0	1,0	0,0	0,0	321,0	13,0	5,0	0,0	0,0	0,0	723,0	0,0	0,0	0,0	0,0	106,0	0,0	106,0	0,0	140,0	140,0	2,0	0,0
50030	Añón de Moncayo	2017	Regadío	4,0	4,0	0,0	0,0	0,0	0,0	0,0	0,0	0,0	0,0	0,0	0,0	3,0	1,0	0,0	0,0	0,0	0,0	0,0	0,0	0,0	0,0	0,0	0,0	0,0
50030	Añón de Moncayo	2017	Secano	15,0	14,0	0,0	0,0	0,0	0,0	0,0	0,0	0,0	0,0	0,0	0,0	14,0	0,0	0,0	0,0	0,0	1,0	0,0	1,0	0,0	0,0	0,0	0,0	0,0
50031	Aranda de Moncayo	2017	Regadío	9,0	8,0	1,0	0,0	0,0	0,0	5,0	0,0	0,0	0,0	0,0	0,0	1,0	1,0	0,0	0,0	0,0	0,0	0,0	0,0	0,0	1,0	1,0	0,0	0,0
50031	Aranda de Moncayo	2017	Secano	78,0	62,0	0,0	0,0	0,0	0,0	7,0	0,0	0,0	0,0	0,0	0,0	55,0	0,0	0,0	0,0	0,0	12,0	0,0	12,0	0,0	2,0	2,0	2,0	0,0
50032	Arándiga	2017	Regadío	110,0	78,0	24,0	10,0	0,0	5,0	18,0	10,0	7,0	0,0	0,0	0,0	3,0	0,0	0,0	1,0	0,0	1,0	0,0	1,0	0,0	31,0	31,0	0,0	0,0
50032	Arándiga	2017	Secano	196,0	134,0	0,0	0,0	0,0	2,0	4,0	1,0	0,0	0,0	0,0	0,0	127,0	0,0	0,0	0,0	0,0	12,0	0,0	12,0	0,0	50,0	50,0	0,0	0,0
50033	Ardisa	2017	Regadío	12,0	5,0	0,0	0,0	0,0	0,0	3,0	0,0	0,0	0,0	0,0	0,0	1,0	1,0	0,0	0,0	0,0	1,0	0,0	1,0	0,0	3,0	3,0	3,0	0,0
50033	Ardisa	2017	Secano	51,0	42,0	0,0	0,0	0,0	0,0	0,0	0,0	0,0	0,0	0,0	0,0	42,0	0,0	0,0	0,0	0,0	4,0	0,0	0,0	4,0	2,0	2,0	3,0	0,0
50034	Ariza	2017	Regadío	3,0	2,0	0,0	0,0	0,0	0,0	0,0	0,0	0,0	0,0	0,0	1,0	1,0	0,0	0,0	0,0	0,0	0,0	0,0	0,0	0,0	0,0	0,0	1,0	0,0
50034	Ariza	2017	Secano	18,0	5,0	0,0	0,0	0,0	0,0	0,0	0,0	0,0	0,0	0,0	0,0	5,0	0,0	0,0	0,0	0,0	13,0	0,0	13,0	0,0	0,0	0,0	0,0	0,0
50035	Artieda	2017	Regadío											0,0														
50035	Artieda	2017	Secano											0,0														
50036	Asín	2017	Regadío	0,0	0,0	0,0	0,0	0,0	0,0	0,0	0,0	0,0	0,0	0,0	0,0	0,0	0,0	0,0	0,0	0,0	0,0	0,0	0,0	0,0	0,0	0,0	0,0	0,0
50036	Asín	2017	Secano	16,0	9,0	0,0	0,0	0,0	0,0	0,0	0,0	0,0	0,0	0,0	0,0	8,0	0,0	0,0	0,0	1,0	6,0	0,0	6,0	0,0	1,0	1,0	0,0	0,0
50037	Atea	2017	Regadío	10,0	10,0	0,0	0,0	0,0	0,0	6,0	0,0	0,0	0,0	0,0	0,0	4,0	0,0	0,0	0,0	0,0	0,0	0,0	0,0	0,0	0,0	0,0	0,0	0,0
50037	Atea	2017	Secano	469,0	246,0	0,0	1,0	0,0	0,0	32,0	0,0	0,0	0,0	0,0	5,0	208,0	0,0	0,0	0,0	0,0	223,0	0,0	223,0	0,0	0,0	0,0	0,0	0,0
50038	Ateca	2017	Regadío	137,0	127,0	47,0	33,0	0,0	0,0	36,0	6,0	5,0	0,0	0,0	0,0	0,0	0,0	0,0	0,0	0,0	10,0	1,0	9,0	0,0	0,0	0,0	0,0	0,0
50038	Ateca	2017	Secano	246,0	140,0	2,0	1,0	0,0	0,0	45,0	19,0	2,0	0,0	0,0	0,0	71,0	0,0	0,0	0,0	0,0	97,0	0,0	97,0	0,0	1,0	1,0	8,0	0,0
50039	Azuara	2017	Regadío	30,0	20,0	0,0	1,0	0,0	0,0	0,0	0,0	0,0	0,0	0,0	0,0	19,0	0,0	0,0	0,0	0,0	0,0	0,0	0,0	0,0	10,0	10,0	0,0	0,0
50039	Azuara	2017	Secano	279,0	249,0	0,0	0,0	0,0	0,0	0,0	0,0	0,0	0,0	0,0	0,0	249,0	0,0	0,0	0,0	0,0	25,0	0,0	25,0	0,0	5,0	5,0	0,0	0,0
50040	Badules	2017	Regadío											0,0														
50040	Badules	2017	Secano											0,0														
50041	Bagüés	2017	Regadío											0,0														
50041	Bagüés	2017	Secano											0,0														
50042	Balconchán	2017	Regadío	0,0	0,0	0,0	0,0	0,0	0,0	0,0	0,0	0,0	0,0	0,0	0,0	0,0	0,0	0,0	0,0	0,0	0,0	0,0	0,0	0,0	0,0	0,0	0,0	0,0
50042	Balconchán	2017	Secano	38,0	26,0	0,0	0,0	0,0	0,0	0,0	0,0	0,0	0,0	0,0	0,0	26,0	0,0	0,0	0,0	0,0	12,0	0,0	12,0	0,0	0,0	0,0	0,0	0,0
50043	Bárboles	2017	Regadío	130,0	58,0	25,0	0,0	0,0	0,0	0,0	8,0	0,0	0,0	0,0	0,0	20,0	0,0	0,0	5,0	0,0	0,0	0,0	0,0	0,0	72,0	72,0	0,0	0,0
50043	Bárboles	2017	Secano	47,0	6,0	0,0	0,0	0,0	0,0	0,0	0,0	0,0	0,0	0,0	0,0	6,0	0,0	0,0	0,0	0,0	5,0	0,0	5,0	0,0	36,0	36,0	0,0	0,0
50044	Bardallur	2017	Regadío	39,0	32,0	17,0	8,0	0,0	0,0	0,0	5,0	0,0	0,0	0,0	0,0	1,0	0,0	0,0	1,0	0,0	1,0	0,0	1,0	0,0	6,0	6,0	0,0	0,0
50044	Bardallur	2017	Secano	77,0	14,0	0,0	0,0	0,0	0,0	0,0	0,0	0,0	0,0	0,0	0,0	14,0	0,0	0,0	0,0	0,0	18,0	0,0	18,0	0,0	45,0	45,0	0,0	0,0
50045	Belchite	2017	Regadío	1679,0	523,0	0,0	0,0	0,0	0,0	0,0	0,0	0,0	0,0	0,0	0,0	522,0	1,0	0,0	0,0	0,0	78,0	0,0	78,0	0,0	1078,0	1078,0	0,0	0,0
50045	Belchite	2017	Secano	282,0	213,0	0,0	0,0	0,0	0,0	0,0	0,0	0,0	0,0	0,0	0,0	213,0	0,0	0,0	0,0	0,0	16,0	0,0	16,0	0,0	53,0	53,0	0,0	0,0
50046	Belmonte de Gracián	2017	Regadío	73,0	45,0	2,0	4,0	0,0	0,0	10,0	5,0	8,0	0,0	0,0	0,0	16,0	0,0	0,0	0,0	0,0	28,0	0,0	28,0	0,0	0,0	0,0	0,0	0,0
50046	Belmonte de Gracián	2017	Secano	524,0	381,0	0,0	0,0	0,0	0,0	43,0	1,0	5,0	0,0	0,0	0,0	332,0	0,0	0,0	0,0	0,0	133,0	0,0	133,0	0,0	10,0	10,0	0,0	0,0
50047	Berdejo	2017	Regadío											0,0														
50047	Berdejo	2017	Secano											0,0														
50048	Berrueco	2017	Regadío	0,0	0,0	0,0	0,0	0,0	0,0	0,0	0,0	0,0	0,0	0,0	0,0	0,0	0,0	0,0	0,0	0,0	0,0	0,0	0,0	0,0	0,0	0,0	0,0	0,0
50048	Berrueco	2017	Secano	2,0	0,0	0,0	0,0	0,0	0,0	0,0	0,0	0,0	0,0	0,0	0,0	0,0	0,0	0,0	0,0	0,0	0,0	0,0	0,0	0,0	0,0	0,0	2,0	0,0
50050	Bijuesca	2017	Regadío	6,0	6,0	5,0	0,0	0,0	0,0	0,0	0,0	0,0	0,0	0,0	0,0	1,0	0,0	0,0	0,0	0,0	0,0	0,0	0,0	0,0	0,0	0,0	0,0	0,0
50050	Bijuesca	2017	Secano	52,0	28,0	0,0	0,0	0,0	0,0	3,0	0,0	0,0	0,0	0,0	0,0	25,0	0,0	0,0	0,0	0,0	0,0	0,0	0,0	0,0	0,0	0,0	24,0	0,0
50051	Biota	2017	Regadío	100,0	97,0	0,0	0,0	0,0	0,0	0,0	0,0	0,0	0,0	0,0	0,0	97,0	0,0	0,0	0,0	0,0	1,0	0,0	1,0	0,0	2,0	2,0	0,0	0,0
50051	Biota	2017	Secano	76,0	40,0	0,0	0,0	0,0	0,0	0,0	0,0	0,0	0,0	0,0	0,0	40,0	0,0	0,0	0,0	0,0	21,0	0,0	21,0	0,0	15,0	15,0	0,0	0,0
50052	Bisimbre	2017	Regadío	62,0	9,0	0,0	0,0	0,0	0,0	0,0	0,0	0,0	0,0	0,0	0,0	9,0	0,0	0,0	0,0	0,0	50,0	0,0	50,0	0,0	3,0	3,0	0,0	0,0
50052	Bisimbre	2017	Secano	39,0	22,0	0,0	0,0	0,0	0,0	0,0	0,0	0,0	0,0	0,0	0,0	22,0	0,0	0,0	0,0	0,0	16,0	0,0	16,0	0,0	1,0	1,0	0,0	0,0
50053	Boquiñeni	2017	Regadío	16,0	15,0	4,0	3,0	0,0	3,0	2,0	1,0	1,0	0,0	0,0	0,0	1,0	0,0	0,0	0,0	0,0	0,0	0,0	0,0	0,0	1,0	1,0	0,0	0,0
50053	Boquiñeni	2017	Secano	0,0	0,0	0,0	0,0	0,0	0,0	0,0	0,0	0,0	0,0	0,0	0,0	0,0	0,0	0,0	0,0	0,0	0,0	0,0	0,0	0,0	0,0	0,0	0,0	0,0
50054	Bordalba	2017	Regadío	0,0	0,0	0,0	0,0	0,0	0,0	0,0	0,0	0,0	0,0	0,0	0,0	0,0	0,0	0,0	0,0	0,0	0,0	0,0	0,0	0,0	0,0	0,0	0,0	0,0
50054	Bordalba	2017	Secano	5,0	0,0	0,0	0,0	0,0	0,0	0,0	0,0	0,0	0,0	0,0	0,0	0,0	0,0	0,0	0,0	0,0	5,0	0,0	5,0	0,0	0,0	0,0	0,0	0,0
50055	Borja	2017	Regadío	1164,0	285,0	1,0	0,0	0,0	0,0	0,0	0,0	0,0	0,0	0,0	0,0	272,0	11,0	0,0	0,0	1,0	605,0	0,0	604,0	1,0	274,0	274,0	0,0	0,0
50055	Borja	2017	Secano	1164,0	620,0	0,0	0,0	0,0	0,0	0,0	0,0	0,0	0,0	0,0	0,0	617,0	0,0	0,0	0,0	3,0	501,0	0,0	501,0	0,0	43,0	43,0	0,0	0,0
50056	Botorrita	2017	Regadío	11,0	5,0	1,0	0,0	0,0	1,0	0,0	0,0	0,0	0,0	0,0	2,0	1,0	0,0	0,0	0,0	0,0	2,0	0,0	2,0	0,0	4,0	4,0	0,0	0,0
50056	Botorrita	2017	Secano	37,0	21,0	0,0	0,0	0,0	0,0	0,0	0,0	0,0	0,0	0,0	0,0	21,0	0,0	0,0	0,0	0,0	14,0	0,0	14,0	0,0	2,0	2,0	0,0	0,0
50057	Brea de Aragón	2017	Regadío	3,0	2,0	0,0	0,0	0,0	0,0	2,0	0,0	0,0	0,0	0,0	0,0	0,0	0,0	0,0	0,0	0,0	0,0	0,0	0,0	0,0	1,0	1,0	0,0	0,0
50057	Brea de Aragón	2017	Secano	75,0	52,0	0,0	0,0	0,0	0,0	10,0	0,0	0,0	0,0	0,0	0,0	42,0	0,0	0,0	0,0	0,0	14,0	0,0	14,0	0,0	9,0	9,0	0,0	0,0
50058	Bubierca	2017	Regadío	7,0	6,0	1,0	2,0	0,0	0,0	2,0	1,0	0,0	0,0	0,0	0,0	0,0	0,0	0,0	0,0	0,0	1,0	0,0	1,0	0,0	0,0	0,0	0,0	0,0
50058	Bubierca	2017	Secano	12,0	0,0	0,0	0,0	0,0	0,0	0,0	0,0	0,0	0,0	0,0	0,0	0,0	0,0	0,0	0,0	0,0	12,0	0,0	12,0	0,0	0,0	0,0	0,0	0,0
50059	Bujaraloz	2017	Regadío	3,0	0,0	0,0	0,0	0,0	0,0	0,0	0,0	0,0	0,0	0,0	0,0	0,0	0,0	0,0	0,0	0,0	0,0	0,0	0,0	0,0	3,0	3,0	0,0	0,0
50059	Bujaraloz	2017	Secano	0,0	0,0	0,0	0,0	0,0	0,0	0,0	0,0	0,0	0,0	0,0	0,0	0,0	0,0	0,0	0,0	0,0	0,0	0,0	0,0	0,0	0,0	0,0	0,0	0,0
50060	Bulbuente	2017	Regadío	251,0	107,0	0,0	0,0	0,0	0,0	0,0	0,0	0,0	0,0	0,0	0,0	106,0	1,0	0,0	0,0	0,0	52,0	0,0	52,0	0,0	92,0	92,0	0,0	0,0
50060	Bulbuente	2017	Secano	480,0	442,0	0,0	0,0	0,0	0,0	0,0	0,0	0,0	0,0	0,0	0,0	442,0	0,0	0,0	0,0	0,0	35,0	0,0	35,0	0,0	3,0	3,0	0,0	0,0
50061	Bureta	2017	Regadío	139,0	19,0	0,0	0,0	0,0	0,0	0,0	0,0	0,0	0,0	0,0	0,0	19,0	0,0	0,0	0,0	0,0	80,0	0,0	80,0	0,0	40,0	40,0	0,0	0,0
50061	Bureta	2017	Secano	196,0	112,0	0,0	0,0	0,0	0,0	0,0	0,0	0,0	0,0	0,0	0,0	112,0	0,0	0,0	0,0	0,0	84,0	0,0	84,0	0,0	0,0	0,0	0,0	0,0
50062	Burgo de Ebro (El)	2017	Regadío	19,0	15,0	0,0	0,0	0,0	11,0	0,0	1,0	0,0	0,0	0,0	0,0	3,0	0,0	0,0	0,0	0,0	0,0	0,0	0,0	0,0	4,0	4,0	0,0	0,0
50062	Burgo de Ebro (El)	2017	Secano	0,0	0,0	0,0	0,0	0,0	0,0	0,0	0,0	0,0	0,0	0,0	0,0	0,0	0,0	0,0	0,0	0,0	0,0	0,0	0,0	0,0	0,0	0,0	0,0	0,0
50063	Buste (El)	2017	Regadío	2,0	2,0	0,0	0,0	0,0	0,0	0,0	0,0	0,0	0,0	0,0	0,0	2,0	0,0	0,0	0,0	0,0	0,0	0,0	0,0	0,0	0,0	0,0	0,0	0,0
50063	Buste (El)	2017	Secano	141,0	66,0	0,0	0,0	0,0	0,0	0,0	0,0	0,0	0,0	0,0	0,0	66,0	0,0	0,0	0,0	0,0	10,0	0,0	10,0	0,0	65,0	65,0	0,0	0,0
50064	Cabañas de Ebro	2017	Regadío	1,0	0,0	0,0	0,0	0,0	0,0	0,0	0,0	0,0	0,0	0,0	0,0	0,0	0,0	0,0	0,0	0,0	0,0	0,0	0,0	0,0	1,0	1,0	0,0	0,0
50064	Cabañas de Ebro	2017	Secano	0,0	0,0	0,0	0,0	0,0	0,0	0,0	0,0	0,0	0,0	0,0	0,0	0,0	0,0	0,0	0,0	0,0	0,0	0,0	0,0	0,0	0,0	0,0	0,0	0,0
50065	Cabolafuente	2017	Regadío	0,0	0,0	0,0	0,0	0,0	0,0	0,0	0,0	0,0	0,0	0,0	0,0	0,0	0,0	0,0	0,0	0,0	0,0	0,0	0,0	0,0	0,0	0,0	0,0	0,0
50065	Cabolafuente	2017	Secano	41,0	19,0	0,0	0,0	0,0	0,0	0,0	0,0	0,0	0,0	0,0	0,0	19,0	0,0	0,0	0,0	0,0	14,0	0,0	14,0	0,0	0,0	0,0	8,0	0,0
50066	Cadrete	2017	Regadío	7,0	0,0	0,0	0,0	0,0	0,0	0,0	0,0	0,0	0,0	0,0	0,0	0,0	0,0	0,0	0,0	0,0	6,0	4,0	2,0	0,0	1,0	1,0	0,0	0,0
50066	Cadrete	2017	Secano	1,0	0,0	0,0	0,0	0,0	0,0	0,0	0,0	0,0	0,0	0,0	0,0	0,0	0,0	0,0	0,0	0,0	1,0	0,0	1,0	0,0	0,0	0,0	0,0	0,0
50067	Calatayud	2017	Regadío	635,0	586,0	174,0	201,0	0,0	1,0	98,0	37,0	54,0	0,0	0,0	0,0	21,0	0,0	0,0	0,0	0,0	16,0	0,0	16,0	0,0	33,0	33,0	0,0	0,0
50067	Calatayud	2017	Secano	233,0	156,0	1,0	8,0	0,0	0,0	27,0	2,0	3,0	0,0	0,0	0,0	109,0	0,0	0,0	0,0	6,0	69,0	0,0	69,0	0,0	8,0	8,0	0,0	0,0
50068	Calatorao	2017	Regadío	1040,0	1011,0	258,0	70,0	0,0	74,0	131,0	376,0	5,0	0,0	0,0	0,0	22,0	0,0	0,0	75,0	0,0	18,0	0,0	18,0	0,0	11,0	11,0	0,0	0,0
50068	Calatorao	2017	Secano	177,0	72,0	2,0	0,0	0,0	8,0	6,0	4,0	0,0	0,0	0,0	1,0	46,0	0,0	0,0	3,0	2,0	75,0	0,0	75,0	0,0	30,0	30,0	0,0	0,0
50069	Calcena	2017	Regadío											0,0														
50069	Calcena	2017	Secano											0,0														
50070	Calmarza	2017	Regadío	0,0	0,0	0,0	0,0	0,0	0,0	0,0	0,0	0,0	0,0	0,0	0,0	0,0	0,0	0,0	0,0	0,0	0,0	0,0	0,0	0,0	0,0	0,0	0,0	0,0
50070	Calmarza	2017	Secano	27,0	27,0	0,0	0,0	0,0	0,0	0,0	0,0	0,0	0,0	0,0	0,0	27,0	0,0	0,0	0,0	0,0	0,0	0,0	0,0	0,0	0,0	0,0	0,0	0,0
50071	Campillo de Aragón	2017	Regadío	0,0	0,0	0,0	0,0	0,0	0,0	0,0	0,0	0,0	0,0	0,0	0,0	0,0	0,0	0,0	0,0	0,0	0,0	0,0	0,0	0,0	0,0	0,0	0,0	0,0
50071	Campillo de Aragón	2017	Secano	22,0	22,0	0,0	0,0	0,0	0,0	21,0	0,0	0,0	0,0	0,0	0,0	1,0	0,0	0,0	0,0	0,0	0,0	0,0	0,0	0,0	0,0	0,0	0,0	0,0
50072	Carenas	2017	Regadío	2,0	2,0	0,0	0,0	0,0	0,0	0,0	0,0	1,0	0,0	0,0	0,0	0,0	1,0	0,0	0,0	0,0	0,0	0,0	0,0	0,0	0,0	0,0	0,0	0,0
50072	Carenas	2017	Secano	39,0	35,0	0,0	0,0	0,0	0,0	1,0	0,0	0,0	0,0	0,0	0,0	34,0	0,0	0,0	0,0	0,0	2,0	0,0	2,0	0,0	2,0	2,0	0,0	0,0
50073	Cariñena	2017	Regadío	1966,0	240,0	96,0	38,0	0,0	22,0	18,0	28,0	26,0	0,0	0,0	0,0	7,0	0,0	0,0	5,0	0,0	1709,0	0,0	1709,0	0,0	17,0	17,0	0,0	0,0
50073	Cariñena	2017	Secano	3160,0	92,0	5,0	0,0	0,0	0,0	0,0	0,0	0,0	0,0	0,0	0,0	87,0	0,0	0,0	0,0	0,0	3042,0	1,0	3039,0	2,0	22,0	22,0	4,0	0,0
50074	Caspe	2017	Regadío	4097,0	3381,0	16,0	66,0	0,0	360,0	647,0	803,0	88,0	6,0	0,0	0,0	785,0	10,0	0,0	584,0	16,0	38,0	28,0	10,0	0,0	677,0	677,0	1,0	0,0
50074	Caspe	2017	Secano	1274,0	788,0	0,0	0,0	0,0	11,0	40,0	75,0	1,0	0,0	0,0	0,0	585,0	0,0	0,0	76,0	0,0	45,0	2,0	41,0	2,0	441,0	441,0	0,0	0,0
50075	Castejón de Alarba	2017	Regadío	12,0	12,0	0,0	0,0	0,0	0,0	12,0	0,0	0,0	0,0	0,0	0,0	0,0	0,0	0,0	0,0	0,0	0,0	0,0	0,0	0,0	0,0	0,0	0,0	0,0
50075	Castejón de Alarba	2017	Secano	372,0	284,0	0,0	0,0	0,0	0,0	57,0	5,0	1,0	0,0	0,0	0,0	221,0	0,0	0,0	0,0	0,0	88,0	0,0	88,0	0,0	0,0	0,0	0,0	0,0
50076	Castejón de las Armas	2017	Regadío	2,0	2,0	0,0	0,0	0,0	0,0	0,0	0,0	2,0	0,0	0,0	0,0	0,0	0,0	0,0	0,0	0,0	0,0	0,0	0,0	0,0	0,0	0,0	0,0	0,0
50076	Castejón de las Armas	2017	Secano	21,0	11,0	0,0	0,0	0,0	0,0	2,0	0,0	0,0	0,0	0,0	0,0	9,0	0,0	0,0	0,0	0,0	10,0	0,0	10,0	0,0	0,0	0,0	0,0	0,0
50077	Castejón de Valdejasa	2017	Regadío	31,0	0,0	0,0	0,0	0,0	0,0	0,0	0,0	0,0	0,0	0,0	0,0	0,0	0,0	0,0	0,0	0,0	0,0	0,0	0,0	0,0	31,0	31,0	0,0	0,0
50077	Castejón de Valdejasa	2017	Secano	122,0	50,0	0,0	0,0	0,0	0,0	0,0	0,0	0,0	0,0	0,0	8,0	42,0	0,0	0,0	0,0	0,0	39,0	0,0	39,0	0,0	33,0	33,0	0,0	0,0
50078	Castiliscar	2017	Regadío	1,0	0,0	0,0	0,0	0,0	0,0	0,0	0,0	0,0	0,0	0,0	0,0	0,0	0,0	0,0	0,0	0,0	0,0	0,0	0,0	0,0	1,0	1,0	0,0	0,0
50078	Castiliscar	2017	Secano	13,0	7,0	0,0	0,0	0,0	0,0	0,0	0,0	0,0	0,0	0,0	0,0	7,0	0,0	0,0	0,0	0,0	1,0	0,0	1,0	0,0	5,0	5,0	0,0	0,0
50079	Cervera de la Cañada	2017	Regadío	49,0	7,0	1,0	2,0	0,0	0,0	1,0	2,0	1,0	0,0	0,0	0,0	0,0	0,0	0,0	0,0	0,0	41,0	0,0	41,0	0,0	1,0	1,0	0,0	0,0
50079	Cervera de la Cañada	2017	Secano	732,0	130,0	0,0	0,0	0,0	0,0	24,0	0,0	1,0	0,0	0,0	0,0	105,0	0,0	0,0	0,0	0,0	577,0	0,0	577,0	0,0	20,0	20,0	5,0	0,0
50080	Cerveruela	2017	Regadío	0,0	0,0	0,0	0,0	0,0	0,0	0,0	0,0	0,0	0,0	0,0	0,0	0,0	0,0	0,0	0,0	0,0	0,0	0,0	0,0	0,0	0,0	0,0	0,0	0,0
50080	Cerveruela	2017	Secano	8,0	0,0	0,0	0,0	0,0	0,0	0,0	0,0	0,0	0,0	0,0	0,0	0,0	0,0	0,0	0,0	0,0	8,0	0,0	8,0	0,0	0,0	0,0	0,0	0,0
50081	Cetina	2017	Regadío	0,0	0,0	0,0	0,0	0,0	0,0	0,0	0,0	0,0	0,0	0,0	0,0	0,0	0,0	0,0	0,0	0,0	0,0	0,0	0,0	0,0	0,0	0,0	0,0	0,0
50081	Cetina	2017	Secano	44,0	28,0	0,0	0,0	0,0	0,0	0,0	0,0	0,0	0,0	0,0	0,0	28,0	0,0	0,0	0,0	0,0	15,0	0,0	15,0	0,0	0,0	0,0	1,0	0,0
50082	Cimballa	2017	Regadío	1,0	1,0	1,0	0,0	0,0	0,0	0,0	0,0	0,0	0,0	0,0	0,0	0,0	0,0	0,0	0,0	0,0	0,0	0,0	0,0	0,0	0,0	0,0	0,0	0,0
50082	Cimballa	2017	Secano	9,0	4,0	0,0	0,0	0,0	0,0	2,0	0,0	0,0	0,0	0,0	0,0	1,0	1,0	0,0	0,0	0,0	5,0	0,0	5,0	0,0	0,0	0,0	0,0	0,0
50083	Cinco Olivas	2017	Regadío	2,0	2,0	0,0	0,0	0,0	0,0	0,0	1,0	1,0	0,0	0,0	0,0	0,0	0,0	0,0	0,0	0,0	0,0	0,0	0,0	0,0	0,0	0,0	0,0	0,0
50083	Cinco Olivas	2017	Secano	0,0	0,0	0,0	0,0	0,0	0,0	0,0	0,0	0,0	0,0	0,0	0,0	0,0	0,0	0,0	0,0	0,0	0,0	0,0	0,0	0,0	0,0	0,0	0,0	0,0
50084	Clarés de Ribota	2017	Regadío	2,0	2,0	0,0	0,0	0,0	0,0	2,0	0,0	0,0	0,0	0,0	0,0	0,0	0,0	0,0	0,0	0,0	0,0	0,0	0,0	0,0	0,0	0,0	0,0	0,0
50084	Clarés de Ribota	2017	Secano	88,0	68,0	0,0	0,0	0,0	0,0	14,0	0,0	0,0	0,0	0,0	0,0	54,0	0,0	0,0	0,0	0,0	20,0	0,0	20,0	0,0	0,0	0,0	0,0	0,0
50085	Codo	2017	Regadío	39,0	23,0	0,0	0,0	0,0	0,0	0,0	0,0	0,0	0,0	0,0	0,0	23,0	0,0	0,0	0,0	0,0	0,0	0,0	0,0	0,0	16,0	16,0	0,0	0,0
50085	Codo	2017	Secano	15,0	11,0	0,0	0,0	0,0	0,0	0,0	0,0	0,0	0,0	0,0	0,0	11,0	0,0	0,0	0,0	0,0	0,0	0,0	0,0	0,0	4,0	4,0	0,0	0,0
50086	Codos	2017	Regadío	122,0	115,0	0,0	1,0	0,0	0,0	105,0	2,0	4,0	0,0	0,0	0,0	3,0	0,0	0,0	0,0	0,0	0,0	0,0	0,0	0,0	7,0	7,0	0,0	0,0
50086	Codos	2017	Secano	185,0	124,0	0,0	0,0	0,0	0,0	80,0	0,0	2,0	0,0	0,0	0,0	42,0	0,0	0,0	0,0	0,0	48,0	0,0	48,0	0,0	13,0	13,0	0,0	0,0
50087	Contamina	2017	Regadío	2,0	1,0	0,0	0,0	0,0	0,0	0,0	0,0	0,0	0,0	0,0	0,0	0,0	1,0	0,0	0,0	0,0	0,0	0,0	0,0	0,0	0,0	0,0	1,0	0,0
50087	Contamina	2017	Secano	3,0	2,0	0,0	0,0	0,0	0,0	0,0	0,0	0,0	0,0	0,0	0,0	2,0	0,0	0,0	0,0	0,0	1,0	0,0	1,0	0,0	0,0	0,0	0,0	0,0
50088	Cosuenda	2017	Regadío	184,0	4,0	0,0	0,0	0,0	0,0	2,0	0,0	0,0	0,0	0,0	0,0	2,0	0,0	0,0	0,0	0,0	173,0	0,0	173,0	0,0	7,0	7,0	0,0	0,0
50088	Cosuenda	2017	Secano	735,0	206,0	0,0	0,0	0,0	0,0	11,0	0,0	0,0	0,0	0,0	0,0	195,0	0,0	0,0	0,0	0,0	443,0	0,0	443,0	0,0	86,0	86,0	0,0	0,0
50089	Cuarte de Huerva	2017	Regadío	8,0	0,0	0,0	0,0	0,0	0,0	0,0	0,0	0,0	0,0	0,0	0,0	0,0	0,0	0,0	0,0	0,0	8,0	0,0	8,0	0,0	0,0	0,0	0,0	0,0
50089	Cuarte de Huerva	2017	Secano	11,0	0,0	0,0	0,0	0,0	0,0	0,0	0,0	0,0	0,0	0,0	0,0	0,0	0,0	0,0	0,0	0,0	11,0	2,0	9,0	0,0	0,0	0,0	0,0	0,0
50090	Cubel	2017	Regadío	0,0	0,0	0,0	0,0	0,0	0,0	0,0	0,0	0,0	0,0	0,0	0,0	0,0	0,0	0,0	0,0	0,0	0,0	0,0	0,0	0,0	0,0	0,0	0,0	0,0
50090	Cubel	2017	Secano	1,0	0,0	0,0	0,0	0,0	0,0	0,0	0,0	0,0	0,0	0,0	0,0	0,0	0,0	0,0	0,0	0,0	0,0	0,0	0,0	0,0	1,0	1,0	0,0	0,0
50091	Cuerlas (Las)	2017	Regadío											0,0														
50091	Cuerlas (Las)	2017	Secano											0,0														
50092	Chiprana	2017	Regadío	472,0	389,0	0,0	0,0	0,0	11,0	14,0	122,0	1,0	0,0	0,0	0,0	167,0	0,0	0,0	74,0	0,0	0,0	0,0	0,0	0,0	83,0	83,0	0,0	0,0
50092	Chiprana	2017	Secano	41,0	19,0	0,0	0,0	0,0	0,0	1,0	2,0	0,0	0,0	0,0	0,0	15,0	0,0	0,0	1,0	0,0	0,0	0,0	0,0	0,0	22,0	22,0	0,0	0,0
50093	Chodes	2017	Regadío	38,0	33,0	18,0	8,0	0,0	0,0	0,0	4,0	3,0	0,0	0,0	0,0	0,0	0,0	0,0	0,0	0,0	0,0	0,0	0,0	0,0	5,0	5,0	0,0	0,0
50093	Chodes	2017	Secano	40,0	8,0	0,0	0,0	0,0	0,0	1,0	0,0	0,0	0,0	0,0	0,0	7,0	0,0	0,0	0,0	0,0	4,0	0,0	4,0	0,0	28,0	28,0	0,0	0,0
50094	Daroca	2017	Regadío	9,0	4,0	0,0	0,0	0,0	0,0	1,0	0,0	0,0	0,0	0,0	0,0	3,0	0,0	0,0	0,0	0,0	4,0	0,0	4,0	0,0	0,0	0,0	1,0	0,0
50094	Daroca	2017	Secano	200,0	67,0	0,0	0,0	0,0	0,0	4,0	0,0	0,0	0,0	0,0	1,0	57,0	5,0	0,0	0,0	0,0	130,0	0,0	130,0	0,0	0,0	0,0	3,0	0,0
50095	Ejea de los Caballeros	2017	Regadío	1030,0	855,0	24,0	6,0	0,0	0,0	0,0	1,0	0,0	0,0	0,0	9,0	797,0	17,0	0,0	0,0	1,0	54,0	0,0	54,0	0,0	110,0	110,0	11,0	0,0
50095	Ejea de los Caballeros	2017	Secano	48,0	37,0	0,0	0,0	0,0	0,0	0,0	0,0	0,0	0,0	0,0	5,0	32,0	0,0	0,0	0,0	0,0	9,0	0,0	9,0	0,0	2,0	2,0	0,0	0,0
50096	Embid de Ariza	2017	Regadío	0,0	0,0	0,0	0,0	0,0	0,0	0,0	0,0	0,0	0,0	0,0	0,0	0,0	0,0	0,0	0,0	0,0	0,0	0,0	0,0	0,0	0,0	0,0	0,0	0,0
50096	Embid de Ariza	2017	Secano	6,0	2,0	0,0	0,0	0,0	0,0	0,0	0,0	0,0	0,0	0,0	0,0	2,0	0,0	0,0	0,0	0,0	4,0	0,0	4,0	0,0	0,0	0,0	0,0	0,0
50098	Encinacorba	2017	Regadío	29,0	0,0	0,0	0,0	0,0	0,0	0,0	0,0	0,0	0,0	0,0	0,0	0,0	0,0	0,0	0,0	0,0	29,0	0,0	29,0	0,0	0,0	0,0	0,0	0,0
50098	Encinacorba	2017	Secano	513,0	65,0	0,0	0,0	0,0	0,0	8,0	0,0	0,0	0,0	0,0	1,0	56,0	0,0	0,0	0,0	0,0	429,0	27,0	402,0	0,0	5,0	5,0	14,0	0,0
50099	Épila	2017	Regadío	1422,0	1273,0	447,0	157,0	0,0	50,0	203,0	42,0	50,0	3,0	0,0	0,0	263,0	13,0	0,0	45,0	0,0	12,0	0,0	12,0	0,0	137,0	137,0	0,0	0,0
50099	Épila	2017	Secano	1061,0	824,0	1,0	3,0	0,0	0,0	11,0	9,0	2,0	0,0	0,0	0,0	797,0	0,0	0,0	1,0	0,0	90,0	0,0	90,0	0,0	147,0	147,0	0,0	0,0
50100	Erla	2017	Regadío	14,0	13,0	0,0	0,0	0,0	0,0	0,0	0,0	0,0	0,0	0,0	0,0	13,0	0,0	0,0	0,0	0,0	0,0	0,0	0,0	0,0	1,0	1,0	0,0	0,0
50100	Erla	2017	Secano	1,0	1,0	0,0	0,0	0,0	0,0	0,0	0,0	0,0	0,0	0,0	0,0	1,0	0,0	0,0	0,0	0,0	0,0	0,0	0,0	0,0	0,0	0,0	0,0	0,0
50101	Escatrón	2017	Regadío	664,0	75,0	0,0	0,0	0,0	0,0	0,0	30,0	0,0	0,0	0,0	0,0	17,0	0,0	0,0	28,0	0,0	0,0	0,0	0,0	0,0	589,0	589,0	0,0	0,0
50101	Escatrón	2017	Secano	15,0	2,0	0,0	0,0	0,0	0,0	0,0	2,0	0,0	0,0	0,0	0,0	0,0	0,0	0,0	0,0	0,0	0,0	0,0	0,0	0,0	13,0	13,0	0,0	0,0
50102	Fabara	2017	Regadío	748,0	634,0	0,0	1,0	0,0	3,0	7,0	119,0	35,0	2,0	0,0	0,0	459,0	0,0	0,0	6,0	2,0	16,0	0,0	16,0	0,0	98,0	98,0	0,0	0,0
50102	Fabara	2017	Secano	2238,0	1609,0	0,0	0,0	0,0	0,0	0,0	15,0	1,0	0,0	0,0	0,0	1593,0	0,0	0,0	0,0	0,0	45,0	0,0	45,0	0,0	584,0	584,0	0,0	0,0
50104	Farlete	2017	Regadío	0,0	0,0	0,0	0,0	0,0	0,0	0,0	0,0	0,0	0,0	0,0	0,0	0,0	0,0	0,0	0,0	0,0	0,0	0,0	0,0	0,0	0,0	0,0	0,0	0,0
50104	Farlete	2017	Secano	31,0	24,0	0,0	0,0	0,0	0,0	0,0	0,0	0,0	0,0	0,0	0,0	24,0	0,0	0,0	0,0	0,0	0,0	0,0	0,0	0,0	7,0	7,0	0,0	0,0
50105	Fayón	2017	Regadío	100,0	98,0	0,0	0,0	0,0	5,0	37,0	5,0	18,0	0,0	0,0	0,0	32,0	1,0	0,0	0,0	0,0	0,0	0,0	0,0	0,0	2,0	2,0	0,0	0,0
50105	Fayón	2017	Secano	430,0	288,0	0,0	0,0	0,0	0,0	0,0	1,0	0,0	0,0	0,0	0,0	287,0	0,0	0,0	0,0	0,0	0,0	0,0	0,0	0,0	142,0	142,0	0,0	0,0
50106	Fayos (Los)	2017	Regadío	1,0	0,0	0,0	0,0	0,0	0,0	0,0	0,0	0,0	0,0	0,0	0,0	0,0	0,0	0,0	0,0	0,0	0,0	0,0	0,0	0,0	1,0	1,0	0,0	0,0
50106	Fayos (Los)	2017	Secano	0,0	0,0	0,0	0,0	0,0	0,0	0,0	0,0	0,0	0,0	0,0	0,0	0,0	0,0	0,0	0,0	0,0	0,0	0,0	0,0	0,0	0,0	0,0	0,0	0,0
50107	Figueruelas	2017	Regadío	61,0	38,0	5,0	0,0	0,0	0,0	2,0	0,0	0,0	0,0	0,0	0,0	31,0	0,0	0,0	0,0	0,0	2,0	0,0	2,0	0,0	21,0	21,0	0,0	0,0
50107	Figueruelas	2017	Secano	2,0	1,0	0,0	0,0	0,0	0,0	0,0	0,0	0,0	0,0	0,0	0,0	1,0	0,0	0,0	0,0	0,0	0,0	0,0	0,0	0,0	1,0	1,0	0,0	0,0
50108	Fombuena	2017	Regadío											0,0														
50108	Fombuena	2017	Secano											0,0														
50109	Frago (El)	2017	Regadío	0,0	0,0	0,0	0,0	0,0	0,0	0,0	0,0	0,0	0,0	0,0	0,0	0,0	0,0	0,0	0,0	0,0	0,0	0,0	0,0	0,0	0,0	0,0	0,0	0,0
50109	Frago (El)	2017	Secano	14,0	2,0	0,0	0,0	0,0	0,0	0,0	0,0	0,0	0,0	0,0	0,0	2,0	0,0	0,0	0,0	0,0	0,0	0,0	0,0	0,0	0,0	0,0	12,0	0,0
50110	Frasno (El)	2017	Regadío	230,0	157,0	0,0	1,0	0,0	0,0	144,0	0,0	1,0	0,0	0,0	0,0	11,0	0,0	0,0	0,0	0,0	36,0	0,0	36,0	0,0	37,0	37,0	0,0	0,0
50110	Frasno (El)	2017	Secano	822,0	680,0	0,0	0,0	0,0	2,0	251,0	0,0	0,0	0,0	0,0	0,0	427,0	0,0	0,0	0,0	0,0	52,0	0,0	52,0	0,0	90,0	90,0	0,0	0,0
50111	Fréscano	2017	Regadío	79,0	58,0	0,0	0,0	0,0	0,0	0,0	0,0	0,0	0,0	0,0	0,0	58,0	0,0	0,0	0,0	0,0	4,0	0,0	4,0	0,0	17,0	17,0	0,0	0,0
50111	Fréscano	2017	Secano	5,0	4,0	0,0	0,0	0,0	0,0	0,0	0,0	0,0	0,0	0,0	0,0	4,0	0,0	0,0	0,0	0,0	0,0	0,0	0,0	0,0	1,0	1,0	0,0	0,0
50113	Fuendejalón	2017	Regadío	853,0	42,0	0,0	0,0	0,0	0,0	0,0	2,0	0,0	0,0	0,0	1,0	39,0	0,0	0,0	0,0	0,0	750,0	0,0	748,0	2,0	61,0	61,0	0,0	0,0
50113	Fuendejalón	2017	Secano	2563,0	762,0	0,0	0,0	0,0	0,0	0,0	0,0	0,0	0,0	0,0	1,0	761,0	0,0	0,0	0,0	0,0	1689,0	0,0	1689,0	0,0	112,0	112,0	0,0	0,0
50114	Fuendetodos	2017	Regadío	0,0	0,0	0,0	0,0	0,0	0,0	0,0	0,0	0,0	0,0	0,0	0,0	0,0	0,0	0,0	0,0	0,0	0,0	0,0	0,0	0,0	0,0	0,0	0,0	0,0
50114	Fuendetodos	2017	Secano	11,0	7,0	0,0	0,0	0,0	0,0	0,0	0,0	0,0	0,0	0,0	0,0	7,0	0,0	0,0	0,0	0,0	1,0	0,0	1,0	0,0	1,0	1,0	2,0	0,0
50115	Fuentes de Ebro	2017	Regadío	349,0	59,0	0,0	0,0	0,0	1,0	1,0	6,0	0,0	1,0	0,0	0,0	50,0	0,0	0,0	0,0	0,0	15,0	0,0	15,0	0,0	275,0	275,0	0,0	0,0
50115	Fuentes de Ebro	2017	Secano	21,0	10,0	0,0	0,0	0,0	0,0	0,0	0,0	0,0	0,0	0,0	0,0	10,0	0,0	0,0	0,0	0,0	4,0	0,0	4,0	0,0	7,0	7,0	0,0	0,0
50116	Fuentes de Jiloca	2017	Regadío	91,0	91,0	11,0	50,0	0,0	0,0	0,0	14,0	13,0	0,0	0,0	0,0	3,0	0,0	0,0	0,0	0,0	0,0	0,0	0,0	0,0	0,0	0,0	0,0	0,0
50116	Fuentes de Jiloca	2017	Secano	74,0	50,0	1,0	2,0	0,0	0,0	0,0	2,0	0,0	0,0	0,0	0,0	45,0	0,0	0,0	0,0	0,0	24,0	0,0	24,0	0,0	0,0	0,0	0,0	0,0
50117	Gallocanta	2017	Regadío	0,0	0,0	0,0	0,0	0,0	0,0	0,0	0,0	0,0	0,0	0,0	0,0	0,0	0,0	0,0	0,0	0,0	0,0	0,0	0,0	0,0	0,0	0,0	0,0	0,0
50117	Gallocanta	2017	Secano	7,0	1,0	0,0	0,0	0,0	0,0	0,0	0,0	0,0	0,0	0,0	0,0	1,0	0,0	0,0	0,0	0,0	0,0	0,0	0,0	0,0	0,0	0,0	6,0	0,0
50118	Gallur	2017	Regadío	4,0	2,0	0,0	1,0	0,0	1,0	0,0	0,0	0,0	0,0	0,0	0,0	0,0	0,0	0,0	0,0	0,0	1,0	0,0	1,0	0,0	1,0	1,0	0,0	0,0
50118	Gallur	2017	Secano	10,0	8,0	0,0	0,0	0,0	0,0	0,0	0,0	0,0	0,0	0,0	0,0	8,0	0,0	0,0	0,0	0,0	2,0	0,0	2,0	0,0	0,0	0,0	0,0	0,0
50119	Gelsa	2017	Regadío	109,0	4,0	0,0	0,0	0,0	0,0	0,0	0,0	0,0	0,0	0,0	0,0	4,0	0,0	0,0	0,0	0,0	0,0	0,0	0,0	0,0	105,0	105,0	0,0	0,0
50119	Gelsa	2017	Secano	3,0	0,0	0,0	0,0	0,0	0,0	0,0	0,0	0,0	0,0	0,0	0,0	0,0	0,0	0,0	0,0	0,0	0,0	0,0	0,0	0,0	3,0	3,0	0,0	0,0
50120	Godojos	2017	Regadío	1,0	0,0	0,0	0,0	0,0	0,0	0,0	0,0	0,0	0,0	0,0	0,0	0,0	0,0	0,0	0,0	0,0	1,0	0,0	1,0	0,0	0,0	0,0	0,0	0,0
50120	Godojos	2017	Secano	106,0	66,0	0,0	0,0	0,0	0,0	2,0	0,0	0,0	0,0	0,0	0,0	64,0	0,0	0,0	0,0	0,0	38,0	0,0	38,0	0,0	2,0	2,0	0,0	0,0
50121	Gotor	2017	Regadío	22,0	20,0	2,0	1,0	0,0	0,0	10,0	0,0	0,0	0,0	0,0	0,0	7,0	0,0	0,0	0,0	0,0	0,0	0,0	0,0	0,0	2,0	2,0	0,0	0,0
50121	Gotor	2017	Secano	179,0	152,0	0,0	0,0	0,0	0,0	13,0	0,0	0,0	0,0	0,0	0,0	139,0	0,0	0,0	0,0	0,0	10,0	0,0	10,0	0,0	17,0	17,0	0,0	0,0
50122	Grisel	2017	Regadío	53,0	18,0	0,0	0,0	0,0	0,0	3,0	0,0	0,0	0,0	0,0	0,0	15,0	0,0	0,0	0,0	0,0	6,0	0,0	6,0	0,0	29,0	29,0	0,0	0,0
50122	Grisel	2017	Secano	18,0	9,0	0,0	0,0	0,0	0,0	0,0	0,0	0,0	0,0	0,0	0,0	9,0	0,0	0,0	0,0	0,0	7,0	0,0	7,0	0,0	1,0	1,0	1,0	0,0
50123	Grisén	2017	Regadío	18,0	17,0	11,0	1,0	0,0	0,0	0,0	2,0	1,0	0,0	0,0	0,0	0,0	0,0	0,0	2,0	0,0	0,0	0,0	0,0	0,0	1,0	1,0	0,0	0,0
50123	Grisén	2017	Secano	0,0	0,0	0,0	0,0	0,0	0,0	0,0	0,0	0,0	0,0	0,0	0,0	0,0	0,0	0,0	0,0	0,0	0,0	0,0	0,0	0,0	0,0	0,0	0,0	0,0
50124	Herrera de los Navarros	2017	Regadío	38,0	38,0	0,0	0,0	0,0	0,0	0,0	0,0	0,0	0,0	0,0	0,0	38,0	0,0	0,0	0,0	0,0	0,0	0,0	0,0	0,0	0,0	0,0	0,0	0,0
50124	Herrera de los Navarros	2017	Secano	522,0	510,0	0,0	0,0	0,0	0,0	0,0	0,0	0,0	0,0	0,0	0,0	510,0	0,0	0,0	0,0	0,0	0,0	0,0	0,0	0,0	12,0	12,0	0,0	0,0
50125	Ibdes	2017	Regadío	16,0	11,0	2,0	1,0	0,0	0,0	1,0	0,0	1,0	0,0	0,0	0,0	6,0	0,0	0,0	0,0	0,0	5,0	0,0	5,0	0,0	0,0	0,0	0,0	0,0
50125	Ibdes	2017	Secano	810,0	673,0	0,0	0,0	0,0	0,0	19,0	3,0	2,0	0,0	0,0	0,0	649,0	0,0	0,0	0,0	0,0	136,0	0,0	136,0	0,0	1,0	1,0	0,0	0,0
50126	Illueca	2017	Regadío	10,0	4,0	0,0	0,0	0,0	0,0	2,0	0,0	0,0	0,0	0,0	0,0	1,0	1,0	0,0	0,0	0,0	0,0	0,0	0,0	0,0	6,0	6,0	0,0	0,0
50126	Illueca	2017	Secano	176,0	138,0	0,0	0,0	0,0	0,0	14,0	0,0	0,0	0,0	0,0	0,0	124,0	0,0	0,0	0,0	0,0	12,0	0,0	12,0	0,0	26,0	26,0	0,0	0,0
50128	Isuerre	2017	Regadío	0,0	0,0	0,0	0,0	0,0	0,0	0,0	0,0	0,0	0,0	0,0	0,0	0,0	0,0	0,0	0,0	0,0	0,0	0,0	0,0	0,0	0,0	0,0	0,0	0,0
50128	Isuerre	2017	Secano	6,0	0,0	0,0	0,0	0,0	0,0	0,0	0,0	0,0	0,0	0,0	0,0	0,0	0,0	0,0	0,0	0,0	1,0	0,0	1,0	0,0	5,0	5,0	0,0	0,0
50129	Jaraba	2017	Regadío	4,0	2,0	0,0	0,0	0,0	0,0	0,0	0,0	0,0	0,0	0,0	0,0	2,0	0,0	0,0	0,0	0,0	2,0	0,0	2,0	0,0	0,0	0,0	0,0	0,0
50129	Jaraba	2017	Secano	242,0	237,0	0,0	0,0	0,0	0,0	16,0	0,0	0,0	0,0	0,0	0,0	221,0	0,0	0,0	0,0	0,0	5,0	0,0	5,0	0,0	0,0	0,0	0,0	0,0
50130	Jarque	2017	Regadío	51,0	45,0	0,0	0,0	0,0	0,0	21,0	5,0	1,0	0,0	0,0	0,0	17,0	1,0	0,0	0,0	0,0	1,0	0,0	1,0	0,0	5,0	5,0	0,0	0,0
50130	Jarque	2017	Secano	524,0	424,0	0,0	0,0	0,0	0,0	20,0	0,0	0,0	0,0	0,0	0,0	404,0	0,0	0,0	0,0	0,0	36,0	0,0	36,0	0,0	62,0	62,0	2,0	0,0
50131	Jaulín	2017	Regadío	0,0	0,0	0,0	0,0	0,0	0,0	0,0	0,0	0,0	0,0	0,0	0,0	0,0	0,0	0,0	0,0	0,0	0,0	0,0	0,0	0,0	0,0	0,0	0,0	0,0
50131	Jaulín	2017	Secano	29,0	26,0	0,0	0,0	0,0	0,0	0,0	0,0	0,0	0,0	0,0	0,0	26,0	0,0	0,0	0,0	0,0	1,0	0,0	1,0	0,0	2,0	2,0	0,0	0,0
50132	Joyosa (La)	2017	Regadío	22,0	13,0	12,0	1,0	0,0	0,0	0,0	0,0	0,0	0,0	0,0	0,0	0,0	0,0	0,0	0,0	0,0	0,0	0,0	0,0	0,0	0,0	0,0	9,0	0,0
50132	Joyosa (La)	2017	Secano	0,0	0,0	0,0	0,0	0,0	0,0	0,0	0,0	0,0	0,0	0,0	0,0	0,0	0,0	0,0	0,0	0,0	0,0	0,0	0,0	0,0	0,0	0,0	0,0	0,0
50133	Lagata	2017	Regadío	13,0	9,0	1,0	5,0	0,0	0,0	0,0	0,0	0,0	0,0	0,0	0,0	3,0	0,0	0,0	0,0	0,0	1,0	0,0	1,0	0,0	3,0	3,0	0,0	0,0
50133	Lagata	2017	Secano	7,0	7,0	1,0	0,0	0,0	0,0	0,0	0,0	0,0	0,0	0,0	0,0	6,0	0,0	0,0	0,0	0,0	0,0	0,0	0,0	0,0	0,0	0,0	0,0	0,0
50134	Langa del Castillo	2017	Regadío	0,0	0,0	0,0	0,0	0,0	0,0	0,0	0,0	0,0	0,0	0,0	0,0	0,0	0,0	0,0	0,0	0,0	0,0	0,0	0,0	0,0	0,0	0,0	0,0	0,0
50134	Langa del Castillo	2017	Secano	9,0	1,0	0,0	0,0	0,0	0,0	0,0	0,0	0,0	0,0	0,0	0,0	1,0	0,0	0,0	0,0	0,0	0,0	0,0	0,0	0,0	0,0	0,0	8,0	0,0
50135	Layana	2017	Regadío											0,0														
50135	Layana	2017	Secano											0,0														
50136	Lécera	2017	Regadío	99,0	5,0	0,0	0,0	0,0	0,0	0,0	0,0	0,0	0,0	0,0	0,0	5,0	0,0	0,0	0,0	0,0	92,0	0,0	92,0	0,0	2,0	2,0	0,0	0,0
50136	Lécera	2017	Secano	433,0	291,0	0,0	0,0	0,0	0,0	0,0	0,0	0,0	0,0	0,0	0,0	290,0	1,0	0,0	0,0	0,0	137,0	0,0	137,0	0,0	5,0	5,0	0,0	0,0
50137	Leciñena	2017	Regadío	0,0	0,0	0,0	0,0	0,0	0,0	0,0	0,0	0,0	0,0	0,0	0,0	0,0	0,0	0,0	0,0	0,0	0,0	0,0	0,0	0,0	0,0	0,0	0,0	0,0
50137	Leciñena	2017	Secano	110,0	6,0	0,0	0,0	0,0	0,0	0,0	0,0	0,0	0,0	0,0	0,0	6,0	0,0	0,0	0,0	0,0	18,0	0,0	18,0	0,0	86,0	86,0	0,0	0,0
50138	Lechón	2017	Regadío	0,0	0,0	0,0	0,0	0,0	0,0	0,0	0,0	0,0	0,0	0,0	0,0	0,0	0,0	0,0	0,0	0,0	0,0	0,0	0,0	0,0	0,0	0,0	0,0	0,0
50138	Lechón	2017	Secano	23,0	0,0	0,0	0,0	0,0	0,0	0,0	0,0	0,0	0,0	0,0	0,0	0,0	0,0	0,0	0,0	0,0	0,0	0,0	0,0	0,0	0,0	0,0	23,0	0,0
50139	Letux	2017	Regadío	57,0	26,0	3,0	7,0	0,0	1,0	0,0	0,0	3,0	0,0	0,0	0,0	8,0	4,0	0,0	0,0	0,0	0,0	0,0	0,0	0,0	31,0	31,0	0,0	0,0
50139	Letux	2017	Secano	84,0	57,0	0,0	0,0	0,0	0,0	0,0	0,0	0,0	0,0	0,0	3,0	54,0	0,0	0,0	0,0	0,0	20,0	0,0	20,0	0,0	7,0	7,0	0,0	0,0
50140	Litago	2017	Regadío	4,0	3,0	0,0	0,0	0,0	0,0	0,0	0,0	0,0	0,0	0,0	0,0	1,0	2,0	0,0	0,0	0,0	0,0	0,0	0,0	0,0	1,0	1,0	0,0	0,0
50140	Litago	2017	Secano	7,0	5,0	0,0	0,0	0,0	0,0	0,0	0,0	0,0	0,0	0,0	0,0	5,0	0,0	0,0	0,0	0,0	0,0	0,0	0,0	0,0	0,0	0,0	2,0	0,0
50141	Lituénigo	2017	Regadío	9,0	4,0	0,0	0,0	0,0	0,0	0,0	0,0	0,0	0,0	0,0	0,0	3,0	1,0	0,0	0,0	0,0	0,0	0,0	0,0	0,0	5,0	5,0	0,0	0,0
50141	Lituénigo	2017	Secano	39,0	30,0	0,0	0,0	0,0	0,0	0,0	0,0	0,0	0,0	0,0	0,0	30,0	0,0	0,0	0,0	0,0	9,0	0,0	9,0	0,0	0,0	0,0	0,0	0,0
50142	Lobera de Onsella	2017	Regadío	0,0	0,0	0,0	0,0	0,0	0,0	0,0	0,0	0,0	0,0	0,0	0,0	0,0	0,0	0,0	0,0	0,0	0,0	0,0	0,0	0,0	0,0	0,0	0,0	0,0
50142	Lobera de Onsella	2017	Secano	3,0	0,0	0,0	0,0	0,0	0,0	0,0	0,0	0,0	0,0	0,0	0,0	0,0	0,0	0,0	0,0	0,0	3,0	0,0	3,0	0,0	0,0	0,0	0,0	0,0
50143	Longares	2017	Regadío	578,0	5,0	0,0	0,0	0,0	0,0	0,0	0,0	0,0	0,0	0,0	0,0	5,0	0,0	0,0	0,0	0,0	564,0	0,0	564,0	0,0	9,0	9,0	0,0	0,0
50143	Longares	2017	Secano	1295,0	55,0	0,0	0,0	0,0	0,0	1,0	0,0	0,0	0,0	0,0	0,0	54,0	0,0	0,0	0,0	0,0	1185,0	0,0	1185,0	0,0	52,0	52,0	3,0	0,0
50144	Longás	2017	Regadío											0,0														
50144	Longás	2017	Secano											0,0														
50146	Lucena de Jalón	2017	Regadío	272,0	254,0	114,0	30,0	0,0	4,0	70,0	12,0	0,0	0,0	0,0	0,0	23,0	1,0	0,0	0,0	0,0	15,0	0,0	15,0	0,0	3,0	3,0	0,0	0,0
50146	Lucena de Jalón	2017	Secano	21,0	16,0	0,0	0,0	0,0	0,0	2,0	2,0	0,0	0,0	0,0	0,0	12,0	0,0	0,0	0,0	0,0	2,0	0,0	2,0	0,0	3,0	3,0	0,0	0,0
50147	Luceni	2017	Regadío	90,0	14,0	5,0	4,0	0,0	0,0	2,0	2,0	0,0	0,0	0,0	0,0	0,0	0,0	0,0	1,0	0,0	0,0	0,0	0,0	0,0	76,0	76,0	0,0	0,0
50147	Luceni	2017	Secano	3,0	0,0	0,0	0,0	0,0	0,0	0,0	0,0	0,0	0,0	0,0	0,0	0,0	0,0	0,0	0,0	0,0	0,0	0,0	0,0	0,0	3,0	3,0	0,0	0,0
50148	Luesia	2017	Regadío	0,0	0,0	0,0	0,0	0,0	0,0	0,0	0,0	0,0	0,0	0,0	0,0	0,0	0,0	0,0	0,0	0,0	0,0	0,0	0,0	0,0	0,0	0,0	0,0	0,0
50148	Luesia	2017	Secano	16,0	10,0	0,0	0,0	0,0	0,0	0,0	0,0	0,0	0,0	0,0	0,0	10,0	0,0	0,0	0,0	0,0	5,0	0,0	5,0	0,0	1,0	1,0	0,0	0,0
50149	Luesma	2017	Regadío	0,0	0,0	0,0	0,0	0,0	0,0	0,0	0,0	0,0	0,0	0,0	0,0	0,0	0,0	0,0	0,0	0,0	0,0	0,0	0,0	0,0	0,0	0,0	0,0	0,0
50149	Luesma	2017	Secano	9,0	9,0	0,0	0,0	0,0	0,0	0,0	0,0	0,0	0,0	0,0	0,0	9,0	0,0	0,0	0,0	0,0	0,0	0,0	0,0	0,0	0,0	0,0	0,0	0,0
50150	Lumpiaque	2017	Regadío	77,0	67,0	33,0	9,0	0,0	0,0	0,0	5,0	0,0	0,0	0,0	0,0	18,0	0,0	0,0	2,0	0,0	4,0	0,0	4,0	0,0	6,0	6,0	0,0	0,0
50150	Lumpiaque	2017	Secano	260,0	168,0	0,0	0,0	0,0	0,0	0,0	0,0	0,0	0,0	0,0	0,0	168,0	0,0	0,0	0,0	0,0	13,0	0,0	13,0	0,0	79,0	79,0	0,0	0,0
50151	Luna	2017	Regadío	140,0	103,0	0,0	0,0	0,0	0,0	0,0	0,0	0,0	0,0	0,0	0,0	67,0	36,0	0,0	0,0	0,0	0,0	0,0	0,0	0,0	37,0	37,0	0,0	0,0
50151	Luna	2017	Secano	159,0	124,0	0,0	0,0	0,0	0,0	0,0	0,0	0,0	0,0	0,0	0,0	123,0	0,0	0,0	0,0	1,0	28,0	0,0	28,0	0,0	7,0	7,0	0,0	0,0
50152	Maella	2017	Regadío	1212,0	898,0	0,0	0,0	0,0	17,0	35,0	314,0	6,0	0,0	0,0	0,0	390,0	0,0	0,0	136,0	0,0	23,0	0,0	23,0	0,0	291,0	291,0	0,0	0,0
50152	Maella	2017	Secano	3528,0	1631,0	0,0	0,0	0,0	0,0	18,0	20,0	0,0	0,0	0,0	0,0	1567,0	0,0	0,0	20,0	6,0	149,0	0,0	149,0	0,0	1748,0	1748,0	0,0	0,0
50153	Magallón	2017	Regadío	817,0	266,0	0,0	0,0	0,0	0,0	0,0	0,0	0,0	0,0	0,0	0,0	266,0	0,0	0,0	0,0	0,0	359,0	0,0	359,0	0,0	192,0	192,0	0,0	0,0
50153	Magallón	2017	Secano	409,0	185,0	0,0	0,0	0,0	0,0	0,0	0,0	0,0	0,0	0,0	0,0	185,0	0,0	0,0	0,0	0,0	210,0	0,0	210,0	0,0	14,0	14,0	0,0	0,0
50154	Mainar	2017	Regadío	0,0	0,0	0,0	0,0	0,0	0,0	0,0	0,0	0,0	0,0	0,0	0,0	0,0	0,0	0,0	0,0	0,0	0,0	0,0	0,0	0,0	0,0	0,0	0,0	0,0
50154	Mainar	2017	Secano	1,0	1,0	0,0	0,0	0,0	0,0	0,0	0,0	0,0	0,0	0,0	0,0	1,0	0,0	0,0	0,0	0,0	0,0	0,0	0,0	0,0	0,0	0,0	0,0	0,0
50155	Malanquilla	2017	Regadío	0,0	0,0	0,0	0,0	0,0	0,0	0,0	0,0	0,0	0,0	0,0	0,0	0,0	0,0	0,0	0,0	0,0	0,0	0,0	0,0	0,0	0,0	0,0	0,0	0,0
50155	Malanquilla	2017	Secano	18,0	17,0	0,0	0,0	0,0	0,0	2,0	0,0	0,0	0,0	0,0	0,0	15,0	0,0	0,0	0,0	0,0	0,0	0,0	0,0	0,0	0,0	0,0	1,0	0,0
50156	Maleján	2017	Regadío											0,0														
50156	Maleján	2017	Secano											0,0														
50157	Malón	2017	Regadío	79,0	30,0	0,0	0,0	0,0	0,0	0,0	0,0	0,0	0,0	0,0	0,0	29,0	0,0	0,0	0,0	1,0	10,0	0,0	10,0	0,0	39,0	39,0	0,0	0,0
50157	Malón	2017	Secano	4,0	2,0	0,0	0,0	0,0	0,0	0,0	0,0	0,0	0,0	0,0	0,0	2,0	0,0	0,0	0,0	0,0	1,0	0,0	1,0	0,0	1,0	1,0	0,0	0,0
50159	Maluenda	2017	Regadío	182,0	182,0	34,0	62,0	0,0	0,0	0,0	73,0	1,0	0,0	0,0	0,0	11,0	0,0	0,0	1,0	0,0	0,0	0,0	0,0	0,0	0,0	0,0	0,0	0,0
50159	Maluenda	2017	Secano	618,0	479,0	0,0	1,0	0,0	0,0	25,0	6,0	4,0	0,0	0,0	0,0	443,0	0,0	0,0	0,0	0,0	137,0	0,0	137,0	0,0	2,0	2,0	0,0	0,0
50160	Mallén	2017	Regadío	187,0	53,0	0,0	0,0	0,0	0,0	0,0	1,0	0,0	0,0	0,0	0,0	52,0	0,0	0,0	0,0	0,0	5,0	0,0	5,0	0,0	129,0	129,0	0,0	0,0
50160	Mallén	2017	Secano	117,0	79,0	0,0	0,0	0,0	0,0	0,0	0,0	0,0	0,0	0,0	0,0	79,0	0,0	0,0	0,0	0,0	12,0	0,0	12,0	0,0	26,0	26,0	0,0	0,0
50161	Manchones	2017	Regadío	0,0	0,0	0,0	0,0	0,0	0,0	0,0	0,0	0,0	0,0	0,0	0,0	0,0	0,0	0,0	0,0	0,0	0,0	0,0	0,0	0,0	0,0	0,0	0,0	0,0
50161	Manchones	2017	Secano	56,0	20,0	0,0	0,0	0,0	0,0	0,0	0,0	0,0	0,0	0,0	0,0	20,0	0,0	0,0	0,0	0,0	36,0	0,0	36,0	0,0	0,0	0,0	0,0	0,0
50162	Mara	2017	Regadío	84,0	34,0	1,0	6,0	0,0	0,0	7,0	0,0	3,0	0,0	0,0	0,0	17,0	0,0	0,0	0,0	0,0	50,0	0,0	50,0	0,0	0,0	0,0	0,0	0,0
50162	Mara	2017	Secano	406,0	303,0	0,0	0,0	0,0	0,0	21,0	0,0	0,0	0,0	0,0	0,0	282,0	0,0	0,0	0,0	0,0	103,0	0,0	103,0	0,0	0,0	0,0	0,0	0,0
50163	María de Huerva	2017	Regadío	11,0	0,0	0,0	0,0	0,0	0,0	0,0	0,0	0,0	0,0	0,0	0,0	0,0	0,0	0,0	0,0	0,0	2,0	0,0	2,0	0,0	9,0	9,0	0,0	0,0
50163	María de Huerva	2017	Secano	35,0	19,0	0,0	0,0	0,0	0,0	0,0	0,0	0,0	0,0	0,0	0,0	19,0	0,0	0,0	0,0	0,0	2,0	0,0	2,0	0,0	14,0	14,0	0,0	0,0
50164	Mediana de Aragón	2017	Regadío	18,0	1,0	0,0	0,0	0,0	0,0	0,0	0,0	0,0	0,0	0,0	0,0	1,0	0,0	0,0	0,0	0,0	1,0	0,0	1,0	0,0	16,0	16,0	0,0	0,0
50164	Mediana de Aragón	2017	Secano	1,0	0,0	0,0	0,0	0,0	0,0	0,0	0,0	0,0	0,0	0,0	0,0	0,0	0,0	0,0	0,0	0,0	0,0	0,0	0,0	0,0	1,0	1,0	0,0	0,0
50165	Mequinenza	2017	Regadío	2665,0	2214,0	3,0	0,0	0,0	248,0	320,0	371,0	19,0	0,0	0,0	0,0	877,0	0,0	0,0	364,0	12,0	18,0	18,0	0,0	0,0	433,0	433,0	0,0	0,0
50165	Mequinenza	2017	Secano	2178,0	1930,0	0,0	0,0	0,0	83,0	133,0	83,0	17,0	0,0	0,0	0,0	1534,0	0,0	0,0	65,0	15,0	23,0	17,0	6,0	0,0	225,0	225,0	0,0	0,0
50166	Mesones de Isuela	2017	Regadío	21,0	16,0	0,0	1,0	0,0	2,0	3,0	0,0	6,0	0,0	0,0	0,0	4,0	0,0	0,0	0,0	0,0	0,0	0,0	0,0	0,0	5,0	5,0	0,0	0,0
50166	Mesones de Isuela	2017	Secano	277,0	207,0	0,0	0,0	0,0	0,0	3,0	0,0	0,0	0,0	0,0	0,0	204,0	0,0	0,0	0,0	0,0	30,0	0,0	30,0	0,0	40,0	40,0	0,0	0,0
50167	Mezalocha	2017	Regadío	89,0	3,0	0,0	0,0	0,0	0,0	0,0	0,0	0,0	0,0	0,0	0,0	3,0	0,0	0,0	0,0	0,0	85,0	0,0	85,0	0,0	1,0	1,0	0,0	0,0
50167	Mezalocha	2017	Secano	126,0	31,0	0,0	0,0	0,0	0,0	0,0	0,0	0,0	0,0	0,0	0,0	31,0	0,0	0,0	0,0	0,0	89,0	0,0	89,0	0,0	6,0	6,0	0,0	0,0
50168	Mianos	2017	Regadío											0,0														
50168	Mianos	2017	Secano											0,0														
50169	Miedes de Aragón	2017	Regadío	144,0	74,0	1,0	18,0	0,0	0,0	36,0	2,0	11,0	0,0	0,0	1,0	4,0	1,0	0,0	0,0	0,0	70,0	0,0	70,0	0,0	0,0	0,0	0,0	0,0
50169	Miedes de Aragón	2017	Secano	788,0	503,0	4,0	3,0	0,0	0,0	178,0	2,0	18,0	0,0	0,0	0,0	297,0	1,0	0,0	0,0	0,0	282,0	0,0	282,0	0,0	1,0	1,0	2,0	0,0
50170	Monegrillo	2017	Regadío	0,0	0,0	0,0	0,0	0,0	0,0	0,0	0,0	0,0	0,0	0,0	0,0	0,0	0,0	0,0	0,0	0,0	0,0	0,0	0,0	0,0	0,0	0,0	0,0	0,0
50170	Monegrillo	2017	Secano	7,0	6,0	0,0	0,0	0,0	0,0	0,0	0,0	0,0	0,0	0,0	0,0	6,0	0,0	0,0	0,0	0,0	0,0	0,0	0,0	0,0	1,0	1,0	0,0	0,0
50171	Moneva	2017	Regadío	6,0	6,0	0,0	0,0	0,0	0,0	0,0	0,0	0,0	0,0	0,0	0,0	4,0	2,0	0,0	0,0	0,0	0,0	0,0	0,0	0,0	0,0	0,0	0,0	0,0
50171	Moneva	2017	Secano	160,0	150,0	0,0	0,0	0,0	0,0	0,0	0,0	0,0	0,0	0,0	0,0	150,0	0,0	0,0	0,0	0,0	7,0	0,0	7,0	0,0	0,0	0,0	3,0	0,0
50172	Monreal de Ariza	2017	Regadío	19,0	19,0	18,0	1,0	0,0	0,0	0,0	0,0	0,0	0,0	0,0	0,0	0,0	0,0	0,0	0,0	0,0	0,0	0,0	0,0	0,0	0,0	0,0	0,0	0,0
50172	Monreal de Ariza	2017	Secano	1,0	1,0	0,0	0,0	0,0	0,0	0,0	0,0	0,0	0,0	0,0	0,0	1,0	0,0	0,0	0,0	0,0	0,0	0,0	0,0	0,0	0,0	0,0	0,0	0,0
50173	Monterde	2017	Regadío	3,0	3,0	0,0	0,0	0,0	0,0	1,0	0,0	0,0	0,0	0,0	0,0	1,0	1,0	0,0	0,0	0,0	0,0	0,0	0,0	0,0	0,0	0,0	0,0	0,0
50173	Monterde	2017	Secano	36,0	26,0	0,0	0,0	0,0	0,0	3,0	0,0	0,0	0,0	0,0	0,0	23,0	0,0	0,0	0,0	0,0	10,0	0,0	10,0	0,0	0,0	0,0	0,0	0,0
50174	Montón	2017	Regadío	58,0	55,0	3,0	32,0	0,0	0,0	1,0	14,0	4,0	0,0	0,0	0,0	1,0	0,0	0,0	0,0	0,0	3,0	0,0	3,0	0,0	0,0	0,0	0,0	0,0
50174	Montón	2017	Secano	41,0	31,0	0,0	0,0	0,0	0,0	2,0	1,0	1,0	0,0	0,0	1,0	26,0	0,0	0,0	0,0	0,0	10,0	0,0	10,0	0,0	0,0	0,0	0,0	0,0
50175	Morata de Jalón	2017	Regadío	52,0	33,0	12,0	5,0	0,0	0,0	1,0	3,0	4,0	0,0	0,0	0,0	8,0	0,0	0,0	0,0	0,0	1,0	0,0	1,0	0,0	18,0	18,0	0,0	0,0
50175	Morata de Jalón	2017	Secano	585,0	341,0	0,0	0,0	0,0	0,0	35,0	0,0	0,0	0,0	0,0	0,0	306,0	0,0	0,0	0,0	0,0	49,0	0,0	49,0	0,0	195,0	195,0	0,0	0,0
50176	Morata de Jiloca	2017	Regadío	118,0	104,0	16,0	62,0	0,0	0,0	9,0	6,0	8,0	0,0	0,0	0,0	3,0	0,0	0,0	0,0	0,0	14,0	0,0	14,0	0,0	0,0	0,0	0,0	0,0
50176	Morata de Jiloca	2017	Secano	200,0	144,0	0,0	2,0	0,0	0,0	9,0	1,0	6,0	0,0	0,0	0,0	122,0	0,0	0,0	0,0	4,0	56,0	0,0	56,0	0,0	0,0	0,0	0,0	0,0
50177	Morés	2017	Regadío	73,0	60,0	19,0	12,0	0,0	0,0	5,0	5,0	9,0	0,0	0,0	0,0	9,0	1,0	0,0	0,0	0,0	0,0	0,0	0,0	0,0	13,0	13,0	0,0	0,0
50177	Morés	2017	Secano	124,0	104,0	1,0	0,0	0,0	0,0	19,0	0,0	0,0	0,0	0,0	0,0	84,0	0,0	0,0	0,0	0,0	14,0	0,0	14,0	0,0	6,0	6,0	0,0	0,0
50178	Moros	2017	Regadío	175,0	160,0	65,0	28,0	0,0	0,0	30,0	17,0	18,0	0,0	0,0	0,0	2,0	0,0	0,0	0,0	0,0	15,0	0,0	15,0	0,0	0,0	0,0	0,0	0,0
50178	Moros	2017	Secano	331,0	170,0	2,0	3,0	0,0	0,0	38,0	3,0	18,0	0,0	0,0	0,0	106,0	0,0	0,0	0,0	0,0	157,0	0,0	157,0	0,0	0,0	0,0	4,0	0,0
50179	Moyuela	2017	Regadío	2,0	2,0	0,0	0,0	0,0	0,0	0,0	0,0	0,0	0,0	0,0	0,0	2,0	0,0	0,0	0,0	0,0	0,0	0,0	0,0	0,0	0,0	0,0	0,0	0,0
50179	Moyuela	2017	Secano	47,0	45,0	0,0	0,0	0,0	0,0	0,0	0,0	0,0	0,0	0,0	0,0	45,0	0,0	0,0	0,0	0,0	2,0	0,0	2,0	0,0	0,0	0,0	0,0	0,0
50180	Mozota	2017	Regadío	1,0	1,0	0,0	0,0	0,0	0,0	0,0	0,0	0,0	0,0	0,0	0,0	1,0	0,0	0,0	0,0	0,0	0,0	0,0	0,0	0,0	0,0	0,0	0,0	0,0
50180	Mozota	2017	Secano	3,0	1,0	0,0	0,0	0,0	0,0	0,0	0,0	0,0	0,0	0,0	0,0	1,0	0,0	0,0	0,0	0,0	0,0	0,0	0,0	0,0	2,0	2,0	0,0	0,0
50181	Muel	2017	Regadío	108,0	10,0	0,0	1,0	0,0	0,0	0,0	0,0	0,0	0,0	0,0	0,0	9,0	0,0	0,0	0,0	0,0	73,0	0,0	73,0	0,0	25,0	25,0	0,0	0,0
50181	Muel	2017	Secano	253,0	42,0	0,0	0,0	0,0	0,0	0,0	0,0	0,0	0,0	0,0	0,0	42,0	0,0	0,0	0,0	0,0	167,0	0,0	167,0	0,0	44,0	44,0	0,0	0,0
50182	Muela (La)	2017	Regadío	22,0	22,0	0,0	0,0	0,0	0,0	0,0	0,0	0,0	0,0	0,0	0,0	22,0	0,0	0,0	0,0	0,0	0,0	0,0	0,0	0,0	0,0	0,0	0,0	0,0
50182	Muela (La)	2017	Secano	729,0	383,0	0,0	0,0	0,0	0,0	0,0	0,0	0,0	0,0	0,0	0,0	383,0	0,0	0,0	0,0	0,0	0,0	0,0	0,0	0,0	346,0	346,0	0,0	0,0
50183	Munébrega	2017	Regadío	157,0	133,0	6,0	8,0	0,0	0,0	101,0	4,0	9,0	0,0	0,0	0,0	4,0	0,0	0,0	1,0	0,0	24,0	0,0	24,0	0,0	0,0	0,0	0,0	0,0
50183	Munébrega	2017	Secano	880,0	545,0	18,0	1,0	0,0	2,0	213,0	7,0	5,0	0,0	0,0	0,0	298,0	0,0	0,0	1,0	0,0	331,0	0,0	331,0	0,0	4,0	4,0	0,0	0,0
50184	Murero	2017	Regadío	0,0	0,0	0,0	0,0	0,0	0,0	0,0	0,0	0,0	0,0	0,0	0,0	0,0	0,0	0,0	0,0	0,0	0,0	0,0	0,0	0,0	0,0	0,0	0,0	0,0
50184	Murero	2017	Secano	137,0	30,0	0,0	0,0	0,0	0,0	1,0	0,0	0,0	0,0	0,0	0,0	29,0	0,0	0,0	0,0	0,0	106,0	0,0	106,0	0,0	0,0	0,0	1,0	0,0
50185	Murillo de Gállego	2017	Regadío	2,0	1,0	0,0	0,0	0,0	0,0	0,0	0,0	0,0	0,0	0,0	0,0	1,0	0,0	0,0	0,0	0,0	0,0	0,0	0,0	0,0	1,0	1,0	0,0	0,0
50185	Murillo de Gállego	2017	Secano	155,0	126,0	0,0	0,0	0,0	0,0	0,0	0,0	0,0	0,0	0,0	0,0	126,0	0,0	0,0	0,0	0,0	8,0	0,0	8,0	0,0	21,0	21,0	0,0	0,0
50186	Navardún	2017	Regadío	0,0	0,0	0,0	0,0	0,0	0,0	0,0	0,0	0,0	0,0	0,0	0,0	0,0	0,0	0,0	0,0	0,0	0,0	0,0	0,0	0,0	0,0	0,0	0,0	0,0
50186	Navardún	2017	Secano	1,0	1,0	0,0	0,0	0,0	0,0	0,0	0,0	0,0	0,0	0,0	0,0	1,0	0,0	0,0	0,0	0,0	0,0	0,0	0,0	0,0	0,0	0,0	0,0	0,0
50187	Nigüella	2017	Regadío	13,0	9,0	0,0	2,0	0,0	0,0	0,0	1,0	2,0	0,0	0,0	0,0	4,0	0,0	0,0	0,0	0,0	0,0	0,0	0,0	0,0	4,0	4,0	0,0	0,0
50187	Nigüella	2017	Secano	63,0	46,0	0,0	0,0	0,0	0,0	0,0	0,0	0,0	0,0	0,0	0,0	46,0	0,0	0,0	0,0	0,0	8,0	0,0	8,0	0,0	9,0	9,0	0,0	0,0
50188	Nombrevilla	2017	Regadío	0,0	0,0	0,0	0,0	0,0	0,0	0,0	0,0	0,0	0,0	0,0	0,0	0,0	0,0	0,0	0,0	0,0	0,0	0,0	0,0	0,0	0,0	0,0	0,0	0,0
50188	Nombrevilla	2017	Secano	12,0	1,0	0,0	0,0	0,0	0,0	0,0	0,0	0,0	0,0	0,0	0,0	1,0	0,0	0,0	0,0	0,0	0,0	0,0	0,0	0,0	0,0	0,0	11,0	0,0
50189	Nonaspe	2017	Regadío	409,0	308,0	0,0	1,0	0,0	0,0	8,0	64,0	29,0	0,0	0,0	0,0	174,0	0,0	0,0	32,0	0,0	34,0	0,0	34,0	0,0	67,0	67,0	0,0	0,0
50189	Nonaspe	2017	Secano	976,0	603,0	0,0	0,0	0,0	0,0	1,0	42,0	3,0	0,0	0,0	0,0	545,0	0,0	0,0	12,0	0,0	166,0	0,0	166,0	0,0	207,0	207,0	0,0	0,0
50190	Novallas	2017	Regadío	137,0	46,0	0,0	0,0	0,0	0,0	0,0	0,0	0,0	0,0	0,0	0,0	46,0	0,0	0,0	0,0	0,0	2,0	0,0	2,0	0,0	89,0	89,0	0,0	0,0
50190	Novallas	2017	Secano	7,0	4,0	0,0	0,0	0,0	0,0	0,0	0,0	0,0	0,0	0,0	0,0	4,0	0,0	0,0	0,0	0,0	0,0	0,0	0,0	0,0	3,0	3,0	0,0	0,0
50191	Novillas	2017	Regadío	17,0	7,0	0,0	4,0	0,0	0,0	0,0	0,0	0,0	0,0	0,0	0,0	3,0	0,0	0,0	0,0	0,0	0,0	0,0	0,0	0,0	10,0	10,0	0,0	0,0
50191	Novillas	2017	Secano	1,0	0,0	0,0	0,0	0,0	0,0	0,0	0,0	0,0	0,0	0,0	0,0	0,0	0,0	0,0	0,0	0,0	0,0	0,0	0,0	0,0	1,0	1,0	0,0	0,0
50192	Nuévalos	2017	Regadío	0,0	0,0	0,0	0,0	0,0	0,0	0,0	0,0	0,0	0,0	0,0	0,0	0,0	0,0	0,0	0,0	0,0	0,0	0,0	0,0	0,0	0,0	0,0	0,0	0,0
50192	Nuévalos	2017	Secano	35,0	29,0	0,0	0,0	0,0	0,0	0,0	0,0	0,0	0,0	0,0	0,0	29,0	0,0	0,0	0,0	0,0	6,0	0,0	6,0	0,0	0,0	0,0	0,0	0,0
50193	Nuez de Ebro	2017	Regadío											0,0														
50193	Nuez de Ebro	2017	Secano											0,0														
50194	Olvés	2017	Regadío	56,0	56,0	0,0	0,0	0,0	0,0	49,0	4,0	3,0	0,0	0,0	0,0	0,0	0,0	0,0	0,0	0,0	0,0	0,0	0,0	0,0	0,0	0,0	0,0	0,0
50194	Olvés	2017	Secano	576,0	501,0	2,0	1,0	0,0	0,0	71,0	4,0	4,0	0,0	0,0	0,0	419,0	0,0	0,0	0,0	0,0	71,0	0,0	71,0	0,0	4,0	4,0	0,0	0,0
50195	Orcajo	2017	Regadío	0,0	0,0	0,0	0,0	0,0	0,0	0,0	0,0	0,0	0,0	0,0	0,0	0,0	0,0	0,0	0,0	0,0	0,0	0,0	0,0	0,0	0,0	0,0	0,0	0,0
50195	Orcajo	2017	Secano	55,0	32,0	0,0	0,0	0,0	0,0	1,0	0,0	0,0	0,0	0,0	0,0	31,0	0,0	0,0	0,0	0,0	23,0	0,0	23,0	0,0	0,0	0,0	0,0	0,0
50196	Orera	2017	Regadío	25,0	20,0	0,0	0,0	0,0	0,0	2,0	0,0	10,0	0,0	0,0	0,0	8,0	0,0	0,0	0,0	0,0	2,0	0,0	2,0	0,0	3,0	3,0	0,0	0,0
50196	Orera	2017	Secano	305,0	239,0	0,0	0,0	0,0	0,0	43,0	0,0	5,0	0,0	0,0	0,0	191,0	0,0	0,0	0,0	0,0	61,0	0,0	61,0	0,0	3,0	3,0	2,0	0,0
50197	Orés	2017	Regadío	0,0	0,0	0,0	0,0	0,0	0,0	0,0	0,0	0,0	0,0	0,0	0,0	0,0	0,0	0,0	0,0	0,0	0,0	0,0	0,0	0,0	0,0	0,0	0,0	0,0
50197	Orés	2017	Secano	124,0	119,0	0,0	0,0	0,0	0,0	0,0	0,0	0,0	0,0	0,0	0,0	119,0	0,0	0,0	0,0	0,0	4,0	0,0	4,0	0,0	1,0	1,0	0,0	0,0
50198	Oseja	2017	Regadío	1,0	0,0	0,0	0,0	0,0	0,0	0,0	0,0	0,0	0,0	0,0	0,0	0,0	0,0	0,0	0,0	0,0	0,0	0,0	0,0	0,0	1,0	1,0	0,0	0,0
50198	Oseja	2017	Secano	24,0	23,0	0,0	0,0	0,0	0,0	2,0	0,0	0,0	0,0	0,0	0,0	21,0	0,0	0,0	0,0	0,0	0,0	0,0	0,0	0,0	1,0	1,0	0,0	0,0
50199	Osera de Ebro	2017	Regadío	512,0	438,0	0,0	74,0	0,0	0,0	0,0	17,0	26,0	0,0	0,0	0,0	315,0	0,0	0,0	6,0	0,0	0,0	0,0	0,0	0,0	74,0	74,0	0,0	0,0
50199	Osera de Ebro	2017	Secano	8,0	2,0	0,0	0,0	0,0	0,0	0,0	0,0	0,0	0,0	0,0	0,0	2,0	0,0	0,0	0,0	0,0	0,0	0,0	0,0	0,0	6,0	6,0	0,0	0,0
50200	Paniza	2017	Regadío	102,0	0,0	0,0	0,0	0,0	0,0	0,0	0,0	0,0	0,0	0,0	0,0	0,0	0,0	0,0	0,0	0,0	102,0	0,0	102,0	0,0	0,0	0,0	0,0	0,0
50200	Paniza	2017	Secano	1447,0	33,0	0,0	0,0	0,0	0,0	3,0	0,0	0,0	0,0	0,0	0,0	30,0	0,0	0,0	0,0	0,0	1406,0	2,0	1404,0	0,0	8,0	8,0	0,0	0,0
50201	Paracuellos de Jiloca	2017	Regadío	132,0	131,0	35,0	61,0	0,0	0,0	3,0	19,0	12,0	0,0	0,0	0,0	1,0	0,0	0,0	0,0	0,0	1,0	0,0	1,0	0,0	0,0	0,0	0,0	0,0
50201	Paracuellos de Jiloca	2017	Secano	330,0	191,0	0,0	0,0	0,0	0,0	17,0	1,0	1,0	0,0	0,0	0,0	172,0	0,0	0,0	0,0	0,0	138,0	0,0	138,0	0,0	1,0	1,0	0,0	0,0
50202	Paracuellos de la Ribera	2017	Regadío	78,0	77,0	0,0	6,0	0,0	11,0	36,0	1,0	20,0	0,0	0,0	0,0	2,0	0,0	0,0	0,0	1,0	0,0	0,0	0,0	0,0	1,0	1,0	0,0	0,0
50202	Paracuellos de la Ribera	2017	Secano	89,0	77,0	1,0	0,0	0,0	1,0	47,0	0,0	1,0	0,0	0,0	0,0	27,0	0,0	0,0	0,0	0,0	4,0	0,0	4,0	0,0	8,0	8,0	0,0	0,0
50203	Pastriz	2017	Regadío											0,0														
50203	Pastriz	2017	Secano											0,0														
50204	Pedrola	2017	Regadío	48,0	18,0	0,0	0,0	0,0	0,0	0,0	0,0	0,0	0,0	0,0	0,0	0,0	18,0	0,0	0,0	0,0	0,0	0,0	0,0	0,0	30,0	30,0	0,0	0,0
50204	Pedrola	2017	Secano	49,0	33,0	0,0	0,0	0,0	0,0	0,0	0,0	0,0	0,0	0,0	10,0	23,0	0,0	0,0	0,0	0,0	0,0	0,0	0,0	0,0	16,0	16,0	0,0	0,0
50205	Pedrosas (Las)	2017	Regadío	0,0	0,0	0,0	0,0	0,0	0,0	0,0	0,0	0,0	0,0	0,0	0,0	0,0	0,0	0,0	0,0	0,0	0,0	0,0	0,0	0,0	0,0	0,0	0,0	0,0
50205	Pedrosas (Las)	2017	Secano	79,0	71,0	0,0	0,0	0,0	0,0	0,0	0,0	0,0	0,0	0,0	0,0	71,0	0,0	0,0	0,0	0,0	4,0	0,0	4,0	0,0	4,0	4,0	0,0	0,0
50206	Perdiguera	2017	Regadío	96,0	96,0	0,0	0,0	0,0	0,0	0,0	0,0	0,0	0,0	0,0	0,0	96,0	0,0	0,0	0,0	0,0	0,0	0,0	0,0	0,0	0,0	0,0	0,0	0,0
50206	Perdiguera	2017	Secano	298,0	271,0	0,0	0,0	0,0	0,0	0,0	0,0	0,0	0,0	0,0	0,0	271,0	0,0	0,0	0,0	0,0	3,0	0,0	3,0	0,0	24,0	24,0	0,0	0,0
50207	Piedratajada	2017	Regadío	8,0	7,0	0,0	0,0	0,0	0,0	0,0	0,0	0,0	0,0	0,0	0,0	7,0	0,0	0,0	0,0	0,0	0,0	0,0	0,0	0,0	1,0	1,0	0,0	0,0
50207	Piedratajada	2017	Secano	19,0	18,0	0,0	0,0	0,0	0,0	0,0	0,0	0,0	0,0	0,0	0,0	18,0	0,0	0,0	0,0	0,0	0,0	0,0	0,0	0,0	1,0	1,0	0,0	0,0
50208	Pina de Ebro	2017	Regadío	282,0	211,0	14,0	22,0	0,0	15,0	0,0	26,0	0,0	0,0	0,0	0,0	122,0	4,0	0,0	8,0	0,0	0,0	0,0	0,0	0,0	71,0	71,0	0,0	0,0
50208	Pina de Ebro	2017	Secano	63,0	6,0	0,0	1,0	0,0	0,0	0,0	0,0	0,0	0,0	0,0	0,0	5,0	0,0	0,0	0,0	0,0	0,0	0,0	0,0	0,0	57,0	57,0	0,0	0,0
50209	Pinseque	2017	Regadío	2,0	0,0	0,0	0,0	0,0	0,0	0,0	0,0	0,0	0,0	0,0	0,0	0,0	0,0	0,0	0,0	0,0	0,0	0,0	0,0	0,0	2,0	2,0	0,0	0,0
50209	Pinseque	2017	Secano	0,0	0,0	0,0	0,0	0,0	0,0	0,0	0,0	0,0	0,0	0,0	0,0	0,0	0,0	0,0	0,0	0,0	0,0	0,0	0,0	0,0	0,0	0,0	0,0	0,0
50210	Pintanos (Los)	2017	Regadío	0,0	0,0	0,0	0,0	0,0	0,0	0,0	0,0	0,0	0,0	0,0	0,0	0,0	0,0	0,0	0,0	0,0	0,0	0,0	0,0	0,0	0,0	0,0	0,0	0,0
50210	Pintanos (Los)	2017	Secano	4,0	0,0	0,0	0,0	0,0	0,0	0,0	0,0	0,0	0,0	0,0	0,0	0,0	0,0	0,0	0,0	0,0	0,0	0,0	0,0	0,0	0,0	0,0	4,0	0,0
50211	Plasencia de Jalón	2017	Regadío	170,0	157,0	77,0	6,0	0,0	1,0	0,0	19,0	0,0	0,0	0,0	0,0	44,0	0,0	0,0	10,0	0,0	0,0	0,0	0,0	0,0	13,0	13,0	0,0	0,0
50211	Plasencia de Jalón	2017	Secano	10,0	0,0	0,0	0,0	0,0	0,0	0,0	0,0	0,0	0,0	0,0	0,0	0,0	0,0	0,0	0,0	0,0	2,0	0,0	2,0	0,0	8,0	8,0	0,0	0,0
50212	Pleitas	2017	Regadío	14,0	11,0	5,0	2,0	0,0	0,0	0,0	2,0	1,0	0,0	0,0	0,0	0,0	0,0	0,0	1,0	0,0	0,0	0,0	0,0	0,0	3,0	3,0	0,0	0,0
50212	Pleitas	2017	Secano	0,0	0,0	0,0	0,0	0,0	0,0	0,0	0,0	0,0	0,0	0,0	0,0	0,0	0,0	0,0	0,0	0,0	0,0	0,0	0,0	0,0	0,0	0,0	0,0	0,0
50213	Plenas	2017	Regadío	2,0	2,0	0,0	0,0	0,0	0,0	0,0	0,0	0,0	0,0	0,0	0,0	2,0	0,0	0,0	0,0	0,0	0,0	0,0	0,0	0,0	0,0	0,0	0,0	0,0
50213	Plenas	2017	Secano	368,0	359,0	0,0	0,0	0,0	0,0	0,0	0,0	0,0	0,0	0,0	0,0	359,0	0,0	0,0	0,0	0,0	7,0	0,0	7,0	0,0	0,0	0,0	2,0	0,0
50214	Pomer	2017	Regadío											0,0														
50214	Pomer	2017	Secano											0,0														
50215	Pozuel de Ariza	2017	Regadío											0,0														
50215	Pozuel de Ariza	2017	Secano											0,0														
50216	Pozuelo de Aragón	2017	Regadío	58,0	14,0	0,0	0,0	0,0	0,0	0,0	0,0	0,0	0,0	0,0	0,0	14,0	0,0	0,0	0,0	0,0	38,0	0,0	38,0	0,0	6,0	6,0	0,0	0,0
50216	Pozuelo de Aragón	2017	Secano	87,0	22,0	0,0	0,0	0,0	0,0	0,0	0,0	0,0	0,0	0,0	1,0	21,0	0,0	0,0	0,0	0,0	60,0	0,0	60,0	0,0	5,0	5,0	0,0	0,0
50217	Pradilla de Ebro	2017	Regadío	30,0	29,0	0,0	1,0	0,0	0,0	0,0	0,0	0,0	0,0	0,0	28,0	0,0	0,0	0,0	0,0	0,0	0,0	0,0	0,0	0,0	1,0	1,0	0,0	0,0
50217	Pradilla de Ebro	2017	Secano	0,0	0,0	0,0	0,0	0,0	0,0	0,0	0,0	0,0	0,0	0,0	0,0	0,0	0,0	0,0	0,0	0,0	0,0	0,0	0,0	0,0	0,0	0,0	0,0	0,0
50218	Puebla de Albortón	2017	Regadío	0,0	0,0	0,0	0,0	0,0	0,0	0,0	0,0	0,0	0,0	0,0	0,0	0,0	0,0	0,0	0,0	0,0	0,0	0,0	0,0	0,0	0,0	0,0	0,0	0,0
50218	Puebla de Albortón	2017	Secano	24,0	23,0	0,0	0,0	0,0	0,0	0,0	0,0	0,0	0,0	0,0	0,0	23,0	0,0	0,0	0,0	0,0	0,0	0,0	0,0	0,0	1,0	1,0	0,0	0,0
50219	Puebla de Alfindén (La)	2017	Regadío											0,0														
50219	Puebla de Alfindén (La)	2017	Secano											0,0														
50220	Puendeluna	2017	Regadío	0,0	0,0	0,0	0,0	0,0	0,0	0,0	0,0	0,0	0,0	0,0	0,0	0,0	0,0	0,0	0,0	0,0	0,0	0,0	0,0	0,0	0,0	0,0	0,0	0,0
50220	Puendeluna	2017	Secano	10,0	8,0	0,0	0,0	0,0	0,0	0,0	0,0	0,0	0,0	0,0	0,0	8,0	0,0	0,0	0,0	0,0	1,0	0,0	0,0	1,0	1,0	1,0	0,0	0,0
50221	Purujosa	2017	Regadío											0,0														
50221	Purujosa	2017	Secano											0,0														
50222	Quinto	2017	Regadío	397,0	344,0	0,0	39,0	0,0	16,0	0,0	34,0	15,0	1,0	0,0	10,0	223,0	0,0	0,0	2,0	4,0	0,0	0,0	0,0	0,0	53,0	53,0	0,0	0,0
50222	Quinto	2017	Secano	15,0	12,0	0,0	0,0	0,0	0,0	0,0	0,0	0,0	0,0	0,0	0,0	12,0	0,0	0,0	0,0	0,0	0,0	0,0	0,0	0,0	3,0	3,0	0,0	0,0
50223	Remolinos	2017	Regadío	22,0	21,0	7,0	13,0	0,0	0,0	0,0	0,0	0,0	0,0	0,0	0,0	1,0	0,0	0,0	0,0	0,0	0,0	0,0	0,0	0,0	1,0	1,0	0,0	0,0
50223	Remolinos	2017	Secano	0,0	0,0	0,0	0,0	0,0	0,0	0,0	0,0	0,0	0,0	0,0	0,0	0,0	0,0	0,0	0,0	0,0	0,0	0,0	0,0	0,0	0,0	0,0	0,0	0,0
50224	Retascón	2017	Regadío	0,0	0,0	0,0	0,0	0,0	0,0	0,0	0,0	0,0	0,0	0,0	0,0	0,0	0,0	0,0	0,0	0,0	0,0	0,0	0,0	0,0	0,0	0,0	0,0	0,0
50224	Retascón	2017	Secano	3,0	3,0	0,0	0,0	0,0	0,0	0,0	0,0	0,0	0,0	0,0	0,0	3,0	0,0	0,0	0,0	0,0	0,0	0,0	0,0	0,0	0,0	0,0	0,0	0,0
50225	Ricla	2017	Regadío	2593,0	2490,0	30,0	15,0	0,0	186,0	1014,0	826,0	34,0	3,0	0,0	0,0	125,0	0,0	0,0	255,0	2,0	7,0	5,0	2,0	0,0	96,0	96,0	0,0	0,0
50225	Ricla	2017	Secano	252,0	150,0	0,0	0,0	0,0	1,0	46,0	2,0	0,0	0,0	0,0	0,0	100,0	0,0	0,0	1,0	0,0	63,0	0,0	63,0	0,0	39,0	39,0	0,0	0,0
50227	Romanos	2017	Regadío	0,0	0,0	0,0	0,0	0,0	0,0	0,0	0,0	0,0	0,0	0,0	0,0	0,0	0,0	0,0	0,0	0,0	0,0	0,0	0,0	0,0	0,0	0,0	0,0	0,0
50227	Romanos	2017	Secano	8,0	8,0	0,0	0,0	0,0	0,0	0,0	0,0	0,0	0,0	0,0	0,0	8,0	0,0	0,0	0,0	0,0	0,0	0,0	0,0	0,0	0,0	0,0	0,0	0,0
50228	Rueda de Jalón	2017	Regadío	333,0	296,0	98,0	110,0	0,0	4,0	0,0	34,0	0,0	0,0	0,0	0,0	36,0	0,0	0,0	14,0	0,0	32,0	0,0	32,0	0,0	5,0	5,0	0,0	0,0
50228	Rueda de Jalón	2017	Secano	380,0	246,0	0,0	0,0	0,0	0,0	0,0	0,0	0,0	0,0	0,0	0,0	246,0	0,0	0,0	0,0	0,0	71,0	0,0	71,0	0,0	63,0	63,0	0,0	0,0
50229	Ruesca	2017	Regadío	78,0	27,0	0,0	0,0	0,0	0,0	18,0	0,0	2,0	0,0	0,0	0,0	7,0	0,0	0,0	0,0	0,0	51,0	0,0	51,0	0,0	0,0	0,0	0,0	0,0
50229	Ruesca	2017	Secano	239,0	143,0	0,0	0,0	0,0	0,0	33,0	0,0	2,0	0,0	0,0	0,0	108,0	0,0	0,0	0,0	0,0	95,0	0,0	95,0	0,0	1,0	1,0	0,0	0,0
50230	Sádaba	2017	Regadío	45,0	40,0	0,0	0,0	0,0	0,0	0,0	0,0	0,0	0,0	0,0	0,0	39,0	1,0	0,0	0,0	0,0	0,0	0,0	0,0	0,0	5,0	5,0	0,0	0,0
50230	Sádaba	2017	Secano	5,0	4,0	0,0	0,0	0,0	0,0	0,0	0,0	0,0	0,0	0,0	0,0	4,0	0,0	0,0	0,0	0,0	0,0	0,0	0,0	0,0	1,0	1,0	0,0	0,0
50231	Salillas de Jalón	2017	Regadío	40,0	39,0	29,0	4,0	0,0	1,0	0,0	4,0	0,0	0,0	0,0	0,0	1,0	0,0	0,0	0,0	0,0	0,0	0,0	0,0	0,0	1,0	1,0	0,0	0,0
50231	Salillas de Jalón	2017	Secano	1,0	1,0	1,0	0,0	0,0	0,0	0,0	0,0	0,0	0,0	0,0	0,0	0,0	0,0	0,0	0,0	0,0	0,0	0,0	0,0	0,0	0,0	0,0	0,0	0,0
50232	Salvatierra de Esca	2017	Regadío											0,0														
50232	Salvatierra de Esca	2017	Secano											0,0														
50233	Samper del Salz	2017	Regadío	7,0	6,0	1,0	4,0	0,0	0,0	0,0	0,0	1,0	0,0	0,0	0,0	0,0	0,0	0,0	0,0	0,0	0,0	0,0	0,0	0,0	1,0	1,0	0,0	0,0
50233	Samper del Salz	2017	Secano	8,0	5,0	0,0	0,0	0,0	0,0	0,0	0,0	0,0	0,0	0,0	0,0	5,0	0,0	0,0	0,0	0,0	3,0	0,0	3,0	0,0	0,0	0,0	0,0	0,0
50234	San Martín de la Virgen de Moncayo	2017	Regadío	2,0	1,0	0,0	0,0	0,0	0,0	0,0	0,0	0,0	0,0	0,0	0,0	1,0	0,0	0,0	0,0	0,0	0,0	0,0	0,0	0,0	1,0	1,0	0,0	0,0
50234	San Martín de la Virgen de Moncayo	2017	Secano	1,0	1,0	0,0	0,0	0,0	0,0	0,0	0,0	0,0	0,0	0,0	0,0	1,0	0,0	0,0	0,0	0,0	0,0	0,0	0,0	0,0	0,0	0,0	0,0	0,0
50235	San Mateo de Gállego	2017	Regadío	16,0	5,0	0,0	3,0	0,0	0,0	0,0	0,0	0,0	0,0	0,0	0,0	0,0	1,0	0,0	0,0	1,0	0,0	0,0	0,0	0,0	11,0	11,0	0,0	0,0
50235	San Mateo de Gállego	2017	Secano	21,0	12,0	0,0	0,0	0,0	0,0	0,0	0,0	0,0	0,0	0,0	2,0	9,0	0,0	0,0	0,0	1,0	3,0	0,0	3,0	0,0	3,0	3,0	3,0	0,0
50236	Santa Cruz de Grío	2017	Regadío	22,0	7,0	0,0	0,0	0,0	0,0	4,0	2,0	0,0	0,0	0,0	0,0	1,0	0,0	0,0	0,0	0,0	0,0	0,0	0,0	0,0	15,0	15,0	0,0	0,0
50236	Santa Cruz de Grío	2017	Secano	175,0	100,0	0,0	0,0	0,0	0,0	40,0	0,0	0,0	0,0	0,0	0,0	60,0	0,0	0,0	0,0	0,0	15,0	0,0	15,0	0,0	60,0	60,0	0,0	0,0
50237	Santa Cruz de Moncayo	2017	Regadío	14,0	3,0	0,0	0,0	0,0	0,0	0,0	0,0	0,0	0,0	0,0	0,0	3,0	0,0	0,0	0,0	0,0	1,0	0,0	1,0	0,0	10,0	10,0	0,0	0,0
50237	Santa Cruz de Moncayo	2017	Secano	4,0	2,0	0,0	0,0	0,0	0,0	0,0	0,0	0,0	0,0	0,0	0,0	2,0	0,0	0,0	0,0	0,0	1,0	0,0	1,0	0,0	1,0	1,0	0,0	0,0
50238	Santa Eulalia de Gállego	2017	Regadío	0,0	0,0	0,0	0,0	0,0	0,0	0,0	0,0	0,0	0,0	0,0	0,0	0,0	0,0	0,0	0,0	0,0	0,0	0,0	0,0	0,0	0,0	0,0	0,0	0,0
50238	Santa Eulalia de Gállego	2017	Secano	110,0	88,0	0,0	0,0	0,0	0,0	0,0	0,0	0,0	0,0	0,0	0,0	88,0	0,0	0,0	0,0	0,0	4,0	0,0	4,0	0,0	18,0	18,0	0,0	0,0
50239	Santed	2017	Regadío											0,0														
50239	Santed	2017	Secano											0,0														
50240	Sástago	2017	Regadío	787,0	455,0	0,0	23,0	0,0	38,0	85,0	118,0	29,0	0,0	0,0	0,0	31,0	0,0	0,0	130,0	1,0	16,0	16,0	0,0	0,0	316,0	316,0	0,0	0,0
50240	Sástago	2017	Secano	28,0	26,0	0,0	0,0	0,0	1,0	0,0	0,0	0,0	0,0	0,0	0,0	13,0	0,0	0,0	12,0	0,0	0,0	0,0	0,0	0,0	2,0	2,0	0,0	0,0
50241	Saviñán	2017	Regadío	163,0	130,0	7,0	17,0	0,0	22,0	31,0	0,0	51,0	0,0	0,0	0,0	1,0	0,0	0,0	0,0	1,0	0,0	0,0	0,0	0,0	33,0	33,0	0,0	0,0
50241	Saviñán	2017	Secano	158,0	123,0	1,0	0,0	0,0	4,0	27,0	1,0	2,0	0,0	0,0	1,0	84,0	0,0	0,0	0,0	3,0	0,0	0,0	0,0	0,0	35,0	35,0	0,0	0,0
50242	Sediles	2017	Regadío	20,0	2,0	0,0	0,0	0,0	0,0	0,0	0,0	0,0	0,0	0,0	0,0	2,0	0,0	0,0	0,0	0,0	0,0	0,0	0,0	0,0	18,0	18,0	0,0	0,0
50242	Sediles	2017	Secano	104,0	85,0	0,0	0,0	0,0	0,0	10,0	0,0	0,0	0,0	0,0	0,0	75,0	0,0	0,0	0,0	0,0	4,0	0,0	4,0	0,0	15,0	15,0	0,0	0,0
50243	Sestrica	2017	Regadío	55,0	41,0	0,0	0,0	0,0	0,0	37,0	0,0	0,0	0,0	0,0	0,0	4,0	0,0	0,0	0,0	0,0	0,0	0,0	0,0	0,0	14,0	14,0	0,0	0,0
50243	Sestrica	2017	Secano	371,0	313,0	0,0	0,0	0,0	0,0	129,0	0,0	3,0	0,0	0,0	0,0	181,0	0,0	0,0	0,0	0,0	7,0	0,0	7,0	0,0	51,0	51,0	0,0	0,0
50244	Sierra de Luna	2017	Regadío	22,0	3,0	0,0	0,0	0,0	0,0	0,0	0,0	0,0	0,0	0,0	0,0	3,0	0,0	0,0	0,0	0,0	0,0	0,0	0,0	0,0	19,0	19,0	0,0	0,0
50244	Sierra de Luna	2017	Secano	413,0	335,0	0,0	0,0	0,0	0,0	0,0	0,0	0,0	0,0	0,0	0,0	335,0	0,0	0,0	0,0	0,0	13,0	0,0	13,0	0,0	65,0	65,0	0,0	0,0
50245	Sigüés	2017	Regadío	0,0	0,0	0,0	0,0	0,0	0,0	0,0	0,0	0,0	0,0	0,0	0,0	0,0	0,0	0,0	0,0	0,0	0,0	0,0	0,0	0,0	0,0	0,0	0,0	0,0
50245	Sigüés	2017	Secano	4,0	0,0	0,0	0,0	0,0	0,0	0,0	0,0	0,0	0,0	0,0	0,0	0,0	0,0	0,0	0,0	0,0	4,0	0,0	4,0	0,0	0,0	0,0	0,0	0,0
50246	Sisamón	2017	Regadío	0,0	0,0	0,0	0,0	0,0	0,0	0,0	0,0	0,0	0,0	0,0	0,0	0,0	0,0	0,0	0,0	0,0	0,0	0,0	0,0	0,0	0,0	0,0	0,0	0,0
50246	Sisamón	2017	Secano	1,0	1,0	0,0	0,0	0,0	0,0	0,0	0,0	0,0	0,0	0,0	0,0	1,0	0,0	0,0	0,0	0,0	0,0	0,0	0,0	0,0	0,0	0,0	0,0	0,0
50247	Sobradiel	2017	Regadío											0,0														
50247	Sobradiel	2017	Secano											0,0														
50248	Sos del Rey Católico	2017	Regadío	0,0	0,0	0,0	0,0	0,0	0,0	0,0	0,0	0,0	0,0	0,0	0,0	0,0	0,0	0,0	0,0	0,0	0,0	0,0	0,0	0,0	0,0	0,0	0,0	0,0
50248	Sos del Rey Católico	2017	Secano	48,0	46,0	0,0	0,0	0,0	0,0	0,0	0,0	0,0	0,0	0,0	0,0	46,0	0,0	0,0	0,0	0,0	1,0	0,0	1,0	0,0	1,0	1,0	0,0	0,0
50249	Tabuenca	2017	Regadío	2,0	0,0	0,0	0,0	0,0	0,0	0,0	0,0	0,0	0,0	0,0	0,0	0,0	0,0	0,0	0,0	0,0	2,0	0,0	2,0	0,0	0,0	0,0	0,0	0,0
50249	Tabuenca	2017	Secano	1272,0	774,0	0,0	0,0	0,0	0,0	0,0	0,0	0,0	0,0	0,0	1,0	773,0	0,0	0,0	0,0	0,0	401,0	0,0	401,0	0,0	79,0	79,0	18,0	0,0
50250	Talamantes	2017	Regadío	0,0	0,0	0,0	0,0	0,0	0,0	0,0	0,0	0,0	0,0	0,0	0,0	0,0	0,0	0,0	0,0	0,0	0,0	0,0	0,0	0,0	0,0	0,0	0,0	0,0
50250	Talamantes	2017	Secano	25,0	0,0	0,0	0,0	0,0	0,0	0,0	0,0	0,0	0,0	0,0	0,0	0,0	0,0	0,0	0,0	0,0	0,0	0,0	0,0	0,0	0,0	0,0	25,0	0,0
50251	Tarazona	2017	Regadío	239,0	116,0	3,0	4,0	0,0	3,0	13,0	0,0	0,0	0,0	0,0	0,0	87,0	6,0	0,0	0,0	0,0	6,0	0,0	6,0	0,0	117,0	117,0	0,0	0,0
50251	Tarazona	2017	Secano	144,0	97,0	0,0	0,0	0,0	1,0	0,0	0,0	0,0	0,0	0,0	0,0	96,0	0,0	0,0	0,0	0,0	26,0	0,0	26,0	0,0	20,0	20,0	1,0	0,0
50252	Tauste	2017	Regadío	245,0	79,0	5,0	6,0	0,0	1,0	0,0	3,0	0,0	0,0	0,0	1,0	61,0	1,0	0,0	0,0	1,0	1,0	0,0	1,0	0,0	165,0	165,0	0,0	0,0
50252	Tauste	2017	Secano	7,0	1,0	0,0	0,0	0,0	0,0	0,0	0,0	0,0	0,0	0,0	0,0	1,0	0,0	0,0	0,0	0,0	5,0	0,0	5,0	0,0	1,0	1,0	0,0	0,0
50253	Terrer	2017	Regadío	86,0	86,0	28,0	31,0	0,0	0,0	13,0	8,0	5,0	0,0	0,0	0,0	1,0	0,0	0,0	0,0	0,0	0,0	0,0	0,0	0,0	0,0	0,0	0,0	0,0
50253	Terrer	2017	Secano	76,0	47,0	0,0	0,0	0,0	0,0	5,0	0,0	0,0	0,0	0,0	0,0	42,0	0,0	0,0	0,0	0,0	29,0	0,0	29,0	0,0	0,0	0,0	0,0	0,0
50254	Tierga	2017	Regadío	38,0	23,0	2,0	0,0	0,0	0,0	8,0	0,0	0,0	0,0	0,0	0,0	13,0	0,0	0,0	0,0	0,0	0,0	0,0	0,0	0,0	15,0	15,0	0,0	0,0
50254	Tierga	2017	Secano	800,0	731,0	0,0	0,0	0,0	0,0	19,0	0,0	0,0	0,0	0,0	0,0	712,0	0,0	0,0	0,0	0,0	33,0	0,0	33,0	0,0	36,0	36,0	0,0	0,0
50255	Tobed	2017	Regadío	26,0	19,0	0,0	0,0	0,0	0,0	12,0	7,0	0,0	0,0	0,0	0,0	0,0	0,0	0,0	0,0	0,0	0,0	0,0	0,0	0,0	7,0	7,0	0,0	0,0
50255	Tobed	2017	Secano	79,0	63,0	0,0	0,0	0,0	0,0	38,0	1,0	0,0	0,0	0,0	0,0	24,0	0,0	0,0	0,0	0,0	4,0	0,0	4,0	0,0	12,0	12,0	0,0	0,0
50256	Torralba de los Frailes	2017	Regadío	0,0	0,0	0,0	0,0	0,0	0,0	0,0	0,0	0,0	0,0	0,0	0,0	0,0	0,0	0,0	0,0	0,0	0,0	0,0	0,0	0,0	0,0	0,0	0,0	0,0
50256	Torralba de los Frailes	2017	Secano	1,0	1,0	0,0	0,0	0,0	0,0	0,0	0,0	0,0	0,0	0,0	0,0	1,0	0,0	0,0	0,0	0,0	0,0	0,0	0,0	0,0	0,0	0,0	0,0	0,0
50257	Torralba de Ribota	2017	Regadío	57,0	29,0	0,0	2,0	0,0	0,0	1,0	0,0	1,0	0,0	0,0	0,0	25,0	0,0	0,0	0,0	0,0	25,0	0,0	25,0	0,0	3,0	3,0	0,0	0,0
50257	Torralba de Ribota	2017	Secano	388,0	292,0	0,0	1,0	0,0	0,0	31,0	2,0	0,0	0,0	0,0	0,0	258,0	0,0	0,0	0,0	0,0	72,0	0,0	72,0	0,0	22,0	22,0	2,0	0,0
50258	Torralbilla	2017	Regadío	0,0	0,0	0,0	0,0	0,0	0,0	0,0	0,0	0,0	0,0	0,0	0,0	0,0	0,0	0,0	0,0	0,0	0,0	0,0	0,0	0,0	0,0	0,0	0,0	0,0
50258	Torralbilla	2017	Secano	10,0	0,0	0,0	0,0	0,0	0,0	0,0	0,0	0,0	0,0	0,0	0,0	0,0	0,0	0,0	0,0	0,0	2,0	0,0	2,0	0,0	0,0	0,0	8,0	0,0
50259	Torrehermosa	2017	Regadío											0,0														
50259	Torrehermosa	2017	Secano											0,0														
50260	Torrelapaja	2017	Regadío											0,0														
50260	Torrelapaja	2017	Secano											0,0														
50261	Torrellas	2017	Regadío	10,0	8,0	0,0	0,0	0,0	0,0	0,0	0,0	0,0	0,0	0,0	0,0	7,0	1,0	0,0	0,0	0,0	0,0	0,0	0,0	0,0	2,0	2,0	0,0	0,0
50261	Torrellas	2017	Secano	1,0	1,0	0,0	0,0	0,0	0,0	0,0	0,0	0,0	0,0	0,0	0,0	1,0	0,0	0,0	0,0	0,0	0,0	0,0	0,0	0,0	0,0	0,0	0,0	0,0
50262	Torres de Berrellén	2017	Regadío	159,0	158,0	15,0	67,0	0,0	21,0	3,0	15,0	4,0	0,0	0,0	0,0	5,0	0,0	0,0	28,0	0,0	0,0	0,0	0,0	0,0	1,0	1,0	0,0	0,0
50262	Torres de Berrellén	2017	Secano	0,0	0,0	0,0	0,0	0,0	0,0	0,0	0,0	0,0	0,0	0,0	0,0	0,0	0,0	0,0	0,0	0,0	0,0	0,0	0,0	0,0	0,0	0,0	0,0	0,0
50263	Torrijo de la Cañada	2017	Regadío	55,0	55,0	19,0	21,0	0,0	0,0	6,0	7,0	2,0	0,0	0,0	0,0	0,0	0,0	0,0	0,0	0,0	0,0	0,0	0,0	0,0	0,0	0,0	0,0	0,0
50263	Torrijo de la Cañada	2017	Secano	133,0	60,0	1,0	0,0	0,0	1,0	19,0	1,0	3,0	0,0	0,0	0,0	35,0	0,0	0,0	0,0	0,0	71,0	0,0	71,0	0,0	2,0	2,0	0,0	0,0
50264	Tosos	2017	Regadío	96,0	0,0	0,0	0,0	0,0	0,0	0,0	0,0	0,0	0,0	0,0	0,0	0,0	0,0	0,0	0,0	0,0	96,0	0,0	96,0	0,0	0,0	0,0	0,0	0,0
50264	Tosos	2017	Secano	1006,0	299,0	0,0	0,0	0,0	0,0	0,0	0,0	0,0	0,0	0,0	0,0	298,0	0,0	0,0	0,0	1,0	686,0	0,0	686,0	0,0	21,0	21,0	0,0	0,0
50265	Trasmoz	2017	Regadío	27,0	14,0	0,0	0,0	0,0	0,0	0,0	0,0	0,0	0,0	0,0	0,0	14,0	0,0	0,0	0,0	0,0	6,0	0,0	6,0	0,0	7,0	7,0	0,0	0,0
50265	Trasmoz	2017	Secano	86,0	63,0	0,0	0,0	0,0	0,0	0,0	0,0	0,0	0,0	0,0	0,0	60,0	0,0	0,0	0,0	3,0	18,0	0,0	18,0	0,0	3,0	3,0	2,0	0,0
50266	Trasobares	2017	Regadío	3,0	2,0	0,0	0,0	0,0	0,0	0,0	0,0	0,0	0,0	0,0	0,0	2,0	0,0	0,0	0,0	0,0	0,0	0,0	0,0	0,0	1,0	1,0	0,0	0,0
50266	Trasobares	2017	Secano	153,0	117,0	0,0	0,0	0,0	0,0	0,0	0,0	0,0	0,0	0,0	0,0	117,0	0,0	0,0	0,0	0,0	10,0	0,0	10,0	0,0	12,0	12,0	14,0	0,0
50267	Uncastillo	2017	Regadío	0,0	0,0	0,0	0,0	0,0	0,0	0,0	0,0	0,0	0,0	0,0	0,0	0,0	0,0	0,0	0,0	0,0	0,0	0,0	0,0	0,0	0,0	0,0	0,0	0,0
50267	Uncastillo	2017	Secano	127,0	79,0	0,0	0,0	0,0	0,0	0,0	0,0	0,0	0,0	0,0	0,0	79,0	0,0	0,0	0,0	0,0	22,0	0,0	22,0	0,0	0,0	0,0	26,0	0,0
50268	Undués de Lerda	2017	Regadío											0,0														
50268	Undués de Lerda	2017	Secano											0,0														
50269	Urrea de Jalón	2017	Regadío	167,0	163,0	64,0	30,0	0,0	0,0	0,0	31,0	1,0	0,0	0,0	0,0	2,0	0,0	0,0	35,0	0,0	0,0	0,0	0,0	0,0	4,0	4,0	0,0	0,0
50269	Urrea de Jalón	2017	Secano	26,0	6,0	0,0	0,0	0,0	0,0	0,0	0,0	0,0	0,0	0,0	0,0	6,0	0,0	0,0	0,0	0,0	3,0	0,0	3,0	0,0	17,0	17,0	0,0	0,0
50270	Urriés	2017	Regadío	0,0	0,0	0,0	0,0	0,0	0,0	0,0	0,0	0,0	0,0	0,0	0,0	0,0	0,0	0,0	0,0	0,0	0,0	0,0	0,0	0,0	0,0	0,0	0,0	0,0
50270	Urriés	2017	Secano	17,0	6,0	0,0	0,0	0,0	0,0	0,0	0,0	0,0	0,0	0,0	0,0	6,0	0,0	0,0	0,0	0,0	2,0	0,0	2,0	0,0	0,0	0,0	9,0	0,0
50271	Used	2017	Regadío											0,0														
50271	Used	2017	Secano											0,0														
50272	Utebo	2017	Regadío											0,0														
50272	Utebo	2017	Secano											0,0														
50273	Valdehorna	2017	Regadío	1,0	1,0	0,0	0,0	0,0	0,0	0,0	0,0	0,0	0,0	0,0	0,0	1,0	0,0	0,0	0,0	0,0	0,0	0,0	0,0	0,0	0,0	0,0	0,0	0,0
50273	Valdehorna	2017	Secano	136,0	84,0	0,0	0,0	0,0	0,0	3,0	0,0	0,0	0,0	0,0	1,0	79,0	0,0	0,0	0,0	1,0	50,0	0,0	50,0	0,0	0,0	0,0	2,0	0,0
50274	Val de San Martín	2017	Regadío	4,0	4,0	0,0	0,0	0,0	0,0	4,0	0,0	0,0	0,0	0,0	0,0	0,0	0,0	0,0	0,0	0,0	0,0	0,0	0,0	0,0	0,0	0,0	0,0	0,0
50274	Val de San Martín	2017	Secano	51,0	31,0	0,0	0,0	0,0	0,0	2,0	0,0	0,0	0,0	0,0	0,0	28,0	0,0	0,0	0,0	1,0	20,0	0,0	20,0	0,0	0,0	0,0	0,0	0,0
50275	Valmadrid	2017	Regadío	0,0	0,0	0,0	0,0	0,0	0,0	0,0	0,0	0,0	0,0	0,0	0,0	0,0	0,0	0,0	0,0	0,0	0,0	0,0	0,0	0,0	0,0	0,0	0,0	0,0
50275	Valmadrid	2017	Secano	7,0	0,0	0,0	0,0	0,0	0,0	0,0	0,0	0,0	0,0	0,0	0,0	0,0	0,0	0,0	0,0	0,0	5,0	0,0	5,0	0,0	2,0	2,0	0,0	0,0
50276	Valpalmas	2017	Regadío	0,0	0,0	0,0	0,0	0,0	0,0	0,0	0,0	0,0	0,0	0,0	0,0	0,0	0,0	0,0	0,0	0,0	0,0	0,0	0,0	0,0	0,0	0,0	0,0	0,0
50276	Valpalmas	2017	Secano	25,0	20,0	0,0	0,0	0,0	0,0	0,0	0,0	0,0	0,0	0,0	0,0	20,0	0,0	0,0	0,0	0,0	4,0	0,0	4,0	0,0	1,0	1,0	0,0	0,0
50277	Valtorres	2017	Regadío	4,0	4,0	0,0	0,0	0,0	0,0	3,0	0,0	0,0	0,0	0,0	0,0	1,0	0,0	0,0	0,0	0,0	0,0	0,0	0,0	0,0	0,0	0,0	0,0	0,0
50277	Valtorres	2017	Secano	56,0	48,0	0,0	0,0	0,0	0,0	8,0	0,0	0,0	0,0	0,0	0,0	40,0	0,0	0,0	0,0	0,0	8,0	0,0	8,0	0,0	0,0	0,0	0,0	0,0
50278	Velilla de Ebro	2017	Regadío											0,0														
50278	Velilla de Ebro	2017	Secano											0,0														
50279	Velilla de Jiloca	2017	Regadío	102,0	90,0	19,0	43,0	0,0	0,0	2,0	20,0	4,0	0,0	0,0	0,0	2,0	0,0	0,0	0,0	0,0	12,0	0,0	12,0	0,0	0,0	0,0	0,0	0,0
50279	Velilla de Jiloca	2017	Secano	58,0	44,0	1,0	1,0	0,0	0,0	3,0	3,0	1,0	0,0	0,0	0,0	35,0	0,0	0,0	0,0	0,0	14,0	0,0	14,0	0,0	0,0	0,0	0,0	0,0
50280	Vera de Moncayo	2017	Regadío	138,0	58,0	0,0	0,0	0,0	0,0	0,0	0,0	0,0	0,0	0,0	0,0	57,0	0,0	0,0	0,0	1,0	45,0	0,0	45,0	0,0	35,0	35,0	0,0	0,0
50280	Vera de Moncayo	2017	Secano	207,0	172,0	0,0	0,0	0,0	0,0	0,0	0,0	0,0	0,0	0,0	0,0	171,0	0,0	0,0	0,0	1,0	9,0	0,0	9,0	0,0	10,0	10,0	16,0	0,0
50281	Vierlas	2017	Regadío	39,0	4,0	0,0	0,0	0,0	0,0	0,0	0,0	0,0	0,0	0,0	0,0	4,0	0,0	0,0	0,0	0,0	24,0	0,0	24,0	0,0	11,0	11,0	0,0	0,0
50281	Vierlas	2017	Secano	21,0	0,0	0,0	0,0	0,0	0,0	0,0	0,0	0,0	0,0	0,0	0,0	0,0	0,0	0,0	0,0	0,0	21,0	0,0	21,0	0,0	0,0	0,0	0,0	0,0
50282	Vilueña (La)	2017	Regadío	65,0	63,0	5,0	0,0	0,0	0,0	45,0	6,0	1,0	0,0	0,0	0,0	6,0	0,0	0,0	0,0	0,0	2,0	0,0	2,0	0,0	0,0	0,0	0,0	0,0
50282	Vilueña (La)	2017	Secano	69,0	62,0	1,0	2,0	0,0	0,0	13,0	0,0	1,0	0,0	0,0	0,0	45,0	0,0	0,0	0,0	0,0	7,0	0,0	7,0	0,0	0,0	0,0	0,0	0,0
50283	Villadoz	2017	Regadío											0,0														
50283	Villadoz	2017	Secano											0,0														
50284	Villafeliche	2017	Regadío	32,0	30,0	0,0	20,0	0,0	1,0	1,0	2,0	5,0	0,0	0,0	0,0	0,0	1,0	0,0	0,0	0,0	0,0	0,0	0,0	0,0	0,0	0,0	2,0	0,0
50284	Villafeliche	2017	Secano	122,0	89,0	0,0	2,0	0,0	0,0	15,0	2,0	1,0	0,0	0,0	0,0	69,0	0,0	0,0	0,0	0,0	30,0	0,0	30,0	0,0	0,0	0,0	3,0	0,0
50285	Villafranca de Ebro	2017	Regadío	1,0	0,0	0,0	0,0	0,0	0,0	0,0	0,0	0,0	0,0	0,0	0,0	0,0	0,0	0,0	0,0	0,0	0,0	0,0	0,0	0,0	1,0	1,0	0,0	0,0
50285	Villafranca de Ebro	2017	Secano	0,0	0,0	0,0	0,0	0,0	0,0	0,0	0,0	0,0	0,0	0,0	0,0	0,0	0,0	0,0	0,0	0,0	0,0	0,0	0,0	0,0	0,0	0,0	0,0	0,0
50286	Villalba de Perejil	2017	Regadío	20,0	15,0	0,0	2,0	0,0	0,0	1,0	2,0	8,0	0,0	0,0	0,0	2,0	0,0	0,0	0,0	0,0	5,0	0,0	5,0	0,0	0,0	0,0	0,0	0,0
50286	Villalba de Perejil	2017	Secano	103,0	85,0	0,0	0,0	0,0	0,0	8,0	0,0	2,0	0,0	0,0	0,0	75,0	0,0	0,0	0,0	0,0	17,0	0,0	17,0	0,0	1,0	1,0	0,0	0,0
50287	Villalengua	2017	Regadío	122,0	122,0	32,0	53,0	0,0	0,0	13,0	20,0	4,0	0,0	0,0	0,0	0,0	0,0	0,0	0,0	0,0	0,0	0,0	0,0	0,0	0,0	0,0	0,0	0,0
50287	Villalengua	2017	Secano	136,0	82,0	2,0	2,0	0,0	0,0	35,0	8,0	8,0	0,0	0,0	0,0	26,0	1,0	0,0	0,0	0,0	53,0	0,0	53,0	0,0	1,0	1,0	0,0	0,0
50288	Villanueva de Gállego	2017	Regadío	5,0	5,0	0,0	0,0	0,0	0,0	0,0	0,0	0,0	0,0	0,0	0,0	5,0	0,0	0,0	0,0	0,0	0,0	0,0	0,0	0,0	0,0	0,0	0,0	0,0
50288	Villanueva de Gállego	2017	Secano	5,0	1,0	0,0	0,0	0,0	0,0	0,0	0,0	0,0	0,0	0,0	0,0	1,0	0,0	0,0	0,0	0,0	2,0	0,0	2,0	0,0	2,0	2,0	0,0	0,0
50289	Villanueva de Jiloca	2017	Regadío	0,0	0,0	0,0	0,0	0,0	0,0	0,0	0,0	0,0	0,0	0,0	0,0	0,0	0,0	0,0	0,0	0,0	0,0	0,0	0,0	0,0	0,0	0,0	0,0	0,0
50289	Villanueva de Jiloca	2017	Secano	39,0	13,0	0,0	0,0	0,0	0,0	1,0	0,0	0,0	0,0	0,0	0,0	8,0	4,0	0,0	0,0	0,0	25,0	0,0	25,0	0,0	0,0	0,0	1,0	0,0
50290	Villanueva de Huerva	2017	Regadío	64,0	0,0	0,0	0,0	0,0	0,0	0,0	0,0	0,0	0,0	0,0	0,0	0,0	0,0	0,0	0,0	0,0	64,0	0,0	64,0	0,0	0,0	0,0	0,0	0,0
50290	Villanueva de Huerva	2017	Secano	554,0	156,0	0,0	0,0	0,0	0,0	0,0	0,0	0,0	0,0	0,0	0,0	156,0	0,0	0,0	0,0	0,0	369,0	0,0	369,0	0,0	26,0	26,0	3,0	0,0
50291	Villar de los Navarros	2017	Regadío	0,0	0,0	0,0	0,0	0,0	0,0	0,0	0,0	0,0	0,0	0,0	0,0	0,0	0,0	0,0	0,0	0,0	0,0	0,0	0,0	0,0	0,0	0,0	0,0	0,0
50291	Villar de los Navarros	2017	Secano	322,0	278,0	0,0	0,0	0,0	0,0	0,0	0,0	0,0	0,0	0,0	0,0	278,0	0,0	0,0	0,0	0,0	1,0	0,0	1,0	0,0	0,0	0,0	43,0	0,0
50292	Villarreal de Huerva	2017	Regadío											0,0														
50292	Villarreal de Huerva	2017	Secano											0,0														
50293	Villarroya de la Sierra	2017	Regadío	98,0	42,0	1,0	1,0	0,0	0,0	10,0	3,0	14,0	0,0	0,0	0,0	13,0	0,0	0,0	0,0	0,0	50,0	0,0	50,0	0,0	2,0	2,0	4,0	0,0
50293	Villarroya de la Sierra	2017	Secano	1057,0	695,0	0,0	1,0	0,0	1,0	110,0	0,0	8,0	0,0	0,0	0,0	575,0	0,0	0,0	0,0	0,0	359,0	0,0	359,0	0,0	2,0	2,0	1,0	0,0
50294	Villarroya del Campo	2017	Regadío	0,0	0,0	0,0	0,0	0,0	0,0	0,0	0,0	0,0	0,0	0,0	0,0	0,0	0,0	0,0	0,0	0,0	0,0	0,0	0,0	0,0	0,0	0,0	0,0	0,0
50294	Villarroya del Campo	2017	Secano	7,0	3,0	0,0	0,0	0,0	0,0	0,0	0,0	0,0	0,0	0,0	0,0	3,0	0,0	0,0	0,0	0,0	0,0	0,0	0,0	0,0	0,0	0,0	4,0	0,0
50295	Vistabella	2017	Regadío	0,0	0,0	0,0	0,0	0,0	0,0	0,0	0,0	0,0	0,0	0,0	0,0	0,0	0,0	0,0	0,0	0,0	0,0	0,0	0,0	0,0	0,0	0,0	0,0	0,0
50295	Vistabella	2017	Secano	40,0	28,0	0,0	0,0	0,0	0,0	0,0	0,0	0,0	0,0	0,0	0,0	28,0	0,0	0,0	0,0	0,0	8,0	0,0	8,0	0,0	1,0	1,0	3,0	0,0
50296	Zaida (La)	2017	Regadío	1,0	0,0	0,0	0,0	0,0	0,0	0,0	0,0	0,0	0,0	0,0	0,0	0,0	0,0	0,0	0,0	0,0	0,0	0,0	0,0	0,0	1,0	1,0	0,0	0,0
50296	Zaida (La)	2017	Secano	1,0	0,0	0,0	0,0	0,0	0,0	0,0	0,0	0,0	0,0	0,0	0,0	0,0	0,0	0,0	0,0	0,0	0,0	0,0	0,0	0,0	1,0	1,0	0,0	0,0
50297	Zaragoza	2017	Regadío	608,0	509,0	1,0	6,0	0,0	150,0	7,0	18,0	2,0	0,0	0,0	0,0	305,0	9,0	0,0	9,0	2,0	3,0	0,0	1,0	2,0	93,0	93,0	3,0	0,0
50297	Zaragoza	2017	Secano	196,0	131,0	0,0	1,0	0,0	0,0	0,0	2,0	0,0	0,0	0,0	0,0	60,0	0,0	0,0	67,0	1,0	20,0	0,0	20,0	0,0	45,0	45,0	0,0	0,0
50298	Zuera	2017	Regadío	89,0	61,0	1,0	1,0	0,0	1,0	2,0	0,0	5,0	0,0	0,0	0,0	51,0	0,0	0,0	0,0	0,0	1,0	0,0	1,0	0,0	27,0	27,0	0,0	0,0
50298	Zuera	2017	Secano	105,0	33,0	0,0	0,0	0,0	0,0	0,0	0,0	0,0	0,0	0,0	0,0	33,0	0,0	0,0	0,0	0,0	19,0	0,0	19,0	0,0	53,0	53,0	0,0	0,0
50901	Biel	2017	Regadío	0,0	0,0	0,0	0,0	0,0	0,0	0,0	0,0	0,0	0,0	0,0	0,0	0,0	0,0	0,0	0,0	0,0	0,0	0,0	0,0	0,0	0,0	0,0	0,0	0,0
50901	Biel	2017	Secano	3,0	2,0	0,0	0,0	0,0	0,0	0,0	0,0	0,0	0,0	0,0	0,0	2,0	0,0	0,0	0,0	0,0	0,0	0,0	0,0	0,0	0,0	0,0	1,0	0,0
50902	Marracos	2017	Regadío	7,0	5,0	0,0	0,0	0,0	0,0	0,0	0,0	0,0	0,0	0,0	0,0	5,0	0,0	0,0	0,0	0,0	0,0	0,0	0,0	0,0	2,0	2,0	0,0	0,0
50902	Marracos	2017	Secano	14,0	8,0	0,0	0,0	0,0	0,0	0,0	0,0	0,0	0,0	0,0	0,0	8,0	0,0	0,0	0,0	0,0	1,0	0,0	1,0	0,0	5,0	5,0	0,0	0,0
50903	Villamayor de Gállego	2017	Regadío	6,0	1,0	0,0	0,0	0,0	0,0	0,0	0,0	0,0	0,0	0,0	0,0	1,0	0,0	0,0	0,0	0,0	0,0	0,0	0,0	0,0	5,0	5,0	0,0	0,0
50903	Villamayor de Gállego	2017	Secano	80,0	7,0	0,0	0,0	0,0	0,0	0,0	0,0	0,0	0,0	0,0	0,0	7,0	0,0	0,0	0,0	0,0	35,0	0,0	35,0	0,0	38,0	38,0	0,0	0,0
22001	Abiego	2016	Regadío	2,0	0,0	0,0	0,0	0,0	0,0	0,0	0,0	0,0	0,0	0,0	0,0	0,0	0,0	0,0	0,0	0,0	2,0	0,0	2,0	0,0	0,0	0,0	0,0	0,0
22001	Abiego	2016	Secano	328,0	223,0	0,0	0,0	0,0	0,0	0,0	0,0	0,0	0,0	0,0	0,0	222,0	0,0	0,0	0,0	1,0	31,0	0,0	31,0	0,0	74,0	74,0	0,0	0,0
22002	Abizanda	2016	Regadío	0,0	0,0	0,0	0,0	0,0	0,0	0,0	0,0	0,0	0,0	0,0	0,0	0,0	0,0	0,0	0,0	0,0	0,0	0,0	0,0	0,0	0,0	0,0	0,0	0,0
22002	Abizanda	2016	Secano	154,0	61,0	1,0	0,0	0,0	0,0	0,0	0,0	0,0	0,0	0,0	0,0	56,0	4,0	0,0	0,0	0,0	10,0	0,0	10,0	0,0	83,0	83,0	0,0	0,0
22003	Adahuesca	2016	Regadío	15,0	0,0	0,0	0,0	0,0	0,0	0,0	0,0	0,0	0,0	0,0	0,0	0,0	0,0	0,0	0,0	0,0	15,0	0,0	15,0	0,0	0,0	0,0	0,0	0,0
22003	Adahuesca	2016	Secano	254,0	127,0	0,0	0,0	0,0	0,0	0,0	0,0	0,0	0,0	0,0	0,0	127,0	0,0	0,0	0,0	0,0	70,0	0,0	70,0	0,0	57,0	57,0	0,0	0,0
22004	Agüero	2016	Regadío	0,0	0,0	0,0	0,0	0,0	0,0	0,0	0,0	0,0	0,0	0,0	0,0	0,0	0,0	0,0	0,0	0,0	0,0	0,0	0,0	0,0	0,0	0,0	0,0	0,0
22004	Agüero	2016	Secano	56,0	43,0	0,0	0,0	0,0	0,0	0,0	0,0	0,0	0,0	0,0	0,0	43,0	0,0	0,0	0,0	0,0	2,0	0,0	2,0	0,0	11,0	11,0	0,0	0,0
22006	Aísa	2016	Regadío											0,0														
22006	Aísa	2016	Secano											0,0														
22007	Albalate de Cinca	2016	Regadío	607,0	548,0	15,0	27,0	0,0	14,0	49,0	184,0	4,0	3,0	0,0	0,0	86,0	0,0	0,0	161,0	5,0	10,0	0,0	10,0	0,0	49,0	49,0	0,0	0,0
22007	Albalate de Cinca	2016	Secano	12,0	10,0	0,0	0,0	0,0	0,0	0,0	0,0	0,0	0,0	0,0	0,0	10,0	0,0	0,0	0,0	0,0	1,0	0,0	1,0	0,0	1,0	1,0	0,0	0,0
22008	Albalatillo	2016	Regadío	3,0	0,0	0,0	0,0	0,0	0,0	0,0	0,0	0,0	0,0	0,0	0,0	0,0	0,0	0,0	0,0	0,0	0,0	0,0	0,0	0,0	3,0	3,0	0,0	0,0
22008	Albalatillo	2016	Secano	0,0	0,0	0,0	0,0	0,0	0,0	0,0	0,0	0,0	0,0	0,0	0,0	0,0	0,0	0,0	0,0	0,0	0,0	0,0	0,0	0,0	0,0	0,0	0,0	0,0
22009	Albelda	2016	Regadío	485,0	467,0	40,0	41,0	0,0	0,0	1,0	269,0	1,0	3,0	0,0	0,0	25,0	0,0	0,0	86,0	1,0	0,0	0,0	0,0	0,0	18,0	18,0	0,0	0,0
22009	Albelda	2016	Secano	96,0	12,0	0,0	0,0	0,0	0,0	0,0	0,0	0,0	0,0	0,0	0,0	12,0	0,0	0,0	0,0	0,0	0,0	0,0	0,0	0,0	84,0	84,0	0,0	0,0
22011	Albero Alto	2016	Regadío											0,0														
22011	Albero Alto	2016	Secano											0,0														
22012	Albero Bajo	2016	Regadío											0,0														
22012	Albero Bajo	2016	Secano											0,0														
22013	Alberuela de Tubo	2016	Regadío	4,0	0,0	0,0	0,0	0,0	0,0	0,0	0,0	0,0	0,0	0,0	0,0	0,0	0,0	0,0	0,0	0,0	0,0	0,0	0,0	0,0	4,0	4,0	0,0	0,0
22013	Alberuela de Tubo	2016	Secano	2,0	0,0	0,0	0,0	0,0	0,0	0,0	0,0	0,0	0,0	0,0	0,0	0,0	0,0	0,0	0,0	0,0	0,0	0,0	0,0	0,0	2,0	2,0	0,0	0,0
22014	Alcalá de Gurrea	2016	Regadío	13,0	12,0	0,0	0,0	0,0	0,0	0,0	0,0	0,0	0,0	0,0	0,0	11,0	1,0	0,0	0,0	0,0	0,0	0,0	0,0	0,0	1,0	1,0	0,0	0,0
22014	Alcalá de Gurrea	2016	Secano	66,0	62,0	0,0	0,0	0,0	0,0	0,0	0,0	0,0	0,0	0,0	0,0	62,0	0,0	0,0	0,0	0,0	1,0	0,0	1,0	0,0	3,0	3,0	0,0	0,0
22015	Alcalá del Obispo	2016	Regadío	1,0	0,0	0,0	0,0	0,0	0,0	0,0	0,0	0,0	0,0	0,0	0,0	0,0	0,0	0,0	0,0	0,0	0,0	0,0	0,0	0,0	1,0	1,0	0,0	0,0
22015	Alcalá del Obispo	2016	Secano	33,0	29,0	0,0	0,0	0,0	0,0	0,0	0,0	0,0	0,0	0,0	0,0	29,0	0,0	0,0	0,0	0,0	1,0	0,0	1,0	0,0	3,0	3,0	0,0	0,0
22016	Alcampell	2016	Regadío	28,0	22,0	2,0	2,0	0,0	0,0	0,0	4,0	0,0	0,0	0,0	0,0	11,0	0,0	0,0	3,0	0,0	0,0	0,0	0,0	0,0	6,0	6,0	0,0	0,0
22016	Alcampell	2016	Secano	292,0	113,0	0,0	0,0	0,0	0,0	0,0	0,0	0,0	0,0	0,0	0,0	113,0	0,0	0,0	0,0	0,0	2,0	0,0	2,0	0,0	177,0	177,0	0,0	0,0
22017	Alcolea de Cinca	2016	Regadío	348,0	293,0	22,0	28,0	0,0	15,0	59,0	65,0	2,0	0,0	0,0	0,0	16,0	0,0	0,0	66,0	20,0	2,0	0,0	2,0	0,0	53,0	53,0	0,0	0,0
22017	Alcolea de Cinca	2016	Secano	17,0	8,0	0,0	0,0	0,0	0,0	0,0	0,0	0,0	0,0	0,0	0,0	8,0	0,0	0,0	0,0	0,0	0,0	0,0	0,0	0,0	9,0	9,0	0,0	0,0
22018	Alcubierre	2016	Regadío	6,0	6,0	0,0	0,0	0,0	0,0	0,0	0,0	0,0	0,0	0,0	0,0	6,0	0,0	0,0	0,0	0,0	0,0	0,0	0,0	0,0	0,0	0,0	0,0	0,0
22018	Alcubierre	2016	Secano	65,0	12,0	0,0	0,0	0,0	0,0	0,0	0,0	0,0	0,0	0,0	0,0	12,0	0,0	0,0	0,0	0,0	30,0	0,0	30,0	0,0	23,0	23,0	0,0	0,0
22019	Alerre	2016	Regadío	0,0	0,0	0,0	0,0	0,0	0,0	0,0	0,0	0,0	0,0	0,0	0,0	0,0	0,0	0,0	0,0	0,0	0,0	0,0	0,0	0,0	0,0	0,0	0,0	0,0
22019	Alerre	2016	Secano	11,0	6,0	0,0	0,0	0,0	0,0	0,0	0,0	0,0	0,0	0,0	0,0	6,0	0,0	0,0	0,0	0,0	4,0	1,0	3,0	0,0	1,0	1,0	0,0	0,0
22020	Alfántega	2016	Regadío	63,0	58,0	2,0	6,0	0,0	0,0	0,0	32,0	1,0	0,0	0,0	0,0	8,0	0,0	0,0	9,0	0,0	1,0	0,0	1,0	0,0	4,0	4,0	0,0	0,0
22020	Alfántega	2016	Secano	6,0	0,0	0,0	0,0	0,0	0,0	0,0	0,0	0,0	0,0	0,0	0,0	0,0	0,0	0,0	0,0	0,0	0,0	0,0	0,0	0,0	6,0	6,0	0,0	0,0
22021	Almudévar	2016	Regadío	74,0	17,0	0,0	0,0	0,0	0,0	0,0	0,0	0,0	0,0	0,0	0,0	16,0	0,0	0,0	0,0	1,0	1,0	0,0	1,0	0,0	54,0	54,0	0,0	2,0
22021	Almudévar	2016	Secano	538,0	350,0	0,0	0,0	0,0	0,0	0,0	0,0	0,0	0,0	0,0	0,0	350,0	0,0	0,0	0,0	0,0	74,0	0,0	74,0	0,0	114,0	114,0	0,0	0,0
22022	Almunia de San Juan	2016	Regadío	14,0	1,0	0,0	0,0	0,0	0,0	0,0	0,0	0,0	0,0	0,0	0,0	1,0	0,0	0,0	0,0	0,0	10,0	0,0	10,0	0,0	3,0	3,0	0,0	0,0
22022	Almunia de San Juan	2016	Secano	20,0	1,0	0,0	0,0	0,0	0,0	0,0	0,0	0,0	0,0	0,0	0,0	1,0	0,0	0,0	0,0	0,0	7,0	0,0	7,0	0,0	12,0	12,0	0,0	0,0
22023	Almuniente	2016	Regadío	3,0	2,0	0,0	0,0	0,0	0,0	0,0	0,0	0,0	0,0	0,0	0,0	0,0	2,0	0,0	0,0	0,0	0,0	0,0	0,0	0,0	1,0	1,0	0,0	0,0
22023	Almuniente	2016	Secano	0,0	0,0	0,0	0,0	0,0	0,0	0,0	0,0	0,0	0,0	0,0	0,0	0,0	0,0	0,0	0,0	0,0	0,0	0,0	0,0	0,0	0,0	0,0	0,0	0,0
22024	Alquézar	2016	Regadío	1,0	0,0	0,0	0,0	0,0	0,0	0,0	0,0	0,0	0,0	0,0	0,0	0,0	0,0	0,0	0,0	0,0	1,0	0,0	1,0	0,0	0,0	0,0	0,0	0,0
22024	Alquézar	2016	Secano	222,0	93,0	0,0	0,0	0,0	0,0	0,0	0,0	0,0	0,0	0,0	0,0	91,0	1,0	0,0	0,0	1,0	2,0	0,0	2,0	0,0	127,0	127,0	0,0	0,0
22025	Altorricón	2016	Regadío	253,0	248,0	66,0	101,0	1,0	2,0	3,0	38,0	7,0	5,0	0,0	0,0	3,0	0,0	0,0	22,0	0,0	0,0	0,0	0,0	0,0	5,0	5,0	0,0	0,0
22025	Altorricón	2016	Secano	1,0	0,0	0,0	0,0	0,0	0,0	0,0	0,0	0,0	0,0	0,0	0,0	0,0	0,0	0,0	0,0	0,0	0,0	0,0	0,0	0,0	1,0	1,0	0,0	0,0
22027	Angüés	2016	Regadío	1,0	1,0	0,0	0,0	0,0	0,0	0,0	0,0	0,0	0,0	0,0	0,0	1,0	0,0	0,0	0,0	0,0	0,0	0,0	0,0	0,0	0,0	0,0	0,0	0,0
22027	Angüés	2016	Secano	98,0	28,0	0,0	0,0	0,0	0,0	0,0	0,0	0,0	0,0	0,0	0,0	28,0	0,0	0,0	0,0	0,0	53,0	0,0	53,0	0,0	17,0	17,0	0,0	0,0
22028	Ansó	2016	Regadío											0,0														
22028	Ansó	2016	Secano											0,0														
22029	Antillón	2016	Regadío	4,0	0,0	0,0	0,0	0,0	0,0	0,0	0,0	0,0	0,0	0,0	0,0	0,0	0,0	0,0	0,0	0,0	4,0	0,0	4,0	0,0	0,0	0,0	0,0	0,0
22029	Antillón	2016	Secano	135,0	107,0	0,0	0,0	0,0	0,0	0,0	0,0	0,0	0,0	0,0	0,0	107,0	0,0	0,0	0,0	0,0	13,0	0,0	13,0	0,0	15,0	15,0	0,0	0,0
22032	Aragüés del Puerto	2016	Regadío											0,0														
22032	Aragüés del Puerto	2016	Secano											0,0														
22035	Arén	2016	Regadío	0,0	0,0	0,0	0,0	0,0	0,0	0,0	0,0	0,0	0,0	0,0	0,0	0,0	0,0	0,0	0,0	0,0	0,0	0,0	0,0	0,0	0,0	0,0	0,0	0,0
22035	Arén	2016	Secano	8,0	3,0	0,0	0,0	0,0	0,0	0,0	0,0	0,0	0,0	0,0	0,0	3,0	0,0	0,0	0,0	0,0	4,0	0,0	4,0	0,0	1,0	1,0	0,0	0,0
22036	Argavieso	2016	Regadío	0,0	0,0	0,0	0,0	0,0	0,0	0,0	0,0	0,0	0,0	0,0	0,0	0,0	0,0	0,0	0,0	0,0	0,0	0,0	0,0	0,0	0,0	0,0	0,0	0,0
22036	Argavieso	2016	Secano	5,0	3,0	0,0	0,0	0,0	0,0	0,0	0,0	0,0	0,0	0,0	0,0	3,0	0,0	0,0	0,0	0,0	0,0	0,0	0,0	0,0	2,0	2,0	0,0	0,0
22037	Arguis	2016	Regadío											0,0														
22037	Arguis	2016	Secano											0,0														
22039	Ayerbe	2016	Regadío	47,0	6,0	0,0	0,0	0,0	0,0	0,0	0,0	0,0	0,0	0,0	0,0	5,0	0,0	0,0	0,0	1,0	23,0	0,0	23,0	0,0	18,0	18,0	0,0	0,0
22039	Ayerbe	2016	Secano	299,0	229,0	0,0	0,0	0,0	0,0	0,0	0,0	0,0	0,0	0,0	0,0	221,0	0,0	0,0	0,0	8,0	42,0	0,0	42,0	0,0	28,0	28,0	0,0	0,0
22040	Azanuy-Alins	2016	Regadío	0,0	0,0	0,0	0,0	0,0	0,0	0,0	0,0	0,0	0,0	0,0	0,0	0,0	0,0	0,0	0,0	0,0	0,0	0,0	0,0	0,0	0,0	0,0	0,0	0,0
22040	Azanuy-Alins	2016	Secano	208,0	104,0	0,0	0,0	0,0	0,0	0,0	0,0	0,0	0,0	0,0	0,0	104,0	0,0	0,0	0,0	0,0	1,0	0,0	1,0	0,0	103,0	103,0	0,0	0,0
22041	Azara	2016	Regadío	0,0	0,0	0,0	0,0	0,0	0,0	0,0	0,0	0,0	0,0	0,0	0,0	0,0	0,0	0,0	0,0	0,0	0,0	0,0	0,0	0,0	0,0	0,0	0,0	0,0
22041	Azara	2016	Secano	157,0	108,0	0,0	0,0	0,0	0,0	0,0	0,0	0,0	0,0	0,0	0,0	108,0	0,0	0,0	0,0	0,0	24,0	0,0	24,0	0,0	25,0	25,0	0,0	0,0
22042	Azlor	2016	Regadío	6,0	5,0	0,0	0,0	0,0	0,0	0,0	0,0	0,0	0,0	0,0	0,0	5,0	0,0	0,0	0,0	0,0	0,0	0,0	0,0	0,0	1,0	1,0	0,0	0,0
22042	Azlor	2016	Secano	260,0	183,0	0,0	0,0	0,0	0,0	0,0	0,0	0,0	0,0	0,0	0,0	183,0	0,0	0,0	0,0	0,0	38,0	0,0	38,0	0,0	39,0	39,0	0,0	0,0
22043	Baells	2016	Regadío	0,0	0,0	0,0	0,0	0,0	0,0	0,0	0,0	0,0	0,0	0,0	0,0	0,0	0,0	0,0	0,0	0,0	0,0	0,0	0,0	0,0	0,0	0,0	0,0	0,0
22043	Baells	2016	Secano	143,0	91,0	0,0	0,0	0,0	0,0	0,0	0,0	0,0	0,0	0,0	0,0	91,0	0,0	0,0	0,0	0,0	1,0	0,0	1,0	0,0	51,0	51,0	0,0	0,0
22044	Bailo	2016	Regadío	2,0	2,0	0,0	0,0	0,0	0,0	0,0	0,0	0,0	0,0	0,0	0,0	0,0	2,0	0,0	0,0	0,0	0,0	0,0	0,0	0,0	0,0	0,0	0,0	0,0
22044	Bailo	2016	Secano	11,0	11,0	0,0	0,0	0,0	0,0	0,0	0,0	0,0	0,0	0,0	0,0	11,0	0,0	0,0	0,0	0,0	0,0	0,0	0,0	0,0	0,0	0,0	0,0	0,0
22045	Baldellou	2016	Regadío	1,0	0,0	0,0	0,0	0,0	0,0	0,0	0,0	0,0	0,0	0,0	0,0	0,0	0,0	0,0	0,0	0,0	0,0	0,0	0,0	0,0	1,0	1,0	0,0	0,0
22045	Baldellou	2016	Secano	145,0	51,0	0,0	0,0	0,0	0,0	0,0	0,0	0,0	0,0	0,0	0,0	51,0	0,0	0,0	0,0	0,0	4,0	0,0	4,0	0,0	90,0	90,0	0,0	0,0
22046	Ballobar	2016	Regadío	290,0	287,0	8,0	62,0	0,0	18,0	24,0	95,0	0,0	0,0	0,0	0,0	19,0	0,0	0,0	59,0	2,0	0,0	0,0	0,0	0,0	3,0	3,0	0,0	0,0
22046	Ballobar	2016	Secano	167,0	18,0	0,0	0,0	0,0	0,0	0,0	0,0	0,0	0,0	0,0	0,0	18,0	0,0	0,0	0,0	0,0	2,0	0,0	2,0	0,0	147,0	147,0	0,0	0,0
22047	Banastás	2016	Regadío	0,0	0,0	0,0	0,0	0,0	0,0	0,0	0,0	0,0	0,0	0,0	0,0	0,0	0,0	0,0	0,0	0,0	0,0	0,0	0,0	0,0	0,0	0,0	0,0	0,0
22047	Banastás	2016	Secano	6,0	0,0	0,0	0,0	0,0	0,0	0,0	0,0	0,0	0,0	0,0	0,0	0,0	0,0	0,0	0,0	0,0	5,0	0,0	5,0	0,0	1,0	1,0	0,0	0,0
22048	Barbastro	2016	Regadío	942,0	38,0	0,0	0,0	0,0	0,0	0,0	0,0	0,0	0,0	0,0	0,0	37,0	0,0	0,0	0,0	1,0	815,0	0,0	815,0	0,0	89,0	89,0	0,0	0,0
22048	Barbastro	2016	Secano	1250,0	245,0	0,0	0,0	0,0	0,0	0,0	0,0	0,0	0,0	0,0	0,0	241,0	0,0	0,0	0,0	4,0	520,0	4,0	516,0	0,0	482,0	482,0	0,0	3,0
22049	Barbués	2016	Regadío											0,0														
22049	Barbués	2016	Secano											0,0														
22050	Barbuñales	2016	Regadío	0,0	0,0	0,0	0,0	0,0	0,0	0,0	0,0	0,0	0,0	0,0	0,0	0,0	0,0	0,0	0,0	0,0	0,0	0,0	0,0	0,0	0,0	0,0	0,0	0,0
22050	Barbuñales	2016	Secano	58,0	7,0	0,0	0,0	0,0	0,0	0,0	0,0	0,0	0,0	0,0	0,0	7,0	0,0	0,0	0,0	0,0	41,0	0,0	41,0	0,0	10,0	10,0	0,0	0,0
22051	Bárcabo	2016	Regadío	0,0	0,0	0,0	0,0	0,0	0,0	0,0	0,0	0,0	0,0	0,0	0,0	0,0	0,0	0,0	0,0	0,0	0,0	0,0	0,0	0,0	0,0	0,0	0,0	0,0
22051	Bárcabo	2016	Secano	42,0	20,0	0,0	0,0	0,0	0,0	0,0	0,0	0,0	0,0	0,0	0,0	20,0	0,0	0,0	0,0	0,0	0,0	0,0	0,0	0,0	22,0	22,0	0,0	0,0
22052	Belver de Cinca	2016	Regadío	1867,0	1494,0	9,0	56,0	0,0	25,0	140,0	548,0	2,0	4,0	0,0	0,0	136,0	125,0	0,0	449,0	0,0	320,0	0,0	320,0	0,0	49,0	49,0	0,0	4,0
22052	Belver de Cinca	2016	Secano	17,0	2,0	0,0	0,0	0,0	0,0	0,0	0,0	0,0	0,0	0,0	0,0	2,0	0,0	0,0	0,0	0,0	13,0	9,0	4,0	0,0	2,0	2,0	0,0	0,0
22053	Benabarre	2016	Regadío	0,0	0,0	0,0	0,0	0,0	0,0	0,0	0,0	0,0	0,0	0,0	0,0	0,0	0,0	0,0	0,0	0,0	0,0	0,0	0,0	0,0	0,0	0,0	0,0	0,0
22053	Benabarre	2016	Secano	95,0	54,0	0,0	0,0	0,0	0,0	0,0	0,0	0,0	0,0	0,0	0,0	44,0	4,0	4,0	0,0	2,0	1,0	0,0	1,0	0,0	40,0	40,0	0,0	0,0
22054	Benasque	2016	Regadío	0,0	0,0	0,0	0,0	0,0	0,0	0,0	0,0	0,0	0,0	0,0	0,0	0,0	0,0	0,0	0,0	0,0	0,0	0,0	0,0	0,0	0,0	0,0	0,0	0,0
22054	Benasque	2016	Secano	1,0	1,0	1,0	0,0	0,0	0,0	0,0	0,0	0,0	0,0	0,0	0,0	0,0	0,0	0,0	0,0	0,0	0,0	0,0	0,0	0,0	0,0	0,0	0,0	0,0
22055	Berbegal	2016	Regadío	24,0	5,0	0,0	0,0	0,0	0,0	0,0	0,0	0,0	0,0	0,0	0,0	5,0	0,0	0,0	0,0	0,0	15,0	0,0	15,0	0,0	4,0	4,0	0,0	0,0
22055	Berbegal	2016	Secano	115,0	44,0	0,0	0,0	0,0	0,0	0,0	0,0	0,0	0,0	0,0	0,0	44,0	0,0	0,0	0,0	0,0	45,0	0,0	45,0	0,0	26,0	26,0	0,0	0,0
22057	Bielsa	2016	Regadío											0,0														
22057	Bielsa	2016	Secano											0,0														
22058	Bierge	2016	Regadío	0,0	0,0	0,0	0,0	0,0	0,0	0,0	0,0	0,0	0,0	0,0	0,0	0,0	0,0	0,0	0,0	0,0	0,0	0,0	0,0	0,0	0,0	0,0	0,0	0,0
22058	Bierge	2016	Secano	280,0	119,0	0,0	0,0	0,0	0,0	0,0	0,0	0,0	0,0	0,0	0,0	119,0	0,0	0,0	0,0	0,0	25,0	0,0	25,0	0,0	136,0	136,0	0,0	0,0
22059	Biescas	2016	Regadío	1,0	1,0	1,0	0,0	0,0	0,0	0,0	0,0	0,0	0,0	0,0	0,0	0,0	0,0	0,0	0,0	0,0	0,0	0,0	0,0	0,0	0,0	0,0	0,0	0,0
22059	Biescas	2016	Secano	1,0	0,0	0,0	0,0	0,0	0,0	0,0	0,0	0,0	0,0	0,0	0,0	0,0	0,0	0,0	0,0	0,0	1,0	0,0	1,0	0,0	0,0	0,0	0,0	0,0
22060	Binaced	2016	Regadío	900,0	838,0	15,0	160,0	0,0	11,0	1,0	437,0	4,0	0,0	0,0	0,0	103,0	4,0	0,0	103,0	0,0	18,0	1,0	17,0	0,0	44,0	44,0	0,0	0,0
22060	Binaced	2016	Secano	27,0	17,0	0,0	0,0	0,0	0,0	0,0	0,0	0,0	0,0	0,0	0,0	17,0	0,0	0,0	0,0	0,0	0,0	0,0	0,0	0,0	10,0	10,0	0,0	0,0
22061	Binéfar	2016	Regadío	52,0	29,0	13,0	1,0	0,0	0,0	0,0	4,0	0,0	0,0	0,0	0,0	8,0	0,0	0,0	3,0	0,0	1,0	0,0	1,0	0,0	22,0	22,0	0,0	0,0
22061	Binéfar	2016	Secano	5,0	3,0	0,0	0,0	0,0	0,0	0,0	0,0	0,0	0,0	0,0	0,0	2,0	1,0	0,0	0,0	0,0	0,0	0,0	0,0	0,0	2,0	2,0	0,0	0,0
22062	Bisaurri	2016	Regadío											0,0														
22062	Bisaurri	2016	Secano											0,0														
22063	Biscarrués	2016	Regadío	15,0	3,0	0,0	0,0	0,0	0,0	0,0	0,0	0,0	0,0	0,0	0,0	0,0	0,0	0,0	0,0	3,0	11,0	0,0	11,0	0,0	1,0	1,0	0,0	0,0
22063	Biscarrués	2016	Secano	115,0	89,0	0,0	0,0	0,0	0,0	0,0	0,0	0,0	0,0	0,0	0,0	89,0	0,0	0,0	0,0	0,0	13,0	0,0	13,0	0,0	10,0	10,0	0,0	3,0
22064	Blecua y Torres	2016	Regadío	0,0	0,0	0,0	0,0	0,0	0,0	0,0	0,0	0,0	0,0	0,0	0,0	0,0	0,0	0,0	0,0	0,0	0,0	0,0	0,0	0,0	0,0	0,0	0,0	0,0
22064	Blecua y Torres	2016	Secano	89,0	43,0	0,0	0,0	0,0	0,0	0,0	0,0	0,0	0,0	0,0	0,0	43,0	0,0	0,0	0,0	0,0	40,0	0,0	40,0	0,0	6,0	6,0	0,0	0,0
22066	Boltaña	2016	Regadío	0,0	0,0	0,0	0,0	0,0	0,0	0,0	0,0	0,0	0,0	0,0	0,0	0,0	0,0	0,0	0,0	0,0	0,0	0,0	0,0	0,0	0,0	0,0	0,0	0,0
22066	Boltaña	2016	Secano	1,0	0,0	0,0	0,0	0,0	0,0	0,0	0,0	0,0	0,0	0,0	0,0	0,0	0,0	0,0	0,0	0,0	0,0	0,0	0,0	0,0	1,0	1,0	0,0	0,0
22067	Bonansa	2016	Regadío											0,0														
22067	Bonansa	2016	Secano											0,0														
22068	Borau	2016	Regadío											0,0														
22068	Borau	2016	Secano											0,0														
22069	Broto	2016	Regadío											0,0														
22069	Broto	2016	Secano											0,0														
22072	Caldearenas	2016	Regadío											0,0														
22072	Caldearenas	2016	Secano											0,0														
22074	Campo	2016	Regadío											0,0														
22074	Campo	2016	Secano											0,0														
22075	Camporrells	2016	Regadío	0,0	0,0	0,0	0,0	0,0	0,0	0,0	0,0	0,0	0,0	0,0	0,0	0,0	0,0	0,0	0,0	0,0	0,0	0,0	0,0	0,0	0,0	0,0	0,0	0,0
22075	Camporrells	2016	Secano	30,0	17,0	0,0	0,0	0,0	0,0	0,0	0,0	0,0	0,0	0,0	0,0	17,0	0,0	0,0	0,0	0,0	0,0	0,0	0,0	0,0	13,0	13,0	0,0	0,0
22076	Canal de Berdún	2016	Regadío	1,0	1,0	0,0	0,0	0,0	0,0	0,0	0,0	0,0	0,0	0,0	0,0	1,0	0,0	0,0	0,0	0,0	0,0	0,0	0,0	0,0	0,0	0,0	0,0	0,0
22076	Canal de Berdún	2016	Secano	26,0	21,0	0,0	0,0	0,0	0,0	0,0	0,0	0,0	0,0	0,0	0,0	21,0	0,0	0,0	0,0	0,0	5,0	0,0	5,0	0,0	0,0	0,0	0,0	0,0
22077	Candasnos	2016	Regadío	357,0	337,0	0,0	0,0	0,0	8,0	18,0	148,0	0,0	0,0	0,0	0,0	8,0	0,0	0,0	155,0	0,0	11,0	11,0	0,0	0,0	9,0	9,0	0,0	0,0
22077	Candasnos	2016	Secano	14,0	4,0	0,0	0,0	0,0	0,0	0,0	0,0	0,0	0,0	0,0	0,0	4,0	0,0	0,0	0,0	0,0	0,0	0,0	0,0	0,0	10,0	10,0	0,0	0,0
22078	Canfranc	2016	Regadío											0,0														
22078	Canfranc	2016	Secano											0,0														
22079	Capdesaso	2016	Regadío	3,0	0,0	0,0	0,0	0,0	0,0	0,0	0,0	0,0	0,0	0,0	0,0	0,0	0,0	0,0	0,0	0,0	1,0	0,0	1,0	0,0	2,0	2,0	0,0	0,0
22079	Capdesaso	2016	Secano	0,0	0,0	0,0	0,0	0,0	0,0	0,0	0,0	0,0	0,0	0,0	0,0	0,0	0,0	0,0	0,0	0,0	0,0	0,0	0,0	0,0	0,0	0,0	0,0	0,0
22080	Capella	2016	Regadío	0,0	0,0	0,0	0,0	0,0	0,0	0,0	0,0	0,0	0,0	0,0	0,0	0,0	0,0	0,0	0,0	0,0	0,0	0,0	0,0	0,0	0,0	0,0	0,0	0,0
22080	Capella	2016	Secano	64,0	28,0	0,0	0,0	0,0	0,0	0,0	0,0	0,0	0,0	0,0	0,0	28,0	0,0	0,0	0,0	0,0	11,0	0,0	11,0	0,0	25,0	25,0	0,0	0,0
22081	Casbas de Huesca	2016	Regadío	2,0	0,0	0,0	0,0	0,0	0,0	0,0	0,0	0,0	0,0	0,0	0,0	0,0	0,0	0,0	0,0	0,0	1,0	0,0	1,0	0,0	1,0	1,0	0,0	0,0
22081	Casbas de Huesca	2016	Secano	220,0	99,0	0,0	0,0	0,0	0,0	0,0	0,0	0,0	0,0	0,0	0,0	99,0	0,0	0,0	0,0	0,0	28,0	0,0	28,0	0,0	93,0	93,0	0,0	0,0
22082	Castejón del Puente	2016	Regadío	5,0	1,0	0,0	0,0	0,0	0,0	0,0	0,0	0,0	0,0	0,0	0,0	1,0	0,0	0,0	0,0	0,0	0,0	0,0	0,0	0,0	4,0	4,0	0,0	0,0
22082	Castejón del Puente	2016	Secano	31,0	4,0	0,0	0,0	0,0	0,0	0,0	0,0	0,0	0,0	0,0	0,0	4,0	0,0	0,0	0,0	0,0	6,0	0,0	6,0	0,0	21,0	21,0	0,0	0,0
22083	Castejón de Monegros	2016	Regadío	0,0	0,0	0,0	0,0	0,0	0,0	0,0	0,0	0,0	0,0	0,0	0,0	0,0	0,0	0,0	0,0	0,0	0,0	0,0	0,0	0,0	0,0	0,0	0,0	0,0
22083	Castejón de Monegros	2016	Secano	85,0	28,0	0,0	0,0	0,0	0,0	0,0	0,0	0,0	0,0	0,0	0,0	28,0	0,0	0,0	0,0	0,0	23,0	0,0	23,0	0,0	34,0	34,0	0,0	0,0
22084	Castejón de Sos	2016	Regadío											0,0														
22084	Castejón de Sos	2016	Secano											0,0														
22085	Castelflorite	2016	Regadío	85,0	17,0	0,0	0,0	0,0	0,0	0,0	0,0	0,0	0,0	0,0	0,0	17,0	0,0	0,0	0,0	0,0	0,0	0,0	0,0	0,0	68,0	68,0	0,0	0,0
22085	Castelflorite	2016	Secano	28,0	13,0	0,0	0,0	0,0	0,0	0,0	0,0	0,0	0,0	0,0	0,0	13,0	0,0	0,0	0,0	0,0	0,0	0,0	0,0	0,0	15,0	15,0	0,0	0,0
22086	Castiello de Jaca	2016	Regadío											0,0														
22086	Castiello de Jaca	2016	Secano											0,0														
22087	Castigaleu	2016	Regadío											0,0														
22087	Castigaleu	2016	Secano											0,0														
22088	Castillazuelo	2016	Regadío	16,0	0,0	0,0	0,0	0,0	0,0	0,0	0,0	0,0	0,0	0,0	0,0	0,0	0,0	0,0	0,0	0,0	15,0	0,0	15,0	0,0	1,0	1,0	0,0	0,0
22088	Castillazuelo	2016	Secano	117,0	24,0	0,0	0,0	0,0	0,0	0,0	0,0	0,0	0,0	0,0	0,0	24,0	0,0	0,0	0,0	0,0	64,0	0,0	64,0	0,0	29,0	29,0	0,0	0,0
22089	Castillonroy	2016	Regadío	28,0	28,0	4,0	4,0	0,0	0,0	0,0	16,0	0,0	0,0	0,0	0,0	0,0	0,0	0,0	3,0	1,0	0,0	0,0	0,0	0,0	0,0	0,0	0,0	0,0
22089	Castillonroy	2016	Secano	174,0	46,0	0,0	0,0	0,0	0,0	0,0	0,0	0,0	0,0	0,0	0,0	46,0	0,0	0,0	0,0	0,0	1,0	0,0	1,0	0,0	127,0	127,0	0,0	0,0
22090	Colungo	2016	Regadío	0,0	0,0	0,0	0,0	0,0	0,0	0,0	0,0	0,0	0,0	0,0	0,0	0,0	0,0	0,0	0,0	0,0	0,0	0,0	0,0	0,0	0,0	0,0	0,0	0,0
22090	Colungo	2016	Secano	162,0	54,0	0,0	0,0	0,0	0,0	0,0	0,0	0,0	0,0	0,0	0,0	54,0	0,0	0,0	0,0	0,0	4,0	0,0	4,0	0,0	104,0	104,0	0,0	0,0
22094	Chalamera	2016	Regadío	75,0	71,0	1,0	26,0	0,0	0,0	0,0	8,0	0,0	0,0	0,0	0,0	30,0	0,0	0,0	6,0	0,0	0,0	0,0	0,0	0,0	4,0	4,0	0,0	0,0
22094	Chalamera	2016	Secano	2,0	0,0	0,0	0,0	0,0	0,0	0,0	0,0	0,0	0,0	0,0	0,0	0,0	0,0	0,0	0,0	0,0	0,0	0,0	0,0	0,0	2,0	2,0	0,0	0,0
22095	Chía	2016	Regadío											0,0														
22095	Chía	2016	Secano											0,0														
22096	Chimillas	2016	Regadío	0,0	0,0	0,0	0,0	0,0	0,0	0,0	0,0	0,0	0,0	0,0	0,0	0,0	0,0	0,0	0,0	0,0	0,0	0,0	0,0	0,0	0,0	0,0	0,0	0,0
22096	Chimillas	2016	Secano	11,0	8,0	0,0	0,0	0,0	0,0	0,0	0,0	0,0	0,0	0,0	0,0	8,0	0,0	0,0	0,0	0,0	2,0	0,0	2,0	0,0	1,0	1,0	0,0	0,0
22099	Esplús	2016	Regadío	279,0	190,0	59,0	36,0	0,0	14,0	0,0	30,0	25,0	0,0	0,0	0,0	15,0	5,0	0,0	6,0	0,0	46,0	0,0	46,0	0,0	43,0	43,0	0,0	0,0
22099	Esplús	2016	Secano	2,0	1,0	0,0	0,0	0,0	0,0	0,0	0,0	0,0	0,0	0,0	0,0	1,0	0,0	0,0	0,0	0,0	0,0	0,0	0,0	0,0	1,0	1,0	0,0	0,0
22102	Estada	2016	Regadío	31,0	24,0	0,0	23,0	0,0	0,0	0,0	1,0	0,0	0,0	0,0	0,0	0,0	0,0	0,0	0,0	0,0	2,0	0,0	2,0	0,0	5,0	5,0	0,0	0,0
22102	Estada	2016	Secano	54,0	14,0	0,0	0,0	0,0	0,0	0,0	0,0	0,0	0,0	0,0	0,0	14,0	0,0	0,0	0,0	0,0	1,0	0,0	1,0	0,0	39,0	39,0	0,0	0,0
22103	Estadilla	2016	Regadío	99,0	46,0	2,0	19,0	0,0	0,0	2,0	3,0	0,0	0,0	0,0	0,0	19,0	1,0	0,0	0,0	0,0	40,0	0,0	40,0	0,0	13,0	13,0	0,0	0,0
22103	Estadilla	2016	Secano	356,0	110,0	0,0	0,0	0,0	0,0	0,0	0,0	0,0	0,0	0,0	0,0	110,0	0,0	0,0	0,0	0,0	63,0	0,0	63,0	0,0	183,0	183,0	0,0	0,0
22105	Estopiñán del Castillo	2016	Regadío	1,0	0,0	0,0	0,0	0,0	0,0	0,0	0,0	0,0	0,0	0,0	0,0	0,0	0,0	0,0	0,0	0,0	0,0	0,0	0,0	0,0	1,0	1,0	0,0	0,0
22105	Estopiñán del Castillo	2016	Secano	31,0	20,0	0,0	0,0	0,0	0,0	0,0	0,0	0,0	0,0	0,0	0,0	20,0	0,0	0,0	0,0	0,0	0,0	0,0	0,0	0,0	11,0	11,0	0,0	0,0
22106	Fago	2016	Regadío											0,0														
22106	Fago	2016	Secano											0,0														
22107	Fanlo	2016	Regadío											0,0														
22107	Fanlo	2016	Secano											0,0														
22109	Fiscal	2016	Regadío											0,0														
22109	Fiscal	2016	Secano											0,0														
22110	Fonz	2016	Regadío	128,0	70,0	29,0	3,0	0,0	0,0	0,0	11,0	0,0	0,0	0,0	0,0	19,0	1,0	0,0	1,0	6,0	17,0	0,0	17,0	0,0	41,0	41,0	0,0	0,0
22110	Fonz	2016	Secano	246,0	76,0	1,0	0,0	0,0	0,0	0,0	0,0	0,0	0,0	0,0	0,0	74,0	0,0	0,0	0,0	1,0	7,0	0,0	7,0	0,0	163,0	163,0	0,0	0,0
22111	Foradada del Toscar	2016	Regadío	0,0	0,0	0,0	0,0	0,0	0,0	0,0	0,0	0,0	0,0	0,0	0,0	0,0	0,0	0,0	0,0	0,0	0,0	0,0	0,0	0,0	0,0	0,0	0,0	0,0
22111	Foradada del Toscar	2016	Secano	1,0	0,0	0,0	0,0	0,0	0,0	0,0	0,0	0,0	0,0	0,0	0,0	0,0	0,0	0,0	0,0	0,0	1,0	0,0	1,0	0,0	0,0	0,0	0,0	0,0
22112	Fraga	2016	Regadío	4981,0	4814,0	63,0	233,0	10,0	201,0	103,0	2337,0	5,0	3,0	0,0	0,0	98,0	0,0	0,0	1737,0	24,0	0,0	0,0	0,0	0,0	167,0	167,0	0,0	0,0
22112	Fraga	2016	Secano	97,0	56,0	0,0	0,0	0,0	1,0	0,0	0,0	0,0	0,0	0,0	0,0	55,0	0,0	0,0	0,0	0,0	1,0	0,0	1,0	0,0	40,0	40,0	0,0	0,0
22113	Fueva (La)	2016	Regadío	0,0	0,0	0,0	0,0	0,0	0,0	0,0	0,0	0,0	0,0	0,0	0,0	0,0	0,0	0,0	0,0	0,0	0,0	0,0	0,0	0,0	0,0	0,0	0,0	0,0
22113	Fueva (La)	2016	Secano	31,0	10,0	0,0	0,0	0,0	0,0	0,0	0,0	0,0	0,0	0,0	0,0	10,0	0,0	0,0	0,0	0,0	8,0	0,0	8,0	0,0	13,0	13,0	0,0	0,0
22114	Gistaín	2016	Regadío											0,0														
22114	Gistaín	2016	Secano											0,0														
22115	Grado (El)	2016	Regadío	181,0	82,0	0,0	0,0	0,0	2,0	39,0	0,0	12,0	0,0	0,0	0,0	16,0	0,0	0,0	13,0	0,0	79,0	0,0	79,0	0,0	20,0	20,0	0,0	0,0
22115	Grado (El)	2016	Secano	456,0	126,0	0,0	0,0	0,0	4,0	0,0	0,0	0,0	0,0	0,0	0,0	122,0	0,0	0,0	0,0	0,0	175,0	0,0	175,0	0,0	155,0	155,0	0,0	0,0
22116	Grañén	2016	Regadío	55,0	52,0	0,0	0,0	0,0	0,0	0,0	0,0	0,0	0,0	0,0	0,0	51,0	0,0	0,0	0,0	1,0	0,0	0,0	0,0	0,0	3,0	3,0	0,0	0,0
22116	Grañén	2016	Secano	24,0	17,0	0,0	0,0	0,0	0,0	0,0	0,0	0,0	0,0	0,0	0,0	16,0	0,0	0,0	0,0	1,0	0,0	0,0	0,0	0,0	7,0	7,0	0,0	0,0
22117	Graus	2016	Regadío	3,0	0,0	0,0	0,0	0,0	0,0	0,0	0,0	0,0	0,0	0,0	0,0	0,0	0,0	0,0	0,0	0,0	3,0	0,0	3,0	0,0	0,0	0,0	0,0	0,0
22117	Graus	2016	Secano	424,0	165,0	0,0	0,0	0,0	0,0	0,0	0,0	0,0	0,0	0,0	0,0	161,0	2,0	0,0	0,0	2,0	59,0	0,0	59,0	0,0	200,0	200,0	0,0	0,0
22119	Gurrea de Gállego	2016	Regadío	317,0	269,0	42,0	13,0	0,0	0,0	4,0	10,0	0,0	0,0	0,0	0,0	191,0	0,0	0,0	9,0	0,0	2,0	0,0	2,0	0,0	46,0	46,0	0,0	0,0
22119	Gurrea de Gállego	2016	Secano	758,0	527,0	0,0	0,0	0,0	0,0	0,0	0,0	0,0	0,0	0,0	0,0	527,0	0,0	0,0	0,0	0,0	15,0	0,0	15,0	0,0	216,0	216,0	0,0	0,0
22122	Hoz de Jaca	2016	Regadío											0,0														
22122	Hoz de Jaca	2016	Secano											0,0														
22124	Huerto	2016	Regadío	6,0	4,0	0,0	0,0	0,0	0,0	0,0	0,0	0,0	0,0	0,0	0,0	4,0	0,0	0,0	0,0	0,0	1,0	0,0	1,0	0,0	1,0	1,0	0,0	0,0
22124	Huerto	2016	Secano	39,0	17,0	0,0	0,0	0,0	0,0	0,0	0,0	0,0	0,0	0,0	0,0	17,0	0,0	0,0	0,0	0,0	0,0	0,0	0,0	0,0	22,0	22,0	0,0	0,0
22125	Huesca	2016	Regadío	12,0	6,0	1,0	0,0	0,0	0,0	0,0	0,0	0,0	0,0	0,0	0,0	4,0	0,0	0,0	0,0	1,0	1,0	0,0	1,0	0,0	4,0	4,0	0,0	1,0
22125	Huesca	2016	Secano	237,0	194,0	0,0	0,0	0,0	0,0	0,0	0,0	0,0	0,0	0,0	0,0	193,0	1,0	0,0	0,0	0,0	11,0	0,0	11,0	0,0	32,0	32,0	0,0	0,0
22126	Ibieca	2016	Regadío	0,0	0,0	0,0	0,0	0,0	0,0	0,0	0,0	0,0	0,0	0,0	0,0	0,0	0,0	0,0	0,0	0,0	0,0	0,0	0,0	0,0	0,0	0,0	0,0	0,0
22126	Ibieca	2016	Secano	129,0	92,0	0,0	0,0	0,0	0,0	0,0	0,0	0,0	0,0	0,0	0,0	92,0	0,0	0,0	0,0	0,0	14,0	0,0	14,0	0,0	23,0	23,0	0,0	0,0
22127	Igriés	2016	Regadío	1,0	0,0	0,0	0,0	0,0	0,0	0,0	0,0	0,0	0,0	0,0	0,0	0,0	0,0	0,0	0,0	0,0	0,0	0,0	0,0	0,0	1,0	1,0	0,0	0,0
22127	Igriés	2016	Secano	69,0	54,0	0,0	0,0	0,0	0,0	0,0	0,0	0,0	0,0	0,0	0,0	54,0	0,0	0,0	0,0	0,0	5,0	0,0	5,0	0,0	10,0	10,0	0,0	0,0
22128	Ilche	2016	Regadío	125,0	11,0	0,0	0,0	0,0	1,0	0,0	0,0	0,0	0,0	0,0	0,0	9,0	1,0	0,0	0,0	0,0	99,0	0,0	99,0	0,0	15,0	15,0	0,0	0,0
22128	Ilche	2016	Secano	33,0	14,0	0,0	0,0	0,0	0,0	0,0	0,0	0,0	0,0	0,0	0,0	14,0	0,0	0,0	0,0	0,0	9,0	0,0	9,0	0,0	10,0	10,0	0,0	0,0
22129	Isábena	2016	Regadío	0,0	0,0	0,0	0,0	0,0	0,0	0,0	0,0	0,0	0,0	0,0	0,0	0,0	0,0	0,0	0,0	0,0	0,0	0,0	0,0	0,0	0,0	0,0	0,0	0,0
22129	Isábena	2016	Secano	19,0	2,0	0,0	0,0	0,0	0,0	0,0	0,0	0,0	0,0	0,0	0,0	2,0	0,0	0,0	0,0	0,0	0,0	0,0	0,0	0,0	17,0	17,0	0,0	0,0
22130	Jaca	2016	Regadío											0,0														
22130	Jaca	2016	Secano											0,0														
22131	Jasa	2016	Regadío											0,0														
22131	Jasa	2016	Secano											0,0														
22133	Labuerda	2016	Regadío											0,0														
22133	Labuerda	2016	Secano											0,0														
22135	Laluenga	2016	Regadío	16,0	0,0	0,0	0,0	0,0	0,0	0,0	0,0	0,0	0,0	0,0	0,0	0,0	0,0	0,0	0,0	0,0	15,0	0,0	15,0	0,0	1,0	1,0	0,0	0,0
22135	Laluenga	2016	Secano	73,0	39,0	0,0	0,0	0,0	0,0	0,0	0,0	0,0	0,0	0,0	0,0	39,0	0,0	0,0	0,0	0,0	11,0	0,0	11,0	0,0	23,0	23,0	0,0	0,0
22136	Lalueza	2016	Regadío	8,0	2,0	0,0	0,0	0,0	0,0	0,0	0,0	0,0	0,0	0,0	0,0	1,0	0,0	0,0	0,0	1,0	2,0	0,0	2,0	0,0	4,0	4,0	0,0	0,0
22136	Lalueza	2016	Secano	15,0	8,0	0,0	0,0	0,0	0,0	0,0	0,0	0,0	0,0	0,0	0,0	8,0	0,0	0,0	0,0	0,0	2,0	0,0	2,0	0,0	5,0	5,0	0,0	0,0
22137	Lanaja	2016	Regadío	37,0	32,0	0,0	0,0	0,0	0,0	0,0	0,0	0,0	0,0	0,0	0,0	31,0	0,0	0,0	0,0	1,0	0,0	0,0	0,0	0,0	5,0	5,0	0,0	0,0
22137	Lanaja	2016	Secano	245,0	168,0	0,0	0,0	0,0	0,0	0,0	0,0	0,0	0,0	0,0	0,0	167,0	0,0	0,0	0,0	1,0	19,0	0,0	19,0	0,0	58,0	58,0	0,0	0,0
22139	Laperdiguera	2016	Regadío	13,0	0,0	0,0	0,0	0,0	0,0	0,0	0,0	0,0	0,0	0,0	0,0	0,0	0,0	0,0	0,0	0,0	13,0	0,0	13,0	0,0	0,0	0,0	0,0	0,0
22139	Laperdiguera	2016	Secano	23,0	15,0	0,0	0,0	0,0	0,0	0,0	0,0	0,0	0,0	0,0	0,0	15,0	0,0	0,0	0,0	0,0	3,0	0,0	3,0	0,0	5,0	5,0	0,0	0,0
22141	Lascellas-Ponzano	2016	Regadío	0,0	0,0	0,0	0,0	0,0	0,0	0,0	0,0	0,0	0,0	0,0	0,0	0,0	0,0	0,0	0,0	0,0	0,0	0,0	0,0	0,0	0,0	0,0	0,0	0,0
22141	Lascellas-Ponzano	2016	Secano	212,0	70,0	0,0	0,0	0,0	0,0	0,0	0,0	0,0	0,0	0,0	0,0	70,0	0,0	0,0	0,0	0,0	123,0	0,0	123,0	0,0	19,0	19,0	0,0	0,0
22142	Lascuarre	2016	Regadío	0,0	0,0	0,0	0,0	0,0	0,0	0,0	0,0	0,0	0,0	0,0	0,0	0,0	0,0	0,0	0,0	0,0	0,0	0,0	0,0	0,0	0,0	0,0	0,0	0,0
22142	Lascuarre	2016	Secano	33,0	10,0	0,0	0,0	0,0	0,0	0,0	0,0	0,0	0,0	0,0	0,0	10,0	0,0	0,0	0,0	0,0	1,0	0,0	1,0	0,0	22,0	22,0	0,0	0,0
22143	Laspaúles	2016	Regadío											0,0														
22143	Laspaúles	2016	Secano											0,0														
22144	Laspuña	2016	Regadío											0,0														
22144	Laspuña	2016	Secano											0,0														
22149	Loarre	2016	Regadío	21,0	11,0	0,0	0,0	0,0	0,0	0,0	0,0	0,0	0,0	0,0	0,0	10,0	0,0	0,0	0,0	1,0	0,0	0,0	0,0	0,0	10,0	10,0	0,0	0,0
22149	Loarre	2016	Secano	502,0	479,0	0,0	0,0	0,0	0,0	0,0	0,0	0,0	0,0	0,0	0,0	468,0	0,0	0,0	0,0	11,0	6,0	0,0	6,0	0,0	17,0	17,0	0,0	0,0
22150	Loporzano	2016	Regadío	1,0	0,0	0,0	0,0	0,0	0,0	0,0	0,0	0,0	0,0	0,0	0,0	0,0	0,0	0,0	0,0	0,0	0,0	0,0	0,0	0,0	1,0	1,0	0,0	0,0
22150	Loporzano	2016	Secano	505,0	380,0	1,0	0,0	0,0	0,0	0,0	0,0	0,0	0,0	0,0	0,0	379,0	0,0	0,0	0,0	0,0	32,0	0,0	32,0	0,0	93,0	93,0	0,0	0,0
22151	Loscorrales	2016	Regadío	21,0	21,0	0,0	0,0	0,0	0,0	0,0	0,0	0,0	0,0	0,0	0,0	17,0	4,0	0,0	0,0	0,0	0,0	0,0	0,0	0,0	0,0	0,0	0,0	0,0
22151	Loscorrales	2016	Secano	161,0	152,0	0,0	0,0	0,0	0,0	0,0	0,0	0,0	0,0	0,0	0,0	152,0	0,0	0,0	0,0	0,0	4,0	0,0	4,0	0,0	5,0	5,0	0,0	0,0
22155	Monesma y Cajigar	2016	Regadío											0,0														
22155	Monesma y Cajigar	2016	Secano											0,0														
22156	Monflorite-Lascasas	2016	Regadío	2,0	0,0	0,0	0,0	0,0	0,0	0,0	0,0	0,0	0,0	0,0	0,0	0,0	0,0	0,0	0,0	0,0	0,0	0,0	0,0	0,0	2,0	2,0	0,0	0,0
22156	Monflorite-Lascasas	2016	Secano	6,0	6,0	0,0	0,0	0,0	0,0	0,0	0,0	0,0	0,0	0,0	0,0	6,0	0,0	0,0	0,0	0,0	0,0	0,0	0,0	0,0	0,0	0,0	0,0	0,0
22157	Montanuy	2016	Regadío											0,0														
22157	Montanuy	2016	Secano											0,0														
22158	Monzón	2016	Regadío	365,0	328,0	32,0	61,0	1,0	0,0	3,0	133,0	0,0	0,0	0,0	0,0	41,0	2,0	0,0	55,0	0,0	0,0	0,0	0,0	0,0	36,0	36,0	0,0	1,0
22158	Monzón	2016	Secano	20,0	4,0	0,0	0,0	0,0	0,0	0,0	0,0	0,0	0,0	0,0	0,0	4,0	0,0	0,0	0,0	0,0	1,0	0,0	1,0	0,0	15,0	15,0	0,0	0,0
22160	Naval	2016	Regadío	0,0	0,0	0,0	0,0	0,0	0,0	0,0	0,0	0,0	0,0	0,0	0,0	0,0	0,0	0,0	0,0	0,0	0,0	0,0	0,0	0,0	0,0	0,0	0,0	0,0
22160	Naval	2016	Secano	149,0	104,0	0,0	0,0	0,0	0,0	0,0	0,0	0,0	0,0	0,0	0,0	104,0	0,0	0,0	0,0	0,0	1,0	0,0	1,0	0,0	44,0	44,0	0,0	0,0
22162	Novales	2016	Regadío	45,0	44,0	0,0	0,0	0,0	0,0	0,0	0,0	0,0	0,0	0,0	0,0	44,0	0,0	0,0	0,0	0,0	0,0	0,0	0,0	0,0	1,0	1,0	0,0	0,0
22162	Novales	2016	Secano	13,0	10,0	0,0	0,0	0,0	0,0	0,0	0,0	0,0	0,0	0,0	0,0	10,0	0,0	0,0	0,0	0,0	0,0	0,0	0,0	0,0	3,0	3,0	0,0	0,0
22163	Nueno	2016	Regadío	13,0	10,0	0,0	0,0	0,0	0,0	0,0	0,0	0,0	0,0	0,0	0,0	10,0	0,0	0,0	0,0	0,0	0,0	0,0	0,0	0,0	3,0	3,0	0,0	0,0
22163	Nueno	2016	Secano	295,0	269,0	0,0	0,0	0,0	0,0	0,0	0,0	0,0	0,0	0,0	0,0	269,0	0,0	0,0	0,0	0,0	6,0	0,0	6,0	0,0	20,0	20,0	0,0	0,0
22164	Olvena	2016	Regadío	23,0	10,0	0,0	0,0	0,0	0,0	0,0	0,0	0,0	0,0	0,0	0,0	4,0	0,0	0,0	6,0	0,0	10,0	0,0	10,0	0,0	3,0	3,0	0,0	0,0
22164	Olvena	2016	Secano	120,0	54,0	0,0	0,0	0,0	0,0	0,0	0,0	0,0	0,0	0,0	0,0	54,0	0,0	0,0	0,0	0,0	47,0	0,0	47,0	0,0	19,0	19,0	0,0	0,0
22165	Ontiñena	2016	Regadío	368,0	356,0	0,0	13,0	5,0	30,0	26,0	59,0	21,0	0,0	0,0	0,0	24,0	0,0	0,0	157,0	21,0	0,0	0,0	0,0	0,0	12,0	12,0	0,0	0,0
22165	Ontiñena	2016	Secano	45,0	13,0	0,0	0,0	0,0	0,0	0,0	0,0	0,0	0,0	0,0	0,0	13,0	0,0	0,0	0,0	0,0	0,0	0,0	0,0	0,0	32,0	32,0	0,0	0,0
22167	Osso de Cinca	2016	Regadío	921,0	911,0	40,0	28,0	0,0	33,0	14,0	407,0	16,0	0,0	0,0	0,0	21,0	0,0	0,0	343,0	9,0	1,0	0,0	1,0	0,0	9,0	9,0	0,0	0,0
22167	Osso de Cinca	2016	Secano	1,0	0,0	0,0	0,0	0,0	0,0	0,0	0,0	0,0	0,0	0,0	0,0	0,0	0,0	0,0	0,0	0,0	0,0	0,0	0,0	0,0	1,0	1,0	0,0	0,0
22168	Palo	2016	Regadío											0,0														
22168	Palo	2016	Secano											0,0														
22170	Panticosa	2016	Regadío											0,0														
22170	Panticosa	2016	Secano											0,0														
22172	Peñalba	2016	Regadío	7,0	6,0	0,0	0,0	0,0	0,0	0,0	5,0	0,0	0,0	0,0	0,0	1,0	0,0	0,0	0,0	0,0	0,0	0,0	0,0	0,0	1,0	1,0	0,0	0,0
22172	Peñalba	2016	Secano	2,0	0,0	0,0	0,0	0,0	0,0	0,0	0,0	0,0	0,0	0,0	0,0	0,0	0,0	0,0	0,0	0,0	0,0	0,0	0,0	0,0	2,0	2,0	0,0	0,0
22173	Peñas de Riglos (Las)	2016	Regadío	1,0	1,0	0,0	0,0	0,0	0,0	0,0	0,0	0,0	0,0	0,0	0,0	1,0	0,0	0,0	0,0	0,0	0,0	0,0	0,0	0,0	0,0	0,0	0,0	0,0
22173	Peñas de Riglos (Las)	2016	Secano	67,0	59,0	0,0	0,0	0,0	0,0	0,0	0,0	0,0	0,0	0,0	0,0	58,0	0,0	0,0	0,0	1,0	1,0	0,0	1,0	0,0	7,0	7,0	0,0	0,0
22174	Peralta de Alcofea	2016	Regadío	26,0	11,0	0,0	0,0	0,0	0,0	0,0	0,0	0,0	0,0	0,0	0,0	4,0	7,0	0,0	0,0	0,0	0,0	0,0	0,0	0,0	15,0	15,0	0,0	0,0
22174	Peralta de Alcofea	2016	Secano	225,0	143,0	0,0	0,0	0,0	0,0	0,0	0,0	0,0	0,0	0,0	0,0	143,0	0,0	0,0	0,0	0,0	1,0	0,0	1,0	0,0	81,0	81,0	0,0	0,0
22175	Peralta de Calasanz	2016	Regadío	0,0	0,0	0,0	0,0	0,0	0,0	0,0	0,0	0,0	0,0	0,0	0,0	0,0	0,0	0,0	0,0	0,0	0,0	0,0	0,0	0,0	0,0	0,0	0,0	0,0
22175	Peralta de Calasanz	2016	Secano	246,0	116,0	0,0	0,0	0,0	0,0	0,0	0,0	0,0	0,0	0,0	0,0	116,0	0,0	0,0	0,0	0,0	3,0	0,0	3,0	0,0	127,0	127,0	0,0	0,0
22176	Peraltilla	2016	Regadío	3,0	2,0	0,0	0,0	0,0	0,0	0,0	0,0	0,0	0,0	0,0	0,0	2,0	0,0	0,0	0,0	0,0	0,0	0,0	0,0	0,0	1,0	1,0	0,0	0,0
22176	Peraltilla	2016	Secano	116,0	84,0	0,0	0,0	0,0	0,0	0,0	0,0	0,0	0,0	0,0	0,0	84,0	0,0	0,0	0,0	0,0	6,0	0,0	6,0	0,0	26,0	26,0	0,0	0,0
22177	Perarrúa	2016	Regadío	2,0	0,0	0,0	0,0	0,0	0,0	0,0	0,0	0,0	0,0	0,0	0,0	0,0	0,0	0,0	0,0	0,0	0,0	0,0	0,0	0,0	2,0	2,0	0,0	0,0
22177	Perarrúa	2016	Secano	36,0	20,0	0,0	0,0	0,0	0,0	0,0	0,0	0,0	0,0	0,0	0,0	18,0	2,0	0,0	0,0	0,0	9,0	0,0	9,0	0,0	7,0	7,0	0,0	0,0
22178	Pertusa	2016	Regadío	0,0	0,0	0,0	0,0	0,0	0,0	0,0	0,0	0,0	0,0	0,0	0,0	0,0	0,0	0,0	0,0	0,0	0,0	0,0	0,0	0,0	0,0	0,0	0,0	0,0
22178	Pertusa	2016	Secano	12,0	5,0	0,0	0,0	0,0	0,0	0,0	0,0	0,0	0,0	0,0	0,0	5,0	0,0	0,0	0,0	0,0	4,0	0,0	4,0	0,0	3,0	3,0	0,0	0,0
22181	Piracés	2016	Regadío	1,0	1,0	0,0	0,0	0,0	0,0	0,0	0,0	0,0	0,0	0,0	0,0	0,0	1,0	0,0	0,0	0,0	0,0	0,0	0,0	0,0	0,0	0,0	0,0	0,0
22181	Piracés	2016	Secano	4,0	0,0	0,0	0,0	0,0	0,0	0,0	0,0	0,0	0,0	0,0	0,0	0,0	0,0	0,0	0,0	0,0	0,0	0,0	0,0	0,0	4,0	4,0	0,0	0,0
22182	Plan	2016	Regadío											0,0														
22182	Plan	2016	Secano											0,0														
22184	Poleñino	2016	Regadío	9,0	8,0	0,0	0,0	0,0	0,0	0,0	2,0	0,0	0,0	0,0	0,0	6,0	0,0	0,0	0,0	0,0	0,0	0,0	0,0	0,0	1,0	1,0	0,0	0,0
22184	Poleñino	2016	Secano	1,0	0,0	0,0	0,0	0,0	0,0	0,0	0,0	0,0	0,0	0,0	0,0	0,0	0,0	0,0	0,0	0,0	1,0	0,0	1,0	0,0	0,0	0,0	0,0	0,0
22186	Pozán de Vero	2016	Regadío	0,0	0,0	0,0	0,0	0,0	0,0	0,0	0,0	0,0	0,0	0,0	0,0	0,0	0,0	0,0	0,0	0,0	0,0	0,0	0,0	0,0	0,0	0,0	0,0	0,0
22186	Pozán de Vero	2016	Secano	250,0	74,0	0,0	0,0	0,0	0,0	0,0	0,0	0,0	0,0	0,0	0,0	74,0	0,0	0,0	0,0	0,0	122,0	0,0	122,0	0,0	54,0	54,0	0,0	0,0
22187	Puebla de Castro (La)	2016	Regadío	0,0	0,0	0,0	0,0	0,0	0,0	0,0	0,0	0,0	0,0	0,0	0,0	0,0	0,0	0,0	0,0	0,0	0,0	0,0	0,0	0,0	0,0	0,0	0,0	0,0
22187	Puebla de Castro (La)	2016	Secano	144,0	85,0	0,0	0,0	0,0	0,0	0,0	0,0	0,0	0,0	0,0	0,0	85,0	0,0	0,0	0,0	0,0	37,0	0,0	37,0	0,0	22,0	22,0	0,0	0,0
22188	Puente de Montañana	2016	Regadío	0,0	0,0	0,0	0,0	0,0	0,0	0,0	0,0	0,0	0,0	0,0	0,0	0,0	0,0	0,0	0,0	0,0	0,0	0,0	0,0	0,0	0,0	0,0	0,0	0,0
22188	Puente de Montañana	2016	Secano	1,0	0,0	0,0	0,0	0,0	0,0	0,0	0,0	0,0	0,0	0,0	0,0	0,0	0,0	0,0	0,0	0,0	0,0	0,0	0,0	0,0	1,0	1,0	0,0	0,0
22189	Puértolas	2016	Regadío											0,0														
22189	Puértolas	2016	Secano											0,0														
22190	Pueyo de Araguás (El)	2016	Regadío	0,0	0,0	0,0	0,0	0,0	0,0	0,0	0,0	0,0	0,0	0,0	0,0	0,0	0,0	0,0	0,0	0,0	0,0	0,0	0,0	0,0	0,0	0,0	0,0	0,0
22190	Pueyo de Araguás (El)	2016	Secano	8,0	1,0	0,0	0,0	0,0	0,0	0,0	0,0	0,0	0,0	0,0	0,0	1,0	0,0	0,0	0,0	0,0	3,0	0,0	3,0	0,0	4,0	4,0	0,0	0,0
22193	Pueyo de Santa Cruz	2016	Regadío	31,0	25,0	1,0	1,0	0,0	0,0	0,0	20,0	0,0	0,0	0,0	0,0	3,0	0,0	0,0	0,0	0,0	0,0	0,0	0,0	0,0	6,0	6,0	0,0	0,0
22193	Pueyo de Santa Cruz	2016	Secano	1,0	1,0	0,0	0,0	0,0	0,0	0,0	0,0	0,0	0,0	0,0	0,0	1,0	0,0	0,0	0,0	0,0	0,0	0,0	0,0	0,0	0,0	0,0	0,0	0,0
22195	Quicena	2016	Regadío	1,0	0,0	0,0	0,0	0,0	0,0	0,0	0,0	0,0	0,0	0,0	0,0	0,0	0,0	0,0	0,0	0,0	0,0	0,0	0,0	0,0	1,0	1,0	0,0	0,0
22195	Quicena	2016	Secano	1,0	0,0	0,0	0,0	0,0	0,0	0,0	0,0	0,0	0,0	0,0	0,0	0,0	0,0	0,0	0,0	0,0	0,0	0,0	0,0	0,0	1,0	1,0	0,0	0,0
22197	Robres	2016	Regadío	2,0	1,0	0,0	0,0	0,0	0,0	0,0	0,0	0,0	0,0	0,0	0,0	1,0	0,0	0,0	0,0	0,0	1,0	0,0	1,0	0,0	0,0	0,0	0,0	0,0
22197	Robres	2016	Secano	47,0	10,0	0,0	0,0	0,0	0,0	0,0	0,0	0,0	0,0	0,0	0,0	10,0	0,0	0,0	0,0	0,0	36,0	0,0	36,0	0,0	1,0	1,0	0,0	0,0
22199	Sabiñánigo	2016	Regadío	25,0	25,0	19,0	0,0	0,0	0,0	6,0	0,0	0,0	0,0	0,0	0,0	0,0	0,0	0,0	0,0	0,0	0,0	0,0	0,0	0,0	0,0	0,0	0,0	0,0
22199	Sabiñánigo	2016	Secano	3,0	2,0	0,0	0,0	0,0	0,0	0,0	0,0	0,0	0,0	0,0	0,0	2,0	0,0	0,0	0,0	0,0	1,0	0,0	1,0	0,0	0,0	0,0	0,0	0,0
22200	Sahún	2016	Regadío											0,0														
22200	Sahún	2016	Secano											0,0														
22201	Salas Altas	2016	Regadío	1,0	0,0	0,0	0,0	0,0	0,0	0,0	0,0	0,0	0,0	0,0	0,0	0,0	0,0	0,0	0,0	0,0	1,0	0,0	1,0	0,0	0,0	0,0	0,0	0,0
22201	Salas Altas	2016	Secano	783,0	158,0	0,0	0,0	0,0	0,0	0,0	0,0	0,0	0,0	0,0	0,0	158,0	0,0	0,0	0,0	0,0	537,0	0,0	537,0	0,0	88,0	88,0	0,0	0,0
22202	Salas Bajas	2016	Regadío	27,0	0,0	0,0	0,0	0,0	0,0	0,0	0,0	0,0	0,0	0,0	0,0	0,0	0,0	0,0	0,0	0,0	15,0	0,0	15,0	0,0	12,0	12,0	0,0	0,0
22202	Salas Bajas	2016	Secano	422,0	18,0	0,0	0,0	0,0	0,0	0,0	0,0	0,0	0,0	0,0	0,0	17,0	1,0	0,0	0,0	0,0	378,0	0,0	378,0	0,0	26,0	26,0	0,0	0,0
22203	Salillas	2016	Regadío	121,0	0,0	0,0	0,0	0,0	0,0	0,0	0,0	0,0	0,0	0,0	0,0	0,0	0,0	0,0	0,0	0,0	1,0	0,0	1,0	0,0	120,0	120,0	0,0	0,0
22203	Salillas	2016	Secano	10,0	5,0	0,0	0,0	0,0	0,0	0,0	0,0	0,0	0,0	0,0	0,0	5,0	0,0	0,0	0,0	0,0	4,0	0,0	4,0	0,0	1,0	1,0	0,0	0,0
22204	Sallent de Gállego	2016	Regadío											0,0														
22204	Sallent de Gállego	2016	Secano											0,0														
22205	San Esteban de Litera	2016	Regadío	63,0	41,0	4,0	11,0	0,0	2,0	0,0	4,0	0,0	2,0	0,0	0,0	6,0	1,0	0,0	9,0	2,0	1,0	0,0	1,0	0,0	21,0	21,0	0,0	0,0
22205	San Esteban de Litera	2016	Secano	75,0	38,0	0,0	0,0	0,0	0,0	0,0	0,0	0,0	0,0	0,0	0,0	38,0	0,0	0,0	0,0	0,0	3,0	0,0	3,0	0,0	34,0	34,0	0,0	0,0
22206	Sangarrén	2016	Regadío	5,0	5,0	0,0	0,0	0,0	0,0	0,0	0,0	0,0	0,0	0,0	0,0	5,0	0,0	0,0	0,0	0,0	0,0	0,0	0,0	0,0	0,0	0,0	0,0	0,0
22206	Sangarrén	2016	Secano	0,0	0,0	0,0	0,0	0,0	0,0	0,0	0,0	0,0	0,0	0,0	0,0	0,0	0,0	0,0	0,0	0,0	0,0	0,0	0,0	0,0	0,0	0,0	0,0	0,0
22207	San Juan de Plan	2016	Regadío											0,0														
22207	San Juan de Plan	2016	Secano											0,0														
22208	Santa Cilia	2016	Regadío	0,0	0,0	0,0	0,0	0,0	0,0	0,0	0,0	0,0	0,0	0,0	0,0	0,0	0,0	0,0	0,0	0,0	0,0	0,0	0,0	0,0	0,0	0,0	0,0	0,0
22208	Santa Cilia	2016	Secano	1,0	0,0	0,0	0,0	0,0	0,0	0,0	0,0	0,0	0,0	0,0	0,0	0,0	0,0	0,0	0,0	0,0	1,0	0,0	1,0	0,0	0,0	0,0	0,0	0,0
22209	Santa Cruz de la Serós	2016	Regadío	0,0	0,0	0,0	0,0	0,0	0,0	0,0	0,0	0,0	0,0	0,0	0,0	0,0	0,0	0,0	0,0	0,0	0,0	0,0	0,0	0,0	0,0	0,0	0,0	0,0
22209	Santa Cruz de la Serós	2016	Secano	1,0	1,0	0,0	0,0	0,0	0,0	0,0	0,0	0,0	0,0	0,0	0,0	1,0	0,0	0,0	0,0	0,0	0,0	0,0	0,0	0,0	0,0	0,0	0,0	0,0
22212	Santaliestra y San Quílez	2016	Regadío	1,0	1,0	0,0	0,0	0,0	0,0	0,0	0,0	0,0	0,0	0,0	0,0	0,0	0,0	0,0	0,0	1,0	0,0	0,0	0,0	0,0	0,0	0,0	0,0	0,0
22212	Santaliestra y San Quílez	2016	Secano	22,0	15,0	0,0	0,0	0,0	0,0	1,0	0,0	0,0	0,0	0,0	0,0	14,0	0,0	0,0	0,0	0,0	0,0	0,0	0,0	0,0	7,0	7,0	0,0	0,0
22213	Sariñena	2016	Regadío	227,0	176,0	66,0	0,0	0,0	16,0	0,0	59,0	0,0	0,0	0,0	0,0	34,0	0,0	0,0	0,0	1,0	3,0	0,0	3,0	0,0	44,0	44,0	0,0	4,0
22213	Sariñena	2016	Secano	49,0	29,0	0,0	0,0	0,0	0,0	0,0	0,0	0,0	0,0	0,0	0,0	29,0	0,0	0,0	0,0	0,0	3,0	0,0	3,0	0,0	17,0	17,0	0,0	0,0
22214	Secastilla	2016	Regadío	0,0	0,0	0,0	0,0	0,0	0,0	0,0	0,0	0,0	0,0	0,0	0,0	0,0	0,0	0,0	0,0	0,0	0,0	0,0	0,0	0,0	0,0	0,0	0,0	0,0
22214	Secastilla	2016	Secano	86,0	24,0	0,0	0,0	0,0	0,0	0,0	0,0	0,0	0,0	0,0	0,0	24,0	0,0	0,0	0,0	0,0	48,0	0,0	48,0	0,0	14,0	14,0	0,0	0,0
22215	Seira	2016	Regadío											0,0														
22215	Seira	2016	Secano											0,0														
22217	Sena	2016	Regadío	103,0	77,0	27,0	14,0	0,0	5,0	0,0	18,0	1,0	0,0	0,0	0,0	10,0	0,0	0,0	2,0	0,0	1,0	0,0	1,0	0,0	25,0	25,0	0,0	0,0
22217	Sena	2016	Secano	30,0	14,0	0,0	0,0	0,0	0,0	0,0	0,0	0,0	0,0	0,0	0,0	14,0	0,0	0,0	0,0	0,0	0,0	0,0	0,0	0,0	16,0	16,0	0,0	0,0
22218	Senés de Alcubierre	2016	Regadío	16,0	16,0	0,0	0,0	0,0	0,0	0,0	0,0	0,0	0,0	0,0	0,0	16,0	0,0	0,0	0,0	0,0	0,0	0,0	0,0	0,0	0,0	0,0	0,0	0,0
22218	Senés de Alcubierre	2016	Secano	8,0	8,0	0,0	0,0	0,0	0,0	0,0	0,0	0,0	0,0	0,0	0,0	8,0	0,0	0,0	0,0	0,0	0,0	0,0	0,0	0,0	0,0	0,0	0,0	0,0
22220	Sesa	2016	Regadío	0,0	0,0	0,0	0,0	0,0	0,0	0,0	0,0	0,0	0,0	0,0	0,0	0,0	0,0	0,0	0,0	0,0	0,0	0,0	0,0	0,0	0,0	0,0	0,0	0,0
22220	Sesa	2016	Secano	9,0	6,0	0,0	0,0	0,0	0,0	0,0	0,0	0,0	0,0	0,0	0,0	6,0	0,0	0,0	0,0	0,0	1,0	0,0	1,0	0,0	2,0	2,0	0,0	0,0
22221	Sesué	2016	Regadío											0,0														
22221	Sesué	2016	Secano											0,0														
22222	Siétamo	2016	Regadío	0,0	0,0	0,0	0,0	0,0	0,0	0,0	0,0	0,0	0,0	0,0	0,0	0,0	0,0	0,0	0,0	0,0	0,0	0,0	0,0	0,0	0,0	0,0	0,0	0,0
22222	Siétamo	2016	Secano	109,0	78,0	0,0	0,0	0,0	0,0	0,0	0,0	0,0	0,0	0,0	0,0	78,0	0,0	0,0	0,0	0,0	5,0	0,0	5,0	0,0	26,0	26,0	0,0	0,0
22223	Sopeira	2016	Regadío	0,0	0,0	0,0	0,0	0,0	0,0	0,0	0,0	0,0	0,0	0,0	0,0	0,0	0,0	0,0	0,0	0,0	0,0	0,0	0,0	0,0	0,0	0,0	0,0	0,0
22223	Sopeira	2016	Secano	1,0	0,0	0,0	0,0	0,0	0,0	0,0	0,0	0,0	0,0	0,0	0,0	0,0	0,0	0,0	0,0	0,0	0,0	0,0	0,0	0,0	1,0	1,0	0,0	0,0
22225	Tamarite de Litera	2016	Regadío	466,0	376,0	38,0	37,0	0,0	0,0	3,0	40,0	1,0	0,0	0,0	0,0	142,0	68,0	0,0	43,0	4,0	43,0	0,0	43,0	0,0	47,0	47,0	0,0	0,0
22225	Tamarite de Litera	2016	Secano	147,0	10,0	0,0	0,0	0,0	0,0	0,0	0,0	0,0	0,0	0,0	0,0	10,0	0,0	0,0	0,0	0,0	0,0	0,0	0,0	0,0	137,0	137,0	0,0	0,0
22226	Tardienta	2016	Regadío	7,0	3,0	0,0	0,0	0,0	0,0	0,0	0,0	0,0	0,0	0,0	0,0	3,0	0,0	0,0	0,0	0,0	3,0	0,0	3,0	0,0	1,0	1,0	0,0	0,0
22226	Tardienta	2016	Secano	65,0	43,0	0,0	0,0	0,0	0,0	0,0	0,0	0,0	0,0	0,0	0,0	41,0	0,0	0,0	0,0	2,0	16,0	0,0	16,0	0,0	6,0	6,0	0,0	0,0
22227	Tella-Sin	2016	Regadío											0,0														
22227	Tella-Sin	2016	Secano											0,0														
22228	Tierz	2016	Regadío	1,0	0,0	0,0	0,0	0,0	0,0	0,0	0,0	0,0	0,0	0,0	0,0	0,0	0,0	0,0	0,0	0,0	0,0	0,0	0,0	0,0	1,0	1,0	0,0	0,0
22228	Tierz	2016	Secano	8,0	6,0	0,0	0,0	0,0	0,0	0,0	0,0	0,0	0,0	0,0	0,0	6,0	0,0	0,0	0,0	0,0	1,0	0,0	1,0	0,0	1,0	1,0	0,0	0,0
22229	Tolva	2016	Regadío	0,0	0,0	0,0	0,0	0,0	0,0	0,0	0,0	0,0	0,0	0,0	0,0	0,0	0,0	0,0	0,0	0,0	0,0	0,0	0,0	0,0	0,0	0,0	0,0	0,0
22229	Tolva	2016	Secano	8,0	1,0	0,0	0,0	0,0	0,0	0,0	0,0	0,0	0,0	0,0	0,0	0,0	1,0	0,0	0,0	0,0	0,0	0,0	0,0	0,0	7,0	7,0	0,0	0,0
22230	Torla-Ordesa	2016	Regadío											0,0														
22230	Torla-Ordesa	2016	Secano											0,0														
22232	Torralba de Aragón	2016	Regadío	0,0	0,0	0,0	0,0	0,0	0,0	0,0	0,0	0,0	0,0	0,0	0,0	0,0	0,0	0,0	0,0	0,0	0,0	0,0	0,0	0,0	0,0	0,0	0,0	0,0
22232	Torralba de Aragón	2016	Secano	4,0	2,0	0,0	0,0	0,0	0,0	0,0	0,0	0,0	0,0	0,0	0,0	2,0	0,0	0,0	0,0	0,0	0,0	0,0	0,0	0,0	2,0	2,0	0,0	0,0
22233	Torre la Ribera	2016	Regadío											0,0														
22233	Torre la Ribera	2016	Secano											0,0														
22234	Torrente de Cinca	2016	Regadío	670,0	544,0	0,0	54,0	0,0	56,0	112,0	158,0	1,0	0,0	0,0	0,0	0,0	0,0	0,0	154,0	9,0	0,0	0,0	0,0	0,0	126,0	126,0	0,0	0,0
22234	Torrente de Cinca	2016	Secano	81,0	52,0	0,0	0,0	0,0	0,0	0,0	0,0	0,0	0,0	0,0	0,0	52,0	0,0	0,0	0,0	0,0	0,0	0,0	0,0	0,0	29,0	29,0	0,0	0,0
22235	Torres de Alcanadre	2016	Regadío	1,0	0,0	0,0	0,0	0,0	0,0	0,0	0,0	0,0	0,0	0,0	0,0	0,0	0,0	0,0	0,0	0,0	0,0	0,0	0,0	0,0	1,0	1,0	0,0	0,0
22235	Torres de Alcanadre	2016	Secano	11,0	3,0	0,0	0,0	0,0	0,0	0,0	0,0	0,0	0,0	0,0	0,0	3,0	0,0	0,0	0,0	0,0	2,0	0,0	2,0	0,0	6,0	6,0	0,0	0,0
22236	Torres de Barbués	2016	Regadío	2,0	2,0	0,0	0,0	0,0	0,0	0,0	0,0	0,0	0,0	0,0	0,0	2,0	0,0	0,0	0,0	0,0	0,0	0,0	0,0	0,0	0,0	0,0	0,0	0,0
22236	Torres de Barbués	2016	Secano	1,0	1,0	0,0	0,0	0,0	0,0	0,0	0,0	0,0	0,0	0,0	0,0	1,0	0,0	0,0	0,0	0,0	0,0	0,0	0,0	0,0	0,0	0,0	0,0	0,0
22239	Tramaced	2016	Regadío	0,0	0,0	0,0	0,0	0,0	0,0	0,0	0,0	0,0	0,0	0,0	0,0	0,0	0,0	0,0	0,0	0,0	0,0	0,0	0,0	0,0	0,0	0,0	0,0	0,0
22239	Tramaced	2016	Secano	2,0	0,0	0,0	0,0	0,0	0,0	0,0	0,0	0,0	0,0	0,0	0,0	0,0	0,0	0,0	0,0	0,0	0,0	0,0	0,0	0,0	2,0	2,0	0,0	0,0
22242	Valfarta	2016	Regadío	29,0	28,0	16,0	1,0	0,0	0,0	0,0	9,0	0,0	0,0	0,0	0,0	0,0	0,0	0,0	2,0	0,0	0,0	0,0	0,0	0,0	1,0	1,0	0,0	0,0
22242	Valfarta	2016	Secano	11,0	0,0	0,0	0,0	0,0	0,0	0,0	0,0	0,0	0,0	0,0	0,0	0,0	0,0	0,0	0,0	0,0	0,0	0,0	0,0	0,0	11,0	11,0	0,0	0,0
22243	Valle de Bardají	2016	Regadío											0,0														
22243	Valle de Bardají	2016	Secano											0,0														
22244	Valle de Lierp	2016	Regadío											0,0														
22244	Valle de Lierp	2016	Secano											0,0														
22245	Velilla de Cinca	2016	Regadío	378,0	372,0	3,0	28,0	1,0	13,0	10,0	165,0	0,0	0,0	0,0	0,0	28,0	0,0	0,0	123,0	1,0	0,0	0,0	0,0	0,0	6,0	6,0	0,0	0,0
22245	Velilla de Cinca	2016	Secano	5,0	0,0	0,0	0,0	0,0	0,0	0,0	0,0	0,0	0,0	0,0	0,0	0,0	0,0	0,0	0,0	0,0	0,0	0,0	0,0	0,0	5,0	5,0	0,0	0,0
22246	Beranuy	2016	Regadío											0,0														
22246	Beranuy	2016	Secano											0,0														
22247	Viacamp y Litera	2016	Regadío	0,0	0,0	0,0	0,0	0,0	0,0	0,0	0,0	0,0	0,0	0,0	0,0	0,0	0,0	0,0	0,0	0,0	0,0	0,0	0,0	0,0	0,0	0,0	0,0	0,0
22247	Viacamp y Litera	2016	Secano	11,0	8,0	0,0	0,0	0,0	0,0	0,0	0,0	0,0	0,0	0,0	0,0	8,0	0,0	0,0	0,0	0,0	0,0	0,0	0,0	0,0	3,0	3,0	0,0	0,0
22248	Vicién	2016	Regadío	1,0	1,0	0,0	0,0	0,0	0,0	0,0	0,0	0,0	0,0	0,0	0,0	1,0	0,0	0,0	0,0	0,0	0,0	0,0	0,0	0,0	0,0	0,0	0,0	0,0
22248	Vicién	2016	Secano	1,0	0,0	0,0	0,0	0,0	0,0	0,0	0,0	0,0	0,0	0,0	0,0	0,0	0,0	0,0	0,0	0,0	0,0	0,0	0,0	0,0	1,0	1,0	0,0	0,0
22249	Villanova	2016	Regadío											0,0														
22249	Villanova	2016	Secano											0,0														
22250	Villanúa	2016	Regadío											0,0														
22250	Villanúa	2016	Secano											0,0														
22251	Villanueva de Sigena	2016	Regadío	257,0	226,0	4,0	25,0	1,0	8,0	0,0	67,0	0,0	0,0	0,0	0,0	29,0	0,0	0,0	79,0	13,0	1,0	0,0	1,0	0,0	30,0	30,0	0,0	0,0
22251	Villanueva de Sigena	2016	Secano	25,0	9,0	0,0	0,0	0,0	0,0	0,0	0,0	0,0	0,0	0,0	0,0	9,0	0,0	0,0	0,0	0,0	0,0	0,0	0,0	0,0	16,0	16,0	0,0	0,0
22252	Yebra de Basa	2016	Regadío											0,0														
22252	Yebra de Basa	2016	Secano											0,0														
22253	Yésero	2016	Regadío											0,0														
22253	Yésero	2016	Secano											0,0														
22254	Zaidín	2016	Regadío	2459,0	2410,0	31,0	97,0	0,0	130,0	40,0	1134,0	0,0	0,0	0,0	0,0	56,0	0,0	0,0	852,0	70,0	0,0	0,0	0,0	0,0	49,0	49,0	0,0	0,0
22254	Zaidín	2016	Secano	19,0	9,0	2,0	0,0	0,0	2,0	0,0	0,0	0,0	0,0	0,0	0,0	2,0	0,0	0,0	0,0	3,0	0,0	0,0	0,0	0,0	10,0	10,0	0,0	0,0
22901	Valle de Hecho	2016	Regadío	0,0	0,0	0,0	0,0	0,0	0,0	0,0	0,0	0,0	0,0	0,0	0,0	0,0	0,0	0,0	0,0	0,0	0,0	0,0	0,0	0,0	0,0	0,0	0,0	0,0
22901	Valle de Hecho	2016	Secano	1,0	0,0	0,0	0,0	0,0	0,0	0,0	0,0	0,0	0,0	0,0	0,0	0,0	0,0	0,0	0,0	0,0	1,0	0,0	1,0	0,0	0,0	0,0	0,0	0,0
22902	Puente la Reina de Jaca	2016	Regadío	0,0	0,0	0,0	0,0	0,0	0,0	0,0	0,0	0,0	0,0	0,0	0,0	0,0	0,0	0,0	0,0	0,0	0,0	0,0	0,0	0,0	0,0	0,0	0,0	0,0
22902	Puente la Reina de Jaca	2016	Secano	33,0	32,0	0,0	0,0	0,0	0,0	0,0	0,0	0,0	0,0	0,0	0,0	32,0	0,0	0,0	0,0	0,0	1,0	0,0	1,0	0,0	0,0	0,0	0,0	0,0
22903	San Miguel del Cinca	2016	Regadío	252,0	204,0	3,0	3,0	0,0	0,0	13,0	32,0	0,0	15,0	0,0	0,0	22,0	0,0	0,0	113,0	3,0	1,0	0,0	1,0	0,0	47,0	47,0	0,0	0,0
22903	San Miguel del Cinca	2016	Secano	5,0	0,0	0,0	0,0	0,0	0,0	0,0	0,0	0,0	0,0	0,0	0,0	0,0	0,0	0,0	0,0	0,0	0,0	0,0	0,0	0,0	5,0	5,0	0,0	0,0
22904	Sotonera (La)	2016	Regadío	189,0	168,0	0,0	0,0	0,0	0,0	41,0	0,0	0,0	0,0	0,0	0,0	125,0	0,0	0,0	0,0	2,0	2,0	0,0	2,0	0,0	19,0	19,0	0,0	0,0
22904	Sotonera (La)	2016	Secano	966,0	839,0	0,0	0,0	0,0	0,0	22,0	0,0	0,0	0,0	0,0	0,0	815,0	0,0	0,0	0,0	2,0	18,0	0,0	18,0	0,0	109,0	109,0	0,0	0,0
22905	Lupiñén-Ortilla	2016	Regadío	28,0	20,0	17,0	0,0	0,0	0,0	0,0	0,0	0,0	0,0	0,0	0,0	3,0	0,0	0,0	0,0	0,0	0,0	0,0	0,0	0,0	8,0	8,0	0,0	0,0
22905	Lupiñén-Ortilla	2016	Secano	142,0	123,0	0,0	0,0	0,0	0,0	0,0	0,0	0,0	0,0	0,0	0,0	122,0	1,0	0,0	0,0	0,0	10,0	0,0	10,0	0,0	9,0	9,0	0,0	0,0
22906	Santa María de Dulcis	2016	Regadío	0,0	0,0	0,0	0,0	0,0	0,0	0,0	0,0	0,0	0,0	0,0	0,0	0,0	0,0	0,0	0,0	0,0	0,0	0,0	0,0	0,0	0,0	0,0	0,0	0,0
22906	Santa María de Dulcis	2016	Secano	382,0	159,0	0,0	0,0	0,0	0,0	0,0	0,0	0,0	0,0	0,0	0,0	159,0	0,0	0,0	0,0	0,0	151,0	0,0	151,0	0,0	72,0	72,0	0,0	0,0
22907	Aínsa-Sobrarbe	2016	Regadío	2,0	1,0	1,0	0,0	0,0	0,0	0,0	0,0	0,0	0,0	0,0	0,0	0,0	0,0	0,0	0,0	0,0	1,0	0,0	1,0	0,0	0,0	0,0	0,0	0,0
22907	Aínsa-Sobrarbe	2016	Secano	99,0	54,0	0,0	0,0	0,0	0,0	0,0	0,0	0,0	0,0	0,0	0,0	54,0	0,0	0,0	0,0	0,0	8,0	0,0	8,0	0,0	37,0	37,0	0,0	0,0
22908	Hoz y Costeán	2016	Regadío	15,0	0,0	0,0	0,0	0,0	0,0	0,0	0,0	0,0	0,0	0,0	0,0	0,0	0,0	0,0	0,0	0,0	4,0	0,0	4,0	0,0	11,0	11,0	0,0	0,0
22908	Hoz y Costeán	2016	Secano	575,0	143,0	0,0	0,0	0,0	0,0	0,0	0,0	0,0	0,0	0,0	0,0	143,0	0,0	0,0	0,0	0,0	78,0	0,0	78,0	0,0	354,0	354,0	0,0	0,0
22909	Vencillón	2016	Regadío	42,0	41,0	2,0	3,0	0,0	0,0	0,0	15,0	0,0	0,0	0,0	0,0	9,0	0,0	0,0	7,0	5,0	0,0	0,0	0,0	0,0	1,0	1,0	0,0	0,0
22909	Vencillón	2016	Secano	0,0	0,0	0,0	0,0	0,0	0,0	0,0	0,0	0,0	0,0	0,0	0,0	0,0	0,0	0,0	0,0	0,0	0,0	0,0	0,0	0,0	0,0	0,0	0,0	0,0
44001	Ababuj	2016	Regadío											0,0														
44001	Ababuj	2016	Secano											0,0														
44002	Abejuela	2016	Regadío											0,0														
44002	Abejuela	2016	Secano											0,0														
44003	Aguatón	2016	Regadío											0,0														
44003	Aguatón	2016	Secano											0,0														
44004	Aguaviva	2016	Regadío	12,0	8,0	0,0	0,0	0,0	0,0	0,0	7,0	0,0	0,0	0,0	0,0	0,0	1,0	0,0	0,0	0,0	0,0	0,0	0,0	0,0	4,0	4,0	0,0	0,0
44004	Aguaviva	2016	Secano	72,0	11,0	0,0	0,0	0,0	0,0	0,0	1,0	0,0	0,0	0,0	0,0	10,0	0,0	0,0	0,0	0,0	13,0	0,0	13,0	0,0	48,0	48,0	0,0	0,0
44005	Aguilar del Alfambra	2016	Regadío											0,0														
44005	Aguilar del Alfambra	2016	Secano											0,0														
44006	Alacón	2016	Regadío	22,0	2,0	0,0	0,0	0,0	0,0	0,0	0,0	0,0	0,0	0,0	0,0	2,0	0,0	0,0	0,0	0,0	0,0	0,0	0,0	0,0	20,0	20,0	0,0	0,0
44006	Alacón	2016	Secano	207,0	40,0	0,0	0,0	0,0	0,0	0,0	0,0	0,0	0,0	0,0	0,0	40,0	0,0	0,0	0,0	0,0	47,0	0,0	47,0	0,0	120,0	120,0	0,0	0,0
44007	Alba	2016	Regadío	2,0	2,0	0,0	0,0	0,0	0,0	0,0	0,0	0,0	0,0	0,0	0,0	2,0	0,0	0,0	0,0	0,0	0,0	0,0	0,0	0,0	0,0	0,0	0,0	0,0
44007	Alba	2016	Secano	1,0	1,0	0,0	0,0	0,0	0,0	0,0	0,0	0,0	0,0	0,0	0,0	1,0	0,0	0,0	0,0	0,0	0,0	0,0	0,0	0,0	0,0	0,0	0,0	0,0
44008	Albalate del Arzobispo	2016	Regadío	353,0	137,0	0,0	1,0	0,0	10,0	7,0	45,0	1,0	2,0	0,0	0,0	71,0	0,0	0,0	0,0	0,0	4,0	0,0	4,0	0,0	212,0	212,0	0,0	0,0
44008	Albalate del Arzobispo	2016	Secano	2205,0	1041,0	0,0	0,0	0,0	6,0	9,0	3,0	0,0	0,0	0,0	0,0	1023,0	0,0	0,0	0,0	0,0	51,0	0,0	51,0	0,0	1113,0	1113,0	0,0	0,0
44009	Albarracín	2016	Regadío											0,0														
44009	Albarracín	2016	Secano											0,0														
44010	Albentosa	2016	Regadío	0,0	0,0	0,0	0,0	0,0	0,0	0,0	0,0	0,0	0,0	0,0	0,0	0,0	0,0	0,0	0,0	0,0	0,0	0,0	0,0	0,0	0,0	0,0	0,0	0,0
44010	Albentosa	2016	Secano	25,0	25,0	0,0	0,0	0,0	0,0	4,0	0,0	0,0	0,0	0,0	0,0	21,0	0,0	0,0	0,0	0,0	0,0	0,0	0,0	0,0	0,0	0,0	0,0	0,0
44011	Alcaine	2016	Regadío	0,0	0,0	0,0	0,0	0,0	0,0	0,0	0,0	0,0	0,0	0,0	0,0	0,0	0,0	0,0	0,0	0,0	0,0	0,0	0,0	0,0	0,0	0,0	0,0	0,0
44011	Alcaine	2016	Secano	2,0	0,0	0,0	0,0	0,0	0,0	0,0	0,0	0,0	0,0	0,0	0,0	0,0	0,0	0,0	0,0	0,0	1,0	0,0	1,0	0,0	1,0	1,0	0,0	0,0
44012	Alcalá de la Selva	2016	Regadío											0,0														
44012	Alcalá de la Selva	2016	Secano											0,0														
44013	Alcañiz	2016	Regadío	2180,0	1621,0	7,0	17,0	0,0	158,0	7,0	885,0	38,0	0,0	0,0	0,0	488,0	12,0	0,0	9,0	0,0	6,0	0,0	6,0	0,0	553,0	553,0	0,0	0,0
44013	Alcañiz	2016	Secano	4665,0	2378,0	0,0	0,0	0,0	3,0	0,0	10,0	4,0	0,0	0,0	0,0	2361,0	0,0	0,0	0,0	0,0	16,0	0,0	16,0	0,0	2271,0	2271,0	0,0	0,0
44014	Alcorisa	2016	Regadío	98,0	10,0	0,0	0,0	0,0	0,0	0,0	1,0	0,0	0,0	0,0	0,0	8,0	1,0	0,0	0,0	0,0	0,0	0,0	0,0	0,0	88,0	88,0	0,0	0,0
44014	Alcorisa	2016	Secano	1640,0	539,0	0,0	0,0	0,0	0,0	0,0	0,0	0,0	0,0	0,0	0,0	539,0	0,0	0,0	0,0	0,0	68,0	0,0	68,0	0,0	1033,0	1033,0	0,0	0,0
44016	Alfambra	2016	Regadío											0,0														
44016	Alfambra	2016	Secano											0,0														
44017	Aliaga	2016	Regadío											0,0														
44017	Aliaga	2016	Secano											0,0														
44018	Almohaja	2016	Regadío											0,0														
44018	Almohaja	2016	Secano											0,0														
44019	Alobras	2016	Regadío											0,0														
44019	Alobras	2016	Secano											0,0														
44020	Alpeñés	2016	Regadío											0,0														
44020	Alpeñés	2016	Secano											0,0														
44021	Allepuz	2016	Regadío											0,0														
44021	Allepuz	2016	Secano											0,0														
44022	Alloza	2016	Regadío	16,0	6,0	0,0	0,0	0,0	0,0	4,0	0,0	0,0	0,0	0,0	0,0	0,0	2,0	0,0	0,0	0,0	0,0	0,0	0,0	0,0	10,0	10,0	0,0	0,0
44022	Alloza	2016	Secano	1061,0	270,0	0,0	0,0	0,0	0,0	5,0	0,0	0,0	0,0	0,0	0,0	264,0	1,0	0,0	0,0	0,0	43,0	0,0	43,0	0,0	748,0	748,0	0,0	0,0
44023	Allueva	2016	Regadío											0,0														
44023	Allueva	2016	Secano											0,0														
44024	Anadón	2016	Regadío											0,0														
44024	Anadón	2016	Secano											0,0														
44025	Andorra	2016	Regadío	7,0	1,0	0,0	0,0	0,0	0,0	1,0	0,0	0,0	0,0	0,0	0,0	0,0	0,0	0,0	0,0	0,0	0,0	0,0	0,0	0,0	6,0	6,0	0,0	0,0
44025	Andorra	2016	Secano	871,0	144,0	0,0	0,0	0,0	0,0	1,0	0,0	0,0	0,0	0,0	0,0	143,0	0,0	0,0	0,0	0,0	60,0	0,0	60,0	0,0	667,0	667,0	0,0	0,0
44026	Arcos de las Salinas	2016	Regadío	0,0	0,0	0,0	0,0	0,0	0,0	0,0	0,0	0,0	0,0	0,0	0,0	0,0	0,0	0,0	0,0	0,0	0,0	0,0	0,0	0,0	0,0	0,0	0,0	0,0
44026	Arcos de las Salinas	2016	Secano	6,0	6,0	0,0	0,0	0,0	0,0	0,0	0,0	0,0	0,0	0,0	0,0	5,0	1,0	0,0	0,0	0,0	0,0	0,0	0,0	0,0	0,0	0,0	0,0	0,0
44027	Arens de Lledó	2016	Regadío	0,0	0,0	0,0	0,0	0,0	0,0	0,0	0,0	0,0	0,0	0,0	0,0	0,0	0,0	0,0	0,0	0,0	0,0	0,0	0,0	0,0	0,0	0,0	0,0	0,0
44027	Arens de Lledó	2016	Secano	736,0	314,0	0,0	0,0	0,0	0,0	2,0	0,0	0,0	0,0	0,0	0,0	311,0	1,0	0,0	0,0	0,0	64,0	0,0	64,0	0,0	358,0	358,0	0,0	0,0
44028	Argente	2016	Regadío											0,0														
44028	Argente	2016	Secano											0,0														
44029	Ariño	2016	Regadío	12,0	7,0	0,0	0,0	0,0	0,0	7,0	0,0	0,0	0,0	0,0	0,0	0,0	0,0	0,0	0,0	0,0	0,0	0,0	0,0	0,0	5,0	5,0	0,0	0,0
44029	Ariño	2016	Secano	113,0	32,0	0,0	0,0	0,0	0,0	8,0	0,0	0,0	0,0	0,0	0,0	24,0	0,0	0,0	0,0	0,0	9,0	0,0	9,0	0,0	72,0	72,0	0,0	0,0
44031	Azaila	2016	Regadío	12,0	0,0	0,0	0,0	0,0	0,0	0,0	0,0	0,0	0,0	0,0	0,0	0,0	0,0	0,0	0,0	0,0	0,0	0,0	0,0	0,0	12,0	12,0	0,0	0,0
44031	Azaila	2016	Secano	3,0	2,0	0,0	0,0	0,0	0,0	0,0	0,0	0,0	0,0	0,0	0,0	2,0	0,0	0,0	0,0	0,0	0,0	0,0	0,0	0,0	1,0	1,0	0,0	0,0
44032	Bádenas	2016	Regadío	0,0	0,0	0,0	0,0	0,0	0,0	0,0	0,0	0,0	0,0	0,0	0,0	0,0	0,0	0,0	0,0	0,0	0,0	0,0	0,0	0,0	0,0	0,0	0,0	0,0
44032	Bádenas	2016	Secano	11,0	11,0	0,0	0,0	0,0	0,0	0,0	0,0	0,0	0,0	0,0	0,0	11,0	0,0	0,0	0,0	0,0	0,0	0,0	0,0	0,0	0,0	0,0	0,0	0,0
44033	Báguena	2016	Regadío	3,0	2,0	1,0	0,0	0,0	0,0	0,0	0,0	0,0	0,0	0,0	0,0	0,0	1,0	0,0	0,0	0,0	1,0	0,0	1,0	0,0	0,0	0,0	0,0	0,0
44033	Báguena	2016	Secano	326,0	146,0	0,0	0,0	0,0	0,0	9,0	0,0	0,0	0,0	0,0	0,0	135,0	2,0	0,0	0,0	0,0	180,0	0,0	180,0	0,0	0,0	0,0	0,0	0,0
44034	Bañón	2016	Regadío											0,0														
44034	Bañón	2016	Secano											0,0														
44035	Barrachina	2016	Regadío											0,0														
44035	Barrachina	2016	Secano											0,0														
44036	Bea	2016	Regadío											0,0														
44036	Bea	2016	Secano											0,0														
44037	Beceite	2016	Regadío	7,0	4,0	0,0	0,0	0,0	0,0	0,0	0,0	0,0	0,0	0,0	0,0	3,0	1,0	0,0	0,0	0,0	0,0	0,0	0,0	0,0	3,0	3,0	0,0	0,0
44037	Beceite	2016	Secano	150,0	79,0	0,0	0,0	0,0	0,0	0,0	0,0	0,0	0,0	0,0	0,0	78,0	1,0	0,0	0,0	0,0	3,0	0,0	3,0	0,0	68,0	68,0	0,0	0,0
44038	Belmonte de San José	2016	Regadío	0,0	0,0	0,0	0,0	0,0	0,0	0,0	0,0	0,0	0,0	0,0	0,0	0,0	0,0	0,0	0,0	0,0	0,0	0,0	0,0	0,0	0,0	0,0	0,0	0,0
44038	Belmonte de San José	2016	Secano	579,0	212,0	0,0	0,0	0,0	0,0	0,0	0,0	0,0	0,0	0,0	0,0	212,0	0,0	0,0	0,0	0,0	1,0	0,0	1,0	0,0	366,0	366,0	0,0	0,0
44039	Bello	2016	Regadío	0,0	0,0	0,0	0,0	0,0	0,0	0,0	0,0	0,0	0,0	0,0	0,0	0,0	0,0	0,0	0,0	0,0	0,0	0,0	0,0	0,0	0,0	0,0	0,0	0,0
44039	Bello	2016	Secano	3,0	3,0	0,0	0,0	0,0	0,0	0,0	0,0	0,0	0,0	0,0	0,0	3,0	0,0	0,0	0,0	0,0	0,0	0,0	0,0	0,0	0,0	0,0	0,0	0,0
44040	Berge	2016	Regadío	22,0	2,0	0,0	0,0	0,0	0,0	0,0	0,0	0,0	0,0	0,0	0,0	2,0	0,0	0,0	0,0	0,0	0,0	0,0	0,0	0,0	20,0	20,0	0,0	0,0
44040	Berge	2016	Secano	287,0	111,0	0,0	0,0	0,0	0,0	0,0	0,0	0,0	0,0	0,0	0,0	111,0	0,0	0,0	0,0	0,0	2,0	0,0	2,0	0,0	174,0	174,0	0,0	0,0
44041	Bezas	2016	Regadío											0,0														
44041	Bezas	2016	Secano											0,0														
44042	Blancas	2016	Regadío											0,0														
44042	Blancas	2016	Secano											0,0														
44043	Blesa	2016	Regadío	0,0	0,0	0,0	0,0	0,0	0,0	0,0	0,0	0,0	0,0	0,0	0,0	0,0	0,0	0,0	0,0	0,0	0,0	0,0	0,0	0,0	0,0	0,0	0,0	0,0
44043	Blesa	2016	Secano	82,0	70,0	0,0	0,0	0,0	0,0	0,0	0,0	0,0	0,0	0,0	0,0	70,0	0,0	0,0	0,0	0,0	11,0	0,0	11,0	0,0	1,0	1,0	0,0	0,0
44044	Bordón	2016	Regadío											0,0														
44044	Bordón	2016	Secano											0,0														
44045	Bronchales	2016	Regadío											0,0														
44045	Bronchales	2016	Secano											0,0														
44046	Bueña	2016	Regadío											0,0														
44046	Bueña	2016	Secano											0,0														
44047	Burbáguena	2016	Regadío	2,0	2,0	0,0	0,0	0,0	0,0	1,0	0,0	1,0	0,0	0,0	0,0	0,0	0,0	0,0	0,0	0,0	0,0	0,0	0,0	0,0	0,0	0,0	0,0	0,0
44047	Burbáguena	2016	Secano	157,0	74,0	0,0	0,0	0,0	0,0	4,0	0,0	0,0	0,0	0,0	0,0	70,0	0,0	0,0	0,0	0,0	83,0	0,0	83,0	0,0	0,0	0,0	0,0	0,0
44048	Cabra de Mora	2016	Regadío											0,0														
44048	Cabra de Mora	2016	Secano											0,0														
44049	Calaceite	2016	Regadío	24,0	2,0	0,0	0,0	0,0	0,0	0,0	0,0	0,0	0,0	0,0	0,0	2,0	0,0	0,0	0,0	0,0	3,0	0,0	3,0	0,0	19,0	19,0	0,0	0,0
44049	Calaceite	2016	Secano	3620,0	1433,0	0,0	0,0	0,0	0,0	0,0	0,0	0,0	0,0	0,0	0,0	1431,0	2,0	0,0	0,0	0,0	154,0	0,0	154,0	0,0	2033,0	2033,0	0,0	0,0
44050	Calamocha	2016	Regadío	2,0	1,0	0,0	0,0	0,0	0,0	1,0	0,0	0,0	0,0	0,0	0,0	0,0	0,0	0,0	0,0	0,0	0,0	0,0	0,0	0,0	0,0	0,0	0,0	1,0
44050	Calamocha	2016	Secano	86,0	50,0	0,0	0,0	0,0	0,0	4,0	0,0	0,0	0,0	0,0	0,0	44,0	2,0	0,0	0,0	0,0	36,0	0,0	36,0	0,0	0,0	0,0	0,0	0,0
44051	Calanda	2016	Regadío	1015,0	614,0	1,0	0,0	0,0	7,0	2,0	511,0	2,0	1,0	0,0	0,0	86,0	4,0	0,0	0,0	0,0	0,0	0,0	0,0	0,0	401,0	401,0	0,0	0,0
44051	Calanda	2016	Secano	2497,0	1125,0	0,0	0,0	0,0	3,0	0,0	18,0	0,0	0,0	0,0	0,0	1104,0	0,0	0,0	0,0	0,0	12,0	0,0	12,0	0,0	1360,0	1360,0	0,0	0,0
44052	Calomarde	2016	Regadío											0,0														
44052	Calomarde	2016	Secano											0,0														
44053	Camañas	2016	Regadío											0,0														
44053	Camañas	2016	Secano											0,0														
44054	Camarena de la Sierra	2016	Regadío											0,0														
44054	Camarena de la Sierra	2016	Secano											0,0														
44055	Camarillas	2016	Regadío											0,0														
44055	Camarillas	2016	Secano											0,0														
44056	Caminreal	2016	Regadío	0,0	0,0	0,0	0,0	0,0	0,0	0,0	0,0	0,0	0,0	0,0	0,0	0,0	0,0	0,0	0,0	0,0	0,0	0,0	0,0	0,0	0,0	0,0	0,0	0,0
44056	Caminreal	2016	Secano	3,0	3,0	0,0	0,0	0,0	0,0	0,0	0,0	0,0	0,0	0,0	0,0	3,0	0,0	0,0	0,0	0,0	0,0	0,0	0,0	0,0	0,0	0,0	0,0	0,0
44059	Cantavieja	2016	Regadío											0,0														
44059	Cantavieja	2016	Secano											0,0														
44060	Cañada de Benatanduz	2016	Regadío											0,0														
44060	Cañada de Benatanduz	2016	Secano											0,0														
44061	Cañada de Verich (La)	2016	Regadío	0,0	0,0	0,0	0,0	0,0	0,0	0,0	0,0	0,0	0,0	0,0	0,0	0,0	0,0	0,0	0,0	0,0	0,0	0,0	0,0	0,0	0,0	0,0	0,0	0,0
44061	Cañada de Verich (La)	2016	Secano	44,0	40,0	0,0	0,0	0,0	0,0	0,0	0,0	0,0	0,0	0,0	0,0	40,0	0,0	0,0	0,0	0,0	0,0	0,0	0,0	0,0	4,0	4,0	0,0	0,0
44062	Cañada Vellida	2016	Regadío											0,0														
44062	Cañada Vellida	2016	Secano											0,0														
44063	Cañizar del Olivar	2016	Regadío	0,0	0,0	0,0	0,0	0,0	0,0	0,0	0,0	0,0	0,0	0,0	0,0	0,0	0,0	0,0	0,0	0,0	0,0	0,0	0,0	0,0	0,0	0,0	0,0	0,0
44063	Cañizar del Olivar	2016	Secano	12,0	4,0	0,0	0,0	0,0	0,0	0,0	0,0	0,0	0,0	0,0	0,0	4,0	0,0	0,0	0,0	0,0	0,0	0,0	0,0	0,0	8,0	8,0	0,0	0,0
44064	Cascante del Río	2016	Regadío	0,0	0,0	0,0	0,0	0,0	0,0	0,0	0,0	0,0	0,0	0,0	0,0	0,0	0,0	0,0	0,0	0,0	0,0	0,0	0,0	0,0	0,0	0,0	0,0	0,0
44064	Cascante del Río	2016	Secano	2,0	2,0	0,0	0,0	0,0	0,0	0,0	0,0	0,0	0,0	0,0	0,0	2,0	0,0	0,0	0,0	0,0	0,0	0,0	0,0	0,0	0,0	0,0	0,0	0,0
44065	Castejón de Tornos	2016	Regadío	3,0	3,0	0,0	0,0	0,0	0,0	3,0	0,0	0,0	0,0	0,0	0,0	0,0	0,0	0,0	0,0	0,0	0,0	0,0	0,0	0,0	0,0	0,0	0,0	0,0
44065	Castejón de Tornos	2016	Secano	2,0	2,0	0,0	0,0	0,0	0,0	0,0	0,0	0,0	0,0	0,0	0,0	2,0	0,0	0,0	0,0	0,0	0,0	0,0	0,0	0,0	0,0	0,0	0,0	0,0
44066	Castel de Cabra	2016	Regadío											0,0														
44066	Castel de Cabra	2016	Secano											0,0														
44067	Castelnou	2016	Regadío	19,0	0,0	0,0	0,0	0,0	0,0	0,0	0,0	0,0	0,0	0,0	0,0	0,0	0,0	0,0	0,0	0,0	0,0	0,0	0,0	0,0	19,0	19,0	0,0	0,0
44067	Castelnou	2016	Secano	6,0	3,0	0,0	0,0	0,0	0,0	0,0	0,0	0,0	0,0	0,0	0,0	3,0	0,0	0,0	0,0	0,0	0,0	0,0	0,0	0,0	3,0	3,0	0,0	0,0
44068	Castelserás	2016	Regadío	153,0	79,0	0,0	1,0	0,0	0,0	0,0	55,0	3,0	0,0	0,0	0,0	20,0	0,0	0,0	0,0	0,0	0,0	0,0	0,0	0,0	74,0	74,0	0,0	0,0
44068	Castelserás	2016	Secano	678,0	237,0	0,0	0,0	0,0	0,0	0,0	1,0	0,0	0,0	0,0	0,0	236,0	0,0	0,0	0,0	0,0	11,0	0,0	11,0	0,0	430,0	430,0	0,0	0,0
44070	Castellar (El)	2016	Regadío											0,0														
44070	Castellar (El)	2016	Secano											0,0														
44071	Castellote	2016	Regadío	95,0	22,0	0,0	0,0	0,0	0,0	0,0	8,0	0,0	0,0	0,0	0,0	11,0	3,0	0,0	0,0	0,0	0,0	0,0	0,0	0,0	73,0	73,0	0,0	0,0
44071	Castellote	2016	Secano	612,0	237,0	0,0	0,0	0,0	0,0	0,0	7,0	0,0	0,0	0,0	0,0	229,0	1,0	0,0	0,0	0,0	45,0	0,0	45,0	0,0	330,0	330,0	0,0	0,0
44074	Cedrillas	2016	Regadío											0,0														
44074	Cedrillas	2016	Secano											0,0														
44075	Celadas	2016	Regadío											0,0														
44075	Celadas	2016	Secano											0,0														
44076	Cella	2016	Regadío	0,0	0,0	0,0	0,0	0,0	0,0	0,0	0,0	0,0	0,0	0,0	0,0	0,0	0,0	0,0	0,0	0,0	0,0	0,0	0,0	0,0	0,0	0,0	0,0	0,0
44076	Cella	2016	Secano	1,0	1,0	0,0	0,0	0,0	0,0	0,0	0,0	0,0	0,0	0,0	0,0	1,0	0,0	0,0	0,0	0,0	0,0	0,0	0,0	0,0	0,0	0,0	0,0	0,0
44077	Cerollera (La)	2016	Regadío	0,0	0,0	0,0	0,0	0,0	0,0	0,0	0,0	0,0	0,0	0,0	0,0	0,0	0,0	0,0	0,0	0,0	0,0	0,0	0,0	0,0	0,0	0,0	0,0	0,0
44077	Cerollera (La)	2016	Secano	38,0	20,0	0,0	0,0	0,0	0,0	0,0	0,0	0,0	0,0	0,0	0,0	20,0	0,0	0,0	0,0	0,0	18,0	0,0	18,0	0,0	0,0	0,0	0,0	0,0
44080	Codoñera (La)	2016	Regadío	1,0	0,0	0,0	0,0	0,0	0,0	0,0	0,0	0,0	0,0	0,0	0,0	0,0	0,0	0,0	0,0	0,0	0,0	0,0	0,0	0,0	1,0	1,0	0,0	0,0
44080	Codoñera (La)	2016	Secano	702,0	250,0	0,0	0,0	0,0	0,0	0,0	0,0	0,0	0,0	0,0	0,0	250,0	0,0	0,0	0,0	0,0	0,0	0,0	0,0	0,0	452,0	452,0	0,0	0,0
44082	Corbalán	2016	Regadío											0,0														
44082	Corbalán	2016	Secano											0,0														
44084	Cortes de Aragón	2016	Regadío	0,0	0,0	0,0	0,0	0,0	0,0	0,0	0,0	0,0	0,0	0,0	0,0	0,0	0,0	0,0	0,0	0,0	0,0	0,0	0,0	0,0	0,0	0,0	0,0	0,0
44084	Cortes de Aragón	2016	Secano	47,0	19,0	0,0	0,0	0,0	0,0	0,0	0,0	0,0	0,0	0,0	0,0	19,0	0,0	0,0	0,0	0,0	26,0	0,0	26,0	0,0	2,0	2,0	0,0	0,0
44085	Cosa	2016	Regadío											0,0														
44085	Cosa	2016	Secano											0,0														
44086	Cretas	2016	Regadío	59,0	12,0	0,0	0,0	0,0	0,0	3,0	3,0	0,0	0,0	0,0	0,0	1,0	0,0	5,0	0,0	0,0	0,0	0,0	0,0	0,0	47,0	47,0	0,0	0,0
44086	Cretas	2016	Secano	1895,0	710,0	0,0	0,0	0,0	0,0	3,0	0,0	0,0	0,0	0,0	0,0	702,0	0,0	5,0	0,0	0,0	82,0	0,0	82,0	0,0	1103,0	1103,0	0,0	0,0
44087	Crivillén	2016	Regadío	0,0	0,0	0,0	0,0	0,0	0,0	0,0	0,0	0,0	0,0	0,0	0,0	0,0	0,0	0,0	0,0	0,0	0,0	0,0	0,0	0,0	0,0	0,0	0,0	0,0
44087	Crivillén	2016	Secano	54,0	16,0	0,0	0,0	0,0	0,0	0,0	0,0	0,0	0,0	0,0	0,0	16,0	0,0	0,0	0,0	0,0	2,0	0,0	2,0	0,0	36,0	36,0	0,0	0,0
44088	Cuba (La)	2016	Regadío	0,0	0,0	0,0	0,0	0,0	0,0	0,0	0,0	0,0	0,0	0,0	0,0	0,0	0,0	0,0	0,0	0,0	0,0	0,0	0,0	0,0	0,0	0,0	0,0	0,0
44088	Cuba (La)	2016	Secano	7,0	0,0	0,0	0,0	0,0	0,0	0,0	0,0	0,0	0,0	0,0	0,0	0,0	0,0	0,0	0,0	0,0	7,0	0,0	7,0	0,0	0,0	0,0	0,0	0,0
44089	Cubla	2016	Regadío	0,0	0,0	0,0	0,0	0,0	0,0	0,0	0,0	0,0	0,0	0,0	0,0	0,0	0,0	0,0	0,0	0,0	0,0	0,0	0,0	0,0	0,0	0,0	0,0	0,0
44089	Cubla	2016	Secano	9,0	9,0	0,0	0,0	0,0	0,0	0,0	0,0	0,0	0,0	0,0	0,0	9,0	0,0	0,0	0,0	0,0	0,0	0,0	0,0	0,0	0,0	0,0	0,0	0,0
44090	Cucalón	2016	Regadío	0,0	0,0	0,0	0,0	0,0	0,0	0,0	0,0	0,0	0,0	0,0	0,0	0,0	0,0	0,0	0,0	0,0	0,0	0,0	0,0	0,0	0,0	0,0	0,0	0,0
44090	Cucalón	2016	Secano	14,0	14,0	0,0	0,0	0,0	0,0	0,0	0,0	0,0	0,0	0,0	0,0	11,0	3,0	0,0	0,0	0,0	0,0	0,0	0,0	0,0	0,0	0,0	0,0	0,0
44092	Cuervo (El)	2016	Regadío	2,0	2,0	1,0	0,0	0,0	0,0	0,0	0,0	1,0	0,0	0,0	0,0	0,0	0,0	0,0	0,0	0,0	0,0	0,0	0,0	0,0	0,0	0,0	0,0	0,0
44092	Cuervo (El)	2016	Secano	13,0	13,0	0,0	0,0	0,0	0,0	0,0	0,0	0,0	0,0	0,0	0,0	13,0	0,0	0,0	0,0	0,0	0,0	0,0	0,0	0,0	0,0	0,0	0,0	0,0
44093	Cuevas de Almudén	2016	Regadío											0,0														
44093	Cuevas de Almudén	2016	Secano											0,0														
44094	Cuevas Labradas	2016	Regadío	0,0	0,0	0,0	0,0	0,0	0,0	0,0	0,0	0,0	0,0	0,0	0,0	0,0	0,0	0,0	0,0	0,0	0,0	0,0	0,0	0,0	0,0	0,0	0,0	0,0
44094	Cuevas Labradas	2016	Secano	1,0	1,0	0,0	0,0	0,0	0,0	0,0	0,0	0,0	0,0	0,0	0,0	1,0	0,0	0,0	0,0	0,0	0,0	0,0	0,0	0,0	0,0	0,0	0,0	0,0
44096	Ejulve	2016	Regadío	0,0	0,0	0,0	0,0	0,0	0,0	0,0	0,0	0,0	0,0	0,0	0,0	0,0	0,0	0,0	0,0	0,0	0,0	0,0	0,0	0,0	0,0	0,0	0,0	0,0
44096	Ejulve	2016	Secano	5,0	5,0	0,0	0,0	0,0	0,0	0,0	0,0	0,0	0,0	0,0	0,0	5,0	0,0	0,0	0,0	0,0	0,0	0,0	0,0	0,0	0,0	0,0	0,0	0,0
44097	Escorihuela	2016	Regadío	0,0	0,0	0,0	0,0	0,0	0,0	0,0	0,0	0,0	0,0	0,0	0,0	0,0	0,0	0,0	0,0	0,0	0,0	0,0	0,0	0,0	0,0	0,0	0,0	0,0
44097	Escorihuela	2016	Secano	1,0	1,0	0,0	0,0	0,0	0,0	0,0	0,0	0,0	0,0	0,0	0,0	1,0	0,0	0,0	0,0	0,0	0,0	0,0	0,0	0,0	0,0	0,0	0,0	0,0
44099	Escucha	2016	Regadío	0,0	0,0	0,0	0,0	0,0	0,0	0,0	0,0	0,0	0,0	0,0	0,0	0,0	0,0	0,0	0,0	0,0	0,0	0,0	0,0	0,0	0,0	0,0	0,0	0,0
44099	Escucha	2016	Secano	6,0	6,0	0,0	0,0	0,0	0,0	0,0	0,0	0,0	0,0	0,0	0,0	6,0	0,0	0,0	0,0	0,0	0,0	0,0	0,0	0,0	0,0	0,0	0,0	0,0
44100	Estercuel	2016	Regadío	0,0	0,0	0,0	0,0	0,0	0,0	0,0	0,0	0,0	0,0	0,0	0,0	0,0	0,0	0,0	0,0	0,0	0,0	0,0	0,0	0,0	0,0	0,0	0,0	0,0
44100	Estercuel	2016	Secano	57,0	19,0	0,0	0,0	0,0	0,0	0,0	0,0	0,0	0,0	0,0	0,0	19,0	0,0	0,0	0,0	0,0	4,0	0,0	4,0	0,0	34,0	34,0	0,0	0,0
44101	Ferreruela de Huerva	2016	Regadío	0,0	0,0	0,0	0,0	0,0	0,0	0,0	0,0	0,0	0,0	0,0	0,0	0,0	0,0	0,0	0,0	0,0	0,0	0,0	0,0	0,0	0,0	0,0	0,0	0,0
44101	Ferreruela de Huerva	2016	Secano	32,0	32,0	0,0	0,0	0,0	0,0	0,0	0,0	0,0	0,0	0,0	0,0	13,0	19,0	0,0	0,0	0,0	0,0	0,0	0,0	0,0	0,0	0,0	0,0	0,0
44102	Fonfría	2016	Regadío											0,0														
44102	Fonfría	2016	Secano											0,0														
44103	Formiche Alto	2016	Regadío											0,0														
44103	Formiche Alto	2016	Secano											0,0														
44105	Fórnoles	2016	Regadío	0,0	0,0	0,0	0,0	0,0	0,0	0,0	0,0	0,0	0,0	0,0	0,0	0,0	0,0	0,0	0,0	0,0	0,0	0,0	0,0	0,0	0,0	0,0	0,0	0,0
44105	Fórnoles	2016	Secano	394,0	185,0	0,0	0,0	0,0	0,0	0,0	0,0	0,0	0,0	0,0	0,0	183,0	0,0	2,0	0,0	0,0	11,0	0,0	11,0	0,0	198,0	198,0	0,0	0,0
44106	Fortanete	2016	Regadío											0,0														
44106	Fortanete	2016	Secano											0,0														
44107	Foz-Calanda	2016	Regadío	43,0	27,0	0,0	0,0	0,0	0,0	0,0	19,0	0,0	0,0	0,0	0,0	8,0	0,0	0,0	0,0	0,0	0,0	0,0	0,0	0,0	16,0	16,0	0,0	0,0
44107	Foz-Calanda	2016	Secano	423,0	171,0	0,0	0,0	0,0	0,0	0,0	0,0	0,0	0,0	0,0	0,0	171,0	0,0	0,0	0,0	0,0	10,0	0,0	10,0	0,0	242,0	242,0	0,0	0,0
44108	Fresneda (La)	2016	Regadío	24,0	4,0	0,0	0,0	0,0	0,0	0,0	0,0	0,0	0,0	0,0	0,0	3,0	1,0	0,0	0,0	0,0	1,0	0,0	1,0	0,0	19,0	19,0	0,0	0,0
44108	Fresneda (La)	2016	Secano	1010,0	283,0	0,0	0,0	0,0	0,0	2,0	0,0	0,0	0,0	0,0	0,0	280,0	1,0	0,0	0,0	0,0	13,0	0,0	13,0	0,0	714,0	714,0	0,0	0,0
44109	Frías de Albarracín	2016	Regadío											0,0														
44109	Frías de Albarracín	2016	Secano											0,0														
44110	Fuenferrada	2016	Regadío	0,0	0,0	0,0	0,0	0,0	0,0	0,0	0,0	0,0	0,0	0,0	0,0	0,0	0,0	0,0	0,0	0,0	0,0	0,0	0,0	0,0	0,0	0,0	0,0	0,0
44110	Fuenferrada	2016	Secano	1,0	1,0	0,0	0,0	0,0	0,0	0,0	0,0	0,0	0,0	0,0	0,0	1,0	0,0	0,0	0,0	0,0	0,0	0,0	0,0	0,0	0,0	0,0	0,0	0,0
44111	Fuentes Calientes	2016	Regadío											0,0														
44111	Fuentes Calientes	2016	Secano											0,0														
44112	Fuentes Claras	2016	Regadío	0,0	0,0	0,0	0,0	0,0	0,0	0,0	0,0	0,0	0,0	0,0	0,0	0,0	0,0	0,0	0,0	0,0	0,0	0,0	0,0	0,0	0,0	0,0	0,0	0,0
44112	Fuentes Claras	2016	Secano	9,0	4,0	0,0	0,0	0,0	0,0	0,0	0,0	0,0	0,0	0,0	0,0	4,0	0,0	0,0	0,0	0,0	5,0	0,0	5,0	0,0	0,0	0,0	0,0	0,0
44113	Fuentes de Rubielos	2016	Regadío											0,0														
44113	Fuentes de Rubielos	2016	Secano											0,0														
44114	Fuentespalda	2016	Regadío	8,0	1,0	0,0	0,0	0,0	0,0	0,0	0,0	0,0	0,0	0,0	0,0	1,0	0,0	0,0	0,0	0,0	0,0	0,0	0,0	0,0	7,0	7,0	0,0	0,0
44114	Fuentespalda	2016	Secano	487,0	356,0	0,0	0,0	0,0	0,0	1,0	0,0	0,0	0,0	0,0	0,0	353,0	2,0	0,0	0,0	0,0	30,0	0,0	30,0	0,0	101,0	101,0	0,0	0,0
44115	Galve	2016	Regadío											0,0														
44115	Galve	2016	Secano											0,0														
44116	Gargallo	2016	Regadío	0,0	0,0	0,0	0,0	0,0	0,0	0,0	0,0	0,0	0,0	0,0	0,0	0,0	0,0	0,0	0,0	0,0	0,0	0,0	0,0	0,0	0,0	0,0	0,0	0,0
44116	Gargallo	2016	Secano	26,0	21,0	0,0	0,0	0,0	0,0	0,0	0,0	0,0	0,0	0,0	0,0	21,0	0,0	0,0	0,0	0,0	2,0	0,0	2,0	0,0	3,0	3,0	0,0	0,0
44117	Gea de Albarracín	2016	Regadío	0,0	0,0	0,0	0,0	0,0	0,0	0,0	0,0	0,0	0,0	0,0	0,0	0,0	0,0	0,0	0,0	0,0	0,0	0,0	0,0	0,0	0,0	0,0	0,0	0,0
44117	Gea de Albarracín	2016	Secano	3,0	3,0	0,0	0,0	0,0	0,0	0,0	0,0	0,0	0,0	0,0	0,0	3,0	0,0	0,0	0,0	0,0	0,0	0,0	0,0	0,0	0,0	0,0	0,0	0,0
44118	Ginebrosa (La)	2016	Regadío	20,0	17,0	0,0	0,0	0,0	0,0	0,0	7,0	0,0	0,0	0,0	0,0	8,0	2,0	0,0	0,0	0,0	0,0	0,0	0,0	0,0	3,0	3,0	0,0	0,0
44118	Ginebrosa (La)	2016	Secano	480,0	308,0	0,0	0,0	0,0	0,0	0,0	1,0	0,0	0,0	0,0	0,0	306,0	1,0	0,0	0,0	0,0	23,0	0,0	23,0	0,0	149,0	149,0	0,0	0,0
44119	Griegos	2016	Regadío											0,0														
44119	Griegos	2016	Secano											0,0														
44120	Guadalaviar	2016	Regadío											0,0														
44120	Guadalaviar	2016	Secano											0,0														
44121	Gúdar	2016	Regadío											0,0														
44121	Gúdar	2016	Secano											0,0														
44122	Híjar	2016	Regadío	159,0	73,0	0,0	0,0	0,0	0,0	0,0	23,0	0,0	0,0	0,0	0,0	50,0	0,0	0,0	0,0	0,0	7,0	0,0	7,0	0,0	79,0	79,0	0,0	0,0
44122	Híjar	2016	Secano	493,0	293,0	0,0	0,0	0,0	0,0	0,0	0,0	0,0	0,0	0,0	0,0	293,0	0,0	0,0	0,0	0,0	57,0	0,0	57,0	0,0	143,0	143,0	0,0	0,0
44123	Hinojosa de Jarque	2016	Regadío											0,0														
44123	Hinojosa de Jarque	2016	Secano											0,0														
44124	Hoz de la Vieja (La)	2016	Regadío	0,0	0,0	0,0	0,0	0,0	0,0	0,0	0,0	0,0	0,0	0,0	0,0	0,0	0,0	0,0	0,0	0,0	0,0	0,0	0,0	0,0	0,0	0,0	0,0	0,0
44124	Hoz de la Vieja (La)	2016	Secano	18,0	0,0	0,0	0,0	0,0	0,0	0,0	0,0	0,0	0,0	0,0	0,0	0,0	0,0	0,0	0,0	0,0	18,0	1,0	17,0	0,0	0,0	0,0	0,0	0,0
44125	Huesa del Común	2016	Regadío	1,0	0,0	0,0	0,0	0,0	0,0	0,0	0,0	0,0	0,0	0,0	0,0	0,0	0,0	0,0	0,0	0,0	1,0	0,0	1,0	0,0	0,0	0,0	0,0	0,0
44125	Huesa del Común	2016	Secano	39,0	30,0	0,0	0,0	0,0	0,0	0,0	0,0	0,0	0,0	0,0	0,0	30,0	0,0	0,0	0,0	0,0	9,0	0,0	9,0	0,0	0,0	0,0	0,0	0,0
44126	Iglesuela del Cid (La)	2016	Regadío											0,0														
44126	Iglesuela del Cid (La)	2016	Secano											0,0														
44127	Jabaloyas	2016	Regadío											0,0														
44127	Jabaloyas	2016	Secano											0,0														
44128	Jarque de la Val	2016	Regadío	0,0	0,0	0,0	0,0	0,0	0,0	0,0	0,0	0,0	0,0	0,0	0,0	0,0	0,0	0,0	0,0	0,0	0,0	0,0	0,0	0,0	0,0	0,0	0,0	0,0
44128	Jarque de la Val	2016	Secano	1,0	1,0	0,0	0,0	0,0	0,0	0,0	0,0	0,0	0,0	0,0	0,0	1,0	0,0	0,0	0,0	0,0	0,0	0,0	0,0	0,0	0,0	0,0	0,0	0,0
44129	Jatiel	2016	Regadío	14,0	0,0	0,0	0,0	0,0	0,0	0,0	0,0	0,0	0,0	0,0	0,0	0,0	0,0	0,0	0,0	0,0	0,0	0,0	0,0	0,0	14,0	14,0	0,0	0,0
44129	Jatiel	2016	Secano	4,0	3,0	0,0	0,0	0,0	0,0	0,0	0,0	0,0	0,0	0,0	0,0	3,0	0,0	0,0	0,0	0,0	0,0	0,0	0,0	0,0	1,0	1,0	0,0	0,0
44130	Jorcas	2016	Regadío											0,0														
44130	Jorcas	2016	Secano											0,0														
44131	Josa	2016	Regadío	1,0	1,0	0,0	0,0	0,0	0,0	0,0	0,0	0,0	0,0	0,0	0,0	1,0	0,0	0,0	0,0	0,0	0,0	0,0	0,0	0,0	0,0	0,0	0,0	0,0
44131	Josa	2016	Secano	10,0	2,0	0,0	0,0	0,0	0,0	0,0	0,0	0,0	0,0	0,0	0,0	2,0	0,0	0,0	0,0	0,0	8,0	0,0	8,0	0,0	0,0	0,0	0,0	0,0
44132	Lagueruela	2016	Regadío											0,0														
44132	Lagueruela	2016	Secano											0,0														
44133	Lanzuela	2016	Regadío	0,0	0,0	0,0	0,0	0,0	0,0	0,0	0,0	0,0	0,0	0,0	0,0	0,0	0,0	0,0	0,0	0,0	0,0	0,0	0,0	0,0	0,0	0,0	0,0	0,0
44133	Lanzuela	2016	Secano	3,0	3,0	0,0	0,0	0,0	0,0	0,0	0,0	0,0	0,0	0,0	0,0	3,0	0,0	0,0	0,0	0,0	0,0	0,0	0,0	0,0	0,0	0,0	0,0	0,0
44135	Libros	2016	Regadío	2,0	2,0	1,0	0,0	0,0	0,0	0,0	0,0	0,0	0,0	0,0	0,0	0,0	1,0	0,0	0,0	0,0	0,0	0,0	0,0	0,0	0,0	0,0	0,0	0,0
44135	Libros	2016	Secano	194,0	194,0	0,0	0,0	0,0	0,0	0,0	0,0	0,0	0,0	0,0	0,0	194,0	0,0	0,0	0,0	0,0	0,0	0,0	0,0	0,0	0,0	0,0	0,0	0,0
44136	Lidón	2016	Regadío											0,0														
44136	Lidón	2016	Secano											0,0														
44137	Linares de Mora	2016	Regadío											0,0														
44137	Linares de Mora	2016	Secano											0,0														
44138	Loscos	2016	Regadío	6,0	6,0	0,0	0,0	0,0	0,0	0,0	0,0	0,0	0,0	0,0	0,0	0,0	6,0	0,0	0,0	0,0	0,0	0,0	0,0	0,0	0,0	0,0	0,0	0,0
44138	Loscos	2016	Secano	123,0	123,0	0,0	0,0	0,0	0,0	0,0	0,0	0,0	0,0	0,0	0,0	116,0	7,0	0,0	0,0	0,0	0,0	0,0	0,0	0,0	0,0	0,0	0,0	0,0
44141	Lledó	2016	Regadío	18,0	14,0	0,0	0,0	0,0	0,0	0,0	6,0	0,0	0,0	0,0	0,0	1,0	0,0	7,0	0,0	0,0	0,0	0,0	0,0	0,0	4,0	4,0	0,0	0,0
44141	Lledó	2016	Secano	500,0	150,0	0,0	0,0	0,0	0,0	1,0	0,0	0,0	0,0	0,0	0,0	139,0	0,0	10,0	0,0	0,0	48,0	0,0	48,0	0,0	302,0	302,0	0,0	0,0
44142	Maicas	2016	Regadío											0,0														
44142	Maicas	2016	Secano											0,0														
44143	Manzanera	2016	Regadío	0,0	0,0	0,0	0,0	0,0	0,0	0,0	0,0	0,0	0,0	0,0	0,0	0,0	0,0	0,0	0,0	0,0	0,0	0,0	0,0	0,0	0,0	0,0	0,0	0,0
44143	Manzanera	2016	Secano	8,0	8,0	0,0	0,0	0,0	0,0	2,0	0,0	0,0	0,0	0,0	0,0	6,0	0,0	0,0	0,0	0,0	0,0	0,0	0,0	0,0	0,0	0,0	0,0	0,0
44144	Martín del Río	2016	Regadío	0,0	0,0	0,0	0,0	0,0	0,0	0,0	0,0	0,0	0,0	0,0	0,0	0,0	0,0	0,0	0,0	0,0	0,0	0,0	0,0	0,0	0,0	0,0	0,0	0,0
44144	Martín del Río	2016	Secano	6,0	6,0	0,0	0,0	0,0	0,0	0,0	0,0	0,0	0,0	0,0	0,0	6,0	0,0	0,0	0,0	0,0	0,0	0,0	0,0	0,0	0,0	0,0	0,0	0,0
44145	Mas de las Matas	2016	Regadío	15,0	15,0	0,0	0,0	0,0	0,0	0,0	2,0	0,0	0,0	0,0	0,0	9,0	4,0	0,0	0,0	0,0	0,0	0,0	0,0	0,0	0,0	0,0	0,0	0,0
44145	Mas de las Matas	2016	Secano	142,0	65,0	0,0	0,0	0,0	0,0	0,0	1,0	0,0	0,0	0,0	0,0	64,0	0,0	0,0	0,0	0,0	20,0	0,0	20,0	0,0	57,0	57,0	0,0	0,0
44146	Mata de los Olmos (La)	2016	Regadío	0,0	0,0	0,0	0,0	0,0	0,0	0,0	0,0	0,0	0,0	0,0	0,0	0,0	0,0	0,0	0,0	0,0	0,0	0,0	0,0	0,0	0,0	0,0	0,0	0,0
44146	Mata de los Olmos (La)	2016	Secano	51,0	51,0	0,0	0,0	0,0	0,0	0,0	0,0	0,0	0,0	0,0	0,0	51,0	0,0	0,0	0,0	0,0	0,0	0,0	0,0	0,0	0,0	0,0	0,0	0,0
44147	Mazaleón	2016	Regadío	206,0	145,0	1,0	0,0	0,0	0,0	3,0	110,0	2,0	0,0	0,0	0,0	29,0	0,0	0,0	0,0	0,0	1,0	0,0	1,0	0,0	60,0	60,0	0,0	0,0
44147	Mazaleón	2016	Secano	3167,0	1643,0	0,0	0,0	0,0	0,0	2,0	15,0	1,0	0,0	0,0	0,0	1625,0	0,0	0,0	0,0	0,0	72,0	0,0	72,0	0,0	1452,0	1452,0	0,0	0,0
44148	Mezquita de Jarque	2016	Regadío											0,0														
44148	Mezquita de Jarque	2016	Secano											0,0														
44149	Mirambel	2016	Regadío	0,0	0,0	0,0	0,0	0,0	0,0	0,0	0,0	0,0	0,0	0,0	0,0	0,0	0,0	0,0	0,0	0,0	0,0	0,0	0,0	0,0	0,0	0,0	0,0	0,0
44149	Mirambel	2016	Secano	6,0	5,0	0,0	0,0	0,0	0,0	0,0	0,0	0,0	0,0	0,0	0,0	5,0	0,0	0,0	0,0	0,0	1,0	0,0	1,0	0,0	0,0	0,0	0,0	0,0
44150	Miravete de la Sierra	2016	Regadío											0,0														
44150	Miravete de la Sierra	2016	Secano											0,0														
44151	Molinos	2016	Regadío	19,0	1,0	0,0	0,0	0,0	0,0	0,0	0,0	0,0	0,0	0,0	0,0	1,0	0,0	0,0	0,0	0,0	0,0	0,0	0,0	0,0	18,0	18,0	0,0	0,0
44151	Molinos	2016	Secano	145,0	93,0	0,0	0,0	0,0	0,0	0,0	0,0	0,0	0,0	0,0	0,0	93,0	0,0	0,0	0,0	0,0	0,0	0,0	0,0	0,0	52,0	52,0	0,0	0,0
44152	Monforte de Moyuela	2016	Regadío	0,0	0,0	0,0	0,0	0,0	0,0	0,0	0,0	0,0	0,0	0,0	0,0	0,0	0,0	0,0	0,0	0,0	0,0	0,0	0,0	0,0	0,0	0,0	0,0	0,0
44152	Monforte de Moyuela	2016	Secano	69,0	69,0	0,0	0,0	0,0	0,0	0,0	0,0	0,0	0,0	0,0	0,0	69,0	0,0	0,0	0,0	0,0	0,0	0,0	0,0	0,0	0,0	0,0	0,0	0,0
44153	Monreal del Campo	2016	Regadío	0,0	0,0	0,0	0,0	0,0	0,0	0,0	0,0	0,0	0,0	0,0	0,0	0,0	0,0	0,0	0,0	0,0	0,0	0,0	0,0	0,0	0,0	0,0	0,0	0,0
44153	Monreal del Campo	2016	Secano	11,0	11,0	0,0	0,0	0,0	0,0	0,0	0,0	0,0	0,0	0,0	0,0	11,0	0,0	0,0	0,0	0,0	0,0	0,0	0,0	0,0	0,0	0,0	0,0	0,0
44154	Monroyo	2016	Regadío	1,0	1,0	0,0	0,0	0,0	0,0	1,0	0,0	0,0	0,0	0,0	0,0	0,0	0,0	0,0	0,0	0,0	0,0	0,0	0,0	0,0	0,0	0,0	0,0	0,0
44154	Monroyo	2016	Secano	199,0	144,0	0,0	0,0	0,0	0,0	3,0	0,0	0,0	0,0	0,0	0,0	141,0	0,0	0,0	0,0	0,0	37,0	0,0	37,0	0,0	18,0	18,0	0,0	0,0
44155	Montalbán	2016	Regadío	5,0	5,0	0,0	0,0	0,0	0,0	0,0	0,0	0,0	0,0	0,0	0,0	0,0	5,0	0,0	0,0	0,0	0,0	0,0	0,0	0,0	0,0	0,0	0,0	0,0
44155	Montalbán	2016	Secano	23,0	5,0	0,0	0,0	0,0	0,0	0,0	0,0	0,0	0,0	0,0	0,0	1,0	4,0	0,0	0,0	0,0	18,0	0,0	18,0	0,0	0,0	0,0	0,0	0,0
44156	Monteagudo del Castillo	2016	Regadío											0,0														
44156	Monteagudo del Castillo	2016	Secano											0,0														
44157	Monterde de Albarracín	2016	Regadío											0,0														
44157	Monterde de Albarracín	2016	Secano											0,0														
44158	Mora de Rubielos	2016	Regadío	2,0	2,0	0,0	0,0	0,0	0,0	1,0	0,0	0,0	0,0	0,0	0,0	1,0	0,0	0,0	0,0	0,0	0,0	0,0	0,0	0,0	0,0	0,0	0,0	0,0
44158	Mora de Rubielos	2016	Secano	55,0	55,0	0,0	0,0	0,0	0,0	10,0	0,0	0,0	0,0	0,0	0,0	44,0	1,0	0,0	0,0	0,0	0,0	0,0	0,0	0,0	0,0	0,0	0,0	0,0
44159	Moscardón	2016	Regadío											0,0														
44159	Moscardón	2016	Secano											0,0														
44160	Mosqueruela	2016	Regadío											0,0														
44160	Mosqueruela	2016	Secano											0,0														
44161	Muniesa	2016	Regadío	5,0	0,0	0,0	0,0	0,0	0,0	0,0	0,0	0,0	0,0	0,0	0,0	0,0	0,0	0,0	0,0	0,0	3,0	0,0	3,0	0,0	2,0	2,0	0,0	0,0
44161	Muniesa	2016	Secano	488,0	350,0	0,0	0,0	0,0	0,0	0,0	0,0	0,0	0,0	0,0	0,0	350,0	0,0	0,0	0,0	0,0	102,0	0,0	102,0	0,0	36,0	36,0	0,0	0,0
44163	Noguera de Albarracín	2016	Regadío											0,0														
44163	Noguera de Albarracín	2016	Secano											0,0														
44164	Nogueras	2016	Regadío	0,0	0,0	0,0	0,0	0,0	0,0	0,0	0,0	0,0	0,0	0,0	0,0	0,0	0,0	0,0	0,0	0,0	0,0	0,0	0,0	0,0	0,0	0,0	0,0	0,0
44164	Nogueras	2016	Secano	15,0	15,0	0,0	0,0	0,0	0,0	0,0	0,0	0,0	0,0	0,0	0,0	15,0	0,0	0,0	0,0	0,0	0,0	0,0	0,0	0,0	0,0	0,0	0,0	0,0
44165	Nogueruelas	2016	Regadío											0,0														
44165	Nogueruelas	2016	Secano											0,0														
44167	Obón	2016	Regadío	0,0	0,0	0,0	0,0	0,0	0,0	0,0	0,0	0,0	0,0	0,0	0,0	0,0	0,0	0,0	0,0	0,0	0,0	0,0	0,0	0,0	0,0	0,0	0,0	0,0
44167	Obón	2016	Secano	46,0	24,0	0,0	0,0	0,0	0,0	0,0	0,0	0,0	0,0	0,0	0,0	24,0	0,0	0,0	0,0	0,0	8,0	0,0	8,0	0,0	14,0	14,0	0,0	0,0
44168	Odón	2016	Regadío	0,0	0,0	0,0	0,0	0,0	0,0	0,0	0,0	0,0	0,0	0,0	0,0	0,0	0,0	0,0	0,0	0,0	0,0	0,0	0,0	0,0	0,0	0,0	0,0	0,0
44168	Odón	2016	Secano	6,0	6,0	0,0	0,0	0,0	0,0	0,0	0,0	0,0	0,0	0,0	0,0	6,0	0,0	0,0	0,0	0,0	0,0	0,0	0,0	0,0	0,0	0,0	0,0	0,0
44169	Ojos Negros	2016	Regadío	0,0	0,0	0,0	0,0	0,0	0,0	0,0	0,0	0,0	0,0	0,0	0,0	0,0	0,0	0,0	0,0	0,0	0,0	0,0	0,0	0,0	0,0	0,0	0,0	0,0
44169	Ojos Negros	2016	Secano	3,0	3,0	0,0	0,0	0,0	0,0	0,0	0,0	0,0	0,0	0,0	0,0	3,0	0,0	0,0	0,0	0,0	0,0	0,0	0,0	0,0	0,0	0,0	0,0	0,0
44171	Olba	2016	Regadío	1,0	1,0	0,0	0,0	0,0	0,0	1,0	0,0	0,0	0,0	0,0	0,0	0,0	0,0	0,0	0,0	0,0	0,0	0,0	0,0	0,0	0,0	0,0	0,0	0,0
44171	Olba	2016	Secano	2,0	2,0	0,0	0,0	0,0	0,0	0,0	0,0	0,0	0,0	0,0	0,0	2,0	0,0	0,0	0,0	0,0	0,0	0,0	0,0	0,0	0,0	0,0	0,0	0,0
44172	Oliete	2016	Regadío	28,0	3,0	0,0	0,0	0,0	0,0	1,0	0,0	0,0	0,0	0,0	0,0	1,0	1,0	0,0	0,0	0,0	0,0	0,0	0,0	0,0	25,0	25,0	0,0	0,0
44172	Oliete	2016	Secano	261,0	14,0	0,0	0,0	0,0	0,0	0,0	0,0	0,0	0,0	0,0	0,0	13,0	1,0	0,0	0,0	0,0	16,0	0,0	16,0	0,0	231,0	231,0	0,0	0,0
44173	Olmos (Los)	2016	Regadío	4,0	0,0	0,0	0,0	0,0	0,0	0,0	0,0	0,0	0,0	0,0	0,0	0,0	0,0	0,0	0,0	0,0	0,0	0,0	0,0	0,0	4,0	4,0	0,0	0,0
44173	Olmos (Los)	2016	Secano	369,0	220,0	0,0	0,0	0,0	0,0	0,0	0,0	0,0	0,0	0,0	0,0	220,0	0,0	0,0	0,0	0,0	5,0	0,0	5,0	0,0	144,0	144,0	0,0	0,0
44174	Orihuela del Tremedal	2016	Regadío											0,0														
44174	Orihuela del Tremedal	2016	Secano											0,0														
44175	Orrios	2016	Regadío											0,0														
44175	Orrios	2016	Secano											0,0														
44176	Palomar de Arroyos	2016	Regadío	0,0	0,0	0,0	0,0	0,0	0,0	0,0	0,0	0,0	0,0	0,0	0,0	0,0	0,0	0,0	0,0	0,0	0,0	0,0	0,0	0,0	0,0	0,0	0,0	0,0
44176	Palomar de Arroyos	2016	Secano	2,0	2,0	0,0	0,0	0,0	0,0	0,0	0,0	0,0	0,0	0,0	0,0	2,0	0,0	0,0	0,0	0,0	0,0	0,0	0,0	0,0	0,0	0,0	0,0	0,0
44177	Pancrudo	2016	Regadío											0,0														
44177	Pancrudo	2016	Secano											0,0														
44178	Parras de Castellote (Las)	2016	Regadío	2,0	0,0	0,0	0,0	0,0	0,0	0,0	0,0	0,0	0,0	0,0	0,0	0,0	0,0	0,0	0,0	0,0	0,0	0,0	0,0	0,0	2,0	2,0	0,0	0,0
44178	Parras de Castellote (Las)	2016	Secano	131,0	63,0	0,0	0,0	0,0	0,0	0,0	0,0	0,0	0,0	0,0	0,0	62,0	1,0	0,0	0,0	0,0	3,0	0,0	3,0	0,0	65,0	65,0	0,0	0,0
44179	Peñarroya de Tastavins	2016	Regadío	0,0	0,0	0,0	0,0	0,0	0,0	0,0	0,0	0,0	0,0	0,0	0,0	0,0	0,0	0,0	0,0	0,0	0,0	0,0	0,0	0,0	0,0	0,0	0,0	0,0
44179	Peñarroya de Tastavins	2016	Secano	186,0	103,0	0,0	0,0	0,0	0,0	0,0	0,0	0,0	0,0	0,0	0,0	103,0	0,0	0,0	0,0	0,0	10,0	0,0	10,0	0,0	73,0	73,0	0,0	0,0
44180	Peracense	2016	Regadío	0,0	0,0	0,0	0,0	0,0	0,0	0,0	0,0	0,0	0,0	0,0	0,0	0,0	0,0	0,0	0,0	0,0	0,0	0,0	0,0	0,0	0,0	0,0	0,0	0,0
44180	Peracense	2016	Secano	2,0	2,0	0,0	0,0	0,0	0,0	0,0	0,0	0,0	0,0	0,0	0,0	2,0	0,0	0,0	0,0	0,0	0,0	0,0	0,0	0,0	0,0	0,0	0,0	0,0
44181	Peralejos	2016	Regadío	2,0	2,0	0,0	0,0	0,0	0,0	0,0	0,0	0,0	0,0	0,0	0,0	0,0	2,0	0,0	0,0	0,0	0,0	0,0	0,0	0,0	0,0	0,0	0,0	0,0
44181	Peralejos	2016	Secano	3,0	3,0	0,0	0,0	0,0	0,0	0,0	0,0	0,0	0,0	0,0	0,0	3,0	0,0	0,0	0,0	0,0	0,0	0,0	0,0	0,0	0,0	0,0	0,0	0,0
44182	Perales del Alfambra	2016	Regadío											0,0														
44182	Perales del Alfambra	2016	Secano											0,0														
44183	Pitarque	2016	Regadío											0,0														
44183	Pitarque	2016	Secano											0,0														
44184	Plou	2016	Regadío	0,0	0,0	0,0	0,0	0,0	0,0	0,0	0,0	0,0	0,0	0,0	0,0	0,0	0,0	0,0	0,0	0,0	0,0	0,0	0,0	0,0	0,0	0,0	0,0	0,0
44184	Plou	2016	Secano	129,0	101,0	0,0	0,0	0,0	0,0	0,0	0,0	0,0	0,0	0,0	0,0	101,0	0,0	0,0	0,0	0,0	26,0	0,0	26,0	0,0	2,0	2,0	0,0	0,0
44185	Pobo (El)	2016	Regadío											0,0														
44185	Pobo (El)	2016	Secano											0,0														
44187	Portellada (La)	2016	Regadío	3,0	2,0	0,0	0,0	0,0	0,0	1,0	0,0	0,0	0,0	0,0	0,0	1,0	0,0	0,0	0,0	0,0	0,0	0,0	0,0	0,0	1,0	1,0	0,0	0,0
44187	Portellada (La)	2016	Secano	608,0	203,0	0,0	0,0	0,0	0,0	2,0	0,0	0,0	0,0	0,0	0,0	199,0	2,0	0,0	0,0	0,0	9,0	0,0	9,0	0,0	396,0	396,0	0,0	0,0
44189	Pozondón	2016	Regadío											0,0														
44189	Pozondón	2016	Secano											0,0														
44190	Pozuel del Campo	2016	Regadío	0,0	0,0	0,0	0,0	0,0	0,0	0,0	0,0	0,0	0,0	0,0	0,0	0,0	0,0	0,0	0,0	0,0	0,0	0,0	0,0	0,0	0,0	0,0	0,0	0,0
44190	Pozuel del Campo	2016	Secano	8,0	8,0	0,0	0,0	0,0	0,0	0,0	0,0	0,0	0,0	0,0	0,0	8,0	0,0	0,0	0,0	0,0	0,0	0,0	0,0	0,0	0,0	0,0	0,0	0,0
44191	Puebla de Híjar (La)	2016	Regadío	110,0	13,0	0,0	0,0	0,0	0,0	0,0	1,0	0,0	0,0	0,0	0,0	12,0	0,0	0,0	0,0	0,0	0,0	0,0	0,0	0,0	97,0	97,0	0,0	0,0
44191	Puebla de Híjar (La)	2016	Secano	30,0	20,0	0,0	0,0	0,0	0,0	1,0	0,0	0,0	0,0	0,0	0,0	19,0	0,0	0,0	0,0	0,0	0,0	0,0	0,0	0,0	10,0	10,0	0,0	0,0
44192	Puebla de Valverde (La)	2016	Regadío	2,0	2,0	0,0	0,0	0,0	0,0	0,0	0,0	0,0	0,0	0,0	0,0	2,0	0,0	0,0	0,0	0,0	0,0	0,0	0,0	0,0	0,0	0,0	0,0	0,0
44192	Puebla de Valverde (La)	2016	Secano	41,0	41,0	0,0	0,0	0,0	0,0	6,0	0,0	0,0	0,0	0,0	0,0	35,0	0,0	0,0	0,0	0,0	0,0	0,0	0,0	0,0	0,0	0,0	0,0	0,0
44193	Puertomingalvo	2016	Regadío											0,0														
44193	Puertomingalvo	2016	Secano											0,0														
44194	Ráfales	2016	Regadío	20,0	1,0	0,0	0,0	0,0	0,0	0,0	0,0	0,0	0,0	0,0	0,0	1,0	0,0	0,0	0,0	0,0	0,0	0,0	0,0	0,0	19,0	19,0	0,0	0,0
44194	Ráfales	2016	Secano	468,0	261,0	0,0	0,0	0,0	0,0	1,0	0,0	0,0	0,0	0,0	0,0	260,0	0,0	0,0	0,0	0,0	29,0	0,0	29,0	0,0	178,0	178,0	0,0	0,0
44195	Rillo	2016	Regadío											0,0														
44195	Rillo	2016	Secano											0,0														
44196	Riodeva	2016	Regadío	0,0	0,0	0,0	0,0	0,0	0,0	0,0	0,0	0,0	0,0	0,0	0,0	0,0	0,0	0,0	0,0	0,0	0,0	0,0	0,0	0,0	0,0	0,0	0,0	0,0
44196	Riodeva	2016	Secano	47,0	43,0	0,0	0,0	0,0	0,0	0,0	0,0	0,0	0,0	0,0	0,0	43,0	0,0	0,0	0,0	0,0	4,0	0,0	4,0	0,0	0,0	0,0	0,0	0,0
44197	Ródenas	2016	Regadío											0,0														
44197	Ródenas	2016	Secano											0,0														
44198	Royuela	2016	Regadío											0,0														
44198	Royuela	2016	Secano											0,0														
44199	Rubiales	2016	Regadío											0,0														
44199	Rubiales	2016	Secano											0,0														
44200	Rubielos de la Cérida	2016	Regadío											0,0														
44200	Rubielos de la Cérida	2016	Secano											0,0														
44201	Rubielos de Mora	2016	Regadío	3,0	2,0	0,0	0,0	0,0	0,0	0,0	0,0	0,0	0,0	0,0	0,0	2,0	0,0	0,0	0,0	0,0	1,0	0,0	1,0	0,0	0,0	0,0	0,0	0,0
44201	Rubielos de Mora	2016	Secano	12,0	12,0	0,0	0,0	0,0	0,0	3,0	0,0	0,0	0,0	0,0	0,0	9,0	0,0	0,0	0,0	0,0	0,0	0,0	0,0	0,0	0,0	0,0	0,0	0,0
44203	Salcedillo	2016	Regadío											0,0														
44203	Salcedillo	2016	Secano											0,0														
44204	Saldón	2016	Regadío											0,0														
44204	Saldón	2016	Secano											0,0														
44205	Samper de Calanda	2016	Regadío	97,0	0,0	0,0	0,0	0,0	0,0	0,0	0,0	0,0	0,0	0,0	0,0	0,0	0,0	0,0	0,0	0,0	8,0	0,0	8,0	0,0	89,0	89,0	0,0	0,0
44205	Samper de Calanda	2016	Secano	337,0	103,0	0,0	0,0	0,0	0,0	0,0	0,0	0,0	0,0	0,0	0,0	103,0	0,0	0,0	0,0	0,0	61,0	0,0	61,0	0,0	173,0	173,0	0,0	0,0
44206	San Agustín	2016	Regadío	0,0	0,0	0,0	0,0	0,0	0,0	0,0	0,0	0,0	0,0	0,0	0,0	0,0	0,0	0,0	0,0	0,0	0,0	0,0	0,0	0,0	0,0	0,0	0,0	0,0
44206	San Agustín	2016	Secano	48,0	47,0	0,0	0,0	0,0	0,0	4,0	0,0	0,0	0,0	0,0	0,0	43,0	0,0	0,0	0,0	0,0	1,0	0,0	1,0	0,0	0,0	0,0	0,0	0,0
44207	San Martín del Río	2016	Regadío	1,0	1,0	1,0	0,0	0,0	0,0	0,0	0,0	0,0	0,0	0,0	0,0	0,0	0,0	0,0	0,0	0,0	0,0	0,0	0,0	0,0	0,0	0,0	0,0	0,0
44207	San Martín del Río	2016	Secano	173,0	58,0	0,0	0,0	0,0	0,0	12,0	0,0	0,0	0,0	0,0	0,0	46,0	0,0	0,0	0,0	0,0	115,0	0,0	115,0	0,0	0,0	0,0	0,0	0,0
44208	Santa Cruz de Nogueras	2016	Regadío	0,0	0,0	0,0	0,0	0,0	0,0	0,0	0,0	0,0	0,0	0,0	0,0	0,0	0,0	0,0	0,0	0,0	0,0	0,0	0,0	0,0	0,0	0,0	0,0	0,0
44208	Santa Cruz de Nogueras	2016	Secano	22,0	22,0	0,0	0,0	0,0	0,0	0,0	0,0	0,0	0,0	0,0	0,0	22,0	0,0	0,0	0,0	0,0	0,0	0,0	0,0	0,0	0,0	0,0	0,0	0,0
44209	Santa Eulalia	2016	Regadío	0,0	0,0	0,0	0,0	0,0	0,0	0,0	0,0	0,0	0,0	0,0	0,0	0,0	0,0	0,0	0,0	0,0	0,0	0,0	0,0	0,0	0,0	0,0	0,0	0,0
44209	Santa Eulalia	2016	Secano	11,0	11,0	0,0	0,0	0,0	0,0	0,0	0,0	0,0	0,0	0,0	0,0	11,0	0,0	0,0	0,0	0,0	0,0	0,0	0,0	0,0	0,0	0,0	0,0	0,0
44210	Sarrión	2016	Regadío	0,0	0,0	0,0	0,0	0,0	0,0	0,0	0,0	0,0	0,0	0,0	0,0	0,0	0,0	0,0	0,0	0,0	0,0	0,0	0,0	0,0	0,0	0,0	0,0	0,0
44210	Sarrión	2016	Secano	142,0	140,0	0,0	0,0	0,0	0,0	4,0	0,0	0,0	0,0	0,0	0,0	136,0	0,0	0,0	0,0	0,0	2,0	0,0	2,0	0,0	0,0	0,0	0,0	0,0
44211	Segura de los Baños	2016	Regadío	0,0	0,0	0,0	0,0	0,0	0,0	0,0	0,0	0,0	0,0	0,0	0,0	0,0	0,0	0,0	0,0	0,0	0,0	0,0	0,0	0,0	0,0	0,0	0,0	0,0
44211	Segura de los Baños	2016	Secano	3,0	3,0	0,0	0,0	0,0	0,0	0,0	0,0	0,0	0,0	0,0	0,0	3,0	0,0	0,0	0,0	0,0	0,0	0,0	0,0	0,0	0,0	0,0	0,0	0,0
44212	Seno	2016	Regadío	7,0	0,0	0,0	0,0	0,0	0,0	0,0	0,0	0,0	0,0	0,0	0,0	0,0	0,0	0,0	0,0	0,0	0,0	0,0	0,0	0,0	7,0	7,0	0,0	0,0
44212	Seno	2016	Secano	38,0	26,0	0,0	0,0	0,0	0,0	0,0	0,0	0,0	0,0	0,0	0,0	26,0	0,0	0,0	0,0	0,0	1,0	0,0	1,0	0,0	11,0	11,0	0,0	0,0
44213	Singra	2016	Regadío											0,0														
44213	Singra	2016	Secano											0,0														
44215	Terriente	2016	Regadío											0,0														
44215	Terriente	2016	Secano											0,0														
44216	Teruel	2016	Regadío	2,0	2,0	0,0	0,0	0,0	0,0	2,0	0,0	0,0	0,0	0,0	0,0	0,0	0,0	0,0	0,0	0,0	0,0	0,0	0,0	0,0	0,0	0,0	0,0	0,0
44216	Teruel	2016	Secano	43,0	43,0	1,0	0,0	0,0	0,0	0,0	0,0	0,0	0,0	0,0	0,0	40,0	2,0	0,0	0,0	0,0	0,0	0,0	0,0	0,0	0,0	0,0	0,0	0,0
44217	Toril y Masegoso	2016	Regadío											0,0														
44217	Toril y Masegoso	2016	Secano											0,0														
44218	Tormón	2016	Regadío											0,0														
44218	Tormón	2016	Secano											0,0														
44219	Tornos	2016	Regadío	0,0	0,0	0,0	0,0	0,0	0,0	0,0	0,0	0,0	0,0	0,0	0,0	0,0	0,0	0,0	0,0	0,0	0,0	0,0	0,0	0,0	0,0	0,0	0,0	0,0
44219	Tornos	2016	Secano	2,0	2,0	0,0	0,0	0,0	0,0	0,0	0,0	0,0	0,0	0,0	0,0	2,0	0,0	0,0	0,0	0,0	0,0	0,0	0,0	0,0	0,0	0,0	0,0	0,0
44220	Torralba de los Sisones	2016	Regadío											0,0														
44220	Torralba de los Sisones	2016	Secano											0,0														
44221	Torrecilla de Alcañiz	2016	Regadío	30,0	0,0	0,0	0,0	0,0	0,0	0,0	0,0	0,0	0,0	0,0	0,0	0,0	0,0	0,0	0,0	0,0	0,0	0,0	0,0	0,0	30,0	30,0	0,0	0,0
44221	Torrecilla de Alcañiz	2016	Secano	936,0	392,0	0,0	0,0	0,0	0,0	0,0	0,0	0,0	0,0	0,0	0,0	392,0	0,0	0,0	0,0	0,0	12,0	0,0	12,0	0,0	532,0	532,0	0,0	0,0
44222	Torrecilla del Rebollar	2016	Regadío											0,0														
44222	Torrecilla del Rebollar	2016	Secano											0,0														
44223	Torre de Arcas	2016	Regadío	0,0	0,0	0,0	0,0	0,0	0,0	0,0	0,0	0,0	0,0	0,0	0,0	0,0	0,0	0,0	0,0	0,0	0,0	0,0	0,0	0,0	0,0	0,0	0,0	0,0
44223	Torre de Arcas	2016	Secano	48,0	42,0	0,0	0,0	0,0	0,0	0,0	0,0	0,0	0,0	0,0	0,0	42,0	0,0	0,0	0,0	0,0	6,0	0,0	6,0	0,0	0,0	0,0	0,0	0,0
44224	Torre de las Arcas	2016	Regadío	0,0	0,0	0,0	0,0	0,0	0,0	0,0	0,0	0,0	0,0	0,0	0,0	0,0	0,0	0,0	0,0	0,0	0,0	0,0	0,0	0,0	0,0	0,0	0,0	0,0
44224	Torre de las Arcas	2016	Secano	2,0	0,0	0,0	0,0	0,0	0,0	0,0	0,0	0,0	0,0	0,0	0,0	0,0	0,0	0,0	0,0	0,0	2,0	0,0	2,0	0,0	0,0	0,0	0,0	0,0
44225	Torre del Compte	2016	Regadío	53,0	9,0	0,0	0,0	0,0	0,0	3,0	3,0	0,0	0,0	0,0	0,0	3,0	0,0	0,0	0,0	0,0	0,0	0,0	0,0	0,0	44,0	44,0	0,0	0,0
44225	Torre del Compte	2016	Secano	626,0	335,0	0,0	0,0	0,0	0,0	1,0	0,0	0,0	0,0	0,0	0,0	332,0	0,0	2,0	0,0	0,0	7,0	0,0	7,0	0,0	284,0	284,0	0,0	0,0
44226	Torrelacárcel	2016	Regadío	0,0	0,0	0,0	0,0	0,0	0,0	0,0	0,0	0,0	0,0	0,0	0,0	0,0	0,0	0,0	0,0	0,0	0,0	0,0	0,0	0,0	0,0	0,0	0,0	0,0
44226	Torrelacárcel	2016	Secano	5,0	5,0	0,0	0,0	0,0	0,0	0,0	0,0	0,0	0,0	0,0	0,0	5,0	0,0	0,0	0,0	0,0	0,0	0,0	0,0	0,0	0,0	0,0	0,0	0,0
44227	Torre los Negros	2016	Regadío	0,0	0,0	0,0	0,0	0,0	0,0	0,0	0,0	0,0	0,0	0,0	0,0	0,0	0,0	0,0	0,0	0,0	0,0	0,0	0,0	0,0	0,0	0,0	0,0	0,0
44227	Torre los Negros	2016	Secano	2,0	2,0	0,0	0,0	0,0	0,0	0,0	0,0	0,0	0,0	0,0	0,0	2,0	0,0	0,0	0,0	0,0	0,0	0,0	0,0	0,0	0,0	0,0	0,0	0,0
44228	Torremocha de Jiloca	2016	Regadío	0,0	0,0	0,0	0,0	0,0	0,0	0,0	0,0	0,0	0,0	0,0	0,0	0,0	0,0	0,0	0,0	0,0	0,0	0,0	0,0	0,0	0,0	0,0	0,0	0,0
44228	Torremocha de Jiloca	2016	Secano	2,0	2,0	0,0	0,0	0,0	0,0	0,0	0,0	0,0	0,0	0,0	0,0	2,0	0,0	0,0	0,0	0,0	0,0	0,0	0,0	0,0	0,0	0,0	0,0	0,0
44229	Torres de Albarracín	2016	Regadío											0,0														
44229	Torres de Albarracín	2016	Secano											0,0														
44230	Torrevelilla	2016	Regadío	0,0	0,0	0,0	0,0	0,0	0,0	0,0	0,0	0,0	0,0	0,0	0,0	0,0	0,0	0,0	0,0	0,0	0,0	0,0	0,0	0,0	0,0	0,0	0,0	0,0
44230	Torrevelilla	2016	Secano	798,0	353,0	0,0	0,0	0,0	0,0	0,0	0,0	0,0	0,0	0,0	0,0	353,0	0,0	0,0	0,0	0,0	5,0	0,0	5,0	0,0	440,0	440,0	0,0	0,0
44231	Torrijas	2016	Regadío											0,0														
44231	Torrijas	2016	Secano											0,0														
44232	Torrijo del Campo	2016	Regadío	0,0	0,0	0,0	0,0	0,0	0,0	0,0	0,0	0,0	0,0	0,0	0,0	0,0	0,0	0,0	0,0	0,0	0,0	0,0	0,0	0,0	0,0	0,0	0,0	0,0
44232	Torrijo del Campo	2016	Secano	1,0	1,0	0,0	0,0	0,0	0,0	0,0	0,0	0,0	0,0	0,0	0,0	1,0	0,0	0,0	0,0	0,0	0,0	0,0	0,0	0,0	0,0	0,0	0,0	0,0
44234	Tramacastiel	2016	Regadío	2,0	2,0	0,0	0,0	0,0	0,0	0,0	0,0	0,0	0,0	0,0	0,0	2,0	0,0	0,0	0,0	0,0	0,0	0,0	0,0	0,0	0,0	0,0	0,0	0,0
44234	Tramacastiel	2016	Secano	46,0	46,0	0,0	0,0	0,0	0,0	0,0	0,0	0,0	0,0	0,0	0,0	46,0	0,0	0,0	0,0	0,0	0,0	0,0	0,0	0,0	0,0	0,0	0,0	0,0
44235	Tramacastilla	2016	Regadío											0,0														
44235	Tramacastilla	2016	Secano											0,0														
44236	Tronchón	2016	Regadío											0,0														
44236	Tronchón	2016	Secano											0,0														
44237	Urrea de Gaén	2016	Regadío	55,0	43,0	0,0	2,0	0,0	0,0	0,0	34,0	2,0	0,0	0,0	0,0	5,0	0,0	0,0	0,0	0,0	0,0	0,0	0,0	0,0	12,0	12,0	0,0	0,0
44237	Urrea de Gaén	2016	Secano	181,0	76,0	0,0	0,0	0,0	0,0	0,0	0,0	0,0	0,0	0,0	0,0	76,0	0,0	0,0	0,0	0,0	2,0	0,0	2,0	0,0	103,0	103,0	0,0	0,0
44238	Utrillas	2016	Regadío											0,0														
44238	Utrillas	2016	Secano											0,0														
44239	Valacloche	2016	Regadío	1,0	1,0	0,0	0,0	0,0	0,0	0,0	0,0	0,0	0,0	0,0	0,0	0,0	1,0	0,0	0,0	0,0	0,0	0,0	0,0	0,0	0,0	0,0	0,0	0,0
44239	Valacloche	2016	Secano	0,0	0,0	0,0	0,0	0,0	0,0	0,0	0,0	0,0	0,0	0,0	0,0	0,0	0,0	0,0	0,0	0,0	0,0	0,0	0,0	0,0	0,0	0,0	0,0	0,0
44240	Valbona	2016	Regadío	9,0	9,0	0,0	0,0	0,0	0,0	4,0	0,0	0,0	0,0	0,0	0,0	5,0	0,0	0,0	0,0	0,0	0,0	0,0	0,0	0,0	0,0	0,0	0,0	0,0
44240	Valbona	2016	Secano	11,0	11,0	0,0	0,0	0,0	0,0	2,0	0,0	0,0	0,0	0,0	0,0	9,0	0,0	0,0	0,0	0,0	0,0	0,0	0,0	0,0	0,0	0,0	0,0	0,0
44241	Valdealgorfa	2016	Regadío	0,0	0,0	0,0	0,0	0,0	0,0	0,0	0,0	0,0	0,0	0,0	0,0	0,0	0,0	0,0	0,0	0,0	0,0	0,0	0,0	0,0	0,0	0,0	0,0	0,0
44241	Valdealgorfa	2016	Secano	2395,0	1267,0	0,0	0,0	0,0	0,0	0,0	0,0	0,0	0,0	0,0	0,0	1266,0	1,0	0,0	0,0	0,0	8,0	0,0	8,0	0,0	1120,0	1120,0	0,0	0,0
44243	Valdecuenca	2016	Regadío											0,0														
44243	Valdecuenca	2016	Secano											0,0														
44244	Valdelinares	2016	Regadío											0,0														
44244	Valdelinares	2016	Secano											0,0														
44245	Valdeltormo	2016	Regadío	29,0	20,0	0,0	0,0	0,0	0,0	2,0	5,0	0,0	0,0	0,0	0,0	13,0	0,0	0,0	0,0	0,0	0,0	0,0	0,0	0,0	9,0	9,0	0,0	0,0
44245	Valdeltormo	2016	Secano	547,0	277,0	0,0	0,0	0,0	0,0	1,0	0,0	0,0	0,0	0,0	0,0	276,0	0,0	0,0	0,0	0,0	2,0	0,0	2,0	0,0	268,0	268,0	0,0	0,0
44246	Valderrobres	2016	Regadío	43,0	13,0	0,0	0,0	0,0	1,0	1,0	4,0	0,0	0,0	0,0	0,0	6,0	0,0	1,0	0,0	0,0	1,0	0,0	1,0	0,0	29,0	29,0	0,0	0,0
44246	Valderrobres	2016	Secano	2040,0	1136,0	0,0	0,0	0,0	0,0	2,0	1,0	0,0	0,0	0,0	0,0	1131,0	2,0	0,0	0,0	0,0	113,0	0,0	113,0	0,0	791,0	791,0	0,0	0,0
44247	Valjunquera	2016	Regadío	0,0	0,0	0,0	0,0	0,0	0,0	0,0	0,0	0,0	0,0	0,0	0,0	0,0	0,0	0,0	0,0	0,0	0,0	0,0	0,0	0,0	0,0	0,0	0,0	0,0
44247	Valjunquera	2016	Secano	1929,0	932,0	0,0	0,0	0,0	0,0	2,0	0,0	0,0	0,0	0,0	0,0	930,0	0,0	0,0	0,0	0,0	6,0	0,0	6,0	0,0	991,0	991,0	0,0	0,0
44249	Vallecillo (El)	2016	Regadío											0,0														
44249	Vallecillo (El)	2016	Secano											0,0														
44250	Veguillas de la Sierra	2016	Regadío											0,0														
44250	Veguillas de la Sierra	2016	Secano											0,0														
44251	Villafranca del Campo	2016	Regadío	0,0	0,0	0,0	0,0	0,0	0,0	0,0	0,0	0,0	0,0	0,0	0,0	0,0	0,0	0,0	0,0	0,0	0,0	0,0	0,0	0,0	0,0	0,0	0,0	0,0
44251	Villafranca del Campo	2016	Secano	10,0	9,0	0,0	0,0	0,0	0,0	0,0	0,0	0,0	0,0	0,0	0,0	9,0	0,0	0,0	0,0	0,0	1,0	0,0	1,0	0,0	0,0	0,0	0,0	0,0
44252	Villahermosa del Campo	2016	Regadío	0,0	0,0	0,0	0,0	0,0	0,0	0,0	0,0	0,0	0,0	0,0	0,0	0,0	0,0	0,0	0,0	0,0	0,0	0,0	0,0	0,0	0,0	0,0	0,0	0,0
44252	Villahermosa del Campo	2016	Secano	10,0	10,0	0,0	0,0	0,0	0,0	0,0	0,0	0,0	0,0	0,0	0,0	10,0	0,0	0,0	0,0	0,0	0,0	0,0	0,0	0,0	0,0	0,0	0,0	0,0
44256	Villanueva del Rebollar de la Sierra	2016	Regadío											0,0														
44256	Villanueva del Rebollar de la Sierra	2016	Secano											0,0														
44257	Villar del Cobo	2016	Regadío											0,0														
44257	Villar del Cobo	2016	Secano											0,0														
44258	Villar del Salz	2016	Regadío											0,0														
44258	Villar del Salz	2016	Secano											0,0														
44260	Villarluengo	2016	Regadío											0,0														
44260	Villarluengo	2016	Secano											0,0														
44261	Villarquemado	2016	Regadío	34,0	34,0	34,0	0,0	0,0	0,0	0,0	0,0	0,0	0,0	0,0	0,0	0,0	0,0	0,0	0,0	0,0	0,0	0,0	0,0	0,0	0,0	0,0	0,0	0,0
44261	Villarquemado	2016	Secano	13,0	13,0	11,0	0,0	0,0	0,0	0,0	0,0	0,0	0,0	0,0	0,0	2,0	0,0	0,0	0,0	0,0	0,0	0,0	0,0	0,0	0,0	0,0	0,0	0,0
44262	Villarroya de los Pinares	2016	Regadío											0,0														
44262	Villarroya de los Pinares	2016	Secano											0,0														
44263	Villastar	2016	Regadío	0,0	0,0	0,0	0,0	0,0	0,0	0,0	0,0	0,0	0,0	0,0	0,0	0,0	0,0	0,0	0,0	0,0	0,0	0,0	0,0	0,0	0,0	0,0	0,0	0,0
44263	Villastar	2016	Secano	14,0	5,0	0,0	0,0	0,0	0,0	0,0	0,0	0,0	0,0	0,0	0,0	5,0	0,0	0,0	0,0	0,0	9,0	0,0	9,0	0,0	0,0	0,0	0,0	0,0
44264	Villel	2016	Regadío	4,0	3,0	0,0	0,0	0,0	0,0	0,0	0,0	0,0	0,0	0,0	0,0	1,0	2,0	0,0	0,0	0,0	1,0	0,0	1,0	0,0	0,0	0,0	0,0	0,0
44264	Villel	2016	Secano	108,0	106,0	0,0	0,0	0,0	0,0	0,0	0,0	0,0	0,0	0,0	0,0	102,0	4,0	0,0	0,0	0,0	2,0	0,0	2,0	0,0	0,0	0,0	0,0	0,0
44265	Vinaceite	2016	Regadío	20,0	0,0	0,0	0,0	0,0	0,0	0,0	0,0	0,0	0,0	0,0	0,0	0,0	0,0	0,0	0,0	0,0	0,0	0,0	0,0	0,0	20,0	20,0	0,0	0,0
44265	Vinaceite	2016	Secano	28,0	6,0	0,0	0,0	0,0	0,0	0,0	0,0	0,0	0,0	0,0	0,0	6,0	0,0	0,0	0,0	0,0	4,0	0,0	4,0	0,0	18,0	18,0	0,0	0,0
44266	Visiedo	2016	Regadío											0,0														
44266	Visiedo	2016	Secano											0,0														
44267	Vivel del Río Martín	2016	Regadío	0,0	0,0	0,0	0,0	0,0	0,0	0,0	0,0	0,0	0,0	0,0	0,0	0,0	0,0	0,0	0,0	0,0	0,0	0,0	0,0	0,0	0,0	0,0	0,0	0,0
44267	Vivel del Río Martín	2016	Secano	9,0	9,0	0,0	0,0	0,0	0,0	0,0	0,0	0,0	0,0	0,0	0,0	9,0	0,0	0,0	0,0	0,0	0,0	0,0	0,0	0,0	0,0	0,0	0,0	0,0
44268	Zoma (La)	2016	Regadío											0,0														
44268	Zoma (La)	2016	Secano											0,0														
50001	Abanto	2016	Regadío	0,0	0,0	0,0	0,0	0,0	0,0	0,0	0,0	0,0	0,0	0,0	0,0	0,0	0,0	0,0	0,0	0,0	0,0	0,0	0,0	0,0	0,0	0,0	0,0	0,0
50001	Abanto	2016	Secano	31,0	11,0	0,0	0,0	0,0	0,0	2,0	0,0	0,0	0,0	0,0	0,0	9,0	0,0	0,0	0,0	0,0	20,0	0,0	20,0	0,0	0,0	0,0	0,0	0,0
50002	Acered	2016	Regadío	1,0	0,0	0,0	0,0	0,0	0,0	0,0	0,0	0,0	0,0	0,0	0,0	0,0	0,0	0,0	0,0	0,0	1,0	0,0	1,0	0,0	0,0	0,0	0,0	0,0
50002	Acered	2016	Secano	800,0	597,0	0,0	0,0	0,0	1,0	112,0	0,0	4,0	0,0	0,0	0,0	480,0	0,0	0,0	0,0	0,0	202,0	0,0	202,0	0,0	1,0	1,0	0,0	0,0
50003	Agón	2016	Regadío	191,0	52,0	0,0	0,0	0,0	0,0	0,0	0,0	0,0	0,0	0,0	0,0	52,0	0,0	0,0	0,0	0,0	113,0	0,0	113,0	0,0	26,0	26,0	0,0	0,0
50003	Agón	2016	Secano	188,0	37,0	0,0	0,0	0,0	0,0	0,0	0,0	0,0	0,0	0,0	0,0	37,0	0,0	0,0	0,0	0,0	116,0	0,0	116,0	0,0	35,0	35,0	0,0	0,0
50004	Aguarón	2016	Regadío	204,0	3,0	0,0	0,0	0,0	2,0	0,0	0,0	0,0	0,0	0,0	0,0	1,0	0,0	0,0	0,0	0,0	195,0	0,0	195,0	0,0	6,0	6,0	0,0	0,0
50004	Aguarón	2016	Secano	1069,0	61,0	0,0	0,0	0,0	0,0	3,0	0,0	0,0	0,0	0,0	0,0	58,0	0,0	0,0	0,0	0,0	986,0	0,0	986,0	0,0	22,0	22,0	0,0	0,0
50005	Aguilón	2016	Regadío	11,0	11,0	0,0	0,0	0,0	0,0	0,0	0,0	0,0	0,0	0,0	0,0	11,0	0,0	0,0	0,0	0,0	0,0	0,0	0,0	0,0	0,0	0,0	0,0	0,0
50005	Aguilón	2016	Secano	162,0	145,0	0,0	0,0	0,0	0,0	0,0	0,0	0,0	0,0	0,0	0,0	145,0	0,0	0,0	0,0	0,0	13,0	0,0	13,0	0,0	4,0	4,0	0,0	0,0
50006	Ainzón	2016	Regadío	399,0	162,0	0,0	0,0	0,0	0,0	0,0	0,0	0,0	0,0	0,0	0,0	161,0	0,0	0,0	0,0	1,0	205,0	0,0	205,0	0,0	32,0	32,0	0,0	0,0
50006	Ainzón	2016	Secano	1415,0	759,0	0,0	0,0	0,0	0,0	0,0	0,0	0,0	0,0	0,0	0,0	758,0	0,0	0,0	0,0	1,0	634,0	0,0	634,0	0,0	22,0	22,0	0,0	0,0
50007	Aladrén	2016	Regadío	3,0	0,0	0,0	0,0	0,0	0,0	0,0	0,0	0,0	0,0	0,0	0,0	0,0	0,0	0,0	0,0	0,0	3,0	0,0	3,0	0,0	0,0	0,0	0,0	0,0
50007	Aladrén	2016	Secano	132,0	49,0	0,0	0,0	0,0	0,0	0,0	2,0	0,0	0,0	0,0	0,0	46,0	0,0	0,0	0,0	1,0	82,0	0,0	82,0	0,0	1,0	1,0	0,0	0,0
50008	Alagón	2016	Regadío	27,0	26,0	9,0	12,0	0,0	2,0	0,0	3,0	0,0	0,0	0,0	0,0	0,0	0,0	0,0	0,0	0,0	0,0	0,0	0,0	0,0	1,0	1,0	0,0	0,0
50008	Alagón	2016	Secano	1,0	0,0	0,0	0,0	0,0	0,0	0,0	0,0	0,0	0,0	0,0	0,0	0,0	0,0	0,0	0,0	0,0	0,0	0,0	0,0	0,0	1,0	1,0	0,0	0,0
50009	Alarba	2016	Regadío	57,0	57,0	0,0	0,0	0,0	4,0	44,0	0,0	2,0	0,0	0,0	0,0	7,0	0,0	0,0	0,0	0,0	0,0	0,0	0,0	0,0	0,0	0,0	0,0	0,0
50009	Alarba	2016	Secano	681,0	558,0	0,0	0,0	0,0	0,0	145,0	0,0	3,0	0,0	0,0	0,0	410,0	0,0	0,0	0,0	0,0	123,0	0,0	123,0	0,0	0,0	0,0	0,0	0,0
50010	Alberite de San Juan	2016	Regadío	124,0	15,0	0,0	0,0	0,0	0,0	0,0	0,0	0,0	0,0	0,0	0,0	15,0	0,0	0,0	0,0	0,0	80,0	0,0	80,0	0,0	29,0	29,0	0,0	0,0
50010	Alberite de San Juan	2016	Secano	142,0	115,0	0,0	0,0	0,0	0,0	0,0	0,0	0,0	0,0	0,0	0,0	114,0	0,0	0,0	0,0	1,0	24,0	0,0	24,0	0,0	3,0	3,0	0,0	0,0
50011	Albeta	2016	Regadío	36,0	10,0	0,0	0,0	0,0	0,0	0,0	0,0	0,0	0,0	0,0	0,0	10,0	0,0	0,0	0,0	0,0	14,0	0,0	14,0	0,0	12,0	12,0	0,0	0,0
50011	Albeta	2016	Secano	27,0	25,0	0,0	0,0	0,0	0,0	0,0	0,0	0,0	0,0	0,0	0,0	25,0	0,0	0,0	0,0	0,0	2,0	0,0	2,0	0,0	0,0	0,0	0,0	0,0
50012	Alborge	2016	Regadío	48,0	4,0	0,0	0,0	0,0	0,0	0,0	0,0	0,0	0,0	0,0	0,0	4,0	0,0	0,0	0,0	0,0	0,0	0,0	0,0	0,0	44,0	44,0	0,0	0,0
50012	Alborge	2016	Secano	2,0	0,0	0,0	0,0	0,0	0,0	0,0	0,0	0,0	0,0	0,0	0,0	0,0	0,0	0,0	0,0	0,0	0,0	0,0	0,0	0,0	2,0	2,0	0,0	0,0
50013	Alcalá de Ebro	2016	Regadío	3,0	3,0	0,0	0,0	0,0	0,0	0,0	0,0	0,0	0,0	0,0	0,0	2,0	1,0	0,0	0,0	0,0	0,0	0,0	0,0	0,0	0,0	0,0	0,0	0,0
50013	Alcalá de Ebro	2016	Secano	0,0	0,0	0,0	0,0	0,0	0,0	0,0	0,0	0,0	0,0	0,0	0,0	0,0	0,0	0,0	0,0	0,0	0,0	0,0	0,0	0,0	0,0	0,0	0,0	0,0
50014	Alcalá de Moncayo	2016	Regadío	28,0	13,0	0,0	0,0	0,0	0,0	0,0	0,0	0,0	0,0	0,0	0,0	13,0	0,0	0,0	0,0	0,0	0,0	0,0	0,0	0,0	15,0	15,0	0,0	0,0
50014	Alcalá de Moncayo	2016	Secano	91,0	87,0	0,0	0,0	0,0	0,0	0,0	0,0	0,0	0,0	0,0	0,0	87,0	0,0	0,0	0,0	0,0	3,0	0,0	3,0	0,0	1,0	1,0	0,0	0,0
50015	Alconchel de Ariza	2016	Regadío											0,0														
50015	Alconchel de Ariza	2016	Secano											0,0														
50016	Aldehuela de Liestos	2016	Regadío											0,0														
50016	Aldehuela de Liestos	2016	Secano											0,0														
50017	Alfajarín	2016	Regadío	4,0	4,0	0,0	2,0	0,0	0,0	0,0	0,0	0,0	2,0	0,0	0,0	0,0	0,0	0,0	0,0	0,0	0,0	0,0	0,0	0,0	0,0	0,0	0,0	0,0
50017	Alfajarín	2016	Secano	36,0	34,0	0,0	0,0	0,0	0,0	0,0	0,0	0,0	0,0	0,0	0,0	34,0	0,0	0,0	0,0	0,0	0,0	0,0	0,0	0,0	2,0	2,0	0,0	0,0
50018	Alfamén	2016	Regadío	1918,0	803,0	82,0	74,0	0,0	35,0	198,0	262,0	5,0	0,0	0,0	0,0	79,0	1,0	0,0	65,0	2,0	979,0	10,0	969,0	0,0	121,0	121,0	0,0	15,0
50018	Alfamén	2016	Secano	718,0	130,0	2,0	0,0	0,0	4,0	37,0	12,0	0,0	0,0	0,0	0,0	75,0	0,0	0,0	0,0	0,0	562,0	1,0	561,0	0,0	26,0	26,0	0,0	0,0
50019	Alforque	2016	Regadío	0,0	0,0	0,0	0,0	0,0	0,0	0,0	0,0	0,0	0,0	0,0	0,0	0,0	0,0	0,0	0,0	0,0	0,0	0,0	0,0	0,0	0,0	0,0	0,0	0,0
50019	Alforque	2016	Secano	3,0	0,0	0,0	0,0	0,0	0,0	0,0	0,0	0,0	0,0	0,0	0,0	0,0	0,0	0,0	0,0	0,0	3,0	0,0	3,0	0,0	0,0	0,0	0,0	0,0
50020	Alhama de Aragón	2016	Regadío	13,0	3,0	0,0	3,0	0,0	0,0	0,0	0,0	0,0	0,0	0,0	0,0	0,0	0,0	0,0	0,0	0,0	10,0	0,0	10,0	0,0	0,0	0,0	0,0	0,0
50020	Alhama de Aragón	2016	Secano	73,0	35,0	0,0	0,0	0,0	0,0	0,0	0,0	0,0	0,0	0,0	0,0	35,0	0,0	0,0	0,0	0,0	37,0	0,0	37,0	0,0	1,0	1,0	0,0	0,0
50021	Almochuel	2016	Regadío	12,0	0,0	0,0	0,0	0,0	0,0	0,0	0,0	0,0	0,0	0,0	0,0	0,0	0,0	0,0	0,0	0,0	0,0	0,0	0,0	0,0	12,0	12,0	0,0	0,0
50021	Almochuel	2016	Secano	2,0	1,0	0,0	0,0	0,0	0,0	0,0	0,0	0,0	0,0	0,0	0,0	1,0	0,0	0,0	0,0	0,0	0,0	0,0	0,0	0,0	1,0	1,0	0,0	0,0
50022	Almolda (La)	2016	Regadío	0,0	0,0	0,0	0,0	0,0	0,0	0,0	0,0	0,0	0,0	0,0	0,0	0,0	0,0	0,0	0,0	0,0	0,0	0,0	0,0	0,0	0,0	0,0	0,0	0,0
50022	Almolda (La)	2016	Secano	86,0	3,0	0,0	0,0	0,0	0,0	0,0	0,0	0,0	0,0	0,0	0,0	3,0	0,0	0,0	0,0	0,0	30,0	0,0	30,0	0,0	53,0	53,0	0,0	0,0
50023	Almonacid de la Cuba	2016	Regadío	126,0	34,0	4,0	22,0	0,0	0,0	0,0	0,0	1,0	0,0	0,0	0,0	7,0	0,0	0,0	0,0	0,0	36,0	0,0	36,0	0,0	56,0	56,0	0,0	0,0
50023	Almonacid de la Cuba	2016	Secano	171,0	122,0	0,0	0,0	0,0	0,0	1,0	0,0	0,0	0,0	0,0	0,0	121,0	0,0	0,0	0,0	0,0	46,0	0,0	46,0	0,0	3,0	3,0	0,0	0,0
50024	Almonacid de la Sierra	2016	Regadío	955,0	513,0	128,0	58,0	0,0	49,0	120,0	74,0	11,0	0,0	0,0	3,0	25,0	0,0	0,0	45,0	0,0	405,0	0,0	405,0	0,0	37,0	37,0	0,0	0,0
50024	Almonacid de la Sierra	2016	Secano	1115,0	383,0	0,0	0,0	0,0	0,0	3,0	5,0	0,0	0,0	0,0	0,0	374,0	0,0	0,0	1,0	0,0	639,0	0,0	639,0	0,0	93,0	93,0	0,0	0,0
50025	Almunia de Doña Godina (La)	2016	Regadío	1811,0	1549,0	210,0	165,0	0,0	103,0	244,0	456,0	47,0	0,0	0,0	1,0	96,0	0,0	0,0	219,0	8,0	10,0	0,0	10,0	0,0	247,0	247,0	0,0	5,0
50025	Almunia de Doña Godina (La)	2016	Secano	311,0	210,0	5,0	0,0	0,0	28,0	79,0	38,0	1,0	0,0	0,0	0,0	45,0	0,0	0,0	14,0	0,0	28,0	0,0	28,0	0,0	73,0	73,0	0,0	0,0
50026	Alpartir	2016	Regadío	15,0	11,0	0,0	0,0	0,0	0,0	9,0	0,0	0,0	0,0	0,0	0,0	1,0	1,0	0,0	0,0	0,0	0,0	0,0	0,0	0,0	4,0	4,0	0,0	0,0
50026	Alpartir	2016	Secano	397,0	227,0	0,0	0,0	0,0	0,0	9,0	0,0	0,0	0,0	0,0	0,0	217,0	1,0	0,0	0,0	0,0	39,0	0,0	39,0	0,0	131,0	131,0	0,0	0,0
50027	Ambel	2016	Regadío	188,0	49,0	0,0	0,0	0,0	0,0	0,0	0,0	0,0	0,0	0,0	0,0	49,0	0,0	0,0	0,0	0,0	20,0	0,0	20,0	0,0	119,0	119,0	0,0	0,0
50027	Ambel	2016	Secano	313,0	211,0	0,0	0,0	0,0	0,0	0,0	0,0	0,0	0,0	0,0	0,0	211,0	0,0	0,0	0,0	0,0	94,0	0,0	94,0	0,0	8,0	8,0	0,0	0,0
50028	Anento	2016	Regadío	0,0	0,0	0,0	0,0	0,0	0,0	0,0	0,0	0,0	0,0	0,0	0,0	0,0	0,0	0,0	0,0	0,0	0,0	0,0	0,0	0,0	0,0	0,0	0,0	0,0
50028	Anento	2016	Secano	29,0	26,0	0,0	0,0	0,0	0,0	0,0	0,0	0,0	0,0	0,0	0,0	26,0	0,0	0,0	0,0	0,0	3,0	0,0	3,0	0,0	0,0	0,0	0,0	0,0
50029	Aniñón	2016	Regadío	316,0	241,0	9,0	2,0	0,0	0,0	113,0	98,0	11,0	0,0	0,0	0,0	8,0	0,0	0,0	0,0	0,0	38,0	0,0	38,0	0,0	37,0	37,0	0,0	0,0
50029	Aniñón	2016	Secano	1354,0	1093,0	1,0	1,0	0,0	0,0	339,0	22,0	5,0	0,0	0,0	0,0	725,0	0,0	0,0	0,0	0,0	109,0	0,0	109,0	0,0	152,0	152,0	0,0	0,0
50030	Añón de Moncayo	2016	Regadío	4,0	4,0	0,0	0,0	0,0	0,0	0,0	0,0	0,0	0,0	0,0	0,0	3,0	1,0	0,0	0,0	0,0	0,0	0,0	0,0	0,0	0,0	0,0	0,0	0,0
50030	Añón de Moncayo	2016	Secano	16,0	15,0	0,0	0,0	0,0	0,0	0,0	0,0	0,0	0,0	0,0	0,0	15,0	0,0	0,0	0,0	0,0	1,0	0,0	1,0	0,0	0,0	0,0	0,0	0,0
50031	Aranda de Moncayo	2016	Regadío	12,0	11,0	1,0	0,0	0,0	0,0	6,0	0,0	1,0	0,0	0,0	0,0	1,0	2,0	0,0	0,0	0,0	0,0	0,0	0,0	0,0	1,0	1,0	0,0	0,0
50031	Aranda de Moncayo	2016	Secano	72,0	57,0	0,0	0,0	0,0	0,0	6,0	0,0	0,0	0,0	0,0	0,0	51,0	0,0	0,0	0,0	0,0	13,0	0,0	13,0	0,0	2,0	2,0	0,0	0,0
50032	Arándiga	2016	Regadío	108,0	76,0	26,0	10,0	0,0	5,0	14,0	10,0	5,0	0,0	0,0	0,0	5,0	0,0	0,0	1,0	0,0	1,0	0,0	1,0	0,0	31,0	31,0	0,0	0,0
50032	Arándiga	2016	Secano	203,0	137,0	0,0	0,0	0,0	2,0	6,0	2,0	0,0	0,0	0,0	0,0	127,0	0,0	0,0	0,0	0,0	12,0	0,0	12,0	0,0	54,0	54,0	0,0	0,0
50033	Ardisa	2016	Regadío	9,0	5,0	0,0	0,0	0,0	0,0	3,0	0,0	0,0	0,0	0,0	0,0	1,0	1,0	0,0	0,0	0,0	1,0	0,0	1,0	0,0	3,0	3,0	0,0	0,0
50033	Ardisa	2016	Secano	49,0	43,0	0,0	0,0	0,0	0,0	0,0	0,0	0,0	0,0	0,0	0,0	43,0	0,0	0,0	0,0	0,0	0,0	0,0	0,0	0,0	2,0	2,0	0,0	4,0
50034	Ariza	2016	Regadío	6,0	3,0	0,0	0,0	0,0	0,0	0,0	0,0	0,0	0,0	0,0	0,0	2,0	0,0	0,0	0,0	1,0	0,0	0,0	0,0	0,0	0,0	0,0	3,0	0,0
50034	Ariza	2016	Secano	18,0	5,0	0,0	0,0	0,0	0,0	0,0	0,0	0,0	0,0	0,0	0,0	5,0	0,0	0,0	0,0	0,0	13,0	0,0	13,0	0,0	0,0	0,0	0,0	0,0
50035	Artieda	2016	Regadío											0,0														
50035	Artieda	2016	Secano											0,0														
50036	Asín	2016	Regadío	0,0	0,0	0,0	0,0	0,0	0,0	0,0	0,0	0,0	0,0	0,0	0,0	0,0	0,0	0,0	0,0	0,0	0,0	0,0	0,0	0,0	0,0	0,0	0,0	0,0
50036	Asín	2016	Secano	16,0	9,0	0,0	0,0	0,0	0,0	0,0	0,0	0,0	0,0	0,0	0,0	8,0	0,0	0,0	0,0	1,0	6,0	0,0	6,0	0,0	1,0	1,0	0,0	0,0
50037	Atea	2016	Regadío	0,0	0,0	0,0	0,0	0,0	0,0	0,0	0,0	0,0	0,0	0,0	0,0	0,0	0,0	0,0	0,0	0,0	0,0	0,0	0,0	0,0	0,0	0,0	0,0	0,0
50037	Atea	2016	Secano	468,0	256,0	0,0	1,0	0,0	0,0	42,0	0,0	0,0	0,0	0,0	0,0	208,0	0,0	0,0	0,0	5,0	212,0	0,0	212,0	0,0	0,0	0,0	0,0	0,0
50038	Ateca	2016	Regadío	132,0	123,0	40,0	40,0	0,0	0,0	33,0	6,0	4,0	0,0	0,0	0,0	0,0	0,0	0,0	0,0	0,0	9,0	0,0	9,0	0,0	0,0	0,0	0,0	0,0
50038	Ateca	2016	Secano	251,0	154,0	11,0	1,0	0,0	0,0	46,0	18,0	3,0	0,0	0,0	0,0	75,0	0,0	0,0	0,0	0,0	96,0	0,0	96,0	0,0	1,0	1,0	0,0	0,0
50039	Azuara	2016	Regadío	31,0	20,0	0,0	1,0	0,0	0,0	0,0	0,0	0,0	0,0	0,0	0,0	19,0	0,0	0,0	0,0	0,0	0,0	0,0	0,0	0,0	11,0	11,0	0,0	0,0
50039	Azuara	2016	Secano	280,0	250,0	0,0	0,0	0,0	0,0	0,0	0,0	0,0	0,0	0,0	0,0	250,0	0,0	0,0	0,0	0,0	25,0	0,0	25,0	0,0	5,0	5,0	0,0	0,0
50040	Badules	2016	Regadío											0,0														
50040	Badules	2016	Secano											0,0														
50041	Bagüés	2016	Regadío											0,0														
50041	Bagüés	2016	Secano											0,0														
50042	Balconchán	2016	Regadío	0,0	0,0	0,0	0,0	0,0	0,0	0,0	0,0	0,0	0,0	0,0	0,0	0,0	0,0	0,0	0,0	0,0	0,0	0,0	0,0	0,0	0,0	0,0	0,0	0,0
50042	Balconchán	2016	Secano	37,0	25,0	0,0	0,0	0,0	0,0	0,0	0,0	0,0	0,0	0,0	0,0	25,0	0,0	0,0	0,0	0,0	12,0	0,0	12,0	0,0	0,0	0,0	0,0	0,0
50043	Bárboles	2016	Regadío	131,0	59,0	27,0	0,0	0,0	0,0	0,0	7,0	0,0	0,0	0,0	0,0	20,0	0,0	0,0	5,0	0,0	0,0	0,0	0,0	0,0	72,0	72,0	0,0	0,0
50043	Bárboles	2016	Secano	47,0	6,0	0,0	0,0	0,0	0,0	0,0	0,0	0,0	0,0	0,0	0,0	6,0	0,0	0,0	0,0	0,0	5,0	0,0	5,0	0,0	36,0	36,0	0,0	0,0
50044	Bardallur	2016	Regadío	39,0	32,0	18,0	7,0	0,0	0,0	0,0	5,0	0,0	0,0	0,0	0,0	1,0	0,0	0,0	1,0	0,0	1,0	0,0	1,0	0,0	6,0	6,0	0,0	0,0
50044	Bardallur	2016	Secano	78,0	14,0	0,0	0,0	0,0	0,0	0,0	0,0	0,0	0,0	0,0	0,0	14,0	0,0	0,0	0,0	0,0	18,0	0,0	18,0	0,0	46,0	46,0	0,0	0,0
50045	Belchite	2016	Regadío	1666,0	505,0	0,0	0,0	0,0	0,0	0,0	0,0	0,0	0,0	0,0	0,0	504,0	1,0	0,0	0,0	0,0	74,0	0,0	74,0	0,0	1087,0	1087,0	0,0	0,0
50045	Belchite	2016	Secano	302,0	234,0	0,0	0,0	0,0	0,0	0,0	0,0	0,0	0,0	0,0	0,0	234,0	0,0	0,0	0,0	0,0	15,0	0,0	15,0	0,0	53,0	53,0	0,0	0,0
50046	Belmonte de Gracián	2016	Regadío	74,0	40,0	2,0	5,0	0,0	0,0	11,0	5,0	9,0	0,0	0,0	0,0	8,0	0,0	0,0	0,0	0,0	34,0	0,0	34,0	0,0	0,0	0,0	0,0	0,0
50046	Belmonte de Gracián	2016	Secano	531,0	387,0	0,0	0,0	0,0	0,0	46,0	1,0	6,0	0,0	0,0	0,0	334,0	0,0	0,0	0,0	0,0	133,0	0,0	133,0	0,0	11,0	11,0	0,0	0,0
50047	Berdejo	2016	Regadío											0,0														
50047	Berdejo	2016	Secano											0,0														
50048	Berrueco	2016	Regadío											0,0														
50048	Berrueco	2016	Secano											0,0														
50050	Bijuesca	2016	Regadío	5,0	5,0	5,0	0,0	0,0	0,0	0,0	0,0	0,0	0,0	0,0	0,0	0,0	0,0	0,0	0,0	0,0	0,0	0,0	0,0	0,0	0,0	0,0	0,0	0,0
50050	Bijuesca	2016	Secano	25,0	25,0	0,0	0,0	0,0	0,0	3,0	0,0	0,0	0,0	0,0	0,0	22,0	0,0	0,0	0,0	0,0	0,0	0,0	0,0	0,0	0,0	0,0	0,0	0,0
50051	Biota	2016	Regadío	99,0	95,0	0,0	0,0	0,0	0,0	0,0	0,0	0,0	0,0	0,0	0,0	95,0	0,0	0,0	0,0	0,0	2,0	0,0	2,0	0,0	2,0	2,0	0,0	0,0
50051	Biota	2016	Secano	77,0	41,0	0,0	0,0	0,0	0,0	0,0	0,0	0,0	0,0	0,0	0,0	41,0	0,0	0,0	0,0	0,0	21,0	0,0	21,0	0,0	15,0	15,0	0,0	0,0
50052	Bisimbre	2016	Regadío	63,0	9,0	0,0	0,0	0,0	0,0	0,0	0,0	0,0	0,0	0,0	0,0	9,0	0,0	0,0	0,0	0,0	51,0	0,0	51,0	0,0	3,0	3,0	0,0	0,0
50052	Bisimbre	2016	Secano	40,0	23,0	0,0	0,0	0,0	0,0	0,0	0,0	0,0	0,0	0,0	0,0	23,0	0,0	0,0	0,0	0,0	16,0	0,0	16,0	0,0	1,0	1,0	0,0	0,0
50053	Boquiñeni	2016	Regadío	18,0	17,0	4,0	4,0	0,0	3,0	3,0	1,0	1,0	0,0	0,0	0,0	1,0	0,0	0,0	0,0	0,0	0,0	0,0	0,0	0,0	1,0	1,0	0,0	0,0
50053	Boquiñeni	2016	Secano	0,0	0,0	0,0	0,0	0,0	0,0	0,0	0,0	0,0	0,0	0,0	0,0	0,0	0,0	0,0	0,0	0,0	0,0	0,0	0,0	0,0	0,0	0,0	0,0	0,0
50054	Bordalba	2016	Regadío	0,0	0,0	0,0	0,0	0,0	0,0	0,0	0,0	0,0	0,0	0,0	0,0	0,0	0,0	0,0	0,0	0,0	0,0	0,0	0,0	0,0	0,0	0,0	0,0	0,0
50054	Bordalba	2016	Secano	5,0	0,0	0,0	0,0	0,0	0,0	0,0	0,0	0,0	0,0	0,0	0,0	0,0	0,0	0,0	0,0	0,0	5,0	0,0	5,0	0,0	0,0	0,0	0,0	0,0
50055	Borja	2016	Regadío	1142,0	271,0	1,0	0,0	0,0	0,0	0,0	0,0	0,0	0,0	0,0	0,0	257,0	12,0	0,0	0,0	1,0	601,0	0,0	601,0	0,0	269,0	269,0	0,0	1,0
50055	Borja	2016	Secano	1162,0	600,0	0,0	0,0	0,0	0,0	0,0	0,0	0,0	0,0	0,0	0,0	597,0	0,0	0,0	0,0	3,0	520,0	0,0	520,0	0,0	42,0	42,0	0,0	0,0
50056	Botorrita	2016	Regadío	11,0	3,0	1,0	0,0	0,0	1,0	0,0	0,0	0,0	0,0	0,0	0,0	1,0	0,0	0,0	0,0	0,0	3,0	1,0	2,0	0,0	5,0	5,0	0,0	0,0
50056	Botorrita	2016	Secano	31,0	15,0	0,0	0,0	0,0	0,0	0,0	0,0	0,0	0,0	0,0	0,0	15,0	0,0	0,0	0,0	0,0	14,0	0,0	14,0	0,0	2,0	2,0	0,0	0,0
50057	Brea de Aragón	2016	Regadío	3,0	2,0	0,0	0,0	0,0	0,0	2,0	0,0	0,0	0,0	0,0	0,0	0,0	0,0	0,0	0,0	0,0	0,0	0,0	0,0	0,0	1,0	1,0	0,0	0,0
50057	Brea de Aragón	2016	Secano	73,0	51,0	0,0	0,0	0,0	0,0	11,0	0,0	0,0	0,0	0,0	0,0	40,0	0,0	0,0	0,0	0,0	14,0	0,0	14,0	0,0	8,0	8,0	0,0	0,0
50058	Bubierca	2016	Regadío	7,0	6,0	1,0	2,0	0,0	0,0	2,0	1,0	0,0	0,0	0,0	0,0	0,0	0,0	0,0	0,0	0,0	1,0	0,0	1,0	0,0	0,0	0,0	0,0	0,0
50058	Bubierca	2016	Secano	12,0	0,0	0,0	0,0	0,0	0,0	0,0	0,0	0,0	0,0	0,0	0,0	0,0	0,0	0,0	0,0	0,0	12,0	0,0	12,0	0,0	0,0	0,0	0,0	0,0
50059	Bujaraloz	2016	Regadío	3,0	0,0	0,0	0,0	0,0	0,0	0,0	0,0	0,0	0,0	0,0	0,0	0,0	0,0	0,0	0,0	0,0	0,0	0,0	0,0	0,0	3,0	3,0	0,0	0,0
50059	Bujaraloz	2016	Secano	0,0	0,0	0,0	0,0	0,0	0,0	0,0	0,0	0,0	0,0	0,0	0,0	0,0	0,0	0,0	0,0	0,0	0,0	0,0	0,0	0,0	0,0	0,0	0,0	0,0
50060	Bulbuente	2016	Regadío	210,0	72,0	0,0	0,0	0,0	0,0	0,0	0,0	0,0	0,0	0,0	0,0	71,0	1,0	0,0	0,0	0,0	52,0	0,0	52,0	0,0	85,0	85,0	0,0	1,0
50060	Bulbuente	2016	Secano	511,0	469,0	0,0	0,0	0,0	0,0	0,0	0,0	0,0	0,0	0,0	0,0	469,0	0,0	0,0	0,0	0,0	40,0	0,0	40,0	0,0	2,0	2,0	0,0	0,0
50061	Bureta	2016	Regadío	138,0	17,0	0,0	0,0	0,0	0,0	0,0	0,0	0,0	0,0	0,0	0,0	17,0	0,0	0,0	0,0	0,0	80,0	0,0	80,0	0,0	41,0	41,0	0,0	0,0
50061	Bureta	2016	Secano	198,0	108,0	0,0	0,0	0,0	0,0	0,0	0,0	0,0	0,0	0,0	0,0	108,0	0,0	0,0	0,0	0,0	90,0	0,0	90,0	0,0	0,0	0,0	0,0	0,0
50062	Burgo de Ebro (El)	2016	Regadío	19,0	15,0	0,0	0,0	0,0	11,0	0,0	1,0	0,0	0,0	0,0	0,0	3,0	0,0	0,0	0,0	0,0	0,0	0,0	0,0	0,0	4,0	4,0	0,0	0,0
50062	Burgo de Ebro (El)	2016	Secano	0,0	0,0	0,0	0,0	0,0	0,0	0,0	0,0	0,0	0,0	0,0	0,0	0,0	0,0	0,0	0,0	0,0	0,0	0,0	0,0	0,0	0,0	0,0	0,0	0,0
50063	Buste (El)	2016	Regadío	4,0	4,0	0,0	0,0	0,0	0,0	0,0	0,0	0,0	0,0	0,0	0,0	4,0	0,0	0,0	0,0	0,0	0,0	0,0	0,0	0,0	0,0	0,0	0,0	0,0
50063	Buste (El)	2016	Secano	139,0	64,0	0,0	0,0	0,0	0,0	0,0	0,0	0,0	0,0	0,0	0,0	64,0	0,0	0,0	0,0	0,0	10,0	0,0	10,0	0,0	65,0	65,0	0,0	0,0
50064	Cabañas de Ebro	2016	Regadío	1,0	0,0	0,0	0,0	0,0	0,0	0,0	0,0	0,0	0,0	0,0	0,0	0,0	0,0	0,0	0,0	0,0	0,0	0,0	0,0	0,0	1,0	1,0	0,0	0,0
50064	Cabañas de Ebro	2016	Secano	2,0	0,0	0,0	0,0	0,0	0,0	0,0	0,0	0,0	0,0	0,0	0,0	0,0	0,0	0,0	0,0	0,0	0,0	0,0	0,0	0,0	0,0	0,0	0,0	2,0
50065	Cabolafuente	2016	Regadío	0,0	0,0	0,0	0,0	0,0	0,0	0,0	0,0	0,0	0,0	0,0	0,0	0,0	0,0	0,0	0,0	0,0	0,0	0,0	0,0	0,0	0,0	0,0	0,0	0,0
50065	Cabolafuente	2016	Secano	36,0	22,0	0,0	0,0	0,0	0,0	0,0	0,0	0,0	0,0	0,0	0,0	21,0	1,0	0,0	0,0	0,0	14,0	0,0	14,0	0,0	0,0	0,0	0,0	0,0
50066	Cadrete	2016	Regadío	8,0	0,0	0,0	0,0	0,0	0,0	0,0	0,0	0,0	0,0	0,0	0,0	0,0	0,0	0,0	0,0	0,0	7,0	5,0	2,0	0,0	1,0	1,0	0,0	0,0
50066	Cadrete	2016	Secano	1,0	0,0	0,0	0,0	0,0	0,0	0,0	0,0	0,0	0,0	0,0	0,0	0,0	0,0	0,0	0,0	0,0	1,0	0,0	1,0	0,0	0,0	0,0	0,0	0,0
50067	Calatayud	2016	Regadío	631,0	550,0	152,0	207,0	0,0	10,0	87,0	35,0	51,0	0,0	0,0	0,0	8,0	0,0	0,0	0,0	0,0	18,0	0,0	18,0	0,0	34,0	34,0	0,0	29,0
50067	Calatayud	2016	Secano	250,0	170,0	18,0	4,0	0,0	0,0	25,0	2,0	3,0	0,0	0,0	0,0	112,0	0,0	0,0	0,0	6,0	68,0	0,0	68,0	0,0	8,0	8,0	0,0	4,0
50068	Calatorao	2016	Regadío	1003,0	974,0	256,0	81,0	0,0	58,0	114,0	363,0	5,0	0,0	0,0	0,0	15,0	0,0	0,0	82,0	0,0	18,0	0,0	18,0	0,0	9,0	9,0	0,0	2,0
50068	Calatorao	2016	Secano	187,0	81,0	0,0	0,0	0,0	12,0	15,0	7,0	0,0	0,0	0,0	0,0	39,0	0,0	0,0	3,0	5,0	78,0	0,0	78,0	0,0	28,0	28,0	0,0	0,0
50069	Calcena	2016	Regadío											0,0														
50069	Calcena	2016	Secano											0,0														
50070	Calmarza	2016	Regadío	0,0	0,0	0,0	0,0	0,0	0,0	0,0	0,0	0,0	0,0	0,0	0,0	0,0	0,0	0,0	0,0	0,0	0,0	0,0	0,0	0,0	0,0	0,0	0,0	0,0
50070	Calmarza	2016	Secano	25,0	25,0	0,0	0,0	0,0	0,0	0,0	0,0	0,0	0,0	0,0	0,0	25,0	0,0	0,0	0,0	0,0	0,0	0,0	0,0	0,0	0,0	0,0	0,0	0,0
50071	Campillo de Aragón	2016	Regadío	0,0	0,0	0,0	0,0	0,0	0,0	0,0	0,0	0,0	0,0	0,0	0,0	0,0	0,0	0,0	0,0	0,0	0,0	0,0	0,0	0,0	0,0	0,0	0,0	0,0
50071	Campillo de Aragón	2016	Secano	23,0	23,0	0,0	0,0	0,0	0,0	22,0	0,0	0,0	0,0	0,0	0,0	1,0	0,0	0,0	0,0	0,0	0,0	0,0	0,0	0,0	0,0	0,0	0,0	0,0
50072	Carenas	2016	Regadío	2,0	2,0	0,0	0,0	0,0	0,0	0,0	0,0	1,0	0,0	0,0	0,0	0,0	1,0	0,0	0,0	0,0	0,0	0,0	0,0	0,0	0,0	0,0	0,0	0,0
50072	Carenas	2016	Secano	37,0	33,0	0,0	0,0	0,0	0,0	1,0	0,0	0,0	0,0	0,0	0,0	32,0	0,0	0,0	0,0	0,0	2,0	0,0	2,0	0,0	2,0	2,0	0,0	0,0
50073	Cariñena	2016	Regadío	1896,0	236,0	94,0	43,0	0,0	14,0	18,0	37,0	19,0	0,0	0,0	0,0	3,0	0,0	0,0	8,0	0,0	1642,0	0,0	1642,0	0,0	18,0	18,0	0,0	0,0
50073	Cariñena	2016	Secano	2910,0	85,0	5,0	0,0	0,0	0,0	0,0	0,0	0,0	0,0	0,0	0,0	80,0	0,0	0,0	0,0	0,0	2802,0	0,0	2802,0	0,0	21,0	21,0	0,0	2,0
50074	Caspe	2016	Regadío	3913,0	3153,0	16,0	81,0	0,0	308,0	578,0	778,0	98,0	7,0	0,0	23,0	649,0	0,0	0,0	605,0	10,0	56,0	46,0	10,0	0,0	689,0	689,0	0,0	15,0
50074	Caspe	2016	Secano	1353,0	852,0	0,0	2,0	0,0	31,0	56,0	64,0	8,0	0,0	0,0	0,0	618,0	6,0	0,0	67,0	0,0	45,0	0,0	45,0	0,0	449,0	449,0	0,0	7,0
50075	Castejón de Alarba	2016	Regadío	12,0	12,0	0,0	0,0	0,0	0,0	12,0	0,0	0,0	0,0	0,0	0,0	0,0	0,0	0,0	0,0	0,0	0,0	0,0	0,0	0,0	0,0	0,0	0,0	0,0
50075	Castejón de Alarba	2016	Secano	350,0	271,0	0,0	0,0	0,0	0,0	54,0	5,0	1,0	0,0	0,0	0,0	211,0	0,0	0,0	0,0	0,0	79,0	0,0	79,0	0,0	0,0	0,0	0,0	0,0
50076	Castejón de las Armas	2016	Regadío	1,0	1,0	0,0	0,0	0,0	0,0	0,0	0,0	1,0	0,0	0,0	0,0	0,0	0,0	0,0	0,0	0,0	0,0	0,0	0,0	0,0	0,0	0,0	0,0	0,0
50076	Castejón de las Armas	2016	Secano	22,0	11,0	0,0	0,0	0,0	0,0	4,0	0,0	0,0	0,0	0,0	0,0	7,0	0,0	0,0	0,0	0,0	11,0	0,0	11,0	0,0	0,0	0,0	0,0	0,0
50077	Castejón de Valdejasa	2016	Regadío	32,0	0,0	0,0	0,0	0,0	0,0	0,0	0,0	0,0	0,0	0,0	0,0	0,0	0,0	0,0	0,0	0,0	0,0	0,0	0,0	0,0	32,0	32,0	0,0	0,0
50077	Castejón de Valdejasa	2016	Secano	120,0	48,0	0,0	0,0	0,0	0,0	0,0	0,0	0,0	0,0	0,0	0,0	41,0	0,0	0,0	0,0	7,0	39,0	0,0	39,0	0,0	33,0	33,0	0,0	0,0
50078	Castiliscar	2016	Regadío	1,0	0,0	0,0	0,0	0,0	0,0	0,0	0,0	0,0	0,0	0,0	0,0	0,0	0,0	0,0	0,0	0,0	0,0	0,0	0,0	0,0	1,0	1,0	0,0	0,0
50078	Castiliscar	2016	Secano	13,0	7,0	0,0	0,0	0,0	0,0	0,0	0,0	0,0	0,0	0,0	0,0	7,0	0,0	0,0	0,0	0,0	1,0	0,0	1,0	0,0	5,0	5,0	0,0	0,0
50079	Cervera de la Cañada	2016	Regadío	60,0	12,0	3,0	2,0	0,0	0,0	2,0	2,0	1,0	0,0	0,0	0,0	2,0	0,0	0,0	0,0	0,0	47,0	4,0	43,0	0,0	1,0	1,0	0,0	0,0
50079	Cervera de la Cañada	2016	Secano	716,0	119,0	0,0	0,0	0,0	0,0	23,0	0,0	1,0	0,0	0,0	0,0	95,0	0,0	0,0	0,0	0,0	576,0	2,0	574,0	0,0	21,0	21,0	0,0	0,0
50080	Cerveruela	2016	Regadío	0,0	0,0	0,0	0,0	0,0	0,0	0,0	0,0	0,0	0,0	0,0	0,0	0,0	0,0	0,0	0,0	0,0	0,0	0,0	0,0	0,0	0,0	0,0	0,0	0,0
50080	Cerveruela	2016	Secano	8,0	0,0	0,0	0,0	0,0	0,0	0,0	0,0	0,0	0,0	0,0	0,0	0,0	0,0	0,0	0,0	0,0	8,0	0,0	8,0	0,0	0,0	0,0	0,0	0,0
50081	Cetina	2016	Regadío	0,0	0,0	0,0	0,0	0,0	0,0	0,0	0,0	0,0	0,0	0,0	0,0	0,0	0,0	0,0	0,0	0,0	0,0	0,0	0,0	0,0	0,0	0,0	0,0	0,0
50081	Cetina	2016	Secano	42,0	27,0	0,0	0,0	0,0	0,0	0,0	0,0	0,0	0,0	0,0	0,0	27,0	0,0	0,0	0,0	0,0	15,0	0,0	15,0	0,0	0,0	0,0	0,0	0,0
50082	Cimballa	2016	Regadío	0,0	0,0	0,0	0,0	0,0	0,0	0,0	0,0	0,0	0,0	0,0	0,0	0,0	0,0	0,0	0,0	0,0	0,0	0,0	0,0	0,0	0,0	0,0	0,0	0,0
50082	Cimballa	2016	Secano	10,0	4,0	0,0	0,0	0,0	0,0	2,0	0,0	0,0	0,0	0,0	0,0	1,0	1,0	0,0	0,0	0,0	6,0	0,0	6,0	0,0	0,0	0,0	0,0	0,0
50083	Cinco Olivas	2016	Regadío	2,0	2,0	0,0	0,0	0,0	0,0	0,0	1,0	1,0	0,0	0,0	0,0	0,0	0,0	0,0	0,0	0,0	0,0	0,0	0,0	0,0	0,0	0,0	0,0	0,0
50083	Cinco Olivas	2016	Secano	0,0	0,0	0,0	0,0	0,0	0,0	0,0	0,0	0,0	0,0	0,0	0,0	0,0	0,0	0,0	0,0	0,0	0,0	0,0	0,0	0,0	0,0	0,0	0,0	0,0
50084	Clarés de Ribota	2016	Regadío	2,0	2,0	0,0	0,0	0,0	0,0	2,0	0,0	0,0	0,0	0,0	0,0	0,0	0,0	0,0	0,0	0,0	0,0	0,0	0,0	0,0	0,0	0,0	0,0	0,0
50084	Clarés de Ribota	2016	Secano	90,0	70,0	0,0	0,0	0,0	0,0	15,0	0,0	0,0	0,0	0,0	0,0	55,0	0,0	0,0	0,0	0,0	20,0	0,0	20,0	0,0	0,0	0,0	0,0	0,0
50085	Codo	2016	Regadío	41,0	25,0	0,0	0,0	0,0	0,0	0,0	0,0	0,0	0,0	0,0	0,0	25,0	0,0	0,0	0,0	0,0	0,0	0,0	0,0	0,0	16,0	16,0	0,0	0,0
50085	Codo	2016	Secano	15,0	11,0	0,0	0,0	0,0	0,0	0,0	0,0	0,0	0,0	0,0	0,0	11,0	0,0	0,0	0,0	0,0	0,0	0,0	0,0	0,0	4,0	4,0	0,0	0,0
50086	Codos	2016	Regadío	88,0	81,0	0,0	1,0	0,0	0,0	72,0	4,0	3,0	0,0	0,0	0,0	1,0	0,0	0,0	0,0	0,0	0,0	0,0	0,0	0,0	7,0	7,0	0,0	0,0
50086	Codos	2016	Secano	209,0	145,0	0,0	0,0	0,0	0,0	105,0	0,0	2,0	0,0	0,0	0,0	38,0	0,0	0,0	0,0	0,0	50,0	0,0	50,0	0,0	14,0	14,0	0,0	0,0
50087	Contamina	2016	Regadío	1,0	0,0	0,0	0,0	0,0	0,0	0,0	0,0	0,0	0,0	0,0	0,0	0,0	0,0	0,0	0,0	0,0	0,0	0,0	0,0	0,0	0,0	0,0	1,0	0,0
50087	Contamina	2016	Secano	3,0	1,0	0,0	0,0	0,0	0,0	0,0	0,0	0,0	0,0	0,0	0,0	1,0	0,0	0,0	0,0	0,0	2,0	0,0	2,0	0,0	0,0	0,0	0,0	0,0
50088	Cosuenda	2016	Regadío	168,0	3,0	0,0	0,0	0,0	0,0	2,0	0,0	0,0	0,0	0,0	0,0	1,0	0,0	0,0	0,0	0,0	158,0	0,0	158,0	0,0	7,0	7,0	0,0	0,0
50088	Cosuenda	2016	Secano	712,0	196,0	0,0	0,0	0,0	0,0	11,0	0,0	0,0	0,0	0,0	0,0	185,0	0,0	0,0	0,0	0,0	431,0	0,0	431,0	0,0	85,0	85,0	0,0	0,0
50089	Cuarte de Huerva	2016	Regadío	11,0	1,0	0,0	1,0	0,0	0,0	0,0	0,0	0,0	0,0	0,0	0,0	0,0	0,0	0,0	0,0	0,0	10,0	2,0	8,0	0,0	0,0	0,0	0,0	0,0
50089	Cuarte de Huerva	2016	Secano	9,0	0,0	0,0	0,0	0,0	0,0	0,0	0,0	0,0	0,0	0,0	0,0	0,0	0,0	0,0	0,0	0,0	9,0	0,0	9,0	0,0	0,0	0,0	0,0	0,0
50090	Cubel	2016	Regadío	0,0	0,0	0,0	0,0	0,0	0,0	0,0	0,0	0,0	0,0	0,0	0,0	0,0	0,0	0,0	0,0	0,0	0,0	0,0	0,0	0,0	0,0	0,0	0,0	0,0
50090	Cubel	2016	Secano	1,0	0,0	0,0	0,0	0,0	0,0	0,0	0,0	0,0	0,0	0,0	0,0	0,0	0,0	0,0	0,0	0,0	0,0	0,0	0,0	0,0	1,0	1,0	0,0	0,0
50091	Cuerlas (Las)	2016	Regadío											0,0														
50091	Cuerlas (Las)	2016	Secano											0,0														
50092	Chiprana	2016	Regadío	454,0	371,0	0,0	1,0	0,0	11,0	13,0	113,0	1,0	0,0	0,0	0,0	147,0	0,0	0,0	85,0	0,0	0,0	0,0	0,0	0,0	83,0	83,0	0,0	0,0
50092	Chiprana	2016	Secano	31,0	9,0	0,0	0,0	0,0	0,0	0,0	3,0	0,0	0,0	0,0	0,0	5,0	0,0	0,0	1,0	0,0	0,0	0,0	0,0	0,0	22,0	22,0	0,0	0,0
50093	Chodes	2016	Regadío	38,0	34,0	19,0	8,0	0,0	0,0	0,0	4,0	3,0	0,0	0,0	0,0	0,0	0,0	0,0	0,0	0,0	0,0	0,0	0,0	0,0	4,0	4,0	0,0	0,0
50093	Chodes	2016	Secano	43,0	8,0	0,0	0,0	0,0	0,0	1,0	0,0	0,0	0,0	0,0	0,0	7,0	0,0	0,0	0,0	0,0	4,0	0,0	4,0	0,0	31,0	31,0	0,0	0,0
50094	Daroca	2016	Regadío	14,0	10,0	0,0	0,0	0,0	0,0	1,0	0,0	0,0	0,0	0,0	0,0	2,0	7,0	0,0	0,0	0,0	4,0	0,0	4,0	0,0	0,0	0,0	0,0	0,0
50094	Daroca	2016	Secano	194,0	62,0	0,0	0,0	0,0	0,0	4,0	0,0	0,0	0,0	0,0	0,0	56,0	1,0	0,0	0,0	1,0	132,0	0,0	132,0	0,0	0,0	0,0	0,0	0,0
50095	Ejea de los Caballeros	2016	Regadío	919,0	712,0	24,0	6,0	0,0	0,0	0,0	1,0	0,0	0,0	0,0	0,0	669,0	12,0	0,0	0,0	0,0	56,0	0,0	56,0	0,0	91,0	91,0	60,0	0,0
50095	Ejea de los Caballeros	2016	Secano	63,0	52,0	0,0	0,0	0,0	0,0	0,0	0,0	0,0	0,0	0,0	0,0	52,0	0,0	0,0	0,0	0,0	9,0	0,0	9,0	0,0	2,0	2,0	0,0	0,0
50096	Embid de Ariza	2016	Regadío	0,0	0,0	0,0	0,0	0,0	0,0	0,0	0,0	0,0	0,0	0,0	0,0	0,0	0,0	0,0	0,0	0,0	0,0	0,0	0,0	0,0	0,0	0,0	0,0	0,0
50096	Embid de Ariza	2016	Secano	6,0	2,0	0,0	0,0	0,0	0,0	0,0	0,0	0,0	0,0	0,0	0,0	2,0	0,0	0,0	0,0	0,0	4,0	0,0	4,0	0,0	0,0	0,0	0,0	0,0
50098	Encinacorba	2016	Regadío	27,0	0,0	0,0	0,0	0,0	0,0	0,0	0,0	0,0	0,0	0,0	0,0	0,0	0,0	0,0	0,0	0,0	27,0	3,0	24,0	0,0	0,0	0,0	0,0	0,0
50098	Encinacorba	2016	Secano	476,0	70,0	0,0	0,0	0,0	0,0	11,0	0,0	0,0	0,0	0,0	0,0	59,0	0,0	0,0	0,0	0,0	401,0	20,0	381,0	0,0	5,0	5,0	0,0	0,0
50099	Épila	2016	Regadío	1304,0	1152,0	456,0	159,0	0,0	48,0	190,0	39,0	50,0	2,0	0,0	0,0	160,0	1,0	0,0	47,0	0,0	17,0	0,0	17,0	0,0	135,0	135,0	0,0	0,0
50099	Épila	2016	Secano	912,0	670,0	2,0	1,0	0,0	0,0	20,0	10,0	1,0	0,0	0,0	0,0	635,0	0,0	0,0	1,0	0,0	88,0	0,0	88,0	0,0	154,0	154,0	0,0	0,0
50100	Erla	2016	Regadío	14,0	12,0	0,0	0,0	0,0	0,0	0,0	0,0	0,0	0,0	0,0	0,0	12,0	0,0	0,0	0,0	0,0	1,0	0,0	1,0	0,0	1,0	1,0	0,0	0,0
50100	Erla	2016	Secano	0,0	0,0	0,0	0,0	0,0	0,0	0,0	0,0	0,0	0,0	0,0	0,0	0,0	0,0	0,0	0,0	0,0	0,0	0,0	0,0	0,0	0,0	0,0	0,0	0,0
50101	Escatrón	2016	Regadío	577,0	55,0	0,0	0,0	0,0	0,0	0,0	30,0	0,0	0,0	0,0	0,0	2,0	0,0	0,0	23,0	0,0	0,0	0,0	0,0	0,0	522,0	522,0	0,0	0,0
50101	Escatrón	2016	Secano	34,0	17,0	0,0	0,0	0,0	0,0	0,0	1,0	0,0	0,0	0,0	0,0	11,0	0,0	0,0	5,0	0,0	0,0	0,0	0,0	0,0	17,0	17,0	0,0	0,0
50102	Fabara	2016	Regadío	686,0	574,0	0,0	1,0	0,0	1,0	5,0	120,0	39,0	2,0	0,0	5,0	392,0	0,0	0,0	7,0	2,0	16,0	0,0	16,0	0,0	96,0	96,0	0,0	0,0
50102	Fabara	2016	Secano	2278,0	1655,0	0,0	0,0	0,0	2,0	2,0	18,0	1,0	0,0	0,0	0,0	1632,0	0,0	0,0	0,0	0,0	46,0	0,0	46,0	0,0	577,0	577,0	0,0	0,0
50104	Farlete	2016	Regadío	0,0	0,0	0,0	0,0	0,0	0,0	0,0	0,0	0,0	0,0	0,0	0,0	0,0	0,0	0,0	0,0	0,0	0,0	0,0	0,0	0,0	0,0	0,0	0,0	0,0
50104	Farlete	2016	Secano	26,0	19,0	0,0	0,0	0,0	0,0	0,0	0,0	0,0	0,0	0,0	0,0	19,0	0,0	0,0	0,0	0,0	0,0	0,0	0,0	0,0	7,0	7,0	0,0	0,0
50105	Fayón	2016	Regadío	39,0	38,0	0,0	0,0	0,0	4,0	1,0	0,0	1,0	0,0	0,0	0,0	31,0	1,0	0,0	0,0	0,0	0,0	0,0	0,0	0,0	1,0	1,0	0,0	0,0
50105	Fayón	2016	Secano	552,0	395,0	0,0	0,0	0,0	2,0	20,0	6,0	0,0	0,0	0,0	0,0	356,0	0,0	0,0	11,0	0,0	1,0	1,0	0,0	0,0	156,0	156,0	0,0	0,0
50106	Fayos (Los)	2016	Regadío	2,0	0,0	0,0	0,0	0,0	0,0	0,0	0,0	0,0	0,0	0,0	0,0	0,0	0,0	0,0	0,0	0,0	0,0	0,0	0,0	0,0	2,0	2,0	0,0	0,0
50106	Fayos (Los)	2016	Secano	0,0	0,0	0,0	0,0	0,0	0,0	0,0	0,0	0,0	0,0	0,0	0,0	0,0	0,0	0,0	0,0	0,0	0,0	0,0	0,0	0,0	0,0	0,0	0,0	0,0
50107	Figueruelas	2016	Regadío	49,0	25,0	6,0	0,0	0,0	0,0	2,0	0,0	0,0	0,0	0,0	0,0	17,0	0,0	0,0	0,0	0,0	2,0	0,0	2,0	0,0	22,0	22,0	0,0	0,0
50107	Figueruelas	2016	Secano	2,0	1,0	0,0	0,0	0,0	0,0	0,0	0,0	0,0	0,0	0,0	0,0	1,0	0,0	0,0	0,0	0,0	0,0	0,0	0,0	0,0	1,0	1,0	0,0	0,0
50108	Fombuena	2016	Regadío											0,0														
50108	Fombuena	2016	Secano											0,0														
50109	Frago (El)	2016	Regadío	0,0	0,0	0,0	0,0	0,0	0,0	0,0	0,0	0,0	0,0	0,0	0,0	0,0	0,0	0,0	0,0	0,0	0,0	0,0	0,0	0,0	0,0	0,0	0,0	0,0
50109	Frago (El)	2016	Secano	2,0	2,0	0,0	0,0	0,0	0,0	0,0	0,0	0,0	0,0	0,0	0,0	2,0	0,0	0,0	0,0	0,0	0,0	0,0	0,0	0,0	0,0	0,0	0,0	0,0
50110	Frasno (El)	2016	Regadío	207,0	135,0	0,0	1,0	0,0	0,0	123,0	0,0	1,0	0,0	0,0	0,0	10,0	0,0	0,0	0,0	0,0	33,0	0,0	33,0	0,0	39,0	39,0	0,0	0,0
50110	Frasno (El)	2016	Secano	822,0	673,0	0,0	0,0	0,0	2,0	252,0	0,0	0,0	0,0	0,0	0,0	419,0	0,0	0,0	0,0	0,0	57,0	0,0	57,0	0,0	92,0	92,0	0,0	0,0
50111	Fréscano	2016	Regadío	57,0	36,0	0,0	0,0	0,0	0,0	0,0	0,0	0,0	0,0	0,0	0,0	36,0	0,0	0,0	0,0	0,0	4,0	0,0	4,0	0,0	17,0	17,0	0,0	0,0
50111	Fréscano	2016	Secano	5,0	4,0	0,0	0,0	0,0	0,0	0,0	0,0	0,0	0,0	0,0	0,0	4,0	0,0	0,0	0,0	0,0	0,0	0,0	0,0	0,0	1,0	1,0	0,0	0,0
50113	Fuendejalón	2016	Regadío	795,0	42,0	0,0	0,0	0,0	0,0	0,0	2,0	0,0	0,0	0,0	0,0	39,0	0,0	0,0	0,0	1,0	689,0	0,0	689,0	0,0	62,0	62,0	0,0	2,0
50113	Fuendejalón	2016	Secano	2536,0	718,0	0,0	0,0	0,0	0,0	0,0	0,0	0,0	0,0	0,0	0,0	717,0	0,0	0,0	0,0	1,0	1704,0	0,0	1704,0	0,0	114,0	114,0	0,0	0,0
50114	Fuendetodos	2016	Regadío	0,0	0,0	0,0	0,0	0,0	0,0	0,0	0,0	0,0	0,0	0,0	0,0	0,0	0,0	0,0	0,0	0,0	0,0	0,0	0,0	0,0	0,0	0,0	0,0	0,0
50114	Fuendetodos	2016	Secano	10,0	8,0	0,0	0,0	0,0	0,0	0,0	0,0	0,0	0,0	0,0	0,0	7,0	0,0	0,0	0,0	1,0	1,0	0,0	1,0	0,0	1,0	1,0	0,0	0,0
50115	Fuentes de Ebro	2016	Regadío	335,0	48,0	0,0	0,0	0,0	1,0	1,0	5,0	0,0	1,0	0,0	0,0	40,0	0,0	0,0	0,0	0,0	16,0	0,0	16,0	0,0	271,0	271,0	0,0	0,0
50115	Fuentes de Ebro	2016	Secano	21,0	10,0	0,0	0,0	0,0	0,0	0,0	0,0	0,0	0,0	0,0	0,0	10,0	0,0	0,0	0,0	0,0	4,0	0,0	4,0	0,0	7,0	7,0	0,0	0,0
50116	Fuentes de Jiloca	2016	Regadío	87,0	87,0	11,0	46,0	0,0	0,0	0,0	12,0	12,0	0,0	0,0	0,0	6,0	0,0	0,0	0,0	0,0	0,0	0,0	0,0	0,0	0,0	0,0	0,0	0,0
50116	Fuentes de Jiloca	2016	Secano	69,0	45,0	1,0	2,0	0,0	0,0	1,0	1,0	0,0	0,0	0,0	0,0	40,0	0,0	0,0	0,0	0,0	24,0	0,0	24,0	0,0	0,0	0,0	0,0	0,0
50117	Gallocanta	2016	Regadío	0,0	0,0	0,0	0,0	0,0	0,0	0,0	0,0	0,0	0,0	0,0	0,0	0,0	0,0	0,0	0,0	0,0	0,0	0,0	0,0	0,0	0,0	0,0	0,0	0,0
50117	Gallocanta	2016	Secano	1,0	1,0	0,0	0,0	0,0	0,0	0,0	0,0	0,0	0,0	0,0	0,0	1,0	0,0	0,0	0,0	0,0	0,0	0,0	0,0	0,0	0,0	0,0	0,0	0,0
50118	Gallur	2016	Regadío	4,0	2,0	0,0	1,0	0,0	1,0	0,0	0,0	0,0	0,0	0,0	0,0	0,0	0,0	0,0	0,0	0,0	1,0	0,0	1,0	0,0	1,0	1,0	0,0	0,0
50118	Gallur	2016	Secano	2,0	0,0	0,0	0,0	0,0	0,0	0,0	0,0	0,0	0,0	0,0	0,0	0,0	0,0	0,0	0,0	0,0	2,0	0,0	2,0	0,0	0,0	0,0	0,0	0,0
50119	Gelsa	2016	Regadío	109,0	4,0	0,0	0,0	0,0	0,0	0,0	0,0	0,0	0,0	0,0	0,0	4,0	0,0	0,0	0,0	0,0	0,0	0,0	0,0	0,0	105,0	105,0	0,0	0,0
50119	Gelsa	2016	Secano	3,0	0,0	0,0	0,0	0,0	0,0	0,0	0,0	0,0	0,0	0,0	0,0	0,0	0,0	0,0	0,0	0,0	0,0	0,0	0,0	0,0	3,0	3,0	0,0	0,0
50120	Godojos	2016	Regadío	1,0	0,0	0,0	0,0	0,0	0,0	0,0	0,0	0,0	0,0	0,0	0,0	0,0	0,0	0,0	0,0	0,0	1,0	0,0	1,0	0,0	0,0	0,0	0,0	0,0
50120	Godojos	2016	Secano	103,0	66,0	0,0	0,0	0,0	0,0	2,0	0,0	0,0	0,0	0,0	0,0	64,0	0,0	0,0	0,0	0,0	35,0	0,0	35,0	0,0	2,0	2,0	0,0	0,0
50121	Gotor	2016	Regadío	20,0	19,0	2,0	1,0	0,0	0,0	7,0	0,0	0,0	0,0	0,0	0,0	9,0	0,0	0,0	0,0	0,0	0,0	0,0	0,0	0,0	1,0	1,0	0,0	0,0
50121	Gotor	2016	Secano	168,0	140,0	0,0	0,0	0,0	0,0	15,0	0,0	0,0	0,0	0,0	0,0	125,0	0,0	0,0	0,0	0,0	10,0	0,0	10,0	0,0	18,0	18,0	0,0	0,0
50122	Grisel	2016	Regadío	48,0	9,0	0,0	0,0	0,0	0,0	3,0	0,0	0,0	0,0	0,0	0,0	6,0	0,0	0,0	0,0	0,0	6,0	0,0	6,0	0,0	33,0	33,0	0,0	0,0
50122	Grisel	2016	Secano	17,0	8,0	0,0	0,0	0,0	0,0	0,0	0,0	0,0	0,0	0,0	0,0	8,0	0,0	0,0	0,0	0,0	7,0	0,0	7,0	0,0	2,0	2,0	0,0	0,0
50123	Grisén	2016	Regadío	22,0	21,0	12,0	2,0	0,0	1,0	0,0	3,0	1,0	0,0	0,0	0,0	0,0	0,0	0,0	2,0	0,0	0,0	0,0	0,0	0,0	1,0	1,0	0,0	0,0
50123	Grisén	2016	Secano	0,0	0,0	0,0	0,0	0,0	0,0	0,0	0,0	0,0	0,0	0,0	0,0	0,0	0,0	0,0	0,0	0,0	0,0	0,0	0,0	0,0	0,0	0,0	0,0	0,0
50124	Herrera de los Navarros	2016	Regadío	38,0	38,0	0,0	0,0	0,0	0,0	0,0	0,0	0,0	0,0	0,0	0,0	38,0	0,0	0,0	0,0	0,0	0,0	0,0	0,0	0,0	0,0	0,0	0,0	0,0
50124	Herrera de los Navarros	2016	Secano	494,0	487,0	0,0	0,0	0,0	0,0	0,0	0,0	0,0	0,0	0,0	0,0	487,0	0,0	0,0	0,0	0,0	0,0	0,0	0,0	0,0	7,0	7,0	0,0	0,0
50125	Ibdes	2016	Regadío	20,0	15,0	1,0	1,0	0,0	0,0	1,0	1,0	1,0	0,0	0,0	0,0	10,0	0,0	0,0	0,0	0,0	5,0	0,0	5,0	0,0	0,0	0,0	0,0	0,0
50125	Ibdes	2016	Secano	779,0	645,0	0,0	0,0	0,0	0,0	24,0	4,0	2,0	0,0	0,0	0,0	615,0	0,0	0,0	0,0	0,0	133,0	0,0	133,0	0,0	1,0	1,0	0,0	0,0
50126	Illueca	2016	Regadío	11,0	4,0	0,0	0,0	0,0	0,0	3,0	0,0	0,0	0,0	0,0	0,0	0,0	1,0	0,0	0,0	0,0	0,0	0,0	0,0	0,0	7,0	7,0	0,0	0,0
50126	Illueca	2016	Secano	171,0	133,0	0,0	0,0	0,0	0,0	16,0	0,0	0,0	0,0	0,0	0,0	117,0	0,0	0,0	0,0	0,0	12,0	0,0	12,0	0,0	26,0	26,0	0,0	0,0
50128	Isuerre	2016	Regadío	0,0	0,0	0,0	0,0	0,0	0,0	0,0	0,0	0,0	0,0	0,0	0,0	0,0	0,0	0,0	0,0	0,0	0,0	0,0	0,0	0,0	0,0	0,0	0,0	0,0
50128	Isuerre	2016	Secano	6,0	0,0	0,0	0,0	0,0	0,0	0,0	0,0	0,0	0,0	0,0	0,0	0,0	0,0	0,0	0,0	0,0	1,0	0,0	1,0	0,0	5,0	5,0	0,0	0,0
50129	Jaraba	2016	Regadío	3,0	1,0	0,0	0,0	0,0	0,0	0,0	0,0	0,0	0,0	0,0	0,0	1,0	0,0	0,0	0,0	0,0	2,0	0,0	2,0	0,0	0,0	0,0	0,0	0,0
50129	Jaraba	2016	Secano	203,0	198,0	0,0	0,0	0,0	0,0	5,0	0,0	0,0	0,0	0,0	0,0	193,0	0,0	0,0	0,0	0,0	5,0	0,0	5,0	0,0	0,0	0,0	0,0	0,0
50130	Jarque	2016	Regadío	53,0	46,0	1,0	0,0	0,0	0,0	21,0	6,0	1,0	0,0	0,0	0,0	16,0	1,0	0,0	0,0	0,0	1,0	0,0	1,0	0,0	6,0	6,0	0,0	0,0
50130	Jarque	2016	Secano	512,0	412,0	0,0	0,0	0,0	0,0	22,0	0,0	0,0	0,0	0,0	0,0	390,0	0,0	0,0	0,0	0,0	36,0	0,0	36,0	0,0	64,0	64,0	0,0	0,0
50131	Jaulín	2016	Regadío	0,0	0,0	0,0	0,0	0,0	0,0	0,0	0,0	0,0	0,0	0,0	0,0	0,0	0,0	0,0	0,0	0,0	0,0	0,0	0,0	0,0	0,0	0,0	0,0	0,0
50131	Jaulín	2016	Secano	32,0	29,0	0,0	0,0	0,0	0,0	0,0	0,0	0,0	0,0	0,0	0,0	29,0	0,0	0,0	0,0	0,0	1,0	0,0	1,0	0,0	2,0	2,0	0,0	0,0
50132	Joyosa (La)	2016	Regadío	13,0	13,0	12,0	1,0	0,0	0,0	0,0	0,0	0,0	0,0	0,0	0,0	0,0	0,0	0,0	0,0	0,0	0,0	0,0	0,0	0,0	0,0	0,0	0,0	0,0
50132	Joyosa (La)	2016	Secano	0,0	0,0	0,0	0,0	0,0	0,0	0,0	0,0	0,0	0,0	0,0	0,0	0,0	0,0	0,0	0,0	0,0	0,0	0,0	0,0	0,0	0,0	0,0	0,0	0,0
50133	Lagata	2016	Regadío	14,0	10,0	1,0	7,0	0,0	0,0	0,0	0,0	0,0	0,0	0,0	0,0	2,0	0,0	0,0	0,0	0,0	1,0	0,0	1,0	0,0	3,0	3,0	0,0	0,0
50133	Lagata	2016	Secano	5,0	5,0	0,0	0,0	0,0	0,0	0,0	0,0	0,0	0,0	0,0	0,0	5,0	0,0	0,0	0,0	0,0	0,0	0,0	0,0	0,0	0,0	0,0	0,0	0,0
50134	Langa del Castillo	2016	Regadío	0,0	0,0	0,0	0,0	0,0	0,0	0,0	0,0	0,0	0,0	0,0	0,0	0,0	0,0	0,0	0,0	0,0	0,0	0,0	0,0	0,0	0,0	0,0	0,0	0,0
50134	Langa del Castillo	2016	Secano	1,0	1,0	0,0	0,0	0,0	0,0	0,0	0,0	0,0	0,0	0,0	0,0	1,0	0,0	0,0	0,0	0,0	0,0	0,0	0,0	0,0	0,0	0,0	0,0	0,0
50135	Layana	2016	Regadío											0,0														
50135	Layana	2016	Secano											0,0														
50136	Lécera	2016	Regadío	101,0	5,0	0,0	0,0	0,0	0,0	0,0	0,0	0,0	0,0	0,0	0,0	5,0	0,0	0,0	0,0	0,0	96,0	0,0	96,0	0,0	0,0	0,0	0,0	0,0
50136	Lécera	2016	Secano	413,0	283,0	0,0	0,0	0,0	0,0	0,0	0,0	0,0	0,0	0,0	0,0	282,0	1,0	0,0	0,0	0,0	126,0	0,0	126,0	0,0	4,0	4,0	0,0	0,0
50137	Leciñena	2016	Regadío	0,0	0,0	0,0	0,0	0,0	0,0	0,0	0,0	0,0	0,0	0,0	0,0	0,0	0,0	0,0	0,0	0,0	0,0	0,0	0,0	0,0	0,0	0,0	0,0	0,0
50137	Leciñena	2016	Secano	111,0	6,0	0,0	0,0	0,0	0,0	0,0	0,0	0,0	0,0	0,0	0,0	6,0	0,0	0,0	0,0	0,0	19,0	0,0	19,0	0,0	86,0	86,0	0,0	0,0
50138	Lechón	2016	Regadío											0,0														
50138	Lechón	2016	Secano											0,0														
50139	Letux	2016	Regadío	60,0	26,0	3,0	8,0	0,0	1,0	0,0	0,0	3,0	0,0	0,0	0,0	8,0	3,0	0,0	0,0	0,0	0,0	0,0	0,0	0,0	34,0	34,0	0,0	0,0
50139	Letux	2016	Secano	84,0	53,0	0,0	0,0	0,0	0,0	0,0	0,0	0,0	0,0	0,0	0,0	53,0	0,0	0,0	0,0	0,0	24,0	0,0	24,0	0,0	7,0	7,0	0,0	0,0
50140	Litago	2016	Regadío	5,0	4,0	0,0	0,0	0,0	0,0	0,0	0,0	0,0	0,0	0,0	0,0	1,0	3,0	0,0	0,0	0,0	0,0	0,0	0,0	0,0	1,0	1,0	0,0	0,0
50140	Litago	2016	Secano	5,0	5,0	0,0	0,0	0,0	0,0	0,0	0,0	0,0	0,0	0,0	0,0	5,0	0,0	0,0	0,0	0,0	0,0	0,0	0,0	0,0	0,0	0,0	0,0	0,0
50141	Lituénigo	2016	Regadío	10,0	4,0	0,0	0,0	0,0	0,0	0,0	0,0	0,0	0,0	0,0	0,0	3,0	1,0	0,0	0,0	0,0	0,0	0,0	0,0	0,0	6,0	6,0	0,0	0,0
50141	Lituénigo	2016	Secano	40,0	30,0	0,0	0,0	0,0	0,0	0,0	0,0	0,0	0,0	0,0	0,0	30,0	0,0	0,0	0,0	0,0	9,0	0,0	9,0	0,0	1,0	1,0	0,0	0,0
50142	Lobera de Onsella	2016	Regadío	0,0	0,0	0,0	0,0	0,0	0,0	0,0	0,0	0,0	0,0	0,0	0,0	0,0	0,0	0,0	0,0	0,0	0,0	0,0	0,0	0,0	0,0	0,0	0,0	0,0
50142	Lobera de Onsella	2016	Secano	3,0	0,0	0,0	0,0	0,0	0,0	0,0	0,0	0,0	0,0	0,0	0,0	0,0	0,0	0,0	0,0	0,0	3,0	0,0	3,0	0,0	0,0	0,0	0,0	0,0
50143	Longares	2016	Regadío	585,0	5,0	0,0	0,0	0,0	0,0	0,0	0,0	0,0	0,0	0,0	0,0	5,0	0,0	0,0	0,0	0,0	572,0	0,0	572,0	0,0	8,0	8,0	0,0	0,0
50143	Longares	2016	Secano	1277,0	54,0	0,0	0,0	0,0	0,0	1,0	0,0	0,0	0,0	0,0	0,0	53,0	0,0	0,0	0,0	0,0	1171,0	0,0	1171,0	0,0	52,0	52,0	0,0	0,0
50144	Longás	2016	Regadío											0,0														
50144	Longás	2016	Secano											0,0														
50146	Lucena de Jalón	2016	Regadío	218,0	198,0	80,0	29,0	0,0	7,0	50,0	12,0	0,0	0,0	0,0	0,0	19,0	1,0	0,0	0,0	0,0	17,0	0,0	17,0	0,0	3,0	3,0	0,0	0,0
50146	Lucena de Jalón	2016	Secano	81,0	74,0	37,0	0,0	0,0	0,0	22,0	2,0	0,0	0,0	0,0	0,0	13,0	0,0	0,0	0,0	0,0	4,0	0,0	4,0	0,0	3,0	3,0	0,0	0,0
50147	Luceni	2016	Regadío	89,0	13,0	5,0	4,0	0,0	0,0	2,0	2,0	0,0	0,0	0,0	0,0	0,0	0,0	0,0	0,0	0,0	0,0	0,0	0,0	0,0	76,0	76,0	0,0	0,0
50147	Luceni	2016	Secano	4,0	0,0	0,0	0,0	0,0	0,0	0,0	0,0	0,0	0,0	0,0	0,0	0,0	0,0	0,0	0,0	0,0	0,0	0,0	0,0	0,0	4,0	4,0	0,0	0,0
50148	Luesia	2016	Regadío	0,0	0,0	0,0	0,0	0,0	0,0	0,0	0,0	0,0	0,0	0,0	0,0	0,0	0,0	0,0	0,0	0,0	0,0	0,0	0,0	0,0	0,0	0,0	0,0	0,0
50148	Luesia	2016	Secano	16,0	10,0	0,0	0,0	0,0	0,0	0,0	0,0	0,0	0,0	0,0	0,0	10,0	0,0	0,0	0,0	0,0	5,0	0,0	5,0	0,0	1,0	1,0	0,0	0,0
50149	Luesma	2016	Regadío	0,0	0,0	0,0	0,0	0,0	0,0	0,0	0,0	0,0	0,0	0,0	0,0	0,0	0,0	0,0	0,0	0,0	0,0	0,0	0,0	0,0	0,0	0,0	0,0	0,0
50149	Luesma	2016	Secano	9,0	9,0	0,0	0,0	0,0	0,0	0,0	0,0	0,0	0,0	0,0	0,0	9,0	0,0	0,0	0,0	0,0	0,0	0,0	0,0	0,0	0,0	0,0	0,0	0,0
50150	Lumpiaque	2016	Regadío	77,0	67,0	36,0	10,0	0,0	0,0	0,0	5,0	0,0	0,0	0,0	0,0	14,0	0,0	0,0	2,0	0,0	4,0	0,0	4,0	0,0	6,0	6,0	0,0	0,0
50150	Lumpiaque	2016	Secano	249,0	158,0	0,0	0,0	0,0	0,0	0,0	0,0	0,0	0,0	0,0	0,0	158,0	0,0	0,0	0,0	0,0	12,0	0,0	12,0	0,0	79,0	79,0	0,0	0,0
50151	Luna	2016	Regadío	67,0	32,0	0,0	0,0	0,0	0,0	0,0	0,0	0,0	0,0	0,0	0,0	32,0	0,0	0,0	0,0	0,0	0,0	0,0	0,0	0,0	35,0	35,0	0,0	0,0
50151	Luna	2016	Secano	141,0	104,0	0,0	0,0	0,0	0,0	0,0	0,0	0,0	0,0	0,0	0,0	103,0	0,0	0,0	0,0	1,0	30,0	0,0	30,0	0,0	7,0	7,0	0,0	0,0
50152	Maella	2016	Regadío	1145,0	829,0	0,0	0,0	0,0	10,0	33,0	312,0	5,0	0,0	0,0	3,0	330,0	0,0	0,0	134,0	2,0	23,0	0,0	23,0	0,0	293,0	293,0	0,0	0,0
50152	Maella	2016	Secano	3713,0	1788,0	0,0	0,0	0,0	9,0	22,0	17,0	1,0	0,0	0,0	0,0	1708,0	0,0	0,0	26,0	5,0	161,0	0,0	161,0	0,0	1764,0	1764,0	0,0	0,0
50153	Magallón	2016	Regadío	723,0	188,0	0,0	0,0	0,0	0,0	0,0	0,0	0,0	0,0	0,0	0,0	188,0	0,0	0,0	0,0	0,0	344,0	0,0	344,0	0,0	191,0	191,0	0,0	0,0
50153	Magallón	2016	Secano	440,0	216,0	0,0	0,0	0,0	0,0	0,0	0,0	0,0	0,0	0,0	0,0	216,0	0,0	0,0	0,0	0,0	205,0	0,0	205,0	0,0	19,0	19,0	0,0	0,0
50154	Mainar	2016	Regadío	0,0	0,0	0,0	0,0	0,0	0,0	0,0	0,0	0,0	0,0	0,0	0,0	0,0	0,0	0,0	0,0	0,0	0,0	0,0	0,0	0,0	0,0	0,0	0,0	0,0
50154	Mainar	2016	Secano	1,0	1,0	0,0	0,0	0,0	0,0	0,0	0,0	0,0	0,0	0,0	0,0	1,0	0,0	0,0	0,0	0,0	0,0	0,0	0,0	0,0	0,0	0,0	0,0	0,0
50155	Malanquilla	2016	Regadío	0,0	0,0	0,0	0,0	0,0	0,0	0,0	0,0	0,0	0,0	0,0	0,0	0,0	0,0	0,0	0,0	0,0	0,0	0,0	0,0	0,0	0,0	0,0	0,0	0,0
50155	Malanquilla	2016	Secano	15,0	15,0	0,0	0,0	0,0	0,0	1,0	0,0	0,0	0,0	0,0	0,0	14,0	0,0	0,0	0,0	0,0	0,0	0,0	0,0	0,0	0,0	0,0	0,0	0,0
50156	Maleján	2016	Regadío											0,0														
50156	Maleján	2016	Secano											0,0														
50157	Malón	2016	Regadío	86,0	33,0	0,0	0,0	0,0	0,0	0,0	0,0	0,0	0,0	0,0	0,0	32,0	0,0	0,0	0,0	1,0	10,0	0,0	10,0	0,0	43,0	43,0	0,0	0,0
50157	Malón	2016	Secano	4,0	2,0	0,0	0,0	0,0	0,0	0,0	0,0	0,0	0,0	0,0	0,0	2,0	0,0	0,0	0,0	0,0	1,0	0,0	1,0	0,0	1,0	1,0	0,0	0,0
50159	Maluenda	2016	Regadío	174,0	174,0	35,0	64,0	0,0	0,0	0,0	69,0	2,0	0,0	0,0	0,0	3,0	0,0	0,0	1,0	0,0	0,0	0,0	0,0	0,0	0,0	0,0	0,0	0,0
50159	Maluenda	2016	Secano	600,0	466,0	0,0	1,0	0,0	0,0	25,0	7,0	5,0	0,0	0,0	0,0	428,0	0,0	0,0	0,0	0,0	133,0	1,0	132,0	0,0	1,0	1,0	0,0	0,0
50160	Mallén	2016	Regadío	179,0	45,0	0,0	0,0	0,0	0,0	0,0	1,0	0,0	0,0	0,0	0,0	44,0	0,0	0,0	0,0	0,0	5,0	0,0	5,0	0,0	129,0	129,0	0,0	0,0
50160	Mallén	2016	Secano	116,0	76,0	0,0	0,0	0,0	0,0	0,0	0,0	0,0	0,0	0,0	0,0	76,0	0,0	0,0	0,0	0,0	13,0	0,0	13,0	0,0	27,0	27,0	0,0	0,0
50161	Manchones	2016	Regadío	1,0	1,0	0,0	0,0	0,0	0,0	0,0	0,0	1,0	0,0	0,0	0,0	0,0	0,0	0,0	0,0	0,0	0,0	0,0	0,0	0,0	0,0	0,0	0,0	0,0
50161	Manchones	2016	Secano	60,0	24,0	0,0	0,0	0,0	0,0	1,0	0,0	0,0	0,0	0,0	0,0	23,0	0,0	0,0	0,0	0,0	36,0	0,0	36,0	0,0	0,0	0,0	0,0	0,0
50162	Mara	2016	Regadío	80,0	29,0	1,0	8,0	0,0	0,0	8,0	0,0	3,0	0,0	0,0	0,0	9,0	0,0	0,0	0,0	0,0	51,0	0,0	51,0	0,0	0,0	0,0	0,0	0,0
50162	Mara	2016	Secano	418,0	316,0	0,0	0,0	0,0	0,0	26,0	0,0	0,0	0,0	0,0	0,0	290,0	0,0	0,0	0,0	0,0	102,0	0,0	102,0	0,0	0,0	0,0	0,0	0,0
50163	María de Huerva	2016	Regadío	12,0	1,0	0,0	0,0	0,0	0,0	0,0	0,0	0,0	0,0	0,0	0,0	1,0	0,0	0,0	0,0	0,0	2,0	0,0	2,0	0,0	9,0	9,0	0,0	0,0
50163	María de Huerva	2016	Secano	31,0	15,0	0,0	0,0	0,0	0,0	0,0	0,0	0,0	0,0	0,0	0,0	15,0	0,0	0,0	0,0	0,0	2,0	0,0	2,0	0,0	14,0	14,0	0,0	0,0
50164	Mediana de Aragón	2016	Regadío	18,0	1,0	0,0	0,0	0,0	0,0	0,0	0,0	0,0	0,0	0,0	0,0	1,0	0,0	0,0	0,0	0,0	1,0	0,0	1,0	0,0	16,0	16,0	0,0	0,0
50164	Mediana de Aragón	2016	Secano	1,0	0,0	0,0	0,0	0,0	0,0	0,0	0,0	0,0	0,0	0,0	0,0	0,0	0,0	0,0	0,0	0,0	0,0	0,0	0,0	0,0	1,0	1,0	0,0	0,0
50165	Mequinenza	2016	Regadío	2409,0	1959,0	3,0	0,0	0,0	187,0	289,0	319,0	19,0	0,0	0,0	35,0	751,0	0,0	0,0	345,0	11,0	23,0	23,0	0,0	0,0	427,0	427,0	0,0	0,0
50165	Mequinenza	2016	Secano	2319,0	2055,0	0,0	0,0	0,0	68,0	121,0	77,0	17,0	0,0	0,0	14,0	1679,0	0,0	0,0	64,0	15,0	16,0	10,0	6,0	0,0	248,0	248,0	0,0	0,0
50166	Mesones de Isuela	2016	Regadío	22,0	16,0	0,0	1,0	0,0	2,0	3,0	0,0	6,0	0,0	0,0	0,0	4,0	0,0	0,0	0,0	0,0	0,0	0,0	0,0	0,0	6,0	6,0	0,0	0,0
50166	Mesones de Isuela	2016	Secano	279,0	204,0	0,0	0,0	0,0	0,0	3,0	0,0	0,0	0,0	0,0	0,0	201,0	0,0	0,0	0,0	0,0	33,0	0,0	33,0	0,0	42,0	42,0	0,0	0,0
50167	Mezalocha	2016	Regadío	87,0	3,0	0,0	0,0	0,0	0,0	0,0	0,0	0,0	0,0	0,0	0,0	3,0	0,0	0,0	0,0	0,0	83,0	0,0	83,0	0,0	1,0	1,0	0,0	0,0
50167	Mezalocha	2016	Secano	141,0	37,0	0,0	0,0	0,0	0,0	0,0	0,0	0,0	0,0	0,0	0,0	37,0	0,0	0,0	0,0	0,0	93,0	0,0	93,0	0,0	11,0	11,0	0,0	0,0
50168	Mianos	2016	Regadío											0,0														
50168	Mianos	2016	Secano											0,0														
50169	Miedes de Aragón	2016	Regadío	132,0	64,0	1,0	18,0	0,0	0,0	29,0	1,0	12,0	0,0	0,0	0,0	2,0	1,0	0,0	0,0	0,0	68,0	0,0	68,0	0,0	0,0	0,0	0,0	0,0
50169	Miedes de Aragón	2016	Secano	744,0	469,0	4,0	3,0	0,0	0,0	168,0	3,0	16,0	0,0	0,0	0,0	274,0	1,0	0,0	0,0	0,0	274,0	0,0	274,0	0,0	1,0	1,0	0,0	0,0
50170	Monegrillo	2016	Regadío	0,0	0,0	0,0	0,0	0,0	0,0	0,0	0,0	0,0	0,0	0,0	0,0	0,0	0,0	0,0	0,0	0,0	0,0	0,0	0,0	0,0	0,0	0,0	0,0	0,0
50170	Monegrillo	2016	Secano	8,0	7,0	0,0	0,0	0,0	0,0	0,0	0,0	0,0	0,0	0,0	0,0	7,0	0,0	0,0	0,0	0,0	0,0	0,0	0,0	0,0	1,0	1,0	0,0	0,0
50171	Moneva	2016	Regadío	6,0	6,0	0,0	0,0	0,0	0,0	0,0	0,0	0,0	0,0	0,0	0,0	4,0	2,0	0,0	0,0	0,0	0,0	0,0	0,0	0,0	0,0	0,0	0,0	0,0
50171	Moneva	2016	Secano	142,0	135,0	0,0	0,0	0,0	0,0	0,0	0,0	0,0	0,0	0,0	0,0	135,0	0,0	0,0	0,0	0,0	7,0	0,0	7,0	0,0	0,0	0,0	0,0	0,0
50172	Monreal de Ariza	2016	Regadío	19,0	19,0	16,0	3,0	0,0	0,0	0,0	0,0	0,0	0,0	0,0	0,0	0,0	0,0	0,0	0,0	0,0	0,0	0,0	0,0	0,0	0,0	0,0	0,0	0,0
50172	Monreal de Ariza	2016	Secano	1,0	1,0	0,0	0,0	0,0	0,0	0,0	0,0	0,0	0,0	0,0	0,0	1,0	0,0	0,0	0,0	0,0	0,0	0,0	0,0	0,0	0,0	0,0	0,0	0,0
50173	Monterde	2016	Regadío	3,0	3,0	0,0	0,0	0,0	0,0	1,0	0,0	0,0	0,0	0,0	0,0	1,0	1,0	0,0	0,0	0,0	0,0	0,0	0,0	0,0	0,0	0,0	0,0	0,0
50173	Monterde	2016	Secano	35,0	25,0	0,0	0,0	0,0	0,0	2,0	0,0	0,0	0,0	0,0	0,0	23,0	0,0	0,0	0,0	0,0	10,0	0,0	10,0	0,0	0,0	0,0	0,0	0,0
50174	Montón	2016	Regadío	57,0	54,0	3,0	33,0	0,0	0,0	0,0	14,0	4,0	0,0	0,0	0,0	0,0	0,0	0,0	0,0	0,0	3,0	0,0	3,0	0,0	0,0	0,0	0,0	0,0
50174	Montón	2016	Secano	35,0	25,0	0,0	0,0	0,0	0,0	2,0	1,0	1,0	0,0	0,0	0,0	21,0	0,0	0,0	0,0	0,0	10,0	0,0	10,0	0,0	0,0	0,0	0,0	0,0
50175	Morata de Jalón	2016	Regadío	47,0	27,0	13,0	4,0	0,0	0,0	1,0	3,0	4,0	0,0	0,0	0,0	2,0	0,0	0,0	0,0	0,0	1,0	0,0	1,0	0,0	19,0	19,0	0,0	0,0
50175	Morata de Jalón	2016	Secano	589,0	334,0	0,0	0,0	0,0	0,0	34,0	0,0	0,0	0,0	0,0	0,0	300,0	0,0	0,0	0,0	0,0	50,0	0,0	50,0	0,0	205,0	205,0	0,0	0,0
50176	Morata de Jiloca	2016	Regadío	108,0	94,0	15,0	55,0	0,0	0,0	9,0	5,0	8,0	0,0	0,0	0,0	2,0	0,0	0,0	0,0	0,0	14,0	0,0	14,0	0,0	0,0	0,0	0,0	0,0
50176	Morata de Jiloca	2016	Secano	190,0	134,0	0,0	1,0	0,0	0,0	9,0	1,0	6,0	0,0	0,0	0,0	113,0	0,0	0,0	0,0	4,0	56,0	0,0	56,0	0,0	0,0	0,0	0,0	0,0
50177	Morés	2016	Regadío	78,0	65,0	27,0	12,0	0,0	1,0	4,0	2,0	9,0	0,0	0,0	0,0	9,0	1,0	0,0	0,0	0,0	0,0	0,0	0,0	0,0	13,0	13,0	0,0	0,0
50177	Morés	2016	Secano	120,0	99,0	1,0	0,0	0,0	0,0	20,0	0,0	0,0	0,0	0,0	0,0	78,0	0,0	0,0	0,0	0,0	14,0	0,0	14,0	0,0	7,0	7,0	0,0	0,0
50178	Moros	2016	Regadío	169,0	152,0	66,0	28,0	0,0	0,0	25,0	15,0	16,0	0,0	0,0	0,0	2,0	0,0	0,0	0,0	0,0	17,0	0,0	17,0	0,0	0,0	0,0	0,0	0,0
50178	Moros	2016	Secano	326,0	172,0	2,0	4,0	0,0	0,0	41,0	4,0	20,0	0,0	0,0	0,0	101,0	0,0	0,0	0,0	0,0	154,0	0,0	154,0	0,0	0,0	0,0	0,0	0,0
50179	Moyuela	2016	Regadío	2,0	2,0	0,0	0,0	0,0	0,0	0,0	0,0	0,0	0,0	0,0	0,0	2,0	0,0	0,0	0,0	0,0	0,0	0,0	0,0	0,0	0,0	0,0	0,0	0,0
50179	Moyuela	2016	Secano	46,0	44,0	0,0	0,0	0,0	0,0	0,0	0,0	0,0	0,0	0,0	0,0	44,0	0,0	0,0	0,0	0,0	2,0	0,0	2,0	0,0	0,0	0,0	0,0	0,0
50180	Mozota	2016	Regadío	0,0	0,0	0,0	0,0	0,0	0,0	0,0	0,0	0,0	0,0	0,0	0,0	0,0	0,0	0,0	0,0	0,0	0,0	0,0	0,0	0,0	0,0	0,0	0,0	0,0
50180	Mozota	2016	Secano	3,0	1,0	0,0	0,0	0,0	0,0	0,0	0,0	0,0	0,0	0,0	0,0	1,0	0,0	0,0	0,0	0,0	0,0	0,0	0,0	0,0	2,0	2,0	0,0	0,0
50181	Muel	2016	Regadío	98,0	2,0	0,0	1,0	0,0	0,0	0,0	0,0	0,0	0,0	0,0	0,0	1,0	0,0	0,0	0,0	0,0	73,0	0,0	73,0	0,0	23,0	23,0	0,0	0,0
50181	Muel	2016	Secano	255,0	40,0	0,0	0,0	0,0	0,0	0,0	0,0	0,0	0,0	0,0	0,0	40,0	0,0	0,0	0,0	0,0	169,0	0,0	169,0	0,0	46,0	46,0	0,0	0,0
50182	Muela (La)	2016	Regadío	22,0	22,0	0,0	0,0	0,0	0,0	0,0	0,0	0,0	0,0	0,0	0,0	22,0	0,0	0,0	0,0	0,0	0,0	0,0	0,0	0,0	0,0	0,0	0,0	0,0
50182	Muela (La)	2016	Secano	649,0	299,0	0,0	0,0	0,0	0,0	0,0	0,0	0,0	0,0	0,0	0,0	299,0	0,0	0,0	0,0	0,0	0,0	0,0	0,0	0,0	348,0	348,0	0,0	2,0
50183	Munébrega	2016	Regadío	130,0	109,0	6,0	11,0	0,0	0,0	76,0	4,0	9,0	0,0	0,0	0,0	3,0	0,0	0,0	0,0	0,0	21,0	0,0	21,0	0,0	0,0	0,0	0,0	0,0
50183	Munébrega	2016	Secano	855,0	522,0	17,0	2,0	0,0	2,0	211,0	7,0	5,0	0,0	0,0	0,0	278,0	0,0	0,0	0,0	0,0	329,0	0,0	329,0	0,0	4,0	4,0	0,0	0,0
50184	Murero	2016	Regadío	0,0	0,0	0,0	0,0	0,0	0,0	0,0	0,0	0,0	0,0	0,0	0,0	0,0	0,0	0,0	0,0	0,0	0,0	0,0	0,0	0,0	0,0	0,0	0,0	0,0
50184	Murero	2016	Secano	126,0	29,0	0,0	0,0	0,0	0,0	1,0	0,0	0,0	0,0	0,0	0,0	28,0	0,0	0,0	0,0	0,0	97,0	0,0	97,0	0,0	0,0	0,0	0,0	0,0
50185	Murillo de Gállego	2016	Regadío	2,0	1,0	0,0	0,0	0,0	0,0	0,0	0,0	0,0	0,0	0,0	0,0	1,0	0,0	0,0	0,0	0,0	0,0	0,0	0,0	0,0	1,0	1,0	0,0	0,0
50185	Murillo de Gállego	2016	Secano	151,0	123,0	0,0	0,0	0,0	0,0	0,0	0,0	0,0	0,0	0,0	0,0	123,0	0,0	0,0	0,0	0,0	8,0	0,0	8,0	0,0	20,0	20,0	0,0	0,0
50186	Navardún	2016	Regadío	0,0	0,0	0,0	0,0	0,0	0,0	0,0	0,0	0,0	0,0	0,0	0,0	0,0	0,0	0,0	0,0	0,0	0,0	0,0	0,0	0,0	0,0	0,0	0,0	0,0
50186	Navardún	2016	Secano	1,0	1,0	0,0	0,0	0,0	0,0	0,0	0,0	0,0	0,0	0,0	0,0	1,0	0,0	0,0	0,0	0,0	0,0	0,0	0,0	0,0	0,0	0,0	0,0	0,0
50187	Nigüella	2016	Regadío	14,0	10,0	0,0	2,0	0,0	1,0	1,0	1,0	2,0	0,0	0,0	0,0	3,0	0,0	0,0	0,0	0,0	0,0	0,0	0,0	0,0	4,0	4,0	0,0	0,0
50187	Nigüella	2016	Secano	56,0	39,0	0,0	0,0	0,0	0,0	0,0	0,0	0,0	0,0	0,0	0,0	39,0	0,0	0,0	0,0	0,0	8,0	0,0	8,0	0,0	9,0	9,0	0,0	0,0
50188	Nombrevilla	2016	Regadío	0,0	0,0	0,0	0,0	0,0	0,0	0,0	0,0	0,0	0,0	0,0	0,0	0,0	0,0	0,0	0,0	0,0	0,0	0,0	0,0	0,0	0,0	0,0	0,0	0,0
50188	Nombrevilla	2016	Secano	1,0	1,0	0,0	0,0	0,0	0,0	0,0	0,0	0,0	0,0	0,0	0,0	1,0	0,0	0,0	0,0	0,0	0,0	0,0	0,0	0,0	0,0	0,0	0,0	0,0
50189	Nonaspe	2016	Regadío	415,0	309,0	0,0	1,0	0,0	0,0	9,0	62,0	29,0	0,0	0,0	8,0	163,0	0,0	0,0	37,0	0,0	35,0	0,0	35,0	0,0	71,0	71,0	0,0	0,0
50189	Nonaspe	2016	Secano	977,0	593,0	0,0	0,0	0,0	0,0	1,0	40,0	2,0	0,0	0,0	0,0	539,0	0,0	0,0	11,0	0,0	173,0	0,0	173,0	0,0	211,0	211,0	0,0	0,0
50190	Novallas	2016	Regadío	132,0	45,0	0,0	0,0	0,0	0,0	0,0	0,0	0,0	0,0	0,0	0,0	45,0	0,0	0,0	0,0	0,0	2,0	0,0	2,0	0,0	85,0	85,0	0,0	0,0
50190	Novallas	2016	Secano	7,0	4,0	0,0	0,0	0,0	0,0	0,0	0,0	0,0	0,0	0,0	0,0	4,0	0,0	0,0	0,0	0,0	0,0	0,0	0,0	0,0	3,0	3,0	0,0	0,0
50191	Novillas	2016	Regadío	17,0	6,0	0,0	3,0	0,0	0,0	0,0	0,0	0,0	0,0	0,0	0,0	3,0	0,0	0,0	0,0	0,0	0,0	0,0	0,0	0,0	11,0	11,0	0,0	0,0
50191	Novillas	2016	Secano	1,0	0,0	0,0	0,0	0,0	0,0	0,0	0,0	0,0	0,0	0,0	0,0	0,0	0,0	0,0	0,0	0,0	0,0	0,0	0,0	0,0	1,0	1,0	0,0	0,0
50192	Nuévalos	2016	Regadío	0,0	0,0	0,0	0,0	0,0	0,0	0,0	0,0	0,0	0,0	0,0	0,0	0,0	0,0	0,0	0,0	0,0	0,0	0,0	0,0	0,0	0,0	0,0	0,0	0,0
50192	Nuévalos	2016	Secano	36,0	30,0	0,0	0,0	0,0	0,0	0,0	0,0	0,0	0,0	0,0	0,0	30,0	0,0	0,0	0,0	0,0	6,0	0,0	6,0	0,0	0,0	0,0	0,0	0,0
50193	Nuez de Ebro	2016	Regadío											0,0														
50193	Nuez de Ebro	2016	Secano											0,0														
50194	Olvés	2016	Regadío	24,0	23,0	2,0	0,0	0,0	0,0	14,0	4,0	3,0	0,0	0,0	0,0	0,0	0,0	0,0	0,0	0,0	1,0	0,0	1,0	0,0	0,0	0,0	0,0	0,0
50194	Olvés	2016	Secano	590,0	512,0	1,0	1,0	0,0	0,0	110,0	4,0	4,0	0,0	0,0	0,0	392,0	0,0	0,0	0,0	0,0	73,0	0,0	73,0	0,0	5,0	5,0	0,0	0,0
50195	Orcajo	2016	Regadío	0,0	0,0	0,0	0,0	0,0	0,0	0,0	0,0	0,0	0,0	0,0	0,0	0,0	0,0	0,0	0,0	0,0	0,0	0,0	0,0	0,0	0,0	0,0	0,0	0,0
50195	Orcajo	2016	Secano	56,0	33,0	0,0	0,0	0,0	0,0	1,0	0,0	0,0	0,0	0,0	0,0	32,0	0,0	0,0	0,0	0,0	23,0	0,0	23,0	0,0	0,0	0,0	0,0	0,0
50196	Orera	2016	Regadío	28,0	22,0	0,0	0,0	0,0	0,0	3,0	1,0	10,0	0,0	0,0	0,0	8,0	0,0	0,0	0,0	0,0	3,0	0,0	3,0	0,0	3,0	3,0	0,0	0,0
50196	Orera	2016	Secano	298,0	236,0	0,0	0,0	0,0	0,0	46,0	0,0	5,0	0,0	0,0	0,0	185,0	0,0	0,0	0,0	0,0	59,0	0,0	59,0	0,0	3,0	3,0	0,0	0,0
50197	Orés	2016	Regadío	0,0	0,0	0,0	0,0	0,0	0,0	0,0	0,0	0,0	0,0	0,0	0,0	0,0	0,0	0,0	0,0	0,0	0,0	0,0	0,0	0,0	0,0	0,0	0,0	0,0
50197	Orés	2016	Secano	121,0	116,0	0,0	0,0	0,0	0,0	0,0	0,0	0,0	0,0	0,0	0,0	116,0	0,0	0,0	0,0	0,0	4,0	0,0	4,0	0,0	1,0	1,0	0,0	0,0
50198	Oseja	2016	Regadío	2,0	0,0	0,0	0,0	0,0	0,0	0,0	0,0	0,0	0,0	0,0	0,0	0,0	0,0	0,0	0,0	0,0	0,0	0,0	0,0	0,0	2,0	2,0	0,0	0,0
50198	Oseja	2016	Secano	25,0	24,0	0,0	0,0	0,0	0,0	2,0	0,0	0,0	0,0	0,0	0,0	22,0	0,0	0,0	0,0	0,0	0,0	0,0	0,0	0,0	1,0	1,0	0,0	0,0
50199	Osera de Ebro	2016	Regadío	519,0	440,0	0,0	74,0	0,0	0,0	0,0	17,0	26,0	0,0	0,0	0,0	316,0	0,0	0,0	7,0	0,0	0,0	0,0	0,0	0,0	79,0	79,0	0,0	0,0
50199	Osera de Ebro	2016	Secano	2,0	2,0	0,0	0,0	0,0	0,0	0,0	0,0	0,0	0,0	0,0	0,0	2,0	0,0	0,0	0,0	0,0	0,0	0,0	0,0	0,0	0,0	0,0	0,0	0,0
50200	Paniza	2016	Regadío	103,0	1,0	0,0	0,0	0,0	0,0	1,0	0,0	0,0	0,0	0,0	0,0	0,0	0,0	0,0	0,0	0,0	102,0	0,0	102,0	0,0	0,0	0,0	0,0	0,0
50200	Paniza	2016	Secano	1379,0	32,0	0,0	0,0	0,0	0,0	3,0	0,0	0,0	0,0	0,0	0,0	28,0	0,0	0,0	0,0	1,0	1340,0	0,0	1340,0	0,0	7,0	7,0	0,0	0,0
50201	Paracuellos de Jiloca	2016	Regadío	130,0	129,0	36,0	60,0	0,0	0,0	2,0	18,0	12,0	0,0	0,0	0,0	1,0	0,0	0,0	0,0	0,0	1,0	0,0	1,0	0,0	0,0	0,0	0,0	0,0
50201	Paracuellos de Jiloca	2016	Secano	321,0	187,0	0,0	0,0	0,0	0,0	17,0	1,0	1,0	0,0	0,0	0,0	168,0	0,0	0,0	0,0	0,0	133,0	0,0	133,0	0,0	1,0	1,0	0,0	0,0
50202	Paracuellos de la Ribera	2016	Regadío	61,0	60,0	0,0	5,0	0,0	10,0	23,0	1,0	18,0	0,0	0,0	0,0	2,0	0,0	0,0	0,0	1,0	0,0	0,0	0,0	0,0	1,0	1,0	0,0	0,0
50202	Paracuellos de la Ribera	2016	Secano	88,0	73,0	1,0	0,0	0,0	2,0	47,0	0,0	2,0	0,0	0,0	0,0	21,0	0,0	0,0	0,0	0,0	4,0	0,0	4,0	0,0	11,0	11,0	0,0	0,0
50203	Pastriz	2016	Regadío	1,0	1,0	0,0	0,0	0,0	0,0	0,0	0,0	0,0	0,0	0,0	0,0	0,0	0,0	0,0	0,0	1,0	0,0	0,0	0,0	0,0	0,0	0,0	0,0	0,0
50203	Pastriz	2016	Secano	0,0	0,0	0,0	0,0	0,0	0,0	0,0	0,0	0,0	0,0	0,0	0,0	0,0	0,0	0,0	0,0	0,0	0,0	0,0	0,0	0,0	0,0	0,0	0,0	0,0
50204	Pedrola	2016	Regadío	50,0	18,0	0,0	0,0	0,0	0,0	0,0	0,0	0,0	0,0	0,0	0,0	0,0	18,0	0,0	0,0	0,0	0,0	0,0	0,0	0,0	32,0	32,0	0,0	0,0
50204	Pedrola	2016	Secano	20,0	13,0	0,0	0,0	0,0	0,0	0,0	0,0	0,0	0,0	0,0	0,0	6,0	0,0	0,0	0,0	7,0	0,0	0,0	0,0	0,0	7,0	7,0	0,0	0,0
50205	Pedrosas (Las)	2016	Regadío	0,0	0,0	0,0	0,0	0,0	0,0	0,0	0,0	0,0	0,0	0,0	0,0	0,0	0,0	0,0	0,0	0,0	0,0	0,0	0,0	0,0	0,0	0,0	0,0	0,0
50205	Pedrosas (Las)	2016	Secano	69,0	61,0	0,0	0,0	0,0	0,0	0,0	0,0	0,0	0,0	0,0	0,0	61,0	0,0	0,0	0,0	0,0	4,0	0,0	4,0	0,0	4,0	4,0	0,0	0,0
50206	Perdiguera	2016	Regadío	96,0	96,0	0,0	0,0	0,0	0,0	0,0	0,0	0,0	0,0	0,0	0,0	96,0	0,0	0,0	0,0	0,0	0,0	0,0	0,0	0,0	0,0	0,0	0,0	0,0
50206	Perdiguera	2016	Secano	291,0	263,0	0,0	0,0	0,0	0,0	0,0	0,0	0,0	0,0	0,0	0,0	263,0	0,0	0,0	0,0	0,0	3,0	0,0	3,0	0,0	25,0	25,0	0,0	0,0
50207	Piedratajada	2016	Regadío	8,0	7,0	0,0	0,0	0,0	0,0	0,0	0,0	0,0	0,0	0,0	0,0	7,0	0,0	0,0	0,0	0,0	0,0	0,0	0,0	0,0	1,0	1,0	0,0	0,0
50207	Piedratajada	2016	Secano	19,0	18,0	0,0	0,0	0,0	0,0	0,0	0,0	0,0	0,0	0,0	0,0	18,0	0,0	0,0	0,0	0,0	0,0	0,0	0,0	0,0	1,0	1,0	0,0	0,0
50208	Pina de Ebro	2016	Regadío	269,0	198,0	11,0	22,0	0,0	16,0	0,0	26,0	0,0	8,0	0,0	0,0	111,0	4,0	0,0	0,0	0,0	0,0	0,0	0,0	0,0	71,0	71,0	0,0	0,0
50208	Pina de Ebro	2016	Secano	67,0	10,0	3,0	1,0	0,0	0,0	0,0	0,0	0,0	0,0	0,0	0,0	6,0	0,0	0,0	0,0	0,0	0,0	0,0	0,0	0,0	57,0	57,0	0,0	0,0
50209	Pinseque	2016	Regadío	1,0	0,0	0,0	0,0	0,0	0,0	0,0	0,0	0,0	0,0	0,0	0,0	0,0	0,0	0,0	0,0	0,0	0,0	0,0	0,0	0,0	1,0	1,0	0,0	0,0
50209	Pinseque	2016	Secano	0,0	0,0	0,0	0,0	0,0	0,0	0,0	0,0	0,0	0,0	0,0	0,0	0,0	0,0	0,0	0,0	0,0	0,0	0,0	0,0	0,0	0,0	0,0	0,0	0,0
50210	Pintanos (Los)	2016	Regadío											0,0														
50210	Pintanos (Los)	2016	Secano											0,0														
50211	Plasencia de Jalón	2016	Regadío	165,0	152,0	83,0	6,0	0,0	1,0	0,0	18,0	0,0	0,0	0,0	0,0	44,0	0,0	0,0	0,0	0,0	0,0	0,0	0,0	0,0	13,0	13,0	0,0	0,0
50211	Plasencia de Jalón	2016	Secano	21,0	10,0	0,0	0,0	0,0	0,0	0,0	0,0	0,0	0,0	0,0	0,0	0,0	0,0	0,0	10,0	0,0	2,0	0,0	2,0	0,0	9,0	9,0	0,0	0,0
50212	Pleitas	2016	Regadío	16,0	13,0	7,0	3,0	0,0	0,0	0,0	2,0	1,0	0,0	0,0	0,0	0,0	0,0	0,0	0,0	0,0	0,0	0,0	0,0	0,0	3,0	3,0	0,0	0,0
50212	Pleitas	2016	Secano	0,0	0,0	0,0	0,0	0,0	0,0	0,0	0,0	0,0	0,0	0,0	0,0	0,0	0,0	0,0	0,0	0,0	0,0	0,0	0,0	0,0	0,0	0,0	0,0	0,0
50213	Plenas	2016	Regadío	2,0	2,0	0,0	0,0	0,0	0,0	0,0	0,0	0,0	0,0	0,0	0,0	2,0	0,0	0,0	0,0	0,0	0,0	0,0	0,0	0,0	0,0	0,0	0,0	0,0
50213	Plenas	2016	Secano	355,0	348,0	0,0	0,0	0,0	0,0	0,0	0,0	0,0	0,0	0,0	0,0	348,0	0,0	0,0	0,0	0,0	7,0	0,0	7,0	0,0	0,0	0,0	0,0	0,0
50214	Pomer	2016	Regadío											0,0														
50214	Pomer	2016	Secano											0,0														
50215	Pozuel de Ariza	2016	Regadío											0,0														
50215	Pozuel de Ariza	2016	Secano											0,0														
50216	Pozuelo de Aragón	2016	Regadío	52,0	10,0	0,0	0,0	0,0	0,0	0,0	0,0	0,0	0,0	0,0	0,0	10,0	0,0	0,0	0,0	0,0	37,0	0,0	37,0	0,0	5,0	5,0	0,0	0,0
50216	Pozuelo de Aragón	2016	Secano	78,0	17,0	0,0	0,0	0,0	0,0	0,0	0,0	0,0	0,0	0,0	0,0	17,0	0,0	0,0	0,0	0,0	56,0	0,0	56,0	0,0	5,0	5,0	0,0	0,0
50217	Pradilla de Ebro	2016	Regadío	2,0	1,0	0,0	1,0	0,0	0,0	0,0	0,0	0,0	0,0	0,0	0,0	0,0	0,0	0,0	0,0	0,0	0,0	0,0	0,0	0,0	1,0	1,0	0,0	0,0
50217	Pradilla de Ebro	2016	Secano	0,0	0,0	0,0	0,0	0,0	0,0	0,0	0,0	0,0	0,0	0,0	0,0	0,0	0,0	0,0	0,0	0,0	0,0	0,0	0,0	0,0	0,0	0,0	0,0	0,0
50218	Puebla de Albortón	2016	Regadío	0,0	0,0	0,0	0,0	0,0	0,0	0,0	0,0	0,0	0,0	0,0	0,0	0,0	0,0	0,0	0,0	0,0	0,0	0,0	0,0	0,0	0,0	0,0	0,0	0,0
50218	Puebla de Albortón	2016	Secano	24,0	23,0	0,0	0,0	0,0	0,0	0,0	0,0	0,0	0,0	0,0	0,0	23,0	0,0	0,0	0,0	0,0	0,0	0,0	0,0	0,0	1,0	1,0	0,0	0,0
50219	Puebla de Alfindén (La)	2016	Regadío											0,0														
50219	Puebla de Alfindén (La)	2016	Secano											0,0														
50220	Puendeluna	2016	Regadío	0,0	0,0	0,0	0,0	0,0	0,0	0,0	0,0	0,0	0,0	0,0	0,0	0,0	0,0	0,0	0,0	0,0	0,0	0,0	0,0	0,0	0,0	0,0	0,0	0,0
50220	Puendeluna	2016	Secano	10,0	8,0	0,0	0,0	0,0	0,0	0,0	0,0	0,0	0,0	0,0	0,0	8,0	0,0	0,0	0,0	0,0	0,0	0,0	0,0	0,0	1,0	1,0	0,0	1,0
50221	Purujosa	2016	Regadío											0,0														
50221	Purujosa	2016	Secano											0,0														
50222	Quinto	2016	Regadío	276,0	222,0	0,0	39,0	0,0	16,0	0,0	11,0	15,0	1,0	0,0	0,0	125,0	0,0	0,0	2,0	13,0	0,0	0,0	0,0	0,0	54,0	54,0	0,0	0,0
50222	Quinto	2016	Secano	35,0	31,0	0,0	0,0	0,0	0,0	0,0	0,0	0,0	0,0	0,0	0,0	31,0	0,0	0,0	0,0	0,0	0,0	0,0	0,0	0,0	4,0	4,0	0,0	0,0
50223	Remolinos	2016	Regadío	22,0	21,0	7,0	13,0	0,0	0,0	0,0	0,0	0,0	0,0	0,0	0,0	1,0	0,0	0,0	0,0	0,0	0,0	0,0	0,0	0,0	1,0	1,0	0,0	0,0
50223	Remolinos	2016	Secano	0,0	0,0	0,0	0,0	0,0	0,0	0,0	0,0	0,0	0,0	0,0	0,0	0,0	0,0	0,0	0,0	0,0	0,0	0,0	0,0	0,0	0,0	0,0	0,0	0,0
50224	Retascón	2016	Regadío	0,0	0,0	0,0	0,0	0,0	0,0	0,0	0,0	0,0	0,0	0,0	0,0	0,0	0,0	0,0	0,0	0,0	0,0	0,0	0,0	0,0	0,0	0,0	0,0	0,0
50224	Retascón	2016	Secano	3,0	3,0	0,0	0,0	0,0	0,0	0,0	0,0	0,0	0,0	0,0	0,0	3,0	0,0	0,0	0,0	0,0	0,0	0,0	0,0	0,0	0,0	0,0	0,0	0,0
50225	Ricla	2016	Regadío	2547,0	2436,0	34,0	26,0	0,0	188,0	918,0	836,0	35,0	3,0	0,0	7,0	87,0	0,0	0,0	293,0	9,0	9,0	5,0	4,0	0,0	102,0	102,0	0,0	0,0
50225	Ricla	2016	Secano	313,0	205,0	0,0	0,0	0,0	8,0	63,0	11,0	0,0	0,0	0,0	1,0	120,0	0,0	0,0	2,0	0,0	63,0	0,0	63,0	0,0	45,0	45,0	0,0	0,0
50227	Romanos	2016	Regadío	0,0	0,0	0,0	0,0	0,0	0,0	0,0	0,0	0,0	0,0	0,0	0,0	0,0	0,0	0,0	0,0	0,0	0,0	0,0	0,0	0,0	0,0	0,0	0,0	0,0
50227	Romanos	2016	Secano	5,0	5,0	0,0	0,0	0,0	0,0	0,0	0,0	0,0	0,0	0,0	0,0	5,0	0,0	0,0	0,0	0,0	0,0	0,0	0,0	0,0	0,0	0,0	0,0	0,0
50228	Rueda de Jalón	2016	Regadío	306,0	268,0	101,0	103,0	0,0	3,0	0,0	32,0	0,0	0,0	0,0	0,0	11,0	0,0	0,0	18,0	0,0	33,0	0,0	33,0	0,0	5,0	5,0	0,0	0,0
50228	Rueda de Jalón	2016	Secano	354,0	221,0	0,0	0,0	0,0	0,0	0,0	0,0	0,0	0,0	0,0	0,0	221,0	0,0	0,0	0,0	0,0	71,0	0,0	71,0	0,0	62,0	62,0	0,0	0,0
50229	Ruesca	2016	Regadío	79,0	27,0	0,0	0,0	0,0	0,0	19,0	0,0	2,0	0,0	0,0	0,0	6,0	0,0	0,0	0,0	0,0	52,0	0,0	52,0	0,0	0,0	0,0	0,0	0,0
50229	Ruesca	2016	Secano	226,0	135,0	0,0	0,0	0,0	1,0	30,0	0,0	3,0	0,0	0,0	0,0	101,0	0,0	0,0	0,0	0,0	90,0	0,0	90,0	0,0	1,0	1,0	0,0	0,0
50230	Sádaba	2016	Regadío	41,0	36,0	0,0	0,0	0,0	0,0	0,0	0,0	0,0	0,0	0,0	0,0	35,0	1,0	0,0	0,0	0,0	0,0	0,0	0,0	0,0	5,0	5,0	0,0	0,0
50230	Sádaba	2016	Secano	7,0	6,0	0,0	0,0	0,0	0,0	0,0	0,0	0,0	0,0	0,0	0,0	6,0	0,0	0,0	0,0	0,0	0,0	0,0	0,0	0,0	1,0	1,0	0,0	0,0
50231	Salillas de Jalón	2016	Regadío	38,0	38,0	30,0	4,0	0,0	1,0	0,0	2,0	0,0	0,0	0,0	0,0	1,0	0,0	0,0	0,0	0,0	0,0	0,0	0,0	0,0	0,0	0,0	0,0	0,0
50231	Salillas de Jalón	2016	Secano	0,0	0,0	0,0	0,0	0,0	0,0	0,0	0,0	0,0	0,0	0,0	0,0	0,0	0,0	0,0	0,0	0,0	0,0	0,0	0,0	0,0	0,0	0,0	0,0	0,0
50232	Salvatierra de Esca	2016	Regadío											0,0														
50232	Salvatierra de Esca	2016	Secano											0,0														
50233	Samper del Salz	2016	Regadío	7,0	6,0	1,0	4,0	0,0	0,0	0,0	0,0	1,0	0,0	0,0	0,0	0,0	0,0	0,0	0,0	0,0	0,0	0,0	0,0	0,0	1,0	1,0	0,0	0,0
50233	Samper del Salz	2016	Secano	6,0	3,0	0,0	0,0	0,0	0,0	0,0	0,0	0,0	0,0	0,0	0,0	3,0	0,0	0,0	0,0	0,0	3,0	0,0	3,0	0,0	0,0	0,0	0,0	0,0
50234	San Martín de la Virgen de Moncayo	2016	Regadío	1,0	0,0	0,0	0,0	0,0	0,0	0,0	0,0	0,0	0,0	0,0	0,0	0,0	0,0	0,0	0,0	0,0	0,0	0,0	0,0	0,0	1,0	1,0	0,0	0,0
50234	San Martín de la Virgen de Moncayo	2016	Secano	2,0	2,0	0,0	0,0	0,0	0,0	0,0	0,0	0,0	0,0	0,0	0,0	2,0	0,0	0,0	0,0	0,0	0,0	0,0	0,0	0,0	0,0	0,0	0,0	0,0
50235	San Mateo de Gállego	2016	Regadío	15,0	4,0	0,0	3,0	0,0	0,0	0,0	0,0	0,0	0,0	0,0	0,0	0,0	1,0	0,0	0,0	0,0	0,0	0,0	0,0	0,0	11,0	11,0	0,0	0,0
50235	San Mateo de Gállego	2016	Secano	16,0	10,0	0,0	0,0	0,0	0,0	0,0	0,0	0,0	0,0	0,0	0,0	7,0	0,0	0,0	0,0	3,0	3,0	0,0	3,0	0,0	3,0	3,0	0,0	0,0
50236	Santa Cruz de Grío	2016	Regadío	23,0	7,0	0,0	0,0	0,0	0,0	4,0	2,0	0,0	0,0	0,0	0,0	1,0	0,0	0,0	0,0	0,0	0,0	0,0	0,0	0,0	16,0	16,0	0,0	0,0
50236	Santa Cruz de Grío	2016	Secano	180,0	102,0	0,0	0,0	0,0	0,0	39,0	0,0	0,0	0,0	0,0	0,0	63,0	0,0	0,0	0,0	0,0	15,0	0,0	15,0	0,0	63,0	63,0	0,0	0,0
50237	Santa Cruz de Moncayo	2016	Regadío	14,0	2,0	0,0	0,0	0,0	0,0	0,0	0,0	0,0	0,0	0,0	0,0	2,0	0,0	0,0	0,0	0,0	1,0	0,0	1,0	0,0	11,0	11,0	0,0	0,0
50237	Santa Cruz de Moncayo	2016	Secano	4,0	2,0	0,0	0,0	0,0	0,0	0,0	0,0	0,0	0,0	0,0	0,0	2,0	0,0	0,0	0,0	0,0	1,0	0,0	1,0	0,0	1,0	1,0	0,0	0,0
50238	Santa Eulalia de Gállego	2016	Regadío	0,0	0,0	0,0	0,0	0,0	0,0	0,0	0,0	0,0	0,0	0,0	0,0	0,0	0,0	0,0	0,0	0,0	0,0	0,0	0,0	0,0	0,0	0,0	0,0	0,0
50238	Santa Eulalia de Gállego	2016	Secano	113,0	91,0	0,0	0,0	0,0	0,0	0,0	0,0	0,0	0,0	0,0	0,0	91,0	0,0	0,0	0,0	0,0	4,0	0,0	4,0	0,0	18,0	18,0	0,0	0,0
50239	Santed	2016	Regadío											0,0														
50239	Santed	2016	Secano											0,0														
50240	Sástago	2016	Regadío	764,0	428,0	0,0	32,0	0,0	41,0	77,0	136,0	33,0	0,0	0,0	1,0	8,0	0,0	0,0	100,0	0,0	20,0	20,0	0,0	0,0	316,0	316,0	0,0	0,0
50240	Sástago	2016	Secano	11,0	8,0	0,0	0,0	0,0	1,0	0,0	0,0	0,0	0,0	0,0	0,0	7,0	0,0	0,0	0,0	0,0	0,0	0,0	0,0	0,0	3,0	3,0	0,0	0,0
50241	Saviñán	2016	Regadío	138,0	112,0	6,0	20,0	0,0	21,0	14,0	0,0	49,0	0,0	0,0	0,0	1,0	0,0	0,0	0,0	1,0	0,0	0,0	0,0	0,0	19,0	19,0	0,0	7,0
50241	Saviñán	2016	Secano	177,0	138,0	1,0	0,0	0,0	5,0	40,0	1,0	3,0	0,0	0,0	0,0	85,0	0,0	0,0	0,0	3,0	0,0	0,0	0,0	0,0	39,0	39,0	0,0	0,0
50242	Sediles	2016	Regadío	18,0	0,0	0,0	0,0	0,0	0,0	0,0	0,0	0,0	0,0	0,0	0,0	0,0	0,0	0,0	0,0	0,0	0,0	0,0	0,0	0,0	18,0	18,0	0,0	0,0
50242	Sediles	2016	Secano	110,0	90,0	0,0	0,0	0,0	0,0	11,0	0,0	0,0	0,0	0,0	0,0	79,0	0,0	0,0	0,0	0,0	4,0	0,0	4,0	0,0	16,0	16,0	0,0	0,0
50243	Sestrica	2016	Regadío	59,0	43,0	0,0	0,0	0,0	0,0	38,0	0,0	1,0	0,0	0,0	0,0	4,0	0,0	0,0	0,0	0,0	0,0	0,0	0,0	0,0	16,0	16,0	0,0	0,0
50243	Sestrica	2016	Secano	384,0	323,0	1,0	0,0	0,0	0,0	136,0	0,0	3,0	0,0	0,0	0,0	183,0	0,0	0,0	0,0	0,0	7,0	0,0	7,0	0,0	54,0	54,0	0,0	0,0
50244	Sierra de Luna	2016	Regadío	21,0	2,0	0,0	0,0	0,0	0,0	0,0	0,0	0,0	0,0	0,0	0,0	2,0	0,0	0,0	0,0	0,0	0,0	0,0	0,0	0,0	19,0	19,0	0,0	0,0
50244	Sierra de Luna	2016	Secano	406,0	326,0	0,0	0,0	0,0	0,0	0,0	0,0	0,0	0,0	0,0	0,0	326,0	0,0	0,0	0,0	0,0	13,0	0,0	13,0	0,0	67,0	67,0	0,0	0,0
50245	Sigüés	2016	Regadío	0,0	0,0	0,0	0,0	0,0	0,0	0,0	0,0	0,0	0,0	0,0	0,0	0,0	0,0	0,0	0,0	0,0	0,0	0,0	0,0	0,0	0,0	0,0	0,0	0,0
50245	Sigüés	2016	Secano	4,0	0,0	0,0	0,0	0,0	0,0	0,0	0,0	0,0	0,0	0,0	0,0	0,0	0,0	0,0	0,0	0,0	4,0	0,0	4,0	0,0	0,0	0,0	0,0	0,0
50246	Sisamón	2016	Regadío	0,0	0,0	0,0	0,0	0,0	0,0	0,0	0,0	0,0	0,0	0,0	0,0	0,0	0,0	0,0	0,0	0,0	0,0	0,0	0,0	0,0	0,0	0,0	0,0	0,0
50246	Sisamón	2016	Secano	1,0	1,0	0,0	0,0	0,0	0,0	0,0	0,0	0,0	0,0	0,0	0,0	1,0	0,0	0,0	0,0	0,0	0,0	0,0	0,0	0,0	0,0	0,0	0,0	0,0
50247	Sobradiel	2016	Regadío											0,0														
50247	Sobradiel	2016	Secano											0,0														
50248	Sos del Rey Católico	2016	Regadío	0,0	0,0	0,0	0,0	0,0	0,0	0,0	0,0	0,0	0,0	0,0	0,0	0,0	0,0	0,0	0,0	0,0	0,0	0,0	0,0	0,0	0,0	0,0	0,0	0,0
50248	Sos del Rey Católico	2016	Secano	48,0	46,0	0,0	0,0	0,0	0,0	0,0	0,0	0,0	0,0	0,0	0,0	46,0	0,0	0,0	0,0	0,0	1,0	0,0	1,0	0,0	1,0	1,0	0,0	0,0
50249	Tabuenca	2016	Regadío	2,0	0,0	0,0	0,0	0,0	0,0	0,0	0,0	0,0	0,0	0,0	0,0	0,0	0,0	0,0	0,0	0,0	2,0	0,0	2,0	0,0	0,0	0,0	0,0	0,0
50249	Tabuenca	2016	Secano	1235,0	764,0	0,0	0,0	0,0	0,0	0,0	0,0	0,0	0,0	0,0	0,0	763,0	0,0	0,0	0,0	1,0	393,0	0,0	393,0	0,0	78,0	78,0	0,0	0,0
50250	Talamantes	2016	Regadío											0,0														
50250	Talamantes	2016	Secano											0,0														
50251	Tarazona	2016	Regadío	225,0	94,0	3,0	4,0	0,0	3,0	13,0	0,0	0,0	0,0	0,0	0,0	69,0	2,0	0,0	0,0	0,0	6,0	0,0	6,0	0,0	125,0	125,0	0,0	0,0
50251	Tarazona	2016	Secano	136,0	93,0	0,0	0,0	0,0	1,0	0,0	0,0	0,0	0,0	0,0	0,0	92,0	0,0	0,0	0,0	0,0	24,0	0,0	24,0	0,0	19,0	19,0	0,0	0,0
50252	Tauste	2016	Regadío	248,0	75,0	5,0	6,0	0,0	1,0	0,0	0,0	0,0	0,0	0,0	0,0	61,0	1,0	0,0	0,0	1,0	1,0	0,0	1,0	0,0	168,0	168,0	2,0	2,0
50252	Tauste	2016	Secano	8,0	2,0	0,0	0,0	0,0	0,0	0,0	0,0	0,0	0,0	0,0	0,0	1,0	0,0	0,0	0,0	1,0	5,0	0,0	5,0	0,0	1,0	1,0	0,0	0,0
50253	Terrer	2016	Regadío	114,0	89,0	29,0	31,0	0,0	0,0	13,0	8,0	6,0	0,0	0,0	0,0	2,0	0,0	0,0	0,0	0,0	0,0	0,0	0,0	0,0	0,0	0,0	0,0	25,0
50253	Terrer	2016	Secano	78,0	49,0	0,0	0,0	0,0	0,0	5,0	0,0	1,0	0,0	0,0	0,0	43,0	0,0	0,0	0,0	0,0	29,0	0,0	29,0	0,0	0,0	0,0	0,0	0,0
50254	Tierga	2016	Regadío	30,0	15,0	2,0	0,0	0,0	0,0	5,0	0,0	0,0	0,0	0,0	0,0	8,0	0,0	0,0	0,0	0,0	0,0	0,0	0,0	0,0	15,0	15,0	0,0	0,0
50254	Tierga	2016	Secano	767,0	697,0	0,0	0,0	0,0	2,0	22,0	0,0	0,0	0,0	0,0	0,0	673,0	0,0	0,0	0,0	0,0	33,0	0,0	33,0	0,0	37,0	37,0	0,0	0,0
50255	Tobed	2016	Regadío	23,0	18,0	0,0	0,0	0,0	0,0	10,0	8,0	0,0	0,0	0,0	0,0	0,0	0,0	0,0	0,0	0,0	0,0	0,0	0,0	0,0	5,0	5,0	0,0	0,0
50255	Tobed	2016	Secano	72,0	56,0	0,0	0,0	0,0	0,0	37,0	1,0	0,0	0,0	0,0	0,0	18,0	0,0	0,0	0,0	0,0	4,0	0,0	4,0	0,0	12,0	12,0	0,0	0,0
50256	Torralba de los Frailes	2016	Regadío	0,0	0,0	0,0	0,0	0,0	0,0	0,0	0,0	0,0	0,0	0,0	0,0	0,0	0,0	0,0	0,0	0,0	0,0	0,0	0,0	0,0	0,0	0,0	0,0	0,0
50256	Torralba de los Frailes	2016	Secano	1,0	1,0	0,0	0,0	0,0	0,0	0,0	0,0	0,0	0,0	0,0	0,0	1,0	0,0	0,0	0,0	0,0	0,0	0,0	0,0	0,0	0,0	0,0	0,0	0,0
50257	Torralba de Ribota	2016	Regadío	56,0	28,0	0,0	2,0	0,0	0,0	1,0	0,0	1,0	0,0	0,0	0,0	24,0	0,0	0,0	0,0	0,0	26,0	0,0	26,0	0,0	2,0	2,0	0,0	0,0
50257	Torralba de Ribota	2016	Secano	388,0	289,0	0,0	1,0	0,0	0,0	34,0	1,0	0,0	0,0	0,0	0,0	253,0	0,0	0,0	0,0	0,0	75,0	0,0	75,0	0,0	24,0	24,0	0,0	0,0
50258	Torralbilla	2016	Regadío	0,0	0,0	0,0	0,0	0,0	0,0	0,0	0,0	0,0	0,0	0,0	0,0	0,0	0,0	0,0	0,0	0,0	0,0	0,0	0,0	0,0	0,0	0,0	0,0	0,0
50258	Torralbilla	2016	Secano	3,0	1,0	0,0	0,0	0,0	0,0	0,0	0,0	0,0	0,0	0,0	0,0	1,0	0,0	0,0	0,0	0,0	2,0	0,0	2,0	0,0	0,0	0,0	0,0	0,0
50259	Torrehermosa	2016	Regadío											0,0														
50259	Torrehermosa	2016	Secano											0,0														
50260	Torrelapaja	2016	Regadío											0,0														
50260	Torrelapaja	2016	Secano											0,0														
50261	Torrellas	2016	Regadío	8,0	7,0	0,0	0,0	0,0	0,0	0,0	0,0	0,0	0,0	0,0	0,0	6,0	1,0	0,0	0,0	0,0	0,0	0,0	0,0	0,0	1,0	1,0	0,0	0,0
50261	Torrellas	2016	Secano	1,0	1,0	0,0	0,0	0,0	0,0	0,0	0,0	0,0	0,0	0,0	0,0	1,0	0,0	0,0	0,0	0,0	0,0	0,0	0,0	0,0	0,0	0,0	0,0	0,0
50262	Torres de Berrellén	2016	Regadío	168,0	167,0	15,0	69,0	0,0	21,0	3,0	23,0	3,0	0,0	0,0	0,0	5,0	0,0	0,0	28,0	0,0	0,0	0,0	0,0	0,0	1,0	1,0	0,0	0,0
50262	Torres de Berrellén	2016	Secano	0,0	0,0	0,0	0,0	0,0	0,0	0,0	0,0	0,0	0,0	0,0	0,0	0,0	0,0	0,0	0,0	0,0	0,0	0,0	0,0	0,0	0,0	0,0	0,0	0,0
50263	Torrijo de la Cañada	2016	Regadío	55,0	55,0	19,0	21,0	0,0	0,0	6,0	7,0	2,0	0,0	0,0	0,0	0,0	0,0	0,0	0,0	0,0	0,0	0,0	0,0	0,0	0,0	0,0	0,0	0,0
50263	Torrijo de la Cañada	2016	Secano	134,0	60,0	1,0	0,0	0,0	1,0	19,0	1,0	3,0	0,0	0,0	0,0	35,0	0,0	0,0	0,0	0,0	72,0	0,0	72,0	0,0	2,0	2,0	0,0	0,0
50264	Tosos	2016	Regadío	88,0	0,0	0,0	0,0	0,0	0,0	0,0	0,0	0,0	0,0	0,0	0,0	0,0	0,0	0,0	0,0	0,0	88,0	0,0	88,0	0,0	0,0	0,0	0,0	0,0
50264	Tosos	2016	Secano	956,0	297,0	0,0	0,0	0,0	0,0	1,0	0,0	0,0	0,0	0,0	0,0	295,0	0,0	0,0	0,0	1,0	637,0	0,0	637,0	0,0	22,0	22,0	0,0	0,0
50265	Trasmoz	2016	Regadío	28,0	15,0	0,0	0,0	0,0	0,0	0,0	0,0	0,0	0,0	0,0	0,0	15,0	0,0	0,0	0,0	0,0	6,0	0,0	6,0	0,0	7,0	7,0	0,0	0,0
50265	Trasmoz	2016	Secano	81,0	61,0	0,0	0,0	0,0	0,0	0,0	0,0	0,0	0,0	0,0	0,0	58,0	0,0	0,0	0,0	3,0	18,0	0,0	18,0	0,0	2,0	2,0	0,0	0,0
50266	Trasobares	2016	Regadío	1,0	0,0	0,0	0,0	0,0	0,0	0,0	0,0	0,0	0,0	0,0	0,0	0,0	0,0	0,0	0,0	0,0	0,0	0,0	0,0	0,0	1,0	1,0	0,0	0,0
50266	Trasobares	2016	Secano	137,0	112,0	0,0	0,0	0,0	0,0	0,0	0,0	0,0	0,0	0,0	0,0	112,0	0,0	0,0	0,0	0,0	10,0	0,0	10,0	0,0	15,0	15,0	0,0	0,0
50267	Uncastillo	2016	Regadío	0,0	0,0	0,0	0,0	0,0	0,0	0,0	0,0	0,0	0,0	0,0	0,0	0,0	0,0	0,0	0,0	0,0	0,0	0,0	0,0	0,0	0,0	0,0	0,0	0,0
50267	Uncastillo	2016	Secano	101,0	79,0	0,0	0,0	0,0	0,0	0,0	0,0	0,0	0,0	0,0	0,0	79,0	0,0	0,0	0,0	0,0	22,0	0,0	22,0	0,0	0,0	0,0	0,0	0,0
50268	Undués de Lerda	2016	Regadío											0,0														
50268	Undués de Lerda	2016	Secano											0,0														
50269	Urrea de Jalón	2016	Regadío	158,0	155,0	62,0	29,0	0,0	0,0	0,0	31,0	1,0	0,0	0,0	0,0	2,0	0,0	0,0	30,0	0,0	0,0	0,0	0,0	0,0	3,0	3,0	0,0	0,0
50269	Urrea de Jalón	2016	Secano	23,0	5,0	0,0	0,0	0,0	0,0	0,0	0,0	0,0	0,0	0,0	0,0	5,0	0,0	0,0	0,0	0,0	3,0	0,0	3,0	0,0	15,0	15,0	0,0	0,0
50270	Urriés	2016	Regadío	0,0	0,0	0,0	0,0	0,0	0,0	0,0	0,0	0,0	0,0	0,0	0,0	0,0	0,0	0,0	0,0	0,0	0,0	0,0	0,0	0,0	0,0	0,0	0,0	0,0
50270	Urriés	2016	Secano	6,0	4,0	0,0	0,0	0,0	0,0	0,0	0,0	0,0	0,0	0,0	0,0	4,0	0,0	0,0	0,0	0,0	2,0	0,0	2,0	0,0	0,0	0,0	0,0	0,0
50271	Used	2016	Regadío											0,0														
50271	Used	2016	Secano											0,0														
50272	Utebo	2016	Regadío											0,0														
50272	Utebo	2016	Secano											0,0														
50273	Valdehorna	2016	Regadío	0,0	0,0	0,0	0,0	0,0	0,0	0,0	0,0	0,0	0,0	0,0	0,0	0,0	0,0	0,0	0,0	0,0	0,0	0,0	0,0	0,0	0,0	0,0	0,0	0,0
50273	Valdehorna	2016	Secano	132,0	82,0	0,0	0,0	0,0	0,0	3,0	0,0	0,0	0,0	0,0	0,0	78,0	0,0	0,0	0,0	1,0	50,0	0,0	50,0	0,0	0,0	0,0	0,0	0,0
50274	Val de San Martín	2016	Regadío	4,0	4,0	0,0	0,0	0,0	0,0	4,0	0,0	0,0	0,0	0,0	0,0	0,0	0,0	0,0	0,0	0,0	0,0	0,0	0,0	0,0	0,0	0,0	0,0	0,0
50274	Val de San Martín	2016	Secano	50,0	30,0	0,0	0,0	0,0	0,0	1,0	0,0	0,0	0,0	0,0	0,0	28,0	0,0	0,0	0,0	1,0	20,0	0,0	20,0	0,0	0,0	0,0	0,0	0,0
50275	Valmadrid	2016	Regadío	0,0	0,0	0,0	0,0	0,0	0,0	0,0	0,0	0,0	0,0	0,0	0,0	0,0	0,0	0,0	0,0	0,0	0,0	0,0	0,0	0,0	0,0	0,0	0,0	0,0
50275	Valmadrid	2016	Secano	7,0	0,0	0,0	0,0	0,0	0,0	0,0	0,0	0,0	0,0	0,0	0,0	0,0	0,0	0,0	0,0	0,0	5,0	0,0	5,0	0,0	2,0	2,0	0,0	0,0
50276	Valpalmas	2016	Regadío	0,0	0,0	0,0	0,0	0,0	0,0	0,0	0,0	0,0	0,0	0,0	0,0	0,0	0,0	0,0	0,0	0,0	0,0	0,0	0,0	0,0	0,0	0,0	0,0	0,0
50276	Valpalmas	2016	Secano	25,0	20,0	0,0	0,0	0,0	0,0	0,0	0,0	0,0	0,0	0,0	0,0	20,0	0,0	0,0	0,0	0,0	4,0	0,0	4,0	0,0	1,0	1,0	0,0	0,0
50277	Valtorres	2016	Regadío	3,0	3,0	0,0	0,0	0,0	0,0	3,0	0,0	0,0	0,0	0,0	0,0	0,0	0,0	0,0	0,0	0,0	0,0	0,0	0,0	0,0	0,0	0,0	0,0	0,0
50277	Valtorres	2016	Secano	56,0	48,0	0,0	0,0	0,0	0,0	7,0	0,0	0,0	0,0	0,0	0,0	41,0	0,0	0,0	0,0	0,0	8,0	0,0	8,0	0,0	0,0	0,0	0,0	0,0
50278	Velilla de Ebro	2016	Regadío											0,0														
50278	Velilla de Ebro	2016	Secano											0,0														
50279	Velilla de Jiloca	2016	Regadío	102,0	90,0	19,0	43,0	0,0	0,0	2,0	20,0	4,0	0,0	0,0	0,0	2,0	0,0	0,0	0,0	0,0	12,0	0,0	12,0	0,0	0,0	0,0	0,0	0,0
50279	Velilla de Jiloca	2016	Secano	59,0	45,0	2,0	1,0	0,0	0,0	2,0	3,0	1,0	0,0	0,0	0,0	36,0	0,0	0,0	0,0	0,0	14,0	0,0	14,0	0,0	0,0	0,0	0,0	0,0
50280	Vera de Moncayo	2016	Regadío	137,0	54,0	0,0	0,0	0,0	0,0	0,0	0,0	0,0	0,0	0,0	0,0	54,0	0,0	0,0	0,0	0,0	46,0	0,0	46,0	0,0	37,0	37,0	0,0	0,0
50280	Vera de Moncayo	2016	Secano	189,0	169,0	0,0	0,0	0,0	0,0	0,0	0,0	0,0	0,0	0,0	0,0	168,0	0,0	0,0	0,0	1,0	9,0	0,0	9,0	0,0	11,0	11,0	0,0	0,0
50281	Vierlas	2016	Regadío	40,0	4,0	0,0	0,0	0,0	0,0	0,0	0,0	0,0	0,0	0,0	0,0	4,0	0,0	0,0	0,0	0,0	24,0	0,0	24,0	0,0	12,0	12,0	0,0	0,0
50281	Vierlas	2016	Secano	21,0	0,0	0,0	0,0	0,0	0,0	0,0	0,0	0,0	0,0	0,0	0,0	0,0	0,0	0,0	0,0	0,0	21,0	0,0	21,0	0,0	0,0	0,0	0,0	0,0
50282	Vilueña (La)	2016	Regadío	41,0	39,0	4,0	0,0	0,0	0,0	25,0	6,0	0,0	0,0	0,0	0,0	4,0	0,0	0,0	0,0	0,0	2,0	0,0	2,0	0,0	0,0	0,0	0,0	0,0
50282	Vilueña (La)	2016	Secano	93,0	86,0	1,0	2,0	0,0	0,0	31,0	1,0	1,0	0,0	0,0	0,0	50,0	0,0	0,0	0,0	0,0	7,0	0,0	7,0	0,0	0,0	0,0	0,0	0,0
50283	Villadoz	2016	Regadío											0,0														
50283	Villadoz	2016	Secano											0,0														
50284	Villafeliche	2016	Regadío	34,0	34,0	1,0	22,0	0,0	1,0	2,0	2,0	5,0	0,0	0,0	0,0	0,0	1,0	0,0	0,0	0,0	0,0	0,0	0,0	0,0	0,0	0,0	0,0	0,0
50284	Villafeliche	2016	Secano	117,0	86,0	0,0	2,0	0,0	1,0	14,0	1,0	1,0	0,0	0,0	0,0	67,0	0,0	0,0	0,0	0,0	31,0	0,0	31,0	0,0	0,0	0,0	0,0	0,0
50285	Villafranca de Ebro	2016	Regadío	1,0	0,0	0,0	0,0	0,0	0,0	0,0	0,0	0,0	0,0	0,0	0,0	0,0	0,0	0,0	0,0	0,0	0,0	0,0	0,0	0,0	1,0	1,0	0,0	0,0
50285	Villafranca de Ebro	2016	Secano	0,0	0,0	0,0	0,0	0,0	0,0	0,0	0,0	0,0	0,0	0,0	0,0	0,0	0,0	0,0	0,0	0,0	0,0	0,0	0,0	0,0	0,0	0,0	0,0	0,0
50286	Villalba de Perejil	2016	Regadío	18,0	13,0	0,0	2,0	0,0	0,0	1,0	2,0	7,0	0,0	0,0	0,0	1,0	0,0	0,0	0,0	0,0	5,0	0,0	5,0	0,0	0,0	0,0	0,0	0,0
50286	Villalba de Perejil	2016	Secano	100,0	82,0	0,0	0,0	0,0	0,0	8,0	0,0	2,0	0,0	0,0	0,0	72,0	0,0	0,0	0,0	0,0	17,0	0,0	17,0	0,0	1,0	1,0	0,0	0,0
50287	Villalengua	2016	Regadío	126,0	126,0	34,0	57,0	0,0	0,0	11,0	21,0	3,0	0,0	0,0	0,0	0,0	0,0	0,0	0,0	0,0	0,0	0,0	0,0	0,0	0,0	0,0	0,0	0,0
50287	Villalengua	2016	Secano	138,0	82,0	3,0	2,0	0,0	0,0	35,0	7,0	8,0	0,0	0,0	0,0	26,0	1,0	0,0	0,0	0,0	55,0	0,0	55,0	0,0	1,0	1,0	0,0	0,0
50288	Villanueva de Gállego	2016	Regadío	5,0	5,0	0,0	0,0	0,0	0,0	0,0	0,0	0,0	0,0	0,0	0,0	5,0	0,0	0,0	0,0	0,0	0,0	0,0	0,0	0,0	0,0	0,0	0,0	0,0
50288	Villanueva de Gállego	2016	Secano	5,0	1,0	0,0	0,0	0,0	0,0	0,0	0,0	0,0	0,0	0,0	0,0	1,0	0,0	0,0	0,0	0,0	2,0	0,0	2,0	0,0	2,0	2,0	0,0	0,0
50289	Villanueva de Jiloca	2016	Regadío	4,0	4,0	0,0	0,0	0,0	0,0	0,0	0,0	0,0	0,0	0,0	0,0	0,0	4,0	0,0	0,0	0,0	0,0	0,0	0,0	0,0	0,0	0,0	0,0	0,0
50289	Villanueva de Jiloca	2016	Secano	34,0	9,0	0,0	0,0	0,0	0,0	1,0	0,0	0,0	0,0	0,0	0,0	8,0	0,0	0,0	0,0	0,0	25,0	0,0	25,0	0,0	0,0	0,0	0,0	0,0
50290	Villanueva de Huerva	2016	Regadío	70,0	0,0	0,0	0,0	0,0	0,0	0,0	0,0	0,0	0,0	0,0	0,0	0,0	0,0	0,0	0,0	0,0	70,0	0,0	70,0	0,0	0,0	0,0	0,0	0,0
50290	Villanueva de Huerva	2016	Secano	478,0	137,0	0,0	0,0	0,0	0,0	0,0	0,0	0,0	0,0	0,0	0,0	137,0	0,0	0,0	0,0	0,0	315,0	0,0	315,0	0,0	26,0	26,0	0,0	0,0
50291	Villar de los Navarros	2016	Regadío	0,0	0,0	0,0	0,0	0,0	0,0	0,0	0,0	0,0	0,0	0,0	0,0	0,0	0,0	0,0	0,0	0,0	0,0	0,0	0,0	0,0	0,0	0,0	0,0	0,0
50291	Villar de los Navarros	2016	Secano	285,0	284,0	0,0	0,0	0,0	0,0	0,0	0,0	0,0	0,0	0,0	0,0	284,0	0,0	0,0	0,0	0,0	1,0	0,0	1,0	0,0	0,0	0,0	0,0	0,0
50292	Villarreal de Huerva	2016	Regadío											0,0														
50292	Villarreal de Huerva	2016	Secano											0,0														
50293	Villarroya de la Sierra	2016	Regadío	82,0	36,0	1,0	2,0	0,0	0,0	6,0	2,0	15,0	0,0	0,0	0,0	10,0	0,0	0,0	0,0	0,0	46,0	0,0	46,0	0,0	0,0	0,0	0,0	0,0
50293	Villarroya de la Sierra	2016	Secano	1042,0	693,0	0,0	1,0	0,0	1,0	116,0	1,0	7,0	0,0	0,0	0,0	567,0	0,0	0,0	0,0	0,0	346,0	0,0	346,0	0,0	3,0	3,0	0,0	0,0
50294	Villarroya del Campo	2016	Regadío	0,0	0,0	0,0	0,0	0,0	0,0	0,0	0,0	0,0	0,0	0,0	0,0	0,0	0,0	0,0	0,0	0,0	0,0	0,0	0,0	0,0	0,0	0,0	0,0	0,0
50294	Villarroya del Campo	2016	Secano	2,0	2,0	0,0	0,0	0,0	0,0	0,0	0,0	0,0	0,0	0,0	0,0	2,0	0,0	0,0	0,0	0,0	0,0	0,0	0,0	0,0	0,0	0,0	0,0	0,0
50295	Vistabella	2016	Regadío	0,0	0,0	0,0	0,0	0,0	0,0	0,0	0,0	0,0	0,0	0,0	0,0	0,0	0,0	0,0	0,0	0,0	0,0	0,0	0,0	0,0	0,0	0,0	0,0	0,0
50295	Vistabella	2016	Secano	35,0	27,0	0,0	0,0	0,0	0,0	0,0	0,0	0,0	0,0	0,0	0,0	27,0	0,0	0,0	0,0	0,0	8,0	0,0	8,0	0,0	0,0	0,0	0,0	0,0
50296	Zaida (La)	2016	Regadío	1,0	0,0	0,0	0,0	0,0	0,0	0,0	0,0	0,0	0,0	0,0	0,0	0,0	0,0	0,0	0,0	0,0	0,0	0,0	0,0	0,0	1,0	1,0	0,0	0,0
50296	Zaida (La)	2016	Secano	1,0	0,0	0,0	0,0	0,0	0,0	0,0	0,0	0,0	0,0	0,0	0,0	0,0	0,0	0,0	0,0	0,0	0,0	0,0	0,0	0,0	1,0	1,0	0,0	0,0
50297	Zaragoza	2016	Regadío	583,0	486,0	0,0	6,0	0,0	148,0	6,0	12,0	0,0	0,0	0,0	0,0	303,0	9,0	0,0	0,0	2,0	1,0	0,0	1,0	0,0	92,0	92,0	2,0	2,0
50297	Zaragoza	2016	Secano	141,0	76,0	0,0	1,0	0,0	0,0	0,0	0,0	0,0	0,0	0,0	0,0	74,0	0,0	0,0	0,0	1,0	20,0	0,0	20,0	0,0	45,0	45,0	0,0	0,0
50298	Zuera	2016	Regadío	78,0	51,0	1,0	1,0	0,0	1,0	3,0	0,0	5,0	0,0	0,0	0,0	40,0	0,0	0,0	0,0	0,0	1,0	0,0	1,0	0,0	26,0	26,0	0,0	0,0
50298	Zuera	2016	Secano	104,0	30,0	0,0	0,0	0,0	0,0	0,0	0,0	0,0	0,0	0,0	0,0	30,0	0,0	0,0	0,0	0,0	19,0	0,0	19,0	0,0	55,0	55,0	0,0	0,0
50901	Biel	2016	Regadío	0,0	0,0	0,0	0,0	0,0	0,0	0,0	0,0	0,0	0,0	0,0	0,0	0,0	0,0	0,0	0,0	0,0	0,0	0,0	0,0	0,0	0,0	0,0	0,0	0,0
50901	Biel	2016	Secano	2,0	2,0	0,0	0,0	0,0	0,0	0,0	0,0	0,0	0,0	0,0	0,0	2,0	0,0	0,0	0,0	0,0	0,0	0,0	0,0	0,0	0,0	0,0	0,0	0,0
50902	Marracos	2016	Regadío	3,0	1,0	0,0	0,0	0,0	0,0	0,0	0,0	0,0	0,0	0,0	0,0	1,0	0,0	0,0	0,0	0,0	0,0	0,0	0,0	0,0	2,0	2,0	0,0	0,0
50902	Marracos	2016	Secano	14,0	8,0	0,0	0,0	0,0	0,0	0,0	0,0	0,0	0,0	0,0	0,0	8,0	0,0	0,0	0,0	0,0	1,0	0,0	1,0	0,0	5,0	5,0	0,0	0,0
22001	Abiego	2015	Regadío	2,0	0,0	0,0	0,0	0,0	0,0	0,0	0,0	0,0	0,0	0,0	0,0	0,0	0,0	0,0	0,0	0,0	2,0	0,0	2,0	0,0	0,0	0,0	0,0	0,0
22001	Abiego	2015	Secano	324,0	213,0	0,0	0,0	0,0	0,0	0,0	0,0	0,0	0,0	0,0	0,0	212,0	0,0	0,0	0,0	1,0	31,0	0,0	31,0	0,0	80,0	80,0	0,0	0,0
22002	Abizanda	2015	Regadío	0,0	0,0	0,0	0,0	0,0	0,0	0,0	0,0	0,0	0,0	0,0	0,0	0,0	0,0	0,0	0,0	0,0	0,0	0,0	0,0	0,0	0,0	0,0	0,0	0,0
22002	Abizanda	2015	Secano	152,0	58,0	1,0	0,0	0,0	0,0	0,0	0,0	0,0	0,0	0,0	0,0	54,0	3,0	0,0	0,0	0,0	10,0	0,0	10,0	0,0	84,0	84,0	0,0	0,0
22003	Adahuesca	2015	Regadío	15,0	0,0	0,0	0,0	0,0	0,0	0,0	0,0	0,0	0,0	0,0	0,0	0,0	0,0	0,0	0,0	0,0	15,0	0,0	15,0	0,0	0,0	0,0	0,0	0,0
22003	Adahuesca	2015	Secano	239,0	111,0	0,0	0,0	0,0	0,0	0,0	0,0	0,0	0,0	0,0	0,0	111,0	0,0	0,0	0,0	0,0	70,0	0,0	70,0	0,0	58,0	58,0	0,0	0,0
22004	Agüero	2015	Regadío	0,0	0,0	0,0	0,0	0,0	0,0	0,0	0,0	0,0	0,0	0,0	0,0	0,0	0,0	0,0	0,0	0,0	0,0	0,0	0,0	0,0	0,0	0,0	0,0	0,0
22004	Agüero	2015	Secano	58,0	44,0	0,0	0,0	0,0	0,0	0,0	0,0	0,0	0,0	0,0	0,0	44,0	0,0	0,0	0,0	0,0	2,0	0,0	2,0	0,0	12,0	12,0	0,0	0,0
22006	Aísa	2015	Regadío											0,0														
22006	Aísa	2015	Secano											0,0														
22007	Albalate de Cinca	2015	Regadío	577,0	519,0	15,0	24,0	0,0	6,0	41,0	192,0	4,0	5,0	0,0	0,0	73,0	0,0	0,0	159,0	0,0	10,0	0,0	10,0	0,0	48,0	48,0	0,0	0,0
22007	Albalate de Cinca	2015	Secano	12,0	10,0	0,0	0,0	0,0	0,0	0,0	0,0	0,0	0,0	0,0	0,0	9,0	0,0	0,0	1,0	0,0	1,0	0,0	1,0	0,0	1,0	1,0	0,0	0,0
22008	Albalatillo	2015	Regadío	4,0	1,0	0,0	0,0	0,0	0,0	0,0	0,0	0,0	0,0	0,0	0,0	1,0	0,0	0,0	0,0	0,0	0,0	0,0	0,0	0,0	3,0	3,0	0,0	0,0
22008	Albalatillo	2015	Secano	0,0	0,0	0,0	0,0	0,0	0,0	0,0	0,0	0,0	0,0	0,0	0,0	0,0	0,0	0,0	0,0	0,0	0,0	0,0	0,0	0,0	0,0	0,0	0,0	0,0
22009	Albelda	2015	Regadío	504,0	486,0	42,0	49,0	0,0	0,0	1,0	280,0	1,0	3,0	0,0	0,0	22,0	0,0	0,0	87,0	1,0	0,0	0,0	0,0	0,0	18,0	18,0	0,0	0,0
22009	Albelda	2015	Secano	99,0	14,0	0,0	0,0	0,0	0,0	0,0	1,0	0,0	0,0	0,0	0,0	12,0	0,0	0,0	1,0	0,0	0,0	0,0	0,0	0,0	85,0	85,0	0,0	0,0
22011	Albero Alto	2015	Regadío											0,0														
22011	Albero Alto	2015	Secano											0,0														
22012	Albero Bajo	2015	Regadío											0,0														
22012	Albero Bajo	2015	Secano											0,0														
22013	Alberuela de Tubo	2015	Regadío	3,0	0,0	0,0	0,0	0,0	0,0	0,0	0,0	0,0	0,0	0,0	0,0	0,0	0,0	0,0	0,0	0,0	0,0	0,0	0,0	0,0	3,0	3,0	0,0	0,0
22013	Alberuela de Tubo	2015	Secano	2,0	0,0	0,0	0,0	0,0	0,0	0,0	0,0	0,0	0,0	0,0	0,0	0,0	0,0	0,0	0,0	0,0	0,0	0,0	0,0	0,0	2,0	2,0	0,0	0,0
22014	Alcalá de Gurrea	2015	Regadío	2,0	1,0	0,0	0,0	0,0	0,0	0,0	0,0	0,0	0,0	0,0	0,0	0,0	1,0	0,0	0,0	0,0	0,0	0,0	0,0	0,0	1,0	1,0	0,0	0,0
22014	Alcalá de Gurrea	2015	Secano	57,0	53,0	0,0	0,0	0,0	0,0	0,0	0,0	0,0	0,0	0,0	0,0	53,0	0,0	0,0	0,0	0,0	1,0	0,0	1,0	0,0	3,0	3,0	0,0	0,0
22015	Alcalá del Obispo	2015	Regadío	1,0	0,0	0,0	0,0	0,0	0,0	0,0	0,0	0,0	0,0	0,0	0,0	0,0	0,0	0,0	0,0	0,0	0,0	0,0	0,0	0,0	1,0	1,0	0,0	0,0
22015	Alcalá del Obispo	2015	Secano	33,0	29,0	0,0	0,0	0,0	0,0	0,0	0,0	0,0	0,0	0,0	0,0	29,0	0,0	0,0	0,0	0,0	1,0	0,0	1,0	0,0	3,0	3,0	0,0	0,0
22016	Alcampell	2015	Regadío	27,0	22,0	2,0	2,0	0,0	0,0	0,0	4,0	0,0	0,0	0,0	0,0	11,0	0,0	0,0	3,0	0,0	0,0	0,0	0,0	0,0	5,0	5,0	0,0	0,0
22016	Alcampell	2015	Secano	297,0	114,0	0,0	0,0	0,0	0,0	0,0	0,0	0,0	0,0	0,0	0,0	114,0	0,0	0,0	0,0	0,0	2,0	0,0	2,0	0,0	181,0	181,0	0,0	0,0
22017	Alcolea de Cinca	2015	Regadío	401,0	279,0	27,0	28,0	0,0	15,0	45,0	66,0	2,0	0,0	0,0	0,0	16,0	0,0	0,0	67,0	13,0	2,0	0,0	2,0	0,0	120,0	120,0	0,0	0,0
22017	Alcolea de Cinca	2015	Secano	18,0	9,0	0,0	0,0	0,0	0,0	0,0	1,0	0,0	0,0	0,0	0,0	8,0	0,0	0,0	0,0	0,0	0,0	0,0	0,0	0,0	9,0	9,0	0,0	0,0
22018	Alcubierre	2015	Regadío	0,0	0,0	0,0	0,0	0,0	0,0	0,0	0,0	0,0	0,0	0,0	0,0	0,0	0,0	0,0	0,0	0,0	0,0	0,0	0,0	0,0	0,0	0,0	0,0	0,0
22018	Alcubierre	2015	Secano	80,0	22,0	0,0	0,0	0,0	0,0	0,0	0,0	0,0	0,0	0,0	0,0	22,0	0,0	0,0	0,0	0,0	31,0	0,0	31,0	0,0	27,0	27,0	0,0	0,0
22019	Alerre	2015	Regadío	0,0	0,0	0,0	0,0	0,0	0,0	0,0	0,0	0,0	0,0	0,0	0,0	0,0	0,0	0,0	0,0	0,0	0,0	0,0	0,0	0,0	0,0	0,0	0,0	0,0
22019	Alerre	2015	Secano	11,0	6,0	0,0	0,0	0,0	0,0	0,0	0,0	0,0	0,0	0,0	0,0	6,0	0,0	0,0	0,0	0,0	4,0	1,0	3,0	0,0	1,0	1,0	0,0	0,0
22020	Alfántega	2015	Regadío	64,0	58,0	2,0	6,0	0,0	0,0	0,0	32,0	1,0	0,0	0,0	0,0	9,0	0,0	0,0	8,0	0,0	1,0	0,0	1,0	0,0	5,0	5,0	0,0	0,0
22020	Alfántega	2015	Secano	6,0	0,0	0,0	0,0	0,0	0,0	0,0	0,0	0,0	0,0	0,0	0,0	0,0	0,0	0,0	0,0	0,0	0,0	0,0	0,0	0,0	6,0	6,0	0,0	0,0
22021	Almudévar	2015	Regadío	73,0	15,0	0,0	0,0	0,0	0,0	0,0	0,0	0,0	0,0	0,0	0,0	15,0	0,0	0,0	0,0	0,0	1,0	0,0	1,0	0,0	55,0	55,0	0,0	2,0
22021	Almudévar	2015	Secano	524,0	338,0	0,0	0,0	0,0	0,0	0,0	0,0	0,0	0,0	0,0	0,0	338,0	0,0	0,0	0,0	0,0	74,0	0,0	74,0	0,0	112,0	112,0	0,0	0,0
22022	Almunia de San Juan	2015	Regadío	14,0	1,0	0,0	0,0	0,0	0,0	0,0	0,0	0,0	0,0	0,0	0,0	1,0	0,0	0,0	0,0	0,0	10,0	0,0	10,0	0,0	3,0	3,0	0,0	0,0
22022	Almunia de San Juan	2015	Secano	19,0	1,0	0,0	0,0	0,0	0,0	0,0	0,0	0,0	0,0	0,0	0,0	1,0	0,0	0,0	0,0	0,0	7,0	0,0	7,0	0,0	11,0	11,0	0,0	0,0
22023	Almuniente	2015	Regadío	5,0	4,0	2,0	0,0	0,0	0,0	0,0	0,0	0,0	0,0	0,0	0,0	0,0	2,0	0,0	0,0	0,0	0,0	0,0	0,0	0,0	1,0	1,0	0,0	0,0
22023	Almuniente	2015	Secano	0,0	0,0	0,0	0,0	0,0	0,0	0,0	0,0	0,0	0,0	0,0	0,0	0,0	0,0	0,0	0,0	0,0	0,0	0,0	0,0	0,0	0,0	0,0	0,0	0,0
22024	Alquézar	2015	Regadío	1,0	0,0	0,0	0,0	0,0	0,0	0,0	0,0	0,0	0,0	0,0	0,0	0,0	0,0	0,0	0,0	0,0	1,0	0,0	1,0	0,0	0,0	0,0	0,0	0,0
22024	Alquézar	2015	Secano	223,0	92,0	0,0	0,0	0,0	0,0	0,0	0,0	0,0	0,0	0,0	0,0	91,0	1,0	0,0	0,0	0,0	2,0	0,0	2,0	0,0	129,0	129,0	0,0	0,0
22025	Altorricón	2015	Regadío	266,0	261,0	68,0	111,0	1,0	2,0	3,0	41,0	8,0	0,0	0,0	0,0	3,0	0,0	0,0	24,0	0,0	0,0	0,0	0,0	0,0	5,0	5,0	0,0	0,0
22025	Altorricón	2015	Secano	1,0	0,0	0,0	0,0	0,0	0,0	0,0	0,0	0,0	0,0	0,0	0,0	0,0	0,0	0,0	0,0	0,0	0,0	0,0	0,0	0,0	1,0	1,0	0,0	0,0
22027	Angüés	2015	Regadío	1,0	1,0	0,0	0,0	0,0	0,0	0,0	0,0	0,0	0,0	0,0	0,0	1,0	0,0	0,0	0,0	0,0	0,0	0,0	0,0	0,0	0,0	0,0	0,0	0,0
22027	Angüés	2015	Secano	99,0	26,0	0,0	0,0	0,0	0,0	0,0	0,0	0,0	0,0	0,0	0,0	26,0	0,0	0,0	0,0	0,0	55,0	0,0	55,0	0,0	18,0	18,0	0,0	0,0
22028	Ansó	2015	Regadío											0,0														
22028	Ansó	2015	Secano											0,0														
22029	Antillón	2015	Regadío	4,0	0,0	0,0	0,0	0,0	0,0	0,0	0,0	0,0	0,0	0,0	0,0	0,0	0,0	0,0	0,0	0,0	4,0	0,0	4,0	0,0	0,0	0,0	0,0	0,0
22029	Antillón	2015	Secano	133,0	104,0	0,0	0,0	0,0	0,0	0,0	0,0	0,0	0,0	0,0	0,0	104,0	0,0	0,0	0,0	0,0	13,0	0,0	13,0	0,0	16,0	16,0	0,0	0,0
22032	Aragüés del Puerto	2015	Regadío											0,0														
22032	Aragüés del Puerto	2015	Secano											0,0														
22035	Arén	2015	Regadío	0,0	0,0	0,0	0,0	0,0	0,0	0,0	0,0	0,0	0,0	0,0	0,0	0,0	0,0	0,0	0,0	0,0	0,0	0,0	0,0	0,0	0,0	0,0	0,0	0,0
22035	Arén	2015	Secano	8,0	3,0	0,0	0,0	0,0	0,0	0,0	0,0	0,0	0,0	0,0	0,0	3,0	0,0	0,0	0,0	0,0	4,0	0,0	4,0	0,0	1,0	1,0	0,0	0,0
22036	Argavieso	2015	Regadío	0,0	0,0	0,0	0,0	0,0	0,0	0,0	0,0	0,0	0,0	0,0	0,0	0,0	0,0	0,0	0,0	0,0	0,0	0,0	0,0	0,0	0,0	0,0	0,0	0,0
22036	Argavieso	2015	Secano	5,0	3,0	0,0	0,0	0,0	0,0	0,0	0,0	0,0	0,0	0,0	0,0	3,0	0,0	0,0	0,0	0,0	0,0	0,0	0,0	0,0	2,0	2,0	0,0	0,0
22037	Arguis	2015	Regadío											0,0														
22037	Arguis	2015	Secano											0,0														
22039	Ayerbe	2015	Regadío	44,0	4,0	0,0	0,0	0,0	0,0	0,0	0,0	0,0	0,0	0,0	0,0	4,0	0,0	0,0	0,0	0,0	23,0	0,0	23,0	0,0	17,0	17,0	0,0	0,0
22039	Ayerbe	2015	Secano	312,0	243,0	0,0	0,0	0,0	0,0	0,0	0,0	0,0	0,0	0,0	0,0	235,0	0,0	0,0	0,0	8,0	42,0	0,0	42,0	0,0	27,0	27,0	0,0	0,0
22040	Azanuy-Alins	2015	Regadío	0,0	0,0	0,0	0,0	0,0	0,0	0,0	0,0	0,0	0,0	0,0	0,0	0,0	0,0	0,0	0,0	0,0	0,0	0,0	0,0	0,0	0,0	0,0	0,0	0,0
22040	Azanuy-Alins	2015	Secano	203,0	101,0	0,0	0,0	0,0	0,0	0,0	0,0	0,0	0,0	0,0	0,0	101,0	0,0	0,0	0,0	0,0	1,0	0,0	1,0	0,0	101,0	101,0	0,0	0,0
22041	Azara	2015	Regadío	0,0	0,0	0,0	0,0	0,0	0,0	0,0	0,0	0,0	0,0	0,0	0,0	0,0	0,0	0,0	0,0	0,0	0,0	0,0	0,0	0,0	0,0	0,0	0,0	0,0
22041	Azara	2015	Secano	151,0	103,0	0,0	0,0	0,0	0,0	0,0	0,0	0,0	0,0	0,0	0,0	103,0	0,0	0,0	0,0	0,0	24,0	0,0	24,0	0,0	24,0	24,0	0,0	0,0
22042	Azlor	2015	Regadío	6,0	5,0	0,0	0,0	0,0	0,0	0,0	0,0	0,0	0,0	0,0	0,0	5,0	0,0	0,0	0,0	0,0	0,0	0,0	0,0	0,0	1,0	1,0	0,0	0,0
22042	Azlor	2015	Secano	266,0	187,0	0,0	0,0	0,0	0,0	0,0	0,0	0,0	0,0	0,0	0,0	187,0	0,0	0,0	0,0	0,0	39,0	0,0	39,0	0,0	40,0	40,0	0,0	0,0
22043	Baells	2015	Regadío	0,0	0,0	0,0	0,0	0,0	0,0	0,0	0,0	0,0	0,0	0,0	0,0	0,0	0,0	0,0	0,0	0,0	0,0	0,0	0,0	0,0	0,0	0,0	0,0	0,0
22043	Baells	2015	Secano	145,0	92,0	0,0	0,0	0,0	0,0	0,0	0,0	0,0	0,0	0,0	0,0	92,0	0,0	0,0	0,0	0,0	1,0	0,0	1,0	0,0	52,0	52,0	0,0	0,0
22044	Bailo	2015	Regadío	0,0	0,0	0,0	0,0	0,0	0,0	0,0	0,0	0,0	0,0	0,0	0,0	0,0	0,0	0,0	0,0	0,0	0,0	0,0	0,0	0,0	0,0	0,0	0,0	0,0
22044	Bailo	2015	Secano	11,0	11,0	0,0	0,0	0,0	0,0	0,0	0,0	0,0	0,0	0,0	0,0	11,0	0,0	0,0	0,0	0,0	0,0	0,0	0,0	0,0	0,0	0,0	0,0	0,0
22045	Baldellou	2015	Regadío	1,0	0,0	0,0	0,0	0,0	0,0	0,0	0,0	0,0	0,0	0,0	0,0	0,0	0,0	0,0	0,0	0,0	0,0	0,0	0,0	0,0	1,0	1,0	0,0	0,0
22045	Baldellou	2015	Secano	150,0	50,0	0,0	0,0	0,0	0,0	0,0	0,0	0,0	0,0	0,0	0,0	50,0	0,0	0,0	0,0	0,0	4,0	0,0	4,0	0,0	96,0	96,0	0,0	0,0
22046	Ballobar	2015	Regadío	242,0	239,0	9,0	65,0	0,0	4,0	0,0	81,0	0,0	0,0	0,0	0,0	19,0	0,0	0,0	59,0	2,0	0,0	0,0	0,0	0,0	3,0	3,0	0,0	0,0
22046	Ballobar	2015	Secano	167,0	22,0	0,0	0,0	0,0	0,0	0,0	4,0	0,0	0,0	0,0	0,0	18,0	0,0	0,0	0,0	0,0	2,0	0,0	2,0	0,0	143,0	143,0	0,0	0,0
22047	Banastás	2015	Regadío	0,0	0,0	0,0	0,0	0,0	0,0	0,0	0,0	0,0	0,0	0,0	0,0	0,0	0,0	0,0	0,0	0,0	0,0	0,0	0,0	0,0	0,0	0,0	0,0	0,0
22047	Banastás	2015	Secano	6,0	0,0	0,0	0,0	0,0	0,0	0,0	0,0	0,0	0,0	0,0	0,0	0,0	0,0	0,0	0,0	0,0	5,0	0,0	5,0	0,0	1,0	1,0	0,0	0,0
22048	Barbastro	2015	Regadío	928,0	33,0	0,0	0,0	0,0	0,0	0,0	0,0	0,0	0,0	0,0	0,0	32,0	0,0	0,0	0,0	1,0	813,0	0,0	813,0	0,0	82,0	82,0	0,0	0,0
22048	Barbastro	2015	Secano	1323,0	246,0	0,0	0,0	0,0	0,0	0,0	0,0	0,0	0,0	0,0	0,0	242,0	0,0	0,0	0,0	4,0	580,0	4,0	576,0	0,0	494,0	494,0	0,0	3,0
22049	Barbués	2015	Regadío											0,0														
22049	Barbués	2015	Secano											0,0														
22050	Barbuñales	2015	Regadío	0,0	0,0	0,0	0,0	0,0	0,0	0,0	0,0	0,0	0,0	0,0	0,0	0,0	0,0	0,0	0,0	0,0	0,0	0,0	0,0	0,0	0,0	0,0	0,0	0,0
22050	Barbuñales	2015	Secano	59,0	9,0	0,0	0,0	0,0	0,0	0,0	0,0	0,0	0,0	0,0	0,0	9,0	0,0	0,0	0,0	0,0	41,0	0,0	41,0	0,0	9,0	9,0	0,0	0,0
22051	Bárcabo	2015	Regadío	0,0	0,0	0,0	0,0	0,0	0,0	0,0	0,0	0,0	0,0	0,0	0,0	0,0	0,0	0,0	0,0	0,0	0,0	0,0	0,0	0,0	0,0	0,0	0,0	0,0
22051	Bárcabo	2015	Secano	46,0	22,0	0,0	0,0	0,0	0,0	0,0	0,0	0,0	0,0	0,0	0,0	22,0	0,0	0,0	0,0	0,0	0,0	0,0	0,0	0,0	24,0	24,0	0,0	0,0
22052	Belver de Cinca	2015	Regadío	1746,0	1356,0	10,0	25,0	0,0	22,0	140,0	470,0	0,0	2,0	0,0	0,0	114,0	101,0	0,0	472,0	0,0	330,0	0,0	330,0	0,0	51,0	51,0	5,0	4,0
22052	Belver de Cinca	2015	Secano	11,0	5,0	0,0	0,0	0,0	0,0	0,0	1,0	0,0	0,0	0,0	0,0	1,0	0,0	0,0	3,0	0,0	4,0	0,0	4,0	0,0	2,0	2,0	0,0	0,0
22053	Benabarre	2015	Regadío	0,0	0,0	0,0	0,0	0,0	0,0	0,0	0,0	0,0	0,0	0,0	0,0	0,0	0,0	0,0	0,0	0,0	0,0	0,0	0,0	0,0	0,0	0,0	0,0	0,0
22053	Benabarre	2015	Secano	92,0	52,0	0,0	0,0	0,0	0,0	0,0	0,0	0,0	0,0	0,0	0,0	43,0	3,0	4,0	0,0	2,0	1,0	0,0	1,0	0,0	39,0	39,0	0,0	0,0
22054	Benasque	2015	Regadío											0,0														
22054	Benasque	2015	Secano											0,0														
22055	Berbegal	2015	Regadío	22,0	5,0	0,0	0,0	0,0	0,0	0,0	0,0	0,0	0,0	0,0	0,0	5,0	0,0	0,0	0,0	0,0	15,0	0,0	15,0	0,0	2,0	2,0	0,0	0,0
22055	Berbegal	2015	Secano	120,0	47,0	0,0	0,0	0,0	0,0	0,0	0,0	0,0	0,0	0,0	0,0	47,0	0,0	0,0	0,0	0,0	46,0	0,0	46,0	0,0	27,0	27,0	0,0	0,0
22057	Bielsa	2015	Regadío											0,0														
22057	Bielsa	2015	Secano											0,0														
22058	Bierge	2015	Regadío	0,0	0,0	0,0	0,0	0,0	0,0	0,0	0,0	0,0	0,0	0,0	0,0	0,0	0,0	0,0	0,0	0,0	0,0	0,0	0,0	0,0	0,0	0,0	0,0	0,0
22058	Bierge	2015	Secano	270,0	105,0	0,0	0,0	0,0	0,0	0,0	0,0	0,0	0,0	0,0	0,0	105,0	0,0	0,0	0,0	0,0	25,0	0,0	25,0	0,0	140,0	140,0	0,0	0,0
22059	Biescas	2015	Regadío	1,0	1,0	1,0	0,0	0,0	0,0	0,0	0,0	0,0	0,0	0,0	0,0	0,0	0,0	0,0	0,0	0,0	0,0	0,0	0,0	0,0	0,0	0,0	0,0	0,0
22059	Biescas	2015	Secano	1,0	0,0	0,0	0,0	0,0	0,0	0,0	0,0	0,0	0,0	0,0	0,0	0,0	0,0	0,0	0,0	0,0	1,0	0,0	1,0	0,0	0,0	0,0	0,0	0,0
22060	Binaced	2015	Regadío	867,0	805,0	15,0	164,0	0,0	8,0	1,0	425,0	4,0	0,0	0,0	0,0	92,0	4,0	0,0	92,0	0,0	18,0	1,0	17,0	0,0	44,0	44,0	0,0	0,0
22060	Binaced	2015	Secano	34,0	22,0	0,0	0,0	0,0	0,0	0,0	4,0	0,0	0,0	0,0	0,0	15,0	0,0	0,0	3,0	0,0	0,0	0,0	0,0	0,0	12,0	12,0	0,0	0,0
22061	Binéfar	2015	Regadío	51,0	29,0	13,0	1,0	0,0	0,0	0,0	4,0	0,0	0,0	0,0	0,0	8,0	0,0	0,0	3,0	0,0	1,0	0,0	1,0	0,0	21,0	21,0	0,0	0,0
22061	Binéfar	2015	Secano	5,0	3,0	0,0	0,0	0,0	0,0	0,0	0,0	0,0	0,0	0,0	0,0	2,0	1,0	0,0	0,0	0,0	0,0	0,0	0,0	0,0	2,0	2,0	0,0	0,0
22062	Bisaurri	2015	Regadío											0,0														
22062	Bisaurri	2015	Secano											0,0														
22063	Biscarrués	2015	Regadío	15,0	3,0	0,0	0,0	0,0	0,0	0,0	0,0	0,0	0,0	0,0	0,0	0,0	0,0	0,0	0,0	3,0	11,0	0,0	11,0	0,0	1,0	1,0	0,0	0,0
22063	Biscarrués	2015	Secano	116,0	90,0	0,0	0,0	0,0	0,0	0,0	0,0	0,0	0,0	0,0	0,0	90,0	0,0	0,0	0,0	0,0	13,0	0,0	13,0	0,0	10,0	10,0	0,0	3,0
22064	Blecua y Torres	2015	Regadío	0,0	0,0	0,0	0,0	0,0	0,0	0,0	0,0	0,0	0,0	0,0	0,0	0,0	0,0	0,0	0,0	0,0	0,0	0,0	0,0	0,0	0,0	0,0	0,0	0,0
22064	Blecua y Torres	2015	Secano	84,0	37,0	0,0	0,0	0,0	0,0	0,0	0,0	0,0	0,0	0,0	0,0	37,0	0,0	0,0	0,0	0,0	40,0	0,0	40,0	0,0	7,0	7,0	0,0	0,0
22066	Boltaña	2015	Regadío	0,0	0,0	0,0	0,0	0,0	0,0	0,0	0,0	0,0	0,0	0,0	0,0	0,0	0,0	0,0	0,0	0,0	0,0	0,0	0,0	0,0	0,0	0,0	0,0	0,0
22066	Boltaña	2015	Secano	1,0	0,0	0,0	0,0	0,0	0,0	0,0	0,0	0,0	0,0	0,0	0,0	0,0	0,0	0,0	0,0	0,0	0,0	0,0	0,0	0,0	1,0	1,0	0,0	0,0
22067	Bonansa	2015	Regadío											0,0														
22067	Bonansa	2015	Secano											0,0														
22068	Borau	2015	Regadío											0,0														
22068	Borau	2015	Secano											0,0														
22069	Broto	2015	Regadío											0,0														
22069	Broto	2015	Secano											0,0														
22072	Caldearenas	2015	Regadío											0,0														
22072	Caldearenas	2015	Secano											0,0														
22074	Campo	2015	Regadío											0,0														
22074	Campo	2015	Secano											0,0														
22075	Camporrells	2015	Regadío	0,0	0,0	0,0	0,0	0,0	0,0	0,0	0,0	0,0	0,0	0,0	0,0	0,0	0,0	0,0	0,0	0,0	0,0	0,0	0,0	0,0	0,0	0,0	0,0	0,0
22075	Camporrells	2015	Secano	30,0	17,0	0,0	0,0	0,0	0,0	0,0	0,0	0,0	0,0	0,0	0,0	17,0	0,0	0,0	0,0	0,0	0,0	0,0	0,0	0,0	13,0	13,0	0,0	0,0
22076	Canal de Berdún	2015	Regadío	1,0	1,0	0,0	0,0	0,0	0,0	0,0	0,0	0,0	0,0	0,0	0,0	1,0	0,0	0,0	0,0	0,0	0,0	0,0	0,0	0,0	0,0	0,0	0,0	0,0
22076	Canal de Berdún	2015	Secano	26,0	21,0	0,0	0,0	0,0	0,0	0,0	0,0	0,0	0,0	0,0	0,0	21,0	0,0	0,0	0,0	0,0	5,0	0,0	5,0	0,0	0,0	0,0	0,0	0,0
22077	Candasnos	2015	Regadío	349,0	340,0	0,0	0,0	0,0	7,0	15,0	152,0	0,0	0,0	0,0	0,0	1,0	0,0	0,0	165,0	0,0	0,0	0,0	0,0	0,0	9,0	9,0	0,0	0,0
22077	Candasnos	2015	Secano	13,0	4,0	0,0	0,0	0,0	0,0	0,0	0,0	0,0	0,0	0,0	0,0	4,0	0,0	0,0	0,0	0,0	0,0	0,0	0,0	0,0	9,0	9,0	0,0	0,0
22078	Canfranc	2015	Regadío											0,0														
22078	Canfranc	2015	Secano											0,0														
22079	Capdesaso	2015	Regadío	3,0	0,0	0,0	0,0	0,0	0,0	0,0	0,0	0,0	0,0	0,0	0,0	0,0	0,0	0,0	0,0	0,0	1,0	0,0	1,0	0,0	2,0	2,0	0,0	0,0
22079	Capdesaso	2015	Secano	0,0	0,0	0,0	0,0	0,0	0,0	0,0	0,0	0,0	0,0	0,0	0,0	0,0	0,0	0,0	0,0	0,0	0,0	0,0	0,0	0,0	0,0	0,0	0,0	0,0
22080	Capella	2015	Regadío	0,0	0,0	0,0	0,0	0,0	0,0	0,0	0,0	0,0	0,0	0,0	0,0	0,0	0,0	0,0	0,0	0,0	0,0	0,0	0,0	0,0	0,0	0,0	0,0	0,0
22080	Capella	2015	Secano	66,0	28,0	0,0	0,0	0,0	0,0	0,0	0,0	0,0	0,0	0,0	0,0	28,0	0,0	0,0	0,0	0,0	11,0	0,0	11,0	0,0	27,0	27,0	0,0	0,0
22081	Casbas de Huesca	2015	Regadío	2,0	0,0	0,0	0,0	0,0	0,0	0,0	0,0	0,0	0,0	0,0	0,0	0,0	0,0	0,0	0,0	0,0	1,0	0,0	1,0	0,0	1,0	1,0	0,0	0,0
22081	Casbas de Huesca	2015	Secano	220,0	97,0	0,0	0,0	0,0	0,0	0,0	0,0	0,0	0,0	0,0	0,0	97,0	0,0	0,0	0,0	0,0	28,0	0,0	28,0	0,0	95,0	95,0	0,0	0,0
22082	Castejón del Puente	2015	Regadío	5,0	1,0	0,0	0,0	0,0	0,0	0,0	0,0	0,0	0,0	0,0	0,0	1,0	0,0	0,0	0,0	0,0	0,0	0,0	0,0	0,0	4,0	4,0	0,0	0,0
22082	Castejón del Puente	2015	Secano	32,0	4,0	0,0	0,0	0,0	0,0	0,0	0,0	0,0	0,0	0,0	0,0	4,0	0,0	0,0	0,0	0,0	6,0	0,0	6,0	0,0	22,0	22,0	0,0	0,0
22083	Castejón de Monegros	2015	Regadío	0,0	0,0	0,0	0,0	0,0	0,0	0,0	0,0	0,0	0,0	0,0	0,0	0,0	0,0	0,0	0,0	0,0	0,0	0,0	0,0	0,0	0,0	0,0	0,0	0,0
22083	Castejón de Monegros	2015	Secano	89,0	28,0	0,0	0,0	0,0	0,0	0,0	0,0	0,0	0,0	0,0	0,0	28,0	0,0	0,0	0,0	0,0	23,0	0,0	23,0	0,0	38,0	38,0	0,0	0,0
22084	Castejón de Sos	2015	Regadío											0,0														
22084	Castejón de Sos	2015	Secano											0,0														
22085	Castelflorite	2015	Regadío	86,0	17,0	0,0	0,0	0,0	0,0	0,0	0,0	0,0	0,0	0,0	0,0	17,0	0,0	0,0	0,0	0,0	0,0	0,0	0,0	0,0	69,0	69,0	0,0	0,0
22085	Castelflorite	2015	Secano	29,0	13,0	0,0	0,0	0,0	0,0	0,0	0,0	0,0	0,0	0,0	0,0	13,0	0,0	0,0	0,0	0,0	0,0	0,0	0,0	0,0	16,0	16,0	0,0	0,0
22086	Castiello de Jaca	2015	Regadío											0,0														
22086	Castiello de Jaca	2015	Secano											0,0														
22087	Castigaleu	2015	Regadío											0,0														
22087	Castigaleu	2015	Secano											0,0														
22088	Castillazuelo	2015	Regadío	16,0	0,0	0,0	0,0	0,0	0,0	0,0	0,0	0,0	0,0	0,0	0,0	0,0	0,0	0,0	0,0	0,0	15,0	0,0	15,0	0,0	1,0	1,0	0,0	0,0
22088	Castillazuelo	2015	Secano	120,0	24,0	0,0	0,0	0,0	0,0	0,0	0,0	0,0	0,0	0,0	0,0	24,0	0,0	0,0	0,0	0,0	66,0	0,0	66,0	0,0	30,0	30,0	0,0	0,0
22089	Castillonroy	2015	Regadío	29,0	29,0	4,0	5,0	0,0	0,0	0,0	16,0	0,0	0,0	0,0	0,0	0,0	0,0	0,0	3,0	1,0	0,0	0,0	0,0	0,0	0,0	0,0	0,0	0,0
22089	Castillonroy	2015	Secano	177,0	46,0	0,0	0,0	0,0	0,0	0,0	0,0	0,0	0,0	0,0	0,0	46,0	0,0	0,0	0,0	0,0	1,0	0,0	1,0	0,0	130,0	130,0	0,0	0,0
22090	Colungo	2015	Regadío	0,0	0,0	0,0	0,0	0,0	0,0	0,0	0,0	0,0	0,0	0,0	0,0	0,0	0,0	0,0	0,0	0,0	0,0	0,0	0,0	0,0	0,0	0,0	0,0	0,0
22090	Colungo	2015	Secano	165,0	56,0	0,0	0,0	0,0	0,0	0,0	0,0	0,0	0,0	0,0	0,0	56,0	0,0	0,0	0,0	0,0	4,0	0,0	4,0	0,0	105,0	105,0	0,0	0,0
22094	Chalamera	2015	Regadío	79,0	75,0	1,0	30,0	0,0	0,0	0,0	24,0	0,0	0,0	0,0	0,0	1,0	0,0	0,0	19,0	0,0	0,0	0,0	0,0	0,0	4,0	4,0	0,0	0,0
22094	Chalamera	2015	Secano	2,0	0,0	0,0	0,0	0,0	0,0	0,0	0,0	0,0	0,0	0,0	0,0	0,0	0,0	0,0	0,0	0,0	0,0	0,0	0,0	0,0	2,0	2,0	0,0	0,0
22095	Chía	2015	Regadío											0,0														
22095	Chía	2015	Secano											0,0														
22096	Chimillas	2015	Regadío	0,0	0,0	0,0	0,0	0,0	0,0	0,0	0,0	0,0	0,0	0,0	0,0	0,0	0,0	0,0	0,0	0,0	0,0	0,0	0,0	0,0	0,0	0,0	0,0	0,0
22096	Chimillas	2015	Secano	12,0	9,0	0,0	0,0	0,0	0,0	0,0	0,0	0,0	0,0	0,0	0,0	9,0	0,0	0,0	0,0	0,0	2,0	0,0	2,0	0,0	1,0	1,0	0,0	0,0
22099	Esplús	2015	Regadío	268,0	178,0	59,0	39,0	0,0	10,0	0,0	25,0	21,0	0,0	0,0	0,0	13,0	5,0	0,0	6,0	0,0	46,0	0,0	46,0	0,0	44,0	44,0	0,0	0,0
22099	Esplús	2015	Secano	2,0	1,0	0,0	0,0	0,0	0,0	0,0	0,0	0,0	0,0	0,0	0,0	1,0	0,0	0,0	0,0	0,0	0,0	0,0	0,0	0,0	1,0	1,0	0,0	0,0
22102	Estada	2015	Regadío	30,0	23,0	0,0	23,0	0,0	0,0	0,0	0,0	0,0	0,0	0,0	0,0	0,0	0,0	0,0	0,0	0,0	2,0	0,0	2,0	0,0	5,0	5,0	0,0	0,0
22102	Estada	2015	Secano	58,0	16,0	0,0	0,0	0,0	0,0	0,0	1,0	0,0	0,0	0,0	0,0	15,0	0,0	0,0	0,0	0,0	1,0	0,0	1,0	0,0	41,0	41,0	0,0	0,0
22103	Estadilla	2015	Regadío	87,0	34,0	2,0	14,0	0,0	0,0	3,0	2,0	0,0	0,0	0,0	0,0	12,0	1,0	0,0	0,0	0,0	40,0	0,0	40,0	0,0	13,0	13,0	0,0	0,0
22103	Estadilla	2015	Secano	352,0	106,0	0,0	0,0	0,0	0,0	0,0	2,0	0,0	0,0	0,0	0,0	104,0	0,0	0,0	0,0	0,0	63,0	0,0	63,0	0,0	183,0	183,0	0,0	0,0
22105	Estopiñán del Castillo	2015	Regadío	1,0	0,0	0,0	0,0	0,0	0,0	0,0	0,0	0,0	0,0	0,0	0,0	0,0	0,0	0,0	0,0	0,0	0,0	0,0	0,0	0,0	1,0	1,0	0,0	0,0
22105	Estopiñán del Castillo	2015	Secano	34,0	21,0	0,0	0,0	0,0	0,0	0,0	0,0	0,0	0,0	0,0	0,0	21,0	0,0	0,0	0,0	0,0	0,0	0,0	0,0	0,0	13,0	13,0	0,0	0,0
22106	Fago	2015	Regadío											0,0														
22106	Fago	2015	Secano											0,0														
22107	Fanlo	2015	Regadío											0,0														
22107	Fanlo	2015	Secano											0,0														
22109	Fiscal	2015	Regadío											0,0														
22109	Fiscal	2015	Secano											0,0														
22110	Fonz	2015	Regadío	110,0	53,0	25,0	4,0	0,0	0,0	0,0	11,0	0,0	0,0	0,0	0,0	6,0	1,0	0,0	0,0	6,0	17,0	0,0	17,0	0,0	40,0	40,0	0,0	0,0
22110	Fonz	2015	Secano	241,0	69,0	0,0	0,0	0,0	0,0	0,0	0,0	0,0	0,0	0,0	0,0	68,0	0,0	0,0	0,0	1,0	7,0	0,0	7,0	0,0	165,0	165,0	0,0	0,0
22111	Foradada del Toscar	2015	Regadío	0,0	0,0	0,0	0,0	0,0	0,0	0,0	0,0	0,0	0,0	0,0	0,0	0,0	0,0	0,0	0,0	0,0	0,0	0,0	0,0	0,0	0,0	0,0	0,0	0,0
22111	Foradada del Toscar	2015	Secano	1,0	0,0	0,0	0,0	0,0	0,0	0,0	0,0	0,0	0,0	0,0	0,0	0,0	0,0	0,0	0,0	0,0	1,0	0,0	1,0	0,0	0,0	0,0	0,0	0,0
22112	Fraga	2015	Regadío	4902,0	4730,0	64,0	239,0	9,0	160,0	92,0	2327,0	5,0	3,0	0,0	0,0	56,0	0,0	0,0	1772,0	3,0	0,0	0,0	0,0	0,0	172,0	172,0	0,0	0,0
22112	Fraga	2015	Secano	115,0	74,0	0,0	0,0	0,0	3,0	1,0	10,0	0,0	0,0	0,0	0,0	55,0	0,0	0,0	5,0	0,0	1,0	0,0	1,0	0,0	40,0	40,0	0,0	0,0
22113	Fueva (La)	2015	Regadío	0,0	0,0	0,0	0,0	0,0	0,0	0,0	0,0	0,0	0,0	0,0	0,0	0,0	0,0	0,0	0,0	0,0	0,0	0,0	0,0	0,0	0,0	0,0	0,0	0,0
22113	Fueva (La)	2015	Secano	31,0	10,0	0,0	0,0	0,0	0,0	0,0	0,0	0,0	0,0	0,0	0,0	10,0	0,0	0,0	0,0	0,0	8,0	0,0	8,0	0,0	13,0	13,0	0,0	0,0
22114	Gistaín	2015	Regadío											0,0														
22114	Gistaín	2015	Secano											0,0														
22115	Grado (El)	2015	Regadío	148,0	47,0	0,0	0,0	0,0	0,0	19,0	0,0	7,0	0,0	0,0	0,0	15,0	0,0	0,0	6,0	0,0	79,0	0,0	79,0	0,0	22,0	22,0	0,0	0,0
22115	Grado (El)	2015	Secano	461,0	126,0	0,0	0,0	0,0	0,0	0,0	0,0	2,0	0,0	0,0	0,0	124,0	0,0	0,0	0,0	0,0	176,0	0,0	176,0	0,0	159,0	159,0	0,0	0,0
22116	Grañén	2015	Regadío	39,0	35,0	0,0	0,0	0,0	0,0	0,0	0,0	0,0	0,0	0,0	0,0	34,0	0,0	0,0	0,0	1,0	0,0	0,0	0,0	0,0	4,0	4,0	0,0	0,0
22116	Grañén	2015	Secano	21,0	14,0	0,0	0,0	0,0	0,0	0,0	0,0	0,0	0,0	0,0	0,0	13,0	0,0	0,0	0,0	1,0	0,0	0,0	0,0	0,0	7,0	7,0	0,0	0,0
22117	Graus	2015	Regadío	3,0	0,0	0,0	0,0	0,0	0,0	0,0	0,0	0,0	0,0	0,0	0,0	0,0	0,0	0,0	0,0	0,0	3,0	0,0	3,0	0,0	0,0	0,0	0,0	0,0
22117	Graus	2015	Secano	422,0	160,0	0,0	0,0	0,0	0,0	0,0	0,0	0,0	0,0	0,0	0,0	156,0	2,0	0,0	0,0	2,0	59,0	0,0	59,0	0,0	203,0	203,0	0,0	0,0
22119	Gurrea de Gállego	2015	Regadío	507,0	258,0	45,0	14,0	0,0	0,0	4,0	10,0	0,0	0,0	0,0	0,0	176,0	0,0	0,0	9,0	0,0	2,0	0,0	2,0	0,0	247,0	247,0	0,0	0,0
22119	Gurrea de Gállego	2015	Secano	556,0	524,0	0,0	0,0	0,0	0,0	0,0	0,0	0,0	0,0	0,0	0,0	524,0	0,0	0,0	0,0	0,0	16,0	0,0	16,0	0,0	16,0	16,0	0,0	0,0
22122	Hoz de Jaca	2015	Regadío											0,0														
22122	Hoz de Jaca	2015	Secano											0,0														
22124	Huerto	2015	Regadío	6,0	4,0	0,0	0,0	0,0	0,0	0,0	0,0	0,0	0,0	0,0	0,0	4,0	0,0	0,0	0,0	0,0	1,0	0,0	1,0	0,0	1,0	1,0	0,0	0,0
22124	Huerto	2015	Secano	39,0	17,0	0,0	0,0	0,0	0,0	0,0	0,0	0,0	0,0	0,0	0,0	17,0	0,0	0,0	0,0	0,0	0,0	0,0	0,0	0,0	22,0	22,0	0,0	0,0
22125	Huesca	2015	Regadío	9,0	4,0	0,0	0,0	0,0	0,0	0,0	0,0	0,0	0,0	0,0	0,0	3,0	0,0	0,0	0,0	1,0	1,0	0,0	1,0	0,0	4,0	4,0	0,0	0,0
22125	Huesca	2015	Secano	242,0	199,0	0,0	0,0	0,0	0,0	0,0	0,0	0,0	0,0	0,0	0,0	198,0	1,0	0,0	0,0	0,0	11,0	0,0	11,0	0,0	32,0	32,0	0,0	0,0
22126	Ibieca	2015	Regadío	2,0	0,0	0,0	0,0	0,0	0,0	0,0	0,0	0,0	0,0	0,0	0,0	0,0	0,0	0,0	0,0	0,0	0,0	0,0	0,0	0,0	2,0	2,0	0,0	0,0
22126	Ibieca	2015	Secano	126,0	86,0	0,0	0,0	0,0	0,0	0,0	0,0	0,0	0,0	0,0	0,0	86,0	0,0	0,0	0,0	0,0	14,0	0,0	14,0	0,0	26,0	26,0	0,0	0,0
22127	Igriés	2015	Regadío	1,0	0,0	0,0	0,0	0,0	0,0	0,0	0,0	0,0	0,0	0,0	0,0	0,0	0,0	0,0	0,0	0,0	0,0	0,0	0,0	0,0	1,0	1,0	0,0	0,0
22127	Igriés	2015	Secano	58,0	44,0	0,0	0,0	0,0	0,0	0,0	0,0	0,0	0,0	0,0	0,0	44,0	0,0	0,0	0,0	0,0	5,0	0,0	5,0	0,0	9,0	9,0	0,0	0,0
22128	Ilche	2015	Regadío	128,0	13,0	0,0	0,0	0,0	1,0	0,0	0,0	0,0	0,0	0,0	0,0	11,0	1,0	0,0	0,0	0,0	100,0	0,0	100,0	0,0	15,0	15,0	0,0	0,0
22128	Ilche	2015	Secano	33,0	14,0	0,0	0,0	0,0	0,0	0,0	0,0	0,0	0,0	0,0	0,0	14,0	0,0	0,0	0,0	0,0	9,0	0,0	9,0	0,0	10,0	10,0	0,0	0,0
22129	Isábena	2015	Regadío	0,0	0,0	0,0	0,0	0,0	0,0	0,0	0,0	0,0	0,0	0,0	0,0	0,0	0,0	0,0	0,0	0,0	0,0	0,0	0,0	0,0	0,0	0,0	0,0	0,0
22129	Isábena	2015	Secano	18,0	2,0	0,0	0,0	0,0	0,0	0,0	0,0	0,0	0,0	0,0	0,0	2,0	0,0	0,0	0,0	0,0	0,0	0,0	0,0	0,0	16,0	16,0	0,0	0,0
22130	Jaca	2015	Regadío	0,0	0,0	0,0	0,0	0,0	0,0	0,0	0,0	0,0	0,0	0,0	0,0	0,0	0,0	0,0	0,0	0,0	0,0	0,0	0,0	0,0	0,0	0,0	0,0	0,0
22130	Jaca	2015	Secano	1,0	1,0	0,0	0,0	0,0	0,0	1,0	0,0	0,0	0,0	0,0	0,0	0,0	0,0	0,0	0,0	0,0	0,0	0,0	0,0	0,0	0,0	0,0	0,0	0,0
22131	Jasa	2015	Regadío											0,0														
22131	Jasa	2015	Secano											0,0														
22133	Labuerda	2015	Regadío											0,0														
22133	Labuerda	2015	Secano											0,0														
22135	Laluenga	2015	Regadío	18,0	1,0	0,0	0,0	0,0	0,0	0,0	0,0	0,0	0,0	0,0	0,0	1,0	0,0	0,0	0,0	0,0	16,0	0,0	16,0	0,0	1,0	1,0	0,0	0,0
22135	Laluenga	2015	Secano	70,0	32,0	0,0	0,0	0,0	0,0	0,0	0,0	0,0	0,0	0,0	0,0	32,0	0,0	0,0	0,0	0,0	11,0	0,0	11,0	0,0	27,0	27,0	0,0	0,0
22136	Lalueza	2015	Regadío	8,0	2,0	0,0	0,0	0,0	0,0	0,0	0,0	0,0	0,0	0,0	0,0	1,0	0,0	0,0	0,0	1,0	2,0	0,0	2,0	0,0	4,0	4,0	0,0	0,0
22136	Lalueza	2015	Secano	14,0	7,0	0,0	0,0	0,0	0,0	0,0	0,0	0,0	0,0	0,0	0,0	7,0	0,0	0,0	0,0	0,0	2,0	0,0	2,0	0,0	5,0	5,0	0,0	0,0
22137	Lanaja	2015	Regadío	27,0	22,0	0,0	0,0	0,0	0,0	0,0	0,0	0,0	0,0	0,0	0,0	22,0	0,0	0,0	0,0	0,0	0,0	0,0	0,0	0,0	5,0	5,0	0,0	0,0
22137	Lanaja	2015	Secano	241,0	157,0	0,0	0,0	0,0	0,0	0,0	0,0	0,0	0,0	0,0	0,0	157,0	0,0	0,0	0,0	0,0	19,0	0,0	19,0	0,0	65,0	65,0	0,0	0,0
22139	Laperdiguera	2015	Regadío	13,0	0,0	0,0	0,0	0,0	0,0	0,0	0,0	0,0	0,0	0,0	0,0	0,0	0,0	0,0	0,0	0,0	13,0	0,0	13,0	0,0	0,0	0,0	0,0	0,0
22139	Laperdiguera	2015	Secano	21,0	13,0	0,0	0,0	0,0	0,0	0,0	0,0	0,0	0,0	0,0	0,0	13,0	0,0	0,0	0,0	0,0	3,0	0,0	3,0	0,0	5,0	5,0	0,0	0,0
22141	Lascellas-Ponzano	2015	Regadío	0,0	0,0	0,0	0,0	0,0	0,0	0,0	0,0	0,0	0,0	0,0	0,0	0,0	0,0	0,0	0,0	0,0	0,0	0,0	0,0	0,0	0,0	0,0	0,0	0,0
22141	Lascellas-Ponzano	2015	Secano	219,0	75,0	0,0	0,0	0,0	0,0	0,0	0,0	0,0	0,0	0,0	0,0	75,0	0,0	0,0	0,0	0,0	124,0	0,0	124,0	0,0	20,0	20,0	0,0	0,0
22142	Lascuarre	2015	Regadío	0,0	0,0	0,0	0,0	0,0	0,0	0,0	0,0	0,0	0,0	0,0	0,0	0,0	0,0	0,0	0,0	0,0	0,0	0,0	0,0	0,0	0,0	0,0	0,0	0,0
22142	Lascuarre	2015	Secano	35,0	10,0	0,0	0,0	0,0	0,0	0,0	0,0	0,0	0,0	0,0	0,0	10,0	0,0	0,0	0,0	0,0	1,0	0,0	1,0	0,0	24,0	24,0	0,0	0,0
22143	Laspaúles	2015	Regadío											0,0														
22143	Laspaúles	2015	Secano											0,0														
22144	Laspuña	2015	Regadío											0,0														
22144	Laspuña	2015	Secano											0,0														
22149	Loarre	2015	Regadío	22,0	12,0	0,0	0,0	0,0	0,0	0,0	0,0	0,0	0,0	0,0	0,0	11,0	0,0	0,0	0,0	1,0	0,0	0,0	0,0	0,0	10,0	10,0	0,0	0,0
22149	Loarre	2015	Secano	496,0	474,0	0,0	0,0	0,0	0,0	0,0	0,0	0,0	0,0	0,0	0,0	462,0	0,0	0,0	0,0	12,0	6,0	0,0	6,0	0,0	16,0	16,0	0,0	0,0
22150	Loporzano	2015	Regadío	2,0	0,0	0,0	0,0	0,0	0,0	0,0	0,0	0,0	0,0	0,0	0,0	0,0	0,0	0,0	0,0	0,0	0,0	0,0	0,0	0,0	2,0	2,0	0,0	0,0
22150	Loporzano	2015	Secano	472,0	349,0	0,0	0,0	0,0	0,0	0,0	0,0	0,0	0,0	0,0	0,0	349,0	0,0	0,0	0,0	0,0	32,0	0,0	32,0	0,0	91,0	91,0	0,0	0,0
22151	Loscorrales	2015	Regadío	5,0	5,0	0,0	0,0	0,0	0,0	0,0	0,0	0,0	0,0	0,0	0,0	5,0	0,0	0,0	0,0	0,0	0,0	0,0	0,0	0,0	0,0	0,0	0,0	0,0
22151	Loscorrales	2015	Secano	223,0	214,0	0,0	0,0	0,0	0,0	0,0	0,0	0,0	0,0	0,0	0,0	214,0	0,0	0,0	0,0	0,0	4,0	0,0	4,0	0,0	5,0	5,0	0,0	0,0
22155	Monesma y Cajigar	2015	Regadío											0,0														
22155	Monesma y Cajigar	2015	Secano											0,0														
22156	Monflorite-Lascasas	2015	Regadío	2,0	0,0	0,0	0,0	0,0	0,0	0,0	0,0	0,0	0,0	0,0	0,0	0,0	0,0	0,0	0,0	0,0	0,0	0,0	0,0	0,0	2,0	2,0	0,0	0,0
22156	Monflorite-Lascasas	2015	Secano	7,0	7,0	0,0	0,0	0,0	0,0	0,0	0,0	0,0	0,0	0,0	0,0	7,0	0,0	0,0	0,0	0,0	0,0	0,0	0,0	0,0	0,0	0,0	0,0	0,0
22157	Montanuy	2015	Regadío											0,0														
22157	Montanuy	2015	Secano											0,0														
22158	Monzón	2015	Regadío	342,0	305,0	28,0	64,0	0,0	0,0	1,0	115,0	0,0	0,0	0,0	0,0	36,0	2,0	0,0	59,0	0,0	0,0	0,0	0,0	0,0	37,0	37,0	0,0	0,0
22158	Monzón	2015	Secano	20,0	4,0	0,0	0,0	0,0	0,0	0,0	0,0	0,0	0,0	0,0	0,0	4,0	0,0	0,0	0,0	0,0	1,0	0,0	1,0	0,0	15,0	15,0	0,0	0,0
22160	Naval	2015	Regadío	0,0	0,0	0,0	0,0	0,0	0,0	0,0	0,0	0,0	0,0	0,0	0,0	0,0	0,0	0,0	0,0	0,0	0,0	0,0	0,0	0,0	0,0	0,0	0,0	0,0
22160	Naval	2015	Secano	150,0	105,0	0,0	0,0	0,0	0,0	0,0	0,0	0,0	0,0	0,0	0,0	105,0	0,0	0,0	0,0	0,0	1,0	0,0	1,0	0,0	44,0	44,0	0,0	0,0
22162	Novales	2015	Regadío	45,0	44,0	0,0	0,0	0,0	0,0	0,0	0,0	0,0	0,0	0,0	0,0	44,0	0,0	0,0	0,0	0,0	0,0	0,0	0,0	0,0	1,0	1,0	0,0	0,0
22162	Novales	2015	Secano	11,0	10,0	0,0	0,0	0,0	0,0	0,0	0,0	0,0	0,0	0,0	0,0	10,0	0,0	0,0	0,0	0,0	0,0	0,0	0,0	0,0	1,0	1,0	0,0	0,0
22163	Nueno	2015	Regadío	10,0	7,0	0,0	0,0	0,0	0,0	0,0	0,0	0,0	0,0	0,0	0,0	7,0	0,0	0,0	0,0	0,0	0,0	0,0	0,0	0,0	3,0	3,0	0,0	0,0
22163	Nueno	2015	Secano	289,0	263,0	0,0	0,0	0,0	0,0	0,0	0,0	0,0	0,0	0,0	0,0	263,0	0,0	0,0	0,0	0,0	6,0	0,0	6,0	0,0	20,0	20,0	0,0	0,0
22164	Olvena	2015	Regadío	22,0	10,0	0,0	0,0	0,0	0,0	0,0	0,0	0,0	0,0	0,0	0,0	4,0	0,0	0,0	6,0	0,0	10,0	0,0	10,0	0,0	2,0	2,0	0,0	0,0
22164	Olvena	2015	Secano	119,0	50,0	0,0	0,0	0,0	0,0	0,0	0,0	0,0	0,0	0,0	0,0	50,0	0,0	0,0	0,0	0,0	48,0	0,0	48,0	0,0	21,0	21,0	0,0	0,0
22165	Ontiñena	2015	Regadío	157,0	142,0	0,0	14,0	6,0	0,0	25,0	13,0	0,0	0,0	0,0	0,0	19,0	0,0	0,0	65,0	0,0	0,0	0,0	0,0	0,0	15,0	15,0	0,0	0,0
22165	Ontiñena	2015	Secano	138,0	107,0	0,0	0,0	0,0	6,0	3,0	32,0	18,0	0,0	0,0	0,0	6,0	0,0	0,0	42,0	0,0	0,0	0,0	0,0	0,0	31,0	31,0	0,0	0,0
22167	Osso de Cinca	2015	Regadío	910,0	896,0	40,0	24,0	0,0	33,0	14,0	413,0	16,0	0,0	0,0	0,0	18,0	0,0	0,0	329,0	9,0	1,0	0,0	1,0	0,0	13,0	13,0	0,0	0,0
22167	Osso de Cinca	2015	Secano	50,0	49,0	0,0	0,0	0,0	0,0	0,0	4,0	0,0	0,0	0,0	0,0	44,0	0,0	0,0	1,0	0,0	0,0	0,0	0,0	0,0	1,0	1,0	0,0	0,0
22168	Palo	2015	Regadío											0,0														
22168	Palo	2015	Secano											0,0														
22170	Panticosa	2015	Regadío											0,0														
22170	Panticosa	2015	Secano											0,0														
22172	Peñalba	2015	Regadío	4,0	3,0	0,0	0,0	0,0	0,0	0,0	2,0	0,0	0,0	0,0	0,0	1,0	0,0	0,0	0,0	0,0	0,0	0,0	0,0	0,0	1,0	1,0	0,0	0,0
22172	Peñalba	2015	Secano	5,0	3,0	0,0	0,0	0,0	0,0	0,0	3,0	0,0	0,0	0,0	0,0	0,0	0,0	0,0	0,0	0,0	0,0	0,0	0,0	0,0	2,0	2,0	0,0	0,0
22173	Peñas de Riglos (Las)	2015	Regadío	1,0	1,0	0,0	0,0	0,0	0,0	0,0	0,0	0,0	0,0	0,0	0,0	1,0	0,0	0,0	0,0	0,0	0,0	0,0	0,0	0,0	0,0	0,0	0,0	0,0
22173	Peñas de Riglos (Las)	2015	Secano	70,0	62,0	0,0	0,0	0,0	0,0	0,0	0,0	0,0	0,0	0,0	0,0	61,0	0,0	0,0	0,0	1,0	1,0	0,0	1,0	0,0	7,0	7,0	0,0	0,0
22174	Peralta de Alcofea	2015	Regadío	26,0	11,0	0,0	0,0	0,0	0,0	0,0	0,0	0,0	0,0	0,0	0,0	4,0	7,0	0,0	0,0	0,0	0,0	0,0	0,0	0,0	15,0	15,0	0,0	0,0
22174	Peralta de Alcofea	2015	Secano	219,0	138,0	0,0	0,0	0,0	0,0	0,0	0,0	0,0	0,0	0,0	0,0	138,0	0,0	0,0	0,0	0,0	1,0	0,0	1,0	0,0	80,0	80,0	0,0	0,0
22175	Peralta de Calasanz	2015	Regadío	0,0	0,0	0,0	0,0	0,0	0,0	0,0	0,0	0,0	0,0	0,0	0,0	0,0	0,0	0,0	0,0	0,0	0,0	0,0	0,0	0,0	0,0	0,0	0,0	0,0
22175	Peralta de Calasanz	2015	Secano	248,0	120,0	0,0	0,0	0,0	0,0	0,0	0,0	0,0	0,0	0,0	0,0	120,0	0,0	0,0	0,0	0,0	3,0	0,0	3,0	0,0	125,0	125,0	0,0	0,0
22176	Peraltilla	2015	Regadío	3,0	2,0	0,0	0,0	0,0	0,0	0,0	0,0	0,0	0,0	0,0	0,0	2,0	0,0	0,0	0,0	0,0	0,0	0,0	0,0	0,0	1,0	1,0	0,0	0,0
22176	Peraltilla	2015	Secano	117,0	85,0	0,0	0,0	0,0	0,0	0,0	0,0	0,0	0,0	0,0	0,0	85,0	0,0	0,0	0,0	0,0	6,0	0,0	6,0	0,0	26,0	26,0	0,0	0,0
22177	Perarrúa	2015	Regadío	2,0	0,0	0,0	0,0	0,0	0,0	0,0	0,0	0,0	0,0	0,0	0,0	0,0	0,0	0,0	0,0	0,0	0,0	0,0	0,0	0,0	2,0	2,0	0,0	0,0
22177	Perarrúa	2015	Secano	38,0	22,0	0,0	0,0	0,0	0,0	0,0	0,0	0,0	0,0	0,0	0,0	21,0	1,0	0,0	0,0	0,0	9,0	0,0	9,0	0,0	7,0	7,0	0,0	0,0
22178	Pertusa	2015	Regadío	0,0	0,0	0,0	0,0	0,0	0,0	0,0	0,0	0,0	0,0	0,0	0,0	0,0	0,0	0,0	0,0	0,0	0,0	0,0	0,0	0,0	0,0	0,0	0,0	0,0
22178	Pertusa	2015	Secano	14,0	5,0	0,0	0,0	0,0	0,0	0,0	0,0	0,0	0,0	0,0	0,0	5,0	0,0	0,0	0,0	0,0	4,0	0,0	4,0	0,0	5,0	5,0	0,0	0,0
22181	Piracés	2015	Regadío	1,0	1,0	0,0	0,0	0,0	0,0	0,0	0,0	0,0	0,0	0,0	0,0	0,0	1,0	0,0	0,0	0,0	0,0	0,0	0,0	0,0	0,0	0,0	0,0	0,0
22181	Piracés	2015	Secano	7,0	0,0	0,0	0,0	0,0	0,0	0,0	0,0	0,0	0,0	0,0	0,0	0,0	0,0	0,0	0,0	0,0	0,0	0,0	0,0	0,0	7,0	7,0	0,0	0,0
22182	Plan	2015	Regadío											0,0														
22182	Plan	2015	Secano											0,0														
22184	Poleñino	2015	Regadío	9,0	8,0	0,0	0,0	0,0	0,0	0,0	2,0	0,0	0,0	0,0	0,0	6,0	0,0	0,0	0,0	0,0	0,0	0,0	0,0	0,0	1,0	1,0	0,0	0,0
22184	Poleñino	2015	Secano	1,0	0,0	0,0	0,0	0,0	0,0	0,0	0,0	0,0	0,0	0,0	0,0	0,0	0,0	0,0	0,0	0,0	1,0	0,0	1,0	0,0	0,0	0,0	0,0	0,0
22186	Pozán de Vero	2015	Regadío	1,0	0,0	0,0	0,0	0,0	0,0	0,0	0,0	0,0	0,0	0,0	0,0	0,0	0,0	0,0	0,0	0,0	0,0	0,0	0,0	0,0	1,0	1,0	0,0	0,0
22186	Pozán de Vero	2015	Secano	255,0	75,0	0,0	0,0	0,0	0,0	0,0	0,0	0,0	0,0	0,0	0,0	75,0	0,0	0,0	0,0	0,0	126,0	0,0	126,0	0,0	54,0	54,0	0,0	0,0
22187	Puebla de Castro (La)	2015	Regadío	0,0	0,0	0,0	0,0	0,0	0,0	0,0	0,0	0,0	0,0	0,0	0,0	0,0	0,0	0,0	0,0	0,0	0,0	0,0	0,0	0,0	0,0	0,0	0,0	0,0
22187	Puebla de Castro (La)	2015	Secano	148,0	91,0	0,0	0,0	0,0	0,0	0,0	0,0	0,0	0,0	0,0	0,0	91,0	0,0	0,0	0,0	0,0	35,0	0,0	35,0	0,0	22,0	22,0	0,0	0,0
22188	Puente de Montañana	2015	Regadío	0,0	0,0	0,0	0,0	0,0	0,0	0,0	0,0	0,0	0,0	0,0	0,0	0,0	0,0	0,0	0,0	0,0	0,0	0,0	0,0	0,0	0,0	0,0	0,0	0,0
22188	Puente de Montañana	2015	Secano	1,0	0,0	0,0	0,0	0,0	0,0	0,0	0,0	0,0	0,0	0,0	0,0	0,0	0,0	0,0	0,0	0,0	0,0	0,0	0,0	0,0	1,0	1,0	0,0	0,0
22189	Puértolas	2015	Regadío											0,0														
22189	Puértolas	2015	Secano											0,0														
22190	Pueyo de Araguás (El)	2015	Regadío	0,0	0,0	0,0	0,0	0,0	0,0	0,0	0,0	0,0	0,0	0,0	0,0	0,0	0,0	0,0	0,0	0,0	0,0	0,0	0,0	0,0	0,0	0,0	0,0	0,0
22190	Pueyo de Araguás (El)	2015	Secano	8,0	1,0	0,0	0,0	0,0	0,0	0,0	0,0	0,0	0,0	0,0	0,0	1,0	0,0	0,0	0,0	0,0	3,0	0,0	3,0	0,0	4,0	4,0	0,0	0,0
22193	Pueyo de Santa Cruz	2015	Regadío	27,0	21,0	1,0	1,0	0,0	0,0	0,0	16,0	0,0	0,0	0,0	0,0	3,0	0,0	0,0	0,0	0,0	0,0	0,0	0,0	0,0	6,0	6,0	0,0	0,0
22193	Pueyo de Santa Cruz	2015	Secano	1,0	1,0	0,0	0,0	0,0	0,0	0,0	0,0	0,0	0,0	0,0	0,0	1,0	0,0	0,0	0,0	0,0	0,0	0,0	0,0	0,0	0,0	0,0	0,0	0,0
22195	Quicena	2015	Regadío	1,0	0,0	0,0	0,0	0,0	0,0	0,0	0,0	0,0	0,0	0,0	0,0	0,0	0,0	0,0	0,0	0,0	0,0	0,0	0,0	0,0	1,0	1,0	0,0	0,0
22195	Quicena	2015	Secano	1,0	0,0	0,0	0,0	0,0	0,0	0,0	0,0	0,0	0,0	0,0	0,0	0,0	0,0	0,0	0,0	0,0	0,0	0,0	0,0	0,0	1,0	1,0	0,0	0,0
22197	Robres	2015	Regadío	2,0	1,0	0,0	0,0	0,0	0,0	0,0	0,0	0,0	0,0	0,0	0,0	1,0	0,0	0,0	0,0	0,0	1,0	0,0	1,0	0,0	0,0	0,0	0,0	0,0
22197	Robres	2015	Secano	49,0	11,0	0,0	0,0	0,0	0,0	0,0	0,0	0,0	0,0	0,0	0,0	11,0	0,0	0,0	0,0	0,0	37,0	0,0	37,0	0,0	1,0	1,0	0,0	0,0
22199	Sabiñánigo	2015	Regadío	26,0	26,0	20,0	0,0	0,0	0,0	6,0	0,0	0,0	0,0	0,0	0,0	0,0	0,0	0,0	0,0	0,0	0,0	0,0	0,0	0,0	0,0	0,0	0,0	0,0
22199	Sabiñánigo	2015	Secano	3,0	2,0	0,0	0,0	0,0	0,0	0,0	0,0	0,0	0,0	0,0	0,0	2,0	0,0	0,0	0,0	0,0	1,0	0,0	1,0	0,0	0,0	0,0	0,0	0,0
22200	Sahún	2015	Regadío											0,0														
22200	Sahún	2015	Secano											0,0														
22201	Salas Altas	2015	Regadío	1,0	0,0	0,0	0,0	0,0	0,0	0,0	0,0	0,0	0,0	0,0	0,0	0,0	0,0	0,0	0,0	0,0	1,0	0,0	1,0	0,0	0,0	0,0	0,0	0,0
22201	Salas Altas	2015	Secano	795,0	152,0	0,0	0,0	0,0	0,0	0,0	0,0	0,0	0,0	0,0	0,0	152,0	0,0	0,0	0,0	0,0	555,0	0,0	555,0	0,0	88,0	88,0	0,0	0,0
22202	Salas Bajas	2015	Regadío	26,0	0,0	0,0	0,0	0,0	0,0	0,0	0,0	0,0	0,0	0,0	0,0	0,0	0,0	0,0	0,0	0,0	14,0	0,0	14,0	0,0	12,0	12,0	0,0	0,0
22202	Salas Bajas	2015	Secano	445,0	14,0	0,0	0,0	0,0	0,0	0,0	0,0	0,0	0,0	0,0	0,0	13,0	1,0	0,0	0,0	0,0	404,0	0,0	404,0	0,0	27,0	27,0	0,0	0,0
22203	Salillas	2015	Regadío	121,0	0,0	0,0	0,0	0,0	0,0	0,0	0,0	0,0	0,0	0,0	0,0	0,0	0,0	0,0	0,0	0,0	1,0	0,0	1,0	0,0	120,0	120,0	0,0	0,0
22203	Salillas	2015	Secano	9,0	4,0	0,0	0,0	0,0	0,0	0,0	0,0	0,0	0,0	0,0	0,0	4,0	0,0	0,0	0,0	0,0	4,0	0,0	4,0	0,0	1,0	1,0	0,0	0,0
22204	Sallent de Gállego	2015	Regadío											0,0														
22204	Sallent de Gállego	2015	Secano											0,0														
22205	San Esteban de Litera	2015	Regadío	66,0	45,0	5,0	13,0	0,0	2,0	0,0	4,0	0,0	2,0	0,0	0,0	6,0	1,0	0,0	10,0	2,0	1,0	0,0	1,0	0,0	20,0	20,0	0,0	0,0
22205	San Esteban de Litera	2015	Secano	74,0	41,0	0,0	0,0	0,0	0,0	0,0	0,0	0,0	0,0	0,0	0,0	41,0	0,0	0,0	0,0	0,0	3,0	0,0	3,0	0,0	30,0	30,0	0,0	0,0
22206	Sangarrén	2015	Regadío											0,0														
22206	Sangarrén	2015	Secano											0,0														
22207	San Juan de Plan	2015	Regadío											0,0														
22207	San Juan de Plan	2015	Secano											0,0														
22208	Santa Cilia	2015	Regadío	0,0	0,0	0,0	0,0	0,0	0,0	0,0	0,0	0,0	0,0	0,0	0,0	0,0	0,0	0,0	0,0	0,0	0,0	0,0	0,0	0,0	0,0	0,0	0,0	0,0
22208	Santa Cilia	2015	Secano	1,0	0,0	0,0	0,0	0,0	0,0	0,0	0,0	0,0	0,0	0,0	0,0	0,0	0,0	0,0	0,0	0,0	1,0	0,0	1,0	0,0	0,0	0,0	0,0	0,0
22209	Santa Cruz de la Serós	2015	Regadío	0,0	0,0	0,0	0,0	0,0	0,0	0,0	0,0	0,0	0,0	0,0	0,0	0,0	0,0	0,0	0,0	0,0	0,0	0,0	0,0	0,0	0,0	0,0	0,0	0,0
22209	Santa Cruz de la Serós	2015	Secano	1,0	1,0	0,0	0,0	0,0	0,0	0,0	0,0	0,0	0,0	0,0	0,0	1,0	0,0	0,0	0,0	0,0	0,0	0,0	0,0	0,0	0,0	0,0	0,0	0,0
22212	Santaliestra y San Quílez	2015	Regadío	1,0	1,0	0,0	0,0	0,0	0,0	0,0	0,0	0,0	0,0	0,0	0,0	0,0	0,0	0,0	0,0	1,0	0,0	0,0	0,0	0,0	0,0	0,0	0,0	0,0
22212	Santaliestra y San Quílez	2015	Secano	21,0	15,0	0,0	0,0	0,0	0,0	1,0	0,0	0,0	0,0	0,0	0,0	14,0	0,0	0,0	0,0	0,0	0,0	0,0	0,0	0,0	6,0	6,0	0,0	0,0
22213	Sariñena	2015	Regadío	221,0	175,0	66,0	0,0	0,0	11,0	0,0	65,0	0,0	0,0	0,0	0,0	32,0	0,0	0,0	0,0	1,0	3,0	0,0	3,0	0,0	43,0	43,0	0,0	0,0
22213	Sariñena	2015	Secano	45,0	25,0	0,0	0,0	0,0	0,0	0,0	0,0	0,0	0,0	0,0	0,0	25,0	0,0	0,0	0,0	0,0	3,0	0,0	3,0	0,0	17,0	17,0	0,0	0,0
22214	Secastilla	2015	Regadío	0,0	0,0	0,0	0,0	0,0	0,0	0,0	0,0	0,0	0,0	0,0	0,0	0,0	0,0	0,0	0,0	0,0	0,0	0,0	0,0	0,0	0,0	0,0	0,0	0,0
22214	Secastilla	2015	Secano	93,0	27,0	0,0	0,0	0,0	0,0	0,0	0,0	0,0	0,0	0,0	0,0	27,0	0,0	0,0	0,0	0,0	48,0	0,0	48,0	0,0	18,0	18,0	0,0	0,0
22215	Seira	2015	Regadío											0,0														
22215	Seira	2015	Secano											0,0														
22217	Sena	2015	Regadío	103,0	77,0	27,0	15,0	0,0	4,0	0,0	15,0	1,0	0,0	0,0	0,0	9,0	0,0	0,0	6,0	0,0	1,0	0,0	1,0	0,0	25,0	25,0	0,0	0,0
22217	Sena	2015	Secano	29,0	14,0	0,0	0,0	0,0	0,0	0,0	0,0	0,0	0,0	0,0	0,0	14,0	0,0	0,0	0,0	0,0	0,0	0,0	0,0	0,0	15,0	15,0	0,0	0,0
22218	Senés de Alcubierre	2015	Regadío	15,0	15,0	0,0	0,0	0,0	0,0	0,0	0,0	0,0	0,0	0,0	0,0	15,0	0,0	0,0	0,0	0,0	0,0	0,0	0,0	0,0	0,0	0,0	0,0	0,0
22218	Senés de Alcubierre	2015	Secano	8,0	8,0	0,0	0,0	0,0	0,0	0,0	0,0	0,0	0,0	0,0	0,0	8,0	0,0	0,0	0,0	0,0	0,0	0,0	0,0	0,0	0,0	0,0	0,0	0,0
22220	Sesa	2015	Regadío	0,0	0,0	0,0	0,0	0,0	0,0	0,0	0,0	0,0	0,0	0,0	0,0	0,0	0,0	0,0	0,0	0,0	0,0	0,0	0,0	0,0	0,0	0,0	0,0	0,0
22220	Sesa	2015	Secano	9,0	6,0	0,0	0,0	0,0	0,0	0,0	0,0	0,0	0,0	0,0	0,0	6,0	0,0	0,0	0,0	0,0	1,0	0,0	1,0	0,0	2,0	2,0	0,0	0,0
22221	Sesué	2015	Regadío											0,0														
22221	Sesué	2015	Secano											0,0														
22222	Siétamo	2015	Regadío	0,0	0,0	0,0	0,0	0,0	0,0	0,0	0,0	0,0	0,0	0,0	0,0	0,0	0,0	0,0	0,0	0,0	0,0	0,0	0,0	0,0	0,0	0,0	0,0	0,0
22222	Siétamo	2015	Secano	115,0	88,0	0,0	0,0	0,0	0,0	0,0	0,0	0,0	0,0	0,0	0,0	83,0	0,0	0,0	0,0	5,0	5,0	0,0	5,0	0,0	22,0	22,0	0,0	0,0
22223	Sopeira	2015	Regadío	0,0	0,0	0,0	0,0	0,0	0,0	0,0	0,0	0,0	0,0	0,0	0,0	0,0	0,0	0,0	0,0	0,0	0,0	0,0	0,0	0,0	0,0	0,0	0,0	0,0
22223	Sopeira	2015	Secano	1,0	0,0	0,0	0,0	0,0	0,0	0,0	0,0	0,0	0,0	0,0	0,0	0,0	0,0	0,0	0,0	0,0	0,0	0,0	0,0	0,0	1,0	1,0	0,0	0,0
22225	Tamarite de Litera	2015	Regadío	475,0	383,0	41,0	42,0	0,0	0,0	3,0	44,0	1,0	0,0	0,0	0,0	128,0	68,0	0,0	52,0	4,0	43,0	0,0	43,0	0,0	49,0	49,0	0,0	0,0
22225	Tamarite de Litera	2015	Secano	151,0	10,0	0,0	0,0	0,0	0,0	0,0	0,0	0,0	0,0	0,0	0,0	10,0	0,0	0,0	0,0	0,0	0,0	0,0	0,0	0,0	141,0	141,0	0,0	0,0
22226	Tardienta	2015	Regadío	6,0	2,0	0,0	0,0	0,0	0,0	0,0	0,0	0,0	0,0	0,0	0,0	2,0	0,0	0,0	0,0	0,0	3,0	0,0	3,0	0,0	1,0	1,0	0,0	0,0
22226	Tardienta	2015	Secano	58,0	36,0	0,0	0,0	0,0	0,0	0,0	0,0	0,0	0,0	0,0	0,0	34,0	0,0	0,0	0,0	2,0	16,0	0,0	16,0	0,0	6,0	6,0	0,0	0,0
22227	Tella-Sin	2015	Regadío											0,0														
22227	Tella-Sin	2015	Secano											0,0														
22228	Tierz	2015	Regadío	1,0	0,0	0,0	0,0	0,0	0,0	0,0	0,0	0,0	0,0	0,0	0,0	0,0	0,0	0,0	0,0	0,0	0,0	0,0	0,0	0,0	1,0	1,0	0,0	0,0
22228	Tierz	2015	Secano	9,0	7,0	0,0	0,0	0,0	0,0	0,0	0,0	0,0	0,0	0,0	0,0	7,0	0,0	0,0	0,0	0,0	1,0	0,0	1,0	0,0	1,0	1,0	0,0	0,0
22229	Tolva	2015	Regadío	0,0	0,0	0,0	0,0	0,0	0,0	0,0	0,0	0,0	0,0	0,0	0,0	0,0	0,0	0,0	0,0	0,0	0,0	0,0	0,0	0,0	0,0	0,0	0,0	0,0
22229	Tolva	2015	Secano	9,0	2,0	0,0	0,0	0,0	0,0	0,0	0,0	0,0	0,0	0,0	0,0	1,0	1,0	0,0	0,0	0,0	0,0	0,0	0,0	0,0	7,0	7,0	0,0	0,0
22230	Torla-Ordesa	2015	Regadío											0,0														
22230	Torla-Ordesa	2015	Secano											0,0														
22232	Torralba de Aragón	2015	Regadío	0,0	0,0	0,0	0,0	0,0	0,0	0,0	0,0	0,0	0,0	0,0	0,0	0,0	0,0	0,0	0,0	0,0	0,0	0,0	0,0	0,0	0,0	0,0	0,0	0,0
22232	Torralba de Aragón	2015	Secano	4,0	2,0	0,0	0,0	0,0	0,0	0,0	0,0	0,0	0,0	0,0	0,0	2,0	0,0	0,0	0,0	0,0	0,0	0,0	0,0	0,0	2,0	2,0	0,0	0,0
22233	Torre la Ribera	2015	Regadío											0,0														
22233	Torre la Ribera	2015	Secano											0,0														
22234	Torrente de Cinca	2015	Regadío	638,0	515,0	0,0	49,0	0,0	40,0	99,0	163,0	2,0	0,0	0,0	0,0	0,0	0,0	0,0	153,0	9,0	0,0	0,0	0,0	0,0	123,0	123,0	0,0	0,0
22234	Torrente de Cinca	2015	Secano	92,0	65,0	0,0	2,0	0,0	0,0	2,0	3,0	0,0	0,0	0,0	0,0	56,0	0,0	0,0	2,0	0,0	0,0	0,0	0,0	0,0	27,0	27,0	0,0	0,0
22235	Torres de Alcanadre	2015	Regadío	1,0	0,0	0,0	0,0	0,0	0,0	0,0	0,0	0,0	0,0	0,0	0,0	0,0	0,0	0,0	0,0	0,0	0,0	0,0	0,0	0,0	1,0	1,0	0,0	0,0
22235	Torres de Alcanadre	2015	Secano	11,0	3,0	0,0	0,0	0,0	0,0	0,0	0,0	0,0	0,0	0,0	0,0	3,0	0,0	0,0	0,0	0,0	2,0	0,0	2,0	0,0	6,0	6,0	0,0	0,0
22236	Torres de Barbués	2015	Regadío	2,0	2,0	0,0	0,0	0,0	0,0	0,0	0,0	0,0	0,0	0,0	0,0	2,0	0,0	0,0	0,0	0,0	0,0	0,0	0,0	0,0	0,0	0,0	0,0	0,0
22236	Torres de Barbués	2015	Secano	1,0	1,0	0,0	0,0	0,0	0,0	0,0	0,0	0,0	0,0	0,0	0,0	1,0	0,0	0,0	0,0	0,0	0,0	0,0	0,0	0,0	0,0	0,0	0,0	0,0
22239	Tramaced	2015	Regadío	0,0	0,0	0,0	0,0	0,0	0,0	0,0	0,0	0,0	0,0	0,0	0,0	0,0	0,0	0,0	0,0	0,0	0,0	0,0	0,0	0,0	0,0	0,0	0,0	0,0
22239	Tramaced	2015	Secano	2,0	0,0	0,0	0,0	0,0	0,0	0,0	0,0	0,0	0,0	0,0	0,0	0,0	0,0	0,0	0,0	0,0	0,0	0,0	0,0	0,0	2,0	2,0	0,0	0,0
22242	Valfarta	2015	Regadío	27,0	26,0	14,0	1,0	0,0	0,0	0,0	5,0	0,0	0,0	0,0	0,0	1,0	0,0	0,0	2,0	3,0	0,0	0,0	0,0	0,0	1,0	1,0	0,0	0,0
22242	Valfarta	2015	Secano	11,0	0,0	0,0	0,0	0,0	0,0	0,0	0,0	0,0	0,0	0,0	0,0	0,0	0,0	0,0	0,0	0,0	0,0	0,0	0,0	0,0	11,0	11,0	0,0	0,0
22243	Valle de Bardají	2015	Regadío											0,0														
22243	Valle de Bardají	2015	Secano											0,0														
22244	Valle de Lierp	2015	Regadío											0,0														
22244	Valle de Lierp	2015	Secano											0,0														
22245	Velilla de Cinca	2015	Regadío	367,0	360,0	14,0	18,0	2,0	12,0	9,0	168,0	0,0	0,0	0,0	0,0	8,0	0,0	0,0	127,0	2,0	0,0	0,0	0,0	0,0	7,0	7,0	0,0	0,0
22245	Velilla de Cinca	2015	Secano	4,0	0,0	0,0	0,0	0,0	0,0	0,0	0,0	0,0	0,0	0,0	0,0	0,0	0,0	0,0	0,0	0,0	0,0	0,0	0,0	0,0	4,0	4,0	0,0	0,0
22246	Beranuy	2015	Regadío											0,0														
22246	Beranuy	2015	Secano											0,0														
22247	Viacamp y Litera	2015	Regadío	0,0	0,0	0,0	0,0	0,0	0,0	0,0	0,0	0,0	0,0	0,0	0,0	0,0	0,0	0,0	0,0	0,0	0,0	0,0	0,0	0,0	0,0	0,0	0,0	0,0
22247	Viacamp y Litera	2015	Secano	11,0	8,0	0,0	0,0	0,0	0,0	0,0	0,0	0,0	0,0	0,0	0,0	8,0	0,0	0,0	0,0	0,0	0,0	0,0	0,0	0,0	3,0	3,0	0,0	0,0
22248	Vicién	2015	Regadío	1,0	1,0	0,0	0,0	0,0	0,0	0,0	0,0	0,0	0,0	0,0	0,0	1,0	0,0	0,0	0,0	0,0	0,0	0,0	0,0	0,0	0,0	0,0	0,0	0,0
22248	Vicién	2015	Secano	1,0	0,0	0,0	0,0	0,0	0,0	0,0	0,0	0,0	0,0	0,0	0,0	0,0	0,0	0,0	0,0	0,0	0,0	0,0	0,0	0,0	1,0	1,0	0,0	0,0
22249	Villanova	2015	Regadío											0,0														
22249	Villanova	2015	Secano											0,0														
22250	Villanúa	2015	Regadío											0,0														
22250	Villanúa	2015	Secano											0,0														
22251	Villanueva de Sigena	2015	Regadío	237,0	206,0	4,0	27,0	1,0	8,0	0,0	68,0	0,0	0,0	0,0	0,0	29,0	0,0	0,0	56,0	13,0	1,0	0,0	1,0	0,0	30,0	30,0	0,0	0,0
22251	Villanueva de Sigena	2015	Secano	24,0	9,0	0,0	0,0	0,0	0,0	0,0	0,0	0,0	0,0	0,0	0,0	9,0	0,0	0,0	0,0	0,0	0,0	0,0	0,0	0,0	15,0	15,0	0,0	0,0
22252	Yebra de Basa	2015	Regadío											0,0														
22252	Yebra de Basa	2015	Secano											0,0														
22253	Yésero	2015	Regadío											0,0														
22253	Yésero	2015	Secano											0,0														
22254	Zaidín	2015	Regadío	2280,0	2228,0	27,0	105,0	0,0	115,0	10,0	1032,0	0,0	1,0	0,0	0,0	56,0	0,0	0,0	836,0	46,0	0,0	0,0	0,0	0,0	52,0	52,0	0,0	0,0
22254	Zaidín	2015	Secano	80,0	70,0	0,0	0,0	0,0	2,0	0,0	38,0	0,0	0,0	0,0	0,0	2,0	0,0	0,0	25,0	3,0	0,0	0,0	0,0	0,0	10,0	10,0	0,0	0,0
22901	Valle de Hecho	2015	Regadío	0,0	0,0	0,0	0,0	0,0	0,0	0,0	0,0	0,0	0,0	0,0	0,0	0,0	0,0	0,0	0,0	0,0	0,0	0,0	0,0	0,0	0,0	0,0	0,0	0,0
22901	Valle de Hecho	2015	Secano	1,0	0,0	0,0	0,0	0,0	0,0	0,0	0,0	0,0	0,0	0,0	0,0	0,0	0,0	0,0	0,0	0,0	1,0	0,0	1,0	0,0	0,0	0,0	0,0	0,0
22902	Puente la Reina de Jaca	2015	Regadío	0,0	0,0	0,0	0,0	0,0	0,0	0,0	0,0	0,0	0,0	0,0	0,0	0,0	0,0	0,0	0,0	0,0	0,0	0,0	0,0	0,0	0,0	0,0	0,0	0,0
22902	Puente la Reina de Jaca	2015	Secano	30,0	29,0	0,0	0,0	0,0	0,0	0,0	0,0	0,0	0,0	0,0	0,0	29,0	0,0	0,0	0,0	0,0	1,0	0,0	1,0	0,0	0,0	0,0	0,0	0,0
22903	San Miguel del Cinca	2015	Regadío	304,0	257,0	2,0	3,0	0,0	0,0	13,0	32,0	0,0	15,0	0,0	0,0	19,0	0,0	0,0	170,0	3,0	1,0	0,0	1,0	0,0	46,0	46,0	0,0	0,0
22903	San Miguel del Cinca	2015	Secano	4,0	0,0	0,0	0,0	0,0	0,0	0,0	0,0	0,0	0,0	0,0	0,0	0,0	0,0	0,0	0,0	0,0	0,0	0,0	0,0	0,0	4,0	4,0	0,0	0,0
22904	Sotonera (La)	2015	Regadío	189,0	168,0	0,0	0,0	0,0	0,0	42,0	0,0	0,0	0,0	0,0	0,0	124,0	0,0	0,0	0,0	2,0	2,0	0,0	2,0	0,0	19,0	19,0	0,0	0,0
22904	Sotonera (La)	2015	Secano	903,0	801,0	0,0	0,0	0,0	0,0	22,0	0,0	0,0	0,0	0,0	0,0	778,0	0,0	0,0	0,0	1,0	19,0	0,0	19,0	0,0	83,0	83,0	0,0	0,0
22905	Lupiñén-Ortilla	2015	Regadío	28,0	20,0	17,0	0,0	0,0	0,0	0,0	0,0	0,0	0,0	0,0	0,0	3,0	0,0	0,0	0,0	0,0	0,0	0,0	0,0	0,0	8,0	8,0	0,0	0,0
22905	Lupiñén-Ortilla	2015	Secano	140,0	121,0	0,0	0,0	0,0	0,0	0,0	0,0	0,0	0,0	0,0	0,0	120,0	1,0	0,0	0,0	0,0	10,0	0,0	10,0	0,0	9,0	9,0	0,0	0,0
22906	Santa María de Dulcis	2015	Regadío	0,0	0,0	0,0	0,0	0,0	0,0	0,0	0,0	0,0	0,0	0,0	0,0	0,0	0,0	0,0	0,0	0,0	0,0	0,0	0,0	0,0	0,0	0,0	0,0	0,0
22906	Santa María de Dulcis	2015	Secano	380,0	161,0	0,0	0,0	0,0	0,0	0,0	0,0	0,0	0,0	0,0	0,0	161,0	0,0	0,0	0,0	0,0	151,0	0,0	151,0	0,0	68,0	68,0	0,0	0,0
22907	Aínsa-Sobrarbe	2015	Regadío	2,0	1,0	1,0	0,0	0,0	0,0	0,0	0,0	0,0	0,0	0,0	0,0	0,0	0,0	0,0	0,0	0,0	1,0	0,0	1,0	0,0	0,0	0,0	0,0	0,0
22907	Aínsa-Sobrarbe	2015	Secano	100,0	56,0	0,0	0,0	0,0	0,0	0,0	0,0	0,0	0,0	0,0	0,0	56,0	0,0	0,0	0,0	0,0	8,0	0,0	8,0	0,0	36,0	36,0	0,0	0,0
22908	Hoz y Costeán	2015	Regadío	15,0	0,0	0,0	0,0	0,0	0,0	0,0	0,0	0,0	0,0	0,0	0,0	0,0	0,0	0,0	0,0	0,0	4,0	0,0	4,0	0,0	11,0	11,0	0,0	0,0
22908	Hoz y Costeán	2015	Secano	579,0	148,0	0,0	0,0	0,0	0,0	0,0	0,0	0,0	0,0	0,0	0,0	148,0	0,0	0,0	0,0	0,0	77,0	0,0	77,0	0,0	354,0	354,0	0,0	0,0
22909	Vencillón	2015	Regadío	42,0	41,0	2,0	3,0	0,0	0,0	0,0	15,0	0,0	0,0	0,0	0,0	9,0	0,0	0,0	7,0	5,0	0,0	0,0	0,0	0,0	1,0	1,0	0,0	0,0
22909	Vencillón	2015	Secano	0,0	0,0	0,0	0,0	0,0	0,0	0,0	0,0	0,0	0,0	0,0	0,0	0,0	0,0	0,0	0,0	0,0	0,0	0,0	0,0	0,0	0,0	0,0	0,0	0,0
44001	Ababuj	2015	Regadío											0,0														
44001	Ababuj	2015	Secano											0,0														
44002	Abejuela	2015	Regadío											0,0														
44002	Abejuela	2015	Secano											0,0														
44003	Aguatón	2015	Regadío											0,0														
44003	Aguatón	2015	Secano											0,0														
44004	Aguaviva	2015	Regadío	11,0	7,0	0,0	0,0	0,0	0,0	0,0	6,0	0,0	0,0	0,0	0,0	0,0	1,0	0,0	0,0	0,0	0,0	0,0	0,0	0,0	4,0	4,0	0,0	0,0
44004	Aguaviva	2015	Secano	73,0	11,0	0,0	0,0	0,0	0,0	0,0	1,0	0,0	0,0	0,0	0,0	10,0	0,0	0,0	0,0	0,0	13,0	0,0	13,0	0,0	49,0	49,0	0,0	0,0
44005	Aguilar del Alfambra	2015	Regadío											0,0														
44005	Aguilar del Alfambra	2015	Secano											0,0														
44006	Alacón	2015	Regadío	26,0	0,0	0,0	0,0	0,0	0,0	0,0	0,0	0,0	0,0	0,0	0,0	0,0	0,0	0,0	0,0	0,0	0,0	0,0	0,0	0,0	26,0	26,0	0,0	0,0
44006	Alacón	2015	Secano	213,0	43,0	0,0	0,0	0,0	0,0	0,0	0,0	0,0	0,0	0,0	0,0	43,0	0,0	0,0	0,0	0,0	47,0	0,0	47,0	0,0	123,0	123,0	0,0	0,0
44007	Alba	2015	Regadío	0,0	0,0	0,0	0,0	0,0	0,0	0,0	0,0	0,0	0,0	0,0	0,0	0,0	0,0	0,0	0,0	0,0	0,0	0,0	0,0	0,0	0,0	0,0	0,0	0,0
44007	Alba	2015	Secano	2,0	2,0	0,0	0,0	0,0	0,0	0,0	0,0	0,0	0,0	0,0	0,0	2,0	0,0	0,0	0,0	0,0	0,0	0,0	0,0	0,0	0,0	0,0	0,0	0,0
44008	Albalate del Arzobispo	2015	Regadío	372,0	154,0	1,0	1,0	0,0	10,0	7,0	54,0	1,0	2,0	0,0	2,0	76,0	0,0	0,0	0,0	0,0	4,0	0,0	4,0	0,0	214,0	214,0	0,0	0,0
44008	Albalate del Arzobispo	2015	Secano	2224,0	1040,0	0,0	0,0	0,0	6,0	11,0	1,0	0,0	0,0	0,0	0,0	1022,0	0,0	0,0	0,0	0,0	51,0	0,0	51,0	0,0	1133,0	1133,0	0,0	0,0
44009	Albarracín	2015	Regadío											0,0														
44009	Albarracín	2015	Secano											0,0														
44010	Albentosa	2015	Regadío	0,0	0,0	0,0	0,0	0,0	0,0	0,0	0,0	0,0	0,0	0,0	0,0	0,0	0,0	0,0	0,0	0,0	0,0	0,0	0,0	0,0	0,0	0,0	0,0	0,0
44010	Albentosa	2015	Secano	26,0	26,0	0,0	0,0	0,0	0,0	5,0	0,0	0,0	0,0	0,0	0,0	21,0	0,0	0,0	0,0	0,0	0,0	0,0	0,0	0,0	0,0	0,0	0,0	0,0
44011	Alcaine	2015	Regadío	0,0	0,0	0,0	0,0	0,0	0,0	0,0	0,0	0,0	0,0	0,0	0,0	0,0	0,0	0,0	0,0	0,0	0,0	0,0	0,0	0,0	0,0	0,0	0,0	0,0
44011	Alcaine	2015	Secano	3,0	0,0	0,0	0,0	0,0	0,0	0,0	0,0	0,0	0,0	0,0	0,0	0,0	0,0	0,0	0,0	0,0	1,0	0,0	1,0	0,0	2,0	2,0	0,0	0,0
44012	Alcalá de la Selva	2015	Regadío											0,0														
44012	Alcalá de la Selva	2015	Secano											0,0														
44013	Alcañiz	2015	Regadío	2168,0	1639,0	16,0	11,0	0,0	152,0	6,0	940,0	38,0	0,0	0,0	2,0	454,0	11,0	0,0	9,0	0,0	6,0	0,0	6,0	0,0	523,0	523,0	0,0	0,0
44013	Alcañiz	2015	Secano	4579,0	2290,0	0,0	0,0	0,0	2,0	0,0	5,0	4,0	0,0	0,0	10,0	2269,0	0,0	0,0	0,0	0,0	16,0	0,0	16,0	0,0	2273,0	2273,0	0,0	0,0
44014	Alcorisa	2015	Regadío	87,0	6,0	0,0	0,0	0,0	0,0	0,0	1,0	0,0	0,0	0,0	0,0	4,0	1,0	0,0	0,0	0,0	0,0	0,0	0,0	0,0	81,0	81,0	0,0	0,0
44014	Alcorisa	2015	Secano	1628,0	529,0	0,0	0,0	0,0	0,0	0,0	0,0	0,0	0,0	0,0	6,0	523,0	0,0	0,0	0,0	0,0	68,0	0,0	68,0	0,0	1031,0	1031,0	0,0	0,0
44016	Alfambra	2015	Regadío	1,0	1,0	0,0	0,0	0,0	0,0	0,0	0,0	0,0	0,0	0,0	0,0	0,0	1,0	0,0	0,0	0,0	0,0	0,0	0,0	0,0	0,0	0,0	0,0	0,0
44016	Alfambra	2015	Secano	0,0	0,0	0,0	0,0	0,0	0,0	0,0	0,0	0,0	0,0	0,0	0,0	0,0	0,0	0,0	0,0	0,0	0,0	0,0	0,0	0,0	0,0	0,0	0,0	0,0
44017	Aliaga	2015	Regadío											0,0														
44017	Aliaga	2015	Secano											0,0														
44018	Almohaja	2015	Regadío											0,0														
44018	Almohaja	2015	Secano											0,0														
44019	Alobras	2015	Regadío											0,0														
44019	Alobras	2015	Secano											0,0														
44020	Alpeñés	2015	Regadío											0,0														
44020	Alpeñés	2015	Secano											0,0														
44021	Allepuz	2015	Regadío											0,0														
44021	Allepuz	2015	Secano											0,0														
44022	Alloza	2015	Regadío	13,0	5,0	0,0	0,0	0,0	0,0	4,0	0,0	0,0	0,0	0,0	0,0	0,0	1,0	0,0	0,0	0,0	0,0	0,0	0,0	0,0	8,0	8,0	0,0	0,0
44022	Alloza	2015	Secano	1055,0	270,0	0,0	0,0	0,0	0,0	5,0	0,0	0,0	0,0	0,0	0,0	264,0	1,0	0,0	0,0	0,0	43,0	0,0	43,0	0,0	742,0	742,0	0,0	0,0
44023	Allueva	2015	Regadío											0,0														
44023	Allueva	2015	Secano											0,0														
44024	Anadón	2015	Regadío											0,0														
44024	Anadón	2015	Secano											0,0														
44025	Andorra	2015	Regadío	8,0	1,0	0,0	0,0	0,0	0,0	1,0	0,0	0,0	0,0	0,0	0,0	0,0	0,0	0,0	0,0	0,0	0,0	0,0	0,0	0,0	7,0	7,0	0,0	0,0
44025	Andorra	2015	Secano	871,0	151,0	0,0	0,0	0,0	0,0	1,0	0,0	0,0	0,0	0,0	0,0	150,0	0,0	0,0	0,0	0,0	61,0	0,0	61,0	0,0	659,0	659,0	0,0	0,0
44026	Arcos de las Salinas	2015	Regadío	0,0	0,0	0,0	0,0	0,0	0,0	0,0	0,0	0,0	0,0	0,0	0,0	0,0	0,0	0,0	0,0	0,0	0,0	0,0	0,0	0,0	0,0	0,0	0,0	0,0
44026	Arcos de las Salinas	2015	Secano	5,0	5,0	0,0	0,0	0,0	0,0	0,0	0,0	0,0	0,0	0,0	0,0	4,0	1,0	0,0	0,0	0,0	0,0	0,0	0,0	0,0	0,0	0,0	0,0	0,0
44027	Arens de Lledó	2015	Regadío	0,0	0,0	0,0	0,0	0,0	0,0	0,0	0,0	0,0	0,0	0,0	0,0	0,0	0,0	0,0	0,0	0,0	0,0	0,0	0,0	0,0	0,0	0,0	0,0	0,0
44027	Arens de Lledó	2015	Secano	757,0	341,0	0,0	0,0	0,0	0,0	2,0	0,0	0,0	0,0	0,0	2,0	336,0	1,0	0,0	0,0	0,0	66,0	0,0	66,0	0,0	350,0	350,0	0,0	0,0
44028	Argente	2015	Regadío											0,0														
44028	Argente	2015	Secano											0,0														
44029	Ariño	2015	Regadío	13,0	7,0	0,0	0,0	0,0	0,0	7,0	0,0	0,0	0,0	0,0	0,0	0,0	0,0	0,0	0,0	0,0	0,0	0,0	0,0	0,0	6,0	6,0	0,0	0,0
44029	Ariño	2015	Secano	114,0	30,0	0,0	0,0	0,0	0,0	8,0	0,0	0,0	0,0	0,0	0,0	22,0	0,0	0,0	0,0	0,0	9,0	0,0	9,0	0,0	75,0	75,0	0,0	0,0
44031	Azaila	2015	Regadío	10,0	0,0	0,0	0,0	0,0	0,0	0,0	0,0	0,0	0,0	0,0	0,0	0,0	0,0	0,0	0,0	0,0	0,0	0,0	0,0	0,0	10,0	10,0	0,0	0,0
44031	Azaila	2015	Secano	1,0	0,0	0,0	0,0	0,0	0,0	0,0	0,0	0,0	0,0	0,0	0,0	0,0	0,0	0,0	0,0	0,0	0,0	0,0	0,0	0,0	1,0	1,0	0,0	0,0
44032	Bádenas	2015	Regadío	0,0	0,0	0,0	0,0	0,0	0,0	0,0	0,0	0,0	0,0	0,0	0,0	0,0	0,0	0,0	0,0	0,0	0,0	0,0	0,0	0,0	0,0	0,0	0,0	0,0
44032	Bádenas	2015	Secano	11,0	11,0	0,0	0,0	0,0	0,0	0,0	0,0	0,0	0,0	0,0	0,0	11,0	0,0	0,0	0,0	0,0	0,0	0,0	0,0	0,0	0,0	0,0	0,0	0,0
44033	Báguena	2015	Regadío	5,0	4,0	1,0	0,0	0,0	0,0	0,0	0,0	1,0	0,0	0,0	0,0	1,0	1,0	0,0	0,0	0,0	1,0	0,0	1,0	0,0	0,0	0,0	0,0	0,0
44033	Báguena	2015	Secano	331,0	143,0	0,0	0,0	0,0	0,0	10,0	0,0	0,0	0,0	0,0	0,0	131,0	2,0	0,0	0,0	0,0	188,0	0,0	188,0	0,0	0,0	0,0	0,0	0,0
44034	Bañón	2015	Regadío											0,0														
44034	Bañón	2015	Secano											0,0														
44035	Barrachina	2015	Regadío											0,0														
44035	Barrachina	2015	Secano											0,0														
44036	Bea	2015	Regadío											0,0														
44036	Bea	2015	Secano											0,0														
44037	Beceite	2015	Regadío	8,0	6,0	0,0	0,0	0,0	0,0	0,0	0,0	0,0	0,0	0,0	2,0	3,0	1,0	0,0	0,0	0,0	0,0	0,0	0,0	0,0	2,0	2,0	0,0	0,0
44037	Beceite	2015	Secano	146,0	81,0	0,0	0,0	0,0	0,0	0,0	0,0	0,0	0,0	0,0	4,0	76,0	1,0	0,0	0,0	0,0	3,0	0,0	3,0	0,0	62,0	62,0	0,0	0,0
44038	Belmonte de San José	2015	Regadío	0,0	0,0	0,0	0,0	0,0	0,0	0,0	0,0	0,0	0,0	0,0	0,0	0,0	0,0	0,0	0,0	0,0	0,0	0,0	0,0	0,0	0,0	0,0	0,0	0,0
44038	Belmonte de San José	2015	Secano	567,0	212,0	0,0	0,0	0,0	0,0	0,0	0,0	0,0	0,0	0,0	0,0	212,0	0,0	0,0	0,0	0,0	1,0	0,0	1,0	0,0	354,0	354,0	0,0	0,0
44039	Bello	2015	Regadío	0,0	0,0	0,0	0,0	0,0	0,0	0,0	0,0	0,0	0,0	0,0	0,0	0,0	0,0	0,0	0,0	0,0	0,0	0,0	0,0	0,0	0,0	0,0	0,0	0,0
44039	Bello	2015	Secano	3,0	3,0	0,0	0,0	0,0	0,0	0,0	0,0	0,0	0,0	0,0	0,0	3,0	0,0	0,0	0,0	0,0	0,0	0,0	0,0	0,0	0,0	0,0	0,0	0,0
44040	Berge	2015	Regadío	22,0	6,0	0,0	0,0	0,0	0,0	0,0	0,0	0,0	0,0	0,0	4,0	2,0	0,0	0,0	0,0	0,0	0,0	0,0	0,0	0,0	16,0	16,0	0,0	0,0
44040	Berge	2015	Secano	295,0	119,0	0,0	0,0	0,0	0,0	0,0	0,0	0,0	0,0	0,0	0,0	119,0	0,0	0,0	0,0	0,0	2,0	0,0	2,0	0,0	174,0	174,0	0,0	0,0
44041	Bezas	2015	Regadío											0,0														
44041	Bezas	2015	Secano											0,0														
44042	Blancas	2015	Regadío											0,0														
44042	Blancas	2015	Secano											0,0														
44043	Blesa	2015	Regadío	0,0	0,0	0,0	0,0	0,0	0,0	0,0	0,0	0,0	0,0	0,0	0,0	0,0	0,0	0,0	0,0	0,0	0,0	0,0	0,0	0,0	0,0	0,0	0,0	0,0
44043	Blesa	2015	Secano	73,0	59,0	0,0	0,0	0,0	0,0	0,0	0,0	0,0	0,0	0,0	0,0	59,0	0,0	0,0	0,0	0,0	13,0	0,0	13,0	0,0	1,0	1,0	0,0	0,0
44044	Bordón	2015	Regadío											0,0														
44044	Bordón	2015	Secano											0,0														
44045	Bronchales	2015	Regadío											0,0														
44045	Bronchales	2015	Secano											0,0														
44046	Bueña	2015	Regadío											0,0														
44046	Bueña	2015	Secano											0,0														
44047	Burbáguena	2015	Regadío	3,0	3,0	0,0	0,0	0,0	0,0	1,0	0,0	1,0	0,0	0,0	0,0	0,0	1,0	0,0	0,0	0,0	0,0	0,0	0,0	0,0	0,0	0,0	0,0	0,0
44047	Burbáguena	2015	Secano	158,0	75,0	0,0	0,0	0,0	0,0	4,0	0,0	0,0	0,0	0,0	0,0	71,0	0,0	0,0	0,0	0,0	83,0	0,0	83,0	0,0	0,0	0,0	0,0	0,0
44048	Cabra de Mora	2015	Regadío											0,0														
44048	Cabra de Mora	2015	Secano											0,0														
44049	Calaceite	2015	Regadío	18,0	4,0	0,0	0,0	0,0	0,0	0,0	0,0	0,0	0,0	0,0	0,0	4,0	0,0	0,0	0,0	0,0	3,0	0,0	3,0	0,0	11,0	11,0	0,0	0,0
44049	Calaceite	2015	Secano	3597,0	1431,0	0,0	0,0	0,0	0,0	0,0	0,0	0,0	0,0	0,0	12,0	1417,0	2,0	0,0	0,0	0,0	159,0	0,0	159,0	0,0	2007,0	2007,0	0,0	0,0
44050	Calamocha	2015	Regadío	2,0	1,0	0,0	0,0	0,0	0,0	1,0	0,0	0,0	0,0	0,0	0,0	0,0	0,0	0,0	0,0	0,0	0,0	0,0	0,0	0,0	0,0	0,0	0,0	1,0
44050	Calamocha	2015	Secano	87,0	51,0	0,0	0,0	0,0	0,0	4,0	0,0	0,0	0,0	0,0	1,0	44,0	2,0	0,0	0,0	0,0	36,0	0,0	36,0	0,0	0,0	0,0	0,0	0,0
44051	Calanda	2015	Regadío	1030,0	626,0	1,0	1,0	0,0	8,0	2,0	526,0	0,0	1,0	0,0	4,0	80,0	3,0	0,0	0,0	0,0	0,0	0,0	0,0	0,0	404,0	404,0	0,0	0,0
44051	Calanda	2015	Secano	2493,0	1081,0	0,0	0,0	0,0	1,0	0,0	10,0	0,0	0,0	0,0	5,0	1065,0	0,0	0,0	0,0	0,0	12,0	0,0	12,0	0,0	1400,0	1400,0	0,0	0,0
44052	Calomarde	2015	Regadío											0,0														
44052	Calomarde	2015	Secano											0,0														
44053	Camañas	2015	Regadío											0,0														
44053	Camañas	2015	Secano											0,0														
44054	Camarena de la Sierra	2015	Regadío											0,0														
44054	Camarena de la Sierra	2015	Secano											0,0														
44055	Camarillas	2015	Regadío											0,0														
44055	Camarillas	2015	Secano											0,0														
44056	Caminreal	2015	Regadío	0,0	0,0	0,0	0,0	0,0	0,0	0,0	0,0	0,0	0,0	0,0	0,0	0,0	0,0	0,0	0,0	0,0	0,0	0,0	0,0	0,0	0,0	0,0	0,0	0,0
44056	Caminreal	2015	Secano	3,0	3,0	0,0	0,0	0,0	0,0	0,0	0,0	0,0	0,0	0,0	0,0	3,0	0,0	0,0	0,0	0,0	0,0	0,0	0,0	0,0	0,0	0,0	0,0	0,0
44059	Cantavieja	2015	Regadío											0,0														
44059	Cantavieja	2015	Secano											0,0														
44060	Cañada de Benatanduz	2015	Regadío											0,0														
44060	Cañada de Benatanduz	2015	Secano											0,0														
44061	Cañada de Verich (La)	2015	Regadío	0,0	0,0	0,0	0,0	0,0	0,0	0,0	0,0	0,0	0,0	0,0	0,0	0,0	0,0	0,0	0,0	0,0	0,0	0,0	0,0	0,0	0,0	0,0	0,0	0,0
44061	Cañada de Verich (La)	2015	Secano	46,0	43,0	0,0	0,0	0,0	0,0	0,0	0,0	0,0	0,0	0,0	0,0	43,0	0,0	0,0	0,0	0,0	0,0	0,0	0,0	0,0	3,0	3,0	0,0	0,0
44062	Cañada Vellida	2015	Regadío											0,0														
44062	Cañada Vellida	2015	Secano											0,0														
44063	Cañizar del Olivar	2015	Regadío	0,0	0,0	0,0	0,0	0,0	0,0	0,0	0,0	0,0	0,0	0,0	0,0	0,0	0,0	0,0	0,0	0,0	0,0	0,0	0,0	0,0	0,0	0,0	0,0	0,0
44063	Cañizar del Olivar	2015	Secano	3,0	3,0	0,0	0,0	0,0	0,0	0,0	0,0	0,0	0,0	0,0	0,0	3,0	0,0	0,0	0,0	0,0	0,0	0,0	0,0	0,0	0,0	0,0	0,0	0,0
44064	Cascante del Río	2015	Regadío	1,0	1,0	0,0	0,0	0,0	0,0	0,0	0,0	0,0	0,0	0,0	0,0	0,0	1,0	0,0	0,0	0,0	0,0	0,0	0,0	0,0	0,0	0,0	0,0	0,0
44064	Cascante del Río	2015	Secano	6,0	6,0	0,0	0,0	0,0	0,0	0,0	0,0	0,0	0,0	0,0	0,0	1,0	5,0	0,0	0,0	0,0	0,0	0,0	0,0	0,0	0,0	0,0	0,0	0,0
44065	Castejón de Tornos	2015	Regadío	3,0	3,0	0,0	0,0	0,0	0,0	3,0	0,0	0,0	0,0	0,0	0,0	0,0	0,0	0,0	0,0	0,0	0,0	0,0	0,0	0,0	0,0	0,0	0,0	0,0
44065	Castejón de Tornos	2015	Secano	3,0	3,0	0,0	0,0	0,0	0,0	0,0	0,0	0,0	0,0	0,0	0,0	3,0	0,0	0,0	0,0	0,0	0,0	0,0	0,0	0,0	0,0	0,0	0,0	0,0
44066	Castel de Cabra	2015	Regadío											0,0														
44066	Castel de Cabra	2015	Secano											0,0														
44067	Castelnou	2015	Regadío	20,0	0,0	0,0	0,0	0,0	0,0	0,0	0,0	0,0	0,0	0,0	0,0	0,0	0,0	0,0	0,0	0,0	0,0	0,0	0,0	0,0	20,0	20,0	0,0	0,0
44067	Castelnou	2015	Secano	8,0	2,0	0,0	0,0	0,0	0,0	0,0	0,0	0,0	0,0	0,0	0,0	2,0	0,0	0,0	0,0	0,0	0,0	0,0	0,0	0,0	6,0	6,0	0,0	0,0
44068	Castelserás	2015	Regadío	160,0	80,0	0,0	1,0	0,0	0,0	0,0	57,0	3,0	0,0	0,0	0,0	19,0	0,0	0,0	0,0	0,0	0,0	0,0	0,0	0,0	80,0	80,0	0,0	0,0
44068	Castelserás	2015	Secano	683,0	241,0	0,0	0,0	0,0	0,0	0,0	2,0	0,0	0,0	0,0	2,0	237,0	0,0	0,0	0,0	0,0	11,0	0,0	11,0	0,0	431,0	431,0	0,0	0,0
44070	Castellar (El)	2015	Regadío											0,0														
44070	Castellar (El)	2015	Secano											0,0														
44071	Castellote	2015	Regadío	94,0	21,0	0,0	0,0	0,0	0,0	0,0	8,0	0,0	0,0	0,0	0,0	10,0	3,0	0,0	0,0	0,0	0,0	0,0	0,0	0,0	73,0	73,0	0,0	0,0
44071	Castellote	2015	Secano	629,0	241,0	0,0	0,0	0,0	0,0	0,0	11,0	0,0	0,0	0,0	0,0	229,0	1,0	0,0	0,0	0,0	45,0	0,0	45,0	0,0	343,0	343,0	0,0	0,0
44074	Cedrillas	2015	Regadío											0,0														
44074	Cedrillas	2015	Secano											0,0														
44075	Celadas	2015	Regadío											0,0														
44075	Celadas	2015	Secano											0,0														
44076	Cella	2015	Regadío	0,0	0,0	0,0	0,0	0,0	0,0	0,0	0,0	0,0	0,0	0,0	0,0	0,0	0,0	0,0	0,0	0,0	0,0	0,0	0,0	0,0	0,0	0,0	0,0	0,0
44076	Cella	2015	Secano	1,0	1,0	0,0	0,0	0,0	0,0	0,0	0,0	0,0	0,0	0,0	0,0	1,0	0,0	0,0	0,0	0,0	0,0	0,0	0,0	0,0	0,0	0,0	0,0	0,0
44077	Cerollera (La)	2015	Regadío	0,0	0,0	0,0	0,0	0,0	0,0	0,0	0,0	0,0	0,0	0,0	0,0	0,0	0,0	0,0	0,0	0,0	0,0	0,0	0,0	0,0	0,0	0,0	0,0	0,0
44077	Cerollera (La)	2015	Secano	38,0	20,0	0,0	0,0	0,0	0,0	0,0	0,0	0,0	0,0	0,0	0,0	20,0	0,0	0,0	0,0	0,0	18,0	0,0	18,0	0,0	0,0	0,0	0,0	0,0
44080	Codoñera (La)	2015	Regadío	1,0	0,0	0,0	0,0	0,0	0,0	0,0	0,0	0,0	0,0	0,0	0,0	0,0	0,0	0,0	0,0	0,0	0,0	0,0	0,0	0,0	1,0	1,0	0,0	0,0
44080	Codoñera (La)	2015	Secano	714,0	250,0	0,0	0,0	0,0	0,0	0,0	0,0	0,0	0,0	0,0	0,0	250,0	0,0	0,0	0,0	0,0	0,0	0,0	0,0	0,0	464,0	464,0	0,0	0,0
44082	Corbalán	2015	Regadío											0,0														
44082	Corbalán	2015	Secano											0,0														
44084	Cortes de Aragón	2015	Regadío	0,0	0,0	0,0	0,0	0,0	0,0	0,0	0,0	0,0	0,0	0,0	0,0	0,0	0,0	0,0	0,0	0,0	0,0	0,0	0,0	0,0	0,0	0,0	0,0	0,0
44084	Cortes de Aragón	2015	Secano	50,0	21,0	0,0	0,0	0,0	0,0	0,0	0,0	0,0	0,0	0,0	0,0	21,0	0,0	0,0	0,0	0,0	26,0	0,0	26,0	0,0	3,0	3,0	0,0	0,0
44085	Cosa	2015	Regadío											0,0														
44085	Cosa	2015	Secano											0,0														
44086	Cretas	2015	Regadío	57,0	13,0	0,0	0,0	0,0	0,0	4,0	3,0	0,0	0,0	0,0	0,0	1,0	0,0	5,0	0,0	0,0	0,0	0,0	0,0	0,0	44,0	44,0	0,0	0,0
44086	Cretas	2015	Secano	1884,0	721,0	0,0	0,0	0,0	0,0	3,0	1,0	0,0	0,0	0,0	4,0	707,0	0,0	6,0	0,0	0,0	87,0	0,0	87,0	0,0	1076,0	1076,0	0,0	0,0
44087	Crivillén	2015	Regadío	0,0	0,0	0,0	0,0	0,0	0,0	0,0	0,0	0,0	0,0	0,0	0,0	0,0	0,0	0,0	0,0	0,0	0,0	0,0	0,0	0,0	0,0	0,0	0,0	0,0
44087	Crivillén	2015	Secano	53,0	14,0	0,0	0,0	0,0	0,0	0,0	0,0	0,0	0,0	0,0	0,0	14,0	0,0	0,0	0,0	0,0	2,0	0,0	2,0	0,0	37,0	37,0	0,0	0,0
44088	Cuba (La)	2015	Regadío	0,0	0,0	0,0	0,0	0,0	0,0	0,0	0,0	0,0	0,0	0,0	0,0	0,0	0,0	0,0	0,0	0,0	0,0	0,0	0,0	0,0	0,0	0,0	0,0	0,0
44088	Cuba (La)	2015	Secano	7,0	0,0	0,0	0,0	0,0	0,0	0,0	0,0	0,0	0,0	0,0	0,0	0,0	0,0	0,0	0,0	0,0	7,0	0,0	7,0	0,0	0,0	0,0	0,0	0,0
44089	Cubla	2015	Regadío	0,0	0,0	0,0	0,0	0,0	0,0	0,0	0,0	0,0	0,0	0,0	0,0	0,0	0,0	0,0	0,0	0,0	0,0	0,0	0,0	0,0	0,0	0,0	0,0	0,0
44089	Cubla	2015	Secano	9,0	9,0	0,0	0,0	0,0	0,0	0,0	0,0	0,0	0,0	0,0	0,0	9,0	0,0	0,0	0,0	0,0	0,0	0,0	0,0	0,0	0,0	0,0	0,0	0,0
44090	Cucalón	2015	Regadío	1,0	1,0	0,0	0,0	0,0	0,0	0,0	0,0	0,0	0,0	0,0	0,0	1,0	0,0	0,0	0,0	0,0	0,0	0,0	0,0	0,0	0,0	0,0	0,0	0,0
44090	Cucalón	2015	Secano	9,0	9,0	0,0	0,0	0,0	0,0	0,0	0,0	0,0	0,0	0,0	0,0	8,0	1,0	0,0	0,0	0,0	0,0	0,0	0,0	0,0	0,0	0,0	0,0	0,0
44092	Cuervo (El)	2015	Regadío	2,0	2,0	1,0	0,0	0,0	0,0	0,0	0,0	1,0	0,0	0,0	0,0	0,0	0,0	0,0	0,0	0,0	0,0	0,0	0,0	0,0	0,0	0,0	0,0	0,0
44092	Cuervo (El)	2015	Secano	11,0	11,0	0,0	0,0	0,0	0,0	0,0	0,0	0,0	0,0	0,0	0,0	11,0	0,0	0,0	0,0	0,0	0,0	0,0	0,0	0,0	0,0	0,0	0,0	0,0
44093	Cuevas de Almudén	2015	Regadío											0,0														
44093	Cuevas de Almudén	2015	Secano											0,0														
44094	Cuevas Labradas	2015	Regadío	0,0	0,0	0,0	0,0	0,0	0,0	0,0	0,0	0,0	0,0	0,0	0,0	0,0	0,0	0,0	0,0	0,0	0,0	0,0	0,0	0,0	0,0	0,0	0,0	0,0
44094	Cuevas Labradas	2015	Secano	1,0	1,0	0,0	0,0	0,0	0,0	0,0	0,0	0,0	0,0	0,0	0,0	1,0	0,0	0,0	0,0	0,0	0,0	0,0	0,0	0,0	0,0	0,0	0,0	0,0
44096	Ejulve	2015	Regadío	0,0	0,0	0,0	0,0	0,0	0,0	0,0	0,0	0,0	0,0	0,0	0,0	0,0	0,0	0,0	0,0	0,0	0,0	0,0	0,0	0,0	0,0	0,0	0,0	0,0
44096	Ejulve	2015	Secano	5,0	5,0	0,0	0,0	0,0	0,0	0,0	0,0	0,0	0,0	0,0	0,0	5,0	0,0	0,0	0,0	0,0	0,0	0,0	0,0	0,0	0,0	0,0	0,0	0,0
44097	Escorihuela	2015	Regadío	0,0	0,0	0,0	0,0	0,0	0,0	0,0	0,0	0,0	0,0	0,0	0,0	0,0	0,0	0,0	0,0	0,0	0,0	0,0	0,0	0,0	0,0	0,0	0,0	0,0
44097	Escorihuela	2015	Secano	1,0	1,0	0,0	0,0	0,0	0,0	0,0	0,0	0,0	0,0	0,0	0,0	1,0	0,0	0,0	0,0	0,0	0,0	0,0	0,0	0,0	0,0	0,0	0,0	0,0
44099	Escucha	2015	Regadío	0,0	0,0	0,0	0,0	0,0	0,0	0,0	0,0	0,0	0,0	0,0	0,0	0,0	0,0	0,0	0,0	0,0	0,0	0,0	0,0	0,0	0,0	0,0	0,0	0,0
44099	Escucha	2015	Secano	6,0	6,0	0,0	0,0	0,0	0,0	0,0	0,0	0,0	0,0	0,0	0,0	6,0	0,0	0,0	0,0	0,0	0,0	0,0	0,0	0,0	0,0	0,0	0,0	0,0
44100	Estercuel	2015	Regadío	0,0	0,0	0,0	0,0	0,0	0,0	0,0	0,0	0,0	0,0	0,0	0,0	0,0	0,0	0,0	0,0	0,0	0,0	0,0	0,0	0,0	0,0	0,0	0,0	0,0
44100	Estercuel	2015	Secano	57,0	17,0	0,0	0,0	0,0	0,0	0,0	0,0	0,0	0,0	0,0	0,0	17,0	0,0	0,0	0,0	0,0	4,0	0,0	4,0	0,0	36,0	36,0	0,0	0,0
44101	Ferreruela de Huerva	2015	Regadío	0,0	0,0	0,0	0,0	0,0	0,0	0,0	0,0	0,0	0,0	0,0	0,0	0,0	0,0	0,0	0,0	0,0	0,0	0,0	0,0	0,0	0,0	0,0	0,0	0,0
44101	Ferreruela de Huerva	2015	Secano	15,0	15,0	0,0	0,0	0,0	0,0	0,0	0,0	0,0	0,0	0,0	0,0	15,0	0,0	0,0	0,0	0,0	0,0	0,0	0,0	0,0	0,0	0,0	0,0	0,0
44102	Fonfría	2015	Regadío											0,0														
44102	Fonfría	2015	Secano											0,0														
44103	Formiche Alto	2015	Regadío											0,0														
44103	Formiche Alto	2015	Secano											0,0														
44105	Fórnoles	2015	Regadío	0,0	0,0	0,0	0,0	0,0	0,0	0,0	0,0	0,0	0,0	0,0	0,0	0,0	0,0	0,0	0,0	0,0	0,0	0,0	0,0	0,0	0,0	0,0	0,0	0,0
44105	Fórnoles	2015	Secano	418,0	189,0	0,0	0,0	0,0	0,0	0,0	0,0	0,0	0,0	0,0	2,0	185,0	0,0	2,0	0,0	0,0	11,0	0,0	11,0	0,0	218,0	218,0	0,0	0,0
44106	Fortanete	2015	Regadío											0,0														
44106	Fortanete	2015	Secano											0,0														
44107	Foz-Calanda	2015	Regadío	47,0	33,0	0,0	0,0	0,0	0,0	0,0	24,0	0,0	0,0	0,0	2,0	7,0	0,0	0,0	0,0	0,0	0,0	0,0	0,0	0,0	14,0	14,0	0,0	0,0
44107	Foz-Calanda	2015	Secano	418,0	169,0	0,0	0,0	0,0	0,0	0,0	0,0	0,0	0,0	0,0	0,0	169,0	0,0	0,0	0,0	0,0	10,0	0,0	10,0	0,0	239,0	239,0	0,0	0,0
44108	Fresneda (La)	2015	Regadío	26,0	3,0	0,0	0,0	0,0	0,0	0,0	0,0	0,0	0,0	0,0	0,0	3,0	0,0	0,0	0,0	0,0	1,0	0,0	1,0	0,0	22,0	22,0	0,0	0,0
44108	Fresneda (La)	2015	Secano	1030,0	291,0	0,0	0,0	0,0	0,0	3,0	0,0	0,0	0,0	0,0	2,0	285,0	1,0	0,0	0,0	0,0	13,0	0,0	13,0	0,0	726,0	726,0	0,0	0,0
44109	Frías de Albarracín	2015	Regadío											0,0														
44109	Frías de Albarracín	2015	Secano											0,0														
44110	Fuenferrada	2015	Regadío	0,0	0,0	0,0	0,0	0,0	0,0	0,0	0,0	0,0	0,0	0,0	0,0	0,0	0,0	0,0	0,0	0,0	0,0	0,0	0,0	0,0	0,0	0,0	0,0	0,0
44110	Fuenferrada	2015	Secano	1,0	1,0	0,0	0,0	0,0	0,0	0,0	0,0	0,0	0,0	0,0	0,0	1,0	0,0	0,0	0,0	0,0	0,0	0,0	0,0	0,0	0,0	0,0	0,0	0,0
44111	Fuentes Calientes	2015	Regadío											0,0														
44111	Fuentes Calientes	2015	Secano											0,0														
44112	Fuentes Claras	2015	Regadío	0,0	0,0	0,0	0,0	0,0	0,0	0,0	0,0	0,0	0,0	0,0	0,0	0,0	0,0	0,0	0,0	0,0	0,0	0,0	0,0	0,0	0,0	0,0	0,0	0,0
44112	Fuentes Claras	2015	Secano	9,0	4,0	0,0	0,0	0,0	0,0	0,0	0,0	0,0	0,0	0,0	0,0	4,0	0,0	0,0	0,0	0,0	5,0	0,0	5,0	0,0	0,0	0,0	0,0	0,0
44113	Fuentes de Rubielos	2015	Regadío											0,0														
44113	Fuentes de Rubielos	2015	Secano											0,0														
44114	Fuentespalda	2015	Regadío	8,0	1,0	0,0	0,0	0,0	0,0	0,0	0,0	0,0	0,0	0,0	0,0	1,0	0,0	0,0	0,0	0,0	0,0	0,0	0,0	0,0	7,0	7,0	0,0	0,0
44114	Fuentespalda	2015	Secano	502,0	369,0	0,0	0,0	0,0	0,0	1,0	0,0	0,0	0,0	0,0	2,0	363,0	3,0	0,0	0,0	0,0	30,0	0,0	30,0	0,0	103,0	103,0	0,0	0,0
44115	Galve	2015	Regadío											0,0														
44115	Galve	2015	Secano											0,0														
44116	Gargallo	2015	Regadío	0,0	0,0	0,0	0,0	0,0	0,0	0,0	0,0	0,0	0,0	0,0	0,0	0,0	0,0	0,0	0,0	0,0	0,0	0,0	0,0	0,0	0,0	0,0	0,0	0,0
44116	Gargallo	2015	Secano	27,0	21,0	0,0	0,0	0,0	0,0	1,0	0,0	0,0	0,0	0,0	0,0	20,0	0,0	0,0	0,0	0,0	3,0	0,0	3,0	0,0	3,0	3,0	0,0	0,0
44117	Gea de Albarracín	2015	Regadío	0,0	0,0	0,0	0,0	0,0	0,0	0,0	0,0	0,0	0,0	0,0	0,0	0,0	0,0	0,0	0,0	0,0	0,0	0,0	0,0	0,0	0,0	0,0	0,0	0,0
44117	Gea de Albarracín	2015	Secano	2,0	2,0	0,0	0,0	0,0	0,0	0,0	0,0	0,0	0,0	0,0	0,0	2,0	0,0	0,0	0,0	0,0	0,0	0,0	0,0	0,0	0,0	0,0	0,0	0,0
44118	Ginebrosa (La)	2015	Regadío	16,0	13,0	0,0	0,0	0,0	0,0	0,0	7,0	0,0	0,0	0,0	0,0	5,0	1,0	0,0	0,0	0,0	0,0	0,0	0,0	0,0	3,0	3,0	0,0	0,0
44118	Ginebrosa (La)	2015	Secano	480,0	314,0	0,0	0,0	0,0	0,0	0,0	1,0	0,0	0,0	0,0	0,0	312,0	1,0	0,0	0,0	0,0	23,0	0,0	23,0	0,0	143,0	143,0	0,0	0,0
44119	Griegos	2015	Regadío											0,0														
44119	Griegos	2015	Secano											0,0														
44120	Guadalaviar	2015	Regadío											0,0														
44120	Guadalaviar	2015	Secano											0,0														
44121	Gúdar	2015	Regadío											0,0														
44121	Gúdar	2015	Secano											0,0														
44122	Híjar	2015	Regadío	160,0	69,0	0,0	0,0	0,0	0,0	0,0	21,0	0,0	0,0	0,0	0,0	48,0	0,0	0,0	0,0	0,0	7,0	0,0	7,0	0,0	84,0	84,0	0,0	0,0
44122	Híjar	2015	Secano	484,0	281,0	0,0	0,0	0,0	0,0	0,0	0,0	0,0	0,0	0,0	0,0	281,0	0,0	0,0	0,0	0,0	57,0	0,0	57,0	0,0	146,0	146,0	0,0	0,0
44123	Hinojosa de Jarque	2015	Regadío											0,0														
44123	Hinojosa de Jarque	2015	Secano											0,0														
44124	Hoz de la Vieja (La)	2015	Regadío	0,0	0,0	0,0	0,0	0,0	0,0	0,0	0,0	0,0	0,0	0,0	0,0	0,0	0,0	0,0	0,0	0,0	0,0	0,0	0,0	0,0	0,0	0,0	0,0	0,0
44124	Hoz de la Vieja (La)	2015	Secano	18,0	0,0	0,0	0,0	0,0	0,0	0,0	0,0	0,0	0,0	0,0	0,0	0,0	0,0	0,0	0,0	0,0	18,0	1,0	17,0	0,0	0,0	0,0	0,0	0,0
44125	Huesa del Común	2015	Regadío	1,0	0,0	0,0	0,0	0,0	0,0	0,0	0,0	0,0	0,0	0,0	0,0	0,0	0,0	0,0	0,0	0,0	1,0	0,0	1,0	0,0	0,0	0,0	0,0	0,0
44125	Huesa del Común	2015	Secano	36,0	27,0	0,0	0,0	0,0	0,0	0,0	0,0	0,0	0,0	0,0	0,0	27,0	0,0	0,0	0,0	0,0	9,0	0,0	9,0	0,0	0,0	0,0	0,0	0,0
44126	Iglesuela del Cid (La)	2015	Regadío											0,0														
44126	Iglesuela del Cid (La)	2015	Secano											0,0														
44127	Jabaloyas	2015	Regadío											0,0														
44127	Jabaloyas	2015	Secano											0,0														
44128	Jarque de la Val	2015	Regadío											0,0														
44128	Jarque de la Val	2015	Secano											0,0														
44129	Jatiel	2015	Regadío	17,0	0,0	0,0	0,0	0,0	0,0	0,0	0,0	0,0	0,0	0,0	0,0	0,0	0,0	0,0	0,0	0,0	0,0	0,0	0,0	0,0	17,0	17,0	0,0	0,0
44129	Jatiel	2015	Secano	4,0	3,0	0,0	0,0	0,0	0,0	0,0	0,0	0,0	0,0	0,0	0,0	3,0	0,0	0,0	0,0	0,0	0,0	0,0	0,0	0,0	1,0	1,0	0,0	0,0
44130	Jorcas	2015	Regadío											0,0														
44130	Jorcas	2015	Secano											0,0														
44131	Josa	2015	Regadío	1,0	1,0	0,0	0,0	0,0	0,0	0,0	0,0	0,0	0,0	0,0	0,0	1,0	0,0	0,0	0,0	0,0	0,0	0,0	0,0	0,0	0,0	0,0	0,0	0,0
44131	Josa	2015	Secano	10,0	2,0	0,0	0,0	0,0	0,0	0,0	0,0	0,0	0,0	0,0	0,0	2,0	0,0	0,0	0,0	0,0	8,0	0,0	8,0	0,0	0,0	0,0	0,0	0,0
44132	Lagueruela	2015	Regadío											0,0														
44132	Lagueruela	2015	Secano											0,0														
44133	Lanzuela	2015	Regadío	0,0	0,0	0,0	0,0	0,0	0,0	0,0	0,0	0,0	0,0	0,0	0,0	0,0	0,0	0,0	0,0	0,0	0,0	0,0	0,0	0,0	0,0	0,0	0,0	0,0
44133	Lanzuela	2015	Secano	3,0	3,0	0,0	0,0	0,0	0,0	0,0	0,0	0,0	0,0	0,0	0,0	3,0	0,0	0,0	0,0	0,0	0,0	0,0	0,0	0,0	0,0	0,0	0,0	0,0
44135	Libros	2015	Regadío	2,0	2,0	1,0	0,0	0,0	0,0	0,0	0,0	0,0	0,0	0,0	0,0	0,0	1,0	0,0	0,0	0,0	0,0	0,0	0,0	0,0	0,0	0,0	0,0	0,0
44135	Libros	2015	Secano	195,0	195,0	0,0	0,0	0,0	0,0	0,0	0,0	0,0	0,0	0,0	0,0	195,0	0,0	0,0	0,0	0,0	0,0	0,0	0,0	0,0	0,0	0,0	0,0	0,0
44136	Lidón	2015	Regadío											0,0														
44136	Lidón	2015	Secano											0,0														
44137	Linares de Mora	2015	Regadío											0,0														
44137	Linares de Mora	2015	Secano											0,0														
44138	Loscos	2015	Regadío	6,0	6,0	0,0	0,0	0,0	0,0	0,0	0,0	0,0	0,0	0,0	0,0	0,0	6,0	0,0	0,0	0,0	0,0	0,0	0,0	0,0	0,0	0,0	0,0	0,0
44138	Loscos	2015	Secano	120,0	120,0	0,0	0,0	0,0	0,0	0,0	0,0	0,0	0,0	0,0	0,0	114,0	6,0	0,0	0,0	0,0	0,0	0,0	0,0	0,0	0,0	0,0	0,0	0,0
44141	Lledó	2015	Regadío	19,0	15,0	0,0	0,0	0,0	0,0	0,0	6,0	0,0	0,0	0,0	0,0	1,0	0,0	8,0	0,0	0,0	0,0	0,0	0,0	0,0	4,0	4,0	0,0	0,0
44141	Lledó	2015	Secano	495,0	160,0	0,0	0,0	0,0	0,0	1,0	2,0	0,0	0,0	0,0	0,0	148,0	0,0	9,0	0,0	0,0	49,0	0,0	49,0	0,0	286,0	286,0	0,0	0,0
44142	Maicas	2015	Regadío											0,0														
44142	Maicas	2015	Secano											0,0														
44143	Manzanera	2015	Regadío	0,0	0,0	0,0	0,0	0,0	0,0	0,0	0,0	0,0	0,0	0,0	0,0	0,0	0,0	0,0	0,0	0,0	0,0	0,0	0,0	0,0	0,0	0,0	0,0	0,0
44143	Manzanera	2015	Secano	6,0	6,0	0,0	0,0	0,0	0,0	2,0	0,0	0,0	0,0	0,0	0,0	4,0	0,0	0,0	0,0	0,0	0,0	0,0	0,0	0,0	0,0	0,0	0,0	0,0
44144	Martín del Río	2015	Regadío	0,0	0,0	0,0	0,0	0,0	0,0	0,0	0,0	0,0	0,0	0,0	0,0	0,0	0,0	0,0	0,0	0,0	0,0	0,0	0,0	0,0	0,0	0,0	0,0	0,0
44144	Martín del Río	2015	Secano	2,0	2,0	0,0	0,0	0,0	0,0	0,0	0,0	0,0	0,0	0,0	0,0	2,0	0,0	0,0	0,0	0,0	0,0	0,0	0,0	0,0	0,0	0,0	0,0	0,0
44145	Mas de las Matas	2015	Regadío	15,0	15,0	0,0	0,0	0,0	0,0	0,0	5,0	0,0	0,0	0,0	0,0	6,0	4,0	0,0	0,0	0,0	0,0	0,0	0,0	0,0	0,0	0,0	0,0	0,0
44145	Mas de las Matas	2015	Secano	121,0	49,0	0,0	0,0	0,0	0,0	0,0	1,0	0,0	0,0	0,0	0,0	48,0	0,0	0,0	0,0	0,0	19,0	0,0	19,0	0,0	53,0	53,0	0,0	0,0
44146	Mata de los Olmos (La)	2015	Regadío	0,0	0,0	0,0	0,0	0,0	0,0	0,0	0,0	0,0	0,0	0,0	0,0	0,0	0,0	0,0	0,0	0,0	0,0	0,0	0,0	0,0	0,0	0,0	0,0	0,0
44146	Mata de los Olmos (La)	2015	Secano	50,0	50,0	0,0	0,0	0,0	0,0	0,0	0,0	0,0	0,0	0,0	0,0	50,0	0,0	0,0	0,0	0,0	0,0	0,0	0,0	0,0	0,0	0,0	0,0	0,0
44147	Mazaleón	2015	Regadío	209,0	151,0	1,0	0,0	0,0	0,0	3,0	118,0	2,0	0,0	0,0	0,0	27,0	0,0	0,0	0,0	0,0	1,0	0,0	1,0	0,0	57,0	57,0	0,0	0,0
44147	Mazaleón	2015	Secano	3150,0	1641,0	0,0	0,0	0,0	0,0	3,0	14,0	1,0	0,0	0,0	2,0	1621,0	0,0	0,0	0,0	0,0	73,0	0,0	73,0	0,0	1436,0	1436,0	0,0	0,0
44148	Mezquita de Jarque	2015	Regadío											0,0														
44148	Mezquita de Jarque	2015	Secano											0,0														
44149	Mirambel	2015	Regadío	0,0	0,0	0,0	0,0	0,0	0,0	0,0	0,0	0,0	0,0	0,0	0,0	0,0	0,0	0,0	0,0	0,0	0,0	0,0	0,0	0,0	0,0	0,0	0,0	0,0
44149	Mirambel	2015	Secano	6,0	5,0	0,0	0,0	0,0	0,0	0,0	0,0	0,0	0,0	0,0	0,0	5,0	0,0	0,0	0,0	0,0	1,0	0,0	1,0	0,0	0,0	0,0	0,0	0,0
44150	Miravete de la Sierra	2015	Regadío											0,0														
44150	Miravete de la Sierra	2015	Secano											0,0														
44151	Molinos	2015	Regadío	20,0	1,0	0,0	0,0	0,0	0,0	0,0	0,0	0,0	0,0	0,0	0,0	1,0	0,0	0,0	0,0	0,0	0,0	0,0	0,0	0,0	19,0	19,0	0,0	0,0
44151	Molinos	2015	Secano	144,0	95,0	0,0	0,0	0,0	0,0	0,0	0,0	0,0	0,0	0,0	0,0	95,0	0,0	0,0	0,0	0,0	0,0	0,0	0,0	0,0	49,0	49,0	0,0	0,0
44152	Monforte de Moyuela	2015	Regadío	1,0	1,0	0,0	0,0	0,0	0,0	0,0	0,0	0,0	0,0	0,0	0,0	1,0	0,0	0,0	0,0	0,0	0,0	0,0	0,0	0,0	0,0	0,0	0,0	0,0
44152	Monforte de Moyuela	2015	Secano	66,0	66,0	0,0	0,0	0,0	0,0	0,0	0,0	0,0	0,0	0,0	0,0	66,0	0,0	0,0	0,0	0,0	0,0	0,0	0,0	0,0	0,0	0,0	0,0	0,0
44153	Monreal del Campo	2015	Regadío	0,0	0,0	0,0	0,0	0,0	0,0	0,0	0,0	0,0	0,0	0,0	0,0	0,0	0,0	0,0	0,0	0,0	0,0	0,0	0,0	0,0	0,0	0,0	0,0	0,0
44153	Monreal del Campo	2015	Secano	8,0	8,0	0,0	0,0	0,0	0,0	0,0	0,0	0,0	0,0	0,0	0,0	8,0	0,0	0,0	0,0	0,0	0,0	0,0	0,0	0,0	0,0	0,0	0,0	0,0
44154	Monroyo	2015	Regadío	1,0	1,0	0,0	0,0	0,0	0,0	1,0	0,0	0,0	0,0	0,0	0,0	0,0	0,0	0,0	0,0	0,0	0,0	0,0	0,0	0,0	0,0	0,0	0,0	0,0
44154	Monroyo	2015	Secano	199,0	147,0	0,0	0,0	0,0	0,0	3,0	0,0	0,0	0,0	0,0	6,0	138,0	0,0	0,0	0,0	0,0	36,0	0,0	36,0	0,0	16,0	16,0	0,0	0,0
44155	Montalbán	2015	Regadío	5,0	5,0	0,0	0,0	0,0	0,0	0,0	0,0	0,0	0,0	0,0	0,0	0,0	5,0	0,0	0,0	0,0	0,0	0,0	0,0	0,0	0,0	0,0	0,0	0,0
44155	Montalbán	2015	Secano	23,0	5,0	0,0	0,0	0,0	0,0	0,0	0,0	0,0	0,0	0,0	0,0	1,0	4,0	0,0	0,0	0,0	18,0	0,0	18,0	0,0	0,0	0,0	0,0	0,0
44156	Monteagudo del Castillo	2015	Regadío											0,0														
44156	Monteagudo del Castillo	2015	Secano											0,0														
44157	Monterde de Albarracín	2015	Regadío											0,0														
44157	Monterde de Albarracín	2015	Secano											0,0														
44158	Mora de Rubielos	2015	Regadío	2,0	2,0	0,0	0,0	0,0	0,0	1,0	0,0	0,0	0,0	0,0	0,0	1,0	0,0	0,0	0,0	0,0	0,0	0,0	0,0	0,0	0,0	0,0	0,0	0,0
44158	Mora de Rubielos	2015	Secano	55,0	55,0	0,0	0,0	0,0	0,0	10,0	0,0	0,0	0,0	0,0	2,0	41,0	2,0	0,0	0,0	0,0	0,0	0,0	0,0	0,0	0,0	0,0	0,0	0,0
44159	Moscardón	2015	Regadío											0,0														
44159	Moscardón	2015	Secano											0,0														
44160	Mosqueruela	2015	Regadío											0,0														
44160	Mosqueruela	2015	Secano											0,0														
44161	Muniesa	2015	Regadío	4,0	0,0	0,0	0,0	0,0	0,0	0,0	0,0	0,0	0,0	0,0	0,0	0,0	0,0	0,0	0,0	0,0	3,0	0,0	3,0	0,0	1,0	1,0	0,0	0,0
44161	Muniesa	2015	Secano	467,0	329,0	0,0	0,0	0,0	0,0	0,0	0,0	0,0	0,0	0,0	4,0	325,0	0,0	0,0	0,0	0,0	102,0	0,0	102,0	0,0	36,0	36,0	0,0	0,0
44163	Noguera de Albarracín	2015	Regadío											0,0														
44163	Noguera de Albarracín	2015	Secano											0,0														
44164	Nogueras	2015	Regadío	0,0	0,0	0,0	0,0	0,0	0,0	0,0	0,0	0,0	0,0	0,0	0,0	0,0	0,0	0,0	0,0	0,0	0,0	0,0	0,0	0,0	0,0	0,0	0,0	0,0
44164	Nogueras	2015	Secano	15,0	15,0	0,0	0,0	0,0	0,0	0,0	0,0	0,0	0,0	0,0	0,0	15,0	0,0	0,0	0,0	0,0	0,0	0,0	0,0	0,0	0,0	0,0	0,0	0,0
44165	Nogueruelas	2015	Regadío											0,0														
44165	Nogueruelas	2015	Secano											0,0														
44167	Obón	2015	Regadío	0,0	0,0	0,0	0,0	0,0	0,0	0,0	0,0	0,0	0,0	0,0	0,0	0,0	0,0	0,0	0,0	0,0	0,0	0,0	0,0	0,0	0,0	0,0	0,0	0,0
44167	Obón	2015	Secano	46,0	24,0	0,0	0,0	0,0	0,0	0,0	0,0	0,0	0,0	0,0	0,0	24,0	0,0	0,0	0,0	0,0	8,0	0,0	8,0	0,0	14,0	14,0	0,0	0,0
44168	Odón	2015	Regadío	0,0	0,0	0,0	0,0	0,0	0,0	0,0	0,0	0,0	0,0	0,0	0,0	0,0	0,0	0,0	0,0	0,0	0,0	0,0	0,0	0,0	0,0	0,0	0,0	0,0
44168	Odón	2015	Secano	6,0	6,0	0,0	0,0	0,0	0,0	0,0	0,0	0,0	0,0	0,0	0,0	6,0	0,0	0,0	0,0	0,0	0,0	0,0	0,0	0,0	0,0	0,0	0,0	0,0
44169	Ojos Negros	2015	Regadío	0,0	0,0	0,0	0,0	0,0	0,0	0,0	0,0	0,0	0,0	0,0	0,0	0,0	0,0	0,0	0,0	0,0	0,0	0,0	0,0	0,0	0,0	0,0	0,0	0,0
44169	Ojos Negros	2015	Secano	3,0	3,0	0,0	0,0	0,0	0,0	0,0	0,0	0,0	0,0	0,0	0,0	3,0	0,0	0,0	0,0	0,0	0,0	0,0	0,0	0,0	0,0	0,0	0,0	0,0
44171	Olba	2015	Regadío	1,0	1,0	0,0	0,0	0,0	0,0	1,0	0,0	0,0	0,0	0,0	0,0	0,0	0,0	0,0	0,0	0,0	0,0	0,0	0,0	0,0	0,0	0,0	0,0	0,0
44171	Olba	2015	Secano	2,0	2,0	0,0	0,0	0,0	0,0	1,0	0,0	0,0	0,0	0,0	0,0	1,0	0,0	0,0	0,0	0,0	0,0	0,0	0,0	0,0	0,0	0,0	0,0	0,0
44172	Oliete	2015	Regadío	26,0	2,0	0,0	0,0	0,0	0,0	1,0	0,0	0,0	0,0	0,0	0,0	0,0	1,0	0,0	0,0	0,0	0,0	0,0	0,0	0,0	24,0	24,0	0,0	0,0
44172	Oliete	2015	Secano	256,0	11,0	0,0	0,0	0,0	0,0	0,0	0,0	0,0	0,0	0,0	0,0	11,0	0,0	0,0	0,0	0,0	16,0	0,0	16,0	0,0	229,0	229,0	0,0	0,0
44173	Olmos (Los)	2015	Regadío	3,0	0,0	0,0	0,0	0,0	0,0	0,0	0,0	0,0	0,0	0,0	0,0	0,0	0,0	0,0	0,0	0,0	0,0	0,0	0,0	0,0	3,0	3,0	0,0	0,0
44173	Olmos (Los)	2015	Secano	370,0	222,0	0,0	0,0	0,0	0,0	0,0	0,0	0,0	0,0	0,0	0,0	222,0	0,0	0,0	0,0	0,0	5,0	0,0	5,0	0,0	143,0	143,0	0,0	0,0
44174	Orihuela del Tremedal	2015	Regadío											0,0														
44174	Orihuela del Tremedal	2015	Secano											0,0														
44175	Orrios	2015	Regadío											0,0														
44175	Orrios	2015	Secano											0,0														
44176	Palomar de Arroyos	2015	Regadío	0,0	0,0	0,0	0,0	0,0	0,0	0,0	0,0	0,0	0,0	0,0	0,0	0,0	0,0	0,0	0,0	0,0	0,0	0,0	0,0	0,0	0,0	0,0	0,0	0,0
44176	Palomar de Arroyos	2015	Secano	2,0	2,0	0,0	0,0	0,0	0,0	0,0	0,0	0,0	0,0	0,0	0,0	2,0	0,0	0,0	0,0	0,0	0,0	0,0	0,0	0,0	0,0	0,0	0,0	0,0
44177	Pancrudo	2015	Regadío											0,0														
44177	Pancrudo	2015	Secano											0,0														
44178	Parras de Castellote (Las)	2015	Regadío	2,0	0,0	0,0	0,0	0,0	0,0	0,0	0,0	0,0	0,0	0,0	0,0	0,0	0,0	0,0	0,0	0,0	0,0	0,0	0,0	0,0	2,0	2,0	0,0	0,0
44178	Parras de Castellote (Las)	2015	Secano	130,0	68,0	0,0	0,0	0,0	0,0	0,0	0,0	0,0	0,0	0,0	0,0	68,0	0,0	0,0	0,0	0,0	3,0	0,0	3,0	0,0	59,0	59,0	0,0	0,0
44179	Peñarroya de Tastavins	2015	Regadío	0,0	0,0	0,0	0,0	0,0	0,0	0,0	0,0	0,0	0,0	0,0	0,0	0,0	0,0	0,0	0,0	0,0	0,0	0,0	0,0	0,0	0,0	0,0	0,0	0,0
44179	Peñarroya de Tastavins	2015	Secano	182,0	108,0	0,0	0,0	0,0	0,0	0,0	0,0	0,0	0,0	0,0	6,0	102,0	0,0	0,0	0,0	0,0	10,0	0,0	10,0	0,0	64,0	64,0	0,0	0,0
44180	Peracense	2015	Regadío	0,0	0,0	0,0	0,0	0,0	0,0	0,0	0,0	0,0	0,0	0,0	0,0	0,0	0,0	0,0	0,0	0,0	0,0	0,0	0,0	0,0	0,0	0,0	0,0	0,0
44180	Peracense	2015	Secano	2,0	2,0	0,0	0,0	0,0	0,0	0,0	0,0	0,0	0,0	0,0	0,0	2,0	0,0	0,0	0,0	0,0	0,0	0,0	0,0	0,0	0,0	0,0	0,0	0,0
44181	Peralejos	2015	Regadío	1,0	1,0	0,0	0,0	0,0	0,0	0,0	0,0	0,0	0,0	0,0	0,0	0,0	1,0	0,0	0,0	0,0	0,0	0,0	0,0	0,0	0,0	0,0	0,0	0,0
44181	Peralejos	2015	Secano	4,0	4,0	0,0	0,0	0,0	0,0	0,0	0,0	0,0	0,0	0,0	0,0	4,0	0,0	0,0	0,0	0,0	0,0	0,0	0,0	0,0	0,0	0,0	0,0	0,0
44182	Perales del Alfambra	2015	Regadío											0,0														
44182	Perales del Alfambra	2015	Secano											0,0														
44183	Pitarque	2015	Regadío											0,0														
44183	Pitarque	2015	Secano											0,0														
44184	Plou	2015	Regadío	0,0	0,0	0,0	0,0	0,0	0,0	0,0	0,0	0,0	0,0	0,0	0,0	0,0	0,0	0,0	0,0	0,0	0,0	0,0	0,0	0,0	0,0	0,0	0,0	0,0
44184	Plou	2015	Secano	120,0	92,0	0,0	0,0	0,0	0,0	0,0	0,0	0,0	0,0	0,0	0,0	92,0	0,0	0,0	0,0	0,0	26,0	0,0	26,0	0,0	2,0	2,0	0,0	0,0
44185	Pobo (El)	2015	Regadío											0,0														
44185	Pobo (El)	2015	Secano											0,0														
44187	Portellada (La)	2015	Regadío	5,0	4,0	0,0	0,0	0,0	0,0	2,0	0,0	0,0	0,0	0,0	0,0	2,0	0,0	0,0	0,0	0,0	0,0	0,0	0,0	0,0	1,0	1,0	0,0	0,0
44187	Portellada (La)	2015	Secano	608,0	212,0	0,0	0,0	0,0	0,0	2,0	0,0	0,0	0,0	0,0	4,0	204,0	2,0	0,0	0,0	0,0	9,0	0,0	9,0	0,0	387,0	387,0	0,0	0,0
44189	Pozondón	2015	Regadío											0,0														
44189	Pozondón	2015	Secano											0,0														
44190	Pozuel del Campo	2015	Regadío	0,0	0,0	0,0	0,0	0,0	0,0	0,0	0,0	0,0	0,0	0,0	0,0	0,0	0,0	0,0	0,0	0,0	0,0	0,0	0,0	0,0	0,0	0,0	0,0	0,0
44190	Pozuel del Campo	2015	Secano	8,0	8,0	0,0	0,0	0,0	0,0	0,0	0,0	0,0	0,0	0,0	0,0	8,0	0,0	0,0	0,0	0,0	0,0	0,0	0,0	0,0	0,0	0,0	0,0	0,0
44191	Puebla de Híjar (La)	2015	Regadío	100,0	7,0	0,0	0,0	0,0	0,0	0,0	1,0	0,0	0,0	0,0	0,0	6,0	0,0	0,0	0,0	0,0	0,0	0,0	0,0	0,0	93,0	93,0	0,0	0,0
44191	Puebla de Híjar (La)	2015	Secano	38,0	30,0	0,0	0,0	0,0	0,0	1,0	0,0	0,0	0,0	0,0	0,0	29,0	0,0	0,0	0,0	0,0	0,0	0,0	0,0	0,0	8,0	8,0	0,0	0,0
44192	Puebla de Valverde (La)	2015	Regadío	3,0	3,0	0,0	0,0	0,0	0,0	0,0	0,0	0,0	0,0	0,0	0,0	3,0	0,0	0,0	0,0	0,0	0,0	0,0	0,0	0,0	0,0	0,0	0,0	0,0
44192	Puebla de Valverde (La)	2015	Secano	45,0	45,0	0,0	0,0	0,0	0,0	8,0	0,0	0,0	0,0	0,0	2,0	35,0	0,0	0,0	0,0	0,0	0,0	0,0	0,0	0,0	0,0	0,0	0,0	0,0
44193	Puertomingalvo	2015	Regadío											0,0														
44193	Puertomingalvo	2015	Secano											0,0														
44194	Ráfales	2015	Regadío	20,0	1,0	0,0	0,0	0,0	0,0	0,0	0,0	0,0	0,0	0,0	0,0	1,0	0,0	0,0	0,0	0,0	0,0	0,0	0,0	0,0	19,0	19,0	0,0	0,0
44194	Ráfales	2015	Secano	470,0	269,0	0,0	0,0	0,0	0,0	1,0	1,0	0,0	0,0	0,0	2,0	265,0	0,0	0,0	0,0	0,0	29,0	0,0	29,0	0,0	172,0	172,0	0,0	0,0
44195	Rillo	2015	Regadío											0,0														
44195	Rillo	2015	Secano											0,0														
44196	Riodeva	2015	Regadío	0,0	0,0	0,0	0,0	0,0	0,0	0,0	0,0	0,0	0,0	0,0	0,0	0,0	0,0	0,0	0,0	0,0	0,0	0,0	0,0	0,0	0,0	0,0	0,0	0,0
44196	Riodeva	2015	Secano	46,0	42,0	0,0	0,0	0,0	0,0	0,0	0,0	0,0	0,0	0,0	0,0	42,0	0,0	0,0	0,0	0,0	4,0	0,0	4,0	0,0	0,0	0,0	0,0	0,0
44197	Ródenas	2015	Regadío											0,0														
44197	Ródenas	2015	Secano											0,0														
44198	Royuela	2015	Regadío											0,0														
44198	Royuela	2015	Secano											0,0														
44199	Rubiales	2015	Regadío											0,0														
44199	Rubiales	2015	Secano											0,0														
44200	Rubielos de la Cérida	2015	Regadío											0,0														
44200	Rubielos de la Cérida	2015	Secano											0,0														
44201	Rubielos de Mora	2015	Regadío	4,0	3,0	0,0	0,0	0,0	0,0	0,0	0,0	0,0	0,0	0,0	0,0	3,0	0,0	0,0	0,0	0,0	1,0	0,0	1,0	0,0	0,0	0,0	0,0	0,0
44201	Rubielos de Mora	2015	Secano	15,0	15,0	0,0	0,0	0,0	0,0	3,0	0,0	0,0	0,0	0,0	0,0	12,0	0,0	0,0	0,0	0,0	0,0	0,0	0,0	0,0	0,0	0,0	0,0	0,0
44203	Salcedillo	2015	Regadío											0,0														
44203	Salcedillo	2015	Secano											0,0														
44204	Saldón	2015	Regadío											0,0														
44204	Saldón	2015	Secano											0,0														
44205	Samper de Calanda	2015	Regadío	98,0	1,0	0,0	0,0	0,0	0,0	0,0	0,0	0,0	0,0	0,0	0,0	1,0	0,0	0,0	0,0	0,0	8,0	0,0	8,0	0,0	89,0	89,0	0,0	0,0
44205	Samper de Calanda	2015	Secano	321,0	103,0	0,0	0,0	0,0	0,0	0,0	0,0	0,0	0,0	0,0	0,0	103,0	0,0	0,0	0,0	0,0	61,0	0,0	61,0	0,0	157,0	157,0	0,0	0,0
44206	San Agustín	2015	Regadío	0,0	0,0	0,0	0,0	0,0	0,0	0,0	0,0	0,0	0,0	0,0	0,0	0,0	0,0	0,0	0,0	0,0	0,0	0,0	0,0	0,0	0,0	0,0	0,0	0,0
44206	San Agustín	2015	Secano	47,0	46,0	0,0	0,0	0,0	0,0	4,0	0,0	0,0	0,0	0,0	0,0	41,0	1,0	0,0	0,0	0,0	1,0	0,0	1,0	0,0	0,0	0,0	0,0	0,0
44207	San Martín del Río	2015	Regadío	3,0	3,0	1,0	0,0	0,0	0,0	0,0	0,0	0,0	0,0	0,0	2,0	0,0	0,0	0,0	0,0	0,0	0,0	0,0	0,0	0,0	0,0	0,0	0,0	0,0
44207	San Martín del Río	2015	Secano	164,0	49,0	0,0	0,0	0,0	0,0	12,0	0,0	0,0	0,0	0,0	0,0	37,0	0,0	0,0	0,0	0,0	115,0	0,0	115,0	0,0	0,0	0,0	0,0	0,0
44208	Santa Cruz de Nogueras	2015	Regadío	0,0	0,0	0,0	0,0	0,0	0,0	0,0	0,0	0,0	0,0	0,0	0,0	0,0	0,0	0,0	0,0	0,0	0,0	0,0	0,0	0,0	0,0	0,0	0,0	0,0
44208	Santa Cruz de Nogueras	2015	Secano	27,0	27,0	0,0	0,0	0,0	0,0	0,0	0,0	0,0	0,0	0,0	0,0	27,0	0,0	0,0	0,0	0,0	0,0	0,0	0,0	0,0	0,0	0,0	0,0	0,0
44209	Santa Eulalia	2015	Regadío											0,0														
44209	Santa Eulalia	2015	Secano											0,0														
44210	Sarrión	2015	Regadío	0,0	0,0	0,0	0,0	0,0	0,0	0,0	0,0	0,0	0,0	0,0	0,0	0,0	0,0	0,0	0,0	0,0	0,0	0,0	0,0	0,0	0,0	0,0	0,0	0,0
44210	Sarrión	2015	Secano	128,0	126,0	0,0	0,0	0,0	0,0	4,0	0,0	0,0	0,0	0,0	4,0	118,0	0,0	0,0	0,0	0,0	2,0	0,0	2,0	0,0	0,0	0,0	0,0	0,0
44211	Segura de los Baños	2015	Regadío	0,0	0,0	0,0	0,0	0,0	0,0	0,0	0,0	0,0	0,0	0,0	0,0	0,0	0,0	0,0	0,0	0,0	0,0	0,0	0,0	0,0	0,0	0,0	0,0	0,0
44211	Segura de los Baños	2015	Secano	2,0	2,0	0,0	0,0	0,0	0,0	0,0	0,0	0,0	0,0	0,0	0,0	2,0	0,0	0,0	0,0	0,0	0,0	0,0	0,0	0,0	0,0	0,0	0,0	0,0
44212	Seno	2015	Regadío	7,0	0,0	0,0	0,0	0,0	0,0	0,0	0,0	0,0	0,0	0,0	0,0	0,0	0,0	0,0	0,0	0,0	0,0	0,0	0,0	0,0	7,0	7,0	0,0	0,0
44212	Seno	2015	Secano	35,0	24,0	0,0	0,0	0,0	0,0	0,0	0,0	0,0	0,0	0,0	0,0	24,0	0,0	0,0	0,0	0,0	1,0	0,0	1,0	0,0	10,0	10,0	0,0	0,0
44213	Singra	2015	Regadío											0,0														
44213	Singra	2015	Secano											0,0														
44215	Terriente	2015	Regadío											0,0														
44215	Terriente	2015	Secano											0,0														
44216	Teruel	2015	Regadío	2,0	2,0	0,0	0,0	0,0	0,0	2,0	0,0	0,0	0,0	0,0	0,0	0,0	0,0	0,0	0,0	0,0	0,0	0,0	0,0	0,0	0,0	0,0	0,0	0,0
44216	Teruel	2015	Secano	38,0	38,0	1,0	0,0	0,0	0,0	0,0	0,0	0,0	0,0	0,0	0,0	31,0	6,0	0,0	0,0	0,0	0,0	0,0	0,0	0,0	0,0	0,0	0,0	0,0
44217	Toril y Masegoso	2015	Regadío											0,0														
44217	Toril y Masegoso	2015	Secano											0,0														
44218	Tormón	2015	Regadío											0,0														
44218	Tormón	2015	Secano											0,0														
44219	Tornos	2015	Regadío	0,0	0,0	0,0	0,0	0,0	0,0	0,0	0,0	0,0	0,0	0,0	0,0	0,0	0,0	0,0	0,0	0,0	0,0	0,0	0,0	0,0	0,0	0,0	0,0	0,0
44219	Tornos	2015	Secano	2,0	2,0	0,0	0,0	0,0	0,0	0,0	0,0	0,0	0,0	0,0	0,0	2,0	0,0	0,0	0,0	0,0	0,0	0,0	0,0	0,0	0,0	0,0	0,0	0,0
44220	Torralba de los Sisones	2015	Regadío											0,0														
44220	Torralba de los Sisones	2015	Secano											0,0														
44221	Torrecilla de Alcañiz	2015	Regadío	30,0	0,0	0,0	0,0	0,0	0,0	0,0	0,0	0,0	0,0	0,0	0,0	0,0	0,0	0,0	0,0	0,0	0,0	0,0	0,0	0,0	30,0	30,0	0,0	0,0
44221	Torrecilla de Alcañiz	2015	Secano	939,0	402,0	0,0	0,0	0,0	0,0	0,0	0,0	0,0	0,0	0,0	0,0	402,0	0,0	0,0	0,0	0,0	12,0	0,0	12,0	0,0	525,0	525,0	0,0	0,0
44222	Torrecilla del Rebollar	2015	Regadío											0,0														
44222	Torrecilla del Rebollar	2015	Secano											0,0														
44223	Torre de Arcas	2015	Regadío	0,0	0,0	0,0	0,0	0,0	0,0	0,0	0,0	0,0	0,0	0,0	0,0	0,0	0,0	0,0	0,0	0,0	0,0	0,0	0,0	0,0	0,0	0,0	0,0	0,0
44223	Torre de Arcas	2015	Secano	56,0	50,0	0,0	0,0	0,0	0,0	0,0	0,0	0,0	0,0	0,0	8,0	42,0	0,0	0,0	0,0	0,0	6,0	0,0	6,0	0,0	0,0	0,0	0,0	0,0
44224	Torre de las Arcas	2015	Regadío	0,0	0,0	0,0	0,0	0,0	0,0	0,0	0,0	0,0	0,0	0,0	0,0	0,0	0,0	0,0	0,0	0,0	0,0	0,0	0,0	0,0	0,0	0,0	0,0	0,0
44224	Torre de las Arcas	2015	Secano	2,0	0,0	0,0	0,0	0,0	0,0	0,0	0,0	0,0	0,0	0,0	0,0	0,0	0,0	0,0	0,0	0,0	2,0	0,0	2,0	0,0	0,0	0,0	0,0	0,0
44225	Torre del Compte	2015	Regadío	64,0	11,0	0,0	0,0	0,0	0,0	5,0	3,0	0,0	0,0	0,0	0,0	3,0	0,0	0,0	0,0	0,0	0,0	0,0	0,0	0,0	53,0	53,0	0,0	0,0
44225	Torre del Compte	2015	Secano	655,0	346,0	0,0	0,0	0,0	0,0	1,0	2,0	0,0	0,0	0,0	2,0	341,0	0,0	0,0	0,0	0,0	7,0	0,0	7,0	0,0	302,0	302,0	0,0	0,0
44226	Torrelacárcel	2015	Regadío	0,0	0,0	0,0	0,0	0,0	0,0	0,0	0,0	0,0	0,0	0,0	0,0	0,0	0,0	0,0	0,0	0,0	0,0	0,0	0,0	0,0	0,0	0,0	0,0	0,0
44226	Torrelacárcel	2015	Secano	5,0	5,0	0,0	0,0	0,0	0,0	0,0	0,0	0,0	0,0	0,0	1,0	4,0	0,0	0,0	0,0	0,0	0,0	0,0	0,0	0,0	0,0	0,0	0,0	0,0
44227	Torre los Negros	2015	Regadío	0,0	0,0	0,0	0,0	0,0	0,0	0,0	0,0	0,0	0,0	0,0	0,0	0,0	0,0	0,0	0,0	0,0	0,0	0,0	0,0	0,0	0,0	0,0	0,0	0,0
44227	Torre los Negros	2015	Secano	4,0	4,0	0,0	0,0	0,0	0,0	0,0	0,0	0,0	0,0	0,0	0,0	4,0	0,0	0,0	0,0	0,0	0,0	0,0	0,0	0,0	0,0	0,0	0,0	0,0
44228	Torremocha de Jiloca	2015	Regadío	0,0	0,0	0,0	0,0	0,0	0,0	0,0	0,0	0,0	0,0	0,0	0,0	0,0	0,0	0,0	0,0	0,0	0,0	0,0	0,0	0,0	0,0	0,0	0,0	0,0
44228	Torremocha de Jiloca	2015	Secano	1,0	1,0	0,0	0,0	0,0	0,0	0,0	0,0	0,0	0,0	0,0	0,0	1,0	0,0	0,0	0,0	0,0	0,0	0,0	0,0	0,0	0,0	0,0	0,0	0,0
44229	Torres de Albarracín	2015	Regadío											0,0														
44229	Torres de Albarracín	2015	Secano											0,0														
44230	Torrevelilla	2015	Regadío	0,0	0,0	0,0	0,0	0,0	0,0	0,0	0,0	0,0	0,0	0,0	0,0	0,0	0,0	0,0	0,0	0,0	0,0	0,0	0,0	0,0	0,0	0,0	0,0	0,0
44230	Torrevelilla	2015	Secano	803,0	355,0	0,0	0,0	0,0	0,0	0,0	0,0	0,0	0,0	0,0	2,0	353,0	0,0	0,0	0,0	0,0	5,0	0,0	5,0	0,0	443,0	443,0	0,0	0,0
44231	Torrijas	2015	Regadío											0,0														
44231	Torrijas	2015	Secano											0,0														
44232	Torrijo del Campo	2015	Regadío	0,0	0,0	0,0	0,0	0,0	0,0	0,0	0,0	0,0	0,0	0,0	0,0	0,0	0,0	0,0	0,0	0,0	0,0	0,0	0,0	0,0	0,0	0,0	0,0	0,0
44232	Torrijo del Campo	2015	Secano	1,0	1,0	0,0	0,0	0,0	0,0	0,0	0,0	0,0	0,0	0,0	0,0	1,0	0,0	0,0	0,0	0,0	0,0	0,0	0,0	0,0	0,0	0,0	0,0	0,0
44234	Tramacastiel	2015	Regadío	1,0	1,0	0,0	0,0	0,0	0,0	0,0	0,0	0,0	0,0	0,0	0,0	1,0	0,0	0,0	0,0	0,0	0,0	0,0	0,0	0,0	0,0	0,0	0,0	0,0
44234	Tramacastiel	2015	Secano	46,0	46,0	0,0	0,0	0,0	0,0	0,0	0,0	0,0	0,0	0,0	0,0	46,0	0,0	0,0	0,0	0,0	0,0	0,0	0,0	0,0	0,0	0,0	0,0	0,0
44235	Tramacastilla	2015	Regadío											0,0														
44235	Tramacastilla	2015	Secano											0,0														
44236	Tronchón	2015	Regadío											0,0														
44236	Tronchón	2015	Secano											0,0														
44237	Urrea de Gaén	2015	Regadío	55,0	43,0	0,0	2,0	0,0	0,0	0,0	37,0	2,0	0,0	0,0	0,0	2,0	0,0	0,0	0,0	0,0	0,0	0,0	0,0	0,0	12,0	12,0	0,0	0,0
44237	Urrea de Gaén	2015	Secano	177,0	72,0	0,0	0,0	0,0	0,0	0,0	0,0	0,0	0,0	0,0	0,0	72,0	0,0	0,0	0,0	0,0	2,0	0,0	2,0	0,0	103,0	103,0	0,0	0,0
44238	Utrillas	2015	Regadío											0,0														
44238	Utrillas	2015	Secano											0,0														
44239	Valacloche	2015	Regadío	1,0	1,0	0,0	0,0	0,0	0,0	0,0	0,0	0,0	0,0	0,0	0,0	0,0	1,0	0,0	0,0	0,0	0,0	0,0	0,0	0,0	0,0	0,0	0,0	0,0
44239	Valacloche	2015	Secano	0,0	0,0	0,0	0,0	0,0	0,0	0,0	0,0	0,0	0,0	0,0	0,0	0,0	0,0	0,0	0,0	0,0	0,0	0,0	0,0	0,0	0,0	0,0	0,0	0,0
44240	Valbona	2015	Regadío	4,0	4,0	0,0	0,0	0,0	0,0	4,0	0,0	0,0	0,0	0,0	0,0	0,0	0,0	0,0	0,0	0,0	0,0	0,0	0,0	0,0	0,0	0,0	0,0	0,0
44240	Valbona	2015	Secano	12,0	12,0	0,0	0,0	0,0	0,0	3,0	0,0	0,0	0,0	0,0	0,0	9,0	0,0	0,0	0,0	0,0	0,0	0,0	0,0	0,0	0,0	0,0	0,0	0,0
44241	Valdealgorfa	2015	Regadío	0,0	0,0	0,0	0,0	0,0	0,0	0,0	0,0	0,0	0,0	0,0	0,0	0,0	0,0	0,0	0,0	0,0	0,0	0,0	0,0	0,0	0,0	0,0	0,0	0,0
44241	Valdealgorfa	2015	Secano	2425,0	1302,0	0,0	0,0	0,0	0,0	0,0	0,0	0,0	0,0	0,0	8,0	1293,0	1,0	0,0	0,0	0,0	8,0	0,0	8,0	0,0	1115,0	1115,0	0,0	0,0
44243	Valdecuenca	2015	Regadío											0,0														
44243	Valdecuenca	2015	Secano											0,0														
44244	Valdelinares	2015	Regadío											0,0														
44244	Valdelinares	2015	Secano											0,0														
44245	Valdeltormo	2015	Regadío	29,0	20,0	0,0	0,0	0,0	0,0	2,0	5,0	0,0	0,0	0,0	0,0	13,0	0,0	0,0	0,0	0,0	0,0	0,0	0,0	0,0	9,0	9,0	0,0	0,0
44245	Valdeltormo	2015	Secano	548,0	273,0	0,0	0,0	0,0	0,0	1,0	0,0	0,0	0,0	0,0	4,0	268,0	0,0	0,0	0,0	0,0	2,0	0,0	2,0	0,0	273,0	273,0	0,0	0,0
44246	Valderrobres	2015	Regadío	42,0	15,0	0,0	0,0	0,0	1,0	1,0	5,0	0,0	0,0	0,0	0,0	7,0	0,0	1,0	0,0	0,0	1,0	0,0	1,0	0,0	26,0	26,0	0,0	0,0
44246	Valderrobres	2015	Secano	2095,0	1164,0	0,0	0,0	0,0	0,0	2,0	2,0	0,0	0,0	0,0	6,0	1152,0	2,0	0,0	0,0	0,0	114,0	0,0	114,0	0,0	817,0	817,0	0,0	0,0
44247	Valjunquera	2015	Regadío	0,0	0,0	0,0	0,0	0,0	0,0	0,0	0,0	0,0	0,0	0,0	0,0	0,0	0,0	0,0	0,0	0,0	0,0	0,0	0,0	0,0	0,0	0,0	0,0	0,0
44247	Valjunquera	2015	Secano	1928,0	947,0	0,0	0,0	0,0	0,0	2,0	0,0	0,0	0,0	0,0	0,0	945,0	0,0	0,0	0,0	0,0	6,0	0,0	6,0	0,0	975,0	975,0	0,0	0,0
44249	Vallecillo (El)	2015	Regadío											0,0														
44249	Vallecillo (El)	2015	Secano											0,0														
44250	Veguillas de la Sierra	2015	Regadío											0,0														
44250	Veguillas de la Sierra	2015	Secano											0,0														
44251	Villafranca del Campo	2015	Regadío	0,0	0,0	0,0	0,0	0,0	0,0	0,0	0,0	0,0	0,0	0,0	0,0	0,0	0,0	0,0	0,0	0,0	0,0	0,0	0,0	0,0	0,0	0,0	0,0	0,0
44251	Villafranca del Campo	2015	Secano	10,0	9,0	0,0	0,0	0,0	0,0	0,0	0,0	0,0	0,0	0,0	0,0	9,0	0,0	0,0	0,0	0,0	1,0	0,0	1,0	0,0	0,0	0,0	0,0	0,0
44252	Villahermosa del Campo	2015	Regadío	0,0	0,0	0,0	0,0	0,0	0,0	0,0	0,0	0,0	0,0	0,0	0,0	0,0	0,0	0,0	0,0	0,0	0,0	0,0	0,0	0,0	0,0	0,0	0,0	0,0
44252	Villahermosa del Campo	2015	Secano	10,0	10,0	0,0	0,0	0,0	0,0	0,0	0,0	0,0	0,0	0,0	0,0	10,0	0,0	0,0	0,0	0,0	0,0	0,0	0,0	0,0	0,0	0,0	0,0	0,0
44256	Villanueva del Rebollar de la Sierra	2015	Regadío											0,0														
44256	Villanueva del Rebollar de la Sierra	2015	Secano											0,0														
44257	Villar del Cobo	2015	Regadío											0,0														
44257	Villar del Cobo	2015	Secano											0,0														
44258	Villar del Salz	2015	Regadío											0,0														
44258	Villar del Salz	2015	Secano											0,0														
44260	Villarluengo	2015	Regadío											0,0														
44260	Villarluengo	2015	Secano											0,0														
44261	Villarquemado	2015	Regadío	22,0	22,0	22,0	0,0	0,0	0,0	0,0	0,0	0,0	0,0	0,0	0,0	0,0	0,0	0,0	0,0	0,0	0,0	0,0	0,0	0,0	0,0	0,0	0,0	0,0
44261	Villarquemado	2015	Secano	1,0	1,0	0,0	0,0	0,0	0,0	0,0	0,0	0,0	0,0	0,0	0,0	1,0	0,0	0,0	0,0	0,0	0,0	0,0	0,0	0,0	0,0	0,0	0,0	0,0
44262	Villarroya de los Pinares	2015	Regadío											0,0														
44262	Villarroya de los Pinares	2015	Secano											0,0														
44263	Villastar	2015	Regadío	0,0	0,0	0,0	0,0	0,0	0,0	0,0	0,0	0,0	0,0	0,0	0,0	0,0	0,0	0,0	0,0	0,0	0,0	0,0	0,0	0,0	0,0	0,0	0,0	0,0
44263	Villastar	2015	Secano	13,0	4,0	0,0	0,0	0,0	0,0	0,0	0,0	0,0	0,0	0,0	0,0	4,0	0,0	0,0	0,0	0,0	9,0	0,0	9,0	0,0	0,0	0,0	0,0	0,0
44264	Villel	2015	Regadío	5,0	4,0	0,0	0,0	0,0	0,0	0,0	0,0	0,0	0,0	0,0	0,0	1,0	3,0	0,0	0,0	0,0	1,0	0,0	1,0	0,0	0,0	0,0	0,0	0,0
44264	Villel	2015	Secano	106,0	104,0	0,0	0,0	0,0	0,0	0,0	0,0	0,0	0,0	0,0	0,0	100,0	4,0	0,0	0,0	0,0	2,0	0,0	2,0	0,0	0,0	0,0	0,0	0,0
44265	Vinaceite	2015	Regadío	23,0	0,0	0,0	0,0	0,0	0,0	0,0	0,0	0,0	0,0	0,0	0,0	0,0	0,0	0,0	0,0	0,0	0,0	0,0	0,0	0,0	23,0	23,0	0,0	0,0
44265	Vinaceite	2015	Secano	21,0	5,0	0,0	0,0	0,0	0,0	0,0	0,0	0,0	0,0	0,0	0,0	5,0	0,0	0,0	0,0	0,0	4,0	0,0	4,0	0,0	12,0	12,0	0,0	0,0
44266	Visiedo	2015	Regadío											0,0														
44266	Visiedo	2015	Secano											0,0														
44267	Vivel del Río Martín	2015	Regadío	0,0	0,0	0,0	0,0	0,0	0,0	0,0	0,0	0,0	0,0	0,0	0,0	0,0	0,0	0,0	0,0	0,0	0,0	0,0	0,0	0,0	0,0	0,0	0,0	0,0
44267	Vivel del Río Martín	2015	Secano	8,0	8,0	0,0	0,0	0,0	0,0	0,0	0,0	0,0	0,0	0,0	0,0	8,0	0,0	0,0	0,0	0,0	0,0	0,0	0,0	0,0	0,0	0,0	0,0	0,0
44268	Zoma (La)	2015	Regadío											0,0														
44268	Zoma (La)	2015	Secano											0,0														
50001	Abanto	2015	Regadío	0,0	0,0	0,0	0,0	0,0	0,0	0,0	0,0	0,0	0,0	0,0	0,0	0,0	0,0	0,0	0,0	0,0	0,0	0,0	0,0	0,0	0,0	0,0	0,0	0,0
50001	Abanto	2015	Secano	29,0	6,0	0,0	0,0	0,0	0,0	2,0	0,0	0,0	0,0	0,0	0,0	4,0	0,0	0,0	0,0	0,0	23,0	0,0	23,0	0,0	0,0	0,0	0,0	0,0
50002	Acered	2015	Regadío	2,0	1,0	0,0	0,0	0,0	0,0	1,0	0,0	0,0	0,0	0,0	0,0	0,0	0,0	0,0	0,0	0,0	1,0	0,0	1,0	0,0	0,0	0,0	0,0	0,0
50002	Acered	2015	Secano	809,0	590,0	0,0	0,0	0,0	1,0	110,0	0,0	5,0	0,0	0,0	0,0	474,0	0,0	0,0	0,0	0,0	218,0	0,0	218,0	0,0	1,0	1,0	0,0	0,0
50003	Agón	2015	Regadío	174,0	36,0	0,0	0,0	0,0	0,0	0,0	0,0	0,0	0,0	0,0	0,0	36,0	0,0	0,0	0,0	0,0	114,0	0,0	114,0	0,0	24,0	24,0	0,0	0,0
50003	Agón	2015	Secano	186,0	35,0	0,0	0,0	0,0	0,0	0,0	0,0	0,0	0,0	0,0	0,0	35,0	0,0	0,0	0,0	0,0	116,0	0,0	116,0	0,0	35,0	35,0	0,0	0,0
50004	Aguarón	2015	Regadío	203,0	3,0	0,0	0,0	0,0	2,0	0,0	0,0	0,0	0,0	0,0	0,0	1,0	0,0	0,0	0,0	0,0	198,0	0,0	198,0	0,0	2,0	2,0	0,0	0,0
50004	Aguarón	2015	Secano	1071,0	54,0	0,0	0,0	0,0	0,0	3,0	0,0	0,0	0,0	0,0	0,0	51,0	0,0	0,0	0,0	0,0	996,0	0,0	996,0	0,0	21,0	21,0	0,0	0,0
50005	Aguilón	2015	Regadío	11,0	11,0	0,0	0,0	0,0	0,0	0,0	0,0	0,0	0,0	0,0	0,0	11,0	0,0	0,0	0,0	0,0	0,0	0,0	0,0	0,0	0,0	0,0	0,0	0,0
50005	Aguilón	2015	Secano	167,0	148,0	0,0	0,0	0,0	0,0	0,0	0,0	0,0	0,0	0,0	0,0	148,0	0,0	0,0	0,0	0,0	15,0	0,0	15,0	0,0	4,0	4,0	0,0	0,0
50006	Ainzón	2015	Regadío	411,0	160,0	0,0	0,0	0,0	0,0	0,0	0,0	0,0	0,0	0,0	0,0	159,0	0,0	0,0	0,0	1,0	220,0	0,0	220,0	0,0	31,0	31,0	0,0	0,0
50006	Ainzón	2015	Secano	1380,0	715,0	0,0	0,0	0,0	0,0	0,0	0,0	0,0	0,0	0,0	0,0	715,0	0,0	0,0	0,0	0,0	643,0	0,0	643,0	0,0	22,0	22,0	0,0	0,0
50007	Aladrén	2015	Regadío	3,0	0,0	0,0	0,0	0,0	0,0	0,0	0,0	0,0	0,0	0,0	0,0	0,0	0,0	0,0	0,0	0,0	3,0	0,0	3,0	0,0	0,0	0,0	0,0	0,0
50007	Aladrén	2015	Secano	132,0	47,0	0,0	0,0	0,0	0,0	0,0	2,0	0,0	0,0	0,0	0,0	45,0	0,0	0,0	0,0	0,0	84,0	0,0	84,0	0,0	1,0	1,0	0,0	0,0
50008	Alagón	2015	Regadío	28,0	27,0	10,0	12,0	0,0	2,0	0,0	3,0	0,0	0,0	0,0	0,0	0,0	0,0	0,0	0,0	0,0	0,0	0,0	0,0	0,0	1,0	1,0	0,0	0,0
50008	Alagón	2015	Secano	0,0	0,0	0,0	0,0	0,0	0,0	0,0	0,0	0,0	0,0	0,0	0,0	0,0	0,0	0,0	0,0	0,0	0,0	0,0	0,0	0,0	0,0	0,0	0,0	0,0
50009	Alarba	2015	Regadío	61,0	61,0	0,0	0,0	0,0	4,0	48,0	0,0	2,0	0,0	0,0	0,0	7,0	0,0	0,0	0,0	0,0	0,0	0,0	0,0	0,0	0,0	0,0	0,0	0,0
50009	Alarba	2015	Secano	672,0	541,0	0,0	0,0	0,0	0,0	138,0	0,0	4,0	0,0	0,0	0,0	399,0	0,0	0,0	0,0	0,0	131,0	0,0	131,0	0,0	0,0	0,0	0,0	0,0
50010	Alberite de San Juan	2015	Regadío	123,0	12,0	0,0	0,0	0,0	0,0	0,0	0,0	0,0	0,0	0,0	0,0	12,0	0,0	0,0	0,0	0,0	83,0	0,0	83,0	0,0	28,0	28,0	0,0	0,0
50010	Alberite de San Juan	2015	Secano	144,0	115,0	0,0	0,0	0,0	0,0	0,0	0,0	0,0	0,0	0,0	0,0	114,0	0,0	0,0	0,0	1,0	26,0	0,0	26,0	0,0	3,0	3,0	0,0	0,0
50011	Albeta	2015	Regadío	39,0	11,0	0,0	0,0	0,0	0,0	0,0	0,0	0,0	0,0	0,0	0,0	11,0	0,0	0,0	0,0	0,0	15,0	0,0	15,0	0,0	13,0	13,0	0,0	0,0
50011	Albeta	2015	Secano	27,0	26,0	0,0	0,0	0,0	0,0	0,0	0,0	0,0	0,0	0,0	0,0	26,0	0,0	0,0	0,0	0,0	1,0	0,0	1,0	0,0	0,0	0,0	0,0	0,0
50012	Alborge	2015	Regadío	47,0	3,0	0,0	0,0	0,0	0,0	0,0	0,0	0,0	0,0	0,0	0,0	3,0	0,0	0,0	0,0	0,0	0,0	0,0	0,0	0,0	44,0	44,0	0,0	0,0
50012	Alborge	2015	Secano	2,0	0,0	0,0	0,0	0,0	0,0	0,0	0,0	0,0	0,0	0,0	0,0	0,0	0,0	0,0	0,0	0,0	0,0	0,0	0,0	0,0	2,0	2,0	0,0	0,0
50013	Alcalá de Ebro	2015	Regadío	2,0	2,0	0,0	0,0	0,0	0,0	0,0	0,0	0,0	0,0	0,0	0,0	1,0	1,0	0,0	0,0	0,0	0,0	0,0	0,0	0,0	0,0	0,0	0,0	0,0
50013	Alcalá de Ebro	2015	Secano	0,0	0,0	0,0	0,0	0,0	0,0	0,0	0,0	0,0	0,0	0,0	0,0	0,0	0,0	0,0	0,0	0,0	0,0	0,0	0,0	0,0	0,0	0,0	0,0	0,0
50014	Alcalá de Moncayo	2015	Regadío	29,0	11,0	0,0	0,0	0,0	0,0	0,0	0,0	0,0	0,0	0,0	0,0	11,0	0,0	0,0	0,0	0,0	0,0	0,0	0,0	0,0	18,0	18,0	0,0	0,0
50014	Alcalá de Moncayo	2015	Secano	93,0	87,0	0,0	0,0	0,0	0,0	0,0	0,0	0,0	0,0	0,0	0,0	87,0	0,0	0,0	0,0	0,0	4,0	0,0	4,0	0,0	2,0	2,0	0,0	0,0
50015	Alconchel de Ariza	2015	Regadío											0,0														
50015	Alconchel de Ariza	2015	Secano											0,0														
50016	Aldehuela de Liestos	2015	Regadío											0,0														
50016	Aldehuela de Liestos	2015	Secano											0,0														
50017	Alfajarín	2015	Regadío	5,0	5,0	0,0	2,0	0,0	0,0	0,0	1,0	0,0	2,0	0,0	0,0	0,0	0,0	0,0	0,0	0,0	0,0	0,0	0,0	0,0	0,0	0,0	0,0	0,0
50017	Alfajarín	2015	Secano	42,0	40,0	0,0	0,0	0,0	0,0	0,0	0,0	0,0	0,0	0,0	0,0	40,0	0,0	0,0	0,0	0,0	0,0	0,0	0,0	0,0	2,0	2,0	0,0	0,0
50018	Alfamén	2015	Regadío	1987,0	857,0	82,0	108,0	0,0	29,0	210,0	268,0	4,0	0,0	0,0	0,0	76,0	1,0	0,0	76,0	3,0	974,0	5,0	969,0	0,0	137,0	137,0	0,0	19,0
50018	Alfamén	2015	Secano	690,0	96,0	2,0	0,0	0,0	3,0	17,0	8,0	0,0	0,0	0,0	0,0	66,0	0,0	0,0	0,0	0,0	578,0	1,0	577,0	0,0	16,0	16,0	0,0	0,0
50019	Alforque	2015	Regadío	0,0	0,0	0,0	0,0	0,0	0,0	0,0	0,0	0,0	0,0	0,0	0,0	0,0	0,0	0,0	0,0	0,0	0,0	0,0	0,0	0,0	0,0	0,0	0,0	0,0
50019	Alforque	2015	Secano	3,0	0,0	0,0	0,0	0,0	0,0	0,0	0,0	0,0	0,0	0,0	0,0	0,0	0,0	0,0	0,0	0,0	3,0	0,0	3,0	0,0	0,0	0,0	0,0	0,0
50020	Alhama de Aragón	2015	Regadío	13,0	3,0	0,0	3,0	0,0	0,0	0,0	0,0	0,0	0,0	0,0	0,0	0,0	0,0	0,0	0,0	0,0	10,0	0,0	10,0	0,0	0,0	0,0	0,0	0,0
50020	Alhama de Aragón	2015	Secano	81,0	38,0	0,0	0,0	0,0	0,0	0,0	0,0	0,0	0,0	0,0	0,0	38,0	0,0	0,0	0,0	0,0	42,0	0,0	42,0	0,0	1,0	1,0	0,0	0,0
50021	Almochuel	2015	Regadío	12,0	0,0	0,0	0,0	0,0	0,0	0,0	0,0	0,0	0,0	0,0	0,0	0,0	0,0	0,0	0,0	0,0	0,0	0,0	0,0	0,0	12,0	12,0	0,0	0,0
50021	Almochuel	2015	Secano	1,0	1,0	0,0	0,0	0,0	0,0	0,0	0,0	0,0	0,0	0,0	0,0	1,0	0,0	0,0	0,0	0,0	0,0	0,0	0,0	0,0	0,0	0,0	0,0	0,0
50022	Almolda (La)	2015	Regadío	0,0	0,0	0,0	0,0	0,0	0,0	0,0	0,0	0,0	0,0	0,0	0,0	0,0	0,0	0,0	0,0	0,0	0,0	0,0	0,0	0,0	0,0	0,0	0,0	0,0
50022	Almolda (La)	2015	Secano	90,0	4,0	0,0	0,0	0,0	0,0	0,0	0,0	0,0	0,0	0,0	0,0	3,0	0,0	0,0	0,0	1,0	32,0	0,0	32,0	0,0	54,0	54,0	0,0	0,0
50023	Almonacid de la Cuba	2015	Regadío	128,0	35,0	4,0	24,0	0,0	0,0	0,0	0,0	1,0	0,0	0,0	0,0	6,0	0,0	0,0	0,0	0,0	36,0	0,0	36,0	0,0	57,0	57,0	0,0	0,0
50023	Almonacid de la Cuba	2015	Secano	172,0	124,0	0,0	0,0	0,0	0,0	1,0	0,0	0,0	0,0	0,0	0,0	123,0	0,0	0,0	0,0	0,0	45,0	0,0	45,0	0,0	3,0	3,0	0,0	0,0
50024	Almonacid de la Sierra	2015	Regadío	942,0	496,0	128,0	61,0	0,0	51,0	113,0	65,0	11,0	0,0	0,0	0,0	22,0	0,0	0,0	45,0	0,0	407,0	0,0	407,0	0,0	39,0	39,0	0,0	0,0
50024	Almonacid de la Sierra	2015	Secano	1130,0	367,0	0,0	0,0	0,0	0,0	3,0	5,0	0,0	0,0	0,0	0,0	359,0	0,0	0,0	0,0	0,0	664,0	0,0	664,0	0,0	99,0	99,0	0,0	0,0
50025	Almunia de Doña Godina (La)	2015	Regadío	1858,0	1574,0	222,0	179,0	0,0	104,0	251,0	452,0	47,0	0,0	0,0	0,0	89,0	2,0	0,0	222,0	6,0	24,0	0,0	24,0	0,0	255,0	255,0	0,0	5,0
50025	Almunia de Doña Godina (La)	2015	Secano	355,0	219,0	4,0	0,0	0,0	27,0	77,0	40,0	2,0	0,0	0,0	0,0	55,0	0,0	0,0	14,0	0,0	55,0	0,0	55,0	0,0	81,0	81,0	0,0	0,0
50026	Alpartir	2015	Regadío	18,0	11,0	0,0	0,0	0,0	0,0	9,0	0,0	0,0	0,0	0,0	0,0	2,0	0,0	0,0	0,0	0,0	0,0	0,0	0,0	0,0	7,0	7,0	0,0	0,0
50026	Alpartir	2015	Secano	606,0	361,0	0,0	0,0	0,0	0,0	18,0	0,0	0,0	0,0	0,0	0,0	342,0	1,0	0,0	0,0	0,0	40,0	0,0	40,0	0,0	205,0	205,0	0,0	0,0
50027	Ambel	2015	Regadío	185,0	43,0	0,0	0,0	0,0	0,0	0,0	0,0	0,0	0,0	0,0	0,0	43,0	0,0	0,0	0,0	0,0	21,0	0,0	21,0	0,0	121,0	121,0	0,0	0,0
50027	Ambel	2015	Secano	308,0	202,0	0,0	0,0	0,0	0,0	0,0	0,0	0,0	0,0	0,0	0,0	202,0	0,0	0,0	0,0	0,0	97,0	0,0	97,0	0,0	9,0	9,0	0,0	0,0
50028	Anento	2015	Regadío	0,0	0,0	0,0	0,0	0,0	0,0	0,0	0,0	0,0	0,0	0,0	0,0	0,0	0,0	0,0	0,0	0,0	0,0	0,0	0,0	0,0	0,0	0,0	0,0	0,0
50028	Anento	2015	Secano	30,0	27,0	0,0	0,0	0,0	0,0	0,0	0,0	0,0	0,0	0,0	0,0	27,0	0,0	0,0	0,0	0,0	3,0	0,0	3,0	0,0	0,0	0,0	0,0	0,0
50029	Aniñón	2015	Regadío	310,0	235,0	7,0	2,0	0,0	0,0	111,0	95,0	11,0	0,0	0,0	0,0	9,0	0,0	0,0	0,0	0,0	38,0	0,0	38,0	0,0	37,0	37,0	0,0	0,0
50029	Aniñón	2015	Secano	1341,0	1078,0	0,0	2,0	0,0	0,0	347,0	20,0	5,0	0,0	0,0	0,0	704,0	0,0	0,0	0,0	0,0	111,0	0,0	111,0	0,0	152,0	152,0	0,0	0,0
50030	Añón de Moncayo	2015	Regadío	5,0	5,0	0,0	0,0	0,0	0,0	0,0	0,0	0,0	0,0	0,0	0,0	4,0	1,0	0,0	0,0	0,0	0,0	0,0	0,0	0,0	0,0	0,0	0,0	0,0
50030	Añón de Moncayo	2015	Secano	19,0	18,0	0,0	0,0	0,0	0,0	0,0	0,0	0,0	0,0	0,0	0,0	18,0	0,0	0,0	0,0	0,0	1,0	0,0	1,0	0,0	0,0	0,0	0,0	0,0
50031	Aranda de Moncayo	2015	Regadío	12,0	11,0	1,0	0,0	0,0	0,0	6,0	0,0	1,0	0,0	0,0	0,0	1,0	2,0	0,0	0,0	0,0	0,0	0,0	0,0	0,0	1,0	1,0	0,0	0,0
50031	Aranda de Moncayo	2015	Secano	71,0	56,0	0,0	0,0	0,0	0,0	6,0	0,0	0,0	0,0	0,0	0,0	50,0	0,0	0,0	0,0	0,0	13,0	0,0	13,0	0,0	2,0	2,0	0,0	0,0
50032	Arándiga	2015	Regadío	111,0	78,0	26,0	10,0	0,0	7,0	17,0	9,0	5,0	0,0	0,0	0,0	3,0	0,0	0,0	1,0	0,0	1,0	0,0	1,0	0,0	32,0	32,0	0,0	0,0
50032	Arándiga	2015	Secano	212,0	143,0	0,0	0,0	0,0	2,0	4,0	1,0	0,0	0,0	0,0	0,0	136,0	0,0	0,0	0,0	0,0	12,0	0,0	12,0	0,0	57,0	57,0	0,0	0,0
50033	Ardisa	2015	Regadío	9,0	5,0	0,0	0,0	0,0	0,0	3,0	0,0	0,0	0,0	0,0	0,0	1,0	1,0	0,0	0,0	0,0	1,0	0,0	1,0	0,0	3,0	3,0	0,0	0,0
50033	Ardisa	2015	Secano	49,0	43,0	0,0	0,0	0,0	0,0	0,0	0,0	0,0	0,0	0,0	0,0	43,0	0,0	0,0	0,0	0,0	0,0	0,0	0,0	0,0	2,0	2,0	0,0	4,0
50034	Ariza	2015	Regadío	2,0	2,0	0,0	0,0	0,0	0,0	0,0	0,0	0,0	0,0	0,0	0,0	2,0	0,0	0,0	0,0	0,0	0,0	0,0	0,0	0,0	0,0	0,0	0,0	0,0
50034	Ariza	2015	Secano	24,0	5,0	0,0	0,0	0,0	0,0	0,0	0,0	0,0	0,0	0,0	0,0	5,0	0,0	0,0	0,0	0,0	19,0	0,0	19,0	0,0	0,0	0,0	0,0	0,0
50035	Artieda	2015	Regadío											0,0														
50035	Artieda	2015	Secano											0,0														
50036	Asín	2015	Regadío	0,0	0,0	0,0	0,0	0,0	0,0	0,0	0,0	0,0	0,0	0,0	0,0	0,0	0,0	0,0	0,0	0,0	0,0	0,0	0,0	0,0	0,0	0,0	0,0	0,0
50036	Asín	2015	Secano	13,0	7,0	0,0	0,0	0,0	0,0	0,0	0,0	0,0	0,0	0,0	0,0	5,0	0,0	0,0	0,0	2,0	6,0	0,0	6,0	0,0	0,0	0,0	0,0	0,0
50037	Atea	2015	Regadío	2,0	2,0	0,0	0,0	0,0	0,0	2,0	0,0	0,0	0,0	0,0	0,0	0,0	0,0	0,0	0,0	0,0	0,0	0,0	0,0	0,0	0,0	0,0	0,0	0,0
50037	Atea	2015	Secano	480,0	256,0	0,0	1,0	0,0	0,0	39,0	0,0	0,0	0,0	0,0	0,0	212,0	0,0	0,0	0,0	4,0	224,0	0,0	224,0	0,0	0,0	0,0	0,0	0,0
50038	Ateca	2015	Regadío	134,0	125,0	38,0	41,0	0,0	0,0	34,0	8,0	4,0	0,0	0,0	0,0	0,0	0,0	0,0	0,0	0,0	9,0	0,0	9,0	0,0	0,0	0,0	0,0	0,0
50038	Ateca	2015	Secano	256,0	152,0	10,0	1,0	0,0	0,0	46,0	18,0	1,0	0,0	0,0	0,0	76,0	0,0	0,0	0,0	0,0	103,0	0,0	103,0	0,0	1,0	1,0	0,0	0,0
50039	Azuara	2015	Regadío	29,0	20,0	0,0	1,0	0,0	0,0	0,0	0,0	0,0	0,0	0,0	0,0	19,0	0,0	0,0	0,0	0,0	0,0	0,0	0,0	0,0	9,0	9,0	0,0	0,0
50039	Azuara	2015	Secano	279,0	249,0	0,0	0,0	0,0	0,0	0,0	0,0	0,0	0,0	0,0	0,0	249,0	0,0	0,0	0,0	0,0	25,0	0,0	25,0	0,0	5,0	5,0	0,0	0,0
50040	Badules	2015	Regadío											0,0														
50040	Badules	2015	Secano											0,0														
50041	Bagüés	2015	Regadío											0,0														
50041	Bagüés	2015	Secano											0,0														
50042	Balconchán	2015	Regadío	0,0	0,0	0,0	0,0	0,0	0,0	0,0	0,0	0,0	0,0	0,0	0,0	0,0	0,0	0,0	0,0	0,0	0,0	0,0	0,0	0,0	0,0	0,0	0,0	0,0
50042	Balconchán	2015	Secano	38,0	25,0	0,0	0,0	0,0	0,0	0,0	0,0	0,0	0,0	0,0	0,0	25,0	0,0	0,0	0,0	0,0	13,0	0,0	13,0	0,0	0,0	0,0	0,0	0,0
50043	Bárboles	2015	Regadío	195,0	73,0	41,0	0,0	0,0	0,0	0,0	7,0	0,0	0,0	0,0	0,0	20,0	0,0	0,0	5,0	0,0	0,0	0,0	0,0	0,0	122,0	122,0	0,0	0,0
50043	Bárboles	2015	Secano	49,0	6,0	0,0	0,0	0,0	0,0	0,0	0,0	0,0	0,0	0,0	0,0	6,0	0,0	0,0	0,0	0,0	5,0	0,0	5,0	0,0	38,0	38,0	0,0	0,0
50044	Bardallur	2015	Regadío	40,0	32,0	18,0	7,0	0,0	0,0	0,0	5,0	0,0	0,0	0,0	0,0	1,0	0,0	0,0	1,0	0,0	1,0	0,0	1,0	0,0	7,0	7,0	0,0	0,0
50044	Bardallur	2015	Secano	81,0	15,0	0,0	0,0	0,0	0,0	0,0	0,0	0,0	0,0	0,0	0,0	15,0	0,0	0,0	0,0	0,0	18,0	0,0	18,0	0,0	48,0	48,0	0,0	0,0
50045	Belchite	2015	Regadío	1581,0	422,0	1,0	0,0	0,0	0,0	0,0	0,0	0,0	0,0	0,0	0,0	420,0	1,0	0,0	0,0	0,0	74,0	0,0	74,0	0,0	1085,0	1085,0	0,0	0,0
50045	Belchite	2015	Secano	287,0	215,0	0,0	0,0	0,0	0,0	0,0	0,0	0,0	0,0	0,0	0,0	215,0	0,0	0,0	0,0	0,0	21,0	0,0	21,0	0,0	51,0	51,0	0,0	0,0
50046	Belmonte de Gracián	2015	Regadío	79,0	45,0	3,0	7,0	0,0	0,0	11,0	5,0	10,0	0,0	0,0	0,0	9,0	0,0	0,0	0,0	0,0	34,0	0,0	34,0	0,0	0,0	0,0	0,0	0,0
50046	Belmonte de Gracián	2015	Secano	515,0	368,0	0,0	0,0	0,0	0,0	46,0	2,0	5,0	0,0	0,0	0,0	315,0	0,0	0,0	0,0	0,0	135,0	0,0	135,0	0,0	12,0	12,0	0,0	0,0
50047	Berdejo	2015	Regadío											0,0														
50047	Berdejo	2015	Secano											0,0														
50048	Berrueco	2015	Regadío											0,0														
50048	Berrueco	2015	Secano											0,0														
50050	Bijuesca	2015	Regadío	4,0	4,0	4,0	0,0	0,0	0,0	0,0	0,0	0,0	0,0	0,0	0,0	0,0	0,0	0,0	0,0	0,0	0,0	0,0	0,0	0,0	0,0	0,0	0,0	0,0
50050	Bijuesca	2015	Secano	26,0	26,0	1,0	0,0	0,0	0,0	3,0	0,0	0,0	0,0	0,0	0,0	22,0	0,0	0,0	0,0	0,0	0,0	0,0	0,0	0,0	0,0	0,0	0,0	0,0
50051	Biota	2015	Regadío	97,0	92,0	0,0	0,0	0,0	0,0	0,0	0,0	0,0	0,0	0,0	0,0	92,0	0,0	0,0	0,0	0,0	3,0	0,0	3,0	0,0	2,0	2,0	0,0	0,0
50051	Biota	2015	Secano	90,0	41,0	0,0	0,0	0,0	0,0	0,0	0,0	0,0	0,0	0,0	0,0	41,0	0,0	0,0	0,0	0,0	34,0	0,0	34,0	0,0	15,0	15,0	0,0	0,0
50052	Bisimbre	2015	Regadío	63,0	9,0	0,0	0,0	0,0	0,0	0,0	0,0	0,0	0,0	0,0	0,0	9,0	0,0	0,0	0,0	0,0	51,0	0,0	51,0	0,0	3,0	3,0	0,0	0,0
50052	Bisimbre	2015	Secano	33,0	14,0	0,0	0,0	0,0	0,0	0,0	0,0	0,0	0,0	0,0	0,0	14,0	0,0	0,0	0,0	0,0	18,0	0,0	18,0	0,0	1,0	1,0	0,0	0,0
50053	Boquiñeni	2015	Regadío	18,0	17,0	3,0	5,0	0,0	3,0	3,0	1,0	1,0	0,0	0,0	0,0	0,0	0,0	0,0	0,0	1,0	0,0	0,0	0,0	0,0	1,0	1,0	0,0	0,0
50053	Boquiñeni	2015	Secano	0,0	0,0	0,0	0,0	0,0	0,0	0,0	0,0	0,0	0,0	0,0	0,0	0,0	0,0	0,0	0,0	0,0	0,0	0,0	0,0	0,0	0,0	0,0	0,0	0,0
50054	Bordalba	2015	Regadío	0,0	0,0	0,0	0,0	0,0	0,0	0,0	0,0	0,0	0,0	0,0	0,0	0,0	0,0	0,0	0,0	0,0	0,0	0,0	0,0	0,0	0,0	0,0	0,0	0,0
50054	Bordalba	2015	Secano	5,0	0,0	0,0	0,0	0,0	0,0	0,0	0,0	0,0	0,0	0,0	0,0	0,0	0,0	0,0	0,0	0,0	5,0	0,0	5,0	0,0	0,0	0,0	0,0	0,0
50055	Borja	2015	Regadío	1145,0	264,0	1,0	0,0	0,0	0,0	0,0	0,0	0,0	0,0	0,0	0,0	250,0	12,0	0,0	0,0	1,0	604,0	0,0	604,0	0,0	276,0	276,0	0,0	1,0
50055	Borja	2015	Secano	1171,0	597,0	0,0	0,0	0,0	0,0	0,0	0,0	0,0	0,0	0,0	0,0	595,0	0,0	0,0	0,0	2,0	534,0	0,0	534,0	0,0	40,0	40,0	0,0	0,0
50056	Botorrita	2015	Regadío	9,0	2,0	0,0	0,0	0,0	1,0	0,0	0,0	0,0	0,0	0,0	0,0	1,0	0,0	0,0	0,0	0,0	3,0	1,0	2,0	0,0	4,0	4,0	0,0	0,0
50056	Botorrita	2015	Secano	17,0	1,0	0,0	0,0	0,0	0,0	0,0	0,0	0,0	0,0	0,0	0,0	1,0	0,0	0,0	0,0	0,0	14,0	0,0	14,0	0,0	2,0	2,0	0,0	0,0
50057	Brea de Aragón	2015	Regadío	3,0	2,0	0,0	0,0	0,0	0,0	2,0	0,0	0,0	0,0	0,0	0,0	0,0	0,0	0,0	0,0	0,0	0,0	0,0	0,0	0,0	1,0	1,0	0,0	0,0
50057	Brea de Aragón	2015	Secano	79,0	56,0	0,0	0,0	0,0	0,0	11,0	0,0	0,0	0,0	0,0	0,0	45,0	0,0	0,0	0,0	0,0	14,0	0,0	14,0	0,0	9,0	9,0	0,0	0,0
50058	Bubierca	2015	Regadío	8,0	7,0	2,0	2,0	0,0	0,0	2,0	1,0	0,0	0,0	0,0	0,0	0,0	0,0	0,0	0,0	0,0	1,0	0,0	1,0	0,0	0,0	0,0	0,0	0,0
50058	Bubierca	2015	Secano	12,0	0,0	0,0	0,0	0,0	0,0	0,0	0,0	0,0	0,0	0,0	0,0	0,0	0,0	0,0	0,0	0,0	12,0	0,0	12,0	0,0	0,0	0,0	0,0	0,0
50059	Bujaraloz	2015	Regadío	3,0	0,0	0,0	0,0	0,0	0,0	0,0	0,0	0,0	0,0	0,0	0,0	0,0	0,0	0,0	0,0	0,0	0,0	0,0	0,0	0,0	3,0	3,0	0,0	0,0
50059	Bujaraloz	2015	Secano	1,0	0,0	0,0	0,0	0,0	0,0	0,0	0,0	0,0	0,0	0,0	0,0	0,0	0,0	0,0	0,0	0,0	0,0	0,0	0,0	0,0	1,0	1,0	0,0	0,0
50060	Bulbuente	2015	Regadío	200,0	61,0	0,0	0,0	0,0	0,0	0,0	0,0	0,0	0,0	0,0	0,0	60,0	1,0	0,0	0,0	0,0	54,0	0,0	54,0	0,0	85,0	85,0	0,0	0,0
50060	Bulbuente	2015	Secano	507,0	463,0	0,0	0,0	0,0	0,0	0,0	0,0	0,0	0,0	0,0	0,0	463,0	0,0	0,0	0,0	0,0	43,0	0,0	43,0	0,0	1,0	1,0	0,0	0,0
50061	Bureta	2015	Regadío	134,0	11,0	0,0	0,0	0,0	0,0	0,0	0,0	0,0	0,0	0,0	0,0	11,0	0,0	0,0	0,0	0,0	83,0	0,0	83,0	0,0	40,0	40,0	0,0	0,0
50061	Bureta	2015	Secano	200,0	105,0	0,0	0,0	0,0	0,0	0,0	0,0	0,0	0,0	0,0	0,0	105,0	0,0	0,0	0,0	0,0	95,0	0,0	95,0	0,0	0,0	0,0	0,0	0,0
50062	Burgo de Ebro (El)	2015	Regadío	16,0	13,0	0,0	0,0	0,0	12,0	0,0	1,0	0,0	0,0	0,0	0,0	0,0	0,0	0,0	0,0	0,0	0,0	0,0	0,0	0,0	3,0	3,0	0,0	0,0
50062	Burgo de Ebro (El)	2015	Secano	0,0	0,0	0,0	0,0	0,0	0,0	0,0	0,0	0,0	0,0	0,0	0,0	0,0	0,0	0,0	0,0	0,0	0,0	0,0	0,0	0,0	0,0	0,0	0,0	0,0
50063	Buste (El)	2015	Regadío	4,0	4,0	0,0	0,0	0,0	0,0	0,0	0,0	0,0	0,0	0,0	0,0	4,0	0,0	0,0	0,0	0,0	0,0	0,0	0,0	0,0	0,0	0,0	0,0	0,0
50063	Buste (El)	2015	Secano	139,0	63,0	0,0	0,0	0,0	0,0	0,0	0,0	0,0	0,0	0,0	0,0	63,0	0,0	0,0	0,0	0,0	12,0	0,0	12,0	0,0	64,0	64,0	0,0	0,0
50064	Cabañas de Ebro	2015	Regadío	1,0	0,0	0,0	0,0	0,0	0,0	0,0	0,0	0,0	0,0	0,0	0,0	0,0	0,0	0,0	0,0	0,0	0,0	0,0	0,0	0,0	1,0	1,0	0,0	0,0
50064	Cabañas de Ebro	2015	Secano	2,0	0,0	0,0	0,0	0,0	0,0	0,0	0,0	0,0	0,0	0,0	0,0	0,0	0,0	0,0	0,0	0,0	0,0	0,0	0,0	0,0	0,0	0,0	0,0	2,0
50065	Cabolafuente	2015	Regadío	0,0	0,0	0,0	0,0	0,0	0,0	0,0	0,0	0,0	0,0	0,0	0,0	0,0	0,0	0,0	0,0	0,0	0,0	0,0	0,0	0,0	0,0	0,0	0,0	0,0
50065	Cabolafuente	2015	Secano	39,0	22,0	0,0	0,0	0,0	0,0	0,0	0,0	0,0	0,0	0,0	0,0	21,0	1,0	0,0	0,0	0,0	17,0	0,0	17,0	0,0	0,0	0,0	0,0	0,0
50066	Cadrete	2015	Regadío	7,0	0,0	0,0	0,0	0,0	0,0	0,0	0,0	0,0	0,0	0,0	0,0	0,0	0,0	0,0	0,0	0,0	7,0	5,0	2,0	0,0	0,0	0,0	0,0	0,0
50066	Cadrete	2015	Secano	1,0	0,0	0,0	0,0	0,0	0,0	0,0	0,0	0,0	0,0	0,0	0,0	0,0	0,0	0,0	0,0	0,0	1,0	0,0	1,0	0,0	0,0	0,0	0,0	0,0
50067	Calatayud	2015	Regadío	627,0	544,0	153,0	202,0	0,0	11,0	88,0	32,0	52,0	0,0	0,0	0,0	6,0	0,0	0,0	0,0	0,0	20,0	0,0	20,0	0,0	34,0	34,0	0,0	29,0
50067	Calatayud	2015	Secano	209,0	127,0	0,0	3,0	0,0	0,0	22,0	2,0	2,0	0,0	0,0	0,0	92,0	0,0	0,0	0,0	6,0	74,0	0,0	74,0	0,0	4,0	4,0	0,0	4,0
50068	Calatorao	2015	Regadío	1018,0	987,0	274,0	83,0	0,0	57,0	120,0	350,0	11,0	0,0	0,0	0,0	10,0	0,0	0,0	82,0	0,0	20,0	0,0	20,0	0,0	9,0	9,0	0,0	2,0
50068	Calatorao	2015	Secano	176,0	61,0	1,0	0,0	0,0	6,0	7,0	5,0	0,0	0,0	0,0	0,0	37,0	0,0	0,0	2,0	3,0	86,0	0,0	86,0	0,0	29,0	29,0	0,0	0,0
50069	Calcena	2015	Regadío											0,0														
50069	Calcena	2015	Secano											0,0														
50070	Calmarza	2015	Regadío	0,0	0,0	0,0	0,0	0,0	0,0	0,0	0,0	0,0	0,0	0,0	0,0	0,0	0,0	0,0	0,0	0,0	0,0	0,0	0,0	0,0	0,0	0,0	0,0	0,0
50070	Calmarza	2015	Secano	10,0	10,0	0,0	0,0	0,0	0,0	0,0	0,0	0,0	0,0	0,0	0,0	10,0	0,0	0,0	0,0	0,0	0,0	0,0	0,0	0,0	0,0	0,0	0,0	0,0
50071	Campillo de Aragón	2015	Regadío	0,0	0,0	0,0	0,0	0,0	0,0	0,0	0,0	0,0	0,0	0,0	0,0	0,0	0,0	0,0	0,0	0,0	0,0	0,0	0,0	0,0	0,0	0,0	0,0	0,0
50071	Campillo de Aragón	2015	Secano	12,0	12,0	0,0	0,0	0,0	0,0	11,0	0,0	0,0	0,0	0,0	0,0	1,0	0,0	0,0	0,0	0,0	0,0	0,0	0,0	0,0	0,0	0,0	0,0	0,0
50072	Carenas	2015	Regadío	2,0	2,0	0,0	1,0	0,0	0,0	0,0	0,0	1,0	0,0	0,0	0,0	0,0	0,0	0,0	0,0	0,0	0,0	0,0	0,0	0,0	0,0	0,0	0,0	0,0
50072	Carenas	2015	Secano	39,0	33,0	0,0	0,0	0,0	0,0	1,0	0,0	0,0	0,0	0,0	0,0	32,0	0,0	0,0	0,0	0,0	4,0	0,0	4,0	0,0	2,0	2,0	0,0	0,0
50073	Cariñena	2015	Regadío	1911,0	240,0	90,0	43,0	0,0	10,0	18,0	38,0	26,0	0,0	0,0	0,0	3,0	0,0	0,0	12,0	0,0	1652,0	0,0	1652,0	0,0	19,0	19,0	0,0	0,0
50073	Cariñena	2015	Secano	2949,0	75,0	3,0	0,0	0,0	0,0	0,0	0,0	0,0	0,0	0,0	0,0	72,0	0,0	0,0	0,0	0,0	2851,0	0,0	2851,0	0,0	21,0	21,0	0,0	2,0
50074	Caspe	2015	Regadío	3984,0	3222,0	16,0	85,0	0,0	320,0	584,0	837,0	99,0	6,0	0,0	0,0	585,0	1,0	0,0	681,0	8,0	46,0	31,0	15,0	0,0	698,0	698,0	0,0	18,0
50074	Caspe	2015	Secano	1209,0	700,0	0,0	1,0	0,0	6,0	28,0	19,0	0,0	0,0	0,0	0,0	635,0	0,0	0,0	11,0	0,0	56,0	0,0	56,0	0,0	449,0	449,0	0,0	4,0
50075	Castejón de Alarba	2015	Regadío	12,0	12,0	0,0	0,0	0,0	0,0	12,0	0,0	0,0	0,0	0,0	0,0	0,0	0,0	0,0	0,0	0,0	0,0	0,0	0,0	0,0	0,0	0,0	0,0	0,0
50075	Castejón de Alarba	2015	Secano	341,0	253,0	0,0	0,0	0,0	0,0	55,0	1,0	2,0	0,0	0,0	0,0	195,0	0,0	0,0	0,0	0,0	88,0	0,0	88,0	0,0	0,0	0,0	0,0	0,0
50076	Castejón de las Armas	2015	Regadío	1,0	1,0	0,0	0,0	0,0	0,0	0,0	0,0	1,0	0,0	0,0	0,0	0,0	0,0	0,0	0,0	0,0	0,0	0,0	0,0	0,0	0,0	0,0	0,0	0,0
50076	Castejón de las Armas	2015	Secano	21,0	9,0	0,0	0,0	0,0	0,0	3,0	0,0	0,0	0,0	0,0	0,0	6,0	0,0	0,0	0,0	0,0	12,0	0,0	12,0	0,0	0,0	0,0	0,0	0,0
50077	Castejón de Valdejasa	2015	Regadío	34,0	2,0	0,0	0,0	0,0	0,0	0,0	0,0	0,0	0,0	0,0	0,0	2,0	0,0	0,0	0,0	0,0	0,0	0,0	0,0	0,0	32,0	32,0	0,0	0,0
50077	Castejón de Valdejasa	2015	Secano	114,0	38,0	0,0	0,0	0,0	0,0	0,0	0,0	0,0	0,0	0,0	0,0	38,0	0,0	0,0	0,0	0,0	42,0	0,0	42,0	0,0	34,0	34,0	0,0	0,0
50078	Castiliscar	2015	Regadío	1,0	0,0	0,0	0,0	0,0	0,0	0,0	0,0	0,0	0,0	0,0	0,0	0,0	0,0	0,0	0,0	0,0	0,0	0,0	0,0	0,0	1,0	1,0	0,0	0,0
50078	Castiliscar	2015	Secano	13,0	7,0	0,0	0,0	0,0	0,0	0,0	0,0	0,0	0,0	0,0	0,0	7,0	0,0	0,0	0,0	0,0	1,0	0,0	1,0	0,0	5,0	5,0	0,0	0,0
50079	Cervera de la Cañada	2015	Regadío	61,0	13,0	3,0	2,0	0,0	0,0	1,0	2,0	1,0	0,0	0,0	0,0	4,0	0,0	0,0	0,0	0,0	48,0	4,0	44,0	0,0	0,0	0,0	0,0	0,0
50079	Cervera de la Cañada	2015	Secano	730,0	117,0	0,0	0,0	0,0	0,0	27,0	0,0	1,0	0,0	0,0	0,0	89,0	0,0	0,0	0,0	0,0	591,0	2,0	589,0	0,0	22,0	22,0	0,0	0,0
50080	Cerveruela	2015	Regadío	0,0	0,0	0,0	0,0	0,0	0,0	0,0	0,0	0,0	0,0	0,0	0,0	0,0	0,0	0,0	0,0	0,0	0,0	0,0	0,0	0,0	0,0	0,0	0,0	0,0
50080	Cerveruela	2015	Secano	8,0	0,0	0,0	0,0	0,0	0,0	0,0	0,0	0,0	0,0	0,0	0,0	0,0	0,0	0,0	0,0	0,0	8,0	0,0	8,0	0,0	0,0	0,0	0,0	0,0
50081	Cetina	2015	Regadío	0,0	0,0	0,0	0,0	0,0	0,0	0,0	0,0	0,0	0,0	0,0	0,0	0,0	0,0	0,0	0,0	0,0	0,0	0,0	0,0	0,0	0,0	0,0	0,0	0,0
50081	Cetina	2015	Secano	48,0	28,0	0,0	0,0	0,0	0,0	0,0	0,0	0,0	0,0	0,0	0,0	28,0	0,0	0,0	0,0	0,0	20,0	0,0	20,0	0,0	0,0	0,0	0,0	0,0
50082	Cimballa	2015	Regadío	0,0	0,0	0,0	0,0	0,0	0,0	0,0	0,0	0,0	0,0	0,0	0,0	0,0	0,0	0,0	0,0	0,0	0,0	0,0	0,0	0,0	0,0	0,0	0,0	0,0
50082	Cimballa	2015	Secano	12,0	4,0	0,0	0,0	0,0	0,0	2,0	0,0	0,0	0,0	0,0	0,0	1,0	1,0	0,0	0,0	0,0	8,0	0,0	8,0	0,0	0,0	0,0	0,0	0,0
50083	Cinco Olivas	2015	Regadío	1,0	1,0	0,0	0,0	0,0	0,0	0,0	1,0	0,0	0,0	0,0	0,0	0,0	0,0	0,0	0,0	0,0	0,0	0,0	0,0	0,0	0,0	0,0	0,0	0,0
50083	Cinco Olivas	2015	Secano	0,0	0,0	0,0	0,0	0,0	0,0	0,0	0,0	0,0	0,0	0,0	0,0	0,0	0,0	0,0	0,0	0,0	0,0	0,0	0,0	0,0	0,0	0,0	0,0	0,0
50084	Clarés de Ribota	2015	Regadío	1,0	1,0	0,0	0,0	0,0	0,0	1,0	0,0	0,0	0,0	0,0	0,0	0,0	0,0	0,0	0,0	0,0	0,0	0,0	0,0	0,0	0,0	0,0	0,0	0,0
50084	Clarés de Ribota	2015	Secano	88,0	68,0	0,0	0,0	0,0	0,0	16,0	0,0	0,0	0,0	0,0	0,0	52,0	0,0	0,0	0,0	0,0	20,0	0,0	20,0	0,0	0,0	0,0	0,0	0,0
50085	Codo	2015	Regadío	42,0	25,0	0,0	0,0	0,0	0,0	0,0	0,0	0,0	0,0	0,0	0,0	25,0	0,0	0,0	0,0	0,0	0,0	0,0	0,0	0,0	17,0	17,0	0,0	0,0
50085	Codo	2015	Secano	15,0	11,0	0,0	0,0	0,0	0,0	0,0	0,0	0,0	0,0	0,0	0,0	11,0	0,0	0,0	0,0	0,0	0,0	0,0	0,0	0,0	4,0	4,0	0,0	0,0
50086	Codos	2015	Regadío	91,0	84,0	0,0	1,0	0,0	0,0	73,0	5,0	4,0	0,0	0,0	0,0	1,0	0,0	0,0	0,0	0,0	0,0	0,0	0,0	0,0	7,0	7,0	0,0	0,0
50086	Codos	2015	Secano	205,0	134,0	0,0	1,0	0,0	0,0	99,0	0,0	2,0	0,0	0,0	0,0	32,0	0,0	0,0	0,0	0,0	56,0	0,0	56,0	0,0	15,0	15,0	0,0	0,0
50087	Contamina	2015	Regadío	0,0	0,0	0,0	0,0	0,0	0,0	0,0	0,0	0,0	0,0	0,0	0,0	0,0	0,0	0,0	0,0	0,0	0,0	0,0	0,0	0,0	0,0	0,0	0,0	0,0
50087	Contamina	2015	Secano	5,0	1,0	0,0	0,0	0,0	0,0	0,0	0,0	0,0	0,0	0,0	0,0	1,0	0,0	0,0	0,0	0,0	4,0	0,0	4,0	0,0	0,0	0,0	0,0	0,0
50088	Cosuenda	2015	Regadío	177,0	4,0	0,0	0,0	0,0	0,0	2,0	0,0	0,0	0,0	0,0	0,0	2,0	0,0	0,0	0,0	0,0	160,0	0,0	160,0	0,0	13,0	13,0	0,0	0,0
50088	Cosuenda	2015	Secano	725,0	188,0	0,0	0,0	0,0	0,0	12,0	0,0	0,0	0,0	0,0	0,0	176,0	0,0	0,0	0,0	0,0	448,0	0,0	448,0	0,0	89,0	89,0	0,0	0,0
50089	Cuarte de Huerva	2015	Regadío	12,0	2,0	0,0	2,0	0,0	0,0	0,0	0,0	0,0	0,0	0,0	0,0	0,0	0,0	0,0	0,0	0,0	10,0	2,0	8,0	0,0	0,0	0,0	0,0	0,0
50089	Cuarte de Huerva	2015	Secano	9,0	0,0	0,0	0,0	0,0	0,0	0,0	0,0	0,0	0,0	0,0	0,0	0,0	0,0	0,0	0,0	0,0	9,0	0,0	9,0	0,0	0,0	0,0	0,0	0,0
50090	Cubel	2015	Regadío											0,0														
50090	Cubel	2015	Secano											0,0														
50091	Cuerlas (Las)	2015	Regadío											0,0														
50091	Cuerlas (Las)	2015	Secano											0,0														
50092	Chiprana	2015	Regadío	466,0	383,0	0,0	2,0	0,0	11,0	10,0	124,0	1,0	0,0	0,0	0,0	156,0	0,0	0,0	79,0	0,0	0,0	0,0	0,0	0,0	81,0	81,0	0,0	2,0
50092	Chiprana	2015	Secano	25,0	3,0	0,0	0,0	0,0	0,0	0,0	2,0	0,0	0,0	0,0	0,0	1,0	0,0	0,0	0,0	0,0	0,0	0,0	0,0	0,0	22,0	22,0	0,0	0,0
50093	Chodes	2015	Regadío	39,0	34,0	20,0	8,0	0,0	0,0	0,0	3,0	3,0	0,0	0,0	0,0	0,0	0,0	0,0	0,0	0,0	0,0	0,0	0,0	0,0	5,0	5,0	0,0	0,0
50093	Chodes	2015	Secano	44,0	8,0	0,0	0,0	0,0	0,0	1,0	0,0	0,0	0,0	0,0	0,0	7,0	0,0	0,0	0,0	0,0	5,0	0,0	5,0	0,0	31,0	31,0	0,0	0,0
50094	Daroca	2015	Regadío	12,0	8,0	0,0	0,0	0,0	0,0	1,0	0,0	0,0	0,0	0,0	0,0	0,0	7,0	0,0	0,0	0,0	4,0	0,0	4,0	0,0	0,0	0,0	0,0	0,0
50094	Daroca	2015	Secano	202,0	60,0	0,0	0,0	0,0	0,0	4,0	0,0	0,0	0,0	0,0	0,0	54,0	1,0	0,0	0,0	1,0	142,0	0,0	142,0	0,0	0,0	0,0	0,0	0,0
50095	Ejea de los Caballeros	2015	Regadío	761,0	621,0	21,0	8,0	0,0	0,0	0,0	1,0	0,0	0,0	0,0	0,0	578,0	12,0	0,0	0,0	1,0	60,0	0,0	60,0	0,0	80,0	80,0	0,0	0,0
50095	Ejea de los Caballeros	2015	Secano	17,0	5,0	0,0	0,0	0,0	0,0	0,0	0,0	0,0	0,0	0,0	0,0	5,0	0,0	0,0	0,0	0,0	10,0	0,0	10,0	0,0	2,0	2,0	0,0	0,0
50096	Embid de Ariza	2015	Regadío	0,0	0,0	0,0	0,0	0,0	0,0	0,0	0,0	0,0	0,0	0,0	0,0	0,0	0,0	0,0	0,0	0,0	0,0	0,0	0,0	0,0	0,0	0,0	0,0	0,0
50096	Embid de Ariza	2015	Secano	6,0	2,0	0,0	0,0	0,0	0,0	0,0	0,0	0,0	0,0	0,0	0,0	2,0	0,0	0,0	0,0	0,0	4,0	0,0	4,0	0,0	0,0	0,0	0,0	0,0
50098	Encinacorba	2015	Regadío	29,0	3,0	0,0	0,0	0,0	0,0	3,0	0,0	0,0	0,0	0,0	0,0	0,0	0,0	0,0	0,0	0,0	26,0	2,0	24,0	0,0	0,0	0,0	0,0	0,0
50098	Encinacorba	2015	Secano	458,0	47,0	0,0	0,0	0,0	0,0	9,0	0,0	0,0	0,0	0,0	0,0	38,0	0,0	0,0	0,0	0,0	407,0	9,0	398,0	0,0	4,0	4,0	0,0	0,0
50099	Épila	2015	Regadío	1313,0	1135,0	465,0	168,0	0,0	48,0	192,0	37,0	23,0	2,0	0,0	0,0	146,0	1,0	0,0	52,0	1,0	19,0	0,0	19,0	0,0	159,0	159,0	0,0	0,0
50099	Épila	2015	Secano	793,0	537,0	1,0	1,0	0,0	0,0	12,0	8,0	0,0	0,0	0,0	0,0	515,0	0,0	0,0	0,0	0,0	105,0	0,0	105,0	0,0	151,0	151,0	0,0	0,0
50100	Erla	2015	Regadío	3,0	1,0	0,0	0,0	0,0	0,0	0,0	0,0	0,0	0,0	0,0	0,0	1,0	0,0	0,0	0,0	0,0	1,0	0,0	1,0	0,0	1,0	1,0	0,0	0,0
50100	Erla	2015	Secano	0,0	0,0	0,0	0,0	0,0	0,0	0,0	0,0	0,0	0,0	0,0	0,0	0,0	0,0	0,0	0,0	0,0	0,0	0,0	0,0	0,0	0,0	0,0	0,0	0,0
50101	Escatrón	2015	Regadío	588,0	65,0	0,0	0,0	0,0	0,0	0,0	31,0	0,0	0,0	0,0	0,0	11,0	0,0	0,0	23,0	0,0	0,0	0,0	0,0	0,0	523,0	523,0	0,0	0,0
50101	Escatrón	2015	Secano	18,0	5,0	0,0	0,0	0,0	0,0	0,0	0,0	0,0	0,0	0,0	0,0	2,0	0,0	0,0	3,0	0,0	0,0	0,0	0,0	0,0	13,0	13,0	0,0	0,0
50102	Fabara	2015	Regadío	712,0	590,0	0,0	1,0	0,0	1,0	7,0	134,0	41,0	2,0	0,0	0,0	399,0	0,0	0,0	3,0	2,0	25,0	0,0	25,0	0,0	97,0	97,0	0,0	0,0
50102	Fabara	2015	Secano	2311,0	1663,0	0,0	0,0	0,0	2,0	2,0	16,0	1,0	0,0	0,0	0,0	1641,0	0,0	0,0	0,0	1,0	60,0	0,0	60,0	0,0	588,0	588,0	0,0	0,0
50104	Farlete	2015	Regadío	0,0	0,0	0,0	0,0	0,0	0,0	0,0	0,0	0,0	0,0	0,0	0,0	0,0	0,0	0,0	0,0	0,0	0,0	0,0	0,0	0,0	0,0	0,0	0,0	0,0
50104	Farlete	2015	Secano	25,0	19,0	0,0	0,0	0,0	0,0	0,0	0,0	0,0	0,0	0,0	0,0	19,0	0,0	0,0	0,0	0,0	0,0	0,0	0,0	0,0	6,0	6,0	0,0	0,0
50105	Fayón	2015	Regadío	59,0	58,0	0,0	0,0	0,0	4,0	22,0	0,0	1,0	0,0	0,0	0,0	30,0	1,0	0,0	0,0	0,0	0,0	0,0	0,0	0,0	1,0	1,0	0,0	0,0
50105	Fayón	2015	Secano	556,0	387,0	0,0	0,0	0,0	0,0	0,0	7,0	0,0	0,0	0,0	0,0	368,0	0,0	0,0	11,0	1,0	2,0	1,0	1,0	0,0	167,0	167,0	0,0	0,0
50106	Fayos (Los)	2015	Regadío	2,0	0,0	0,0	0,0	0,0	0,0	0,0	0,0	0,0	0,0	0,0	0,0	0,0	0,0	0,0	0,0	0,0	0,0	0,0	0,0	0,0	2,0	2,0	0,0	0,0
50106	Fayos (Los)	2015	Secano	1,0	0,0	0,0	0,0	0,0	0,0	0,0	0,0	0,0	0,0	0,0	0,0	0,0	0,0	0,0	0,0	0,0	1,0	0,0	1,0	0,0	0,0	0,0	0,0	0,0
50107	Figueruelas	2015	Regadío	49,0	25,0	14,0	0,0	0,0	0,0	2,0	0,0	0,0	0,0	0,0	0,0	8,0	0,0	0,0	1,0	0,0	2,0	0,0	2,0	0,0	22,0	22,0	0,0	0,0
50107	Figueruelas	2015	Secano	1,0	0,0	0,0	0,0	0,0	0,0	0,0	0,0	0,0	0,0	0,0	0,0	0,0	0,0	0,0	0,0	0,0	0,0	0,0	0,0	0,0	1,0	1,0	0,0	0,0
50108	Fombuena	2015	Regadío											0,0														
50108	Fombuena	2015	Secano											0,0														
50109	Frago (El)	2015	Regadío	0,0	0,0	0,0	0,0	0,0	0,0	0,0	0,0	0,0	0,0	0,0	0,0	0,0	0,0	0,0	0,0	0,0	0,0	0,0	0,0	0,0	0,0	0,0	0,0	0,0
50109	Frago (El)	2015	Secano	2,0	2,0	0,0	0,0	0,0	0,0	0,0	0,0	0,0	0,0	0,0	0,0	2,0	0,0	0,0	0,0	0,0	0,0	0,0	0,0	0,0	0,0	0,0	0,0	0,0
50110	Frasno (El)	2015	Regadío	230,0	154,0	0,0	1,0	0,0	0,0	140,0	0,0	1,0	0,0	0,0	0,0	12,0	0,0	0,0	0,0	0,0	35,0	0,0	35,0	0,0	41,0	41,0	0,0	0,0
50110	Frasno (El)	2015	Secano	858,0	698,0	0,0	0,0	0,0	1,0	256,0	0,0	0,0	0,0	0,0	0,0	441,0	0,0	0,0	0,0	0,0	65,0	0,0	65,0	0,0	95,0	95,0	0,0	0,0
50111	Fréscano	2015	Regadío	52,0	32,0	0,0	0,0	0,0	0,0	0,0	0,0	0,0	0,0	0,0	0,0	32,0	0,0	0,0	0,0	0,0	6,0	0,0	6,0	0,0	14,0	14,0	0,0	0,0
50111	Fréscano	2015	Secano	6,0	5,0	0,0	0,0	0,0	0,0	0,0	0,0	0,0	0,0	0,0	0,0	5,0	0,0	0,0	0,0	0,0	0,0	0,0	0,0	0,0	1,0	1,0	0,0	0,0
50113	Fuendejalón	2015	Regadío	791,0	35,0	0,0	0,0	0,0	0,0	0,0	2,0	0,0	0,0	0,0	0,0	32,0	0,0	0,0	0,0	1,0	692,0	0,0	692,0	0,0	62,0	62,0	0,0	2,0
50113	Fuendejalón	2015	Secano	2527,0	680,0	0,0	0,0	0,0	0,0	0,0	0,0	0,0	0,0	0,0	0,0	679,0	0,0	0,0	0,0	1,0	1735,0	0,0	1735,0	0,0	112,0	112,0	0,0	0,0
50114	Fuendetodos	2015	Regadío	0,0	0,0	0,0	0,0	0,0	0,0	0,0	0,0	0,0	0,0	0,0	0,0	0,0	0,0	0,0	0,0	0,0	0,0	0,0	0,0	0,0	0,0	0,0	0,0	0,0
50114	Fuendetodos	2015	Secano	5,0	2,0	0,0	0,0	0,0	0,0	0,0	0,0	0,0	0,0	0,0	0,0	1,0	0,0	0,0	0,0	1,0	2,0	0,0	2,0	0,0	1,0	1,0	0,0	0,0
50115	Fuentes de Ebro	2015	Regadío	313,0	24,0	0,0	0,0	0,0	0,0	1,0	4,0	0,0	0,0	0,0	0,0	19,0	0,0	0,0	0,0	0,0	20,0	0,0	20,0	0,0	269,0	269,0	0,0	0,0
50115	Fuentes de Ebro	2015	Secano	21,0	10,0	0,0	0,0	0,0	0,0	0,0	0,0	0,0	0,0	0,0	0,0	10,0	0,0	0,0	0,0	0,0	7,0	0,0	7,0	0,0	4,0	4,0	0,0	0,0
50116	Fuentes de Jiloca	2015	Regadío	83,0	82,0	12,0	48,0	0,0	0,0	0,0	9,0	12,0	0,0	0,0	0,0	1,0	0,0	0,0	0,0	0,0	1,0	0,0	1,0	0,0	0,0	0,0	0,0	0,0
50116	Fuentes de Jiloca	2015	Secano	70,0	44,0	1,0	2,0	0,0	0,0	1,0	1,0	0,0	0,0	0,0	0,0	39,0	0,0	0,0	0,0	0,0	26,0	0,0	26,0	0,0	0,0	0,0	0,0	0,0
50117	Gallocanta	2015	Regadío	0,0	0,0	0,0	0,0	0,0	0,0	0,0	0,0	0,0	0,0	0,0	0,0	0,0	0,0	0,0	0,0	0,0	0,0	0,0	0,0	0,0	0,0	0,0	0,0	0,0
50117	Gallocanta	2015	Secano	1,0	1,0	0,0	0,0	0,0	0,0	0,0	0,0	0,0	0,0	0,0	0,0	1,0	0,0	0,0	0,0	0,0	0,0	0,0	0,0	0,0	0,0	0,0	0,0	0,0
50118	Gallur	2015	Regadío	3,0	1,0	0,0	1,0	0,0	0,0	0,0	0,0	0,0	0,0	0,0	0,0	0,0	0,0	0,0	0,0	0,0	1,0	0,0	1,0	0,0	1,0	1,0	0,0	0,0
50118	Gallur	2015	Secano	3,0	0,0	0,0	0,0	0,0	0,0	0,0	0,0	0,0	0,0	0,0	0,0	0,0	0,0	0,0	0,0	0,0	3,0	0,0	3,0	0,0	0,0	0,0	0,0	0,0
50119	Gelsa	2015	Regadío	110,0	4,0	0,0	0,0	0,0	0,0	0,0	0,0	0,0	0,0	0,0	0,0	4,0	0,0	0,0	0,0	0,0	0,0	0,0	0,0	0,0	106,0	106,0	0,0	0,0
50119	Gelsa	2015	Secano	3,0	0,0	0,0	0,0	0,0	0,0	0,0	0,0	0,0	0,0	0,0	0,0	0,0	0,0	0,0	0,0	0,0	0,0	0,0	0,0	0,0	3,0	3,0	0,0	0,0
50120	Godojos	2015	Regadío	1,0	0,0	0,0	0,0	0,0	0,0	0,0	0,0	0,0	0,0	0,0	0,0	0,0	0,0	0,0	0,0	0,0	1,0	0,0	1,0	0,0	0,0	0,0	0,0	0,0
50120	Godojos	2015	Secano	87,0	50,0	0,0	0,0	0,0	0,0	2,0	0,0	0,0	0,0	0,0	0,0	48,0	0,0	0,0	0,0	0,0	35,0	0,0	35,0	0,0	2,0	2,0	0,0	0,0
50121	Gotor	2015	Regadío	19,0	15,0	2,0	1,0	0,0	0,0	7,0	0,0	0,0	0,0	0,0	0,0	5,0	0,0	0,0	0,0	0,0	0,0	0,0	0,0	0,0	2,0	2,0	0,0	2,0
50121	Gotor	2015	Secano	166,0	134,0	0,0	0,0	0,0	0,0	14,0	0,0	0,0	0,0	0,0	0,0	120,0	0,0	0,0	0,0	0,0	14,0	0,0	14,0	0,0	18,0	18,0	0,0	0,0
50122	Grisel	2015	Regadío	50,0	11,0	0,0	0,0	0,0	0,0	4,0	0,0	0,0	0,0	0,0	0,0	7,0	0,0	0,0	0,0	0,0	6,0	0,0	6,0	0,0	33,0	33,0	0,0	0,0
50122	Grisel	2015	Secano	17,0	8,0	0,0	0,0	0,0	0,0	0,0	0,0	0,0	0,0	0,0	0,0	8,0	0,0	0,0	0,0	0,0	7,0	0,0	7,0	0,0	2,0	2,0	0,0	0,0
50123	Grisén	2015	Regadío	25,0	24,0	13,0	2,0	0,0	1,0	0,0	5,0	1,0	0,0	0,0	0,0	0,0	0,0	0,0	2,0	0,0	0,0	0,0	0,0	0,0	1,0	1,0	0,0	0,0
50123	Grisén	2015	Secano	0,0	0,0	0,0	0,0	0,0	0,0	0,0	0,0	0,0	0,0	0,0	0,0	0,0	0,0	0,0	0,0	0,0	0,0	0,0	0,0	0,0	0,0	0,0	0,0	0,0
50124	Herrera de los Navarros	2015	Regadío	39,0	39,0	0,0	0,0	0,0	0,0	0,0	0,0	0,0	0,0	0,0	0,0	39,0	0,0	0,0	0,0	0,0	0,0	0,0	0,0	0,0	0,0	0,0	0,0	0,0
50124	Herrera de los Navarros	2015	Secano	495,0	477,0	0,0	0,0	0,0	0,0	0,0	0,0	0,0	0,0	0,0	0,0	477,0	0,0	0,0	0,0	0,0	5,0	0,0	5,0	0,0	13,0	13,0	0,0	0,0
50125	Ibdes	2015	Regadío	18,0	13,0	1,0	1,0	0,0	0,0	1,0	0,0	1,0	0,0	0,0	0,0	9,0	0,0	0,0	0,0	0,0	5,0	0,0	5,0	0,0	0,0	0,0	0,0	0,0
50125	Ibdes	2015	Secano	791,0	643,0	0,0	0,0	0,0	0,0	32,0	4,0	2,0	0,0	0,0	0,0	605,0	0,0	0,0	0,0	0,0	147,0	0,0	147,0	0,0	1,0	1,0	0,0	0,0
50126	Illueca	2015	Regadío	13,0	3,0	0,0	0,0	0,0	0,0	3,0	0,0	0,0	0,0	0,0	0,0	0,0	0,0	0,0	0,0	0,0	1,0	0,0	1,0	0,0	9,0	9,0	0,0	0,0
50126	Illueca	2015	Secano	174,0	135,0	0,0	0,0	0,0	0,0	17,0	0,0	0,0	0,0	0,0	0,0	118,0	0,0	0,0	0,0	0,0	14,0	0,0	14,0	0,0	25,0	25,0	0,0	0,0
50128	Isuerre	2015	Regadío	0,0	0,0	0,0	0,0	0,0	0,0	0,0	0,0	0,0	0,0	0,0	0,0	0,0	0,0	0,0	0,0	0,0	0,0	0,0	0,0	0,0	0,0	0,0	0,0	0,0
50128	Isuerre	2015	Secano	6,0	0,0	0,0	0,0	0,0	0,0	0,0	0,0	0,0	0,0	0,0	0,0	0,0	0,0	0,0	0,0	0,0	1,0	0,0	1,0	0,0	5,0	5,0	0,0	0,0
50129	Jaraba	2015	Regadío	6,0	4,0	0,0	0,0	0,0	0,0	0,0	0,0	0,0	0,0	0,0	0,0	4,0	0,0	0,0	0,0	0,0	2,0	0,0	2,0	0,0	0,0	0,0	0,0	0,0
50129	Jaraba	2015	Secano	198,0	191,0	0,0	0,0	0,0	0,0	5,0	0,0	0,0	0,0	0,0	0,0	186,0	0,0	0,0	0,0	0,0	7,0	0,0	7,0	0,0	0,0	0,0	0,0	0,0
50130	Jarque	2015	Regadío	50,0	44,0	1,0	1,0	0,0	0,0	19,0	6,0	3,0	0,0	0,0	0,0	13,0	1,0	0,0	0,0	0,0	1,0	0,0	1,0	0,0	5,0	5,0	0,0	0,0
50130	Jarque	2015	Secano	489,0	390,0	0,0	0,0	0,0	0,0	25,0	0,0	0,0	0,0	0,0	0,0	365,0	0,0	0,0	0,0	0,0	38,0	0,0	38,0	0,0	61,0	61,0	0,0	0,0
50131	Jaulín	2015	Regadío	0,0	0,0	0,0	0,0	0,0	0,0	0,0	0,0	0,0	0,0	0,0	0,0	0,0	0,0	0,0	0,0	0,0	0,0	0,0	0,0	0,0	0,0	0,0	0,0	0,0
50131	Jaulín	2015	Secano	43,0	27,0	0,0	0,0	0,0	0,0	0,0	0,0	0,0	0,0	0,0	0,0	27,0	0,0	0,0	0,0	0,0	14,0	0,0	14,0	0,0	2,0	2,0	0,0	0,0
50132	Joyosa (La)	2015	Regadío	16,0	16,0	15,0	1,0	0,0	0,0	0,0	0,0	0,0	0,0	0,0	0,0	0,0	0,0	0,0	0,0	0,0	0,0	0,0	0,0	0,0	0,0	0,0	0,0	0,0
50132	Joyosa (La)	2015	Secano	0,0	0,0	0,0	0,0	0,0	0,0	0,0	0,0	0,0	0,0	0,0	0,0	0,0	0,0	0,0	0,0	0,0	0,0	0,0	0,0	0,0	0,0	0,0	0,0	0,0
50133	Lagata	2015	Regadío	13,0	9,0	1,0	8,0	0,0	0,0	0,0	0,0	0,0	0,0	0,0	0,0	0,0	0,0	0,0	0,0	0,0	1,0	0,0	1,0	0,0	3,0	3,0	0,0	0,0
50133	Lagata	2015	Secano	6,0	5,0	0,0	0,0	0,0	0,0	0,0	0,0	0,0	0,0	0,0	0,0	5,0	0,0	0,0	0,0	0,0	1,0	0,0	1,0	0,0	0,0	0,0	0,0	0,0
50134	Langa del Castillo	2015	Regadío	0,0	0,0	0,0	0,0	0,0	0,0	0,0	0,0	0,0	0,0	0,0	0,0	0,0	0,0	0,0	0,0	0,0	0,0	0,0	0,0	0,0	0,0	0,0	0,0	0,0
50134	Langa del Castillo	2015	Secano	1,0	1,0	0,0	0,0	0,0	0,0	0,0	0,0	0,0	0,0	0,0	0,0	1,0	0,0	0,0	0,0	0,0	0,0	0,0	0,0	0,0	0,0	0,0	0,0	0,0
50135	Layana	2015	Regadío											0,0														
50135	Layana	2015	Secano											0,0														
50136	Lécera	2015	Regadío	100,0	5,0	0,0	0,0	0,0	0,0	0,0	0,0	0,0	0,0	0,0	0,0	5,0	0,0	0,0	0,0	0,0	95,0	0,0	95,0	0,0	0,0	0,0	0,0	0,0
50136	Lécera	2015	Secano	446,0	281,0	0,0	0,0	0,0	0,0	0,0	0,0	0,0	0,0	0,0	0,0	280,0	1,0	0,0	0,0	0,0	162,0	0,0	162,0	0,0	3,0	3,0	0,0	0,0
50137	Leciñena	2015	Regadío	0,0	0,0	0,0	0,0	0,0	0,0	0,0	0,0	0,0	0,0	0,0	0,0	0,0	0,0	0,0	0,0	0,0	0,0	0,0	0,0	0,0	0,0	0,0	0,0	0,0
50137	Leciñena	2015	Secano	116,0	7,0	0,0	0,0	0,0	0,0	0,0	0,0	0,0	0,0	0,0	0,0	7,0	0,0	0,0	0,0	0,0	20,0	0,0	20,0	0,0	89,0	89,0	0,0	0,0
50138	Lechón	2015	Regadío											0,0														
50138	Lechón	2015	Secano											0,0														
50139	Letux	2015	Regadío	60,0	24,0	3,0	9,0	0,0	0,0	0,0	0,0	3,0	0,0	0,0	0,0	7,0	2,0	0,0	0,0	0,0	0,0	0,0	0,0	0,0	36,0	36,0	0,0	0,0
50139	Letux	2015	Secano	83,0	53,0	0,0	0,0	0,0	0,0	0,0	0,0	0,0	0,0	0,0	0,0	53,0	0,0	0,0	0,0	0,0	24,0	0,0	24,0	0,0	6,0	6,0	0,0	0,0
50140	Litago	2015	Regadío	5,0	4,0	0,0	0,0	0,0	0,0	0,0	0,0	0,0	0,0	0,0	0,0	1,0	3,0	0,0	0,0	0,0	0,0	0,0	0,0	0,0	1,0	1,0	0,0	0,0
50140	Litago	2015	Secano	5,0	5,0	0,0	0,0	0,0	0,0	0,0	0,0	0,0	0,0	0,0	0,0	5,0	0,0	0,0	0,0	0,0	0,0	0,0	0,0	0,0	0,0	0,0	0,0	0,0
50141	Lituénigo	2015	Regadío	10,0	4,0	0,0	0,0	0,0	0,0	0,0	0,0	0,0	0,0	0,0	0,0	3,0	1,0	0,0	0,0	0,0	0,0	0,0	0,0	0,0	6,0	6,0	0,0	0,0
50141	Lituénigo	2015	Secano	39,0	29,0	0,0	0,0	0,0	0,0	0,0	0,0	0,0	0,0	0,0	0,0	29,0	0,0	0,0	0,0	0,0	9,0	0,0	9,0	0,0	1,0	1,0	0,0	0,0
50142	Lobera de Onsella	2015	Regadío	0,0	0,0	0,0	0,0	0,0	0,0	0,0	0,0	0,0	0,0	0,0	0,0	0,0	0,0	0,0	0,0	0,0	0,0	0,0	0,0	0,0	0,0	0,0	0,0	0,0
50142	Lobera de Onsella	2015	Secano	3,0	0,0	0,0	0,0	0,0	0,0	0,0	0,0	0,0	0,0	0,0	0,0	0,0	0,0	0,0	0,0	0,0	3,0	0,0	3,0	0,0	0,0	0,0	0,0	0,0
50143	Longares	2015	Regadío	594,0	1,0	0,0	0,0	0,0	0,0	1,0	0,0	0,0	0,0	0,0	0,0	0,0	0,0	0,0	0,0	0,0	585,0	0,0	585,0	0,0	8,0	8,0	0,0	0,0
50143	Longares	2015	Secano	1286,0	55,0	0,0	0,0	0,0	0,0	0,0	0,0	0,0	0,0	0,0	0,0	55,0	0,0	0,0	0,0	0,0	1178,0	0,0	1178,0	0,0	53,0	53,0	0,0	0,0
50144	Longás	2015	Regadío											0,0														
50144	Longás	2015	Secano											0,0														
50146	Lucena de Jalón	2015	Regadío	200,0	179,0	82,0	29,0	0,0	6,0	40,0	10,0	0,0	0,0	0,0	0,0	11,0	1,0	0,0	0,0	0,0	18,0	0,0	18,0	0,0	3,0	3,0	0,0	0,0
50146	Lucena de Jalón	2015	Secano	21,0	14,0	0,0	0,0	0,0	0,0	1,0	1,0	0,0	0,0	0,0	0,0	12,0	0,0	0,0	0,0	0,0	4,0	0,0	4,0	0,0	3,0	3,0	0,0	0,0
50147	Luceni	2015	Regadío	50,0	14,0	4,0	4,0	0,0	0,0	2,0	2,0	0,0	0,0	0,0	0,0	1,0	0,0	0,0	1,0	0,0	0,0	0,0	0,0	0,0	36,0	36,0	0,0	0,0
50147	Luceni	2015	Secano	1,0	0,0	0,0	0,0	0,0	0,0	0,0	0,0	0,0	0,0	0,0	0,0	0,0	0,0	0,0	0,0	0,0	0,0	0,0	0,0	0,0	1,0	1,0	0,0	0,0
50148	Luesia	2015	Regadío	0,0	0,0	0,0	0,0	0,0	0,0	0,0	0,0	0,0	0,0	0,0	0,0	0,0	0,0	0,0	0,0	0,0	0,0	0,0	0,0	0,0	0,0	0,0	0,0	0,0
50148	Luesia	2015	Secano	18,0	13,0	0,0	0,0	0,0	0,0	0,0	0,0	0,0	0,0	0,0	0,0	13,0	0,0	0,0	0,0	0,0	5,0	0,0	5,0	0,0	0,0	0,0	0,0	0,0
50149	Luesma	2015	Regadío	0,0	0,0	0,0	0,0	0,0	0,0	0,0	0,0	0,0	0,0	0,0	0,0	0,0	0,0	0,0	0,0	0,0	0,0	0,0	0,0	0,0	0,0	0,0	0,0	0,0
50149	Luesma	2015	Secano	9,0	9,0	0,0	0,0	0,0	0,0	0,0	0,0	0,0	0,0	0,0	0,0	9,0	0,0	0,0	0,0	0,0	0,0	0,0	0,0	0,0	0,0	0,0	0,0	0,0
50150	Lumpiaque	2015	Regadío	73,0	63,0	35,0	10,0	0,0	0,0	1,0	4,0	0,0	0,0	0,0	0,0	11,0	0,0	0,0	2,0	0,0	4,0	0,0	4,0	0,0	6,0	6,0	0,0	0,0
50150	Lumpiaque	2015	Secano	240,0	133,0	0,0	0,0	0,0	0,0	0,0	0,0	0,0	0,0	0,0	0,0	133,0	0,0	0,0	0,0	0,0	16,0	0,0	16,0	0,0	91,0	91,0	0,0	0,0
50151	Luna	2015	Regadío	67,0	32,0	0,0	0,0	0,0	0,0	0,0	0,0	0,0	0,0	0,0	0,0	32,0	0,0	0,0	0,0	0,0	0,0	0,0	0,0	0,0	35,0	35,0	0,0	0,0
50151	Luna	2015	Secano	145,0	101,0	0,0	0,0	0,0	0,0	0,0	0,0	0,0	0,0	0,0	0,0	100,0	0,0	0,0	0,0	1,0	37,0	0,0	37,0	0,0	7,0	7,0	0,0	0,0
50152	Maella	2015	Regadío	1222,0	897,0	0,0	0,0	0,0	17,0	36,0	336,0	6,0	0,0	0,0	0,0	371,0	0,0	0,0	130,0	1,0	26,0	0,0	26,0	0,0	299,0	299,0	0,0	0,0
50152	Maella	2015	Secano	3703,0	1754,0	0,0	0,0	0,0	0,0	19,0	13,0	0,0	0,0	0,0	0,0	1694,0	0,0	0,0	22,0	6,0	168,0	0,0	168,0	0,0	1781,0	1781,0	0,0	0,0
50153	Magallón	2015	Regadío	711,0	178,0	0,0	0,0	0,0	0,0	0,0	0,0	0,0	0,0	0,0	0,0	178,0	0,0	0,0	0,0	0,0	341,0	0,0	341,0	0,0	192,0	192,0	0,0	0,0
50153	Magallón	2015	Secano	415,0	182,0	0,0	0,0	0,0	0,0	0,0	0,0	0,0	0,0	0,0	0,0	182,0	0,0	0,0	0,0	0,0	219,0	0,0	219,0	0,0	14,0	14,0	0,0	0,0
50154	Mainar	2015	Regadío	0,0	0,0	0,0	0,0	0,0	0,0	0,0	0,0	0,0	0,0	0,0	0,0	0,0	0,0	0,0	0,0	0,0	0,0	0,0	0,0	0,0	0,0	0,0	0,0	0,0
50154	Mainar	2015	Secano	1,0	1,0	0,0	0,0	0,0	0,0	0,0	0,0	0,0	0,0	0,0	0,0	1,0	0,0	0,0	0,0	0,0	0,0	0,0	0,0	0,0	0,0	0,0	0,0	0,0
50155	Malanquilla	2015	Regadío	0,0	0,0	0,0	0,0	0,0	0,0	0,0	0,0	0,0	0,0	0,0	0,0	0,0	0,0	0,0	0,0	0,0	0,0	0,0	0,0	0,0	0,0	0,0	0,0	0,0
50155	Malanquilla	2015	Secano	15,0	15,0	0,0	0,0	0,0	0,0	1,0	0,0	0,0	0,0	0,0	0,0	14,0	0,0	0,0	0,0	0,0	0,0	0,0	0,0	0,0	0,0	0,0	0,0	0,0
50156	Maleján	2015	Regadío											0,0														
50156	Maleján	2015	Secano											0,0														
50157	Malón	2015	Regadío	90,0	32,0	0,0	0,0	0,0	0,0	0,0	0,0	0,0	0,0	0,0	0,0	31,0	0,0	0,0	0,0	1,0	15,0	0,0	15,0	0,0	43,0	43,0	0,0	0,0
50157	Malón	2015	Secano	4,0	2,0	0,0	0,0	0,0	0,0	0,0	0,0	0,0	0,0	0,0	0,0	2,0	0,0	0,0	0,0	0,0	1,0	0,0	1,0	0,0	1,0	1,0	0,0	0,0
50159	Maluenda	2015	Regadío	168,0	168,0	35,0	63,0	0,0	0,0	0,0	67,0	2,0	0,0	0,0	0,0	0,0	0,0	0,0	1,0	0,0	0,0	0,0	0,0	0,0	0,0	0,0	0,0	0,0
50159	Maluenda	2015	Secano	572,0	428,0	0,0	1,0	0,0	0,0	28,0	7,0	5,0	0,0	0,0	0,0	387,0	0,0	0,0	0,0	0,0	142,0	1,0	141,0	0,0	2,0	2,0	0,0	0,0
50160	Mallén	2015	Regadío	179,0	39,0	0,0	0,0	0,0	0,0	0,0	1,0	0,0	0,0	0,0	0,0	38,0	0,0	0,0	0,0	0,0	7,0	0,0	7,0	0,0	133,0	133,0	0,0	0,0
50160	Mallén	2015	Secano	107,0	71,0	0,0	0,0	0,0	0,0	0,0	0,0	0,0	0,0	0,0	0,0	71,0	0,0	0,0	0,0	0,0	13,0	0,0	13,0	0,0	23,0	23,0	0,0	0,0
50161	Manchones	2015	Regadío	1,0	1,0	0,0	0,0	0,0	0,0	0,0	0,0	1,0	0,0	0,0	0,0	0,0	0,0	0,0	0,0	0,0	0,0	0,0	0,0	0,0	0,0	0,0	0,0	0,0
50161	Manchones	2015	Secano	62,0	23,0	0,0	0,0	0,0	0,0	1,0	0,0	0,0	0,0	0,0	0,0	22,0	0,0	0,0	0,0	0,0	39,0	0,0	39,0	0,0	0,0	0,0	0,0	0,0
50162	Mara	2015	Regadío	87,0	36,0	1,0	12,0	0,0	0,0	8,0	0,0	4,0	0,0	0,0	0,0	11,0	0,0	0,0	0,0	0,0	51,0	0,0	51,0	0,0	0,0	0,0	0,0	0,0
50162	Mara	2015	Secano	421,0	291,0	0,0	0,0	0,0	0,0	28,0	0,0	0,0	0,0	0,0	0,0	263,0	0,0	0,0	0,0	0,0	130,0	0,0	130,0	0,0	0,0	0,0	0,0	0,0
50163	María de Huerva	2015	Regadío	11,0	1,0	0,0	0,0	0,0	0,0	0,0	0,0	0,0	0,0	0,0	0,0	1,0	0,0	0,0	0,0	0,0	2,0	0,0	2,0	0,0	8,0	8,0	0,0	0,0
50163	María de Huerva	2015	Secano	34,0	15,0	0,0	0,0	0,0	0,0	0,0	0,0	0,0	0,0	0,0	0,0	15,0	0,0	0,0	0,0	0,0	5,0	0,0	5,0	0,0	14,0	14,0	0,0	0,0
50164	Mediana de Aragón	2015	Regadío	19,0	0,0	0,0	0,0	0,0	0,0	0,0	0,0	0,0	0,0	0,0	0,0	0,0	0,0	0,0	0,0	0,0	2,0	1,0	1,0	0,0	17,0	17,0	0,0	0,0
50164	Mediana de Aragón	2015	Secano	1,0	0,0	0,0	0,0	0,0	0,0	0,0	0,0	0,0	0,0	0,0	0,0	0,0	0,0	0,0	0,0	0,0	0,0	0,0	0,0	0,0	1,0	1,0	0,0	0,0
50165	Mequinenza	2015	Regadío	2424,0	1945,0	3,0	0,0	0,0	144,0	309,0	379,0	18,0	0,0	0,0	0,0	763,0	0,0	1,0	328,0	0,0	28,0	28,0	0,0	0,0	451,0	451,0	0,0	0,0
50165	Mequinenza	2015	Secano	2130,0	1860,0	0,0	0,0	0,0	35,0	47,0	47,0	14,0	0,0	0,0	0,0	1673,0	0,0	0,0	34,0	10,0	11,0	4,0	7,0	0,0	259,0	259,0	0,0	0,0
50166	Mesones de Isuela	2015	Regadío	23,0	18,0	1,0	1,0	0,0	2,0	4,0	0,0	7,0	0,0	0,0	0,0	3,0	0,0	0,0	0,0	0,0	0,0	0,0	0,0	0,0	5,0	5,0	0,0	0,0
50166	Mesones de Isuela	2015	Secano	307,0	202,0	0,0	0,0	0,0	0,0	4,0	0,0	0,0	0,0	0,0	0,0	198,0	0,0	0,0	0,0	0,0	63,0	0,0	63,0	0,0	42,0	42,0	0,0	0,0
50167	Mezalocha	2015	Regadío	90,0	3,0	0,0	0,0	0,0	0,0	0,0	0,0	0,0	0,0	0,0	0,0	3,0	0,0	0,0	0,0	0,0	86,0	0,0	86,0	0,0	1,0	1,0	0,0	0,0
50167	Mezalocha	2015	Secano	150,0	37,0	0,0	0,0	0,0	0,0	0,0	0,0	0,0	0,0	0,0	0,0	37,0	0,0	0,0	0,0	0,0	102,0	0,0	102,0	0,0	11,0	11,0	0,0	0,0
50168	Mianos	2015	Regadío											0,0														
50168	Mianos	2015	Secano											0,0														
50169	Miedes de Aragón	2015	Regadío	136,0	68,0	1,0	19,0	0,0	0,0	30,0	2,0	13,0	0,0	0,0	0,0	2,0	1,0	0,0	0,0	0,0	68,0	0,0	68,0	0,0	0,0	0,0	0,0	0,0
50169	Miedes de Aragón	2015	Secano	702,0	419,0	4,0	3,0	0,0	1,0	154,0	0,0	15,0	0,0	0,0	0,0	241,0	1,0	0,0	0,0	0,0	282,0	0,0	282,0	0,0	1,0	1,0	0,0	0,0
50170	Monegrillo	2015	Regadío	0,0	0,0	0,0	0,0	0,0	0,0	0,0	0,0	0,0	0,0	0,0	0,0	0,0	0,0	0,0	0,0	0,0	0,0	0,0	0,0	0,0	0,0	0,0	0,0	0,0
50170	Monegrillo	2015	Secano	6,0	5,0	0,0	0,0	0,0	0,0	0,0	0,0	0,0	0,0	0,0	0,0	5,0	0,0	0,0	0,0	0,0	0,0	0,0	0,0	0,0	1,0	1,0	0,0	0,0
50171	Moneva	2015	Regadío	6,0	6,0	0,0	0,0	0,0	0,0	0,0	0,0	0,0	0,0	0,0	0,0	4,0	2,0	0,0	0,0	0,0	0,0	0,0	0,0	0,0	0,0	0,0	0,0	0,0
50171	Moneva	2015	Secano	112,0	97,0	0,0	0,0	0,0	0,0	0,0	0,0	0,0	0,0	0,0	0,0	97,0	0,0	0,0	0,0	0,0	15,0	0,0	15,0	0,0	0,0	0,0	0,0	0,0
50172	Monreal de Ariza	2015	Regadío	19,0	19,0	16,0	3,0	0,0	0,0	0,0	0,0	0,0	0,0	0,0	0,0	0,0	0,0	0,0	0,0	0,0	0,0	0,0	0,0	0,0	0,0	0,0	0,0	0,0
50172	Monreal de Ariza	2015	Secano	2,0	1,0	0,0	0,0	0,0	0,0	0,0	0,0	0,0	0,0	0,0	0,0	1,0	0,0	0,0	0,0	0,0	1,0	0,0	1,0	0,0	0,0	0,0	0,0	0,0
50173	Monterde	2015	Regadío	4,0	4,0	1,0	0,0	0,0	0,0	1,0	0,0	0,0	0,0	0,0	0,0	1,0	1,0	0,0	0,0	0,0	0,0	0,0	0,0	0,0	0,0	0,0	0,0	0,0
50173	Monterde	2015	Secano	39,0	24,0	0,0	0,0	0,0	0,0	0,0	0,0	0,0	0,0	0,0	0,0	24,0	0,0	0,0	0,0	0,0	15,0	0,0	15,0	0,0	0,0	0,0	0,0	0,0
50174	Montón	2015	Regadío	57,0	54,0	3,0	33,0	0,0	0,0	0,0	15,0	3,0	0,0	0,0	0,0	0,0	0,0	0,0	0,0	0,0	3,0	0,0	3,0	0,0	0,0	0,0	0,0	0,0
50174	Montón	2015	Secano	34,0	24,0	0,0	0,0	0,0	0,0	2,0	1,0	1,0	0,0	0,0	0,0	20,0	0,0	0,0	0,0	0,0	10,0	0,0	10,0	0,0	0,0	0,0	0,0	0,0
50175	Morata de Jalón	2015	Regadío	46,0	27,0	14,0	4,0	0,0	0,0	0,0	3,0	4,0	0,0	0,0	0,0	2,0	0,0	0,0	0,0	0,0	1,0	0,0	1,0	0,0	18,0	18,0	0,0	0,0
50175	Morata de Jalón	2015	Secano	620,0	354,0	0,0	0,0	0,0	0,0	36,0	0,0	0,0	0,0	0,0	0,0	318,0	0,0	0,0	0,0	0,0	51,0	0,0	51,0	0,0	215,0	215,0	0,0	0,0
50176	Morata de Jiloca	2015	Regadío	106,0	92,0	15,0	55,0	0,0	0,0	9,0	5,0	7,0	0,0	0,0	0,0	1,0	0,0	0,0	0,0	0,0	14,0	0,0	14,0	0,0	0,0	0,0	0,0	0,0
50176	Morata de Jiloca	2015	Secano	183,0	121,0	0,0	1,0	0,0	0,0	12,0	1,0	5,0	0,0	0,0	0,0	98,0	0,0	0,0	0,0	4,0	62,0	0,0	62,0	0,0	0,0	0,0	0,0	0,0
50177	Morés	2015	Regadío	62,0	59,0	20,0	16,0	0,0	1,0	4,0	1,0	7,0	0,0	0,0	0,0	9,0	1,0	0,0	0,0	0,0	0,0	0,0	0,0	0,0	3,0	3,0	0,0	0,0
50177	Morés	2015	Secano	125,0	101,0	1,0	0,0	0,0	0,0	22,0	0,0	0,0	0,0	0,0	0,0	78,0	0,0	0,0	0,0	0,0	16,0	0,0	16,0	0,0	8,0	8,0	0,0	0,0
50178	Moros	2015	Regadío	162,0	145,0	61,0	29,0	0,0	0,0	24,0	15,0	14,0	0,0	0,0	0,0	2,0	0,0	0,0	0,0	0,0	17,0	0,0	17,0	0,0	0,0	0,0	0,0	0,0
50178	Moros	2015	Secano	335,0	169,0	2,0	4,0	0,0	0,0	42,0	4,0	18,0	0,0	0,0	0,0	99,0	0,0	0,0	0,0	0,0	166,0	0,0	166,0	0,0	0,0	0,0	0,0	0,0
50179	Moyuela	2015	Regadío	1,0	1,0	0,0	0,0	0,0	0,0	0,0	0,0	0,0	0,0	0,0	0,0	1,0	0,0	0,0	0,0	0,0	0,0	0,0	0,0	0,0	0,0	0,0	0,0	0,0
50179	Moyuela	2015	Secano	57,0	41,0	0,0	0,0	0,0	0,0	0,0	0,0	0,0	0,0	0,0	0,0	41,0	0,0	0,0	0,0	0,0	16,0	0,0	16,0	0,0	0,0	0,0	0,0	0,0
50180	Mozota	2015	Regadío	0,0	0,0	0,0	0,0	0,0	0,0	0,0	0,0	0,0	0,0	0,0	0,0	0,0	0,0	0,0	0,0	0,0	0,0	0,0	0,0	0,0	0,0	0,0	0,0	0,0
50180	Mozota	2015	Secano	4,0	1,0	0,0	0,0	0,0	0,0	0,0	0,0	0,0	0,0	0,0	0,0	1,0	0,0	0,0	0,0	0,0	1,0	0,0	1,0	0,0	2,0	2,0	0,0	0,0
50181	Muel	2015	Regadío	98,0	2,0	0,0	1,0	0,0	0,0	0,0	0,0	0,0	0,0	0,0	0,0	1,0	0,0	0,0	0,0	0,0	73,0	0,0	73,0	0,0	23,0	23,0	0,0	0,0
50181	Muel	2015	Secano	256,0	32,0	1,0	0,0	0,0	0,0	0,0	0,0	0,0	0,0	0,0	0,0	31,0	0,0	0,0	0,0	0,0	177,0	0,0	177,0	0,0	47,0	47,0	0,0	0,0
50182	Muela (La)	2015	Regadío	50,0	50,0	0,0	0,0	0,0	0,0	0,0	0,0	0,0	0,0	0,0	0,0	50,0	0,0	0,0	0,0	0,0	0,0	0,0	0,0	0,0	0,0	0,0	0,0	0,0
50182	Muela (La)	2015	Secano	627,0	269,0	0,0	0,0	0,0	0,0	0,0	0,0	0,0	0,0	0,0	0,0	269,0	0,0	0,0	0,0	0,0	0,0	0,0	0,0	0,0	357,0	357,0	0,0	1,0
50183	Munébrega	2015	Regadío	144,0	123,0	6,0	11,0	0,0	0,0	89,0	4,0	10,0	0,0	0,0	0,0	2,0	0,0	0,0	1,0	0,0	21,0	0,0	21,0	0,0	0,0	0,0	0,0	0,0
50183	Munébrega	2015	Secano	834,0	473,0	20,0	2,0	0,0	3,0	185,0	7,0	6,0	0,0	0,0	0,0	249,0	0,0	0,0	1,0	0,0	357,0	0,0	357,0	0,0	4,0	4,0	0,0	0,0
50184	Murero	2015	Regadío	1,0	1,0	0,0	1,0	0,0	0,0	0,0	0,0	0,0	0,0	0,0	0,0	0,0	0,0	0,0	0,0	0,0	0,0	0,0	0,0	0,0	0,0	0,0	0,0	0,0
50184	Murero	2015	Secano	124,0	27,0	0,0	0,0	0,0	0,0	2,0	0,0	0,0	0,0	0,0	0,0	25,0	0,0	0,0	0,0	0,0	97,0	0,0	97,0	0,0	0,0	0,0	0,0	0,0
50185	Murillo de Gállego	2015	Regadío	2,0	1,0	0,0	0,0	0,0	0,0	0,0	0,0	0,0	0,0	0,0	0,0	1,0	0,0	0,0	0,0	0,0	0,0	0,0	0,0	0,0	1,0	1,0	0,0	0,0
50185	Murillo de Gállego	2015	Secano	132,0	103,0	0,0	0,0	0,0	0,0	0,0	0,0	0,0	0,0	0,0	0,0	103,0	0,0	0,0	0,0	0,0	8,0	0,0	8,0	0,0	21,0	21,0	0,0	0,0
50186	Navardún	2015	Regadío	0,0	0,0	0,0	0,0	0,0	0,0	0,0	0,0	0,0	0,0	0,0	0,0	0,0	0,0	0,0	0,0	0,0	0,0	0,0	0,0	0,0	0,0	0,0	0,0	0,0
50186	Navardún	2015	Secano	1,0	1,0	0,0	0,0	0,0	0,0	0,0	0,0	0,0	0,0	0,0	0,0	1,0	0,0	0,0	0,0	0,0	0,0	0,0	0,0	0,0	0,0	0,0	0,0	0,0
50187	Nigüella	2015	Regadío	16,0	11,0	1,0	2,0	0,0	1,0	1,0	1,0	2,0	0,0	0,0	0,0	3,0	0,0	0,0	0,0	0,0	0,0	0,0	0,0	0,0	5,0	5,0	0,0	0,0
50187	Nigüella	2015	Secano	65,0	46,0	0,0	0,0	0,0	0,0	2,0	0,0	0,0	0,0	0,0	0,0	44,0	0,0	0,0	0,0	0,0	10,0	0,0	10,0	0,0	9,0	9,0	0,0	0,0
50188	Nombrevilla	2015	Regadío	0,0	0,0	0,0	0,0	0,0	0,0	0,0	0,0	0,0	0,0	0,0	0,0	0,0	0,0	0,0	0,0	0,0	0,0	0,0	0,0	0,0	0,0	0,0	0,0	0,0
50188	Nombrevilla	2015	Secano	1,0	1,0	0,0	0,0	0,0	0,0	0,0	0,0	0,0	0,0	0,0	0,0	1,0	0,0	0,0	0,0	0,0	0,0	0,0	0,0	0,0	0,0	0,0	0,0	0,0
50189	Nonaspe	2015	Regadío	411,0	302,0	0,0	1,0	0,0	0,0	6,0	67,0	32,0	0,0	0,0	0,0	166,0	0,0	0,0	30,0	0,0	38,0	0,0	38,0	0,0	71,0	71,0	0,0	0,0
50189	Nonaspe	2015	Secano	978,0	580,0	0,0	0,0	0,0	0,0	1,0	31,0	3,0	0,0	0,0	0,0	533,0	0,0	0,0	12,0	0,0	182,0	0,0	182,0	0,0	216,0	216,0	0,0	0,0
50190	Novallas	2015	Regadío	141,0	45,0	0,0	0,0	0,0	0,0	0,0	0,0	0,0	0,0	0,0	0,0	45,0	0,0	0,0	0,0	0,0	3,0	0,0	3,0	0,0	93,0	93,0	0,0	0,0
50190	Novallas	2015	Secano	8,0	4,0	0,0	0,0	0,0	0,0	0,0	0,0	0,0	0,0	0,0	0,0	4,0	0,0	0,0	0,0	0,0	1,0	0,0	1,0	0,0	3,0	3,0	0,0	0,0
50191	Novillas	2015	Regadío	17,0	6,0	0,0	3,0	0,0	0,0	0,0	0,0	0,0	0,0	0,0	0,0	3,0	0,0	0,0	0,0	0,0	0,0	0,0	0,0	0,0	11,0	11,0	0,0	0,0
50191	Novillas	2015	Secano	1,0	0,0	0,0	0,0	0,0	0,0	0,0	0,0	0,0	0,0	0,0	0,0	0,0	0,0	0,0	0,0	0,0	0,0	0,0	0,0	0,0	1,0	1,0	0,0	0,0
50192	Nuévalos	2015	Regadío	0,0	0,0	0,0	0,0	0,0	0,0	0,0	0,0	0,0	0,0	0,0	0,0	0,0	0,0	0,0	0,0	0,0	0,0	0,0	0,0	0,0	0,0	0,0	0,0	0,0
50192	Nuévalos	2015	Secano	35,0	29,0	0,0	0,0	0,0	0,0	0,0	0,0	0,0	0,0	0,0	0,0	29,0	0,0	0,0	0,0	0,0	6,0	0,0	6,0	0,0	0,0	0,0	0,0	0,0
50193	Nuez de Ebro	2015	Regadío											0,0														
50193	Nuez de Ebro	2015	Secano											0,0														
50194	Olvés	2015	Regadío	52,0	51,0	2,0	0,0	0,0	0,0	42,0	4,0	3,0	0,0	0,0	0,0	0,0	0,0	0,0	0,0	0,0	1,0	0,0	1,0	0,0	0,0	0,0	0,0	0,0
50194	Olvés	2015	Secano	558,0	474,0	1,0	1,0	0,0	0,0	80,0	0,0	4,0	0,0	0,0	0,0	388,0	0,0	0,0	0,0	0,0	79,0	0,0	79,0	0,0	5,0	5,0	0,0	0,0
50195	Orcajo	2015	Regadío	0,0	0,0	0,0	0,0	0,0	0,0	0,0	0,0	0,0	0,0	0,0	0,0	0,0	0,0	0,0	0,0	0,0	0,0	0,0	0,0	0,0	0,0	0,0	0,0	0,0
50195	Orcajo	2015	Secano	56,0	33,0	0,0	0,0	0,0	0,0	1,0	0,0	0,0	0,0	0,0	0,0	32,0	0,0	0,0	0,0	0,0	23,0	0,0	23,0	0,0	0,0	0,0	0,0	0,0
50196	Orera	2015	Regadío	27,0	21,0	0,0	0,0	0,0	0,0	3,0	1,0	10,0	0,0	0,0	0,0	7,0	0,0	0,0	0,0	0,0	3,0	0,0	3,0	0,0	3,0	3,0	0,0	0,0
50196	Orera	2015	Secano	289,0	225,0	0,0	0,0	0,0	0,0	49,0	0,0	5,0	0,0	0,0	0,0	171,0	0,0	0,0	0,0	0,0	62,0	0,0	62,0	0,0	2,0	2,0	0,0	0,0
50197	Orés	2015	Regadío	0,0	0,0	0,0	0,0	0,0	0,0	0,0	0,0	0,0	0,0	0,0	0,0	0,0	0,0	0,0	0,0	0,0	0,0	0,0	0,0	0,0	0,0	0,0	0,0	0,0
50197	Orés	2015	Secano	131,0	127,0	0,0	0,0	0,0	0,0	0,0	0,0	0,0	0,0	0,0	0,0	127,0	0,0	0,0	0,0	0,0	4,0	0,0	4,0	0,0	0,0	0,0	0,0	0,0
50198	Oseja	2015	Regadío	2,0	0,0	0,0	0,0	0,0	0,0	0,0	0,0	0,0	0,0	0,0	0,0	0,0	0,0	0,0	0,0	0,0	0,0	0,0	0,0	0,0	2,0	2,0	0,0	0,0
50198	Oseja	2015	Secano	26,0	25,0	0,0	0,0	0,0	0,0	2,0	0,0	0,0	0,0	0,0	0,0	23,0	0,0	0,0	0,0	0,0	0,0	0,0	0,0	0,0	1,0	1,0	0,0	0,0
50199	Osera de Ebro	2015	Regadío	525,0	451,0	0,0	74,0	0,0	0,0	0,0	18,0	29,0	0,0	0,0	0,0	323,0	0,0	0,0	7,0	0,0	0,0	0,0	0,0	0,0	74,0	74,0	0,0	0,0
50199	Osera de Ebro	2015	Secano	0,0	0,0	0,0	0,0	0,0	0,0	0,0	0,0	0,0	0,0	0,0	0,0	0,0	0,0	0,0	0,0	0,0	0,0	0,0	0,0	0,0	0,0	0,0	0,0	0,0
50200	Paniza	2015	Regadío	101,0	1,0	0,0	0,0	0,0	0,0	1,0	0,0	0,0	0,0	0,0	0,0	0,0	0,0	0,0	0,0	0,0	100,0	0,0	100,0	0,0	0,0	0,0	0,0	0,0
50200	Paniza	2015	Secano	1419,0	35,0	0,0	0,0	0,0	0,0	3,0	0,0	0,0	0,0	0,0	0,0	31,0	0,0	0,0	0,0	1,0	1372,0	0,0	1372,0	0,0	12,0	12,0	0,0	0,0
50201	Paracuellos de Jiloca	2015	Regadío	128,0	127,0	37,0	58,0	0,0	1,0	2,0	16,0	12,0	0,0	0,0	0,0	1,0	0,0	0,0	0,0	0,0	1,0	0,0	1,0	0,0	0,0	0,0	0,0	0,0
50201	Paracuellos de Jiloca	2015	Secano	319,0	181,0	0,0	0,0	0,0	0,0	16,0	1,0	2,0	0,0	0,0	0,0	162,0	0,0	0,0	0,0	0,0	137,0	0,0	137,0	0,0	1,0	1,0	0,0	0,0
50202	Paracuellos de la Ribera	2015	Regadío	75,0	73,0	0,0	5,0	0,0	9,0	34,0	1,0	21,0	0,0	0,0	0,0	2,0	0,0	0,0	0,0	1,0	1,0	0,0	1,0	0,0	1,0	1,0	0,0	0,0
50202	Paracuellos de la Ribera	2015	Secano	99,0	78,0	1,0	0,0	0,0	2,0	49,0	0,0	1,0	0,0	0,0	0,0	25,0	0,0	0,0	0,0	0,0	9,0	0,0	9,0	0,0	12,0	12,0	0,0	0,0
50203	Pastriz	2015	Regadío	1,0	1,0	0,0	0,0	0,0	0,0	0,0	0,0	0,0	0,0	0,0	0,0	0,0	0,0	0,0	0,0	1,0	0,0	0,0	0,0	0,0	0,0	0,0	0,0	0,0
50203	Pastriz	2015	Secano	0,0	0,0	0,0	0,0	0,0	0,0	0,0	0,0	0,0	0,0	0,0	0,0	0,0	0,0	0,0	0,0	0,0	0,0	0,0	0,0	0,0	0,0	0,0	0,0	0,0
50204	Pedrola	2015	Regadío	51,0	18,0	0,0	0,0	0,0	0,0	0,0	0,0	0,0	0,0	0,0	0,0	0,0	18,0	0,0	0,0	0,0	0,0	0,0	0,0	0,0	33,0	33,0	0,0	0,0
50204	Pedrola	2015	Secano	2,0	0,0	0,0	0,0	0,0	0,0	0,0	0,0	0,0	0,0	0,0	0,0	0,0	0,0	0,0	0,0	0,0	0,0	0,0	0,0	0,0	2,0	2,0	0,0	0,0
50205	Pedrosas (Las)	2015	Regadío	0,0	0,0	0,0	0,0	0,0	0,0	0,0	0,0	0,0	0,0	0,0	0,0	0,0	0,0	0,0	0,0	0,0	0,0	0,0	0,0	0,0	0,0	0,0	0,0	0,0
50205	Pedrosas (Las)	2015	Secano	68,0	59,0	0,0	0,0	0,0	0,0	0,0	0,0	0,0	0,0	0,0	0,0	59,0	0,0	0,0	0,0	0,0	6,0	0,0	6,0	0,0	3,0	3,0	0,0	0,0
50206	Perdiguera	2015	Regadío	96,0	96,0	0,0	0,0	0,0	0,0	0,0	0,0	0,0	0,0	0,0	0,0	96,0	0,0	0,0	0,0	0,0	0,0	0,0	0,0	0,0	0,0	0,0	0,0	0,0
50206	Perdiguera	2015	Secano	291,0	263,0	0,0	0,0	0,0	0,0	0,0	0,0	0,0	0,0	0,0	0,0	263,0	0,0	0,0	0,0	0,0	4,0	0,0	4,0	0,0	24,0	24,0	0,0	0,0
50207	Piedratajada	2015	Regadío	8,0	7,0	0,0	0,0	0,0	0,0	0,0	0,0	0,0	0,0	0,0	0,0	7,0	0,0	0,0	0,0	0,0	0,0	0,0	0,0	0,0	1,0	1,0	0,0	0,0
50207	Piedratajada	2015	Secano	19,0	18,0	0,0	0,0	0,0	0,0	0,0	0,0	0,0	0,0	0,0	0,0	18,0	0,0	0,0	0,0	0,0	0,0	0,0	0,0	0,0	1,0	1,0	0,0	0,0
50208	Pina de Ebro	2015	Regadío	263,0	191,0	10,0	22,0	0,0	15,0	0,0	30,0	0,0	0,0	0,0	0,0	104,0	4,0	0,0	6,0	0,0	0,0	0,0	0,0	0,0	72,0	72,0	0,0	0,0
50208	Pina de Ebro	2015	Secano	68,0	11,0	4,0	1,0	0,0	0,0	0,0	0,0	0,0	0,0	0,0	0,0	6,0	0,0	0,0	0,0	0,0	0,0	0,0	0,0	0,0	57,0	57,0	0,0	0,0
50209	Pinseque	2015	Regadío	1,0	0,0	0,0	0,0	0,0	0,0	0,0	0,0	0,0	0,0	0,0	0,0	0,0	0,0	0,0	0,0	0,0	0,0	0,0	0,0	0,0	1,0	1,0	0,0	0,0
50209	Pinseque	2015	Secano	0,0	0,0	0,0	0,0	0,0	0,0	0,0	0,0	0,0	0,0	0,0	0,0	0,0	0,0	0,0	0,0	0,0	0,0	0,0	0,0	0,0	0,0	0,0	0,0	0,0
50210	Pintanos (Los)	2015	Regadío											0,0														
50210	Pintanos (Los)	2015	Secano											0,0														
50211	Plasencia de Jalón	2015	Regadío	167,0	154,0	78,0	7,0	0,0	1,0	0,0	17,0	2,0	0,0	0,0	0,0	39,0	0,0	0,0	10,0	0,0	0,0	0,0	0,0	0,0	13,0	13,0	0,0	0,0
50211	Plasencia de Jalón	2015	Secano	11,0	0,0	0,0	0,0	0,0	0,0	0,0	0,0	0,0	0,0	0,0	0,0	0,0	0,0	0,0	0,0	0,0	3,0	0,0	3,0	0,0	8,0	8,0	0,0	0,0
50212	Pleitas	2015	Regadío	18,0	13,0	7,0	3,0	0,0	0,0	0,0	2,0	1,0	0,0	0,0	0,0	0,0	0,0	0,0	0,0	0,0	2,0	0,0	2,0	0,0	3,0	3,0	0,0	0,0
50212	Pleitas	2015	Secano	0,0	0,0	0,0	0,0	0,0	0,0	0,0	0,0	0,0	0,0	0,0	0,0	0,0	0,0	0,0	0,0	0,0	0,0	0,0	0,0	0,0	0,0	0,0	0,0	0,0
50213	Plenas	2015	Regadío	2,0	2,0	0,0	0,0	0,0	0,0	0,0	0,0	0,0	0,0	0,0	0,0	2,0	0,0	0,0	0,0	0,0	0,0	0,0	0,0	0,0	0,0	0,0	0,0	0,0
50213	Plenas	2015	Secano	351,0	325,0	0,0	0,0	0,0	0,0	0,0	0,0	0,0	0,0	0,0	0,0	325,0	0,0	0,0	0,0	0,0	26,0	0,0	26,0	0,0	0,0	0,0	0,0	0,0
50214	Pomer	2015	Regadío											0,0														
50214	Pomer	2015	Secano											0,0														
50215	Pozuel de Ariza	2015	Regadío											0,0														
50215	Pozuel de Ariza	2015	Secano											0,0														
50216	Pozuelo de Aragón	2015	Regadío	53,0	11,0	0,0	0,0	0,0	0,0	0,0	0,0	0,0	0,0	0,0	0,0	11,0	0,0	0,0	0,0	0,0	37,0	0,0	37,0	0,0	5,0	5,0	0,0	0,0
50216	Pozuelo de Aragón	2015	Secano	82,0	14,0	0,0	0,0	0,0	0,0	0,0	0,0	0,0	0,0	0,0	0,0	14,0	0,0	0,0	0,0	0,0	64,0	0,0	64,0	0,0	4,0	4,0	0,0	0,0
50217	Pradilla de Ebro	2015	Regadío	2,0	1,0	0,0	1,0	0,0	0,0	0,0	0,0	0,0	0,0	0,0	0,0	0,0	0,0	0,0	0,0	0,0	0,0	0,0	0,0	0,0	1,0	1,0	0,0	0,0
50217	Pradilla de Ebro	2015	Secano	0,0	0,0	0,0	0,0	0,0	0,0	0,0	0,0	0,0	0,0	0,0	0,0	0,0	0,0	0,0	0,0	0,0	0,0	0,0	0,0	0,0	0,0	0,0	0,0	0,0
50218	Puebla de Albortón	2015	Regadío	0,0	0,0	0,0	0,0	0,0	0,0	0,0	0,0	0,0	0,0	0,0	0,0	0,0	0,0	0,0	0,0	0,0	0,0	0,0	0,0	0,0	0,0	0,0	0,0	0,0
50218	Puebla de Albortón	2015	Secano	27,0	23,0	0,0	0,0	0,0	0,0	0,0	0,0	0,0	0,0	0,0	0,0	23,0	0,0	0,0	0,0	0,0	3,0	0,0	3,0	0,0	1,0	1,0	0,0	0,0
50219	Puebla de Alfindén (La)	2015	Regadío											0,0														
50219	Puebla de Alfindén (La)	2015	Secano											0,0														
50220	Puendeluna	2015	Regadío	0,0	0,0	0,0	0,0	0,0	0,0	0,0	0,0	0,0	0,0	0,0	0,0	0,0	0,0	0,0	0,0	0,0	0,0	0,0	0,0	0,0	0,0	0,0	0,0	0,0
50220	Puendeluna	2015	Secano	10,0	8,0	0,0	0,0	0,0	0,0	0,0	0,0	0,0	0,0	0,0	0,0	8,0	0,0	0,0	0,0	0,0	0,0	0,0	0,0	0,0	1,0	1,0	0,0	1,0
50221	Purujosa	2015	Regadío											0,0														
50221	Purujosa	2015	Secano											0,0														
50222	Quinto	2015	Regadío	288,0	230,0	0,0	46,0	0,0	16,0	0,0	11,0	18,0	1,0	0,0	0,0	132,0	0,0	0,0	2,0	4,0	0,0	0,0	0,0	0,0	58,0	58,0	0,0	0,0
50222	Quinto	2015	Secano	18,0	12,0	0,0	0,0	0,0	0,0	0,0	0,0	0,0	0,0	0,0	0,0	12,0	0,0	0,0	0,0	0,0	0,0	0,0	0,0	0,0	6,0	6,0	0,0	0,0
50223	Remolinos	2015	Regadío	23,0	23,0	8,0	13,0	0,0	0,0	0,0	0,0	0,0	0,0	0,0	0,0	1,0	1,0	0,0	0,0	0,0	0,0	0,0	0,0	0,0	0,0	0,0	0,0	0,0
50223	Remolinos	2015	Secano	0,0	0,0	0,0	0,0	0,0	0,0	0,0	0,0	0,0	0,0	0,0	0,0	0,0	0,0	0,0	0,0	0,0	0,0	0,0	0,0	0,0	0,0	0,0	0,0	0,0
50224	Retascón	2015	Regadío	0,0	0,0	0,0	0,0	0,0	0,0	0,0	0,0	0,0	0,0	0,0	0,0	0,0	0,0	0,0	0,0	0,0	0,0	0,0	0,0	0,0	0,0	0,0	0,0	0,0
50224	Retascón	2015	Secano	3,0	3,0	0,0	0,0	0,0	0,0	0,0	0,0	0,0	0,0	0,0	0,0	3,0	0,0	0,0	0,0	0,0	0,0	0,0	0,0	0,0	0,0	0,0	0,0	0,0
50225	Ricla	2015	Regadío	2502,0	2391,0	27,0	32,0	0,0	189,0	849,0	849,0	41,0	0,0	0,0	0,0	85,0	0,0	0,0	310,0	9,0	9,0	5,0	4,0	0,0	102,0	102,0	0,0	0,0
50225	Ricla	2015	Secano	277,0	173,0	0,0	0,0	0,0	2,0	42,0	6,0	0,0	0,0	0,0	0,0	115,0	0,0	0,0	8,0	0,0	63,0	0,0	63,0	0,0	41,0	41,0	0,0	0,0
50227	Romanos	2015	Regadío											0,0														
50227	Romanos	2015	Secano											0,0														
50228	Rueda de Jalón	2015	Regadío	296,0	259,0	106,0	97,0	0,0	2,0	0,0	28,0	0,0	0,0	0,0	0,0	7,0	0,0	0,0	19,0	0,0	33,0	0,0	33,0	0,0	4,0	4,0	0,0	0,0
50228	Rueda de Jalón	2015	Secano	368,0	196,0	0,0	0,0	0,0	0,0	0,0	0,0	0,0	0,0	0,0	0,0	196,0	0,0	0,0	0,0	0,0	108,0	0,0	108,0	0,0	64,0	64,0	0,0	0,0
50229	Ruesca	2015	Regadío	80,0	26,0	0,0	0,0	0,0	0,0	21,0	0,0	2,0	0,0	0,0	0,0	3,0	0,0	0,0	0,0	0,0	54,0	0,0	54,0	0,0	0,0	0,0	0,0	0,0
50229	Ruesca	2015	Secano	219,0	128,0	0,0	0,0	0,0	1,0	32,0	0,0	3,0	0,0	0,0	0,0	92,0	0,0	0,0	0,0	0,0	90,0	0,0	90,0	0,0	1,0	1,0	0,0	0,0
50230	Sádaba	2015	Regadío	27,0	22,0	0,0	0,0	0,0	0,0	0,0	0,0	0,0	0,0	0,0	0,0	21,0	1,0	0,0	0,0	0,0	0,0	0,0	0,0	0,0	5,0	5,0	0,0	0,0
50230	Sádaba	2015	Secano	7,0	6,0	0,0	0,0	0,0	0,0	0,0	0,0	0,0	0,0	0,0	0,0	6,0	0,0	0,0	0,0	0,0	0,0	0,0	0,0	0,0	1,0	1,0	0,0	0,0
50231	Salillas de Jalón	2015	Regadío	39,0	38,0	30,0	4,0	0,0	1,0	0,0	2,0	0,0	0,0	0,0	0,0	1,0	0,0	0,0	0,0	0,0	0,0	0,0	0,0	0,0	1,0	1,0	0,0	0,0
50231	Salillas de Jalón	2015	Secano	0,0	0,0	0,0	0,0	0,0	0,0	0,0	0,0	0,0	0,0	0,0	0,0	0,0	0,0	0,0	0,0	0,0	0,0	0,0	0,0	0,0	0,0	0,0	0,0	0,0
50232	Salvatierra de Esca	2015	Regadío											0,0														
50232	Salvatierra de Esca	2015	Secano											0,0														
50233	Samper del Salz	2015	Regadío	8,0	6,0	1,0	4,0	0,0	0,0	0,0	0,0	1,0	0,0	0,0	0,0	0,0	0,0	0,0	0,0	0,0	1,0	0,0	1,0	0,0	1,0	1,0	0,0	0,0
50233	Samper del Salz	2015	Secano	9,0	3,0	0,0	0,0	0,0	0,0	0,0	0,0	0,0	0,0	0,0	0,0	3,0	0,0	0,0	0,0	0,0	6,0	0,0	6,0	0,0	0,0	0,0	0,0	0,0
50234	San Martín de la Virgen de Moncayo	2015	Regadío	2,0	1,0	0,0	0,0	0,0	0,0	0,0	0,0	0,0	0,0	0,0	0,0	1,0	0,0	0,0	0,0	0,0	0,0	0,0	0,0	0,0	1,0	1,0	0,0	0,0
50234	San Martín de la Virgen de Moncayo	2015	Secano	2,0	1,0	0,0	0,0	0,0	0,0	0,0	0,0	0,0	0,0	0,0	0,0	1,0	0,0	0,0	0,0	0,0	1,0	0,0	1,0	0,0	0,0	0,0	0,0	0,0
50235	San Mateo de Gállego	2015	Regadío	17,0	4,0	0,0	3,0	0,0	0,0	0,0	0,0	0,0	0,0	0,0	0,0	0,0	1,0	0,0	0,0	0,0	1,0	0,0	1,0	0,0	12,0	12,0	0,0	0,0
50235	San Mateo de Gállego	2015	Secano	28,0	12,0	0,0	0,0	0,0	1,0	0,0	0,0	0,0	0,0	0,0	0,0	8,0	0,0	0,0	0,0	3,0	13,0	0,0	13,0	0,0	3,0	3,0	0,0	0,0
50236	Santa Cruz de Grío	2015	Regadío	24,0	8,0	0,0	0,0	0,0	0,0	5,0	2,0	0,0	0,0	0,0	0,0	1,0	0,0	0,0	0,0	0,0	0,0	0,0	0,0	0,0	16,0	16,0	0,0	0,0
50236	Santa Cruz de Grío	2015	Secano	186,0	104,0	0,0	0,0	0,0	0,0	43,0	0,0	0,0	0,0	0,0	0,0	61,0	0,0	0,0	0,0	0,0	16,0	0,0	16,0	0,0	66,0	66,0	0,0	0,0
50237	Santa Cruz de Moncayo	2015	Regadío	15,0	2,0	0,0	0,0	0,0	0,0	0,0	0,0	0,0	0,0	0,0	0,0	2,0	0,0	0,0	0,0	0,0	1,0	0,0	1,0	0,0	12,0	12,0	0,0	0,0
50237	Santa Cruz de Moncayo	2015	Secano	4,0	2,0	0,0	0,0	0,0	0,0	0,0	0,0	0,0	0,0	0,0	0,0	2,0	0,0	0,0	0,0	0,0	1,0	0,0	1,0	0,0	1,0	1,0	0,0	0,0
50238	Santa Eulalia de Gállego	2015	Regadío	0,0	0,0	0,0	0,0	0,0	0,0	0,0	0,0	0,0	0,0	0,0	0,0	0,0	0,0	0,0	0,0	0,0	0,0	0,0	0,0	0,0	0,0	0,0	0,0	0,0
50238	Santa Eulalia de Gállego	2015	Secano	114,0	92,0	0,0	0,0	0,0	0,0	0,0	0,0	0,0	0,0	0,0	0,0	92,0	0,0	0,0	0,0	0,0	4,0	0,0	4,0	0,0	18,0	18,0	0,0	0,0
50239	Santed	2015	Regadío											0,0														
50239	Santed	2015	Secano											0,0														
50240	Sástago	2015	Regadío	751,0	423,0	0,0	33,0	0,0	47,0	62,0	140,0	37,0	0,0	0,0	0,0	0,0	0,0	0,0	104,0	0,0	15,0	15,0	0,0	0,0	313,0	313,0	0,0	0,0
50240	Sástago	2015	Secano	13,0	9,0	0,0	0,0	0,0	0,0	0,0	0,0	0,0	0,0	0,0	0,0	9,0	0,0	0,0	0,0	0,0	2,0	0,0	2,0	0,0	2,0	2,0	0,0	0,0
50241	Saviñán	2015	Regadío	141,0	111,0	5,0	16,0	0,0	22,0	20,0	0,0	47,0	0,0	0,0	0,0	1,0	0,0	0,0	0,0	0,0	0,0	0,0	0,0	0,0	23,0	23,0	0,0	7,0
50241	Saviñán	2015	Secano	161,0	122,0	1,0	0,0	0,0	5,0	29,0	1,0	3,0	0,0	0,0	0,0	83,0	0,0	0,0	0,0	0,0	0,0	0,0	0,0	0,0	39,0	39,0	0,0	0,0
50242	Sediles	2015	Regadío	19,0	0,0	0,0	0,0	0,0	0,0	0,0	0,0	0,0	0,0	0,0	0,0	0,0	0,0	0,0	0,0	0,0	0,0	0,0	0,0	0,0	19,0	19,0	0,0	0,0
50242	Sediles	2015	Secano	113,0	90,0	0,0	0,0	0,0	0,0	11,0	0,0	0,0	0,0	0,0	0,0	79,0	0,0	0,0	0,0	0,0	7,0	0,0	7,0	0,0	16,0	16,0	0,0	0,0
50243	Sestrica	2015	Regadío	62,0	45,0	0,0	0,0	0,0	0,0	39,0	0,0	2,0	0,0	0,0	0,0	4,0	0,0	0,0	0,0	0,0	0,0	0,0	0,0	0,0	17,0	17,0	0,0	0,0
50243	Sestrica	2015	Secano	394,0	319,0	1,0	0,0	0,0	0,0	137,0	0,0	3,0	0,0	0,0	0,0	178,0	0,0	0,0	0,0	0,0	16,0	0,0	16,0	0,0	59,0	59,0	0,0	0,0
50244	Sierra de Luna	2015	Regadío	21,0	2,0	0,0	0,0	0,0	0,0	0,0	0,0	0,0	0,0	0,0	0,0	2,0	0,0	0,0	0,0	0,0	0,0	0,0	0,0	0,0	19,0	19,0	0,0	0,0
50244	Sierra de Luna	2015	Secano	405,0	320,0	0,0	0,0	0,0	0,0	0,0	0,0	0,0	0,0	0,0	0,0	320,0	0,0	0,0	0,0	0,0	17,0	0,0	17,0	0,0	68,0	68,0	0,0	0,0
50245	Sigüés	2015	Regadío	0,0	0,0	0,0	0,0	0,0	0,0	0,0	0,0	0,0	0,0	0,0	0,0	0,0	0,0	0,0	0,0	0,0	0,0	0,0	0,0	0,0	0,0	0,0	0,0	0,0
50245	Sigüés	2015	Secano	4,0	0,0	0,0	0,0	0,0	0,0	0,0	0,0	0,0	0,0	0,0	0,0	0,0	0,0	0,0	0,0	0,0	4,0	0,0	4,0	0,0	0,0	0,0	0,0	0,0
50246	Sisamón	2015	Regadío	0,0	0,0	0,0	0,0	0,0	0,0	0,0	0,0	0,0	0,0	0,0	0,0	0,0	0,0	0,0	0,0	0,0	0,0	0,0	0,0	0,0	0,0	0,0	0,0	0,0
50246	Sisamón	2015	Secano	1,0	1,0	0,0	0,0	0,0	0,0	0,0	0,0	0,0	0,0	0,0	0,0	1,0	0,0	0,0	0,0	0,0	0,0	0,0	0,0	0,0	0,0	0,0	0,0	0,0
50247	Sobradiel	2015	Regadío											0,0														
50247	Sobradiel	2015	Secano											0,0														
50248	Sos del Rey Católico	2015	Regadío	0,0	0,0	0,0	0,0	0,0	0,0	0,0	0,0	0,0	0,0	0,0	0,0	0,0	0,0	0,0	0,0	0,0	0,0	0,0	0,0	0,0	0,0	0,0	0,0	0,0
50248	Sos del Rey Católico	2015	Secano	50,0	47,0	0,0	0,0	0,0	0,0	0,0	0,0	0,0	0,0	0,0	0,0	47,0	0,0	0,0	0,0	0,0	2,0	0,0	2,0	0,0	1,0	1,0	0,0	0,0
50249	Tabuenca	2015	Regadío	2,0	0,0	0,0	0,0	0,0	0,0	0,0	0,0	0,0	0,0	0,0	0,0	0,0	0,0	0,0	0,0	0,0	2,0	0,0	2,0	0,0	0,0	0,0	0,0	0,0
50249	Tabuenca	2015	Secano	1238,0	750,0	0,0	0,0	0,0	0,0	0,0	0,0	0,0	0,0	0,0	0,0	750,0	0,0	0,0	0,0	0,0	403,0	0,0	403,0	0,0	85,0	85,0	0,0	0,0
50250	Talamantes	2015	Regadío											0,0														
50250	Talamantes	2015	Secano											0,0														
50251	Tarazona	2015	Regadío	221,0	97,0	3,0	4,0	0,0	3,0	13,0	0,0	0,0	0,0	0,0	0,0	72,0	2,0	0,0	0,0	0,0	6,0	0,0	6,0	0,0	118,0	118,0	0,0	0,0
50251	Tarazona	2015	Secano	139,0	91,0	0,0	0,0	0,0	0,0	0,0	0,0	0,0	0,0	0,0	0,0	91,0	0,0	0,0	0,0	0,0	27,0	0,0	27,0	0,0	21,0	21,0	0,0	0,0
50252	Tauste	2015	Regadío	247,0	77,0	5,0	6,0	0,0	1,0	0,0	3,0	0,0	0,0	0,0	0,0	59,0	2,0	0,0	0,0	1,0	1,0	0,0	1,0	0,0	167,0	167,0	0,0	2,0
50252	Tauste	2015	Secano	7,0	1,0	0,0	0,0	0,0	0,0	0,0	0,0	0,0	0,0	0,0	0,0	1,0	0,0	0,0	0,0	0,0	5,0	0,0	5,0	0,0	1,0	1,0	0,0	0,0
50253	Terrer	2015	Regadío	111,0	86,0	28,0	32,0	0,0	0,0	11,0	7,0	7,0	0,0	0,0	0,0	1,0	0,0	0,0	0,0	0,0	0,0	0,0	0,0	0,0	0,0	0,0	0,0	25,0
50253	Terrer	2015	Secano	72,0	41,0	0,0	0,0	0,0	0,0	5,0	0,0	0,0	0,0	0,0	0,0	36,0	0,0	0,0	0,0	0,0	31,0	0,0	31,0	0,0	0,0	0,0	0,0	0,0
50254	Tierga	2015	Regadío	36,0	20,0	3,0	0,0	0,0	0,0	5,0	0,0	0,0	0,0	0,0	0,0	12,0	0,0	0,0	0,0	0,0	1,0	0,0	1,0	0,0	15,0	15,0	0,0	0,0
50254	Tierga	2015	Secano	772,0	692,0	1,0	0,0	0,0	3,0	21,0	0,0	0,0	0,0	0,0	0,0	667,0	0,0	0,0	0,0	0,0	42,0	0,0	42,0	0,0	38,0	38,0	0,0	0,0
50255	Tobed	2015	Regadío	24,0	19,0	0,0	0,0	0,0	0,0	10,0	9,0	0,0	0,0	0,0	0,0	0,0	0,0	0,0	0,0	0,0	0,0	0,0	0,0	0,0	5,0	5,0	0,0	0,0
50255	Tobed	2015	Secano	82,0	65,0	0,0	0,0	0,0	0,0	42,0	1,0	0,0	0,0	0,0	0,0	22,0	0,0	0,0	0,0	0,0	5,0	0,0	5,0	0,0	12,0	12,0	0,0	0,0
50256	Torralba de los Frailes	2015	Regadío	0,0	0,0	0,0	0,0	0,0	0,0	0,0	0,0	0,0	0,0	0,0	0,0	0,0	0,0	0,0	0,0	0,0	0,0	0,0	0,0	0,0	0,0	0,0	0,0	0,0
50256	Torralba de los Frailes	2015	Secano	1,0	1,0	0,0	0,0	0,0	0,0	0,0	0,0	0,0	0,0	0,0	0,0	1,0	0,0	0,0	0,0	0,0	0,0	0,0	0,0	0,0	0,0	0,0	0,0	0,0
50257	Torralba de Ribota	2015	Regadío	60,0	27,0	0,0	2,0	0,0	0,0	1,0	0,0	1,0	0,0	0,0	0,0	23,0	0,0	0,0	0,0	0,0	31,0	0,0	31,0	0,0	2,0	2,0	0,0	0,0
50257	Torralba de Ribota	2015	Secano	390,0	283,0	0,0	1,0	0,0	0,0	35,0	1,0	0,0	0,0	0,0	0,0	246,0	0,0	0,0	0,0	0,0	83,0	0,0	83,0	0,0	24,0	24,0	0,0	0,0
50258	Torralbilla	2015	Regadío	0,0	0,0	0,0	0,0	0,0	0,0	0,0	0,0	0,0	0,0	0,0	0,0	0,0	0,0	0,0	0,0	0,0	0,0	0,0	0,0	0,0	0,0	0,0	0,0	0,0
50258	Torralbilla	2015	Secano	6,0	1,0	0,0	0,0	0,0	0,0	0,0	0,0	0,0	0,0	0,0	0,0	1,0	0,0	0,0	0,0	0,0	5,0	0,0	5,0	0,0	0,0	0,0	0,0	0,0
50259	Torrehermosa	2015	Regadío											0,0														
50259	Torrehermosa	2015	Secano											0,0														
50260	Torrelapaja	2015	Regadío											0,0														
50260	Torrelapaja	2015	Secano											0,0														
50261	Torrellas	2015	Regadío	9,0	8,0	0,0	0,0	0,0	0,0	0,0	0,0	0,0	0,0	0,0	0,0	7,0	1,0	0,0	0,0	0,0	0,0	0,0	0,0	0,0	1,0	1,0	0,0	0,0
50261	Torrellas	2015	Secano	1,0	1,0	0,0	0,0	0,0	0,0	0,0	0,0	0,0	0,0	0,0	0,0	1,0	0,0	0,0	0,0	0,0	0,0	0,0	0,0	0,0	0,0	0,0	0,0	0,0
50262	Torres de Berrellén	2015	Regadío	186,0	185,0	15,0	75,0	0,0	20,0	3,0	23,0	4,0	0,0	0,0	0,0	9,0	0,0	0,0	36,0	0,0	0,0	0,0	0,0	0,0	1,0	1,0	0,0	0,0
50262	Torres de Berrellén	2015	Secano	0,0	0,0	0,0	0,0	0,0	0,0	0,0	0,0	0,0	0,0	0,0	0,0	0,0	0,0	0,0	0,0	0,0	0,0	0,0	0,0	0,0	0,0	0,0	0,0	0,0
50263	Torrijo de la Cañada	2015	Regadío	51,0	51,0	16,0	20,0	0,0	0,0	6,0	8,0	1,0	0,0	0,0	0,0	0,0	0,0	0,0	0,0	0,0	0,0	0,0	0,0	0,0	0,0	0,0	0,0	0,0
50263	Torrijo de la Cañada	2015	Secano	153,0	68,0	1,0	0,0	0,0	1,0	26,0	3,0	4,0	0,0	0,0	0,0	33,0	0,0	0,0	0,0	0,0	83,0	1,0	82,0	0,0	2,0	2,0	0,0	0,0
50264	Tosos	2015	Regadío	90,0	0,0	0,0	0,0	0,0	0,0	0,0	0,0	0,0	0,0	0,0	0,0	0,0	0,0	0,0	0,0	0,0	90,0	0,0	90,0	0,0	0,0	0,0	0,0	0,0
50264	Tosos	2015	Secano	973,0	308,0	0,0	0,0	0,0	0,0	1,0	0,0	0,0	0,0	0,0	0,0	306,0	0,0	0,0	0,0	1,0	643,0	0,0	643,0	0,0	22,0	22,0	0,0	0,0
50265	Trasmoz	2015	Regadío	29,0	15,0	0,0	0,0	0,0	0,0	0,0	0,0	0,0	0,0	0,0	0,0	15,0	0,0	0,0	0,0	0,0	7,0	0,0	7,0	0,0	7,0	7,0	0,0	0,0
50265	Trasmoz	2015	Secano	80,0	58,0	0,0	0,0	0,0	0,0	0,0	0,0	0,0	0,0	0,0	0,0	55,0	0,0	0,0	0,0	3,0	20,0	0,0	20,0	0,0	2,0	2,0	0,0	0,0
50266	Trasobares	2015	Regadío	2,0	1,0	0,0	0,0	0,0	0,0	0,0	0,0	0,0	0,0	0,0	0,0	1,0	0,0	0,0	0,0	0,0	0,0	0,0	0,0	0,0	1,0	1,0	0,0	0,0
50266	Trasobares	2015	Secano	140,0	110,0	0,0	0,0	0,0	0,0	0,0	0,0	0,0	0,0	0,0	0,0	110,0	0,0	0,0	0,0	0,0	15,0	0,0	15,0	0,0	15,0	15,0	0,0	0,0
50267	Uncastillo	2015	Regadío	0,0	0,0	0,0	0,0	0,0	0,0	0,0	0,0	0,0	0,0	0,0	0,0	0,0	0,0	0,0	0,0	0,0	0,0	0,0	0,0	0,0	0,0	0,0	0,0	0,0
50267	Uncastillo	2015	Secano	92,0	69,0	0,0	0,0	0,0	0,0	0,0	0,0	0,0	0,0	0,0	0,0	69,0	0,0	0,0	0,0	0,0	23,0	0,0	23,0	0,0	0,0	0,0	0,0	0,0
50268	Undués de Lerda	2015	Regadío											0,0														
50268	Undués de Lerda	2015	Secano											0,0														
50269	Urrea de Jalón	2015	Regadío	164,0	161,0	66,0	28,0	0,0	0,0	1,0	33,0	1,0	0,0	0,0	0,0	2,0	0,0	0,0	30,0	0,0	0,0	0,0	0,0	0,0	3,0	3,0	0,0	0,0
50269	Urrea de Jalón	2015	Secano	27,0	5,0	0,0	0,0	0,0	0,0	0,0	0,0	0,0	0,0	0,0	0,0	5,0	0,0	0,0	0,0	0,0	5,0	0,0	5,0	0,0	17,0	17,0	0,0	0,0
50270	Urriés	2015	Regadío	0,0	0,0	0,0	0,0	0,0	0,0	0,0	0,0	0,0	0,0	0,0	0,0	0,0	0,0	0,0	0,0	0,0	0,0	0,0	0,0	0,0	0,0	0,0	0,0	0,0
50270	Urriés	2015	Secano	7,0	4,0	0,0	0,0	0,0	0,0	0,0	0,0	0,0	0,0	0,0	0,0	4,0	0,0	0,0	0,0	0,0	3,0	0,0	3,0	0,0	0,0	0,0	0,0	0,0
50271	Used	2015	Regadío											0,0														
50271	Used	2015	Secano											0,0														
50272	Utebo	2015	Regadío											0,0														
50272	Utebo	2015	Secano											0,0														
50273	Valdehorna	2015	Regadío	0,0	0,0	0,0	0,0	0,0	0,0	0,0	0,0	0,0	0,0	0,0	0,0	0,0	0,0	0,0	0,0	0,0	0,0	0,0	0,0	0,0	0,0	0,0	0,0	0,0
50273	Valdehorna	2015	Secano	127,0	76,0	0,0	0,0	0,0	0,0	4,0	0,0	0,0	0,0	0,0	0,0	71,0	0,0	0,0	0,0	1,0	51,0	0,0	51,0	0,0	0,0	0,0	0,0	0,0
50274	Val de San Martín	2015	Regadío	4,0	4,0	0,0	0,0	0,0	0,0	4,0	0,0	0,0	0,0	0,0	0,0	0,0	0,0	0,0	0,0	0,0	0,0	0,0	0,0	0,0	0,0	0,0	0,0	0,0
50274	Val de San Martín	2015	Secano	52,0	31,0	0,0	0,0	0,0	0,0	2,0	0,0	0,0	0,0	0,0	0,0	28,0	0,0	0,0	0,0	1,0	21,0	0,0	21,0	0,0	0,0	0,0	0,0	0,0
50275	Valmadrid	2015	Regadío	0,0	0,0	0,0	0,0	0,0	0,0	0,0	0,0	0,0	0,0	0,0	0,0	0,0	0,0	0,0	0,0	0,0	0,0	0,0	0,0	0,0	0,0	0,0	0,0	0,0
50275	Valmadrid	2015	Secano	7,0	0,0	0,0	0,0	0,0	0,0	0,0	0,0	0,0	0,0	0,0	0,0	0,0	0,0	0,0	0,0	0,0	5,0	0,0	5,0	0,0	2,0	2,0	0,0	0,0
50276	Valpalmas	2015	Regadío	0,0	0,0	0,0	0,0	0,0	0,0	0,0	0,0	0,0	0,0	0,0	0,0	0,0	0,0	0,0	0,0	0,0	0,0	0,0	0,0	0,0	0,0	0,0	0,0	0,0
50276	Valpalmas	2015	Secano	24,0	19,0	0,0	0,0	0,0	0,0	0,0	0,0	0,0	0,0	0,0	0,0	19,0	0,0	0,0	0,0	0,0	4,0	0,0	4,0	0,0	1,0	1,0	0,0	0,0
50277	Valtorres	2015	Regadío	4,0	4,0	0,0	0,0	0,0	0,0	3,0	0,0	0,0	0,0	0,0	0,0	1,0	0,0	0,0	0,0	0,0	0,0	0,0	0,0	0,0	0,0	0,0	0,0	0,0
50277	Valtorres	2015	Secano	57,0	47,0	0,0	0,0	0,0	0,0	5,0	0,0	0,0	0,0	0,0	0,0	42,0	0,0	0,0	0,0	0,0	10,0	0,0	10,0	0,0	0,0	0,0	0,0	0,0
50278	Velilla de Ebro	2015	Regadío	0,0	0,0	0,0	0,0	0,0	0,0	0,0	0,0	0,0	0,0	0,0	0,0	0,0	0,0	0,0	0,0	0,0	0,0	0,0	0,0	0,0	0,0	0,0	0,0	0,0
50278	Velilla de Ebro	2015	Secano	1,0	1,0	0,0	0,0	0,0	0,0	0,0	0,0	0,0	0,0	0,0	0,0	1,0	0,0	0,0	0,0	0,0	0,0	0,0	0,0	0,0	0,0	0,0	0,0	0,0
50279	Velilla de Jiloca	2015	Regadío	99,0	87,0	18,0	41,0	0,0	0,0	3,0	20,0	4,0	0,0	0,0	0,0	1,0	0,0	0,0	0,0	0,0	12,0	0,0	12,0	0,0	0,0	0,0	0,0	0,0
50279	Velilla de Jiloca	2015	Secano	53,0	39,0	1,0	1,0	0,0	0,0	2,0	2,0	1,0	0,0	0,0	0,0	32,0	0,0	0,0	0,0	0,0	14,0	0,0	14,0	0,0	0,0	0,0	0,0	0,0
50280	Vera de Moncayo	2015	Regadío	140,0	56,0	0,0	0,0	0,0	0,0	0,0	0,0	0,0	0,0	0,0	0,0	55,0	0,0	0,0	0,0	1,0	47,0	0,0	47,0	0,0	37,0	37,0	0,0	0,0
50280	Vera de Moncayo	2015	Secano	192,0	172,0	0,0	0,0	0,0	0,0	0,0	0,0	0,0	0,0	0,0	0,0	171,0	0,0	0,0	0,0	1,0	9,0	0,0	9,0	0,0	11,0	11,0	0,0	0,0
50281	Vierlas	2015	Regadío	42,0	4,0	0,0	0,0	0,0	0,0	0,0	0,0	0,0	0,0	0,0	0,0	4,0	0,0	0,0	0,0	0,0	25,0	0,0	25,0	0,0	13,0	13,0	0,0	0,0
50281	Vierlas	2015	Secano	21,0	0,0	0,0	0,0	0,0	0,0	0,0	0,0	0,0	0,0	0,0	0,0	0,0	0,0	0,0	0,0	0,0	21,0	0,0	21,0	0,0	0,0	0,0	0,0	0,0
50282	Vilueña (La)	2015	Regadío	44,0	41,0	4,0	0,0	0,0	0,0	29,0	6,0	0,0	0,0	0,0	0,0	2,0	0,0	0,0	0,0	0,0	3,0	0,0	3,0	0,0	0,0	0,0	0,0	0,0
50282	Vilueña (La)	2015	Secano	86,0	77,0	1,0	2,0	0,0	0,0	24,0	1,0	2,0	0,0	0,0	0,0	47,0	0,0	0,0	0,0	0,0	9,0	0,0	9,0	0,0	0,0	0,0	0,0	0,0
50283	Villadoz	2015	Regadío											0,0														
50283	Villadoz	2015	Secano											0,0														
50284	Villafeliche	2015	Regadío	31,0	31,0	1,0	22,0	0,0	0,0	2,0	2,0	4,0	0,0	0,0	0,0	0,0	0,0	0,0	0,0	0,0	0,0	0,0	0,0	0,0	0,0	0,0	0,0	0,0
50284	Villafeliche	2015	Secano	114,0	81,0	0,0	2,0	0,0	1,0	14,0	0,0	1,0	0,0	0,0	0,0	63,0	0,0	0,0	0,0	0,0	33,0	0,0	33,0	0,0	0,0	0,0	0,0	0,0
50285	Villafranca de Ebro	2015	Regadío	1,0	0,0	0,0	0,0	0,0	0,0	0,0	0,0	0,0	0,0	0,0	0,0	0,0	0,0	0,0	0,0	0,0	0,0	0,0	0,0	0,0	1,0	1,0	0,0	0,0
50285	Villafranca de Ebro	2015	Secano	0,0	0,0	0,0	0,0	0,0	0,0	0,0	0,0	0,0	0,0	0,0	0,0	0,0	0,0	0,0	0,0	0,0	0,0	0,0	0,0	0,0	0,0	0,0	0,0	0,0
50286	Villalba de Perejil	2015	Regadío	18,0	13,0	0,0	2,0	0,0	0,0	1,0	2,0	7,0	0,0	0,0	0,0	1,0	0,0	0,0	0,0	0,0	5,0	0,0	5,0	0,0	0,0	0,0	0,0	0,0
50286	Villalba de Perejil	2015	Secano	101,0	80,0	0,0	0,0	0,0	0,0	8,0	0,0	2,0	0,0	0,0	0,0	70,0	0,0	0,0	0,0	0,0	20,0	0,0	20,0	0,0	1,0	1,0	0,0	0,0
50287	Villalengua	2015	Regadío	127,0	127,0	35,0	59,0	0,0	0,0	11,0	19,0	3,0	0,0	0,0	0,0	0,0	0,0	0,0	0,0	0,0	0,0	0,0	0,0	0,0	0,0	0,0	0,0	0,0
50287	Villalengua	2015	Secano	144,0	79,0	3,0	2,0	0,0	0,0	33,0	7,0	8,0	0,0	0,0	0,0	25,0	1,0	0,0	0,0	0,0	64,0	0,0	64,0	0,0	1,0	1,0	0,0	0,0
50288	Villanueva de Gállego	2015	Regadío	5,0	5,0	0,0	0,0	0,0	0,0	0,0	0,0	0,0	0,0	0,0	0,0	5,0	0,0	0,0	0,0	0,0	0,0	0,0	0,0	0,0	0,0	0,0	0,0	0,0
50288	Villanueva de Gállego	2015	Secano	4,0	1,0	0,0	0,0	0,0	0,0	0,0	0,0	0,0	0,0	0,0	0,0	1,0	0,0	0,0	0,0	0,0	2,0	0,0	2,0	0,0	1,0	1,0	0,0	0,0
50289	Villanueva de Jiloca	2015	Regadío	4,0	4,0	0,0	0,0	0,0	0,0	0,0	0,0	0,0	0,0	0,0	0,0	0,0	4,0	0,0	0,0	0,0	0,0	0,0	0,0	0,0	0,0	0,0	0,0	0,0
50289	Villanueva de Jiloca	2015	Secano	37,0	10,0	0,0	0,0	0,0	0,0	1,0	0,0	0,0	0,0	0,0	0,0	9,0	0,0	0,0	0,0	0,0	27,0	0,0	27,0	0,0	0,0	0,0	0,0	0,0
50290	Villanueva de Huerva	2015	Regadío	70,0	0,0	0,0	0,0	0,0	0,0	0,0	0,0	0,0	0,0	0,0	0,0	0,0	0,0	0,0	0,0	0,0	70,0	0,0	70,0	0,0	0,0	0,0	0,0	0,0
50290	Villanueva de Huerva	2015	Secano	505,0	137,0	0,0	0,0	0,0	0,0	0,0	0,0	0,0	0,0	0,0	0,0	137,0	0,0	0,0	0,0	0,0	345,0	0,0	345,0	0,0	23,0	23,0	0,0	0,0
50291	Villar de los Navarros	2015	Regadío	0,0	0,0	0,0	0,0	0,0	0,0	0,0	0,0	0,0	0,0	0,0	0,0	0,0	0,0	0,0	0,0	0,0	0,0	0,0	0,0	0,0	0,0	0,0	0,0	0,0
50291	Villar de los Navarros	2015	Secano	273,0	272,0	0,0	0,0	0,0	0,0	0,0	0,0	0,0	0,0	0,0	0,0	272,0	0,0	0,0	0,0	0,0	1,0	0,0	1,0	0,0	0,0	0,0	0,0	0,0
50292	Villarreal de Huerva	2015	Regadío	0,0	0,0	0,0	0,0	0,0	0,0	0,0	0,0	0,0	0,0	0,0	0,0	0,0	0,0	0,0	0,0	0,0	0,0	0,0	0,0	0,0	0,0	0,0	0,0	0,0
50292	Villarreal de Huerva	2015	Secano	1,0	1,0	0,0	0,0	0,0	0,0	0,0	0,0	0,0	0,0	0,0	0,0	1,0	0,0	0,0	0,0	0,0	0,0	0,0	0,0	0,0	0,0	0,0	0,0	0,0
50293	Villarroya de la Sierra	2015	Regadío	82,0	34,0	1,0	2,0	0,0	0,0	6,0	1,0	15,0	0,0	0,0	0,0	9,0	0,0	0,0	0,0	0,0	48,0	0,0	48,0	0,0	0,0	0,0	0,0	0,0
50293	Villarroya de la Sierra	2015	Secano	1055,0	688,0	0,0	1,0	0,0	1,0	116,0	1,0	6,0	0,0	0,0	0,0	563,0	0,0	0,0	0,0	0,0	365,0	0,0	365,0	0,0	2,0	2,0	0,0	0,0
50294	Villarroya del Campo	2015	Regadío	0,0	0,0	0,0	0,0	0,0	0,0	0,0	0,0	0,0	0,0	0,0	0,0	0,0	0,0	0,0	0,0	0,0	0,0	0,0	0,0	0,0	0,0	0,0	0,0	0,0
50294	Villarroya del Campo	2015	Secano	2,0	2,0	0,0	0,0	0,0	0,0	0,0	0,0	0,0	0,0	0,0	0,0	2,0	0,0	0,0	0,0	0,0	0,0	0,0	0,0	0,0	0,0	0,0	0,0	0,0
50295	Vistabella	2015	Regadío	0,0	0,0	0,0	0,0	0,0	0,0	0,0	0,0	0,0	0,0	0,0	0,0	0,0	0,0	0,0	0,0	0,0	0,0	0,0	0,0	0,0	0,0	0,0	0,0	0,0
50295	Vistabella	2015	Secano	35,0	27,0	0,0	0,0	0,0	0,0	0,0	0,0	0,0	0,0	0,0	0,0	27,0	0,0	0,0	0,0	0,0	8,0	0,0	8,0	0,0	0,0	0,0	0,0	0,0
50296	Zaida (La)	2015	Regadío	1,0	0,0	0,0	0,0	0,0	0,0	0,0	0,0	0,0	0,0	0,0	0,0	0,0	0,0	0,0	0,0	0,0	0,0	0,0	0,0	0,0	1,0	1,0	0,0	0,0
50296	Zaida (La)	2015	Secano	1,0	0,0	0,0	0,0	0,0	0,0	0,0	0,0	0,0	0,0	0,0	0,0	0,0	0,0	0,0	0,0	0,0	0,0	0,0	0,0	0,0	1,0	1,0	0,0	0,0
50297	Zaragoza	2015	Regadío	660,0	545,0	0,0	7,0	0,0	149,0	6,0	17,0	4,0	0,0	0,0	0,0	275,0	9,0	0,0	76,0	2,0	1,0	0,0	1,0	0,0	112,0	112,0	0,0	2,0
50297	Zaragoza	2015	Secano	143,0	75,0	0,0	0,0	0,0	0,0	0,0	0,0	0,0	0,0	0,0	0,0	74,0	0,0	0,0	0,0	1,0	24,0	0,0	24,0	0,0	44,0	44,0	0,0	0,0
50298	Zuera	2015	Regadío	66,0	39,0	1,0	2,0	0,0	0,0	2,0	0,0	5,0	0,0	0,0	0,0	29,0	0,0	0,0	0,0	0,0	1,0	0,0	1,0	0,0	26,0	26,0	0,0	0,0
50298	Zuera	2015	Secano	111,0	30,0	0,0	0,0	0,0	0,0	0,0	0,0	0,0	0,0	0,0	0,0	30,0	0,0	0,0	0,0	0,0	24,0	0,0	24,0	0,0	57,0	57,0	0,0	0,0
50901	Biel	2015	Regadío	0,0	0,0	0,0	0,0	0,0	0,0	0,0	0,0	0,0	0,0	0,0	0,0	0,0	0,0	0,0	0,0	0,0	0,0	0,0	0,0	0,0	0,0	0,0	0,0	0,0
50901	Biel	2015	Secano	3,0	2,0	0,0	0,0	0,0	0,0	0,0	0,0	0,0	0,0	0,0	0,0	2,0	0,0	0,0	0,0	0,0	1,0	0,0	1,0	0,0	0,0	0,0	0,0	0,0
50902	Marracos	2015	Regadío	3,0	1,0	0,0	0,0	0,0	0,0	0,0	0,0	0,0	0,0	0,0	0,0	1,0	0,0	0,0	0,0	0,0	0,0	0,0	0,0	0,0	2,0	2,0	0,0	0,0
50902	Marracos	2015	Secano	13,0	7,0	0,0	0,0	0,0	0,0	0,0	0,0	0,0	0,0	0,0	0,0	7,0	0,0	0,0	0,0	0,0	1,0	0,0	1,0	0,0	5,0	5,0	0,0	0,0