Municipio código	Municipio nombre	Año	Población	Censo electoral	Participación	Abstención	Votos nulos	Votos blancos	Votos a candidaturas	% Participación
22001	Abiego	2008	292,0	249,0	199,0	50,0	0,0	3,0	196,0	79,9196787148594
22001	Abiego	2011	281,0	242,0	177,0	65,0	4,0	2,0	171,0	73,1404958677686
22001	Abiego	2015	267,0	226,0	166,0	60,0	0,0	0,0	166,0	73,4513274336283
22001	Abiego	2016	253,0	225,0	151,0	74,0	0,0	1,0	150,0	67,1111111111111
22001	Abiego	2019	237,0	212,0	147,0	65,0	1,0	0,0	146,0	69,3396226415094
22002	Abizanda	2008	133,0	111,0	97,0	14,0	0,0	1,0	96,0	87,3873873873874
22002	Abizanda	2011	132,0	107,0	85,0	22,0	1,0	3,0	81,0	79,4392523364486
22002	Abizanda	2015	140,0	109,0	94,0	15,0	1,0	0,0	93,0	86,2385321100917
22002	Abizanda	2016	142,0	107,0	95,0	12,0	0,0	0,0	95,0	88,785046728972
22002	Abizanda	2019	151,0	99,0	81,0	18,0	0,0	0,0	81,0	81,8181818181818
22003	Adahuesca	2008	169,0	139,0	115,0	24,0	1,0	1,0	113,0	82,7338129496403
22003	Adahuesca	2011	166,0	148,0	117,0	31,0	1,0	2,0	114,0	79,0540540540541
22003	Adahuesca	2015	172,0	143,0	120,0	23,0	0,0	1,0	119,0	83,9160839160839
22003	Adahuesca	2016	173,0	137,0	110,0	27,0	3,0	1,0	106,0	80,2919708029197
22003	Adahuesca	2019	172,0	135,0	107,0	28,0	0,0	0,0	107,0	79,2592592592593
22004	Agüero	2008	161,0	152,0	114,0	38,0	3,0	0,0	111,0	75,0
22004	Agüero	2011	164,0	146,0	97,0	49,0	0,0	2,0	95,0	66,4383561643836
22004	Agüero	2015	150,0	136,0	79,0	57,0	0,0	0,0	79,0	58,0882352941176
22004	Agüero	2016	145,0	135,0	81,0	54,0	1,0	0,0	80,0	60,0
22004	Agüero	2019	130,0	123,0	83,0	40,0	0,0	0,0	83,0	67,479674796748
22006	Aísa	2008	408,0	339,0	222,0	117,0	4,0	3,0	215,0	65,4867256637168
22006	Aísa	2011	362,0	319,0	203,0	116,0	6,0	5,0	192,0	63,6363636363636
22006	Aísa	2015	363,0	298,0	217,0	81,0	2,0	1,0	214,0	72,8187919463087
22006	Aísa	2016	358,0	298,0	206,0	92,0	0,0	5,0	201,0	69,1275167785235
22006	Aísa	2019	321,0	268,0	167,0	101,0	3,0	4,0	160,0	62,3134328358209
22007	Albalate de Cinca	2008	1131,0	874,0	692,0	182,0	1,0	5,0	686,0	79,1762013729977
22007	Albalate de Cinca	2011	1237,0	863,0	636,0	227,0	15,0	8,0	613,0	73,6964078794901
22007	Albalate de Cinca	2015	1201,0	797,0	607,0	190,0	4,0	13,0	590,0	76,1606022584693
22007	Albalate de Cinca	2016	1151,0	792,0	581,0	211,0	0,0	8,0	573,0	73,3585858585858
22007	Albalate de Cinca	2019	1102,0	751,0	527,0	224,0	7,0	1,0	519,0	70,1731025299601
22008	Albalatillo	2008	265,0	207,0	172,0	35,0	0,0	6,0	166,0	83,0917874396135
22008	Albalatillo	2011	243,0	194,0	168,0	26,0	1,0	11,0	156,0	86,5979381443299
22008	Albalatillo	2015	207,0	173,0	138,0	35,0	0,0	3,0	135,0	79,7687861271676
22008	Albalatillo	2016	205,0	173,0	137,0	36,0	4,0	3,0	130,0	79,1907514450867
22008	Albalatillo	2019	181,0	144,0	113,0	31,0	1,0	2,0	110,0	78,4722222222222
22009	Albelda	2008	875,0	751,0	544,0	207,0	2,0	11,0	531,0	72,4367509986684
22009	Albelda	2011	847,0	704,0	488,0	216,0	15,0	15,0	458,0	69,3181818181818
22009	Albelda	2015	762,0	619,0	463,0	156,0	2,0	5,0	456,0	74,7980613893376
22009	Albelda	2016	750,0	617,0	444,0	173,0	3,0	6,0	435,0	71,9611021069692
22009	Albelda	2019	721,0	581,0	387,0	194,0	1,0	7,0	379,0	66,6092943201377
22011	Albero Alto	2008	120,0	96,0	74,0	22,0	0,0	1,0	73,0	77,0833333333333
22011	Albero Alto	2011	132,0	102,0	78,0	24,0	0,0	3,0	75,0	76,4705882352941
22011	Albero Alto	2015	125,0	89,0	70,0	19,0	0,0	1,0	69,0	78,6516853932584
22011	Albero Alto	2016	124,0	88,0	71,0	17,0	2,0	0,0	69,0	80,6818181818182
22011	Albero Alto	2019	105,0	98,0	80,0	18,0	1,0	0,0	79,0	81,6326530612245
22012	Albero Bajo	2008	107,0	101,0	85,0	16,0	0,0	1,0	84,0	84,1584158415841
22012	Albero Bajo	2011	96,0	93,0	74,0	19,0	0,0	5,0	69,0	79,5698924731183
22012	Albero Bajo	2015	122,0	111,0	85,0	26,0	2,0	1,0	82,0	76,5765765765766
22012	Albero Bajo	2016	138,0	111,0	87,0	24,0	1,0	3,0	83,0	78,3783783783784
22012	Albero Bajo	2019	141,0	102,0	75,0	27,0	0,0	2,0	73,0	73,5294117647059
22013	Alberuela de Tubo	2008	353,0	322,0	272,0	50,0	1,0	2,0	269,0	84,472049689441
22013	Alberuela de Tubo	2011	355,0	304,0	239,0	65,0	3,0	3,0	233,0	78,6184210526316
22013	Alberuela de Tubo	2015	327,0	295,0	235,0	60,0	2,0	2,0	231,0	79,6610169491525
22013	Alberuela de Tubo	2016	314,0	288,0	216,0	72,0	6,0	3,0	207,0	75,0
22013	Alberuela de Tubo	2019	309,0	271,0	200,0	71,0	3,0	3,0	194,0	73,8007380073801
22014	Alcalá de Gurrea	2008	276,0	267,0	224,0	43,0	3,0	1,0	220,0	83,8951310861423
22014	Alcalá de Gurrea	2011	278,0	265,0	192,0	73,0	1,0	1,0	190,0	72,4528301886792
22014	Alcalá de Gurrea	2015	277,0	245,0	184,0	61,0	1,0	2,0	181,0	75,1020408163265
22014	Alcalá de Gurrea	2016	273,0	243,0	192,0	51,0	4,0	3,0	185,0	79,0123456790123
22014	Alcalá de Gurrea	2019	246,0	227,0	164,0	63,0	2,0	5,0	157,0	72,2466960352423
22015	Alcalá del Obispo	2008	367,0	341,0	267,0	74,0	3,0	4,0	260,0	78,2991202346041
22015	Alcalá del Obispo	2011	491,0	336,0	237,0	99,0	2,0	11,0	224,0	70,5357142857143
22015	Alcalá del Obispo	2015	349,0	324,0	238,0	86,0	2,0	3,0	233,0	73,4567901234568
22015	Alcalá del Obispo	2016	342,0	319,0	234,0	85,0	6,0	3,0	225,0	73,3542319749216
22015	Alcalá del Obispo	2019	325,0	299,0	218,0	81,0	3,0	1,0	214,0	72,9096989966555
22016	Alcampell	2008	821,0	709,0	534,0	175,0	0,0	12,0	522,0	75,3173483779972
22016	Alcampell	2011	782,0	654,0	476,0	178,0	12,0	10,0	454,0	72,782874617737
22016	Alcampell	2015	707,0	613,0	447,0	166,0	3,0	8,0	436,0	72,9200652528548
22016	Alcampell	2016	697,0	601,0	413,0	188,0	2,0	6,0	405,0	68,7188019966722
22016	Alcampell	2019	652,0	558,0	384,0	174,0	2,0	5,0	377,0	68,8172043010753
22017	Alcolea de Cinca	2008	1168,0	940,0	741,0	199,0	9,0	6,0	726,0	78,8297872340425
22017	Alcolea de Cinca	2011	1164,0	917,0	677,0	240,0	16,0	8,0	653,0	73,8276990185387
22017	Alcolea de Cinca	2015	1136,0	864,0	658,0	206,0	7,0	7,0	644,0	76,1574074074074
22017	Alcolea de Cinca	2016	1125,0	866,0	650,0	216,0	8,0	5,0	637,0	75,0577367205543
22017	Alcolea de Cinca	2019	1160,0	826,0	613,0	213,0	5,0	2,0	606,0	74,2130750605327
22018	Alcubierre	2008	446,0	380,0	318,0	62,0	0,0	5,0	313,0	83,6842105263158
22018	Alcubierre	2011	433,0	357,0	272,0	85,0	1,0	4,0	267,0	76,1904761904762
22018	Alcubierre	2015	401,0	332,0	243,0	89,0	1,0	3,0	239,0	73,1927710843373
22018	Alcubierre	2016	399,0	327,0	245,0	82,0	1,0	3,0	241,0	74,9235474006116
22018	Alcubierre	2019	363,0	303,0	216,0	87,0	1,0	3,0	212,0	71,2871287128713
22019	Alerre	2008	224,0	188,0	161,0	27,0	0,0	3,0	158,0	85,6382978723404
22019	Alerre	2011	223,0	190,0	141,0	49,0	3,0	4,0	134,0	74,2105263157895
22019	Alerre	2015	213,0	180,0	156,0	24,0	1,0	0,0	155,0	86,6666666666667
22019	Alerre	2016	209,0	180,0	151,0	29,0	1,0	2,0	148,0	83,8888888888889
22019	Alerre	2019	201,0	176,0	128,0	48,0	2,0	1,0	125,0	72,7272727272727
22020	Alfántega	2008	120,0	96,0	80,0	16,0	2,0	2,0	76,0	83,3333333333333
22020	Alfántega	2011	125,0	110,0	81,0	29,0	2,0	3,0	76,0	73,6363636363636
22020	Alfántega	2015	136,0	114,0	90,0	24,0	0,0	2,0	88,0	78,9473684210526
22020	Alfántega	2016	128,0	115,0	86,0	29,0	0,0	1,0	85,0	74,7826086956522
22020	Alfántega	2019	127,0	115,0	83,0	32,0	3,0	3,0	77,0	72,1739130434783
22021	Almudévar	2008	2389,0	2029,0	1631,0	398,0	6,0	14,0	1611,0	80,3844258255298
22021	Almudévar	2011	2554,0	2080,0	1524,0	556,0	19,0	31,0	1474,0	73,2692307692308
22021	Almudévar	2015	2519,0	1970,0	1485,0	485,0	16,0	14,0	1455,0	75,3807106598985
22021	Almudévar	2016	2501,0	1971,0	1414,0	557,0	16,0	17,0	1381,0	71,740233384069
22021	Almudévar	2019	2394,0	1884,0	1331,0	553,0	12,0	26,0	1293,0	70,6475583864119
22022	Almunia de San Juan	2008	658,0	582,0	465,0	117,0	3,0	13,0	449,0	79,8969072164948
22022	Almunia de San Juan	2011	664,0	582,0	448,0	134,0	10,0	12,0	426,0	76,9759450171821
22022	Almunia de San Juan	2015	681,0	558,0	432,0	126,0	4,0	2,0	426,0	77,4193548387097
22022	Almunia de San Juan	2016	679,0	552,0	414,0	138,0	6,0	6,0	402,0	75,0
22022	Almunia de San Juan	2019	654,0	542,0	405,0	137,0	2,0	2,0	401,0	74,7232472324723
22023	Almuniente	2008	567,0	501,0	424,0	77,0	3,0	6,0	415,0	84,6307385229541
22023	Almuniente	2011	559,0	474,0	382,0	92,0	2,0	4,0	376,0	80,5907172995781
22023	Almuniente	2015	528,0	430,0	329,0	101,0	0,0	2,0	327,0	76,5116279069767
22023	Almuniente	2016	522,0	421,0	313,0	108,0	4,0	6,0	303,0	74,3467933491686
22023	Almuniente	2019	471,0	385,0	293,0	92,0	10,0	2,0	281,0	76,1038961038961
22024	Alquézar	2008	312,0	246,0	186,0	60,0	0,0	1,0	185,0	75,609756097561
22024	Alquézar	2011	313,0	222,0	144,0	78,0	5,0	3,0	136,0	64,8648648648649
22024	Alquézar	2015	297,0	225,0	174,0	51,0	1,0	0,0	173,0	77,3333333333333
22024	Alquézar	2016	297,0	226,0	174,0	52,0	3,0	3,0	168,0	76,9911504424779
22024	Alquézar	2019	296,0	220,0	159,0	61,0	1,0	1,0	157,0	72,2727272727273
22025	Altorricón	2008	1457,0	1124,0	845,0	279,0	12,0	15,0	818,0	75,1779359430605
22025	Altorricón	2011	1506,0	1104,0	790,0	314,0	23,0	27,0	740,0	71,5579710144928
22025	Altorricón	2015	1477,0	1071,0	726,0	345,0	14,0	13,0	699,0	67,7871148459384
22025	Altorricón	2016	1469,0	1071,0	676,0	395,0	7,0	18,0	651,0	63,1185807656396
22025	Altorricón	2019	1409,0	1022,0	705,0	317,0	11,0	14,0	680,0	68,9823874755382
22027	Angüés	2008	422,0	360,0	274,0	86,0	2,0	3,0	269,0	76,1111111111111
22027	Angüés	2011	429,0	351,0	251,0	100,0	1,0	8,0	242,0	71,5099715099715
22027	Angüés	2015	404,0	325,0	218,0	107,0	4,0	0,0	214,0	67,0769230769231
22027	Angüés	2016	391,0	329,0	220,0	109,0	2,0	0,0	218,0	66,8693009118541
22027	Angüés	2019	367,0	311,0	210,0	101,0	1,0	1,0	208,0	67,524115755627
22028	Ansó	2008	500,0	448,0	365,0	83,0	6,0	5,0	354,0	81,4732142857143
22028	Ansó	2011	491,0	424,0	311,0	113,0	1,0	3,0	307,0	73,3490566037736
22028	Ansó	2015	436,0	379,0	297,0	82,0	4,0	1,0	292,0	78,3641160949868
22028	Ansó	2016	426,0	371,0	282,0	89,0	2,0	3,0	277,0	76,010781671159
22028	Ansó	2019	431,0	358,0	237,0	121,0	4,0	1,0	232,0	66,2011173184358
22029	Antillón	2008	164,0	143,0	120,0	23,0	0,0	3,0	117,0	83,9160839160839
22029	Antillón	2011	150,0	130,0	99,0	31,0	1,0	6,0	92,0	76,1538461538462
22029	Antillón	2015	153,0	127,0	101,0	26,0	1,0	2,0	98,0	79,5275590551181
22029	Antillón	2016	159,0	127,0	100,0	27,0	0,0	0,0	100,0	78,740157480315
22029	Antillón	2019	149,0	118,0	85,0	33,0	2,0	1,0	82,0	72,0338983050847
22032	Aragüés del Puerto	2008	136,0	131,0	95,0	36,0	0,0	0,0	95,0	72,5190839694656
22032	Aragüés del Puerto	2011	128,0	120,0	78,0	42,0	5,0	5,0	68,0	65,0
22032	Aragüés del Puerto	2015	123,0	107,0	74,0	33,0	3,0	0,0	71,0	69,1588785046729
22032	Aragüés del Puerto	2016	119,0	110,0	76,0	34,0	2,0	0,0	74,0	69,0909090909091
22032	Aragüés del Puerto	2019	116,0	102,0	69,0	33,0	1,0	1,0	67,0	67,6470588235294
22035	Arén	2008	322,0	274,0	199,0	75,0	1,0	4,0	194,0	72,6277372262774
22035	Arén	2011	363,0	261,0	179,0	82,0	3,0	3,0	173,0	68,5823754789272
22035	Arén	2015	314,0	244,0	171,0	73,0	3,0	3,0	165,0	70,0819672131147
22035	Arén	2016	328,0	234,0	165,0	69,0	6,0	3,0	156,0	70,5128205128205
22035	Arén	2019	318,0	225,0	153,0	72,0	1,0	1,0	151,0	68,0
22036	Argavieso	2008	135,0	113,0	103,0	10,0	0,0	1,0	102,0	91,1504424778761
22036	Argavieso	2011	119,0	101,0	82,0	19,0	0,0	1,0	81,0	81,1881188118812
22036	Argavieso	2015	107,0	91,0	82,0	9,0	0,0	0,0	82,0	90,1098901098901
22036	Argavieso	2016	105,0	92,0	77,0	15,0	0,0	0,0	77,0	83,695652173913
22036	Argavieso	2019	96,0	84,0	71,0	13,0	0,0	1,0	70,0	84,5238095238095
22037	Arguis	2008	97,0	97,0	80,0	17,0	0,0	1,0	79,0	82,4742268041237
22037	Arguis	2011	118,0	115,0	87,0	28,0	8,0	0,0	79,0	75,6521739130435
22037	Arguis	2015	125,0	116,0	95,0	21,0	1,0	1,0	93,0	81,8965517241379
22037	Arguis	2016	126,0	115,0	86,0	29,0	0,0	0,0	86,0	74,7826086956522
22037	Arguis	2019	129,0	112,0	87,0	25,0	0,0	2,0	85,0	77,6785714285714
22039	Ayerbe	2008	1111,0	933,0	750,0	183,0	3,0	9,0	738,0	80,3858520900322
22039	Ayerbe	2011	1119,0	920,0	721,0	199,0	11,0	12,0	698,0	78,3695652173913
22039	Ayerbe	2015	1097,0	869,0	683,0	186,0	1,0	5,0	677,0	78,5960874568469
22039	Ayerbe	2016	1116,0	863,0	671,0	192,0	4,0	4,0	663,0	77,7520278099652
22039	Ayerbe	2019	1041,0	813,0	635,0	178,0	1,0	4,0	630,0	78,1057810578106
22040	Azanuy-Alins	2008	178,0	162,0	141,0	21,0	1,0	2,0	138,0	87,037037037037
22040	Azanuy-Alins	2011	174,0	155,0	129,0	26,0	2,0	3,0	124,0	83,2258064516129
22040	Azanuy-Alins	2015	184,0	148,0	123,0	25,0	2,0	2,0	119,0	83,1081081081081
22040	Azanuy-Alins	2016	173,0	144,0	117,0	27,0	2,0	1,0	114,0	81,25
22040	Azanuy-Alins	2019	176,0	149,0	119,0	30,0	0,0	3,0	116,0	79,8657718120805
22041	Azara	2008	193,0	172,0	148,0	24,0	0,0	2,0	146,0	86,046511627907
22041	Azara	2011	200,0	175,0	138,0	37,0	0,0	1,0	137,0	78,8571428571429
22041	Azara	2015	193,0	163,0	127,0	36,0	1,0	4,0	122,0	77,9141104294479
22041	Azara	2016	189,0	163,0	134,0	29,0	0,0	1,0	133,0	82,2085889570552
22041	Azara	2019	174,0	145,0	116,0	29,0	0,0	2,0	114,0	80,0
22042	Azlor	2008	142,0	127,0	102,0	25,0	2,0	1,0	99,0	80,3149606299213
22042	Azlor	2011	135,0	115,0	93,0	22,0	2,0	1,0	90,0	80,8695652173913
22042	Azlor	2015	137,0	118,0	102,0	16,0	2,0	1,0	99,0	86,4406779661017
22042	Azlor	2016	141,0	117,0	95,0	22,0	3,0	0,0	92,0	81,1965811965812
22042	Azlor	2019	153,0	116,0	91,0	25,0	2,0	1,0	88,0	78,448275862069
22043	Baells	2008	129,0	114,0	75,0	39,0	2,0	2,0	71,0	65,7894736842105
22043	Baells	2011	120,0	112,0	72,0	40,0	1,0	2,0	69,0	64,2857142857143
22043	Baells	2015	113,0	94,0	71,0	23,0	1,0	0,0	70,0	75,531914893617
22043	Baells	2016	106,0	93,0	66,0	27,0	1,0	0,0	65,0	70,9677419354839
22043	Baells	2019	104,0	93,0	53,0	40,0	0,0	0,0	53,0	56,9892473118279
22044	Bailo	2008	229,0	261,0	195,0	66,0	2,0	0,0	193,0	74,7126436781609
22044	Bailo	2011	296,0	278,0	195,0	83,0	4,0	7,0	184,0	70,1438848920863
22044	Bailo	2015	290,0	254,0	191,0	63,0	3,0	3,0	185,0	75,1968503937008
22044	Bailo	2016	288,0	252,0	198,0	54,0	1,0	0,0	197,0	78,5714285714286
22044	Bailo	2019	279,0	234,0	166,0	68,0	2,0	1,0	163,0	70,9401709401709
22045	Baldellou	2008	117,0	107,0	90,0	17,0	3,0	2,0	85,0	84,1121495327103
22045	Baldellou	2011	117,0	104,0	83,0	21,0	3,0	2,0	78,0	79,8076923076923
22045	Baldellou	2015	98,0	89,0	66,0	23,0	0,0	0,0	66,0	74,1573033707865
22045	Baldellou	2016	102,0	82,0	65,0	17,0	1,0	1,0	63,0	79,2682926829268
22045	Baldellou	2019	77,0	65,0	52,0	13,0	0,0	0,0	52,0	80,0
22046	Ballobar	2008	997,0	830,0	678,0	152,0	6,0	3,0	669,0	81,6867469879518
22046	Ballobar	2011	981,0	784,0	618,0	166,0	19,0	15,0	584,0	78,8265306122449
22046	Ballobar	2015	866,0	740,0	578,0	162,0	8,0	6,0	564,0	78,1081081081081
22046	Ballobar	2016	838,0	728,0	566,0	162,0	5,0	5,0	556,0	77,7472527472527
22046	Ballobar	2019	823,0	713,0	555,0	158,0	6,0	9,0	540,0	77,8401122019635
22047	Banastás	2008	249,0	204,0	183,0	21,0	0,0	3,0	180,0	89,7058823529412
22047	Banastás	2011	270,0	228,0	200,0	28,0	0,0	5,0	195,0	87,719298245614
22047	Banastás	2015	303,0	247,0	213,0	34,0	1,0	2,0	210,0	86,2348178137652
22047	Banastás	2016	305,0	243,0	205,0	38,0	2,0	2,0	201,0	84,3621399176955
22047	Banastás	2019	292,0	248,0	202,0	46,0	1,0	1,0	200,0	81,4516129032258
22048	Barbastro	2008	16025,0	12171,0	9433,0	2738,0	70,0	113,0	9250,0	77,5039027195793
22048	Barbastro	2011	17080,0	12485,0	9146,0	3339,0	118,0	237,0	8791,0	73,2559070885062
22048	Barbastro	2015	17109,0	12633,0	9242,0	3391,0	74,0	90,0	9078,0	73,1576031029842
22048	Barbastro	2016	17020,0	12598,0	8790,0	3808,0	59,0	88,0	8643,0	69,7729798380695
22048	Barbastro	2019	16944,0	12635,0	8889,0	3746,0	82,0	98,0	8709,0	70,3521962801741
22049	Barbués	2008	110,0	99,0	91,0	8,0	2,0	0,0	89,0	91,9191919191919
22049	Barbués	2011	98,0	88,0	70,0	18,0	1,0	5,0	64,0	79,5454545454545
22049	Barbués	2015	92,0	78,0	61,0	17,0	0,0	1,0	60,0	78,2051282051282
22049	Barbués	2016	87,0	78,0	64,0	14,0	0,0	0,0	64,0	82,051282051282
22049	Barbués	2019	77,0	73,0	62,0	11,0	0,0	0,0	62,0	84,9315068493151
22050	Barbuñales	2008	107,0	94,0	80,0	14,0	0,0	1,0	79,0	85,1063829787234
22050	Barbuñales	2011	109,0	100,0	84,0	16,0	1,0	0,0	83,0	84,0
22050	Barbuñales	2015	100,0	89,0	78,0	11,0	0,0	0,0	78,0	87,6404494382022
22050	Barbuñales	2016	99,0	88,0	77,0	11,0	0,0	0,0	77,0	87,5
22050	Barbuñales	2019	95,0	93,0	77,0	16,0	0,0	0,0	77,0	82,7956989247312
22051	Bárcabo	2008	123,0	111,0	95,0	16,0	1,0	1,0	93,0	85,5855855855856
22051	Bárcabo	2011	129,0	108,0	86,0	22,0	2,0	2,0	82,0	79,6296296296296
22051	Bárcabo	2015	117,0	101,0	84,0	17,0	0,0	1,0	83,0	83,1683168316832
22051	Bárcabo	2016	117,0	100,0	81,0	19,0	0,0	0,0	81,0	81,0
22051	Bárcabo	2019	105,0	90,0	72,0	18,0	0,0	2,0	70,0	80,0
22052	Belver de Cinca	2008	1319,0	1054,0	876,0	178,0	2,0	10,0	864,0	83,111954459203
22052	Belver de Cinca	2011	1362,0	997,0	776,0	221,0	7,0	15,0	754,0	77,8335005015045
22052	Belver de Cinca	2015	1346,0	942,0	743,0	199,0	2,0	9,0	732,0	78,8747346072187
22052	Belver de Cinca	2016	1312,0	925,0	712,0	213,0	2,0	8,0	702,0	76,972972972973
22052	Belver de Cinca	2019	1292,0	874,0	660,0	214,0	8,0	7,0	645,0	75,5148741418764
22053	Benabarre	2008	1167,0	896,0	634,0	262,0	3,0	9,0	622,0	70,7589285714286
22053	Benabarre	2011	1177,0	867,0	567,0	300,0	13,0	13,0	541,0	65,3979238754325
22053	Benabarre	2015	1153,0	787,0	541,0	246,0	6,0	12,0	523,0	68,7420584498094
22053	Benabarre	2016	1127,0	789,0	520,0	269,0	7,0	9,0	504,0	65,9062103929024
22053	Benabarre	2019	1107,0	783,0	494,0	289,0	2,0	6,0	486,0	63,0906768837803
22054	Benasque	2008	2080,0	1577,0	1014,0	563,0	12,0	22,0	980,0	64,2993024730501
22054	Benasque	2011	2219,0	1602,0	1040,0	562,0	58,0	42,0	940,0	64,9188514357054
22054	Benasque	2015	2149,0	1542,0	1126,0	416,0	20,0	20,0	1086,0	73,0220492866407
22054	Benasque	2016	2090,0	1542,0	1091,0	451,0	14,0	13,0	1064,0	70,7522697795071
22054	Benasque	2019	2157,0	1614,0	1029,0	585,0	20,0	19,0	990,0	63,7546468401487
22055	Berbegal	2008	481,0	367,0	314,0	53,0	2,0	5,0	307,0	85,558583106267
22055	Berbegal	2011	441,0	347,0	291,0	56,0	2,0	5,0	284,0	83,8616714697406
22055	Berbegal	2015	391,0	325,0	252,0	73,0	7,0	5,0	240,0	77,5384615384615
22055	Berbegal	2016	378,0	320,0	243,0	77,0	5,0	2,0	236,0	75,9375
22055	Berbegal	2019	345,0	305,0	242,0	63,0	7,0	2,0	233,0	79,344262295082
22057	Bielsa	2008	524,0	396,0	311,0	85,0	0,0	4,0	307,0	78,5353535353535
22057	Bielsa	2011	511,0	377,0	283,0	94,0	5,0	3,0	275,0	75,0663129973475
22057	Bielsa	2015	496,0	364,0	260,0	104,0	1,0	1,0	258,0	71,4285714285714
22057	Bielsa	2016	488,0	370,0	271,0	99,0	1,0	3,0	267,0	73,2432432432432
22057	Bielsa	2019	476,0	364,0	253,0	111,0	5,0	4,0	244,0	69,5054945054945
22058	Bierge	2008	235,0	197,0	153,0	44,0	5,0	6,0	142,0	77,6649746192893
22058	Bierge	2011	258,0	194,0	138,0	56,0	1,0	5,0	132,0	71,1340206185567
22058	Bierge	2015	242,0	190,0	152,0	38,0	1,0	2,0	149,0	80,0
22058	Bierge	2016	244,0	194,0	164,0	30,0	2,0	1,0	161,0	84,5360824742268
22058	Bierge	2019	231,0	193,0	141,0	52,0	0,0	0,0	141,0	73,0569948186528
22059	Biescas	2008	1549,0	1193,0	900,0	293,0	3,0	12,0	885,0	75,4400670578374
22059	Biescas	2011	1634,0	1149,0	792,0	357,0	28,0	23,0	741,0	68,9295039164491
22059	Biescas	2015	1535,0	1137,0	841,0	296,0	11,0	7,0	823,0	73,9665787159191
22059	Biescas	2016	1487,0	1149,0	807,0	342,0	7,0	3,0	797,0	70,2349869451697
22059	Biescas	2019	1479,0	1135,0	765,0	370,0	13,0	2,0	750,0	67,4008810572687
22060	Binaced	2008	1530,0	1239,0	1022,0	217,0	6,0	9,0	1007,0	82,4858757062147
22060	Binaced	2011	1494,0	1180,0	909,0	271,0	18,0	13,0	878,0	77,0338983050847
22060	Binaced	2015	1539,0	1165,0	886,0	279,0	6,0	3,0	877,0	76,0515021459227
22060	Binaced	2016	1507,0	1164,0	858,0	306,0	8,0	3,0	847,0	73,7113402061856
22060	Binaced	2019	1555,0	1167,0	817,0	350,0	9,0	14,0	794,0	70,0085689802913
22061	Binéfar	2008	9048,0	6612,0	4998,0	1614,0	35,0	59,0	4904,0	75,589836660617
22061	Binéfar	2011	9407,0	6611,0	4789,0	1822,0	91,0	110,0	4588,0	72,439872939041
22061	Binéfar	2015	9461,0	6685,0	4811,0	1874,0	56,0	38,0	4717,0	71,9670905011219
22061	Binéfar	2016	9439,0	6630,0	4555,0	2075,0	29,0	40,0	4486,0	68,7028657616893
22061	Binéfar	2019	9435,0	6567,0	4446,0	2121,0	36,0	48,0	4362,0	67,702147099132
22062	Bisaurri	2008	239,0	210,0	147,0	63,0	0,0	4,0	143,0	70,0
22062	Bisaurri	2011	208,0	189,0	126,0	63,0	1,0	2,0	123,0	66,6666666666667
22062	Bisaurri	2015	179,0	162,0	113,0	49,0	0,0	3,0	110,0	69,7530864197531
22062	Bisaurri	2016	176,0	167,0	116,0	51,0	0,0	1,0	115,0	69,4610778443114
22062	Bisaurri	2019	181,0	154,0	107,0	47,0	0,0	1,0	106,0	69,4805194805195
22063	Biscarrués	2008	221,0	189,0	155,0	34,0	2,0	0,0	153,0	82,010582010582
22063	Biscarrués	2011	228,0	184,0	142,0	42,0	2,0	2,0	138,0	77,1739130434783
22063	Biscarrués	2015	209,0	175,0	140,0	35,0	0,0	2,0	138,0	80,0
22063	Biscarrués	2016	202,0	169,0	133,0	36,0	4,0	1,0	128,0	78,698224852071
22063	Biscarrués	2019	189,0	161,0	128,0	33,0	2,0	0,0	126,0	79,5031055900621
22064	Blecua y Torres	2008	201,0	173,0	139,0	34,0	1,0	0,0	138,0	80,3468208092485
22064	Blecua y Torres	2011	208,0	184,0	139,0	45,0	2,0	3,0	134,0	75,5434782608696
22064	Blecua y Torres	2015	202,0	165,0	115,0	50,0	0,0	1,0	114,0	69,6969696969697
22064	Blecua y Torres	2016	200,0	166,0	122,0	44,0	1,0	1,0	120,0	73,4939759036144
22064	Blecua y Torres	2019	183,0	155,0	100,0	55,0	0,0	2,0	98,0	64,5161290322581
22066	Boltaña	2008	977,0	723,0	541,0	182,0	1,0	6,0	534,0	74,8271092669433
22066	Boltaña	2011	1051,0	699,0	479,0	220,0	15,0	8,0	456,0	68,5264663805436
22066	Boltaña	2015	1041,0	707,0	512,0	195,0	4,0	8,0	500,0	72,4186704384724
22066	Boltaña	2016	981,0	702,0	502,0	200,0	4,0	7,0	491,0	71,5099715099715
22066	Boltaña	2019	986,0	755,0	529,0	226,0	9,0	8,0	512,0	70,0662251655629
22067	Bonansa	2008	97,0	70,0	53,0	17,0	2,0	1,0	50,0	75,7142857142857
22067	Bonansa	2011	102,0	82,0	54,0	28,0	5,0	3,0	46,0	65,8536585365854
22067	Bonansa	2015	84,0	65,0	45,0	20,0	0,0	1,0	44,0	69,2307692307692
22067	Bonansa	2016	81,0	65,0	50,0	15,0	0,0	1,0	49,0	76,9230769230769
22067	Bonansa	2019	86,0	70,0	52,0	18,0	0,0	0,0	52,0	74,2857142857143
22068	Borau	2008	72,0	67,0	52,0	15,0	0,0	4,0	48,0	77,6119402985075
22068	Borau	2011	81,0	79,0	51,0	28,0	0,0	2,0	49,0	64,5569620253165
22068	Borau	2015	91,0	82,0	65,0	17,0	0,0	3,0	62,0	79,2682926829268
22068	Borau	2016	95,0	79,0	60,0	19,0	0,0	0,0	60,0	75,9493670886076
22068	Borau	2019	80,0	64,0	41,0	23,0	0,0	1,0	40,0	64,0625
22069	Broto	2008	533,0	426,0	313,0	113,0	2,0	2,0	309,0	73,4741784037559
22069	Broto	2011	542,0	436,0	317,0	119,0	2,0	5,0	310,0	72,7064220183486
22069	Broto	2015	523,0	435,0	340,0	95,0	2,0	3,0	335,0	78,1609195402299
22069	Broto	2016	532,0	429,0	333,0	96,0	2,0	2,0	329,0	77,6223776223776
22069	Broto	2019	531,0	423,0	296,0	127,0	2,0	4,0	290,0	69,9763593380615
22072	Caldearenas	2008	250,0	208,0	136,0	72,0	0,0	3,0	133,0	65,3846153846154
22072	Caldearenas	2011	246,0	209,0	130,0	79,0	2,0	2,0	126,0	62,200956937799
22072	Caldearenas	2015	208,0	192,0	148,0	44,0	1,0	1,0	146,0	77,0833333333333
22072	Caldearenas	2016	210,0	191,0	136,0	55,0	1,0	0,0	135,0	71,2041884816754
22072	Caldearenas	2019	218,0	197,0	127,0	70,0	1,0	1,0	125,0	64,4670050761421
22074	Campo	2008	279,0	297,0	231,0	66,0	1,0	6,0	224,0	77,7777777777778
22074	Campo	2011	355,0	311,0	227,0	84,0	8,0	5,0	214,0	72,9903536977492
22074	Campo	2015	459,0	315,0	229,0	86,0	3,0	3,0	223,0	72,6984126984127
22074	Campo	2016	437,0	313,0	228,0	85,0	3,0	4,0	221,0	72,8434504792332
22074	Campo	2019	323,0	303,0	209,0	94,0	1,0	5,0	203,0	68,976897689769
22075	Camporrells	2008	219,0	178,0	138,0	40,0	0,0	1,0	137,0	77,5280898876404
22075	Camporrells	2011	193,0	150,0	103,0	47,0	2,0	7,0	94,0	68,6666666666667
22075	Camporrells	2015	148,0	126,0	82,0	44,0	1,0	2,0	79,0	65,0793650793651
22075	Camporrells	2016	138,0	125,0	83,0	42,0	0,0	1,0	82,0	66,4
22075	Camporrells	2019	137,0	116,0	71,0	45,0	2,0	1,0	68,0	61,2068965517241
22076	Canal de Berdún	2008	417,0	354,0	277,0	77,0	6,0	2,0	269,0	78,2485875706215
22076	Canal de Berdún	2011	396,0	331,0	241,0	90,0	6,0	3,0	232,0	72,809667673716
22076	Canal de Berdún	2015	376,0	305,0	224,0	81,0	1,0	0,0	223,0	73,4426229508197
22076	Canal de Berdún	2016	367,0	311,0	201,0	110,0	2,0	0,0	199,0	64,6302250803858
22076	Canal de Berdún	2019	321,0	285,0	207,0	78,0	4,0	4,0	199,0	72,6315789473684
22077	Candasnos	2008	439,0	458,0	379,0	79,0	1,0	5,0	373,0	82,7510917030568
22077	Candasnos	2011	409,0	421,0	327,0	94,0	4,0	14,0	309,0	77,6722090261283
22077	Candasnos	2015	339,0	381,0	295,0	86,0	2,0	5,0	288,0	77,4278215223097
22077	Candasnos	2016	330,0	379,0	279,0	100,0	6,0	2,0	271,0	73,6147757255937
22077	Candasnos	2019	317,0	362,0	280,0	82,0	8,0	5,0	267,0	77,3480662983425
22078	Canfranc	2008	672,0	511,0	358,0	153,0	2,0	9,0	347,0	70,0587084148728
22078	Canfranc	2011	624,0	468,0	302,0	166,0	1,0	8,0	293,0	64,5299145299145
22078	Canfranc	2015	554,0	453,0	323,0	130,0	4,0	6,0	313,0	71,3024282560706
22078	Canfranc	2016	560,0	438,0	319,0	119,0	3,0	3,0	313,0	72,8310502283105
22078	Canfranc	2019	532,0	431,0	285,0	146,0	0,0	4,0	281,0	66,1252900232018
22079	Capdesaso	2008	167,0	145,0	111,0	34,0	0,0	2,0	109,0	76,551724137931
22079	Capdesaso	2011	163,0	126,0	97,0	29,0	0,0	4,0	93,0	76,984126984127
22079	Capdesaso	2015	170,0	118,0	86,0	32,0	0,0	2,0	84,0	72,8813559322034
22079	Capdesaso	2016	172,0	118,0	83,0	35,0	0,0	1,0	82,0	70,3389830508475
22079	Capdesaso	2019	174,0	118,0	85,0	33,0	1,0	1,0	83,0	72,0338983050847
22080	Capella	2008	387,0	302,0	239,0	63,0	1,0	6,0	232,0	79,1390728476821
22080	Capella	2011	366,0	288,0	217,0	71,0	0,0	4,0	213,0	75,3472222222222
22080	Capella	2015	361,0	283,0	217,0	66,0	2,0	6,0	209,0	76,678445229682
22080	Capella	2016	361,0	280,0	197,0	83,0	3,0	6,0	188,0	70,3571428571429
22080	Capella	2019	354,0	263,0	188,0	75,0	4,0	3,0	181,0	71,4828897338403
22081	Casbas de Huesca	2008	308,0	282,0	214,0	68,0	0,0	0,0	214,0	75,886524822695
22081	Casbas de Huesca	2011	299,0	268,0	197,0	71,0	1,0	4,0	192,0	73,5074626865672
22081	Casbas de Huesca	2015	295,0	252,0	179,0	73,0	2,0	1,0	176,0	71,031746031746
22081	Casbas de Huesca	2016	291,0	254,0	181,0	73,0	0,0	0,0	181,0	71,259842519685
22081	Casbas de Huesca	2019	269,0	247,0	173,0	74,0	2,0	3,0	168,0	70,0404858299595
22082	Castejón del Puente	2008	439,0	351,0	275,0	76,0	1,0	2,0	272,0	78,3475783475783
22082	Castejón del Puente	2011	399,0	320,0	231,0	89,0	2,0	1,0	228,0	72,1875
22082	Castejón del Puente	2015	349,0	298,0	222,0	76,0	2,0	2,0	218,0	74,496644295302
22082	Castejón del Puente	2016	340,0	291,0	213,0	78,0	1,0	1,0	211,0	73,1958762886598
22082	Castejón del Puente	2019	315,0	288,0	217,0	71,0	3,0	0,0	214,0	75,3472222222222
22083	Castejón de Monegros	2008	646,0	573,0	507,0	66,0	4,0	0,0	503,0	88,4816753926701
22083	Castejón de Monegros	2011	661,0	522,0	437,0	85,0	9,0	4,0	424,0	83,7164750957854
22083	Castejón de Monegros	2015	574,0	474,0	400,0	74,0	4,0	1,0	395,0	84,3881856540084
22083	Castejón de Monegros	2016	568,0	463,0	394,0	69,0	4,0	5,0	385,0	85,097192224622
22083	Castejón de Monegros	2019	531,0	447,0	360,0	87,0	5,0	6,0	349,0	80,5369127516779
22084	Castejón de Sos	2008	738,0	532,0	387,0	145,0	6,0	5,0	376,0	72,7443609022556
22084	Castejón de Sos	2011	788,0	524,0	362,0	162,0	8,0	11,0	343,0	69,0839694656489
22084	Castejón de Sos	2015	733,0	534,0	413,0	121,0	2,0	3,0	408,0	77,3408239700375
22084	Castejón de Sos	2016	740,0	535,0	403,0	132,0	4,0	4,0	395,0	75,3271028037383
22084	Castejón de Sos	2019	753,0	571,0	400,0	171,0	9,0	5,0	386,0	70,0525394045534
22085	Castelflorite	2008	128,0	126,0	108,0	18,0	0,0	0,0	108,0	85,7142857142857
22085	Castelflorite	2011	130,0	119,0	97,0	22,0	3,0	0,0	94,0	81,5126050420168
22085	Castelflorite	2015	123,0	107,0	92,0	15,0	2,0	2,0	88,0	85,981308411215
22085	Castelflorite	2016	120,0	104,0	86,0	18,0	0,0	0,0	86,0	82,6923076923077
22085	Castelflorite	2019	108,0	94,0	78,0	16,0	2,0	0,0	76,0	82,9787234042553
22086	Castiello de Jaca	2008	249,0	206,0	139,0	67,0	1,0	0,0	138,0	67,4757281553398
22086	Castiello de Jaca	2011	256,0	207,0	149,0	58,0	2,0	1,0	146,0	71,9806763285024
22086	Castiello de Jaca	2015	243,0	215,0	162,0	53,0	0,0	4,0	158,0	75,3488372093023
22086	Castiello de Jaca	2016	251,0	215,0	161,0	54,0	2,0	1,0	158,0	74,8837209302325
22086	Castiello de Jaca	2019	267,0	194,0	137,0	57,0	0,0	1,0	136,0	70,6185567010309
22087	Castigaleu	2008	119,0	93,0	66,0	27,0	0,0	0,0	66,0	70,9677419354839
22087	Castigaleu	2011	119,0	85,0	56,0	29,0	1,0	4,0	51,0	65,8823529411765
22087	Castigaleu	2015	95,0	72,0	48,0	24,0	0,0	1,0	47,0	66,6666666666667
22087	Castigaleu	2016	94,0	67,0	45,0	22,0	0,0	2,0	43,0	67,1641791044776
22087	Castigaleu	2019	86,0	60,0	46,0	14,0	0,0	0,0	46,0	76,6666666666667
22088	Castillazuelo	2008	225,0	194,0	164,0	30,0	2,0	1,0	161,0	84,5360824742268
22088	Castillazuelo	2011	193,0	171,0	133,0	38,0	5,0	5,0	123,0	77,7777777777778
22088	Castillazuelo	2015	191,0	157,0	116,0	41,0	0,0	1,0	115,0	73,8853503184713
22088	Castillazuelo	2016	181,0	153,0	110,0	43,0	0,0	2,0	108,0	71,8954248366013
22088	Castillazuelo	2019	169,0	143,0	98,0	45,0	1,0	1,0	96,0	68,5314685314685
22089	Castillonroy	2008	382,0	344,0	271,0	73,0	6,0	5,0	260,0	78,7790697674419
22089	Castillonroy	2011	378,0	329,0	246,0	83,0	9,0	8,0	229,0	74,7720364741641
22089	Castillonroy	2015	336,0	315,0	227,0	88,0	5,0	6,0	216,0	72,0634920634921
22089	Castillonroy	2016	343,0	302,0	224,0	78,0	2,0	0,0	222,0	74,1721854304636
22089	Castillonroy	2019	312,0	274,0	195,0	79,0	2,0	2,0	191,0	71,1678832116788
22090	Colungo	2008	148,0	132,0	107,0	25,0	1,0	0,0	106,0	81,0606060606061
22090	Colungo	2011	147,0	115,0	82,0	33,0	0,0	5,0	77,0	71,3043478260869
22090	Colungo	2015	124,0	102,0	75,0	27,0	0,0	0,0	75,0	73,5294117647059
22090	Colungo	2016	126,0	99,0	71,0	28,0	0,0	0,0	71,0	71,7171717171717
22090	Colungo	2019	114,0	86,0	61,0	25,0	0,0	1,0	60,0	70,9302325581395
22094	Chalamera	2008	143,0	119,0	87,0	32,0	1,0	2,0	84,0	73,109243697479
22094	Chalamera	2011	128,0	109,0	76,0	33,0	2,0	5,0	69,0	69,7247706422018
22094	Chalamera	2015	103,0	101,0	77,0	24,0	0,0	1,0	76,0	76,2376237623762
22094	Chalamera	2016	111,0	101,0	74,0	27,0	0,0	1,0	73,0	73,2673267326733
22094	Chalamera	2019	108,0	102,0	69,0	33,0	0,0	3,0	66,0	67,6470588235294
22095	Chía	2008	114,0	103,0	79,0	24,0	0,0	4,0	75,0	76,6990291262136
22095	Chía	2011	105,0	87,0	61,0	26,0	0,0	1,0	60,0	70,1149425287356
22095	Chía	2015	87,0	73,0	51,0	22,0	0,0	1,0	50,0	69,8630136986301
22095	Chía	2016	90,0	72,0	58,0	14,0	0,0	1,0	57,0	80,5555555555555
22095	Chía	2019	86,0	66,0	52,0	14,0	1,0	1,0	50,0	78,7878787878788
22096	Chimillas	2008	359,0	290,0	249,0	41,0	2,0	2,0	245,0	85,8620689655172
22096	Chimillas	2011	359,0	301,0	239,0	62,0	2,0	8,0	229,0	79,4019933554817
22096	Chimillas	2015	373,0	297,0	249,0	48,0	1,0	2,0	246,0	83,8383838383838
22096	Chimillas	2016	358,0	301,0	240,0	61,0	0,0	0,0	240,0	79,734219269103
22096	Chimillas	2019	391,0	332,0	248,0	84,0	7,0	10,0	231,0	74,6987951807229
22099	Esplús	2008	731,0	584,0	452,0	132,0	0,0	11,0	441,0	77,3972602739726
22099	Esplús	2011	677,0	532,0	411,0	121,0	3,0	6,0	402,0	77,2556390977444
22099	Esplús	2015	646,0	490,0	378,0	112,0	1,0	4,0	373,0	77,1428571428571
22099	Esplús	2016	619,0	483,0	379,0	104,0	2,0	4,0	373,0	78,4679089026915
22099	Esplús	2019	541,0	490,0	349,0	141,0	6,0	2,0	341,0	71,2244897959183
22102	Estada	2008	224,0	196,0	157,0	39,0	2,0	1,0	154,0	80,1020408163265
22102	Estada	2011	236,0	194,0	152,0	42,0	3,0	4,0	145,0	78,3505154639175
22102	Estada	2015	215,0	184,0	160,0	24,0	1,0	1,0	158,0	86,9565217391304
22102	Estada	2016	210,0	179,0	141,0	38,0	3,0	2,0	136,0	78,7709497206704
22102	Estada	2019	204,0	180,0	137,0	43,0	1,0	3,0	133,0	76,1111111111111
22103	Estadilla	2008	864,0	731,0	578,0	153,0	5,0	7,0	566,0	79,0697674418605
22103	Estadilla	2011	860,0	697,0	532,0	165,0	9,0	10,0	513,0	76,3271162123386
22103	Estadilla	2015	822,0	680,0	527,0	153,0	5,0	8,0	514,0	77,5
22103	Estadilla	2016	819,0	682,0	508,0	174,0	6,0	3,0	499,0	74,4868035190616
22103	Estadilla	2019	794,0	664,0	489,0	175,0	0,0	4,0	485,0	73,644578313253
22105	Estopiñán del Castillo	2008	198,0	155,0	120,0	35,0	4,0	2,0	114,0	77,4193548387097
22105	Estopiñán del Castillo	2011	177,0	132,0	104,0	28,0	2,0	2,0	100,0	78,7878787878788
22105	Estopiñán del Castillo	2015	136,0	118,0	87,0	31,0	1,0	1,0	85,0	73,728813559322
22105	Estopiñán del Castillo	2016	147,0	114,0	78,0	36,0	1,0	2,0	75,0	68,421052631579
22105	Estopiñán del Castillo	2019	126,0	102,0	65,0	37,0	0,0	0,0	65,0	63,7254901960784
22106	Fago	2008	31,0	28,0	20,0	8,0	0,0	2,0	18,0	71,4285714285714
22106	Fago	2011	26,0	25,0	17,0	8,0	0,0	0,0	17,0	68,0
22106	Fago	2015	24,0	24,0	17,0	7,0	0,0	0,0	17,0	70,8333333333333
22106	Fago	2016	25,0	22,0	14,0	8,0	0,0	0,0	14,0	63,6363636363636
22106	Fago	2019	23,0	20,0	13,0	7,0	0,0	2,0	11,0	65,0
22107	Fanlo	2008	171,0	164,0	110,0	54,0	0,0	1,0	109,0	67,0731707317073
22107	Fanlo	2011	138,0	131,0	81,0	50,0	4,0	1,0	76,0	61,8320610687023
22107	Fanlo	2015	118,0	123,0	79,0	44,0	1,0	2,0	76,0	64,2276422764228
22107	Fanlo	2016	112,0	112,0	74,0	38,0	0,0	0,0	74,0	66,0714285714286
22107	Fanlo	2019	97,0	102,0	53,0	49,0	0,0	0,0	53,0	51,9607843137255
22109	Fiscal	2008	296,0	245,0	185,0	60,0	1,0	3,0	181,0	75,5102040816327
22109	Fiscal	2011	317,0	243,0	178,0	65,0	0,0	2,0	176,0	73,2510288065843
22109	Fiscal	2015	369,0	265,0	207,0	58,0	1,0	2,0	204,0	78,1132075471698
22109	Fiscal	2016	361,0	261,0	191,0	70,0	1,0	1,0	189,0	73,1800766283525
22109	Fiscal	2019	327,0	261,0	184,0	77,0	1,0	1,0	182,0	70,4980842911877
22110	Fonz	2008	1034,0	866,0	689,0	177,0	8,0	5,0	676,0	79,5612009237875
22110	Fonz	2011	1035,0	822,0	602,0	220,0	14,0	3,0	585,0	73,2360097323601
22110	Fonz	2015	960,0	751,0	563,0	188,0	5,0	3,0	555,0	74,9667110519308
22110	Fonz	2016	944,0	738,0	531,0	207,0	4,0	4,0	523,0	71,9512195121951
22110	Fonz	2019	870,0	700,0	476,0	224,0	3,0	3,0	470,0	68,0
22111	Foradada del Toscar	2008	231,0	200,0	144,0	56,0	2,0	1,0	141,0	72,0
22111	Foradada del Toscar	2011	215,0	180,0	126,0	54,0	1,0	3,0	122,0	70,0
22111	Foradada del Toscar	2015	192,0	152,0	114,0	38,0	1,0	0,0	113,0	75,0
22111	Foradada del Toscar	2016	187,0	154,0	103,0	51,0	1,0	0,0	102,0	66,8831168831169
22111	Foradada del Toscar	2019	173,0	143,0	96,0	47,0	1,0	2,0	93,0	67,1328671328671
22112	Fraga	2008	13592,0	9623,0	7096,0	2527,0	29,0	126,0	6941,0	73,7399979216461
22112	Fraga	2011	14539,0	9619,0	6642,0	2977,0	109,0	205,0	6328,0	69,0508368853311
22112	Fraga	2015	14926,0	9592,0	6878,0	2714,0	51,0	76,0	6751,0	71,7055879899916
22112	Fraga	2016	14921,0	9566,0	6354,0	3212,0	49,0	56,0	6249,0	66,4227472297721
22112	Fraga	2019	14979,0	9526,0	6317,0	3209,0	72,0	91,0	6154,0	66,3132479529708
22113	Fueva (La)	2008	625,0	519,0	405,0	114,0	2,0	4,0	399,0	78,0346820809248
22113	Fueva (La)	2011	619,0	512,0	357,0	155,0	4,0	8,0	345,0	69,7265625
22113	Fueva (La)	2015	622,0	494,0	362,0	132,0	1,0	3,0	358,0	73,2793522267207
22113	Fueva (La)	2016	622,0	495,0	370,0	125,0	2,0	4,0	364,0	74,7474747474747
22113	Fueva (La)	2019	597,0	478,0	335,0	143,0	2,0	6,0	327,0	70,0836820083682
22114	Gistaín	2008	155,0	151,0	108,0	43,0	0,0	1,0	107,0	71,523178807947
22114	Gistaín	2011	145,0	137,0	94,0	43,0	0,0	4,0	90,0	68,6131386861314
22114	Gistaín	2015	143,0	123,0	80,0	43,0	1,0	4,0	75,0	65,0406504065041
22114	Gistaín	2016	138,0	123,0	81,0	42,0	0,0	0,0	81,0	65,8536585365854
22114	Gistaín	2019	149,0	124,0	75,0	49,0	3,0	1,0	71,0	60,4838709677419
22115	Grado (El)	2008	509,0	434,0	355,0	79,0	1,0	4,0	350,0	81,7972350230415
22115	Grado (El)	2011	493,0	415,0	307,0	108,0	3,0	2,0	302,0	73,9759036144578
22115	Grado (El)	2015	435,0	364,0	270,0	94,0	3,0	4,0	263,0	74,1758241758242
22115	Grado (El)	2016	433,0	360,0	257,0	103,0	1,0	3,0	253,0	71,3888888888889
22115	Grado (El)	2019	426,0	348,0	263,0	85,0	2,0	3,0	258,0	75,5747126436782
22116	Grañén	2008	1992,0	1649,0	1265,0	384,0	5,0	34,0	1226,0	76,7131594906004
22116	Grañén	2011	1930,0	1571,0	1127,0	444,0	13,0	37,0	1077,0	71,7377466581795
22116	Grañén	2015	1902,0	1443,0	1049,0	394,0	10,0	12,0	1027,0	72,6957726957727
22116	Grañén	2016	1859,0	1430,0	1004,0	426,0	10,0	5,0	989,0	70,2097902097902
22116	Grañén	2019	1753,0	1342,0	915,0	427,0	10,0	11,0	894,0	68,1818181818182
22117	Graus	2008	3472,0	2661,0	2034,0	627,0	13,0	39,0	1982,0	76,4374295377677
22117	Graus	2011	3700,0	2585,0	1880,0	705,0	32,0	57,0	1791,0	72,7272727272727
22117	Graus	2015	3429,0	2497,0	1789,0	708,0	18,0	16,0	1755,0	71,6459751702042
22117	Graus	2016	3371,0	2478,0	1714,0	764,0	21,0	22,0	1671,0	69,1686844229217
22117	Graus	2019	3305,0	2384,0	1606,0	778,0	10,0	18,0	1578,0	67,3657718120805
22119	Gurrea de Gállego	2008	1721,0	1495,0	1118,0	377,0	2,0	7,0	1109,0	74,7826086956522
22119	Gurrea de Gállego	2011	1664,0	1433,0	994,0	439,0	13,0	14,0	967,0	69,3649685973482
22119	Gurrea de Gállego	2015	1575,0	1296,0	951,0	345,0	10,0	3,0	938,0	73,3796296296296
22119	Gurrea de Gállego	2016	1545,0	1291,0	942,0	349,0	7,0	5,0	930,0	72,9666924864446
22119	Gurrea de Gállego	2019	1476,0	1267,0	880,0	387,0	9,0	4,0	867,0	69,4554064719811
22122	Hoz de Jaca	2008	78,0	70,0	59,0	11,0	1,0	2,0	56,0	84,2857142857143
22122	Hoz de Jaca	2011	71,0	62,0	57,0	5,0	0,0	3,0	54,0	91,9354838709677
22122	Hoz de Jaca	2015	73,0	62,0	49,0	13,0	0,0	1,0	48,0	79,0322580645161
22122	Hoz de Jaca	2016	68,0	64,0	57,0	7,0	0,0	2,0	55,0	89,0625
22122	Hoz de Jaca	2019	76,0	69,0	52,0	17,0	2,0	2,0	48,0	75,3623188405797
22124	Huerto	2008	257,0	240,0	188,0	52,0	2,0	1,0	185,0	78,3333333333333
22124	Huerto	2011	272,0	229,0	171,0	58,0	1,0	2,0	168,0	74,6724890829694
22124	Huerto	2015	242,0	204,0	143,0	61,0	1,0	1,0	141,0	70,0980392156863
22124	Huerto	2016	238,0	201,0	144,0	57,0	1,0	1,0	142,0	71,6417910447761
22124	Huerto	2019	218,0	183,0	119,0	64,0	0,0	0,0	119,0	65,0273224043716
22125	Huesca	2008	49819,0	37731,0	28620,0	9111,0	132,0	420,0	28068,0	75,8527470779995
22125	Huesca	2011	52347,0	38141,0	26924,0	11217,0	461,0	676,0	25787,0	70,5907029181196
22125	Huesca	2015	52555,0	38845,0	28340,0	10505,0	289,0	290,0	27761,0	72,9566224739349
22125	Huesca	2016	52239,0	38773,0	27021,0	11752,0	289,0	258,0	26474,0	69,6902483687102
22125	Huesca	2019	52463,0	39530,0	27358,0	12172,0	283,0	344,0	26731,0	69,2081963066026
22126	Ibieca	2008	116,0	105,0	88,0	17,0	0,0	0,0	88,0	83,8095238095238
22126	Ibieca	2011	108,0	100,0	81,0	19,0	1,0	2,0	78,0	81,0
22126	Ibieca	2015	119,0	91,0	65,0	26,0	0,0	0,0	65,0	71,4285714285714
22126	Ibieca	2016	110,0	88,0	64,0	24,0	0,0	0,0	64,0	72,7272727272727
22126	Ibieca	2019	97,0	89,0	64,0	25,0	0,0	0,0	64,0	71,9101123595506
22127	Igriés	2008	514,0	383,0	303,0	80,0	3,0	2,0	298,0	79,11227154047
22127	Igriés	2011	627,0	483,0	357,0	126,0	4,0	9,0	344,0	73,9130434782609
22127	Igriés	2015	700,0	505,0	387,0	118,0	1,0	3,0	383,0	76,6336633663366
22127	Igriés	2016	692,0	505,0	374,0	131,0	3,0	3,0	368,0	74,0594059405941
22127	Igriés	2019	705,0	521,0	353,0	168,0	1,0	5,0	347,0	67,7543186180422
22128	Ilche	2008	273,0	234,0	195,0	39,0	2,0	1,0	192,0	83,3333333333333
22128	Ilche	2011	246,0	203,0	164,0	39,0	3,0	7,0	154,0	80,7881773399015
22128	Ilche	2015	214,0	187,0	146,0	41,0	4,0	1,0	141,0	78,0748663101604
22128	Ilche	2016	208,0	188,0	146,0	42,0	2,0	3,0	141,0	77,6595744680851
22128	Ilche	2019	212,0	188,0	145,0	43,0	2,0	3,0	140,0	77,1276595744681
22129	Isábena	2008	293,0	202,0	137,0	65,0	1,0	1,0	135,0	67,8217821782178
22129	Isábena	2011	313,0	193,0	124,0	69,0	1,0	4,0	119,0	64,2487046632124
22129	Isábena	2015	288,0	183,0	128,0	55,0	1,0	2,0	125,0	69,9453551912568
22129	Isábena	2016	276,0	183,0	120,0	63,0	2,0	1,0	117,0	65,5737704918033
22129	Isábena	2019	238,0	162,0	110,0	52,0	0,0	0,0	110,0	67,9012345679012
22130	Jaca	2008	12759,0	9757,0	7102,0	2655,0	31,0	84,0	6987,0	72,7887670390489
22130	Jaca	2011	13374,0	9983,0	6691,0	3292,0	118,0	148,0	6425,0	67,0239406991886
22130	Jaca	2015	13121,0	10106,0	6987,0	3119,0	48,0	59,0	6880,0	69,1371462497526
22130	Jaca	2016	13088,0	10092,0	6671,0	3421,0	63,0	59,0	6549,0	66,1018628616726
22130	Jaca	2019	12813,0	10146,0	6505,0	3641,0	69,0	57,0	6379,0	64,11393652671
22131	Jasa	2008	121,0	106,0	86,0	20,0	0,0	0,0	86,0	81,1320754716981
22131	Jasa	2011	116,0	96,0	79,0	17,0	2,0	2,0	75,0	82,2916666666667
22131	Jasa	2015	111,0	83,0	63,0	20,0	0,0	3,0	60,0	75,9036144578313
22131	Jasa	2016	104,0	82,0	63,0	19,0	0,0	0,0	63,0	76,8292682926829
22131	Jasa	2019	92,0	84,0	62,0	22,0	4,0	5,0	53,0	73,8095238095238
22133	Labuerda	2008	177,0	142,0	115,0	27,0	0,0	3,0	112,0	80,9859154929577
22133	Labuerda	2011	167,0	123,0	87,0	36,0	2,0	2,0	83,0	70,7317073170732
22133	Labuerda	2015	155,0	117,0	89,0	28,0	0,0	4,0	85,0	76,0683760683761
22133	Labuerda	2016	167,0	115,0	81,0	34,0	1,0	1,0	79,0	70,4347826086956
22133	Labuerda	2019	162,0	108,0	71,0	37,0	0,0	3,0	68,0	65,7407407407408
22135	Laluenga	2008	234,0	208,0	174,0	34,0	1,0	1,0	172,0	83,6538461538462
22135	Laluenga	2011	220,0	200,0	152,0	48,0	5,0	5,0	142,0	76,0
22135	Laluenga	2015	216,0	192,0	146,0	46,0	2,0	0,0	144,0	76,0416666666667
22135	Laluenga	2016	213,0	189,0	128,0	61,0	1,0	0,0	127,0	67,7248677248677
22135	Laluenga	2019	194,0	173,0	123,0	50,0	2,0	0,0	121,0	71,0982658959537
22136	Lalueza	2008	1136,0	971,0	755,0	216,0	0,0	7,0	748,0	77,7548918640577
22136	Lalueza	2011	1101,0	908,0	671,0	237,0	9,0	11,0	651,0	73,8986784140969
22136	Lalueza	2015	1024,0	815,0	596,0	219,0	1,0	6,0	589,0	73,1288343558282
22136	Lalueza	2016	997,0	806,0	588,0	218,0	0,0	5,0	583,0	72,9528535980149
22136	Lalueza	2019	913,0	749,0	524,0	225,0	6,0	5,0	513,0	69,9599465954606
22137	Lanaja	2008	1461,0	1266,0	992,0	274,0	6,0	9,0	977,0	78,3570300157978
22137	Lanaja	2011	1417,0	1164,0	850,0	314,0	11,0	14,0	825,0	73,0240549828179
22137	Lanaja	2015	1324,0	1071,0	729,0	342,0	10,0	6,0	713,0	68,0672268907563
22137	Lanaja	2016	1268,0	1069,0	727,0	342,0	9,0	3,0	715,0	68,0074836295603
22137	Lanaja	2019	1202,0	1009,0	671,0	338,0	6,0	1,0	664,0	66,5014866204162
22139	Laperdiguera	2008	102,0	89,0	70,0	19,0	0,0	2,0	68,0	78,6516853932584
22139	Laperdiguera	2011	102,0	86,0	66,0	20,0	3,0	2,0	61,0	76,7441860465116
22139	Laperdiguera	2015	94,0	83,0	65,0	18,0	1,0	0,0	64,0	78,3132530120482
22139	Laperdiguera	2016	96,0	79,0	64,0	15,0	0,0	1,0	63,0	81,0126582278481
22139	Laperdiguera	2019	91,0	80,0	57,0	23,0	0,0	1,0	56,0	71,25
22141	Lascellas-Ponzano	2008	166,0	140,0	108,0	32,0	1,0	1,0	106,0	77,1428571428571
22141	Lascellas-Ponzano	2011	154,0	129,0	103,0	26,0	1,0	3,0	99,0	79,8449612403101
22141	Lascellas-Ponzano	2015	146,0	118,0	90,0	28,0	1,0	1,0	88,0	76,271186440678
22141	Lascellas-Ponzano	2016	138,0	117,0	91,0	26,0	1,0	1,0	89,0	77,7777777777778
22141	Lascellas-Ponzano	2019	126,0	115,0	94,0	21,0	1,0	0,0	93,0	81,7391304347826
22142	Lascuarre	2008	157,0	120,0	98,0	22,0	0,0	0,0	98,0	81,6666666666667
22142	Lascuarre	2011	157,0	114,0	91,0	23,0	0,0	2,0	89,0	79,8245614035088
22142	Lascuarre	2015	136,0	98,0	81,0	17,0	2,0	1,0	78,0	82,6530612244898
22142	Lascuarre	2016	137,0	97,0	75,0	22,0	1,0	1,0	73,0	77,319587628866
22142	Lascuarre	2019	136,0	94,0	72,0	22,0	2,0	0,0	70,0	76,5957446808511
22143	Laspaúles	2008	287,0	249,0	183,0	66,0	3,0	2,0	178,0	73,4939759036144
22143	Laspaúles	2011	297,0	244,0	166,0	78,0	5,0	2,0	159,0	68,0327868852459
22143	Laspaúles	2015	304,0	213,0	147,0	66,0	0,0	3,0	144,0	69,0140845070422
22143	Laspaúles	2016	281,0	217,0	143,0	74,0	2,0	1,0	140,0	65,8986175115207
22143	Laspaúles	2019	230,0	190,0	118,0	72,0	3,0	1,0	114,0	62,1052631578947
22144	Laspuña	2008	312,0	267,0	213,0	54,0	1,0	1,0	211,0	79,7752808988764
22144	Laspuña	2011	289,0	258,0	203,0	55,0	0,0	5,0	198,0	78,6821705426357
22144	Laspuña	2015	298,0	248,0	195,0	53,0	0,0	0,0	195,0	78,6290322580645
22144	Laspuña	2016	290,0	243,0	188,0	55,0	1,0	1,0	186,0	77,3662551440329
22144	Laspuña	2019	291,0	255,0	192,0	63,0	2,0	2,0	188,0	75,2941176470588
22149	Loarre	2008	379,0	338,0	263,0	75,0	4,0	1,0	258,0	77,810650887574
22149	Loarre	2011	371,0	321,0	244,0	77,0	3,0	5,0	236,0	76,01246105919
22149	Loarre	2015	338,0	302,0	236,0	66,0	0,0	2,0	234,0	78,1456953642384
22149	Loarre	2016	335,0	305,0	228,0	77,0	0,0	0,0	228,0	74,7540983606557
22149	Loarre	2019	331,0	301,0	211,0	90,0	1,0	1,0	209,0	70,0996677740864
22150	Loporzano	2008	527,0	475,0	362,0	113,0	1,0	1,0	360,0	76,2105263157895
22150	Loporzano	2011	540,0	491,0	342,0	149,0	6,0	9,0	327,0	69,6537678207739
22150	Loporzano	2015	535,0	464,0	348,0	116,0	0,0	1,0	347,0	75,0
22150	Loporzano	2016	532,0	472,0	331,0	141,0	1,0	1,0	329,0	70,1271186440678
22150	Loporzano	2019	522,0	459,0	325,0	134,0	4,0	8,0	313,0	70,8061002178649
22151	Loscorrales	2008	111,0	104,0	86,0	18,0	1,0	0,0	85,0	82,6923076923077
22151	Loscorrales	2011	108,0	97,0	71,0	26,0	0,0	0,0	71,0	73,1958762886598
22151	Loscorrales	2015	107,0	93,0	68,0	25,0	0,0	0,0	68,0	73,1182795698925
22151	Loscorrales	2016	106,0	93,0	64,0	29,0	0,0	1,0	63,0	68,8172043010753
22151	Loscorrales	2019	106,0	85,0	60,0	25,0	0,0	0,0	60,0	70,5882352941176
22155	Monesma y Cajigar	2008	108,0	99,0	78,0	21,0	0,0	0,0	78,0	78,7878787878788
22155	Monesma y Cajigar	2011	106,0	89,0	67,0	22,0	0,0	2,0	65,0	75,2808988764045
22155	Monesma y Cajigar	2015	88,0	77,0	58,0	19,0	0,0	2,0	56,0	75,3246753246753
22155	Monesma y Cajigar	2016	87,0	76,0	51,0	25,0	0,0	0,0	51,0	67,1052631578947
22155	Monesma y Cajigar	2019	73,0	66,0	52,0	14,0	0,0	0,0	52,0	78,7878787878788
22156	Monflorite-Lascasas	2008	267,0	223,0	203,0	20,0	1,0	1,0	201,0	91,0313901345292
22156	Monflorite-Lascasas	2011	312,0	256,0	209,0	47,0	6,0	5,0	198,0	81,640625
22156	Monflorite-Lascasas	2015	295,0	264,0	202,0	62,0	2,0	3,0	197,0	76,5151515151515
22156	Monflorite-Lascasas	2016	313,0	289,0	220,0	69,0	0,0	2,0	218,0	76,1245674740484
22156	Monflorite-Lascasas	2019	403,0	289,0	216,0	73,0	3,0	1,0	212,0	74,7404844290657
22157	Montanuy	2008	308,0	279,0	199,0	80,0	1,0	2,0	196,0	71,326164874552
22157	Montanuy	2011	285,0	251,0	176,0	75,0	1,0	9,0	166,0	70,1195219123506
22157	Montanuy	2015	237,0	194,0	151,0	43,0	0,0	1,0	150,0	77,8350515463917
22157	Montanuy	2016	221,0	192,0	129,0	63,0	1,0	3,0	125,0	67,1875
22157	Montanuy	2019	215,0	181,0	122,0	59,0	1,0	2,0	119,0	67,4033149171271
22158	Monzón	2008	16217,0	11997,0	8963,0	3034,0	43,0	94,0	8826,0	74,7103442527298
22158	Monzón	2011	17115,0	11978,0	8404,0	3574,0	125,0	149,0	8130,0	70,1619635999332
22158	Monzón	2015	17176,0	12005,0	8644,0	3361,0	74,0	68,0	8502,0	72,0033319450229
22158	Monzón	2016	17260,0	11995,0	8197,0	3798,0	71,0	62,0	8064,0	68,3368070029179
22158	Monzón	2019	17061,0	11994,0	8115,0	3879,0	66,0	79,0	7970,0	67,6588294147073
22160	Naval	2008	288,0	233,0	181,0	52,0	1,0	5,0	175,0	77,6824034334764
22160	Naval	2011	265,0	219,0	166,0	53,0	0,0	5,0	161,0	75,7990867579909
22160	Naval	2015	256,0	209,0	161,0	48,0	0,0	2,0	159,0	77,0334928229665
22160	Naval	2016	259,0	209,0	168,0	41,0	0,0	6,0	162,0	80,3827751196172
22160	Naval	2019	269,0	207,0	149,0	58,0	0,0	1,0	148,0	71,9806763285024
22162	Novales	2008	181,0	149,0	117,0	32,0	0,0	2,0	115,0	78,5234899328859
22162	Novales	2011	181,0	135,0	107,0	28,0	0,0	3,0	104,0	79,2592592592593
22162	Novales	2015	176,0	129,0	101,0	28,0	0,0	0,0	101,0	78,2945736434109
22162	Novales	2016	183,0	130,0	102,0	28,0	0,0	0,0	102,0	78,4615384615385
22162	Novales	2019	155,0	125,0	94,0	31,0	0,0	0,0	94,0	75,2
22163	Nueno	2008	521,0	429,0	357,0	72,0	3,0	6,0	348,0	83,2167832167832
22163	Nueno	2011	557,0	431,0	353,0	78,0	9,0	5,0	339,0	81,9025522041763
22163	Nueno	2015	558,0	426,0	360,0	66,0	4,0	3,0	353,0	84,5070422535211
22163	Nueno	2016	552,0	425,0	360,0	65,0	5,0	0,0	355,0	84,7058823529412
22163	Nueno	2019	532,0	426,0	338,0	88,0	3,0	0,0	335,0	79,3427230046948
22164	Olvena	2008	77,0	63,0	43,0	20,0	0,0	0,0	43,0	68,2539682539683
22164	Olvena	2011	58,0	46,0	32,0	14,0	0,0	0,0	32,0	69,5652173913043
22164	Olvena	2015	57,0	35,0	26,0	9,0	0,0	1,0	25,0	74,2857142857143
22164	Olvena	2016	45,0	36,0	28,0	8,0	0,0	0,0	28,0	77,7777777777778
22164	Olvena	2019	50,0	42,0	28,0	14,0	0,0	0,0	28,0	66,6666666666667
22165	Ontiñena	2008	610,0	539,0	438,0	101,0	3,0	7,0	428,0	81,2615955473098
22165	Ontiñena	2011	586,0	515,0	409,0	106,0	6,0	9,0	394,0	79,4174757281553
22165	Ontiñena	2015	570,0	490,0	375,0	115,0	3,0	2,0	370,0	76,5306122448979
22165	Ontiñena	2016	569,0	487,0	364,0	123,0	4,0	6,0	354,0	74,7433264887064
22165	Ontiñena	2019	533,0	449,0	305,0	144,0	5,0	3,0	297,0	67,9287305122494
22167	Osso de Cinca	2008	735,0	535,0	436,0	99,0	4,0	11,0	421,0	81,4953271028037
22167	Osso de Cinca	2011	735,0	515,0	417,0	98,0	18,0	16,0	383,0	80,9708737864078
22167	Osso de Cinca	2015	771,0	498,0	397,0	101,0	9,0	7,0	381,0	79,718875502008
22167	Osso de Cinca	2016	746,0	493,0	388,0	105,0	7,0	9,0	372,0	78,7018255578093
22167	Osso de Cinca	2019	687,0	465,0	358,0	107,0	2,0	8,0	348,0	76,9892473118279
22168	Palo	2008	38,0	23,0	19,0	4,0	0,0	1,0	18,0	82,6086956521739
22168	Palo	2011	24,0	22,0	16,0	6,0	0,0	0,0	16,0	72,7272727272727
22168	Palo	2015	22,0	20,0	15,0	5,0	0,0	1,0	14,0	75,0
22168	Palo	2016	24,0	23,0	18,0	5,0	0,0	0,0	18,0	78,2608695652174
22168	Palo	2019	27,0	22,0	20,0	2,0	1,0	0,0	19,0	90,9090909090909
22170	Panticosa	2008	776,0	623,0	480,0	143,0	0,0	12,0	468,0	77,0465489566613
22170	Panticosa	2011	819,0	622,0	439,0	183,0	9,0	13,0	417,0	70,5787781350482
22170	Panticosa	2015	757,0	642,0	518,0	124,0	9,0	4,0	505,0	80,6853582554517
22170	Panticosa	2016	762,0	651,0	498,0	153,0	7,0	5,0	486,0	76,4976958525346
22170	Panticosa	2019	786,0	672,0	460,0	212,0	4,0	5,0	451,0	68,4523809523809
22172	Peñalba	2008	753,0	625,0	505,0	120,0	7,0	10,0	488,0	80,8
22172	Peñalba	2011	761,0	613,0	463,0	150,0	11,0	6,0	446,0	75,5301794453507
22172	Peñalba	2015	691,0	560,0	399,0	161,0	3,0	2,0	394,0	71,25
22172	Peñalba	2016	695,0	556,0	372,0	184,0	2,0	6,0	364,0	66,9064748201439
22172	Peñalba	2019	622,0	520,0	373,0	147,0	4,0	5,0	364,0	71,7307692307692
22173	Peñas de Riglos (Las)	2008	297,0	271,0	180,0	91,0	0,0	2,0	178,0	66,4206642066421
22173	Peñas de Riglos (Las)	2011	268,0	247,0	150,0	97,0	0,0	3,0	147,0	60,7287449392713
22173	Peñas de Riglos (Las)	2015	267,0	234,0	158,0	76,0	1,0	0,0	157,0	67,5213675213675
22173	Peñas de Riglos (Las)	2016	264,0	232,0	152,0	80,0	0,0	3,0	149,0	65,5172413793103
22173	Peñas de Riglos (Las)	2019	251,0	219,0	147,0	72,0	6,0	3,0	138,0	67,1232876712329
22174	Peralta de Alcofea	2008	633,0	563,0	451,0	112,0	6,0	1,0	444,0	80,1065719360568
22174	Peralta de Alcofea	2011	618,0	520,0	401,0	119,0	7,0	11,0	383,0	77,1153846153846
22174	Peralta de Alcofea	2015	582,0	485,0	400,0	85,0	4,0	6,0	390,0	82,4742268041237
22174	Peralta de Alcofea	2016	602,0	478,0	379,0	99,0	1,0	2,0	376,0	79,2887029288703
22174	Peralta de Alcofea	2019	562,0	462,0	352,0	110,0	2,0	0,0	350,0	76,1904761904762
22175	Peralta de Calasanz	2008	252,0	229,0	181,0	48,0	2,0	1,0	178,0	79,0393013100437
22175	Peralta de Calasanz	2011	235,0	211,0	158,0	53,0	0,0	9,0	149,0	74,8815165876777
22175	Peralta de Calasanz	2015	240,0	197,0	140,0	57,0	0,0	0,0	140,0	71,0659898477157
22175	Peralta de Calasanz	2016	233,0	197,0	143,0	54,0	1,0	1,0	141,0	72,5888324873096
22175	Peralta de Calasanz	2019	219,0	184,0	129,0	55,0	1,0	0,0	128,0	70,1086956521739
22176	Peraltilla	2008	184,0	164,0	146,0	18,0	6,0	4,0	136,0	89,0243902439024
22176	Peraltilla	2011	200,0	173,0	154,0	19,0	5,0	2,0	147,0	89,0173410404624
22176	Peraltilla	2015	206,0	174,0	140,0	34,0	0,0	1,0	139,0	80,4597701149425
22176	Peraltilla	2016	201,0	173,0	134,0	39,0	4,0	1,0	129,0	77,4566473988439
22176	Peraltilla	2019	199,0	171,0	140,0	31,0	2,0	2,0	136,0	81,8713450292398
22177	Perarrúa	2008	105,0	101,0	84,0	17,0	1,0	0,0	83,0	83,1683168316832
22177	Perarrúa	2011	112,0	101,0	79,0	22,0	4,0	1,0	74,0	78,2178217821782
22177	Perarrúa	2015	113,0	102,0	77,0	25,0	0,0	2,0	75,0	75,4901960784314
22177	Perarrúa	2016	111,0	98,0	75,0	23,0	0,0	0,0	75,0	76,5306122448979
22177	Perarrúa	2019	109,0	96,0	69,0	27,0	1,0	0,0	68,0	71,875
22178	Pertusa	2008	123,0	110,0	87,0	23,0	0,0	1,0	86,0	79,0909090909091
22178	Pertusa	2011	113,0	107,0	92,0	15,0	0,0	1,0	91,0	85,981308411215
22178	Pertusa	2015	121,0	104,0	87,0	17,0	0,0	1,0	86,0	83,6538461538462
22178	Pertusa	2016	124,0	103,0	82,0	21,0	1,0	0,0	81,0	79,6116504854369
22178	Pertusa	2019	110,0	105,0	89,0	16,0	0,0	1,0	88,0	84,7619047619048
22181	Piracés	2008	101,0	96,0	63,0	33,0	0,0	0,0	63,0	65,625
22181	Piracés	2011	104,0	91,0	57,0	34,0	2,0	0,0	55,0	62,6373626373626
22181	Piracés	2015	106,0	93,0	62,0	31,0	0,0	1,0	61,0	66,6666666666667
22181	Piracés	2016	107,0	92,0	61,0	31,0	0,0	2,0	59,0	66,3043478260869
22181	Piracés	2019	98,0	86,0	55,0	31,0	1,0	2,0	52,0	63,953488372093
22182	Plan	2008	323,0	272,0	187,0	85,0	1,0	4,0	182,0	68,75
22182	Plan	2011	336,0	271,0	160,0	111,0	10,0	4,0	146,0	59,0405904059041
22182	Plan	2015	314,0	256,0	177,0	79,0	1,0	2,0	174,0	69,140625
22182	Plan	2016	303,0	250,0	161,0	89,0	3,0	1,0	157,0	64,4
22182	Plan	2019	287,0	227,0	132,0	95,0	1,0	3,0	128,0	58,1497797356828
22184	Poleñino	2008	237,0	211,0	191,0	20,0	1,0	7,0	183,0	90,521327014218
22184	Poleñino	2011	226,0	203,0	172,0	31,0	5,0	2,0	165,0	84,7290640394089
22184	Poleñino	2015	216,0	188,0	156,0	32,0	0,0	2,0	154,0	82,9787234042553
22184	Poleñino	2016	217,0	184,0	155,0	29,0	0,0	3,0	152,0	84,2391304347826
22184	Poleñino	2019	200,0	167,0	132,0	35,0	2,0	4,0	126,0	79,0419161676647
22186	Pozán de Vero	2008	251,0	228,0	191,0	37,0	0,0	3,0	188,0	83,7719298245614
22186	Pozán de Vero	2011	244,0	217,0	173,0	44,0	0,0	3,0	170,0	79,7235023041475
22186	Pozán de Vero	2015	225,0	186,0	139,0	47,0	2,0	3,0	134,0	74,7311827956989
22186	Pozán de Vero	2016	221,0	181,0	130,0	51,0	1,0	1,0	128,0	71,8232044198895
22186	Pozán de Vero	2019	218,0	189,0	148,0	41,0	3,0	3,0	142,0	78,3068783068783
22187	Puebla de Castro (La)	2008	403,0	310,0	248,0	62,0	1,0	3,0	244,0	80,0
22187	Puebla de Castro (La)	2011	433,0	295,0	222,0	73,0	0,0	3,0	219,0	75,2542372881356
22187	Puebla de Castro (La)	2015	401,0	286,0	224,0	62,0	3,0	1,0	220,0	78,3216783216783
22187	Puebla de Castro (La)	2016	383,0	293,0	218,0	75,0	2,0	2,0	214,0	74,4027303754266
22187	Puebla de Castro (La)	2019	372,0	288,0	220,0	68,0	0,0	2,0	218,0	76,3888888888889
22188	Puente de Montañana	2008	152,0	118,0	90,0	28,0	1,0	2,0	87,0	76,271186440678
22188	Puente de Montañana	2011	148,0	100,0	68,0	32,0	2,0	3,0	63,0	68,0
22188	Puente de Montañana	2015	119,0	87,0	66,0	21,0	0,0	1,0	65,0	75,8620689655172
22188	Puente de Montañana	2016	107,0	82,0	60,0	22,0	1,0	6,0	53,0	73,1707317073171
22188	Puente de Montañana	2019	93,0	75,0	50,0	25,0	0,0	1,0	49,0	66,6666666666667
22189	Puértolas	2008	227,0	210,0	152,0	58,0	0,0	2,0	150,0	72,3809523809524
22189	Puértolas	2011	241,0	199,0	140,0	59,0	2,0	5,0	133,0	70,3517587939699
22189	Puértolas	2015	217,0	184,0	140,0	44,0	3,0	1,0	136,0	76,0869565217391
22189	Puértolas	2016	207,0	185,0	145,0	40,0	1,0	5,0	139,0	78,3783783783784
22189	Puértolas	2019	215,0	175,0	142,0	33,0	0,0	1,0	141,0	81,1428571428571
22190	Pueyo de Araguás (El)	2008	159,0	118,0	87,0	31,0	0,0	2,0	85,0	73,728813559322
22190	Pueyo de Araguás (El)	2011	150,0	120,0	76,0	44,0	3,0	4,0	69,0	63,3333333333333
22190	Pueyo de Araguás (El)	2015	145,0	113,0	83,0	30,0	0,0	2,0	81,0	73,4513274336283
22190	Pueyo de Araguás (El)	2016	149,0	119,0	86,0	33,0	1,0	0,0	85,0	72,2689075630252
22190	Pueyo de Araguás (El)	2019	154,0	123,0	77,0	46,0	0,0	1,0	76,0	62,6016260162602
22193	Pueyo de Santa Cruz	2008	377,0	329,0	278,0	51,0	1,0	2,0	275,0	84,4984802431611
22193	Pueyo de Santa Cruz	2011	369,0	318,0	266,0	52,0	2,0	7,0	257,0	83,6477987421384
22193	Pueyo de Santa Cruz	2015	338,0	283,0	235,0	48,0	1,0	3,0	231,0	83,0388692579505
22193	Pueyo de Santa Cruz	2016	328,0	276,0	225,0	51,0	1,0	2,0	222,0	81,5217391304348
22193	Pueyo de Santa Cruz	2019	314,0	272,0	199,0	73,0	5,0	4,0	190,0	73,1617647058824
22195	Quicena	2008	304,0	229,0	191,0	38,0	1,0	3,0	187,0	83,4061135371179
22195	Quicena	2011	302,0	231,0	193,0	38,0	4,0	6,0	183,0	83,5497835497835
22195	Quicena	2015	300,0	235,0	190,0	45,0	1,0	2,0	187,0	80,8510638297872
22195	Quicena	2016	286,0	235,0	182,0	53,0	1,0	3,0	178,0	77,4468085106383
22195	Quicena	2019	283,0	238,0	190,0	48,0	4,0	0,0	186,0	79,8319327731092
22197	Robres	2008	649,0	548,0	459,0	89,0	0,0	3,0	456,0	83,7591240875913
22197	Robres	2011	630,0	504,0	395,0	109,0	5,0	7,0	383,0	78,3730158730159
22197	Robres	2015	575,0	479,0	378,0	101,0	5,0	6,0	367,0	78,9144050104384
22197	Robres	2016	586,0	473,0	354,0	119,0	0,0	1,0	353,0	74,8414376321353
22197	Robres	2019	541,0	436,0	327,0	109,0	2,0	3,0	322,0	75,0
22199	Sabiñánigo	2008	9673,0	7362,0	5529,0	1833,0	25,0	64,0	5440,0	75,1018744906275
22199	Sabiñánigo	2011	10383,0	7258,0	4980,0	2278,0	119,0	128,0	4733,0	68,613943235051
22199	Sabiñánigo	2015	9883,0	7029,0	5032,0	1997,0	47,0	55,0	4930,0	71,5891307440603
22199	Sabiñánigo	2016	9598,0	7001,0	4737,0	2264,0	49,0	32,0	4656,0	67,6617626053421
22199	Sabiñánigo	2019	9245,0	6884,0	4438,0	2446,0	54,0	71,0	4313,0	64,4683323649041
22200	Sahún	2008	364,0	284,0	209,0	75,0	1,0	2,0	206,0	73,5915492957746
22200	Sahún	2011	360,0	271,0	198,0	73,0	7,0	3,0	188,0	73,0627306273063
22200	Sahún	2015	304,0	251,0	191,0	60,0	2,0	0,0	189,0	76,0956175298805
22200	Sahún	2016	308,0	244,0	184,0	60,0	2,0	5,0	177,0	75,4098360655738
22200	Sahún	2019	294,0	239,0	165,0	74,0	1,0	2,0	162,0	69,0376569037657
22201	Salas Altas	2008	326,0	301,0	224,0	77,0	0,0	5,0	219,0	74,4186046511628
22201	Salas Altas	2011	311,0	287,0	203,0	84,0	5,0	2,0	196,0	70,7317073170732
22201	Salas Altas	2015	319,0	269,0	189,0	80,0	0,0	0,0	189,0	70,2602230483271
22201	Salas Altas	2016	313,0	266,0	188,0	78,0	1,0	3,0	184,0	70,6766917293233
22201	Salas Altas	2019	308,0	264,0	188,0	76,0	2,0	3,0	183,0	71,2121212121212
22202	Salas Bajas	2008	144,0	154,0	130,0	24,0	0,0	4,0	126,0	84,4155844155844
22202	Salas Bajas	2011	149,0	146,0	120,0	26,0	0,0	1,0	119,0	82,1917808219178
22202	Salas Bajas	2015	161,0	136,0	112,0	24,0	0,0	0,0	112,0	82,3529411764706
22202	Salas Bajas	2016	168,0	141,0	119,0	22,0	0,0	0,0	119,0	84,3971631205674
22202	Salas Bajas	2019	167,0	147,0	128,0	19,0	0,0	3,0	125,0	87,0748299319728
22203	Salillas	2008	119,0	104,0	89,0	15,0	0,0	3,0	86,0	85,5769230769231
22203	Salillas	2011	110,0	92,0	79,0	13,0	0,0	0,0	79,0	85,8695652173913
22203	Salillas	2015	107,0	82,0	68,0	14,0	1,0	0,0	67,0	82,9268292682927
22203	Salillas	2016	101,0	83,0	67,0	16,0	0,0	1,0	66,0	80,7228915662651
22203	Salillas	2019	96,0	77,0	62,0	15,0	0,0	2,0	60,0	80,5194805194805
22204	Sallent de Gállego	2008	1400,0	1068,0	775,0	293,0	2,0	18,0	755,0	72,565543071161
22204	Sallent de Gállego	2011	1542,0	1122,0	773,0	349,0	17,0	19,0	737,0	68,8948306595365
22204	Sallent de Gállego	2015	1484,0	1095,0	817,0	278,0	11,0	10,0	796,0	74,6118721461187
22204	Sallent de Gállego	2016	1441,0	1114,0	745,0	369,0	6,0	12,0	727,0	66,8761220825853
22204	Sallent de Gállego	2019	1463,0	1117,0	728,0	389,0	5,0	14,0	709,0	65,1745747538048
22205	San Esteban de Litera	2008	497,0	522,0	411,0	111,0	6,0	6,0	399,0	78,735632183908
22205	San Esteban de Litera	2011	526,0	472,0	369,0	103,0	6,0	5,0	358,0	78,1779661016949
22205	San Esteban de Litera	2015	495,0	434,0	334,0	100,0	1,0	2,0	331,0	76,9585253456221
22205	San Esteban de Litera	2016	498,0	438,0	322,0	116,0	2,0	0,0	320,0	73,5159817351598
22205	San Esteban de Litera	2019	506,0	448,0	294,0	154,0	2,0	0,0	292,0	65,625
22206	Sangarrén	2008	262,0	246,0	192,0	54,0	2,0	2,0	188,0	78,0487804878049
22206	Sangarrén	2011	242,0	218,0	169,0	49,0	2,0	3,0	164,0	77,5229357798165
22206	Sangarrén	2015	212,0	201,0	141,0	60,0	1,0	2,0	138,0	70,1492537313433
22206	Sangarrén	2016	235,0	193,0	129,0	64,0	1,0	1,0	127,0	66,839378238342
22206	Sangarrén	2019	219,0	179,0	138,0	41,0	1,0	0,0	137,0	77,0949720670391
22207	San Juan de Plan	2008	150,0	138,0	90,0	48,0	1,0	1,0	88,0	65,2173913043478
22207	San Juan de Plan	2011	153,0	135,0	86,0	49,0	7,0	4,0	75,0	63,7037037037037
22207	San Juan de Plan	2015	147,0	125,0	89,0	36,0	1,0	3,0	85,0	71,2
22207	San Juan de Plan	2016	148,0	125,0	72,0	53,0	1,0	2,0	69,0	57,6
22207	San Juan de Plan	2019	152,0	121,0	66,0	55,0	1,0	0,0	65,0	54,5454545454545
22208	Santa Cilia	2008	193,0	171,0	146,0	25,0	0,0	1,0	145,0	85,3801169590643
22208	Santa Cilia	2011	209,0	168,0	136,0	32,0	3,0	2,0	131,0	80,9523809523809
22208	Santa Cilia	2015	225,0	178,0	142,0	36,0	2,0	0,0	140,0	79,7752808988764
22208	Santa Cilia	2016	207,0	188,0	150,0	38,0	5,0	0,0	145,0	79,7872340425532
22208	Santa Cilia	2019	231,0	192,0	150,0	42,0	3,0	1,0	146,0	78,125
22209	Santa Cruz de la Serós	2008	145,0	143,0	115,0	28,0	1,0	3,0	111,0	80,4195804195804
22209	Santa Cruz de la Serós	2011	136,0	161,0	115,0	46,0	0,0	4,0	111,0	71,4285714285714
22209	Santa Cruz de la Serós	2015	192,0	159,0	127,0	32,0	0,0	4,0	123,0	79,874213836478
22209	Santa Cruz de la Serós	2016	186,0	155,0	120,0	35,0	0,0	3,0	117,0	77,4193548387097
22209	Santa Cruz de la Serós	2019	180,0	161,0	121,0	40,0	0,0	3,0	118,0	75,1552795031056
22212	Santaliestra y San Quílez	2008	100,0	100,0	85,0	15,0	0,0	1,0	84,0	85,0
22212	Santaliestra y San Quílez	2011	106,0	93,0	79,0	14,0	0,0	0,0	79,0	84,9462365591398
22212	Santaliestra y San Quílez	2015	99,0	84,0	70,0	14,0	0,0	1,0	69,0	83,3333333333333
22212	Santaliestra y San Quílez	2016	104,0	79,0	64,0	15,0	2,0	0,0	62,0	81,0126582278481
22212	Santaliestra y San Quílez	2019	81,0	69,0	52,0	17,0	0,0	1,0	51,0	75,3623188405797
22213	Sariñena	2008	4206,0	3157,0	2443,0	714,0	12,0	28,0	2403,0	77,3835920177383
22213	Sariñena	2011	4428,0	3152,0	2265,0	887,0	35,0	62,0	2168,0	71,8591370558376
22213	Sariñena	2015	4293,0	3029,0	2229,0	800,0	44,0	17,0	2168,0	73,5886431165401
22213	Sariñena	2016	4223,0	3004,0	2169,0	835,0	38,0	19,0	2112,0	72,2037283621838
22213	Sariñena	2019	4168,0	2918,0	2084,0	834,0	22,0	20,0	2042,0	71,418779986292
22214	Secastilla	2008	133,0	127,0	104,0	23,0	1,0	1,0	102,0	81,8897637795276
22214	Secastilla	2011	150,0	131,0	101,0	30,0	1,0	2,0	98,0	77,0992366412214
22214	Secastilla	2015	146,0	128,0	94,0	34,0	2,0	0,0	92,0	73,4375
22214	Secastilla	2016	144,0	128,0	106,0	22,0	1,0	3,0	102,0	82,8125
22214	Secastilla	2019	146,0	117,0	92,0	25,0	3,0	0,0	89,0	78,6324786324786
22215	Seira	2008	179,0	152,0	110,0	42,0	0,0	1,0	109,0	72,3684210526316
22215	Seira	2011	156,0	137,0	90,0	47,0	0,0	1,0	89,0	65,6934306569343
22215	Seira	2015	147,0	129,0	91,0	38,0	0,0	0,0	91,0	70,5426356589147
22215	Seira	2016	147,0	128,0	96,0	32,0	0,0	1,0	95,0	75,0
22215	Seira	2019	150,0	127,0	81,0	46,0	0,0	0,0	81,0	63,7795275590551
22217	Sena	2008	547,0	413,0	345,0	68,0	10,0	5,0	330,0	83,5351089588378
22217	Sena	2011	548,0	406,0	314,0	92,0	5,0	4,0	305,0	77,3399014778325
22217	Sena	2015	516,0	395,0	307,0	88,0	6,0	3,0	298,0	77,7215189873418
22217	Sena	2016	515,0	385,0	287,0	98,0	6,0	1,0	280,0	74,5454545454545
22217	Sena	2019	489,0	370,0	274,0	96,0	5,0	4,0	265,0	74,0540540540541
22218	Senés de Alcubierre	2008	58,0	45,0	37,0	8,0	2,0	1,0	34,0	82,2222222222222
22218	Senés de Alcubierre	2011	68,0	49,0	33,0	16,0	0,0	1,0	32,0	67,3469387755102
22218	Senés de Alcubierre	2015	52,0	43,0	35,0	8,0	0,0	0,0	35,0	81,3953488372093
22218	Senés de Alcubierre	2016	49,0	43,0	33,0	10,0	0,0	0,0	33,0	76,7441860465116
22218	Senés de Alcubierre	2019	41,0	39,0	34,0	5,0	0,0	0,0	34,0	87,1794871794872
22220	Sesa	2008	250,0	219,0	181,0	38,0	5,0	0,0	176,0	82,648401826484
22220	Sesa	2011	225,0	192,0	138,0	54,0	2,0	5,0	131,0	71,875
22220	Sesa	2015	202,0	169,0	123,0	46,0	1,0	2,0	120,0	72,7810650887574
22220	Sesa	2016	190,0	166,0	126,0	40,0	1,0	2,0	123,0	75,9036144578313
22220	Sesa	2019	167,0	147,0	106,0	41,0	1,0	1,0	104,0	72,108843537415
22221	Sesué	2008	116,0	103,0	63,0	40,0	0,0	0,0	63,0	61,1650485436893
22221	Sesué	2011	127,0	108,0	70,0	38,0	1,0	5,0	64,0	64,8148148148148
22221	Sesué	2015	116,0	80,0	60,0	20,0	1,0	0,0	59,0	75,0
22221	Sesué	2016	119,0	84,0	58,0	26,0	0,0	0,0	58,0	69,047619047619
22221	Sesué	2019	127,0	92,0	56,0	36,0	1,0	0,0	55,0	60,8695652173913
22222	Siétamo	2008	588,0	482,0	384,0	98,0	3,0	4,0	377,0	79,6680497925311
22222	Siétamo	2011	665,0	510,0	367,0	143,0	2,0	6,0	359,0	71,9607843137255
22222	Siétamo	2015	675,0	527,0	390,0	137,0	1,0	5,0	384,0	74,0037950664137
22222	Siétamo	2016	672,0	530,0	384,0	146,0	5,0	3,0	376,0	72,4528301886792
22222	Siétamo	2019	664,0	516,0	379,0	137,0	2,0	6,0	371,0	73,4496124031008
22223	Sopeira	2008	106,0	97,0	61,0	36,0	0,0	2,0	59,0	62,8865979381443
22223	Sopeira	2011	120,0	92,0	65,0	27,0	1,0	3,0	61,0	70,6521739130435
22223	Sopeira	2015	107,0	79,0	63,0	16,0	1,0	0,0	62,0	79,746835443038
22223	Sopeira	2016	99,0	75,0	58,0	17,0	0,0	0,0	58,0	77,3333333333333
22223	Sopeira	2019	94,0	77,0	60,0	17,0	1,0	2,0	57,0	77,9220779220779
22225	Tamarite de Litera	2008	3703,0	2901,0	2076,0	825,0	23,0	40,0	2013,0	71,5615305067218
22225	Tamarite de Litera	2011	3730,0	2784,0	1839,0	945,0	34,0	42,0	1763,0	66,0560344827586
22225	Tamarite de Litera	2015	3604,0	2691,0	1850,0	841,0	32,0	24,0	1794,0	68,7476774433296
22225	Tamarite de Litera	2016	3538,0	2679,0	1700,0	979,0	35,0	17,0	1648,0	63,4565136244867
22225	Tamarite de Litera	2019	3528,0	2606,0	1638,0	968,0	26,0	20,0	1592,0	62,8549501151189
22226	Tardienta	2008	1022,0	875,0	718,0	157,0	9,0	5,0	704,0	82,0571428571429
22226	Tardienta	2011	1007,0	823,0	640,0	183,0	13,0	11,0	616,0	77,7642770352369
22226	Tardienta	2015	1005,0	774,0	591,0	183,0	2,0	2,0	587,0	76,3565891472868
22226	Tardienta	2016	985,0	767,0	570,0	197,0	8,0	10,0	552,0	74,3155149934811
22226	Tardienta	2019	952,0	761,0	537,0	224,0	7,0	13,0	517,0	70,5650459921156
22227	Tella-Sin	2008	290,0	244,0	178,0	66,0	2,0	2,0	174,0	72,9508196721311
22227	Tella-Sin	2011	266,0	225,0	172,0	53,0	4,0	3,0	165,0	76,4444444444444
22227	Tella-Sin	2015	260,0	211,0	153,0	58,0	2,0	3,0	148,0	72,5118483412322
22227	Tella-Sin	2016	249,0	206,0	163,0	43,0	3,0	3,0	157,0	79,126213592233
22227	Tella-Sin	2019	226,0	200,0	140,0	60,0	0,0	2,0	138,0	70,0
22228	Tierz	2008	585,0	464,0	387,0	77,0	1,0	8,0	378,0	83,4051724137931
22228	Tierz	2011	691,0	501,0	382,0	119,0	13,0	15,0	354,0	76,24750499002
22228	Tierz	2015	734,0	505,0	409,0	96,0	2,0	3,0	404,0	80,990099009901
22228	Tierz	2016	742,0	514,0	364,0	150,0	4,0	5,0	355,0	70,8171206225681
22228	Tierz	2019	758,0	532,0	371,0	161,0	7,0	4,0	360,0	69,7368421052632
22229	Tolva	2008	193,0	149,0	108,0	41,0	3,0	0,0	105,0	72,4832214765101
22229	Tolva	2011	171,0	127,0	93,0	34,0	4,0	4,0	85,0	73,2283464566929
22229	Tolva	2015	148,0	114,0	81,0	33,0	0,0	0,0	81,0	71,0526315789474
22229	Tolva	2016	137,0	114,0	80,0	34,0	0,0	1,0	79,0	70,1754385964912
22229	Tolva	2019	123,0	107,0	70,0	37,0	0,0	2,0	68,0	65,4205607476635
22230	Torla-Ordesa	2008	319,0	295,0	227,0	68,0	0,0	3,0	224,0	76,9491525423729
22230	Torla-Ordesa	2011	328,0	302,0	234,0	68,0	3,0	11,0	220,0	77,4834437086093
22230	Torla-Ordesa	2015	293,0	290,0	224,0	66,0	1,0	2,0	221,0	77,2413793103448
22230	Torla-Ordesa	2016	306,0	284,0	216,0	68,0	0,0	1,0	215,0	76,056338028169
22230	Torla-Ordesa	2019	298,0	291,0	209,0	82,0	2,0	4,0	203,0	71,8213058419244
22232	Torralba de Aragón	2008	118,0	103,0	87,0	16,0	1,0	3,0	83,0	84,4660194174757
22232	Torralba de Aragón	2011	111,0	98,0	78,0	20,0	3,0	0,0	75,0	79,5918367346939
22232	Torralba de Aragón	2015	113,0	96,0	73,0	23,0	3,0	2,0	68,0	76,0416666666667
22232	Torralba de Aragón	2016	114,0	93,0	71,0	22,0	2,0	1,0	68,0	76,3440860215054
22232	Torralba de Aragón	2019	103,0	88,0	61,0	27,0	0,0	2,0	59,0	69,3181818181818
22233	Torre la Ribera	2008	119,0	99,0	76,0	23,0	0,0	0,0	76,0	76,7676767676768
22233	Torre la Ribera	2011	117,0	94,0	69,0	25,0	0,0	0,0	69,0	73,4042553191489
22233	Torre la Ribera	2015	106,0	82,0	61,0	21,0	0,0	0,0	61,0	74,390243902439
22233	Torre la Ribera	2016	104,0	82,0	57,0	25,0	0,0	3,0	54,0	69,5121951219512
22233	Torre la Ribera	2019	102,0	81,0	53,0	28,0	0,0	0,0	53,0	65,4320987654321
22234	Torrente de Cinca	2008	1021,0	841,0	657,0	184,0	3,0	7,0	647,0	78,1212841854935
22234	Torrente de Cinca	2011	1276,0	818,0	609,0	209,0	4,0	12,0	593,0	74,4498777506112
22234	Torrente de Cinca	2015	1205,0	802,0	600,0	202,0	3,0	7,0	590,0	74,8129675810474
22234	Torrente de Cinca	2016	1187,0	794,0	552,0	242,0	8,0	3,0	541,0	69,5214105793451
22234	Torrente de Cinca	2019	1148,0	743,0	498,0	245,0	7,0	5,0	486,0	67,0255720053836
22235	Torres de Alcanadre	2008	116,0	107,0	89,0	18,0	4,0	0,0	85,0	83,1775700934579
22235	Torres de Alcanadre	2011	106,0	101,0	88,0	13,0	1,0	1,0	86,0	87,1287128712871
22235	Torres de Alcanadre	2015	103,0	100,0	77,0	23,0	0,0	0,0	77,0	77,0
22235	Torres de Alcanadre	2016	107,0	98,0	76,0	22,0	0,0	1,0	75,0	77,5510204081633
22235	Torres de Alcanadre	2019	92,0	88,0	69,0	19,0	1,0	1,0	67,0	78,4090909090909
22236	Torres de Barbués	2008	324,0	292,0	251,0	41,0	0,0	1,0	250,0	85,958904109589
22236	Torres de Barbués	2011	303,0	266,0	213,0	53,0	0,0	3,0	210,0	80,0751879699248
22236	Torres de Barbués	2015	293,0	249,0	199,0	50,0	0,0	1,0	198,0	79,9196787148594
22236	Torres de Barbués	2016	283,0	253,0	200,0	53,0	0,0	0,0	200,0	79,0513833992095
22236	Torres de Barbués	2019	266,0	232,0	190,0	42,0	2,0	2,0	186,0	81,8965517241379
22239	Tramaced	2008	110,0	100,0	86,0	14,0	1,0	7,0	78,0	86,0
22239	Tramaced	2011	100,0	90,0	76,0	14,0	0,0	2,0	74,0	84,4444444444444
22239	Tramaced	2015	97,0	89,0	78,0	11,0	2,0	4,0	72,0	87,6404494382022
22239	Tramaced	2016	110,0	88,0	72,0	16,0	0,0	0,0	72,0	81,8181818181818
22239	Tramaced	2019	99,0	85,0	67,0	18,0	2,0	0,0	65,0	78,8235294117647
22242	Valfarta	2008	99,0	84,0	69,0	15,0	0,0	1,0	68,0	82,1428571428571
22242	Valfarta	2011	87,0	75,0	53,0	22,0	1,0	0,0	52,0	70,6666666666667
22242	Valfarta	2015	73,0	64,0	45,0	19,0	1,0	1,0	43,0	70,3125
22242	Valfarta	2016	72,0	62,0	45,0	17,0	1,0	0,0	44,0	72,5806451612903
22242	Valfarta	2019	69,0	60,0	41,0	19,0	1,0	0,0	40,0	68,3333333333333
22243	Valle de Bardají	2008	53,0	46,0	33,0	13,0	0,0	0,0	33,0	71,7391304347826
22243	Valle de Bardají	2011	50,0	45,0	27,0	18,0	0,0	1,0	26,0	60,0
22243	Valle de Bardají	2015	37,0	45,0	32,0	13,0	0,0	0,0	32,0	71,1111111111111
22243	Valle de Bardají	2016	37,0	45,0	28,0	17,0	0,0	0,0	28,0	62,2222222222222
22243	Valle de Bardají	2019	34,0	43,0	32,0	11,0	1,0	0,0	31,0	74,4186046511628
22244	Valle de Lierp	2008	47,0	62,0	44,0	18,0	0,0	2,0	42,0	70,9677419354839
22244	Valle de Lierp	2011	65,0	62,0	46,0	16,0	2,0	1,0	43,0	74,1935483870968
22244	Valle de Lierp	2015	58,0	52,0	38,0	14,0	0,0	0,0	38,0	73,0769230769231
22244	Valle de Lierp	2016	54,0	52,0	38,0	14,0	1,0	0,0	37,0	73,0769230769231
22244	Valle de Lierp	2019	46,0	42,0	33,0	9,0	1,0	1,0	31,0	78,5714285714286
22245	Velilla de Cinca	2008	482,0	351,0	292,0	59,0	2,0	2,0	288,0	83,1908831908832
22245	Velilla de Cinca	2011	450,0	329,0	261,0	68,0	4,0	3,0	254,0	79,3313069908814
22245	Velilla de Cinca	2015	461,0	306,0	258,0	48,0	1,0	3,0	254,0	84,3137254901961
22245	Velilla de Cinca	2016	442,0	309,0	267,0	42,0	6,0	1,0	260,0	86,4077669902913
22245	Velilla de Cinca	2019	463,0	303,0	222,0	81,0	9,0	3,0	210,0	73,2673267326733
22246	Beranuy	2008	106,0	96,0	68,0	28,0	1,0	1,0	66,0	70,8333333333333
22246	Beranuy	2011	104,0	93,0	63,0	30,0	1,0	0,0	62,0	67,741935483871
22246	Beranuy	2015	97,0	77,0	51,0	26,0	1,0	0,0	50,0	66,2337662337662
22246	Beranuy	2016	92,0	76,0	50,0	26,0	0,0	0,0	50,0	65,7894736842105
22246	Beranuy	2019	78,0	63,0	43,0	20,0	0,0	0,0	43,0	68,2539682539683
22247	Viacamp y Litera	2008	25,0	37,0	21,0	16,0	0,0	2,0	19,0	56,7567567567567
22247	Viacamp y Litera	2011	48,0	31,0	21,0	10,0	1,0	1,0	19,0	67,741935483871
22247	Viacamp y Litera	2015	43,0	30,0	23,0	7,0	1,0	0,0	22,0	76,6666666666667
22247	Viacamp y Litera	2016	42,0	33,0	20,0	13,0	0,0	0,0	20,0	60,6060606060606
22247	Viacamp y Litera	2019	36,0	28,0	18,0	10,0	0,0	0,0	18,0	64,2857142857143
22248	Vicién	2008	116,0	113,0	94,0	19,0	1,0	1,0	92,0	83,1858407079646
22248	Vicién	2011	122,0	119,0	94,0	25,0	2,0	3,0	89,0	78,9915966386555
22248	Vicién	2015	122,0	118,0	92,0	26,0	1,0	0,0	91,0	77,9661016949152
22248	Vicién	2016	126,0	116,0	92,0	24,0	2,0	1,0	89,0	79,3103448275862
22248	Vicién	2019	116,0	103,0	73,0	30,0	0,0	0,0	73,0	70,873786407767
22249	Villanova	2008	156,0	125,0	86,0	39,0	0,0	1,0	85,0	68,8
22249	Villanova	2011	154,0	110,0	83,0	27,0	2,0	0,0	81,0	75,4545454545454
22249	Villanova	2015	159,0	119,0	97,0	22,0	0,0	1,0	96,0	81,5126050420168
22249	Villanova	2016	157,0	116,0	95,0	21,0	0,0	4,0	91,0	81,8965517241379
22249	Villanova	2019	159,0	125,0	93,0	32,0	1,0	1,0	91,0	74,4
22250	Villanúa	2008	478,0	358,0	253,0	105,0	2,0	0,0	251,0	70,6703910614525
22250	Villanúa	2011	492,0	368,0	261,0	107,0	6,0	12,0	243,0	70,9239130434783
22250	Villanúa	2015	475,0	347,0	258,0	89,0	2,0	5,0	251,0	74,3515850144092
22250	Villanúa	2016	435,0	353,0	261,0	92,0	3,0	4,0	254,0	73,9376770538244
22250	Villanúa	2019	447,0	346,0	241,0	105,0	0,0	0,0	241,0	69,6531791907514
22251	Villanueva de Sigena	2008	520,0	414,0	341,0	73,0	5,0	3,0	333,0	82,3671497584541
22251	Villanueva de Sigena	2011	512,0	391,0	288,0	103,0	10,0	4,0	274,0	73,6572890025575
22251	Villanueva de Sigena	2015	434,0	371,0	283,0	88,0	2,0	4,0	277,0	76,2803234501348
22251	Villanueva de Sigena	2016	442,0	364,0	284,0	80,0	0,0	0,0	284,0	78,021978021978
22251	Villanueva de Sigena	2019	394,0	327,0	259,0	68,0	3,0	0,0	256,0	79,2048929663608
22252	Yebra de Basa	2008	152,0	135,0	104,0	31,0	0,0	2,0	102,0	77,037037037037
22252	Yebra de Basa	2011	155,0	130,0	98,0	32,0	2,0	5,0	91,0	75,3846153846154
22252	Yebra de Basa	2015	142,0	122,0	93,0	29,0	2,0	1,0	90,0	76,2295081967213
22252	Yebra de Basa	2016	142,0	121,0	86,0	35,0	5,0	0,0	81,0	71,0743801652892
22252	Yebra de Basa	2019	147,0	118,0	95,0	23,0	4,0	1,0	90,0	80,5084745762712
22253	Yésero	2008	77,0	79,0	72,0	7,0	0,0	0,0	72,0	91,1392405063291
22253	Yésero	2011	71,0	71,0	54,0	17,0	0,0	1,0	53,0	76,056338028169
22253	Yésero	2015	57,0	61,0	52,0	9,0	1,0	1,0	50,0	85,2459016393443
22253	Yésero	2016	58,0	61,0	52,0	9,0	0,0	0,0	52,0	85,2459016393443
22253	Yésero	2019	60,0	56,0	40,0	16,0	0,0	1,0	39,0	71,4285714285714
22254	Zaidín	2008	1827,0	1246,0	976,0	270,0	7,0	9,0	960,0	78,330658105939
22254	Zaidín	2011	1709,0	1175,0	868,0	307,0	12,0	14,0	842,0	73,8723404255319
22254	Zaidín	2015	1837,0	1129,0	804,0	325,0	12,0	9,0	783,0	71,2134632418069
22254	Zaidín	2016	1852,0	1124,0	801,0	323,0	9,0	11,0	781,0	71,2633451957295
22254	Zaidín	2019	1774,0	1084,0	744,0	340,0	9,0	10,0	725,0	68,6346863468635
22901	Valle de Hecho	2008	957,0	820,0	598,0	222,0	0,0	5,0	593,0	72,9268292682927
22901	Valle de Hecho	2011	960,0	792,0	515,0	277,0	7,0	13,0	495,0	65,0252525252525
22901	Valle de Hecho	2015	903,0	754,0	521,0	233,0	8,0	9,0	504,0	69,0981432360743
22901	Valle de Hecho	2016	880,0	742,0	478,0	264,0	8,0	5,0	465,0	64,4204851752022
22901	Valle de Hecho	2019	839,0	714,0	433,0	281,0	10,0	6,0	417,0	60,6442577030812
22902	Puente la Reina de Jaca	2008	226,0	224,0	182,0	42,0	0,0	1,0	181,0	81,25
22902	Puente la Reina de Jaca	2011	215,0	240,0	169,0	71,0	0,0	3,0	166,0	70,4166666666667
22902	Puente la Reina de Jaca	2015	276,0	219,0	162,0	57,0	2,0	1,0	159,0	73,972602739726
22902	Puente la Reina de Jaca	2016	261,0	221,0	159,0	62,0	3,0	0,0	156,0	71,9457013574661
22902	Puente la Reina de Jaca	2019	260,0	206,0	147,0	59,0	3,0	1,0	143,0	71,3592233009709
22903	San Miguel del Cinca	2008	849,0	704,0	605,0	99,0	4,0	5,0	596,0	85,9375
22903	San Miguel del Cinca	2011	848,0	672,0	555,0	117,0	8,0	6,0	541,0	82,5892857142857
22903	San Miguel del Cinca	2015	852,0	654,0	542,0	112,0	6,0	3,0	533,0	82,8746177370031
22903	San Miguel del Cinca	2016	857,0	652,0	514,0	138,0	7,0	1,0	506,0	78,8343558282209
22903	San Miguel del Cinca	2019	813,0	618,0	484,0	134,0	2,0	5,0	477,0	78,3171521035599
22904	Sotonera (La)	2008	1053,0	928,0	696,0	232,0	5,0	5,0	686,0	75,0
22904	Sotonera (La)	2011	1061,0	908,0	660,0	248,0	7,0	14,0	639,0	72,6872246696035
22904	Sotonera (La)	2015	1013,0	835,0	600,0	235,0	6,0	6,0	588,0	71,8562874251497
22904	Sotonera (La)	2016	990,0	815,0	579,0	236,0	4,0	8,0	567,0	71,0429447852761
22904	Sotonera (La)	2019	894,0	751,0	516,0	235,0	5,0	3,0	508,0	68,7083888149134
22905	Lupiñén-Ortilla	2008	358,0	324,0	266,0	58,0	0,0	8,0	258,0	82,0987654320988
22905	Lupiñén-Ortilla	2011	397,0	312,0	249,0	63,0	2,0	4,0	243,0	79,8076923076923
22905	Lupiñén-Ortilla	2015	373,0	294,0	224,0	70,0	0,0	2,0	222,0	76,1904761904762
22905	Lupiñén-Ortilla	2016	364,0	281,0	209,0	72,0	0,0	1,0	208,0	74,3772241992883
22905	Lupiñén-Ortilla	2019	341,0	287,0	217,0	70,0	0,0	1,0	216,0	75,609756097561
22906	Santa María de Dulcis	2008	218,0	189,0	156,0	33,0	1,0	0,0	155,0	82,5396825396825
22906	Santa María de Dulcis	2011	221,0	190,0	152,0	38,0	5,0	3,0	144,0	80,0
22906	Santa María de Dulcis	2015	226,0	180,0	146,0	34,0	3,0	1,0	142,0	81,1111111111111
22906	Santa María de Dulcis	2016	221,0	186,0	141,0	45,0	2,0	3,0	136,0	75,8064516129032
22906	Santa María de Dulcis	2019	208,0	177,0	123,0	54,0	1,0	6,0	116,0	69,4915254237288
22907	Aínsa-Sobrarbe	2008	1951,0	1443,0	1118,0	325,0	8,0	14,0	1096,0	77,4774774774775
22907	Aínsa-Sobrarbe	2011	2180,0	1444,0	1034,0	410,0	16,0	12,0	1006,0	71,606648199446
22907	Aínsa-Sobrarbe	2015	2213,0	1459,0	1112,0	347,0	8,0	21,0	1083,0	76,2165867032214
22907	Aínsa-Sobrarbe	2016	2220,0	1435,0	1059,0	376,0	13,0	18,0	1028,0	73,7979094076655
22907	Aínsa-Sobrarbe	2019	2151,0	1463,0	1016,0	447,0	10,0	21,0	985,0	69,4463431305536
22908	Hoz y Costeán	2008	236,0	237,0	190,0	47,0	0,0	1,0	189,0	80,168776371308
22908	Hoz y Costeán	2011	205,0	231,0	167,0	64,0	5,0	2,0	160,0	72,2943722943723
22908	Hoz y Costeán	2015	237,0	207,0	144,0	63,0	4,0	1,0	139,0	69,5652173913043
22908	Hoz y Costeán	2016	230,0	197,0	142,0	55,0	2,0	3,0	137,0	72,0812182741117
22908	Hoz y Costeán	2019	226,0	190,0	135,0	55,0	1,0	0,0	134,0	71,0526315789474
22909	Vencillón	2008	458,0	371,0	273,0	98,0	5,0	3,0	265,0	73,5849056603773
22909	Vencillón	2011	469,0	349,0	259,0	90,0	7,0	3,0	249,0	74,2120343839542
22909	Vencillón	2015	425,0	318,0	238,0	80,0	4,0	2,0	232,0	74,8427672955975
22909	Vencillón	2016	411,0	315,0	226,0	89,0	1,0	4,0	221,0	71,7460317460318
22909	Vencillón	2019	399,0	307,0	219,0	88,0	2,0	0,0	217,0	71,3355048859935
44001	Ababuj	2008	82,0	80,0	59,0	21,0	0,0	1,0	58,0	73,75
44001	Ababuj	2011	77,0	69,0	48,0	21,0	1,0	0,0	47,0	69,5652173913043
44001	Ababuj	2015	65,0	68,0	50,0	18,0	0,0	0,0	50,0	73,5294117647059
44001	Ababuj	2016	73,0	68,0	53,0	15,0	1,0	1,0	51,0	77,9411764705882
44001	Ababuj	2019	76,0	65,0	43,0	22,0	0,0	1,0	42,0	66,1538461538462
44002	Abejuela	2008	68,0	62,0	51,0	11,0	0,0	2,0	49,0	82,258064516129
44002	Abejuela	2011	56,0	62,0	47,0	15,0	0,0	1,0	46,0	75,8064516129032
44002	Abejuela	2015	41,0	54,0	41,0	13,0	0,0	0,0	41,0	75,9259259259259
44002	Abejuela	2016	54,0	47,0	40,0	7,0	0,0	0,0	40,0	85,1063829787234
44002	Abejuela	2019	49,0	47,0	41,0	6,0	0,0	0,0	41,0	87,2340425531915
44003	Aguatón	2008	21,0	21,0	18,0	3,0	0,0	1,0	17,0	85,7142857142857
44003	Aguatón	2011	21,0	19,0	19,0	0,0	0,0	0,0	19,0	100,0
44003	Aguatón	2015	18,0	19,0	16,0	3,0	0,0	0,0	16,0	84,2105263157895
44003	Aguatón	2016	19,0	19,0	17,0	2,0	0,0	0,0	17,0	89,4736842105263
44003	Aguatón	2019	18,0	17,0	15,0	2,0	0,0	0,0	15,0	88,235294117647
44004	Aguaviva	2008	703,0	475,0	357,0	118,0	5,0	2,0	350,0	75,1578947368421
44004	Aguaviva	2011	693,0	450,0	334,0	116,0	2,0	2,0	330,0	74,2222222222222
44004	Aguaviva	2015	605,0	415,0	295,0	120,0	4,0	3,0	288,0	71,0843373493976
44004	Aguaviva	2016	586,0	408,0	303,0	105,0	6,0	0,0	297,0	74,2647058823529
44004	Aguaviva	2019	522,0	379,0	275,0	104,0	0,0	2,0	273,0	72,5593667546174
44005	Aguilar del Alfambra	2008	72,0	62,0	45,0	17,0	0,0	1,0	44,0	72,5806451612903
44005	Aguilar del Alfambra	2011	67,0	59,0	43,0	16,0	0,0	1,0	42,0	72,8813559322034
44005	Aguilar del Alfambra	2015	77,0	54,0	38,0	16,0	1,0	2,0	35,0	70,3703703703704
44005	Aguilar del Alfambra	2016	66,0	50,0	30,0	20,0	0,0	0,0	30,0	60,0
44005	Aguilar del Alfambra	2019	63,0	48,0	36,0	12,0	0,0	0,0	36,0	75,0
44006	Alacón	2008	405,0	329,0	261,0	68,0	7,0	1,0	253,0	79,3313069908814
44006	Alacón	2011	361,0	293,0	220,0	73,0	8,0	3,0	209,0	75,0853242320819
44006	Alacón	2015	314,0	250,0	191,0	59,0	2,0	1,0	188,0	76,4
44006	Alacón	2016	293,0	248,0	185,0	63,0	2,0	2,0	181,0	74,5967741935484
44006	Alacón	2019	264,0	220,0	152,0	68,0	1,0	1,0	150,0	69,0909090909091
44007	Alba	2008	250,0	220,0	186,0	34,0	1,0	7,0	178,0	84,5454545454545
44007	Alba	2011	248,0	194,0	152,0	42,0	7,0	3,0	142,0	78,3505154639175
44007	Alba	2015	212,0	184,0	124,0	60,0	4,0	0,0	120,0	67,3913043478261
44007	Alba	2016	210,0	173,0	122,0	51,0	1,0	4,0	117,0	70,5202312138728
44007	Alba	2019	178,0	149,0	112,0	37,0	1,0	1,0	110,0	75,1677852348993
44008	Albalate del Arzobispo	2008	2238,0	1752,0	1396,0	356,0	9,0	10,0	1377,0	79,6803652968036
44008	Albalate del Arzobispo	2011	2155,0	1695,0	1280,0	415,0	23,0	11,0	1246,0	75,5162241887906
44008	Albalate del Arzobispo	2015	2025,0	1615,0	1217,0	398,0	17,0	7,0	1193,0	75,3560371517028
44008	Albalate del Arzobispo	2016	2001,0	1613,0	1163,0	450,0	10,0	6,0	1147,0	72,101673899566
44008	Albalate del Arzobispo	2019	2004,0	1556,0	1109,0	447,0	9,0	7,0	1093,0	71,2724935732648
44009	Albarracín	2008	1075,0	804,0	659,0	145,0	0,0	3,0	656,0	81,9651741293532
44009	Albarracín	2011	1096,0	805,0	608,0	197,0	13,0	18,0	577,0	75,527950310559
44009	Albarracín	2015	1059,0	809,0	586,0	223,0	8,0	5,0	573,0	72,4351050679852
44009	Albarracín	2016	1049,0	809,0	596,0	213,0	3,0	7,0	586,0	73,6711990111248
44009	Albarracín	2019	1016,0	798,0	593,0	205,0	4,0	4,0	585,0	74,3107769423559
44010	Albentosa	2008	334,0	185,0	144,0	41,0	0,0	2,0	142,0	77,8378378378378
44010	Albentosa	2011	310,0	189,0	138,0	51,0	0,0	2,0	136,0	73,015873015873
44010	Albentosa	2015	279,0	178,0	124,0	54,0	3,0	2,0	119,0	69,6629213483146
44010	Albentosa	2016	270,0	175,0	130,0	45,0	2,0	1,0	127,0	74,2857142857143
44010	Albentosa	2019	257,0	185,0	144,0	41,0	1,0	0,0	143,0	77,8378378378378
44011	Alcaine	2008	74,0	67,0	47,0	20,0	0,0	0,0	47,0	70,1492537313433
44011	Alcaine	2011	69,0	67,0	47,0	20,0	0,0	0,0	47,0	70,1492537313433
44011	Alcaine	2015	72,0	57,0	35,0	22,0	0,0	0,0	35,0	61,4035087719298
44011	Alcaine	2016	74,0	52,0	40,0	12,0	2,0	0,0	38,0	76,9230769230769
44011	Alcaine	2019	63,0	47,0	34,0	13,0	0,0	0,0	34,0	72,3404255319149
44012	Alcalá de la Selva	2008	510,0	374,0	302,0	72,0	4,0	4,0	294,0	80,7486631016043
44012	Alcalá de la Selva	2011	513,0	389,0	297,0	92,0	4,0	5,0	288,0	76,3496143958869
44012	Alcalá de la Selva	2015	424,0	336,0	279,0	57,0	3,0	2,0	274,0	83,0357142857143
44012	Alcalá de la Selva	2016	399,0	334,0	263,0	71,0	2,0	5,0	256,0	78,7425149700599
44012	Alcalá de la Selva	2019	347,0	303,0	215,0	88,0	0,0	2,0	213,0	70,957095709571
44013	Alcañiz	2008	15587,0	11228,0	8453,0	2775,0	71,0	94,0	8288,0	75,2850017812611
44013	Alcañiz	2011	16291,0	11286,0	7797,0	3489,0	213,0	242,0	7342,0	69,0855927698033
44013	Alcañiz	2015	16333,0	11254,0	8301,0	2953,0	87,0	82,0	8132,0	73,7604407321841
44013	Alcañiz	2016	16230,0	11244,0	7815,0	3429,0	103,0	82,0	7630,0	69,5037353255069
44013	Alcañiz	2019	15939,0	11232,0	7872,0	3360,0	71,0	64,0	7737,0	70,0854700854701
44014	Alcorisa	2008	3650,0	2650,0	2114,0	536,0	14,0	18,0	2082,0	79,7735849056604
44014	Alcorisa	2011	3642,0	2603,0	1965,0	638,0	53,0	25,0	1887,0	75,4898194391087
44014	Alcorisa	2015	3433,0	2530,0	2013,0	517,0	42,0	17,0	1954,0	79,5652173913043
44014	Alcorisa	2016	3374,0	2521,0	1896,0	625,0	29,0	8,0	1859,0	75,208250694169
44014	Alcorisa	2019	3276,0	2506,0	1828,0	678,0	10,0	8,0	1810,0	72,9449321628092
44016	Alfambra	2008	756,0	611,0	464,0	147,0	7,0	6,0	451,0	75,9410801963993
44016	Alfambra	2011	676,0	541,0	384,0	157,0	5,0	5,0	374,0	70,9796672828096
44016	Alfambra	2015	587,0	486,0	361,0	125,0	4,0	7,0	350,0	74,2798353909465
44016	Alfambra	2016	571,0	482,0	363,0	119,0	3,0	2,0	358,0	75,3112033195021
44016	Alfambra	2019	531,0	424,0	299,0	125,0	2,0	1,0	296,0	70,5188679245283
44017	Aliaga	2008	422,0	368,0	278,0	90,0	3,0	6,0	269,0	75,5434782608696
44017	Aliaga	2011	381,0	316,0	232,0	84,0	3,0	1,0	228,0	73,4177215189873
44017	Aliaga	2015	358,0	285,0	221,0	64,0	1,0	0,0	220,0	77,5438596491228
44017	Aliaga	2016	365,0	285,0	227,0	58,0	4,0	4,0	219,0	79,6491228070175
44017	Aliaga	2019	358,0	269,0	217,0	52,0	1,0	0,0	216,0	80,6691449814126
44018	Almohaja	2008	28,0	29,0	25,0	4,0	0,0	0,0	25,0	86,2068965517241
44018	Almohaja	2011	29,0	27,0	23,0	4,0	0,0	0,0	23,0	85,1851851851852
44018	Almohaja	2015	21,0	20,0	20,0	0,0	0,0	0,0	20,0	100,0
44018	Almohaja	2016	20,0	19,0	19,0	0,0	0,0	0,0	19,0	100,0
44018	Almohaja	2019	16,0	16,0	16,0	0,0	0,0	0,0	16,0	100,0
44019	Alobras	2008	71,0	69,0	40,0	29,0	0,0	3,0	37,0	57,9710144927536
44019	Alobras	2011	70,0	75,0	38,0	37,0	1,0	0,0	37,0	50,6666666666667
44019	Alobras	2015	75,0	68,0	49,0	19,0	1,0	1,0	47,0	72,0588235294118
44019	Alobras	2016	70,0	67,0	50,0	17,0	1,0	0,0	49,0	74,6268656716418
44019	Alobras	2019	62,0	70,0	42,0	28,0	0,0	0,0	42,0	60,0
44020	Alpeñés	2008	26,0	25,0	19,0	6,0	0,0	0,0	19,0	76,0
44020	Alpeñés	2011	27,0	23,0	15,0	8,0	0,0	0,0	15,0	65,2173913043478
44020	Alpeñés	2015	19,0	24,0	20,0	4,0	1,0	1,0	18,0	83,3333333333333
44020	Alpeñés	2016	21,0	24,0	20,0	4,0	1,0	1,0	18,0	83,3333333333333
44020	Alpeñés	2019	22,0	22,0	21,0	1,0	0,0	0,0	21,0	95,4545454545454
44021	Allepuz	2008	135,0	124,0	86,0	38,0	0,0	0,0	86,0	69,3548387096774
44021	Allepuz	2011	133,0	114,0	81,0	33,0	4,0	1,0	76,0	71,0526315789474
44021	Allepuz	2015	117,0	107,0	83,0	24,0	0,0	2,0	81,0	77,5700934579439
44021	Allepuz	2016	118,0	107,0	89,0	18,0	1,0	0,0	88,0	83,1775700934579
44021	Allepuz	2019	126,0	104,0	77,0	27,0	0,0	1,0	76,0	74,0384615384615
44022	Alloza	2008	698,0	574,0	440,0	134,0	1,0	8,0	431,0	76,6550522648084
44022	Alloza	2011	711,0	550,0	387,0	163,0	7,0	6,0	374,0	70,3636363636364
44022	Alloza	2015	638,0	490,0	323,0	167,0	7,0	9,0	307,0	65,9183673469388
44022	Alloza	2016	604,0	493,0	323,0	170,0	5,0	7,0	311,0	65,5172413793103
44022	Alloza	2019	582,0	464,0	330,0	134,0	5,0	1,0	324,0	71,1206896551724
44023	Allueva	2008	13,0	14,0	12,0	2,0	0,0	0,0	12,0	85,7142857142857
44023	Allueva	2011	15,0	13,0	11,0	2,0	0,0	0,0	11,0	84,6153846153846
44023	Allueva	2015	15,0	18,0	15,0	3,0	0,0	0,0	15,0	83,3333333333333
44023	Allueva	2016	27,0	17,0	16,0	1,0	0,0	0,0	16,0	94,1176470588235
44023	Allueva	2019	29,0	18,0	15,0	3,0	1,0	0,0	14,0	83,3333333333333
44024	Anadón	2008	21,0	19,0	17,0	2,0	0,0	0,0	17,0	89,4736842105263
44024	Anadón	2011	21,0	24,0	19,0	5,0	0,0	0,0	19,0	79,1666666666667
44024	Anadón	2015	24,0	27,0	23,0	4,0	0,0	0,0	23,0	85,1851851851852
44024	Anadón	2016	25,0	27,0	25,0	2,0	0,0	0,0	25,0	92,5925925925926
44024	Anadón	2019	27,0	31,0	26,0	5,0	1,0	0,0	25,0	83,8709677419355
44025	Andorra	2008	8156,0	6285,0	4901,0	1384,0	32,0	75,0	4794,0	77,9793158313445
44025	Andorra	2011	8367,0	6168,0	4326,0	1842,0	176,0	68,0	4082,0	70,136186770428
44025	Andorra	2015	8148,0	6062,0	4495,0	1567,0	96,0	48,0	4351,0	74,1504453975586
44025	Andorra	2016	8065,0	6009,0	4087,0	1922,0	90,0	25,0	3972,0	68,0146446996172
44025	Andorra	2019	7633,0	5804,0	4024,0	1780,0	33,0	11,0	3980,0	69,3314955203308
44026	Arcos de las Salinas	2008	123,0	107,0	83,0	24,0	1,0	1,0	81,0	77,5700934579439
44026	Arcos de las Salinas	2011	111,0	89,0	69,0	20,0	0,0	0,0	69,0	77,5280898876404
44026	Arcos de las Salinas	2015	100,0	90,0	71,0	19,0	0,0	0,0	71,0	78,8888888888889
44026	Arcos de las Salinas	2016	105,0	90,0	77,0	13,0	1,0	0,0	76,0	85,5555555555555
44026	Arcos de las Salinas	2019	105,0	100,0	73,0	27,0	1,0	0,0	72,0	73,0
44027	Arens de Lledó	2008	228,0	187,0	169,0	18,0	0,0	2,0	167,0	90,3743315508021
44027	Arens de Lledó	2011	213,0	168,0	140,0	28,0	0,0	2,0	138,0	83,3333333333333
44027	Arens de Lledó	2015	208,0	161,0	122,0	39,0	1,0	4,0	117,0	75,776397515528
44027	Arens de Lledó	2016	206,0	164,0	123,0	41,0	0,0	1,0	122,0	75,0
44027	Arens de Lledó	2019	206,0	144,0	113,0	31,0	0,0	2,0	111,0	78,4722222222222
44028	Argente	2008	252,0	214,0	165,0	49,0	0,0	2,0	163,0	77,1028037383178
44028	Argente	2011	232,0	202,0	159,0	43,0	3,0	2,0	154,0	78,7128712871287
44028	Argente	2015	217,0	191,0	150,0	41,0	8,0	1,0	141,0	78,5340314136126
44028	Argente	2016	214,0	183,0	151,0	32,0	1,0	4,0	146,0	82,5136612021858
44028	Argente	2019	198,0	171,0	136,0	35,0	0,0	0,0	136,0	79,5321637426901
44029	Ariño	2008	867,0	656,0	551,0	105,0	4,0	0,0	547,0	83,9939024390244
44029	Ariño	2011	925,0	637,0	495,0	142,0	5,0	6,0	484,0	77,7080062794348
44029	Ariño	2015	775,0	567,0	475,0	92,0	8,0	5,0	462,0	83,7742504409171
44029	Ariño	2016	763,0	559,0	425,0	134,0	1,0	5,0	419,0	76,0286225402504
44029	Ariño	2019	708,0	585,0	454,0	131,0	3,0	2,0	449,0	77,6068376068376
44031	Azaila	2008	163,0	142,0	99,0	43,0	0,0	0,0	99,0	69,7183098591549
44031	Azaila	2011	139,0	124,0	72,0	52,0	0,0	0,0	72,0	58,0645161290323
44031	Azaila	2015	119,0	99,0	64,0	35,0	0,0	0,0	64,0	64,6464646464646
44031	Azaila	2016	116,0	97,0	62,0	35,0	0,0	0,0	62,0	63,9175257731959
44031	Azaila	2019	94,0	83,0	50,0	33,0	0,0	0,0	50,0	60,2409638554217
44032	Bádenas	2008	30,0	28,0	17,0	11,0	0,0	0,0	17,0	60,7142857142857
44032	Bádenas	2011	22,0	18,0	12,0	6,0	0,0	0,0	12,0	66,6666666666667
44032	Bádenas	2015	19,0	16,0	13,0	3,0	0,0	0,0	13,0	81,25
44032	Bádenas	2016	19,0	16,0	11,0	5,0	0,0	0,0	11,0	68,75
44032	Bádenas	2019	20,0	17,0	13,0	4,0	0,0	0,0	13,0	76,4705882352941
44033	Báguena	2008	407,0	347,0	249,0	98,0	1,0	3,0	245,0	71,7579250720461
44033	Báguena	2011	398,0	307,0	222,0	85,0	1,0	5,0	216,0	72,3127035830619
44033	Báguena	2015	337,0	279,0	193,0	86,0	2,0	2,0	189,0	69,1756272401434
44033	Báguena	2016	327,0	269,0	191,0	78,0	1,0	0,0	190,0	71,003717472119
44033	Báguena	2019	311,0	243,0	165,0	78,0	0,0	3,0	162,0	67,9012345679012
44034	Bañón	2008	166,0	149,0	124,0	25,0	0,0	0,0	124,0	83,2214765100671
44034	Bañón	2011	167,0	150,0	117,0	33,0	0,0	1,0	116,0	78,0
44034	Bañón	2015	154,0	138,0	112,0	26,0	2,0	2,0	108,0	81,1594202898551
44034	Bañón	2016	150,0	139,0	109,0	30,0	1,0	0,0	108,0	78,4172661870503
44034	Bañón	2019	153,0	124,0	90,0	34,0	0,0	0,0	90,0	72,5806451612903
44035	Barrachina	2008	150,0	121,0	102,0	19,0	8,0	1,0	93,0	84,297520661157
44035	Barrachina	2011	167,0	122,0	99,0	23,0	1,0	3,0	95,0	81,1475409836066
44035	Barrachina	2015	137,0	117,0	81,0	36,0	0,0	0,0	81,0	69,2307692307692
44035	Barrachina	2016	133,0	113,0	90,0	23,0	2,0	1,0	87,0	79,646017699115
44035	Barrachina	2019	118,0	102,0	82,0	20,0	2,0	1,0	79,0	80,3921568627451
44036	Bea	2008	40,0	32,0	30,0	2,0	0,0	0,0	30,0	93,75
44036	Bea	2011	37,0	27,0	17,0	10,0	0,0	0,0	17,0	62,962962962963
44036	Bea	2015	28,0	24,0	16,0	8,0	0,0	0,0	16,0	66,6666666666667
44036	Bea	2016	26,0	25,0	21,0	4,0	0,0	0,0	21,0	84,0
44036	Bea	2019	31,0	22,0	20,0	2,0	0,0	0,0	20,0	90,9090909090909
44037	Beceite	2008	598,0	513,0	361,0	152,0	2,0	0,0	359,0	70,3703703703704
44037	Beceite	2011	608,0	483,0	349,0	134,0	5,0	10,0	334,0	72,2567287784679
44037	Beceite	2015	583,0	453,0	326,0	127,0	5,0	5,0	316,0	71,9646799116998
44037	Beceite	2016	566,0	453,0	317,0	136,0	2,0	0,0	315,0	69,9779249448124
44037	Beceite	2019	541,0	447,0	288,0	159,0	0,0	1,0	287,0	64,4295302013423
44038	Belmonte de San José	2008	142,0	124,0	105,0	19,0	0,0	1,0	104,0	84,6774193548387
44038	Belmonte de San José	2011	137,0	112,0	94,0	18,0	2,0	3,0	89,0	83,9285714285714
44038	Belmonte de San José	2015	120,0	107,0	83,0	24,0	0,0	2,0	81,0	77,5700934579439
44038	Belmonte de San José	2016	117,0	104,0	83,0	21,0	1,0	0,0	82,0	79,8076923076923
44038	Belmonte de San José	2019	113,0	101,0	85,0	16,0	2,0	1,0	82,0	84,1584158415841
44039	Bello	2008	309,0	279,0	233,0	46,0	1,0	0,0	232,0	83,5125448028674
44039	Bello	2011	284,0	255,0	189,0	66,0	0,0	5,0	184,0	74,1176470588235
44039	Bello	2015	244,0	219,0	162,0	57,0	2,0	2,0	158,0	73,972602739726
44039	Bello	2016	238,0	221,0	165,0	56,0	6,0	0,0	159,0	74,6606334841629
44039	Bello	2019	225,0	204,0	144,0	60,0	1,0	1,0	142,0	70,5882352941176
44040	Berge	2008	260,0	218,0	173,0	45,0	4,0	5,0	164,0	79,3577981651376
44040	Berge	2011	274,0	206,0	167,0	39,0	1,0	5,0	161,0	81,0679611650485
44040	Berge	2015	247,0	202,0	160,0	42,0	2,0	3,0	155,0	79,2079207920792
44040	Berge	2016	246,0	201,0	160,0	41,0	3,0	1,0	156,0	79,6019900497512
44040	Berge	2019	244,0	189,0	153,0	36,0	3,0	1,0	149,0	80,9523809523809
44041	Bezas	2008	68,0	59,0	47,0	12,0	0,0	0,0	47,0	79,6610169491525
44041	Bezas	2011	79,0	67,0	56,0	11,0	5,0	1,0	50,0	83,5820895522388
44041	Bezas	2015	77,0	54,0	46,0	8,0	0,0	2,0	44,0	85,1851851851852
44041	Bezas	2016	67,0	56,0	44,0	12,0	0,0	1,0	43,0	78,5714285714286
44041	Bezas	2019	70,0	60,0	48,0	12,0	0,0	0,0	48,0	80,0
44042	Blancas	2008	168,0	145,0	111,0	34,0	1,0	1,0	109,0	76,551724137931
44042	Blancas	2011	166,0	139,0	87,0	52,0	0,0	0,0	87,0	62,589928057554
44042	Blancas	2015	152,0	127,0	93,0	34,0	1,0	1,0	91,0	73,2283464566929
44042	Blancas	2016	149,0	123,0	91,0	32,0	1,0	0,0	90,0	73,9837398373984
44042	Blancas	2019	125,0	114,0	82,0	32,0	1,0	0,0	81,0	71,9298245614035
44043	Blesa	2008	123,0	121,0	94,0	27,0	1,0	0,0	93,0	77,6859504132231
44043	Blesa	2011	121,0	126,0	94,0	32,0	0,0	7,0	87,0	74,6031746031746
44043	Blesa	2015	109,0	108,0	75,0	33,0	0,0	1,0	74,0	69,4444444444444
44043	Blesa	2016	109,0	102,0	74,0	28,0	2,0	0,0	72,0	72,5490196078431
44043	Blesa	2019	95,0	86,0	60,0	26,0	0,0	0,0	60,0	69,7674418604651
44044	Bordón	2008	136,0	110,0	82,0	28,0	0,0	1,0	81,0	74,5454545454545
44044	Bordón	2011	141,0	103,0	79,0	24,0	1,0	0,0	78,0	76,6990291262136
44044	Bordón	2015	114,0	91,0	70,0	21,0	0,0	0,0	70,0	76,9230769230769
44044	Bordón	2016	117,0	88,0	72,0	16,0	1,0	2,0	69,0	81,8181818181818
44044	Bordón	2019	106,0	82,0	65,0	17,0	0,0	2,0	63,0	79,2682926829268
44045	Bronchales	2008	508,0	376,0	305,0	71,0	2,0	0,0	303,0	81,1170212765957
44045	Bronchales	2011	480,0	373,0	303,0	70,0	2,0	4,0	297,0	81,2332439678284
44045	Bronchales	2015	427,0	355,0	290,0	65,0	4,0	2,0	284,0	81,6901408450704
44045	Bronchales	2016	423,0	366,0	274,0	92,0	5,0	2,0	267,0	74,8633879781421
44045	Bronchales	2019	443,0	360,0	271,0	89,0	0,0	0,0	271,0	75,2777777777778
44046	Bueña	2008	71,0	69,0	52,0	17,0	2,0	2,0	48,0	75,3623188405797
44046	Bueña	2011	67,0	58,0	44,0	14,0	0,0	1,0	43,0	75,8620689655172
44046	Bueña	2015	62,0	48,0	31,0	17,0	0,0	2,0	29,0	64,5833333333333
44046	Bueña	2016	55,0	49,0	34,0	15,0	0,0	1,0	33,0	69,3877551020408
44046	Bueña	2019	63,0	44,0	33,0	11,0	0,0	0,0	33,0	75,0
44047	Burbáguena	2008	298,0	290,0	193,0	97,0	0,0	0,0	193,0	66,551724137931
44047	Burbáguena	2011	296,0	267,0	162,0	105,0	2,0	4,0	156,0	60,6741573033708
44047	Burbáguena	2015	281,0	221,0	139,0	82,0	4,0	0,0	135,0	62,89592760181
44047	Burbáguena	2016	254,0	220,0	137,0	83,0	5,0	2,0	130,0	62,2727272727273
44047	Burbáguena	2019	243,0	225,0	103,0	122,0	0,0	0,0	103,0	45,7777777777778
44048	Cabra de Mora	2008	122,0	94,0	68,0	26,0	0,0	1,0	67,0	72,3404255319149
44048	Cabra de Mora	2011	88,0	77,0	59,0	18,0	0,0	0,0	59,0	76,6233766233766
44048	Cabra de Mora	2015	70,0	65,0	51,0	14,0	0,0	0,0	51,0	78,4615384615385
44048	Cabra de Mora	2016	73,0	61,0	52,0	9,0	0,0	0,0	52,0	85,2459016393443
44048	Cabra de Mora	2019	55,0	52,0	47,0	5,0	0,0	0,0	47,0	90,3846153846154
44049	Calaceite	2008	1126,0	920,0	738,0	182,0	6,0	5,0	727,0	80,2173913043478
44049	Calaceite	2011	1145,0	886,0	652,0	234,0	25,0	6,0	621,0	73,589164785553
44049	Calaceite	2015	1076,0	850,0	624,0	226,0	11,0	8,0	605,0	73,4117647058824
44049	Calaceite	2016	1052,0	849,0	616,0	233,0	12,0	9,0	595,0	72,5559481743227
44049	Calaceite	2019	1011,0	784,0	539,0	245,0	7,0	3,0	529,0	68,75
44050	Calamocha	2008	4563,0	3252,0	2455,0	797,0	14,0	33,0	2408,0	75,4920049200492
44050	Calamocha	2011	4649,0	3183,0	2208,0	975,0	54,0	78,0	2076,0	69,368520263902
44050	Calamocha	2015	4469,0	3129,0	2138,0	991,0	32,0	30,0	2076,0	68,3285394694791
44050	Calamocha	2016	4417,0	3113,0	2120,0	993,0	20,0	25,0	2075,0	68,1015097976229
44050	Calamocha	2019	4319,0	3113,0	2173,0	940,0	19,0	14,0	2140,0	69,8040475425634
44051	Calanda	2008	3737,0	2788,0	2345,0	443,0	20,0	27,0	2298,0	84,1104734576758
44051	Calanda	2011	4004,0	2783,0	2144,0	639,0	55,0	38,0	2051,0	77,0391663672296
44051	Calanda	2015	3920,0	2704,0	2079,0	625,0	28,0	32,0	2019,0	76,8860946745562
44051	Calanda	2016	3893,0	2683,0	1977,0	706,0	31,0	17,0	1929,0	73,6861721953038
44051	Calanda	2019	3708,0	2579,0	1924,0	655,0	23,0	10,0	1891,0	74,6025591314463
44052	Calomarde	2008	90,0	90,0	53,0	37,0	0,0	0,0	53,0	58,8888888888889
44052	Calomarde	2011	84,0	96,0	60,0	36,0	1,0	2,0	57,0	62,5
44052	Calomarde	2015	88,0	80,0	55,0	25,0	1,0	0,0	54,0	68,75
44052	Calomarde	2016	87,0	77,0	56,0	21,0	0,0	0,0	56,0	72,7272727272727
44052	Calomarde	2019	74,0	75,0	54,0	21,0	0,0	0,0	54,0	72,0
44053	Camañas	2008	124,0	108,0	85,0	23,0	0,0	1,0	84,0	78,7037037037037
44053	Camañas	2011	125,0	111,0	77,0	34,0	1,0	2,0	74,0	69,3693693693694
44053	Camañas	2015	128,0	102,0	79,0	23,0	6,0	0,0	73,0	77,4509803921569
44053	Camañas	2016	125,0	105,0	78,0	27,0	0,0	0,0	78,0	74,2857142857143
44053	Camañas	2019	124,0	103,0	87,0	16,0	2,0	1,0	84,0	84,4660194174757
44054	Camarena de la Sierra	2008	167,0	144,0	108,0	36,0	4,0	1,0	103,0	75,0
44054	Camarena de la Sierra	2011	165,0	125,0	97,0	28,0	0,0	2,0	95,0	77,6
44054	Camarena de la Sierra	2015	137,0	109,0	90,0	19,0	0,0	0,0	90,0	82,5688073394495
44054	Camarena de la Sierra	2016	123,0	108,0	85,0	23,0	0,0	2,0	83,0	78,7037037037037
44054	Camarena de la Sierra	2019	113,0	95,0	82,0	13,0	1,0	0,0	81,0	86,3157894736842
44055	Camarillas	2008	107,0	94,0	80,0	14,0	1,0	2,0	77,0	85,1063829787234
44055	Camarillas	2011	119,0	85,0	63,0	22,0	1,0	2,0	60,0	74,1176470588235
44055	Camarillas	2015	103,0	69,0	52,0	17,0	1,0	3,0	48,0	75,3623188405797
44055	Camarillas	2016	99,0	69,0	56,0	13,0	0,0	4,0	52,0	81,1594202898551
44055	Camarillas	2019	86,0	75,0	52,0	23,0	2,0	0,0	50,0	69,3333333333333
44056	Caminreal	2008	756,0	638,0	486,0	152,0	3,0	2,0	481,0	76,1755485893417
44056	Caminreal	2011	758,0	577,0	436,0	141,0	2,0	7,0	427,0	75,5632582322357
44056	Caminreal	2015	684,0	513,0	348,0	165,0	7,0	4,0	337,0	67,8362573099415
44056	Caminreal	2016	659,0	501,0	345,0	156,0	3,0	2,0	340,0	68,8622754491018
44056	Caminreal	2019	619,0	446,0	327,0	119,0	2,0	1,0	324,0	73,3183856502242
44059	Cantavieja	2008	727,0	575,0	456,0	119,0	0,0	5,0	451,0	79,3043478260869
44059	Cantavieja	2011	748,0	571,0	446,0	125,0	12,0	10,0	424,0	78,1085814360771
44059	Cantavieja	2015	724,0	541,0	431,0	110,0	8,0	7,0	416,0	79,6672828096118
44059	Cantavieja	2016	741,0	544,0	425,0	119,0	13,0	9,0	403,0	78,125
44059	Cantavieja	2019	714,0	562,0	411,0	151,0	4,0	2,0	405,0	73,1316725978648
44060	Cañada de Benatanduz	2008	49,0	41,0	28,0	13,0	0,0	0,0	28,0	68,2926829268293
44060	Cañada de Benatanduz	2011	42,0	42,0	34,0	8,0	0,0	0,0	34,0	80,9523809523809
44060	Cañada de Benatanduz	2015	41,0	40,0	35,0	5,0	0,0	1,0	34,0	87,5
44060	Cañada de Benatanduz	2016	41,0	41,0	32,0	9,0	0,0	0,0	32,0	78,0487804878049
44060	Cañada de Benatanduz	2019	39,0	32,0	25,0	7,0	0,0	0,0	25,0	78,125
44061	Cañada de Verich (La)	2008	108,0	98,0	82,0	16,0	1,0	0,0	81,0	83,6734693877551
44061	Cañada de Verich (La)	2011	111,0	89,0	55,0	34,0	0,0	1,0	54,0	61,7977528089888
44061	Cañada de Verich (La)	2015	102,0	71,0	57,0	14,0	3,0	1,0	53,0	80,2816901408451
44061	Cañada de Verich (La)	2016	102,0	70,0	54,0	16,0	3,0	0,0	51,0	77,1428571428571
44061	Cañada de Verich (La)	2019	87,0	77,0	60,0	17,0	2,0	1,0	57,0	77,9220779220779
44062	Cañada Vellida	2008	45,0	43,0	42,0	1,0	0,0	0,0	42,0	97,6744186046512
44062	Cañada Vellida	2011	42,0	38,0	34,0	4,0	0,0	0,0	34,0	89,4736842105263
44062	Cañada Vellida	2015	37,0	35,0	27,0	8,0	1,0	0,0	26,0	77,1428571428571
44062	Cañada Vellida	2016	36,0	34,0	25,0	9,0	3,0	0,0	22,0	73,5294117647059
44062	Cañada Vellida	2019	35,0	31,0	20,0	11,0	0,0	0,0	20,0	64,5161290322581
44063	Cañizar del Olivar	2008	112,0	74,0	57,0	17,0	1,0	0,0	56,0	77,027027027027
44063	Cañizar del Olivar	2011	109,0	82,0	55,0	27,0	0,0	2,0	53,0	67,0731707317073
44063	Cañizar del Olivar	2015	99,0	78,0	61,0	17,0	0,0	0,0	61,0	78,2051282051282
44063	Cañizar del Olivar	2016	103,0	71,0	54,0	17,0	0,0	0,0	54,0	76,056338028169
44063	Cañizar del Olivar	2019	98,0	63,0	52,0	11,0	0,0	0,0	52,0	82,5396825396825
44064	Cascante del Río	2008	96,0	83,0	51,0	32,0	0,0	0,0	51,0	61,4457831325301
44064	Cascante del Río	2011	79,0	93,0	63,0	30,0	1,0	0,0	62,0	67,741935483871
44064	Cascante del Río	2015	82,0	70,0	51,0	19,0	0,0	0,0	51,0	72,8571428571429
44064	Cascante del Río	2016	80,0	69,0	49,0	20,0	0,0	0,0	49,0	71,0144927536232
44064	Cascante del Río	2019	71,0	62,0	46,0	16,0	0,0	0,0	46,0	74,1935483870968
44065	Castejón de Tornos	2008	73,0	65,0	48,0	17,0	0,0	1,0	47,0	73,8461538461538
44065	Castejón de Tornos	2011	70,0	60,0	40,0	20,0	0,0	0,0	40,0	66,6666666666667
44065	Castejón de Tornos	2015	63,0	55,0	36,0	19,0	0,0	1,0	35,0	65,4545454545454
44065	Castejón de Tornos	2016	60,0	60,0	40,0	20,0	0,0	0,0	40,0	66,6666666666667
44065	Castejón de Tornos	2019	62,0	55,0	33,0	22,0	1,0	0,0	32,0	60,0
44066	Castel de Cabra	2008	151,0	128,0	97,0	31,0	0,0	0,0	97,0	75,78125
44066	Castel de Cabra	2011	140,0	121,0	88,0	33,0	2,0	0,0	86,0	72,7272727272727
44066	Castel de Cabra	2015	128,0	110,0	83,0	27,0	0,0	1,0	82,0	75,4545454545454
44066	Castel de Cabra	2016	122,0	108,0	79,0	29,0	5,0	0,0	74,0	73,1481481481481
44066	Castel de Cabra	2019	104,0	85,0	62,0	23,0	0,0	0,0	62,0	72,9411764705882
44067	Castelnou	2008	123,0	108,0	86,0	22,0	0,0	0,0	86,0	79,6296296296296
44067	Castelnou	2011	120,0	132,0	89,0	43,0	0,0	0,0	89,0	67,4242424242424
44067	Castelnou	2015	140,0	117,0	80,0	37,0	0,0	0,0	80,0	68,3760683760684
44067	Castelnou	2016	142,0	114,0	81,0	33,0	0,0	1,0	80,0	71,0526315789474
44067	Castelnou	2019	160,0	106,0	75,0	31,0	4,0	0,0	71,0	70,7547169811321
44068	Castelserás	2008	839,0	705,0	581,0	124,0	2,0	6,0	573,0	82,4113475177305
44068	Castelserás	2011	831,0	690,0	544,0	146,0	16,0	6,0	522,0	78,8405797101449
44068	Castelserás	2015	830,0	664,0	519,0	145,0	4,0	4,0	511,0	78,1626506024096
44068	Castelserás	2016	840,0	659,0	509,0	150,0	6,0	3,0	500,0	77,2382397572079
44068	Castelserás	2019	831,0	634,0	497,0	137,0	4,0	2,0	491,0	78,391167192429
44070	Castellar (El)	2008	76,0	71,0	56,0	15,0	0,0	0,0	56,0	78,8732394366197
44070	Castellar (El)	2011	68,0	62,0	47,0	15,0	0,0	1,0	46,0	75,8064516129032
44070	Castellar (El)	2015	60,0	55,0	47,0	8,0	1,0	1,0	45,0	85,4545454545454
44070	Castellar (El)	2016	58,0	53,0	48,0	5,0	0,0	0,0	48,0	90,5660377358491
44070	Castellar (El)	2019	52,0	55,0	49,0	6,0	0,0	0,0	49,0	89,0909090909091
44071	Castellote	2008	819,0	648,0	469,0	179,0	2,0	5,0	462,0	72,3765432098765
44071	Castellote	2011	804,0	657,0	453,0	204,0	5,0	9,0	439,0	68,9497716894977
44071	Castellote	2015	754,0	599,0	430,0	169,0	6,0	8,0	416,0	71,7863105175292
44071	Castellote	2016	728,0	591,0	398,0	193,0	0,0	5,0	393,0	67,3434856175973
44071	Castellote	2019	676,0	585,0	419,0	166,0	1,0	6,0	412,0	71,6239316239316
44074	Cedrillas	2008	569,0	436,0	371,0	65,0	2,0	3,0	366,0	85,091743119266
44074	Cedrillas	2011	623,0	435,0	344,0	91,0	7,0	5,0	332,0	79,0804597701149
44074	Cedrillas	2015	619,0	430,0	338,0	92,0	9,0	5,0	324,0	78,6046511627907
44074	Cedrillas	2016	619,0	429,0	333,0	96,0	7,0	4,0	322,0	77,6223776223776
44074	Cedrillas	2019	630,0	440,0	314,0	126,0	6,0	2,0	306,0	71,3636363636364
44075	Celadas	2008	405,0	343,0	286,0	57,0	3,0	1,0	282,0	83,3819241982507
44075	Celadas	2011	440,0	329,0	250,0	79,0	10,0	4,0	236,0	75,9878419452888
44075	Celadas	2015	399,0	324,0	256,0	68,0	6,0	4,0	246,0	79,0123456790123
44075	Celadas	2016	398,0	323,0	248,0	75,0	2,0	0,0	246,0	76,7801857585139
44075	Celadas	2019	396,0	321,0	255,0	66,0	3,0	1,0	251,0	79,4392523364486
44076	Cella	2008	3002,0	2382,0	2031,0	351,0	7,0	13,0	2011,0	85,264483627204
44076	Cella	2011	2951,0	2338,0	1839,0	499,0	42,0	36,0	1761,0	78,6569717707442
44076	Cella	2015	2818,0	2234,0	1768,0	466,0	30,0	16,0	1722,0	79,1405550581916
44076	Cella	2016	2776,0	2203,0	1690,0	513,0	27,0	18,0	1645,0	76,713572401271
44076	Cella	2019	2606,0	2089,0	1577,0	512,0	12,0	8,0	1557,0	75,4906653901388
44077	Cerollera (La)	2008	124,0	78,0	64,0	14,0	0,0	1,0	63,0	82,051282051282
44077	Cerollera (La)	2011	113,0	80,0	62,0	18,0	0,0	1,0	61,0	77,5
44077	Cerollera (La)	2015	106,0	75,0	58,0	17,0	1,0	0,0	57,0	77,3333333333333
44077	Cerollera (La)	2016	106,0	74,0	60,0	14,0	2,0	0,0	58,0	81,0810810810811
44077	Cerollera (La)	2019	100,0	68,0	52,0	16,0	1,0	0,0	51,0	76,4705882352941
44080	Codoñera (La)	2008	361,0	295,0	249,0	46,0	3,0	2,0	244,0	84,4067796610169
44080	Codoñera (La)	2011	397,0	294,0	216,0	78,0	5,0	3,0	208,0	73,469387755102
44080	Codoñera (La)	2015	374,0	292,0	221,0	71,0	3,0	4,0	214,0	75,6849315068493
44080	Codoñera (La)	2016	365,0	292,0	229,0	63,0	6,0	3,0	220,0	78,4246575342466
44080	Codoñera (La)	2019	344,0	281,0	202,0	79,0	3,0	0,0	199,0	71,8861209964413
44082	Corbalán	2008	94,0	82,0	62,0	20,0	2,0	2,0	58,0	75,609756097561
44082	Corbalán	2011	99,0	90,0	67,0	23,0	1,0	1,0	65,0	74,4444444444444
44082	Corbalán	2015	106,0	91,0	68,0	23,0	1,0	0,0	67,0	74,7252747252747
44082	Corbalán	2016	110,0	89,0	78,0	11,0	1,0	0,0	77,0	87,6404494382022
44082	Corbalán	2019	109,0	84,0	66,0	18,0	0,0	0,0	66,0	78,5714285714286
44084	Cortes de Aragón	2008	91,0	78,0	59,0	19,0	0,0	1,0	58,0	75,6410256410256
44084	Cortes de Aragón	2011	75,0	63,0	51,0	12,0	1,0	0,0	50,0	80,9523809523809
44084	Cortes de Aragón	2015	61,0	55,0	45,0	10,0	0,0	0,0	45,0	81,8181818181818
44084	Cortes de Aragón	2016	58,0	54,0	41,0	13,0	0,0	0,0	41,0	75,9259259259259
44084	Cortes de Aragón	2019	61,0	54,0	46,0	8,0	0,0	1,0	45,0	85,1851851851852
44085	Cosa	2008	86,0	74,0	45,0	29,0	0,0	0,0	45,0	60,8108108108108
44085	Cosa	2011	64,0	61,0	38,0	23,0	0,0	0,0	38,0	62,2950819672131
44085	Cosa	2015	56,0	52,0	40,0	12,0	0,0	4,0	36,0	76,9230769230769
44085	Cosa	2016	57,0	52,0	35,0	17,0	0,0	0,0	35,0	67,3076923076923
44085	Cosa	2019	52,0	49,0	29,0	20,0	0,0	0,0	29,0	59,1836734693878
44086	Cretas	2008	636,0	519,0	433,0	86,0	3,0	6,0	424,0	83,4296724470135
44086	Cretas	2011	618,0	485,0	380,0	105,0	9,0	5,0	366,0	78,3505154639175
44086	Cretas	2015	601,0	453,0	355,0	98,0	5,0	3,0	347,0	78,3664459161148
44086	Cretas	2016	573,0	449,0	342,0	107,0	6,0	3,0	333,0	76,1692650334076
44086	Cretas	2019	571,0	410,0	302,0	108,0	4,0	3,0	295,0	73,6585365853659
44087	Crivillén	2008	107,0	98,0	86,0	12,0	0,0	0,0	86,0	87,7551020408163
44087	Crivillén	2011	93,0	98,0	87,0	11,0	0,0	2,0	85,0	88,7755102040816
44087	Crivillén	2015	75,0	81,0	70,0	11,0	0,0	3,0	67,0	86,4197530864198
44087	Crivillén	2016	74,0	80,0	69,0	11,0	2,0	1,0	66,0	86,25
44087	Crivillén	2019	68,0	67,0	52,0	15,0	2,0	0,0	50,0	77,6119402985075
44088	Cuba (La)	2008	63,0	41,0	37,0	4,0	0,0	1,0	36,0	90,2439024390244
44088	Cuba (La)	2011	52,0	32,0	31,0	1,0	0,0	1,0	30,0	96,875
44088	Cuba (La)	2015	45,0	30,0	26,0	4,0	0,0	2,0	24,0	86,6666666666667
44088	Cuba (La)	2016	37,0	29,0	21,0	8,0	0,0	0,0	21,0	72,4137931034483
44088	Cuba (La)	2019	41,0	24,0	23,0	1,0	0,0	0,0	23,0	95,8333333333333
44089	Cubla	2008	56,0	55,0	44,0	11,0	0,0	0,0	44,0	80,0
44089	Cubla	2011	61,0	57,0	50,0	7,0	1,0	0,0	49,0	87,719298245614
44089	Cubla	2015	55,0	46,0	42,0	4,0	0,0	0,0	42,0	91,3043478260869
44089	Cubla	2016	54,0	45,0	39,0	6,0	0,0	1,0	38,0	86,6666666666667
44089	Cubla	2019	54,0	49,0	41,0	8,0	0,0	0,0	41,0	83,6734693877551
44090	Cucalón	2008	106,0	87,0	68,0	19,0	0,0	0,0	68,0	78,1609195402299
44090	Cucalón	2011	102,0	84,0	71,0	13,0	0,0	0,0	71,0	84,5238095238095
44090	Cucalón	2015	103,0	82,0	57,0	25,0	0,0	0,0	57,0	69,5121951219512
44090	Cucalón	2016	104,0	78,0	53,0	25,0	0,0	0,0	53,0	67,9487179487179
44090	Cucalón	2019	80,0	66,0	49,0	17,0	0,0	0,0	49,0	74,2424242424242
44092	Cuervo (El)	2008	117,0	103,0	75,0	28,0	0,0	0,0	75,0	72,8155339805825
44092	Cuervo (El)	2011	107,0	89,0	68,0	21,0	0,0	0,0	68,0	76,4044943820225
44092	Cuervo (El)	2015	85,0	80,0	55,0	25,0	1,0	0,0	54,0	68,75
44092	Cuervo (El)	2016	87,0	81,0	59,0	22,0	2,0	0,0	57,0	72,8395061728395
44092	Cuervo (El)	2019	86,0	70,0	53,0	17,0	1,0	0,0	52,0	75,7142857142857
44093	Cuevas de Almudén	2008	117,0	84,0	71,0	13,0	4,0	1,0	66,0	84,5238095238095
44093	Cuevas de Almudén	2011	133,0	86,0	64,0	22,0	0,0	3,0	61,0	74,4186046511628
44093	Cuevas de Almudén	2015	145,0	76,0	60,0	16,0	0,0	0,0	60,0	78,9473684210526
44093	Cuevas de Almudén	2016	140,0	80,0	66,0	14,0	0,0	0,0	66,0	82,5
44093	Cuevas de Almudén	2019	122,0	78,0	62,0	16,0	1,0	0,0	61,0	79,4871794871795
44094	Cuevas Labradas	2008	146,0	134,0	116,0	18,0	2,0	1,0	113,0	86,5671641791045
44094	Cuevas Labradas	2011	141,0	116,0	105,0	11,0	2,0	4,0	99,0	90,5172413793103
44094	Cuevas Labradas	2015	127,0	113,0	102,0	11,0	2,0	1,0	99,0	90,2654867256637
44094	Cuevas Labradas	2016	123,0	113,0	94,0	19,0	0,0	0,0	94,0	83,1858407079646
44094	Cuevas Labradas	2019	131,0	127,0	103,0	24,0	0,0	0,0	103,0	81,1023622047244
44096	Ejulve	2008	222,0	175,0	144,0	31,0	1,0	1,0	142,0	82,2857142857143
44096	Ejulve	2011	198,0	173,0	139,0	34,0	6,0	4,0	129,0	80,3468208092485
44096	Ejulve	2015	194,0	161,0	141,0	20,0	2,0	0,0	139,0	87,5776397515528
44096	Ejulve	2016	200,0	161,0	138,0	23,0	3,0	3,0	132,0	85,7142857142857
44096	Ejulve	2019	180,0	155,0	115,0	40,0	1,0	1,0	113,0	74,1935483870968
44097	Escorihuela	2008	198,0	181,0	143,0	38,0	1,0	0,0	142,0	79,0055248618784
44097	Escorihuela	2011	185,0	158,0	97,0	61,0	2,0	1,0	94,0	61,3924050632911
44097	Escorihuela	2015	160,0	147,0	89,0	58,0	2,0	1,0	86,0	60,5442176870748
44097	Escorihuela	2016	158,0	142,0	92,0	50,0	0,0	0,0	92,0	64,7887323943662
44097	Escorihuela	2019	139,0	126,0	76,0	50,0	3,0	0,0	73,0	60,3174603174603
44099	Escucha	2008	1073,0	781,0	583,0	198,0	6,0	4,0	573,0	74,6478873239437
44099	Escucha	2011	1015,0	724,0	519,0	205,0	8,0	4,0	507,0	71,6850828729282
44099	Escucha	2015	981,0	708,0	514,0	194,0	4,0	1,0	509,0	72,5988700564972
44099	Escucha	2016	953,0	709,0	465,0	244,0	3,0	3,0	459,0	65,5853314527504
44099	Escucha	2019	885,0	644,0	422,0	222,0	1,0	2,0	419,0	65,527950310559
44100	Estercuel	2008	262,0	209,0	173,0	36,0	0,0	0,0	173,0	82,7751196172249
44100	Estercuel	2011	271,0	200,0	147,0	53,0	1,0	0,0	146,0	73,5
44100	Estercuel	2015	230,0	187,0	154,0	33,0	1,0	0,0	153,0	82,3529411764706
44100	Estercuel	2016	229,0	185,0	153,0	32,0	2,0	0,0	151,0	82,7027027027027
44100	Estercuel	2019	210,0	177,0	136,0	41,0	1,0	1,0	134,0	76,8361581920904
44101	Ferreruela de Huerva	2008	73,0	67,0	56,0	11,0	1,0	1,0	54,0	83,5820895522388
44101	Ferreruela de Huerva	2011	74,0	60,0	47,0	13,0	0,0	1,0	46,0	78,3333333333333
44101	Ferreruela de Huerva	2015	64,0	59,0	44,0	15,0	0,0	0,0	44,0	74,5762711864407
44101	Ferreruela de Huerva	2016	69,0	58,0	46,0	12,0	0,0	2,0	44,0	79,3103448275862
44101	Ferreruela de Huerva	2019	63,0	55,0	41,0	14,0	1,0	1,0	39,0	74,5454545454545
44102	Fonfría	2008	27,0	28,0	26,0	2,0	0,0	0,0	26,0	92,8571428571429
44102	Fonfría	2011	30,0	30,0	29,0	1,0	1,0	0,0	28,0	96,6666666666667
44102	Fonfría	2015	30,0	31,0	25,0	6,0	0,0	0,0	25,0	80,6451612903226
44102	Fonfría	2016	31,0	30,0	27,0	3,0	1,0	0,0	26,0	90,0
44102	Fonfría	2019	28,0	26,0	19,0	7,0	0,0	0,0	19,0	73,0769230769231
44103	Formiche Alto	2008	190,0	145,0	118,0	27,0	0,0	2,0	116,0	81,3793103448276
44103	Formiche Alto	2011	190,0	128,0	95,0	33,0	0,0	0,0	95,0	74,21875
44103	Formiche Alto	2015	168,0	130,0	106,0	24,0	0,0	0,0	106,0	81,5384615384615
44103	Formiche Alto	2016	180,0	132,0	102,0	30,0	0,0	1,0	101,0	77,2727272727273
44103	Formiche Alto	2019	151,0	122,0	96,0	26,0	0,0	3,0	93,0	78,6885245901639
44105	Fórnoles	2008	104,0	86,0	68,0	18,0	0,0	0,0	68,0	79,0697674418605
44105	Fórnoles	2011	103,0	82,0	63,0	19,0	0,0	2,0	61,0	76,8292682926829
44105	Fórnoles	2015	78,0	80,0	62,0	18,0	0,0	0,0	62,0	77,5
44105	Fórnoles	2016	86,0	82,0	64,0	18,0	0,0	0,0	64,0	78,0487804878049
44105	Fórnoles	2019	75,0	68,0	53,0	15,0	0,0	0,0	53,0	77,9411764705882
44106	Fortanete	2008	208,0	178,0	128,0	50,0	0,0	0,0	128,0	71,9101123595506
44106	Fortanete	2011	224,0	173,0	132,0	41,0	1,0	8,0	123,0	76,3005780346821
44106	Fortanete	2015	201,0	159,0	127,0	32,0	1,0	3,0	123,0	79,874213836478
44106	Fortanete	2016	203,0	155,0	116,0	39,0	2,0	5,0	109,0	74,8387096774194
44106	Fortanete	2019	205,0	151,0	107,0	44,0	1,0	0,0	106,0	70,8609271523179
44107	Foz-Calanda	2008	289,0	234,0	179,0	55,0	2,0	3,0	174,0	76,4957264957265
44107	Foz-Calanda	2011	296,0	233,0	161,0	72,0	7,0	3,0	151,0	69,0987124463519
44107	Foz-Calanda	2015	269,0	216,0	162,0	54,0	0,0	1,0	161,0	75,0
44107	Foz-Calanda	2016	269,0	218,0	152,0	66,0	0,0	5,0	147,0	69,7247706422018
44107	Foz-Calanda	2019	238,0	212,0	135,0	77,0	0,0	0,0	135,0	63,6792452830189
44108	Fresneda (La)	2008	472,0	359,0	285,0	74,0	0,0	2,0	283,0	79,3871866295265
44108	Fresneda (La)	2011	511,0	352,0	228,0	124,0	3,0	8,0	217,0	64,7727272727273
44108	Fresneda (La)	2015	468,0	331,0	238,0	93,0	4,0	4,0	230,0	71,9033232628399
44108	Fresneda (La)	2016	474,0	320,0	222,0	98,0	0,0	1,0	221,0	69,375
44108	Fresneda (La)	2019	443,0	306,0	209,0	97,0	4,0	1,0	204,0	68,3006535947712
44109	Frías de Albarracín	2008	175,0	152,0	95,0	57,0	0,0	1,0	94,0	62,5
44109	Frías de Albarracín	2011	156,0	123,0	86,0	37,0	2,0	2,0	82,0	69,9186991869919
44109	Frías de Albarracín	2015	144,0	110,0	76,0	34,0	2,0	1,0	73,0	69,0909090909091
44109	Frías de Albarracín	2016	131,0	108,0	73,0	35,0	0,0	0,0	73,0	67,5925925925926
44109	Frías de Albarracín	2019	116,0	99,0	64,0	35,0	0,0	0,0	64,0	64,6464646464646
44110	Fuenferrada	2008	42,0	39,0	28,0	11,0	1,0	0,0	27,0	71,7948717948718
44110	Fuenferrada	2011	37,0	57,0	45,0	12,0	0,0	0,0	45,0	78,9473684210526
44110	Fuenferrada	2015	62,0	52,0	46,0	6,0	2,0	0,0	44,0	88,4615384615385
44110	Fuenferrada	2016	57,0	49,0	42,0	7,0	0,0	1,0	41,0	85,7142857142857
44110	Fuenferrada	2019	42,0	37,0	30,0	7,0	0,0	0,0	30,0	81,0810810810811
44111	Fuentes Calientes	2008	118,0	106,0	81,0	25,0	0,0	1,0	80,0	76,4150943396226
44111	Fuentes Calientes	2011	119,0	101,0	68,0	33,0	0,0	4,0	64,0	67,3267326732673
44111	Fuentes Calientes	2015	111,0	92,0	69,0	23,0	0,0	0,0	69,0	75,0
44111	Fuentes Calientes	2016	93,0	92,0	69,0	23,0	1,0	0,0	68,0	75,0
44111	Fuentes Calientes	2019	101,0	78,0	61,0	17,0	0,0	0,0	61,0	78,2051282051282
44112	Fuentes Claras	2008	605,0	510,0	405,0	105,0	3,0	5,0	397,0	79,4117647058824
44112	Fuentes Claras	2011	590,0	473,0	353,0	120,0	3,0	4,0	346,0	74,630021141649
44112	Fuentes Claras	2015	531,0	426,0	293,0	133,0	9,0	2,0	282,0	68,7793427230047
44112	Fuentes Claras	2016	528,0	429,0	290,0	139,0	0,0	2,0	288,0	67,5990675990676
44112	Fuentes Claras	2019	461,0	400,0	265,0	135,0	0,0	2,0	263,0	66,25
44113	Fuentes de Rubielos	2008	124,0	77,0	51,0	26,0	3,0	0,0	48,0	66,2337662337662
44113	Fuentes de Rubielos	2011	127,0	79,0	57,0	22,0	2,0	0,0	55,0	72,1518987341772
44113	Fuentes de Rubielos	2015	121,0	72,0	50,0	22,0	0,0	0,0	50,0	69,4444444444444
44113	Fuentes de Rubielos	2016	121,0	71,0	52,0	19,0	0,0	0,0	52,0	73,2394366197183
44113	Fuentes de Rubielos	2019	114,0	74,0	51,0	23,0	0,0	0,0	51,0	68,9189189189189
44114	Fuentespalda	2008	342,0	284,0	230,0	54,0	1,0	3,0	226,0	80,9859154929577
44114	Fuentespalda	2011	341,0	254,0	194,0	60,0	6,0	4,0	184,0	76,3779527559055
44114	Fuentespalda	2015	299,0	244,0	186,0	58,0	1,0	3,0	182,0	76,2295081967213
44114	Fuentespalda	2016	285,0	243,0	178,0	65,0	5,0	0,0	173,0	73,2510288065843
44114	Fuentespalda	2019	286,0	233,0	161,0	72,0	2,0	0,0	159,0	69,0987124463519
44115	Galve	2008	136,0	118,0	102,0	16,0	0,0	0,0	102,0	86,4406779661017
44115	Galve	2011	154,0	121,0	100,0	21,0	0,0	0,0	100,0	82,6446280991735
44115	Galve	2015	164,0	106,0	93,0	13,0	1,0	4,0	88,0	87,7358490566038
44115	Galve	2016	167,0	102,0	90,0	12,0	0,0	3,0	87,0	88,235294117647
44115	Galve	2019	161,0	102,0	91,0	11,0	0,0	0,0	91,0	89,2156862745098
44116	Gargallo	2008	105,0	87,0	74,0	13,0	2,0	1,0	71,0	85,0574712643678
44116	Gargallo	2011	118,0	96,0	68,0	28,0	3,0	3,0	62,0	70,8333333333333
44116	Gargallo	2015	110,0	83,0	67,0	16,0	2,0	1,0	64,0	80,7228915662651
44116	Gargallo	2016	103,0	83,0	60,0	23,0	0,0	1,0	59,0	72,289156626506
44116	Gargallo	2019	89,0	75,0	58,0	17,0	0,0	0,0	58,0	77,3333333333333
44117	Gea de Albarracín	2008	457,0	382,0	317,0	65,0	1,0	3,0	313,0	82,9842931937173
44117	Gea de Albarracín	2011	430,0	357,0	278,0	79,0	3,0	0,0	275,0	77,8711484593838
44117	Gea de Albarracín	2015	397,0	347,0	278,0	69,0	4,0	2,0	272,0	80,1152737752161
44117	Gea de Albarracín	2016	387,0	340,0	271,0	69,0	3,0	4,0	264,0	79,7058823529412
44117	Gea de Albarracín	2019	376,0	327,0	258,0	69,0	0,0	0,0	258,0	78,8990825688073
44118	Ginebrosa (La)	2008	239,0	192,0	154,0	38,0	2,0	1,0	151,0	80,2083333333333
44118	Ginebrosa (La)	2011	229,0	183,0	129,0	54,0	2,0	2,0	125,0	70,4918032786885
44118	Ginebrosa (La)	2015	206,0	165,0	127,0	38,0	2,0	2,0	123,0	76,969696969697
44118	Ginebrosa (La)	2016	203,0	164,0	132,0	32,0	1,0	2,0	129,0	80,4878048780488
44118	Ginebrosa (La)	2019	200,0	154,0	109,0	45,0	3,0	1,0	105,0	70,7792207792208
44119	Griegos	2008	144,0	129,0	97,0	32,0	3,0	1,0	93,0	75,1937984496124
44119	Griegos	2011	134,0	119,0	84,0	35,0	0,0	2,0	82,0	70,5882352941176
44119	Griegos	2015	142,0	135,0	94,0	41,0	4,0	2,0	88,0	69,6296296296296
44119	Griegos	2016	157,0	130,0	92,0	38,0	1,0	3,0	88,0	70,7692307692308
44119	Griegos	2019	143,0	116,0	80,0	36,0	1,0	1,0	78,0	68,9655172413793
44120	Guadalaviar	2008	270,0	228,0	148,0	80,0	0,0	2,0	146,0	64,9122807017544
44120	Guadalaviar	2011	243,0	217,0	126,0	91,0	5,0	5,0	116,0	58,0645161290323
44120	Guadalaviar	2015	248,0	222,0	140,0	82,0	2,0	2,0	136,0	63,0630630630631
44120	Guadalaviar	2016	247,0	222,0	154,0	68,0	4,0	2,0	148,0	69,3693693693694
44120	Guadalaviar	2019	242,0	219,0	147,0	72,0	2,0	3,0	142,0	67,1232876712329
44121	Gúdar	2008	101,0	79,0	59,0	20,0	0,0	0,0	59,0	74,6835443037975
44121	Gúdar	2011	84,0	63,0	48,0	15,0	0,0	1,0	47,0	76,1904761904762
44121	Gúdar	2015	76,0	60,0	43,0	17,0	0,0	0,0	43,0	71,6666666666667
44121	Gúdar	2016	77,0	60,0	47,0	13,0	0,0	2,0	45,0	78,3333333333333
44121	Gúdar	2019	72,0	52,0	42,0	10,0	0,0	1,0	41,0	80,7692307692308
44122	Híjar	2008	1968,0	1523,0	1143,0	380,0	8,0	9,0	1126,0	75,0492449113592
44122	Híjar	2011	1899,0	1441,0	1009,0	432,0	19,0	21,0	969,0	70,0208188757807
44122	Híjar	2015	1763,0	1356,0	972,0	384,0	2,0	12,0	958,0	71,6814159292035
44122	Híjar	2016	1761,0	1333,0	925,0	408,0	12,0	8,0	905,0	69,3923480870217
44122	Híjar	2019	1709,0	1277,0	939,0	338,0	5,0	5,0	929,0	73,5317149569303
44123	Hinojosa de Jarque	2008	157,0	130,0	96,0	34,0	1,0	0,0	95,0	73,8461538461538
44123	Hinojosa de Jarque	2011	151,0	117,0	79,0	38,0	1,0	2,0	76,0	67,5213675213675
44123	Hinojosa de Jarque	2015	136,0	105,0	69,0	36,0	0,0	1,0	68,0	65,7142857142857
44123	Hinojosa de Jarque	2016	136,0	105,0	71,0	34,0	1,0	1,0	69,0	67,6190476190476
44123	Hinojosa de Jarque	2019	119,0	95,0	68,0	27,0	0,0	0,0	68,0	71,5789473684211
44124	Hoz de la Vieja (La)	2008	96,0	95,0	69,0	26,0	0,0	0,0	69,0	72,6315789473684
44124	Hoz de la Vieja (La)	2011	88,0	88,0	63,0	25,0	2,0	3,0	58,0	71,5909090909091
44124	Hoz de la Vieja (La)	2015	81,0	78,0	58,0	20,0	0,0	1,0	57,0	74,3589743589744
44124	Hoz de la Vieja (La)	2016	82,0	77,0	64,0	13,0	0,0	3,0	61,0	83,1168831168831
44124	Hoz de la Vieja (La)	2019	85,0	71,0	57,0	14,0	0,0	0,0	57,0	80,2816901408451
44125	Huesa del Común	2008	105,0	92,0	67,0	25,0	1,0	0,0	66,0	72,8260869565217
44125	Huesa del Común	2011	90,0	78,0	57,0	21,0	0,0	1,0	56,0	73,0769230769231
44125	Huesa del Común	2015	73,0	65,0	39,0	26,0	0,0	0,0	39,0	60,0
44125	Huesa del Común	2016	73,0	61,0	44,0	17,0	0,0	0,0	44,0	72,1311475409836
44125	Huesa del Común	2019	67,0	63,0	41,0	22,0	0,0	0,0	41,0	65,0793650793651
44126	Iglesuela del Cid (La)	2008	491,0	365,0	302,0	63,0	1,0	2,0	299,0	82,7397260273973
44126	Iglesuela del Cid (La)	2011	505,0	344,0	250,0	94,0	14,0	1,0	235,0	72,6744186046512
44126	Iglesuela del Cid (La)	2015	462,0	334,0	239,0	95,0	4,0	7,0	228,0	71,5568862275449
44126	Iglesuela del Cid (La)	2016	432,0	329,0	234,0	95,0	5,0	4,0	225,0	71,1246200607903
44126	Iglesuela del Cid (La)	2019	414,0	314,0	222,0	92,0	1,0	0,0	221,0	70,7006369426752
44127	Jabaloyas	2008	85,0	80,0	62,0	18,0	0,0	1,0	61,0	77,5
44127	Jabaloyas	2011	81,0	79,0	62,0	17,0	1,0	0,0	61,0	78,4810126582278
44127	Jabaloyas	2015	73,0	73,0	51,0	22,0	1,0	0,0	50,0	69,8630136986301
44127	Jabaloyas	2016	77,0	68,0	51,0	17,0	0,0	0,0	51,0	75,0
44127	Jabaloyas	2019	65,0	57,0	43,0	14,0	0,0	0,0	43,0	75,4385964912281
44128	Jarque de la Val	2008	97,0	90,0	67,0	23,0	1,0	1,0	65,0	74,4444444444444
44128	Jarque de la Val	2011	90,0	84,0	56,0	28,0	0,0	3,0	53,0	66,6666666666667
44128	Jarque de la Val	2015	82,0	69,0	50,0	19,0	0,0	0,0	50,0	72,463768115942
44128	Jarque de la Val	2016	78,0	68,0	54,0	14,0	0,0	1,0	53,0	79,4117647058824
44128	Jarque de la Val	2019	70,0	58,0	39,0	19,0	2,0	0,0	37,0	67,2413793103448
44129	Jatiel	2008	55,0	53,0	46,0	7,0	0,0	0,0	46,0	86,7924528301887
44129	Jatiel	2011	52,0	44,0	34,0	10,0	1,0	0,0	33,0	77,2727272727273
44129	Jatiel	2015	48,0	41,0	34,0	7,0	0,0	0,0	34,0	82,9268292682927
44129	Jatiel	2016	48,0	39,0	32,0	7,0	0,0	0,0	32,0	82,051282051282
44129	Jatiel	2019	40,0	35,0	29,0	6,0	0,0	1,0	28,0	82,8571428571429
44130	Jorcas	2008	46,0	44,0	35,0	9,0	1,0	0,0	34,0	79,5454545454545
44130	Jorcas	2011	43,0	38,0	27,0	11,0	0,0	0,0	27,0	71,0526315789474
44130	Jorcas	2015	37,0	34,0	24,0	10,0	0,0	0,0	24,0	70,5882352941176
44130	Jorcas	2016	41,0	34,0	24,0	10,0	0,0	0,0	24,0	70,5882352941176
44130	Jorcas	2019	34,0	28,0	23,0	5,0	0,0	0,0	23,0	82,1428571428571
44131	Josa	2008	35,0	23,0	18,0	5,0	0,0	0,0	18,0	78,2608695652174
44131	Josa	2011	34,0	26,0	20,0	6,0	0,0	0,0	20,0	76,9230769230769
44131	Josa	2015	36,0	26,0	20,0	6,0	0,0	0,0	20,0	76,9230769230769
44131	Josa	2016	36,0	25,0	20,0	5,0	0,0	0,0	20,0	80,0
44131	Josa	2019	34,0	26,0	22,0	4,0	0,0	0,0	22,0	84,6153846153846
44132	Lagueruela	2008	65,0	65,0	56,0	9,0	0,0	0,0	56,0	86,1538461538462
44132	Lagueruela	2011	62,0	64,0	57,0	7,0	1,0	0,0	56,0	89,0625
44132	Lagueruela	2015	78,0	61,0	50,0	11,0	0,0	1,0	49,0	81,9672131147541
44132	Lagueruela	2016	81,0	60,0	54,0	6,0	0,0	1,0	53,0	90,0
44132	Lagueruela	2019	78,0	54,0	49,0	5,0	0,0	0,0	49,0	90,7407407407408
44133	Lanzuela	2008	26,0	23,0	18,0	5,0	0,0	0,0	18,0	78,2608695652174
44133	Lanzuela	2011	25,0	21,0	16,0	5,0	0,0	0,0	16,0	76,1904761904762
44133	Lanzuela	2015	30,0	23,0	17,0	6,0	0,0	0,0	17,0	73,9130434782609
44133	Lanzuela	2016	29,0	21,0	15,0	6,0	0,0	0,0	15,0	71,4285714285714
44133	Lanzuela	2019	24,0	15,0	12,0	3,0	0,0	0,0	12,0	80,0
44135	Libros	2008	145,0	139,0	106,0	33,0	0,0	0,0	106,0	76,2589928057554
44135	Libros	2011	153,0	149,0	110,0	39,0	1,0	1,0	108,0	73,8255033557047
44135	Libros	2015	129,0	115,0	89,0	26,0	3,0	0,0	86,0	77,3913043478261
44135	Libros	2016	124,0	113,0	88,0	25,0	1,0	0,0	87,0	77,8761061946903
44135	Libros	2019	101,0	99,0	73,0	26,0	0,0	1,0	72,0	73,7373737373737
44136	Lidón	2008	76,0	59,0	45,0	14,0	0,0	0,0	45,0	76,271186440678
44136	Lidón	2011	57,0	51,0	39,0	12,0	0,0	0,0	39,0	76,4705882352941
44136	Lidón	2015	54,0	49,0	42,0	7,0	0,0	1,0	41,0	85,7142857142857
44136	Lidón	2016	52,0	49,0	43,0	6,0	0,0	1,0	42,0	87,7551020408163
44136	Lidón	2019	55,0	48,0	43,0	5,0	0,0	1,0	42,0	89,5833333333333
44137	Linares de Mora	2008	309,0	236,0	178,0	58,0	0,0	1,0	177,0	75,4237288135593
44137	Linares de Mora	2011	313,0	215,0	165,0	50,0	2,0	5,0	158,0	76,7441860465116
44137	Linares de Mora	2015	274,0	205,0	159,0	46,0	0,0	2,0	157,0	77,5609756097561
44137	Linares de Mora	2016	287,0	193,0	149,0	44,0	1,0	0,0	148,0	77,2020725388601
44137	Linares de Mora	2019	249,0	187,0	139,0	48,0	0,0	0,0	139,0	74,331550802139
44138	Loscos	2008	190,0	175,0	122,0	53,0	4,0	0,0	118,0	69,7142857142857
44138	Loscos	2011	177,0	158,0	109,0	49,0	3,0	0,0	106,0	68,9873417721519
44138	Loscos	2015	154,0	140,0	79,0	61,0	2,0	0,0	77,0	56,4285714285714
44138	Loscos	2016	151,0	135,0	98,0	37,0	4,0	0,0	94,0	72,5925925925926
44138	Loscos	2019	129,0	120,0	92,0	28,0	0,0	0,0	92,0	76,6666666666667
44141	Lledó	2008	184,0	157,0	124,0	33,0	2,0	0,0	122,0	78,9808917197452
44141	Lledó	2011	170,0	147,0	99,0	48,0	4,0	0,0	95,0	67,3469387755102
44141	Lledó	2015	169,0	135,0	105,0	30,0	1,0	1,0	103,0	77,7777777777778
44141	Lledó	2016	169,0	135,0	97,0	38,0	1,0	1,0	95,0	71,8518518518519
44141	Lledó	2019	172,0	122,0	88,0	34,0	3,0	0,0	85,0	72,1311475409836
44142	Maicas	2008	36,0	38,0	29,0	9,0	1,0	1,0	27,0	76,3157894736842
44142	Maicas	2011	42,0	39,0	28,0	11,0	0,0	1,0	27,0	71,7948717948718
44142	Maicas	2015	35,0	36,0	27,0	9,0	0,0	5,0	22,0	75,0
44142	Maicas	2016	36,0	35,0	27,0	8,0	0,0	0,0	27,0	77,1428571428571
44142	Maicas	2019	27,0	29,0	21,0	8,0	0,0	0,0	21,0	72,4137931034483
44143	Manzanera	2008	543,0	389,0	310,0	79,0	1,0	1,0	308,0	79,6915167095116
44143	Manzanera	2011	551,0	382,0	292,0	90,0	0,0	5,0	287,0	76,4397905759162
44143	Manzanera	2015	526,0	388,0	310,0	78,0	1,0	3,0	306,0	79,8969072164948
44143	Manzanera	2016	510,0	380,0	307,0	73,0	1,0	2,0	304,0	80,7894736842105
44143	Manzanera	2019	519,0	388,0	298,0	90,0	0,0	2,0	296,0	76,8041237113402
44144	Martín del Río	2008	467,0	352,0	270,0	82,0	0,0	3,0	267,0	76,7045454545454
44144	Martín del Río	2011	469,0	326,0	233,0	93,0	6,0	7,0	220,0	71,4723926380368
44144	Martín del Río	2015	437,0	351,0	256,0	95,0	4,0	1,0	251,0	72,9344729344729
44144	Martín del Río	2016	441,0	346,0	248,0	98,0	3,0	2,0	243,0	71,6763005780347
44144	Martín del Río	2019	417,0	319,0	225,0	94,0	2,0	0,0	223,0	70,5329153605016
44145	Mas de las Matas	2008	1462,0	1167,0	884,0	283,0	4,0	16,0	864,0	75,7497857754927
44145	Mas de las Matas	2011	1415,0	1078,0	723,0	355,0	9,0	26,0	688,0	67,0686456400742
44145	Mas de las Matas	2015	1324,0	1029,0	768,0	261,0	5,0	7,0	756,0	74,6355685131195
44145	Mas de las Matas	2016	1318,0	1020,0	719,0	301,0	10,0	9,0	700,0	70,4901960784314
44145	Mas de las Matas	2019	1272,0	974,0	698,0	276,0	1,0	3,0	694,0	71,6632443531828
44146	Mata de los Olmos (La)	2008	264,0	189,0	171,0	18,0	1,0	1,0	169,0	90,4761904761905
44146	Mata de los Olmos (La)	2011	289,0	185,0	160,0	25,0	1,0	8,0	151,0	86,4864864864865
44146	Mata de los Olmos (La)	2015	268,0	173,0	157,0	16,0	0,0	1,0	156,0	90,7514450867052
44146	Mata de los Olmos (La)	2016	261,0	174,0	153,0	21,0	1,0	2,0	150,0	87,9310344827586
44146	Mata de los Olmos (La)	2019	265,0	164,0	133,0	31,0	0,0	2,0	131,0	81,0975609756098
44147	Mazaleón	2008	593,0	459,0	347,0	112,0	5,0	7,0	335,0	75,599128540305
44147	Mazaleón	2011	586,0	439,0	320,0	119,0	6,0	14,0	300,0	72,8929384965831
44147	Mazaleón	2015	540,0	419,0	312,0	107,0	5,0	5,0	302,0	74,4630071599045
44147	Mazaleón	2016	534,0	412,0	298,0	114,0	5,0	5,0	288,0	72,3300970873786
44147	Mazaleón	2019	539,0	401,0	264,0	137,0	8,0	7,0	249,0	65,8354114713217
44148	Mezquita de Jarque	2008	129,0	100,0	72,0	28,0	0,0	4,0	68,0	72,0
44148	Mezquita de Jarque	2011	120,0	98,0	77,0	21,0	0,0	3,0	74,0	78,5714285714286
44148	Mezquita de Jarque	2015	117,0	93,0	76,0	17,0	0,0	3,0	73,0	81,7204301075269
44148	Mezquita de Jarque	2016	115,0	90,0	75,0	15,0	2,0	2,0	71,0	83,3333333333333
44148	Mezquita de Jarque	2019	98,0	74,0	56,0	18,0	2,0	0,0	54,0	75,6756756756757
44149	Mirambel	2008	131,0	109,0	87,0	22,0	1,0	1,0	85,0	79,8165137614679
44149	Mirambel	2011	125,0	106,0	79,0	27,0	1,0	2,0	76,0	74,5283018867925
44149	Mirambel	2015	117,0	99,0	71,0	28,0	0,0	3,0	68,0	71,7171717171717
44149	Mirambel	2016	119,0	103,0	78,0	25,0	0,0	3,0	75,0	75,7281553398058
44149	Mirambel	2019	116,0	99,0	74,0	25,0	1,0	4,0	69,0	74,7474747474747
44150	Miravete de la Sierra	2008	47,0	39,0	27,0	12,0	2,0	0,0	25,0	69,2307692307692
44150	Miravete de la Sierra	2011	38,0	30,0	30,0	0,0	0,0	0,0	30,0	100,0
44150	Miravete de la Sierra	2015	34,0	32,0	21,0	11,0	1,0	0,0	20,0	65,625
44150	Miravete de la Sierra	2016	29,0	28,0	22,0	6,0	1,0	0,0	21,0	78,5714285714286
44150	Miravete de la Sierra	2019	35,0	28,0	17,0	11,0	0,0	0,0	17,0	60,7142857142857
44151	Molinos	2008	316,0	239,0	183,0	56,0	0,0	0,0	183,0	76,5690376569038
44151	Molinos	2011	303,0	215,0	143,0	72,0	3,0	1,0	139,0	66,5116279069767
44151	Molinos	2015	264,0	191,0	147,0	44,0	2,0	1,0	144,0	76,9633507853403
44151	Molinos	2016	258,0	190,0	151,0	39,0	3,0	0,0	148,0	79,4736842105263
44151	Molinos	2019	243,0	180,0	134,0	46,0	0,0	1,0	133,0	74,4444444444444
44152	Monforte de Moyuela	2008	80,0	80,0	59,0	21,0	1,0	1,0	57,0	73,75
44152	Monforte de Moyuela	2011	69,0	62,0	50,0	12,0	0,0	3,0	47,0	80,6451612903226
44152	Monforte de Moyuela	2015	63,0	67,0	48,0	19,0	0,0	1,0	47,0	71,6417910447761
44152	Monforte de Moyuela	2016	66,0	64,0	46,0	18,0	1,0	0,0	45,0	71,875
44152	Monforte de Moyuela	2019	65,0	70,0	46,0	24,0	0,0	0,0	46,0	65,7142857142857
44153	Monreal del Campo	2008	2652,0	1894,0	1397,0	497,0	5,0	14,0	1378,0	73,7592397043295
44153	Monreal del Campo	2011	2765,0	1882,0	1273,0	609,0	27,0	10,0	1236,0	67,6408076514346
44153	Monreal del Campo	2015	2636,0	1812,0	1213,0	599,0	13,0	15,0	1185,0	66,9426048565122
44153	Monreal del Campo	2016	2611,0	1774,0	1135,0	639,0	14,0	5,0	1116,0	63,9797068771139
44153	Monreal del Campo	2019	2433,0	1733,0	1131,0	602,0	6,0	0,0	1125,0	65,2625504904789
44154	Monroyo	2008	338,0	276,0	209,0	67,0	0,0	3,0	206,0	75,7246376811594
44154	Monroyo	2011	379,0	271,0	196,0	75,0	1,0	7,0	188,0	72,3247232472325
44154	Monroyo	2015	364,0	261,0	194,0	67,0	3,0	3,0	188,0	74,3295019157088
44154	Monroyo	2016	360,0	256,0	192,0	64,0	4,0	3,0	185,0	75,0
44154	Monroyo	2019	340,0	240,0	164,0	76,0	3,0	1,0	160,0	68,3333333333333
44155	Montalbán	2008	1492,0	1218,0	936,0	282,0	7,0	7,0	922,0	76,8472906403941
44155	Montalbán	2011	1408,0	1162,0	819,0	343,0	18,0	24,0	777,0	70,4819277108434
44155	Montalbán	2015	1335,0	1102,0	831,0	271,0	6,0	7,0	818,0	75,4083484573503
44155	Montalbán	2016	1327,0	1090,0	793,0	297,0	11,0	4,0	778,0	72,7522935779817
44155	Montalbán	2019	1243,0	1063,0	779,0	284,0	1,0	3,0	775,0	73,2831608654751
44156	Monteagudo del Castillo	2008	74,0	62,0	41,0	21,0	0,0	2,0	39,0	66,1290322580645
44156	Monteagudo del Castillo	2011	71,0	57,0	40,0	17,0	2,0	1,0	37,0	70,1754385964912
44156	Monteagudo del Castillo	2015	55,0	46,0	33,0	13,0	1,0	1,0	31,0	71,7391304347826
44156	Monteagudo del Castillo	2016	52,0	45,0	31,0	14,0	0,0	1,0	30,0	68,8888888888889
44156	Monteagudo del Castillo	2019	50,0	47,0	31,0	16,0	0,0	0,0	31,0	65,9574468085106
44157	Monterde de Albarracín	2008	53,0	70,0	52,0	18,0	0,0	0,0	52,0	74,2857142857143
44157	Monterde de Albarracín	2011	69,0	62,0	45,0	17,0	1,0	0,0	44,0	72,5806451612903
44157	Monterde de Albarracín	2015	73,0	65,0	41,0	24,0	1,0	0,0	40,0	63,0769230769231
44157	Monterde de Albarracín	2016	69,0	64,0	48,0	16,0	0,0	1,0	47,0	75,0
44157	Monterde de Albarracín	2019	63,0	61,0	37,0	24,0	0,0	0,0	37,0	60,655737704918
44158	Mora de Rubielos	2008	1615,0	1124,0	910,0	214,0	3,0	10,0	897,0	80,9608540925267
44158	Mora de Rubielos	2011	1706,0	1159,0	904,0	255,0	31,0	15,0	858,0	77,9982743744607
44158	Mora de Rubielos	2015	1612,0	1170,0	900,0	270,0	26,0	12,0	862,0	76,9230769230769
44158	Mora de Rubielos	2016	1585,0	1180,0	876,0	304,0	14,0	10,0	852,0	74,2372881355932
44158	Mora de Rubielos	2019	1541,0	1153,0	879,0	274,0	7,0	6,0	866,0	76,2359063313096
44159	Moscardón	2008	60,0	49,0	40,0	9,0	0,0	0,0	40,0	81,6326530612245
44159	Moscardón	2011	71,0	47,0	43,0	4,0	0,0	0,0	43,0	91,4893617021277
44159	Moscardón	2015	60,0	39,0	34,0	5,0	0,0	0,0	34,0	87,1794871794872
44159	Moscardón	2016	58,0	38,0	31,0	7,0	0,0	1,0	30,0	81,5789473684211
44159	Moscardón	2019	55,0	37,0	27,0	10,0	0,0	1,0	26,0	72,972972972973
44160	Mosqueruela	2008	686,0	514,0	372,0	142,0	2,0	7,0	363,0	72,3735408560311
44160	Mosqueruela	2011	608,0	473,0	315,0	158,0	3,0	8,0	304,0	66,5961945031712
44160	Mosqueruela	2015	601,0	478,0	329,0	149,0	7,0	5,0	317,0	68,8284518828452
44160	Mosqueruela	2016	593,0	466,0	304,0	162,0	3,0	2,0	299,0	65,2360515021459
44160	Mosqueruela	2019	551,0	438,0	287,0	151,0	2,0	4,0	281,0	65,5251141552512
44161	Muniesa	2008	725,0	531,0	422,0	109,0	2,0	1,0	419,0	79,4726930320151
44161	Muniesa	2011	669,0	487,0	363,0	124,0	5,0	9,0	349,0	74,5379876796715
44161	Muniesa	2015	638,0	447,0	324,0	123,0	4,0	3,0	317,0	72,4832214765101
44161	Muniesa	2016	635,0	443,0	314,0	129,0	1,0	2,0	311,0	70,8803611738149
44161	Muniesa	2019	599,0	428,0	294,0	134,0	2,0	2,0	290,0	68,6915887850467
44163	Noguera de Albarracín	2008	155,0	128,0	96,0	32,0	0,0	0,0	96,0	75,0
44163	Noguera de Albarracín	2011	134,0	119,0	91,0	28,0	0,0	0,0	91,0	76,4705882352941
44163	Noguera de Albarracín	2015	137,0	128,0	94,0	34,0	0,0	0,0	94,0	73,4375
44163	Noguera de Albarracín	2016	151,0	126,0	94,0	32,0	0,0	1,0	93,0	74,6031746031746
44163	Noguera de Albarracín	2019	133,0	115,0	79,0	36,0	1,0	0,0	78,0	68,695652173913
44164	Nogueras	2008	32,0	30,0	24,0	6,0	0,0	0,0	24,0	80,0
44164	Nogueras	2011	35,0	32,0	25,0	7,0	0,0	0,0	25,0	78,125
44164	Nogueras	2015	30,0	26,0	22,0	4,0	0,0	0,0	22,0	84,6153846153846
44164	Nogueras	2016	29,0	27,0	23,0	4,0	0,0	0,0	23,0	85,1851851851852
44164	Nogueras	2019	25,0	19,0	16,0	3,0	0,0	1,0	15,0	84,2105263157895
44165	Nogueruelas	2008	273,0	208,0	163,0	45,0	0,0	1,0	162,0	78,3653846153846
44165	Nogueruelas	2011	237,0	182,0	140,0	42,0	0,0	1,0	139,0	76,9230769230769
44165	Nogueruelas	2015	214,0	184,0	153,0	31,0	1,0	1,0	151,0	83,1521739130435
44165	Nogueruelas	2016	207,0	175,0	135,0	40,0	2,0	2,0	131,0	77,1428571428571
44165	Nogueruelas	2019	217,0	168,0	125,0	43,0	0,0	2,0	123,0	74,4047619047619
44167	Obón	2008	67,0	54,0	44,0	10,0	0,0	0,0	44,0	81,4814814814815
44167	Obón	2011	36,0	41,0	31,0	10,0	0,0	1,0	30,0	75,609756097561
44167	Obón	2015	42,0	38,0	31,0	7,0	0,0	0,0	31,0	81,5789473684211
44167	Obón	2016	48,0	38,0	31,0	7,0	0,0	0,0	31,0	81,5789473684211
44167	Obón	2019	45,0	34,0	26,0	8,0	0,0	0,0	26,0	76,4705882352941
44168	Odón	2008	242,0	211,0	172,0	39,0	3,0	2,0	167,0	81,5165876777251
44168	Odón	2011	220,0	194,0	154,0	40,0	2,0	4,0	148,0	79,3814432989691
44168	Odón	2015	237,0	191,0	137,0	54,0	6,0	3,0	128,0	71,7277486910995
44168	Odón	2016	226,0	189,0	139,0	50,0	1,0	2,0	136,0	73,5449735449735
44168	Odón	2019	205,0	181,0	119,0	62,0	2,0	1,0	116,0	65,7458563535912
44169	Ojos Negros	2008	510,0	442,0	330,0	112,0	1,0	3,0	326,0	74,6606334841629
44169	Ojos Negros	2011	489,0	403,0	285,0	118,0	7,0	0,0	278,0	70,7196029776675
44169	Ojos Negros	2015	421,0	351,0	268,0	83,0	2,0	3,0	263,0	76,3532763532763
44169	Ojos Negros	2016	413,0	342,0	252,0	90,0	0,0	3,0	249,0	73,6842105263158
44169	Ojos Negros	2019	377,0	298,0	216,0	82,0	0,0	0,0	216,0	72,4832214765101
44171	Olba	2008	227,0	194,0	137,0	57,0	1,0	3,0	133,0	70,6185567010309
44171	Olba	2011	237,0	186,0	127,0	59,0	3,0	3,0	121,0	68,2795698924731
44171	Olba	2015	263,0	183,0	136,0	47,0	1,0	1,0	134,0	74,3169398907104
44171	Olba	2016	240,0	178,0	126,0	52,0	2,0	2,0	122,0	70,7865168539326
44171	Olba	2019	226,0	176,0	115,0	61,0	0,0	0,0	115,0	65,3409090909091
44172	Oliete	2008	490,0	372,0	292,0	80,0	3,0	0,0	289,0	78,494623655914
44172	Oliete	2011	479,0	345,0	257,0	88,0	6,0	3,0	248,0	74,4927536231884
44172	Oliete	2015	422,0	310,0	216,0	94,0	0,0	6,0	210,0	69,6774193548387
44172	Oliete	2016	412,0	301,0	218,0	83,0	2,0	4,0	212,0	72,4252491694352
44172	Oliete	2019	364,0	296,0	216,0	80,0	0,0	1,0	215,0	72,972972972973
44173	Olmos (Los)	2008	142,0	121,0	103,0	18,0	5,0	0,0	98,0	85,1239669421488
44173	Olmos (Los)	2011	128,0	107,0	87,0	20,0	10,0	5,0	72,0	81,3084112149533
44173	Olmos (Los)	2015	130,0	101,0	85,0	16,0	1,0	0,0	84,0	84,1584158415841
44173	Olmos (Los)	2016	127,0	101,0	81,0	20,0	2,0	2,0	77,0	80,1980198019802
44173	Olmos (Los)	2019	122,0	103,0	81,0	22,0	2,0	0,0	79,0	78,6407766990291
44174	Orihuela del Tremedal	2008	582,0	437,0	332,0	105,0	1,0	2,0	329,0	75,9725400457666
44174	Orihuela del Tremedal	2011	564,0	435,0	310,0	125,0	1,0	3,0	306,0	71,264367816092
44174	Orihuela del Tremedal	2015	539,0	430,0	314,0	116,0	1,0	2,0	311,0	73,0232558139535
44174	Orihuela del Tremedal	2016	535,0	428,0	307,0	121,0	3,0	3,0	301,0	71,7289719626168
44174	Orihuela del Tremedal	2019	487,0	402,0	289,0	113,0	1,0	1,0	287,0	71,8905472636816
44175	Orrios	2008	174,0	154,0	114,0	40,0	0,0	2,0	112,0	74,025974025974
44175	Orrios	2011	159,0	138,0	111,0	27,0	0,0	4,0	107,0	80,4347826086956
44175	Orrios	2015	140,0	121,0	91,0	30,0	2,0	2,0	87,0	75,2066115702479
44175	Orrios	2016	137,0	122,0	85,0	37,0	1,0	1,0	83,0	69,672131147541
44175	Orrios	2019	126,0	112,0	76,0	36,0	1,0	1,0	74,0	67,8571428571429
44176	Palomar de Arroyos	2008	213,0	190,0	164,0	26,0	1,0	1,0	162,0	86,3157894736842
44176	Palomar de Arroyos	2011	198,0	167,0	131,0	36,0	1,0	5,0	125,0	78,4431137724551
44176	Palomar de Arroyos	2015	184,0	160,0	127,0	33,0	0,0	0,0	127,0	79,375
44176	Palomar de Arroyos	2016	182,0	158,0	116,0	42,0	2,0	0,0	114,0	73,4177215189873
44176	Palomar de Arroyos	2019	169,0	152,0	114,0	38,0	1,0	1,0	112,0	75,0
44177	Pancrudo	2008	111,0	117,0	75,0	42,0	0,0	1,0	74,0	64,1025641025641
44177	Pancrudo	2011	136,0	120,0	85,0	35,0	0,0	1,0	84,0	70,8333333333333
44177	Pancrudo	2015	117,0	111,0	77,0	34,0	1,0	1,0	75,0	69,3693693693694
44177	Pancrudo	2016	112,0	115,0	84,0	31,0	0,0	1,0	83,0	73,0434782608696
44177	Pancrudo	2019	110,0	101,0	68,0	33,0	0,0	1,0	67,0	67,3267326732673
44178	Parras de Castellote (Las)	2008	76,0	71,0	49,0	22,0	0,0	0,0	49,0	69,0140845070422
44178	Parras de Castellote (Las)	2011	73,0	69,0	45,0	24,0	1,0	0,0	44,0	65,2173913043478
44178	Parras de Castellote (Las)	2015	58,0	56,0	42,0	14,0	0,0	0,0	42,0	75,0
44178	Parras de Castellote (Las)	2016	59,0	58,0	37,0	21,0	0,0	0,0	37,0	63,7931034482759
44178	Parras de Castellote (Las)	2019	53,0	52,0	34,0	18,0	0,0	0,0	34,0	65,3846153846154
44179	Peñarroya de Tastavins	2008	511,0	401,0	270,0	131,0	1,0	5,0	264,0	67,3316708229426
44179	Peñarroya de Tastavins	2011	517,0	369,0	245,0	124,0	2,0	6,0	237,0	66,3956639566396
44179	Peñarroya de Tastavins	2015	487,0	345,0	229,0	116,0	2,0	2,0	225,0	66,3768115942029
44179	Peñarroya de Tastavins	2016	477,0	337,0	229,0	108,0	3,0	1,0	225,0	67,9525222551929
44179	Peñarroya de Tastavins	2019	439,0	324,0	201,0	123,0	0,0	2,0	199,0	62,037037037037
44180	Peracense	2008	121,0	90,0	69,0	21,0	0,0	0,0	69,0	76,6666666666667
44180	Peracense	2011	89,0	71,0	52,0	19,0	0,0	1,0	51,0	73,2394366197183
44180	Peracense	2015	69,0	71,0	57,0	14,0	1,0	1,0	55,0	80,2816901408451
44180	Peracense	2016	72,0	70,0	61,0	9,0	0,0	0,0	61,0	87,1428571428571
44180	Peracense	2019	76,0	74,0	56,0	18,0	0,0	0,0	56,0	75,6756756756757
44181	Peralejos	2008	93,0	80,0	69,0	11,0	0,0	2,0	67,0	86,25
44181	Peralejos	2011	78,0	82,0	63,0	19,0	0,0	3,0	60,0	76,8292682926829
44181	Peralejos	2015	85,0	78,0	63,0	15,0	0,0	1,0	62,0	80,7692307692308
44181	Peralejos	2016	86,0	76,0	57,0	19,0	1,0	0,0	56,0	75,0
44181	Peralejos	2019	88,0	65,0	57,0	8,0	0,0	0,0	57,0	87,6923076923077
44182	Perales del Alfambra	2008	295,0	230,0	186,0	44,0	0,0	3,0	183,0	80,8695652173913
44182	Perales del Alfambra	2011	279,0	216,0	173,0	43,0	0,0	4,0	169,0	80,0925925925926
44182	Perales del Alfambra	2015	253,0	194,0	155,0	39,0	1,0	3,0	151,0	79,8969072164948
44182	Perales del Alfambra	2016	238,0	197,0	157,0	40,0	0,0	0,0	157,0	79,6954314720812
44182	Perales del Alfambra	2019	221,0	203,0	160,0	43,0	2,0	0,0	158,0	78,8177339901478
44183	Pitarque	2008	114,0	90,0	58,0	32,0	3,0	0,0	55,0	64,4444444444444
44183	Pitarque	2011	96,0	78,0	49,0	29,0	3,0	0,0	46,0	62,8205128205128
44183	Pitarque	2015	93,0	77,0	45,0	32,0	1,0	0,0	44,0	58,4415584415584
44183	Pitarque	2016	90,0	77,0	50,0	27,0	1,0	0,0	49,0	64,9350649350649
44183	Pitarque	2019	79,0	61,0	47,0	14,0	0,0	1,0	46,0	77,0491803278688
44184	Plou	2008	53,0	40,0	23,0	17,0	0,0	0,0	23,0	57,5
44184	Plou	2011	43,0	34,0	21,0	13,0	0,0	2,0	19,0	61,7647058823529
44184	Plou	2015	46,0	48,0	30,0	18,0	0,0	0,0	30,0	62,5
44184	Plou	2016	52,0	45,0	34,0	11,0	0,0	0,0	34,0	75,5555555555555
44184	Plou	2019	43,0	44,0	37,0	7,0	0,0	0,0	37,0	84,0909090909091
44185	Pobo (El)	2008	137,0	117,0	92,0	25,0	1,0	2,0	89,0	78,6324786324786
44185	Pobo (El)	2011	139,0	117,0	91,0	26,0	1,0	0,0	90,0	77,7777777777778
44185	Pobo (El)	2015	148,0	104,0	77,0	27,0	0,0	0,0	77,0	74,0384615384615
44185	Pobo (El)	2016	142,0	99,0	76,0	23,0	1,0	0,0	75,0	76,7676767676768
44185	Pobo (El)	2019	114,0	88,0	69,0	19,0	0,0	2,0	67,0	78,4090909090909
44187	Portellada (La)	2008	276,0	238,0	203,0	35,0	1,0	1,0	201,0	85,2941176470588
44187	Portellada (La)	2011	262,0	224,0	170,0	54,0	7,0	2,0	161,0	75,8928571428571
44187	Portellada (La)	2015	234,0	199,0	148,0	51,0	5,0	1,0	142,0	74,3718592964824
44187	Portellada (La)	2016	240,0	201,0	152,0	49,0	3,0	4,0	145,0	75,6218905472637
44187	Portellada (La)	2019	243,0	193,0	147,0	46,0	1,0	0,0	146,0	76,1658031088083
44189	Pozondón	2008	89,0	80,0	64,0	16,0	0,0	1,0	63,0	80,0
44189	Pozondón	2011	83,0	69,0	57,0	12,0	0,0	0,0	57,0	82,6086956521739
44189	Pozondón	2015	63,0	58,0	39,0	19,0	0,0	1,0	38,0	67,2413793103448
44189	Pozondón	2016	62,0	56,0	41,0	15,0	0,0	0,0	41,0	73,2142857142857
44189	Pozondón	2019	48,0	44,0	35,0	9,0	0,0	0,0	35,0	79,5454545454545
44190	Pozuel del Campo	2008	114,0	91,0	67,0	24,0	0,0	0,0	67,0	73,6263736263736
44190	Pozuel del Campo	2011	100,0	81,0	52,0	29,0	0,0	0,0	52,0	64,1975308641975
44190	Pozuel del Campo	2015	81,0	72,0	53,0	19,0	1,0	0,0	52,0	73,6111111111111
44190	Pozuel del Campo	2016	74,0	71,0	58,0	13,0	2,0	0,0	56,0	81,6901408450704
44190	Pozuel del Campo	2019	68,0	63,0	45,0	18,0	0,0	0,0	45,0	71,4285714285714
44191	Puebla de Híjar (La)	2008	1005,0	845,0	678,0	167,0	8,0	5,0	665,0	80,2366863905325
44191	Puebla de Híjar (La)	2011	1006,0	806,0	602,0	204,0	8,0	6,0	588,0	74,6898263027295
44191	Puebla de Híjar (La)	2015	965,0	771,0	595,0	176,0	9,0	7,0	579,0	77,1725032425422
44191	Puebla de Híjar (La)	2016	947,0	764,0	586,0	178,0	3,0	6,0	577,0	76,7015706806283
44191	Puebla de Híjar (La)	2019	908,0	714,0	509,0	205,0	9,0	5,0	495,0	71,2885154061625
44192	Puebla de Valverde (La)	2008	544,0	393,0	339,0	54,0	1,0	1,0	337,0	86,2595419847328
44192	Puebla de Valverde (La)	2011	571,0	401,0	324,0	77,0	2,0	5,0	317,0	80,7980049875312
44192	Puebla de Valverde (La)	2015	521,0	364,0	281,0	83,0	2,0	0,0	279,0	77,1978021978022
44192	Puebla de Valverde (La)	2016	500,0	355,0	280,0	75,0	2,0	4,0	274,0	78,8732394366197
44192	Puebla de Valverde (La)	2019	453,0	341,0	274,0	67,0	2,0	2,0	270,0	80,3519061583578
44193	Puertomingalvo	2008	252,0	125,0	97,0	28,0	0,0	1,0	96,0	77,6
44193	Puertomingalvo	2011	207,0	99,0	71,0	28,0	4,0	0,0	67,0	71,7171717171717
44193	Puertomingalvo	2015	117,0	82,0	62,0	20,0	0,0	1,0	61,0	75,609756097561
44193	Puertomingalvo	2016	119,0	78,0	53,0	25,0	0,0	1,0	52,0	67,9487179487179
44193	Puertomingalvo	2019	112,0	73,0	60,0	13,0	0,0	1,0	59,0	82,1917808219178
44194	Ráfales	2008	153,0	141,0	108,0	33,0	0,0	2,0	106,0	76,5957446808511
44194	Ráfales	2011	170,0	128,0	92,0	36,0	3,0	1,0	88,0	71,875
44194	Ráfales	2015	142,0	111,0	79,0	32,0	4,0	0,0	75,0	71,1711711711712
44194	Ráfales	2016	133,0	109,0	78,0	31,0	5,0	3,0	70,0	71,5596330275229
44194	Ráfales	2019	143,0	103,0	67,0	36,0	3,0	0,0	64,0	65,0485436893204
44195	Rillo	2008	106,0	109,0	76,0	33,0	1,0	0,0	75,0	69,7247706422018
44195	Rillo	2011	113,0	103,0	71,0	32,0	1,0	0,0	70,0	68,9320388349514
44195	Rillo	2015	106,0	92,0	61,0	31,0	0,0	2,0	59,0	66,3043478260869
44195	Rillo	2016	97,0	88,0	60,0	28,0	0,0	1,0	59,0	68,1818181818182
44195	Rillo	2019	93,0	82,0	58,0	24,0	1,0	0,0	57,0	70,7317073170732
44196	Riodeva	2008	186,0	177,0	128,0	49,0	1,0	0,0	127,0	72,316384180791
44196	Riodeva	2011	180,0	152,0	116,0	36,0	2,0	2,0	112,0	76,3157894736842
44196	Riodeva	2015	165,0	134,0	102,0	32,0	0,0	1,0	101,0	76,1194029850746
44196	Riodeva	2016	163,0	131,0	101,0	30,0	3,0	2,0	96,0	77,0992366412214
44196	Riodeva	2019	144,0	121,0	88,0	33,0	0,0	0,0	88,0	72,7272727272727
44197	Ródenas	2008	86,0	68,0	42,0	26,0	0,0	0,0	42,0	61,7647058823529
44197	Ródenas	2011	79,0	60,0	37,0	23,0	0,0	1,0	36,0	61,6666666666667
44197	Ródenas	2015	75,0	58,0	34,0	24,0	0,0	0,0	34,0	58,6206896551724
44197	Ródenas	2016	66,0	56,0	36,0	20,0	0,0	0,0	36,0	64,2857142857143
44197	Ródenas	2019	61,0	51,0	35,0	16,0	0,0	1,0	34,0	68,6274509803921
44198	Royuela	2008	224,0	205,0	160,0	45,0	1,0	0,0	159,0	78,0487804878049
44198	Royuela	2011	248,0	205,0	160,0	45,0	0,0	5,0	155,0	78,0487804878049
44198	Royuela	2015	227,0	187,0	151,0	36,0	3,0	3,0	145,0	80,7486631016043
44198	Royuela	2016	221,0	182,0	147,0	35,0	1,0	4,0	142,0	80,7692307692308
44198	Royuela	2019	206,0	182,0	138,0	44,0	3,0	0,0	135,0	75,8241758241758
44199	Rubiales	2008	58,0	55,0	46,0	9,0	1,0	2,0	43,0	83,6363636363636
44199	Rubiales	2011	57,0	52,0	40,0	12,0	1,0	0,0	39,0	76,9230769230769
44199	Rubiales	2015	51,0	43,0	36,0	7,0	0,0	1,0	35,0	83,7209302325581
44199	Rubiales	2016	53,0	44,0	41,0	3,0	0,0	2,0	39,0	93,1818181818182
44199	Rubiales	2019	50,0	39,0	37,0	2,0	0,0	2,0	35,0	94,8717948717949
44200	Rubielos de la Cérida	2008	54,0	48,0	32,0	16,0	0,0	0,0	32,0	66,6666666666667
44200	Rubielos de la Cérida	2011	45,0	41,0	30,0	11,0	0,0	0,0	30,0	73,1707317073171
44200	Rubielos de la Cérida	2015	41,0	40,0	22,0	18,0	0,0	0,0	22,0	55,0
44200	Rubielos de la Cérida	2016	41,0	39,0	26,0	13,0	0,0	0,0	26,0	66,6666666666667
44200	Rubielos de la Cérida	2019	38,0	39,0	26,0	13,0	0,0	0,0	26,0	66,6666666666667
44201	Rubielos de Mora	2008	752,0	531,0	464,0	67,0	2,0	3,0	459,0	87,3822975517891
44201	Rubielos de Mora	2011	772,0	526,0	449,0	77,0	6,0	9,0	434,0	85,361216730038
44201	Rubielos de Mora	2015	687,0	497,0	414,0	83,0	4,0	2,0	408,0	83,2997987927565
44201	Rubielos de Mora	2016	661,0	495,0	411,0	84,0	5,0	0,0	406,0	83,030303030303
44201	Rubielos de Mora	2019	627,0	477,0	399,0	78,0	4,0	1,0	394,0	83,6477987421384
44203	Salcedillo	2008	12,0	9,0	9,0	0,0	0,0	1,0	8,0	100,0
44203	Salcedillo	2011	8,0	8,0	8,0	0,0	0,0	0,0	8,0	100,0
44203	Salcedillo	2015	10,0	10,0	8,0	2,0	0,0	0,0	8,0	80,0
44203	Salcedillo	2016	13,0	10,0	10,0	0,0	0,0	0,0	10,0	100,0
44203	Salcedillo	2019	17,0	9,0	9,0	0,0	0,0	0,0	9,0	100,0
44204	Saldón	2008	30,0	31,0	24,0	7,0	0,0	0,0	24,0	77,4193548387097
44204	Saldón	2011	29,0	24,0	21,0	3,0	0,0	0,0	21,0	87,5
44204	Saldón	2015	27,0	25,0	22,0	3,0	0,0	0,0	22,0	88,0
44204	Saldón	2016	27,0	24,0	22,0	2,0	0,0	1,0	21,0	91,6666666666667
44204	Saldón	2019	26,0	27,0	18,0	9,0	0,0	0,0	18,0	66,6666666666667
44205	Samper de Calanda	2008	1003,0	836,0	613,0	223,0	6,0	3,0	604,0	73,3253588516746
44205	Samper de Calanda	2011	925,0	757,0	541,0	216,0	14,0	12,0	515,0	71,4663143989432
44205	Samper de Calanda	2015	861,0	712,0	474,0	238,0	6,0	6,0	462,0	66,5730337078652
44205	Samper de Calanda	2016	854,0	700,0	460,0	240,0	7,0	4,0	449,0	65,7142857142857
44205	Samper de Calanda	2019	783,0	619,0	420,0	199,0	5,0	5,0	410,0	67,8513731825525
44206	San Agustín	2008	165,0	132,0	104,0	28,0	4,0	1,0	99,0	78,7878787878788
44206	San Agustín	2011	150,0	156,0	119,0	37,0	2,0	3,0	114,0	76,2820512820513
44206	San Agustín	2015	141,0	112,0	90,0	22,0	2,0	0,0	88,0	80,3571428571429
44206	San Agustín	2016	141,0	114,0	90,0	24,0	3,0	0,0	87,0	78,9473684210526
44206	San Agustín	2019	125,0	100,0	73,0	27,0	0,0	3,0	70,0	73,0
44207	San Martín del Río	2008	229,0	208,0	161,0	47,0	5,0	0,0	156,0	77,4038461538462
44207	San Martín del Río	2011	199,0	187,0	147,0	40,0	1,0	5,0	141,0	78,6096256684492
44207	San Martín del Río	2015	179,0	158,0	119,0	39,0	4,0	0,0	115,0	75,3164556962025
44207	San Martín del Río	2016	174,0	156,0	118,0	38,0	3,0	4,0	111,0	75,6410256410256
44207	San Martín del Río	2019	148,0	125,0	98,0	27,0	1,0	2,0	95,0	78,4
44208	Santa Cruz de Nogueras	2008	37,0	32,0	21,0	11,0	0,0	0,0	21,0	65,625
44208	Santa Cruz de Nogueras	2011	36,0	32,0	23,0	9,0	0,0	1,0	22,0	71,875
44208	Santa Cruz de Nogueras	2015	42,0	34,0	22,0	12,0	0,0	0,0	22,0	64,7058823529412
44208	Santa Cruz de Nogueras	2016	39,0	38,0	22,0	16,0	0,0	0,0	22,0	57,8947368421053
44208	Santa Cruz de Nogueras	2019	37,0	27,0	17,0	10,0	0,0	0,0	17,0	62,962962962963
44209	Santa Eulalia	2008	1143,0	942,0	743,0	199,0	7,0	11,0	725,0	78,8747346072187
44209	Santa Eulalia	2011	1152,0	892,0	666,0	226,0	17,0	6,0	643,0	74,6636771300448
44209	Santa Eulalia	2015	1111,0	839,0	640,0	199,0	17,0	3,0	620,0	76,2812872467223
44209	Santa Eulalia	2016	1081,0	833,0	611,0	222,0	9,0	6,0	596,0	73,3493397358944
44209	Santa Eulalia	2019	1037,0	799,0	584,0	215,0	11,0	2,0	571,0	73,0913642052566
44210	Sarrión	2008	1085,0	788,0	622,0	166,0	3,0	10,0	609,0	78,9340101522843
44210	Sarrión	2011	1140,0	754,0	573,0	181,0	6,0	3,0	564,0	75,9946949602122
44210	Sarrión	2015	1152,0	759,0	597,0	162,0	1,0	2,0	594,0	78,6561264822134
44210	Sarrión	2016	1167,0	746,0	554,0	192,0	9,0	3,0	542,0	74,2627345844504
44210	Sarrión	2019	1133,0	750,0	577,0	173,0	5,0	2,0	570,0	76,9333333333333
44211	Segura de los Baños	2008	39,0	38,0	30,0	8,0	0,0	0,0	30,0	78,9473684210526
44211	Segura de los Baños	2011	40,0	39,0	32,0	7,0	0,0	2,0	30,0	82,051282051282
44211	Segura de los Baños	2015	39,0	40,0	30,0	10,0	0,0	0,0	30,0	75,0
44211	Segura de los Baños	2016	40,0	42,0	35,0	7,0	0,0	0,0	35,0	83,3333333333333
44211	Segura de los Baños	2019	39,0	33,0	22,0	11,0	0,0	0,0	22,0	66,6666666666667
44212	Seno	2008	45,0	42,0	30,0	12,0	1,0	0,0	29,0	71,4285714285714
44212	Seno	2011	49,0	45,0	35,0	10,0	0,0	0,0	35,0	77,7777777777778
44212	Seno	2015	42,0	41,0	32,0	9,0	0,0	0,0	32,0	78,0487804878049
44212	Seno	2016	43,0	39,0	37,0	2,0	0,0	1,0	36,0	94,8717948717949
44212	Seno	2019	39,0	41,0	29,0	12,0	0,0	0,0	29,0	70,7317073170732
44213	Singra	2008	98,0	75,0	62,0	13,0	0,0	0,0	62,0	82,6666666666667
44213	Singra	2011	98,0	61,0	48,0	13,0	0,0	0,0	48,0	78,6885245901639
44213	Singra	2015	76,0	63,0	47,0	16,0	0,0	0,0	47,0	74,6031746031746
44213	Singra	2016	80,0	62,0	50,0	12,0	0,0	0,0	50,0	80,6451612903226
44213	Singra	2019	80,0	68,0	47,0	21,0	0,0	0,0	47,0	69,1176470588235
44215	Terriente	2008	192,0	156,0	108,0	48,0	0,0	0,0	108,0	69,2307692307692
44215	Terriente	2011	186,0	156,0	100,0	56,0	0,0	2,0	98,0	64,1025641025641
44215	Terriente	2015	177,0	156,0	105,0	51,0	2,0	2,0	101,0	67,3076923076923
44215	Terriente	2016	178,0	159,0	109,0	50,0	0,0	2,0	107,0	68,5534591194969
44215	Terriente	2019	183,0	167,0	113,0	54,0	0,0	2,0	111,0	67,6646706586826
44216	Teruel	2008	34236,0	25534,0	19793,0	5741,0	178,0	292,0	19323,0	77,5162528393514
44216	Teruel	2011	35241,0	25877,0	18461,0	7416,0	404,0	467,0	17590,0	71,3413455964756
44216	Teruel	2015	35675,0	26539,0	19700,0	6839,0	275,0	248,0	19177,0	74,2303779343608
44216	Teruel	2016	35590,0	26558,0	18997,0	7561,0	260,0	168,0	18569,0	71,5302357105204
44216	Teruel	2019	35691,0	27004,0	19997,0	7007,0	88,0	80,0	19829,0	74,0519922974374
44217	Toril y Masegoso	2008	46,0	35,0	24,0	11,0	0,0	0,0	24,0	68,5714285714286
44217	Toril y Masegoso	2011	34,0	37,0	28,0	9,0	1,0	0,0	27,0	75,6756756756757
44217	Toril y Masegoso	2015	32,0	28,0	20,0	8,0	0,0	0,0	20,0	71,4285714285714
44217	Toril y Masegoso	2016	30,0	29,0	25,0	4,0	0,0	3,0	22,0	86,2068965517241
44217	Toril y Masegoso	2019	30,0	32,0	25,0	7,0	0,0	0,0	25,0	78,125
44218	Tormón	2008	33,0	40,0	27,0	13,0	0,0	1,0	26,0	67,5
44218	Tormón	2011	32,0	37,0	26,0	11,0	0,0	2,0	24,0	70,2702702702703
44218	Tormón	2015	28,0	37,0	26,0	11,0	0,0	0,0	26,0	70,2702702702703
44218	Tormón	2016	34,0	35,0	28,0	7,0	0,0	1,0	27,0	80,0
44218	Tormón	2019	31,0	28,0	24,0	4,0	0,0	3,0	21,0	85,7142857142857
44219	Tornos	2008	250,0	224,0	180,0	44,0	3,0	1,0	176,0	80,3571428571429
44219	Tornos	2011	232,0	207,0	159,0	48,0	2,0	1,0	156,0	76,8115942028986
44219	Tornos	2015	231,0	198,0	141,0	57,0	7,0	4,0	130,0	71,2121212121212
44219	Tornos	2016	235,0	194,0	145,0	49,0	2,0	1,0	142,0	74,7422680412371
44219	Tornos	2019	213,0	173,0	118,0	55,0	3,0	1,0	114,0	68,2080924855491
44220	Torralba de los Sisones	2008	224,0	161,0	111,0	50,0	1,0	0,0	110,0	68,944099378882
44220	Torralba de los Sisones	2011	216,0	137,0	97,0	40,0	1,0	1,0	95,0	70,8029197080292
44220	Torralba de los Sisones	2015	170,0	121,0	85,0	36,0	3,0	2,0	80,0	70,2479338842975
44220	Torralba de los Sisones	2016	157,0	121,0	84,0	37,0	1,0	1,0	82,0	69,4214876033058
44220	Torralba de los Sisones	2019	156,0	113,0	82,0	31,0	0,0	1,0	81,0	72,5663716814159
44221	Torrecilla de Alcañiz	2008	450,0	386,0	326,0	60,0	3,0	0,0	323,0	84,4559585492228
44221	Torrecilla de Alcañiz	2011	440,0	377,0	305,0	72,0	8,0	6,0	291,0	80,9018567639257
44221	Torrecilla de Alcañiz	2015	415,0	365,0	298,0	67,0	2,0	2,0	294,0	81,6438356164384
44221	Torrecilla de Alcañiz	2016	407,0	372,0	303,0	69,0	3,0	1,0	299,0	81,4516129032258
44221	Torrecilla de Alcañiz	2019	423,0	386,0	307,0	79,0	3,0	1,0	303,0	79,5336787564767
44222	Torrecilla del Rebollar	2008	161,0	148,0	105,0	43,0	0,0	0,0	105,0	70,9459459459459
44222	Torrecilla del Rebollar	2011	151,0	136,0	99,0	37,0	0,0	2,0	97,0	72,7941176470588
44222	Torrecilla del Rebollar	2015	142,0	137,0	96,0	41,0	0,0	0,0	96,0	70,0729927007299
44222	Torrecilla del Rebollar	2016	144,0	131,0	98,0	33,0	0,0	0,0	98,0	74,8091603053435
44222	Torrecilla del Rebollar	2019	127,0	125,0	92,0	33,0	0,0	0,0	92,0	73,6
44223	Torre de Arcas	2008	112,0	96,0	75,0	21,0	0,0	0,0	75,0	78,125
44223	Torre de Arcas	2011	96,0	80,0	55,0	25,0	0,0	0,0	55,0	68,75
44223	Torre de Arcas	2015	83,0	75,0	55,0	20,0	0,0	2,0	53,0	73,3333333333333
44223	Torre de Arcas	2016	81,0	72,0	54,0	18,0	0,0	0,0	54,0	75,0
44223	Torre de Arcas	2019	89,0	73,0	48,0	25,0	0,0	0,0	48,0	65,7534246575342
44224	Torre de las Arcas	2008	36,0	28,0	17,0	11,0	0,0	2,0	15,0	60,7142857142857
44224	Torre de las Arcas	2011	37,0	26,0	15,0	11,0	0,0	0,0	15,0	57,6923076923077
44224	Torre de las Arcas	2015	28,0	22,0	14,0	8,0	0,0	0,0	14,0	63,6363636363636
44224	Torre de las Arcas	2016	29,0	22,0	14,0	8,0	0,0	0,0	14,0	63,6363636363636
44224	Torre de las Arcas	2019	28,0	21,0	14,0	7,0	0,0	2,0	12,0	66,6666666666667
44225	Torre del Compte	2008	172,0	143,0	123,0	20,0	0,0	2,0	121,0	86,013986013986
44225	Torre del Compte	2011	153,0	129,0	100,0	29,0	2,0	5,0	93,0	77,5193798449612
44225	Torre del Compte	2015	142,0	111,0	76,0	35,0	0,0	4,0	72,0	68,4684684684685
44225	Torre del Compte	2016	137,0	107,0	74,0	33,0	0,0	1,0	73,0	69,1588785046729
44225	Torre del Compte	2019	132,0	105,0	82,0	23,0	1,0	2,0	79,0	78,0952380952381
44226	Torrelacárcel	2008	225,0	192,0	146,0	46,0	2,0	2,0	142,0	76,0416666666667
44226	Torrelacárcel	2011	223,0	163,0	112,0	51,0	0,0	3,0	109,0	68,7116564417178
44226	Torrelacárcel	2015	197,0	141,0	102,0	39,0	2,0	2,0	98,0	72,3404255319149
44226	Torrelacárcel	2016	184,0	140,0	98,0	42,0	0,0	2,0	96,0	70,0
44226	Torrelacárcel	2019	154,0	123,0	85,0	38,0	1,0	0,0	84,0	69,1056910569106
44227	Torre los Negros	2008	103,0	84,0	69,0	15,0	0,0	0,0	69,0	82,1428571428571
44227	Torre los Negros	2011	105,0	81,0	59,0	22,0	0,0	0,0	59,0	72,8395061728395
44227	Torre los Negros	2015	94,0	75,0	63,0	12,0	0,0	0,0	63,0	84,0
44227	Torre los Negros	2016	90,0	74,0	63,0	11,0	1,0	0,0	62,0	85,1351351351351
44227	Torre los Negros	2019	88,0	72,0	58,0	14,0	0,0	0,0	58,0	80,5555555555555
44228	Torremocha de Jiloca	2008	141,0	130,0	100,0	30,0	0,0	0,0	100,0	76,9230769230769
44228	Torremocha de Jiloca	2011	148,0	121,0	97,0	24,0	1,0	2,0	94,0	80,1652892561983
44228	Torremocha de Jiloca	2015	126,0	99,0	79,0	20,0	0,0	1,0	78,0	79,7979797979798
44228	Torremocha de Jiloca	2016	110,0	100,0	82,0	18,0	0,0	0,0	82,0	82,0
44228	Torremocha de Jiloca	2019	107,0	96,0	75,0	21,0	1,0	0,0	74,0	78,125
44229	Torres de Albarracín	2008	148,0	129,0	104,0	25,0	0,0	0,0	104,0	80,6201550387597
44229	Torres de Albarracín	2011	175,0	150,0	108,0	42,0	1,0	5,0	102,0	72,0
44229	Torres de Albarracín	2015	174,0	151,0	108,0	43,0	1,0	1,0	106,0	71,523178807947
44229	Torres de Albarracín	2016	181,0	152,0	112,0	40,0	1,0	3,0	108,0	73,6842105263158
44229	Torres de Albarracín	2019	183,0	141,0	99,0	42,0	1,0	1,0	97,0	70,2127659574468
44230	Torrevelilla	2008	194,0	151,0	121,0	30,0	3,0	1,0	117,0	80,1324503311258
44230	Torrevelilla	2011	214,0	154,0	127,0	27,0	0,0	3,0	124,0	82,4675324675325
44230	Torrevelilla	2015	208,0	155,0	126,0	29,0	0,0	2,0	124,0	81,2903225806452
44230	Torrevelilla	2016	200,0	155,0	123,0	32,0	0,0	2,0	121,0	79,3548387096774
44230	Torrevelilla	2019	189,0	149,0	111,0	38,0	1,0	2,0	108,0	74,496644295302
44231	Torrijas	2008	70,0	69,0	51,0	18,0	0,0	0,0	51,0	73,9130434782609
44231	Torrijas	2011	66,0	54,0	38,0	16,0	2,0	2,0	34,0	70,3703703703704
44231	Torrijas	2015	45,0	38,0	32,0	6,0	0,0	0,0	32,0	84,2105263157895
44231	Torrijas	2016	45,0	38,0	33,0	5,0	0,0	0,0	33,0	86,8421052631579
44231	Torrijas	2019	38,0	35,0	30,0	5,0	0,0	0,0	30,0	85,7142857142857
44232	Torrijo del Campo	2008	579,0	442,0	344,0	98,0	5,0	4,0	335,0	77,8280542986425
44232	Torrijo del Campo	2011	539,0	408,0	301,0	107,0	6,0	5,0	290,0	73,7745098039216
44232	Torrijo del Campo	2015	509,0	391,0	286,0	105,0	7,0	4,0	275,0	73,1457800511509
44232	Torrijo del Campo	2016	489,0	378,0	284,0	94,0	8,0	6,0	270,0	75,1322751322751
44232	Torrijo del Campo	2019	447,0	364,0	255,0	109,0	0,0	3,0	252,0	70,0549450549451
44234	Tramacastiel	2008	100,0	88,0	72,0	16,0	2,0	0,0	70,0	81,8181818181818
44234	Tramacastiel	2011	98,0	76,0	63,0	13,0	0,0	0,0	63,0	82,8947368421053
44234	Tramacastiel	2015	74,0	62,0	48,0	14,0	0,0	1,0	47,0	77,4193548387097
44234	Tramacastiel	2016	75,0	61,0	51,0	10,0	0,0	1,0	50,0	83,6065573770492
44234	Tramacastiel	2019	64,0	71,0	49,0	22,0	0,0	0,0	49,0	69,0140845070422
44235	Tramacastilla	2008	129,0	112,0	94,0	18,0	2,0	0,0	92,0	83,9285714285714
44235	Tramacastilla	2011	107,0	103,0	71,0	32,0	3,0	0,0	68,0	68,9320388349514
44235	Tramacastilla	2015	120,0	91,0	71,0	20,0	1,0	2,0	68,0	78,021978021978
44235	Tramacastilla	2016	107,0	92,0	62,0	30,0	2,0	0,0	60,0	67,3913043478261
44235	Tramacastilla	2019	106,0	87,0	65,0	22,0	1,0	1,0	63,0	74,7126436781609
44236	Tronchón	2008	101,0	75,0	56,0	19,0	0,0	1,0	55,0	74,6666666666667
44236	Tronchón	2011	106,0	77,0	48,0	29,0	1,0	0,0	47,0	62,3376623376623
44236	Tronchón	2015	82,0	59,0	45,0	14,0	0,0	0,0	45,0	76,271186440678
44236	Tronchón	2016	68,0	63,0	48,0	15,0	1,0	0,0	47,0	76,1904761904762
44236	Tronchón	2019	65,0	60,0	38,0	22,0	0,0	0,0	38,0	63,3333333333333
44237	Urrea de Gaén	2008	540,0	463,0	397,0	66,0	1,0	2,0	394,0	85,7451403887689
44237	Urrea de Gaén	2011	525,0	450,0	352,0	98,0	9,0	5,0	338,0	78,2222222222222
44237	Urrea de Gaén	2015	494,0	408,0	327,0	81,0	6,0	2,0	319,0	80,1470588235294
44237	Urrea de Gaén	2016	488,0	398,0	304,0	94,0	3,0	4,0	297,0	76,3819095477387
44237	Urrea de Gaén	2019	436,0	367,0	267,0	100,0	5,0	0,0	262,0	72,7520435967303
44238	Utrillas	2008	3346,0	2534,0	1925,0	609,0	16,0	14,0	1895,0	75,9668508287293
44238	Utrillas	2011	3309,0	2475,0	1718,0	757,0	26,0	50,0	1642,0	69,4141414141414
44238	Utrillas	2015	3194,0	2345,0	1748,0	597,0	14,0	7,0	1727,0	74,5415778251599
44238	Utrillas	2016	3110,0	2323,0	1603,0	720,0	13,0	5,0	1585,0	69,0055962117951
44238	Utrillas	2019	2970,0	2278,0	1630,0	648,0	10,0	3,0	1617,0	71,5539947322212
44239	Valacloche	2008	24,0	38,0	32,0	6,0	0,0	0,0	32,0	84,2105263157895
44239	Valacloche	2011	30,0	29,0	25,0	4,0	0,0	1,0	24,0	86,2068965517241
44239	Valacloche	2015	23,0	22,0	20,0	2,0	0,0	0,0	20,0	90,9090909090909
44239	Valacloche	2016	27,0	22,0	20,0	2,0	0,0	0,0	20,0	90,9090909090909
44239	Valacloche	2019	21,0	21,0	19,0	2,0	0,0	0,0	19,0	90,4761904761905
44240	Valbona	2008	215,0	170,0	145,0	25,0	1,0	2,0	142,0	85,2941176470588
44240	Valbona	2011	224,0	168,0	135,0	33,0	3,0	2,0	130,0	80,3571428571429
44240	Valbona	2015	198,0	161,0	128,0	33,0	3,0	0,0	125,0	79,5031055900621
44240	Valbona	2016	193,0	158,0	130,0	28,0	1,0	0,0	129,0	82,2784810126582
44240	Valbona	2019	174,0	151,0	119,0	32,0	2,0	0,0	117,0	78,8079470198675
44241	Valdealgorfa	2008	686,0	599,0	491,0	108,0	4,0	3,0	484,0	81,9699499165275
44241	Valdealgorfa	2011	685,0	575,0	442,0	133,0	15,0	4,0	423,0	76,8695652173913
44241	Valdealgorfa	2015	650,0	537,0	408,0	129,0	5,0	2,0	401,0	75,9776536312849
44241	Valdealgorfa	2016	664,0	533,0	396,0	137,0	7,0	0,0	389,0	74,296435272045
44241	Valdealgorfa	2019	622,0	500,0	361,0	139,0	4,0	0,0	357,0	72,2
44243	Valdecuenca	2008	47,0	41,0	30,0	11,0	1,0	1,0	28,0	73,1707317073171
44243	Valdecuenca	2011	56,0	38,0	27,0	11,0	1,0	3,0	23,0	71,0526315789474
44243	Valdecuenca	2015	40,0	23,0	18,0	5,0	0,0	0,0	18,0	78,2608695652174
44243	Valdecuenca	2016	40,0	24,0	20,0	4,0	0,0	0,0	20,0	83,3333333333333
44243	Valdecuenca	2019	35,0	25,0	19,0	6,0	0,0	0,0	19,0	76,0
44244	Valdelinares	2008	123,0	99,0	60,0	39,0	0,0	2,0	58,0	60,6060606060606
44244	Valdelinares	2011	116,0	93,0	56,0	37,0	0,0	5,0	51,0	60,2150537634409
44244	Valdelinares	2015	90,0	75,0	39,0	36,0	0,0	0,0	39,0	52,0
44244	Valdelinares	2016	85,0	75,0	47,0	28,0	0,0	1,0	46,0	62,6666666666667
44244	Valdelinares	2019	87,0	67,0	40,0	27,0	0,0	0,0	40,0	59,7014925373134
44245	Valdeltormo	2008	352,0	292,0	225,0	67,0	0,0	0,0	225,0	77,0547945205479
44245	Valdeltormo	2011	328,0	274,0	189,0	85,0	5,0	1,0	183,0	68,978102189781
44245	Valdeltormo	2015	315,0	250,0	189,0	61,0	3,0	1,0	185,0	75,6
44245	Valdeltormo	2016	312,0	248,0	179,0	69,0	3,0	2,0	174,0	72,1774193548387
44245	Valdeltormo	2019	279,0	240,0	177,0	63,0	3,0	0,0	174,0	73,75
44246	Valderrobres	2008	2189,0	1569,0	1111,0	458,0	13,0	15,0	1083,0	70,8094327597196
44246	Valderrobres	2011	2290,0	1591,0	1030,0	561,0	33,0	15,0	982,0	64,7391577624136
44246	Valderrobres	2015	2337,0	1554,0	1092,0	462,0	12,0	13,0	1067,0	70,2702702702703
44246	Valderrobres	2016	2342,0	1543,0	1045,0	498,0	18,0	12,0	1015,0	67,7252106286455
44246	Valderrobres	2019	2388,0	1599,0	1012,0	587,0	11,0	11,0	990,0	63,2895559724828
44247	Valjunquera	2008	411,0	353,0	266,0	87,0	1,0	3,0	262,0	75,3541076487252
44247	Valjunquera	2011	403,0	335,0	251,0	84,0	8,0	10,0	233,0	74,9253731343283
44247	Valjunquera	2015	365,0	314,0	230,0	84,0	2,0	2,0	226,0	73,2484076433121
44247	Valjunquera	2016	358,0	316,0	218,0	98,0	3,0	3,0	212,0	68,9873417721519
44247	Valjunquera	2019	325,0	291,0	207,0	84,0	1,0	4,0	202,0	71,1340206185567
44249	Vallecillo (El)	2008	54,0	44,0	32,0	12,0	0,0	1,0	31,0	72,7272727272727
44249	Vallecillo (El)	2011	47,0	58,0	40,0	18,0	0,0	1,0	39,0	68,9655172413793
44249	Vallecillo (El)	2015	50,0	57,0	47,0	10,0	0,0	3,0	44,0	82,4561403508772
44249	Vallecillo (El)	2016	60,0	55,0	44,0	11,0	0,0	2,0	42,0	80,0
44249	Vallecillo (El)	2019	48,0	40,0	30,0	10,0	0,0	0,0	30,0	75,0
44250	Veguillas de la Sierra	2008	28,0	29,0	19,0	10,0	0,0	0,0	19,0	65,5172413793103
44250	Veguillas de la Sierra	2011	28,0	20,0	11,0	9,0	0,0	1,0	10,0	55,0
44250	Veguillas de la Sierra	2015	23,0	19,0	12,0	7,0	0,0	2,0	10,0	63,1578947368421
44250	Veguillas de la Sierra	2016	22,0	19,0	12,0	7,0	0,0	0,0	12,0	63,1578947368421
44250	Veguillas de la Sierra	2019	20,0	20,0	15,0	5,0	0,0	0,0	15,0	75,0
44251	Villafranca del Campo	2008	360,0	286,0	252,0	34,0	2,0	0,0	250,0	88,1118881118881
44251	Villafranca del Campo	2011	352,0	271,0	218,0	53,0	0,0	5,0	213,0	80,4428044280443
44251	Villafranca del Campo	2015	314,0	254,0	202,0	52,0	8,0	2,0	192,0	79,5275590551181
44251	Villafranca del Campo	2016	299,0	254,0	198,0	56,0	7,0	1,0	190,0	77,9527559055118
44251	Villafranca del Campo	2019	297,0	239,0	187,0	52,0	4,0	1,0	182,0	78,2426778242678
44252	Villahermosa del Campo	2008	92,0	76,0	58,0	18,0	0,0	0,0	58,0	76,3157894736842
44252	Villahermosa del Campo	2011	99,0	78,0	63,0	15,0	3,0	0,0	60,0	80,7692307692308
44252	Villahermosa del Campo	2015	104,0	85,0	67,0	18,0	1,0	0,0	66,0	78,8235294117647
44252	Villahermosa del Campo	2016	103,0	86,0	65,0	21,0	0,0	0,0	65,0	75,5813953488372
44252	Villahermosa del Campo	2019	94,0	73,0	56,0	17,0	1,0	0,0	55,0	76,7123287671233
44256	Villanueva del Rebollar de la Sierra	2008	50,0	42,0	40,0	2,0	0,0	0,0	40,0	95,2380952380952
44256	Villanueva del Rebollar de la Sierra	2011	53,0	37,0	35,0	2,0	0,0	9,0	26,0	94,5945945945946
44256	Villanueva del Rebollar de la Sierra	2015	52,0	39,0	34,0	5,0	0,0	1,0	33,0	87,1794871794872
44256	Villanueva del Rebollar de la Sierra	2016	51,0	38,0	34,0	4,0	0,0	0,0	34,0	89,4736842105263
44256	Villanueva del Rebollar de la Sierra	2019	47,0	36,0	30,0	6,0	0,0	2,0	28,0	83,3333333333333
44257	Villar del Cobo	2008	216,0	201,0	152,0	49,0	0,0	1,0	151,0	75,6218905472637
44257	Villar del Cobo	2011	208,0	184,0	132,0	52,0	1,0	6,0	125,0	71,7391304347826
44257	Villar del Cobo	2015	190,0	167,0	120,0	47,0	0,0	1,0	119,0	71,8562874251497
44257	Villar del Cobo	2016	189,0	166,0	123,0	43,0	4,0	1,0	118,0	74,0963855421687
44257	Villar del Cobo	2019	164,0	149,0	92,0	57,0	1,0	0,0	91,0	61,744966442953
44258	Villar del Salz	2008	93,0	88,0	64,0	24,0	1,0	0,0	63,0	72,7272727272727
44258	Villar del Salz	2011	83,0	75,0	56,0	19,0	1,0	0,0	55,0	74,6666666666667
44258	Villar del Salz	2015	75,0	69,0	46,0	23,0	0,0	0,0	46,0	66,6666666666667
44258	Villar del Salz	2016	74,0	67,0	47,0	20,0	0,0	0,0	47,0	70,1492537313433
44258	Villar del Salz	2019	60,0	53,0	46,0	7,0	0,0	0,0	46,0	86,7924528301887
44260	Villarluengo	2008	204,0	161,0	113,0	48,0	0,0	0,0	113,0	70,1863354037267
44260	Villarluengo	2011	188,0	160,0	117,0	43,0	2,0	5,0	110,0	73,125
44260	Villarluengo	2015	194,0	139,0	100,0	39,0	2,0	2,0	96,0	71,9424460431655
44260	Villarluengo	2016	189,0	137,0	91,0	46,0	2,0	3,0	86,0	66,4233576642336
44260	Villarluengo	2019	177,0	137,0	93,0	44,0	0,0	1,0	92,0	67,8832116788321
44261	Villarquemado	2008	934,0	795,0	646,0	149,0	3,0	3,0	640,0	81,2578616352201
44261	Villarquemado	2011	940,0	777,0	600,0	177,0	6,0	8,0	586,0	77,2200772200772
44261	Villarquemado	2015	886,0	734,0	552,0	182,0	10,0	8,0	534,0	75,2043596730245
44261	Villarquemado	2016	869,0	739,0	536,0	203,0	7,0	6,0	523,0	72,5304465493911
44261	Villarquemado	2019	862,0	713,0	553,0	160,0	4,0	3,0	546,0	77,5596072931276
44262	Villarroya de los Pinares	2008	194,0	164,0	128,0	36,0	2,0	2,0	124,0	78,0487804878049
44262	Villarroya de los Pinares	2011	177,0	141,0	114,0	27,0	1,0	2,0	111,0	80,8510638297872
44262	Villarroya de los Pinares	2015	160,0	137,0	107,0	30,0	0,0	1,0	106,0	78,1021897810219
44262	Villarroya de los Pinares	2016	163,0	135,0	108,0	27,0	1,0	2,0	105,0	80,0
44262	Villarroya de los Pinares	2019	160,0	141,0	104,0	37,0	1,0	0,0	103,0	73,758865248227
44263	Villastar	2008	351,0	286,0	241,0	45,0	6,0	4,0	231,0	84,2657342657343
44263	Villastar	2011	450,0	332,0	249,0	83,0	6,0	10,0	233,0	75,0
44263	Villastar	2015	522,0	369,0	265,0	104,0	6,0	2,0	257,0	71,8157181571816
44263	Villastar	2016	526,0	376,0	266,0	110,0	3,0	3,0	260,0	70,7446808510638
44263	Villastar	2019	494,0	373,0	267,0	106,0	0,0	2,0	265,0	71,5817694369973
44264	Villel	2008	367,0	274,0	227,0	47,0	0,0	1,0	226,0	82,8467153284672
44264	Villel	2011	366,0	249,0	196,0	53,0	3,0	1,0	192,0	78,714859437751
44264	Villel	2015	348,0	253,0	213,0	40,0	1,0	2,0	210,0	84,1897233201581
44264	Villel	2016	342,0	248,0	191,0	57,0	2,0	1,0	188,0	77,0161290322581
44264	Villel	2019	327,0	254,0	170,0	84,0	0,0	0,0	170,0	66,9291338582677
44265	Vinaceite	2008	332,0	228,0	192,0	36,0	3,0	3,0	186,0	84,2105263157895
44265	Vinaceite	2011	314,0	203,0	169,0	34,0	11,0	6,0	152,0	83,2512315270936
44265	Vinaceite	2015	274,0	188,0	144,0	44,0	6,0	2,0	136,0	76,5957446808511
44265	Vinaceite	2016	262,0	186,0	141,0	45,0	3,0	2,0	136,0	75,8064516129032
44265	Vinaceite	2019	249,0	175,0	138,0	37,0	2,0	1,0	135,0	78,8571428571429
44266	Visiedo	2008	157,0	148,0	128,0	20,0	0,0	1,0	127,0	86,4864864864865
44266	Visiedo	2011	149,0	134,0	107,0	27,0	2,0	2,0	103,0	79,8507462686567
44266	Visiedo	2015	137,0	118,0	96,0	22,0	0,0	0,0	96,0	81,3559322033898
44266	Visiedo	2016	133,0	115,0	90,0	25,0	0,0	0,0	90,0	78,2608695652174
44266	Visiedo	2019	125,0	102,0	81,0	21,0	2,0	0,0	79,0	79,4117647058824
44267	Vivel del Río Martín	2008	92,0	81,0	60,0	21,0	1,0	1,0	58,0	74,0740740740741
44267	Vivel del Río Martín	2011	86,0	79,0	63,0	16,0	2,0	2,0	59,0	79,746835443038
44267	Vivel del Río Martín	2015	78,0	71,0	50,0	21,0	0,0	0,0	50,0	70,4225352112676
44267	Vivel del Río Martín	2016	83,0	70,0	57,0	13,0	1,0	0,0	56,0	81,4285714285714
44267	Vivel del Río Martín	2019	79,0	70,0	47,0	23,0	1,0	0,0	46,0	67,1428571428571
44268	Zoma (La)	2008	23,0	27,0	24,0	3,0	1,0	0,0	23,0	88,8888888888889
44268	Zoma (La)	2011	22,0	30,0	25,0	5,0	0,0	0,0	25,0	83,3333333333333
44268	Zoma (La)	2015	19,0	28,0	24,0	4,0	0,0	0,0	24,0	85,7142857142857
44268	Zoma (La)	2016	18,0	25,0	25,0	0,0	1,0	0,0	24,0	100,0
44268	Zoma (La)	2019	16,0	32,0	30,0	2,0	0,0	0,0	30,0	93,75
50001	Abanto	2008	145,0	141,0	100,0	41,0	0,0	0,0	100,0	70,9219858156028
50001	Abanto	2011	124,0	130,0	96,0	34,0	0,0	0,0	96,0	73,8461538461538
50001	Abanto	2015	113,0	115,0	81,0	34,0	1,0	0,0	80,0	70,4347826086956
50001	Abanto	2016	113,0	100,0	77,0	23,0	0,0	0,0	77,0	77,0
50001	Abanto	2019	97,0	89,0	68,0	21,0	0,0	0,0	68,0	76,4044943820225
50002	Acered	2008	204,0	183,0	148,0	35,0	3,0	3,0	142,0	80,8743169398907
50002	Acered	2011	160,0	166,0	130,0	36,0	0,0	2,0	128,0	78,3132530120482
50002	Acered	2015	220,0	148,0	105,0	43,0	3,0	0,0	102,0	70,9459459459459
50002	Acered	2016	217,0	143,0	108,0	35,0	4,0	1,0	103,0	75,5244755244755
50002	Acered	2019	165,0	125,0	91,0	34,0	5,0	0,0	86,0	72,8
50003	Agón	2008	172,0	153,0	122,0	31,0	1,0	1,0	120,0	79,7385620915033
50003	Agón	2011	166,0	141,0	108,0	33,0	0,0	3,0	105,0	76,5957446808511
50003	Agón	2015	155,0	126,0	93,0	33,0	1,0	3,0	89,0	73,8095238095238
50003	Agón	2016	155,0	128,0	92,0	36,0	1,0	1,0	90,0	71,875
50003	Agón	2019	146,0	117,0	89,0	28,0	0,0	1,0	88,0	76,0683760683761
50004	Aguarón	2008	838,0	666,0	526,0	140,0	1,0	0,0	525,0	78,978978978979
50004	Aguarón	2011	863,0	613,0	445,0	168,0	4,0	6,0	435,0	72,5938009787928
50004	Aguarón	2015	796,0	534,0	406,0	128,0	5,0	0,0	401,0	76,0299625468165
50004	Aguarón	2016	724,0	522,0	390,0	132,0	2,0	0,0	388,0	74,7126436781609
50004	Aguarón	2019	631,0	475,0	360,0	115,0	4,0	2,0	354,0	75,7894736842105
50005	Aguilón	2008	279,0	247,0	212,0	35,0	1,0	2,0	209,0	85,82995951417
50005	Aguilón	2011	250,0	245,0	199,0	46,0	4,0	1,0	194,0	81,2244897959183
50005	Aguilón	2015	260,0	234,0	178,0	56,0	0,0	1,0	177,0	76,0683760683761
50005	Aguilón	2016	254,0	229,0	189,0	40,0	0,0	1,0	188,0	82,532751091703
50005	Aguilón	2019	235,0	228,0	185,0	43,0	1,0	2,0	182,0	81,140350877193
50006	Ainzón	2008	1282,0	1015,0	803,0	212,0	11,0	7,0	785,0	79,1133004926108
50006	Ainzón	2011	1269,0	978,0	758,0	220,0	9,0	16,0	733,0	77,5051124744376
50006	Ainzón	2015	1162,0	939,0	712,0	227,0	11,0	8,0	693,0	75,825346112886
50006	Ainzón	2016	1143,0	925,0	674,0	251,0	17,0	6,0	651,0	72,8648648648649
50006	Ainzón	2019	1085,0	913,0	670,0	243,0	16,0	13,0	641,0	73,3844468784228
50007	Aladrén	2008	65,0	57,0	49,0	8,0	0,0	0,0	49,0	85,9649122807018
50007	Aladrén	2011	62,0	61,0	45,0	16,0	0,0	0,0	45,0	73,7704918032787
50007	Aladrén	2015	54,0	46,0	37,0	9,0	0,0	1,0	36,0	80,4347826086956
50007	Aladrén	2016	52,0	45,0	34,0	11,0	0,0	1,0	33,0	75,5555555555555
50007	Aladrén	2019	52,0	51,0	34,0	17,0	0,0	1,0	33,0	66,6666666666667
50008	Alagón	2008	6547,0	5016,0	3570,0	1446,0	16,0	53,0	3501,0	71,1722488038277
50008	Alagón	2011	7178,0	5110,0	3458,0	1652,0	52,0	56,0	3350,0	67,6712328767123
50008	Alagón	2015	7052,0	5085,0	3617,0	1468,0	43,0	30,0	3544,0	71,1307767944936
50008	Alagón	2016	7014,0	5097,0	3457,0	1640,0	40,0	31,0	3386,0	67,8242103197959
50008	Alagón	2019	7094,0	5187,0	3334,0	1853,0	46,0	37,0	3251,0	64,2760748023906
50009	Alarba	2008	146,0	136,0	103,0	33,0	0,0	2,0	101,0	75,735294117647
50009	Alarba	2011	155,0	122,0	93,0	29,0	0,0	0,0	93,0	76,2295081967213
50009	Alarba	2015	153,0	106,0	78,0	28,0	1,0	1,0	76,0	73,5849056603773
50009	Alarba	2016	152,0	105,0	80,0	25,0	0,0	0,0	80,0	76,1904761904762
50009	Alarba	2019	133,0	97,0	61,0	36,0	0,0	1,0	60,0	62,8865979381443
50010	Alberite de San Juan	2008	111,0	80,0	67,0	13,0	0,0	3,0	64,0	83,75
50010	Alberite de San Juan	2011	101,0	77,0	65,0	12,0	1,0	5,0	59,0	84,4155844155844
50010	Alberite de San Juan	2015	86,0	69,0	57,0	12,0	0,0	0,0	57,0	82,6086956521739
50010	Alberite de San Juan	2016	84,0	68,0	58,0	10,0	0,0	0,0	58,0	85,2941176470588
50010	Alberite de San Juan	2019	72,0	67,0	52,0	15,0	0,0	1,0	51,0	77,6119402985075
50011	Albeta	2008	139,0	117,0	107,0	10,0	0,0	3,0	104,0	91,4529914529914
50011	Albeta	2011	141,0	131,0	113,0	18,0	0,0	8,0	105,0	86,2595419847328
50011	Albeta	2015	153,0	127,0	96,0	31,0	0,0	2,0	94,0	75,5905511811024
50011	Albeta	2016	145,0	122,0	95,0	27,0	1,0	1,0	93,0	77,8688524590164
50011	Albeta	2019	132,0	117,0	90,0	27,0	1,0	3,0	86,0	76,9230769230769
50012	Alborge	2008	124,0	106,0	92,0	14,0	0,0	0,0	92,0	86,7924528301887
50012	Alborge	2011	126,0	105,0	93,0	12,0	3,0	0,0	90,0	88,5714285714286
50012	Alborge	2015	124,0	108,0	86,0	22,0	3,0	1,0	82,0	79,6296296296296
50012	Alborge	2016	121,0	100,0	80,0	20,0	1,0	2,0	77,0	80,0
50012	Alborge	2019	108,0	94,0	76,0	18,0	4,0	0,0	72,0	80,8510638297872
50013	Alcalá de Ebro	2008	288,0	249,0	211,0	38,0	3,0	0,0	208,0	84,7389558232932
50013	Alcalá de Ebro	2011	276,0	244,0	195,0	49,0	0,0	1,0	194,0	79,9180327868852
50013	Alcalá de Ebro	2015	281,0	224,0	187,0	37,0	1,0	3,0	183,0	83,4821428571429
50013	Alcalá de Ebro	2016	279,0	219,0	180,0	39,0	0,0	0,0	180,0	82,1917808219178
50013	Alcalá de Ebro	2019	251,0	199,0	158,0	41,0	0,0	0,0	158,0	79,3969849246231
50014	Alcalá de Moncayo	2008	157,0	151,0	109,0	42,0	0,0	1,0	108,0	72,1854304635762
50014	Alcalá de Moncayo	2011	153,0	169,0	108,0	61,0	0,0	1,0	107,0	63,905325443787
50014	Alcalá de Moncayo	2015	183,0	146,0	99,0	47,0	0,0	1,0	98,0	67,8082191780822
50014	Alcalá de Moncayo	2016	186,0	147,0	94,0	53,0	0,0	0,0	94,0	63,9455782312925
50014	Alcalá de Moncayo	2019	144,0	119,0	81,0	38,0	0,0	0,0	81,0	68,0672268907563
50015	Alconchel de Ariza	2008	116,0	119,0	85,0	34,0	0,0	0,0	85,0	71,4285714285714
50015	Alconchel de Ariza	2011	99,0	109,0	73,0	36,0	0,0	0,0	73,0	66,9724770642202
50015	Alconchel de Ariza	2015	82,0	98,0	63,0	35,0	0,0	0,0	63,0	64,2857142857143
50015	Alconchel de Ariza	2016	80,0	96,0	67,0	29,0	0,0	0,0	67,0	69,7916666666667
50015	Alconchel de Ariza	2019	63,0	81,0	57,0	24,0	1,0	0,0	56,0	70,3703703703704
50016	Aldehuela de Liestos	2008	84,0	68,0	32,0	36,0	1,0	0,0	31,0	47,0588235294118
50016	Aldehuela de Liestos	2011	48,0	51,0	30,0	21,0	0,0	1,0	29,0	58,8235294117647
50016	Aldehuela de Liestos	2015	50,0	52,0	37,0	15,0	0,0	0,0	37,0	71,1538461538462
50016	Aldehuela de Liestos	2016	57,0	52,0	40,0	12,0	0,0	0,0	40,0	76,9230769230769
50016	Aldehuela de Liestos	2019	49,0	44,0	31,0	13,0	0,0	0,0	31,0	70,4545454545454
50017	Alfajarín	2008	1963,0	1610,0	1223,0	387,0	5,0	15,0	1203,0	75,9627329192547
50017	Alfajarín	2011	2168,0	1734,0	1232,0	502,0	20,0	41,0	1171,0	71,0495963091119
50017	Alfajarín	2015	2250,0	1772,0	1301,0	471,0	8,0	7,0	1286,0	73,4198645598194
50017	Alfajarín	2016	2266,0	1774,0	1276,0	498,0	7,0	13,0	1256,0	71,9278466741826
50017	Alfajarín	2019	2312,0	1773,0	1283,0	490,0	18,0	13,0	1252,0	72,3632261703328
50018	Alfamén	2008	1452,0	968,0	812,0	156,0	0,0	4,0	808,0	83,8842975206611
50018	Alfamén	2011	1509,0	973,0	761,0	212,0	6,0	12,0	743,0	78,2117163412127
50018	Alfamén	2015	1475,0	948,0	717,0	231,0	5,0	6,0	706,0	75,6329113924051
50018	Alfamén	2016	1466,0	953,0	656,0	297,0	1,0	1,0	654,0	68,8352570828961
50018	Alfamén	2019	1441,0	883,0	622,0	261,0	6,0	5,0	611,0	70,4416761041903
50019	Alforque	2008	77,0	66,0	56,0	10,0	0,0	0,0	56,0	84,8484848484848
50019	Alforque	2011	81,0	79,0	57,0	22,0	2,0	1,0	54,0	72,1518987341772
50019	Alforque	2015	70,0	54,0	41,0	13,0	0,0	0,0	41,0	75,9259259259259
50019	Alforque	2016	64,0	55,0	41,0	14,0	0,0	0,0	41,0	74,5454545454545
50019	Alforque	2019	62,0	63,0	46,0	17,0	0,0	0,0	46,0	73,015873015873
50020	Alhama de Aragón	2008	1173,0	911,0	706,0	205,0	7,0	0,0	699,0	77,4972557628979
50020	Alhama de Aragón	2011	1172,0	868,0	646,0	222,0	17,0	5,0	624,0	74,4239631336406
50020	Alhama de Aragón	2015	1115,0	822,0	561,0	261,0	5,0	5,0	551,0	68,2481751824818
50020	Alhama de Aragón	2016	1077,0	809,0	564,0	245,0	5,0	2,0	557,0	69,7156983930779
50020	Alhama de Aragón	2019	1036,0	795,0	548,0	247,0	3,0	4,0	541,0	68,9308176100629
50021	Almochuel	2008	40,0	35,0	29,0	6,0	0,0	1,0	28,0	82,8571428571429
50021	Almochuel	2011	26,0	42,0	34,0	8,0	1,0	1,0	32,0	80,9523809523809
50021	Almochuel	2015	35,0	32,0	25,0	7,0	0,0	3,0	22,0	78,125
50021	Almochuel	2016	34,0	30,0	21,0	9,0	0,0	0,0	21,0	70,0
50021	Almochuel	2019	29,0	25,0	21,0	4,0	0,0	0,0	21,0	84,0
50022	Almolda (La)	2008	632,0	565,0	465,0	100,0	9,0	10,0	446,0	82,3008849557522
50022	Almolda (La)	2011	619,0	548,0	430,0	118,0	14,0	10,0	406,0	78,4671532846715
50022	Almolda (La)	2015	602,0	543,0	410,0	133,0	12,0	8,0	390,0	75,5064456721915
50022	Almolda (La)	2016	593,0	530,0	397,0	133,0	7,0	7,0	383,0	74,9056603773585
50022	Almolda (La)	2019	567,0	504,0	373,0	131,0	4,0	12,0	357,0	74,0079365079365
50023	Almonacid de la Cuba	2008	300,0	266,0	217,0	49,0	1,0	2,0	214,0	81,5789473684211
50023	Almonacid de la Cuba	2011	283,0	240,0	180,0	60,0	0,0	4,0	176,0	75,0
50023	Almonacid de la Cuba	2015	244,0	223,0	175,0	48,0	2,0	3,0	170,0	78,47533632287
50023	Almonacid de la Cuba	2016	255,0	224,0	175,0	49,0	0,0	0,0	175,0	78,125
50023	Almonacid de la Cuba	2019	252,0	199,0	145,0	54,0	2,0	2,0	141,0	72,8643216080402
50024	Almonacid de la Sierra	2008	821,0	683,0	577,0	106,0	1,0	6,0	570,0	84,4802342606149
50024	Almonacid de la Sierra	2011	790,0	652,0	541,0	111,0	10,0	8,0	523,0	82,9754601226994
50024	Almonacid de la Sierra	2015	752,0	589,0	461,0	128,0	2,0	4,0	455,0	78,2682512733447
50024	Almonacid de la Sierra	2016	731,0	571,0	437,0	134,0	0,0	6,0	431,0	76,5323992994746
50024	Almonacid de la Sierra	2019	691,0	543,0	400,0	143,0	3,0	3,0	394,0	73,6648250460405
50025	Almunia de Doña Godina (La)	2008	7170,0	4569,0	3490,0	1079,0	15,0	41,0	3434,0	76,3843291748741
50025	Almunia de Doña Godina (La)	2011	7802,0	4569,0	3319,0	1250,0	48,0	68,0	3203,0	72,641715911578
50025	Almunia de Doña Godina (La)	2015	7836,0	4547,0	3335,0	1212,0	40,0	45,0	3250,0	73,3450626786893
50025	Almunia de Doña Godina (La)	2016	7680,0	4562,0	3158,0	1404,0	34,0	31,0	3093,0	69,2240245506357
50025	Almunia de Doña Godina (La)	2019	7819,0	4541,0	3110,0	1431,0	27,0	39,0	3044,0	68,4871173750275
50026	Alpartir	2008	575,0	478,0	398,0	80,0	5,0	2,0	391,0	83,2635983263598
50026	Alpartir	2011	564,0	459,0	360,0	99,0	6,0	5,0	349,0	78,4313725490196
50026	Alpartir	2015	574,0	442,0	358,0	84,0	5,0	6,0	347,0	80,9954751131222
50026	Alpartir	2016	564,0	451,0	335,0	116,0	10,0	10,0	315,0	74,2793791574279
50026	Alpartir	2019	579,0	419,0	292,0	127,0	4,0	4,0	284,0	69,6897374701671
50027	Ambel	2008	330,0	285,0	228,0	57,0	2,0	0,0	226,0	80,0
50027	Ambel	2011	305,0	260,0	209,0	51,0	7,0	2,0	200,0	80,3846153846154
50027	Ambel	2015	258,0	227,0	177,0	50,0	1,0	1,0	175,0	77,9735682819383
50027	Ambel	2016	256,0	225,0	178,0	47,0	1,0	2,0	175,0	79,1111111111111
50027	Ambel	2019	256,0	223,0	166,0	57,0	5,0	2,0	159,0	74,4394618834081
50028	Anento	2008	153,0	122,0	94,0	28,0	0,0	1,0	93,0	77,0491803278688
50028	Anento	2011	136,0	120,0	86,0	34,0	1,0	2,0	83,0	71,6666666666667
50028	Anento	2015	105,0	78,0	53,0	25,0	0,0	2,0	51,0	67,9487179487179
50028	Anento	2016	105,0	78,0	51,0	27,0	0,0	0,0	51,0	65,3846153846154
50028	Anento	2019	95,0	78,0	53,0	25,0	0,0	0,0	53,0	67,9487179487179
50029	Aniñón	2008	822,0	695,0	570,0	125,0	1,0	5,0	564,0	82,0143884892086
50029	Aniñón	2011	818,0	676,0	527,0	149,0	10,0	6,0	511,0	77,9585798816568
50029	Aniñón	2015	757,0	627,0	469,0	158,0	1,0	4,0	464,0	74,8006379585327
50029	Aniñón	2016	761,0	626,0	450,0	176,0	0,0	3,0	447,0	71,8849840255591
50029	Aniñón	2019	708,0	594,0	432,0	162,0	1,0	3,0	428,0	72,7272727272727
50030	Añón de Moncayo	2008	244,0	246,0	176,0	70,0	1,0	1,0	174,0	71,5447154471545
50030	Añón de Moncayo	2011	205,0	232,0	164,0	68,0	4,0	1,0	159,0	70,6896551724138
50030	Añón de Moncayo	2015	210,0	225,0	156,0	69,0	0,0	2,0	154,0	69,3333333333333
50030	Añón de Moncayo	2016	206,0	215,0	141,0	74,0	1,0	1,0	139,0	65,5813953488372
50030	Añón de Moncayo	2019	213,0	197,0	124,0	73,0	0,0	1,0	123,0	62,9441624365482
50031	Aranda de Moncayo	2008	230,0	191,0	154,0	37,0	1,0	1,0	152,0	80,6282722513089
50031	Aranda de Moncayo	2011	214,0	167,0	105,0	62,0	2,0	0,0	103,0	62,874251497006
50031	Aranda de Moncayo	2015	186,0	161,0	90,0	71,0	2,0	1,0	87,0	55,9006211180124
50031	Aranda de Moncayo	2016	187,0	154,0	93,0	61,0	0,0	0,0	93,0	60,3896103896104
50031	Aranda de Moncayo	2019	160,0	134,0	78,0	56,0	3,0	0,0	75,0	58,2089552238806
50032	Arándiga	2008	428,0	373,0	293,0	80,0	1,0	5,0	287,0	78,5522788203753
50032	Arándiga	2011	406,0	330,0	233,0	97,0	5,0	3,0	225,0	70,6060606060606
50032	Arándiga	2015	369,0	273,0	190,0	83,0	1,0	0,0	189,0	69,5970695970696
50032	Arándiga	2016	340,0	261,0	189,0	72,0	0,0	5,0	184,0	72,4137931034483
50032	Arándiga	2019	309,0	243,0	167,0	76,0	3,0	3,0	161,0	68,7242798353909
50033	Ardisa	2008	91,0	80,0	61,0	19,0	0,0	0,0	61,0	76,25
50033	Ardisa	2011	80,0	81,0	64,0	17,0	0,0	0,0	64,0	79,0123456790123
50033	Ardisa	2015	70,0	75,0	65,0	10,0	0,0	0,0	65,0	86,6666666666667
50033	Ardisa	2016	74,0	66,0	49,0	17,0	1,0	0,0	48,0	74,2424242424242
50033	Ardisa	2019	72,0	61,0	44,0	17,0	0,0	1,0	43,0	72,1311475409836
50034	Ariza	2008	1242,0	989,0	742,0	247,0	5,0	12,0	725,0	75,0252780586451
50034	Ariza	2011	1279,0	923,0	634,0	289,0	17,0	10,0	607,0	68,6890574214518
50034	Ariza	2015	1185,0	838,0	573,0	265,0	3,0	5,0	565,0	68,3770883054893
50034	Ariza	2016	1196,0	826,0	567,0	259,0	4,0	5,0	558,0	68,6440677966102
50034	Ariza	2019	1139,0	767,0	516,0	251,0	5,0	10,0	501,0	67,2750977835724
50035	Artieda	2008	102,0	85,0	62,0	23,0	2,0	3,0	57,0	72,9411764705882
50035	Artieda	2011	94,0	78,0	61,0	17,0	5,0	2,0	54,0	78,2051282051282
50035	Artieda	2015	86,0	74,0	53,0	21,0	1,0	0,0	52,0	71,6216216216216
50035	Artieda	2016	81,0	72,0	54,0	18,0	1,0	1,0	52,0	75,0
50035	Artieda	2019	73,0	74,0	57,0	17,0	0,0	0,0	57,0	77,027027027027
50036	Asín	2008	111,0	97,0	80,0	17,0	2,0	2,0	76,0	82,4742268041237
50036	Asín	2011	104,0	103,0	81,0	22,0	1,0	2,0	78,0	78,6407766990291
50036	Asín	2015	105,0	103,0	79,0	24,0	0,0	0,0	79,0	76,6990291262136
50036	Asín	2016	104,0	104,0	91,0	13,0	1,0	0,0	90,0	87,5
50036	Asín	2019	96,0	100,0	76,0	24,0	0,0	1,0	75,0	76,0
50037	Atea	2008	157,0	143,0	107,0	36,0	2,0	0,0	105,0	74,8251748251748
50037	Atea	2011	125,0	140,0	110,0	30,0	7,0	3,0	100,0	78,5714285714286
50037	Atea	2015	155,0	139,0	92,0	47,0	1,0	1,0	90,0	66,1870503597122
50037	Atea	2016	112,0	136,0	98,0	38,0	2,0	0,0	96,0	72,0588235294118
50037	Atea	2019	156,0	125,0	85,0	40,0	5,0	0,0	80,0	68,0
50038	Ateca	2008	2068,0	1627,0	1300,0	327,0	6,0	8,0	1286,0	79,9016594960049
50038	Ateca	2011	2151,0	1583,0	1194,0	389,0	20,0	29,0	1145,0	75,4264055590651
50038	Ateca	2015	2019,0	1511,0	1167,0	344,0	8,0	13,0	1146,0	77,2336201191264
50038	Ateca	2016	1968,0	1502,0	1121,0	381,0	10,0	7,0	1104,0	74,6338215712383
50038	Ateca	2019	1793,0	1404,0	1024,0	380,0	17,0	15,0	992,0	72,9344729344729
50039	Azuara	2008	674,0	603,0	483,0	120,0	2,0	1,0	480,0	80,0995024875622
50039	Azuara	2011	701,0	580,0	450,0	130,0	4,0	3,0	443,0	77,5862068965517
50039	Azuara	2015	630,0	507,0	400,0	107,0	2,0	3,0	395,0	78,8954635108481
50039	Azuara	2016	606,0	491,0	392,0	99,0	2,0	2,0	388,0	79,837067209776
50039	Azuara	2019	543,0	462,0	339,0	123,0	6,0	1,0	332,0	73,3766233766234
50040	Badules	2008	107,0	100,0	78,0	22,0	0,0	0,0	78,0	78,0
50040	Badules	2011	95,0	98,0	77,0	21,0	1,0	2,0	74,0	78,5714285714286
50040	Badules	2015	97,0	92,0	75,0	17,0	0,0	0,0	75,0	81,5217391304348
50040	Badules	2016	95,0	89,0	75,0	14,0	0,0	0,0	75,0	84,2696629213483
50040	Badules	2019	83,0	82,0	66,0	16,0	0,0	1,0	65,0	80,4878048780488
50041	Bagüés	2008	33,0	31,0	27,0	4,0	0,0	0,0	27,0	87,0967741935484
50041	Bagüés	2011	23,0	21,0	13,0	8,0	0,0	0,0	13,0	61,9047619047619
50041	Bagüés	2015	15,0	12,0	10,0	2,0	0,0	0,0	10,0	83,3333333333333
50041	Bagüés	2016	13,0	12,0	9,0	3,0	0,0	0,0	9,0	75,0
50041	Bagüés	2019	12,0	16,0	10,0	6,0	0,0	0,0	10,0	62,5
50042	Balconchán	2008	13,0	17,0	13,0	4,0	0,0	0,0	13,0	76,4705882352941
50042	Balconchán	2011	12,0	16,0	14,0	2,0	0,0	0,0	14,0	87,5
50042	Balconchán	2015	12,0	16,0	13,0	3,0	0,0	0,0	13,0	81,25
50042	Balconchán	2016	13,0	15,0	15,0	0,0	0,0	1,0	14,0	100,0
50042	Balconchán	2019	17,0	19,0	17,0	2,0	0,0	1,0	16,0	89,4736842105263
50043	Bárboles	2008	324,0	276,0	204,0	72,0	3,0	1,0	200,0	73,9130434782609
50043	Bárboles	2011	333,0	258,0	170,0	88,0	4,0	2,0	164,0	65,891472868217
50043	Bárboles	2015	317,0	257,0	172,0	85,0	1,0	1,0	170,0	66,9260700389105
50043	Bárboles	2016	340,0	253,0	171,0	82,0	0,0	0,0	171,0	67,5889328063241
50043	Bárboles	2019	300,0	241,0	155,0	86,0	1,0	1,0	153,0	64,3153526970954
50044	Bardallur	2008	282,0	259,0	191,0	68,0	2,0	2,0	187,0	73,7451737451737
50044	Bardallur	2011	327,0	259,0	175,0	84,0	0,0	0,0	175,0	67,5675675675676
50044	Bardallur	2015	297,0	232,0	156,0	76,0	0,0	1,0	155,0	67,2413793103448
50044	Bardallur	2016	282,0	230,0	145,0	85,0	0,0	1,0	144,0	63,0434782608696
50044	Bardallur	2019	261,0	224,0	159,0	65,0	0,0	2,0	157,0	70,9821428571429
50045	Belchite	2008	1647,0	1336,0	1091,0	245,0	2,0	6,0	1083,0	81,6616766467066
50045	Belchite	2011	1665,0	1289,0	1011,0	278,0	19,0	14,0	978,0	78,432893716059
50045	Belchite	2015	1589,0	1255,0	944,0	311,0	10,0	6,0	928,0	75,2191235059761
50045	Belchite	2016	1562,0	1243,0	926,0	317,0	1,0	6,0	919,0	74,4971842316975
50045	Belchite	2019	1528,0	1217,0	891,0	326,0	13,0	10,0	868,0	73,2128184059162
50046	Belmonte de Gracián	2008	221,0	213,0	167,0	46,0	1,0	3,0	163,0	78,4037558685446
50046	Belmonte de Gracián	2011	236,0	201,0	155,0	46,0	2,0	2,0	151,0	77,1144278606965
50046	Belmonte de Gracián	2015	221,0	176,0	123,0	53,0	0,0	7,0	116,0	69,8863636363636
50046	Belmonte de Gracián	2016	211,0	178,0	133,0	45,0	0,0	5,0	128,0	74,7191011235955
50046	Belmonte de Gracián	2019	198,0	162,0	125,0	37,0	0,0	6,0	119,0	77,1604938271605
50047	Berdejo	2008	70,0	58,0	40,0	18,0	0,0	0,0	40,0	68,9655172413793
50047	Berdejo	2011	64,0	60,0	34,0	26,0	0,0	2,0	32,0	56,6666666666667
50047	Berdejo	2015	55,0	50,0	32,0	18,0	0,0	1,0	31,0	64,0
50047	Berdejo	2016	53,0	48,0	36,0	12,0	0,0	0,0	36,0	75,0
50047	Berdejo	2019	47,0	38,0	24,0	14,0	0,0	0,0	24,0	63,1578947368421
50048	Berrueco	2008	47,0	39,0	32,0	7,0	0,0	0,0	32,0	82,051282051282
50048	Berrueco	2011	43,0	43,0	33,0	10,0	0,0	1,0	32,0	76,7441860465116
50048	Berrueco	2015	38,0	35,0	23,0	12,0	0,0	0,0	23,0	65,7142857142857
50048	Berrueco	2016	37,0	34,0	29,0	5,0	0,0	0,0	29,0	85,2941176470588
50048	Berrueco	2019	33,0	33,0	25,0	8,0	0,0	0,0	25,0	75,7575757575758
50050	Bijuesca	2008	136,0	122,0	82,0	40,0	1,0	1,0	80,0	67,2131147540984
50050	Bijuesca	2011	113,0	109,0	73,0	36,0	0,0	1,0	72,0	66,9724770642202
50050	Bijuesca	2015	105,0	98,0	59,0	39,0	0,0	3,0	56,0	60,2040816326531
50050	Bijuesca	2016	100,0	98,0	64,0	34,0	0,0	2,0	62,0	65,3061224489796
50050	Bijuesca	2019	98,0	87,0	62,0	25,0	0,0	1,0	61,0	71,264367816092
50051	Biota	2008	1135,0	960,0	763,0	197,0	4,0	9,0	750,0	79,4791666666667
50051	Biota	2011	1115,0	886,0	677,0	209,0	6,0	9,0	662,0	76,410835214447
50051	Biota	2015	1022,0	828,0	643,0	185,0	3,0	8,0	632,0	77,6570048309179
50051	Biota	2016	1002,0	816,0	616,0	200,0	2,0	2,0	612,0	75,4901960784314
50051	Biota	2019	948,0	802,0	551,0	251,0	1,0	2,0	548,0	68,7032418952618
50052	Bisimbre	2008	111,0	111,0	92,0	19,0	0,0	1,0	91,0	82,8828828828829
50052	Bisimbre	2011	109,0	100,0	82,0	18,0	0,0	0,0	82,0	82,0
50052	Bisimbre	2015	97,0	90,0	71,0	19,0	0,0	0,0	71,0	78,8888888888889
50052	Bisimbre	2016	97,0	90,0	68,0	22,0	0,0	0,0	68,0	75,5555555555555
50052	Bisimbre	2019	97,0	81,0	61,0	20,0	0,0	0,0	61,0	75,3086419753086
50053	Boquiñeni	2008	1033,0	791,0	628,0	163,0	3,0	4,0	621,0	79,3931731984829
50053	Boquiñeni	2011	995,0	756,0	570,0	186,0	7,0	14,0	549,0	75,3968253968254
50053	Boquiñeni	2015	896,0	688,0	535,0	153,0	13,0	6,0	516,0	77,7616279069767
50053	Boquiñeni	2016	871,0	687,0	513,0	174,0	3,0	2,0	508,0	74,6724890829694
50053	Boquiñeni	2019	808,0	643,0	476,0	167,0	10,0	3,0	463,0	74,0279937791602
50054	Bordalba	2008	89,0	77,0	54,0	23,0	0,0	0,0	54,0	70,1298701298701
50054	Bordalba	2011	74,0	63,0	46,0	17,0	0,0	0,0	46,0	73,015873015873
50054	Bordalba	2015	64,0	59,0	45,0	14,0	0,0	0,0	45,0	76,271186440678
50054	Bordalba	2016	62,0	58,0	50,0	8,0	0,0	0,0	50,0	86,2068965517241
50054	Bordalba	2019	56,0	55,0	37,0	18,0	0,0	2,0	35,0	67,2727272727273
50055	Borja	2008	4653,0	3597,0	2636,0	961,0	27,0	24,0	2585,0	73,2832916319155
50055	Borja	2011	5042,0	3592,0	2520,0	1072,0	47,0	59,0	2414,0	70,1559020044543
50055	Borja	2015	4931,0	3612,0	2533,0	1079,0	43,0	34,0	2456,0	70,1273532668882
50055	Borja	2016	4930,0	3611,0	2445,0	1166,0	38,0	22,0	2385,0	67,7097756854057
50055	Borja	2019	4922,0	3635,0	2298,0	1337,0	54,0	36,0	2208,0	63,2187070151307
50056	Botorrita	2008	526,0	442,0	367,0	75,0	1,0	5,0	361,0	83,0316742081448
50056	Botorrita	2011	536,0	450,0	329,0	121,0	1,0	4,0	324,0	73,1111111111111
50056	Botorrita	2015	506,0	406,0	325,0	81,0	1,0	2,0	322,0	80,0492610837438
50056	Botorrita	2016	484,0	409,0	300,0	109,0	0,0	3,0	297,0	73,3496332518337
50056	Botorrita	2019	498,0	399,0	296,0	103,0	0,0	3,0	293,0	74,1854636591479
50057	Brea de Aragón	2008	1872,0	1586,0	1133,0	453,0	9,0	9,0	1115,0	71,437578814628
50057	Brea de Aragón	2011	1854,0	1468,0	1022,0	446,0	18,0	17,0	987,0	69,6185286103542
50057	Brea de Aragón	2015	1734,0	1396,0	980,0	416,0	8,0	8,0	964,0	70,2005730659026
50057	Brea de Aragón	2016	1719,0	1395,0	919,0	476,0	12,0	11,0	896,0	65,8781362007168
50057	Brea de Aragón	2019	1665,0	1331,0	933,0	398,0	11,0	10,0	912,0	70,0976709241172
50058	Bubierca	2008	90,0	84,0	66,0	18,0	1,0	0,0	65,0	78,5714285714286
50058	Bubierca	2011	83,0	80,0	65,0	15,0	1,0	0,0	64,0	81,25
50058	Bubierca	2015	76,0	72,0	51,0	21,0	0,0	0,0	51,0	70,8333333333333
50058	Bubierca	2016	76,0	66,0	39,0	27,0	0,0	0,0	39,0	59,0909090909091
50058	Bubierca	2019	63,0	63,0	45,0	18,0	2,0	0,0	43,0	71,4285714285714
50059	Bujaraloz	2008	1022,0	830,0	658,0	172,0	3,0	6,0	649,0	79,2771084337349
50059	Bujaraloz	2011	1055,0	790,0	593,0	197,0	7,0	12,0	574,0	75,0632911392405
50059	Bujaraloz	2015	1021,0	780,0	572,0	208,0	5,0	6,0	561,0	73,3333333333333
50059	Bujaraloz	2016	1008,0	769,0	549,0	220,0	5,0	8,0	536,0	71,3914174252275
50059	Bujaraloz	2019	1005,0	757,0	556,0	201,0	5,0	5,0	546,0	73,447820343461
50060	Bulbuente	2008	258,0	207,0	155,0	52,0	0,0	1,0	154,0	74,8792270531401
50060	Bulbuente	2011	248,0	187,0	138,0	49,0	2,0	1,0	135,0	73,7967914438503
50060	Bulbuente	2015	239,0	176,0	138,0	38,0	2,0	0,0	136,0	78,4090909090909
50060	Bulbuente	2016	236,0	172,0	128,0	44,0	1,0	1,0	126,0	74,4186046511628
50060	Bulbuente	2019	217,0	171,0	126,0	45,0	1,0	1,0	124,0	73,6842105263158
50061	Bureta	2008	286,0	233,0	190,0	43,0	2,0	3,0	185,0	81,5450643776824
50061	Bureta	2011	269,0	228,0	191,0	37,0	8,0	3,0	180,0	83,7719298245614
50061	Bureta	2015	258,0	207,0	174,0	33,0	6,0	1,0	167,0	84,0579710144928
50061	Bureta	2016	253,0	202,0	172,0	30,0	0,0	3,0	169,0	85,1485148514851
50061	Bureta	2019	217,0	190,0	157,0	33,0	2,0	2,0	153,0	82,6315789473684
50062	Burgo de Ebro (El)	2008	2101,0	1706,0	1322,0	384,0	4,0	14,0	1304,0	77,4912075029308
50062	Burgo de Ebro (El)	2011	2321,0	1750,0	1298,0	452,0	23,0	22,0	1253,0	74,1714285714286
50062	Burgo de Ebro (El)	2015	2381,0	1810,0	1407,0	403,0	18,0	12,0	1377,0	77,7348066298342
50062	Burgo de Ebro (El)	2016	2348,0	1829,0	1304,0	525,0	14,0	16,0	1274,0	71,2957900492072
50062	Burgo de Ebro (El)	2019	2432,0	1885,0	1332,0	553,0	24,0	15,0	1293,0	70,6631299734748
50063	Buste (El)	2008	94,0	84,0	72,0	12,0	0,0	0,0	72,0	85,7142857142857
50063	Buste (El)	2011	88,0	76,0	67,0	9,0	0,0	0,0	67,0	88,1578947368421
50063	Buste (El)	2015	68,0	61,0	57,0	4,0	0,0	0,0	57,0	93,4426229508197
50063	Buste (El)	2016	66,0	61,0	51,0	10,0	0,0	0,0	51,0	83,6065573770492
50063	Buste (El)	2019	72,0	64,0	49,0	15,0	0,0	0,0	49,0	76,5625
50064	Cabañas de Ebro	2008	537,0	465,0	375,0	90,0	4,0	0,0	371,0	80,6451612903226
50064	Cabañas de Ebro	2011	556,0	469,0	377,0	92,0	4,0	5,0	368,0	80,3837953091684
50064	Cabañas de Ebro	2015	536,0	440,0	350,0	90,0	1,0	5,0	344,0	79,5454545454545
50064	Cabañas de Ebro	2016	527,0	437,0	342,0	95,0	3,0	0,0	339,0	78,2608695652174
50064	Cabañas de Ebro	2019	498,0	439,0	348,0	91,0	2,0	1,0	345,0	79,2710706150342
50065	Cabolafuente	2008	54,0	58,0	42,0	16,0	2,0	0,0	40,0	72,4137931034483
50065	Cabolafuente	2011	49,0	59,0	37,0	22,0	0,0	2,0	35,0	62,7118644067797
50065	Cabolafuente	2015	39,0	53,0	42,0	11,0	0,0	0,0	42,0	79,2452830188679
50065	Cabolafuente	2016	38,0	53,0	43,0	10,0	0,0	0,0	43,0	81,1320754716981
50065	Cabolafuente	2019	32,0	56,0	37,0	19,0	0,0	0,0	37,0	66,0714285714286
50066	Cadrete	2008	2445,0	1949,0	1493,0	456,0	24,0	31,0	1438,0	76,6033863519754
50066	Cadrete	2011	3054,0	2357,0	1677,0	680,0	18,0	42,0	1617,0	71,1497666525244
50066	Cadrete	2015	3538,0	2613,0	1956,0	657,0	5,0	21,0	1930,0	74,8564867967853
50066	Cadrete	2016	3602,0	2621,0	1862,0	759,0	11,0	9,0	1842,0	71,0415871804655
50066	Cadrete	2019	3891,0	2903,0	2095,0	808,0	17,0	19,0	2059,0	72,1667240785395
50067	Calatayud	2008	21040,0	14182,0	10881,0	3301,0	72,0	145,0	10664,0	76,7240163587646
50067	Calatayud	2011	21717,0	14124,0	10049,0	4075,0	179,0	203,0	9667,0	71,1483998867176
50067	Calatayud	2015	20658,0	14055,0	10237,0	3818,0	127,0	123,0	9987,0	72,8352899324084
50067	Calatayud	2016	19724,0	14120,0	9909,0	4211,0	90,0	112,0	9707,0	70,1770538243626
50067	Calatayud	2019	20035,0	13928,0	9831,0	4097,0	132,0	92,0	9607,0	70,5844342331993
50068	Calatorao	2008	2972,0	2208,0	1594,0	614,0	6,0	15,0	1573,0	72,1920289855072
50068	Calatorao	2011	3094,0	2082,0	1514,0	568,0	33,0	18,0	1463,0	72,7185398655139
50068	Calatorao	2015	2895,0	1998,0	1388,0	610,0	10,0	17,0	1361,0	69,4694694694695
50068	Calatorao	2016	2864,0	1982,0	1348,0	634,0	13,0	8,0	1327,0	68,0121089808274
50068	Calatorao	2019	2861,0	1943,0	1299,0	644,0	12,0	10,0	1277,0	66,8553782810087
50069	Calcena	2008	54,0	76,0	51,0	25,0	0,0	1,0	50,0	67,1052631578947
50069	Calcena	2011	68,0	68,0	32,0	36,0	0,0	0,0	32,0	47,0588235294118
50069	Calcena	2015	78,0	76,0	53,0	23,0	1,0	0,0	52,0	69,7368421052632
50069	Calcena	2016	79,0	73,0	53,0	20,0	0,0	1,0	52,0	72,6027397260274
50069	Calcena	2019	75,0	66,0	33,0	33,0	0,0	1,0	32,0	50,0
50070	Calmarza	2008	79,0	72,0	43,0	29,0	1,0	0,0	42,0	59,7222222222222
50070	Calmarza	2011	77,0	70,0	42,0	28,0	1,0	0,0	41,0	60,0
50070	Calmarza	2015	76,0	60,0	29,0	31,0	0,0	1,0	28,0	48,3333333333333
50070	Calmarza	2016	77,0	60,0	36,0	24,0	0,0	0,0	36,0	60,0
50070	Calmarza	2019	59,0	50,0	30,0	20,0	1,0	0,0	29,0	60,0
50071	Campillo de Aragón	2008	168,0	151,0	101,0	50,0	0,0	0,0	101,0	66,887417218543
50071	Campillo de Aragón	2011	154,0	134,0	97,0	37,0	1,0	0,0	96,0	72,3880597014925
50071	Campillo de Aragón	2015	153,0	131,0	90,0	41,0	0,0	0,0	90,0	68,7022900763359
50071	Campillo de Aragón	2016	141,0	132,0	92,0	40,0	0,0	0,0	92,0	69,6969696969697
50071	Campillo de Aragón	2019	149,0	126,0	84,0	42,0	0,0	0,0	84,0	66,6666666666667
50072	Carenas	2008	213,0	199,0	154,0	45,0	0,0	1,0	153,0	77,3869346733668
50072	Carenas	2011	195,0	181,0	128,0	53,0	1,0	1,0	126,0	70,7182320441989
50072	Carenas	2015	175,0	174,0	124,0	50,0	2,0	2,0	120,0	71,264367816092
50072	Carenas	2016	172,0	170,0	125,0	45,0	0,0	0,0	125,0	73,5294117647059
50072	Carenas	2019	177,0	183,0	131,0	52,0	2,0	0,0	129,0	71,5846994535519
50073	Cariñena	2008	3353,0	2276,0	1839,0	437,0	12,0	22,0	1805,0	80,7996485061511
50073	Cariñena	2011	3725,0	2265,0	1773,0	492,0	17,0	20,0	1736,0	78,2781456953642
50073	Cariñena	2015	3457,0	2148,0	1649,0	499,0	27,0	9,0	1613,0	76,7690875232775
50073	Cariñena	2016	3389,0	2141,0	1592,0	549,0	15,0	7,0	1570,0	74,3577767398412
50073	Cariñena	2019	3276,0	2122,0	1559,0	563,0	19,0	14,0	1526,0	73,4684260131951
50074	Caspe	2008	8495,0	6577,0	4893,0	1684,0	35,0	56,0	4802,0	74,3956211038467
50074	Caspe	2011	9989,0	6515,0	4378,0	2137,0	156,0	77,0	4145,0	67,1987720644666
50074	Caspe	2015	9927,0	6397,0	4512,0	1885,0	104,0	38,0	4370,0	70,5330623729873
50074	Caspe	2016	9867,0	6366,0	4230,0	2136,0	65,0	31,0	4134,0	66,4467483506126
50074	Caspe	2019	9525,0	6156,0	4100,0	2056,0	78,0	33,0	3989,0	66,601689408707
50075	Castejón de Alarba	2008	107,0	97,0	75,0	22,0	0,0	1,0	74,0	77,319587628866
50075	Castejón de Alarba	2011	98,0	89,0	74,0	15,0	0,0	1,0	73,0	83,1460674157303
50075	Castejón de Alarba	2015	84,0	81,0	59,0	22,0	0,0	1,0	58,0	72,8395061728395
50075	Castejón de Alarba	2016	95,0	80,0	62,0	18,0	1,0	1,0	60,0	77,5
50075	Castejón de Alarba	2019	92,0	70,0	55,0	15,0	0,0	1,0	54,0	78,5714285714286
50076	Castejón de las Armas	2008	114,0	137,0	107,0	30,0	0,0	0,0	107,0	78,1021897810219
50076	Castejón de las Armas	2011	122,0	113,0	89,0	24,0	0,0	0,0	89,0	78,7610619469026
50076	Castejón de las Armas	2015	105,0	81,0	64,0	17,0	0,0	0,0	64,0	79,0123456790123
50076	Castejón de las Armas	2016	101,0	78,0	66,0	12,0	1,0	0,0	65,0	84,6153846153846
50076	Castejón de las Armas	2019	90,0	70,0	56,0	14,0	0,0	0,0	56,0	80,0
50077	Castejón de Valdejasa	2008	289,0	265,0	213,0	52,0	0,0	2,0	211,0	80,377358490566
50077	Castejón de Valdejasa	2011	283,0	254,0	189,0	65,0	1,0	4,0	184,0	74,4094488188976
50077	Castejón de Valdejasa	2015	237,0	226,0	175,0	51,0	1,0	5,0	169,0	77,4336283185841
50077	Castejón de Valdejasa	2016	228,0	221,0	168,0	53,0	1,0	1,0	166,0	76,0180995475113
50077	Castejón de Valdejasa	2019	221,0	201,0	140,0	61,0	0,0	1,0	139,0	69,6517412935323
50078	Castiliscar	2008	360,0	325,0	278,0	47,0	2,0	2,0	274,0	85,5384615384615
50078	Castiliscar	2011	338,0	278,0	210,0	68,0	2,0	2,0	206,0	75,5395683453237
50078	Castiliscar	2015	292,0	244,0	192,0	52,0	3,0	1,0	188,0	78,6885245901639
50078	Castiliscar	2016	280,0	235,0	177,0	58,0	4,0	0,0	173,0	75,3191489361702
50078	Castiliscar	2019	265,0	227,0	168,0	59,0	2,0	0,0	166,0	74,0088105726872
50079	Cervera de la Cañada	2008	329,0	299,0	237,0	62,0	1,0	2,0	234,0	79,2642140468227
50079	Cervera de la Cañada	2011	311,0	281,0	213,0	68,0	3,0	2,0	208,0	75,8007117437722
50079	Cervera de la Cañada	2015	316,0	254,0	186,0	68,0	2,0	3,0	181,0	73,2283464566929
50079	Cervera de la Cañada	2016	311,0	249,0	175,0	74,0	1,0	0,0	174,0	70,281124497992
50079	Cervera de la Cañada	2019	271,0	226,0	162,0	64,0	2,0	1,0	159,0	71,6814159292035
50080	Cerveruela	2008	38,0	41,0	35,0	6,0	0,0	0,0	35,0	85,3658536585366
50080	Cerveruela	2011	41,0	41,0	31,0	10,0	0,0	1,0	30,0	75,609756097561
50080	Cerveruela	2015	37,0	32,0	25,0	7,0	0,0	0,0	25,0	78,125
50080	Cerveruela	2016	33,0	33,0	27,0	6,0	0,0	0,0	27,0	81,8181818181818
50080	Cerveruela	2019	35,0	34,0	27,0	7,0	0,0	0,0	27,0	79,4117647058824
50081	Cetina	2008	693,0	588,0	457,0	131,0	0,0	2,0	455,0	77,7210884353741
50081	Cetina	2011	697,0	562,0	410,0	152,0	10,0	7,0	393,0	72,9537366548043
50081	Cetina	2015	666,0	512,0	376,0	136,0	4,0	6,0	366,0	73,4375
50081	Cetina	2016	645,0	511,0	382,0	129,0	4,0	4,0	374,0	74,7553816046967
50081	Cetina	2019	592,0	487,0	355,0	132,0	6,0	5,0	344,0	72,8952772073922
50082	Cimballa	2008	131,0	117,0	87,0	30,0	1,0	0,0	86,0	74,3589743589744
50082	Cimballa	2011	127,0	108,0	73,0	35,0	1,0	0,0	72,0	67,5925925925926
50082	Cimballa	2015	114,0	89,0	58,0	31,0	1,0	0,0	57,0	65,1685393258427
50082	Cimballa	2016	113,0	82,0	65,0	17,0	1,0	0,0	64,0	79,2682926829268
50082	Cimballa	2019	93,0	82,0	57,0	25,0	0,0	0,0	57,0	69,5121951219512
50083	Cinco Olivas	2008	116,0	103,0	68,0	35,0	1,0	1,0	66,0	66,0194174757281
50083	Cinco Olivas	2011	123,0	96,0	72,0	24,0	0,0	1,0	71,0	75,0
50083	Cinco Olivas	2015	108,0	90,0	72,0	18,0	0,0	1,0	71,0	80,0
50083	Cinco Olivas	2016	113,0	89,0	75,0	14,0	0,0	1,0	74,0	84,2696629213483
50083	Cinco Olivas	2019	112,0	81,0	64,0	17,0	0,0	2,0	62,0	79,0123456790123
50084	Clarés de Ribota	2008	100,0	91,0	69,0	22,0	0,0	0,0	69,0	75,8241758241758
50084	Clarés de Ribota	2011	101,0	84,0	64,0	20,0	0,0	1,0	63,0	76,1904761904762
50084	Clarés de Ribota	2015	77,0	79,0	56,0	23,0	0,0	1,0	55,0	70,8860759493671
50084	Clarés de Ribota	2016	80,0	77,0	59,0	18,0	0,0	2,0	57,0	76,6233766233766
50084	Clarés de Ribota	2019	65,0	67,0	47,0	20,0	0,0	1,0	46,0	70,1492537313433
50085	Codo	2008	227,0	218,0	165,0	53,0	0,0	0,0	165,0	75,6880733944954
50085	Codo	2011	211,0	205,0	143,0	62,0	0,0	3,0	140,0	69,7560975609756
50085	Codo	2015	204,0	176,0	131,0	45,0	2,0	3,0	126,0	74,4318181818182
50085	Codo	2016	194,0	167,0	126,0	41,0	0,0	1,0	125,0	75,4491017964072
50085	Codo	2019	198,0	182,0	121,0	61,0	0,0	0,0	121,0	66,4835164835165
50086	Codos	2008	261,0	218,0	157,0	61,0	1,0	0,0	156,0	72,0183486238532
50086	Codos	2011	256,0	193,0	109,0	84,0	0,0	0,0	109,0	56,4766839378238
50086	Codos	2015	199,0	184,0	128,0	56,0	0,0	1,0	127,0	69,5652173913043
50086	Codos	2016	185,0	187,0	132,0	55,0	4,0	2,0	126,0	70,5882352941176
50086	Codos	2019	183,0	176,0	106,0	70,0	4,0	1,0	101,0	60,2272727272727
50087	Contamina	2008	50,0	42,0	29,0	13,0	0,0	0,0	29,0	69,047619047619
50087	Contamina	2011	38,0	31,0	25,0	6,0	0,0	0,0	25,0	80,6451612903226
50087	Contamina	2015	39,0	28,0	19,0	9,0	0,0	0,0	19,0	67,8571428571429
50087	Contamina	2016	36,0	26,0	17,0	9,0	0,0	1,0	16,0	65,3846153846154
50087	Contamina	2019	37,0	28,0	19,0	9,0	0,0	0,0	19,0	67,8571428571429
50088	Cosuenda	2008	384,0	346,0	279,0	67,0	6,0	3,0	270,0	80,635838150289
50088	Cosuenda	2011	389,0	337,0	273,0	64,0	9,0	4,0	260,0	81,0089020771513
50088	Cosuenda	2015	377,0	305,0	234,0	71,0	5,0	11,0	218,0	76,7213114754098
50088	Cosuenda	2016	396,0	302,0	246,0	56,0	9,0	5,0	232,0	81,4569536423841
50088	Cosuenda	2019	367,0	274,0	195,0	79,0	4,0	2,0	189,0	71,1678832116788
50089	Cuarte de Huerva	2008	4726,0	4347,0	3371,0	976,0	19,0	45,0	3307,0	77,5477340694732
50089	Cuarte de Huerva	2011	8658,0	6673,0	4936,0	1737,0	59,0	120,0	4757,0	73,9697287576802
50089	Cuarte de Huerva	2015	11589,0	8144,0	6285,0	1859,0	36,0	50,0	6199,0	77,1733791748526
50089	Cuarte de Huerva	2016	12141,0	8225,0	6074,0	2151,0	31,0	43,0	6000,0	73,8480243161094
50089	Cuarte de Huerva	2019	13055,0	8616,0	6420,0	2196,0	56,0	50,0	6314,0	74,5125348189415
50090	Cubel	2008	203,0	189,0	131,0	58,0	0,0	0,0	131,0	69,3121693121693
50090	Cubel	2011	192,0	165,0	117,0	48,0	0,0	1,0	116,0	70,9090909090909
50090	Cubel	2015	184,0	156,0	112,0	44,0	1,0	0,0	111,0	71,7948717948718
50090	Cubel	2016	189,0	150,0	113,0	37,0	1,0	0,0	112,0	75,3333333333333
50090	Cubel	2019	168,0	134,0	96,0	38,0	0,0	0,0	96,0	71,6417910447761
50091	Cuerlas (Las)	2008	75,0	70,0	46,0	24,0	0,0	1,0	45,0	65,7142857142857
50091	Cuerlas (Las)	2011	66,0	56,0	39,0	17,0	0,0	1,0	38,0	69,6428571428571
50091	Cuerlas (Las)	2015	51,0	48,0	32,0	16,0	0,0	1,0	31,0	66,6666666666667
50091	Cuerlas (Las)	2016	50,0	41,0	36,0	5,0	0,0	0,0	36,0	87,8048780487805
50091	Cuerlas (Las)	2019	39,0	39,0	32,0	7,0	0,0	0,0	32,0	82,051282051282
50092	Chiprana	2008	309,0	334,0	280,0	54,0	1,0	3,0	276,0	83,8323353293413
50092	Chiprana	2011	276,0	329,0	273,0	56,0	1,0	0,0	272,0	82,9787234042553
50092	Chiprana	2015	514,0	298,0	256,0	42,0	5,0	3,0	248,0	85,9060402684564
50092	Chiprana	2016	498,0	299,0	233,0	66,0	2,0	0,0	231,0	77,9264214046823
50092	Chiprana	2019	508,0	290,0	218,0	72,0	4,0	0,0	214,0	75,1724137931034
50093	Chodes	2008	152,0	121,0	88,0	33,0	0,0	1,0	87,0	72,7272727272727
50093	Chodes	2011	149,0	113,0	84,0	29,0	0,0	2,0	82,0	74,3362831858407
50093	Chodes	2015	135,0	94,0	73,0	21,0	0,0	1,0	72,0	77,6595744680851
50093	Chodes	2016	132,0	92,0	66,0	26,0	0,0	1,0	65,0	71,7391304347826
50093	Chodes	2019	113,0	87,0	66,0	21,0	2,0	1,0	63,0	75,8620689655172
50094	Daroca	2008	2274,0	1820,0	1399,0	421,0	10,0	19,0	1370,0	76,8681318681319
50094	Daroca	2011	2300,0	1744,0	1220,0	524,0	27,0	25,0	1168,0	69,954128440367
50094	Daroca	2015	2193,0	1626,0	1197,0	429,0	19,0	22,0	1156,0	73,6162361623616
50094	Daroca	2016	2113,0	1617,0	1173,0	444,0	14,0	12,0	1147,0	72,5417439703154
50094	Daroca	2019	1996,0	1500,0	1041,0	459,0	19,0	12,0	1010,0	69,4
50095	Ejea de los Caballeros	2008	16935,0	12641,0	9501,0	3140,0	38,0	121,0	9342,0	75,1601930227039
50095	Ejea de los Caballeros	2011	17344,0	12558,0	9029,0	3529,0	119,0	179,0	8731,0	71,8983914636089
50095	Ejea de los Caballeros	2015	16870,0	12366,0	8965,0	3401,0	82,0	94,0	8789,0	72,4971696587417
50095	Ejea de los Caballeros	2016	16754,0	12323,0	8628,0	3695,0	78,0	110,0	8440,0	70,0154183234602
50095	Ejea de los Caballeros	2019	16605,0	12149,0	8322,0	3827,0	83,0	91,0	8148,0	68,4994649765413
50096	Embid de Ariza	2008	62,0	58,0	49,0	9,0	0,0	0,0	49,0	84,4827586206896
50096	Embid de Ariza	2011	56,0	49,0	35,0	14,0	0,0	0,0	35,0	71,4285714285714
50096	Embid de Ariza	2015	49,0	39,0	17,0	22,0	0,0	0,0	17,0	43,5897435897436
50096	Embid de Ariza	2016	47,0	39,0	27,0	12,0	0,0	0,0	27,0	69,2307692307692
50096	Embid de Ariza	2019	36,0	34,0	22,0	12,0	0,0	0,0	22,0	64,7058823529412
50098	Encinacorba	2008	271,0	228,0	193,0	35,0	2,0	3,0	188,0	84,6491228070175
50098	Encinacorba	2011	252,0	215,0	150,0	65,0	4,0	2,0	144,0	69,7674418604651
50098	Encinacorba	2015	235,0	181,0	129,0	52,0	2,0	2,0	125,0	71,2707182320442
50098	Encinacorba	2016	222,0	174,0	130,0	44,0	6,0	0,0	124,0	74,7126436781609
50098	Encinacorba	2019	189,0	162,0	119,0	43,0	1,0	1,0	117,0	73,4567901234568
50099	Épila	2008	4251,0	3168,0	2487,0	681,0	14,0	17,0	2456,0	78,5037878787879
50099	Épila	2011	4765,0	3136,0	2333,0	803,0	36,0	27,0	2270,0	74,3941326530612
50099	Épila	2015	4593,0	3087,0	2242,0	845,0	17,0	15,0	2210,0	72,6271460965339
50099	Épila	2016	4545,0	3083,0	2148,0	935,0	16,0	13,0	2119,0	69,6723970158936
50099	Épila	2019	4402,0	3036,0	2137,0	899,0	24,0	17,0	2096,0	70,3886693017128
50100	Erla	2008	434,0	389,0	312,0	77,0	1,0	2,0	309,0	80,2056555269923
50100	Erla	2011	421,0	355,0	273,0	82,0	7,0	3,0	263,0	76,9014084507042
50100	Erla	2015	375,0	333,0	263,0	70,0	2,0	5,0	256,0	78,978978978979
50100	Erla	2016	371,0	329,0	246,0	83,0	5,0	1,0	240,0	74,7720364741641
50100	Erla	2019	345,0	304,0	215,0	89,0	3,0	1,0	211,0	70,7236842105263
50101	Escatrón	2008	1161,0	949,0	718,0	231,0	4,0	9,0	705,0	75,6585879873551
50101	Escatrón	2011	1132,0	922,0	648,0	274,0	11,0	8,0	629,0	70,2819956616052
50101	Escatrón	2015	1113,0	879,0	615,0	264,0	6,0	5,0	604,0	69,9658703071672
50101	Escatrón	2016	1084,0	864,0	603,0	261,0	6,0	8,0	589,0	69,7916666666667
50101	Escatrón	2019	1026,0	833,0	557,0	276,0	7,0	5,0	545,0	66,8667466986795
50102	Fabara	2008	1230,0	974,0	822,0	152,0	8,0	5,0	809,0	84,394250513347
50102	Fabara	2011	1255,0	918,0	722,0	196,0	9,0	12,0	701,0	78,6492374727669
50102	Fabara	2015	1231,0	863,0	665,0	198,0	11,0	6,0	648,0	77,0567786790267
50102	Fabara	2016	1227,0	859,0	658,0	201,0	5,0	8,0	645,0	76,6006984866123
50102	Fabara	2019	1152,0	815,0	594,0	221,0	10,0	7,0	577,0	72,8834355828221
50104	Farlete	2008	439,0	379,0	320,0	59,0	1,0	3,0	316,0	84,4327176781003
50104	Farlete	2011	439,0	379,0	306,0	73,0	3,0	4,0	299,0	80,7387862796834
50104	Farlete	2015	407,0	351,0	283,0	68,0	1,0	3,0	279,0	80,6267806267806
50104	Farlete	2016	414,0	348,0	271,0	77,0	2,0	2,0	267,0	77,8735632183908
50104	Farlete	2019	386,0	320,0	251,0	69,0	0,0	1,0	250,0	78,4375
50105	Fayón	2008	434,0	378,0	309,0	69,0	1,0	2,0	306,0	81,7460317460318
50105	Fayón	2011	407,0	343,0	263,0	80,0	4,0	2,0	257,0	76,6763848396501
50105	Fayón	2015	348,0	304,0	228,0	76,0	0,0	3,0	225,0	75,0
50105	Fayón	2016	355,0	296,0	214,0	82,0	3,0	1,0	210,0	72,2972972972973
50105	Fayón	2019	354,0	277,0	203,0	74,0	5,0	4,0	194,0	73,2851985559567
50106	Fayos (Los)	2008	171,0	151,0	117,0	34,0	0,0	0,0	117,0	77,4834437086093
50106	Fayos (Los)	2011	153,0	137,0	107,0	30,0	1,0	0,0	106,0	78,1021897810219
50106	Fayos (Los)	2015	153,0	135,0	105,0	30,0	1,0	0,0	104,0	77,7777777777778
50106	Fayos (Los)	2016	151,0	134,0	104,0	30,0	0,0	0,0	104,0	77,6119402985075
50106	Fayos (Los)	2019	141,0	123,0	78,0	45,0	0,0	0,0	78,0	63,4146341463415
50107	Figueruelas	2008	1191,0	919,0	780,0	139,0	4,0	4,0	772,0	84,8748639825898
50107	Figueruelas	2011	1332,0	953,0	785,0	168,0	5,0	13,0	767,0	82,3714585519412
50107	Figueruelas	2015	1263,0	944,0	772,0	172,0	5,0	16,0	751,0	81,7796610169491
50107	Figueruelas	2016	1229,0	947,0	738,0	209,0	5,0	4,0	729,0	77,9303062302006
50107	Figueruelas	2019	1240,0	988,0	758,0	230,0	3,0	8,0	747,0	76,7206477732794
50108	Fombuena	2008	52,0	51,0	34,0	17,0	0,0	0,0	34,0	66,6666666666667
50108	Fombuena	2011	52,0	50,0	31,0	19,0	0,0	0,0	31,0	62,0
50108	Fombuena	2015	54,0	47,0	37,0	10,0	0,0	0,0	37,0	78,7234042553191
50108	Fombuena	2016	51,0	48,0	38,0	10,0	0,0	0,0	38,0	79,1666666666667
50108	Fombuena	2019	54,0	50,0	37,0	13,0	0,0	0,0	37,0	74,0
50109	Frago (El)	2008	115,0	106,0	86,0	20,0	0,0	5,0	81,0	81,1320754716981
50109	Frago (El)	2011	106,0	101,0	79,0	22,0	0,0	2,0	77,0	78,2178217821782
50109	Frago (El)	2015	104,0	105,0	78,0	27,0	1,0	3,0	74,0	74,2857142857143
50109	Frago (El)	2016	104,0	103,0	78,0	25,0	0,0	3,0	75,0	75,7281553398058
50109	Frago (El)	2019	99,0	95,0	65,0	30,0	3,0	2,0	60,0	68,421052631579
50110	Frasno (El)	2008	477,0	431,0	340,0	91,0	0,0	0,0	340,0	78,8863109048724
50110	Frasno (El)	2011	476,0	424,0	315,0	109,0	1,0	6,0	308,0	74,2924528301887
50110	Frasno (El)	2015	439,0	369,0	258,0	111,0	1,0	0,0	257,0	69,9186991869919
50110	Frasno (El)	2016	415,0	367,0	256,0	111,0	2,0	0,0	254,0	69,7547683923706
50110	Frasno (El)	2019	384,0	340,0	248,0	92,0	10,0	1,0	237,0	72,9411764705882
50111	Fréscano	2008	237,0	203,0	168,0	35,0	0,0	1,0	167,0	82,7586206896552
50111	Fréscano	2011	220,0	191,0	141,0	50,0	3,0	2,0	136,0	73,8219895287958
50111	Fréscano	2015	207,0	186,0	152,0	34,0	1,0	1,0	150,0	81,7204301075269
50111	Fréscano	2016	205,0	180,0	143,0	37,0	0,0	0,0	143,0	79,4444444444444
50111	Fréscano	2019	202,0	181,0	130,0	51,0	0,0	1,0	129,0	71,8232044198895
50113	Fuendejalón	2008	868,0	682,0	579,0	103,0	2,0	9,0	568,0	84,8973607038123
50113	Fuendejalón	2011	953,0	653,0	528,0	125,0	2,0	9,0	517,0	80,8575803981623
50113	Fuendejalón	2015	859,0	618,0	506,0	112,0	10,0	4,0	492,0	81,8770226537217
50113	Fuendejalón	2016	833,0	618,0	489,0	129,0	5,0	2,0	482,0	79,126213592233
50113	Fuendejalón	2019	793,0	587,0	471,0	116,0	10,0	2,0	459,0	80,2385008517888
50114	Fuendetodos	2008	179,0	164,0	129,0	35,0	0,0	0,0	129,0	78,6585365853659
50114	Fuendetodos	2011	174,0	157,0	120,0	37,0	0,0	1,0	119,0	76,4331210191083
50114	Fuendetodos	2015	153,0	124,0	94,0	30,0	0,0	2,0	92,0	75,8064516129032
50114	Fuendetodos	2016	144,0	116,0	89,0	27,0	1,0	0,0	88,0	76,7241379310345
50114	Fuendetodos	2019	121,0	132,0	108,0	24,0	0,0	0,0	108,0	81,8181818181818
50115	Fuentes de Ebro	2008	4134,0	3192,0	2266,0	926,0	10,0	15,0	2241,0	70,9899749373434
50115	Fuentes de Ebro	2011	4617,0	3280,0	2234,0	1046,0	29,0	32,0	2173,0	68,109756097561
50115	Fuentes de Ebro	2015	4643,0	3248,0	2277,0	971,0	15,0	31,0	2231,0	70,1046798029556
50115	Fuentes de Ebro	2016	4594,0	3235,0	2128,0	1107,0	19,0	14,0	2095,0	65,7805255023184
50115	Fuentes de Ebro	2019	4543,0	3279,0	2170,0	1109,0	39,0	27,0	2104,0	66,1787130222629
50116	Fuentes de Jiloca	2008	284,0	249,0	198,0	51,0	1,0	0,0	197,0	79,5180722891566
50116	Fuentes de Jiloca	2011	280,0	220,0	154,0	66,0	1,0	0,0	153,0	70,0
50116	Fuentes de Jiloca	2015	243,0	190,0	142,0	48,0	2,0	1,0	139,0	74,7368421052632
50116	Fuentes de Jiloca	2016	219,0	182,0	136,0	46,0	4,0	0,0	132,0	74,7252747252747
50116	Fuentes de Jiloca	2019	229,0	169,0	124,0	45,0	1,0	0,0	123,0	73,3727810650888
50117	Gallocanta	2008	156,0	127,0	103,0	24,0	0,0	1,0	102,0	81,1023622047244
50117	Gallocanta	2011	152,0	131,0	101,0	30,0	1,0	1,0	99,0	77,0992366412214
50117	Gallocanta	2015	158,0	125,0	91,0	34,0	1,0	1,0	89,0	72,8
50117	Gallocanta	2016	160,0	126,0	104,0	22,0	1,0	1,0	102,0	82,5396825396825
50117	Gallocanta	2019	154,0	123,0	93,0	30,0	0,0	4,0	89,0	75,609756097561
50118	Gallur	2008	2996,0	2370,0	1830,0	540,0	4,0	15,0	1811,0	77,2151898734177
50118	Gallur	2011	3007,0	2312,0	1737,0	575,0	19,0	22,0	1696,0	75,1297577854671
50118	Gallur	2015	2779,0	2179,0	1576,0	603,0	11,0	7,0	1558,0	72,3267553923818
50118	Gallur	2016	2695,0	2165,0	1552,0	613,0	12,0	10,0	1530,0	71,6859122401848
50118	Gallur	2019	2628,0	2101,0	1484,0	617,0	7,0	17,0	1460,0	70,6330318895764
50119	Gelsa	2008	1198,0	1047,0	860,0	187,0	22,0	13,0	825,0	82,1394460362942
50119	Gelsa	2011	1201,0	997,0	740,0	257,0	20,0	13,0	707,0	74,222668004012
50119	Gelsa	2015	1122,0	930,0	698,0	232,0	7,0	7,0	684,0	75,0537634408602
50119	Gelsa	2016	1087,0	927,0	724,0	203,0	11,0	5,0	708,0	78,101402373247
50119	Gelsa	2019	995,0	876,0	633,0	243,0	8,0	11,0	614,0	72,2602739726027
50120	Godojos	2008	55,0	57,0	40,0	17,0	0,0	0,0	40,0	70,1754385964912
50120	Godojos	2011	46,0	53,0	41,0	12,0	0,0	0,0	41,0	77,3584905660377
50120	Godojos	2015	36,0	49,0	36,0	13,0	0,0	3,0	33,0	73,469387755102
50120	Godojos	2016	35,0	52,0	40,0	12,0	0,0	1,0	39,0	76,9230769230769
50120	Godojos	2019	54,0	55,0	42,0	13,0	0,0	1,0	41,0	76,3636363636364
50121	Gotor	2008	392,0	305,0	268,0	37,0	3,0	1,0	264,0	87,8688524590164
50121	Gotor	2011	399,0	297,0	250,0	47,0	5,0	6,0	239,0	84,1750841750842
50121	Gotor	2015	347,0	276,0	227,0	49,0	2,0	4,0	221,0	82,2463768115942
50121	Gotor	2016	334,0	277,0	216,0	61,0	2,0	1,0	213,0	77,9783393501805
50121	Gotor	2019	306,0	270,0	209,0	61,0	1,0	3,0	205,0	77,4074074074074
50122	Grisel	2008	98,0	93,0	75,0	18,0	0,0	0,0	75,0	80,6451612903226
50122	Grisel	2011	79,0	68,0	47,0	21,0	2,0	2,0	43,0	69,1176470588235
50122	Grisel	2015	67,0	68,0	54,0	14,0	0,0	2,0	52,0	79,4117647058824
50122	Grisel	2016	74,0	68,0	52,0	16,0	0,0	1,0	51,0	76,4705882352941
50122	Grisel	2019	67,0	68,0	43,0	25,0	1,0	1,0	41,0	63,235294117647
50123	Grisén	2008	468,0	410,0	328,0	82,0	4,0	1,0	323,0	80,0
50123	Grisén	2011	554,0	428,0	335,0	93,0	3,0	9,0	323,0	78,2710280373832
50123	Grisén	2015	636,0	465,0	349,0	116,0	5,0	2,0	342,0	75,0537634408602
50123	Grisén	2016	656,0	449,0	334,0	115,0	3,0	1,0	330,0	74,3875278396436
50123	Grisén	2019	597,0	430,0	304,0	126,0	7,0	3,0	294,0	70,6976744186047
50124	Herrera de los Navarros	2008	648,0	518,0	432,0	86,0	2,0	1,0	429,0	83,3976833976834
50124	Herrera de los Navarros	2011	616,0	474,0	375,0	99,0	8,0	11,0	356,0	79,1139240506329
50124	Herrera de los Navarros	2015	565,0	417,0	312,0	105,0	0,0	9,0	303,0	74,8201438848921
50124	Herrera de los Navarros	2016	550,0	415,0	318,0	97,0	1,0	2,0	315,0	76,6265060240964
50124	Herrera de los Navarros	2019	506,0	394,0	269,0	125,0	3,0	0,0	266,0	68,2741116751269
50125	Ibdes	2008	525,0	461,0	339,0	122,0	0,0	1,0	338,0	73,5357917570499
50125	Ibdes	2011	490,0	421,0	284,0	137,0	4,0	1,0	279,0	67,458432304038
50125	Ibdes	2015	483,0	371,0	260,0	111,0	2,0	3,0	255,0	70,0808625336927
50125	Ibdes	2016	455,0	360,0	248,0	112,0	2,0	3,0	243,0	68,8888888888889
50125	Ibdes	2019	404,0	340,0	230,0	110,0	1,0	2,0	227,0	67,6470588235294
50126	Illueca	2008	3279,0	2465,0	1939,0	526,0	3,0	20,0	1916,0	78,6612576064909
50126	Illueca	2011	3348,0	2473,0	1747,0	726,0	23,0	41,0	1683,0	70,642943792964
50126	Illueca	2015	3159,0	2388,0	1726,0	662,0	18,0	22,0	1686,0	72,2780569514238
50126	Illueca	2016	3139,0	2371,0	1573,0	798,0	14,0	19,0	1540,0	66,343315056938
50126	Illueca	2019	2964,0	2240,0	1528,0	712,0	19,0	24,0	1485,0	68,2142857142857
50128	Isuerre	2008	45,0	38,0	32,0	6,0	0,0	0,0	32,0	84,2105263157895
50128	Isuerre	2011	37,0	36,0	30,0	6,0	1,0	0,0	29,0	83,3333333333333
50128	Isuerre	2015	33,0	28,0	24,0	4,0	0,0	0,0	24,0	85,7142857142857
50128	Isuerre	2016	35,0	26,0	25,0	1,0	0,0	1,0	24,0	96,1538461538462
50128	Isuerre	2019	31,0	26,0	23,0	3,0	0,0	0,0	23,0	88,4615384615385
50129	Jaraba	2008	326,0	263,0	167,0	96,0	0,0	1,0	166,0	63,4980988593156
50129	Jaraba	2011	360,0	258,0	164,0	94,0	0,0	0,0	164,0	63,5658914728682
50129	Jaraba	2015	329,0	245,0	164,0	81,0	0,0	1,0	163,0	66,9387755102041
50129	Jaraba	2016	324,0	235,0	161,0	74,0	3,0	2,0	156,0	68,5106382978723
50129	Jaraba	2019	280,0	212,0	129,0	83,0	2,0	0,0	127,0	60,8490566037736
50130	Jarque	2008	551,0	444,0	301,0	143,0	0,0	2,0	299,0	67,7927927927928
50130	Jarque	2011	550,0	415,0	288,0	127,0	0,0	7,0	281,0	69,3975903614458
50130	Jarque	2015	501,0	395,0	252,0	143,0	0,0	1,0	251,0	63,7974683544304
50130	Jarque	2016	473,0	383,0	240,0	143,0	2,0	2,0	236,0	62,6631853785901
50130	Jarque	2019	436,0	354,0	225,0	129,0	3,0	1,0	221,0	63,5593220338983
50131	Jaulín	2008	326,0	253,0	215,0	38,0	0,0	0,0	215,0	84,9802371541502
50131	Jaulín	2011	323,0	243,0	185,0	58,0	2,0	6,0	177,0	76,1316872427984
50131	Jaulín	2015	268,0	237,0	168,0	69,0	1,0	2,0	165,0	70,8860759493671
50131	Jaulín	2016	260,0	231,0	167,0	64,0	2,0	0,0	165,0	72,2943722943723
50131	Jaulín	2019	237,0	212,0	152,0	60,0	5,0	4,0	143,0	71,6981132075472
50132	Joyosa (La)	2008	790,0	649,0	509,0	140,0	10,0	7,0	492,0	78,4283513097072
50132	Joyosa (La)	2011	936,0	697,0	544,0	153,0	8,0	11,0	525,0	78,0487804878049
50132	Joyosa (La)	2015	1007,0	755,0	573,0	182,0	9,0	7,0	557,0	75,8940397350993
50132	Joyosa (La)	2016	1042,0	751,0	543,0	208,0	7,0	0,0	536,0	72,3035952063915
50132	Joyosa (La)	2019	1072,0	780,0	549,0	231,0	11,0	7,0	531,0	70,3846153846154
50133	Lagata	2008	144,0	135,0	104,0	31,0	0,0	0,0	104,0	77,037037037037
50133	Lagata	2011	134,0	126,0	101,0	25,0	1,0	1,0	99,0	80,1587301587301
50133	Lagata	2015	133,0	117,0	88,0	29,0	0,0	3,0	85,0	75,2136752136752
50133	Lagata	2016	124,0	113,0	80,0	33,0	0,0	4,0	76,0	70,7964601769912
50133	Lagata	2019	111,0	98,0	76,0	22,0	0,0	0,0	76,0	77,5510204081633
50134	Langa del Castillo	2008	154,0	144,0	106,0	38,0	1,0	4,0	101,0	73,6111111111111
50134	Langa del Castillo	2011	151,0	134,0	102,0	32,0	1,0	3,0	98,0	76,1194029850746
50134	Langa del Castillo	2015	136,0	128,0	88,0	40,0	0,0	5,0	83,0	68,75
50134	Langa del Castillo	2016	137,0	128,0	91,0	37,0	2,0	2,0	87,0	71,09375
50134	Langa del Castillo	2019	132,0	120,0	85,0	35,0	3,0	4,0	78,0	70,8333333333333
50135	Layana	2008	116,0	97,0	78,0	19,0	0,0	0,0	78,0	80,4123711340206
50135	Layana	2011	124,0	100,0	76,0	24,0	1,0	2,0	73,0	76,0
50135	Layana	2015	119,0	95,0	63,0	32,0	0,0	0,0	63,0	66,3157894736842
50135	Layana	2016	114,0	91,0	70,0	21,0	0,0	3,0	67,0	76,9230769230769
50135	Layana	2019	100,0	85,0	59,0	26,0	0,0	0,0	59,0	69,4117647058824
50136	Lécera	2008	736,0	628,0	485,0	143,0	4,0	3,0	478,0	77,2292993630573
50136	Lécera	2011	765,0	617,0	469,0	148,0	7,0	4,0	458,0	76,0129659643436
50136	Lécera	2015	730,0	579,0	420,0	159,0	7,0	0,0	413,0	72,5388601036269
50136	Lécera	2016	729,0	575,0	414,0	161,0	4,0	2,0	408,0	72,0
50136	Lécera	2019	661,0	532,0	366,0	166,0	5,0	3,0	358,0	68,796992481203
50137	Leciñena	2008	1291,0	1136,0	929,0	207,0	3,0	12,0	914,0	81,7781690140845
50137	Leciñena	2011	1305,0	1119,0	842,0	277,0	8,0	12,0	822,0	75,2457551385165
50137	Leciñena	2015	1234,0	1025,0	794,0	231,0	7,0	6,0	781,0	77,4634146341464
50137	Leciñena	2016	1220,0	1011,0	772,0	239,0	8,0	8,0	756,0	76,3600395647873
50137	Leciñena	2019	1162,0	958,0	740,0	218,0	9,0	8,0	723,0	77,2442588726514
50138	Lechón	2008	54,0	51,0	47,0	4,0	0,0	1,0	46,0	92,156862745098
50138	Lechón	2011	57,0	49,0	43,0	6,0	0,0	2,0	41,0	87,7551020408163
50138	Lechón	2015	53,0	46,0	41,0	5,0	0,0	0,0	41,0	89,1304347826087
50138	Lechón	2016	56,0	46,0	37,0	9,0	0,0	2,0	35,0	80,4347826086956
50138	Lechón	2019	53,0	45,0	37,0	8,0	0,0	3,0	34,0	82,2222222222222
50139	Letux	2008	438,0	391,0	330,0	61,0	3,0	1,0	326,0	84,3989769820972
50139	Letux	2011	425,0	372,0	280,0	92,0	2,0	3,0	275,0	75,2688172043011
50139	Letux	2015	379,0	319,0	239,0	80,0	1,0	2,0	236,0	74,9216300940439
50139	Letux	2016	359,0	313,0	241,0	72,0	2,0	3,0	236,0	76,9968051118211
50139	Letux	2019	342,0	318,0	237,0	81,0	0,0	1,0	236,0	74,5283018867925
50140	Litago	2008	185,0	166,0	108,0	58,0	1,0	0,0	107,0	65,0602409638554
50140	Litago	2011	183,0	172,0	108,0	64,0	0,0	1,0	107,0	62,7906976744186
50140	Litago	2015	174,0	165,0	106,0	59,0	0,0	0,0	106,0	64,2424242424242
50140	Litago	2016	174,0	166,0	115,0	51,0	0,0	0,0	115,0	69,2771084337349
50140	Litago	2019	166,0	153,0	96,0	57,0	1,0	1,0	94,0	62,7450980392157
50141	Lituénigo	2008	130,0	113,0	97,0	16,0	0,0	2,0	95,0	85,8407079646018
50141	Lituénigo	2011	125,0	116,0	98,0	18,0	0,0	1,0	97,0	84,4827586206896
50141	Lituénigo	2015	126,0	114,0	85,0	29,0	1,0	0,0	84,0	74,5614035087719
50141	Lituénigo	2016	123,0	109,0	90,0	19,0	0,0	1,0	89,0	82,5688073394495
50141	Lituénigo	2019	127,0	104,0	80,0	24,0	2,0	0,0	78,0	76,9230769230769
50142	Lobera de Onsella	2008	59,0	52,0	37,0	15,0	0,0	1,0	36,0	71,1538461538462
50142	Lobera de Onsella	2011	50,0	45,0	25,0	20,0	1,0	0,0	24,0	55,5555555555556
50142	Lobera de Onsella	2015	42,0	30,0	21,0	9,0	0,0	0,0	21,0	70,0
50142	Lobera de Onsella	2016	42,0	26,0	17,0	9,0	0,0	0,0	17,0	65,3846153846154
50142	Lobera de Onsella	2019	28,0	23,0	16,0	7,0	0,0	1,0	15,0	69,5652173913043
50143	Longares	2008	873,0	643,0	500,0	143,0	1,0	9,0	490,0	77,7604976671851
50143	Longares	2011	896,0	608,0	427,0	181,0	3,0	5,0	419,0	70,2302631578947
50143	Longares	2015	898,0	569,0	414,0	155,0	3,0	4,0	407,0	72,7592267135325
50143	Longares	2016	847,0	566,0	394,0	172,0	3,0	6,0	385,0	69,6113074204947
50143	Longares	2019	763,0	541,0	373,0	168,0	6,0	2,0	365,0	68,9463955637708
50144	Longás	2008	43,0	40,0	34,0	6,0	0,0	0,0	34,0	85,0
50144	Longás	2011	36,0	36,0	32,0	4,0	0,0	0,0	32,0	88,8888888888889
50144	Longás	2015	35,0	36,0	28,0	8,0	0,0	0,0	28,0	77,7777777777778
50144	Longás	2016	36,0	34,0	29,0	5,0	0,0	2,0	27,0	85,2941176470588
50144	Longás	2019	35,0	31,0	24,0	7,0	0,0	0,0	24,0	77,4193548387097
50146	Lucena de Jalón	2008	294,0	212,0	175,0	37,0	0,0	1,0	174,0	82,5471698113207
50146	Lucena de Jalón	2011	309,0	211,0	168,0	43,0	1,0	4,0	163,0	79,6208530805687
50146	Lucena de Jalón	2015	252,0	190,0	137,0	53,0	0,0	5,0	132,0	72,1052631578947
50146	Lucena de Jalón	2016	242,0	187,0	145,0	42,0	1,0	3,0	141,0	77,5401069518717
50146	Lucena de Jalón	2019	237,0	189,0	149,0	40,0	0,0	3,0	146,0	78,8359788359788
50147	Luceni	2008	1070,0	856,0	650,0	206,0	2,0	8,0	640,0	75,9345794392523
50147	Luceni	2011	1098,0	845,0	637,0	208,0	10,0	12,0	615,0	75,3846153846154
50147	Luceni	2015	1014,0	788,0	577,0	211,0	1,0	4,0	572,0	73,2233502538071
50147	Luceni	2016	1006,0	777,0	552,0	225,0	0,0	2,0	550,0	71,042471042471
50147	Luceni	2019	945,0	744,0	508,0	236,0	2,0	5,0	501,0	68,2795698924731
50148	Luesia	2008	416,0	358,0	263,0	95,0	3,0	2,0	258,0	73,463687150838
50148	Luesia	2011	361,0	365,0	256,0	109,0	5,0	2,0	249,0	70,1369863013699
50148	Luesia	2015	307,0	324,0	240,0	84,0	4,0	0,0	236,0	74,0740740740741
50148	Luesia	2016	334,0	316,0	233,0	83,0	4,0	4,0	225,0	73,7341772151899
50148	Luesia	2019	310,0	304,0	213,0	91,0	2,0	2,0	209,0	70,0657894736842
50149	Luesma	2008	38,0	37,0	25,0	12,0	0,0	0,0	25,0	67,5675675675676
50149	Luesma	2011	38,0	48,0	35,0	13,0	0,0	0,0	35,0	72,9166666666667
50149	Luesma	2015	47,0	36,0	23,0	13,0	0,0	0,0	23,0	63,8888888888889
50149	Luesma	2016	43,0	34,0	24,0	10,0	0,0	0,0	24,0	70,5882352941176
50149	Luesma	2019	34,0	34,0	25,0	9,0	0,0	0,0	25,0	73,5294117647059
50150	Lumpiaque	2008	975,0	782,0	570,0	212,0	3,0	4,0	563,0	72,8900255754476
50150	Lumpiaque	2011	937,0	717,0	430,0	287,0	3,0	10,0	417,0	59,9721059972106
50150	Lumpiaque	2015	916,0	660,0	402,0	258,0	0,0	3,0	399,0	60,9090909090909
50150	Lumpiaque	2016	886,0	649,0	402,0	247,0	5,0	2,0	395,0	61,9414483821263
50150	Lumpiaque	2019	827,0	624,0	387,0	237,0	3,0	2,0	382,0	62,0192307692308
50151	Luna	2008	855,0	719,0	559,0	160,0	2,0	6,0	551,0	77,7468706536857
50151	Luna	2011	846,0	713,0	536,0	177,0	5,0	5,0	526,0	75,1753155680224
50151	Luna	2015	776,0	650,0	504,0	146,0	1,0	7,0	496,0	77,5384615384615
50151	Luna	2016	756,0	636,0	499,0	137,0	0,0	0,0	499,0	78,4591194968553
50151	Luna	2019	701,0	607,0	450,0	157,0	1,0	12,0	437,0	74,1350906095552
50152	Maella	2008	2051,0	1691,0	1265,0	426,0	11,0	13,0	1241,0	74,8078060319338
50152	Maella	2011	2028,0	1569,0	1151,0	418,0	16,0	31,0	1104,0	73,3588272785214
50152	Maella	2015	1958,0	1457,0	1032,0	425,0	14,0	11,0	1007,0	70,8304735758408
50152	Maella	2016	1953,0	1430,0	1008,0	422,0	14,0	14,0	980,0	70,4895104895105
50152	Maella	2019	2007,0	1351,0	942,0	409,0	10,0	14,0	918,0	69,7261287934863
50153	Magallón	2008	1194,0	1013,0	799,0	214,0	8,0	9,0	782,0	78,8746298124383
50153	Magallón	2011	1205,0	1002,0	757,0	245,0	9,0	12,0	736,0	75,5489021956088
50153	Magallón	2015	1183,0	941,0	738,0	203,0	3,0	7,0	728,0	78,4272051009564
50153	Magallón	2016	1174,0	935,0	713,0	222,0	5,0	6,0	702,0	76,2566844919786
50153	Magallón	2019	1133,0	914,0	683,0	231,0	8,0	9,0	666,0	74,72647702407
50154	Mainar	2008	174,0	141,0	111,0	30,0	0,0	0,0	111,0	78,7234042553191
50154	Mainar	2011	167,0	129,0	98,0	31,0	1,0	1,0	96,0	75,968992248062
50154	Mainar	2015	162,0	119,0	92,0	27,0	1,0	0,0	91,0	77,3109243697479
50154	Mainar	2016	152,0	116,0	96,0	20,0	0,0	0,0	96,0	82,7586206896552
50154	Mainar	2019	151,0	114,0	92,0	22,0	0,0	1,0	91,0	80,7017543859649
50155	Malanquilla	2008	131,0	119,0	94,0	25,0	0,0	1,0	93,0	78,9915966386555
50155	Malanquilla	2011	127,0	119,0	91,0	28,0	0,0	1,0	90,0	76,4705882352941
50155	Malanquilla	2015	112,0	102,0	78,0	24,0	0,0	0,0	78,0	76,4705882352941
50155	Malanquilla	2016	113,0	103,0	80,0	23,0	2,0	0,0	78,0	77,6699029126213
50155	Malanquilla	2019	100,0	95,0	65,0	30,0	0,0	0,0	65,0	68,421052631579
50156	Maleján	2008	303,0	250,0	213,0	37,0	0,0	1,0	212,0	85,2
50156	Maleján	2011	344,0	234,0	186,0	48,0	3,0	2,0	181,0	79,4871794871795
50156	Maleján	2015	300,0	214,0	173,0	41,0	3,0	2,0	168,0	80,8411214953271
50156	Maleján	2016	267,0	215,0	181,0	34,0	3,0	2,0	176,0	84,1860465116279
50156	Maleján	2019	259,0	212,0	156,0	56,0	5,0	2,0	149,0	73,5849056603773
50157	Malón	2008	386,0	320,0	254,0	66,0	1,0	0,0	253,0	79,375
50157	Malón	2011	379,0	313,0	253,0	60,0	3,0	7,0	243,0	80,8306709265176
50157	Malón	2015	364,0	301,0	211,0	90,0	4,0	2,0	205,0	70,0996677740864
50157	Malón	2016	359,0	290,0	220,0	70,0	2,0	3,0	215,0	75,8620689655172
50157	Malón	2019	323,0	289,0	199,0	90,0	3,0	1,0	195,0	68,8581314878893
50159	Maluenda	2008	1075,0	778,0	654,0	124,0	0,0	3,0	651,0	84,0616966580977
50159	Maluenda	2011	1094,0	728,0	554,0	174,0	10,0	4,0	540,0	76,0989010989011
50159	Maluenda	2015	1080,0	670,0	511,0	159,0	10,0	5,0	496,0	76,2686567164179
50159	Maluenda	2016	1034,0	665,0	512,0	153,0	5,0	2,0	505,0	76,9924812030075
50159	Maluenda	2019	942,0	640,0	493,0	147,0	7,0	3,0	483,0	77,03125
50160	Mallén	2008	3503,0	2398,0	2003,0	395,0	18,0	18,0	1967,0	83,5279399499583
50160	Mallén	2011	3704,0	2397,0	1905,0	492,0	40,0	19,0	1846,0	79,4743429286608
50160	Mallén	2015	3399,0	2245,0	1661,0	584,0	13,0	10,0	1638,0	73,9866369710468
50160	Mallén	2016	3292,0	2238,0	1546,0	692,0	18,0	12,0	1516,0	69,0795352993744
50160	Mallén	2019	3083,0	2140,0	1421,0	719,0	27,0	14,0	1380,0	66,4018691588785
50161	Manchones	2008	142,0	119,0	89,0	30,0	1,0	1,0	87,0	74,7899159663865
50161	Manchones	2011	123,0	124,0	86,0	38,0	0,0	1,0	85,0	69,3548387096774
50161	Manchones	2015	116,0	117,0	76,0	41,0	0,0	0,0	76,0	64,9572649572649
50161	Manchones	2016	130,0	106,0	75,0	31,0	3,0	0,0	72,0	70,7547169811321
50161	Manchones	2019	98,0	98,0	75,0	23,0	1,0	2,0	72,0	76,5306122448979
50162	Mara	2008	207,0	175,0	145,0	30,0	1,0	0,0	144,0	82,8571428571429
50162	Mara	2011	206,0	160,0	108,0	52,0	0,0	2,0	106,0	67,5
50162	Mara	2015	178,0	147,0	110,0	37,0	0,0	2,0	108,0	74,8299319727891
50162	Mara	2016	182,0	146,0	109,0	37,0	4,0	4,0	101,0	74,6575342465753
50162	Mara	2019	181,0	135,0	100,0	35,0	1,0	3,0	96,0	74,0740740740741
50163	María de Huerva	2008	3420,0	2673,0	2058,0	615,0	7,0	38,0	2013,0	76,9921436588103
50163	María de Huerva	2011	4729,0	3427,0	2448,0	979,0	35,0	62,0	2351,0	71,432740005836
50163	María de Huerva	2015	5359,0	3655,0	2766,0	889,0	26,0	34,0	2706,0	75,6771545827633
50163	María de Huerva	2016	5425,0	3689,0	2702,0	987,0	22,0	37,0	2643,0	73,2447817836812
50163	María de Huerva	2019	5663,0	3846,0	2863,0	983,0	23,0	25,0	2815,0	74,4409776391056
50164	Mediana de Aragón	2008	520,0	441,0	332,0	109,0	0,0	4,0	328,0	75,2834467120181
50164	Mediana de Aragón	2011	481,0	407,0	271,0	136,0	3,0	4,0	264,0	66,5847665847666
50164	Mediana de Aragón	2015	473,0	395,0	263,0	132,0	3,0	2,0	258,0	66,5822784810127
50164	Mediana de Aragón	2016	457,0	390,0	247,0	143,0	1,0	6,0	240,0	63,3333333333333
50164	Mediana de Aragón	2019	465,0	381,0	245,0	136,0	2,0	3,0	240,0	64,3044619422572
50165	Mequinenza	2008	2480,0	1974,0	1547,0	427,0	23,0	37,0	1487,0	78,3687943262411
50165	Mequinenza	2011	2495,0	1880,0	1339,0	541,0	65,0	49,0	1225,0	71,2234042553191
50165	Mequinenza	2015	2393,0	1815,0	1333,0	482,0	17,0	27,0	1289,0	73,4435261707989
50165	Mequinenza	2016	2311,0	1814,0	1287,0	527,0	23,0	26,0	1238,0	70,9481808158765
50165	Mequinenza	2019	2301,0	1768,0	1255,0	513,0	33,0	20,0	1202,0	70,9841628959276
50166	Mesones de Isuela	2008	318,0	300,0	244,0	56,0	0,0	2,0	242,0	81,3333333333333
50166	Mesones de Isuela	2011	315,0	282,0	216,0	66,0	6,0	1,0	209,0	76,5957446808511
50166	Mesones de Isuela	2015	295,0	260,0	192,0	68,0	3,0	2,0	187,0	73,8461538461538
50166	Mesones de Isuela	2016	291,0	255,0	208,0	47,0	2,0	2,0	204,0	81,5686274509804
50166	Mesones de Isuela	2019	271,0	235,0	186,0	49,0	0,0	0,0	186,0	79,1489361702128
50167	Mezalocha	2008	263,0	259,0	214,0	45,0	2,0	5,0	207,0	82,6254826254826
50167	Mezalocha	2011	226,0	235,0	191,0	44,0	7,0	1,0	183,0	81,2765957446809
50167	Mezalocha	2015	241,0	232,0	194,0	38,0	1,0	0,0	193,0	83,6206896551724
50167	Mezalocha	2016	235,0	233,0	183,0	50,0	5,0	1,0	177,0	78,5407725321888
50167	Mezalocha	2019	240,0	208,0	166,0	42,0	3,0	1,0	162,0	79,8076923076923
50168	Mianos	2008	53,0	42,0	32,0	10,0	0,0	0,0	32,0	76,1904761904762
50168	Mianos	2011	41,0	34,0	26,0	8,0	0,0	1,0	25,0	76,4705882352941
50168	Mianos	2015	30,0	28,0	23,0	5,0	0,0	0,0	23,0	82,1428571428571
50168	Mianos	2016	31,0	28,0	27,0	1,0	0,0	0,0	27,0	96,4285714285714
50168	Mianos	2019	32,0	29,0	20,0	9,0	0,0	0,0	20,0	68,9655172413793
50169	Miedes de Aragón	2008	468,0	393,0	293,0	100,0	1,0	0,0	292,0	74,5547073791349
50169	Miedes de Aragón	2011	475,0	371,0	275,0	96,0	1,0	5,0	269,0	74,1239892183288
50169	Miedes de Aragón	2015	464,0	362,0	264,0	98,0	2,0	0,0	262,0	72,9281767955801
50169	Miedes de Aragón	2016	479,0	351,0	269,0	82,0	4,0	0,0	265,0	76,6381766381766
50169	Miedes de Aragón	2019	432,0	333,0	231,0	102,0	1,0	0,0	230,0	69,3693693693694
50170	Monegrillo	2008	486,0	432,0	368,0	64,0	6,0	0,0	362,0	85,1851851851852
50170	Monegrillo	2011	479,0	411,0	316,0	95,0	3,0	2,0	311,0	76,8856447688564
50170	Monegrillo	2015	440,0	378,0	286,0	92,0	3,0	2,0	281,0	75,6613756613757
50170	Monegrillo	2016	431,0	371,0	283,0	88,0	3,0	0,0	280,0	76,2803234501348
50170	Monegrillo	2019	413,0	357,0	245,0	112,0	3,0	6,0	236,0	68,6274509803921
50171	Moneva	2008	96,0	120,0	92,0	28,0	2,0	2,0	88,0	76,6666666666667
50171	Moneva	2011	122,0	126,0	90,0	36,0	1,0	4,0	85,0	71,4285714285714
50171	Moneva	2015	111,0	108,0	70,0	38,0	1,0	0,0	69,0	64,8148148148148
50171	Moneva	2016	112,0	106,0	79,0	27,0	0,0	0,0	79,0	74,5283018867925
50171	Moneva	2019	94,0	99,0	69,0	30,0	0,0	2,0	67,0	69,6969696969697
50172	Monreal de Ariza	2008	220,0	218,0	155,0	63,0	0,0	1,0	154,0	71,1009174311927
50172	Monreal de Ariza	2011	189,0	187,0	140,0	47,0	2,0	4,0	134,0	74,8663101604278
50172	Monreal de Ariza	2015	233,0	196,0	138,0	58,0	2,0	0,0	136,0	70,4081632653061
50172	Monreal de Ariza	2016	222,0	193,0	132,0	61,0	3,0	1,0	128,0	68,3937823834197
50172	Monreal de Ariza	2019	212,0	174,0	125,0	49,0	2,0	2,0	121,0	71,8390804597701
50173	Monterde	2008	221,0	203,0	134,0	69,0	3,0	0,0	131,0	66,0098522167488
50173	Monterde	2011	194,0	175,0	104,0	71,0	0,0	2,0	102,0	59,4285714285714
50173	Monterde	2015	168,0	210,0	141,0	69,0	1,0	2,0	138,0	67,1428571428571
50173	Monterde	2016	278,0	182,0	132,0	50,0	1,0	1,0	130,0	72,5274725274725
50173	Monterde	2019	159,0	156,0	114,0	42,0	0,0	0,0	114,0	73,0769230769231
50174	Montón	2008	123,0	115,0	99,0	16,0	2,0	0,0	97,0	86,0869565217391
50174	Montón	2011	132,0	107,0	92,0	15,0	2,0	0,0	90,0	85,981308411215
50174	Montón	2015	114,0	92,0	70,0	22,0	0,0	0,0	70,0	76,0869565217391
50174	Montón	2016	105,0	91,0	69,0	22,0	1,0	0,0	68,0	75,8241758241758
50174	Montón	2019	94,0	80,0	58,0	22,0	1,0	0,0	57,0	72,5
50175	Morata de Jalón	2008	1379,0	1171,0	883,0	288,0	6,0	5,0	872,0	75,4056362083689
50175	Morata de Jalón	2011	1352,0	1088,0	742,0	346,0	10,0	10,0	722,0	68,1985294117647
50175	Morata de Jalón	2015	1209,0	1025,0	745,0	280,0	6,0	6,0	733,0	72,6829268292683
50175	Morata de Jalón	2016	1204,0	1002,0	695,0	307,0	7,0	5,0	683,0	69,3612774451098
50175	Morata de Jalón	2019	1097,0	907,0	638,0	269,0	6,0	11,0	621,0	70,3417861080485
50176	Morata de Jiloca	2008	292,0	256,0	207,0	49,0	3,0	1,0	203,0	80,859375
50176	Morata de Jiloca	2011	301,0	237,0	161,0	76,0	1,0	4,0	156,0	67,9324894514768
50176	Morata de Jiloca	2015	236,0	228,0	158,0	70,0	1,0	0,0	157,0	69,2982456140351
50176	Morata de Jiloca	2016	256,0	236,0	165,0	71,0	0,0	3,0	162,0	69,9152542372881
50176	Morata de Jiloca	2019	282,0	220,0	142,0	78,0	0,0	3,0	139,0	64,5454545454545
50177	Morés	2008	447,0	396,0	309,0	87,0	4,0	2,0	303,0	78,030303030303
50177	Morés	2011	437,0	355,0	268,0	87,0	3,0	4,0	261,0	75,4929577464789
50177	Morés	2015	379,0	315,0	251,0	64,0	2,0	3,0	246,0	79,6825396825397
50177	Morés	2016	362,0	308,0	245,0	63,0	1,0	4,0	240,0	79,5454545454545
50177	Morés	2019	334,0	288,0	196,0	92,0	3,0	0,0	193,0	68,0555555555555
50178	Moros	2008	469,0	371,0	265,0	106,0	3,0	0,0	262,0	71,4285714285714
50178	Moros	2011	469,0	325,0	228,0	97,0	3,0	4,0	221,0	70,1538461538462
50178	Moros	2015	406,0	302,0	197,0	105,0	1,0	9,0	187,0	65,2317880794702
50178	Moros	2016	397,0	293,0	190,0	103,0	3,0	0,0	187,0	64,8464163822525
50178	Moros	2019	362,0	269,0	165,0	104,0	2,0	6,0	157,0	61,3382899628253
50179	Moyuela	2008	290,0	290,0	240,0	50,0	0,0	1,0	239,0	82,7586206896552
50179	Moyuela	2011	260,0	269,0	230,0	39,0	1,0	2,0	227,0	85,5018587360595
50179	Moyuela	2015	265,0	257,0	207,0	50,0	0,0	2,0	205,0	80,5447470817121
50179	Moyuela	2016	280,0	249,0	214,0	35,0	1,0	2,0	211,0	85,9437751004016
50179	Moyuela	2019	245,0	255,0	197,0	58,0	0,0	0,0	197,0	77,2549019607843
50180	Mozota	2008	127,0	121,0	105,0	16,0	0,0	1,0	104,0	86,7768595041322
50180	Mozota	2011	114,0	111,0	91,0	20,0	2,0	3,0	86,0	81,981981981982
50180	Mozota	2015	121,0	120,0	97,0	23,0	1,0	0,0	96,0	80,8333333333333
50180	Mozota	2016	121,0	119,0	99,0	20,0	0,0	2,0	97,0	83,1932773109244
50180	Mozota	2019	130,0	107,0	85,0	22,0	0,0	1,0	84,0	79,4392523364486
50181	Muel	2008	1225,0	990,0	771,0	219,0	4,0	13,0	754,0	77,8787878787879
50181	Muel	2011	1385,0	1053,0	787,0	266,0	27,0	9,0	751,0	74,7388414055081
50181	Muel	2015	1375,0	1003,0	751,0	252,0	13,0	9,0	729,0	74,8753738783649
50181	Muel	2016	1335,0	993,0	733,0	260,0	13,0	5,0	715,0	73,8167170191339
50181	Muel	2019	1333,0	1000,0	748,0	252,0	16,0	3,0	729,0	74,8
50182	Muela (La)	2008	3965,0	3279,0	2527,0	752,0	9,0	35,0	2483,0	77,0661787130223
50182	Muela (La)	2011	5166,0	3704,0	2551,0	1153,0	36,0	44,0	2471,0	68,8714902807775
50182	Muela (La)	2015	4948,0	3352,0	2437,0	915,0	28,0	26,0	2383,0	72,7028639618138
50182	Muela (La)	2016	4980,0	3399,0	2364,0	1035,0	29,0	21,0	2314,0	69,54986760812
50182	Muela (La)	2019	5479,0	3657,0	2499,0	1158,0	14,0	23,0	2462,0	68,3347005742412
50183	Munébrega	2008	431,0	380,0	309,0	71,0	2,0	2,0	305,0	81,3157894736842
50183	Munébrega	2011	488,0	369,0	277,0	92,0	3,0	5,0	269,0	75,0677506775068
50183	Munébrega	2015	420,0	338,0	255,0	83,0	0,0	0,0	255,0	75,4437869822485
50183	Munébrega	2016	405,0	331,0	246,0	85,0	0,0	3,0	243,0	74,3202416918429
50183	Munébrega	2019	385,0	316,0	227,0	89,0	4,0	1,0	222,0	71,8354430379747
50184	Murero	2008	163,0	148,0	125,0	23,0	2,0	1,0	122,0	84,4594594594594
50184	Murero	2011	146,0	132,0	106,0	26,0	0,0	1,0	105,0	80,3030303030303
50184	Murero	2015	133,0	113,0	82,0	31,0	0,0	0,0	82,0	72,5663716814159
50184	Murero	2016	131,0	115,0	85,0	30,0	0,0	0,0	85,0	73,9130434782609
50184	Murero	2019	107,0	87,0	70,0	17,0	0,0	0,0	70,0	80,4597701149425
50185	Murillo de Gállego	2008	173,0	160,0	125,0	35,0	1,0	0,0	124,0	78,125
50185	Murillo de Gállego	2011	189,0	150,0	109,0	41,0	0,0	2,0	107,0	72,6666666666667
50185	Murillo de Gállego	2015	183,0	132,0	110,0	22,0	0,0	1,0	109,0	83,3333333333333
50185	Murillo de Gállego	2016	166,0	133,0	108,0	25,0	0,0	1,0	107,0	81,203007518797
50185	Murillo de Gállego	2019	174,0	140,0	93,0	47,0	1,0	1,0	91,0	66,4285714285714
50186	Navardún	2008	44,0	48,0	38,0	10,0	0,0	0,0	38,0	79,1666666666667
50186	Navardún	2011	50,0	44,0	30,0	14,0	1,0	0,0	29,0	68,1818181818182
50186	Navardún	2015	43,0	41,0	29,0	12,0	0,0	0,0	29,0	70,7317073170732
50186	Navardún	2016	41,0	42,0	31,0	11,0	0,0	0,0	31,0	73,8095238095238
50186	Navardún	2019	40,0	37,0	26,0	11,0	0,0	1,0	25,0	70,2702702702703
50187	Nigüella	2008	91,0	84,0	62,0	22,0	0,0	0,0	62,0	73,8095238095238
50187	Nigüella	2011	81,0	72,0	45,0	27,0	0,0	1,0	44,0	62,5
50187	Nigüella	2015	80,0	70,0	38,0	32,0	0,0	0,0	38,0	54,2857142857143
50187	Nigüella	2016	78,0	69,0	44,0	25,0	0,0	0,0	44,0	63,768115942029
50187	Nigüella	2019	66,0	55,0	42,0	13,0	0,0	0,0	42,0	76,3636363636364
50188	Nombrevilla	2008	39,0	38,0	30,0	8,0	0,0	0,0	30,0	78,9473684210526
50188	Nombrevilla	2011	35,0	34,0	28,0	6,0	1,0	0,0	27,0	82,3529411764706
50188	Nombrevilla	2015	37,0	30,0	23,0	7,0	4,0	0,0	19,0	76,6666666666667
50188	Nombrevilla	2016	34,0	28,0	25,0	3,0	0,0	0,0	25,0	89,2857142857143
50188	Nombrevilla	2019	29,0	26,0	23,0	3,0	0,0	0,0	23,0	88,4615384615385
50189	Nonaspe	2008	1056,0	838,0	682,0	156,0	9,0	7,0	666,0	81,3842482100239
50189	Nonaspe	2011	1061,0	776,0	588,0	188,0	12,0	9,0	567,0	75,7731958762887
50189	Nonaspe	2015	1016,0	712,0	574,0	138,0	15,0	4,0	555,0	80,6179775280899
50189	Nonaspe	2016	1008,0	705,0	527,0	178,0	8,0	13,0	506,0	74,7517730496454
50189	Nonaspe	2019	962,0	678,0	494,0	184,0	7,0	6,0	481,0	72,8613569321534
50190	Novallas	2008	875,0	727,0	614,0	113,0	1,0	0,0	613,0	84,4566712517194
50190	Novallas	2011	919,0	751,0	576,0	175,0	11,0	7,0	558,0	76,6977363515313
50190	Novallas	2015	931,0	708,0	543,0	165,0	3,0	3,0	537,0	76,6949152542373
50190	Novallas	2016	913,0	695,0	523,0	172,0	8,0	3,0	512,0	75,2517985611511
50190	Novallas	2019	850,0	669,0	532,0	137,0	14,0	10,0	508,0	79,5216741405082
50191	Novillas	2008	643,0	538,0	434,0	104,0	2,0	2,0	430,0	80,6691449814126
50191	Novillas	2011	626,0	505,0	395,0	110,0	5,0	4,0	386,0	78,2178217821782
50191	Novillas	2015	586,0	476,0	327,0	149,0	2,0	3,0	322,0	68,6974789915966
50191	Novillas	2016	578,0	470,0	310,0	160,0	2,0	1,0	307,0	65,9574468085106
50191	Novillas	2019	540,0	446,0	327,0	119,0	1,0	1,0	325,0	73,3183856502242
50192	Nuévalos	2008	342,0	265,0	210,0	55,0	2,0	0,0	208,0	79,2452830188679
50192	Nuévalos	2011	356,0	240,0	188,0	52,0	4,0	9,0	175,0	78,3333333333333
50192	Nuévalos	2015	332,0	236,0	185,0	51,0	2,0	2,0	181,0	78,3898305084746
50192	Nuévalos	2016	327,0	236,0	180,0	56,0	0,0	2,0	178,0	76,271186440678
50192	Nuévalos	2019	325,0	227,0	182,0	45,0	1,0	0,0	181,0	80,1762114537445
50193	Nuez de Ebro	2008	731,0	596,0	497,0	99,0	6,0	6,0	485,0	83,3892617449664
50193	Nuez de Ebro	2011	801,0	635,0	483,0	152,0	18,0	3,0	462,0	76,0629921259842
50193	Nuez de Ebro	2015	843,0	647,0	514,0	133,0	8,0	1,0	505,0	79,4435857805255
50193	Nuez de Ebro	2016	826,0	651,0	514,0	137,0	13,0	2,0	499,0	78,9554531490015
50193	Nuez de Ebro	2019	827,0	664,0	487,0	177,0	12,0	4,0	471,0	73,3433734939759
50194	Olvés	2008	112,0	107,0	77,0	30,0	0,0	0,0	77,0	71,9626168224299
50194	Olvés	2011	115,0	102,0	67,0	35,0	0,0	2,0	65,0	65,6862745098039
50194	Olvés	2015	106,0	84,0	52,0	32,0	0,0	0,0	52,0	61,9047619047619
50194	Olvés	2016	117,0	88,0	63,0	25,0	0,0	1,0	62,0	71,5909090909091
50194	Olvés	2019	106,0	80,0	51,0	29,0	0,0	0,0	51,0	63,75
50195	Orcajo	2008	38,0	41,0	34,0	7,0	1,0	1,0	32,0	82,9268292682927
50195	Orcajo	2011	33,0	48,0	38,0	10,0	0,0	1,0	37,0	79,1666666666667
50195	Orcajo	2015	57,0	53,0	38,0	15,0	0,0	0,0	38,0	71,6981132075472
50195	Orcajo	2016	56,0	54,0	40,0	14,0	0,0	0,0	40,0	74,0740740740741
50195	Orcajo	2019	59,0	53,0	42,0	11,0	4,0	0,0	38,0	79,2452830188679
50196	Orera	2008	122,0	102,0	85,0	17,0	1,0	1,0	83,0	83,3333333333333
50196	Orera	2011	129,0	110,0	87,0	23,0	1,0	4,0	82,0	79,0909090909091
50196	Orera	2015	131,0	108,0	83,0	25,0	1,0	1,0	81,0	76,8518518518519
50196	Orera	2016	127,0	107,0	87,0	20,0	1,0	0,0	86,0	81,3084112149533
50196	Orera	2019	118,0	101,0	73,0	28,0	0,0	0,0	73,0	72,2772277227723
50197	Orés	2008	106,0	94,0	76,0	18,0	0,0	1,0	75,0	80,8510638297872
50197	Orés	2011	101,0	89,0	65,0	24,0	0,0	3,0	62,0	73,0337078651685
50197	Orés	2015	110,0	92,0	71,0	21,0	0,0	2,0	69,0	77,1739130434783
50197	Orés	2016	112,0	90,0	67,0	23,0	0,0	2,0	65,0	74,4444444444444
50197	Orés	2019	104,0	95,0	69,0	26,0	1,0	2,0	66,0	72,6315789473684
50198	Oseja	2008	50,0	51,0	43,0	8,0	0,0	0,0	43,0	84,3137254901961
50198	Oseja	2011	55,0	46,0	36,0	10,0	0,0	2,0	34,0	78,2608695652174
50198	Oseja	2015	48,0	56,0	30,0	26,0	0,0	0,0	30,0	53,5714285714286
50198	Oseja	2016	61,0	54,0	41,0	13,0	0,0	1,0	40,0	75,9259259259259
50198	Oseja	2019	52,0	47,0	32,0	15,0	0,0	0,0	32,0	68,0851063829787
50199	Osera de Ebro	2008	417,0	359,0	284,0	75,0	1,0	2,0	281,0	79,108635097493
50199	Osera de Ebro	2011	473,0	380,0	263,0	117,0	9,0	2,0	252,0	69,2105263157895
50199	Osera de Ebro	2015	424,0	341,0	242,0	99,0	1,0	4,0	237,0	70,9677419354839
50199	Osera de Ebro	2016	407,0	334,0	244,0	90,0	2,0	3,0	239,0	73,0538922155689
50199	Osera de Ebro	2019	395,0	318,0	206,0	112,0	5,0	1,0	200,0	64,7798742138365
50200	Paniza	2008	741,0	549,0	474,0	75,0	3,0	5,0	466,0	86,3387978142077
50200	Paniza	2011	759,0	534,0	436,0	98,0	4,0	9,0	423,0	81,6479400749063
50200	Paniza	2015	729,0	509,0	406,0	103,0	2,0	6,0	398,0	79,7642436149312
50200	Paniza	2016	691,0	511,0	410,0	101,0	7,0	2,0	401,0	80,2348336594912
50200	Paniza	2019	634,0	479,0	389,0	90,0	6,0	5,0	378,0	81,2108559498956
50201	Paracuellos de Jiloca	2008	507,0	445,0	367,0	78,0	0,0	3,0	364,0	82,4719101123595
50201	Paracuellos de Jiloca	2011	576,0	466,0	366,0	100,0	3,0	7,0	356,0	78,5407725321888
50201	Paracuellos de Jiloca	2015	568,0	443,0	335,0	108,0	5,0	2,0	328,0	75,6207674943567
50201	Paracuellos de Jiloca	2016	590,0	448,0	339,0	109,0	4,0	7,0	328,0	75,6696428571429
50201	Paracuellos de Jiloca	2019	601,0	449,0	345,0	104,0	1,0	4,0	340,0	76,837416481069
50202	Paracuellos de la Ribera	2008	199,0	207,0	156,0	51,0	0,0	1,0	155,0	75,3623188405797
50202	Paracuellos de la Ribera	2011	194,0	182,0	125,0	57,0	3,0	2,0	120,0	68,6813186813187
50202	Paracuellos de la Ribera	2015	175,0	158,0	96,0	62,0	4,0	1,0	91,0	60,7594936708861
50202	Paracuellos de la Ribera	2016	168,0	152,0	100,0	52,0	1,0	1,0	98,0	65,7894736842105
50202	Paracuellos de la Ribera	2019	158,0	124,0	76,0	48,0	2,0	0,0	74,0	61,2903225806452
50203	Pastriz	2008	1370,0	1088,0	867,0	221,0	2,0	12,0	853,0	79,6875
50203	Pastriz	2011	1384,0	1083,0	814,0	269,0	16,0	28,0	770,0	75,1615881809788
50203	Pastriz	2015	1310,0	1043,0	811,0	232,0	9,0	15,0	787,0	77,7564717162032
50203	Pastriz	2016	1280,0	1040,0	748,0	292,0	9,0	7,0	732,0	71,9230769230769
50203	Pastriz	2019	1293,0	1065,0	817,0	248,0	13,0	5,0	799,0	76,7136150234742
50204	Pedrola	2008	3302,0	2383,0	1893,0	490,0	10,0	7,0	1876,0	79,4376835921108
50204	Pedrola	2011	3721,0	2519,0	1823,0	696,0	19,0	24,0	1780,0	72,3699880905121
50204	Pedrola	2015	3622,0	2457,0	1833,0	624,0	14,0	14,0	1805,0	74,6031746031746
50204	Pedrola	2016	3560,0	2436,0	1785,0	651,0	15,0	3,0	1767,0	73,2758620689655
50204	Pedrola	2019	3509,0	2396,0	1723,0	673,0	11,0	17,0	1695,0	71,9115191986644
50205	Pedrosas (Las)	2008	106,0	108,0	82,0	26,0	0,0	1,0	81,0	75,9259259259259
50205	Pedrosas (Las)	2011	121,0	98,0	72,0	26,0	1,0	2,0	69,0	73,469387755102
50205	Pedrosas (Las)	2015	110,0	91,0	69,0	22,0	4,0	1,0	64,0	75,8241758241758
50205	Pedrosas (Las)	2016	107,0	90,0	63,0	27,0	2,0	0,0	61,0	70,0
50205	Pedrosas (Las)	2019	90,0	72,0	51,0	21,0	2,0	0,0	49,0	70,8333333333333
50206	Perdiguera	2008	647,0	525,0	420,0	105,0	2,0	3,0	415,0	80,0
50206	Perdiguera	2011	664,0	499,0	386,0	113,0	2,0	10,0	374,0	77,3547094188377
50206	Perdiguera	2015	613,0	466,0	379,0	87,0	3,0	2,0	374,0	81,3304721030043
50206	Perdiguera	2016	597,0	460,0	363,0	97,0	6,0	4,0	353,0	78,9130434782609
50206	Perdiguera	2019	577,0	457,0	349,0	108,0	4,0	5,0	340,0	76,3676148796499
50207	Piedratajada	2008	167,0	141,0	110,0	31,0	3,0	1,0	106,0	78,0141843971631
50207	Piedratajada	2011	150,0	126,0	97,0	29,0	2,0	1,0	94,0	76,984126984127
50207	Piedratajada	2015	113,0	109,0	88,0	21,0	0,0	1,0	87,0	80,7339449541284
50207	Piedratajada	2016	114,0	106,0	93,0	13,0	0,0	1,0	92,0	87,7358490566038
50207	Piedratajada	2019	97,0	87,0	58,0	29,0	0,0	1,0	57,0	66,6666666666667
50208	Pina de Ebro	2008	2461,0	1849,0	1445,0	404,0	3,0	13,0	1429,0	78,1503515413737
50208	Pina de Ebro	2011	2655,0	1831,0	1321,0	510,0	16,0	24,0	1281,0	72,1463681048607
50208	Pina de Ebro	2015	2567,0	1802,0	1349,0	453,0	17,0	16,0	1316,0	74,8612652608213
50208	Pina de Ebro	2016	2535,0	1774,0	1207,0	567,0	12,0	10,0	1185,0	68,0383314543405
50208	Pina de Ebro	2019	2373,0	1761,0	1267,0	494,0	17,0	16,0	1234,0	71,9477569562748
50209	Pinseque	2008	2953,0	2347,0	1744,0	603,0	9,0	14,0	1721,0	74,3076267575628
50209	Pinseque	2011	3481,0	2559,0	1685,0	874,0	24,0	34,0	1627,0	65,8460336068777
50209	Pinseque	2015	3625,0	2560,0	1788,0	772,0	13,0	12,0	1763,0	69,84375
50209	Pinseque	2016	3606,0	2601,0	1731,0	870,0	10,0	13,0	1708,0	66,5513264129181
50209	Pinseque	2019	3908,0	2785,0	1893,0	892,0	28,0	24,0	1841,0	67,9712746858169
50210	Pintanos (Los)	2008	43,0	41,0	36,0	5,0	0,0	0,0	36,0	87,8048780487805
50210	Pintanos (Los)	2011	38,0	39,0	28,0	11,0	4,0	0,0	24,0	71,7948717948718
50210	Pintanos (Los)	2015	44,0	40,0	32,0	8,0	1,0	0,0	31,0	80,0
50210	Pintanos (Los)	2016	44,0	38,0	30,0	8,0	0,0	1,0	29,0	78,9473684210526
50210	Pintanos (Los)	2019	37,0	37,0	26,0	11,0	0,0	0,0	26,0	70,2702702702703
50211	Plasencia de Jalón	2008	363,0	272,0	228,0	44,0	0,0	0,0	228,0	83,8235294117647
50211	Plasencia de Jalón	2011	404,0	277,0	193,0	84,0	0,0	1,0	192,0	69,6750902527076
50211	Plasencia de Jalón	2015	370,0	252,0	187,0	65,0	1,0	0,0	186,0	74,2063492063492
50211	Plasencia de Jalón	2016	342,0	249,0	176,0	73,0	3,0	0,0	173,0	70,6827309236948
50211	Plasencia de Jalón	2019	303,0	236,0	174,0	62,0	1,0	0,0	173,0	73,728813559322
50212	Pleitas	2008	57,0	56,0	47,0	9,0	0,0	0,0	47,0	83,9285714285714
50212	Pleitas	2011	48,0	52,0	48,0	4,0	0,0	0,0	48,0	92,3076923076923
50212	Pleitas	2015	43,0	41,0	37,0	4,0	0,0	0,0	37,0	90,2439024390244
50212	Pleitas	2016	45,0	40,0	36,0	4,0	0,0	0,0	36,0	90,0
50212	Pleitas	2019	36,0	32,0	26,0	6,0	0,0	0,0	26,0	81,25
50213	Plenas	2008	113,0	140,0	106,0	34,0	0,0	0,0	106,0	75,7142857142857
50213	Plenas	2011	132,0	117,0	83,0	34,0	1,0	0,0	82,0	70,9401709401709
50213	Plenas	2015	120,0	98,0	77,0	21,0	5,0	0,0	72,0	78,5714285714286
50213	Plenas	2016	111,0	94,0	75,0	19,0	1,0	0,0	74,0	79,7872340425532
50213	Plenas	2019	101,0	92,0	70,0	22,0	0,0	2,0	68,0	76,0869565217391
50214	Pomer	2008	31,0	29,0	22,0	7,0	0,0	0,0	22,0	75,8620689655172
50214	Pomer	2011	37,0	31,0	22,0	9,0	1,0	1,0	20,0	70,9677419354839
50214	Pomer	2015	34,0	27,0	16,0	11,0	0,0	1,0	15,0	59,2592592592593
50214	Pomer	2016	32,0	27,0	18,0	9,0	1,0	0,0	17,0	66,6666666666667
50214	Pomer	2019	22,0	18,0	18,0	0,0	4,0	1,0	13,0	100,0
50215	Pozuel de Ariza	2008	24,0	25,0	17,0	8,0	1,0	0,0	16,0	68,0
50215	Pozuel de Ariza	2011	20,0	21,0	20,0	1,0	1,0	0,0	19,0	95,2380952380952
50215	Pozuel de Ariza	2015	23,0	23,0	15,0	8,0	0,0	0,0	15,0	65,2173913043478
50215	Pozuel de Ariza	2016	24,0	24,0	19,0	5,0	0,0	0,0	19,0	79,1666666666667
50215	Pozuel de Ariza	2019	21,0	20,0	14,0	6,0	0,0	0,0	14,0	70,0
50216	Pozuelo de Aragón	2008	334,0	283,0	242,0	41,0	3,0	3,0	236,0	85,5123674911661
50216	Pozuelo de Aragón	2011	342,0	267,0	201,0	66,0	7,0	8,0	186,0	75,2808988764045
50216	Pozuelo de Aragón	2015	299,0	236,0	189,0	47,0	3,0	4,0	182,0	80,0847457627119
50216	Pozuelo de Aragón	2016	288,0	235,0	186,0	49,0	2,0	5,0	179,0	79,1489361702128
50216	Pozuelo de Aragón	2019	284,0	236,0	169,0	67,0	2,0	0,0	167,0	71,6101694915254
50217	Pradilla de Ebro	2008	637,0	526,0	412,0	114,0	1,0	1,0	410,0	78,3269961977186
50217	Pradilla de Ebro	2011	618,0	496,0	380,0	116,0	1,0	0,0	379,0	76,6129032258065
50217	Pradilla de Ebro	2015	584,0	455,0	334,0	121,0	0,0	1,0	333,0	73,4065934065934
50217	Pradilla de Ebro	2016	560,0	446,0	342,0	104,0	0,0	1,0	341,0	76,6816143497758
50217	Pradilla de Ebro	2019	574,0	426,0	333,0	93,0	0,0	1,0	332,0	78,169014084507
50218	Puebla de Albortón	2008	137,0	124,0	100,0	24,0	0,0	1,0	99,0	80,6451612903226
50218	Puebla de Albortón	2011	125,0	113,0	92,0	21,0	0,0	0,0	92,0	81,4159292035398
50218	Puebla de Albortón	2015	127,0	113,0	90,0	23,0	1,0	1,0	88,0	79,646017699115
50218	Puebla de Albortón	2016	124,0	113,0	91,0	22,0	0,0	1,0	90,0	80,5309734513274
50218	Puebla de Albortón	2019	120,0	112,0	88,0	24,0	0,0	1,0	87,0	78,5714285714286
50219	Puebla de Alfindén (La)	2008	4432,0	3240,0	2463,0	777,0	7,0	27,0	2429,0	76,0185185185185
50219	Puebla de Alfindén (La)	2011	5250,0	3704,0	2672,0	1032,0	47,0	39,0	2586,0	72,1382289416847
50219	Puebla de Alfindén (La)	2015	5864,0	4098,0	3010,0	1088,0	30,0	27,0	2953,0	73,4504636408004
50219	Puebla de Alfindén (La)	2016	5948,0	4119,0	2833,0	1286,0	29,0	19,0	2785,0	68,7788298130614
50219	Puebla de Alfindén (La)	2019	6173,0	4283,0	3034,0	1249,0	44,0	30,0	2960,0	70,8381975250992
50220	Puendeluna	2008	60,0	56,0	47,0	9,0	0,0	1,0	46,0	83,9285714285714
50220	Puendeluna	2011	65,0	59,0	43,0	16,0	0,0	1,0	42,0	72,8813559322034
50220	Puendeluna	2015	51,0	46,0	33,0	13,0	0,0	0,0	33,0	71,7391304347826
50220	Puendeluna	2016	51,0	40,0	32,0	8,0	0,0	0,0	32,0	80,0
50220	Puendeluna	2019	44,0	45,0	38,0	7,0	0,0	0,0	38,0	84,4444444444444
50221	Purujosa	2008	50,0	46,0	33,0	13,0	0,0	0,0	33,0	71,7391304347826
50221	Purujosa	2011	44,0	38,0	20,0	18,0	0,0	0,0	20,0	52,6315789473684
50221	Purujosa	2015	39,0	33,0	20,0	13,0	0,0	0,0	20,0	60,6060606060606
50221	Purujosa	2016	37,0	35,0	17,0	18,0	0,0	0,0	17,0	48,5714285714286
50221	Purujosa	2019	36,0	29,0	18,0	11,0	0,0	0,0	18,0	62,0689655172414
50222	Quinto	2008	2069,0	1674,0	1180,0	494,0	15,0	11,0	1154,0	70,4898446833931
50222	Quinto	2011	2111,0	1695,0	1117,0	578,0	26,0	16,0	1075,0	65,8997050147493
50222	Quinto	2015	2055,0	1647,0	1137,0	510,0	17,0	8,0	1112,0	69,0346083788707
50222	Quinto	2016	2020,0	1622,0	1091,0	531,0	20,0	7,0	1064,0	67,2626387176325
50222	Quinto	2019	1948,0	1574,0	1024,0	550,0	16,0	12,0	996,0	65,0571791613723
50223	Remolinos	2008	1209,0	989,0	819,0	170,0	4,0	9,0	806,0	82,8109201213347
50223	Remolinos	2011	1199,0	956,0	751,0	205,0	6,0	14,0	731,0	78,5564853556485
50223	Remolinos	2015	1149,0	915,0	747,0	168,0	6,0	8,0	733,0	81,6393442622951
50223	Remolinos	2016	1143,0	920,0	712,0	208,0	11,0	4,0	697,0	77,3913043478261
50223	Remolinos	2019	1081,0	906,0	702,0	204,0	9,0	9,0	684,0	77,4834437086093
50224	Retascón	2008	95,0	83,0	62,0	21,0	0,0	0,0	62,0	74,6987951807229
50224	Retascón	2011	79,0	70,0	52,0	18,0	3,0	2,0	47,0	74,2857142857143
50224	Retascón	2015	75,0	69,0	55,0	14,0	0,0	1,0	54,0	79,7101449275362
50224	Retascón	2016	79,0	72,0	57,0	15,0	1,0	2,0	54,0	79,1666666666667
50224	Retascón	2019	74,0	61,0	44,0	17,0	0,0	2,0	42,0	72,1311475409836
50225	Ricla	2008	2916,0	1671,0	1176,0	495,0	4,0	7,0	1165,0	70,3770197486535
50225	Ricla	2011	3568,0	1638,0	1079,0	559,0	17,0	7,0	1055,0	65,8730158730159
50225	Ricla	2015	3203,0	1568,0	996,0	572,0	11,0	2,0	983,0	63,5204081632653
50225	Ricla	2016	3122,0	1570,0	956,0	614,0	6,0	3,0	947,0	60,8917197452229
50225	Ricla	2019	2815,0	1532,0	983,0	549,0	12,0	12,0	959,0	64,1644908616188
50227	Romanos	2008	112,0	109,0	92,0	17,0	0,0	0,0	92,0	84,4036697247706
50227	Romanos	2011	113,0	105,0	79,0	26,0	0,0	2,0	77,0	75,2380952380952
50227	Romanos	2015	107,0	108,0	79,0	29,0	0,0	1,0	78,0	73,1481481481481
50227	Romanos	2016	111,0	109,0	79,0	30,0	0,0	0,0	79,0	72,4770642201835
50227	Romanos	2019	119,0	107,0	62,0	45,0	0,0	1,0	61,0	57,9439252336449
50228	Rueda de Jalón	2008	364,0	305,0	258,0	47,0	0,0	4,0	254,0	84,5901639344262
50228	Rueda de Jalón	2011	353,0	295,0	238,0	57,0	2,0	10,0	226,0	80,6779661016949
50228	Rueda de Jalón	2015	344,0	270,0	212,0	58,0	1,0	5,0	206,0	78,5185185185185
50228	Rueda de Jalón	2016	332,0	268,0	210,0	58,0	2,0	5,0	203,0	78,3582089552239
50228	Rueda de Jalón	2019	325,0	249,0	207,0	42,0	0,0	3,0	204,0	83,1325301204819
50229	Ruesca	2008	82,0	63,0	52,0	11,0	0,0	1,0	51,0	82,5396825396825
50229	Ruesca	2011	75,0	62,0	47,0	15,0	1,0	2,0	44,0	75,8064516129032
50229	Ruesca	2015	73,0	64,0	42,0	22,0	0,0	0,0	42,0	65,625
50229	Ruesca	2016	73,0	62,0	47,0	15,0	0,0	2,0	45,0	75,8064516129032
50229	Ruesca	2019	72,0	65,0	46,0	19,0	0,0	1,0	45,0	70,7692307692308
50230	Sádaba	2008	1692,0	1383,0	1031,0	352,0	4,0	6,0	1021,0	74,5480838756327
50230	Sádaba	2011	1671,0	1295,0	914,0	381,0	11,0	13,0	890,0	70,5791505791506
50230	Sádaba	2015	1460,0	1176,0	853,0	323,0	4,0	11,0	838,0	72,5340136054422
50230	Sádaba	2016	1404,0	1165,0	833,0	332,0	5,0	8,0	820,0	71,5021459227468
50230	Sádaba	2019	1324,0	1140,0	771,0	369,0	4,0	11,0	756,0	67,6315789473684
50231	Salillas de Jalón	2008	365,0	295,0	254,0	41,0	0,0	3,0	251,0	86,1016949152542
50231	Salillas de Jalón	2011	375,0	285,0	231,0	54,0	7,0	7,0	217,0	81,0526315789474
50231	Salillas de Jalón	2015	324,0	260,0	214,0	46,0	3,0	7,0	204,0	82,3076923076923
50231	Salillas de Jalón	2016	324,0	250,0	195,0	55,0	3,0	4,0	188,0	78,0
50231	Salillas de Jalón	2019	304,0	253,0	199,0	54,0	4,0	4,0	191,0	78,6561264822134
50232	Salvatierra de Esca	2008	249,0	201,0	157,0	44,0	0,0	1,0	156,0	78,1094527363184
50232	Salvatierra de Esca	2011	235,0	176,0	123,0	53,0	3,0	5,0	115,0	69,8863636363636
50232	Salvatierra de Esca	2015	211,0	171,0	120,0	51,0	2,0	0,0	118,0	70,1754385964912
50232	Salvatierra de Esca	2016	215,0	175,0	110,0	65,0	0,0	3,0	107,0	62,8571428571429
50232	Salvatierra de Esca	2019	198,0	160,0	93,0	67,0	1,0	1,0	91,0	58,125
50233	Samper del Salz	2008	105,0	117,0	92,0	25,0	0,0	0,0	92,0	78,6324786324786
50233	Samper del Salz	2011	128,0	120,0	89,0	31,0	1,0	2,0	86,0	74,1666666666667
50233	Samper del Salz	2015	106,0	114,0	81,0	33,0	0,0	1,0	80,0	71,0526315789474
50233	Samper del Salz	2016	123,0	106,0	81,0	25,0	0,0	0,0	81,0	76,4150943396226
50233	Samper del Salz	2019	112,0	96,0	78,0	18,0	0,0	0,0	78,0	81,25
50234	San Martín de la Virgen de Moncayo	2008	284,0	253,0	222,0	31,0	2,0	2,0	218,0	87,7470355731225
50234	San Martín de la Virgen de Moncayo	2011	295,0	251,0	201,0	50,0	10,0	13,0	178,0	80,0796812749004
50234	San Martín de la Virgen de Moncayo	2015	281,0	245,0	198,0	47,0	5,0	9,0	184,0	80,8163265306122
50234	San Martín de la Virgen de Moncayo	2016	279,0	243,0	189,0	54,0	4,0	6,0	179,0	77,7777777777778
50234	San Martín de la Virgen de Moncayo	2019	286,0	242,0	159,0	83,0	5,0	4,0	150,0	65,702479338843
50235	San Mateo de Gállego	2008	2708,0	2191,0	1712,0	479,0	15,0	9,0	1688,0	78,1378366042903
50235	San Mateo de Gállego	2011	3079,0	2371,0	1723,0	648,0	22,0	36,0	1665,0	72,6697595951075
50235	San Mateo de Gállego	2015	3093,0	2323,0	1687,0	636,0	12,0	7,0	1668,0	72,6216099870857
50235	San Mateo de Gállego	2016	3051,0	2339,0	1664,0	675,0	16,0	11,0	1637,0	71,1415134672937
50235	San Mateo de Gállego	2019	3134,0	2421,0	1721,0	700,0	19,0	18,0	1684,0	71,0863279636514
50236	Santa Cruz de Grío	2008	194,0	143,0	124,0	19,0	0,0	0,0	124,0	86,7132867132867
50236	Santa Cruz de Grío	2011	164,0	124,0	103,0	21,0	0,0	2,0	101,0	83,0645161290322
50236	Santa Cruz de Grío	2015	133,0	104,0	82,0	22,0	0,0	2,0	80,0	78,8461538461538
50236	Santa Cruz de Grío	2016	135,0	102,0	79,0	23,0	2,0	0,0	77,0	77,4509803921569
50236	Santa Cruz de Grío	2019	108,0	95,0	77,0	18,0	2,0	0,0	75,0	81,0526315789474
50237	Santa Cruz de Moncayo	2008	125,0	110,0	76,0	34,0	0,0	1,0	75,0	69,0909090909091
50237	Santa Cruz de Moncayo	2011	126,0	103,0	76,0	27,0	1,0	0,0	75,0	73,7864077669903
50237	Santa Cruz de Moncayo	2015	137,0	103,0	73,0	30,0	0,0	2,0	71,0	70,873786407767
50237	Santa Cruz de Moncayo	2016	136,0	101,0	74,0	27,0	1,0	1,0	72,0	73,2673267326733
50237	Santa Cruz de Moncayo	2019	125,0	100,0	75,0	25,0	0,0	2,0	73,0	75,0
50238	Santa Eulalia de Gállego	2008	129,0	114,0	90,0	24,0	0,0	1,0	89,0	78,9473684210526
50238	Santa Eulalia de Gállego	2011	125,0	114,0	82,0	32,0	2,0	0,0	80,0	71,9298245614035
50238	Santa Eulalia de Gállego	2015	127,0	97,0	74,0	23,0	1,0	0,0	73,0	76,2886597938144
50238	Santa Eulalia de Gállego	2016	110,0	91,0	66,0	25,0	0,0	1,0	65,0	72,5274725274725
50238	Santa Eulalia de Gállego	2019	98,0	84,0	65,0	19,0	0,0	0,0	65,0	77,3809523809524
50239	Santed	2008	67,0	64,0	44,0	20,0	0,0	0,0	44,0	68,75
50239	Santed	2011	61,0	65,0	44,0	21,0	0,0	0,0	44,0	67,6923076923077
50239	Santed	2015	66,0	64,0	47,0	17,0	0,0	1,0	46,0	73,4375
50239	Santed	2016	66,0	62,0	50,0	12,0	2,0	0,0	48,0	80,6451612903226
50239	Santed	2019	61,0	63,0	46,0	17,0	1,0	1,0	44,0	73,015873015873
50240	Sástago	2008	1179,0	1095,0	840,0	255,0	4,0	8,0	828,0	76,7123287671233
50240	Sástago	2011	1260,0	1127,0	799,0	328,0	16,0	25,0	758,0	70,8961845607808
50240	Sástago	2015	1221,0	1034,0	749,0	285,0	12,0	10,0	727,0	72,4371373307543
50240	Sástago	2016	1217,0	1025,0	729,0	296,0	11,0	10,0	708,0	71,1219512195122
50240	Sástago	2019	1170,0	943,0	693,0	250,0	10,0	12,0	671,0	73,4888653234358
50241	Saviñán	2008	741,0	699,0	561,0	138,0	10,0	4,0	547,0	80,2575107296137
50241	Saviñán	2011	793,0	634,0	462,0	172,0	7,0	2,0	453,0	72,8706624605678
50241	Saviñán	2015	755,0	593,0	426,0	167,0	8,0	1,0	417,0	71,8381112984823
50241	Saviñán	2016	743,0	588,0	415,0	173,0	5,0	4,0	406,0	70,578231292517
50241	Saviñán	2019	691,0	582,0	414,0	168,0	8,0	2,0	404,0	71,1340206185567
50242	Sediles	2008	100,0	99,0	80,0	19,0	0,0	2,0	78,0	80,8080808080808
50242	Sediles	2011	112,0	102,0	82,0	20,0	0,0	2,0	80,0	80,3921568627451
50242	Sediles	2015	110,0	92,0	81,0	11,0	2,0	1,0	78,0	88,0434782608696
50242	Sediles	2016	105,0	93,0	75,0	18,0	0,0	3,0	72,0	80,6451612903226
50242	Sediles	2019	95,0	99,0	74,0	25,0	0,0	0,0	74,0	74,7474747474747
50243	Sestrica	2008	425,0	374,0	289,0	85,0	3,0	0,0	286,0	77,2727272727273
50243	Sestrica	2011	402,0	346,0	277,0	69,0	5,0	2,0	270,0	80,0578034682081
50243	Sestrica	2015	413,0	340,0	259,0	81,0	5,0	1,0	253,0	76,1764705882353
50243	Sestrica	2016	402,0	331,0	250,0	81,0	4,0	0,0	246,0	75,5287009063444
50243	Sestrica	2019	370,0	307,0	227,0	80,0	3,0	2,0	222,0	73,9413680781759
50244	Sierra de Luna	2008	309,0	233,0	181,0	52,0	0,0	3,0	178,0	77,6824034334764
50244	Sierra de Luna	2011	308,0	215,0	155,0	60,0	0,0	6,0	149,0	72,093023255814
50244	Sierra de Luna	2015	273,0	205,0	157,0	48,0	0,0	3,0	154,0	76,5853658536585
50244	Sierra de Luna	2016	267,0	201,0	162,0	39,0	1,0	1,0	160,0	80,5970149253731
50244	Sierra de Luna	2019	253,0	192,0	131,0	61,0	1,0	1,0	129,0	68,2291666666667
50245	Sigüés	2008	147,0	135,0	91,0	44,0	0,0	0,0	91,0	67,4074074074074
50245	Sigüés	2011	132,0	121,0	80,0	41,0	0,0	1,0	79,0	66,1157024793388
50245	Sigüés	2015	105,0	90,0	60,0	30,0	0,0	1,0	59,0	66,6666666666667
50245	Sigüés	2016	103,0	88,0	65,0	23,0	1,0	0,0	64,0	73,8636363636364
50245	Sigüés	2019	88,0	74,0	51,0	23,0	0,0	0,0	51,0	68,9189189189189
50246	Sisamón	2008	53,0	52,0	41,0	11,0	0,0	1,0	40,0	78,8461538461538
50246	Sisamón	2011	50,0	48,0	33,0	15,0	0,0	1,0	32,0	68,75
50246	Sisamón	2015	38,0	41,0	29,0	12,0	0,0	0,0	29,0	70,7317073170732
50246	Sisamón	2016	36,0	41,0	28,0	13,0	0,0	0,0	28,0	68,2926829268293
50246	Sisamón	2019	31,0	37,0	24,0	13,0	0,0	0,0	24,0	64,8648648648649
50247	Sobradiel	2008	903,0	763,0	594,0	169,0	4,0	9,0	581,0	77,8505897771953
50247	Sobradiel	2011	999,0	794,0	572,0	222,0	5,0	7,0	560,0	72,0403022670025
50247	Sobradiel	2015	1083,0	827,0	624,0	203,0	9,0	10,0	605,0	75,453446191052
50247	Sobradiel	2016	1077,0	823,0	588,0	235,0	7,0	3,0	578,0	71,4459295261239
50247	Sobradiel	2019	1089,0	852,0	600,0	252,0	6,0	8,0	586,0	70,4225352112676
50248	Sos del Rey Católico	2008	712,0	594,0	478,0	116,0	4,0	5,0	469,0	80,4713804713805
50248	Sos del Rey Católico	2011	662,0	552,0	421,0	131,0	14,0	5,0	402,0	76,268115942029
50248	Sos del Rey Católico	2015	629,0	521,0	407,0	114,0	1,0	1,0	405,0	78,1190019193858
50248	Sos del Rey Católico	2016	614,0	508,0	387,0	121,0	13,0	2,0	372,0	76,1811023622047
50248	Sos del Rey Católico	2019	588,0	501,0	344,0	157,0	16,0	3,0	325,0	68,6626746506986
50249	Tabuenca	2008	424,0	365,0	281,0	84,0	1,0	2,0	278,0	76,986301369863
50249	Tabuenca	2011	412,0	333,0	280,0	53,0	8,0	2,0	270,0	84,0840840840841
50249	Tabuenca	2015	369,0	312,0	235,0	77,0	2,0	1,0	232,0	75,3205128205128
50249	Tabuenca	2016	352,0	302,0	226,0	76,0	6,0	0,0	220,0	74,8344370860927
50249	Tabuenca	2019	323,0	283,0	202,0	81,0	2,0	0,0	200,0	71,3780918727915
50250	Talamantes	2008	66,0	62,0	50,0	12,0	0,0	0,0	50,0	80,6451612903226
50250	Talamantes	2011	61,0	58,0	43,0	15,0	0,0	4,0	39,0	74,1379310344828
50250	Talamantes	2015	59,0	55,0	44,0	11,0	0,0	0,0	44,0	80,0
50250	Talamantes	2016	58,0	52,0	44,0	8,0	0,0	0,0	44,0	84,6153846153846
50250	Talamantes	2019	63,0	54,0	44,0	10,0	0,0	2,0	42,0	81,4814814814815
50251	Tarazona	2008	10991,0	8381,0	6548,0	1833,0	33,0	46,0	6469,0	78,1291015391958
50251	Tarazona	2011	11131,0	8379,0	6225,0	2154,0	109,0	110,0	6006,0	74,2928750447547
50251	Tarazona	2015	10864,0	8300,0	6228,0	2072,0	61,0	62,0	6105,0	75,0361445783132
50251	Tarazona	2016	10759,0	8262,0	5946,0	2316,0	74,0	44,0	5828,0	71,9680464778504
50251	Tarazona	2019	10509,0	8209,0	5732,0	2477,0	74,0	66,0	5592,0	69,8258009501766
50252	Tauste	2008	7489,0	5519,0	4169,0	1350,0	33,0	48,0	4088,0	75,5390469287914
50252	Tauste	2011	7567,0	5345,0	3860,0	1485,0	68,0	79,0	3713,0	72,2170252572498
50252	Tauste	2015	7027,0	5178,0	3746,0	1432,0	35,0	36,0	3675,0	72,3445345693318
50252	Tauste	2016	6941,0	5138,0	3642,0	1496,0	31,0	24,0	3587,0	70,883612300506
50252	Tauste	2019	6914,0	5019,0	3486,0	1533,0	30,0	53,0	3403,0	69,4560669456067
50253	Terrer	2008	541,0	481,0	406,0	75,0	0,0	4,0	402,0	84,4074844074844
50253	Terrer	2011	519,0	461,0	381,0	80,0	6,0	3,0	372,0	82,646420824295
50253	Terrer	2015	532,0	423,0	328,0	95,0	1,0	1,0	326,0	77,5413711583924
50253	Terrer	2016	520,0	423,0	330,0	93,0	2,0	4,0	324,0	78,0141843971631
50253	Terrer	2019	485,0	379,0	294,0	85,0	4,0	1,0	289,0	77,5725593667546
50254	Tierga	2008	198,0	197,0	156,0	41,0	0,0	0,0	156,0	79,1878172588832
50254	Tierga	2011	179,0	179,0	136,0	43,0	0,0	0,0	136,0	75,9776536312849
50254	Tierga	2015	197,0	181,0	130,0	51,0	1,0	2,0	127,0	71,8232044198895
50254	Tierga	2016	200,0	180,0	118,0	62,0	2,0	1,0	115,0	65,5555555555555
50254	Tierga	2019	192,0	179,0	115,0	64,0	2,0	0,0	113,0	64,2458100558659
50255	Tobed	2008	276,0	250,0	202,0	48,0	0,0	2,0	200,0	80,8
50255	Tobed	2011	256,0	219,0	150,0	69,0	2,0	1,0	147,0	68,4931506849315
50255	Tobed	2015	230,0	214,0	163,0	51,0	0,0	0,0	163,0	76,1682242990654
50255	Tobed	2016	243,0	209,0	163,0	46,0	0,0	5,0	158,0	77,9904306220096
50255	Tobed	2019	214,0	199,0	152,0	47,0	5,0	3,0	144,0	76,3819095477387
50256	Torralba de los Frailes	2008	100,0	100,0	63,0	37,0	1,0	0,0	62,0	63,0
50256	Torralba de los Frailes	2011	96,0	90,0	59,0	31,0	0,0	1,0	58,0	65,5555555555555
50256	Torralba de los Frailes	2015	88,0	84,0	46,0	38,0	0,0	0,0	46,0	54,7619047619048
50256	Torralba de los Frailes	2016	86,0	83,0	53,0	30,0	0,0	0,0	53,0	63,855421686747
50256	Torralba de los Frailes	2019	86,0	70,0	43,0	27,0	0,0	0,0	43,0	61,4285714285714
50257	Torralba de Ribota	2008	187,0	180,0	149,0	31,0	0,0	1,0	148,0	82,7777777777778
50257	Torralba de Ribota	2011	198,0	195,0	154,0	41,0	0,0	0,0	154,0	78,974358974359
50257	Torralba de Ribota	2015	189,0	178,0	139,0	39,0	2,0	0,0	137,0	78,0898876404494
50257	Torralba de Ribota	2016	186,0	171,0	134,0	37,0	0,0	2,0	132,0	78,3625730994152
50257	Torralba de Ribota	2019	172,0	159,0	128,0	31,0	3,0	2,0	123,0	80,5031446540881
50258	Torralbilla	2008	71,0	64,0	45,0	19,0	0,0	0,0	45,0	70,3125
50258	Torralbilla	2011	64,0	54,0	37,0	17,0	0,0	0,0	37,0	68,5185185185185
50258	Torralbilla	2015	57,0	56,0	34,0	22,0	0,0	1,0	33,0	60,7142857142857
50258	Torralbilla	2016	63,0	54,0	34,0	20,0	0,0	0,0	34,0	62,962962962963
50258	Torralbilla	2019	61,0	53,0	25,0	28,0	0,0	1,0	24,0	47,1698113207547
50259	Torrehermosa	2008	92,0	90,0	58,0	32,0	0,0	2,0	56,0	64,4444444444444
50259	Torrehermosa	2011	83,0	89,0	53,0	36,0	0,0	1,0	52,0	59,5505617977528
50259	Torrehermosa	2015	71,0	89,0	61,0	28,0	0,0	1,0	60,0	68,5393258426966
50259	Torrehermosa	2016	69,0	88,0	67,0	21,0	1,0	0,0	66,0	76,1363636363636
50259	Torrehermosa	2019	63,0	82,0	55,0	27,0	0,0	2,0	53,0	67,0731707317073
50260	Torrelapaja	2008	42,0	45,0	37,0	8,0	0,0	0,0	37,0	82,2222222222222
50260	Torrelapaja	2011	45,0	42,0	35,0	7,0	0,0	1,0	34,0	83,3333333333333
50260	Torrelapaja	2015	35,0	35,0	32,0	3,0	0,0	0,0	32,0	91,4285714285714
50260	Torrelapaja	2016	35,0	33,0	33,0	0,0	1,0	0,0	32,0	100,0
50260	Torrelapaja	2019	32,0	35,0	31,0	4,0	0,0	0,0	31,0	88,5714285714286
50261	Torrellas	2008	315,0	269,0	227,0	42,0	1,0	1,0	225,0	84,3866171003717
50261	Torrellas	2011	293,0	246,0	199,0	47,0	0,0	4,0	195,0	80,8943089430894
50261	Torrellas	2015	275,0	215,0	159,0	56,0	0,0	1,0	158,0	73,953488372093
50261	Torrellas	2016	269,0	213,0	157,0	56,0	0,0	0,0	157,0	73,7089201877934
50261	Torrellas	2019	250,0	201,0	154,0	47,0	3,0	0,0	151,0	76,6169154228856
50262	Torres de Berrellén	2008	1440,0	1228,0	936,0	292,0	5,0	7,0	924,0	76,2214983713355
50262	Torres de Berrellén	2011	1496,0	1216,0	916,0	300,0	12,0	20,0	884,0	75,3289473684211
50262	Torres de Berrellén	2015	1492,0	1187,0	931,0	256,0	1,0	13,0	917,0	78,4330244313395
50262	Torres de Berrellén	2016	1491,0	1170,0	896,0	274,0	9,0	15,0	872,0	76,5811965811966
50262	Torres de Berrellén	2019	1446,0	1161,0	849,0	312,0	17,0	11,0	821,0	73,1266149870801
50263	Torrijo de la Cañada	2008	314,0	272,0	191,0	81,0	5,0	0,0	186,0	70,2205882352941
50263	Torrijo de la Cañada	2011	277,0	235,0	160,0	75,0	0,0	1,0	159,0	68,0851063829787
50263	Torrijo de la Cañada	2015	251,0	197,0	123,0	74,0	2,0	6,0	115,0	62,4365482233502
50263	Torrijo de la Cañada	2016	245,0	193,0	121,0	72,0	0,0	0,0	121,0	62,6943005181347
50263	Torrijo de la Cañada	2019	206,0	171,0	110,0	61,0	2,0	1,0	107,0	64,3274853801169
50264	Tosos	2008	239,0	197,0	157,0	40,0	0,0	0,0	157,0	79,6954314720812
50264	Tosos	2011	245,0	184,0	140,0	44,0	6,0	0,0	134,0	76,0869565217391
50264	Tosos	2015	208,0	158,0	111,0	47,0	0,0	0,0	111,0	70,253164556962
50264	Tosos	2016	205,0	156,0	115,0	41,0	0,0	0,0	115,0	73,7179487179487
50264	Tosos	2019	180,0	151,0	111,0	40,0	1,0	0,0	110,0	73,5099337748344
50265	Trasmoz	2008	91,0	79,0	60,0	19,0	0,0	0,0	60,0	75,9493670886076
50265	Trasmoz	2011	78,0	63,0	46,0	17,0	0,0	1,0	45,0	73,015873015873
50265	Trasmoz	2015	75,0	62,0	41,0	21,0	0,0	0,0	41,0	66,1290322580645
50265	Trasmoz	2016	79,0	79,0	61,0	18,0	0,0	0,0	61,0	77,2151898734177
50265	Trasmoz	2019	89,0	74,0	54,0	20,0	0,0	1,0	53,0	72,972972972973
50266	Trasobares	2008	177,0	158,0	114,0	44,0	0,0	0,0	114,0	72,1518987341772
50266	Trasobares	2011	152,0	139,0	95,0	44,0	1,0	1,0	93,0	68,3453237410072
50266	Trasobares	2015	137,0	129,0	85,0	44,0	0,0	1,0	84,0	65,891472868217
50266	Trasobares	2016	128,0	122,0	90,0	32,0	0,0	0,0	90,0	73,7704918032787
50266	Trasobares	2019	120,0	120,0	77,0	43,0	1,0	3,0	73,0	64,1666666666667
50267	Uncastillo	2008	819,0	716,0	545,0	171,0	3,0	2,0	540,0	76,1173184357542
50267	Uncastillo	2011	781,0	648,0	450,0	198,0	9,0	8,0	433,0	69,4444444444444
50267	Uncastillo	2015	688,0	605,0	424,0	181,0	4,0	4,0	416,0	70,0826446280992
50267	Uncastillo	2016	684,0	602,0	433,0	169,0	3,0	8,0	422,0	71,9269102990033
50267	Uncastillo	2019	650,0	565,0	380,0	185,0	5,0	4,0	371,0	67,2566371681416
50268	Undués de Lerda	2008	64,0	55,0	46,0	9,0	0,0	2,0	44,0	83,6363636363636
50268	Undués de Lerda	2011	71,0	59,0	46,0	13,0	0,0	3,0	43,0	77,9661016949152
50268	Undués de Lerda	2015	56,0	47,0	40,0	7,0	1,0	0,0	39,0	85,1063829787234
50268	Undués de Lerda	2016	61,0	44,0	37,0	7,0	0,0	0,0	37,0	84,0909090909091
50268	Undués de Lerda	2019	55,0	41,0	32,0	9,0	0,0	1,0	31,0	78,0487804878049
50269	Urrea de Jalón	2008	385,0	333,0	239,0	94,0	0,0	2,0	237,0	71,7717717717718
50269	Urrea de Jalón	2011	414,0	316,0	186,0	130,0	1,0	1,0	184,0	58,8607594936709
50269	Urrea de Jalón	2015	398,0	288,0	185,0	103,0	2,0	0,0	183,0	64,2361111111111
50269	Urrea de Jalón	2016	398,0	285,0	193,0	92,0	5,0	0,0	188,0	67,719298245614
50269	Urrea de Jalón	2019	418,0	287,0	172,0	115,0	5,0	2,0	165,0	59,9303135888502
50270	Urriés	2008	47,0	45,0	33,0	12,0	0,0	1,0	32,0	73,3333333333333
50270	Urriés	2011	37,0	39,0	30,0	9,0	1,0	1,0	28,0	76,9230769230769
50270	Urriés	2015	38,0	38,0	24,0	14,0	0,0	2,0	22,0	63,1578947368421
50270	Urriés	2016	37,0	38,0	26,0	12,0	0,0	0,0	26,0	68,421052631579
50270	Urriés	2019	38,0	38,0	26,0	12,0	1,0	0,0	25,0	68,421052631579
50271	Used	2008	360,0	306,0	223,0	83,0	2,0	1,0	220,0	72,8758169934641
50271	Used	2011	328,0	283,0	209,0	74,0	2,0	4,0	203,0	73,8515901060071
50271	Used	2015	294,0	256,0	187,0	69,0	3,0	4,0	180,0	73,046875
50271	Used	2016	288,0	252,0	200,0	52,0	3,0	2,0	195,0	79,3650793650794
50271	Used	2019	271,0	246,0	179,0	67,0	6,0	4,0	169,0	72,7642276422764
50272	Utebo	2008	15912,0	11667,0	8635,0	3032,0	38,0	89,0	8508,0	74,0121710808263
50272	Utebo	2011	17999,0	12481,0	8744,0	3737,0	102,0	176,0	8466,0	70,0584889031328
50272	Utebo	2015	18429,0	12913,0	9500,0	3413,0	85,0	80,0	9335,0	73,5692712770077
50272	Utebo	2016	18430,0	12904,0	8880,0	4024,0	61,0	84,0	8735,0	68,8158710477371
50272	Utebo	2019	18602,0	13226,0	9250,0	3976,0	97,0	97,0	9056,0	69,9380009073038
50273	Valdehorna	2008	46,0	51,0	37,0	14,0	0,0	1,0	36,0	72,5490196078431
50273	Valdehorna	2011	35,0	36,0	22,0	14,0	0,0	0,0	22,0	61,1111111111111
50273	Valdehorna	2015	27,0	31,0	18,0	13,0	0,0	0,0	18,0	58,0645161290323
50273	Valdehorna	2016	30,0	30,0	22,0	8,0	0,0	0,0	22,0	73,3333333333333
50273	Valdehorna	2019	30,0	33,0	24,0	9,0	0,0	1,0	23,0	72,7272727272727
50274	Val de San Martín	2008	89,0	87,0	57,0	30,0	1,0	1,0	55,0	65,5172413793103
50274	Val de San Martín	2011	79,0	78,0	45,0	33,0	0,0	1,0	44,0	57,6923076923077
50274	Val de San Martín	2015	71,0	71,0	50,0	21,0	1,0	1,0	48,0	70,4225352112676
50274	Val de San Martín	2016	70,0	71,0	55,0	16,0	0,0	0,0	55,0	77,4647887323944
50274	Val de San Martín	2019	64,0	64,0	46,0	18,0	3,0	1,0	42,0	71,875
50275	Valmadrid	2008	96,0	96,0	70,0	26,0	1,0	0,0	69,0	72,9166666666667
50275	Valmadrid	2011	109,0	103,0	76,0	27,0	0,0	0,0	76,0	73,7864077669903
50275	Valmadrid	2015	141,0	110,0	73,0	37,0	1,0	0,0	72,0	66,3636363636364
50275	Valmadrid	2016	128,0	108,0	55,0	53,0	0,0	0,0	55,0	50,9259259259259
50275	Valmadrid	2019	112,0	111,0	50,0	61,0	0,0	0,0	50,0	45,045045045045
50276	Valpalmas	2008	166,0	151,0	115,0	36,0	6,0	2,0	107,0	76,158940397351
50276	Valpalmas	2011	155,0	148,0	116,0	32,0	2,0	3,0	111,0	78,3783783783784
50276	Valpalmas	2015	144,0	129,0	108,0	21,0	1,0	0,0	107,0	83,7209302325581
50276	Valpalmas	2016	142,0	125,0	104,0	21,0	1,0	2,0	101,0	83,2
50276	Valpalmas	2019	142,0	118,0	91,0	27,0	0,0	0,0	91,0	77,1186440677966
50277	Valtorres	2008	117,0	88,0	72,0	16,0	3,0	0,0	69,0	81,8181818181818
50277	Valtorres	2011	114,0	82,0	63,0	19,0	0,0	0,0	63,0	76,8292682926829
50277	Valtorres	2015	87,0	55,0	43,0	12,0	0,0	1,0	42,0	78,1818181818182
50277	Valtorres	2016	66,0	50,0	42,0	8,0	1,0	0,0	41,0	84,0
50277	Valtorres	2019	68,0	45,0	34,0	11,0	0,0	0,0	34,0	75,5555555555555
50278	Velilla de Ebro	2008	248,0	215,0	159,0	56,0	0,0	1,0	158,0	73,953488372093
50278	Velilla de Ebro	2011	254,0	207,0	152,0	55,0	3,0	4,0	145,0	73,4299516908213
50278	Velilla de Ebro	2015	241,0	198,0	145,0	53,0	1,0	1,0	143,0	73,2323232323232
50278	Velilla de Ebro	2016	250,0	197,0	145,0	52,0	0,0	0,0	145,0	73,6040609137056
50278	Velilla de Ebro	2019	215,0	175,0	133,0	42,0	2,0	2,0	129,0	76,0
50279	Velilla de Jiloca	2008	95,0	111,0	86,0	25,0	0,0	0,0	86,0	77,4774774774775
50279	Velilla de Jiloca	2011	102,0	111,0	79,0	32,0	0,0	1,0	78,0	71,1711711711712
50279	Velilla de Jiloca	2015	128,0	87,0	62,0	25,0	0,0	1,0	61,0	71,264367816092
50279	Velilla de Jiloca	2016	120,0	86,0	64,0	22,0	0,0	0,0	64,0	74,4186046511628
50279	Velilla de Jiloca	2019	90,0	74,0	49,0	25,0	0,0	0,0	49,0	66,2162162162162
50280	Vera de Moncayo	2008	441,0	391,0	329,0	62,0	6,0	1,0	322,0	84,1432225063939
50280	Vera de Moncayo	2011	419,0	370,0	296,0	74,0	5,0	5,0	286,0	80,0
50280	Vera de Moncayo	2015	392,0	340,0	262,0	78,0	2,0	0,0	260,0	77,0588235294118
50280	Vera de Moncayo	2016	388,0	332,0	253,0	79,0	3,0	0,0	250,0	76,2048192771084
50280	Vera de Moncayo	2019	360,0	290,0	220,0	70,0	4,0	1,0	215,0	75,8620689655172
50281	Vierlas	2008	103,0	88,0	65,0	23,0	1,0	1,0	63,0	73,8636363636364
50281	Vierlas	2011	104,0	76,0	63,0	13,0	0,0	2,0	61,0	82,8947368421053
50281	Vierlas	2015	105,0	80,0	57,0	23,0	1,0	0,0	56,0	71,25
50281	Vierlas	2016	96,0	73,0	51,0	22,0	1,0	0,0	50,0	69,8630136986301
50281	Vierlas	2019	74,0	68,0	52,0	16,0	2,0	0,0	50,0	76,4705882352941
50282	Vilueña (La)	2008	116,0	98,0	73,0	25,0	0,0	0,0	73,0	74,4897959183673
50282	Vilueña (La)	2011	114,0	88,0	66,0	22,0	3,0	3,0	60,0	75,0
50282	Vilueña (La)	2015	106,0	70,0	48,0	22,0	0,0	0,0	48,0	68,5714285714286
50282	Vilueña (La)	2016	111,0	69,0	54,0	15,0	0,0	0,0	54,0	78,2608695652174
50282	Vilueña (La)	2019	77,0	55,0	38,0	17,0	0,0	1,0	37,0	69,0909090909091
50283	Villadoz	2008	91,0	77,0	54,0	23,0	0,0	2,0	52,0	70,1298701298701
50283	Villadoz	2011	83,0	73,0	55,0	18,0	0,0	1,0	54,0	75,3424657534246
50283	Villadoz	2015	94,0	72,0	55,0	17,0	1,0	0,0	54,0	76,3888888888889
50283	Villadoz	2016	90,0	70,0	57,0	13,0	0,0	1,0	56,0	81,4285714285714
50283	Villadoz	2019	88,0	69,0	46,0	23,0	0,0	0,0	46,0	66,6666666666667
50284	Villafeliche	2008	199,0	168,0	143,0	25,0	0,0	0,0	143,0	85,1190476190476
50284	Villafeliche	2011	200,0	176,0	131,0	45,0	1,0	1,0	129,0	74,4318181818182
50284	Villafeliche	2015	200,0	151,0	115,0	36,0	2,0	0,0	113,0	76,158940397351
50284	Villafeliche	2016	195,0	141,0	107,0	34,0	3,0	0,0	104,0	75,886524822695
50284	Villafeliche	2019	170,0	129,0	98,0	31,0	0,0	0,0	98,0	75,968992248062
50285	Villafranca de Ebro	2008	735,0	586,0	470,0	116,0	4,0	4,0	462,0	80,2047781569966
50285	Villafranca de Ebro	2011	837,0	635,0	452,0	183,0	7,0	8,0	437,0	71,1811023622047
50285	Villafranca de Ebro	2015	820,0	648,0	473,0	175,0	4,0	3,0	466,0	72,9938271604938
50285	Villafranca de Ebro	2016	836,0	644,0	436,0	208,0	2,0	2,0	432,0	67,7018633540373
50285	Villafranca de Ebro	2019	830,0	657,0	448,0	209,0	6,0	4,0	438,0	68,1887366818874
50286	Villalba de Perejil	2008	117,0	96,0	75,0	21,0	1,0	0,0	74,0	78,125
50286	Villalba de Perejil	2011	112,0	90,0	73,0	17,0	0,0	2,0	71,0	81,1111111111111
50286	Villalba de Perejil	2015	102,0	77,0	54,0	23,0	0,0	0,0	54,0	70,1298701298701
50286	Villalba de Perejil	2016	98,0	77,0	50,0	27,0	0,0	3,0	47,0	64,9350649350649
50286	Villalba de Perejil	2019	99,0	75,0	54,0	21,0	1,0	0,0	53,0	72,0
50287	Villalengua	2008	389,0	309,0	226,0	83,0	0,0	0,0	226,0	73,1391585760518
50287	Villalengua	2011	391,0	298,0	214,0	84,0	3,0	10,0	201,0	71,8120805369128
50287	Villalengua	2015	360,0	274,0	197,0	77,0	2,0	4,0	191,0	71,8978102189781
50287	Villalengua	2016	348,0	270,0	191,0	79,0	0,0	0,0	191,0	70,7407407407408
50287	Villalengua	2019	319,0	253,0	189,0	64,0	1,0	11,0	177,0	74,703557312253
50288	Villanueva de Gállego	2008	4013,0	3006,0	2339,0	667,0	8,0	29,0	2302,0	77,8110445775116
50288	Villanueva de Gállego	2011	4376,0	3252,0	2412,0	840,0	32,0	50,0	2330,0	74,169741697417
50288	Villanueva de Gállego	2015	4616,0	3371,0	2566,0	805,0	19,0	26,0	2521,0	76,1198457431029
50288	Villanueva de Gállego	2016	4614,0	3387,0	2415,0	972,0	17,0	31,0	2367,0	71,3020372010629
50288	Villanueva de Gállego	2019	4661,0	3440,0	2513,0	927,0	27,0	26,0	2460,0	73,0523255813953
50289	Villanueva de Jiloca	2008	89,0	76,0	64,0	12,0	1,0	0,0	63,0	84,2105263157895
50289	Villanueva de Jiloca	2011	69,0	71,0	59,0	12,0	0,0	0,0	59,0	83,0985915492958
50289	Villanueva de Jiloca	2015	52,0	52,0	39,0	13,0	0,0	1,0	38,0	75,0
50289	Villanueva de Jiloca	2016	57,0	51,0	38,0	13,0	0,0	0,0	38,0	74,5098039215686
50289	Villanueva de Jiloca	2019	46,0	53,0	42,0	11,0	0,0	1,0	41,0	79,2452830188679
50290	Villanueva de Huerva	2008	577,0	466,0	376,0	90,0	3,0	2,0	371,0	80,68669527897
50290	Villanueva de Huerva	2011	562,0	436,0	334,0	102,0	3,0	4,0	327,0	76,605504587156
50290	Villanueva de Huerva	2015	511,0	387,0	288,0	99,0	1,0	4,0	283,0	74,4186046511628
50290	Villanueva de Huerva	2016	491,0	386,0	283,0	103,0	1,0	1,0	281,0	73,3160621761658
50290	Villanueva de Huerva	2019	463,0	360,0	260,0	100,0	5,0	5,0	250,0	72,2222222222222
50291	Villar de los Navarros	2008	129,0	128,0	102,0	26,0	0,0	0,0	102,0	79,6875
50291	Villar de los Navarros	2011	120,0	112,0	75,0	37,0	2,0	0,0	73,0	66,9642857142857
50291	Villar de los Navarros	2015	111,0	100,0	69,0	31,0	0,0	0,0	69,0	69,0
50291	Villar de los Navarros	2016	113,0	96,0	74,0	22,0	0,0	0,0	74,0	77,0833333333333
50291	Villar de los Navarros	2019	102,0	95,0	76,0	19,0	0,0	0,0	76,0	80,0
50292	Villarreal de Huerva	2008	199,0	152,0	114,0	38,0	0,0	2,0	112,0	75,0
50292	Villarreal de Huerva	2011	202,0	138,0	117,0	21,0	2,0	4,0	111,0	84,7826086956522
50292	Villarreal de Huerva	2015	241,0	132,0	103,0	29,0	0,0	0,0	103,0	78,030303030303
50292	Villarreal de Huerva	2016	247,0	125,0	102,0	23,0	0,0	1,0	101,0	81,6
50292	Villarreal de Huerva	2019	274,0	130,0	108,0	22,0	1,0	0,0	107,0	83,0769230769231
50293	Villarroya de la Sierra	2008	600,0	516,0	387,0	129,0	4,0	3,0	380,0	75,0
50293	Villarroya de la Sierra	2011	565,0	492,0	339,0	153,0	1,0	6,0	332,0	68,9024390243903
50293	Villarroya de la Sierra	2015	521,0	423,0	282,0	141,0	2,0	5,0	275,0	66,6666666666667
50293	Villarroya de la Sierra	2016	503,0	413,0	276,0	137,0	1,0	4,0	271,0	66,8280871670702
50293	Villarroya de la Sierra	2019	466,0	392,0	257,0	135,0	2,0	2,0	253,0	65,5612244897959
50294	Villarroya del Campo	2008	78,0	73,0	51,0	22,0	2,0	0,0	49,0	69,8630136986301
50294	Villarroya del Campo	2011	75,0	77,0	58,0	19,0	1,0	0,0	57,0	75,3246753246753
50294	Villarroya del Campo	2015	83,0	73,0	58,0	15,0	0,0	0,0	58,0	79,4520547945205
50294	Villarroya del Campo	2016	80,0	70,0	63,0	7,0	0,0	0,0	63,0	90,0
50294	Villarroya del Campo	2019	68,0	65,0	45,0	20,0	0,0	0,0	45,0	69,2307692307692
50295	Vistabella	2008	46,0	51,0	37,0	14,0	0,0	1,0	36,0	72,5490196078431
50295	Vistabella	2011	50,0	54,0	42,0	12,0	1,0	0,0	41,0	77,7777777777778
50295	Vistabella	2015	47,0	45,0	39,0	6,0	0,0	0,0	39,0	86,6666666666667
50295	Vistabella	2016	45,0	48,0	43,0	5,0	1,0	0,0	42,0	89,5833333333333
50295	Vistabella	2019	49,0	48,0	41,0	7,0	0,0	0,0	41,0	85,4166666666667
50296	Zaida (La)	2008	522,0	441,0	350,0	91,0	1,0	2,0	347,0	79,3650793650794
50296	Zaida (La)	2011	509,0	417,0	313,0	104,0	3,0	6,0	304,0	75,0599520383693
50296	Zaida (La)	2015	481,0	398,0	297,0	101,0	4,0	2,0	291,0	74,6231155778894
50296	Zaida (La)	2016	473,0	396,0	286,0	110,0	11,0	4,0	271,0	72,2222222222222
50296	Zaida (La)	2019	455,0	385,0	240,0	145,0	5,0	3,0	232,0	62,3376623376623
50297	Zaragoza	2008	654390,0	495871,0	379391,0	116480,0	1722,0	5235,0	372434,0	76,510019743038
50297	Zaragoza	2011	675121,0	495260,0	360632,0	134628,0	5071,0	7046,0	348515,0	72,8167023381658
50297	Zaragoza	2015	666058,0	499531,0	377902,0	121629,0	2317,0	3049,0	372536,0	75,651360976596
50297	Zaragoza	2016	664953,0	498968,0	362043,0	136925,0	2487,0	2748,0	356808,0	72,5583604559811
50297	Zaragoza	2019	666880,0	503801,0	365284,0	138517,0	2516,0	3385,0	359383,0	72,5056123350291
50298	Zuera	2008	6759,0	5049,0	4024,0	1025,0	31,0	43,0	3950,0	79,6989502871856
50298	Zuera	2011	7510,0	5319,0	4023,0	1296,0	68,0	72,0	3883,0	75,6345177664975
50298	Zuera	2015	7742,0	5353,0	4058,0	1295,0	38,0	32,0	3988,0	75,807958154306
50298	Zuera	2016	7820,0	5333,0	3949,0	1384,0	47,0	39,0	3863,0	74,0483780236265
50298	Zuera	2019	8365,0	5439,0	4053,0	1386,0	46,0	41,0	3966,0	74,5173745173745
50901	Biel	2008	221,0	200,0	154,0	46,0	0,0	2,0	152,0	77,0
50901	Biel	2011	186,0	170,0	122,0	48,0	1,0	1,0	120,0	71,7647058823529
50901	Biel	2015	157,0	137,0	101,0	36,0	0,0	0,0	101,0	73,7226277372263
50901	Biel	2016	148,0	138,0	105,0	33,0	0,0	0,0	105,0	76,0869565217391
50901	Biel	2019	140,0	133,0	96,0	37,0	0,0	0,0	96,0	72,1804511278195
50902	Marracos	2008	114,0	102,0	86,0	16,0	0,0	0,0	86,0	84,3137254901961
50902	Marracos	2011	100,0	97,0	85,0	12,0	0,0	1,0	84,0	87,6288659793814
50902	Marracos	2015	97,0	87,0	78,0	9,0	0,0	1,0	77,0	89,6551724137931
50902	Marracos	2016	94,0	87,0	79,0	8,0	0,0	2,0	77,0	90,8045977011494
50902	Marracos	2019	86,0	77,0	65,0	12,0	3,0	0,0	62,0	84,4155844155844
50903	Villamayor de Gállego	2008	2849,0	2261,0	1796,0	465,0	5,0	9,0	1782,0	79,4338788146838
50903	Villamayor de Gállego	2011	2888,0	2234,0	1622,0	612,0	25,0	35,0	1562,0	72,6051924798568
50903	Villamayor de Gállego	2015	2820,0	2225,0	1687,0	538,0	17,0	21,0	1649,0	75,8202247191011
50903	Villamayor de Gállego	2016	2793,0	2214,0	1602,0	612,0	17,0	8,0	1577,0	72,3577235772358
50903	Villamayor de Gállego	2019	2696,0	2268,0	1685,0	583,0	15,0	16,0	1654,0	74,294532627866