Municipio código	Municipio nombre	Año	Población	Censo electoral	Participación	Abstención	Votos nulos	Votos blancos	Votos a candidaturas	% Participación
22001	Abiego	2008	292,0	249,0	197,0	52,0	3,0	1,0	193,0	79,1164658634538
22001	Abiego	2011	281,0	242,0	172,0	70,0	4,0	7,0	161,0	71,0743801652892
22001	Abiego	2015	267,0	226,0	165,0	61,0	3,0	2,0	160,0	73,0088495575221
22001	Abiego	2016	253,0	225,0	147,0	78,0	3,0	3,0	141,0	65,3333333333333
22001	Abiego	2019	237,0	212,0	145,0	67,0	4,0	1,0	140,0	68,3962264150943
22002	Abizanda	2008	133,0	111,0	97,0	14,0	1,0	2,0	94,0	87,3873873873874
22002	Abizanda	2011	132,0	107,0	84,0	23,0	0,0	6,0	78,0	78,5046728971963
22002	Abizanda	2015	140,0	109,0	94,0	15,0	1,0	1,0	92,0	86,2385321100917
22002	Abizanda	2016	142,0	107,0	95,0	12,0	1,0	2,0	92,0	88,785046728972
22002	Abizanda	2019	151,0	99,0	81,0	18,0	0,0	0,0	81,0	81,8181818181818
22003	Adahuesca	2008	169,0	139,0	115,0	24,0	3,0	1,0	111,0	82,7338129496403
22003	Adahuesca	2011	166,0	148,0	116,0	32,0	1,0	6,0	109,0	78,3783783783784
22003	Adahuesca	2015	172,0	143,0	118,0	25,0	0,0	3,0	115,0	82,5174825174825
22003	Adahuesca	2016	173,0	137,0	107,0	30,0	0,0	2,0	105,0	78,1021897810219
22003	Adahuesca	2019	172,0	135,0	106,0	29,0	1,0	1,0	104,0	78,5185185185185
22004	Agüero	2008	161,0	152,0	114,0	38,0	4,0	1,0	109,0	75,0
22004	Agüero	2011	164,0	146,0	97,0	49,0	3,0	4,0	90,0	66,4383561643836
22004	Agüero	2015	150,0	136,0	78,0	58,0	2,0	1,0	75,0	57,3529411764706
22004	Agüero	2016	145,0	135,0	80,0	55,0	3,0	0,0	77,0	59,2592592592593
22004	Agüero	2019	130,0	123,0	82,0	41,0	3,0	0,0	79,0	66,6666666666667
22006	Aísa	2008	408,0	339,0	219,0	120,0	12,0	3,0	204,0	64,6017699115044
22006	Aísa	2011	362,0	319,0	203,0	116,0	16,0	39,0	148,0	63,6363636363636
22006	Aísa	2015	363,0	298,0	211,0	87,0	11,0	28,0	172,0	70,8053691275168
22006	Aísa	2016	358,0	298,0	199,0	99,0	7,0	14,0	178,0	66,7785234899329
22006	Aísa	2019	321,0	268,0	166,0	102,0	6,0	9,0	151,0	61,9402985074627
22007	Albalate de Cinca	2008	1131,0	874,0	694,0	180,0	15,0	10,0	669,0	79,4050343249428
22007	Albalate de Cinca	2011	1237,0	863,0	635,0	228,0	25,0	27,0	583,0	73,5805330243337
22007	Albalate de Cinca	2015	1201,0	797,0	603,0	194,0	16,0	36,0	551,0	75,6587202007528
22007	Albalate de Cinca	2016	1151,0	792,0	580,0	212,0	15,0	23,0	542,0	73,2323232323232
22007	Albalate de Cinca	2019	1102,0	751,0	523,0	228,0	18,0	3,0	502,0	69,6404793608522
22008	Albalatillo	2008	265,0	207,0	172,0	35,0	4,0	5,0	163,0	83,0917874396135
22008	Albalatillo	2011	243,0	194,0	166,0	28,0	2,0	18,0	146,0	85,5670103092783
22008	Albalatillo	2015	207,0	173,0	133,0	40,0	2,0	5,0	126,0	76,878612716763
22008	Albalatillo	2016	205,0	173,0	132,0	41,0	2,0	8,0	122,0	76,3005780346821
22008	Albalatillo	2019	181,0	144,0	110,0	34,0	1,0	3,0	106,0	76,3888888888889
22009	Albelda	2008	875,0	751,0	540,0	211,0	20,0	14,0	506,0	71,9041278295606
22009	Albelda	2011	847,0	704,0	486,0	218,0	31,0	30,0	425,0	69,0340909090909
22009	Albelda	2015	762,0	619,0	456,0	163,0	15,0	23,0	418,0	73,6672051696284
22009	Albelda	2016	750,0	617,0	435,0	182,0	11,0	18,0	406,0	70,5024311183144
22009	Albelda	2019	721,0	581,0	383,0	198,0	9,0	12,0	362,0	65,92082616179
22011	Albero Alto	2008	120,0	96,0	75,0	21,0	2,0	1,0	72,0	78,125
22011	Albero Alto	2011	132,0	102,0	77,0	25,0	2,0	9,0	66,0	75,4901960784314
22011	Albero Alto	2015	125,0	89,0	69,0	20,0	1,0	9,0	59,0	77,5280898876404
22011	Albero Alto	2016	124,0	88,0	68,0	20,0	2,0	4,0	62,0	77,2727272727273
22011	Albero Alto	2019	105,0	98,0	77,0	21,0	2,0	4,0	71,0	78,5714285714286
22012	Albero Bajo	2008	107,0	101,0	85,0	16,0	2,0	1,0	82,0	84,1584158415841
22012	Albero Bajo	2011	96,0	93,0	93,0	0,0	0,0	6,0	87,0	100,0
22012	Albero Bajo	2015	122,0	111,0	80,0	31,0	6,0	2,0	72,0	72,0720720720721
22012	Albero Bajo	2016	138,0	111,0	85,0	26,0	3,0	4,0	78,0	76,5765765765766
22012	Albero Bajo	2019	141,0	102,0	73,0	29,0	2,0	4,0	67,0	71,5686274509804
22013	Alberuela de Tubo	2008	353,0	322,0	269,0	53,0	2,0	6,0	261,0	83,5403726708074
22013	Alberuela de Tubo	2011	355,0	304,0	232,0	72,0	7,0	14,0	211,0	76,3157894736842
22013	Alberuela de Tubo	2015	327,0	295,0	230,0	65,0	13,0	15,0	202,0	77,9661016949152
22013	Alberuela de Tubo	2016	314,0	288,0	212,0	76,0	14,0	9,0	189,0	73,6111111111111
22013	Alberuela de Tubo	2019	309,0	271,0	200,0	71,0	5,0	5,0	190,0	73,8007380073801
22014	Alcalá de Gurrea	2008	276,0	267,0	223,0	44,0	4,0	31,0	188,0	83,5205992509363
22014	Alcalá de Gurrea	2011	278,0	265,0	191,0	74,0	3,0	6,0	182,0	72,0754716981132
22014	Alcalá de Gurrea	2015	277,0	245,0	183,0	62,0	7,0	5,0	171,0	74,6938775510204
22014	Alcalá de Gurrea	2016	273,0	243,0	189,0	54,0	6,0	5,0	178,0	77,7777777777778
22014	Alcalá de Gurrea	2019	246,0	227,0	163,0	64,0	4,0	5,0	154,0	71,8061674008811
22015	Alcalá del Obispo	2008	367,0	341,0	263,0	78,0	10,0	4,0	249,0	77,1260997067449
22015	Alcalá del Obispo	2011	491,0	336,0	235,0	101,0	10,0	18,0	207,0	69,9404761904762
22015	Alcalá del Obispo	2015	349,0	324,0	235,0	89,0	8,0	5,0	222,0	72,5308641975309
22015	Alcalá del Obispo	2016	342,0	319,0	231,0	88,0	9,0	7,0	215,0	72,4137931034483
22015	Alcalá del Obispo	2019	325,0	299,0	218,0	81,0	3,0	3,0	212,0	72,9096989966555
22016	Alcampell	2008	821,0	709,0	534,0	175,0	10,0	11,0	513,0	75,3173483779972
22016	Alcampell	2011	782,0	654,0	475,0	179,0	13,0	27,0	435,0	72,6299694189602
22016	Alcampell	2015	707,0	613,0	434,0	179,0	12,0	19,0	403,0	70,7993474714519
22016	Alcampell	2016	697,0	601,0	400,0	201,0	15,0	10,0	375,0	66,5557404326123
22016	Alcampell	2019	652,0	558,0	382,0	176,0	6,0	6,0	370,0	68,4587813620072
22017	Alcolea de Cinca	2008	1168,0	940,0	739,0	201,0	28,0	12,0	699,0	78,6170212765957
22017	Alcolea de Cinca	2011	1164,0	917,0	671,0	246,0	32,0	42,0	597,0	73,1733914940022
22017	Alcolea de Cinca	2015	1136,0	864,0	657,0	207,0	13,0	19,0	625,0	76,0416666666667
22017	Alcolea de Cinca	2016	1125,0	866,0	650,0	216,0	14,0	13,0	623,0	75,0577367205543
22017	Alcolea de Cinca	2019	1160,0	826,0	606,0	220,0	13,0	12,0	581,0	73,365617433414
22018	Alcubierre	2008	446,0	380,0	318,0	62,0	9,0	4,0	305,0	83,6842105263158
22018	Alcubierre	2011	433,0	357,0	272,0	85,0	4,0	18,0	250,0	76,1904761904762
22018	Alcubierre	2015	401,0	332,0	242,0	90,0	3,0	15,0	224,0	72,8915662650602
22018	Alcubierre	2016	399,0	327,0	244,0	83,0	6,0	8,0	230,0	74,6177370030581
22018	Alcubierre	2019	363,0	303,0	213,0	90,0	3,0	7,0	203,0	70,2970297029703
22019	Alerre	2008	224,0	188,0	160,0	28,0	3,0	6,0	151,0	85,1063829787234
22019	Alerre	2011	223,0	190,0	140,0	50,0	6,0	13,0	121,0	73,6842105263158
22019	Alerre	2015	213,0	180,0	155,0	25,0	12,0	10,0	133,0	86,1111111111111
22019	Alerre	2016	209,0	180,0	149,0	31,0	7,0	8,0	134,0	82,7777777777778
22019	Alerre	2019	201,0	176,0	128,0	48,0	3,0	2,0	123,0	72,7272727272727
22020	Alfántega	2008	120,0	96,0	80,0	16,0	7,0	3,0	70,0	83,3333333333333
22020	Alfántega	2011	125,0	110,0	81,0	29,0	1,0	1,0	79,0	73,6363636363636
22020	Alfántega	2015	136,0	114,0	90,0	24,0	0,0	5,0	85,0	78,9473684210526
22020	Alfántega	2016	128,0	115,0	86,0	29,0	0,0	2,0	84,0	74,7826086956522
22020	Alfántega	2019	127,0	115,0	82,0	33,0	3,0	1,0	78,0	71,3043478260869
22021	Almudévar	2008	2389,0	2029,0	1631,0	398,0	57,0	25,0	1549,0	80,3844258255298
22021	Almudévar	2011	2554,0	2080,0	1516,0	564,0	57,0	97,0	1362,0	72,8846153846154
22021	Almudévar	2015	2519,0	1970,0	1467,0	503,0	51,0	55,0	1361,0	74,4670050761421
22021	Almudévar	2016	2501,0	1971,0	1400,0	571,0	45,0	51,0	1304,0	71,0299340436327
22021	Almudévar	2019	2394,0	1884,0	1327,0	557,0	28,0	36,0	1263,0	70,4352441613588
22022	Almunia de San Juan	2008	658,0	582,0	465,0	117,0	29,0	19,0	417,0	79,8969072164948
22022	Almunia de San Juan	2011	664,0	582,0	448,0	134,0	15,0	41,0	392,0	76,9759450171821
22022	Almunia de San Juan	2015	681,0	558,0	427,0	131,0	20,0	17,0	390,0	76,5232974910394
22022	Almunia de San Juan	2016	679,0	552,0	412,0	140,0	12,0	9,0	391,0	74,6376811594203
22022	Almunia de San Juan	2019	654,0	542,0	403,0	139,0	10,0	6,0	387,0	74,3542435424354
22023	Almuniente	2008	567,0	501,0	421,0	80,0	11,0	9,0	401,0	84,0319361277445
22023	Almuniente	2011	559,0	474,0	381,0	93,0	21,0	5,0	355,0	80,379746835443
22023	Almuniente	2015	528,0	430,0	326,0	104,0	6,0	12,0	308,0	75,8139534883721
22023	Almuniente	2016	522,0	421,0	308,0	113,0	14,0	6,0	288,0	73,1591448931116
22023	Almuniente	2019	471,0	385,0	292,0	93,0	16,0	6,0	270,0	75,8441558441558
22024	Alquézar	2008	312,0	246,0	185,0	61,0	9,0	2,0	174,0	75,2032520325203
22024	Alquézar	2011	313,0	222,0	144,0	78,0	10,0	9,0	125,0	64,8648648648649
22024	Alquézar	2015	297,0	225,0	173,0	52,0	3,0	15,0	155,0	76,8888888888889
22024	Alquézar	2016	297,0	226,0	170,0	56,0	7,0	7,0	156,0	75,2212389380531
22024	Alquézar	2019	296,0	220,0	154,0	66,0	3,0	7,0	144,0	70,0
22025	Altorricón	2008	1457,0	1124,0	845,0	279,0	37,0	19,0	789,0	75,1779359430605
22025	Altorricón	2011	1506,0	1104,0	786,0	318,0	36,0	59,0	691,0	71,195652173913
22025	Altorricón	2015	1477,0	1071,0	709,0	362,0	31,0	36,0	642,0	66,1998132586368
22025	Altorricón	2016	1469,0	1071,0	668,0	403,0	32,0	26,0	610,0	62,3716153127918
22025	Altorricón	2019	1409,0	1022,0	705,0	317,0	24,0	26,0	655,0	68,9823874755382
22027	Angüés	2008	422,0	360,0	275,0	85,0	5,0	12,0	258,0	76,3888888888889
22027	Angüés	2011	429,0	351,0	251,0	100,0	9,0	14,0	228,0	71,5099715099715
22027	Angüés	2015	404,0	325,0	214,0	111,0	10,0	2,0	202,0	65,8461538461538
22027	Angüés	2016	391,0	329,0	217,0	112,0	3,0	3,0	211,0	65,9574468085106
22027	Angüés	2019	367,0	311,0	208,0	103,0	7,0	7,0	194,0	66,8810289389068
22028	Ansó	2008	500,0	448,0	365,0	83,0	6,0	6,0	353,0	81,4732142857143
22028	Ansó	2011	491,0	424,0	305,0	119,0	12,0	22,0	271,0	71,9339622641509
22028	Ansó	2015	436,0	379,0	291,0	88,0	13,0	17,0	261,0	76,7810026385224
22028	Ansó	2016	426,0	371,0	272,0	99,0	13,0	12,0	247,0	73,3153638814016
22028	Ansó	2019	431,0	358,0	235,0	123,0	7,0	7,0	221,0	65,6424581005586
22029	Antillón	2008	164,0	143,0	119,0	24,0	3,0	3,0	113,0	83,2167832167832
22029	Antillón	2011	150,0	130,0	100,0	30,0	1,0	12,0	87,0	76,9230769230769
22029	Antillón	2015	153,0	127,0	101,0	26,0	1,0	5,0	95,0	79,5275590551181
22029	Antillón	2016	159,0	127,0	100,0	27,0	0,0	2,0	98,0	78,740157480315
22029	Antillón	2019	149,0	118,0	85,0	33,0	1,0	2,0	82,0	72,0338983050847
22032	Aragüés del Puerto	2008	136,0	131,0	95,0	36,0	3,0	1,0	91,0	72,5190839694656
22032	Aragüés del Puerto	2011	128,0	120,0	77,0	43,0	7,0	5,0	65,0	64,1666666666667
22032	Aragüés del Puerto	2015	123,0	107,0	71,0	36,0	3,0	5,0	63,0	66,3551401869159
22032	Aragüés del Puerto	2016	119,0	110,0	67,0	43,0	3,0	2,0	62,0	60,9090909090909
22032	Aragüés del Puerto	2019	116,0	102,0	66,0	36,0	3,0	2,0	61,0	64,7058823529412
22035	Arén	2008	322,0	274,0	197,0	77,0	3,0	6,0	188,0	71,8978102189781
22035	Arén	2011	363,0	261,0	179,0	82,0	6,0	12,0	161,0	68,5823754789272
22035	Arén	2015	314,0	244,0	169,0	75,0	4,0	10,0	155,0	69,2622950819672
22035	Arén	2016	328,0	234,0	164,0	70,0	8,0	5,0	151,0	70,0854700854701
22035	Arén	2019	318,0	225,0	153,0	72,0	2,0	5,0	146,0	68,0
22036	Argavieso	2008	135,0	113,0	113,0	0,0	0,0	1,0	112,0	100,0
22036	Argavieso	2011	119,0	101,0	81,0	20,0	0,0	3,0	78,0	80,1980198019802
22036	Argavieso	2015	107,0	91,0	79,0	12,0	2,0	0,0	77,0	86,8131868131868
22036	Argavieso	2016	105,0	92,0	76,0	16,0	0,0	2,0	74,0	82,6086956521739
22036	Argavieso	2019	96,0	84,0	71,0	13,0	0,0	0,0	71,0	84,5238095238095
22037	Arguis	2008	97,0	97,0	80,0	17,0	0,0	1,0	79,0	82,4742268041237
22037	Arguis	2011	118,0	115,0	85,0	30,0	6,0	7,0	72,0	73,9130434782609
22037	Arguis	2015	125,0	116,0	95,0	21,0	3,0	5,0	87,0	81,8965517241379
22037	Arguis	2016	126,0	115,0	83,0	32,0	1,0	0,0	82,0	72,1739130434783
22037	Arguis	2019	129,0	112,0	87,0	25,0	0,0	1,0	86,0	77,6785714285714
22039	Ayerbe	2008	1111,0	933,0	750,0	183,0	21,0	13,0	716,0	80,3858520900322
22039	Ayerbe	2011	1119,0	920,0	709,0	211,0	26,0	40,0	643,0	77,0652173913043
22039	Ayerbe	2015	1097,0	869,0	672,0	197,0	26,0	33,0	613,0	77,3302646720368
22039	Ayerbe	2016	1116,0	863,0	669,0	194,0	21,0	20,0	628,0	77,5202780996524
22039	Ayerbe	2019	1041,0	813,0	634,0	179,0	8,0	9,0	617,0	77,9827798277983
22040	Azanuy-Alins	2008	178,0	162,0	141,0	21,0	2,0	1,0	138,0	87,037037037037
22040	Azanuy-Alins	2011	174,0	155,0	125,0	30,0	3,0	8,0	114,0	80,6451612903226
22040	Azanuy-Alins	2015	184,0	148,0	123,0	25,0	4,0	5,0	114,0	83,1081081081081
22040	Azanuy-Alins	2016	173,0	144,0	117,0	27,0	1,0	3,0	113,0	81,25
22040	Azanuy-Alins	2019	176,0	149,0	118,0	31,0	1,0	5,0	112,0	79,1946308724832
22041	Azara	2008	193,0	172,0	148,0	24,0	1,0	4,0	143,0	86,046511627907
22041	Azara	2011	200,0	175,0	138,0	37,0	3,0	8,0	127,0	78,8571428571429
22041	Azara	2015	193,0	163,0	126,0	37,0	5,0	9,0	112,0	77,3006134969325
22041	Azara	2016	189,0	163,0	132,0	31,0	3,0	1,0	128,0	80,9815950920245
22041	Azara	2019	174,0	145,0	115,0	30,0	4,0	2,0	109,0	79,3103448275862
22042	Azlor	2008	142,0	127,0	102,0	25,0	2,0	1,0	99,0	80,3149606299213
22042	Azlor	2011	135,0	115,0	93,0	22,0	2,0	8,0	83,0	80,8695652173913
22042	Azlor	2015	137,0	118,0	102,0	16,0	6,0	1,0	95,0	86,4406779661017
22042	Azlor	2016	141,0	117,0	95,0	22,0	4,0	1,0	90,0	81,1965811965812
22042	Azlor	2019	153,0	116,0	91,0	25,0	1,0	3,0	87,0	78,448275862069
22043	Baells	2008	129,0	114,0	75,0	39,0	1,0	2,0	72,0	65,7894736842105
22043	Baells	2011	120,0	112,0	72,0	40,0	1,0	2,0	69,0	64,2857142857143
22043	Baells	2015	113,0	94,0	71,0	23,0	1,0	1,0	69,0	75,531914893617
22043	Baells	2016	106,0	93,0	64,0	29,0	1,0	1,0	62,0	68,8172043010753
22043	Baells	2019	104,0	93,0	53,0	40,0	1,0	0,0	52,0	56,9892473118279
22044	Bailo	2008	229,0	261,0	194,0	67,0	7,0	1,0	186,0	74,3295019157088
22044	Bailo	2011	296,0	278,0	193,0	85,0	6,0	20,0	167,0	69,4244604316547
22044	Bailo	2015	290,0	254,0	183,0	71,0	8,0	16,0	159,0	72,0472440944882
22044	Bailo	2016	288,0	252,0	195,0	57,0	7,0	7,0	181,0	77,3809523809524
22044	Bailo	2019	279,0	234,0	162,0	72,0	5,0	2,0	155,0	69,2307692307692
22045	Baldellou	2008	117,0	107,0	90,0	17,0	2,0	2,0	86,0	84,1121495327103
22045	Baldellou	2011	117,0	104,0	83,0	21,0	3,0	3,0	77,0	79,8076923076923
22045	Baldellou	2015	98,0	89,0	66,0	23,0	2,0	1,0	63,0	74,1573033707865
22045	Baldellou	2016	102,0	82,0	65,0	17,0	2,0	3,0	60,0	79,2682926829268
22045	Baldellou	2019	77,0	65,0	52,0	13,0	0,0	0,0	52,0	80,0
22046	Ballobar	2008	997,0	830,0	677,0	153,0	19,0	12,0	646,0	81,566265060241
22046	Ballobar	2011	981,0	784,0	614,0	170,0	35,0	32,0	547,0	78,3163265306122
22046	Ballobar	2015	866,0	740,0	566,0	174,0	22,0	15,0	529,0	76,4864864864865
22046	Ballobar	2016	838,0	728,0	557,0	171,0	15,0	0,0	542,0	76,510989010989
22046	Ballobar	2019	823,0	713,0	548,0	165,0	8,0	19,0	521,0	76,8583450210379
22047	Banastás	2008	249,0	204,0	183,0	21,0	3,0	6,0	174,0	89,7058823529412
22047	Banastás	2011	270,0	228,0	198,0	30,0	5,0	14,0	179,0	86,8421052631579
22047	Banastás	2015	303,0	247,0	210,0	37,0	3,0	8,0	199,0	85,0202429149798
22047	Banastás	2016	305,0	243,0	199,0	44,0	3,0	5,0	191,0	81,8930041152263
22047	Banastás	2019	292,0	248,0	199,0	49,0	0,0	2,0	197,0	80,241935483871
22048	Barbastro	2008	16025,0	12171,0	9408,0	2763,0	220,0	179,0	9009,0	77,2984964259305
22048	Barbastro	2011	17080,0	12485,0	9049,0	3436,0	374,0	728,0	7947,0	72,4789747697237
22048	Barbastro	2015	17109,0	12633,0	9133,0	3500,0	316,0	530,0	8287,0	72,2947835035225
22048	Barbastro	2016	17020,0	12598,0	8682,0	3916,0	221,0	358,0	8103,0	68,9157009049055
22048	Barbastro	2019	16944,0	12635,0	8827,0	3808,0	188,0	256,0	8383,0	69,8614958448753
22049	Barbués	2008	110,0	99,0	91,0	8,0	3,0	0,0	88,0	91,9191919191919
22049	Barbués	2011	98,0	88,0	70,0	18,0	1,0	6,0	63,0	79,5454545454545
22049	Barbués	2015	92,0	78,0	60,0	18,0	2,0	6,0	52,0	76,9230769230769
22049	Barbués	2016	87,0	78,0	63,0	15,0	1,0	1,0	61,0	80,7692307692308
22049	Barbués	2019	77,0	73,0	62,0	11,0	0,0	0,0	62,0	84,9315068493151
22050	Barbuñales	2008	107,0	94,0	79,0	15,0	0,0	1,0	78,0	84,0425531914894
22050	Barbuñales	2011	109,0	100,0	84,0	16,0	0,0	3,0	81,0	84,0
22050	Barbuñales	2015	100,0	89,0	75,0	14,0	1,0	2,0	72,0	84,2696629213483
22050	Barbuñales	2016	99,0	88,0	75,0	13,0	0,0	1,0	74,0	85,2272727272727
22050	Barbuñales	2019	95,0	93,0	76,0	17,0	0,0	0,0	76,0	81,7204301075269
22051	Bárcabo	2008	123,0	111,0	111,0	0,0	1,0	2,0	108,0	100,0
22051	Bárcabo	2011	129,0	108,0	85,0	23,0	1,0	3,0	81,0	78,7037037037037
22051	Bárcabo	2015	117,0	101,0	84,0	17,0	1,0	2,0	81,0	83,1683168316832
22051	Bárcabo	2016	117,0	100,0	81,0	19,0	0,0	2,0	79,0	81,0
22051	Bárcabo	2019	105,0	90,0	71,0	19,0	3,0	0,0	68,0	78,8888888888889
22052	Belver de Cinca	2008	1319,0	1054,0	939,0	115,0	55,0	15,0	869,0	89,0891840607211
22052	Belver de Cinca	2011	1362,0	997,0	774,0	223,0	40,0	26,0	708,0	77,6328986960883
22052	Belver de Cinca	2015	1346,0	942,0	735,0	207,0	19,0	21,0	695,0	78,0254777070064
22052	Belver de Cinca	2016	1312,0	925,0	710,0	215,0	17,0	26,0	667,0	76,7567567567567
22052	Belver de Cinca	2019	1292,0	874,0	659,0	215,0	17,0	18,0	624,0	75,4004576659039
22053	Benabarre	2008	1167,0	896,0	633,0	263,0	13,0	15,0	605,0	70,6473214285714
22053	Benabarre	2011	1177,0	867,0	557,0	310,0	32,0	29,0	496,0	64,2445213379469
22053	Benabarre	2015	1153,0	787,0	526,0	261,0	16,0	33,0	477,0	66,8360864040661
22053	Benabarre	2016	1127,0	789,0	514,0	275,0	15,0	30,0	469,0	65,1457541191381
22053	Benabarre	2019	1107,0	783,0	490,0	293,0	17,0	10,0	463,0	62,5798212005108
22054	Benasque	2008	2080,0	1577,0	1012,0	565,0	24,0	40,0	948,0	64,1724793912492
22054	Benasque	2011	2219,0	1602,0	1032,0	570,0	110,0	125,0	797,0	64,4194756554307
22054	Benasque	2015	2149,0	1542,0	1098,0	444,0	52,0	73,0	973,0	71,2062256809339
22054	Benasque	2016	2090,0	1542,0	1075,0	467,0	27,0	45,0	1003,0	69,7146562905318
22054	Benasque	2019	2157,0	1614,0	1024,0	590,0	35,0	30,0	959,0	63,4448574969021
22055	Berbegal	2008	481,0	367,0	367,0	0,0	4,0	10,0	353,0	100,0
22055	Berbegal	2011	441,0	347,0	291,0	56,0	8,0	13,0	270,0	83,8616714697406
22055	Berbegal	2015	391,0	325,0	252,0	73,0	6,0	13,0	233,0	77,5384615384615
22055	Berbegal	2016	378,0	320,0	243,0	77,0	11,0	6,0	226,0	75,9375
22055	Berbegal	2019	345,0	305,0	242,0	63,0	9,0	8,0	225,0	79,344262295082
22057	Bielsa	2008	524,0	396,0	311,0	85,0	7,0	5,0	299,0	78,5353535353535
22057	Bielsa	2011	511,0	377,0	277,0	100,0	12,0	18,0	247,0	73,474801061008
22057	Bielsa	2015	496,0	364,0	252,0	112,0	8,0	3,0	241,0	69,2307692307692
22057	Bielsa	2016	488,0	370,0	271,0	99,0	8,0	6,0	257,0	73,2432432432432
22057	Bielsa	2019	476,0	364,0	248,0	116,0	6,0	8,0	234,0	68,1318681318681
22058	Bierge	2008	235,0	197,0	152,0	45,0	2,0	9,0	141,0	77,1573604060914
22058	Bierge	2011	258,0	194,0	137,0	57,0	2,0	17,0	118,0	70,6185567010309
22058	Bierge	2015	242,0	190,0	149,0	41,0	5,0	8,0	136,0	78,421052631579
22058	Bierge	2016	244,0	194,0	159,0	35,0	3,0	12,0	144,0	81,9587628865979
22058	Bierge	2019	231,0	193,0	140,0	53,0	1,0	0,0	139,0	72,5388601036269
22059	Biescas	2008	1549,0	1193,0	1038,0	155,0	17,0	13,0	1008,0	87,0075440067058
22059	Biescas	2011	1634,0	1149,0	787,0	362,0	38,0	67,0	682,0	68,4943429068755
22059	Biescas	2015	1535,0	1137,0	828,0	309,0	40,0	37,0	751,0	72,8232189973615
22059	Biescas	2016	1487,0	1149,0	796,0	353,0	16,0	23,0	757,0	69,2776327241079
22059	Biescas	2019	1479,0	1135,0	763,0	372,0	28,0	12,0	723,0	67,2246696035242
22060	Binaced	2008	1530,0	1239,0	1022,0	217,0	15,0	12,0	995,0	82,4858757062147
22060	Binaced	2011	1494,0	1180,0	902,0	278,0	29,0	32,0	841,0	76,4406779661017
22060	Binaced	2015	1539,0	1165,0	880,0	285,0	28,0	27,0	825,0	75,5364806866953
22060	Binaced	2016	1507,0	1164,0	844,0	320,0	26,0	12,0	806,0	72,5085910652921
22060	Binaced	2019	1555,0	1167,0	812,0	355,0	18,0	18,0	776,0	69,5801199657241
22061	Binéfar	2008	9048,0	6612,0	4988,0	1624,0	151,0	92,0	4745,0	75,4385964912281
22061	Binéfar	2011	9407,0	6611,0	4766,0	1845,0	200,0	263,0	4303,0	72,0919679322341
22061	Binéfar	2015	9461,0	6685,0	4754,0	1931,0	170,0	200,0	4384,0	71,114435302917
22061	Binéfar	2016	9439,0	6630,0	4516,0	2114,0	103,0	118,0	4295,0	68,1146304675716
22061	Binéfar	2019	9435,0	6567,0	4422,0	2145,0	97,0	93,0	4232,0	67,3366834170854
22062	Bisaurri	2008	239,0	210,0	147,0	63,0	2,0	6,0	139,0	70,0
22062	Bisaurri	2011	208,0	189,0	126,0	63,0	4,0	10,0	112,0	66,6666666666667
22062	Bisaurri	2015	179,0	162,0	113,0	49,0	2,0	10,0	101,0	69,7530864197531
22062	Bisaurri	2016	176,0	167,0	113,0	54,0	1,0	6,0	106,0	67,6646706586826
22062	Bisaurri	2019	181,0	154,0	107,0	47,0	1,0	4,0	102,0	69,4805194805195
22063	Biscarrués	2008	221,0	189,0	189,0	0,0	4,0	2,0	183,0	100,0
22063	Biscarrués	2011	228,0	184,0	142,0	42,0	4,0	3,0	135,0	77,1739130434783
22063	Biscarrués	2015	209,0	175,0	137,0	38,0	4,0	7,0	126,0	78,2857142857143
22063	Biscarrués	2016	202,0	169,0	133,0	36,0	4,0	3,0	126,0	78,698224852071
22063	Biscarrués	2019	189,0	161,0	127,0	34,0	1,0	0,0	126,0	78,8819875776398
22064	Blecua y Torres	2008	201,0	173,0	139,0	34,0	1,0	0,0	138,0	80,3468208092485
22064	Blecua y Torres	2011	208,0	184,0	134,0	50,0	4,0	12,0	118,0	72,8260869565217
22064	Blecua y Torres	2015	202,0	165,0	113,0	52,0	0,0	4,0	109,0	68,4848484848485
22064	Blecua y Torres	2016	200,0	166,0	121,0	45,0	1,0	2,0	118,0	72,8915662650602
22064	Blecua y Torres	2019	183,0	155,0	100,0	55,0	1,0	2,0	97,0	64,5161290322581
22066	Boltaña	2008	977,0	723,0	541,0	182,0	5,0	8,0	528,0	74,8271092669433
22066	Boltaña	2011	1051,0	699,0	467,0	232,0	19,0	30,0	418,0	66,8097281831187
22066	Boltaña	2015	1041,0	707,0	495,0	212,0	16,0	25,0	454,0	70,01414427157
22066	Boltaña	2016	981,0	702,0	485,0	217,0	9,0	10,0	466,0	69,0883190883191
22066	Boltaña	2019	986,0	755,0	520,0	235,0	9,0	10,0	501,0	68,8741721854305
22067	Bonansa	2008	97,0	70,0	53,0	17,0	1,0	2,0	50,0	75,7142857142857
22067	Bonansa	2011	102,0	82,0	54,0	28,0	5,0	4,0	45,0	65,8536585365854
22067	Bonansa	2015	84,0	65,0	45,0	20,0	0,0	6,0	39,0	69,2307692307692
22067	Bonansa	2016	81,0	65,0	50,0	15,0	0,0	3,0	47,0	76,9230769230769
22067	Bonansa	2019	86,0	70,0	51,0	19,0	0,0	1,0	50,0	72,8571428571429
22068	Borau	2008	72,0	67,0	52,0	15,0	2,0	7,0	43,0	77,6119402985075
22068	Borau	2011	81,0	79,0	51,0	28,0	1,0	14,0	36,0	64,5569620253165
22068	Borau	2015	91,0	82,0	64,0	18,0	2,0	7,0	55,0	78,0487804878049
22068	Borau	2016	95,0	79,0	60,0	19,0	2,0	3,0	55,0	75,9493670886076
22068	Borau	2019	80,0	64,0	41,0	23,0	0,0	3,0	38,0	64,0625
22069	Broto	2008	533,0	426,0	312,0	114,0	13,0	5,0	294,0	73,2394366197183
22069	Broto	2011	542,0	436,0	317,0	119,0	7,0	24,0	286,0	72,7064220183486
22069	Broto	2015	523,0	435,0	330,0	105,0	4,0	24,0	302,0	75,8620689655172
22069	Broto	2016	532,0	429,0	328,0	101,0	7,0	9,0	312,0	76,4568764568764
22069	Broto	2019	531,0	423,0	290,0	133,0	6,0	8,0	276,0	68,5579196217494
22072	Caldearenas	2008	250,0	208,0	136,0	72,0	1,0	4,0	131,0	65,3846153846154
22072	Caldearenas	2011	246,0	209,0	124,0	85,0	8,0	15,0	101,0	59,3301435406699
22072	Caldearenas	2015	208,0	192,0	148,0	44,0	3,0	10,0	135,0	77,0833333333333
22072	Caldearenas	2016	210,0	191,0	136,0	55,0	5,0	3,0	128,0	71,2041884816754
22072	Caldearenas	2019	218,0	197,0	124,0	73,0	3,0	2,0	119,0	62,9441624365482
22074	Campo	2008	279,0	297,0	231,0	66,0	2,0	6,0	223,0	77,7777777777778
22074	Campo	2011	355,0	311,0	224,0	87,0	15,0	21,0	188,0	72,0257234726688
22074	Campo	2015	459,0	315,0	224,0	91,0	12,0	15,0	197,0	71,1111111111111
22074	Campo	2016	437,0	313,0	224,0	89,0	10,0	11,0	203,0	71,5654952076677
22074	Campo	2019	323,0	303,0	209,0	94,0	4,0	7,0	198,0	68,976897689769
22075	Camporrells	2008	219,0	178,0	138,0	40,0	1,0	2,0	135,0	77,5280898876404
22075	Camporrells	2011	193,0	150,0	103,0	47,0	3,0	4,0	96,0	68,6666666666667
22075	Camporrells	2015	148,0	126,0	82,0	44,0	2,0	3,0	77,0	65,0793650793651
22075	Camporrells	2016	138,0	125,0	82,0	43,0	6,0	2,0	74,0	65,6
22075	Camporrells	2019	137,0	116,0	71,0	45,0	4,0	2,0	65,0	61,2068965517241
22076	Canal de Berdún	2008	417,0	354,0	276,0	78,0	8,0	3,0	265,0	77,9661016949152
22076	Canal de Berdún	2011	396,0	331,0	233,0	98,0	13,0	14,0	206,0	70,392749244713
22076	Canal de Berdún	2015	376,0	305,0	218,0	87,0	12,0	4,0	202,0	71,4754098360656
22076	Canal de Berdún	2016	367,0	311,0	197,0	114,0	5,0	6,0	186,0	63,3440514469453
22076	Canal de Berdún	2019	321,0	285,0	205,0	80,0	10,0	9,0	186,0	71,9298245614035
22077	Candasnos	2008	439,0	458,0	380,0	78,0	6,0	8,0	366,0	82,9694323144105
22077	Candasnos	2011	409,0	421,0	327,0	94,0	9,0	19,0	299,0	77,6722090261283
22077	Candasnos	2015	339,0	381,0	294,0	87,0	9,0	13,0	272,0	77,1653543307087
22077	Candasnos	2016	330,0	379,0	276,0	103,0	4,0	7,0	265,0	72,8232189973615
22077	Candasnos	2019	317,0	362,0	279,0	83,0	5,0	9,0	265,0	77,0718232044199
22078	Canfranc	2008	672,0	511,0	351,0	160,0	13,0	14,0	324,0	68,6888454011742
22078	Canfranc	2011	624,0	468,0	299,0	169,0	32,0	17,0	250,0	63,8888888888889
22078	Canfranc	2015	554,0	453,0	312,0	141,0	5,0	20,0	287,0	68,8741721854305
22078	Canfranc	2016	560,0	438,0	313,0	125,0	11,0	14,0	288,0	71,4611872146119
22078	Canfranc	2019	532,0	431,0	281,0	150,0	3,0	9,0	269,0	65,1972157772622
22079	Capdesaso	2008	167,0	145,0	110,0	35,0	6,0	5,0	99,0	75,8620689655172
22079	Capdesaso	2011	163,0	126,0	96,0	30,0	2,0	5,0	89,0	76,1904761904762
22079	Capdesaso	2015	170,0	118,0	86,0	32,0	1,0	5,0	80,0	72,8813559322034
22079	Capdesaso	2016	172,0	118,0	83,0	35,0	1,0	3,0	79,0	70,3389830508475
22079	Capdesaso	2019	174,0	118,0	85,0	33,0	1,0	1,0	83,0	72,0338983050847
22080	Capella	2008	387,0	302,0	237,0	65,0	8,0	10,0	219,0	78,476821192053
22080	Capella	2011	366,0	288,0	216,0	72,0	1,0	13,0	202,0	75,0
22080	Capella	2015	361,0	283,0	209,0	74,0	8,0	18,0	183,0	73,8515901060071
22080	Capella	2016	361,0	280,0	192,0	88,0	8,0	17,0	167,0	68,5714285714286
22080	Capella	2019	354,0	263,0	186,0	77,0	6,0	5,0	175,0	70,722433460076
22081	Casbas de Huesca	2008	308,0	282,0	282,0	0,0	3,0	2,0	277,0	100,0
22081	Casbas de Huesca	2011	299,0	268,0	193,0	75,0	7,0	22,0	164,0	72,0149253731343
22081	Casbas de Huesca	2015	295,0	252,0	177,0	75,0	7,0	5,0	165,0	70,2380952380952
22081	Casbas de Huesca	2016	291,0	254,0	178,0	76,0	4,0	11,0	163,0	70,0787401574803
22081	Casbas de Huesca	2019	269,0	247,0	172,0	75,0	5,0	6,0	161,0	69,6356275303644
22082	Castejón del Puente	2008	439,0	351,0	274,0	77,0	7,0	3,0	264,0	78,0626780626781
22082	Castejón del Puente	2011	399,0	320,0	227,0	93,0	2,0	7,0	218,0	70,9375
22082	Castejón del Puente	2015	349,0	298,0	220,0	78,0	7,0	11,0	202,0	73,8255033557047
22082	Castejón del Puente	2016	340,0	291,0	211,0	80,0	4,0	5,0	202,0	72,5085910652921
22082	Castejón del Puente	2019	315,0	288,0	217,0	71,0	6,0	3,0	208,0	75,3472222222222
22083	Castejón de Monegros	2008	646,0	573,0	506,0	67,0	7,0	2,0	497,0	88,3071553228621
22083	Castejón de Monegros	2011	661,0	522,0	437,0	85,0	14,0	19,0	404,0	83,7164750957854
22083	Castejón de Monegros	2015	574,0	474,0	398,0	76,0	13,0	10,0	375,0	83,9662447257384
22083	Castejón de Monegros	2016	568,0	463,0	392,0	71,0	15,0	8,0	369,0	84,6652267818574
22083	Castejón de Monegros	2019	531,0	447,0	359,0	88,0	14,0	5,0	340,0	80,3131991051454
22084	Castejón de Sos	2008	738,0	532,0	387,0	145,0	13,0	11,0	363,0	72,7443609022556
22084	Castejón de Sos	2011	788,0	524,0	354,0	170,0	26,0	31,0	297,0	67,5572519083969
22084	Castejón de Sos	2015	733,0	534,0	411,0	123,0	7,0	29,0	375,0	76,9662921348315
22084	Castejón de Sos	2016	740,0	535,0	396,0	139,0	15,0	15,0	366,0	74,018691588785
22084	Castejón de Sos	2019	753,0	571,0	400,0	171,0	11,0	14,0	375,0	70,0525394045534
22085	Castelflorite	2008	128,0	126,0	108,0	18,0	2,0	1,0	105,0	85,7142857142857
22085	Castelflorite	2011	130,0	119,0	97,0	22,0	6,0	7,0	84,0	81,5126050420168
22085	Castelflorite	2015	123,0	107,0	92,0	15,0	5,0	7,0	80,0	85,981308411215
22085	Castelflorite	2016	120,0	104,0	85,0	19,0	4,0	5,0	76,0	81,7307692307692
22085	Castelflorite	2019	108,0	94,0	78,0	16,0	1,0	2,0	75,0	82,9787234042553
22086	Castiello de Jaca	2008	249,0	206,0	139,0	67,0	4,0	2,0	133,0	67,4757281553398
22086	Castiello de Jaca	2011	256,0	207,0	150,0	57,0	11,0	11,0	128,0	72,463768115942
22086	Castiello de Jaca	2015	243,0	215,0	160,0	55,0	4,0	8,0	148,0	74,4186046511628
22086	Castiello de Jaca	2016	251,0	215,0	160,0	55,0	1,0	5,0	154,0	74,4186046511628
22086	Castiello de Jaca	2019	267,0	194,0	137,0	57,0	1,0	2,0	134,0	70,6185567010309
22087	Castigaleu	2008	119,0	93,0	66,0	27,0	0,0	0,0	66,0	70,9677419354839
22087	Castigaleu	2011	119,0	85,0	57,0	28,0	0,0	11,0	46,0	67,0588235294118
22087	Castigaleu	2015	95,0	72,0	48,0	24,0	1,0	5,0	42,0	66,6666666666667
22087	Castigaleu	2016	94,0	67,0	45,0	22,0	5,0	2,0	38,0	67,1641791044776
22087	Castigaleu	2019	86,0	60,0	46,0	14,0	0,0	0,0	46,0	76,6666666666667
22088	Castillazuelo	2008	225,0	194,0	164,0	30,0	4,0	1,0	159,0	84,5360824742268
22088	Castillazuelo	2011	193,0	171,0	129,0	42,0	11,0	6,0	112,0	75,4385964912281
22088	Castillazuelo	2015	191,0	157,0	116,0	41,0	0,0	5,0	111,0	73,8853503184713
22088	Castillazuelo	2016	181,0	153,0	106,0	47,0	2,0	7,0	97,0	69,281045751634
22088	Castillazuelo	2019	169,0	143,0	97,0	46,0	1,0	2,0	94,0	67,8321678321678
22089	Castillonroy	2008	382,0	344,0	271,0	73,0	15,0	7,0	249,0	78,7790697674419
22089	Castillonroy	2011	378,0	329,0	247,0	82,0	11,0	7,0	229,0	75,0759878419453
22089	Castillonroy	2015	336,0	315,0	222,0	93,0	8,0	8,0	206,0	70,4761904761905
22089	Castillonroy	2016	343,0	302,0	221,0	81,0	9,0	5,0	207,0	73,1788079470199
22089	Castillonroy	2019	312,0	274,0	195,0	79,0	11,0	3,0	181,0	71,1678832116788
22090	Colungo	2008	148,0	132,0	107,0	25,0	0,0	1,0	106,0	81,0606060606061
22090	Colungo	2011	147,0	115,0	80,0	35,0	2,0	8,0	70,0	69,5652173913043
22090	Colungo	2015	124,0	102,0	74,0	28,0	0,0	4,0	70,0	72,5490196078431
22090	Colungo	2016	126,0	99,0	71,0	28,0	0,0	4,0	67,0	71,7171717171717
22090	Colungo	2019	114,0	86,0	60,0	26,0	1,0	4,0	55,0	69,7674418604651
22094	Chalamera	2008	143,0	119,0	87,0	32,0	3,0	2,0	82,0	73,109243697479
22094	Chalamera	2011	128,0	109,0	76,0	33,0	6,0	6,0	64,0	69,7247706422018
22094	Chalamera	2015	103,0	101,0	76,0	25,0	0,0	1,0	75,0	75,2475247524752
22094	Chalamera	2016	111,0	101,0	71,0	30,0	2,0	1,0	68,0	70,2970297029703
22094	Chalamera	2019	108,0	102,0	68,0	34,0	0,0	4,0	64,0	66,6666666666667
22095	Chía	2008	114,0	103,0	78,0	25,0	1,0	2,0	75,0	75,7281553398058
22095	Chía	2011	105,0	87,0	61,0	26,0	2,0	4,0	55,0	70,1149425287356
22095	Chía	2015	87,0	73,0	51,0	22,0	0,0	4,0	47,0	69,8630136986301
22095	Chía	2016	90,0	72,0	58,0	14,0	0,0	4,0	54,0	80,5555555555555
22095	Chía	2019	86,0	66,0	50,0	16,0	1,0	0,0	49,0	75,7575757575758
22096	Chimillas	2008	359,0	290,0	249,0	41,0	5,0	4,0	240,0	85,8620689655172
22096	Chimillas	2011	359,0	301,0	236,0	65,0	9,0	28,0	199,0	78,405315614618
22096	Chimillas	2015	373,0	297,0	241,0	56,0	9,0	23,0	209,0	81,1447811447811
22096	Chimillas	2016	358,0	301,0	234,0	67,0	2,0	10,0	222,0	77,7408637873754
22096	Chimillas	2019	391,0	332,0	247,0	85,0	10,0	16,0	221,0	74,3975903614458
22099	Esplús	2008	731,0	584,0	452,0	132,0	6,0	11,0	435,0	77,3972602739726
22099	Esplús	2011	677,0	532,0	408,0	124,0	12,0	17,0	379,0	76,6917293233083
22099	Esplús	2015	646,0	490,0	372,0	118,0	12,0	19,0	341,0	75,9183673469388
22099	Esplús	2016	619,0	483,0	376,0	107,0	6,0	11,0	359,0	77,8467908902692
22099	Esplús	2019	541,0	490,0	349,0	141,0	10,0	4,0	335,0	71,2244897959183
22102	Estada	2008	224,0	196,0	157,0	39,0	5,0	3,0	149,0	80,1020408163265
22102	Estada	2011	236,0	194,0	194,0	0,0	5,0	7,0	182,0	100,0
22102	Estada	2015	215,0	184,0	158,0	26,0	5,0	7,0	146,0	85,8695652173913
22102	Estada	2016	210,0	179,0	140,0	39,0	3,0	2,0	135,0	78,2122905027933
22102	Estada	2019	204,0	180,0	135,0	45,0	1,0	5,0	129,0	75,0
22103	Estadilla	2008	864,0	731,0	577,0	154,0	20,0	13,0	544,0	78,9329685362517
22103	Estadilla	2011	860,0	697,0	524,0	173,0	24,0	34,0	466,0	75,1793400286944
22103	Estadilla	2015	822,0	680,0	510,0	170,0	16,0	28,0	466,0	75,0
22103	Estadilla	2016	819,0	682,0	491,0	191,0	11,0	17,0	463,0	71,9941348973607
22103	Estadilla	2019	794,0	664,0	482,0	182,0	11,0	13,0	458,0	72,5903614457831
22105	Estopiñán del Castillo	2008	198,0	155,0	120,0	35,0	4,0	5,0	111,0	77,4193548387097
22105	Estopiñán del Castillo	2011	177,0	132,0	132,0	0,0	4,0	6,0	122,0	100,0
22105	Estopiñán del Castillo	2015	136,0	118,0	85,0	33,0	1,0	4,0	80,0	72,0338983050847
22105	Estopiñán del Castillo	2016	147,0	114,0	77,0	37,0	4,0	4,0	69,0	67,5438596491228
22105	Estopiñán del Castillo	2019	126,0	102,0	65,0	37,0	1,0	2,0	62,0	63,7254901960784
22106	Fago	2008	31,0	28,0	20,0	8,0	0,0	2,0	18,0	71,4285714285714
22106	Fago	2011	26,0	25,0	17,0	8,0	0,0	0,0	17,0	68,0
22106	Fago	2015	24,0	24,0	17,0	7,0	0,0	1,0	16,0	70,8333333333333
22106	Fago	2016	25,0	22,0	14,0	8,0	0,0	0,0	14,0	63,6363636363636
22106	Fago	2019	23,0	20,0	13,0	7,0	1,0	2,0	10,0	65,0
22107	Fanlo	2008	171,0	164,0	110,0	54,0	0,0	2,0	108,0	67,0731707317073
22107	Fanlo	2011	138,0	131,0	131,0	0,0	5,0	4,0	122,0	100,0
22107	Fanlo	2015	118,0	123,0	74,0	49,0	3,0	8,0	63,0	60,1626016260163
22107	Fanlo	2016	112,0	112,0	112,0	0,0	1,0	4,0	107,0	100,0
22107	Fanlo	2019	97,0	102,0	51,0	51,0	0,0	0,0	51,0	50,0
22109	Fiscal	2008	296,0	245,0	183,0	62,0	4,0	1,0	178,0	74,6938775510204
22109	Fiscal	2011	317,0	243,0	169,0	74,0	7,0	10,0	152,0	69,5473251028807
22109	Fiscal	2015	369,0	265,0	201,0	64,0	2,0	7,0	192,0	75,8490566037736
22109	Fiscal	2016	361,0	261,0	183,0	78,0	4,0	5,0	174,0	70,1149425287356
22109	Fiscal	2019	327,0	261,0	178,0	83,0	1,0	7,0	170,0	68,1992337164751
22110	Fonz	2008	1034,0	866,0	688,0	178,0	23,0	14,0	651,0	79,445727482679
22110	Fonz	2011	1035,0	822,0	598,0	224,0	36,0	11,0	551,0	72,7493917274939
22110	Fonz	2015	960,0	751,0	557,0	194,0	22,0	13,0	522,0	74,167776298269
22110	Fonz	2016	944,0	738,0	531,0	207,0	26,0	12,0	493,0	71,9512195121951
22110	Fonz	2019	870,0	700,0	473,0	227,0	7,0	4,0	462,0	67,5714285714286
22111	Foradada del Toscar	2008	231,0	200,0	144,0	56,0	3,0	2,0	139,0	72,0
22111	Foradada del Toscar	2011	215,0	180,0	125,0	55,0	4,0	6,0	115,0	69,4444444444444
22111	Foradada del Toscar	2015	192,0	152,0	114,0	38,0	0,0	6,0	108,0	75,0
22111	Foradada del Toscar	2016	187,0	154,0	101,0	53,0	2,0	2,0	97,0	65,5844155844156
22111	Foradada del Toscar	2019	173,0	143,0	96,0	47,0	3,0	3,0	90,0	67,1328671328671
22112	Fraga	2008	13592,0	9623,0	7088,0	2535,0	181,0	187,0	6720,0	73,656863763899
22112	Fraga	2011	14539,0	9619,0	6616,0	3003,0	262,0	471,0	5883,0	68,7805385175174
22112	Fraga	2015	14926,0	9592,0	6828,0	2764,0	210,0	311,0	6307,0	71,1843202668891
22112	Fraga	2016	14921,0	9566,0	6301,0	3265,0	176,0	192,0	5933,0	65,868701651683
22112	Fraga	2019	14979,0	9526,0	6271,0	3255,0	191,0	181,0	5899,0	65,830359017426
22113	Fueva (La)	2008	625,0	519,0	405,0	114,0	5,0	9,0	391,0	78,0346820809248
22113	Fueva (La)	2011	619,0	512,0	357,0	155,0	14,0	19,0	324,0	69,7265625
22113	Fueva (La)	2015	622,0	494,0	358,0	136,0	12,0	11,0	335,0	72,4696356275304
22113	Fueva (La)	2016	622,0	495,0	365,0	130,0	16,0	14,0	335,0	73,7373737373737
22113	Fueva (La)	2019	597,0	478,0	334,0	144,0	5,0	15,0	314,0	69,8744769874477
22114	Gistaín	2008	155,0	151,0	108,0	43,0	2,0	1,0	105,0	71,523178807947
22114	Gistaín	2011	145,0	137,0	94,0	43,0	1,0	7,0	86,0	68,6131386861314
22114	Gistaín	2015	143,0	123,0	80,0	43,0	1,0	3,0	76,0	65,0406504065041
22114	Gistaín	2016	138,0	123,0	81,0	42,0	0,0	2,0	79,0	65,8536585365854
22114	Gistaín	2019	149,0	124,0	74,0	50,0	4,0	3,0	67,0	59,6774193548387
22115	Grado (El)	2008	509,0	434,0	434,0	0,0	5,0	3,0	426,0	100,0
22115	Grado (El)	2011	493,0	415,0	306,0	109,0	9,0	13,0	284,0	73,7349397590361
22115	Grado (El)	2015	435,0	364,0	270,0	94,0	8,0	13,0	249,0	74,1758241758242
22115	Grado (El)	2016	433,0	360,0	256,0	104,0	6,0	7,0	243,0	71,1111111111111
22115	Grado (El)	2019	426,0	348,0	263,0	85,0	9,0	2,0	252,0	75,5747126436782
22116	Grañén	2008	1992,0	1649,0	1267,0	382,0	24,0	36,0	1207,0	76,8344451182535
22116	Grañén	2011	1930,0	1571,0	1118,0	453,0	27,0	66,0	1025,0	71,164863144494
22116	Grañén	2015	1902,0	1443,0	1043,0	400,0	24,0	56,0	963,0	72,2799722799723
22116	Grañén	2016	1859,0	1430,0	1001,0	429,0	24,0	25,0	952,0	70,0
22116	Grañén	2019	1753,0	1342,0	913,0	429,0	19,0	8,0	886,0	68,0327868852459
22117	Graus	2008	3472,0	2661,0	2030,0	631,0	39,0	45,0	1946,0	76,2871101089816
22117	Graus	2011	3700,0	2585,0	1870,0	715,0	87,0	143,0	1640,0	72,3404255319149
22117	Graus	2015	3429,0	2497,0	1763,0	734,0	59,0	94,0	1610,0	70,604725670805
22117	Graus	2016	3371,0	2478,0	1695,0	783,0	57,0	60,0	1578,0	68,4019370460049
22117	Graus	2019	3305,0	2384,0	1595,0	789,0	30,0	39,0	1526,0	66,9043624161074
22119	Gurrea de Gállego	2008	1721,0	1495,0	1116,0	379,0	26,0	13,0	1077,0	74,6488294314381
22119	Gurrea de Gállego	2011	1664,0	1433,0	990,0	443,0	33,0	36,0	921,0	69,0858339148639
22119	Gurrea de Gállego	2015	1575,0	1296,0	941,0	355,0	22,0	29,0	890,0	72,608024691358
22119	Gurrea de Gállego	2016	1545,0	1291,0	937,0	354,0	20,0	23,0	894,0	72,579395817196
22119	Gurrea de Gállego	2019	1476,0	1267,0	877,0	390,0	19,0	5,0	853,0	69,2186266771902
22122	Hoz de Jaca	2008	78,0	70,0	59,0	11,0	2,0	3,0	54,0	84,2857142857143
22122	Hoz de Jaca	2011	71,0	62,0	55,0	7,0	2,0	5,0	48,0	88,7096774193548
22122	Hoz de Jaca	2015	73,0	62,0	49,0	13,0	0,0	5,0	44,0	79,0322580645161
22122	Hoz de Jaca	2016	68,0	64,0	56,0	8,0	0,0	4,0	52,0	87,5
22122	Hoz de Jaca	2019	76,0	69,0	51,0	18,0	3,0	2,0	46,0	73,9130434782609
22124	Huerto	2008	257,0	240,0	188,0	52,0	5,0	4,0	179,0	78,3333333333333
22124	Huerto	2011	272,0	229,0	170,0	59,0	2,0	11,0	157,0	74,235807860262
22124	Huerto	2015	242,0	204,0	140,0	64,0	6,0	5,0	129,0	68,6274509803921
22124	Huerto	2016	238,0	201,0	136,0	65,0	3,0	4,0	129,0	67,6616915422885
22124	Huerto	2019	218,0	183,0	117,0	66,0	1,0	1,0	115,0	63,9344262295082
22125	Huesca	2008	49819,0	37721,0	28681,0	9040,0	631,0	619,0	27431,0	76,0345696031388
22125	Huesca	2011	52347,0	38141,0	26645,0	11496,0	1354,0	2074,0	23217,0	69,8592066280381
22125	Huesca	2015	52555,0	38845,0	27978,0	10867,0	980,0	1374,0	25624,0	72,0247136053546
22125	Huesca	2016	52239,0	38773,0	26696,0	12077,0	748,0	873,0	25075,0	68,8520362107652
22125	Huesca	2019	52463,0	39530,0	27428,0	12102,0	551,0	606,0	26271,0	69,3852770048065
22126	Ibieca	2008	116,0	105,0	88,0	17,0	0,0	0,0	88,0	83,8095238095238
22126	Ibieca	2011	108,0	100,0	81,0	19,0	1,0	3,0	77,0	81,0
22126	Ibieca	2015	119,0	91,0	63,0	28,0	2,0	2,0	59,0	69,2307692307692
22126	Ibieca	2016	110,0	88,0	62,0	26,0	0,0	2,0	60,0	70,4545454545454
22126	Ibieca	2019	97,0	89,0	64,0	25,0	0,0	0,0	64,0	71,9101123595506
22127	Igriés	2008	514,0	383,0	303,0	80,0	3,0	2,0	298,0	79,11227154047
22127	Igriés	2011	627,0	483,0	354,0	129,0	23,0	37,0	294,0	73,2919254658385
22127	Igriés	2015	700,0	505,0	373,0	132,0	11,0	22,0	340,0	73,8613861386139
22127	Igriés	2016	692,0	505,0	361,0	144,0	6,0	14,0	341,0	71,4851485148515
22127	Igriés	2019	705,0	521,0	348,0	173,0	4,0	5,0	339,0	66,7946257197697
22128	Ilche	2008	273,0	234,0	195,0	39,0	3,0	4,0	188,0	83,3333333333333
22128	Ilche	2011	246,0	203,0	164,0	39,0	6,0	15,0	143,0	80,7881773399015
22128	Ilche	2015	214,0	187,0	144,0	43,0	6,0	11,0	127,0	77,0053475935829
22128	Ilche	2016	208,0	188,0	144,0	44,0	3,0	6,0	135,0	76,5957446808511
22128	Ilche	2019	212,0	188,0	144,0	44,0	2,0	6,0	136,0	76,5957446808511
22129	Isábena	2008	293,0	202,0	138,0	64,0	1,0	3,0	134,0	68,3168316831683
22129	Isábena	2011	313,0	193,0	123,0	70,0	1,0	6,0	116,0	63,7305699481865
22129	Isábena	2015	288,0	183,0	127,0	56,0	2,0	3,0	122,0	69,3989071038251
22129	Isábena	2016	276,0	183,0	120,0	63,0	3,0	1,0	116,0	65,5737704918033
22129	Isábena	2019	238,0	162,0	109,0	53,0	0,0	2,0	107,0	67,2839506172839
22130	Jaca	2008	12759,0	9757,0	7071,0	2686,0	165,0	137,0	6769,0	72,4710464282054
22130	Jaca	2011	13374,0	9983,0	6622,0	3361,0	339,0	652,0	5631,0	66,3327657016929
22130	Jaca	2015	13121,0	10106,0	6889,0	3217,0	235,0	439,0	6215,0	68,1674252919058
22130	Jaca	2016	13088,0	10092,0	6591,0	3501,0	158,0	207,0	6226,0	65,3091557669441
22130	Jaca	2019	12813,0	10146,0	6479,0	3667,0	127,0	146,0	6206,0	63,8576779026217
22131	Jasa	2008	121,0	106,0	95,0	11,0	0,0	0,0	95,0	89,622641509434
22131	Jasa	2011	116,0	96,0	77,0	19,0	1,0	6,0	70,0	80,2083333333333
22131	Jasa	2015	111,0	83,0	61,0	22,0	0,0	3,0	58,0	73,4939759036144
22131	Jasa	2016	104,0	82,0	60,0	22,0	0,0	0,0	60,0	73,1707317073171
22131	Jasa	2019	92,0	84,0	62,0	22,0	3,0	6,0	53,0	73,8095238095238
22133	Labuerda	2008	177,0	142,0	115,0	27,0	0,0	5,0	110,0	80,9859154929577
22133	Labuerda	2011	167,0	123,0	86,0	37,0	2,0	10,0	74,0	69,9186991869919
22133	Labuerda	2015	155,0	117,0	87,0	30,0	5,0	9,0	73,0	74,3589743589744
22133	Labuerda	2016	167,0	115,0	79,0	36,0	2,0	1,0	76,0	68,695652173913
22133	Labuerda	2019	162,0	108,0	71,0	37,0	2,0	4,0	65,0	65,7407407407408
22135	Laluenga	2008	234,0	208,0	175,0	33,0	3,0	2,0	170,0	84,1346153846154
22135	Laluenga	2011	220,0	200,0	147,0	53,0	8,0	8,0	131,0	73,5
22135	Laluenga	2015	216,0	192,0	142,0	50,0	7,0	7,0	128,0	73,9583333333333
22135	Laluenga	2016	213,0	189,0	123,0	66,0	3,0	1,0	119,0	65,0793650793651
22135	Laluenga	2019	194,0	173,0	123,0	50,0	6,0	2,0	115,0	71,0982658959537
22136	Lalueza	2008	1136,0	971,0	754,0	217,0	11,0	12,0	731,0	77,6519052523172
22136	Lalueza	2011	1101,0	908,0	669,0	239,0	19,0	33,0	617,0	73,6784140969163
22136	Lalueza	2015	1024,0	815,0	590,0	225,0	13,0	45,0	532,0	72,3926380368098
22136	Lalueza	2016	997,0	806,0	584,0	222,0	12,0	18,0	554,0	72,4565756823821
22136	Lalueza	2019	913,0	749,0	523,0	226,0	12,0	16,0	495,0	69,826435246996
22137	Lanaja	2008	1461,0	1266,0	986,0	280,0	19,0	10,0	957,0	77,8830963665087
22137	Lanaja	2011	1417,0	1164,0	844,0	320,0	36,0	41,0	767,0	72,5085910652921
22137	Lanaja	2015	1324,0	1071,0	720,0	351,0	23,0	35,0	662,0	67,2268907563025
22137	Lanaja	2016	1268,0	1069,0	709,0	360,0	17,0	23,0	669,0	66,3236669784846
22137	Lanaja	2019	1202,0	1009,0	665,0	344,0	13,0	15,0	637,0	65,9068384539148
22139	Laperdiguera	2008	102,0	89,0	70,0	19,0	1,0	2,0	67,0	78,6516853932584
22139	Laperdiguera	2011	102,0	86,0	59,0	27,0	3,0	5,0	51,0	68,6046511627907
22139	Laperdiguera	2015	94,0	83,0	64,0	19,0	1,0	9,0	54,0	77,1084337349397
22139	Laperdiguera	2016	96,0	79,0	64,0	15,0	1,0	7,0	56,0	81,0126582278481
22139	Laperdiguera	2019	91,0	80,0	56,0	24,0	1,0	2,0	53,0	70,0
22141	Lascellas-Ponzano	2008	166,0	144,0	109,0	35,0	2,0	2,0	105,0	75,6944444444444
22141	Lascellas-Ponzano	2011	154,0	129,0	98,0	31,0	1,0	9,0	88,0	75,968992248062
22141	Lascellas-Ponzano	2015	146,0	118,0	87,0	31,0	1,0	4,0	82,0	73,728813559322
22141	Lascellas-Ponzano	2016	138,0	117,0	91,0	26,0	2,0	3,0	86,0	77,7777777777778
22141	Lascellas-Ponzano	2019	126,0	115,0	92,0	23,0	4,0	1,0	87,0	80,0
22142	Lascuarre	2008	157,0	120,0	98,0	22,0	1,0	2,0	95,0	81,6666666666667
22142	Lascuarre	2011	157,0	114,0	90,0	24,0	4,0	4,0	82,0	78,9473684210526
22142	Lascuarre	2015	136,0	98,0	81,0	17,0	2,0	4,0	75,0	82,6530612244898
22142	Lascuarre	2016	137,0	97,0	75,0	22,0	1,0	3,0	71,0	77,319587628866
22142	Lascuarre	2019	136,0	94,0	72,0	22,0	2,0	1,0	69,0	76,5957446808511
22143	Laspaúles	2008	287,0	249,0	181,0	68,0	5,0	7,0	169,0	72,6907630522088
22143	Laspaúles	2011	297,0	244,0	164,0	80,0	8,0	7,0	149,0	67,2131147540984
22143	Laspaúles	2015	304,0	213,0	144,0	69,0	4,0	7,0	133,0	67,6056338028169
22143	Laspaúles	2016	281,0	217,0	140,0	77,0	11,0	5,0	124,0	64,5161290322581
22143	Laspaúles	2019	230,0	190,0	114,0	76,0	2,0	0,0	112,0	60,0
22144	Laspuña	2008	312,0	267,0	267,0	0,0	3,0	1,0	263,0	100,0
22144	Laspuña	2011	289,0	258,0	203,0	55,0	5,0	0,0	198,0	78,6821705426357
22144	Laspuña	2015	298,0	248,0	194,0	54,0	1,0	8,0	185,0	78,2258064516129
22144	Laspuña	2016	290,0	243,0	188,0	55,0	3,0	4,0	181,0	77,3662551440329
22144	Laspuña	2019	291,0	255,0	190,0	65,0	2,0	1,0	187,0	74,5098039215686
22149	Loarre	2008	379,0	338,0	338,0	0,0	4,0	5,0	329,0	100,0
22149	Loarre	2011	371,0	321,0	243,0	78,0	9,0	15,0	219,0	75,7009345794392
22149	Loarre	2015	338,0	302,0	235,0	67,0	5,0	15,0	215,0	77,8145695364238
22149	Loarre	2016	335,0	305,0	222,0	83,0	1,0	7,0	214,0	72,7868852459016
22149	Loarre	2019	331,0	301,0	211,0	90,0	0,0	4,0	207,0	70,0996677740864
22150	Loporzano	2008	527,0	475,0	360,0	115,0	3,0	2,0	355,0	75,7894736842105
22150	Loporzano	2011	540,0	491,0	341,0	150,0	27,0	24,0	290,0	69,4501018329939
22150	Loporzano	2015	535,0	464,0	344,0	120,0	5,0	28,0	311,0	74,1379310344828
22150	Loporzano	2016	532,0	472,0	330,0	142,0	9,0	22,0	299,0	69,9152542372881
22150	Loporzano	2019	522,0	459,0	325,0	134,0	3,0	10,0	312,0	70,8061002178649
22151	Loscorrales	2008	111,0	104,0	85,0	19,0	2,0	0,0	83,0	81,7307692307692
22151	Loscorrales	2011	108,0	97,0	68,0	29,0	0,0	1,0	67,0	70,1030927835052
22151	Loscorrales	2015	107,0	93,0	68,0	25,0	0,0	0,0	68,0	73,1182795698925
22151	Loscorrales	2016	106,0	93,0	63,0	30,0	0,0	1,0	62,0	67,741935483871
22151	Loscorrales	2019	106,0	85,0	59,0	26,0	1,0	0,0	58,0	69,4117647058824
22155	Monesma y Cajigar	2008	108,0	99,0	78,0	21,0	0,0	2,0	76,0	78,7878787878788
22155	Monesma y Cajigar	2011	106,0	89,0	63,0	26,0	1,0	6,0	56,0	70,7865168539326
22155	Monesma y Cajigar	2015	88,0	77,0	53,0	24,0	0,0	4,0	49,0	68,8311688311688
22155	Monesma y Cajigar	2016	87,0	76,0	50,0	26,0	0,0	2,0	48,0	65,7894736842105
22155	Monesma y Cajigar	2019	73,0	66,0	52,0	14,0	0,0	1,0	51,0	78,7878787878788
22156	Monflorite-Lascasas	2008	267,0	223,0	203,0	20,0	2,0	3,0	198,0	91,0313901345292
22156	Monflorite-Lascasas	2011	312,0	256,0	207,0	49,0	7,0	16,0	184,0	80,859375
22156	Monflorite-Lascasas	2015	295,0	264,0	200,0	64,0	9,0	3,0	188,0	75,7575757575758
22156	Monflorite-Lascasas	2016	313,0	289,0	216,0	73,0	8,0	6,0	202,0	74,7404844290657
22156	Monflorite-Lascasas	2019	403,0	289,0	213,0	76,0	5,0	4,0	204,0	73,7024221453287
22157	Montanuy	2008	308,0	279,0	199,0	80,0	3,0	5,0	191,0	71,326164874552
22157	Montanuy	2011	285,0	251,0	174,0	77,0	6,0	16,0	152,0	69,3227091633466
22157	Montanuy	2015	237,0	194,0	146,0	48,0	6,0	2,0	138,0	75,2577319587629
22157	Montanuy	2016	221,0	192,0	129,0	63,0	5,0	8,0	116,0	67,1875
22157	Montanuy	2019	215,0	181,0	118,0	63,0	6,0	10,0	102,0	65,1933701657459
22158	Monzón	2008	16217,0	11997,0	8955,0	3042,0	268,0	164,0	8523,0	74,6436609152288
22158	Monzón	2011	17115,0	11978,0	8369,0	3609,0	334,0	444,0	7591,0	69,8697612289197
22158	Monzón	2015	17176,0	12005,0	8564,0	3441,0	316,0	366,0	7882,0	71,3369429404415
22158	Monzón	2016	17260,0	11995,0	8126,0	3869,0	226,0	235,0	7665,0	67,7448937057107
22158	Monzón	2019	17061,0	11994,0	8083,0	3911,0	172,0	133,0	7778,0	67,3920293480073
22160	Naval	2008	288,0	233,0	181,0	52,0	7,0	5,0	169,0	77,6824034334764
22160	Naval	2011	265,0	219,0	159,0	60,0	0,0	11,0	148,0	72,6027397260274
22160	Naval	2015	256,0	209,0	157,0	52,0	6,0	12,0	139,0	75,1196172248804
22160	Naval	2016	259,0	209,0	164,0	45,0	3,0	11,0	150,0	78,4688995215311
22160	Naval	2019	269,0	207,0	130,0	77,0	7,0	3,0	120,0	62,8019323671497
22162	Novales	2008	181,0	149,0	117,0	32,0	3,0	1,0	113,0	78,5234899328859
22162	Novales	2011	181,0	135,0	106,0	29,0	2,0	5,0	99,0	78,5185185185185
22162	Novales	2015	176,0	129,0	100,0	29,0	3,0	1,0	96,0	77,5193798449612
22162	Novales	2016	183,0	130,0	100,0	30,0	2,0	2,0	96,0	76,9230769230769
22162	Novales	2019	155,0	125,0	93,0	32,0	2,0	0,0	91,0	74,4
22163	Nueno	2008	521,0	429,0	358,0	71,0	10,0	8,0	340,0	83,4498834498834
22163	Nueno	2011	557,0	431,0	346,0	85,0	24,0	15,0	307,0	80,2784222737819
22163	Nueno	2015	558,0	426,0	355,0	71,0	11,0	23,0	321,0	83,3333333333333
22163	Nueno	2016	552,0	425,0	357,0	68,0	12,0	12,0	333,0	84,0
22163	Nueno	2019	532,0	426,0	337,0	89,0	8,0	3,0	326,0	79,1079812206573
22164	Olvena	2008	77,0	63,0	43,0	20,0	0,0	0,0	43,0	68,2539682539683
22164	Olvena	2011	58,0	46,0	32,0	14,0	0,0	7,0	25,0	69,5652173913043
22164	Olvena	2015	57,0	35,0	26,0	9,0	1,0	1,0	24,0	74,2857142857143
22164	Olvena	2016	45,0	35,0	28,0	7,0	1,0	2,0	25,0	80,0
22164	Olvena	2019	50,0	42,0	28,0	14,0	0,0	0,0	28,0	66,6666666666667
22165	Ontiñena	2008	610,0	539,0	439,0	100,0	13,0	8,0	418,0	81,4471243042672
22165	Ontiñena	2011	586,0	515,0	404,0	111,0	18,0	23,0	363,0	78,4466019417476
22165	Ontiñena	2015	570,0	490,0	371,0	119,0	19,0	18,0	334,0	75,7142857142857
22165	Ontiñena	2016	569,0	487,0	360,0	127,0	8,0	12,0	340,0	73,9219712525667
22165	Ontiñena	2019	533,0	449,0	302,0	147,0	10,0	4,0	288,0	67,260579064588
22167	Osso de Cinca	2008	735,0	535,0	436,0	99,0	10,0	12,0	414,0	81,4953271028037
22167	Osso de Cinca	2011	735,0	515,0	417,0	98,0	29,0	10,0	378,0	80,9708737864078
22167	Osso de Cinca	2015	771,0	498,0	397,0	101,0	19,0	7,0	371,0	79,718875502008
22167	Osso de Cinca	2016	746,0	493,0	384,0	109,0	12,0	11,0	361,0	77,8904665314402
22167	Osso de Cinca	2019	687,0	465,0	357,0	108,0	14,0	10,0	333,0	76,7741935483871
22168	Palo	2008	38,0	23,0	19,0	4,0	0,0	1,0	18,0	82,6086956521739
22168	Palo	2011	24,0	22,0	16,0	6,0	0,0	3,0	13,0	72,7272727272727
22168	Palo	2015	22,0	20,0	15,0	5,0	0,0	1,0	14,0	75,0
22168	Palo	2016	24,0	23,0	18,0	5,0	1,0	0,0	17,0	78,2608695652174
22168	Palo	2019	27,0	22,0	20,0	2,0	1,0	1,0	18,0	90,9090909090909
22170	Panticosa	2008	776,0	623,0	476,0	147,0	7,0	7,0	462,0	76,4044943820225
22170	Panticosa	2011	819,0	622,0	429,0	193,0	30,0	36,0	363,0	68,9710610932476
22170	Panticosa	2015	757,0	642,0	505,0	137,0	21,0	40,0	444,0	78,6604361370716
22170	Panticosa	2016	762,0	651,0	488,0	163,0	28,0	17,0	443,0	74,9615975422427
22170	Panticosa	2019	786,0	672,0	456,0	216,0	11,0	15,0	430,0	67,8571428571429
22172	Peñalba	2008	753,0	625,0	504,0	121,0	14,0	13,0	477,0	80,64
22172	Peñalba	2011	761,0	613,0	458,0	155,0	28,0	25,0	405,0	74,7145187601957
22172	Peñalba	2015	691,0	560,0	394,0	166,0	18,0	12,0	364,0	70,3571428571429
22172	Peñalba	2016	695,0	556,0	363,0	193,0	7,0	20,0	336,0	65,2877697841727
22172	Peñalba	2019	622,0	520,0	370,0	150,0	6,0	9,0	355,0	71,1538461538462
22173	Peñas de Riglos (Las)	2008	297,0	271,0	181,0	90,0	6,0	2,0	173,0	66,789667896679
22173	Peñas de Riglos (Las)	2011	268,0	247,0	148,0	99,0	0,0	9,0	139,0	59,919028340081
22173	Peñas de Riglos (Las)	2015	267,0	234,0	157,0	77,0	3,0	5,0	149,0	67,0940170940171
22173	Peñas de Riglos (Las)	2016	264,0	232,0	152,0	80,0	7,0	6,0	139,0	65,5172413793103
22173	Peñas de Riglos (Las)	2019	251,0	219,0	145,0	74,0	8,0	6,0	131,0	66,2100456621004
22174	Peralta de Alcofea	2008	633,0	563,0	451,0	112,0	13,0	6,0	432,0	80,1065719360568
22174	Peralta de Alcofea	2011	618,0	520,0	400,0	120,0	12,0	21,0	367,0	76,9230769230769
22174	Peralta de Alcofea	2015	582,0	485,0	399,0	86,0	8,0	13,0	378,0	82,2680412371134
22174	Peralta de Alcofea	2016	602,0	478,0	375,0	103,0	5,0	7,0	363,0	78,4518828451883
22174	Peralta de Alcofea	2019	562,0	462,0	351,0	111,0	3,0	3,0	345,0	75,974025974026
22175	Peralta de Calasanz	2008	252,0	229,0	181,0	48,0	2,0	2,0	177,0	79,0393013100437
22175	Peralta de Calasanz	2011	235,0	211,0	158,0	53,0	2,0	13,0	143,0	74,8815165876777
22175	Peralta de Calasanz	2015	240,0	197,0	135,0	62,0	0,0	7,0	128,0	68,5279187817259
22175	Peralta de Calasanz	2016	233,0	197,0	139,0	58,0	2,0	2,0	135,0	70,5583756345178
22175	Peralta de Calasanz	2019	219,0	184,0	126,0	58,0	2,0	1,0	123,0	68,4782608695652
22176	Peraltilla	2008	184,0	164,0	146,0	18,0	2,0	7,0	137,0	89,0243902439024
22176	Peraltilla	2011	200,0	173,0	150,0	23,0	13,0	7,0	130,0	86,7052023121387
22176	Peraltilla	2015	206,0	174,0	138,0	36,0	4,0	9,0	125,0	79,3103448275862
22176	Peraltilla	2016	201,0	173,0	131,0	42,0	2,0	8,0	121,0	75,7225433526012
22176	Peraltilla	2019	199,0	171,0	139,0	32,0	2,0	5,0	132,0	81,2865497076023
22177	Perarrúa	2008	105,0	101,0	84,0	17,0	2,0	2,0	80,0	83,1683168316832
22177	Perarrúa	2011	112,0	101,0	76,0	25,0	3,0	5,0	68,0	75,2475247524752
22177	Perarrúa	2015	113,0	102,0	69,0	33,0	0,0	3,0	66,0	67,6470588235294
22177	Perarrúa	2016	111,0	98,0	70,0	28,0	0,0	2,0	68,0	71,4285714285714
22177	Perarrúa	2019	109,0	96,0	66,0	30,0	0,0	0,0	66,0	68,75
22178	Pertusa	2008	123,0	110,0	87,0	23,0	0,0	1,0	86,0	79,0909090909091
22178	Pertusa	2011	113,0	107,0	89,0	18,0	0,0	4,0	85,0	83,1775700934579
22178	Pertusa	2015	121,0	104,0	87,0	17,0	4,0	3,0	80,0	83,6538461538462
22178	Pertusa	2016	124,0	103,0	81,0	22,0	1,0	1,0	79,0	78,6407766990291
22178	Pertusa	2019	110,0	105,0	88,0	17,0	0,0	1,0	87,0	83,8095238095238
22181	Piracés	2008	101,0	96,0	63,0	33,0	5,0	1,0	57,0	65,625
22181	Piracés	2011	104,0	91,0	56,0	35,0	3,0	1,0	52,0	61,5384615384615
22181	Piracés	2015	106,0	93,0	59,0	34,0	0,0	5,0	54,0	63,4408602150538
22181	Piracés	2016	107,0	92,0	57,0	35,0	1,0	3,0	53,0	61,9565217391304
22181	Piracés	2019	98,0	86,0	54,0	32,0	0,0	0,0	54,0	62,7906976744186
22182	Plan	2008	323,0	272,0	187,0	85,0	6,0	4,0	177,0	68,75
22182	Plan	2011	336,0	271,0	157,0	114,0	13,0	11,0	133,0	57,9335793357934
22182	Plan	2015	314,0	256,0	172,0	84,0	6,0	15,0	151,0	67,1875
22182	Plan	2016	303,0	250,0	152,0	98,0	6,0	5,0	141,0	60,8
22182	Plan	2019	287,0	227,0	129,0	98,0	3,0	1,0	125,0	56,8281938325991
22184	Poleñino	2008	237,0	211,0	191,0	20,0	1,0	4,0	186,0	90,521327014218
22184	Poleñino	2011	226,0	203,0	169,0	34,0	11,0	12,0	146,0	83,2512315270936
22184	Poleñino	2015	216,0	188,0	156,0	32,0	8,0	11,0	137,0	82,9787234042553
22184	Poleñino	2016	217,0	184,0	184,0	0,0	7,0	7,0	170,0	100,0
22184	Poleñino	2019	200,0	167,0	131,0	36,0	5,0	4,0	122,0	78,4431137724551
22186	Pozán de Vero	2008	251,0	228,0	190,0	38,0	0,0	1,0	189,0	83,3333333333333
22186	Pozán de Vero	2011	244,0	217,0	173,0	44,0	2,0	10,0	161,0	79,7235023041475
22186	Pozán de Vero	2015	225,0	186,0	138,0	48,0	2,0	10,0	126,0	74,1935483870968
22186	Pozán de Vero	2016	221,0	181,0	127,0	54,0	1,0	5,0	121,0	70,1657458563536
22186	Pozán de Vero	2019	218,0	189,0	148,0	41,0	2,0	5,0	141,0	78,3068783068783
22187	Puebla de Castro (La)	2008	403,0	310,0	246,0	64,0	8,0	10,0	228,0	79,3548387096774
22187	Puebla de Castro (La)	2011	433,0	295,0	222,0	73,0	3,0	13,0	206,0	75,2542372881356
22187	Puebla de Castro (La)	2015	401,0	286,0	222,0	64,0	7,0	8,0	207,0	77,6223776223776
22187	Puebla de Castro (La)	2016	383,0	293,0	218,0	75,0	11,0	8,0	199,0	74,4027303754266
22187	Puebla de Castro (La)	2019	372,0	288,0	219,0	69,0	4,0	5,0	210,0	76,0416666666667
22188	Puente de Montañana	2008	152,0	118,0	90,0	28,0	4,0	5,0	81,0	76,271186440678
22188	Puente de Montañana	2011	148,0	100,0	68,0	32,0	2,0	12,0	54,0	68,0
22188	Puente de Montañana	2015	119,0	87,0	65,0	22,0	1,0	5,0	59,0	74,7126436781609
22188	Puente de Montañana	2016	107,0	82,0	59,0	23,0	3,0	7,0	49,0	71,9512195121951
22188	Puente de Montañana	2019	93,0	75,0	50,0	25,0	0,0	1,0	49,0	66,6666666666667
22189	Puértolas	2008	227,0	210,0	210,0	0,0	2,0	2,0	206,0	100,0
22189	Puértolas	2011	241,0	199,0	137,0	62,0	4,0	5,0	128,0	68,8442211055276
22189	Puértolas	2015	217,0	184,0	130,0	54,0	1,0	6,0	123,0	70,6521739130435
22189	Puértolas	2016	207,0	185,0	143,0	42,0	3,0	8,0	132,0	77,2972972972973
22189	Puértolas	2019	215,0	175,0	141,0	34,0	1,0	2,0	138,0	80,5714285714286
22190	Pueyo de Araguás (El)	2008	159,0	118,0	87,0	31,0	0,0	2,0	85,0	73,728813559322
22190	Pueyo de Araguás (El)	2011	150,0	120,0	73,0	47,0	5,0	4,0	64,0	60,8333333333333
22190	Pueyo de Araguás (El)	2015	145,0	113,0	83,0	30,0	4,0	7,0	72,0	73,4513274336283
22190	Pueyo de Araguás (El)	2016	149,0	119,0	84,0	35,0	3,0	2,0	79,0	70,5882352941176
22190	Pueyo de Araguás (El)	2019	154,0	123,0	77,0	46,0	0,0	1,0	76,0	62,6016260162602
22193	Pueyo de Santa Cruz	2008	377,0	329,0	275,0	54,0	5,0	5,0	265,0	83,5866261398176
22193	Pueyo de Santa Cruz	2011	369,0	318,0	263,0	55,0	5,0	16,0	242,0	82,7044025157233
22193	Pueyo de Santa Cruz	2015	338,0	283,0	224,0	59,0	9,0	12,0	203,0	79,1519434628975
22193	Pueyo de Santa Cruz	2016	328,0	276,0	215,0	61,0	5,0	11,0	199,0	77,8985507246377
22193	Pueyo de Santa Cruz	2019	314,0	272,0	199,0	73,0	6,0	7,0	186,0	73,1617647058824
22195	Quicena	2008	304,0	229,0	191,0	38,0	1,0	4,0	186,0	83,4061135371179
22195	Quicena	2011	302,0	231,0	192,0	39,0	6,0	26,0	160,0	83,1168831168831
22195	Quicena	2015	300,0	235,0	186,0	49,0	7,0	6,0	173,0	79,1489361702128
22195	Quicena	2016	286,0	235,0	179,0	56,0	3,0	6,0	170,0	76,1702127659574
22195	Quicena	2019	283,0	238,0	186,0	52,0	1,0	6,0	179,0	78,1512605042017
22197	Robres	2008	649,0	548,0	457,0	91,0	4,0	3,0	450,0	83,3941605839416
22197	Robres	2011	630,0	504,0	400,0	104,0	9,0	23,0	368,0	79,3650793650794
22197	Robres	2015	575,0	479,0	378,0	101,0	16,0	17,0	345,0	78,9144050104384
22197	Robres	2016	586,0	473,0	349,0	124,0	0,0	12,0	337,0	73,784355179704
22197	Robres	2019	541,0	436,0	327,0	109,0	4,0	6,0	317,0	75,0
22199	Sabiñánigo	2008	9673,0	7362,0	5653,0	1709,0	115,0	102,0	5436,0	76,7861994023363
22199	Sabiñánigo	2011	10383,0	7258,0	4918,0	2340,0	286,0	444,0	4188,0	67,7597134196748
22199	Sabiñánigo	2015	9883,0	7029,0	4977,0	2052,0	199,0	298,0	4480,0	70,8066581306018
22199	Sabiñánigo	2016	9598,0	7001,0	4678,0	2323,0	174,0	137,0	4367,0	66,8190258534495
22199	Sabiñánigo	2019	9245,0	6884,0	4416,0	2468,0	102,0	128,0	4186,0	64,1487507263219
22200	Sahún	2008	364,0	284,0	207,0	77,0	5,0	5,0	197,0	72,887323943662
22200	Sahún	2011	360,0	271,0	195,0	76,0	12,0	13,0	170,0	71,9557195571956
22200	Sahún	2015	304,0	251,0	191,0	60,0	7,0	9,0	175,0	76,0956175298805
22200	Sahún	2016	308,0	244,0	183,0	61,0	6,0	9,0	168,0	75,0
22200	Sahún	2019	294,0	239,0	162,0	77,0	1,0	3,0	158,0	67,7824267782427
22201	Salas Altas	2008	326,0	301,0	223,0	78,0	3,0	6,0	214,0	74,0863787375415
22201	Salas Altas	2011	311,0	287,0	202,0	85,0	4,0	13,0	185,0	70,383275261324
22201	Salas Altas	2015	319,0	269,0	185,0	84,0	6,0	6,0	173,0	68,7732342007435
22201	Salas Altas	2016	313,0	266,0	178,0	88,0	10,0	10,0	158,0	66,9172932330827
22201	Salas Altas	2019	308,0	264,0	185,0	79,0	4,0	6,0	175,0	70,0757575757576
22202	Salas Bajas	2008	144,0	154,0	130,0	24,0	0,0	3,0	127,0	84,4155844155844
22202	Salas Bajas	2011	149,0	146,0	119,0	27,0	0,0	5,0	114,0	81,5068493150685
22202	Salas Bajas	2015	161,0	136,0	109,0	27,0	3,0	1,0	105,0	80,1470588235294
22202	Salas Bajas	2016	168,0	141,0	115,0	26,0	1,0	1,0	113,0	81,5602836879433
22202	Salas Bajas	2019	167,0	147,0	127,0	20,0	1,0	0,0	126,0	86,3945578231293
22203	Salillas	2008	119,0	104,0	89,0	15,0	3,0	2,0	84,0	85,5769230769231
22203	Salillas	2011	110,0	92,0	78,0	14,0	4,0	2,0	72,0	84,7826086956522
22203	Salillas	2015	107,0	82,0	67,0	15,0	3,0	2,0	62,0	81,7073170731707
22203	Salillas	2016	101,0	83,0	66,0	17,0	1,0	1,0	64,0	79,5180722891566
22203	Salillas	2019	96,0	77,0	60,0	17,0	0,0	2,0	58,0	77,9220779220779
22204	Sallent de Gállego	2008	1400,0	1068,0	774,0	294,0	13,0	37,0	724,0	72,4719101123595
22204	Sallent de Gállego	2011	1542,0	1122,0	755,0	367,0	33,0	94,0	628,0	67,2905525846702
22204	Sallent de Gállego	2015	1484,0	1095,0	789,0	306,0	33,0	31,0	725,0	72,0547945205479
22204	Sallent de Gállego	2016	1441,0	1114,0	734,0	380,0	13,0	30,0	691,0	65,8886894075404
22204	Sallent de Gállego	2019	1463,0	1117,0	719,0	398,0	14,0	29,0	676,0	64,3688451208594
22205	San Esteban de Litera	2008	497,0	522,0	411,0	111,0	23,0	8,0	380,0	78,735632183908
22205	San Esteban de Litera	2011	526,0	472,0	370,0	102,0	11,0	6,0	353,0	78,3898305084746
22205	San Esteban de Litera	2015	495,0	434,0	330,0	104,0	11,0	14,0	305,0	76,036866359447
22205	San Esteban de Litera	2016	498,0	438,0	321,0	117,0	7,0	8,0	306,0	73,2876712328767
22205	San Esteban de Litera	2019	506,0	448,0	292,0	156,0	4,0	5,0	283,0	65,1785714285714
22206	Sangarrén	2008	262,0	246,0	192,0	54,0	4,0	3,0	185,0	78,0487804878049
22206	Sangarrén	2011	242,0	218,0	168,0	50,0	7,0	10,0	151,0	77,0642201834862
22206	Sangarrén	2015	212,0	201,0	141,0	60,0	2,0	6,0	133,0	70,1492537313433
22206	Sangarrén	2016	235,0	193,0	129,0	64,0	3,0	3,0	123,0	66,839378238342
22206	Sangarrén	2019	219,0	179,0	138,0	41,0	1,0	2,0	135,0	77,0949720670391
22207	San Juan de Plan	2008	150,0	138,0	90,0	48,0	6,0	0,0	84,0	65,2173913043478
22207	San Juan de Plan	2011	153,0	135,0	85,0	50,0	6,0	11,0	68,0	62,962962962963
22207	San Juan de Plan	2015	147,0	125,0	89,0	36,0	2,0	7,0	80,0	71,2
22207	San Juan de Plan	2016	148,0	125,0	70,0	55,0	2,0	4,0	64,0	56,0
22207	San Juan de Plan	2019	152,0	121,0	66,0	55,0	1,0	0,0	65,0	54,5454545454545
22208	Santa Cilia	2008	193,0	171,0	146,0	25,0	4,0	1,0	141,0	85,3801169590643
22208	Santa Cilia	2011	209,0	168,0	135,0	33,0	5,0	8,0	122,0	80,3571428571429
22208	Santa Cilia	2015	225,0	178,0	142,0	36,0	4,0	1,0	137,0	79,7752808988764
22208	Santa Cilia	2016	207,0	188,0	150,0	38,0	6,0	0,0	144,0	79,7872340425532
22208	Santa Cilia	2019	231,0	192,0	149,0	43,0	4,0	0,0	145,0	77,6041666666667
22209	Santa Cruz de la Serós	2008	145,0	143,0	116,0	27,0	3,0	5,0	108,0	81,1188811188811
22209	Santa Cruz de la Serós	2011	136,0	161,0	107,0	54,0	2,0	9,0	96,0	66,4596273291925
22209	Santa Cruz de la Serós	2015	192,0	159,0	122,0	37,0	3,0	11,0	108,0	76,7295597484277
22209	Santa Cruz de la Serós	2016	186,0	155,0	119,0	36,0	1,0	7,0	111,0	76,7741935483871
22209	Santa Cruz de la Serós	2019	180,0	161,0	118,0	43,0	1,0	7,0	110,0	73,2919254658385
22212	Santaliestra y San Quílez	2008	100,0	100,0	85,0	15,0	2,0	2,0	81,0	85,0
22212	Santaliestra y San Quílez	2011	106,0	93,0	78,0	15,0	2,0	1,0	75,0	83,8709677419355
22212	Santaliestra y San Quílez	2015	99,0	84,0	69,0	15,0	0,0	5,0	64,0	82,1428571428571
22212	Santaliestra y San Quílez	2016	104,0	79,0	63,0	16,0	1,0	2,0	60,0	79,746835443038
22212	Santaliestra y San Quílez	2019	81,0	69,0	52,0	17,0	0,0	1,0	51,0	75,3623188405797
22213	Sariñena	2008	4206,0	3157,0	2440,0	717,0	53,0	53,0	2334,0	77,2885650934431
22213	Sariñena	2011	4428,0	3152,0	2252,0	900,0	80,0	143,0	2029,0	71,4467005076142
22213	Sariñena	2015	4293,0	3029,0	2212,0	817,0	82,0	114,0	2016,0	73,0274017827666
22213	Sariñena	2016	4223,0	3004,0	2148,0	856,0	71,0	53,0	2024,0	71,5046604527297
22213	Sariñena	2019	4168,0	2918,0	2076,0	842,0	42,0	40,0	1994,0	71,1446196024674
22214	Secastilla	2008	133,0	127,0	103,0	24,0	1,0	2,0	100,0	81,1023622047244
22214	Secastilla	2011	150,0	131,0	101,0	30,0	3,0	3,0	95,0	77,0992366412214
22214	Secastilla	2015	146,0	128,0	93,0	35,0	3,0	3,0	87,0	72,65625
22214	Secastilla	2016	144,0	128,0	106,0	22,0	4,0	6,0	96,0	82,8125
22214	Secastilla	2019	146,0	117,0	92,0	25,0	5,0	2,0	85,0	78,6324786324786
22215	Seira	2008	179,0	152,0	110,0	42,0	0,0	1,0	109,0	72,3684210526316
22215	Seira	2011	156,0	137,0	88,0	49,0	1,0	3,0	84,0	64,2335766423358
22215	Seira	2015	147,0	129,0	90,0	39,0	0,0	3,0	87,0	69,7674418604651
22215	Seira	2016	147,0	128,0	95,0	33,0	4,0	2,0	89,0	74,21875
22215	Seira	2019	150,0	127,0	80,0	47,0	0,0	2,0	78,0	62,992125984252
22217	Sena	2008	547,0	413,0	343,0	70,0	8,0	7,0	328,0	83,0508474576271
22217	Sena	2011	548,0	406,0	308,0	98,0	11,0	10,0	287,0	75,8620689655172
22217	Sena	2015	516,0	395,0	303,0	92,0	21,0	12,0	270,0	76,7088607594937
22217	Sena	2016	515,0	385,0	284,0	101,0	14,0	9,0	261,0	73,7662337662338
22217	Sena	2019	489,0	370,0	272,0	98,0	12,0	5,0	255,0	73,5135135135135
22218	Senés de Alcubierre	2008	58,0	45,0	37,0	8,0	0,0	0,0	37,0	82,2222222222222
22218	Senés de Alcubierre	2011	68,0	49,0	33,0	16,0	3,0	7,0	23,0	67,3469387755102
22218	Senés de Alcubierre	2015	52,0	43,0	34,0	9,0	0,0	3,0	31,0	79,0697674418605
22218	Senés de Alcubierre	2016	49,0	43,0	31,0	12,0	0,0	0,0	31,0	72,093023255814
22218	Senés de Alcubierre	2019	41,0	39,0	33,0	6,0	0,0	0,0	33,0	84,6153846153846
22220	Sesa	2008	250,0	219,0	181,0	38,0	6,0	0,0	175,0	82,648401826484
22220	Sesa	2011	225,0	192,0	139,0	53,0	5,0	8,0	126,0	72,3958333333333
22220	Sesa	2015	202,0	169,0	123,0	46,0	3,0	6,0	114,0	72,7810650887574
22220	Sesa	2016	190,0	166,0	126,0	40,0	4,0	6,0	116,0	75,9036144578313
22220	Sesa	2019	167,0	147,0	106,0	41,0	3,0	2,0	101,0	72,108843537415
22221	Sesué	2008	116,0	103,0	63,0	40,0	0,0	0,0	63,0	61,1650485436893
22221	Sesué	2011	127,0	108,0	70,0	38,0	3,0	12,0	55,0	64,8148148148148
22221	Sesué	2015	116,0	80,0	61,0	19,0	3,0	3,0	55,0	76,25
22221	Sesué	2016	119,0	84,0	57,0	27,0	3,0	3,0	51,0	67,8571428571429
22221	Sesué	2019	127,0	92,0	53,0	39,0	1,0	0,0	52,0	57,6086956521739
22222	Siétamo	2008	588,0	482,0	383,0	99,0	2,0	9,0	372,0	79,4605809128631
22222	Siétamo	2011	665,0	510,0	365,0	145,0	7,0	31,0	327,0	71,5686274509804
22222	Siétamo	2015	675,0	527,0	388,0	139,0	15,0	13,0	360,0	73,6242884250474
22222	Siétamo	2016	672,0	530,0	384,0	146,0	5,0	9,0	370,0	72,4528301886792
22222	Siétamo	2019	664,0	516,0	377,0	139,0	8,0	11,0	358,0	73,062015503876
22223	Sopeira	2008	106,0	97,0	61,0	36,0	0,0	1,0	60,0	62,8865979381443
22223	Sopeira	2011	120,0	92,0	63,0	29,0	2,0	7,0	54,0	68,4782608695652
22223	Sopeira	2015	107,0	79,0	58,0	21,0	2,0	1,0	55,0	73,4177215189873
22223	Sopeira	2016	99,0	75,0	55,0	20,0	1,0	5,0	49,0	73,3333333333333
22223	Sopeira	2019	94,0	77,0	58,0	19,0	0,0	3,0	55,0	75,3246753246753
22225	Tamarite de Litera	2008	3703,0	2901,0	2074,0	827,0	70,0	56,0	1948,0	71,4925887624957
22225	Tamarite de Litera	2011	3730,0	2784,0	1826,0	958,0	77,0	113,0	1636,0	65,5890804597701
22225	Tamarite de Litera	2015	3604,0	2691,0	1833,0	858,0	64,0	109,0	1660,0	68,1159420289855
22225	Tamarite de Litera	2016	3538,0	2679,0	1684,0	995,0	64,0	66,0	1554,0	62,8592758491975
22225	Tamarite de Litera	2019	3528,0	2606,0	1631,0	975,0	41,0	49,0	1541,0	62,5863392171911
22226	Tardienta	2008	1022,0	875,0	715,0	160,0	14,0	11,0	690,0	81,7142857142857
22226	Tardienta	2011	1007,0	823,0	638,0	185,0	35,0	34,0	569,0	77,5212636695018
22226	Tardienta	2015	1005,0	774,0	588,0	186,0	11,0	38,0	539,0	75,968992248062
22226	Tardienta	2016	985,0	767,0	566,0	201,0	16,0	29,0	521,0	73,7940026075619
22226	Tardienta	2019	952,0	761,0	533,0	228,0	16,0	14,0	503,0	70,0394218134034
22227	Tella-Sin	2008	290,0	244,0	187,0	57,0	6,0	2,0	179,0	76,6393442622951
22227	Tella-Sin	2011	266,0	225,0	170,0	55,0	8,0	10,0	152,0	75,5555555555555
22227	Tella-Sin	2015	260,0	211,0	148,0	63,0	5,0	9,0	134,0	70,1421800947867
22227	Tella-Sin	2016	249,0	206,0	160,0	46,0	4,0	5,0	151,0	77,6699029126213
22227	Tella-Sin	2019	226,0	200,0	138,0	62,0	0,0	1,0	137,0	69,0
22228	Tierz	2008	585,0	464,0	386,0	78,0	6,0	2,0	378,0	83,1896551724138
22228	Tierz	2011	691,0	501,0	377,0	124,0	27,0	35,0	315,0	75,249500998004
22228	Tierz	2015	734,0	505,0	408,0	97,0	16,0	22,0	370,0	80,7920792079208
22228	Tierz	2016	742,0	514,0	357,0	157,0	14,0	9,0	334,0	69,4552529182879
22228	Tierz	2019	758,0	532,0	367,0	165,0	14,0	9,0	344,0	68,984962406015
22229	Tolva	2008	193,0	149,0	108,0	41,0	4,0	2,0	102,0	72,4832214765101
22229	Tolva	2011	171,0	127,0	88,0	39,0	10,0	8,0	70,0	69,2913385826772
22229	Tolva	2015	148,0	114,0	79,0	35,0	2,0	1,0	76,0	69,2982456140351
22229	Tolva	2016	137,0	114,0	79,0	35,0	2,0	2,0	75,0	69,2982456140351
22229	Tolva	2019	123,0	107,0	70,0	37,0	0,0	3,0	67,0	65,4205607476635
22230	Torla-Ordesa	2008	319,0	295,0	227,0	68,0	2,0	3,0	222,0	76,9491525423729
22230	Torla-Ordesa	2011	328,0	302,0	230,0	72,0	8,0	25,0	197,0	76,158940397351
22230	Torla-Ordesa	2015	293,0	290,0	219,0	71,0	9,0	12,0	198,0	75,5172413793103
22230	Torla-Ordesa	2016	306,0	284,0	209,0	75,0	5,0	7,0	197,0	73,5915492957746
22230	Torla-Ordesa	2019	298,0	291,0	205,0	86,0	5,0	6,0	194,0	70,446735395189
22232	Torralba de Aragón	2008	118,0	103,0	87,0	16,0	2,0	3,0	82,0	84,4660194174757
22232	Torralba de Aragón	2011	111,0	98,0	78,0	20,0	3,0	6,0	69,0	79,5918367346939
22232	Torralba de Aragón	2015	113,0	96,0	69,0	27,0	2,0	4,0	63,0	71,875
22232	Torralba de Aragón	2016	114,0	93,0	68,0	25,0	1,0	2,0	65,0	73,1182795698925
22232	Torralba de Aragón	2019	103,0	88,0	61,0	27,0	1,0	4,0	56,0	69,3181818181818
22233	Torre la Ribera	2008	119,0	99,0	76,0	23,0	1,0	2,0	73,0	76,7676767676768
22233	Torre la Ribera	2011	117,0	94,0	69,0	25,0	0,0	1,0	68,0	73,4042553191489
22233	Torre la Ribera	2015	106,0	82,0	61,0	21,0	3,0	3,0	55,0	74,390243902439
22233	Torre la Ribera	2016	104,0	82,0	57,0	25,0	2,0	4,0	51,0	69,5121951219512
22233	Torre la Ribera	2019	102,0	81,0	53,0	28,0	0,0	0,0	53,0	65,4320987654321
22234	Torrente de Cinca	2008	1021,0	841,0	655,0	186,0	14,0	9,0	632,0	77,8834720570749
22234	Torrente de Cinca	2011	1276,0	818,0	598,0	220,0	27,0	21,0	550,0	73,1051344743276
22234	Torrente de Cinca	2015	1205,0	802,0	590,0	212,0	20,0	31,0	539,0	73,5660847880299
22234	Torrente de Cinca	2016	1187,0	794,0	539,0	255,0	14,0	16,0	509,0	67,8841309823678
22234	Torrente de Cinca	2019	1148,0	743,0	494,0	249,0	16,0	11,0	467,0	66,4872139973082
22235	Torres de Alcanadre	2008	116,0	107,0	107,0	0,0	7,0	2,0	98,0	100,0
22235	Torres de Alcanadre	2011	106,0	101,0	87,0	14,0	1,0	1,0	85,0	86,1386138613861
22235	Torres de Alcanadre	2015	103,0	100,0	77,0	23,0	0,0	0,0	77,0	77,0
22235	Torres de Alcanadre	2016	107,0	98,0	74,0	24,0	0,0	3,0	71,0	75,5102040816327
22235	Torres de Alcanadre	2019	92,0	88,0	69,0	19,0	1,0	2,0	66,0	78,4090909090909
22236	Torres de Barbués	2008	324,0	292,0	250,0	42,0	7,0	5,0	238,0	85,6164383561644
22236	Torres de Barbués	2011	303,0	266,0	212,0	54,0	7,0	12,0	193,0	79,6992481203008
22236	Torres de Barbués	2015	293,0	249,0	197,0	52,0	11,0	3,0	183,0	79,1164658634538
22236	Torres de Barbués	2016	283,0	253,0	199,0	54,0	8,0	4,0	187,0	78,6561264822134
22236	Torres de Barbués	2019	266,0	232,0	190,0	42,0	1,0	3,0	186,0	81,8965517241379
22239	Tramaced	2008	110,0	100,0	83,0	17,0	1,0	1,0	81,0	83,0
22239	Tramaced	2011	100,0	90,0	74,0	16,0	3,0	4,0	67,0	82,2222222222222
22239	Tramaced	2015	97,0	89,0	78,0	11,0	3,0	3,0	72,0	87,6404494382022
22239	Tramaced	2016	110,0	88,0	72,0	16,0	1,0	0,0	71,0	81,8181818181818
22239	Tramaced	2019	99,0	85,0	67,0	18,0	1,0	1,0	65,0	78,8235294117647
22242	Valfarta	2008	99,0	84,0	69,0	15,0	1,0	3,0	65,0	82,1428571428571
22242	Valfarta	2011	87,0	75,0	53,0	22,0	1,0	0,0	52,0	70,6666666666667
22242	Valfarta	2015	73,0	64,0	45,0	19,0	1,0	1,0	43,0	70,3125
22242	Valfarta	2016	72,0	62,0	42,0	20,0	2,0	1,0	39,0	67,741935483871
22242	Valfarta	2019	69,0	60,0	40,0	20,0	2,0	1,0	37,0	66,6666666666667
22243	Valle de Bardají	2008	53,0	46,0	46,0	0,0	0,0	0,0	46,0	100,0
22243	Valle de Bardají	2011	50,0	45,0	27,0	18,0	0,0	0,0	27,0	60,0
22243	Valle de Bardají	2015	37,0	45,0	32,0	13,0	0,0	2,0	30,0	71,1111111111111
22243	Valle de Bardají	2016	37,0	45,0	28,0	17,0	0,0	1,0	27,0	62,2222222222222
22243	Valle de Bardají	2019	34,0	43,0	32,0	11,0	1,0	0,0	31,0	74,4186046511628
22244	Valle de Lierp	2008	47,0	62,0	44,0	18,0	0,0	3,0	41,0	70,9677419354839
22244	Valle de Lierp	2011	65,0	62,0	46,0	16,0	2,0	2,0	42,0	74,1935483870968
22244	Valle de Lierp	2015	58,0	52,0	38,0	14,0	0,0	1,0	37,0	73,0769230769231
22244	Valle de Lierp	2016	54,0	52,0	38,0	14,0	0,0	1,0	37,0	73,0769230769231
22244	Valle de Lierp	2019	46,0	42,0	33,0	9,0	1,0	1,0	31,0	78,5714285714286
22245	Velilla de Cinca	2008	482,0	351,0	292,0	59,0	8,0	5,0	279,0	83,1908831908832
22245	Velilla de Cinca	2011	450,0	329,0	260,0	69,0	11,0	3,0	246,0	79,0273556231003
22245	Velilla de Cinca	2015	461,0	306,0	258,0	48,0	12,0	6,0	240,0	84,3137254901961
22245	Velilla de Cinca	2016	442,0	309,0	267,0	42,0	9,0	5,0	253,0	86,4077669902913
22245	Velilla de Cinca	2019	463,0	303,0	220,0	83,0	14,0	7,0	199,0	72,6072607260726
22246	Beranuy	2008	106,0	96,0	68,0	28,0	1,0	3,0	64,0	70,8333333333333
22246	Beranuy	2011	104,0	93,0	61,0	32,0	4,0	1,0	56,0	65,5913978494624
22246	Beranuy	2015	97,0	77,0	50,0	27,0	2,0	4,0	44,0	64,9350649350649
22246	Beranuy	2016	92,0	76,0	50,0	26,0	1,0	0,0	49,0	65,7894736842105
22246	Beranuy	2019	78,0	63,0	43,0	20,0	0,0	1,0	42,0	68,2539682539683
22247	Viacamp y Litera	2008	25,0	37,0	37,0	0,0	0,0	2,0	35,0	100,0
22247	Viacamp y Litera	2011	48,0	31,0	19,0	12,0	1,0	1,0	17,0	61,2903225806452
22247	Viacamp y Litera	2015	43,0	30,0	23,0	7,0	2,0	1,0	20,0	76,6666666666667
22247	Viacamp y Litera	2016	42,0	33,0	19,0	14,0	0,0	0,0	19,0	57,5757575757576
22247	Viacamp y Litera	2019	36,0	28,0	18,0	10,0	0,0	1,0	17,0	64,2857142857143
22248	Vicién	2008	116,0	113,0	94,0	19,0	3,0	0,0	91,0	83,1858407079646
22248	Vicién	2011	122,0	119,0	90,0	29,0	3,0	5,0	82,0	75,6302521008403
22248	Vicién	2015	122,0	118,0	92,0	26,0	4,0	6,0	82,0	77,9661016949152
22248	Vicién	2016	126,0	116,0	91,0	25,0	0,0	3,0	88,0	78,448275862069
22248	Vicién	2019	116,0	103,0	73,0	30,0	2,0	0,0	71,0	70,873786407767
22249	Villanova	2008	156,0	125,0	86,0	39,0	0,0	3,0	83,0	68,8
22249	Villanova	2011	154,0	110,0	80,0	30,0	2,0	2,0	76,0	72,7272727272727
22249	Villanova	2015	159,0	119,0	95,0	24,0	1,0	1,0	93,0	79,8319327731092
22249	Villanova	2016	157,0	116,0	94,0	22,0	1,0	4,0	89,0	81,0344827586207
22249	Villanova	2019	159,0	125,0	90,0	35,0	1,0	1,0	88,0	72,0
22250	Villanúa	2008	478,0	358,0	252,0	106,0	4,0	3,0	245,0	70,391061452514
22250	Villanúa	2011	492,0	368,0	259,0	109,0	16,0	34,0	209,0	70,3804347826087
22250	Villanúa	2015	475,0	347,0	252,0	95,0	12,0	20,0	220,0	72,6224783861672
22250	Villanúa	2016	435,0	353,0	258,0	95,0	7,0	8,0	243,0	73,0878186968838
22250	Villanúa	2019	447,0	346,0	239,0	107,0	3,0	1,0	235,0	69,0751445086705
22251	Villanueva de Sigena	2008	520,0	414,0	341,0	73,0	11,0	4,0	326,0	82,3671497584541
22251	Villanueva de Sigena	2011	512,0	391,0	288,0	103,0	15,0	12,0	261,0	73,6572890025575
22251	Villanueva de Sigena	2015	434,0	371,0	280,0	91,0	10,0	20,0	250,0	75,4716981132075
22251	Villanueva de Sigena	2016	442,0	364,0	281,0	83,0	6,0	7,0	268,0	77,1978021978022
22251	Villanueva de Sigena	2019	394,0	327,0	258,0	69,0	7,0	5,0	246,0	78,8990825688073
22252	Yebra de Basa	2008	152,0	135,0	104,0	31,0	5,0	2,0	97,0	77,037037037037
22252	Yebra de Basa	2011	155,0	130,0	98,0	32,0	9,0	4,0	85,0	75,3846153846154
22252	Yebra de Basa	2015	142,0	122,0	93,0	29,0	4,0	4,0	85,0	76,2295081967213
22252	Yebra de Basa	2016	142,0	121,0	87,0	34,0	3,0	2,0	82,0	71,900826446281
22252	Yebra de Basa	2019	147,0	118,0	95,0	23,0	4,0	4,0	87,0	80,5084745762712
22253	Yésero	2008	77,0	79,0	72,0	7,0	0,0	0,0	72,0	91,1392405063291
22253	Yésero	2011	71,0	71,0	53,0	18,0	0,0	2,0	51,0	74,6478873239437
22253	Yésero	2015	57,0	61,0	44,0	17,0	2,0	4,0	38,0	72,1311475409836
22253	Yésero	2016	58,0	61,0	49,0	12,0	0,0	1,0	48,0	80,327868852459
22253	Yésero	2019	60,0	56,0	40,0	16,0	0,0	1,0	39,0	71,4285714285714
22254	Zaidín	2008	1827,0	1246,0	976,0	270,0	22,0	11,0	943,0	78,330658105939
22254	Zaidín	2011	1709,0	1175,0	862,0	313,0	19,0	31,0	812,0	73,3617021276596
22254	Zaidín	2015	1837,0	1129,0	797,0	332,0	37,0	39,0	721,0	70,5934455270151
22254	Zaidín	2016	1852,0	1124,0	794,0	330,0	36,0	31,0	727,0	70,6405693950178
22254	Zaidín	2019	1774,0	1084,0	742,0	342,0	15,0	20,0	707,0	68,450184501845
22901	Valle de Hecho	2008	957,0	820,0	599,0	221,0	27,0	11,0	561,0	73,0487804878049
22901	Valle de Hecho	2011	960,0	792,0	501,0	291,0	25,0	40,0	436,0	63,2575757575757
22901	Valle de Hecho	2015	903,0	754,0	502,0	252,0	10,0	32,0	460,0	66,57824933687
22901	Valle de Hecho	2016	880,0	742,0	470,0	272,0	15,0	19,0	436,0	63,3423180592992
22901	Valle de Hecho	2019	839,0	714,0	431,0	283,0	16,0	13,0	402,0	60,3641456582633
22902	Puente la Reina de Jaca	2008	226,0	224,0	224,0	0,0	3,0	2,0	219,0	100,0
22902	Puente la Reina de Jaca	2011	215,0	240,0	169,0	71,0	3,0	17,0	149,0	70,4166666666667
22902	Puente la Reina de Jaca	2015	276,0	219,0	157,0	62,0	4,0	16,0	137,0	71,689497716895
22902	Puente la Reina de Jaca	2016	261,0	221,0	156,0	65,0	10,0	9,0	137,0	70,5882352941176
22902	Puente la Reina de Jaca	2019	260,0	206,0	147,0	59,0	7,0	2,0	138,0	71,3592233009709
22903	San Miguel del Cinca	2008	849,0	704,0	604,0	100,0	9,0	10,0	585,0	85,7954545454545
22903	San Miguel del Cinca	2011	848,0	672,0	549,0	123,0	18,0	15,0	516,0	81,6964285714286
22903	San Miguel del Cinca	2015	852,0	654,0	532,0	122,0	10,0	12,0	510,0	81,3455657492355
22903	San Miguel del Cinca	2016	857,0	652,0	510,0	142,0	19,0	8,0	483,0	78,2208588957055
22903	San Miguel del Cinca	2019	813,0	618,0	483,0	135,0	8,0	17,0	458,0	78,1553398058252
22904	Sotonera (La)	2008	1053,0	928,0	694,0	234,0	22,0	13,0	659,0	74,7844827586207
22904	Sotonera (La)	2011	1061,0	908,0	654,0	254,0	18,0	45,0	591,0	72,0264317180617
22904	Sotonera (La)	2015	1013,0	835,0	596,0	239,0	14,0	34,0	548,0	71,377245508982
22904	Sotonera (La)	2016	990,0	815,0	577,0	238,0	10,0	33,0	534,0	70,7975460122699
22904	Sotonera (La)	2019	894,0	751,0	514,0	237,0	6,0	10,0	498,0	68,4420772303595
22905	Lupiñén-Ortilla	2008	358,0	324,0	266,0	58,0	7,0	11,0	248,0	82,0987654320988
22905	Lupiñén-Ortilla	2011	397,0	312,0	246,0	66,0	12,0	12,0	222,0	78,8461538461538
22905	Lupiñén-Ortilla	2015	373,0	294,0	221,0	73,0	5,0	10,0	206,0	75,1700680272109
22905	Lupiñén-Ortilla	2016	364,0	281,0	203,0	78,0	1,0	9,0	193,0	72,2419928825623
22905	Lupiñén-Ortilla	2019	341,0	287,0	217,0	70,0	2,0	1,0	214,0	75,609756097561
22906	Santa María de Dulcis	2008	218,0	189,0	156,0	33,0	2,0	3,0	151,0	82,5396825396825
22906	Santa María de Dulcis	2011	221,0	190,0	152,0	38,0	10,0	11,0	131,0	80,0
22906	Santa María de Dulcis	2015	226,0	180,0	146,0	34,0	3,0	11,0	132,0	81,1111111111111
22906	Santa María de Dulcis	2016	221,0	186,0	141,0	45,0	4,0	4,0	133,0	75,8064516129032
22906	Santa María de Dulcis	2019	208,0	177,0	123,0	54,0	2,0	5,0	116,0	69,4915254237288
22907	Aínsa-Sobrarbe	2008	1951,0	1443,0	1280,0	163,0	36,0	19,0	1225,0	88,7040887040887
22907	Aínsa-Sobrarbe	2011	2180,0	1444,0	1020,0	424,0	47,0	60,0	913,0	70,6371191135734
22907	Aínsa-Sobrarbe	2015	2213,0	1459,0	1098,0	361,0	32,0	60,0	1006,0	75,2570253598355
22907	Aínsa-Sobrarbe	2016	2220,0	1435,0	1037,0	398,0	24,0	45,0	968,0	72,2648083623693
22907	Aínsa-Sobrarbe	2019	2151,0	1463,0	1004,0	459,0	26,0	38,0	940,0	68,6261107313739
22908	Hoz y Costeán	2008	236,0	237,0	189,0	48,0	1,0	1,0	187,0	79,746835443038
22908	Hoz y Costeán	2011	205,0	231,0	159,0	72,0	6,0	15,0	138,0	68,8311688311688
22908	Hoz y Costeán	2015	237,0	207,0	142,0	65,0	2,0	10,0	130,0	68,5990338164251
22908	Hoz y Costeán	2016	230,0	197,0	141,0	56,0	6,0	5,0	130,0	71,5736040609137
22908	Hoz y Costeán	2019	226,0	190,0	135,0	55,0	1,0	1,0	133,0	71,0526315789474
22909	Vencillón	2008	458,0	371,0	272,0	99,0	6,0	8,0	258,0	73,3153638814016
22909	Vencillón	2011	469,0	349,0	248,0	101,0	15,0	4,0	229,0	71,0601719197708
22909	Vencillón	2015	425,0	318,0	237,0	81,0	9,0	4,0	224,0	74,5283018867925
22909	Vencillón	2016	411,0	315,0	221,0	94,0	1,0	9,0	211,0	70,1587301587301
22909	Vencillón	2019	399,0	307,0	218,0	89,0	4,0	2,0	212,0	71,0097719869707
44001	Ababuj	2008	82,0	80,0	59,0	21,0	0,0	2,0	57,0	73,75
44001	Ababuj	2011	77,0	69,0	47,0	22,0	2,0	2,0	43,0	68,1159420289855
44001	Ababuj	2015	65,0	68,0	41,0	27,0	0,0	3,0	38,0	60,2941176470588
44001	Ababuj	2016	73,0	68,0	50,0	18,0	0,0	1,0	49,0	73,5294117647059
44001	Ababuj	2019	76,0	65,0	43,0	22,0	1,0	1,0	41,0	66,1538461538462
44002	Abejuela	2008	68,0	62,0	51,0	11,0	2,0	2,0	47,0	82,258064516129
44002	Abejuela	2011	56,0	62,0	46,0	16,0	0,0	1,0	45,0	74,1935483870968
44002	Abejuela	2015	41,0	54,0	41,0	13,0	1,0	2,0	38,0	75,9259259259259
44002	Abejuela	2016	54,0	47,0	37,0	10,0	0,0	1,0	36,0	78,7234042553191
44002	Abejuela	2019	49,0	47,0	41,0	6,0	0,0	0,0	41,0	87,2340425531915
44003	Aguatón	2008	21,0	21,0	18,0	3,0	0,0	0,0	18,0	85,7142857142857
44003	Aguatón	2011	21,0	19,0	19,0	0,0	0,0	0,0	19,0	100,0
44003	Aguatón	2015	18,0	19,0	15,0	4,0	0,0	0,0	15,0	78,9473684210526
44003	Aguatón	2016	19,0	19,0	17,0	2,0	0,0	0,0	17,0	89,4736842105263
44003	Aguatón	2019	18,0	17,0	15,0	2,0	0,0	0,0	15,0	88,235294117647
44004	Aguaviva	2008	703,0	475,0	355,0	120,0	14,0	2,0	339,0	74,7368421052632
44004	Aguaviva	2011	693,0	450,0	333,0	117,0	8,0	7,0	318,0	74,0
44004	Aguaviva	2015	605,0	415,0	284,0	131,0	6,0	12,0	266,0	68,433734939759
44004	Aguaviva	2016	586,0	408,0	300,0	108,0	7,0	4,0	289,0	73,5294117647059
44004	Aguaviva	2019	522,0	379,0	273,0	106,0	3,0	4,0	266,0	72,0316622691293
44005	Aguilar del Alfambra	2008	72,0	62,0	45,0	17,0	5,0	2,0	38,0	72,5806451612903
44005	Aguilar del Alfambra	2011	67,0	59,0	42,0	17,0	0,0	6,0	36,0	71,1864406779661
44005	Aguilar del Alfambra	2015	77,0	54,0	38,0	16,0	2,0	4,0	32,0	70,3703703703704
44005	Aguilar del Alfambra	2016	66,0	50,0	30,0	20,0	0,0	2,0	28,0	60,0
44005	Aguilar del Alfambra	2019	63,0	48,0	36,0	12,0	0,0	0,0	36,0	75,0
44006	Alacón	2008	405,0	329,0	261,0	68,0	7,0	1,0	253,0	79,3313069908814
44006	Alacón	2011	361,0	293,0	218,0	75,0	8,0	6,0	204,0	74,4027303754266
44006	Alacón	2015	314,0	250,0	188,0	62,0	5,0	3,0	180,0	75,2
44006	Alacón	2016	293,0	248,0	185,0	63,0	2,0	4,0	179,0	74,5967741935484
44006	Alacón	2019	264,0	220,0	151,0	69,0	1,0	3,0	147,0	68,6363636363636
44007	Alba	2008	250,0	220,0	186,0	34,0	6,0	6,0	174,0	84,5454545454545
44007	Alba	2011	248,0	194,0	152,0	42,0	4,0	6,0	142,0	78,3505154639175
44007	Alba	2015	212,0	184,0	124,0	60,0	9,0	1,0	114,0	67,3913043478261
44007	Alba	2016	210,0	173,0	122,0	51,0	2,0	4,0	116,0	70,5202312138728
44007	Alba	2019	178,0	149,0	112,0	37,0	1,0	4,0	107,0	75,1677852348993
44008	Albalate del Arzobispo	2008	2238,0	1752,0	1392,0	360,0	39,0	11,0	1342,0	79,4520547945205
44008	Albalate del Arzobispo	2011	2155,0	1695,0	1278,0	417,0	53,0	25,0	1200,0	75,3982300884956
44008	Albalate del Arzobispo	2015	2025,0	1615,0	1209,0	406,0	53,0	41,0	1115,0	74,8606811145511
44008	Albalate del Arzobispo	2016	2001,0	1613,0	1157,0	456,0	40,0	21,0	1096,0	71,7296962182269
44008	Albalate del Arzobispo	2019	2004,0	1556,0	1107,0	449,0	17,0	11,0	1079,0	71,1439588688946
44009	Albarracín	2008	1075,0	804,0	658,0	146,0	11,0	4,0	643,0	81,8407960199005
44009	Albarracín	2011	1096,0	805,0	604,0	201,0	30,0	40,0	534,0	75,0310559006211
44009	Albarracín	2015	1059,0	809,0	583,0	226,0	32,0	26,0	525,0	72,0642768850433
44009	Albarracín	2016	1049,0	809,0	592,0	217,0	9,0	24,0	559,0	73,176761433869
44009	Albarracín	2019	1016,0	798,0	590,0	208,0	15,0	5,0	570,0	73,9348370927318
44010	Albentosa	2008	334,0	185,0	143,0	42,0	2,0	4,0	137,0	77,2972972972973
44010	Albentosa	2011	310,0	189,0	138,0	51,0	2,0	11,0	125,0	73,015873015873
44010	Albentosa	2015	279,0	178,0	124,0	54,0	4,0	7,0	113,0	69,6629213483146
44010	Albentosa	2016	270,0	175,0	128,0	47,0	3,0	3,0	122,0	73,1428571428571
44010	Albentosa	2019	257,0	185,0	144,0	41,0	3,0	0,0	141,0	77,8378378378378
44011	Alcaine	2008	74,0	67,0	47,0	20,0	0,0	0,0	47,0	70,1492537313433
44011	Alcaine	2011	69,0	67,0	47,0	20,0	1,0	0,0	46,0	70,1492537313433
44011	Alcaine	2015	72,0	57,0	34,0	23,0	0,0	1,0	33,0	59,6491228070175
44011	Alcaine	2016	74,0	52,0	39,0	13,0	3,0	1,0	35,0	75,0
44011	Alcaine	2019	63,0	47,0	33,0	14,0	0,0	0,0	33,0	70,2127659574468
44012	Alcalá de la Selva	2008	510,0	374,0	302,0	72,0	15,0	6,0	281,0	80,7486631016043
44012	Alcalá de la Selva	2011	513,0	389,0	296,0	93,0	4,0	12,0	280,0	76,0925449871465
44012	Alcalá de la Selva	2015	424,0	336,0	279,0	57,0	9,0	12,0	258,0	83,0357142857143
44012	Alcalá de la Selva	2016	399,0	334,0	261,0	73,0	4,0	12,0	245,0	78,1437125748503
44012	Alcalá de la Selva	2019	347,0	303,0	215,0	88,0	2,0	5,0	208,0	70,957095709571
44013	Alcañiz	2008	15587,0	11228,0	8449,0	2779,0	241,0	151,0	8057,0	75,2493765586035
44013	Alcañiz	2011	16291,0	11286,0	7755,0	3531,0	528,0	629,0	6598,0	68,7134502923977
44013	Alcañiz	2015	16333,0	11254,0	8231,0	3023,0	313,0	386,0	7532,0	73,1384396658966
44013	Alcañiz	2016	16230,0	11244,0	7733,0	3511,0	255,0	278,0	7200,0	68,7744574884383
44013	Alcañiz	2019	15939,0	11232,0	7829,0	3403,0	168,0	133,0	7528,0	69,7026353276353
44014	Alcorisa	2008	3650,0	2650,0	2112,0	538,0	74,0	44,0	1994,0	79,6981132075472
44014	Alcorisa	2011	3642,0	2603,0	1963,0	640,0	163,0	83,0	1717,0	75,4129850172877
44014	Alcorisa	2015	3433,0	2530,0	2003,0	527,0	81,0	105,0	1817,0	79,1699604743083
44014	Alcorisa	2016	3374,0	2521,0	1875,0	646,0	81,0	61,0	1733,0	74,3752479174931
44014	Alcorisa	2019	3276,0	2506,0	1831,0	675,0	47,0	17,0	1767,0	73,0646448523544
44016	Alfambra	2008	756,0	611,0	463,0	148,0	20,0	4,0	439,0	75,7774140752864
44016	Alfambra	2011	676,0	541,0	381,0	160,0	12,0	25,0	344,0	70,4251386321627
44016	Alfambra	2015	587,0	486,0	356,0	130,0	19,0	19,0	318,0	73,2510288065843
44016	Alfambra	2016	571,0	482,0	356,0	126,0	11,0	15,0	330,0	73,8589211618257
44016	Alfambra	2019	531,0	424,0	299,0	125,0	16,0	1,0	282,0	70,5188679245283
44017	Aliaga	2008	422,0	368,0	277,0	91,0	9,0	4,0	264,0	75,2717391304348
44017	Aliaga	2011	381,0	316,0	225,0	91,0	5,0	13,0	207,0	71,2025316455696
44017	Aliaga	2015	358,0	285,0	217,0	68,0	4,0	9,0	204,0	76,140350877193
44017	Aliaga	2016	365,0	285,0	224,0	61,0	6,0	10,0	208,0	78,5964912280702
44017	Aliaga	2019	358,0	269,0	216,0	53,0	5,0	0,0	211,0	80,2973977695167
44018	Almohaja	2008	28,0	29,0	25,0	4,0	0,0	0,0	25,0	86,2068965517241
44018	Almohaja	2011	29,0	27,0	24,0	3,0	0,0	0,0	24,0	88,8888888888889
44018	Almohaja	2015	21,0	20,0	20,0	0,0	0,0	0,0	20,0	100,0
44018	Almohaja	2016	20,0	19,0	19,0	0,0	0,0	0,0	19,0	100,0
44018	Almohaja	2019	16,0	16,0	16,0	0,0	0,0	0,0	16,0	100,0
44019	Alobras	2008	71,0	69,0	38,0	31,0	0,0	2,0	36,0	55,0724637681159
44019	Alobras	2011	70,0	75,0	38,0	37,0	1,0	0,0	37,0	50,6666666666667
44019	Alobras	2015	75,0	68,0	48,0	20,0	3,0	1,0	44,0	70,5882352941176
44019	Alobras	2016	70,0	67,0	49,0	18,0	1,0	2,0	46,0	73,134328358209
44019	Alobras	2019	62,0	70,0	41,0	29,0	0,0	0,0	41,0	58,5714285714286
44020	Alpeñés	2008	26,0	25,0	19,0	6,0	0,0	0,0	19,0	76,0
44020	Alpeñés	2011	27,0	23,0	15,0	8,0	0,0	0,0	15,0	65,2173913043478
44020	Alpeñés	2015	19,0	24,0	19,0	5,0	1,0	0,0	18,0	79,1666666666667
44020	Alpeñés	2016	21,0	24,0	19,0	5,0	1,0	1,0	17,0	79,1666666666667
44020	Alpeñés	2019	22,0	22,0	21,0	1,0	0,0	0,0	21,0	95,4545454545454
44021	Allepuz	2008	135,0	124,0	93,0	31,0	1,0	0,0	92,0	75,0
44021	Allepuz	2011	133,0	114,0	80,0	34,0	3,0	0,0	77,0	70,1754385964912
44021	Allepuz	2015	117,0	107,0	80,0	27,0	2,0	1,0	77,0	74,7663551401869
44021	Allepuz	2016	118,0	107,0	85,0	22,0	2,0	2,0	81,0	79,4392523364486
44021	Allepuz	2019	126,0	104,0	74,0	30,0	1,0	1,0	72,0	71,1538461538462
44022	Alloza	2008	698,0	574,0	441,0	133,0	8,0	12,0	421,0	76,8292682926829
44022	Alloza	2011	711,0	550,0	381,0	169,0	17,0	8,0	356,0	69,2727272727273
44022	Alloza	2015	638,0	490,0	319,0	171,0	13,0	13,0	293,0	65,1020408163265
44022	Alloza	2016	604,0	493,0	319,0	174,0	11,0	15,0	293,0	64,7058823529412
44022	Alloza	2019	582,0	464,0	330,0	134,0	9,0	1,0	320,0	71,1206896551724
44023	Allueva	2008	13,0	14,0	12,0	2,0	0,0	0,0	12,0	85,7142857142857
44023	Allueva	2011	15,0	13,0	11,0	2,0	0,0	0,0	11,0	84,6153846153846
44023	Allueva	2015	15,0	18,0	15,0	3,0	0,0	1,0	14,0	83,3333333333333
44023	Allueva	2016	27,0	17,0	16,0	1,0	0,0	0,0	16,0	94,1176470588235
44023	Allueva	2019	29,0	18,0	15,0	3,0	1,0	1,0	13,0	83,3333333333333
44024	Anadón	2008	21,0	19,0	17,0	2,0	0,0	0,0	17,0	89,4736842105263
44024	Anadón	2011	21,0	24,0	19,0	5,0	0,0	1,0	18,0	79,1666666666667
44024	Anadón	2015	24,0	27,0	23,0	4,0	0,0	0,0	23,0	85,1851851851852
44024	Anadón	2016	25,0	27,0	25,0	2,0	0,0	0,0	25,0	92,5925925925926
44024	Anadón	2019	27,0	31,0	26,0	5,0	1,0	0,0	25,0	83,8709677419355
44025	Andorra	2008	8156,0	6285,0	4981,0	1304,0	133,0	103,0	4745,0	79,2521877486078
44025	Andorra	2011	8367,0	6168,0	4300,0	1868,0	336,0	200,0	3764,0	69,7146562905318
44025	Andorra	2015	8148,0	6062,0	4465,0	1597,0	228,0	171,0	4066,0	73,6555592213791
44025	Andorra	2016	8065,0	6009,0	4045,0	1964,0	163,0	113,0	3769,0	67,3156931269762
44025	Andorra	2019	7633,0	5804,0	3996,0	1808,0	103,0	63,0	3830,0	68,8490696071675
44026	Arcos de las Salinas	2008	123,0	107,0	83,0	24,0	2,0	2,0	79,0	77,5700934579439
44026	Arcos de las Salinas	2011	111,0	89,0	70,0	19,0	3,0	1,0	66,0	78,6516853932584
44026	Arcos de las Salinas	2015	100,0	90,0	72,0	18,0	1,0	3,0	68,0	80,0
44026	Arcos de las Salinas	2016	105,0	90,0	77,0	13,0	1,0	2,0	74,0	85,5555555555555
44026	Arcos de las Salinas	2019	105,0	100,0	72,0	28,0	1,0	0,0	71,0	72,0
44027	Arens de Lledó	2008	228,0	187,0	187,0	0,0	1,0	2,0	184,0	100,0
44027	Arens de Lledó	2011	213,0	168,0	141,0	27,0	2,0	1,0	138,0	83,9285714285714
44027	Arens de Lledó	2015	208,0	161,0	122,0	39,0	1,0	10,0	111,0	75,776397515528
44027	Arens de Lledó	2016	206,0	164,0	125,0	39,0	0,0	3,0	122,0	76,219512195122
44027	Arens de Lledó	2019	206,0	144,0	113,0	31,0	1,0	3,0	109,0	78,4722222222222
44028	Argente	2008	252,0	214,0	163,0	51,0	7,0	2,0	154,0	76,1682242990654
44028	Argente	2011	232,0	202,0	159,0	43,0	4,0	8,0	147,0	78,7128712871287
44028	Argente	2015	217,0	191,0	150,0	41,0	5,0	10,0	135,0	78,5340314136126
44028	Argente	2016	214,0	183,0	151,0	32,0	3,0	5,0	143,0	82,5136612021858
44028	Argente	2019	198,0	171,0	136,0	35,0	2,0	0,0	134,0	79,5321637426901
44029	Ariño	2008	867,0	656,0	550,0	106,0	13,0	4,0	533,0	83,8414634146341
44029	Ariño	2011	925,0	637,0	493,0	144,0	6,0	20,0	467,0	77,3940345368917
44029	Ariño	2015	775,0	567,0	475,0	92,0	4,0	15,0	456,0	83,7742504409171
44029	Ariño	2016	763,0	559,0	425,0	134,0	5,0	6,0	414,0	76,0286225402504
44029	Ariño	2019	708,0	585,0	455,0	130,0	6,0	7,0	442,0	77,7777777777778
44031	Azaila	2008	163,0	142,0	99,0	43,0	0,0	0,0	99,0	69,7183098591549
44031	Azaila	2011	139,0	124,0	72,0	52,0	2,0	0,0	70,0	58,0645161290323
44031	Azaila	2015	119,0	99,0	64,0	35,0	1,0	1,0	62,0	64,6464646464646
44031	Azaila	2016	116,0	97,0	62,0	35,0	1,0	1,0	60,0	63,9175257731959
44031	Azaila	2019	94,0	83,0	50,0	33,0	0,0	0,0	50,0	60,2409638554217
44032	Bádenas	2008	30,0	28,0	16,0	12,0	0,0	0,0	16,0	57,1428571428571
44032	Bádenas	2011	22,0	18,0	12,0	6,0	0,0	1,0	11,0	66,6666666666667
44032	Bádenas	2015	19,0	16,0	13,0	3,0	0,0	0,0	13,0	81,25
44032	Bádenas	2016	19,0	16,0	11,0	5,0	0,0	0,0	11,0	68,75
44032	Bádenas	2019	20,0	17,0	13,0	4,0	0,0	0,0	13,0	76,4705882352941
44033	Báguena	2008	407,0	347,0	247,0	100,0	9,0	2,0	236,0	71,1815561959654
44033	Báguena	2011	398,0	307,0	222,0	85,0	3,0	13,0	206,0	72,3127035830619
44033	Báguena	2015	337,0	279,0	189,0	90,0	2,0	7,0	180,0	67,741935483871
44033	Báguena	2016	327,0	269,0	191,0	78,0	6,0	2,0	183,0	71,003717472119
44033	Báguena	2019	311,0	243,0	165,0	78,0	4,0	6,0	155,0	67,9012345679012
44034	Bañón	2008	166,0	149,0	124,0	25,0	5,0	3,0	116,0	83,2214765100671
44034	Bañón	2011	167,0	150,0	116,0	34,0	3,0	8,0	105,0	77,3333333333333
44034	Bañón	2015	154,0	138,0	112,0	26,0	5,0	9,0	98,0	81,1594202898551
44034	Bañón	2016	150,0	139,0	109,0	30,0	2,0	5,0	102,0	78,4172661870503
44034	Bañón	2019	153,0	124,0	90,0	34,0	1,0	3,0	86,0	72,5806451612903
44035	Barrachina	2008	150,0	121,0	102,0	19,0	5,0	7,0	90,0	84,297520661157
44035	Barrachina	2011	167,0	122,0	99,0	23,0	2,0	10,0	87,0	81,1475409836066
44035	Barrachina	2015	137,0	117,0	80,0	37,0	0,0	5,0	75,0	68,3760683760684
44035	Barrachina	2016	133,0	113,0	90,0	23,0	4,0	5,0	81,0	79,646017699115
44035	Barrachina	2019	118,0	102,0	82,0	20,0	4,0	2,0	76,0	80,3921568627451
44036	Bea	2008	40,0	32,0	30,0	2,0	0,0	0,0	30,0	93,75
44036	Bea	2011	37,0	27,0	16,0	11,0	0,0	0,0	16,0	59,2592592592593
44036	Bea	2015	28,0	24,0	16,0	8,0	0,0	0,0	16,0	66,6666666666667
44036	Bea	2016	26,0	25,0	21,0	4,0	0,0	1,0	20,0	84,0
44036	Bea	2019	31,0	22,0	22,0	0,0	0,0	0,0	22,0	100,0
44037	Beceite	2008	598,0	513,0	360,0	153,0	15,0	2,0	343,0	70,1754385964912
44037	Beceite	2011	608,0	483,0	349,0	134,0	17,0	17,0	315,0	72,2567287784679
44037	Beceite	2015	583,0	453,0	324,0	129,0	9,0	19,0	296,0	71,523178807947
44037	Beceite	2016	566,0	453,0	314,0	139,0	12,0	12,0	290,0	69,3156732891832
44037	Beceite	2019	541,0	447,0	288,0	159,0	4,0	4,0	280,0	64,4295302013423
44038	Belmonte de San José	2008	142,0	124,0	105,0	19,0	3,0	1,0	101,0	84,6774193548387
44038	Belmonte de San José	2011	137,0	112,0	94,0	18,0	2,0	4,0	88,0	83,9285714285714
44038	Belmonte de San José	2015	120,0	107,0	82,0	25,0	1,0	4,0	77,0	76,6355140186916
44038	Belmonte de San José	2016	117,0	104,0	82,0	22,0	0,0	1,0	81,0	78,8461538461538
44038	Belmonte de San José	2019	113,0	101,0	85,0	16,0	3,0	3,0	79,0	84,1584158415841
44039	Bello	2008	309,0	279,0	229,0	50,0	5,0	1,0	223,0	82,078853046595
44039	Bello	2011	284,0	255,0	187,0	68,0	4,0	7,0	176,0	73,3333333333333
44039	Bello	2015	244,0	219,0	162,0	57,0	6,0	5,0	151,0	73,972602739726
44039	Bello	2016	238,0	221,0	165,0	56,0	6,0	3,0	156,0	74,6606334841629
44039	Bello	2019	225,0	204,0	144,0	60,0	4,0	4,0	136,0	70,5882352941176
44040	Berge	2008	260,0	218,0	173,0	45,0	4,0	4,0	165,0	79,3577981651376
44040	Berge	2011	274,0	206,0	165,0	41,0	4,0	8,0	153,0	80,0970873786408
44040	Berge	2015	247,0	202,0	158,0	44,0	4,0	9,0	145,0	78,2178217821782
44040	Berge	2016	246,0	201,0	154,0	47,0	6,0	5,0	143,0	76,6169154228856
44040	Berge	2019	244,0	189,0	151,0	38,0	6,0	1,0	144,0	79,8941798941799
44041	Bezas	2008	68,0	59,0	47,0	12,0	0,0	0,0	47,0	79,6610169491525
44041	Bezas	2011	79,0	67,0	55,0	12,0	9,0	2,0	44,0	82,089552238806
44041	Bezas	2015	77,0	54,0	46,0	8,0	0,0	3,0	43,0	85,1851851851852
44041	Bezas	2016	67,0	56,0	43,0	13,0	1,0	0,0	42,0	76,7857142857143
44041	Bezas	2019	70,0	60,0	48,0	12,0	0,0	0,0	48,0	80,0
44042	Blancas	2008	168,0	145,0	111,0	34,0	2,0	3,0	106,0	76,551724137931
44042	Blancas	2011	166,0	139,0	87,0	52,0	4,0	2,0	81,0	62,589928057554
44042	Blancas	2015	152,0	127,0	86,0	41,0	6,0	2,0	78,0	67,7165354330709
44042	Blancas	2016	149,0	123,0	89,0	34,0	2,0	0,0	87,0	72,3577235772358
44042	Blancas	2019	125,0	114,0	82,0	32,0	6,0	0,0	76,0	71,9298245614035
44043	Blesa	2008	123,0	121,0	94,0	27,0	2,0	0,0	92,0	77,6859504132231
44043	Blesa	2011	121,0	126,0	94,0	32,0	4,0	10,0	80,0	74,6031746031746
44043	Blesa	2015	109,0	108,0	74,0	34,0	1,0	2,0	71,0	68,5185185185185
44043	Blesa	2016	109,0	102,0	73,0	29,0	5,0	0,0	68,0	71,5686274509804
44043	Blesa	2019	95,0	86,0	59,0	27,0	2,0	1,0	56,0	68,6046511627907
44044	Bordón	2008	136,0	110,0	82,0	28,0	4,0	1,0	77,0	74,5454545454545
44044	Bordón	2011	141,0	103,0	77,0	26,0	0,0	2,0	75,0	74,757281553398
44044	Bordón	2015	114,0	91,0	70,0	21,0	3,0	4,0	63,0	76,9230769230769
44044	Bordón	2016	117,0	88,0	72,0	16,0	2,0	2,0	68,0	81,8181818181818
44044	Bordón	2019	106,0	82,0	65,0	17,0	0,0	3,0	62,0	79,2682926829268
44045	Bronchales	2008	508,0	376,0	305,0	71,0	5,0	0,0	300,0	81,1170212765957
44045	Bronchales	2011	480,0	373,0	302,0	71,0	8,0	8,0	286,0	80,9651474530831
44045	Bronchales	2015	427,0	355,0	290,0	65,0	14,0	18,0	258,0	81,6901408450704
44045	Bronchales	2016	423,0	366,0	273,0	93,0	7,0	10,0	256,0	74,5901639344262
44045	Bronchales	2019	443,0	360,0	268,0	92,0	1,0	5,0	262,0	74,4444444444444
44046	Bueña	2008	71,0	69,0	52,0	17,0	3,0	3,0	46,0	75,3623188405797
44046	Bueña	2011	67,0	58,0	44,0	14,0	0,0	2,0	42,0	75,8620689655172
44046	Bueña	2015	62,0	48,0	31,0	17,0	2,0	1,0	28,0	64,5833333333333
44046	Bueña	2016	55,0	49,0	34,0	15,0	1,0	2,0	31,0	69,3877551020408
44046	Bueña	2019	63,0	44,0	33,0	11,0	2,0	0,0	31,0	75,0
44047	Burbáguena	2008	298,0	290,0	194,0	96,0	10,0	0,0	184,0	66,8965517241379
44047	Burbáguena	2011	296,0	267,0	162,0	105,0	3,0	8,0	151,0	60,6741573033708
44047	Burbáguena	2015	281,0	221,0	139,0	82,0	6,0	7,0	126,0	62,89592760181
44047	Burbáguena	2016	254,0	220,0	137,0	83,0	4,0	5,0	128,0	62,2727272727273
44047	Burbáguena	2019	243,0	225,0	103,0	122,0	0,0	0,0	103,0	45,7777777777778
44048	Cabra de Mora	2008	122,0	94,0	68,0	26,0	0,0	1,0	67,0	72,3404255319149
44048	Cabra de Mora	2011	88,0	77,0	59,0	18,0	0,0	3,0	56,0	76,6233766233766
44048	Cabra de Mora	2015	70,0	65,0	51,0	14,0	0,0	3,0	48,0	78,4615384615385
44048	Cabra de Mora	2016	73,0	61,0	50,0	11,0	0,0	5,0	45,0	81,9672131147541
44048	Cabra de Mora	2019	55,0	52,0	47,0	5,0	1,0	1,0	45,0	90,3846153846154
44049	Calaceite	2008	1126,0	920,0	736,0	184,0	23,0	9,0	704,0	80,0
44049	Calaceite	2011	1145,0	886,0	639,0	247,0	39,0	26,0	574,0	72,1218961625282
44049	Calaceite	2015	1076,0	850,0	621,0	229,0	25,0	32,0	564,0	73,0588235294118
44049	Calaceite	2016	1052,0	849,0	609,0	240,0	24,0	21,0	564,0	71,7314487632509
44049	Calaceite	2019	1011,0	784,0	536,0	248,0	19,0	7,0	510,0	68,3673469387755
44050	Calamocha	2008	4563,0	3252,0	2452,0	800,0	74,0	58,0	2320,0	75,39975399754
44050	Calamocha	2011	4649,0	3183,0	2194,0	989,0	111,0	129,0	1954,0	68,9286836317939
44050	Calamocha	2015	4469,0	3129,0	2119,0	1010,0	84,0	150,0	1885,0	67,7213167146053
44050	Calamocha	2016	4417,0	3113,0	2099,0	1014,0	99,0	80,0	1920,0	67,4269193703823
44050	Calamocha	2019	4319,0	3113,0	2163,0	950,0	44,0	40,0	2079,0	69,4828140057822
44051	Calanda	2008	3737,0	2788,0	2339,0	449,0	73,0	44,0	2222,0	83,8952654232425
44051	Calanda	2011	4004,0	2783,0	2139,0	644,0	108,0	111,0	1920,0	76,8595041322314
44051	Calanda	2015	3920,0	2704,0	2064,0	640,0	109,0	102,0	1853,0	76,3313609467456
44051	Calanda	2016	3893,0	2683,0	1965,0	718,0	91,0	65,0	1809,0	73,2389116660455
44051	Calanda	2019	3708,0	2579,0	1913,0	666,0	51,0	40,0	1822,0	74,1760372237301
44052	Calomarde	2008	90,0	90,0	53,0	37,0	2,0	0,0	51,0	58,8888888888889
44052	Calomarde	2011	84,0	96,0	60,0	36,0	7,0	1,0	52,0	62,5
44052	Calomarde	2015	88,0	80,0	55,0	25,0	3,0	1,0	51,0	68,75
44052	Calomarde	2016	87,0	77,0	56,0	21,0	1,0	0,0	55,0	72,7272727272727
44052	Calomarde	2019	74,0	75,0	54,0	21,0	1,0	2,0	51,0	72,0
44053	Camañas	2008	124,0	108,0	85,0	23,0	2,0	1,0	82,0	78,7037037037037
44053	Camañas	2011	125,0	111,0	77,0	34,0	1,0	2,0	74,0	69,3693693693694
44053	Camañas	2015	128,0	102,0	79,0	23,0	2,0	5,0	72,0	77,4509803921569
44053	Camañas	2016	125,0	105,0	78,0	27,0	1,0	3,0	74,0	74,2857142857143
44053	Camañas	2019	124,0	103,0	87,0	16,0	4,0	2,0	81,0	84,4660194174757
44054	Camarena de la Sierra	2008	167,0	144,0	107,0	37,0	4,0	1,0	102,0	74,3055555555555
44054	Camarena de la Sierra	2011	165,0	125,0	97,0	28,0	0,0	2,0	95,0	77,6
44054	Camarena de la Sierra	2015	137,0	109,0	89,0	20,0	0,0	4,0	85,0	81,651376146789
44054	Camarena de la Sierra	2016	123,0	108,0	85,0	23,0	1,0	2,0	82,0	78,7037037037037
44054	Camarena de la Sierra	2019	113,0	95,0	82,0	13,0	1,0	0,0	81,0	86,3157894736842
44055	Camarillas	2008	107,0	94,0	80,0	14,0	2,0	3,0	75,0	85,1063829787234
44055	Camarillas	2011	119,0	85,0	63,0	22,0	0,0	4,0	59,0	74,1176470588235
44055	Camarillas	2015	103,0	69,0	52,0	17,0	1,0	5,0	46,0	75,3623188405797
44055	Camarillas	2016	99,0	69,0	56,0	13,0	0,0	5,0	51,0	81,1594202898551
44055	Camarillas	2019	86,0	75,0	52,0	23,0	4,0	1,0	47,0	69,3333333333333
44056	Caminreal	2008	756,0	638,0	486,0	152,0	21,0	2,0	463,0	76,1755485893417
44056	Caminreal	2011	758,0	577,0	433,0	144,0	18,0	12,0	403,0	75,0433275563258
44056	Caminreal	2015	684,0	513,0	347,0	166,0	8,0	17,0	322,0	67,6413255360624
44056	Caminreal	2016	659,0	501,0	342,0	159,0	10,0	9,0	323,0	68,2634730538922
44056	Caminreal	2019	619,0	446,0	324,0	122,0	12,0	2,0	310,0	72,6457399103139
44059	Cantavieja	2008	727,0	575,0	455,0	120,0	13,0	8,0	434,0	79,1304347826087
44059	Cantavieja	2011	748,0	571,0	437,0	134,0	22,0	33,0	382,0	76,5323992994746
44059	Cantavieja	2015	724,0	541,0	426,0	115,0	20,0	20,0	386,0	78,7430683918669
44059	Cantavieja	2016	741,0	544,0	421,0	123,0	25,0	23,0	373,0	77,3897058823529
44059	Cantavieja	2019	714,0	562,0	411,0	151,0	17,0	8,0	386,0	73,1316725978648
44060	Cañada de Benatanduz	2008	49,0	41,0	28,0	13,0	0,0	0,0	28,0	68,2926829268293
44060	Cañada de Benatanduz	2011	42,0	42,0	34,0	8,0	0,0	0,0	34,0	80,9523809523809
44060	Cañada de Benatanduz	2015	41,0	40,0	35,0	5,0	1,0	1,0	33,0	87,5
44060	Cañada de Benatanduz	2016	41,0	41,0	32,0	9,0	2,0	0,0	30,0	78,0487804878049
44060	Cañada de Benatanduz	2019	39,0	32,0	25,0	7,0	0,0	0,0	25,0	78,125
44061	Cañada de Verich (La)	2008	108,0	98,0	82,0	16,0	0,0	2,0	80,0	83,6734693877551
44061	Cañada de Verich (La)	2011	111,0	89,0	55,0	34,0	0,0	4,0	51,0	61,7977528089888
44061	Cañada de Verich (La)	2015	102,0	71,0	57,0	14,0	3,0	3,0	51,0	80,2816901408451
44061	Cañada de Verich (La)	2016	102,0	70,0	53,0	17,0	2,0	3,0	48,0	75,7142857142857
44061	Cañada de Verich (La)	2019	87,0	77,0	60,0	17,0	1,0	3,0	56,0	77,9220779220779
44062	Cañada Vellida	2008	45,0	43,0	42,0	1,0	0,0	1,0	41,0	97,6744186046512
44062	Cañada Vellida	2011	42,0	38,0	35,0	3,0	1,0	0,0	34,0	92,1052631578947
44062	Cañada Vellida	2015	37,0	35,0	35,0	0,0	2,0	1,0	32,0	100,0
44062	Cañada Vellida	2016	36,0	34,0	25,0	9,0	2,0	0,0	23,0	73,5294117647059
44062	Cañada Vellida	2019	35,0	31,0	20,0	11,0	1,0	1,0	18,0	64,5161290322581
44063	Cañizar del Olivar	2008	112,0	74,0	57,0	17,0	0,0	0,0	57,0	77,027027027027
44063	Cañizar del Olivar	2011	109,0	82,0	54,0	28,0	2,0	4,0	48,0	65,8536585365854
44063	Cañizar del Olivar	2015	99,0	78,0	61,0	17,0	0,0	2,0	59,0	78,2051282051282
44063	Cañizar del Olivar	2016	103,0	71,0	54,0	17,0	1,0	3,0	50,0	76,056338028169
44063	Cañizar del Olivar	2019	98,0	63,0	51,0	12,0	0,0	1,0	50,0	80,9523809523809
44064	Cascante del Río	2008	96,0	83,0	51,0	32,0	4,0	0,0	47,0	61,4457831325301
44064	Cascante del Río	2011	79,0	93,0	63,0	30,0	2,0	1,0	60,0	67,741935483871
44064	Cascante del Río	2015	82,0	70,0	51,0	19,0	0,0	1,0	50,0	72,8571428571429
44064	Cascante del Río	2016	80,0	69,0	49,0	20,0	1,0	0,0	48,0	71,0144927536232
44064	Cascante del Río	2019	71,0	62,0	47,0	15,0	2,0	0,0	45,0	75,8064516129032
44065	Castejón de Tornos	2008	73,0	65,0	48,0	17,0	0,0	1,0	47,0	73,8461538461538
44065	Castejón de Tornos	2011	70,0	60,0	40,0	20,0	0,0	0,0	40,0	66,6666666666667
44065	Castejón de Tornos	2015	63,0	55,0	36,0	19,0	1,0	0,0	35,0	65,4545454545454
44065	Castejón de Tornos	2016	60,0	60,0	40,0	20,0	0,0	0,0	40,0	66,6666666666667
44065	Castejón de Tornos	2019	62,0	55,0	33,0	22,0	1,0	0,0	32,0	60,0
44066	Castel de Cabra	2008	151,0	128,0	97,0	31,0	2,0	1,0	94,0	75,78125
44066	Castel de Cabra	2011	140,0	121,0	87,0	34,0	0,0	1,0	86,0	71,900826446281
44066	Castel de Cabra	2015	128,0	110,0	83,0	27,0	0,0	8,0	75,0	75,4545454545454
44066	Castel de Cabra	2016	122,0	108,0	79,0	29,0	3,0	2,0	74,0	73,1481481481481
44066	Castel de Cabra	2019	104,0	85,0	62,0	23,0	1,0	1,0	60,0	72,9411764705882
44067	Castelnou	2008	123,0	108,0	85,0	23,0	1,0	0,0	84,0	78,7037037037037
44067	Castelnou	2011	120,0	132,0	88,0	44,0	5,0	5,0	78,0	66,6666666666667
44067	Castelnou	2015	140,0	117,0	78,0	39,0	3,0	4,0	71,0	66,6666666666667
44067	Castelnou	2016	142,0	114,0	79,0	35,0	2,0	6,0	71,0	69,2982456140351
44067	Castelnou	2019	160,0	106,0	75,0	31,0	4,0	1,0	70,0	70,7547169811321
44068	Castelserás	2008	839,0	705,0	579,0	126,0	6,0	8,0	565,0	82,1276595744681
44068	Castelserás	2011	831,0	690,0	541,0	149,0	21,0	23,0	497,0	78,4057971014493
44068	Castelserás	2015	830,0	664,0	515,0	149,0	15,0	19,0	481,0	77,5602409638554
44068	Castelserás	2016	840,0	659,0	501,0	158,0	21,0	16,0	464,0	76,0242792109256
44068	Castelserás	2019	831,0	634,0	493,0	141,0	9,0	11,0	473,0	77,7602523659306
44070	Castellar (El)	2008	76,0	71,0	56,0	15,0	2,0	0,0	54,0	78,8732394366197
44070	Castellar (El)	2011	68,0	62,0	47,0	15,0	2,0	0,0	45,0	75,8064516129032
44070	Castellar (El)	2015	60,0	55,0	47,0	8,0	0,0	2,0	45,0	85,4545454545454
44070	Castellar (El)	2016	58,0	53,0	48,0	5,0	3,0	0,0	45,0	90,5660377358491
44070	Castellar (El)	2019	52,0	55,0	49,0	6,0	0,0	0,0	49,0	89,0909090909091
44071	Castellote	2008	819,0	648,0	470,0	178,0	20,0	6,0	444,0	72,5308641975309
44071	Castellote	2011	804,0	657,0	453,0	204,0	16,0	27,0	410,0	68,9497716894977
44071	Castellote	2015	754,0	599,0	430,0	169,0	13,0	23,0	394,0	71,7863105175292
44071	Castellote	2016	728,0	591,0	393,0	198,0	7,0	11,0	375,0	66,497461928934
44071	Castellote	2019	676,0	585,0	419,0	166,0	4,0	8,0	407,0	71,6239316239316
44074	Cedrillas	2008	569,0	436,0	370,0	66,0	8,0	13,0	349,0	84,8623853211009
44074	Cedrillas	2011	623,0	435,0	344,0	91,0	13,0	11,0	320,0	79,0804597701149
44074	Cedrillas	2015	619,0	430,0	336,0	94,0	24,0	13,0	299,0	78,1395348837209
44074	Cedrillas	2016	619,0	429,0	332,0	97,0	17,0	10,0	305,0	77,3892773892774
44074	Cedrillas	2019	630,0	440,0	313,0	127,0	7,0	4,0	302,0	71,1363636363636
44075	Celadas	2008	405,0	343,0	286,0	57,0	9,0	3,0	274,0	83,3819241982507
44075	Celadas	2011	440,0	329,0	248,0	81,0	7,0	6,0	235,0	75,3799392097264
44075	Celadas	2015	399,0	324,0	254,0	70,0	10,0	13,0	231,0	78,3950617283951
44075	Celadas	2016	398,0	323,0	248,0	75,0	8,0	3,0	237,0	76,7801857585139
44075	Celadas	2019	396,0	321,0	253,0	68,0	5,0	5,0	243,0	78,816199376947
44076	Cella	2008	3002,0	2382,0	2032,0	350,0	47,0	29,0	1956,0	85,3064651553317
44076	Cella	2011	2951,0	2338,0	1837,0	501,0	78,0	84,0	1675,0	78,5714285714286
44076	Cella	2015	2818,0	2234,0	1762,0	472,0	85,0	53,0	1624,0	78,8719785138764
44076	Cella	2016	2776,0	2203,0	1688,0	515,0	56,0	42,0	1590,0	76,6227871084884
44076	Cella	2019	2606,0	2089,0	1574,0	515,0	25,0	21,0	1528,0	75,3470560076592
44077	Cerollera (La)	2008	124,0	78,0	64,0	14,0	0,0	1,0	63,0	82,051282051282
44077	Cerollera (La)	2011	113,0	80,0	62,0	18,0	0,0	0,0	62,0	77,5
44077	Cerollera (La)	2015	106,0	75,0	58,0	17,0	2,0	2,0	54,0	77,3333333333333
44077	Cerollera (La)	2016	106,0	74,0	60,0	14,0	1,0	0,0	59,0	81,0810810810811
44077	Cerollera (La)	2019	100,0	68,0	52,0	16,0	2,0	1,0	49,0	76,4705882352941
44080	Codoñera (La)	2008	361,0	295,0	248,0	47,0	8,0	2,0	238,0	84,0677966101695
44080	Codoñera (La)	2011	397,0	294,0	213,0	81,0	13,0	13,0	187,0	72,4489795918367
44080	Codoñera (La)	2015	374,0	292,0	217,0	75,0	11,0	12,0	194,0	74,3150684931507
44080	Codoñera (La)	2016	365,0	292,0	224,0	68,0	10,0	17,0	197,0	76,7123287671233
44080	Codoñera (La)	2019	344,0	281,0	199,0	82,0	7,0	2,0	190,0	70,8185053380783
44082	Corbalán	2008	94,0	82,0	61,0	21,0	2,0	2,0	57,0	74,390243902439
44082	Corbalán	2011	99,0	90,0	67,0	23,0	4,0	4,0	59,0	74,4444444444444
44082	Corbalán	2015	106,0	91,0	66,0	25,0	4,0	4,0	58,0	72,5274725274725
44082	Corbalán	2016	110,0	89,0	74,0	15,0	3,0	3,0	68,0	83,1460674157303
44082	Corbalán	2019	109,0	84,0	64,0	20,0	1,0	2,0	61,0	76,1904761904762
44084	Cortes de Aragón	2008	91,0	78,0	59,0	19,0	0,0	1,0	58,0	75,6410256410256
44084	Cortes de Aragón	2011	75,0	63,0	51,0	12,0	1,0	4,0	46,0	80,9523809523809
44084	Cortes de Aragón	2015	61,0	55,0	45,0	10,0	0,0	2,0	43,0	81,8181818181818
44084	Cortes de Aragón	2016	58,0	54,0	41,0	13,0	0,0	1,0	40,0	75,9259259259259
44084	Cortes de Aragón	2019	61,0	54,0	46,0	8,0	0,0	1,0	45,0	85,1851851851852
44085	Cosa	2008	86,0	74,0	45,0	29,0	0,0	0,0	45,0	60,8108108108108
44085	Cosa	2011	64,0	61,0	38,0	23,0	0,0	3,0	35,0	62,2950819672131
44085	Cosa	2015	56,0	52,0	40,0	12,0	2,0	3,0	35,0	76,9230769230769
44085	Cosa	2016	57,0	52,0	35,0	17,0	0,0	0,0	35,0	67,3076923076923
44085	Cosa	2019	52,0	49,0	29,0	20,0	0,0	0,0	29,0	59,1836734693878
44086	Cretas	2008	636,0	519,0	431,0	88,0	19,0	8,0	404,0	83,0443159922929
44086	Cretas	2011	618,0	485,0	379,0	106,0	10,0	20,0	349,0	78,1443298969072
44086	Cretas	2015	601,0	453,0	354,0	99,0	23,0	14,0	317,0	78,1456953642384
44086	Cretas	2016	573,0	449,0	337,0	112,0	23,0	3,0	311,0	75,0556792873051
44086	Cretas	2019	571,0	410,0	302,0	108,0	6,0	4,0	292,0	73,6585365853659
44087	Crivillén	2008	107,0	98,0	86,0	12,0	2,0	0,0	84,0	87,7551020408163
44087	Crivillén	2011	93,0	98,0	87,0	11,0	0,0	1,0	86,0	88,7755102040816
44087	Crivillén	2015	75,0	81,0	70,0	11,0	0,0	6,0	64,0	86,4197530864198
44087	Crivillén	2016	74,0	80,0	69,0	11,0	4,0	6,0	59,0	86,25
44087	Crivillén	2019	68,0	67,0	52,0	15,0	1,0	0,0	51,0	77,6119402985075
44088	Cuba (La)	2008	63,0	41,0	37,0	4,0	0,0	2,0	35,0	90,2439024390244
44088	Cuba (La)	2011	52,0	32,0	31,0	1,0	0,0	1,0	30,0	96,875
44088	Cuba (La)	2015	45,0	30,0	26,0	4,0	0,0	3,0	23,0	86,6666666666667
44088	Cuba (La)	2016	37,0	29,0	21,0	8,0	0,0	1,0	20,0	72,4137931034483
44088	Cuba (La)	2019	41,0	24,0	23,0	1,0	0,0	0,0	23,0	95,8333333333333
44089	Cubla	2008	56,0	55,0	44,0	11,0	0,0	0,0	44,0	80,0
44089	Cubla	2011	61,0	57,0	50,0	7,0	1,0	2,0	47,0	87,719298245614
44089	Cubla	2015	55,0	46,0	42,0	4,0	0,0	3,0	39,0	91,3043478260869
44089	Cubla	2016	54,0	45,0	39,0	6,0	0,0	1,0	38,0	86,6666666666667
44089	Cubla	2019	54,0	49,0	41,0	8,0	1,0	1,0	39,0	83,6734693877551
44090	Cucalón	2008	106,0	87,0	68,0	19,0	0,0	0,0	68,0	78,1609195402299
44090	Cucalón	2011	102,0	84,0	71,0	13,0	0,0	4,0	67,0	84,5238095238095
44090	Cucalón	2015	103,0	82,0	57,0	25,0	1,0	0,0	56,0	69,5121951219512
44090	Cucalón	2016	104,0	78,0	53,0	25,0	0,0	0,0	53,0	67,9487179487179
44090	Cucalón	2019	80,0	66,0	49,0	17,0	0,0	0,0	49,0	74,2424242424242
44092	Cuervo (El)	2008	117,0	103,0	75,0	28,0	2,0	1,0	72,0	72,8155339805825
44092	Cuervo (El)	2011	107,0	89,0	68,0	21,0	0,0	2,0	66,0	76,4044943820225
44092	Cuervo (El)	2015	85,0	80,0	56,0	24,0	1,0	0,0	55,0	70,0
44092	Cuervo (El)	2016	87,0	81,0	61,0	20,0	1,0	1,0	59,0	75,3086419753086
44092	Cuervo (El)	2019	86,0	70,0	53,0	17,0	2,0	0,0	51,0	75,7142857142857
44093	Cuevas de Almudén	2008	117,0	84,0	71,0	13,0	6,0	1,0	64,0	84,5238095238095
44093	Cuevas de Almudén	2011	133,0	86,0	59,0	27,0	6,0	10,0	43,0	68,6046511627907
44093	Cuevas de Almudén	2015	145,0	76,0	55,0	21,0	0,0	0,0	55,0	72,3684210526316
44093	Cuevas de Almudén	2016	140,0	80,0	65,0	15,0	2,0	4,0	59,0	81,25
44093	Cuevas de Almudén	2019	122,0	78,0	62,0	16,0	0,0	3,0	59,0	79,4871794871795
44094	Cuevas Labradas	2008	146,0	134,0	116,0	18,0	5,0	4,0	107,0	86,5671641791045
44094	Cuevas Labradas	2011	141,0	116,0	105,0	11,0	3,0	8,0	94,0	90,5172413793103
44094	Cuevas Labradas	2015	127,0	113,0	102,0	11,0	3,0	4,0	95,0	90,2654867256637
44094	Cuevas Labradas	2016	123,0	113,0	97,0	16,0	6,0	2,0	89,0	85,8407079646018
44094	Cuevas Labradas	2019	131,0	127,0	103,0	24,0	1,0	1,0	101,0	81,1023622047244
44096	Ejulve	2008	222,0	175,0	144,0	31,0	0,0	6,0	138,0	82,2857142857143
44096	Ejulve	2011	198,0	173,0	139,0	34,0	8,0	9,0	122,0	80,3468208092485
44096	Ejulve	2015	194,0	161,0	140,0	21,0	5,0	4,0	131,0	86,9565217391304
44096	Ejulve	2016	200,0	161,0	137,0	24,0	6,0	7,0	124,0	85,0931677018634
44096	Ejulve	2019	180,0	155,0	115,0	40,0	1,0	2,0	112,0	74,1935483870968
44097	Escorihuela	2008	198,0	181,0	143,0	38,0	14,0	3,0	126,0	79,0055248618784
44097	Escorihuela	2011	185,0	158,0	97,0	61,0	3,0	4,0	90,0	61,3924050632911
44097	Escorihuela	2015	160,0	147,0	88,0	59,0	2,0	3,0	83,0	59,8639455782313
44097	Escorihuela	2016	158,0	142,0	90,0	52,0	0,0	4,0	86,0	63,3802816901408
44097	Escorihuela	2019	139,0	126,0	74,0	52,0	0,0	0,0	74,0	58,7301587301587
44099	Escucha	2008	1073,0	781,0	582,0	199,0	13,0	11,0	558,0	74,5198463508323
44099	Escucha	2011	1015,0	724,0	517,0	207,0	16,0	13,0	488,0	71,4088397790055
44099	Escucha	2015	981,0	708,0	497,0	211,0	16,0	10,0	471,0	70,1977401129944
44099	Escucha	2016	953,0	709,0	460,0	249,0	10,0	7,0	443,0	64,8801128349788
44099	Escucha	2019	885,0	644,0	421,0	223,0	5,0	4,0	412,0	65,3726708074534
44100	Estercuel	2008	262,0	209,0	173,0	36,0	2,0	0,0	171,0	82,7751196172249
44100	Estercuel	2011	271,0	200,0	147,0	53,0	6,0	1,0	140,0	73,5
44100	Estercuel	2015	230,0	187,0	154,0	33,0	4,0	4,0	146,0	82,3529411764706
44100	Estercuel	2016	229,0	185,0	150,0	35,0	2,0	2,0	146,0	81,0810810810811
44100	Estercuel	2019	210,0	177,0	136,0	41,0	1,0	1,0	134,0	76,8361581920904
44101	Ferreruela de Huerva	2008	73,0	67,0	56,0	11,0	2,0	1,0	53,0	83,5820895522388
44101	Ferreruela de Huerva	2011	74,0	60,0	47,0	13,0	1,0	3,0	43,0	78,3333333333333
44101	Ferreruela de Huerva	2015	64,0	59,0	42,0	17,0	1,0	4,0	37,0	71,1864406779661
44101	Ferreruela de Huerva	2016	69,0	58,0	45,0	13,0	0,0	2,0	43,0	77,5862068965517
44101	Ferreruela de Huerva	2019	63,0	55,0	41,0	14,0	1,0	2,0	38,0	74,5454545454545
44102	Fonfría	2008	27,0	28,0	26,0	2,0	1,0	0,0	25,0	92,8571428571429
44102	Fonfría	2011	30,0	30,0	29,0	1,0	1,0	0,0	28,0	96,6666666666667
44102	Fonfría	2015	30,0	31,0	25,0	6,0	0,0	0,0	25,0	80,6451612903226
44102	Fonfría	2016	31,0	30,0	27,0	3,0	1,0	0,0	26,0	90,0
44102	Fonfría	2019	28,0	26,0	19,0	7,0	0,0	0,0	19,0	73,0769230769231
44103	Formiche Alto	2008	190,0	145,0	118,0	27,0	1,0	5,0	112,0	81,3793103448276
44103	Formiche Alto	2011	190,0	128,0	95,0	33,0	1,0	1,0	93,0	74,21875
44103	Formiche Alto	2015	168,0	130,0	104,0	26,0	2,0	3,0	99,0	80,0
44103	Formiche Alto	2016	180,0	132,0	100,0	32,0	0,0	2,0	98,0	75,7575757575758
44103	Formiche Alto	2019	151,0	122,0	96,0	26,0	0,0	6,0	90,0	78,6885245901639
44105	Fórnoles	2008	104,0	86,0	68,0	18,0	2,0	1,0	65,0	79,0697674418605
44105	Fórnoles	2011	103,0	82,0	62,0	20,0	2,0	4,0	56,0	75,609756097561
44105	Fórnoles	2015	78,0	80,0	60,0	20,0	0,0	2,0	58,0	75,0
44105	Fórnoles	2016	86,0	82,0	62,0	20,0	1,0	1,0	60,0	75,609756097561
44105	Fórnoles	2019	75,0	68,0	53,0	15,0	0,0	0,0	53,0	77,9411764705882
44106	Fortanete	2008	208,0	178,0	128,0	50,0	5,0	3,0	120,0	71,9101123595506
44106	Fortanete	2011	224,0	173,0	132,0	41,0	7,0	19,0	106,0	76,3005780346821
44106	Fortanete	2015	201,0	159,0	127,0	32,0	3,0	11,0	113,0	79,874213836478
44106	Fortanete	2016	203,0	155,0	116,0	39,0	1,0	13,0	102,0	74,8387096774194
44106	Fortanete	2019	205,0	151,0	106,0	45,0	1,0	1,0	104,0	70,1986754966887
44107	Foz-Calanda	2008	289,0	234,0	179,0	55,0	2,0	2,0	175,0	76,4957264957265
44107	Foz-Calanda	2011	296,0	233,0	161,0	72,0	12,0	5,0	144,0	69,0987124463519
44107	Foz-Calanda	2015	269,0	216,0	156,0	60,0	7,0	6,0	143,0	72,2222222222222
44107	Foz-Calanda	2016	269,0	218,0	145,0	73,0	6,0	6,0	133,0	66,5137614678899
44107	Foz-Calanda	2019	238,0	212,0	133,0	79,0	0,0	1,0	132,0	62,7358490566038
44108	Fresneda (La)	2008	472,0	359,0	285,0	74,0	18,0	1,0	266,0	79,3871866295265
44108	Fresneda (La)	2011	511,0	352,0	227,0	125,0	15,0	10,0	202,0	64,4886363636364
44108	Fresneda (La)	2015	468,0	331,0	234,0	97,0	10,0	24,0	200,0	70,6948640483384
44108	Fresneda (La)	2016	474,0	320,0	216,0	104,0	9,0	3,0	204,0	67,5
44108	Fresneda (La)	2019	443,0	306,0	207,0	99,0	11,0	3,0	193,0	67,6470588235294
44109	Frías de Albarracín	2008	175,0	152,0	95,0	57,0	3,0	1,0	91,0	62,5
44109	Frías de Albarracín	2011	156,0	123,0	86,0	37,0	3,0	2,0	81,0	69,9186991869919
44109	Frías de Albarracín	2015	144,0	110,0	76,0	34,0	0,0	3,0	73,0	69,0909090909091
44109	Frías de Albarracín	2016	131,0	108,0	72,0	36,0	1,0	1,0	70,0	66,6666666666667
44109	Frías de Albarracín	2019	116,0	99,0	64,0	35,0	1,0	0,0	63,0	64,6464646464646
44110	Fuenferrada	2008	42,0	39,0	28,0	11,0	0,0	0,0	28,0	71,7948717948718
44110	Fuenferrada	2011	37,0	57,0	45,0	12,0	2,0	2,0	41,0	78,9473684210526
44110	Fuenferrada	2015	62,0	52,0	46,0	6,0	2,0	0,0	44,0	88,4615384615385
44110	Fuenferrada	2016	57,0	49,0	42,0	7,0	2,0	1,0	39,0	85,7142857142857
44110	Fuenferrada	2019	42,0	37,0	30,0	7,0	0,0	0,0	30,0	81,0810810810811
44111	Fuentes Calientes	2008	118,0	106,0	81,0	25,0	2,0	1,0	78,0	76,4150943396226
44111	Fuentes Calientes	2011	119,0	101,0	68,0	33,0	0,0	3,0	65,0	67,3267326732673
44111	Fuentes Calientes	2015	111,0	92,0	69,0	23,0	1,0	2,0	66,0	75,0
44111	Fuentes Calientes	2016	93,0	92,0	68,0	24,0	3,0	0,0	65,0	73,9130434782609
44111	Fuentes Calientes	2019	101,0	78,0	61,0	17,0	0,0	0,0	61,0	78,2051282051282
44112	Fuentes Claras	2008	605,0	510,0	404,0	106,0	21,0	7,0	376,0	79,2156862745098
44112	Fuentes Claras	2011	590,0	473,0	351,0	122,0	9,0	2,0	340,0	74,2071881606765
44112	Fuentes Claras	2015	531,0	426,0	285,0	141,0	14,0	26,0	245,0	66,9014084507042
44112	Fuentes Claras	2016	528,0	429,0	280,0	149,0	8,0	21,0	251,0	65,2680652680653
44112	Fuentes Claras	2019	461,0	400,0	263,0	137,0	7,0	3,0	253,0	65,75
44113	Fuentes de Rubielos	2008	124,0	77,0	52,0	25,0	3,0	0,0	49,0	67,5324675324675
44113	Fuentes de Rubielos	2011	127,0	79,0	58,0	21,0	3,0	1,0	54,0	73,4177215189873
44113	Fuentes de Rubielos	2015	121,0	72,0	50,0	22,0	1,0	0,0	49,0	69,4444444444444
44113	Fuentes de Rubielos	2016	121,0	71,0	51,0	20,0	3,0	0,0	48,0	71,830985915493
44113	Fuentes de Rubielos	2019	114,0	74,0	51,0	23,0	0,0	0,0	51,0	68,9189189189189
44114	Fuentespalda	2008	342,0	284,0	230,0	54,0	4,0	8,0	218,0	80,9859154929577
44114	Fuentespalda	2011	341,0	254,0	197,0	57,0	14,0	8,0	175,0	77,5590551181102
44114	Fuentespalda	2015	299,0	244,0	186,0	58,0	3,0	5,0	178,0	76,2295081967213
44114	Fuentespalda	2016	285,0	243,0	178,0	65,0	4,0	10,0	164,0	73,2510288065843
44114	Fuentespalda	2019	286,0	233,0	161,0	72,0	2,0	2,0	157,0	69,0987124463519
44115	Galve	2008	136,0	118,0	102,0	16,0	4,0	0,0	98,0	86,4406779661017
44115	Galve	2011	154,0	121,0	100,0	21,0	0,0	0,0	100,0	82,6446280991735
44115	Galve	2015	164,0	106,0	93,0	13,0	1,0	3,0	89,0	87,7358490566038
44115	Galve	2016	167,0	102,0	90,0	12,0	2,0	4,0	84,0	88,235294117647
44115	Galve	2019	161,0	102,0	91,0	11,0	3,0	0,0	88,0	89,2156862745098
44116	Gargallo	2008	105,0	87,0	74,0	13,0	2,0	2,0	70,0	85,0574712643678
44116	Gargallo	2011	118,0	96,0	68,0	28,0	2,0	13,0	53,0	70,8333333333333
44116	Gargallo	2015	110,0	83,0	67,0	16,0	3,0	6,0	58,0	80,7228915662651
44116	Gargallo	2016	103,0	83,0	60,0	23,0	0,0	3,0	57,0	72,289156626506
44116	Gargallo	2019	89,0	75,0	58,0	17,0	0,0	1,0	57,0	77,3333333333333
44117	Gea de Albarracín	2008	457,0	382,0	317,0	65,0	13,0	5,0	299,0	82,9842931937173
44117	Gea de Albarracín	2011	430,0	357,0	277,0	80,0	6,0	23,0	248,0	77,5910364145658
44117	Gea de Albarracín	2015	397,0	347,0	275,0	72,0	14,0	15,0	246,0	79,2507204610951
44117	Gea de Albarracín	2016	387,0	340,0	270,0	70,0	13,0	13,0	244,0	79,4117647058824
44117	Gea de Albarracín	2019	376,0	327,0	258,0	69,0	7,0	5,0	246,0	78,8990825688073
44118	Ginebrosa (La)	2008	239,0	192,0	154,0	38,0	4,0	2,0	148,0	80,2083333333333
44118	Ginebrosa (La)	2011	229,0	183,0	124,0	59,0	2,0	3,0	119,0	67,7595628415301
44118	Ginebrosa (La)	2015	206,0	165,0	127,0	38,0	6,0	4,0	117,0	76,969696969697
44118	Ginebrosa (La)	2016	203,0	164,0	132,0	32,0	3,0	11,0	118,0	80,4878048780488
44118	Ginebrosa (La)	2019	200,0	154,0	109,0	45,0	4,0	1,0	104,0	70,7792207792208
44119	Griegos	2008	144,0	129,0	96,0	33,0	6,0	3,0	87,0	74,4186046511628
44119	Griegos	2011	134,0	119,0	81,0	38,0	2,0	11,0	68,0	68,0672268907563
44119	Griegos	2015	142,0	135,0	83,0	52,0	8,0	6,0	69,0	61,4814814814815
44119	Griegos	2016	157,0	130,0	80,0	50,0	6,0	3,0	71,0	61,5384615384615
44119	Griegos	2019	143,0	116,0	79,0	37,0	3,0	2,0	74,0	68,1034482758621
44120	Guadalaviar	2008	270,0	228,0	146,0	82,0	6,0	3,0	137,0	64,0350877192982
44120	Guadalaviar	2011	243,0	217,0	124,0	93,0	8,0	20,0	96,0	57,1428571428571
44120	Guadalaviar	2015	248,0	222,0	138,0	84,0	3,0	10,0	125,0	62,1621621621622
44120	Guadalaviar	2016	247,0	222,0	150,0	72,0	6,0	13,0	131,0	67,5675675675676
44120	Guadalaviar	2019	242,0	219,0	143,0	76,0	4,0	2,0	137,0	65,296803652968
44121	Gúdar	2008	101,0	79,0	59,0	20,0	2,0	0,0	57,0	74,6835443037975
44121	Gúdar	2011	84,0	63,0	48,0	15,0	0,0	2,0	46,0	76,1904761904762
44121	Gúdar	2015	76,0	60,0	43,0	17,0	0,0	3,0	40,0	71,6666666666667
44121	Gúdar	2016	77,0	60,0	47,0	13,0	0,0	3,0	44,0	78,3333333333333
44121	Gúdar	2019	72,0	52,0	42,0	10,0	0,0	1,0	41,0	80,7692307692308
44122	Híjar	2008	1968,0	1523,0	1143,0	380,0	34,0	46,0	1063,0	75,0492449113592
44122	Híjar	2011	1899,0	1441,0	1002,0	439,0	44,0	59,0	899,0	69,5350451075642
44122	Híjar	2015	1763,0	1356,0	957,0	399,0	33,0	43,0	881,0	70,5752212389381
44122	Híjar	2016	1761,0	1333,0	918,0	415,0	25,0	32,0	861,0	68,8672168042011
44122	Híjar	2019	1709,0	1277,0	926,0	351,0	16,0	19,0	891,0	72,5137039937353
44123	Hinojosa de Jarque	2008	157,0	130,0	95,0	35,0	1,0	0,0	94,0	73,0769230769231
44123	Hinojosa de Jarque	2011	151,0	117,0	79,0	38,0	1,0	4,0	74,0	67,5213675213675
44123	Hinojosa de Jarque	2015	136,0	105,0	68,0	37,0	2,0	1,0	65,0	64,7619047619048
44123	Hinojosa de Jarque	2016	136,0	105,0	71,0	34,0	3,0	1,0	67,0	67,6190476190476
44123	Hinojosa de Jarque	2019	119,0	95,0	68,0	27,0	0,0	0,0	68,0	71,5789473684211
44124	Hoz de la Vieja (La)	2008	96,0	95,0	69,0	26,0	0,0	0,0	69,0	72,6315789473684
44124	Hoz de la Vieja (La)	2011	88,0	88,0	63,0	25,0	4,0	5,0	54,0	71,5909090909091
44124	Hoz de la Vieja (La)	2015	81,0	78,0	59,0	19,0	3,0	3,0	53,0	75,6410256410256
44124	Hoz de la Vieja (La)	2016	82,0	77,0	61,0	16,0	2,0	3,0	56,0	79,2207792207792
44124	Hoz de la Vieja (La)	2019	85,0	71,0	55,0	16,0	0,0	0,0	55,0	77,4647887323944
44125	Huesa del Común	2008	105,0	92,0	67,0	25,0	2,0	2,0	63,0	72,8260869565217
44125	Huesa del Común	2011	90,0	78,0	57,0	21,0	1,0	2,0	54,0	73,0769230769231
44125	Huesa del Común	2015	73,0	65,0	39,0	26,0	3,0	0,0	36,0	60,0
44125	Huesa del Común	2016	73,0	61,0	44,0	17,0	0,0	0,0	44,0	72,1311475409836
44125	Huesa del Común	2019	67,0	63,0	41,0	22,0	0,0	0,0	41,0	65,0793650793651
44126	Iglesuela del Cid (La)	2008	491,0	365,0	303,0	62,0	17,0	4,0	282,0	83,013698630137
44126	Iglesuela del Cid (La)	2011	505,0	344,0	246,0	98,0	13,0	14,0	219,0	71,5116279069767
44126	Iglesuela del Cid (La)	2015	462,0	334,0	236,0	98,0	10,0	11,0	215,0	70,6586826347305
44126	Iglesuela del Cid (La)	2016	432,0	329,0	228,0	101,0	9,0	8,0	211,0	69,3009118541033
44126	Iglesuela del Cid (La)	2019	414,0	314,0	219,0	95,0	3,0	1,0	215,0	69,7452229299363
44127	Jabaloyas	2008	85,0	80,0	62,0	18,0	1,0	1,0	60,0	77,5
44127	Jabaloyas	2011	81,0	79,0	62,0	17,0	2,0	6,0	54,0	78,4810126582278
44127	Jabaloyas	2015	73,0	73,0	51,0	22,0	0,0	2,0	49,0	69,8630136986301
44127	Jabaloyas	2016	77,0	68,0	51,0	17,0	3,0	0,0	48,0	75,0
44127	Jabaloyas	2019	65,0	57,0	43,0	14,0	1,0	0,0	42,0	75,4385964912281
44128	Jarque de la Val	2008	97,0	90,0	67,0	23,0	2,0	2,0	63,0	74,4444444444444
44128	Jarque de la Val	2011	90,0	84,0	51,0	33,0	0,0	5,0	46,0	60,7142857142857
44128	Jarque de la Val	2015	82,0	69,0	47,0	22,0	1,0	4,0	42,0	68,1159420289855
44128	Jarque de la Val	2016	78,0	68,0	54,0	14,0	1,0	4,0	49,0	79,4117647058824
44128	Jarque de la Val	2019	70,0	58,0	39,0	19,0	2,0	2,0	35,0	67,2413793103448
44129	Jatiel	2008	55,0	53,0	46,0	7,0	0,0	0,0	46,0	86,7924528301887
44129	Jatiel	2011	52,0	44,0	34,0	10,0	0,0	0,0	34,0	77,2727272727273
44129	Jatiel	2015	48,0	41,0	34,0	7,0	0,0	3,0	31,0	82,9268292682927
44129	Jatiel	2016	48,0	39,0	32,0	7,0	0,0	0,0	32,0	82,051282051282
44129	Jatiel	2019	40,0	35,0	28,0	7,0	0,0	2,0	26,0	80,0
44130	Jorcas	2008	46,0	44,0	35,0	9,0	3,0	1,0	31,0	79,5454545454545
44130	Jorcas	2011	43,0	38,0	27,0	11,0	0,0	0,0	27,0	71,0526315789474
44130	Jorcas	2015	37,0	34,0	24,0	10,0	0,0	0,0	24,0	70,5882352941176
44130	Jorcas	2016	41,0	34,0	24,0	10,0	0,0	0,0	24,0	70,5882352941176
44130	Jorcas	2019	34,0	28,0	23,0	5,0	0,0	0,0	23,0	82,1428571428571
44131	Josa	2008	35,0	23,0	18,0	5,0	0,0	0,0	18,0	78,2608695652174
44131	Josa	2011	34,0	26,0	20,0	6,0	0,0	0,0	20,0	76,9230769230769
44131	Josa	2015	36,0	26,0	20,0	6,0	0,0	0,0	20,0	76,9230769230769
44131	Josa	2016	36,0	25,0	20,0	5,0	1,0	0,0	19,0	80,0
44131	Josa	2019	34,0	26,0	22,0	4,0	0,0	0,0	22,0	84,6153846153846
44132	Lagueruela	2008	65,0	65,0	56,0	9,0	5,0	0,0	51,0	86,1538461538462
44132	Lagueruela	2011	62,0	64,0	56,0	8,0	1,0	0,0	55,0	87,5
44132	Lagueruela	2015	78,0	61,0	50,0	11,0	0,0	4,0	46,0	81,9672131147541
44132	Lagueruela	2016	81,0	60,0	54,0	6,0	1,0	1,0	52,0	90,0
44132	Lagueruela	2019	78,0	54,0	49,0	5,0	2,0	0,0	47,0	90,7407407407408
44133	Lanzuela	2008	26,0	23,0	18,0	5,0	0,0	0,0	18,0	78,2608695652174
44133	Lanzuela	2011	25,0	21,0	16,0	5,0	1,0	0,0	15,0	76,1904761904762
44133	Lanzuela	2015	30,0	23,0	17,0	6,0	1,0	0,0	16,0	73,9130434782609
44133	Lanzuela	2016	29,0	21,0	14,0	7,0	0,0	1,0	13,0	66,6666666666667
44133	Lanzuela	2019	24,0	15,0	12,0	3,0	0,0	0,0	12,0	80,0
44135	Libros	2008	145,0	139,0	106,0	33,0	3,0	3,0	100,0	76,2589928057554
44135	Libros	2011	153,0	149,0	110,0	39,0	2,0	10,0	98,0	73,8255033557047
44135	Libros	2015	129,0	115,0	89,0	26,0	4,0	4,0	81,0	77,3913043478261
44135	Libros	2016	124,0	113,0	88,0	25,0	0,0	2,0	86,0	77,8761061946903
44135	Libros	2019	101,0	99,0	73,0	26,0	0,0	1,0	72,0	73,7373737373737
44136	Lidón	2008	76,0	59,0	45,0	14,0	0,0	0,0	45,0	76,271186440678
44136	Lidón	2011	57,0	51,0	39,0	12,0	0,0	0,0	39,0	76,4705882352941
44136	Lidón	2015	54,0	49,0	42,0	7,0	0,0	1,0	41,0	85,7142857142857
44136	Lidón	2016	52,0	49,0	43,0	6,0	1,0	1,0	41,0	87,7551020408163
44136	Lidón	2019	55,0	48,0	43,0	5,0	0,0	1,0	42,0	89,5833333333333
44137	Linares de Mora	2008	309,0	236,0	178,0	58,0	7,0	1,0	170,0	75,4237288135593
44137	Linares de Mora	2011	313,0	215,0	165,0	50,0	4,0	8,0	153,0	76,7441860465116
44137	Linares de Mora	2015	274,0	205,0	157,0	48,0	3,0	10,0	144,0	76,5853658536585
44137	Linares de Mora	2016	287,0	193,0	147,0	46,0	2,0	3,0	142,0	76,1658031088083
44137	Linares de Mora	2019	249,0	187,0	137,0	50,0	1,0	0,0	136,0	73,2620320855615
44138	Loscos	2008	190,0	175,0	122,0	53,0	2,0	1,0	119,0	69,7142857142857
44138	Loscos	2011	177,0	158,0	106,0	52,0	0,0	3,0	103,0	67,0886075949367
44138	Loscos	2015	154,0	140,0	75,0	65,0	3,0	2,0	70,0	53,5714285714286
44138	Loscos	2016	151,0	135,0	92,0	43,0	6,0	1,0	85,0	68,1481481481481
44138	Loscos	2019	129,0	120,0	88,0	32,0	1,0	2,0	85,0	73,3333333333333
44141	Lledó	2008	184,0	157,0	124,0	33,0	3,0	0,0	121,0	78,9808917197452
44141	Lledó	2011	170,0	147,0	98,0	49,0	8,0	4,0	86,0	66,6666666666667
44141	Lledó	2015	169,0	135,0	105,0	30,0	2,0	1,0	102,0	77,7777777777778
44141	Lledó	2016	169,0	135,0	97,0	38,0	2,0	2,0	93,0	71,8518518518519
44141	Lledó	2019	172,0	122,0	87,0	35,0	6,0	2,0	79,0	71,3114754098361
44142	Maicas	2008	36,0	38,0	29,0	9,0	1,0	1,0	27,0	76,3157894736842
44142	Maicas	2011	42,0	39,0	28,0	11,0	1,0	1,0	26,0	71,7948717948718
44142	Maicas	2015	35,0	36,0	25,0	11,0	0,0	5,0	20,0	69,4444444444444
44142	Maicas	2016	36,0	35,0	27,0	8,0	0,0	1,0	26,0	77,1428571428571
44142	Maicas	2019	27,0	29,0	21,0	8,0	0,0	1,0	20,0	72,4137931034483
44143	Manzanera	2008	543,0	389,0	310,0	79,0	5,0	1,0	304,0	79,6915167095116
44143	Manzanera	2011	551,0	382,0	290,0	92,0	2,0	16,0	272,0	75,9162303664921
44143	Manzanera	2015	526,0	388,0	307,0	81,0	6,0	15,0	286,0	79,1237113402062
44143	Manzanera	2016	510,0	380,0	300,0	80,0	6,0	7,0	287,0	78,9473684210526
44143	Manzanera	2019	519,0	388,0	297,0	91,0	8,0	3,0	286,0	76,5463917525773
44144	Martín del Río	2008	467,0	352,0	270,0	82,0	2,0	4,0	264,0	76,7045454545454
44144	Martín del Río	2011	469,0	326,0	233,0	93,0	13,0	17,0	203,0	71,4723926380368
44144	Martín del Río	2015	437,0	351,0	254,0	97,0	9,0	8,0	237,0	72,3646723646724
44144	Martín del Río	2016	441,0	346,0	242,0	104,0	10,0	9,0	223,0	69,9421965317919
44144	Martín del Río	2019	417,0	319,0	224,0	95,0	14,0	3,0	207,0	70,2194357366771
44145	Mas de las Matas	2008	1462,0	1167,0	882,0	285,0	45,0	17,0	820,0	75,5784061696658
44145	Mas de las Matas	2011	1415,0	1078,0	713,0	365,0	27,0	67,0	619,0	66,1410018552876
44145	Mas de las Matas	2015	1324,0	1029,0	762,0	267,0	28,0	42,0	692,0	74,0524781341108
44145	Mas de las Matas	2016	1318,0	1020,0	709,0	311,0	18,0	33,0	658,0	69,5098039215686
44145	Mas de las Matas	2019	1272,0	974,0	690,0	284,0	11,0	11,0	668,0	70,8418891170431
44146	Mata de los Olmos (La)	2008	264,0	189,0	171,0	18,0	2,0	1,0	168,0	90,4761904761905
44146	Mata de los Olmos (La)	2011	289,0	185,0	160,0	25,0	2,0	9,0	149,0	86,4864864864865
44146	Mata de los Olmos (La)	2015	268,0	173,0	155,0	18,0	3,0	1,0	151,0	89,5953757225433
44146	Mata de los Olmos (La)	2016	261,0	174,0	153,0	21,0	1,0	4,0	148,0	87,9310344827586
44146	Mata de los Olmos (La)	2019	265,0	164,0	133,0	31,0	0,0	6,0	127,0	81,0975609756098
44147	Mazaleón	2008	593,0	459,0	347,0	112,0	19,0	10,0	318,0	75,599128540305
44147	Mazaleón	2011	586,0	439,0	313,0	126,0	13,0	20,0	280,0	71,2984054669704
44147	Mazaleón	2015	540,0	419,0	310,0	109,0	23,0	25,0	262,0	73,9856801909308
44147	Mazaleón	2016	534,0	412,0	296,0	116,0	17,0	14,0	265,0	71,8446601941747
44147	Mazaleón	2019	539,0	401,0	262,0	139,0	12,0	7,0	243,0	65,3366583541147
44148	Mezquita de Jarque	2008	129,0	100,0	72,0	28,0	1,0	2,0	69,0	72,0
44148	Mezquita de Jarque	2011	120,0	98,0	76,0	22,0	1,0	5,0	70,0	77,5510204081633
44148	Mezquita de Jarque	2015	117,0	93,0	76,0	17,0	3,0	5,0	68,0	81,7204301075269
44148	Mezquita de Jarque	2016	115,0	90,0	74,0	16,0	4,0	4,0	66,0	82,2222222222222
44148	Mezquita de Jarque	2019	98,0	74,0	56,0	18,0	2,0	0,0	54,0	75,6756756756757
44149	Mirambel	2008	131,0	109,0	109,0	0,0	3,0	2,0	104,0	100,0
44149	Mirambel	2011	125,0	106,0	82,0	24,0	2,0	7,0	73,0	77,3584905660377
44149	Mirambel	2015	117,0	99,0	71,0	28,0	0,0	6,0	65,0	71,7171717171717
44149	Mirambel	2016	119,0	103,0	78,0	25,0	1,0	6,0	71,0	75,7281553398058
44149	Mirambel	2019	116,0	99,0	74,0	25,0	0,0	7,0	67,0	74,7474747474747
44150	Miravete de la Sierra	2008	47,0	39,0	27,0	12,0	3,0	0,0	24,0	69,2307692307692
44150	Miravete de la Sierra	2011	38,0	30,0	30,0	0,0	0,0	0,0	30,0	100,0
44150	Miravete de la Sierra	2015	34,0	32,0	21,0	11,0	1,0	0,0	20,0	65,625
44150	Miravete de la Sierra	2016	29,0	28,0	21,0	7,0	1,0	1,0	19,0	75,0
44150	Miravete de la Sierra	2019	35,0	28,0	17,0	11,0	0,0	0,0	17,0	60,7142857142857
44151	Molinos	2008	316,0	239,0	183,0	56,0	2,0	0,0	181,0	76,5690376569038
44151	Molinos	2011	303,0	215,0	140,0	75,0	2,0	4,0	134,0	65,1162790697674
44151	Molinos	2015	264,0	191,0	142,0	49,0	3,0	4,0	135,0	74,3455497382199
44151	Molinos	2016	258,0	190,0	146,0	44,0	5,0	2,0	139,0	76,8421052631579
44151	Molinos	2019	243,0	180,0	131,0	49,0	1,0	2,0	128,0	72,7777777777778
44152	Monforte de Moyuela	2008	80,0	80,0	59,0	21,0	1,0	2,0	56,0	73,75
44152	Monforte de Moyuela	2011	69,0	62,0	50,0	12,0	0,0	7,0	43,0	80,6451612903226
44152	Monforte de Moyuela	2015	63,0	67,0	48,0	19,0	0,0	3,0	45,0	71,6417910447761
44152	Monforte de Moyuela	2016	66,0	64,0	46,0	18,0	1,0	0,0	45,0	71,875
44152	Monforte de Moyuela	2019	65,0	70,0	45,0	25,0	2,0	2,0	41,0	64,2857142857143
44153	Monreal del Campo	2008	2652,0	1894,0	1385,0	509,0	51,0	18,0	1316,0	73,1256599788807
44153	Monreal del Campo	2011	2765,0	1882,0	1272,0	610,0	50,0	72,0	1150,0	67,5876726886291
44153	Monreal del Campo	2015	2636,0	1812,0	1209,0	603,0	45,0	60,0	1104,0	66,7218543046358
44153	Monreal del Campo	2016	2611,0	1774,0	1130,0	644,0	42,0	29,0	1059,0	63,6978579481398
44153	Monreal del Campo	2019	2433,0	1733,0	1128,0	605,0	25,0	4,0	1099,0	65,0894402769763
44154	Monroyo	2008	338,0	276,0	208,0	68,0	2,0	4,0	202,0	75,3623188405797
44154	Monroyo	2011	379,0	271,0	193,0	78,0	10,0	17,0	166,0	71,2177121771218
44154	Monroyo	2015	364,0	261,0	192,0	69,0	8,0	5,0	179,0	73,5632183908046
44154	Monroyo	2016	360,0	256,0	188,0	68,0	6,0	9,0	173,0	73,4375
44154	Monroyo	2019	340,0	240,0	164,0	76,0	5,0	1,0	158,0	68,3333333333333
44155	Montalbán	2008	1492,0	1218,0	936,0	282,0	49,0	8,0	879,0	76,8472906403941
44155	Montalbán	2011	1408,0	1162,0	818,0	344,0	30,0	47,0	741,0	70,3958691910499
44155	Montalbán	2015	1335,0	1102,0	823,0	279,0	29,0	25,0	769,0	74,6823956442831
44155	Montalbán	2016	1327,0	1090,0	784,0	306,0	24,0	18,0	742,0	71,9266055045871
44155	Montalbán	2019	1243,0	1063,0	777,0	286,0	18,0	14,0	745,0	73,0950141110066
44156	Monteagudo del Castillo	2008	74,0	62,0	39,0	23,0	2,0	3,0	34,0	62,9032258064516
44156	Monteagudo del Castillo	2011	71,0	57,0	40,0	17,0	2,0	7,0	31,0	70,1754385964912
44156	Monteagudo del Castillo	2015	55,0	46,0	31,0	15,0	2,0	2,0	27,0	67,3913043478261
44156	Monteagudo del Castillo	2016	52,0	45,0	29,0	16,0	1,0	2,0	26,0	64,4444444444444
44156	Monteagudo del Castillo	2019	50,0	47,0	30,0	17,0	2,0	0,0	28,0	63,8297872340426
44157	Monterde de Albarracín	2008	53,0	70,0	52,0	18,0	0,0	0,0	52,0	74,2857142857143
44157	Monterde de Albarracín	2011	69,0	62,0	45,0	17,0	1,0	1,0	43,0	72,5806451612903
44157	Monterde de Albarracín	2015	73,0	65,0	41,0	24,0	0,0	2,0	39,0	63,0769230769231
44157	Monterde de Albarracín	2016	69,0	64,0	48,0	16,0	1,0	0,0	47,0	75,0
44157	Monterde de Albarracín	2019	63,0	61,0	37,0	24,0	1,0	1,0	35,0	60,655737704918
44158	Mora de Rubielos	2008	1615,0	1124,0	906,0	218,0	36,0	15,0	855,0	80,6049822064057
44158	Mora de Rubielos	2011	1706,0	1159,0	900,0	259,0	53,0	24,0	823,0	77,6531492666091
44158	Mora de Rubielos	2015	1612,0	1170,0	896,0	274,0	54,0	42,0	800,0	76,5811965811966
44158	Mora de Rubielos	2016	1585,0	1180,0	870,0	310,0	40,0	45,0	785,0	73,728813559322
44158	Mora de Rubielos	2019	1541,0	1153,0	872,0	281,0	23,0	22,0	827,0	75,6287944492628
44159	Moscardón	2008	60,0	49,0	40,0	9,0	0,0	0,0	40,0	81,6326530612245
44159	Moscardón	2011	71,0	47,0	43,0	4,0	0,0	1,0	42,0	91,4893617021277
44159	Moscardón	2015	60,0	39,0	34,0	5,0	1,0	2,0	31,0	87,1794871794872
44159	Moscardón	2016	58,0	38,0	28,0	10,0	0,0	1,0	27,0	73,6842105263158
44159	Moscardón	2019	55,0	37,0	27,0	10,0	0,0	1,0	26,0	72,972972972973
44160	Mosqueruela	2008	686,0	514,0	370,0	144,0	20,0	7,0	343,0	71,9844357976654
44160	Mosqueruela	2011	608,0	473,0	315,0	158,0	10,0	29,0	276,0	66,5961945031712
44160	Mosqueruela	2015	601,0	478,0	328,0	150,0	19,0	19,0	290,0	68,6192468619247
44160	Mosqueruela	2016	593,0	466,0	296,0	170,0	12,0	6,0	278,0	63,519313304721
44160	Mosqueruela	2019	551,0	438,0	285,0	153,0	4,0	9,0	272,0	65,0684931506849
44161	Muniesa	2008	725,0	531,0	422,0	109,0	10,0	1,0	411,0	79,4726930320151
44161	Muniesa	2011	669,0	487,0	362,0	125,0	17,0	15,0	330,0	74,3326488706366
44161	Muniesa	2015	638,0	447,0	322,0	125,0	15,0	8,0	299,0	72,0357941834452
44161	Muniesa	2016	635,0	443,0	308,0	135,0	12,0	7,0	289,0	69,5259593679458
44161	Muniesa	2019	599,0	428,0	291,0	137,0	6,0	4,0	281,0	67,9906542056075
44163	Noguera de Albarracín	2008	155,0	128,0	96,0	32,0	1,0	0,0	95,0	75,0
44163	Noguera de Albarracín	2011	134,0	119,0	91,0	28,0	4,0	3,0	84,0	76,4705882352941
44163	Noguera de Albarracín	2015	137,0	128,0	94,0	34,0	1,0	9,0	84,0	73,4375
44163	Noguera de Albarracín	2016	151,0	126,0	93,0	33,0	2,0	5,0	86,0	73,8095238095238
44163	Noguera de Albarracín	2019	133,0	115,0	78,0	37,0	2,0	0,0	76,0	67,8260869565217
44164	Nogueras	2008	32,0	30,0	24,0	6,0	0,0	0,0	24,0	80,0
44164	Nogueras	2011	35,0	32,0	25,0	7,0	0,0	0,0	25,0	78,125
44164	Nogueras	2015	30,0	26,0	21,0	5,0	2,0	0,0	19,0	80,7692307692308
44164	Nogueras	2016	29,0	27,0	23,0	4,0	0,0	0,0	23,0	85,1851851851852
44164	Nogueras	2019	25,0	19,0	16,0	3,0	0,0	1,0	15,0	84,2105263157895
44165	Nogueruelas	2008	273,0	208,0	165,0	43,0	5,0	1,0	159,0	79,3269230769231
44165	Nogueruelas	2011	237,0	182,0	141,0	41,0	4,0	5,0	132,0	77,4725274725275
44165	Nogueruelas	2015	214,0	184,0	151,0	33,0	6,0	7,0	138,0	82,0652173913043
44165	Nogueruelas	2016	207,0	175,0	131,0	44,0	6,0	8,0	117,0	74,8571428571429
44165	Nogueruelas	2019	217,0	168,0	124,0	44,0	0,0	1,0	123,0	73,8095238095238
44167	Obón	2008	67,0	54,0	44,0	10,0	1,0	0,0	43,0	81,4814814814815
44167	Obón	2011	36,0	41,0	31,0	10,0	0,0	0,0	31,0	75,609756097561
44167	Obón	2015	42,0	38,0	31,0	7,0	1,0	0,0	30,0	81,5789473684211
44167	Obón	2016	48,0	38,0	31,0	7,0	0,0	0,0	31,0	81,5789473684211
44167	Obón	2019	45,0	34,0	26,0	8,0	0,0	1,0	25,0	76,4705882352941
44168	Odón	2008	242,0	211,0	172,0	39,0	8,0	5,0	159,0	81,5165876777251
44168	Odón	2011	220,0	194,0	154,0	40,0	3,0	11,0	140,0	79,3814432989691
44168	Odón	2015	237,0	191,0	135,0	56,0	13,0	18,0	104,0	70,6806282722513
44168	Odón	2016	226,0	189,0	133,0	56,0	5,0	8,0	120,0	70,3703703703704
44168	Odón	2019	205,0	181,0	119,0	62,0	2,0	3,0	114,0	65,7458563535912
44169	Ojos Negros	2008	510,0	442,0	330,0	112,0	11,0	5,0	314,0	74,6606334841629
44169	Ojos Negros	2011	489,0	403,0	282,0	121,0	6,0	10,0	266,0	69,9751861042184
44169	Ojos Negros	2015	421,0	351,0	262,0	89,0	6,0	12,0	244,0	74,6438746438746
44169	Ojos Negros	2016	413,0	342,0	250,0	92,0	7,0	6,0	237,0	73,0994152046784
44169	Ojos Negros	2019	377,0	298,0	216,0	82,0	2,0	3,0	211,0	72,4832214765101
44171	Olba	2008	227,0	194,0	137,0	57,0	4,0	4,0	129,0	70,6185567010309
44171	Olba	2011	237,0	186,0	124,0	62,0	8,0	10,0	106,0	66,6666666666667
44171	Olba	2015	263,0	183,0	136,0	47,0	7,0	3,0	126,0	74,3169398907104
44171	Olba	2016	240,0	178,0	125,0	53,0	3,0	1,0	121,0	70,2247191011236
44171	Olba	2019	226,0	176,0	114,0	62,0	3,0	0,0	111,0	64,7727272727273
44172	Oliete	2008	490,0	372,0	293,0	79,0	14,0	1,0	278,0	78,7634408602151
44172	Oliete	2011	479,0	345,0	256,0	89,0	4,0	4,0	248,0	74,2028985507246
44172	Oliete	2015	422,0	310,0	215,0	95,0	4,0	8,0	203,0	69,3548387096774
44172	Oliete	2016	412,0	301,0	217,0	84,0	2,0	5,0	210,0	72,093023255814
44172	Oliete	2019	364,0	296,0	216,0	80,0	0,0	1,0	215,0	72,972972972973
44173	Olmos (Los)	2008	142,0	121,0	104,0	17,0	12,0	1,0	91,0	85,9504132231405
44173	Olmos (Los)	2011	128,0	107,0	105,0	2,0	7,0	11,0	87,0	98,1308411214953
44173	Olmos (Los)	2015	130,0	101,0	85,0	16,0	2,0	0,0	83,0	84,1584158415841
44173	Olmos (Los)	2016	127,0	101,0	81,0	20,0	3,0	4,0	74,0	80,1980198019802
44173	Olmos (Los)	2019	122,0	103,0	81,0	22,0	4,0	0,0	77,0	78,6407766990291
44174	Orihuela del Tremedal	2008	582,0	437,0	330,0	107,0	10,0	3,0	317,0	75,5148741418764
44174	Orihuela del Tremedal	2011	564,0	435,0	307,0	128,0	4,0	14,0	289,0	70,5747126436782
44174	Orihuela del Tremedal	2015	539,0	430,0	298,0	132,0	7,0	22,0	269,0	69,3023255813953
44174	Orihuela del Tremedal	2016	535,0	428,0	299,0	129,0	10,0	8,0	281,0	69,8598130841122
44174	Orihuela del Tremedal	2019	487,0	402,0	281,0	121,0	3,0	2,0	276,0	69,9004975124378
44175	Orrios	2008	174,0	154,0	112,0	42,0	4,0	4,0	104,0	72,7272727272727
44175	Orrios	2011	159,0	138,0	111,0	27,0	2,0	8,0	101,0	80,4347826086956
44175	Orrios	2015	140,0	121,0	91,0	30,0	2,0	0,0	89,0	75,2066115702479
44175	Orrios	2016	137,0	122,0	82,0	40,0	1,0	5,0	76,0	67,2131147540984
44175	Orrios	2019	126,0	112,0	76,0	36,0	3,0	1,0	72,0	67,8571428571429
44176	Palomar de Arroyos	2008	213,0	190,0	164,0	26,0	2,0	1,0	161,0	86,3157894736842
44176	Palomar de Arroyos	2011	198,0	167,0	130,0	37,0	3,0	6,0	121,0	77,8443113772455
44176	Palomar de Arroyos	2015	184,0	160,0	125,0	35,0	1,0	0,0	124,0	78,125
44176	Palomar de Arroyos	2016	182,0	158,0	115,0	43,0	1,0	2,0	112,0	72,7848101265823
44176	Palomar de Arroyos	2019	169,0	152,0	114,0	38,0	0,0	0,0	114,0	75,0
44177	Pancrudo	2008	111,0	117,0	75,0	42,0	2,0	1,0	72,0	64,1025641025641
44177	Pancrudo	2011	136,0	120,0	85,0	35,0	0,0	5,0	80,0	70,8333333333333
44177	Pancrudo	2015	117,0	111,0	76,0	35,0	3,0	3,0	70,0	68,4684684684685
44177	Pancrudo	2016	112,0	115,0	84,0	31,0	3,0	2,0	79,0	73,0434782608696
44177	Pancrudo	2019	110,0	101,0	68,0	33,0	1,0	1,0	66,0	67,3267326732673
44178	Parras de Castellote (Las)	2008	76,0	71,0	50,0	21,0	0,0	0,0	50,0	70,4225352112676
44178	Parras de Castellote (Las)	2011	73,0	69,0	45,0	24,0	0,0	0,0	45,0	65,2173913043478
44178	Parras de Castellote (Las)	2015	58,0	56,0	42,0	14,0	0,0	0,0	42,0	75,0
44178	Parras de Castellote (Las)	2016	59,0	58,0	37,0	21,0	0,0	0,0	37,0	63,7931034482759
44178	Parras de Castellote (Las)	2019	53,0	52,0	34,0	18,0	0,0	0,0	34,0	65,3846153846154
44179	Peñarroya de Tastavins	2008	511,0	401,0	268,0	133,0	4,0	5,0	259,0	66,8329177057357
44179	Peñarroya de Tastavins	2011	517,0	369,0	369,0	0,0	4,0	5,0	360,0	100,0
44179	Peñarroya de Tastavins	2015	487,0	345,0	226,0	119,0	9,0	9,0	208,0	65,5072463768116
44179	Peñarroya de Tastavins	2016	477,0	337,0	227,0	110,0	7,0	9,0	211,0	67,3590504451039
44179	Peñarroya de Tastavins	2019	439,0	324,0	200,0	124,0	4,0	2,0	194,0	61,7283950617284
44180	Peracense	2008	121,0	90,0	69,0	21,0	1,0	0,0	68,0	76,6666666666667
44180	Peracense	2011	89,0	71,0	52,0	19,0	1,0	1,0	50,0	73,2394366197183
44180	Peracense	2015	69,0	71,0	56,0	15,0	0,0	1,0	55,0	78,8732394366197
44180	Peracense	2016	72,0	70,0	61,0	9,0	0,0	0,0	61,0	87,1428571428571
44180	Peracense	2019	76,0	74,0	56,0	18,0	1,0	0,0	55,0	75,6756756756757
44181	Peralejos	2008	93,0	80,0	69,0	11,0	0,0	2,0	67,0	86,25
44181	Peralejos	2011	78,0	82,0	63,0	19,0	0,0	4,0	59,0	76,8292682926829
44181	Peralejos	2015	85,0	78,0	73,0	5,0	10,0	4,0	59,0	93,5897435897436
44181	Peralejos	2016	86,0	76,0	57,0	19,0	2,0	2,0	53,0	75,0
44181	Peralejos	2019	88,0	65,0	56,0	9,0	3,0	0,0	53,0	86,1538461538462
44182	Perales del Alfambra	2008	295,0	230,0	185,0	45,0	9,0	6,0	170,0	80,4347826086956
44182	Perales del Alfambra	2011	279,0	216,0	170,0	46,0	3,0	6,0	161,0	78,7037037037037
44182	Perales del Alfambra	2015	253,0	194,0	147,0	47,0	1,0	11,0	135,0	75,7731958762887
44182	Perales del Alfambra	2016	238,0	197,0	154,0	43,0	2,0	7,0	145,0	78,1725888324873
44182	Perales del Alfambra	2019	221,0	203,0	159,0	44,0	6,0	2,0	151,0	78,3251231527093
44183	Pitarque	2008	114,0	90,0	60,0	30,0	1,0	2,0	57,0	66,6666666666667
44183	Pitarque	2011	96,0	78,0	49,0	29,0	1,0	1,0	47,0	62,8205128205128
44183	Pitarque	2015	93,0	77,0	46,0	31,0	3,0	3,0	40,0	59,7402597402597
44183	Pitarque	2016	90,0	77,0	50,0	27,0	1,0	7,0	42,0	64,9350649350649
44183	Pitarque	2019	79,0	61,0	47,0	14,0	1,0	1,0	45,0	77,0491803278688
44184	Plou	2008	53,0	40,0	23,0	17,0	0,0	0,0	23,0	57,5
44184	Plou	2011	43,0	34,0	21,0	13,0	0,0	3,0	18,0	61,7647058823529
44184	Plou	2015	46,0	48,0	30,0	18,0	0,0	0,0	30,0	62,5
44184	Plou	2016	52,0	45,0	34,0	11,0	0,0	1,0	33,0	75,5555555555555
44184	Plou	2019	43,0	44,0	37,0	7,0	0,0	0,0	37,0	84,0909090909091
44185	Pobo (El)	2008	137,0	117,0	91,0	26,0	1,0	3,0	87,0	77,7777777777778
44185	Pobo (El)	2011	139,0	117,0	91,0	26,0	2,0	2,0	87,0	77,7777777777778
44185	Pobo (El)	2015	148,0	104,0	73,0	31,0	1,0	5,0	67,0	70,1923076923077
44185	Pobo (El)	2016	142,0	99,0	76,0	23,0	2,0	1,0	73,0	76,7676767676768
44185	Pobo (El)	2019	114,0	88,0	69,0	19,0	0,0	4,0	65,0	78,4090909090909
44187	Portellada (La)	2008	276,0	238,0	203,0	35,0	1,0	1,0	201,0	85,2941176470588
44187	Portellada (La)	2011	262,0	224,0	170,0	54,0	9,0	5,0	156,0	75,8928571428571
44187	Portellada (La)	2015	234,0	199,0	146,0	53,0	8,0	9,0	129,0	73,3668341708543
44187	Portellada (La)	2016	240,0	201,0	149,0	52,0	4,0	7,0	138,0	74,1293532338308
44187	Portellada (La)	2019	243,0	193,0	146,0	47,0	3,0	3,0	140,0	75,6476683937824
44189	Pozondón	2008	89,0	80,0	64,0	16,0	1,0	1,0	62,0	80,0
44189	Pozondón	2011	83,0	69,0	57,0	12,0	2,0	1,0	54,0	82,6086956521739
44189	Pozondón	2015	63,0	58,0	39,0	19,0	1,0	3,0	35,0	67,2413793103448
44189	Pozondón	2016	62,0	56,0	56,0	0,0	0,0	2,0	54,0	100,0
44189	Pozondón	2019	48,0	44,0	35,0	9,0	0,0	2,0	33,0	79,5454545454545
44190	Pozuel del Campo	2008	114,0	91,0	66,0	25,0	2,0	0,0	64,0	72,5274725274725
44190	Pozuel del Campo	2011	100,0	81,0	52,0	29,0	1,0	1,0	50,0	64,1975308641975
44190	Pozuel del Campo	2015	81,0	72,0	52,0	20,0	3,0	7,0	42,0	72,2222222222222
44190	Pozuel del Campo	2016	74,0	71,0	55,0	16,0	4,0	1,0	50,0	77,4647887323944
44190	Pozuel del Campo	2019	68,0	63,0	45,0	18,0	0,0	0,0	45,0	71,4285714285714
44191	Puebla de Híjar (La)	2008	1005,0	845,0	727,0	118,0	27,0	5,0	695,0	86,0355029585799
44191	Puebla de Híjar (La)	2011	1006,0	806,0	599,0	207,0	26,0	24,0	549,0	74,317617866005
44191	Puebla de Híjar (La)	2015	965,0	771,0	589,0	182,0	14,0	24,0	551,0	76,3942931258106
44191	Puebla de Híjar (La)	2016	947,0	764,0	577,0	187,0	18,0	16,0	543,0	75,5235602094241
44191	Puebla de Híjar (La)	2019	908,0	714,0	508,0	206,0	10,0	15,0	483,0	71,1484593837535
44192	Puebla de Valverde (La)	2008	544,0	393,0	337,0	56,0	10,0	4,0	323,0	85,7506361323155
44192	Puebla de Valverde (La)	2011	571,0	401,0	323,0	78,0	11,0	21,0	291,0	80,5486284289277
44192	Puebla de Valverde (La)	2015	521,0	364,0	276,0	88,0	9,0	8,0	259,0	75,8241758241758
44192	Puebla de Valverde (La)	2016	500,0	355,0	274,0	81,0	2,0	9,0	263,0	77,1830985915493
44192	Puebla de Valverde (La)	2019	453,0	341,0	273,0	68,0	2,0	6,0	265,0	80,058651026393
44193	Puertomingalvo	2008	252,0	125,0	97,0	28,0	3,0	2,0	92,0	77,6
44193	Puertomingalvo	2011	207,0	99,0	70,0	29,0	3,0	2,0	65,0	70,7070707070707
44193	Puertomingalvo	2015	117,0	82,0	62,0	20,0	1,0	1,0	60,0	75,609756097561
44193	Puertomingalvo	2016	119,0	78,0	54,0	24,0	0,0	1,0	53,0	69,2307692307692
44193	Puertomingalvo	2019	112,0	73,0	59,0	14,0	1,0	1,0	57,0	80,8219178082192
44194	Ráfales	2008	153,0	141,0	108,0	33,0	2,0	1,0	105,0	76,5957446808511
44194	Ráfales	2011	170,0	128,0	92,0	36,0	5,0	5,0	82,0	71,875
44194	Ráfales	2015	142,0	111,0	79,0	32,0	6,0	1,0	72,0	71,1711711711712
44194	Ráfales	2016	133,0	109,0	77,0	32,0	3,0	4,0	70,0	70,6422018348624
44194	Ráfales	2019	143,0	103,0	67,0	36,0	3,0	5,0	59,0	65,0485436893204
44195	Rillo	2008	106,0	109,0	76,0	33,0	1,0	1,0	74,0	69,7247706422018
44195	Rillo	2011	113,0	103,0	71,0	32,0	0,0	7,0	64,0	68,9320388349514
44195	Rillo	2015	106,0	92,0	60,0	32,0	1,0	3,0	56,0	65,2173913043478
44195	Rillo	2016	97,0	88,0	60,0	28,0	6,0	2,0	52,0	68,1818181818182
44195	Rillo	2019	93,0	82,0	57,0	25,0	1,0	0,0	56,0	69,5121951219512
44196	Riodeva	2008	186,0	177,0	128,0	49,0	2,0	4,0	122,0	72,316384180791
44196	Riodeva	2011	180,0	152,0	115,0	37,0	3,0	5,0	107,0	75,6578947368421
44196	Riodeva	2015	165,0	134,0	101,0	33,0	3,0	2,0	96,0	75,3731343283582
44196	Riodeva	2016	163,0	131,0	95,0	36,0	7,0	4,0	84,0	72,5190839694656
44196	Riodeva	2019	144,0	121,0	88,0	33,0	0,0	0,0	88,0	72,7272727272727
44197	Ródenas	2008	86,0	68,0	42,0	26,0	2,0	0,0	40,0	61,7647058823529
44197	Ródenas	2011	79,0	60,0	37,0	23,0	1,0	3,0	33,0	61,6666666666667
44197	Ródenas	2015	75,0	58,0	33,0	25,0	1,0	1,0	31,0	56,8965517241379
44197	Ródenas	2016	66,0	56,0	36,0	20,0	0,0	1,0	35,0	64,2857142857143
44197	Ródenas	2019	61,0	51,0	34,0	17,0	0,0	0,0	34,0	66,6666666666667
44198	Royuela	2008	224,0	205,0	160,0	45,0	5,0	0,0	155,0	78,0487804878049
44198	Royuela	2011	248,0	205,0	158,0	47,0	3,0	9,0	146,0	77,0731707317073
44198	Royuela	2015	227,0	187,0	145,0	42,0	2,0	5,0	138,0	77,5401069518717
44198	Royuela	2016	221,0	182,0	140,0	42,0	5,0	11,0	124,0	76,9230769230769
44198	Royuela	2019	206,0	182,0	138,0	44,0	3,0	1,0	134,0	75,8241758241758
44199	Rubiales	2008	58,0	55,0	48,0	7,0	6,0	3,0	39,0	87,2727272727273
44199	Rubiales	2011	57,0	52,0	40,0	12,0	1,0	2,0	37,0	76,9230769230769
44199	Rubiales	2015	51,0	43,0	36,0	7,0	0,0	2,0	34,0	83,7209302325581
44199	Rubiales	2016	53,0	44,0	41,0	3,0	0,0	2,0	39,0	93,1818181818182
44199	Rubiales	2019	50,0	39,0	37,0	2,0	0,0	1,0	36,0	94,8717948717949
44200	Rubielos de la Cérida	2008	54,0	48,0	32,0	16,0	0,0	0,0	32,0	66,6666666666667
44200	Rubielos de la Cérida	2011	45,0	41,0	30,0	11,0	1,0	0,0	29,0	73,1707317073171
44200	Rubielos de la Cérida	2015	41,0	40,0	22,0	18,0	0,0	2,0	20,0	55,0
44200	Rubielos de la Cérida	2016	41,0	39,0	26,0	13,0	0,0	0,0	26,0	66,6666666666667
44200	Rubielos de la Cérida	2019	38,0	39,0	26,0	13,0	0,0	0,0	26,0	66,6666666666667
44201	Rubielos de Mora	2008	752,0	531,0	464,0	67,0	14,0	4,0	446,0	87,3822975517891
44201	Rubielos de Mora	2011	772,0	526,0	448,0	78,0	15,0	19,0	414,0	85,171102661597
44201	Rubielos de Mora	2015	687,0	497,0	408,0	89,0	17,0	11,0	380,0	82,092555331992
44201	Rubielos de Mora	2016	661,0	495,0	410,0	85,0	10,0	11,0	389,0	82,8282828282828
44201	Rubielos de Mora	2019	627,0	477,0	400,0	77,0	7,0	1,0	392,0	83,8574423480084
44203	Salcedillo	2008	12,0	9,0	9,0	0,0	0,0	0,0	9,0	100,0
44203	Salcedillo	2011	8,0	8,0	8,0	0,0	0,0	0,0	8,0	100,0
44203	Salcedillo	2015	10,0	10,0	8,0	2,0	0,0	0,0	8,0	80,0
44203	Salcedillo	2016	13,0	10,0	10,0	0,0	0,0	0,0	10,0	100,0
44203	Salcedillo	2019	17,0	9,0	9,0	0,0	0,0	0,0	9,0	100,0
44204	Saldón	2008	30,0	31,0	24,0	7,0	0,0	0,0	24,0	77,4193548387097
44204	Saldón	2011	29,0	24,0	21,0	3,0	0,0	1,0	20,0	87,5
44204	Saldón	2015	27,0	25,0	22,0	3,0	0,0	0,0	22,0	88,0
44204	Saldón	2016	27,0	24,0	21,0	3,0	0,0	1,0	20,0	87,5
44204	Saldón	2019	26,0	27,0	18,0	9,0	1,0	0,0	17,0	66,6666666666667
44205	Samper de Calanda	2008	1003,0	836,0	613,0	223,0	21,0	10,0	582,0	73,3253588516746
44205	Samper de Calanda	2011	925,0	757,0	539,0	218,0	12,0	20,0	507,0	71,2021136063408
44205	Samper de Calanda	2015	861,0	712,0	470,0	242,0	15,0	15,0	440,0	66,0112359550562
44205	Samper de Calanda	2016	854,0	700,0	458,0	242,0	13,0	15,0	430,0	65,4285714285714
44205	Samper de Calanda	2019	783,0	619,0	416,0	203,0	12,0	9,0	395,0	67,2051696284329
44206	San Agustín	2008	165,0	132,0	104,0	28,0	9,0	0,0	95,0	78,7878787878788
44206	San Agustín	2011	150,0	156,0	119,0	37,0	3,0	8,0	108,0	76,2820512820513
44206	San Agustín	2015	141,0	112,0	90,0	22,0	7,0	3,0	80,0	80,3571428571429
44206	San Agustín	2016	141,0	114,0	85,0	29,0	5,0	1,0	79,0	74,5614035087719
44206	San Agustín	2019	125,0	100,0	73,0	27,0	0,0	6,0	67,0	73,0
44207	San Martín del Río	2008	229,0	208,0	162,0	46,0	12,0	1,0	149,0	77,8846153846154
44207	San Martín del Río	2011	199,0	187,0	147,0	40,0	3,0	7,0	137,0	78,6096256684492
44207	San Martín del Río	2015	179,0	158,0	119,0	39,0	9,0	2,0	108,0	75,3164556962025
44207	San Martín del Río	2016	174,0	156,0	119,0	37,0	3,0	3,0	113,0	76,2820512820513
44207	San Martín del Río	2019	148,0	125,0	98,0	27,0	5,0	3,0	90,0	78,4
44208	Santa Cruz de Nogueras	2008	37,0	32,0	21,0	11,0	0,0	0,0	21,0	65,625
44208	Santa Cruz de Nogueras	2011	36,0	32,0	23,0	9,0	0,0	1,0	22,0	71,875
44208	Santa Cruz de Nogueras	2015	42,0	34,0	22,0	12,0	0,0	0,0	22,0	64,7058823529412
44208	Santa Cruz de Nogueras	2016	39,0	38,0	22,0	16,0	1,0	0,0	21,0	57,8947368421053
44208	Santa Cruz de Nogueras	2019	37,0	27,0	17,0	10,0	0,0	0,0	17,0	62,962962962963
44209	Santa Eulalia	2008	1143,0	942,0	741,0	201,0	33,0	16,0	692,0	78,6624203821656
44209	Santa Eulalia	2011	1152,0	892,0	662,0	230,0	23,0	25,0	614,0	74,2152466367713
44209	Santa Eulalia	2015	1111,0	839,0	634,0	205,0	35,0	18,0	581,0	75,5661501787843
44209	Santa Eulalia	2016	1081,0	833,0	608,0	225,0	25,0	10,0	573,0	72,9891956782713
44209	Santa Eulalia	2019	1037,0	799,0	583,0	216,0	19,0	6,0	558,0	72,9662077596996
44210	Sarrión	2008	1085,0	788,0	622,0	166,0	45,0	13,0	564,0	78,9340101522843
44210	Sarrión	2011	1140,0	754,0	573,0	181,0	18,0	23,0	532,0	75,9946949602122
44210	Sarrión	2015	1152,0	759,0	595,0	164,0	8,0	15,0	572,0	78,3926218708827
44210	Sarrión	2016	1167,0	746,0	552,0	194,0	18,0	10,0	524,0	73,9946380697051
44210	Sarrión	2019	1133,0	750,0	576,0	174,0	10,0	6,0	560,0	76,8
44211	Segura de los Baños	2008	39,0	38,0	30,0	8,0	0,0	0,0	30,0	78,9473684210526
44211	Segura de los Baños	2011	40,0	39,0	32,0	7,0	0,0	2,0	30,0	82,051282051282
44211	Segura de los Baños	2015	39,0	40,0	30,0	10,0	0,0	2,0	28,0	75,0
44211	Segura de los Baños	2016	40,0	42,0	35,0	7,0	0,0	2,0	33,0	83,3333333333333
44211	Segura de los Baños	2019	39,0	33,0	22,0	11,0	1,0	1,0	20,0	66,6666666666667
44212	Seno	2008	45,0	42,0	30,0	12,0	2,0	0,0	28,0	71,4285714285714
44212	Seno	2011	49,0	45,0	35,0	10,0	0,0	0,0	35,0	77,7777777777778
44212	Seno	2015	42,0	41,0	32,0	9,0	0,0	2,0	30,0	78,0487804878049
44212	Seno	2016	43,0	39,0	37,0	2,0	0,0	1,0	36,0	94,8717948717949
44212	Seno	2019	39,0	41,0	29,0	12,0	0,0	0,0	29,0	70,7317073170732
44213	Singra	2008	98,0	75,0	62,0	13,0	0,0	2,0	60,0	82,6666666666667
44213	Singra	2011	98,0	61,0	47,0	14,0	0,0	1,0	46,0	77,0491803278688
44213	Singra	2015	76,0	63,0	47,0	16,0	0,0	3,0	44,0	74,6031746031746
44213	Singra	2016	80,0	62,0	50,0	12,0	0,0	0,0	50,0	80,6451612903226
44213	Singra	2019	80,0	68,0	47,0	21,0	0,0	0,0	47,0	69,1176470588235
44215	Terriente	2008	192,0	156,0	107,0	49,0	3,0	2,0	102,0	68,5897435897436
44215	Terriente	2011	186,0	156,0	97,0	59,0	2,0	10,0	85,0	62,1794871794872
44215	Terriente	2015	177,0	156,0	102,0	54,0	0,0	16,0	86,0	65,3846153846154
44215	Terriente	2016	178,0	159,0	102,0	57,0	5,0	6,0	91,0	64,1509433962264
44215	Terriente	2019	183,0	167,0	111,0	56,0	0,0	4,0	107,0	66,4670658682635
44216	Teruel	2008	34236,0	25534,0	19766,0	5768,0	524,0	431,0	18811,0	77,4105114748962
44216	Teruel	2011	35241,0	25877,0	18512,0	7365,0	836,0	1469,0	16207,0	71,5384318120339
44216	Teruel	2015	35675,0	26539,0	19552,0	6987,0	717,0	1069,0	17766,0	73,6727080899808
44216	Teruel	2016	35590,0	26558,0	18858,0	7700,0	591,0	646,0	17621,0	71,0068529256721
44216	Teruel	2019	35691,0	27004,0	19956,0	7048,0	268,0	232,0	19456,0	73,9001629388239
44217	Toril y Masegoso	2008	46,0	35,0	24,0	11,0	0,0	0,0	24,0	68,5714285714286
44217	Toril y Masegoso	2011	34,0	37,0	37,0	0,0	1,0	0,0	36,0	100,0
44217	Toril y Masegoso	2015	32,0	28,0	19,0	9,0	1,0	2,0	16,0	67,8571428571429
44217	Toril y Masegoso	2016	30,0	29,0	25,0	4,0	0,0	3,0	22,0	86,2068965517241
44217	Toril y Masegoso	2019	30,0	32,0	24,0	8,0	1,0	1,0	22,0	75,0
44218	Tormón	2008	33,0	40,0	27,0	13,0	1,0	0,0	26,0	67,5
44218	Tormón	2011	32,0	37,0	26,0	11,0	0,0	1,0	25,0	70,2702702702703
44218	Tormón	2015	28,0	37,0	26,0	11,0	0,0	0,0	26,0	70,2702702702703
44218	Tormón	2016	34,0	35,0	28,0	7,0	0,0	1,0	27,0	80,0
44218	Tormón	2019	31,0	28,0	24,0	4,0	0,0	0,0	24,0	85,7142857142857
44219	Tornos	2008	250,0	224,0	180,0	44,0	8,0	2,0	170,0	80,3571428571429
44219	Tornos	2011	232,0	207,0	159,0	48,0	1,0	17,0	141,0	76,8115942028986
44219	Tornos	2015	231,0	198,0	138,0	60,0	15,0	8,0	115,0	69,6969696969697
44219	Tornos	2016	235,0	194,0	144,0	50,0	7,0	5,0	132,0	74,2268041237114
44219	Tornos	2019	213,0	173,0	118,0	55,0	7,0	3,0	108,0	68,2080924855491
44220	Torralba de los Sisones	2008	224,0	161,0	109,0	52,0	4,0	1,0	104,0	67,7018633540373
44220	Torralba de los Sisones	2011	216,0	137,0	96,0	41,0	1,0	4,0	91,0	70,0729927007299
44220	Torralba de los Sisones	2015	170,0	121,0	80,0	41,0	8,0	3,0	69,0	66,1157024793388
44220	Torralba de los Sisones	2016	157,0	121,0	76,0	45,0	1,0	4,0	71,0	62,8099173553719
44220	Torralba de los Sisones	2019	156,0	113,0	82,0	31,0	0,0	2,0	80,0	72,5663716814159
44221	Torrecilla de Alcañiz	2008	450,0	386,0	327,0	59,0	11,0	4,0	312,0	84,7150259067358
44221	Torrecilla de Alcañiz	2011	440,0	377,0	305,0	72,0	8,0	12,0	285,0	80,9018567639257
44221	Torrecilla de Alcañiz	2015	415,0	365,0	294,0	71,0	7,0	7,0	280,0	80,5479452054795
44221	Torrecilla de Alcañiz	2016	407,0	372,0	297,0	75,0	6,0	7,0	284,0	79,8387096774194
44221	Torrecilla de Alcañiz	2019	423,0	386,0	307,0	79,0	10,0	5,0	292,0	79,5336787564767
44222	Torrecilla del Rebollar	2008	161,0	148,0	106,0	42,0	2,0	2,0	102,0	71,6216216216216
44222	Torrecilla del Rebollar	2011	151,0	136,0	99,0	37,0	1,0	6,0	92,0	72,7941176470588
44222	Torrecilla del Rebollar	2015	142,0	137,0	96,0	41,0	2,0	3,0	91,0	70,0729927007299
44222	Torrecilla del Rebollar	2016	144,0	131,0	98,0	33,0	3,0	1,0	94,0	74,8091603053435
44222	Torrecilla del Rebollar	2019	127,0	125,0	92,0	33,0	0,0	1,0	91,0	73,6
44223	Torre de Arcas	2008	112,0	96,0	75,0	21,0	0,0	1,0	74,0	78,125
44223	Torre de Arcas	2011	96,0	80,0	55,0	25,0	1,0	2,0	52,0	68,75
44223	Torre de Arcas	2015	83,0	75,0	53,0	22,0	0,0	3,0	50,0	70,6666666666667
44223	Torre de Arcas	2016	81,0	72,0	54,0	18,0	0,0	1,0	53,0	75,0
44223	Torre de Arcas	2019	89,0	73,0	48,0	25,0	2,0	1,0	45,0	65,7534246575342
44224	Torre de las Arcas	2008	36,0	28,0	17,0	11,0	1,0	2,0	14,0	60,7142857142857
44224	Torre de las Arcas	2011	37,0	26,0	15,0	11,0	0,0	1,0	14,0	57,6923076923077
44224	Torre de las Arcas	2015	28,0	22,0	14,0	8,0	0,0	0,0	14,0	63,6363636363636
44224	Torre de las Arcas	2016	29,0	22,0	14,0	8,0	0,0	0,0	14,0	63,6363636363636
44224	Torre de las Arcas	2019	28,0	21,0	14,0	7,0	0,0	0,0	14,0	66,6666666666667
44225	Torre del Compte	2008	172,0	143,0	122,0	21,0	1,0	3,0	118,0	85,3146853146853
44225	Torre del Compte	2011	153,0	129,0	98,0	31,0	0,0	8,0	90,0	75,968992248062
44225	Torre del Compte	2015	142,0	111,0	74,0	37,0	0,0	4,0	70,0	66,6666666666667
44225	Torre del Compte	2016	137,0	107,0	74,0	33,0	0,0	3,0	71,0	69,1588785046729
44225	Torre del Compte	2019	132,0	105,0	82,0	23,0	0,0	5,0	77,0	78,0952380952381
44226	Torrelacárcel	2008	225,0	192,0	146,0	46,0	13,0	3,0	130,0	76,0416666666667
44226	Torrelacárcel	2011	223,0	163,0	112,0	51,0	4,0	5,0	103,0	68,7116564417178
44226	Torrelacárcel	2015	197,0	141,0	98,0	43,0	2,0	4,0	92,0	69,5035460992908
44226	Torrelacárcel	2016	184,0	140,0	97,0	43,0	0,0	2,0	95,0	69,2857142857143
44226	Torrelacárcel	2019	154,0	123,0	85,0	38,0	4,0	0,0	81,0	69,1056910569106
44227	Torre los Negros	2008	103,0	84,0	69,0	15,0	0,0	0,0	69,0	82,1428571428571
44227	Torre los Negros	2011	105,0	81,0	59,0	22,0	1,0	0,0	58,0	72,8395061728395
44227	Torre los Negros	2015	94,0	75,0	63,0	12,0	0,0	3,0	60,0	84,0
44227	Torre los Negros	2016	90,0	74,0	63,0	11,0	1,0	0,0	62,0	85,1351351351351
44227	Torre los Negros	2019	88,0	72,0	58,0	14,0	0,0	0,0	58,0	80,5555555555555
44228	Torremocha de Jiloca	2008	141,0	130,0	99,0	31,0	3,0	0,0	96,0	76,1538461538462
44228	Torremocha de Jiloca	2011	148,0	121,0	97,0	24,0	4,0	3,0	90,0	80,1652892561983
44228	Torremocha de Jiloca	2015	126,0	99,0	79,0	20,0	1,0	4,0	74,0	79,7979797979798
44228	Torremocha de Jiloca	2016	110,0	100,0	81,0	19,0	2,0	1,0	78,0	81,0
44228	Torremocha de Jiloca	2019	107,0	96,0	74,0	22,0	1,0	0,0	73,0	77,0833333333333
44229	Torres de Albarracín	2008	148,0	129,0	104,0	25,0	0,0	1,0	103,0	80,6201550387597
44229	Torres de Albarracín	2011	175,0	150,0	103,0	47,0	4,0	6,0	93,0	68,6666666666667
44229	Torres de Albarracín	2015	174,0	151,0	108,0	43,0	0,0	10,0	98,0	71,523178807947
44229	Torres de Albarracín	2016	181,0	152,0	111,0	41,0	0,0	11,0	100,0	73,0263157894737
44229	Torres de Albarracín	2019	183,0	141,0	98,0	43,0	1,0	2,0	95,0	69,5035460992908
44230	Torrevelilla	2008	194,0	151,0	121,0	30,0	4,0	1,0	116,0	80,1324503311258
44230	Torrevelilla	2011	214,0	154,0	127,0	27,0	1,0	9,0	117,0	82,4675324675325
44230	Torrevelilla	2015	208,0	155,0	126,0	29,0	2,0	6,0	118,0	81,2903225806452
44230	Torrevelilla	2016	200,0	155,0	123,0	32,0	2,0	2,0	119,0	79,3548387096774
44230	Torrevelilla	2019	189,0	149,0	108,0	41,0	6,0	3,0	99,0	72,4832214765101
44231	Torrijas	2008	70,0	69,0	51,0	18,0	3,0	0,0	48,0	73,9130434782609
44231	Torrijas	2011	66,0	54,0	35,0	19,0	1,0	1,0	33,0	64,8148148148148
44231	Torrijas	2015	45,0	38,0	31,0	7,0	0,0	0,0	31,0	81,5789473684211
44231	Torrijas	2016	45,0	38,0	32,0	6,0	0,0	2,0	30,0	84,2105263157895
44231	Torrijas	2019	38,0	35,0	29,0	6,0	0,0	0,0	29,0	82,8571428571429
44232	Torrijo del Campo	2008	579,0	442,0	339,0	103,0	16,0	3,0	320,0	76,6968325791855
44232	Torrijo del Campo	2011	539,0	408,0	301,0	107,0	13,0	13,0	275,0	73,7745098039216
44232	Torrijo del Campo	2015	509,0	391,0	285,0	106,0	15,0	11,0	259,0	72,8900255754476
44232	Torrijo del Campo	2016	489,0	378,0	279,0	99,0	15,0	5,0	259,0	73,8095238095238
44232	Torrijo del Campo	2019	447,0	364,0	253,0	111,0	7,0	2,0	244,0	69,5054945054945
44234	Tramacastiel	2008	100,0	88,0	72,0	16,0	2,0	0,0	70,0	81,8181818181818
44234	Tramacastiel	2011	98,0	76,0	63,0	13,0	0,0	6,0	57,0	82,8947368421053
44234	Tramacastiel	2015	74,0	62,0	47,0	15,0	6,0	0,0	41,0	75,8064516129032
44234	Tramacastiel	2016	75,0	61,0	51,0	10,0	0,0	2,0	49,0	83,6065573770492
44234	Tramacastiel	2019	64,0	71,0	48,0	23,0	1,0	0,0	47,0	67,6056338028169
44235	Tramacastilla	2008	129,0	112,0	93,0	19,0	2,0	0,0	91,0	83,0357142857143
44235	Tramacastilla	2011	107,0	103,0	71,0	32,0	1,0	1,0	69,0	68,9320388349514
44235	Tramacastilla	2015	120,0	91,0	71,0	20,0	4,0	2,0	65,0	78,021978021978
44235	Tramacastilla	2016	107,0	92,0	60,0	32,0	3,0	0,0	57,0	65,2173913043478
44235	Tramacastilla	2019	106,0	87,0	65,0	22,0	1,0	1,0	63,0	74,7126436781609
44236	Tronchón	2008	101,0	75,0	56,0	19,0	0,0	1,0	55,0	74,6666666666667
44236	Tronchón	2011	106,0	77,0	48,0	29,0	1,0	0,0	47,0	62,3376623376623
44236	Tronchón	2015	82,0	59,0	43,0	16,0	0,0	0,0	43,0	72,8813559322034
44236	Tronchón	2016	68,0	63,0	48,0	15,0	0,0	1,0	47,0	76,1904761904762
44236	Tronchón	2019	65,0	60,0	36,0	24,0	0,0	0,0	36,0	60,0
44237	Urrea de Gaén	2008	540,0	463,0	397,0	66,0	8,0	7,0	382,0	85,7451403887689
44237	Urrea de Gaén	2011	525,0	450,0	351,0	99,0	18,0	17,0	316,0	78,0
44237	Urrea de Gaén	2015	494,0	408,0	326,0	82,0	16,0	15,0	295,0	79,9019607843137
44237	Urrea de Gaén	2016	488,0	398,0	303,0	95,0	13,0	5,0	285,0	76,1306532663317
44237	Urrea de Gaén	2019	436,0	367,0	267,0	100,0	9,0	2,0	256,0	72,7520435967303
44238	Utrillas	2008	3346,0	2534,0	1925,0	609,0	83,0	27,0	1815,0	75,9668508287293
44238	Utrillas	2011	3309,0	2475,0	1707,0	768,0	69,0	90,0	1548,0	68,969696969697
44238	Utrillas	2015	3194,0	2345,0	1728,0	617,0	54,0	45,0	1629,0	73,6886993603412
44238	Utrillas	2016	3110,0	2323,0	1591,0	732,0	57,0	35,0	1499,0	68,489022815325
44238	Utrillas	2019	2970,0	2278,0	1625,0	653,0	37,0	34,0	1554,0	71,3345039508341
44239	Valacloche	2008	24,0	38,0	31,0	7,0	0,0	0,0	31,0	81,5789473684211
44239	Valacloche	2011	30,0	29,0	25,0	4,0	0,0	1,0	24,0	86,2068965517241
44239	Valacloche	2015	23,0	22,0	20,0	2,0	0,0	0,0	20,0	90,9090909090909
44239	Valacloche	2016	27,0	22,0	20,0	2,0	0,0	0,0	20,0	90,9090909090909
44239	Valacloche	2019	21,0	21,0	19,0	2,0	0,0	0,0	19,0	90,4761904761905
44240	Valbona	2008	215,0	170,0	143,0	27,0	2,0	1,0	140,0	84,1176470588235
44240	Valbona	2011	224,0	168,0	133,0	35,0	2,0	6,0	125,0	79,1666666666667
44240	Valbona	2015	198,0	161,0	127,0	34,0	7,0	2,0	118,0	78,8819875776398
44240	Valbona	2016	193,0	158,0	130,0	28,0	8,0	1,0	121,0	82,2784810126582
44240	Valbona	2019	174,0	151,0	118,0	33,0	3,0	1,0	114,0	78,1456953642384
44241	Valdealgorfa	2008	686,0	599,0	490,0	109,0	16,0	4,0	470,0	81,8030050083472
44241	Valdealgorfa	2011	685,0	575,0	439,0	136,0	20,0	15,0	404,0	76,3478260869565
44241	Valdealgorfa	2015	650,0	537,0	405,0	132,0	20,0	14,0	371,0	75,4189944134078
44241	Valdealgorfa	2016	664,0	533,0	391,0	142,0	12,0	6,0	373,0	73,3583489681051
44241	Valdealgorfa	2019	622,0	500,0	360,0	140,0	7,0	3,0	350,0	72,0
44243	Valdecuenca	2008	47,0	41,0	30,0	11,0	0,0	0,0	30,0	73,1707317073171
44243	Valdecuenca	2011	56,0	38,0	27,0	11,0	1,0	2,0	24,0	71,0526315789474
44243	Valdecuenca	2015	40,0	23,0	18,0	5,0	0,0	1,0	17,0	78,2608695652174
44243	Valdecuenca	2016	40,0	24,0	20,0	4,0	0,0	0,0	20,0	83,3333333333333
44243	Valdecuenca	2019	35,0	25,0	19,0	6,0	0,0	0,0	19,0	76,0
44244	Valdelinares	2008	123,0	99,0	60,0	39,0	4,0	4,0	52,0	60,6060606060606
44244	Valdelinares	2011	116,0	93,0	56,0	37,0	2,0	7,0	47,0	60,2150537634409
44244	Valdelinares	2015	90,0	75,0	37,0	38,0	2,0	1,0	34,0	49,3333333333333
44244	Valdelinares	2016	85,0	75,0	46,0	29,0	0,0	1,0	45,0	61,3333333333333
44244	Valdelinares	2019	87,0	67,0	38,0	29,0	0,0	0,0	38,0	56,7164179104478
44245	Valdeltormo	2008	352,0	292,0	225,0	67,0	8,0	0,0	217,0	77,0547945205479
44245	Valdeltormo	2011	328,0	274,0	188,0	86,0	5,0	2,0	181,0	68,6131386861314
44245	Valdeltormo	2015	315,0	250,0	187,0	63,0	8,0	7,0	172,0	74,8
44245	Valdeltormo	2016	312,0	248,0	179,0	69,0	6,0	4,0	169,0	72,1774193548387
44245	Valdeltormo	2019	279,0	240,0	177,0	63,0	6,0	2,0	169,0	73,75
44246	Valderrobres	2008	2189,0	1569,0	1106,0	463,0	58,0	21,0	1027,0	70,4907584448693
44246	Valderrobres	2011	2290,0	1591,0	1015,0	576,0	64,0	31,0	920,0	63,7963544940289
44246	Valderrobres	2015	2337,0	1554,0	1077,0	477,0	37,0	45,0	995,0	69,3050193050193
44246	Valderrobres	2016	2342,0	1543,0	1030,0	513,0	38,0	32,0	960,0	66,7530784186649
44246	Valderrobres	2019	2388,0	1599,0	1000,0	599,0	33,0	24,0	943,0	62,5390869293308
44247	Valjunquera	2008	411,0	353,0	267,0	86,0	10,0	3,0	254,0	75,6373937677054
44247	Valjunquera	2011	403,0	335,0	250,0	85,0	15,0	14,0	221,0	74,6268656716418
44247	Valjunquera	2015	365,0	314,0	226,0	88,0	5,0	4,0	217,0	71,9745222929936
44247	Valjunquera	2016	358,0	316,0	216,0	100,0	4,0	10,0	202,0	68,3544303797468
44247	Valjunquera	2019	325,0	291,0	204,0	87,0	1,0	5,0	198,0	70,1030927835052
44249	Vallecillo (El)	2008	54,0	44,0	32,0	12,0	0,0	1,0	31,0	72,7272727272727
44249	Vallecillo (El)	2011	47,0	58,0	41,0	17,0	1,0	1,0	39,0	70,6896551724138
44249	Vallecillo (El)	2015	50,0	57,0	47,0	10,0	1,0	3,0	43,0	82,4561403508772
44249	Vallecillo (El)	2016	60,0	55,0	44,0	11,0	1,0	3,0	40,0	80,0
44249	Vallecillo (El)	2019	48,0	40,0	30,0	10,0	0,0	0,0	30,0	75,0
44250	Veguillas de la Sierra	2008	28,0	29,0	19,0	10,0	0,0	0,0	19,0	65,5172413793103
44250	Veguillas de la Sierra	2011	28,0	20,0	11,0	9,0	0,0	2,0	9,0	55,0
44250	Veguillas de la Sierra	2015	23,0	19,0	12,0	7,0	0,0	2,0	10,0	63,1578947368421
44250	Veguillas de la Sierra	2016	22,0	19,0	11,0	8,0	0,0	0,0	11,0	57,8947368421053
44250	Veguillas de la Sierra	2019	20,0	20,0	15,0	5,0	0,0	0,0	15,0	75,0
44251	Villafranca del Campo	2008	360,0	286,0	252,0	34,0	6,0	2,0	244,0	88,1118881118881
44251	Villafranca del Campo	2011	352,0	271,0	216,0	55,0	1,0	5,0	210,0	79,7047970479705
44251	Villafranca del Campo	2015	314,0	254,0	202,0	52,0	9,0	2,0	191,0	79,5275590551181
44251	Villafranca del Campo	2016	299,0	254,0	198,0	56,0	7,0	6,0	185,0	77,9527559055118
44251	Villafranca del Campo	2019	297,0	239,0	185,0	54,0	7,0	4,0	174,0	77,4058577405858
44252	Villahermosa del Campo	2008	92,0	76,0	58,0	18,0	0,0	0,0	58,0	76,3157894736842
44252	Villahermosa del Campo	2011	99,0	78,0	62,0	16,0	2,0	1,0	59,0	79,4871794871795
44252	Villahermosa del Campo	2015	104,0	85,0	67,0	18,0	14,0	0,0	53,0	78,8235294117647
44252	Villahermosa del Campo	2016	103,0	86,0	63,0	23,0	0,0	1,0	62,0	73,2558139534884
44252	Villahermosa del Campo	2019	94,0	73,0	56,0	17,0	4,0	0,0	52,0	76,7123287671233
44256	Villanueva del Rebollar de la Sierra	2008	50,0	42,0	40,0	2,0	0,0	0,0	40,0	95,2380952380952
44256	Villanueva del Rebollar de la Sierra	2011	53,0	37,0	34,0	3,0	0,0	14,0	20,0	91,8918918918919
44256	Villanueva del Rebollar de la Sierra	2015	52,0	39,0	33,0	6,0	0,0	4,0	29,0	84,6153846153846
44256	Villanueva del Rebollar de la Sierra	2016	51,0	38,0	32,0	6,0	0,0	3,0	29,0	84,2105263157895
44256	Villanueva del Rebollar de la Sierra	2019	47,0	36,0	30,0	6,0	0,0	2,0	28,0	83,3333333333333
44257	Villar del Cobo	2008	216,0	201,0	152,0	49,0	5,0	3,0	144,0	75,6218905472637
44257	Villar del Cobo	2011	208,0	184,0	131,0	53,0	2,0	5,0	124,0	71,195652173913
44257	Villar del Cobo	2015	190,0	167,0	120,0	47,0	1,0	2,0	117,0	71,8562874251497
44257	Villar del Cobo	2016	189,0	166,0	123,0	43,0	2,0	1,0	120,0	74,0963855421687
44257	Villar del Cobo	2019	164,0	149,0	92,0	57,0	3,0	1,0	88,0	61,744966442953
44258	Villar del Salz	2008	93,0	88,0	64,0	24,0	5,0	0,0	59,0	72,7272727272727
44258	Villar del Salz	2011	83,0	75,0	56,0	19,0	2,0	1,0	53,0	74,6666666666667
44258	Villar del Salz	2015	75,0	69,0	46,0	23,0	0,0	2,0	44,0	66,6666666666667
44258	Villar del Salz	2016	74,0	67,0	46,0	21,0	0,0	0,0	46,0	68,6567164179105
44258	Villar del Salz	2019	60,0	53,0	46,0	7,0	0,0	0,0	46,0	86,7924528301887
44260	Villarluengo	2008	204,0	161,0	114,0	47,0	8,0	2,0	104,0	70,8074534161491
44260	Villarluengo	2011	188,0	160,0	115,0	45,0	3,0	10,0	102,0	71,875
44260	Villarluengo	2015	194,0	139,0	99,0	40,0	1,0	7,0	91,0	71,2230215827338
44260	Villarluengo	2016	189,0	137,0	89,0	48,0	3,0	3,0	83,0	64,963503649635
44260	Villarluengo	2019	177,0	137,0	92,0	45,0	0,0	1,0	91,0	67,1532846715328
44261	Villarquemado	2008	934,0	795,0	646,0	149,0	12,0	5,0	629,0	81,2578616352201
44261	Villarquemado	2011	940,0	777,0	595,0	182,0	13,0	25,0	557,0	76,5765765765766
44261	Villarquemado	2015	886,0	734,0	548,0	186,0	28,0	25,0	495,0	74,6594005449591
44261	Villarquemado	2016	869,0	739,0	530,0	209,0	19,0	21,0	490,0	71,7185385656292
44261	Villarquemado	2019	862,0	713,0	544,0	169,0	10,0	13,0	521,0	76,2973352033661
44262	Villarroya de los Pinares	2008	194,0	164,0	129,0	35,0	6,0	7,0	116,0	78,6585365853659
44262	Villarroya de los Pinares	2011	177,0	141,0	113,0	28,0	1,0	10,0	102,0	80,1418439716312
44262	Villarroya de los Pinares	2015	160,0	137,0	107,0	30,0	0,0	8,0	99,0	78,1021897810219
44262	Villarroya de los Pinares	2016	163,0	135,0	107,0	28,0	1,0	6,0	100,0	79,2592592592593
44262	Villarroya de los Pinares	2019	160,0	141,0	141,0	0,0	3,0	3,0	135,0	100,0
44263	Villastar	2008	351,0	286,0	240,0	46,0	11,0	5,0	224,0	83,9160839160839
44263	Villastar	2011	450,0	332,0	249,0	83,0	14,0	22,0	213,0	75,0
44263	Villastar	2015	522,0	369,0	262,0	107,0	16,0	12,0	234,0	71,0027100271003
44263	Villastar	2016	526,0	376,0	262,0	114,0	11,0	11,0	240,0	69,6808510638298
44263	Villastar	2019	494,0	373,0	266,0	107,0	6,0	7,0	253,0	71,313672922252
44264	Villel	2008	367,0	274,0	227,0	47,0	8,0	3,0	216,0	82,8467153284672
44264	Villel	2011	366,0	249,0	196,0	53,0	7,0	8,0	181,0	78,714859437751
44264	Villel	2015	348,0	253,0	209,0	44,0	9,0	9,0	191,0	82,6086956521739
44264	Villel	2016	342,0	248,0	186,0	62,0	5,0	3,0	178,0	75,0
44264	Villel	2019	327,0	254,0	170,0	84,0	2,0	0,0	168,0	66,9291338582677
44265	Vinaceite	2008	332,0	228,0	192,0	36,0	9,0	3,0	180,0	84,2105263157895
44265	Vinaceite	2011	314,0	203,0	169,0	34,0	11,0	6,0	152,0	83,2512315270936
44265	Vinaceite	2015	274,0	188,0	144,0	44,0	11,0	2,0	131,0	76,5957446808511
44265	Vinaceite	2016	262,0	186,0	141,0	45,0	5,0	4,0	132,0	75,8064516129032
44265	Vinaceite	2019	249,0	175,0	138,0	37,0	3,0	3,0	132,0	78,8571428571429
44266	Visiedo	2008	157,0	148,0	128,0	20,0	3,0	4,0	121,0	86,4864864864865
44266	Visiedo	2011	149,0	134,0	107,0	27,0	4,0	4,0	99,0	79,8507462686567
44266	Visiedo	2015	137,0	118,0	96,0	22,0	3,0	3,0	90,0	81,3559322033898
44266	Visiedo	2016	133,0	115,0	90,0	25,0	2,0	1,0	87,0	78,2608695652174
44266	Visiedo	2019	125,0	102,0	81,0	21,0	1,0	0,0	80,0	79,4117647058824
44267	Vivel del Río Martín	2008	92,0	81,0	60,0	21,0	1,0	1,0	58,0	74,0740740740741
44267	Vivel del Río Martín	2011	86,0	79,0	63,0	16,0	3,0	1,0	59,0	79,746835443038
44267	Vivel del Río Martín	2015	78,0	71,0	50,0	21,0	5,0	0,0	45,0	70,4225352112676
44267	Vivel del Río Martín	2016	83,0	70,0	57,0	13,0	1,0	2,0	54,0	81,4285714285714
44267	Vivel del Río Martín	2019	79,0	70,0	47,0	23,0	0,0	1,0	46,0	67,1428571428571
44268	Zoma (La)	2008	23,0	27,0	24,0	3,0	1,0	0,0	23,0	88,8888888888889
44268	Zoma (La)	2011	22,0	30,0	25,0	5,0	0,0	0,0	25,0	83,3333333333333
44268	Zoma (La)	2015	19,0	28,0	22,0	6,0	0,0	0,0	22,0	78,5714285714286
44268	Zoma (La)	2016	18,0	25,0	25,0	0,0	2,0	0,0	23,0	100,0
44268	Zoma (La)	2019	16,0	32,0	30,0	2,0	2,0	0,0	28,0	93,75
50001	Abanto	2008	145,0	141,0	100,0	41,0	2,0	2,0	96,0	70,9219858156028
50001	Abanto	2011	124,0	130,0	99,0	31,0	4,0	0,0	95,0	76,1538461538462
50001	Abanto	2015	113,0	115,0	81,0	34,0	1,0	0,0	80,0	70,4347826086956
50001	Abanto	2016	113,0	100,0	77,0	23,0	0,0	4,0	73,0	77,0
50001	Abanto	2019	97,0	89,0	68,0	21,0	2,0	0,0	66,0	76,4044943820225
50002	Acered	2008	204,0	183,0	148,0	35,0	4,0	1,0	143,0	80,8743169398907
50002	Acered	2011	160,0	166,0	130,0	36,0	0,0	3,0	127,0	78,3132530120482
50002	Acered	2015	220,0	148,0	105,0	43,0	1,0	4,0	100,0	70,9459459459459
50002	Acered	2016	217,0	143,0	108,0	35,0	4,0	1,0	103,0	75,5244755244755
50002	Acered	2019	165,0	125,0	91,0	34,0	4,0	0,0	87,0	72,8
50003	Agón	2008	172,0	153,0	122,0	31,0	7,0	0,0	115,0	79,7385620915033
50003	Agón	2011	166,0	141,0	108,0	33,0	2,0	9,0	97,0	76,5957446808511
50003	Agón	2015	155,0	126,0	92,0	34,0	3,0	7,0	82,0	73,015873015873
50003	Agón	2016	155,0	128,0	90,0	38,0	3,0	1,0	86,0	70,3125
50003	Agón	2019	146,0	117,0	89,0	28,0	1,0	1,0	87,0	76,0683760683761
50004	Aguarón	2008	838,0	666,0	525,0	141,0	10,0	2,0	513,0	78,8288288288288
50004	Aguarón	2011	863,0	613,0	442,0	171,0	20,0	17,0	405,0	72,1044045676998
50004	Aguarón	2015	796,0	534,0	404,0	130,0	14,0	16,0	374,0	75,6554307116105
50004	Aguarón	2016	724,0	522,0	386,0	136,0	3,0	7,0	376,0	73,9463601532567
50004	Aguarón	2019	631,0	475,0	353,0	122,0	5,0	6,0	342,0	74,3157894736842
50005	Aguilón	2008	279,0	247,0	214,0	33,0	4,0	2,0	208,0	86,6396761133603
50005	Aguilón	2011	250,0	245,0	197,0	48,0	4,0	9,0	184,0	80,4081632653061
50005	Aguilón	2015	260,0	234,0	173,0	61,0	2,0	9,0	162,0	73,9316239316239
50005	Aguilón	2016	254,0	229,0	189,0	40,0	1,0	7,0	181,0	82,532751091703
50005	Aguilón	2019	235,0	228,0	185,0	43,0	5,0	3,0	177,0	81,140350877193
50006	Ainzón	2008	1282,0	1015,0	801,0	214,0	30,0	19,0	752,0	78,9162561576354
50006	Ainzón	2011	1269,0	978,0	753,0	225,0	40,0	40,0	673,0	76,9938650306748
50006	Ainzón	2015	1162,0	939,0	703,0	236,0	41,0	44,0	618,0	74,8668796592119
50006	Ainzón	2016	1143,0	925,0	663,0	262,0	36,0	20,0	607,0	71,6756756756757
50006	Ainzón	2019	1085,0	913,0	666,0	247,0	27,0	28,0	611,0	72,9463307776561
50007	Aladrén	2008	65,0	57,0	49,0	8,0	0,0	0,0	49,0	85,9649122807018
50007	Aladrén	2011	62,0	61,0	43,0	18,0	1,0	3,0	39,0	70,4918032786885
50007	Aladrén	2015	54,0	46,0	36,0	10,0	1,0	1,0	34,0	78,2608695652174
50007	Aladrén	2016	52,0	45,0	33,0	12,0	0,0	1,0	32,0	73,3333333333333
50007	Aladrén	2019	52,0	51,0	34,0	17,0	1,0	1,0	32,0	66,6666666666667
50008	Alagón	2008	6547,0	5016,0	3564,0	1452,0	146,0	104,0	3314,0	71,0526315789474
50008	Alagón	2011	7178,0	5110,0	3436,0	1674,0	166,0	217,0	3053,0	67,2407045009785
50008	Alagón	2015	7052,0	5085,0	3588,0	1497,0	153,0	189,0	3246,0	70,5604719764012
50008	Alagón	2016	7014,0	5097,0	3418,0	1679,0	132,0	126,0	3160,0	67,0590543456935
50008	Alagón	2019	7094,0	5187,0	3318,0	1869,0	86,0	78,0	3154,0	63,9676113360324
50009	Alarba	2008	146,0	136,0	103,0	33,0	0,0	1,0	102,0	75,735294117647
50009	Alarba	2011	155,0	122,0	92,0	30,0	0,0	3,0	89,0	75,4098360655738
50009	Alarba	2015	153,0	106,0	77,0	29,0	3,0	3,0	71,0	72,6415094339623
50009	Alarba	2016	152,0	105,0	80,0	25,0	0,0	0,0	80,0	76,1904761904762
50009	Alarba	2019	133,0	97,0	61,0	36,0	0,0	1,0	60,0	62,8865979381443
50010	Alberite de San Juan	2008	111,0	80,0	66,0	14,0	5,0	5,0	56,0	82,5
50010	Alberite de San Juan	2011	101,0	77,0	64,0	13,0	1,0	6,0	57,0	83,1168831168831
50010	Alberite de San Juan	2015	86,0	69,0	56,0	13,0	0,0	10,0	46,0	81,1594202898551
50010	Alberite de San Juan	2016	84,0	68,0	57,0	11,0	2,0	1,0	54,0	83,8235294117647
50010	Alberite de San Juan	2019	72,0	67,0	51,0	16,0	0,0	2,0	49,0	76,1194029850746
50011	Albeta	2008	139,0	117,0	106,0	11,0	3,0	7,0	96,0	90,5982905982906
50011	Albeta	2011	141,0	131,0	113,0	18,0	0,0	12,0	101,0	86,2595419847328
50011	Albeta	2015	153,0	127,0	96,0	31,0	0,0	7,0	89,0	75,5905511811024
50011	Albeta	2016	145,0	122,0	92,0	30,0	2,0	2,0	88,0	75,4098360655738
50011	Albeta	2019	132,0	117,0	90,0	27,0	3,0	3,0	84,0	76,9230769230769
50012	Alborge	2008	124,0	106,0	92,0	14,0	2,0	0,0	90,0	86,7924528301887
50012	Alborge	2011	126,0	105,0	93,0	12,0	3,0	0,0	90,0	88,5714285714286
50012	Alborge	2015	124,0	108,0	86,0	22,0	7,0	3,0	76,0	79,6296296296296
50012	Alborge	2016	121,0	100,0	80,0	20,0	1,0	2,0	77,0	80,0
50012	Alborge	2019	108,0	94,0	76,0	18,0	3,0	1,0	72,0	80,8510638297872
50013	Alcalá de Ebro	2008	288,0	249,0	210,0	39,0	6,0	4,0	200,0	84,3373493975904
50013	Alcalá de Ebro	2011	276,0	244,0	195,0	49,0	0,0	1,0	194,0	79,9180327868852
50013	Alcalá de Ebro	2015	281,0	224,0	186,0	38,0	8,0	6,0	172,0	83,0357142857143
50013	Alcalá de Ebro	2016	279,0	219,0	180,0	39,0	6,0	3,0	171,0	82,1917808219178
50013	Alcalá de Ebro	2019	251,0	199,0	150,0	49,0	2,0	2,0	146,0	75,3768844221105
50014	Alcalá de Moncayo	2008	157,0	151,0	151,0	0,0	0,0	1,0	150,0	100,0
50014	Alcalá de Moncayo	2011	153,0	169,0	108,0	61,0	0,0	6,0	102,0	63,905325443787
50014	Alcalá de Moncayo	2015	183,0	146,0	96,0	50,0	1,0	6,0	89,0	65,7534246575342
50014	Alcalá de Moncayo	2016	186,0	147,0	90,0	57,0	0,0	2,0	88,0	61,2244897959184
50014	Alcalá de Moncayo	2019	144,0	119,0	81,0	38,0	1,0	1,0	79,0	68,0672268907563
50015	Alconchel de Ariza	2008	116,0	119,0	85,0	34,0	0,0	1,0	84,0	71,4285714285714
50015	Alconchel de Ariza	2011	99,0	109,0	72,0	37,0	0,0	1,0	71,0	66,0550458715596
50015	Alconchel de Ariza	2015	82,0	98,0	63,0	35,0	2,0	0,0	61,0	64,2857142857143
50015	Alconchel de Ariza	2016	80,0	96,0	67,0	29,0	2,0	2,0	63,0	69,7916666666667
50015	Alconchel de Ariza	2019	63,0	81,0	57,0	24,0	3,0	3,0	51,0	70,3703703703704
50016	Aldehuela de Liestos	2008	84,0	68,0	32,0	36,0	0,0	0,0	32,0	47,0588235294118
50016	Aldehuela de Liestos	2011	48,0	51,0	30,0	21,0	0,0	1,0	29,0	58,8235294117647
50016	Aldehuela de Liestos	2015	50,0	52,0	35,0	17,0	0,0	1,0	34,0	67,3076923076923
50016	Aldehuela de Liestos	2016	57,0	52,0	38,0	14,0	0,0	0,0	38,0	73,0769230769231
50016	Aldehuela de Liestos	2019	49,0	44,0	31,0	13,0	2,0	0,0	29,0	70,4545454545454
50017	Alfajarín	2008	1963,0	1610,0	1219,0	391,0	33,0	38,0	1148,0	75,7142857142857
50017	Alfajarín	2011	2168,0	1734,0	1340,0	394,0	63,0	36,0	1241,0	77,277970011534
50017	Alfajarín	2015	2250,0	1772,0	1275,0	497,0	47,0	61,0	1167,0	71,9525959367946
50017	Alfajarín	2016	2266,0	1774,0	1254,0	520,0	34,0	30,0	1190,0	70,6877113866967
50017	Alfajarín	2019	2312,0	1773,0	1277,0	496,0	30,0	27,0	1220,0	72,0248166948675
50018	Alfamén	2008	1452,0	968,0	810,0	158,0	16,0	10,0	784,0	83,6776859504132
50018	Alfamén	2011	1509,0	973,0	755,0	218,0	27,0	31,0	697,0	77,5950668036999
50018	Alfamén	2015	1475,0	948,0	714,0	234,0	15,0	36,0	663,0	75,3164556962025
50018	Alfamén	2016	1466,0	953,0	645,0	308,0	17,0	14,0	614,0	67,6810073452256
50018	Alfamén	2019	1441,0	883,0	618,0	265,0	16,0	11,0	591,0	69,9886749716874
50019	Alforque	2008	77,0	66,0	56,0	10,0	3,0	0,0	53,0	84,8484848484848
50019	Alforque	2011	81,0	79,0	56,0	23,0	2,0	4,0	50,0	70,8860759493671
50019	Alforque	2015	70,0	54,0	41,0	13,0	1,0	1,0	39,0	75,9259259259259
50019	Alforque	2016	64,0	55,0	41,0	14,0	0,0	1,0	40,0	74,5454545454545
50019	Alforque	2019	62,0	63,0	46,0	17,0	0,0	2,0	44,0	73,015873015873
50020	Alhama de Aragón	2008	1173,0	911,0	706,0	205,0	33,0	6,0	667,0	77,4972557628979
50020	Alhama de Aragón	2011	1172,0	868,0	710,0	158,0	21,0	38,0	651,0	81,7972350230415
50020	Alhama de Aragón	2015	1115,0	822,0	557,0	265,0	29,0	45,0	483,0	67,7615571776156
50020	Alhama de Aragón	2016	1077,0	809,0	561,0	248,0	37,0	11,0	513,0	69,344870210136
50020	Alhama de Aragón	2019	1036,0	795,0	545,0	250,0	11,0	9,0	525,0	68,5534591194969
50021	Almochuel	2008	40,0	35,0	29,0	6,0	0,0	1,0	28,0	82,8571428571429
50021	Almochuel	2011	26,0	42,0	34,0	8,0	1,0	7,0	26,0	80,9523809523809
50021	Almochuel	2015	35,0	32,0	21,0	11,0	0,0	3,0	18,0	65,625
50021	Almochuel	2016	34,0	30,0	17,0	13,0	0,0	0,0	17,0	56,6666666666667
50021	Almochuel	2019	29,0	25,0	21,0	4,0	0,0	0,0	21,0	84,0
50022	Almolda (La)	2008	632,0	565,0	464,0	101,0	15,0	11,0	438,0	82,1238938053097
50022	Almolda (La)	2011	619,0	548,0	431,0	117,0	24,0	32,0	375,0	78,6496350364964
50022	Almolda (La)	2015	602,0	543,0	408,0	135,0	20,0	25,0	363,0	75,1381215469613
50022	Almolda (La)	2016	593,0	530,0	392,0	138,0	21,0	20,0	351,0	73,9622641509434
50022	Almolda (La)	2019	567,0	504,0	373,0	131,0	17,0	25,0	331,0	74,0079365079365
50023	Almonacid de la Cuba	2008	300,0	266,0	217,0	49,0	7,0	1,0	209,0	81,5789473684211
50023	Almonacid de la Cuba	2011	283,0	240,0	181,0	59,0	1,0	4,0	176,0	75,4166666666667
50023	Almonacid de la Cuba	2015	244,0	223,0	170,0	53,0	5,0	9,0	156,0	76,2331838565022
50023	Almonacid de la Cuba	2016	255,0	224,0	174,0	50,0	4,0	3,0	167,0	77,6785714285714
50023	Almonacid de la Cuba	2019	252,0	199,0	145,0	54,0	2,0	4,0	139,0	72,8643216080402
50024	Almonacid de la Sierra	2008	821,0	683,0	576,0	107,0	7,0	8,0	561,0	84,3338213762811
50024	Almonacid de la Sierra	2011	790,0	652,0	538,0	114,0	20,0	22,0	496,0	82,5153374233129
50024	Almonacid de la Sierra	2015	752,0	589,0	460,0	129,0	7,0	5,0	448,0	78,0984719864177
50024	Almonacid de la Sierra	2016	731,0	571,0	436,0	135,0	6,0	9,0	421,0	76,3572679509632
50024	Almonacid de la Sierra	2019	691,0	543,0	398,0	145,0	9,0	6,0	383,0	73,2965009208103
50025	Almunia de Doña Godina (La)	2008	7170,0	4569,0	3485,0	1084,0	97,0	80,0	3308,0	76,2748960385205
50025	Almunia de Doña Godina (La)	2011	7802,0	4569,0	3297,0	1272,0	122,0	226,0	2949,0	72,1602101116218
50025	Almunia de Doña Godina (La)	2015	7836,0	4547,0	3295,0	1252,0	144,0	201,0	2950,0	72,4653617769958
50025	Almunia de Doña Godina (La)	2016	7680,0	4562,0	3099,0	1463,0	89,0	106,0	2904,0	67,9307321350285
50025	Almunia de Doña Godina (La)	2019	7819,0	4541,0	3088,0	1453,0	68,0	100,0	2920,0	68,0026425897379
50026	Alpartir	2008	575,0	478,0	398,0	80,0	11,0	2,0	385,0	83,2635983263598
50026	Alpartir	2011	564,0	459,0	357,0	102,0	12,0	25,0	320,0	77,7777777777778
50026	Alpartir	2015	574,0	442,0	357,0	85,0	18,0	18,0	321,0	80,7692307692308
50026	Alpartir	2016	564,0	451,0	333,0	118,0	18,0	18,0	297,0	73,8359201773836
50026	Alpartir	2019	579,0	419,0	283,0	136,0	6,0	3,0	274,0	67,5417661097852
50027	Ambel	2008	330,0	285,0	227,0	58,0	9,0	2,0	216,0	79,6491228070175
50027	Ambel	2011	305,0	260,0	207,0	53,0	9,0	4,0	194,0	79,6153846153846
50027	Ambel	2015	258,0	227,0	176,0	51,0	4,0	4,0	168,0	77,5330396475771
50027	Ambel	2016	256,0	225,0	175,0	50,0	4,0	3,0	168,0	77,7777777777778
50027	Ambel	2019	256,0	223,0	165,0	58,0	5,0	4,0	156,0	73,9910313901345
50028	Anento	2008	153,0	122,0	95,0	27,0	3,0	1,0	91,0	77,8688524590164
50028	Anento	2011	136,0	120,0	86,0	34,0	1,0	3,0	82,0	71,6666666666667
50028	Anento	2015	105,0	78,0	52,0	26,0	0,0	7,0	45,0	66,6666666666667
50028	Anento	2016	105,0	78,0	52,0	26,0	3,0	1,0	48,0	66,6666666666667
50028	Anento	2019	95,0	78,0	53,0	25,0	1,0	0,0	52,0	67,9487179487179
50029	Aniñón	2008	822,0	695,0	570,0	125,0	17,0	6,0	547,0	82,0143884892086
50029	Aniñón	2011	818,0	676,0	527,0	149,0	15,0	20,0	492,0	77,9585798816568
50029	Aniñón	2015	757,0	627,0	469,0	158,0	16,0	24,0	429,0	74,8006379585327
50029	Aniñón	2016	761,0	626,0	448,0	178,0	4,0	12,0	432,0	71,5654952076677
50029	Aniñón	2019	708,0	594,0	432,0	162,0	8,0	5,0	419,0	72,7272727272727
50030	Añón de Moncayo	2008	244,0	246,0	176,0	70,0	1,0	3,0	172,0	71,5447154471545
50030	Añón de Moncayo	2011	205,0	232,0	164,0	68,0	8,0	7,0	149,0	70,6896551724138
50030	Añón de Moncayo	2015	210,0	225,0	154,0	71,0	6,0	7,0	141,0	68,4444444444444
50030	Añón de Moncayo	2016	206,0	215,0	141,0	74,0	3,0	3,0	135,0	65,5813953488372
50030	Añón de Moncayo	2019	213,0	197,0	121,0	76,0	1,0	2,0	118,0	61,4213197969543
50031	Aranda de Moncayo	2008	230,0	191,0	154,0	37,0	1,0	3,0	150,0	80,6282722513089
50031	Aranda de Moncayo	2011	214,0	167,0	105,0	62,0	4,0	1,0	100,0	62,874251497006
50031	Aranda de Moncayo	2015	186,0	161,0	88,0	73,0	4,0	2,0	82,0	54,6583850931677
50031	Aranda de Moncayo	2016	187,0	154,0	93,0	61,0	3,0	4,0	86,0	60,3896103896104
50031	Aranda de Moncayo	2019	160,0	134,0	78,0	56,0	1,0	1,0	76,0	58,2089552238806
50032	Arándiga	2008	428,0	373,0	294,0	79,0	17,0	5,0	272,0	78,8203753351206
50032	Arándiga	2011	406,0	330,0	231,0	99,0	8,0	13,0	210,0	70,0
50032	Arándiga	2015	369,0	273,0	182,0	91,0	5,0	2,0	175,0	66,6666666666667
50032	Arándiga	2016	340,0	261,0	176,0	85,0	2,0	6,0	168,0	67,4329501915709
50032	Arándiga	2019	309,0	243,0	163,0	80,0	5,0	7,0	151,0	67,0781893004115
50033	Ardisa	2008	91,0	80,0	61,0	19,0	0,0	0,0	61,0	76,25
50033	Ardisa	2011	80,0	81,0	64,0	17,0	0,0	1,0	63,0	79,0123456790123
50033	Ardisa	2015	70,0	75,0	65,0	10,0	2,0	1,0	62,0	86,6666666666667
50033	Ardisa	2016	74,0	66,0	49,0	17,0	1,0	1,0	47,0	74,2424242424242
50033	Ardisa	2019	72,0	61,0	44,0	17,0	0,0	3,0	41,0	72,1311475409836
50034	Ariza	2008	1242,0	989,0	742,0	247,0	13,0	13,0	716,0	75,0252780586451
50034	Ariza	2011	1279,0	923,0	630,0	293,0	24,0	21,0	585,0	68,2556879739978
50034	Ariza	2015	1185,0	838,0	563,0	275,0	20,0	33,0	510,0	67,1837708830549
50034	Ariza	2016	1196,0	826,0	561,0	265,0	10,0	20,0	531,0	67,9176755447942
50034	Ariza	2019	1139,0	767,0	516,0	251,0	14,0	19,0	483,0	67,2750977835724
50035	Artieda	2008	102,0	85,0	62,0	23,0	2,0	3,0	57,0	72,9411764705882
50035	Artieda	2011	94,0	78,0	55,0	23,0	4,0	4,0	47,0	70,5128205128205
50035	Artieda	2015	86,0	74,0	48,0	26,0	1,0	2,0	45,0	64,8648648648649
50035	Artieda	2016	81,0	72,0	53,0	19,0	2,0	1,0	50,0	73,6111111111111
50035	Artieda	2019	73,0	74,0	56,0	18,0	0,0	0,0	56,0	75,6756756756757
50036	Asín	2008	111,0	97,0	80,0	17,0	0,0	2,0	78,0	82,4742268041237
50036	Asín	2011	104,0	103,0	79,0	24,0	1,0	5,0	73,0	76,6990291262136
50036	Asín	2015	105,0	103,0	79,0	24,0	4,0	5,0	70,0	76,6990291262136
50036	Asín	2016	104,0	104,0	90,0	14,0	4,0	1,0	85,0	86,5384615384615
50036	Asín	2019	96,0	100,0	71,0	29,0	0,0	1,0	70,0	71,0
50037	Atea	2008	157,0	143,0	107,0	36,0	6,0	2,0	99,0	74,8251748251748
50037	Atea	2011	125,0	140,0	110,0	30,0	0,0	4,0	106,0	78,5714285714286
50037	Atea	2015	155,0	139,0	91,0	48,0	0,0	2,0	89,0	65,4676258992806
50037	Atea	2016	112,0	136,0	100,0	36,0	4,0	0,0	96,0	73,5294117647059
50037	Atea	2019	156,0	125,0	86,0	39,0	5,0	2,0	79,0	68,8
50038	Ateca	2008	2068,0	1627,0	1299,0	328,0	47,0	22,0	1230,0	79,840196681008
50038	Ateca	2011	2151,0	1583,0	1186,0	397,0	26,0	60,0	1100,0	74,9210360075805
50038	Ateca	2015	2019,0	1511,0	1153,0	358,0	38,0	68,0	1047,0	76,3070814030443
50038	Ateca	2016	1968,0	1502,0	1114,0	388,0	32,0	52,0	1030,0	74,167776298269
50038	Ateca	2019	1793,0	1404,0	1020,0	384,0	18,0	38,0	964,0	72,6495726495726
50039	Azuara	2008	674,0	603,0	482,0	121,0	9,0	6,0	467,0	79,9336650082919
50039	Azuara	2011	701,0	580,0	449,0	131,0	21,0	14,0	414,0	77,4137931034483
50039	Azuara	2015	630,0	507,0	395,0	112,0	13,0	14,0	368,0	77,9092702169625
50039	Azuara	2016	606,0	491,0	383,0	108,0	10,0	6,0	367,0	78,0040733197556
50039	Azuara	2019	543,0	462,0	340,0	122,0	3,0	16,0	321,0	73,5930735930736
50040	Badules	2008	107,0	100,0	78,0	22,0	0,0	0,0	78,0	78,0
50040	Badules	2011	95,0	98,0	77,0	21,0	2,0	4,0	71,0	78,5714285714286
50040	Badules	2015	97,0	92,0	74,0	18,0	3,0	1,0	70,0	80,4347826086956
50040	Badules	2016	95,0	89,0	75,0	14,0	0,0	2,0	73,0	84,2696629213483
50040	Badules	2019	83,0	82,0	66,0	16,0	3,0	2,0	61,0	80,4878048780488
50041	Bagüés	2008	33,0	31,0	27,0	4,0	1,0	0,0	26,0	87,0967741935484
50041	Bagüés	2011	23,0	21,0	13,0	8,0	0,0	0,0	13,0	61,9047619047619
50041	Bagüés	2015	15,0	12,0	10,0	2,0	0,0	0,0	10,0	83,3333333333333
50041	Bagüés	2016	13,0	12,0	9,0	3,0	0,0	0,0	9,0	75,0
50041	Bagüés	2019	12,0	16,0	10,0	6,0	0,0	0,0	10,0	62,5
50042	Balconchán	2008	13,0	17,0	13,0	4,0	0,0	0,0	13,0	76,4705882352941
50042	Balconchán	2011	12,0	16,0	14,0	2,0	0,0	0,0	14,0	87,5
50042	Balconchán	2015	12,0	16,0	13,0	3,0	0,0	0,0	13,0	81,25
50042	Balconchán	2016	13,0	15,0	15,0	0,0	0,0	0,0	15,0	100,0
50042	Balconchán	2019	17,0	19,0	17,0	2,0	0,0	1,0	16,0	89,4736842105263
50043	Bárboles	2008	324,0	276,0	203,0	73,0	10,0	1,0	192,0	73,5507246376812
50043	Bárboles	2011	333,0	258,0	169,0	89,0	5,0	6,0	158,0	65,5038759689922
50043	Bárboles	2015	317,0	257,0	170,0	87,0	3,0	17,0	150,0	66,147859922179
50043	Bárboles	2016	340,0	253,0	166,0	87,0	10,0	2,0	154,0	65,6126482213439
50043	Bárboles	2019	300,0	241,0	153,0	88,0	1,0	3,0	149,0	63,4854771784232
50044	Bardallur	2008	282,0	259,0	191,0	68,0	5,0	3,0	183,0	73,7451737451737
50044	Bardallur	2011	327,0	259,0	169,0	90,0	6,0	7,0	156,0	65,2509652509652
50044	Bardallur	2015	297,0	232,0	150,0	82,0	2,0	5,0	143,0	64,6551724137931
50044	Bardallur	2016	282,0	230,0	142,0	88,0	1,0	4,0	137,0	61,7391304347826
50044	Bardallur	2019	261,0	224,0	159,0	65,0	5,0	2,0	152,0	70,9821428571429
50045	Belchite	2008	1647,0	1336,0	1089,0	247,0	19,0	14,0	1056,0	81,5119760479042
50045	Belchite	2011	1665,0	1289,0	1009,0	280,0	34,0	43,0	932,0	78,277734678045
50045	Belchite	2015	1589,0	1255,0	940,0	315,0	38,0	36,0	866,0	74,9003984063745
50045	Belchite	2016	1562,0	1243,0	918,0	325,0	17,0	25,0	876,0	73,8535800482703
50045	Belchite	2019	1528,0	1217,0	888,0	329,0	21,0	27,0	840,0	72,9663105998357
50046	Belmonte de Gracián	2008	221,0	213,0	165,0	48,0	2,0	3,0	160,0	77,4647887323944
50046	Belmonte de Gracián	2011	236,0	201,0	155,0	46,0	5,0	7,0	143,0	77,1144278606965
50046	Belmonte de Gracián	2015	221,0	176,0	122,0	54,0	6,0	6,0	110,0	69,3181818181818
50046	Belmonte de Gracián	2016	211,0	178,0	134,0	44,0	3,0	5,0	126,0	75,2808988764045
50046	Belmonte de Gracián	2019	198,0	162,0	125,0	37,0	3,0	5,0	117,0	77,1604938271605
50047	Berdejo	2008	70,0	58,0	40,0	18,0	0,0	1,0	39,0	68,9655172413793
50047	Berdejo	2011	64,0	60,0	34,0	26,0	0,0	8,0	26,0	56,6666666666667
50047	Berdejo	2015	55,0	50,0	32,0	18,0	1,0	8,0	23,0	64,0
50047	Berdejo	2016	53,0	48,0	36,0	12,0	0,0	1,0	35,0	75,0
50047	Berdejo	2019	47,0	38,0	24,0	14,0	0,0	0,0	24,0	63,1578947368421
50048	Berrueco	2008	47,0	39,0	32,0	7,0	0,0	0,0	32,0	82,051282051282
50048	Berrueco	2011	43,0	43,0	33,0	10,0	0,0	4,0	29,0	76,7441860465116
50048	Berrueco	2015	38,0	35,0	23,0	12,0	0,0	2,0	21,0	65,7142857142857
50048	Berrueco	2016	37,0	34,0	29,0	5,0	0,0	0,0	29,0	85,2941176470588
50048	Berrueco	2019	33,0	33,0	25,0	8,0	0,0	0,0	25,0	75,7575757575758
50050	Bijuesca	2008	136,0	122,0	82,0	40,0	1,0	3,0	78,0	67,2131147540984
50050	Bijuesca	2011	113,0	109,0	73,0	36,0	0,0	3,0	70,0	66,9724770642202
50050	Bijuesca	2015	105,0	98,0	59,0	39,0	0,0	8,0	51,0	60,2040816326531
50050	Bijuesca	2016	100,0	98,0	64,0	34,0	2,0	4,0	58,0	65,3061224489796
50050	Bijuesca	2019	98,0	87,0	62,0	25,0	1,0	4,0	57,0	71,264367816092
50051	Biota	2008	1135,0	960,0	763,0	197,0	22,0	11,0	730,0	79,4791666666667
50051	Biota	2011	1115,0	886,0	674,0	212,0	9,0	18,0	647,0	76,0722347629797
50051	Biota	2015	1022,0	828,0	642,0	186,0	14,0	22,0	606,0	77,536231884058
50051	Biota	2016	1002,0	816,0	614,0	202,0	14,0	7,0	593,0	75,2450980392157
50051	Biota	2019	948,0	802,0	550,0	252,0	7,0	10,0	533,0	68,5785536159601
50052	Bisimbre	2008	111,0	111,0	92,0	19,0	2,0	1,0	89,0	82,8828828828829
50052	Bisimbre	2011	109,0	100,0	83,0	17,0	0,0	1,0	82,0	83,0
50052	Bisimbre	2015	97,0	90,0	71,0	19,0	0,0	6,0	65,0	78,8888888888889
50052	Bisimbre	2016	97,0	90,0	68,0	22,0	1,0	0,0	67,0	75,5555555555555
50052	Bisimbre	2019	97,0	81,0	61,0	20,0	0,0	1,0	60,0	75,3086419753086
50053	Boquiñeni	2008	1033,0	791,0	628,0	163,0	17,0	17,0	594,0	79,3931731984829
50053	Boquiñeni	2011	995,0	756,0	563,0	193,0	9,0	21,0	533,0	74,4708994708995
50053	Boquiñeni	2015	896,0	688,0	528,0	160,0	28,0	14,0	486,0	76,7441860465116
50053	Boquiñeni	2016	871,0	687,0	505,0	182,0	14,0	4,0	487,0	73,5080058224163
50053	Boquiñeni	2019	808,0	643,0	474,0	169,0	14,0	7,0	453,0	73,7169517884914
50054	Bordalba	2008	89,0	77,0	54,0	23,0	1,0	2,0	51,0	70,1298701298701
50054	Bordalba	2011	74,0	63,0	46,0	17,0	1,0	3,0	42,0	73,015873015873
50054	Bordalba	2015	64,0	59,0	45,0	14,0	2,0	3,0	40,0	76,271186440678
50054	Bordalba	2016	62,0	58,0	50,0	8,0	5,0	0,0	45,0	86,2068965517241
50054	Bordalba	2019	56,0	55,0	37,0	18,0	0,0	2,0	35,0	67,2727272727273
50055	Borja	2008	4653,0	3597,0	2631,0	966,0	94,0	51,0	2486,0	73,1442869057548
50055	Borja	2011	5042,0	3592,0	2480,0	1112,0	143,0	177,0	2160,0	69,0423162583519
50055	Borja	2015	4931,0	3612,0	2497,0	1115,0	133,0	142,0	2222,0	69,1306755260244
50055	Borja	2016	4930,0	3611,0	2394,0	1217,0	94,0	71,0	2229,0	66,2974245361396
50055	Borja	2019	4922,0	3635,0	2275,0	1360,0	85,0	107,0	2083,0	62,585969738652
50056	Botorrita	2008	526,0	442,0	367,0	75,0	15,0	4,0	348,0	83,0316742081448
50056	Botorrita	2011	536,0	450,0	319,0	131,0	10,0	18,0	291,0	70,8888888888889
50056	Botorrita	2015	506,0	406,0	319,0	87,0	11,0	16,0	292,0	78,5714285714286
50056	Botorrita	2016	484,0	409,0	292,0	117,0	3,0	14,0	275,0	71,3936430317848
50056	Botorrita	2019	498,0	399,0	291,0	108,0	4,0	3,0	284,0	72,9323308270677
50057	Brea de Aragón	2008	1872,0	1586,0	1286,0	300,0	69,0	27,0	1190,0	81,0844892812106
50057	Brea de Aragón	2011	1854,0	1468,0	1016,0	452,0	40,0	47,0	929,0	69,2098092643052
50057	Brea de Aragón	2015	1734,0	1396,0	968,0	428,0	37,0	37,0	894,0	69,3409742120344
50057	Brea de Aragón	2016	1719,0	1395,0	907,0	488,0	22,0	24,0	861,0	65,0179211469534
50057	Brea de Aragón	2019	1665,0	1331,0	929,0	402,0	40,0	25,0	864,0	69,7971450037566
50058	Bubierca	2008	90,0	84,0	66,0	18,0	2,0	2,0	62,0	78,5714285714286
50058	Bubierca	2011	83,0	80,0	64,0	16,0	4,0	4,0	56,0	80,0
50058	Bubierca	2015	76,0	72,0	51,0	21,0	0,0	3,0	48,0	70,8333333333333
50058	Bubierca	2016	76,0	66,0	39,0	27,0	0,0	2,0	37,0	59,0909090909091
50058	Bubierca	2019	63,0	63,0	45,0	18,0	2,0	1,0	42,0	71,4285714285714
50059	Bujaraloz	2008	1022,0	830,0	659,0	171,0	22,0	17,0	620,0	79,3975903614458
50059	Bujaraloz	2011	1055,0	790,0	592,0	198,0	21,0	49,0	522,0	74,9367088607595
50059	Bujaraloz	2015	1021,0	780,0	572,0	208,0	18,0	45,0	509,0	73,3333333333333
50059	Bujaraloz	2016	1008,0	769,0	543,0	226,0	11,0	31,0	501,0	70,6111833550065
50059	Bujaraloz	2019	1005,0	757,0	555,0	202,0	14,0	23,0	518,0	73,3157199471598
50060	Bulbuente	2008	258,0	207,0	155,0	52,0	10,0	1,0	144,0	74,8792270531401
50060	Bulbuente	2011	248,0	187,0	138,0	49,0	11,0	5,0	122,0	73,7967914438503
50060	Bulbuente	2015	239,0	176,0	138,0	38,0	3,0	5,0	130,0	78,4090909090909
50060	Bulbuente	2016	236,0	172,0	127,0	45,0	1,0	2,0	124,0	73,8372093023256
50060	Bulbuente	2019	217,0	171,0	121,0	50,0	1,0	5,0	115,0	70,7602339181287
50061	Bureta	2008	286,0	233,0	190,0	43,0	5,0	3,0	182,0	81,5450643776824
50061	Bureta	2011	269,0	228,0	191,0	37,0	7,0	7,0	177,0	83,7719298245614
50061	Bureta	2015	258,0	207,0	171,0	36,0	7,0	2,0	162,0	82,6086956521739
50061	Bureta	2016	253,0	202,0	166,0	36,0	3,0	6,0	157,0	82,1782178217822
50061	Bureta	2019	217,0	190,0	154,0	36,0	3,0	4,0	147,0	81,0526315789474
50062	Burgo de Ebro (El)	2008	2101,0	1706,0	1320,0	386,0	24,0	17,0	1279,0	77,3739742086753
50062	Burgo de Ebro (El)	2011	2321,0	1750,0	1295,0	455,0	51,0	86,0	1158,0	74,0
50062	Burgo de Ebro (El)	2015	2381,0	1810,0	1386,0	424,0	65,0	77,0	1244,0	76,5745856353591
50062	Burgo de Ebro (El)	2016	2348,0	1829,0	1291,0	538,0	46,0	60,0	1185,0	70,58501913614
50062	Burgo de Ebro (El)	2019	2432,0	1885,0	1327,0	558,0	40,0	44,0	1243,0	70,3978779840849
50063	Buste (El)	2008	94,0	84,0	72,0	12,0	2,0	0,0	70,0	85,7142857142857
50063	Buste (El)	2011	88,0	76,0	67,0	9,0	0,0	5,0	62,0	88,1578947368421
50063	Buste (El)	2015	68,0	61,0	57,0	4,0	2,0	3,0	52,0	93,4426229508197
50063	Buste (El)	2016	66,0	61,0	50,0	11,0	1,0	2,0	47,0	81,9672131147541
50063	Buste (El)	2019	72,0	64,0	49,0	15,0	0,0	2,0	47,0	76,5625
50064	Cabañas de Ebro	2008	537,0	465,0	374,0	91,0	5,0	1,0	368,0	80,4301075268817
50064	Cabañas de Ebro	2011	556,0	469,0	376,0	93,0	7,0	11,0	358,0	80,1705756929638
50064	Cabañas de Ebro	2015	536,0	440,0	350,0	90,0	2,0	8,0	340,0	79,5454545454545
50064	Cabañas de Ebro	2016	527,0	437,0	342,0	95,0	7,0	9,0	326,0	78,2608695652174
50064	Cabañas de Ebro	2019	498,0	439,0	348,0	91,0	5,0	5,0	338,0	79,2710706150342
50065	Cabolafuente	2008	54,0	58,0	42,0	16,0	2,0	0,0	40,0	72,4137931034483
50065	Cabolafuente	2011	49,0	59,0	37,0	22,0	3,0	5,0	29,0	62,7118644067797
50065	Cabolafuente	2015	39,0	53,0	42,0	11,0	0,0	4,0	38,0	79,2452830188679
50065	Cabolafuente	2016	38,0	53,0	43,0	10,0	1,0	1,0	41,0	81,1320754716981
50065	Cabolafuente	2019	32,0	56,0	36,0	20,0	0,0	1,0	35,0	64,2857142857143
50066	Cadrete	2008	2445,0	1949,0	1493,0	456,0	43,0	53,0	1397,0	76,6033863519754
50066	Cadrete	2011	3054,0	2357,0	1654,0	703,0	62,0	118,0	1474,0	70,1739499363598
50066	Cadrete	2015	3538,0	2613,0	1923,0	690,0	31,0	114,0	1778,0	73,593570608496
50066	Cadrete	2016	3602,0	2621,0	1838,0	783,0	30,0	44,0	1764,0	70,1259061426936
50066	Cadrete	2019	3891,0	2903,0	2074,0	829,0	36,0	49,0	1989,0	71,4433344815708
50067	Calatayud	2008	21040,0	14182,0	10873,0	3309,0	257,0	244,0	10372,0	76,6676068255535
50067	Calatayud	2011	21717,0	14124,0	9985,0	4139,0	443,0	605,0	8937,0	70,6952704616256
50067	Calatayud	2015	20658,0	13289,0	9586,0	3703,0	456,0	538,0	8592,0	72,134848370833
50067	Calatayud	2016	19724,0	14120,0	9810,0	4310,0	294,0	312,0	9204,0	69,4759206798867
50067	Calatayud	2019	20035,0	13928,0	9781,0	4147,0	209,0	239,0	9333,0	70,2254451464675
50068	Calatorao	2008	2972,0	2208,0	1594,0	614,0	29,0	26,0	1539,0	72,1920289855072
50068	Calatorao	2011	3094,0	2082,0	1510,0	572,0	62,0	60,0	1388,0	72,5264169068204
50068	Calatorao	2015	2895,0	1998,0	1371,0	627,0	42,0	51,0	1278,0	68,6186186186186
50068	Calatorao	2016	2864,0	1982,0	1333,0	649,0	29,0	44,0	1260,0	67,255297679112
50068	Calatorao	2019	2861,0	1943,0	1291,0	652,0	37,0	26,0	1228,0	66,4436438497169
50069	Calcena	2008	54,0	76,0	51,0	25,0	3,0	2,0	46,0	67,1052631578947
50069	Calcena	2011	68,0	68,0	32,0	36,0	0,0	1,0	31,0	47,0588235294118
50069	Calcena	2015	78,0	76,0	53,0	23,0	3,0	4,0	46,0	69,7368421052632
50069	Calcena	2016	79,0	73,0	53,0	20,0	1,0	1,0	51,0	72,6027397260274
50069	Calcena	2019	75,0	66,0	33,0	33,0	0,0	2,0	31,0	50,0
50070	Calmarza	2008	79,0	72,0	42,0	30,0	2,0	3,0	37,0	58,3333333333333
50070	Calmarza	2011	77,0	70,0	42,0	28,0	1,0	0,0	41,0	60,0
50070	Calmarza	2015	76,0	60,0	29,0	31,0	0,0	2,0	27,0	48,3333333333333
50070	Calmarza	2016	77,0	60,0	60,0	0,0	0,0	0,0	60,0	100,0
50070	Calmarza	2019	59,0	50,0	30,0	20,0	4,0	0,0	26,0	60,0
50071	Campillo de Aragón	2008	168,0	151,0	101,0	50,0	5,0	0,0	96,0	66,887417218543
50071	Campillo de Aragón	2011	154,0	134,0	97,0	37,0	2,0	1,0	94,0	72,3880597014925
50071	Campillo de Aragón	2015	153,0	131,0	89,0	42,0	1,0	3,0	85,0	67,9389312977099
50071	Campillo de Aragón	2016	141,0	132,0	92,0	40,0	3,0	0,0	89,0	69,6969696969697
50071	Campillo de Aragón	2019	149,0	126,0	84,0	42,0	1,0	0,0	83,0	66,6666666666667
50072	Carenas	2008	213,0	199,0	199,0	0,0	1,0	1,0	197,0	100,0
50072	Carenas	2011	195,0	181,0	128,0	53,0	1,0	3,0	124,0	70,7182320441989
50072	Carenas	2015	175,0	174,0	124,0	50,0	4,0	8,0	112,0	71,264367816092
50072	Carenas	2016	172,0	170,0	124,0	46,0	0,0	2,0	122,0	72,9411764705882
50072	Carenas	2019	177,0	183,0	131,0	52,0	1,0	4,0	126,0	71,5846994535519
50073	Cariñena	2008	3353,0	2276,0	1839,0	437,0	66,0	43,0	1730,0	80,7996485061511
50073	Cariñena	2011	3725,0	2265,0	1761,0	504,0	45,0	76,0	1640,0	77,7483443708609
50073	Cariñena	2015	3457,0	2148,0	1624,0	524,0	107,0	66,0	1451,0	75,6052141527002
50073	Cariñena	2016	3389,0	2141,0	1702,0	439,0	54,0	50,0	1598,0	79,4955628211116
50073	Cariñena	2019	3276,0	2122,0	1553,0	569,0	38,0	47,0	1468,0	73,1856738925542
50074	Caspe	2008	8495,0	6576,0	4880,0	1696,0	202,0	102,0	4576,0	74,2092457420925
50074	Caspe	2011	9989,0	6515,0	4339,0	2176,0	329,0	277,0	3733,0	66,6001534919417
50074	Caspe	2015	9927,0	6397,0	4429,0	1968,0	313,0	234,0	3882,0	69,2355791777396
50074	Caspe	2016	9867,0	6366,0	4169,0	2197,0	174,0	138,0	3857,0	65,4885328306629
50074	Caspe	2019	9525,0	6156,0	4068,0	2088,0	117,0	124,0	3827,0	66,0818713450292
50075	Castejón de Alarba	2008	107,0	97,0	75,0	22,0	1,0	1,0	73,0	77,319587628866
50075	Castejón de Alarba	2011	98,0	89,0	73,0	16,0	1,0	2,0	70,0	82,0224719101123
50075	Castejón de Alarba	2015	84,0	81,0	59,0	22,0	0,0	4,0	55,0	72,8395061728395
50075	Castejón de Alarba	2016	95,0	80,0	62,0	18,0	2,0	3,0	57,0	77,5
50075	Castejón de Alarba	2019	92,0	70,0	55,0	15,0	1,0	0,0	54,0	78,5714285714286
50076	Castejón de las Armas	2008	114,0	137,0	107,0	30,0	3,0	0,0	104,0	78,1021897810219
50076	Castejón de las Armas	2011	122,0	113,0	89,0	24,0	2,0	0,0	87,0	78,7610619469026
50076	Castejón de las Armas	2015	105,0	81,0	64,0	17,0	1,0	1,0	62,0	79,0123456790123
50076	Castejón de las Armas	2016	101,0	78,0	69,0	9,0	3,0	2,0	64,0	88,4615384615385
50076	Castejón de las Armas	2019	90,0	70,0	56,0	14,0	0,0	0,0	56,0	80,0
50077	Castejón de Valdejasa	2008	289,0	265,0	212,0	53,0	2,0	3,0	207,0	80,0
50077	Castejón de Valdejasa	2011	283,0	254,0	189,0	65,0	1,0	9,0	179,0	74,4094488188976
50077	Castejón de Valdejasa	2015	237,0	226,0	175,0	51,0	4,0	8,0	163,0	77,4336283185841
50077	Castejón de Valdejasa	2016	228,0	221,0	167,0	54,0	5,0	2,0	160,0	75,5656108597285
50077	Castejón de Valdejasa	2019	221,0	201,0	140,0	61,0	1,0	3,0	136,0	69,6517412935323
50078	Castiliscar	2008	360,0	325,0	277,0	48,0	4,0	3,0	270,0	85,2307692307692
50078	Castiliscar	2011	338,0	278,0	204,0	74,0	4,0	2,0	198,0	73,3812949640288
50078	Castiliscar	2015	292,0	244,0	188,0	56,0	6,0	2,0	180,0	77,0491803278688
50078	Castiliscar	2016	280,0	235,0	172,0	63,0	6,0	2,0	164,0	73,1914893617021
50078	Castiliscar	2019	265,0	227,0	165,0	62,0	4,0	0,0	161,0	72,6872246696035
50079	Cervera de la Cañada	2008	329,0	299,0	237,0	62,0	11,0	3,0	223,0	79,2642140468227
50079	Cervera de la Cañada	2011	311,0	281,0	212,0	69,0	1,0	8,0	203,0	75,4448398576513
50079	Cervera de la Cañada	2015	316,0	254,0	179,0	75,0	7,0	4,0	168,0	70,4724409448819
50079	Cervera de la Cañada	2016	311,0	249,0	167,0	82,0	4,0	5,0	158,0	67,0682730923695
50079	Cervera de la Cañada	2019	271,0	226,0	160,0	66,0	3,0	2,0	155,0	70,7964601769912
50080	Cerveruela	2008	38,0	41,0	35,0	6,0	2,0	0,0	33,0	85,3658536585366
50080	Cerveruela	2011	41,0	41,0	31,0	10,0	0,0	2,0	29,0	75,609756097561
50080	Cerveruela	2015	37,0	32,0	25,0	7,0	0,0	2,0	23,0	78,125
50080	Cerveruela	2016	33,0	33,0	27,0	6,0	0,0	1,0	26,0	81,8181818181818
50080	Cerveruela	2019	35,0	34,0	27,0	7,0	0,0	0,0	27,0	79,4117647058824
50081	Cetina	2008	693,0	588,0	457,0	131,0	14,0	5,0	438,0	77,7210884353741
50081	Cetina	2011	697,0	562,0	410,0	152,0	15,0	9,0	386,0	72,9537366548043
50081	Cetina	2015	666,0	512,0	373,0	139,0	15,0	10,0	348,0	72,8515625
50081	Cetina	2016	645,0	511,0	378,0	133,0	13,0	14,0	351,0	73,972602739726
50081	Cetina	2019	592,0	487,0	353,0	134,0	4,0	9,0	340,0	72,4845995893224
50082	Cimballa	2008	131,0	117,0	87,0	30,0	1,0	0,0	86,0	74,3589743589744
50082	Cimballa	2011	127,0	108,0	73,0	35,0	1,0	0,0	72,0	67,5925925925926
50082	Cimballa	2015	114,0	89,0	58,0	31,0	0,0	0,0	58,0	65,1685393258427
50082	Cimballa	2016	113,0	82,0	65,0	17,0	2,0	0,0	63,0	79,2682926829268
50082	Cimballa	2019	93,0	82,0	57,0	25,0	0,0	1,0	56,0	69,5121951219512
50083	Cinco Olivas	2008	116,0	103,0	68,0	35,0	3,0	1,0	64,0	66,0194174757281
50083	Cinco Olivas	2011	123,0	96,0	68,0	28,0	2,0	6,0	60,0	70,8333333333333
50083	Cinco Olivas	2015	108,0	90,0	72,0	18,0	3,0	5,0	64,0	80,0
50083	Cinco Olivas	2016	113,0	89,0	74,0	15,0	0,0	3,0	71,0	83,1460674157303
50083	Cinco Olivas	2019	112,0	81,0	63,0	18,0	3,0	4,0	56,0	77,7777777777778
50084	Clarés de Ribota	2008	100,0	91,0	69,0	22,0	2,0	1,0	66,0	75,8241758241758
50084	Clarés de Ribota	2011	101,0	84,0	64,0	20,0	2,0	5,0	57,0	76,1904761904762
50084	Clarés de Ribota	2015	77,0	79,0	56,0	23,0	2,0	4,0	50,0	70,8860759493671
50084	Clarés de Ribota	2016	80,0	77,0	56,0	21,0	0,0	4,0	52,0	72,7272727272727
50084	Clarés de Ribota	2019	65,0	67,0	47,0	20,0	0,0	2,0	45,0	70,1492537313433
50085	Codo	2008	227,0	218,0	165,0	53,0	2,0	3,0	160,0	75,6880733944954
50085	Codo	2011	211,0	205,0	143,0	62,0	0,0	4,0	139,0	69,7560975609756
50085	Codo	2015	204,0	176,0	130,0	46,0	1,0	8,0	121,0	73,8636363636364
50085	Codo	2016	194,0	167,0	125,0	42,0	3,0	3,0	119,0	74,8502994011976
50085	Codo	2019	198,0	182,0	121,0	61,0	0,0	2,0	119,0	66,4835164835165
50086	Codos	2008	261,0	218,0	155,0	63,0	5,0	1,0	149,0	71,1009174311927
50086	Codos	2011	256,0	193,0	114,0	79,0	6,0	8,0	100,0	59,0673575129534
50086	Codos	2015	199,0	184,0	126,0	58,0	5,0	10,0	111,0	68,4782608695652
50086	Codos	2016	185,0	187,0	121,0	66,0	6,0	5,0	110,0	64,7058823529412
50086	Codos	2019	183,0	176,0	102,0	74,0	2,0	2,0	98,0	57,9545454545454
50087	Contamina	2008	50,0	42,0	29,0	13,0	0,0	1,0	28,0	69,047619047619
50087	Contamina	2011	38,0	31,0	25,0	6,0	0,0	1,0	24,0	80,6451612903226
50087	Contamina	2015	39,0	28,0	19,0	9,0	1,0	2,0	16,0	67,8571428571429
50087	Contamina	2016	36,0	26,0	17,0	9,0	0,0	1,0	16,0	65,3846153846154
50087	Contamina	2019	37,0	28,0	19,0	9,0	1,0	0,0	18,0	67,8571428571429
50088	Cosuenda	2008	384,0	346,0	279,0	67,0	14,0	3,0	262,0	80,635838150289
50088	Cosuenda	2011	389,0	337,0	271,0	66,0	13,0	10,0	248,0	80,4154302670623
50088	Cosuenda	2015	377,0	305,0	231,0	74,0	16,0	11,0	204,0	75,7377049180328
50088	Cosuenda	2016	396,0	302,0	246,0	56,0	13,0	9,0	224,0	81,4569536423841
50088	Cosuenda	2019	367,0	274,0	195,0	79,0	7,0	6,0	182,0	71,1678832116788
50089	Cuarte de Huerva	2008	4726,0	4347,0	3369,0	978,0	49,0	66,0	3254,0	77,5017253278123
50089	Cuarte de Huerva	2011	8658,0	6673,0	4876,0	1797,0	130,0	394,0	4352,0	73,0705829462011
50089	Cuarte de Huerva	2015	11589,0	8144,0	6164,0	1980,0	131,0	270,0	5763,0	75,6876227897839
50089	Cuarte de Huerva	2016	12141,0	8225,0	6180,0	2045,0	110,0	156,0	5914,0	75,1367781155015
50089	Cuarte de Huerva	2019	13055,0	8616,0	6395,0	2221,0	79,0	113,0	6203,0	74,2223769730734
50090	Cubel	2008	203,0	189,0	131,0	58,0	4,0	2,0	125,0	69,3121693121693
50090	Cubel	2011	192,0	165,0	117,0	48,0	0,0	3,0	114,0	70,9090909090909
50090	Cubel	2015	184,0	156,0	109,0	47,0	0,0	3,0	106,0	69,8717948717949
50090	Cubel	2016	189,0	150,0	110,0	40,0	2,0	1,0	107,0	73,3333333333333
50090	Cubel	2019	168,0	134,0	96,0	38,0	0,0	1,0	95,0	71,6417910447761
50091	Cuerlas (Las)	2008	75,0	70,0	46,0	24,0	0,0	2,0	44,0	65,7142857142857
50091	Cuerlas (Las)	2011	66,0	56,0	39,0	17,0	0,0	2,0	37,0	69,6428571428571
50091	Cuerlas (Las)	2015	51,0	48,0	32,0	16,0	1,0	0,0	31,0	66,6666666666667
50091	Cuerlas (Las)	2016	50,0	41,0	36,0	5,0	1,0	1,0	34,0	87,8048780487805
50091	Cuerlas (Las)	2019	39,0	39,0	32,0	7,0	0,0	0,0	32,0	82,051282051282
50092	Chiprana	2008	309,0	334,0	278,0	56,0	5,0	8,0	265,0	83,2335329341317
50092	Chiprana	2011	276,0	329,0	273,0	56,0	9,0	11,0	253,0	82,9787234042553
50092	Chiprana	2015	514,0	298,0	244,0	54,0	4,0	15,0	225,0	81,8791946308725
50092	Chiprana	2016	498,0	299,0	228,0	71,0	3,0	8,0	217,0	76,2541806020067
50092	Chiprana	2019	508,0	290,0	214,0	76,0	3,0	3,0	208,0	73,7931034482759
50093	Chodes	2008	152,0	121,0	88,0	33,0	2,0	3,0	83,0	72,7272727272727
50093	Chodes	2011	149,0	113,0	84,0	29,0	2,0	2,0	80,0	74,3362831858407
50093	Chodes	2015	135,0	94,0	72,0	22,0	6,0	4,0	62,0	76,5957446808511
50093	Chodes	2016	132,0	92,0	65,0	27,0	1,0	2,0	62,0	70,6521739130435
50093	Chodes	2019	113,0	87,0	66,0	21,0	1,0	0,0	65,0	75,8620689655172
50094	Daroca	2008	2274,0	1820,0	1399,0	421,0	46,0	27,0	1326,0	76,8681318681319
50094	Daroca	2011	2300,0	1744,0	1209,0	535,0	58,0	60,0	1091,0	69,3233944954128
50094	Daroca	2015	2193,0	1626,0	1185,0	441,0	50,0	70,0	1065,0	72,8782287822878
50094	Daroca	2016	2113,0	1617,0	1165,0	452,0	44,0	54,0	1067,0	72,0470006184292
50094	Daroca	2019	1996,0	1500,0	1038,0	462,0	25,0	25,0	988,0	69,2
50095	Ejea de los Caballeros	2008	16935,0	12641,0	9551,0	3090,0	202,0	228,0	9121,0	75,5557313503679
50095	Ejea de los Caballeros	2011	17344,0	12558,0	8966,0	3592,0	320,0	539,0	8107,0	71,3967192228062
50095	Ejea de los Caballeros	2015	16870,0	12366,0	8883,0	3483,0	308,0	417,0	8158,0	71,8340611353712
50095	Ejea de los Caballeros	2016	16754,0	12323,0	8538,0	3785,0	251,0	276,0	8011,0	69,2850766858719
50095	Ejea de los Caballeros	2019	16605,0	12149,0	8282,0	3867,0	197,0	249,0	7836,0	68,1702197711746
50096	Embid de Ariza	2008	62,0	58,0	49,0	9,0	0,0	0,0	49,0	84,4827586206896
50096	Embid de Ariza	2011	56,0	49,0	33,0	16,0	1,0	0,0	32,0	67,3469387755102
50096	Embid de Ariza	2015	49,0	39,0	17,0	22,0	0,0	0,0	17,0	43,5897435897436
50096	Embid de Ariza	2016	47,0	39,0	25,0	14,0	0,0	0,0	25,0	64,1025641025641
50096	Embid de Ariza	2019	36,0	34,0	19,0	15,0	0,0	0,0	19,0	55,8823529411765
50098	Encinacorba	2008	271,0	228,0	192,0	36,0	12,0	5,0	175,0	84,2105263157895
50098	Encinacorba	2011	252,0	215,0	215,0	0,0	6,0	17,0	192,0	100,0
50098	Encinacorba	2015	235,0	181,0	125,0	56,0	4,0	15,0	106,0	69,060773480663
50098	Encinacorba	2016	222,0	174,0	126,0	48,0	9,0	8,0	109,0	72,4137931034483
50098	Encinacorba	2019	189,0	162,0	118,0	44,0	2,0	5,0	111,0	72,8395061728395
50099	Épila	2008	4251,0	3168,0	2479,0	689,0	53,0	25,0	2401,0	78,2512626262626
50099	Épila	2011	4765,0	3136,0	2322,0	814,0	103,0	82,0	2137,0	74,0433673469388
50099	Épila	2015	4593,0	3087,0	2223,0	864,0	105,0	93,0	2025,0	72,0116618075802
50099	Épila	2016	4545,0	3083,0	2135,0	948,0	88,0	56,0	1991,0	69,2507298086279
50099	Épila	2019	4402,0	3036,0	2125,0	911,0	58,0	41,0	2026,0	69,9934123847167
50100	Erla	2008	434,0	389,0	320,0	69,0	9,0	4,0	307,0	82,2622107969152
50100	Erla	2011	421,0	355,0	276,0	79,0	21,0	13,0	242,0	77,7464788732394
50100	Erla	2015	375,0	333,0	262,0	71,0	10,0	20,0	232,0	78,6786786786787
50100	Erla	2016	371,0	329,0	243,0	86,0	10,0	3,0	230,0	73,8601823708207
50100	Erla	2019	345,0	304,0	215,0	89,0	3,0	3,0	209,0	70,7236842105263
50101	Escatrón	2008	1161,0	949,0	718,0	231,0	28,0	18,0	672,0	75,6585879873551
50101	Escatrón	2011	1132,0	922,0	644,0	278,0	46,0	32,0	566,0	69,8481561822126
50101	Escatrón	2015	1113,0	879,0	603,0	276,0	35,0	17,0	551,0	68,6006825938567
50101	Escatrón	2016	1084,0	864,0	593,0	271,0	21,0	25,0	547,0	68,6342592592593
50101	Escatrón	2019	1026,0	833,0	555,0	278,0	18,0	14,0	523,0	66,6266506602641
50102	Fabara	2008	1230,0	974,0	818,0	156,0	21,0	9,0	788,0	83,9835728952772
50102	Fabara	2011	1255,0	918,0	721,0	197,0	29,0	24,0	668,0	78,5403050108932
50102	Fabara	2015	1231,0	863,0	654,0	209,0	44,0	31,0	579,0	75,7821552723059
50102	Fabara	2016	1227,0	859,0	644,0	215,0	24,0	20,0	600,0	74,9708963911525
50102	Fabara	2019	1152,0	815,0	588,0	227,0	24,0	14,0	550,0	72,1472392638037
50104	Farlete	2008	439,0	379,0	317,0	62,0	9,0	7,0	301,0	83,6411609498681
50104	Farlete	2011	439,0	379,0	305,0	74,0	9,0	16,0	280,0	80,4749340369393
50104	Farlete	2015	407,0	351,0	280,0	71,0	10,0	22,0	248,0	79,7720797720798
50104	Farlete	2016	414,0	348,0	266,0	82,0	8,0	10,0	248,0	76,4367816091954
50104	Farlete	2019	386,0	320,0	250,0	70,0	3,0	8,0	239,0	78,125
50105	Fayón	2008	434,0	378,0	309,0	69,0	12,0	8,0	289,0	81,7460317460318
50105	Fayón	2011	407,0	343,0	260,0	83,0	12,0	10,0	238,0	75,801749271137
50105	Fayón	2015	348,0	304,0	222,0	82,0	8,0	5,0	209,0	73,0263157894737
50105	Fayón	2016	355,0	296,0	205,0	91,0	6,0	6,0	193,0	69,2567567567567
50105	Fayón	2019	354,0	277,0	202,0	75,0	10,0	9,0	183,0	72,9241877256318
50106	Fayos (Los)	2008	171,0	151,0	117,0	34,0	1,0	0,0	116,0	77,4834437086093
50106	Fayos (Los)	2011	153,0	137,0	107,0	30,0	2,0	6,0	99,0	78,1021897810219
50106	Fayos (Los)	2015	153,0	135,0	105,0	30,0	5,0	5,0	95,0	77,7777777777778
50106	Fayos (Los)	2016	151,0	134,0	104,0	30,0	1,0	1,0	102,0	77,6119402985075
50106	Fayos (Los)	2019	141,0	123,0	78,0	45,0	0,0	1,0	77,0	63,4146341463415
50107	Figueruelas	2008	1191,0	919,0	779,0	140,0	9,0	13,0	757,0	84,766050054407
50107	Figueruelas	2011	1332,0	953,0	780,0	173,0	19,0	47,0	714,0	81,8467995802728
50107	Figueruelas	2015	1263,0	944,0	769,0	175,0	33,0	49,0	687,0	81,4618644067797
50107	Figueruelas	2016	1229,0	947,0	728,0	219,0	20,0	20,0	688,0	76,8743400211193
50107	Figueruelas	2019	1240,0	988,0	755,0	233,0	7,0	23,0	725,0	76,417004048583
50108	Fombuena	2008	52,0	51,0	34,0	17,0	0,0	0,0	34,0	66,6666666666667
50108	Fombuena	2011	52,0	50,0	30,0	20,0	0,0	0,0	30,0	60,0
50108	Fombuena	2015	54,0	47,0	37,0	10,0	1,0	3,0	33,0	78,7234042553191
50108	Fombuena	2016	51,0	48,0	38,0	10,0	2,0	0,0	36,0	79,1666666666667
50108	Fombuena	2019	54,0	50,0	37,0	13,0	0,0	0,0	37,0	74,0
50109	Frago (El)	2008	115,0	106,0	86,0	20,0	1,0	5,0	80,0	81,1320754716981
50109	Frago (El)	2011	106,0	101,0	77,0	24,0	1,0	7,0	69,0	76,2376237623762
50109	Frago (El)	2015	104,0	105,0	71,0	34,0	3,0	8,0	60,0	67,6190476190476
50109	Frago (El)	2016	104,0	103,0	76,0	27,0	1,0	6,0	69,0	73,7864077669903
50109	Frago (El)	2019	99,0	95,0	65,0	30,0	2,0	3,0	60,0	68,421052631579
50110	Frasno (El)	2008	477,0	431,0	340,0	91,0	8,0	9,0	323,0	78,8863109048724
50110	Frasno (El)	2011	476,0	424,0	314,0	110,0	5,0	13,0	296,0	74,0566037735849
50110	Frasno (El)	2015	439,0	369,0	253,0	116,0	9,0	23,0	221,0	68,5636856368564
50110	Frasno (El)	2016	415,0	367,0	253,0	114,0	5,0	8,0	240,0	68,9373297002725
50110	Frasno (El)	2019	384,0	340,0	248,0	92,0	11,0	7,0	230,0	72,9411764705882
50111	Fréscano	2008	237,0	203,0	168,0	35,0	10,0	0,0	158,0	82,7586206896552
50111	Fréscano	2011	220,0	191,0	143,0	48,0	10,0	4,0	129,0	74,869109947644
50111	Fréscano	2015	207,0	186,0	150,0	36,0	4,0	3,0	143,0	80,6451612903226
50111	Fréscano	2016	205,0	180,0	143,0	37,0	2,0	1,0	140,0	79,4444444444444
50111	Fréscano	2019	202,0	181,0	130,0	51,0	4,0	8,0	118,0	71,8232044198895
50113	Fuendejalón	2008	868,0	682,0	579,0	103,0	14,0	7,0	558,0	84,8973607038123
50113	Fuendejalón	2011	953,0	653,0	527,0	126,0	10,0	13,0	504,0	80,7044410413476
50113	Fuendejalón	2015	859,0	618,0	502,0	116,0	27,0	13,0	462,0	81,2297734627832
50113	Fuendejalón	2016	833,0	618,0	484,0	134,0	10,0	11,0	463,0	78,3171521035599
50113	Fuendejalón	2019	793,0	587,0	469,0	118,0	18,0	4,0	447,0	79,8977853492334
50114	Fuendetodos	2008	179,0	164,0	129,0	35,0	2,0	1,0	126,0	78,6585365853659
50114	Fuendetodos	2011	174,0	157,0	120,0	37,0	0,0	9,0	111,0	76,4331210191083
50114	Fuendetodos	2015	153,0	124,0	94,0	30,0	3,0	2,0	89,0	75,8064516129032
50114	Fuendetodos	2016	144,0	116,0	88,0	28,0	1,0	1,0	86,0	75,8620689655172
50114	Fuendetodos	2019	121,0	132,0	108,0	24,0	2,0	3,0	103,0	81,8181818181818
50115	Fuentes de Ebro	2008	4134,0	3192,0	2264,0	928,0	78,0	36,0	2150,0	70,9273182957393
50115	Fuentes de Ebro	2011	4617,0	3280,0	2228,0	1052,0	81,0	82,0	2065,0	67,9268292682927
50115	Fuentes de Ebro	2015	4643,0	3248,0	2253,0	995,0	100,0	104,0	2049,0	69,365763546798
50115	Fuentes de Ebro	2016	4594,0	3235,0	2105,0	1130,0	66,0	69,0	1970,0	65,0695517774343
50115	Fuentes de Ebro	2019	4543,0	3279,0	2148,0	1131,0	58,0	66,0	2024,0	65,5077767612077
50116	Fuentes de Jiloca	2008	284,0	249,0	197,0	52,0	8,0	3,0	186,0	79,1164658634538
50116	Fuentes de Jiloca	2011	280,0	220,0	154,0	66,0	5,0	1,0	148,0	70,0
50116	Fuentes de Jiloca	2015	243,0	190,0	140,0	50,0	11,0	0,0	129,0	73,6842105263158
50116	Fuentes de Jiloca	2016	219,0	182,0	135,0	47,0	5,0	1,0	129,0	74,1758241758242
50116	Fuentes de Jiloca	2019	229,0	169,0	124,0	45,0	3,0	5,0	116,0	73,3727810650888
50117	Gallocanta	2008	156,0	127,0	102,0	25,0	2,0	0,0	100,0	80,3149606299213
50117	Gallocanta	2011	152,0	131,0	101,0	30,0	2,0	5,0	94,0	77,0992366412214
50117	Gallocanta	2015	158,0	125,0	91,0	34,0	1,0	5,0	85,0	72,8
50117	Gallocanta	2016	160,0	126,0	103,0	23,0	0,0	4,0	99,0	81,7460317460318
50117	Gallocanta	2019	154,0	123,0	93,0	30,0	1,0	5,0	87,0	75,609756097561
50118	Gallur	2008	2996,0	2370,0	1827,0	543,0	88,0	24,0	1715,0	77,0886075949367
50118	Gallur	2011	3007,0	2312,0	1733,0	579,0	65,0	60,0	1608,0	74,9567474048443
50118	Gallur	2015	2779,0	2179,0	1572,0	607,0	49,0	54,0	1469,0	72,1431849472235
50118	Gallur	2016	2695,0	2165,0	1544,0	621,0	46,0	41,0	1457,0	71,3163972286374
50118	Gallur	2019	2628,0	2101,0	1476,0	625,0	50,0	41,0	1385,0	70,252260828177
50119	Gelsa	2008	1198,0	1047,0	862,0	185,0	40,0	21,0	801,0	82,3304680038204
50119	Gelsa	2011	1201,0	997,0	738,0	259,0	39,0	36,0	663,0	74,0220661985958
50119	Gelsa	2015	1122,0	930,0	692,0	238,0	31,0	45,0	616,0	74,4086021505376
50119	Gelsa	2016	1087,0	927,0	722,0	205,0	32,0	21,0	669,0	77,8856526429342
50119	Gelsa	2019	995,0	876,0	632,0	244,0	15,0	21,0	596,0	72,1461187214612
50120	Godojos	2008	55,0	57,0	57,0	0,0	0,0	0,0	57,0	100,0
50120	Godojos	2011	46,0	53,0	41,0	12,0	0,0	2,0	39,0	77,3584905660377
50120	Godojos	2015	36,0	49,0	36,0	13,0	0,0	3,0	33,0	73,469387755102
50120	Godojos	2016	35,0	52,0	52,0	0,0	0,0	5,0	47,0	100,0
50120	Godojos	2019	54,0	55,0	40,0	15,0	0,0	0,0	40,0	72,7272727272727
50121	Gotor	2008	392,0	305,0	268,0	37,0	8,0	0,0	260,0	87,8688524590164
50121	Gotor	2011	399,0	297,0	249,0	48,0	8,0	8,0	233,0	83,8383838383838
50121	Gotor	2015	347,0	276,0	218,0	58,0	4,0	12,0	202,0	78,9855072463768
50121	Gotor	2016	334,0	277,0	212,0	65,0	6,0	6,0	200,0	76,5342960288809
50121	Gotor	2019	306,0	270,0	207,0	63,0	3,0	6,0	198,0	76,6666666666667
50122	Grisel	2008	98,0	93,0	73,0	20,0	3,0	0,0	70,0	78,494623655914
50122	Grisel	2011	79,0	68,0	47,0	21,0	1,0	2,0	44,0	69,1176470588235
50122	Grisel	2015	67,0	68,0	52,0	16,0	1,0	4,0	47,0	76,4705882352941
50122	Grisel	2016	74,0	68,0	52,0	16,0	1,0	6,0	45,0	76,4705882352941
50122	Grisel	2019	67,0	68,0	40,0	28,0	1,0	1,0	38,0	58,8235294117647
50123	Grisén	2008	468,0	410,0	327,0	83,0	12,0	3,0	312,0	79,7560975609756
50123	Grisén	2011	554,0	428,0	333,0	95,0	8,0	23,0	302,0	77,803738317757
50123	Grisén	2015	636,0	465,0	343,0	122,0	19,0	8,0	316,0	73,7634408602151
50123	Grisén	2016	656,0	449,0	323,0	126,0	7,0	6,0	310,0	71,9376391982183
50123	Grisén	2019	597,0	430,0	300,0	130,0	5,0	4,0	291,0	69,7674418604651
50124	Herrera de los Navarros	2008	648,0	518,0	434,0	84,0	11,0	13,0	410,0	83,7837837837838
50124	Herrera de los Navarros	2011	616,0	474,0	370,0	104,0	19,0	37,0	314,0	78,0590717299578
50124	Herrera de los Navarros	2015	565,0	417,0	304,0	113,0	7,0	25,0	272,0	72,9016786570743
50124	Herrera de los Navarros	2016	550,0	415,0	307,0	108,0	6,0	14,0	287,0	73,9759036144578
50124	Herrera de los Navarros	2019	506,0	394,0	263,0	131,0	4,0	7,0	252,0	66,751269035533
50125	Ibdes	2008	525,0	461,0	340,0	121,0	10,0	3,0	327,0	73,7527114967462
50125	Ibdes	2011	490,0	421,0	282,0	139,0	5,0	9,0	268,0	66,9833729216152
50125	Ibdes	2015	483,0	371,0	258,0	113,0	17,0	16,0	225,0	69,5417789757412
50125	Ibdes	2016	455,0	360,0	242,0	118,0	3,0	8,0	231,0	67,2222222222222
50125	Ibdes	2019	404,0	340,0	230,0	110,0	8,0	6,0	216,0	67,6470588235294
50126	Illueca	2008	3279,0	2465,0	1940,0	525,0	37,0	33,0	1870,0	78,7018255578093
50126	Illueca	2011	3348,0	2473,0	1735,0	738,0	45,0	65,0	1625,0	70,1577031945006
50126	Illueca	2015	3159,0	2388,0	1708,0	680,0	81,0	73,0	1554,0	71,5242881072027
50126	Illueca	2016	3139,0	2371,0	1550,0	821,0	57,0	62,0	1431,0	65,373260227752
50126	Illueca	2019	2964,0	2240,0	1525,0	715,0	39,0	51,0	1435,0	68,0803571428571
50128	Isuerre	2008	45,0	38,0	32,0	6,0	0,0	1,0	31,0	84,2105263157895
50128	Isuerre	2011	37,0	36,0	36,0	0,0	1,0	0,0	35,0	100,0
50128	Isuerre	2015	33,0	28,0	25,0	3,0	1,0	0,0	24,0	89,2857142857143
50128	Isuerre	2016	35,0	26,0	24,0	2,0	0,0	1,0	23,0	92,3076923076923
50128	Isuerre	2019	31,0	26,0	23,0	3,0	2,0	0,0	21,0	88,4615384615385
50129	Jaraba	2008	326,0	263,0	164,0	99,0	7,0	2,0	155,0	62,3574144486692
50129	Jaraba	2011	360,0	258,0	159,0	99,0	6,0	0,0	153,0	61,6279069767442
50129	Jaraba	2015	329,0	245,0	159,0	86,0	3,0	6,0	150,0	64,8979591836735
50129	Jaraba	2016	324,0	235,0	156,0	79,0	2,0	6,0	148,0	66,3829787234043
50129	Jaraba	2019	280,0	212,0	129,0	83,0	4,0	5,0	120,0	60,8490566037736
50130	Jarque	2008	551,0	444,0	299,0	145,0	9,0	2,0	288,0	67,3423423423424
50130	Jarque	2011	550,0	415,0	288,0	127,0	8,0	12,0	268,0	69,3975903614458
50130	Jarque	2015	501,0	395,0	248,0	147,0	8,0	16,0	224,0	62,7848101265823
50130	Jarque	2016	473,0	383,0	237,0	146,0	4,0	9,0	224,0	61,8798955613577
50130	Jarque	2019	436,0	354,0	223,0	131,0	4,0	5,0	214,0	62,9943502824859
50131	Jaulín	2008	326,0	253,0	215,0	38,0	4,0	0,0	211,0	84,9802371541502
50131	Jaulín	2011	323,0	243,0	182,0	61,0	2,0	15,0	165,0	74,8971193415638
50131	Jaulín	2015	268,0	237,0	161,0	76,0	1,0	16,0	144,0	67,9324894514768
50131	Jaulín	2016	260,0	231,0	163,0	68,0	11,0	5,0	147,0	70,5627705627706
50131	Jaulín	2019	237,0	212,0	149,0	63,0	3,0	5,0	141,0	70,2830188679245
50132	Joyosa (La)	2008	790,0	649,0	509,0	140,0	12,0	8,0	489,0	78,4283513097072
50132	Joyosa (La)	2011	936,0	697,0	536,0	161,0	13,0	36,0	487,0	76,9010043041607
50132	Joyosa (La)	2015	1007,0	755,0	566,0	189,0	38,0	26,0	502,0	74,9668874172185
50132	Joyosa (La)	2016	1042,0	751,0	534,0	217,0	13,0	9,0	512,0	71,1051930758988
50132	Joyosa (La)	2019	1072,0	780,0	544,0	236,0	15,0	15,0	514,0	69,7435897435897
50133	Lagata	2008	144,0	135,0	104,0	31,0	0,0	1,0	103,0	77,037037037037
50133	Lagata	2011	134,0	126,0	101,0	25,0	2,0	4,0	95,0	80,1587301587301
50133	Lagata	2015	133,0	117,0	88,0	29,0	0,0	7,0	81,0	75,2136752136752
50133	Lagata	2016	124,0	113,0	80,0	33,0	0,0	4,0	76,0	70,7964601769912
50133	Lagata	2019	111,0	98,0	76,0	22,0	0,0	1,0	75,0	77,5510204081633
50134	Langa del Castillo	2008	154,0	144,0	106,0	38,0	1,0	3,0	102,0	73,6111111111111
50134	Langa del Castillo	2011	151,0	134,0	100,0	34,0	2,0	3,0	95,0	74,6268656716418
50134	Langa del Castillo	2015	136,0	128,0	86,0	42,0	4,0	10,0	72,0	67,1875
50134	Langa del Castillo	2016	137,0	128,0	85,0	43,0	4,0	6,0	75,0	66,40625
50134	Langa del Castillo	2019	132,0	120,0	83,0	37,0	4,0	10,0	69,0	69,1666666666667
50135	Layana	2008	116,0	97,0	78,0	19,0	2,0	2,0	74,0	80,4123711340206
50135	Layana	2011	124,0	100,0	71,0	29,0	1,0	6,0	64,0	71,0
50135	Layana	2015	119,0	95,0	63,0	32,0	1,0	0,0	62,0	66,3157894736842
50135	Layana	2016	114,0	91,0	68,0	23,0	0,0	6,0	62,0	74,7252747252747
50135	Layana	2019	100,0	85,0	59,0	26,0	0,0	0,0	59,0	69,4117647058824
50136	Lécera	2008	736,0	628,0	484,0	144,0	10,0	6,0	468,0	77,0700636942675
50136	Lécera	2011	765,0	617,0	467,0	150,0	13,0	20,0	434,0	75,6888168557536
50136	Lécera	2015	730,0	579,0	409,0	170,0	8,0	21,0	380,0	70,6390328151986
50136	Lécera	2016	729,0	575,0	412,0	163,0	17,0	12,0	383,0	71,6521739130435
50136	Lécera	2019	661,0	532,0	365,0	167,0	10,0	5,0	350,0	68,609022556391
50137	Leciñena	2008	1291,0	1136,0	928,0	208,0	20,0	13,0	895,0	81,6901408450704
50137	Leciñena	2011	1305,0	1119,0	824,0	295,0	19,0	26,0	779,0	73,6371760500447
50137	Leciñena	2015	1234,0	1025,0	778,0	247,0	19,0	48,0	711,0	75,9024390243903
50137	Leciñena	2016	1220,0	1011,0	748,0	263,0	21,0	23,0	704,0	73,9861523244313
50137	Leciñena	2019	1162,0	958,0	732,0	226,0	15,0	14,0	703,0	76,4091858037578
50138	Lechón	2008	54,0	51,0	47,0	4,0	0,0	0,0	47,0	92,156862745098
50138	Lechón	2011	57,0	49,0	41,0	8,0	0,0	3,0	38,0	83,6734693877551
50138	Lechón	2015	53,0	46,0	40,0	6,0	1,0	5,0	34,0	86,9565217391304
50138	Lechón	2016	56,0	46,0	37,0	9,0	1,0	4,0	32,0	80,4347826086956
50138	Lechón	2019	53,0	45,0	37,0	8,0	0,0	6,0	31,0	82,2222222222222
50139	Letux	2008	438,0	391,0	330,0	61,0	11,0	1,0	318,0	84,3989769820972
50139	Letux	2011	425,0	372,0	285,0	87,0	3,0	8,0	274,0	76,6129032258065
50139	Letux	2015	379,0	319,0	239,0	80,0	4,0	8,0	227,0	74,9216300940439
50139	Letux	2016	359,0	313,0	241,0	72,0	3,0	5,0	233,0	76,9968051118211
50139	Letux	2019	342,0	318,0	237,0	81,0	0,0	5,0	232,0	74,5283018867925
50140	Litago	2008	185,0	166,0	110,0	56,0	3,0	0,0	107,0	66,2650602409639
50140	Litago	2011	183,0	172,0	108,0	64,0	2,0	1,0	105,0	62,7906976744186
50140	Litago	2015	174,0	165,0	106,0	59,0	0,0	4,0	102,0	64,2424242424242
50140	Litago	2016	174,0	166,0	114,0	52,0	0,0	3,0	111,0	68,6746987951807
50140	Litago	2019	166,0	153,0	95,0	58,0	1,0	2,0	92,0	62,0915032679739
50141	Lituénigo	2008	130,0	113,0	97,0	16,0	0,0	4,0	93,0	85,8407079646018
50141	Lituénigo	2011	125,0	116,0	98,0	18,0	2,0	8,0	88,0	84,4827586206896
50141	Lituénigo	2015	126,0	114,0	82,0	32,0	3,0	5,0	74,0	71,9298245614035
50141	Lituénigo	2016	123,0	109,0	89,0	20,0	0,0	3,0	86,0	81,651376146789
50141	Lituénigo	2019	127,0	104,0	79,0	25,0	0,0	1,0	78,0	75,9615384615385
50142	Lobera de Onsella	2008	59,0	52,0	37,0	15,0	4,0	0,0	33,0	71,1538461538462
50142	Lobera de Onsella	2011	50,0	45,0	25,0	20,0	2,0	0,0	23,0	55,5555555555556
50142	Lobera de Onsella	2015	42,0	30,0	20,0	10,0	0,0	0,0	20,0	66,6666666666667
50142	Lobera de Onsella	2016	42,0	26,0	17,0	9,0	0,0	0,0	17,0	65,3846153846154
50142	Lobera de Onsella	2019	28,0	23,0	16,0	7,0	0,0	2,0	14,0	69,5652173913043
50143	Longares	2008	873,0	643,0	499,0	144,0	21,0	7,0	471,0	77,6049766718507
50143	Longares	2011	896,0	608,0	424,0	184,0	12,0	16,0	396,0	69,7368421052632
50143	Longares	2015	898,0	569,0	410,0	159,0	14,0	18,0	378,0	72,0562390158172
50143	Longares	2016	847,0	566,0	391,0	175,0	10,0	16,0	365,0	69,0812720848057
50143	Longares	2019	763,0	541,0	367,0	174,0	10,0	10,0	347,0	67,8373382624769
50144	Longás	2008	43,0	40,0	34,0	6,0	1,0	1,0	32,0	85,0
50144	Longás	2011	36,0	36,0	31,0	5,0	0,0	1,0	30,0	86,1111111111111
50144	Longás	2015	35,0	36,0	28,0	8,0	0,0	0,0	28,0	77,7777777777778
50144	Longás	2016	36,0	34,0	29,0	5,0	0,0	2,0	27,0	85,2941176470588
50144	Longás	2019	35,0	31,0	24,0	7,0	0,0	1,0	23,0	77,4193548387097
50146	Lucena de Jalón	2008	294,0	212,0	174,0	38,0	2,0	1,0	171,0	82,0754716981132
50146	Lucena de Jalón	2011	309,0	211,0	168,0	43,0	3,0	6,0	159,0	79,6208530805687
50146	Lucena de Jalón	2015	252,0	190,0	132,0	58,0	1,0	6,0	125,0	69,4736842105263
50146	Lucena de Jalón	2016	242,0	187,0	143,0	44,0	2,0	6,0	135,0	76,4705882352941
50146	Lucena de Jalón	2019	237,0	189,0	149,0	40,0	3,0	4,0	142,0	78,8359788359788
50147	Luceni	2008	1070,0	856,0	650,0	206,0	19,0	11,0	620,0	75,9345794392523
50147	Luceni	2011	1098,0	845,0	632,0	213,0	29,0	36,0	567,0	74,792899408284
50147	Luceni	2015	1014,0	788,0	570,0	218,0	19,0	27,0	524,0	72,3350253807107
50147	Luceni	2016	1006,0	777,0	644,0	133,0	20,0	28,0	596,0	82,8828828828829
50147	Luceni	2019	945,0	744,0	508,0	236,0	16,0	16,0	476,0	68,2795698924731
50148	Luesia	2008	416,0	358,0	263,0	95,0	11,0	6,0	246,0	73,463687150838
50148	Luesia	2011	361,0	365,0	252,0	113,0	11,0	11,0	230,0	69,0410958904109
50148	Luesia	2015	307,0	324,0	235,0	89,0	3,0	18,0	214,0	72,5308641975309
50148	Luesia	2016	334,0	316,0	229,0	87,0	5,0	6,0	218,0	72,4683544303797
50148	Luesia	2019	310,0	304,0	212,0	92,0	8,0	9,0	195,0	69,7368421052632
50149	Luesma	2008	38,0	37,0	25,0	12,0	0,0	0,0	25,0	67,5675675675676
50149	Luesma	2011	38,0	48,0	34,0	14,0	2,0	5,0	27,0	70,8333333333333
50149	Luesma	2015	47,0	36,0	23,0	13,0	2,0	0,0	21,0	63,8888888888889
50149	Luesma	2016	43,0	34,0	24,0	10,0	0,0	0,0	24,0	70,5882352941176
50149	Luesma	2019	34,0	34,0	25,0	9,0	0,0	1,0	24,0	73,5294117647059
50150	Lumpiaque	2008	975,0	782,0	569,0	213,0	10,0	18,0	541,0	72,7621483375959
50150	Lumpiaque	2011	937,0	717,0	426,0	291,0	7,0	15,0	404,0	59,4142259414226
50150	Lumpiaque	2015	916,0	660,0	397,0	263,0	11,0	11,0	375,0	60,1515151515152
50150	Lumpiaque	2016	886,0	649,0	402,0	247,0	7,0	2,0	393,0	61,9414483821263
50150	Lumpiaque	2019	827,0	624,0	383,0	241,0	4,0	9,0	370,0	61,3782051282051
50151	Luna	2008	855,0	719,0	558,0	161,0	8,0	9,0	541,0	77,6077885952712
50151	Luna	2011	846,0	713,0	553,0	160,0	12,0	22,0	519,0	77,5596072931276
50151	Luna	2015	776,0	650,0	490,0	160,0	25,0	11,0	454,0	75,3846153846154
50151	Luna	2016	756,0	636,0	488,0	148,0	2,0	25,0	461,0	76,7295597484277
50151	Luna	2019	701,0	607,0	448,0	159,0	7,0	21,0	420,0	73,8056013179572
50152	Maella	2008	2051,0	1691,0	1261,0	430,0	29,0	37,0	1195,0	74,5712596096984
50152	Maella	2011	2028,0	1569,0	1167,0	402,0	28,0	52,0	1087,0	74,3785850860421
50152	Maella	2015	1958,0	1457,0	1022,0	435,0	34,0	38,0	950,0	70,1441317776253
50152	Maella	2016	1953,0	1430,0	1000,0	430,0	24,0	33,0	943,0	69,9300699300699
50152	Maella	2019	2007,0	1351,0	933,0	418,0	20,0	35,0	878,0	69,059955588453
50153	Magallón	2008	1194,0	1013,0	798,0	215,0	17,0	12,0	769,0	78,7759131293189
50153	Magallón	2011	1205,0	1002,0	755,0	247,0	24,0	30,0	701,0	75,3493013972056
50153	Magallón	2015	1183,0	941,0	831,0	110,0	18,0	24,0	789,0	88,3103081827843
50153	Magallón	2016	1174,0	935,0	713,0	222,0	14,0	18,0	681,0	76,2566844919786
50153	Magallón	2019	1133,0	914,0	683,0	231,0	20,0	20,0	643,0	74,72647702407
50154	Mainar	2008	174,0	141,0	115,0	26,0	1,0	5,0	109,0	81,5602836879433
50154	Mainar	2011	167,0	129,0	98,0	31,0	3,0	9,0	86,0	75,968992248062
50154	Mainar	2015	162,0	119,0	92,0	27,0	1,0	0,0	91,0	77,3109243697479
50154	Mainar	2016	152,0	116,0	96,0	20,0	1,0	1,0	94,0	82,7586206896552
50154	Mainar	2019	151,0	114,0	92,0	22,0	0,0	2,0	90,0	80,7017543859649
50155	Malanquilla	2008	131,0	119,0	94,0	25,0	1,0	2,0	91,0	78,9915966386555
50155	Malanquilla	2011	127,0	119,0	91,0	28,0	0,0	4,0	87,0	76,4705882352941
50155	Malanquilla	2015	112,0	102,0	78,0	24,0	1,0	3,0	74,0	76,4705882352941
50155	Malanquilla	2016	113,0	103,0	80,0	23,0	1,0	1,0	78,0	77,6699029126213
50155	Malanquilla	2019	100,0	95,0	65,0	30,0	0,0	1,0	64,0	68,421052631579
50156	Maleján	2008	303,0	250,0	212,0	38,0	6,0	1,0	205,0	84,8
50156	Maleján	2011	344,0	234,0	186,0	48,0	9,0	4,0	173,0	79,4871794871795
50156	Maleján	2015	300,0	214,0	168,0	46,0	9,0	8,0	151,0	78,5046728971963
50156	Maleján	2016	267,0	215,0	178,0	37,0	5,0	6,0	167,0	82,7906976744186
50156	Maleján	2019	259,0	212,0	156,0	56,0	5,0	4,0	147,0	73,5849056603773
50157	Malón	2008	386,0	320,0	251,0	69,0	2,0	4,0	245,0	78,4375
50157	Malón	2011	379,0	313,0	252,0	61,0	7,0	11,0	234,0	80,5111821086262
50157	Malón	2015	364,0	301,0	210,0	91,0	9,0	6,0	195,0	69,7674418604651
50157	Malón	2016	359,0	290,0	218,0	72,0	6,0	7,0	205,0	75,1724137931034
50157	Malón	2019	323,0	289,0	199,0	90,0	11,0	3,0	185,0	68,8581314878893
50159	Maluenda	2008	1075,0	778,0	654,0	124,0	13,0	7,0	634,0	84,0616966580977
50159	Maluenda	2011	1094,0	728,0	551,0	177,0	19,0	5,0	527,0	75,6868131868132
50159	Maluenda	2015	1080,0	670,0	511,0	159,0	22,0	26,0	463,0	76,2686567164179
50159	Maluenda	2016	1034,0	665,0	508,0	157,0	9,0	13,0	486,0	76,390977443609
50159	Maluenda	2019	942,0	640,0	491,0	149,0	12,0	5,0	474,0	76,71875
50160	Mallén	2008	3503,0	2398,0	2002,0	396,0	46,0	25,0	1931,0	83,4862385321101
50160	Mallén	2011	3704,0	2397,0	2050,0	347,0	59,0	54,0	1937,0	85,5235711305799
50160	Mallén	2015	3399,0	2245,0	1642,0	603,0	77,0	91,0	1474,0	73,1403118040089
50160	Mallén	2016	3292,0	2238,0	1527,0	711,0	63,0	63,0	1401,0	68,230563002681
50160	Mallén	2019	3083,0	2140,0	1414,0	726,0	41,0	37,0	1336,0	66,0747663551402
50161	Manchones	2008	142,0	119,0	89,0	30,0	2,0	1,0	86,0	74,7899159663865
50161	Manchones	2011	123,0	124,0	86,0	38,0	5,0	6,0	75,0	69,3548387096774
50161	Manchones	2015	116,0	117,0	76,0	41,0	1,0	2,0	73,0	64,9572649572649
50161	Manchones	2016	130,0	106,0	75,0	31,0	2,0	4,0	69,0	70,7547169811321
50161	Manchones	2019	98,0	98,0	75,0	23,0	1,0	3,0	71,0	76,5306122448979
50162	Mara	2008	207,0	175,0	143,0	32,0	5,0	2,0	136,0	81,7142857142857
50162	Mara	2011	206,0	160,0	107,0	53,0	3,0	5,0	99,0	66,875
50162	Mara	2015	178,0	147,0	110,0	37,0	1,0	9,0	100,0	74,8299319727891
50162	Mara	2016	182,0	146,0	106,0	40,0	6,0	8,0	92,0	72,6027397260274
50162	Mara	2019	181,0	135,0	100,0	35,0	2,0	3,0	95,0	74,0740740740741
50163	María de Huerva	2008	3420,0	2673,0	2057,0	616,0	37,0	57,0	1963,0	76,9547325102881
50163	María de Huerva	2011	4729,0	3427,0	2412,0	1015,0	105,0	209,0	2098,0	70,3822585351619
50163	María de Huerva	2015	5359,0	3655,0	2728,0	927,0	77,0	141,0	2510,0	74,6374829001368
50163	María de Huerva	2016	5425,0	3689,0	2667,0	1022,0	72,0	78,0	2517,0	72,2960151802656
50163	María de Huerva	2019	5663,0	3846,0	2843,0	1003,0	33,0	58,0	2752,0	73,9209568382735
50164	Mediana de Aragón	2008	520,0	441,0	332,0	109,0	8,0	6,0	318,0	75,2834467120181
50164	Mediana de Aragón	2011	481,0	407,0	269,0	138,0	15,0	21,0	233,0	66,0933660933661
50164	Mediana de Aragón	2015	473,0	395,0	260,0	135,0	9,0	10,0	241,0	65,8227848101266
50164	Mediana de Aragón	2016	457,0	390,0	242,0	148,0	7,0	16,0	219,0	62,0512820512821
50164	Mediana de Aragón	2019	465,0	381,0	245,0	136,0	3,0	6,0	236,0	64,3044619422572
50165	Mequinenza	2008	2480,0	1974,0	1545,0	429,0	73,0	54,0	1418,0	78,2674772036474
50165	Mequinenza	2011	2495,0	1880,0	1328,0	552,0	101,0	103,0	1124,0	70,6382978723404
50165	Mequinenza	2015	2393,0	1815,0	1300,0	515,0	49,0	91,0	1160,0	71,6253443526171
50165	Mequinenza	2016	2311,0	1814,0	1254,0	560,0	68,0	59,0	1127,0	69,1289966923925
50165	Mequinenza	2019	2301,0	1768,0	1252,0	516,0	46,0	46,0	1160,0	70,814479638009
50166	Mesones de Isuela	2008	318,0	300,0	242,0	58,0	4,0	7,0	231,0	80,6666666666667
50166	Mesones de Isuela	2011	315,0	282,0	213,0	69,0	8,0	1,0	204,0	75,531914893617
50166	Mesones de Isuela	2015	295,0	260,0	191,0	69,0	7,0	7,0	177,0	73,4615384615385
50166	Mesones de Isuela	2016	291,0	255,0	207,0	48,0	8,0	4,0	195,0	81,1764705882353
50166	Mesones de Isuela	2019	271,0	235,0	184,0	51,0	2,0	0,0	182,0	78,2978723404255
50167	Mezalocha	2008	263,0	259,0	214,0	45,0	2,0	7,0	205,0	82,6254826254826
50167	Mezalocha	2011	226,0	235,0	189,0	46,0	8,0	4,0	177,0	80,4255319148936
50167	Mezalocha	2015	241,0	232,0	193,0	39,0	9,0	11,0	173,0	83,1896551724138
50167	Mezalocha	2016	235,0	233,0	180,0	53,0	3,0	9,0	168,0	77,2532188841202
50167	Mezalocha	2019	240,0	208,0	165,0	43,0	2,0	6,0	157,0	79,3269230769231
50168	Mianos	2008	53,0	42,0	32,0	10,0	0,0	0,0	32,0	76,1904761904762
50168	Mianos	2011	41,0	34,0	26,0	8,0	0,0	1,0	25,0	76,4705882352941
50168	Mianos	2015	30,0	28,0	23,0	5,0	1,0	0,0	22,0	82,1428571428571
50168	Mianos	2016	31,0	28,0	27,0	1,0	1,0	0,0	26,0	96,4285714285714
50168	Mianos	2019	32,0	29,0	20,0	9,0	0,0	0,0	20,0	68,9655172413793
50169	Miedes de Aragón	2008	468,0	393,0	292,0	101,0	5,0	6,0	281,0	74,3002544529262
50169	Miedes de Aragón	2011	475,0	371,0	274,0	97,0	4,0	8,0	262,0	73,8544474393531
50169	Miedes de Aragón	2015	464,0	362,0	258,0	104,0	8,0	17,0	233,0	71,2707182320442
50169	Miedes de Aragón	2016	479,0	351,0	268,0	83,0	5,0	11,0	252,0	76,3532763532763
50169	Miedes de Aragón	2019	432,0	333,0	231,0	102,0	5,0	4,0	222,0	69,3693693693694
50170	Monegrillo	2008	486,0	432,0	368,0	64,0	12,0	2,0	354,0	85,1851851851852
50170	Monegrillo	2011	479,0	411,0	314,0	97,0	2,0	0,0	312,0	76,3990267639903
50170	Monegrillo	2015	440,0	378,0	270,0	108,0	9,0	14,0	247,0	71,4285714285714
50170	Monegrillo	2016	431,0	371,0	278,0	93,0	10,0	4,0	264,0	74,9326145552561
50170	Monegrillo	2019	413,0	357,0	245,0	112,0	6,0	7,0	232,0	68,6274509803921
50171	Moneva	2008	96,0	121,0	92,0	29,0	2,0	4,0	86,0	76,0330578512397
50171	Moneva	2011	122,0	126,0	90,0	36,0	1,0	7,0	82,0	71,4285714285714
50171	Moneva	2015	111,0	108,0	66,0	42,0	1,0	3,0	62,0	61,1111111111111
50171	Moneva	2016	112,0	106,0	76,0	30,0	0,0	6,0	70,0	71,6981132075472
50171	Moneva	2019	94,0	99,0	67,0	32,0	0,0	2,0	65,0	67,6767676767677
50172	Monreal de Ariza	2008	220,0	218,0	155,0	63,0	4,0	2,0	149,0	71,1009174311927
50172	Monreal de Ariza	2011	189,0	187,0	140,0	47,0	4,0	6,0	130,0	74,8663101604278
50172	Monreal de Ariza	2015	233,0	196,0	134,0	62,0	5,0	6,0	123,0	68,3673469387755
50172	Monreal de Ariza	2016	222,0	193,0	129,0	64,0	3,0	7,0	119,0	66,839378238342
50172	Monreal de Ariza	2019	212,0	174,0	125,0	49,0	3,0	5,0	117,0	71,8390804597701
50173	Monterde	2008	221,0	203,0	130,0	73,0	4,0	0,0	126,0	64,0394088669951
50173	Monterde	2011	194,0	175,0	104,0	71,0	2,0	4,0	98,0	59,4285714285714
50173	Monterde	2015	168,0	210,0	140,0	70,0	4,0	9,0	127,0	66,6666666666667
50173	Monterde	2016	278,0	182,0	132,0	50,0	0,0	4,0	128,0	72,5274725274725
50173	Monterde	2019	159,0	156,0	114,0	42,0	0,0	3,0	111,0	73,0769230769231
50174	Montón	2008	123,0	115,0	99,0	16,0	5,0	0,0	94,0	86,0869565217391
50174	Montón	2011	132,0	107,0	93,0	14,0	4,0	0,0	89,0	86,9158878504673
50174	Montón	2015	114,0	92,0	70,0	22,0	3,0	2,0	65,0	76,0869565217391
50174	Montón	2016	105,0	91,0	67,0	24,0	2,0	1,0	64,0	73,6263736263736
50174	Montón	2019	94,0	80,0	58,0	22,0	1,0	0,0	57,0	72,5
50175	Morata de Jalón	2008	1379,0	1171,0	882,0	289,0	22,0	22,0	838,0	75,3202391118702
50175	Morata de Jalón	2011	1352,0	1088,0	733,0	355,0	23,0	39,0	671,0	67,3713235294118
50175	Morata de Jalón	2015	1209,0	1025,0	737,0	288,0	21,0	28,0	688,0	71,9024390243903
50175	Morata de Jalón	2016	1204,0	1002,0	686,0	316,0	21,0	24,0	641,0	68,4630738522954
50175	Morata de Jalón	2019	1097,0	907,0	636,0	271,0	15,0	28,0	593,0	70,1212789415656
50176	Morata de Jiloca	2008	292,0	256,0	207,0	49,0	9,0	1,0	197,0	80,859375
50176	Morata de Jiloca	2011	301,0	237,0	159,0	78,0	1,0	9,0	149,0	67,0886075949367
50176	Morata de Jiloca	2015	236,0	228,0	155,0	73,0	5,0	6,0	144,0	67,9824561403509
50176	Morata de Jiloca	2016	256,0	236,0	161,0	75,0	3,0	5,0	153,0	68,2203389830508
50176	Morata de Jiloca	2019	282,0	220,0	141,0	79,0	1,0	9,0	131,0	64,0909090909091
50177	Morés	2008	447,0	396,0	306,0	90,0	9,0	6,0	291,0	77,2727272727273
50177	Morés	2011	437,0	355,0	355,0	0,0	8,0	13,0	334,0	100,0
50177	Morés	2015	379,0	315,0	247,0	68,0	14,0	14,0	219,0	78,4126984126984
50177	Morés	2016	362,0	308,0	239,0	69,0	8,0	12,0	219,0	77,5974025974026
50177	Morés	2019	334,0	288,0	196,0	92,0	3,0	0,0	193,0	68,0555555555555
50178	Moros	2008	469,0	371,0	260,0	111,0	16,0	4,0	240,0	70,0808625336927
50178	Moros	2011	469,0	325,0	224,0	101,0	6,0	17,0	201,0	68,9230769230769
50178	Moros	2015	406,0	302,0	191,0	111,0	10,0	27,0	154,0	63,2450331125828
50178	Moros	2016	397,0	293,0	187,0	106,0	8,0	10,0	169,0	63,8225255972696
50178	Moros	2019	362,0	269,0	161,0	108,0	2,0	8,0	151,0	59,8513011152416
50179	Moyuela	2008	290,0	290,0	240,0	50,0	5,0	0,0	235,0	82,7586206896552
50179	Moyuela	2011	260,0	269,0	230,0	39,0	5,0	5,0	220,0	85,5018587360595
50179	Moyuela	2015	265,0	257,0	202,0	55,0	4,0	6,0	192,0	78,5992217898833
50179	Moyuela	2016	280,0	249,0	213,0	36,0	3,0	4,0	206,0	85,5421686746988
50179	Moyuela	2019	245,0	255,0	196,0	59,0	1,0	1,0	194,0	76,8627450980392
50180	Mozota	2008	127,0	121,0	105,0	16,0	0,0	2,0	103,0	86,7768595041322
50180	Mozota	2011	114,0	111,0	90,0	21,0	3,0	8,0	79,0	81,0810810810811
50180	Mozota	2015	121,0	120,0	96,0	24,0	1,0	5,0	90,0	80,0
50180	Mozota	2016	121,0	119,0	98,0	21,0	2,0	4,0	92,0	82,3529411764706
50180	Mozota	2019	130,0	107,0	85,0	22,0	2,0	1,0	82,0	79,4392523364486
50181	Muel	2008	1225,0	990,0	771,0	219,0	18,0	24,0	729,0	77,8787878787879
50181	Muel	2011	1385,0	1053,0	783,0	270,0	61,0	46,0	676,0	74,3589743589744
50181	Muel	2015	1375,0	1003,0	746,0	257,0	39,0	38,0	669,0	74,3768693918245
50181	Muel	2016	1335,0	993,0	728,0	265,0	26,0	20,0	682,0	73,313192346425
50181	Muel	2019	1333,0	1000,0	743,0	257,0	25,0	8,0	710,0	74,3
50182	Muela (La)	2008	3965,0	3279,0	2519,0	760,0	42,0	55,0	2422,0	76,8222018908204
50182	Muela (La)	2011	5166,0	3704,0	2493,0	1211,0	72,0	205,0	2216,0	67,3056155507559
50182	Muela (La)	2015	4948,0	3352,0	2400,0	952,0	58,0	91,0	2251,0	71,5990453460621
50182	Muela (La)	2016	4980,0	3399,0	2338,0	1061,0	50,0	103,0	2185,0	68,7849367461018
50182	Muela (La)	2019	5479,0	3657,0	2483,0	1174,0	30,0	41,0	2412,0	67,8971834837298
50183	Munébrega	2008	431,0	380,0	308,0	72,0	9,0	1,0	298,0	81,0526315789474
50183	Munébrega	2011	488,0	369,0	274,0	95,0	6,0	14,0	254,0	74,2547425474255
50183	Munébrega	2015	420,0	338,0	251,0	87,0	11,0	21,0	219,0	74,2603550295858
50183	Munébrega	2016	405,0	331,0	244,0	87,0	8,0	10,0	226,0	73,7160120845921
50183	Munébrega	2019	385,0	316,0	226,0	90,0	4,0	5,0	217,0	71,5189873417722
50184	Murero	2008	163,0	148,0	125,0	23,0	3,0	1,0	121,0	84,4594594594594
50184	Murero	2011	146,0	132,0	106,0	26,0	1,0	8,0	97,0	80,3030303030303
50184	Murero	2015	133,0	113,0	82,0	31,0	2,0	3,0	77,0	72,5663716814159
50184	Murero	2016	131,0	115,0	85,0	30,0	1,0	1,0	83,0	73,9130434782609
50184	Murero	2019	107,0	87,0	70,0	17,0	0,0	0,0	70,0	80,4597701149425
50185	Murillo de Gállego	2008	173,0	160,0	125,0	35,0	1,0	0,0	124,0	78,125
50185	Murillo de Gállego	2011	189,0	150,0	112,0	38,0	2,0	8,0	102,0	74,6666666666667
50185	Murillo de Gállego	2015	183,0	132,0	105,0	27,0	1,0	8,0	96,0	79,5454545454545
50185	Murillo de Gállego	2016	166,0	133,0	108,0	25,0	2,0	1,0	105,0	81,203007518797
50185	Murillo de Gállego	2019	174,0	140,0	92,0	48,0	2,0	1,0	89,0	65,7142857142857
50186	Navardún	2008	44,0	48,0	38,0	10,0	0,0	0,0	38,0	79,1666666666667
50186	Navardún	2011	50,0	44,0	30,0	14,0	1,0	0,0	29,0	68,1818181818182
50186	Navardún	2015	43,0	41,0	27,0	14,0	0,0	1,0	26,0	65,8536585365854
50186	Navardún	2016	41,0	42,0	30,0	12,0	1,0	0,0	29,0	71,4285714285714
50186	Navardún	2019	40,0	37,0	26,0	11,0	0,0	1,0	25,0	70,2702702702703
50187	Nigüella	2008	91,0	84,0	62,0	22,0	0,0	0,0	62,0	73,8095238095238
50187	Nigüella	2011	81,0	72,0	40,0	32,0	4,0	1,0	35,0	55,5555555555556
50187	Nigüella	2015	80,0	70,0	38,0	32,0	0,0	4,0	34,0	54,2857142857143
50187	Nigüella	2016	78,0	69,0	44,0	25,0	0,0	0,0	44,0	63,768115942029
50187	Nigüella	2019	66,0	55,0	42,0	13,0	1,0	1,0	40,0	76,3636363636364
50188	Nombrevilla	2008	39,0	38,0	38,0	0,0	0,0	0,0	38,0	100,0
50188	Nombrevilla	2011	35,0	34,0	28,0	6,0	1,0	0,0	27,0	82,3529411764706
50188	Nombrevilla	2015	37,0	30,0	22,0	8,0	2,0	0,0	20,0	73,3333333333333
50188	Nombrevilla	2016	34,0	28,0	25,0	3,0	0,0	0,0	25,0	89,2857142857143
50188	Nombrevilla	2019	29,0	26,0	23,0	3,0	0,0	1,0	22,0	88,4615384615385
50189	Nonaspe	2008	1056,0	838,0	682,0	156,0	15,0	12,0	655,0	81,3842482100239
50189	Nonaspe	2011	1061,0	776,0	587,0	189,0	26,0	13,0	548,0	75,6443298969072
50189	Nonaspe	2015	1016,0	712,0	574,0	138,0	25,0	13,0	536,0	80,6179775280899
50189	Nonaspe	2016	1008,0	705,0	523,0	182,0	20,0	21,0	482,0	74,1843971631206
50189	Nonaspe	2019	962,0	678,0	493,0	185,0	10,0	10,0	473,0	72,7138643067847
50190	Novallas	2008	875,0	727,0	613,0	114,0	10,0	5,0	598,0	84,3191196698762
50190	Novallas	2011	919,0	751,0	568,0	183,0	13,0	21,0	534,0	75,6324900133156
50190	Novallas	2015	931,0	708,0	538,0	170,0	16,0	34,0	488,0	75,9887005649718
50190	Novallas	2016	913,0	695,0	518,0	177,0	18,0	21,0	479,0	74,5323741007194
50190	Novallas	2019	850,0	669,0	531,0	138,0	28,0	19,0	484,0	79,3721973094171
50191	Novillas	2008	643,0	538,0	434,0	104,0	6,0	10,0	418,0	80,6691449814126
50191	Novillas	2011	626,0	505,0	390,0	115,0	12,0	31,0	347,0	77,2277227722772
50191	Novillas	2015	586,0	476,0	311,0	165,0	17,0	27,0	267,0	65,3361344537815
50191	Novillas	2016	578,0	470,0	297,0	173,0	10,0	16,0	271,0	63,1914893617021
50191	Novillas	2019	540,0	446,0	322,0	124,0	3,0	12,0	307,0	72,1973094170403
50192	Nuévalos	2008	342,0	265,0	210,0	55,0	15,0	3,0	192,0	79,2452830188679
50192	Nuévalos	2011	356,0	240,0	186,0	54,0	6,0	17,0	163,0	77,5
50192	Nuévalos	2015	332,0	236,0	183,0	53,0	3,0	20,0	160,0	77,5423728813559
50192	Nuévalos	2016	327,0	236,0	179,0	57,0	2,0	4,0	173,0	75,8474576271186
50192	Nuévalos	2019	325,0	227,0	182,0	45,0	3,0	3,0	176,0	80,1762114537445
50193	Nuez de Ebro	2008	731,0	596,0	497,0	99,0	18,0	11,0	468,0	83,3892617449664
50193	Nuez de Ebro	2011	801,0	635,0	477,0	158,0	25,0	21,0	431,0	75,1181102362205
50193	Nuez de Ebro	2015	843,0	647,0	499,0	148,0	20,0	25,0	454,0	77,1251931993818
50193	Nuez de Ebro	2016	826,0	651,0	506,0	145,0	20,0	16,0	470,0	77,726574500768
50193	Nuez de Ebro	2019	827,0	664,0	482,0	182,0	14,0	18,0	450,0	72,5903614457831
50194	Olvés	2008	112,0	107,0	77,0	30,0	2,0	1,0	74,0	71,9626168224299
50194	Olvés	2011	115,0	102,0	63,0	39,0	1,0	1,0	61,0	61,7647058823529
50194	Olvés	2015	106,0	84,0	50,0	34,0	0,0	0,0	50,0	59,5238095238095
50194	Olvés	2016	117,0	88,0	62,0	26,0	0,0	0,0	62,0	70,4545454545454
50194	Olvés	2019	106,0	80,0	49,0	31,0	0,0	0,0	49,0	61,25
50195	Orcajo	2008	38,0	41,0	34,0	7,0	3,0	1,0	30,0	82,9268292682927
50195	Orcajo	2011	33,0	48,0	38,0	10,0	0,0	1,0	37,0	79,1666666666667
50195	Orcajo	2015	57,0	53,0	38,0	15,0	1,0	0,0	37,0	71,6981132075472
50195	Orcajo	2016	56,0	54,0	40,0	14,0	2,0	0,0	38,0	74,0740740740741
50195	Orcajo	2019	59,0	53,0	42,0	11,0	4,0	0,0	38,0	79,2452830188679
50196	Orera	2008	122,0	102,0	85,0	17,0	4,0	1,0	80,0	83,3333333333333
50196	Orera	2011	129,0	110,0	83,0	27,0	2,0	11,0	70,0	75,4545454545454
50196	Orera	2015	131,0	108,0	80,0	28,0	2,0	8,0	70,0	74,0740740740741
50196	Orera	2016	127,0	107,0	86,0	21,0	3,0	5,0	78,0	80,3738317757009
50196	Orera	2019	118,0	101,0	73,0	28,0	1,0	2,0	70,0	72,2772277227723
50197	Orés	2008	106,0	94,0	76,0	18,0	4,0	1,0	71,0	80,8510638297872
50197	Orés	2011	101,0	89,0	65,0	24,0	0,0	3,0	62,0	73,0337078651685
50197	Orés	2015	110,0	92,0	69,0	23,0	0,0	1,0	68,0	75,0
50197	Orés	2016	112,0	90,0	65,0	25,0	1,0	1,0	63,0	72,2222222222222
50197	Orés	2019	104,0	95,0	95,0	0,0	1,0	2,0	92,0	100,0
50198	Oseja	2008	50,0	51,0	43,0	8,0	0,0	0,0	43,0	84,3137254901961
50198	Oseja	2011	55,0	46,0	36,0	10,0	0,0	3,0	33,0	78,2608695652174
50198	Oseja	2015	48,0	56,0	30,0	26,0	1,0	1,0	28,0	53,5714285714286
50198	Oseja	2016	61,0	54,0	41,0	13,0	2,0	1,0	38,0	75,9259259259259
50198	Oseja	2019	52,0	47,0	32,0	15,0	0,0	0,0	32,0	68,0851063829787
50199	Osera de Ebro	2008	417,0	359,0	282,0	77,0	12,0	1,0	269,0	78,5515320334262
50199	Osera de Ebro	2011	473,0	380,0	252,0	128,0	19,0	21,0	212,0	66,3157894736842
50199	Osera de Ebro	2015	424,0	341,0	234,0	107,0	5,0	15,0	214,0	68,6217008797654
50199	Osera de Ebro	2016	407,0	334,0	238,0	96,0	7,0	10,0	221,0	71,2574850299401
50199	Osera de Ebro	2019	395,0	318,0	203,0	115,0	13,0	3,0	187,0	63,8364779874214
50200	Paniza	2008	741,0	549,0	474,0	75,0	19,0	5,0	450,0	86,3387978142077
50200	Paniza	2011	759,0	534,0	435,0	99,0	32,0	24,0	379,0	81,4606741573034
50200	Paniza	2015	729,0	509,0	405,0	104,0	30,0	17,0	358,0	79,5677799607073
50200	Paniza	2016	691,0	511,0	404,0	107,0	13,0	16,0	375,0	79,0606653620352
50200	Paniza	2019	634,0	479,0	388,0	91,0	15,0	9,0	364,0	81,0020876826722
50201	Paracuellos de Jiloca	2008	507,0	445,0	367,0	78,0	1,0	7,0	359,0	82,4719101123595
50201	Paracuellos de Jiloca	2011	576,0	466,0	365,0	101,0	9,0	13,0	343,0	78,3261802575107
50201	Paracuellos de Jiloca	2015	568,0	443,0	328,0	115,0	12,0	25,0	291,0	74,0406320541761
50201	Paracuellos de Jiloca	2016	590,0	448,0	331,0	117,0	7,0	15,0	309,0	73,8839285714286
50201	Paracuellos de Jiloca	2019	601,0	449,0	344,0	105,0	6,0	7,0	331,0	76,6146993318486
50202	Paracuellos de la Ribera	2008	199,0	207,0	156,0	51,0	9,0	3,0	144,0	75,3623188405797
50202	Paracuellos de la Ribera	2011	194,0	182,0	125,0	57,0	3,0	7,0	115,0	68,6813186813187
50202	Paracuellos de la Ribera	2015	175,0	158,0	96,0	62,0	5,0	3,0	88,0	60,7594936708861
50202	Paracuellos de la Ribera	2016	168,0	152,0	100,0	52,0	2,0	3,0	95,0	65,7894736842105
50202	Paracuellos de la Ribera	2019	158,0	124,0	76,0	48,0	3,0	1,0	72,0	61,2903225806452
50203	Pastriz	2008	1370,0	1088,0	862,0	226,0	21,0	18,0	823,0	79,2279411764706
50203	Pastriz	2011	1384,0	1083,0	803,0	280,0	28,0	71,0	704,0	74,145891043398
50203	Pastriz	2015	1310,0	1043,0	800,0	243,0	44,0	62,0	694,0	76,7018216682646
50203	Pastriz	2016	1280,0	1040,0	737,0	303,0	29,0	36,0	672,0	70,8653846153846
50203	Pastriz	2019	1293,0	1065,0	814,0	251,0	29,0	22,0	763,0	76,4319248826291
50204	Pedrola	2008	3302,0	2383,0	1892,0	491,0	73,0	23,0	1796,0	79,3957196810743
50204	Pedrola	2011	3721,0	2519,0	1819,0	700,0	74,0	78,0	1667,0	72,2111949186185
50204	Pedrola	2015	3622,0	2457,0	1818,0	639,0	68,0	58,0	1692,0	73,992673992674
50204	Pedrola	2016	3560,0	2436,0	1767,0	669,0	59,0	17,0	1691,0	72,5369458128079
50204	Pedrola	2019	3509,0	2396,0	1717,0	679,0	40,0	29,0	1648,0	71,661101836394
50205	Pedrosas (Las)	2008	106,0	108,0	82,0	26,0	2,0	1,0	79,0	75,9259259259259
50205	Pedrosas (Las)	2011	121,0	98,0	72,0	26,0	3,0	3,0	66,0	73,469387755102
50205	Pedrosas (Las)	2015	110,0	91,0	69,0	22,0	5,0	3,0	61,0	75,8241758241758
50205	Pedrosas (Las)	2016	107,0	90,0	61,0	29,0	0,0	0,0	61,0	67,7777777777778
50205	Pedrosas (Las)	2019	90,0	72,0	51,0	21,0	3,0	1,0	47,0	70,8333333333333
50206	Perdiguera	2008	647,0	525,0	420,0	105,0	9,0	17,0	394,0	80,0
50206	Perdiguera	2011	664,0	499,0	386,0	113,0	5,0	37,0	344,0	77,3547094188377
50206	Perdiguera	2015	613,0	466,0	368,0	98,0	6,0	26,0	336,0	78,9699570815451
50206	Perdiguera	2016	597,0	460,0	353,0	107,0	13,0	12,0	328,0	76,7391304347826
50206	Perdiguera	2019	577,0	457,0	346,0	111,0	4,0	16,0	326,0	75,7111597374179
50207	Piedratajada	2008	167,0	141,0	110,0	31,0	1,0	3,0	106,0	78,0141843971631
50207	Piedratajada	2011	150,0	126,0	96,0	30,0	4,0	6,0	86,0	76,1904761904762
50207	Piedratajada	2015	113,0	109,0	88,0	21,0	0,0	5,0	83,0	80,7339449541284
50207	Piedratajada	2016	114,0	106,0	93,0	13,0	1,0	6,0	86,0	87,7358490566038
50207	Piedratajada	2019	97,0	87,0	58,0	29,0	4,0	1,0	53,0	66,6666666666667
50208	Pina de Ebro	2008	2461,0	1849,0	1441,0	408,0	36,0	36,0	1369,0	77,934018388318
50208	Pina de Ebro	2011	2655,0	1831,0	1312,0	519,0	49,0	69,0	1194,0	71,6548334243583
50208	Pina de Ebro	2015	2567,0	1802,0	1339,0	463,0	67,0	69,0	1203,0	74,3063263041065
50208	Pina de Ebro	2016	2535,0	1774,0	1195,0	579,0	50,0	49,0	1096,0	67,3618940248027
50208	Pina de Ebro	2019	2373,0	1761,0	1253,0	508,0	44,0	39,0	1170,0	71,152754116979
50209	Pinseque	2008	2953,0	2347,0	1740,0	607,0	26,0	31,0	1683,0	74,1371964209629
50209	Pinseque	2011	3481,0	2559,0	1671,0	888,0	43,0	92,0	1536,0	65,2989449003517
50209	Pinseque	2015	3625,0	2560,0	1766,0	794,0	71,0	37,0	1658,0	68,984375
50209	Pinseque	2016	3606,0	2601,0	1715,0	886,0	32,0	38,0	1645,0	65,9361783929258
50209	Pinseque	2019	3908,0	2785,0	1885,0	900,0	37,0	58,0	1790,0	67,6840215439856
50210	Pintanos (Los)	2008	43,0	41,0	35,0	6,0	0,0	0,0	35,0	85,3658536585366
50210	Pintanos (Los)	2011	38,0	39,0	30,0	9,0	1,0	1,0	28,0	76,9230769230769
50210	Pintanos (Los)	2015	44,0	40,0	33,0	7,0	1,0	0,0	32,0	82,5
50210	Pintanos (Los)	2016	44,0	38,0	30,0	8,0	1,0	1,0	28,0	78,9473684210526
50210	Pintanos (Los)	2019	37,0	37,0	26,0	11,0	0,0	0,0	26,0	70,2702702702703
50211	Plasencia de Jalón	2008	363,0	272,0	228,0	44,0	11,0	2,0	215,0	83,8235294117647
50211	Plasencia de Jalón	2011	404,0	277,0	193,0	84,0	3,0	3,0	187,0	69,6750902527076
50211	Plasencia de Jalón	2015	370,0	252,0	186,0	66,0	4,0	7,0	175,0	73,8095238095238
50211	Plasencia de Jalón	2016	342,0	249,0	177,0	72,0	3,0	4,0	170,0	71,0843373493976
50211	Plasencia de Jalón	2019	303,0	236,0	173,0	63,0	1,0	2,0	170,0	73,3050847457627
50212	Pleitas	2008	57,0	56,0	47,0	9,0	1,0	0,0	46,0	83,9285714285714
50212	Pleitas	2011	48,0	52,0	48,0	4,0	0,0	1,0	47,0	92,3076923076923
50212	Pleitas	2015	43,0	41,0	37,0	4,0	0,0	0,0	37,0	90,2439024390244
50212	Pleitas	2016	45,0	40,0	36,0	4,0	0,0	0,0	36,0	90,0
50212	Pleitas	2019	36,0	32,0	26,0	6,0	0,0	0,0	26,0	81,25
50213	Plenas	2008	113,0	140,0	106,0	34,0	3,0	1,0	102,0	75,7142857142857
50213	Plenas	2011	132,0	117,0	82,0	35,0	1,0	0,0	81,0	70,0854700854701
50213	Plenas	2015	120,0	98,0	75,0	23,0	2,0	1,0	72,0	76,5306122448979
50213	Plenas	2016	111,0	94,0	75,0	19,0	2,0	1,0	72,0	79,7872340425532
50213	Plenas	2019	101,0	92,0	67,0	25,0	2,0	1,0	64,0	72,8260869565217
50214	Pomer	2008	31,0	29,0	22,0	7,0	0,0	0,0	22,0	75,8620689655172
50214	Pomer	2011	37,0	31,0	22,0	9,0	1,0	2,0	19,0	70,9677419354839
50214	Pomer	2015	34,0	27,0	16,0	11,0	0,0	1,0	15,0	59,2592592592593
50214	Pomer	2016	32,0	27,0	27,0	0,0	0,0	2,0	25,0	100,0
50214	Pomer	2019	22,0	18,0	14,0	4,0	0,0	1,0	13,0	77,7777777777778
50215	Pozuel de Ariza	2008	24,0	25,0	17,0	8,0	0,0	0,0	17,0	68,0
50215	Pozuel de Ariza	2011	20,0	21,0	21,0	0,0	1,0	0,0	20,0	100,0
50215	Pozuel de Ariza	2015	23,0	23,0	15,0	8,0	0,0	0,0	15,0	65,2173913043478
50215	Pozuel de Ariza	2016	24,0	24,0	19,0	5,0	0,0	0,0	19,0	79,1666666666667
50215	Pozuel de Ariza	2019	21,0	20,0	14,0	6,0	0,0	0,0	14,0	70,0
50216	Pozuelo de Aragón	2008	334,0	283,0	242,0	41,0	6,0	4,0	232,0	85,5123674911661
50216	Pozuelo de Aragón	2011	342,0	267,0	201,0	66,0	7,0	10,0	184,0	75,2808988764045
50216	Pozuelo de Aragón	2015	299,0	236,0	185,0	51,0	9,0	4,0	172,0	78,3898305084746
50216	Pozuelo de Aragón	2016	288,0	235,0	186,0	49,0	2,0	7,0	177,0	79,1489361702128
50216	Pozuelo de Aragón	2019	284,0	236,0	168,0	68,0	6,0	2,0	160,0	71,1864406779661
50217	Pradilla de Ebro	2008	637,0	526,0	412,0	114,0	8,0	2,0	402,0	78,3269961977186
50217	Pradilla de Ebro	2011	618,0	496,0	378,0	118,0	2,0	7,0	369,0	76,2096774193548
50217	Pradilla de Ebro	2015	584,0	455,0	331,0	124,0	6,0	8,0	317,0	72,7472527472527
50217	Pradilla de Ebro	2016	560,0	446,0	340,0	106,0	6,0	7,0	327,0	76,2331838565022
50217	Pradilla de Ebro	2019	574,0	426,0	331,0	95,0	1,0	4,0	326,0	77,6995305164319
50218	Puebla de Albortón	2008	137,0	124,0	99,0	25,0	1,0	1,0	97,0	79,8387096774194
50218	Puebla de Albortón	2011	125,0	113,0	92,0	21,0	4,0	2,0	86,0	81,4159292035398
50218	Puebla de Albortón	2015	127,0	113,0	89,0	24,0	1,0	4,0	84,0	78,7610619469026
50218	Puebla de Albortón	2016	124,0	113,0	91,0	22,0	0,0	1,0	90,0	80,5309734513274
50218	Puebla de Albortón	2019	120,0	112,0	87,0	25,0	2,0	0,0	85,0	77,6785714285714
50219	Puebla de Alfindén (La)	2008	4432,0	3240,0	2458,0	782,0	26,0	38,0	2394,0	75,8641975308642
50219	Puebla de Alfindén (La)	2011	5250,0	3704,0	2642,0	1062,0	114,0	201,0	2327,0	71,3282937365011
50219	Puebla de Alfindén (La)	2015	5864,0	4098,0	2978,0	1120,0	103,0	137,0	2738,0	72,6695949243534
50219	Puebla de Alfindén (La)	2016	5948,0	4119,0	2797,0	1322,0	88,0	83,0	2626,0	67,9048312697257
50219	Puebla de Alfindén (La)	2019	6173,0	4283,0	3011,0	1272,0	84,0	80,0	2847,0	70,3011907541443
50220	Puendeluna	2008	60,0	56,0	47,0	9,0	0,0	3,0	44,0	83,9285714285714
50220	Puendeluna	2011	65,0	59,0	42,0	17,0	0,0	1,0	41,0	71,1864406779661
50220	Puendeluna	2015	51,0	46,0	33,0	13,0	0,0	1,0	32,0	71,7391304347826
50220	Puendeluna	2016	51,0	40,0	32,0	8,0	0,0	0,0	32,0	80,0
50220	Puendeluna	2019	44,0	45,0	38,0	7,0	0,0	0,0	38,0	84,4444444444444
50221	Purujosa	2008	50,0	46,0	33,0	13,0	0,0	0,0	33,0	71,7391304347826
50221	Purujosa	2011	44,0	38,0	20,0	18,0	1,0	0,0	19,0	52,6315789473684
50221	Purujosa	2015	39,0	33,0	20,0	13,0	2,0	1,0	17,0	60,6060606060606
50221	Purujosa	2016	37,0	35,0	17,0	18,0	0,0	0,0	17,0	48,5714285714286
50221	Purujosa	2019	36,0	29,0	18,0	11,0	0,0	0,0	18,0	62,0689655172414
50222	Quinto	2008	2069,0	1674,0	1177,0	497,0	27,0	20,0	1130,0	70,310633213859
50222	Quinto	2011	2111,0	1695,0	1108,0	587,0	49,0	67,0	992,0	65,3687315634218
50222	Quinto	2015	2055,0	1647,0	1113,0	534,0	53,0	54,0	1006,0	67,5774134790528
50222	Quinto	2016	2020,0	1622,0	1054,0	568,0	44,0	45,0	965,0	64,9815043156597
50222	Quinto	2019	1948,0	1574,0	1008,0	566,0	46,0	37,0	925,0	64,0406607369759
50223	Remolinos	2008	1209,0	989,0	989,0	0,0	26,0	9,0	954,0	100,0
50223	Remolinos	2011	1199,0	956,0	747,0	209,0	15,0	30,0	702,0	78,1380753138075
50223	Remolinos	2015	1149,0	915,0	739,0	176,0	27,0	30,0	682,0	80,7650273224044
50223	Remolinos	2016	1143,0	920,0	705,0	215,0	22,0	23,0	660,0	76,6304347826087
50223	Remolinos	2019	1081,0	906,0	699,0	207,0	19,0	21,0	659,0	77,1523178807947
50224	Retascón	2008	95,0	83,0	62,0	21,0	2,0	3,0	57,0	74,6987951807229
50224	Retascón	2011	79,0	70,0	52,0	18,0	3,0	3,0	46,0	74,2857142857143
50224	Retascón	2015	75,0	69,0	55,0	14,0	0,0	1,0	54,0	79,7101449275362
50224	Retascón	2016	79,0	72,0	57,0	15,0	2,0	4,0	51,0	79,1666666666667
50224	Retascón	2019	74,0	61,0	44,0	17,0	0,0	2,0	42,0	72,1311475409836
50225	Ricla	2008	2916,0	1671,0	1164,0	507,0	46,0	25,0	1093,0	69,6588868940754
50225	Ricla	2011	3568,0	1638,0	1058,0	580,0	42,0	48,0	968,0	64,5909645909646
50225	Ricla	2015	3203,0	1568,0	980,0	588,0	35,0	37,0	908,0	62,5
50225	Ricla	2016	3122,0	1570,0	945,0	625,0	33,0	26,0	886,0	60,1910828025478
50225	Ricla	2019	2815,0	1532,0	964,0	568,0	36,0	26,0	902,0	62,9242819843342
50227	Romanos	2008	112,0	109,0	92,0	17,0	0,0	0,0	92,0	84,4036697247706
50227	Romanos	2011	113,0	105,0	78,0	27,0	0,0	0,0	78,0	74,2857142857143
50227	Romanos	2015	107,0	108,0	79,0	29,0	0,0	3,0	76,0	73,1481481481481
50227	Romanos	2016	111,0	109,0	79,0	30,0	0,0	3,0	76,0	72,4770642201835
50227	Romanos	2019	119,0	107,0	62,0	45,0	2,0	2,0	58,0	57,9439252336449
50228	Rueda de Jalón	2008	364,0	305,0	258,0	47,0	9,0	9,0	240,0	84,5901639344262
50228	Rueda de Jalón	2011	353,0	295,0	238,0	57,0	7,0	18,0	213,0	80,6779661016949
50228	Rueda de Jalón	2015	344,0	270,0	212,0	58,0	5,0	19,0	188,0	78,5185185185185
50228	Rueda de Jalón	2016	332,0	268,0	210,0	58,0	4,0	8,0	198,0	78,3582089552239
50228	Rueda de Jalón	2019	325,0	249,0	206,0	43,0	5,0	7,0	194,0	82,7309236947791
50229	Ruesca	2008	82,0	63,0	52,0	11,0	1,0	2,0	49,0	82,5396825396825
50229	Ruesca	2011	75,0	62,0	47,0	15,0	2,0	3,0	42,0	75,8064516129032
50229	Ruesca	2015	73,0	64,0	40,0	24,0	0,0	1,0	39,0	62,5
50229	Ruesca	2016	73,0	62,0	45,0	17,0	0,0	1,0	44,0	72,5806451612903
50229	Ruesca	2019	72,0	65,0	45,0	20,0	0,0	1,0	44,0	69,2307692307692
50230	Sádaba	2008	1692,0	1383,0	1031,0	352,0	23,0	10,0	998,0	74,5480838756327
50230	Sádaba	2011	1671,0	1295,0	906,0	389,0	29,0	44,0	833,0	69,96138996139
50230	Sádaba	2015	1460,0	1176,0	847,0	329,0	40,0	41,0	766,0	72,0238095238095
50230	Sádaba	2016	1404,0	1165,0	824,0	341,0	27,0	34,0	763,0	70,7296137339056
50230	Sádaba	2019	1324,0	1140,0	770,0	370,0	12,0	20,0	738,0	67,5438596491228
50231	Salillas de Jalón	2008	365,0	295,0	254,0	41,0	5,0	2,0	247,0	86,1016949152542
50231	Salillas de Jalón	2011	375,0	285,0	230,0	55,0	8,0	17,0	205,0	80,7017543859649
50231	Salillas de Jalón	2015	324,0	260,0	214,0	46,0	10,0	13,0	191,0	82,3076923076923
50231	Salillas de Jalón	2016	324,0	250,0	195,0	55,0	4,0	6,0	185,0	78,0
50231	Salillas de Jalón	2019	304,0	253,0	199,0	54,0	7,0	9,0	183,0	78,6561264822134
50232	Salvatierra de Esca	2008	249,0	201,0	156,0	45,0	8,0	5,0	143,0	77,6119402985075
50232	Salvatierra de Esca	2011	235,0	176,0	123,0	53,0	1,0	16,0	106,0	69,8863636363636
50232	Salvatierra de Esca	2015	211,0	171,0	116,0	55,0	1,0	12,0	103,0	67,8362573099415
50232	Salvatierra de Esca	2016	215,0	175,0	102,0	73,0	2,0	3,0	97,0	58,2857142857143
50232	Salvatierra de Esca	2019	198,0	160,0	91,0	69,0	0,0	5,0	86,0	56,875
50233	Samper del Salz	2008	105,0	117,0	92,0	25,0	3,0	0,0	89,0	78,6324786324786
50233	Samper del Salz	2011	128,0	120,0	89,0	31,0	2,0	10,0	77,0	74,1666666666667
50233	Samper del Salz	2015	106,0	114,0	81,0	33,0	0,0	4,0	77,0	71,0526315789474
50233	Samper del Salz	2016	123,0	106,0	81,0	25,0	2,0	1,0	78,0	76,4150943396226
50233	Samper del Salz	2019	112,0	96,0	78,0	18,0	0,0	1,0	77,0	81,25
50234	San Martín de la Virgen de Moncayo	2008	284,0	253,0	222,0	31,0	8,0	3,0	211,0	87,7470355731225
50234	San Martín de la Virgen de Moncayo	2011	295,0	251,0	196,0	55,0	18,0	21,0	157,0	78,0876494023904
50234	San Martín de la Virgen de Moncayo	2015	281,0	245,0	193,0	52,0	11,0	20,0	162,0	78,7755102040816
50234	San Martín de la Virgen de Moncayo	2016	279,0	243,0	184,0	59,0	8,0	15,0	161,0	75,7201646090535
50234	San Martín de la Virgen de Moncayo	2019	286,0	242,0	152,0	90,0	7,0	12,0	133,0	62,8099173553719
50235	San Mateo de Gállego	2008	2708,0	2191,0	1704,0	487,0	65,0	31,0	1608,0	77,7727065267001
50235	San Mateo de Gállego	2011	3079,0	2371,0	1719,0	652,0	63,0	71,0	1585,0	72,501054407423
50235	San Mateo de Gállego	2015	3093,0	2323,0	1661,0	662,0	91,0	82,0	1488,0	71,5023676280672
50235	San Mateo de Gállego	2016	3051,0	2339,0	1632,0	707,0	64,0	66,0	1502,0	69,7734074390765
50235	San Mateo de Gállego	2019	3134,0	2421,0	1707,0	714,0	42,0	47,0	1618,0	70,5080545229244
50236	Santa Cruz de Grío	2008	194,0	143,0	124,0	19,0	0,0	0,0	124,0	86,7132867132867
50236	Santa Cruz de Grío	2011	164,0	124,0	103,0	21,0	0,0	1,0	102,0	83,0645161290322
50236	Santa Cruz de Grío	2015	133,0	104,0	82,0	22,0	0,0	3,0	79,0	78,8461538461538
50236	Santa Cruz de Grío	2016	135,0	102,0	79,0	23,0	4,0	0,0	75,0	77,4509803921569
50236	Santa Cruz de Grío	2019	108,0	95,0	77,0	18,0	2,0	0,0	75,0	81,0526315789474
50237	Santa Cruz de Moncayo	2008	125,0	110,0	77,0	33,0	0,0	5,0	72,0	70,0
50237	Santa Cruz de Moncayo	2011	126,0	103,0	75,0	28,0	2,0	4,0	69,0	72,8155339805825
50237	Santa Cruz de Moncayo	2015	137,0	103,0	73,0	30,0	1,0	6,0	66,0	70,873786407767
50237	Santa Cruz de Moncayo	2016	136,0	101,0	74,0	27,0	2,0	3,0	69,0	73,2673267326733
50237	Santa Cruz de Moncayo	2019	125,0	100,0	75,0	25,0	1,0	4,0	70,0	75,0
50238	Santa Eulalia de Gállego	2008	129,0	114,0	89,0	25,0	3,0	1,0	85,0	78,0701754385965
50238	Santa Eulalia de Gállego	2011	125,0	114,0	80,0	34,0	2,0	6,0	72,0	70,1754385964912
50238	Santa Eulalia de Gállego	2015	127,0	97,0	74,0	23,0	1,0	3,0	70,0	76,2886597938144
50238	Santa Eulalia de Gállego	2016	110,0	91,0	65,0	26,0	0,0	5,0	60,0	71,4285714285714
50238	Santa Eulalia de Gállego	2019	98,0	84,0	65,0	19,0	0,0	1,0	64,0	77,3809523809524
50239	Santed	2008	67,0	64,0	44,0	20,0	1,0	0,0	43,0	68,75
50239	Santed	2011	61,0	65,0	42,0	23,0	1,0	1,0	40,0	64,6153846153846
50239	Santed	2015	66,0	64,0	47,0	17,0	0,0	2,0	45,0	73,4375
50239	Santed	2016	66,0	62,0	49,0	13,0	1,0	1,0	47,0	79,0322580645161
50239	Santed	2019	61,0	63,0	46,0	17,0	1,0	1,0	44,0	73,015873015873
50240	Sástago	2008	1179,0	1095,0	840,0	255,0	26,0	13,0	801,0	76,7123287671233
50240	Sástago	2011	1260,0	1127,0	797,0	330,0	26,0	55,0	716,0	70,7187222715173
50240	Sástago	2015	1221,0	1034,0	744,0	290,0	42,0	30,0	672,0	71,953578336557
50240	Sástago	2016	1217,0	1025,0	726,0	299,0	12,0	26,0	688,0	70,8292682926829
50240	Sástago	2019	1170,0	943,0	688,0	255,0	20,0	22,0	646,0	72,9586426299046
50241	Saviñán	2008	741,0	699,0	560,0	139,0	24,0	11,0	525,0	80,1144492131617
50241	Saviñán	2011	793,0	634,0	459,0	175,0	20,0	21,0	418,0	72,397476340694
50241	Saviñán	2015	755,0	593,0	424,0	169,0	17,0	29,0	378,0	71,5008431703204
50241	Saviñán	2016	743,0	588,0	414,0	174,0	15,0	20,0	379,0	70,4081632653061
50241	Saviñán	2019	691,0	582,0	413,0	169,0	12,0	12,0	389,0	70,9621993127148
50242	Sediles	2008	100,0	99,0	80,0	19,0	0,0	2,0	78,0	80,8080808080808
50242	Sediles	2011	112,0	102,0	82,0	20,0	0,0	8,0	74,0	80,3921568627451
50242	Sediles	2015	110,0	92,0	77,0	15,0	4,0	3,0	70,0	83,695652173913
50242	Sediles	2016	105,0	93,0	74,0	19,0	0,0	6,0	68,0	79,5698924731183
50242	Sediles	2019	95,0	99,0	72,0	27,0	3,0	2,0	67,0	72,7272727272727
50243	Sestrica	2008	425,0	374,0	289,0	85,0	9,0	3,0	277,0	77,2727272727273
50243	Sestrica	2011	402,0	346,0	277,0	69,0	9,0	5,0	263,0	80,0578034682081
50243	Sestrica	2015	413,0	340,0	259,0	81,0	13,0	13,0	233,0	76,1764705882353
50243	Sestrica	2016	402,0	331,0	249,0	82,0	8,0	3,0	238,0	75,226586102719
50243	Sestrica	2019	370,0	307,0	225,0	82,0	4,0	4,0	217,0	73,2899022801303
50244	Sierra de Luna	2008	309,0	233,0	181,0	52,0	10,0	4,0	167,0	77,6824034334764
50244	Sierra de Luna	2011	308,0	215,0	155,0	60,0	8,0	10,0	137,0	72,093023255814
50244	Sierra de Luna	2015	273,0	205,0	152,0	53,0	3,0	9,0	140,0	74,1463414634146
50244	Sierra de Luna	2016	267,0	201,0	159,0	42,0	0,0	5,0	154,0	79,1044776119403
50244	Sierra de Luna	2019	253,0	192,0	130,0	62,0	1,0	4,0	125,0	67,7083333333333
50245	Sigüés	2008	147,0	135,0	91,0	44,0	2,0	3,0	86,0	67,4074074074074
50245	Sigüés	2011	132,0	121,0	79,0	42,0	0,0	6,0	73,0	65,2892561983471
50245	Sigüés	2015	105,0	90,0	60,0	30,0	0,0	2,0	58,0	66,6666666666667
50245	Sigüés	2016	103,0	88,0	65,0	23,0	1,0	1,0	63,0	73,8636363636364
50245	Sigüés	2019	88,0	74,0	51,0	23,0	0,0	0,0	51,0	68,9189189189189
50246	Sisamón	2008	53,0	52,0	41,0	11,0	0,0	2,0	39,0	78,8461538461538
50246	Sisamón	2011	50,0	48,0	33,0	15,0	0,0	2,0	31,0	68,75
50246	Sisamón	2015	38,0	41,0	28,0	13,0	0,0	0,0	28,0	68,2926829268293
50246	Sisamón	2016	36,0	41,0	28,0	13,0	0,0	0,0	28,0	68,2926829268293
50246	Sisamón	2019	31,0	37,0	24,0	13,0	0,0	0,0	24,0	64,8648648648649
50247	Sobradiel	2008	903,0	763,0	588,0	175,0	26,0	5,0	557,0	77,0642201834862
50247	Sobradiel	2011	999,0	794,0	566,0	228,0	11,0	27,0	528,0	71,2846347607053
50247	Sobradiel	2015	1083,0	827,0	613,0	214,0	24,0	52,0	537,0	74,1233373639661
50247	Sobradiel	2016	1077,0	823,0	579,0	244,0	27,0	32,0	520,0	70,3523693803159
50247	Sobradiel	2019	1089,0	852,0	593,0	259,0	11,0	17,0	565,0	69,6009389671361
50248	Sos del Rey Católico	2008	712,0	594,0	476,0	118,0	11,0	22,0	443,0	80,1346801346801
50248	Sos del Rey Católico	2011	662,0	552,0	418,0	134,0	13,0	23,0	382,0	75,7246376811594
50248	Sos del Rey Católico	2015	629,0	521,0	402,0	119,0	15,0	18,0	369,0	77,1593090211132
50248	Sos del Rey Católico	2016	614,0	508,0	381,0	127,0	15,0	14,0	352,0	75,0
50248	Sos del Rey Católico	2019	588,0	501,0	339,0	162,0	17,0	12,0	310,0	67,6646706586826
50249	Tabuenca	2008	424,0	365,0	285,0	80,0	19,0	5,0	261,0	78,0821917808219
50249	Tabuenca	2011	412,0	333,0	277,0	56,0	10,0	7,0	260,0	83,1831831831832
50249	Tabuenca	2015	369,0	312,0	231,0	81,0	3,0	10,0	218,0	74,0384615384615
50249	Tabuenca	2016	352,0	302,0	223,0	79,0	7,0	7,0	209,0	73,841059602649
50249	Tabuenca	2019	323,0	283,0	199,0	84,0	7,0	3,0	189,0	70,3180212014134
50250	Talamantes	2008	66,0	62,0	50,0	12,0	0,0	0,0	50,0	80,6451612903226
50250	Talamantes	2011	61,0	58,0	39,0	19,0	0,0	4,0	35,0	67,2413793103448
50250	Talamantes	2015	59,0	55,0	44,0	11,0	3,0	0,0	41,0	80,0
50250	Talamantes	2016	58,0	52,0	44,0	8,0	0,0	0,0	44,0	84,6153846153846
50250	Talamantes	2019	63,0	54,0	44,0	10,0	0,0	3,0	41,0	81,4814814814815
50251	Tarazona	2008	10991,0	8381,0	6543,0	1838,0	227,0	123,0	6193,0	78,0694427872569
50251	Tarazona	2011	11131,0	8379,0	6182,0	2197,0	287,0	426,0	5469,0	73,7796873135219
50251	Tarazona	2015	10864,0	8300,0	6168,0	2132,0	309,0	345,0	5514,0	74,3132530120482
50251	Tarazona	2016	10759,0	8262,0	5899,0	2363,0	196,0	194,0	5509,0	71,3991769547325
50251	Tarazona	2019	10509,0	8209,0	5708,0	2501,0	143,0	150,0	5415,0	69,533438908515
50252	Tauste	2008	7489,0	5520,0	4161,0	1359,0	105,0	95,0	3961,0	75,3804347826087
50252	Tauste	2011	7567,0	5345,0	3824,0	1521,0	155,0	235,0	3434,0	71,5434985968195
50252	Tauste	2015	7027,0	5178,0	3692,0	1486,0	133,0	248,0	3311,0	71,3016608729239
50252	Tauste	2016	6941,0	5138,0	3613,0	1525,0	106,0	104,0	3403,0	70,3191903464383
50252	Tauste	2019	6914,0	5019,0	3464,0	1555,0	69,0	124,0	3271,0	69,017732616059
50253	Terrer	2008	541,0	481,0	406,0	75,0	7,0	8,0	391,0	84,4074844074844
50253	Terrer	2011	519,0	461,0	379,0	82,0	11,0	17,0	351,0	82,2125813449024
50253	Terrer	2015	532,0	423,0	223,0	200,0	16,0	13,0	194,0	52,7186761229314
50253	Terrer	2016	520,0	423,0	328,0	95,0	15,0	7,0	306,0	77,5413711583924
50253	Terrer	2019	485,0	379,0	293,0	86,0	5,0	6,0	282,0	77,3087071240106
50254	Tierga	2008	198,0	196,0	156,0	40,0	2,0	5,0	149,0	79,5918367346939
50254	Tierga	2011	179,0	179,0	136,0	43,0	4,0	4,0	128,0	75,9776536312849
50254	Tierga	2015	197,0	181,0	129,0	52,0	1,0	4,0	124,0	71,2707182320442
50254	Tierga	2016	200,0	180,0	117,0	63,0	2,0	1,0	114,0	65,0
50254	Tierga	2019	192,0	179,0	115,0	64,0	3,0	1,0	111,0	64,2458100558659
50255	Tobed	2008	276,0	250,0	202,0	48,0	58,0	1,0	143,0	80,8
50255	Tobed	2011	256,0	219,0	150,0	69,0	5,0	1,0	144,0	68,4931506849315
50255	Tobed	2015	230,0	214,0	163,0	51,0	3,0	2,0	158,0	76,1682242990654
50255	Tobed	2016	243,0	209,0	162,0	47,0	1,0	5,0	156,0	77,511961722488
50255	Tobed	2019	214,0	199,0	152,0	47,0	6,0	10,0	136,0	76,3819095477387
50256	Torralba de los Frailes	2008	100,0	100,0	63,0	37,0	0,0	0,0	63,0	63,0
50256	Torralba de los Frailes	2011	96,0	90,0	59,0	31,0	1,0	2,0	56,0	65,5555555555555
50256	Torralba de los Frailes	2015	88,0	84,0	46,0	38,0	0,0	0,0	46,0	54,7619047619048
50256	Torralba de los Frailes	2016	86,0	83,0	54,0	29,0	0,0	0,0	54,0	65,0602409638554
50256	Torralba de los Frailes	2019	86,0	70,0	43,0	27,0	0,0	0,0	43,0	61,4285714285714
50257	Torralba de Ribota	2008	187,0	180,0	149,0	31,0	3,0	1,0	145,0	82,7777777777778
50257	Torralba de Ribota	2011	198,0	195,0	154,0	41,0	1,0	5,0	148,0	78,974358974359
50257	Torralba de Ribota	2015	189,0	178,0	138,0	40,0	3,0	3,0	132,0	77,5280898876404
50257	Torralba de Ribota	2016	186,0	171,0	133,0	38,0	0,0	5,0	128,0	77,7777777777778
50257	Torralba de Ribota	2019	172,0	159,0	128,0	31,0	3,0	1,0	124,0	80,5031446540881
50258	Torralbilla	2008	71,0	64,0	45,0	19,0	0,0	0,0	45,0	70,3125
50258	Torralbilla	2011	64,0	54,0	37,0	17,0	1,0	3,0	33,0	68,5185185185185
50258	Torralbilla	2015	57,0	56,0	34,0	22,0	1,0	6,0	27,0	60,7142857142857
50258	Torralbilla	2016	63,0	54,0	33,0	21,0	0,0	2,0	31,0	61,1111111111111
50258	Torralbilla	2019	61,0	53,0	25,0	28,0	1,0	2,0	22,0	47,1698113207547
50259	Torrehermosa	2008	92,0	90,0	58,0	32,0	0,0	2,0	56,0	64,4444444444444
50259	Torrehermosa	2011	83,0	89,0	53,0	36,0	0,0	8,0	45,0	59,5505617977528
50259	Torrehermosa	2015	71,0	89,0	57,0	32,0	0,0	4,0	53,0	64,0449438202247
50259	Torrehermosa	2016	69,0	88,0	67,0	21,0	1,0	2,0	64,0	76,1363636363636
50259	Torrehermosa	2019	63,0	82,0	55,0	27,0	0,0	2,0	53,0	67,0731707317073
50260	Torrelapaja	2008	42,0	45,0	37,0	8,0	3,0	0,0	34,0	82,2222222222222
50260	Torrelapaja	2011	45,0	42,0	32,0	10,0	4,0	1,0	27,0	76,1904761904762
50260	Torrelapaja	2015	35,0	35,0	31,0	4,0	0,0	1,0	30,0	88,5714285714286
50260	Torrelapaja	2016	35,0	33,0	33,0	0,0	1,0	1,0	31,0	100,0
50260	Torrelapaja	2019	32,0	35,0	31,0	4,0	0,0	0,0	31,0	88,5714285714286
50261	Torrellas	2008	315,0	269,0	227,0	42,0	1,0	2,0	224,0	84,3866171003717
50261	Torrellas	2011	293,0	246,0	198,0	48,0	12,0	9,0	177,0	80,4878048780488
50261	Torrellas	2015	275,0	215,0	158,0	57,0	6,0	5,0	147,0	73,4883720930232
50261	Torrellas	2016	269,0	213,0	156,0	57,0	1,0	1,0	154,0	73,2394366197183
50261	Torrellas	2019	250,0	201,0	154,0	47,0	3,0	0,0	151,0	76,6169154228856
50262	Torres de Berrellén	2008	1440,0	1228,0	935,0	293,0	29,0	9,0	897,0	76,1400651465798
50262	Torres de Berrellén	2011	1496,0	1216,0	906,0	310,0	27,0	44,0	835,0	74,5065789473684
50262	Torres de Berrellén	2015	1492,0	1187,0	917,0	270,0	46,0	43,0	828,0	77,2535804549284
50262	Torres de Berrellén	2016	1491,0	1170,0	1028,0	142,0	30,0	32,0	966,0	87,8632478632479
50262	Torres de Berrellén	2019	1446,0	1161,0	843,0	318,0	22,0	29,0	792,0	72,609819121447
50263	Torrijo de la Cañada	2008	314,0	272,0	190,0	82,0	10,0	3,0	177,0	69,8529411764706
50263	Torrijo de la Cañada	2011	277,0	235,0	158,0	77,0	2,0	4,0	152,0	67,2340425531915
50263	Torrijo de la Cañada	2015	251,0	197,0	123,0	74,0	9,0	8,0	106,0	62,4365482233502
50263	Torrijo de la Cañada	2016	245,0	193,0	120,0	73,0	5,0	1,0	114,0	62,1761658031088
50263	Torrijo de la Cañada	2019	206,0	171,0	110,0	61,0	5,0	2,0	103,0	64,3274853801169
50264	Tosos	2008	239,0	197,0	157,0	40,0	0,0	2,0	155,0	79,6954314720812
50264	Tosos	2011	245,0	184,0	141,0	43,0	5,0	3,0	133,0	76,6304347826087
50264	Tosos	2015	208,0	158,0	111,0	47,0	4,0	3,0	104,0	70,253164556962
50264	Tosos	2016	205,0	156,0	114,0	42,0	4,0	2,0	108,0	73,0769230769231
50264	Tosos	2019	180,0	151,0	111,0	40,0	3,0	1,0	107,0	73,5099337748344
50265	Trasmoz	2008	91,0	79,0	60,0	19,0	4,0	0,0	56,0	75,9493670886076
50265	Trasmoz	2011	78,0	63,0	46,0	17,0	1,0	0,0	45,0	73,015873015873
50265	Trasmoz	2015	75,0	62,0	41,0	21,0	0,0	2,0	39,0	66,1290322580645
50265	Trasmoz	2016	79,0	79,0	61,0	18,0	1,0	0,0	60,0	77,2151898734177
50265	Trasmoz	2019	89,0	74,0	54,0	20,0	2,0	1,0	51,0	72,972972972973
50266	Trasobares	2008	177,0	158,0	114,0	44,0	0,0	1,0	113,0	72,1518987341772
50266	Trasobares	2011	152,0	139,0	94,0	45,0	0,0	2,0	92,0	67,6258992805755
50266	Trasobares	2015	137,0	129,0	85,0	44,0	2,0	8,0	75,0	65,891472868217
50266	Trasobares	2016	128,0	122,0	89,0	33,0	0,0	1,0	88,0	72,9508196721311
50266	Trasobares	2019	120,0	120,0	75,0	45,0	2,0	3,0	70,0	62,5
50267	Uncastillo	2008	819,0	716,0	544,0	172,0	15,0	8,0	521,0	75,9776536312849
50267	Uncastillo	2011	781,0	648,0	445,0	203,0	23,0	20,0	402,0	68,6728395061728
50267	Uncastillo	2015	688,0	605,0	420,0	185,0	12,0	21,0	387,0	69,4214876033058
50267	Uncastillo	2016	684,0	602,0	431,0	171,0	18,0	15,0	398,0	71,5946843853821
50267	Uncastillo	2019	650,0	565,0	375,0	190,0	5,0	8,0	362,0	66,3716814159292
50268	Undués de Lerda	2008	64,0	55,0	46,0	9,0	0,0	2,0	44,0	83,6363636363636
50268	Undués de Lerda	2011	71,0	59,0	46,0	13,0	0,0	3,0	43,0	77,9661016949152
50268	Undués de Lerda	2015	56,0	47,0	40,0	7,0	3,0	0,0	37,0	85,1063829787234
50268	Undués de Lerda	2016	61,0	44,0	37,0	7,0	0,0	0,0	37,0	84,0909090909091
50268	Undués de Lerda	2019	55,0	41,0	32,0	9,0	0,0	0,0	32,0	78,0487804878049
50269	Urrea de Jalón	2008	385,0	333,0	239,0	94,0	4,0	1,0	234,0	71,7717717717718
50269	Urrea de Jalón	2011	414,0	316,0	197,0	119,0	4,0	1,0	192,0	62,3417721518987
50269	Urrea de Jalón	2015	398,0	288,0	185,0	103,0	12,0	0,0	173,0	64,2361111111111
50269	Urrea de Jalón	2016	398,0	285,0	191,0	94,0	5,0	1,0	185,0	67,0175438596491
50269	Urrea de Jalón	2019	418,0	287,0	172,0	115,0	6,0	3,0	163,0	59,9303135888502
50270	Urriés	2008	47,0	45,0	33,0	12,0	2,0	1,0	30,0	73,3333333333333
50270	Urriés	2011	37,0	39,0	30,0	9,0	1,0	6,0	23,0	76,9230769230769
50270	Urriés	2015	38,0	38,0	21,0	17,0	1,0	3,0	17,0	55,2631578947368
50270	Urriés	2016	37,0	38,0	24,0	14,0	2,0	2,0	20,0	63,1578947368421
50270	Urriés	2019	38,0	38,0	25,0	13,0	2,0	1,0	22,0	65,7894736842105
50271	Used	2008	360,0	306,0	223,0	83,0	12,0	1,0	210,0	72,8758169934641
50271	Used	2011	328,0	283,0	208,0	75,0	7,0	8,0	193,0	73,4982332155477
50271	Used	2015	294,0	256,0	186,0	70,0	11,0	16,0	159,0	72,65625
50271	Used	2016	288,0	252,0	198,0	54,0	14,0	6,0	178,0	78,5714285714286
50271	Used	2019	271,0	246,0	176,0	70,0	13,0	5,0	158,0	71,5447154471545
50272	Utebo	2008	15912,0	11667,0	8619,0	3048,0	231,0	196,0	8192,0	73,8750321419388
50272	Utebo	2011	17999,0	12481,0	8685,0	3796,0	298,0	697,0	7690,0	69,5857703709639
50272	Utebo	2015	18429,0	12913,0	9347,0	3566,0	328,0	411,0	8608,0	72,3844188027569
50272	Utebo	2016	18430,0	12315,0	8337,0	3978,0	240,0	269,0	7828,0	67,6979293544458
50272	Utebo	2019	18602,0	13226,0	9211,0	4015,0	191,0	212,0	8808,0	69,6431271737487
50273	Valdehorna	2008	46,0	51,0	37,0	14,0	1,0	1,0	35,0	72,5490196078431
50273	Valdehorna	2011	35,0	36,0	22,0	14,0	0,0	1,0	21,0	61,1111111111111
50273	Valdehorna	2015	27,0	31,0	18,0	13,0	0,0	2,0	16,0	58,0645161290323
50273	Valdehorna	2016	30,0	30,0	22,0	8,0	0,0	0,0	22,0	73,3333333333333
50273	Valdehorna	2019	30,0	33,0	24,0	9,0	0,0	1,0	23,0	72,7272727272727
50274	Val de San Martín	2008	89,0	87,0	57,0	30,0	1,0	1,0	55,0	65,5172413793103
50274	Val de San Martín	2011	79,0	78,0	45,0	33,0	0,0	1,0	44,0	57,6923076923077
50274	Val de San Martín	2015	71,0	71,0	50,0	21,0	4,0	2,0	44,0	70,4225352112676
50274	Val de San Martín	2016	70,0	71,0	55,0	16,0	0,0	0,0	55,0	77,4647887323944
50274	Val de San Martín	2019	64,0	64,0	46,0	18,0	2,0	2,0	42,0	71,875
50275	Valmadrid	2008	96,0	96,0	70,0	26,0	0,0	0,0	70,0	72,9166666666667
50275	Valmadrid	2011	109,0	103,0	76,0	27,0	2,0	0,0	74,0	73,7864077669903
50275	Valmadrid	2015	141,0	110,0	73,0	37,0	6,0	0,0	67,0	66,3636363636364
50275	Valmadrid	2016	128,0	108,0	55,0	53,0	0,0	0,0	55,0	50,9259259259259
50275	Valmadrid	2019	112,0	111,0	50,0	61,0	0,0	1,0	49,0	45,045045045045
50276	Valpalmas	2008	166,0	151,0	115,0	36,0	5,0	4,0	106,0	76,158940397351
50276	Valpalmas	2011	155,0	148,0	125,0	23,0	2,0	9,0	114,0	84,4594594594594
50276	Valpalmas	2015	144,0	129,0	107,0	22,0	2,0	6,0	99,0	82,9457364341085
50276	Valpalmas	2016	142,0	125,0	103,0	22,0	1,0	8,0	94,0	82,4
50276	Valpalmas	2019	142,0	118,0	91,0	27,0	4,0	2,0	85,0	77,1186440677966
50277	Valtorres	2008	117,0	88,0	72,0	16,0	2,0	0,0	70,0	81,8181818181818
50277	Valtorres	2011	114,0	82,0	62,0	20,0	0,0	2,0	60,0	75,609756097561
50277	Valtorres	2015	87,0	55,0	43,0	12,0	1,0	2,0	40,0	78,1818181818182
50277	Valtorres	2016	66,0	50,0	42,0	8,0	1,0	2,0	39,0	84,0
50277	Valtorres	2019	68,0	45,0	34,0	11,0	1,0	0,0	33,0	75,5555555555555
50278	Velilla de Ebro	2008	248,0	215,0	159,0	56,0	3,0	2,0	154,0	73,953488372093
50278	Velilla de Ebro	2011	254,0	207,0	151,0	56,0	4,0	6,0	141,0	72,9468599033817
50278	Velilla de Ebro	2015	241,0	198,0	143,0	55,0	2,0	3,0	138,0	72,2222222222222
50278	Velilla de Ebro	2016	250,0	197,0	144,0	53,0	0,0	1,0	143,0	73,0964467005076
50278	Velilla de Ebro	2019	215,0	175,0	133,0	42,0	1,0	4,0	128,0	76,0
50279	Velilla de Jiloca	2008	95,0	111,0	86,0	25,0	0,0	0,0	86,0	77,4774774774775
50279	Velilla de Jiloca	2011	102,0	111,0	79,0	32,0	1,0	1,0	77,0	71,1711711711712
50279	Velilla de Jiloca	2015	128,0	87,0	62,0	25,0	0,0	2,0	60,0	71,264367816092
50279	Velilla de Jiloca	2016	120,0	86,0	64,0	22,0	0,0	0,0	64,0	74,4186046511628
50279	Velilla de Jiloca	2019	90,0	74,0	48,0	26,0	0,0	0,0	48,0	64,8648648648649
50280	Vera de Moncayo	2008	441,0	391,0	328,0	63,0	13,0	1,0	314,0	83,8874680306905
50280	Vera de Moncayo	2011	419,0	370,0	298,0	72,0	10,0	16,0	272,0	80,5405405405405
50280	Vera de Moncayo	2015	392,0	340,0	259,0	81,0	7,0	10,0	242,0	76,1764705882353
50280	Vera de Moncayo	2016	388,0	332,0	248,0	84,0	7,0	6,0	235,0	74,6987951807229
50280	Vera de Moncayo	2019	360,0	290,0	219,0	71,0	7,0	5,0	207,0	75,5172413793103
50281	Vierlas	2008	103,0	88,0	65,0	23,0	0,0	0,0	65,0	73,8636363636364
50281	Vierlas	2011	104,0	76,0	64,0	12,0	0,0	1,0	63,0	84,2105263157895
50281	Vierlas	2015	105,0	80,0	50,0	30,0	1,0	0,0	49,0	62,5
50281	Vierlas	2016	96,0	73,0	51,0	22,0	2,0	1,0	48,0	69,8630136986301
50281	Vierlas	2019	74,0	68,0	52,0	16,0	3,0	0,0	49,0	76,4705882352941
50282	Vilueña (La)	2008	116,0	98,0	73,0	25,0	0,0	0,0	73,0	74,4897959183673
50282	Vilueña (La)	2011	114,0	88,0	65,0	23,0	1,0	6,0	58,0	73,8636363636364
50282	Vilueña (La)	2015	106,0	70,0	47,0	23,0	0,0	1,0	46,0	67,1428571428571
50282	Vilueña (La)	2016	111,0	69,0	52,0	17,0	2,0	1,0	49,0	75,3623188405797
50282	Vilueña (La)	2019	77,0	55,0	38,0	17,0	0,0	2,0	36,0	69,0909090909091
50283	Villadoz	2008	91,0	77,0	54,0	23,0	0,0	2,0	52,0	70,1298701298701
50283	Villadoz	2011	83,0	73,0	55,0	18,0	0,0	5,0	50,0	75,3424657534246
50283	Villadoz	2015	94,0	72,0	56,0	16,0	0,0	2,0	54,0	77,7777777777778
50283	Villadoz	2016	90,0	70,0	56,0	14,0	1,0	1,0	54,0	80,0
50283	Villadoz	2019	88,0	69,0	46,0	23,0	0,0	0,0	46,0	66,6666666666667
50284	Villafeliche	2008	199,0	168,0	143,0	25,0	4,0	1,0	138,0	85,1190476190476
50284	Villafeliche	2011	200,0	176,0	131,0	45,0	4,0	0,0	127,0	74,4318181818182
50284	Villafeliche	2015	200,0	151,0	115,0	36,0	5,0	1,0	109,0	76,158940397351
50284	Villafeliche	2016	195,0	141,0	105,0	36,0	2,0	0,0	103,0	74,468085106383
50284	Villafeliche	2019	170,0	129,0	98,0	31,0	1,0	2,0	95,0	75,968992248062
50285	Villafranca de Ebro	2008	735,0	586,0	466,0	120,0	15,0	7,0	444,0	79,5221843003413
50285	Villafranca de Ebro	2011	837,0	635,0	449,0	186,0	16,0	25,0	408,0	70,7086614173228
50285	Villafranca de Ebro	2015	820,0	648,0	468,0	180,0	23,0	26,0	419,0	72,2222222222222
50285	Villafranca de Ebro	2016	836,0	644,0	428,0	216,0	8,0	19,0	401,0	66,4596273291925
50285	Villafranca de Ebro	2019	830,0	657,0	440,0	217,0	5,0	15,0	420,0	66,9710806697108
50286	Villalba de Perejil	2008	117,0	96,0	74,0	22,0	0,0	1,0	73,0	77,0833333333333
50286	Villalba de Perejil	2011	112,0	90,0	70,0	20,0	0,0	10,0	60,0	77,7777777777778
50286	Villalba de Perejil	2015	102,0	77,0	54,0	23,0	2,0	5,0	47,0	70,1298701298701
50286	Villalba de Perejil	2016	98,0	77,0	50,0	27,0	0,0	5,0	45,0	64,9350649350649
50286	Villalba de Perejil	2019	99,0	75,0	54,0	21,0	3,0	2,0	49,0	72,0
50287	Villalengua	2008	389,0	309,0	224,0	85,0	7,0	5,0	212,0	72,4919093851133
50287	Villalengua	2011	391,0	298,0	213,0	85,0	10,0	16,0	187,0	71,4765100671141
50287	Villalengua	2015	360,0	274,0	193,0	81,0	8,0	9,0	176,0	70,4379562043796
50287	Villalengua	2016	348,0	270,0	181,0	89,0	8,0	6,0	167,0	67,037037037037
50287	Villalengua	2019	319,0	253,0	189,0	64,0	1,0	9,0	179,0	74,703557312253
50288	Villanueva de Gállego	2008	4013,0	3006,0	2717,0	289,0	63,0	68,0	2586,0	90,3858948769128
50288	Villanueva de Gállego	2011	4376,0	3252,0	2377,0	875,0	95,0	200,0	2082,0	73,0934809348093
50288	Villanueva de Gállego	2015	4616,0	3371,0	2504,0	867,0	113,0	140,0	2251,0	74,2806288935034
50288	Villanueva de Gállego	2016	4614,0	3387,0	2370,0	1017,0	49,0	86,0	2235,0	69,9734278122232
50288	Villanueva de Gállego	2019	4661,0	3440,0	2502,0	938,0	50,0	52,0	2400,0	72,7325581395349
50289	Villanueva de Jiloca	2008	89,0	76,0	63,0	13,0	1,0	0,0	62,0	82,8947368421053
50289	Villanueva de Jiloca	2011	69,0	71,0	59,0	12,0	0,0	2,0	57,0	83,0985915492958
50289	Villanueva de Jiloca	2015	52,0	52,0	37,0	15,0	0,0	1,0	36,0	71,1538461538462
50289	Villanueva de Jiloca	2016	57,0	51,0	38,0	13,0	0,0	0,0	38,0	74,5098039215686
50289	Villanueva de Jiloca	2019	46,0	53,0	42,0	11,0	0,0	1,0	41,0	79,2452830188679
50290	Villanueva de Huerva	2008	577,0	466,0	376,0	90,0	10,0	4,0	362,0	80,68669527897
50290	Villanueva de Huerva	2011	562,0	436,0	332,0	104,0	6,0	9,0	317,0	76,1467889908257
50290	Villanueva de Huerva	2015	511,0	387,0	284,0	103,0	7,0	11,0	266,0	73,3850129198966
50290	Villanueva de Huerva	2016	491,0	386,0	278,0	108,0	3,0	4,0	271,0	72,020725388601
50290	Villanueva de Huerva	2019	463,0	360,0	260,0	100,0	5,0	7,0	248,0	72,2222222222222
50291	Villar de los Navarros	2008	129,0	128,0	102,0	26,0	1,0	0,0	101,0	79,6875
50291	Villar de los Navarros	2011	120,0	112,0	112,0	0,0	3,0	2,0	107,0	100,0
50291	Villar de los Navarros	2015	111,0	100,0	69,0	31,0	0,0	0,0	69,0	69,0
50291	Villar de los Navarros	2016	113,0	96,0	74,0	22,0	0,0	0,0	74,0	77,0833333333333
50291	Villar de los Navarros	2019	102,0	95,0	76,0	19,0	0,0	1,0	75,0	80,0
50292	Villarreal de Huerva	2008	199,0	152,0	114,0	38,0	2,0	0,0	112,0	75,0
50292	Villarreal de Huerva	2011	202,0	138,0	116,0	22,0	8,0	6,0	102,0	84,0579710144928
50292	Villarreal de Huerva	2015	241,0	132,0	103,0	29,0	2,0	4,0	97,0	78,030303030303
50292	Villarreal de Huerva	2016	247,0	125,0	100,0	25,0	0,0	2,0	98,0	80,0
50292	Villarreal de Huerva	2019	274,0	130,0	108,0	22,0	2,0	1,0	105,0	83,0769230769231
50293	Villarroya de la Sierra	2008	600,0	516,0	386,0	130,0	10,0	11,0	365,0	74,8062015503876
50293	Villarroya de la Sierra	2011	565,0	492,0	334,0	158,0	7,0	23,0	304,0	67,8861788617886
50293	Villarroya de la Sierra	2015	521,0	423,0	278,0	145,0	16,0	23,0	239,0	65,7210401891253
50293	Villarroya de la Sierra	2016	503,0	413,0	275,0	138,0	8,0	11,0	256,0	66,5859564164649
50293	Villarroya de la Sierra	2019	466,0	392,0	257,0	135,0	4,0	3,0	250,0	65,5612244897959
50294	Villarroya del Campo	2008	78,0	73,0	51,0	22,0	0,0	0,0	51,0	69,8630136986301
50294	Villarroya del Campo	2011	75,0	77,0	58,0	19,0	9,0	2,0	47,0	75,3246753246753
50294	Villarroya del Campo	2015	83,0	73,0	58,0	15,0	5,0	2,0	51,0	79,4520547945205
50294	Villarroya del Campo	2016	80,0	70,0	59,0	11,0	1,0	6,0	52,0	84,2857142857143
50294	Villarroya del Campo	2019	68,0	65,0	44,0	21,0	1,0	1,0	42,0	67,6923076923077
50295	Vistabella	2008	46,0	51,0	37,0	14,0	3,0	2,0	32,0	72,5490196078431
50295	Vistabella	2011	50,0	54,0	42,0	12,0	1,0	2,0	39,0	77,7777777777778
50295	Vistabella	2015	47,0	45,0	39,0	6,0	1,0	2,0	36,0	86,6666666666667
50295	Vistabella	2016	45,0	48,0	43,0	5,0	2,0	3,0	38,0	89,5833333333333
50295	Vistabella	2019	49,0	48,0	41,0	7,0	1,0	1,0	39,0	85,4166666666667
50296	Zaida (La)	2008	522,0	441,0	351,0	90,0	6,0	10,0	335,0	79,5918367346939
50296	Zaida (La)	2011	509,0	417,0	308,0	109,0	16,0	30,0	262,0	73,8609112709832
50296	Zaida (La)	2015	481,0	398,0	293,0	105,0	18,0	18,0	257,0	73,6180904522613
50296	Zaida (La)	2016	473,0	396,0	281,0	115,0	22,0	8,0	251,0	70,9595959595959
50296	Zaida (La)	2019	455,0	385,0	233,0	152,0	10,0	13,0	210,0	60,5194805194805
50297	Zaragoza	2008	654390,0	495873,0	379803,0	116070,0	8004,0	9504,0	362295,0	76,5927969459922
50297	Zaragoza	2011	675121,0	495260,0	358192,0	137068,0	13814,0	25570,0	318808,0	72,3240318216694
50297	Zaragoza	2015	666058,0	499531,0	372972,0	126559,0	10324,0	17344,0	345304,0	74,6644352402553
50297	Zaragoza	2016	664953,0	496987,0	357658,0	139329,0	7094,0	9367,0	341197,0	71,9652626728667
50297	Zaragoza	2019	666880,0	503801,0	364109,0	139692,0	5323,0	7749,0	351037,0	72,2723853267461
50298	Zuera	2008	6759,0	5049,0	4125,0	924,0	101,0	98,0	3926,0	81,6993464052287
50298	Zuera	2011	7510,0	5319,0	4005,0	1314,0	167,0	235,0	3603,0	75,2961082910321
50298	Zuera	2015	7742,0	5353,0	4016,0	1337,0	144,0	184,0	3688,0	75,0233513917429
50298	Zuera	2016	7820,0	5333,0	3918,0	1415,0	111,0	120,0	3687,0	73,4670916932308
50298	Zuera	2019	8365,0	5439,0	4034,0	1405,0	80,0	101,0	3853,0	74,168045596617
50901	Biel	2008	221,0	200,0	154,0	46,0	4,0	4,0	146,0	77,0
50901	Biel	2011	186,0	170,0	120,0	50,0	6,0	3,0	111,0	70,5882352941176
50901	Biel	2015	157,0	137,0	101,0	36,0	3,0	7,0	91,0	73,7226277372263
50901	Biel	2016	148,0	138,0	102,0	36,0	1,0	1,0	100,0	73,9130434782609
50901	Biel	2019	140,0	133,0	96,0	37,0	1,0	4,0	91,0	72,1804511278195
50902	Marracos	2008	114,0	102,0	86,0	16,0	0,0	0,0	86,0	84,3137254901961
50902	Marracos	2011	100,0	97,0	84,0	13,0	0,0	3,0	81,0	86,5979381443299
50902	Marracos	2015	97,0	87,0	78,0	9,0	0,0	2,0	76,0	89,6551724137931
50902	Marracos	2016	94,0	87,0	79,0	8,0	0,0	2,0	77,0	90,8045977011494
50902	Marracos	2019	86,0	77,0	65,0	12,0	1,0	1,0	63,0	84,4155844155844
50903	Villamayor de Gállego	2008	2849,0	2261,0	2012,0	249,0	35,0	25,0	1952,0	88,9871738168952
50903	Villamayor de Gállego	2011	2888,0	2234,0	1604,0	630,0	54,0	111,0	1439,0	71,7994628469114
50903	Villamayor de Gállego	2015	2820,0	2225,0	1667,0	558,0	72,0	96,0	1499,0	74,9213483146067
50903	Villamayor de Gállego	2016	2793,0	2214,0	1585,0	629,0	52,0	62,0	1471,0	71,5898825654923
50903	Villamayor de Gállego	2019	2696,0	2268,0	1676,0	592,0	42,0	33,0	1601,0	73,8977072310406