Municipio código	Municipio nombre	Año	Orden	Siglas	Concejales
22001	Abiego	2007	1	PSOE	2,0
22001	Abiego	2007	2	PP	5,0
22001	Abiego	2011	1	PP	5,0
22001	Abiego	2011	2	PSOE	2,0
22001	Abiego	2015	5	PAR	0,0
22001	Abiego	2015	6	PSOE	5,0
22001	Abiego	2015	8	PP	2,0
22002	Abizanda	2007	1	PSOE	5,0
22002	Abizanda	2007	2	PP	0,0
22002	Abizanda	2007	4	CHA	0,0
22002	Abizanda	2011	1	PP	1,0
22002	Abizanda	2011	2	PSOE	4,0
22002	Abizanda	2011	3	PAR	0,0
22002	Abizanda	2015	6	PSOE	2,0
22002	Abizanda	2015	7	CHA	0,0
22002	Abizanda	2015	8	PP	3,0
22003	Adahuesca	2007	1	PSOE	4,0
22003	Adahuesca	2007	2	PP	0,0
22003	Adahuesca	2007	3	PAR	1,0
22003	Adahuesca	2007	4	CHA	0,0
22003	Adahuesca	2011	1	PP	2,0
22003	Adahuesca	2011	2	PSOE	2,0
22003	Adahuesca	2011	3	PAR	1,0
22003	Adahuesca	2011	9	ECOLO	0,0
22003	Adahuesca	2015	4	C's	0,0
22003	Adahuesca	2015	5	PAR	1,0
22003	Adahuesca	2015	6	PSOE	1,0
22003	Adahuesca	2015	8	PP	2,0
22003	Adahuesca	2015	13	ARAGONSIPUEDE	1,0
22004	Agüero	2007	1	PSOE	0,0
22004	Agüero	2007	2	PP	3,0
22004	Agüero	2007	3	PAR	2,0
22004	Agüero	2007	4	CHA	0,0
22004	Agüero	2011	1	PP	4,0
22004	Agüero	2011	2	PSOE	0,0
22004	Agüero	2011	3	PAR	1,0
22004	Agüero	2015	5	PAR	0,0
22004	Agüero	2015	6	PSOE	1,0
22004	Agüero	2015	8	PP	4,0
22006	Aísa	2007	1	PSOE	5,0
22006	Aísa	2007	2	PP	1,0
22006	Aísa	2007	3	PAR	1,0
22006	Aísa	2011	1	PP	2,0
22006	Aísa	2011	2	PSOE	4,0
22006	Aísa	2011	3	PAR	1,0
22006	Aísa	2015	5	PAR	0,0
22006	Aísa	2015	6	PSOE	5,0
22006	Aísa	2015	8	PP	2,0
22007	Albalate de Cinca	2007	1	PSOE	3,0
22007	Albalate de Cinca	2007	2	PP	4,0
22007	Albalate de Cinca	2007	3	PAR	2,0
22007	Albalate de Cinca	2011	1	PP	4,0
22007	Albalate de Cinca	2011	2	PSOE	3,0
22007	Albalate de Cinca	2011	3	PAR	2,0
22007	Albalate de Cinca	2015	5	PAR	1,0
22007	Albalate de Cinca	2015	6	PSOE	3,0
22007	Albalate de Cinca	2015	8	PP	5,0
22008	Albalatillo	2007	1	PSOE	2,0
22008	Albalatillo	2007	3	PAR	5,0
22008	Albalatillo	2011	1	PP	0,0
22008	Albalatillo	2011	2	PSOE	0,0
22008	Albalatillo	2011	3	PAR	5,0
22008	Albalatillo	2015	5	PAR	5,0
22008	Albalatillo	2015	6	PSOE	0,0
22008	Albalatillo	2015	8	PP	0,0
22009	Albelda	2007	1	PSOE	5,0
22009	Albelda	2007	2	PP	0,0
22009	Albelda	2007	3	PAR	2,0
22009	Albelda	2007	4	CHA	0,0
22009	Albelda	2011	1	PP	2,0
22009	Albelda	2011	2	PSOE	4,0
22009	Albelda	2011	3	PAR	0,0
22009	Albelda	2011	4	CHA	1,0
22009	Albelda	2015	6	PSOE	3,0
22009	Albelda	2015	8	PP	2,0
22009	Albelda	2015	24	CHA	0,0
22009	Albelda	2015	68	CAMBIAR	2,0
22011	Albero Alto	2007	1	PSOE	4,0
22011	Albero Alto	2007	2	PP	1,0
22011	Albero Alto	2007	3	PAR	0,0
22011	Albero Alto	2007	4	CHA	0,0
22011	Albero Alto	2011	1	PP	1,0
22011	Albero Alto	2011	2	PSOE	4,0
22011	Albero Alto	2011	3	PAR	0,0
22011	Albero Alto	2015	5	PAR	0,0
22011	Albero Alto	2015	6	PSOE	4,0
22011	Albero Alto	2015	8	PP	1,0
22012	Albero Bajo	2007	1	PSOE	4,0
22012	Albero Bajo	2007	2	PP	1,0
22012	Albero Bajo	2007	3	PAR	0,0
22012	Albero Bajo	2007	4	CHA	0,0
22012	Albero Bajo	2011	1	PP	1,0
22012	Albero Bajo	2011	2	PSOE	1,0
22012	Albero Bajo	2011	3	PAR	1,0
22012	Albero Bajo	2015	5	PAR	0,0
22012	Albero Bajo	2015	6	PSOE	4,0
22012	Albero Bajo	2015	8	PP	1,0
22013	Alberuela de Tubo	2007	1	PSOE	7,0
22013	Alberuela de Tubo	2007	2	PP	0,0
22013	Alberuela de Tubo	2011	1	PP	2,0
22013	Alberuela de Tubo	2011	2	PSOE	5,0
22013	Alberuela de Tubo	2015	6	PSOE	4,0
22013	Alberuela de Tubo	2015	8	PP	3,0
22014	Alcalá de Gurrea	2007	1	PSOE	3,0
22014	Alcalá de Gurrea	2007	3	PAR	4,0
22014	Alcalá de Gurrea	2011	2	PSOE	2,0
22014	Alcalá de Gurrea	2011	3	PAR	5,0
22014	Alcalá de Gurrea	2015	5	PAR	3,0
22014	Alcalá de Gurrea	2015	6	PSOE	2,0
22014	Alcalá de Gurrea	2015	8	PP	2,0
22015	Alcalá del Obispo	2007	1	PSOE	3,0
22015	Alcalá del Obispo	2007	2	PP	2,0
22015	Alcalá del Obispo	2007	3	PAR	2,0
22015	Alcalá del Obispo	2007	43	AIEADO	0,0
22015	Alcalá del Obispo	2011	1	PP	1,0
22015	Alcalá del Obispo	2011	2	PSOE	4,0
22015	Alcalá del Obispo	2011	3	PAR	2,0
22015	Alcalá del Obispo	2015	6	PSOE	3,0
22015	Alcalá del Obispo	2015	8	PP	4,0
22016	Alcampell	2007	1	PSOE	5,0
22016	Alcampell	2007	2	PP	1,0
22016	Alcampell	2007	3	PAR	1,0
22016	Alcampell	2011	1	PP	1,0
22016	Alcampell	2011	2	PSOE	5,0
22016	Alcampell	2011	3	PAR	1,0
22016	Alcampell	2015	5	PAR	1,0
22016	Alcampell	2015	6	PSOE	5,0
22016	Alcampell	2015	8	PP	1,0
22016	Alcampell	2015	85	CAMBIAR	0,0
22017	Alcolea de Cinca	2007	1	PSOE	2,0
22017	Alcolea de Cinca	2007	2	PP	1,0
22017	Alcolea de Cinca	2007	3	PAR	6,0
22017	Alcolea de Cinca	2007	4	CHA	0,0
22017	Alcolea de Cinca	2007	5	IU	0,0
22017	Alcolea de Cinca	2011	1	PP	1,0
22017	Alcolea de Cinca	2011	2	PSOE	2,0
22017	Alcolea de Cinca	2011	3	PAR	6,0
22017	Alcolea de Cinca	2011	5	IU	0,0
22017	Alcolea de Cinca	2015	5	PAR	4,0
22017	Alcolea de Cinca	2015	6	PSOE	2,0
22017	Alcolea de Cinca	2015	8	PP	2,0
22017	Alcolea de Cinca	2015	76	CAMBIAR	1,0
22018	Alcubierre	2007	1	PSOE	4,0
22018	Alcubierre	2007	3	PAR	3,0
22018	Alcubierre	2011	2	PSOE	4,0
22018	Alcubierre	2011	3	PAR	3,0
22018	Alcubierre	2015	5	PAR	3,0
22018	Alcubierre	2015	6	PSOE	4,0
22019	Alerre	2007	1	PSOE	3,0
22019	Alerre	2007	2	PP	0,0
22019	Alerre	2007	3	PAR	2,0
22019	Alerre	2007	4	CHA	0,0
22019	Alerre	2011	1	PP	0,0
22019	Alerre	2011	2	PSOE	4,0
22019	Alerre	2011	3	PAR	1,0
22019	Alerre	2015	5	PAR	1,0
22019	Alerre	2015	6	PSOE	4,0
22019	Alerre	2015	8	PP	0,0
22020	Alfántega	2007	1	PSOE	1,0
22020	Alfántega	2007	2	PP	1,0
22020	Alfántega	2007	3	PAR	3,0
22020	Alfántega	2007	4	CHA	0,0
22020	Alfántega	2011	1	PP	0,0
22020	Alfántega	2011	2	PSOE	1,0
22020	Alfántega	2011	3	PAR	4,0
22020	Alfántega	2011	4	CHA	0,0
22020	Alfántega	2015	5	PAR	3,0
22020	Alfántega	2015	6	PSOE	2,0
22020	Alfántega	2015	8	PP	0,0
22021	Almudévar	2007	1	PSOE	6,0
22021	Almudévar	2007	2	PP	2,0
22021	Almudévar	2007	3	PAR	2,0
22021	Almudévar	2007	4	CHA	1,0
22021	Almudévar	2011	1	PP	3,0
22021	Almudévar	2011	2	PSOE	5,0
22021	Almudévar	2011	3	PAR	1,0
22021	Almudévar	2011	4	CHA	2,0
22021	Almudévar	2015	6	PSOE	5,0
22021	Almudévar	2015	7	CHA	1,0
22021	Almudévar	2015	8	PP	5,0
22022	Almunia de San Juan	2007	1	PSOE	5,0
22022	Almunia de San Juan	2007	2	PP	1,0
22022	Almunia de San Juan	2007	3	PAR	1,0
22022	Almunia de San Juan	2011	1	PP	2,0
22022	Almunia de San Juan	2011	2	PSOE	4,0
22022	Almunia de San Juan	2011	3	PAR	1,0
22022	Almunia de San Juan	2015	5	PAR	0,0
22022	Almunia de San Juan	2015	6	PSOE	5,0
22022	Almunia de San Juan	2015	7	CHA	0,0
22022	Almunia de San Juan	2015	8	PP	2,0
22023	Almuniente	2007	1	PSOE	4,0
22023	Almuniente	2007	2	PP	2,0
22023	Almuniente	2007	3	PAR	1,0
22023	Almuniente	2011	1	PP	2,0
22023	Almuniente	2011	2	PSOE	4,0
22023	Almuniente	2011	3	PAR	1,0
22023	Almuniente	2015	6	PSOE	4,0
22023	Almuniente	2015	8	PP	3,0
22024	Alquézar	2007	1	PSOE	3,0
22024	Alquézar	2007	3	PAR	3,0
22024	Alquézar	2007	13	LV-GV	1,0
22024	Alquézar	2011	1	PP	1,0
22024	Alquézar	2011	2	PSOE	5,0
22024	Alquézar	2011	3	PAR	1,0
22024	Alquézar	2015	5	PAR	0,0
22024	Alquézar	2015	6	PSOE	6,0
22024	Alquézar	2015	8	PP	1,0
22025	Altorricón	2007	1	PSOE	6,0
22025	Altorricón	2007	2	PP	2,0
22025	Altorricón	2007	3	PAR	1,0
22025	Altorricón	2011	1	PP	3,0
22025	Altorricón	2011	2	PSOE	6,0
22025	Altorricón	2011	3	PAR	0,0
22025	Altorricón	2015	5	PAR	0,0
22025	Altorricón	2015	6	PSOE	6,0
22025	Altorricón	2015	8	PP	3,0
22027	Angüés	2007	1	PSOE	4,0
22027	Angüés	2007	2	PP	3,0
22027	Angüés	2011	2	PSOE	7,0
22027	Angüés	2015	6	PSOE	7,0
22028	Ansó	2007	1	PSOE	4,0
22028	Ansó	2007	3	PAR	3,0
22028	Ansó	2011	2	PSOE	4,0
22028	Ansó	2011	3	PAR	3,0
22028	Ansó	2015	6	PSOE	7,0
22029	Antillón	2007	1	PSOE	1,0
22029	Antillón	2007	2	PP	2,0
22029	Antillón	2007	3	PAR	1,0
22029	Antillón	2007	4	CHA	1,0
22029	Antillón	2011	1	PP	2,0
22029	Antillón	2011	2	PSOE	2,0
22029	Antillón	2011	3	PAR	1,0
22029	Antillón	2015	5	PAR	1,0
22029	Antillón	2015	6	PSOE	3,0
22029	Antillón	2015	8	PP	1,0
22032	Aragüés del Puerto	2007	1	PSOE	4,0
22032	Aragüés del Puerto	2007	2	PP	1,0
22032	Aragüés del Puerto	2007	3	PAR	0,0
22032	Aragüés del Puerto	2007	4	CHA	0,0
22032	Aragüés del Puerto	2011	1	PP	0,0
22032	Aragüés del Puerto	2011	2	PSOE	3,0
22032	Aragüés del Puerto	2011	3	PAR	2,0
22032	Aragüés del Puerto	2015	5	PAR	1,0
22032	Aragüés del Puerto	2015	6	PSOE	4,0
22032	Aragüés del Puerto	2015	8	PP	0,0
22035	Arén	2007	1	PSOE	5,0
22035	Arén	2007	2	PP	1,0
22035	Arén	2007	4	CHA	1,0
22035	Arén	2011	1	PP	1,0
22035	Arén	2011	2	PSOE	6,0
22035	Arén	2011	4	CHA	0,0
22035	Arén	2011	20	CDF	0,0
22035	Arén	2015	6	PSOE	7,0
22036	Argavieso	2007	1	PSOE	2,0
22036	Argavieso	2007	2	PP	3,0
22036	Argavieso	2007	3	PAR	0,0
22036	Argavieso	2007	4	CHA	0,0
22036	Argavieso	2011	1	PP	3,0
22036	Argavieso	2011	2	PSOE	2,0
22036	Argavieso	2011	3	PAR	0,0
22036	Argavieso	2015	5	PAR	0,0
22036	Argavieso	2015	6	PSOE	1,0
22036	Argavieso	2015	8	PP	4,0
22037	Arguis	2007	1	PSOE	0,0
22037	Arguis	2007	2	PP	1,0
22037	Arguis	2007	3	PAR	0,0
22037	Arguis	2007	4	CHA	0,0
22037	Arguis	2011	1	PP	4,0
22037	Arguis	2011	2	PSOE	1,0
22037	Arguis	2011	3	PAR	0,0
22037	Arguis	2011	4	CHA	0,0
22037	Arguis	2015	5	PAR	2,0
22037	Arguis	2015	6	PSOE	1,0
22037	Arguis	2015	7	CHA	1,0
22037	Arguis	2015	8	PP	1,0
22039	Ayerbe	2007	1	PSOE	4,0
22039	Ayerbe	2007	2	PP	3,0
22039	Ayerbe	2007	3	PAR	1,0
22039	Ayerbe	2007	4	CHA	1,0
22039	Ayerbe	2011	1	PP	3,0
22039	Ayerbe	2011	2	PSOE	3,0
22039	Ayerbe	2011	3	PAR	1,0
22039	Ayerbe	2011	4	CHA	2,0
22039	Ayerbe	2015	5	PAR	0,0
22039	Ayerbe	2015	6	PSOE	5,0
22039	Ayerbe	2015	7	CHA	1,0
22039	Ayerbe	2015	8	PP	3,0
22040	Azanuy-Alins	2007	1	PSOE	1,0
22040	Azanuy-Alins	2007	2	PP	0,0
22040	Azanuy-Alins	2007	3	PAR	4,0
22040	Azanuy-Alins	2007	4	CHA	0,0
22040	Azanuy-Alins	2011	1	PP	1,0
22040	Azanuy-Alins	2011	2	PSOE	1,0
22040	Azanuy-Alins	2011	3	PAR	3,0
22040	Azanuy-Alins	2011	4	CHA	0,0
22040	Azanuy-Alins	2015	5	PAR	3,0
22040	Azanuy-Alins	2015	6	PSOE	2,0
22040	Azanuy-Alins	2015	7	CHA	0,0
22040	Azanuy-Alins	2015	8	PP	0,0
22041	Azara	2007	1	PSOE	3,0
22041	Azara	2007	2	PP	2,0
22041	Azara	2007	4	CHA	0,0
22041	Azara	2011	1	PP	2,0
22041	Azara	2011	2	PSOE	3,0
22041	Azara	2011	3	PAR	0,0
22041	Azara	2015	5	PAR	0,0
22041	Azara	2015	6	PSOE	4,0
22041	Azara	2015	8	PP	1,0
22042	Azlor	2007	1	PSOE	4,0
22042	Azlor	2007	2	PP	1,0
22042	Azlor	2007	4	CHA	0,0
22042	Azlor	2011	1	PP	0,0
22042	Azlor	2011	2	PSOE	4,0
22042	Azlor	2011	3	PAR	1,0
22042	Azlor	2015	5	PAR	0,0
22042	Azlor	2015	6	PSOE	4,0
22042	Azlor	2015	8	PP	1,0
22043	Baells	2007	1	PSOE	1,0
22043	Baells	2007	2	PP	0,0
22043	Baells	2007	3	PAR	4,0
22043	Baells	2007	4	CHA	0,0
22043	Baells	2011	1	PP	1,0
22043	Baells	2011	2	PSOE	0,0
22043	Baells	2011	3	PAR	4,0
22043	Baells	2015	5	PAR	4,0
22043	Baells	2015	6	PSOE	1,0
22043	Baells	2015	8	PP	0,0
22044	Bailo	2007	1	PSOE	4,0
22044	Bailo	2007	2	PP	0,0
22044	Bailo	2007	3	PAR	1,0
22044	Bailo	2007	4	CHA	0,0
22044	Bailo	2011	1	PP	2,0
22044	Bailo	2011	2	PSOE	5,0
22044	Bailo	2015	6	PSOE	5,0
22044	Bailo	2015	8	PP	2,0
22045	Baldellou	2007	1	PSOE	4,0
22045	Baldellou	2007	2	PP	0,0
22045	Baldellou	2007	3	PAR	1,0
22045	Baldellou	2007	4	CHA	0,0
22045	Baldellou	2011	1	PP	0,0
22045	Baldellou	2011	2	PSOE	4,0
22045	Baldellou	2011	3	PAR	1,0
22045	Baldellou	2011	4	CHA	0,0
22045	Baldellou	2015	5	PAR	0,0
22045	Baldellou	2015	6	PSOE	3,0
22045	Baldellou	2015	7	CHA	0,0
22045	Baldellou	2015	8	PP	0,0
22046	Ballobar	2007	1	PSOE	4,0
22046	Ballobar	2007	2	PP	2,0
22046	Ballobar	2007	3	PAR	1,0
22046	Ballobar	2011	1	PP	3,0
22046	Ballobar	2011	2	PSOE	3,0
22046	Ballobar	2011	3	PAR	1,0
22046	Ballobar	2015	5	PAR	0,0
22046	Ballobar	2015	6	PSOE	4,0
22046	Ballobar	2015	8	PP	3,0
22047	Banastás	2007	1	PSOE	0,0
22047	Banastás	2007	2	PP	5,0
22047	Banastás	2007	3	PAR	0,0
22047	Banastás	2007	4	CHA	0,0
22047	Banastás	2011	1	PP	4,0
22047	Banastás	2011	2	PSOE	3,0
22047	Banastás	2015	6	PSOE	3,0
22047	Banastás	2015	8	PP	4,0
22048	Barbastro	2007	1	PSOE	10,0
22048	Barbastro	2007	2	PP	4,0
22048	Barbastro	2007	3	PAR	1,0
22048	Barbastro	2007	4	CHA	1,0
22048	Barbastro	2007	5	IU	1,0
22048	Barbastro	2011	1	PP	6,0
22048	Barbastro	2011	2	PSOE	8,0
22048	Barbastro	2011	3	PAR	1,0
22048	Barbastro	2011	4	CHA	1,0
22048	Barbastro	2011	5	IU	1,0
22048	Barbastro	2015	4	C's	2,0
22048	Barbastro	2015	5	PAR	1,0
22048	Barbastro	2015	6	PSOE	8,0
22048	Barbastro	2015	7	CHA	0,0
22048	Barbastro	2015	8	PP	5,0
22048	Barbastro	2015	13	ARAGONSIPUEDE	0,0
22048	Barbastro	2015	36	CAMBIAR	1,0
22048	Barbastro	2015	47	C.P.Btro	0,0
22049	Barbués	2007	1	PSOE	1,0
22049	Barbués	2007	2	PP	4,0
22049	Barbués	2007	3	PAR	0,0
22049	Barbués	2007	4	CHA	0,0
22049	Barbués	2011	1	PP	2,0
22049	Barbués	2011	2	PSOE	1,0
22049	Barbués	2011	3	PAR	0,0
22049	Barbués	2015	5	PAR	0,0
22049	Barbués	2015	6	PSOE	1,0
22049	Barbués	2015	8	PP	2,0
22050	Barbuñales	2007	1	PSOE	2,0
22050	Barbuñales	2007	2	PP	3,0
22050	Barbuñales	2007	3	PAR	0,0
22050	Barbuñales	2007	4	CHA	0,0
22050	Barbuñales	2011	1	PP	4,0
22050	Barbuñales	2011	2	PSOE	1,0
22050	Barbuñales	2011	3	PAR	0,0
22050	Barbuñales	2015	5	PAR	1,0
22050	Barbuñales	2015	6	PSOE	1,0
22050	Barbuñales	2015	8	PP	1,0
22051	Bárcabo	2007	1	PSOE	3,0
22051	Bárcabo	2007	2	PP	2,0
22051	Bárcabo	2007	4	CHA	0,0
22051	Bárcabo	2011	1	PP	2,0
22051	Bárcabo	2011	2	PSOE	3,0
22051	Bárcabo	2011	3	PAR	0,0
22051	Bárcabo	2011	4	CHA	0,0
22051	Bárcabo	2015	5	PAR	0,0
22051	Bárcabo	2015	6	PSOE	4,0
22051	Bárcabo	2015	7	CHA	0,0
22051	Bárcabo	2015	8	PP	1,0
22052	Belver de Cinca	2007	1	PSOE	5,0
22052	Belver de Cinca	2007	2	PP	3,0
22052	Belver de Cinca	2007	3	PAR	1,0
22052	Belver de Cinca	2011	1	PP	3,0
22052	Belver de Cinca	2011	2	PSOE	5,0
22052	Belver de Cinca	2011	3	PAR	1,0
22052	Belver de Cinca	2015	5	PAR	3,0
22052	Belver de Cinca	2015	6	PSOE	4,0
22052	Belver de Cinca	2015	8	PP	2,0
22053	Benabarre	2007	1	PSOE	6,0
22053	Benabarre	2007	2	PP	2,0
22053	Benabarre	2007	3	PAR	0,0
22053	Benabarre	2007	4	CHA	1,0
22053	Benabarre	2011	1	PP	3,0
22053	Benabarre	2011	2	PSOE	5,0
22053	Benabarre	2011	4	CHA	1,0
22053	Benabarre	2011	20	CDF	0,0
22053	Benabarre	2015	5	PAR	0,0
22053	Benabarre	2015	6	PSOE	4,0
22053	Benabarre	2015	8	PP	4,0
22053	Benabarre	2015	13	ARAGONSIPUEDE	1,0
22054	Benasque	2007	1	PSOE	3,0
22054	Benasque	2007	2	PP	1,0
22054	Benasque	2007	3	PAR	6,0
22054	Benasque	2007	4	CHA	0,0
22054	Benasque	2007	5	IU	1,0
22054	Benasque	2011	1	PP	4,0
22054	Benasque	2011	2	PSOE	2,0
22054	Benasque	2011	3	PAR	4,0
22054	Benasque	2011	5	IU	1,0
22054	Benasque	2011	33	CCD	0,0
22054	Benasque	2015	4	C's	0,0
22054	Benasque	2015	5	PAR	5,0
22054	Benasque	2015	6	PSOE	2,0
22054	Benasque	2015	7	CHA	0,0
22054	Benasque	2015	8	PP	3,0
22054	Benasque	2015	70	CAMBIAR	1,0
22055	Berbegal	2007	1	PSOE	3,0
22055	Berbegal	2007	2	PP	0,0
22055	Berbegal	2007	4	CHA	4,0
22055	Berbegal	2011	1	PP	1,0
22055	Berbegal	2011	2	PSOE	3,0
22055	Berbegal	2011	4	CHA	3,0
22055	Berbegal	2011	8	FIA	0,0
22055	Berbegal	2015	6	PSOE	4,0
22055	Berbegal	2015	8	PP	3,0
22057	Bielsa	2007	1	PSOE	5,0
22057	Bielsa	2007	2	PP	0,0
22057	Bielsa	2007	4	CHA	2,0
22057	Bielsa	2011	2	PSOE	5,0
22057	Bielsa	2011	4	CHA	2,0
22057	Bielsa	2015	6	PSOE	5,0
22057	Bielsa	2015	7	CHA	2,0
22058	Bierge	2007	1	PSOE	4,0
22058	Bierge	2007	2	PP	0,0
22058	Bierge	2007	3	PAR	0,0
22058	Bierge	2007	4	CHA	1,0
22058	Bierge	2011	1	PP	3,0
22058	Bierge	2011	2	PSOE	4,0
22058	Bierge	2011	3	PAR	0,0
22058	Bierge	2015	5	PAR	0,0
22058	Bierge	2015	6	PSOE	2,0
22058	Bierge	2015	8	PP	3,0
22058	Bierge	2015	83	CAMBIAR	0,0
22059	Biescas	2007	1	PSOE	3,0
22059	Biescas	2007	2	PP	0,0
22059	Biescas	2007	3	PAR	4,0
22059	Biescas	2007	4	CHA	1,0
22059	Biescas	2007	5	IU	1,0
22059	Biescas	2011	1	PP	2,0
22059	Biescas	2011	2	PSOE	3,0
22059	Biescas	2011	3	PAR	3,0
22059	Biescas	2011	4	CHA	0,0
22059	Biescas	2011	5	IU	1,0
22059	Biescas	2015	5	PAR	5,0
22059	Biescas	2015	6	PSOE	3,0
22059	Biescas	2015	8	PP	1,0
22060	Binaced	2007	1	PSOE	5,0
22060	Binaced	2007	2	PP	2,0
22060	Binaced	2007	3	PAR	2,0
22060	Binaced	2007	5	IU	0,0
22060	Binaced	2011	1	PP	2,0
22060	Binaced	2011	2	PSOE	4,0
22060	Binaced	2011	3	PAR	3,0
22060	Binaced	2015	5	PAR	3,0
22060	Binaced	2015	6	PSOE	5,0
22060	Binaced	2015	8	PP	1,0
22061	Binéfar	2007	1	PSOE	6,0
22061	Binéfar	2007	2	PP	4,0
22061	Binéfar	2007	3	PAR	2,0
22061	Binéfar	2007	4	CHA	1,0
22061	Binéfar	2007	10	IU-A	0,0
22061	Binéfar	2011	1	PP	5,0
22061	Binéfar	2011	2	PSOE	5,0
22061	Binéfar	2011	3	PAR	3,0
22061	Binéfar	2011	4	CHA	0,0
22061	Binéfar	2011	5	IU	0,0
22061	Binéfar	2015	5	PAR	1,0
22061	Binéfar	2015	6	PSOE	4,0
22061	Binéfar	2015	7	CHA	0,0
22061	Binéfar	2015	8	PP	5,0
22061	Binéfar	2015	31	CAMBIAR	3,0
22062	Bisaurri	2007	1	PSOE	4,0
22062	Bisaurri	2007	2	PP	1,0
22062	Bisaurri	2007	3	PAR	0,0
22062	Bisaurri	2007	4	CHA	0,0
22062	Bisaurri	2011	1	PP	3,0
22062	Bisaurri	2011	2	PSOE	0,0
22062	Bisaurri	2011	3	PAR	2,0
22062	Bisaurri	2015	5	PAR	0,0
22062	Bisaurri	2015	6	PSOE	1,0
22062	Bisaurri	2015	7	CHA	0,0
22062	Bisaurri	2015	8	PP	4,0
22063	Biscarrués	2007	1	PSOE	1,0
22063	Biscarrués	2007	2	PP	0,0
22063	Biscarrués	2007	3	PAR	0,0
22063	Biscarrués	2007	4	CHA	4,0
22063	Biscarrués	2011	1	PP	0,0
22063	Biscarrués	2011	2	PSOE	0,0
22063	Biscarrués	2011	3	PAR	2,0
22063	Biscarrués	2011	4	CHA	3,0
22063	Biscarrués	2015	6	PSOE	0,0
22063	Biscarrués	2015	7	CHA	4,0
22063	Biscarrués	2015	8	PP	1,0
22064	Blecua y Torres	2007	1	PSOE	4,0
22064	Blecua y Torres	2007	2	PP	0,0
22064	Blecua y Torres	2007	3	PAR	0,0
22064	Blecua y Torres	2007	4	CHA	1,0
22064	Blecua y Torres	2011	1	PP	1,0
22064	Blecua y Torres	2011	2	PSOE	4,0
22064	Blecua y Torres	2011	3	PAR	0,0
22064	Blecua y Torres	2015	6	PSOE	4,0
22064	Blecua y Torres	2015	8	PP	1,0
22066	Boltaña	2007	1	PSOE	4,0
22066	Boltaña	2007	2	PP	1,0
22066	Boltaña	2007	3	PAR	1,0
22066	Boltaña	2007	4	CHA	1,0
22066	Boltaña	2011	1	PP	2,0
22066	Boltaña	2011	2	PSOE	5,0
22066	Boltaña	2011	3	PAR	1,0
22066	Boltaña	2011	4	CHA	1,0
22066	Boltaña	2015	5	PAR	2,0
22066	Boltaña	2015	6	PSOE	3,0
22066	Boltaña	2015	7	CHA	1,0
22066	Boltaña	2015	8	PP	3,0
22067	Bonansa	2007	1	PSOE	5,0
22067	Bonansa	2007	2	PP	0,0
22067	Bonansa	2007	4	CHA	0,0
22067	Bonansa	2011	2	PSOE	5,0
22067	Bonansa	2011	3	PAR	0,0
22067	Bonansa	2015	5	PAR	0,0
22067	Bonansa	2015	6	PSOE	3,0
22067	Bonansa	2015	8	PP	0,0
22068	Borau	2007	1	PSOE	1,0
22068	Borau	2007	2	PP	0,0
22068	Borau	2007	3	PAR	0,0
22068	Borau	2011	1	PP	1,0
22068	Borau	2011	2	PSOE	2,0
22068	Borau	2015	5	PAR	0,0
22068	Borau	2015	6	PSOE	2,0
22068	Borau	2015	8	PP	1,0
22069	Broto	2007	1	PSOE	3,0
22069	Broto	2007	2	PP	2,0
22069	Broto	2007	3	PAR	1,0
22069	Broto	2007	4	CHA	1,0
22069	Broto	2011	1	PP	2,0
22069	Broto	2011	2	PSOE	3,0
22069	Broto	2011	3	PAR	1,0
22069	Broto	2011	4	CHA	1,0
22069	Broto	2011	5	IU	0,0
22069	Broto	2015	5	PAR	1,0
22069	Broto	2015	6	PSOE	4,0
22069	Broto	2015	7	CHA	2,0
22072	Caldearenas	2007	1	PSOE	4,0
22072	Caldearenas	2007	2	PP	0,0
22072	Caldearenas	2007	3	PAR	0,0
22072	Caldearenas	2007	4	CHA	1,0
22072	Caldearenas	2011	1	PP	1,0
22072	Caldearenas	2011	2	PSOE	3,0
22072	Caldearenas	2011	3	PAR	1,0
22072	Caldearenas	2011	4	CHA	0,0
22072	Caldearenas	2015	5	PAR	1,0
22072	Caldearenas	2015	6	PSOE	2,0
22072	Caldearenas	2015	7	CHA	1,0
22072	Caldearenas	2015	8	PP	1,0
22074	Campo	2007	1	PSOE	2,0
22074	Campo	2007	3	PAR	5,0
22074	Campo	2011	1	PP	0,0
22074	Campo	2011	2	PSOE	1,0
22074	Campo	2011	3	PAR	6,0
22074	Campo	2015	5	PAR	6,0
22074	Campo	2015	6	PSOE	1,0
22075	Camporrells	2007	1	PSOE	5,0
22075	Camporrells	2007	2	PP	0,0
22075	Camporrells	2007	4	CHA	0,0
22075	Camporrells	2011	1	PP	0,0
22075	Camporrells	2011	2	PSOE	5,0
22075	Camporrells	2011	3	PAR	0,0
22075	Camporrells	2011	4	CHA	0,0
22075	Camporrells	2015	6	PSOE	5,0
22075	Camporrells	2015	7	CHA	0,0
22075	Camporrells	2015	8	PP	0,0
22076	Canal de Berdún	2007	1	PSOE	3,0
22076	Canal de Berdún	2007	3	PAR	4,0
22076	Canal de Berdún	2011	1	PP	1,0
22076	Canal de Berdún	2011	2	PSOE	3,0
22076	Canal de Berdún	2011	3	PAR	3,0
22076	Canal de Berdún	2015	6	PSOE	5,0
22076	Canal de Berdún	2015	8	PP	2,0
22077	Candasnos	2007	1	PSOE	4,0
22077	Candasnos	2007	2	PP	3,0
22077	Candasnos	2011	1	PP	4,0
22077	Candasnos	2011	2	PSOE	3,0
22077	Candasnos	2015	6	PSOE	3,0
22077	Candasnos	2015	8	PP	4,0
22078	Canfranc	2007	1	PSOE	5,0
22078	Canfranc	2007	2	PP	0,0
22078	Canfranc	2007	3	PAR	2,0
22078	Canfranc	2011	1	PP	1,0
22078	Canfranc	2011	2	PSOE	5,0
22078	Canfranc	2011	3	PAR	0,0
22078	Canfranc	2011	4	CHA	1,0
22078	Canfranc	2015	6	PSOE	6,0
22078	Canfranc	2015	8	PP	0,0
22078	Canfranc	2015	24	CHA	1,0
22079	Capdesaso	2007	1	PSOE	5,0
22079	Capdesaso	2007	2	PP	0,0
22079	Capdesaso	2007	3	PAR	0,0
22079	Capdesaso	2007	4	CHA	0,0
22079	Capdesaso	2011	1	PP	0,0
22079	Capdesaso	2011	2	PSOE	4,0
22079	Capdesaso	2011	3	PAR	1,0
22079	Capdesaso	2011	4	CHA	0,0
22079	Capdesaso	2015	5	PAR	1,0
22079	Capdesaso	2015	6	PSOE	4,0
22079	Capdesaso	2015	8	PP	0,0
22080	Capella	2007	1	PSOE	4,0
22080	Capella	2007	2	PP	0,0
22080	Capella	2007	3	PAR	3,0
22080	Capella	2011	2	PSOE	3,0
22080	Capella	2011	3	PAR	4,0
22080	Capella	2015	5	PAR	5,0
22080	Capella	2015	6	PSOE	2,0
22081	Casbas de Huesca	2007	1	PSOE	3,0
22081	Casbas de Huesca	2007	2	PP	4,0
22081	Casbas de Huesca	2011	1	PP	3,0
22081	Casbas de Huesca	2011	2	PSOE	1,0
22081	Casbas de Huesca	2011	3	PAR	3,0
22081	Casbas de Huesca	2015	5	PAR	3,0
22081	Casbas de Huesca	2015	6	PSOE	1,0
22081	Casbas de Huesca	2015	8	PP	3,0
22082	Castejón del Puente	2007	3	PAR	3,0
22082	Castejón del Puente	2007	20	AEI-CP	4,0
22082	Castejón del Puente	2011	1	PP	4,0
22082	Castejón del Puente	2011	2	PSOE	1,0
22082	Castejón del Puente	2011	3	PAR	2,0
22082	Castejón del Puente	2015	5	PAR	2,0
22082	Castejón del Puente	2015	6	PSOE	1,0
22082	Castejón del Puente	2015	8	PP	4,0
22083	Castejón de Monegros	2007	1	PSOE	3,0
22083	Castejón de Monegros	2007	2	PP	2,0
22083	Castejón de Monegros	2007	3	PAR	1,0
22083	Castejón de Monegros	2007	4	CHA	1,0
22083	Castejón de Monegros	2011	1	PP	2,0
22083	Castejón de Monegros	2011	2	PSOE	3,0
22083	Castejón de Monegros	2011	3	PAR	1,0
22083	Castejón de Monegros	2011	4	CHA	1,0
22083	Castejón de Monegros	2015	5	PAR	0,0
22083	Castejón de Monegros	2015	6	PSOE	4,0
22083	Castejón de Monegros	2015	7	CHA	0,0
22083	Castejón de Monegros	2015	8	PP	3,0
22084	Castejón de Sos	2007	1	PSOE	5,0
22084	Castejón de Sos	2007	2	PP	1,0
22084	Castejón de Sos	2007	3	PAR	1,0
22084	Castejón de Sos	2011	2	PSOE	3,0
22084	Castejón de Sos	2011	3	PAR	4,0
22084	Castejón de Sos	2015	5	PAR	5,0
22084	Castejón de Sos	2015	6	PSOE	1,0
22084	Castejón de Sos	2015	8	PP	0,0
22084	Castejón de Sos	2015	13	ARAGONSIPUEDE	1,0
22085	Castelflorite	2007	1	PSOE	3,0
22085	Castelflorite	2007	2	PP	2,0
22085	Castelflorite	2007	3	PAR	0,0
22085	Castelflorite	2007	4	CHA	0,0
22085	Castelflorite	2011	1	PP	2,0
22085	Castelflorite	2011	2	PSOE	3,0
22085	Castelflorite	2011	3	PAR	0,0
22085	Castelflorite	2015	5	PAR	0,0
22085	Castelflorite	2015	6	PSOE	3,0
22085	Castelflorite	2015	8	PP	1,0
22085	Castelflorite	2015	13	ARAGONSIPUEDE	1,0
22086	Castiello de Jaca	2007	1	PSOE	3,0
22086	Castiello de Jaca	2007	2	PP	2,0
22086	Castiello de Jaca	2007	3	PAR	0,0
22086	Castiello de Jaca	2007	4	CHA	0,0
22086	Castiello de Jaca	2007	9	CDL	0,0
22086	Castiello de Jaca	2011	1	PP	2,0
22086	Castiello de Jaca	2011	2	PSOE	5,0
22086	Castiello de Jaca	2011	3	PAR	0,0
22086	Castiello de Jaca	2015	5	PAR	0,0
22086	Castiello de Jaca	2015	6	PSOE	4,0
22086	Castiello de Jaca	2015	8	PP	1,0
22087	Castigaleu	2007	1	PSOE	2,0
22087	Castigaleu	2007	2	PP	0,0
22087	Castigaleu	2007	3	PAR	3,0
22087	Castigaleu	2007	4	CHA	0,0
22087	Castigaleu	2011	1	PP	1,0
22087	Castigaleu	2011	2	PSOE	0,0
22087	Castigaleu	2011	3	PAR	4,0
22087	Castigaleu	2015	5	PAR	2,0
22087	Castigaleu	2015	6	PSOE	1,0
22087	Castigaleu	2015	8	PP	0,0
22088	Castillazuelo	2007	1	PSOE	0,0
22088	Castillazuelo	2007	2	PP	0,0
22088	Castillazuelo	2007	3	PAR	0,0
22088	Castillazuelo	2007	4	CHA	5,0
22088	Castillazuelo	2011	1	PP	0,0
22088	Castillazuelo	2011	2	PSOE	4,0
22088	Castillazuelo	2011	3	PAR	1,0
22088	Castillazuelo	2015	5	PAR	1,0
22088	Castillazuelo	2015	6	PSOE	4,0
22088	Castillazuelo	2015	8	PP	0,0
22088	Castillazuelo	2015	13	ARAGONSIPUEDE	0,0
22089	Castillonroy	2007	1	PSOE	2,0
22089	Castillonroy	2007	2	PP	2,0
22089	Castillonroy	2007	3	PAR	3,0
22089	Castillonroy	2011	1	PP	3,0
22089	Castillonroy	2011	2	PSOE	1,0
22089	Castillonroy	2011	3	PAR	3,0
22089	Castillonroy	2015	5	PAR	3,0
22089	Castillonroy	2015	6	PSOE	3,0
22089	Castillonroy	2015	8	PP	1,0
22090	Colungo	2007	1	PSOE	4,0
22090	Colungo	2007	2	PP	0,0
22090	Colungo	2007	3	PAR	0,0
22090	Colungo	2007	4	CHA	1,0
22090	Colungo	2011	1	PP	0,0
22090	Colungo	2011	2	PSOE	4,0
22090	Colungo	2011	3	PAR	1,0
22090	Colungo	2015	5	PAR	0,0
22090	Colungo	2015	6	PSOE	5,0
22090	Colungo	2015	8	PP	0,0
22094	Chalamera	2007	1	PSOE	4,0
22094	Chalamera	2007	2	PP	0,0
22094	Chalamera	2007	3	PAR	0,0
22094	Chalamera	2007	4	CHA	1,0
22094	Chalamera	2011	1	PP	2,0
22094	Chalamera	2011	2	PSOE	3,0
22094	Chalamera	2011	3	PAR	0,0
22094	Chalamera	2015	5	PAR	0,0
22094	Chalamera	2015	6	PSOE	1,0
22094	Chalamera	2015	8	PP	4,0
22095	Chía	2007	1	PSOE	3,0
22095	Chía	2007	2	PP	1,0
22095	Chía	2007	3	PAR	1,0
22095	Chía	2007	4	CHA	0,0
22095	Chía	2011	1	PP	3,0
22095	Chía	2011	2	PSOE	2,0
22095	Chía	2011	3	PAR	0,0
22095	Chía	2015	5	PAR	1,0
22095	Chía	2015	6	PSOE	2,0
22095	Chía	2015	8	PP	0,0
22096	Chimillas	2007	1	PSOE	1,0
22096	Chimillas	2007	2	PP	3,0
22096	Chimillas	2007	3	PAR	3,0
22096	Chimillas	2007	4	CHA	0,0
22096	Chimillas	2011	1	PP	3,0
22096	Chimillas	2011	2	PSOE	2,0
22096	Chimillas	2011	3	PAR	2,0
22096	Chimillas	2015	5	PAR	1,0
22096	Chimillas	2015	6	PSOE	4,0
22096	Chimillas	2015	8	PP	2,0
22099	Esplús	2007	1	PSOE	4,0
22099	Esplús	2007	2	PP	3,0
22099	Esplús	2011	1	PP	3,0
22099	Esplús	2011	2	PSOE	4,0
22099	Esplús	2015	6	PSOE	5,0
22099	Esplús	2015	8	PP	2,0
22102	Estada	2007	1	PSOE	0,0
22102	Estada	2007	2	PP	4,0
22102	Estada	2007	4	CHA	1,0
22102	Estada	2011	1	PP	4,0
22102	Estada	2011	2	PSOE	1,0
22102	Estada	2011	3	PAR	0,0
22102	Estada	2015	5	PAR	0,0
22102	Estada	2015	6	PSOE	1,0
22102	Estada	2015	7	CHA	1,0
22102	Estada	2015	8	PP	3,0
22103	Estadilla	2007	1	PSOE	4,0
22103	Estadilla	2007	2	PP	0,0
22103	Estadilla	2007	3	PAR	0,0
22103	Estadilla	2007	4	CHA	3,0
22103	Estadilla	2011	1	PP	1,0
22103	Estadilla	2011	2	PSOE	4,0
22103	Estadilla	2011	3	PAR	0,0
22103	Estadilla	2011	5	IU	2,0
22103	Estadilla	2015	5	PAR	1,0
22103	Estadilla	2015	6	PSOE	4,0
22103	Estadilla	2015	8	PP	0,0
22103	Estadilla	2015	65	CAMBIAR	2,0
22105	Estopiñán del Castillo	2007	1	PSOE	2,0
22105	Estopiñán del Castillo	2007	2	PP	2,0
22105	Estopiñán del Castillo	2007	3	PAR	0,0
22105	Estopiñán del Castillo	2007	4	CHA	1,0
22105	Estopiñán del Castillo	2011	1	PP	4,0
22105	Estopiñán del Castillo	2011	2	PSOE	1,0
22105	Estopiñán del Castillo	2011	3	PAR	0,0
22105	Estopiñán del Castillo	2015	5	PAR	0,0
22105	Estopiñán del Castillo	2015	6	PSOE	1,0
22105	Estopiñán del Castillo	2015	7	CHA	0,0
22105	Estopiñán del Castillo	2015	8	PP	4,0
22106	Fago	2007	3	PAR	1,0
22106	Fago	2011	3	PAR	1,0
22106	Fago	2015	5	PAR	1,0
22107	Fanlo	2007	1	PSOE	1,0
22107	Fanlo	2007	2	PP	0,0
22107	Fanlo	2007	3	PAR	4,0
22107	Fanlo	2007	4	CHA	0,0
22107	Fanlo	2011	1	PP	1,0
22107	Fanlo	2011	2	PSOE	0,0
22107	Fanlo	2011	3	PAR	4,0
22107	Fanlo	2015	5	PAR	4,0
22107	Fanlo	2015	6	PSOE	1,0
22107	Fanlo	2015	7	CHA	0,0
22107	Fanlo	2015	8	PP	0,0
22109	Fiscal	2007	1	PSOE	4,0
22109	Fiscal	2007	2	PP	2,0
22109	Fiscal	2007	3	PAR	1,0
22109	Fiscal	2011	1	PP	3,0
22109	Fiscal	2011	2	PSOE	4,0
22109	Fiscal	2011	3	PAR	0,0
22109	Fiscal	2011	5	IU	0,0
22109	Fiscal	2015	6	PSOE	6,0
22109	Fiscal	2015	8	PP	1,0
22110	Fonz	2007	1	PSOE	3,0
22110	Fonz	2007	2	PP	2,0
22110	Fonz	2007	3	PAR	3,0
22110	Fonz	2007	4	CHA	1,0
22110	Fonz	2011	1	PP	3,0
22110	Fonz	2011	2	PSOE	3,0
22110	Fonz	2011	3	PAR	1,0
22110	Fonz	2011	4	CHA	2,0
22110	Fonz	2015	5	PAR	2,0
22110	Fonz	2015	6	PSOE	4,0
22110	Fonz	2015	7	CHA	1,0
22110	Fonz	2015	8	PP	0,0
22111	Foradada del Toscar	2007	1	PSOE	4,0
22111	Foradada del Toscar	2007	2	PP	0,0
22111	Foradada del Toscar	2007	3	PAR	1,0
22111	Foradada del Toscar	2007	4	CHA	0,0
22111	Foradada del Toscar	2011	1	PP	0,0
22111	Foradada del Toscar	2011	2	PSOE	0,0
22111	Foradada del Toscar	2011	3	PAR	1,0
22111	Foradada del Toscar	2011	28	AELEF	4,0
22111	Foradada del Toscar	2015	5	PAR	1,0
22111	Foradada del Toscar	2015	6	PSOE	2,0
22111	Foradada del Toscar	2015	8	PP	2,0
22112	Fraga	2007	1	PSOE	8,0
22112	Fraga	2007	2	PP	7,0
22112	Fraga	2007	3	PAR	2,0
22112	Fraga	2007	4	CHA	0,0
22112	Fraga	2007	19	ALCIVI	0,0
22112	Fraga	2011	1	PP	8,0
22112	Fraga	2011	2	PSOE	7,0
22112	Fraga	2011	3	PAR	2,0
22112	Fraga	2011	4	CHA	0,0
22112	Fraga	2011	5	IU	0,0
22112	Fraga	2011	20	CDF	0,0
22112	Fraga	2015	4	C's	1,0
22112	Fraga	2015	5	PAR	1,0
22112	Fraga	2015	6	PSOE	7,0
22112	Fraga	2015	7	CHA	0,0
22112	Fraga	2015	8	PP	6,0
22112	Fraga	2015	13	ARAGONSIPUEDE	1,0
22112	Fraga	2015	42	CXF	1,0
22112	Fraga	2015	50	CAMBIAR	0,0
22113	Fueva (La)	2007	1	PSOE	5,0
22113	Fueva (La)	2007	2	PP	2,0
22113	Fueva (La)	2007	4	CHA	0,0
22113	Fueva (La)	2011	1	PP	2,0
22113	Fueva (La)	2011	2	PSOE	5,0
22113	Fueva (La)	2011	3	PAR	0,0
22113	Fueva (La)	2015	6	PSOE	4,0
22113	Fueva (La)	2015	8	PP	1,0
22113	Fueva (La)	2015	73	AeF	2,0
22114	Gistaín	2007	1	PSOE	2,0
22114	Gistaín	2007	2	PP	0,0
22114	Gistaín	2007	3	PAR	3,0
22114	Gistaín	2007	4	CHA	0,0
22114	Gistaín	2011	2	PSOE	1,0
22114	Gistaín	2011	3	PAR	4,0
22114	Gistaín	2015	5	PAR	4,0
22114	Gistaín	2015	6	PSOE	0,0
22114	Gistaín	2015	7	CHA	1,0
22115	Grado (El)	2007	1	PSOE	2,0
22115	Grado (El)	2007	2	PP	4,0
22115	Grado (El)	2007	4	CHA	1,0
22115	Grado (El)	2011	1	PP	4,0
22115	Grado (El)	2011	2	PSOE	2,0
22115	Grado (El)	2011	3	PAR	1,0
22115	Grado (El)	2015	5	PAR	2,0
22115	Grado (El)	2015	6	PSOE	2,0
22115	Grado (El)	2015	8	PP	3,0
22116	Grañén	2007	1	PSOE	6,0
22116	Grañén	2007	2	PP	4,0
22116	Grañén	2007	3	PAR	1,0
22116	Grañén	2007	4	CHA	0,0
22116	Grañén	2011	1	PP	4,0
22116	Grañén	2011	2	PSOE	4,0
22116	Grañén	2011	3	PAR	1,0
22116	Grañén	2011	4	CHA	0,0
22116	Grañén	2015	5	PAR	0,0
22116	Grañén	2015	6	PSOE	4,0
22116	Grañén	2015	8	PP	5,0
22117	Graus	2007	1	PSOE	4,0
22117	Graus	2007	2	PP	4,0
22117	Graus	2007	3	PAR	3,0
22117	Graus	2007	4	CHA	0,0
22117	Graus	2011	1	PP	4,0
22117	Graus	2011	2	PSOE	4,0
22117	Graus	2011	3	PAR	2,0
22117	Graus	2011	4	CHA	1,0
22117	Graus	2015	4	C's	0,0
22117	Graus	2015	5	PAR	1,0
22117	Graus	2015	6	PSOE	2,0
22117	Graus	2015	8	PP	6,0
22117	Graus	2015	13	ARAGONSIPUEDE	2,0
22119	Gurrea de Gállego	2007	1	PSOE	4,0
22119	Gurrea de Gállego	2007	2	PP	4,0
22119	Gurrea de Gállego	2007	3	PAR	1,0
22119	Gurrea de Gállego	2007	4	CHA	0,0
22119	Gurrea de Gállego	2007	26	AI	0,0
22119	Gurrea de Gállego	2011	1	PP	4,0
22119	Gurrea de Gállego	2011	2	PSOE	3,0
22119	Gurrea de Gállego	2011	3	PAR	2,0
22119	Gurrea de Gállego	2011	5	IU	0,0
22119	Gurrea de Gállego	2011	8	FIA	0,0
22119	Gurrea de Gállego	2015	4	C's	0,0
22119	Gurrea de Gállego	2015	5	PAR	2,0
22119	Gurrea de Gállego	2015	6	PSOE	1,0
22119	Gurrea de Gállego	2015	8	PP	4,0
22119	Gurrea de Gállego	2015	28	FIA	2,0
22122	Hoz de Jaca	2007	1	PSOE	0,0
22122	Hoz de Jaca	2007	2	PP	0,0
22122	Hoz de Jaca	2007	3	PAR	1,0
22122	Hoz de Jaca	2011	2	PSOE	0,0
22122	Hoz de Jaca	2011	3	PAR	1,0
22122	Hoz de Jaca	2015	5	PAR	1,0
22122	Hoz de Jaca	2015	6	PSOE	0,0
22122	Hoz de Jaca	2015	8	PP	0,0
22124	Huerto	2007	1	PSOE	3,0
22124	Huerto	2007	2	PP	3,0
22124	Huerto	2007	3	PAR	0,0
22124	Huerto	2007	4	CHA	1,0
22124	Huerto	2011	1	PP	2,0
22124	Huerto	2011	2	PSOE	4,0
22124	Huerto	2011	3	PAR	1,0
22124	Huerto	2011	4	CHA	0,0
22124	Huerto	2015	5	PAR	0,0
22124	Huerto	2015	6	PSOE	4,0
22124	Huerto	2015	7	CHA	0,0
22124	Huerto	2015	8	PP	1,0
22125	Huesca	2007	1	PSOE	9,0
22125	Huesca	2007	2	PP	7,0
22125	Huesca	2007	3	PAR	2,0
22125	Huesca	2007	4	CHA	2,0
22125	Huesca	2007	5	IU	1,0
22125	Huesca	2007	13	LV-GV	0,0
22125	Huesca	2007	16	PFYV	0,0
22125	Huesca	2011	1	PP	11,0
22125	Huesca	2011	2	PSOE	9,0
22125	Huesca	2011	3	PAR	2,0
22125	Huesca	2011	4	CHA	2,0
22125	Huesca	2011	5	IU	1,0
22125	Huesca	2011	6	UPyD	0,0
22125	Huesca	2011	9	ECOLO	0,0
22125	Huesca	2011	17	AES	0,0
22125	Huesca	2011	34	UCE	0,0
22125	Huesca	2015	4	C's	2,0
22125	Huesca	2015	5	PAR	0,0
22125	Huesca	2015	6	PSOE	8,0
22125	Huesca	2015	7	CHA	0,0
22125	Huesca	2015	8	PP	9,0
22125	Huesca	2015	9	UPyD	0,0
22125	Huesca	2015	10	EB	0,0
22125	Huesca	2015	13	ARAGONSIPUEDE	2,0
22125	Huesca	2015	15	CAMBIAR	4,0
22126	Ibieca	2007	1	PSOE	0,0
22126	Ibieca	2007	2	PP	5,0
22126	Ibieca	2007	3	PAR	0,0
22126	Ibieca	2007	4	CHA	0,0
22126	Ibieca	2011	1	PP	5,0
22126	Ibieca	2011	2	PSOE	0,0
22126	Ibieca	2011	3	PAR	0,0
22126	Ibieca	2015	5	PAR	0,0
22126	Ibieca	2015	6	PSOE	0,0
22126	Ibieca	2015	8	PP	5,0
22127	Igriés	2007	1	PSOE	2,0
22127	Igriés	2007	2	PP	2,0
22127	Igriés	2007	3	PAR	3,0
22127	Igriés	2011	1	PP	1,0
22127	Igriés	2011	2	PSOE	2,0
22127	Igriés	2011	3	PAR	4,0
22127	Igriés	2015	5	PAR	5,0
22127	Igriés	2015	6	PSOE	1,0
22127	Igriés	2015	8	PP	1,0
22128	Ilche	2007	1	PSOE	3,0
22128	Ilche	2007	2	PP	4,0
22128	Ilche	2011	1	PP	4,0
22128	Ilche	2011	2	PSOE	1,0
22128	Ilche	2011	3	PAR	0,0
22128	Ilche	2015	5	PAR	2,0
22128	Ilche	2015	6	PSOE	0,0
22128	Ilche	2015	8	PP	3,0
22129	Isábena	2007	1	PSOE	3,0
22129	Isábena	2007	2	PP	4,0
22129	Isábena	2011	1	PP	4,0
22129	Isábena	2011	2	PSOE	2,0
22129	Isábena	2011	3	PAR	1,0
22129	Isábena	2015	5	PAR	1,0
22129	Isábena	2015	6	PSOE	1,0
22129	Isábena	2015	8	PP	5,0
22130	Jaca	2007	1	PSOE	8,0
22130	Jaca	2007	2	PP	5,0
22130	Jaca	2007	3	PAR	2,0
22130	Jaca	2007	4	CHA	2,0
22130	Jaca	2007	9	CDL	0,0
22130	Jaca	2007	28	LV	0,0
22130	Jaca	2011	1	PP	8,0
22130	Jaca	2011	2	PSOE	5,0
22130	Jaca	2011	3	PAR	2,0
22130	Jaca	2011	4	CHA	2,0
22130	Jaca	2011	5	IU	0,0
22130	Jaca	2011	9	ECOLO	0,0
22130	Jaca	2011	11	PACMA	0,0
22130	Jaca	2011	12	CDL	0,0
22130	Jaca	2015	4	C's	0,0
22130	Jaca	2015	5	PAR	2,0
22130	Jaca	2015	6	PSOE	6,0
22130	Jaca	2015	8	PP	5,0
22130	Jaca	2015	13	ARAGONSIPUEDE	1,0
22130	Jaca	2015	24	CHA	2,0
22130	Jaca	2015	35	CAMBIAR	1,0
22131	Jasa	2007	1	PSOE	4,0
22131	Jasa	2007	2	PP	1,0
22131	Jasa	2011	1	PP	4,0
22131	Jasa	2011	2	PSOE	1,0
22131	Jasa	2015	5	PAR	2,0
22131	Jasa	2015	6	PSOE	3,0
22133	Labuerda	2007	1	PSOE	5,0
22133	Labuerda	2007	2	PP	0,0
22133	Labuerda	2007	4	CHA	0,0
22133	Labuerda	2007	41	FV	0,0
22133	Labuerda	2011	1	PP	0,0
22133	Labuerda	2011	2	PSOE	5,0
22133	Labuerda	2011	3	PAR	0,0
22133	Labuerda	2011	4	CHA	0,0
22133	Labuerda	2015	5	PAR	0,0
22133	Labuerda	2015	6	PSOE	5,0
22133	Labuerda	2015	7	CHA	0,0
22133	Labuerda	2015	8	PP	0,0
22135	Laluenga	2007	1	PSOE	5,0
22135	Laluenga	2007	2	PP	0,0
22135	Laluenga	2007	4	CHA	0,0
22135	Laluenga	2011	1	PP	2,0
22135	Laluenga	2011	2	PSOE	3,0
22135	Laluenga	2011	3	PAR	0,0
22135	Laluenga	2015	5	PAR	1,0
22135	Laluenga	2015	6	PSOE	4,0
22135	Laluenga	2015	8	PP	0,0
22136	Lalueza	2007	1	PSOE	5,0
22136	Lalueza	2007	2	PP	2,0
22136	Lalueza	2007	3	PAR	2,0
22136	Lalueza	2011	1	PP	2,0
22136	Lalueza	2011	2	PSOE	6,0
22136	Lalueza	2011	3	PAR	1,0
22136	Lalueza	2015	5	PAR	1,0
22136	Lalueza	2015	6	PSOE	7,0
22136	Lalueza	2015	8	PP	1,0
22136	Lalueza	2015	82	CAMBIAR	0,0
22137	Lanaja	2007	1	PSOE	6,0
22137	Lanaja	2007	2	PP	0,0
22137	Lanaja	2007	3	PAR	1,0
22137	Lanaja	2007	4	CHA	2,0
22137	Lanaja	2011	1	PP	2,0
22137	Lanaja	2011	2	PSOE	6,0
22137	Lanaja	2011	3	PAR	0,0
22137	Lanaja	2011	4	CHA	1,0
22137	Lanaja	2015	6	PSOE	6,0
22137	Lanaja	2015	8	PP	3,0
22139	Laperdiguera	2007	1	PSOE	0,0
22139	Laperdiguera	2007	2	PP	3,0
22139	Laperdiguera	2007	3	PAR	2,0
22139	Laperdiguera	2007	4	CHA	0,0
22139	Laperdiguera	2011	1	PP	3,0
22139	Laperdiguera	2011	2	PSOE	0,0
22139	Laperdiguera	2011	3	PAR	2,0
22139	Laperdiguera	2011	5	IU	0,0
22139	Laperdiguera	2015	5	PAR	1,0
22139	Laperdiguera	2015	6	PSOE	0,0
22139	Laperdiguera	2015	8	PP	2,0
22141	Lascellas-Ponzano	2007	1	PSOE	2,0
22141	Lascellas-Ponzano	2007	2	PP	1,0
22141	Lascellas-Ponzano	2007	3	PAR	2,0
22141	Lascellas-Ponzano	2007	4	CHA	0,0
22141	Lascellas-Ponzano	2011	1	PP	1,0
22141	Lascellas-Ponzano	2011	2	PSOE	1,0
22141	Lascellas-Ponzano	2011	3	PAR	3,0
22141	Lascellas-Ponzano	2015	5	PAR	3,0
22141	Lascellas-Ponzano	2015	6	PSOE	1,0
22141	Lascellas-Ponzano	2015	7	CHA	1,0
22141	Lascellas-Ponzano	2015	8	PP	0,0
22142	Lascuarre	2007	1	PSOE	0,0
22142	Lascuarre	2007	2	PP	5,0
22142	Lascuarre	2007	4	CHA	0,0
22142	Lascuarre	2011	1	PP	4,0
22142	Lascuarre	2011	2	PSOE	0,0
22142	Lascuarre	2011	3	PAR	1,0
22142	Lascuarre	2015	5	PAR	1,0
22142	Lascuarre	2015	6	PSOE	0,0
22142	Lascuarre	2015	7	CHA	0,0
22142	Lascuarre	2015	8	PP	4,0
22143	Laspaúles	2007	1	PSOE	3,0
22143	Laspaúles	2007	2	PP	4,0
22143	Laspaúles	2007	3	PAR	0,0
22143	Laspaúles	2011	1	PP	5,0
22143	Laspaúles	2011	2	PSOE	2,0
22143	Laspaúles	2015	5	PAR	1,0
22143	Laspaúles	2015	6	PSOE	2,0
22143	Laspaúles	2015	8	PP	4,0
22144	Laspuña	2007	1	PSOE	3,0
22144	Laspuña	2007	2	PP	4,0
22144	Laspuña	2007	3	PAR	0,0
22144	Laspuña	2011	1	PP	4,0
22144	Laspuña	2011	2	PSOE	2,0
22144	Laspuña	2011	3	PAR	1,0
22144	Laspuña	2011	5	IU	0,0
22144	Laspuña	2015	6	PSOE	3,0
22144	Laspuña	2015	8	PP	4,0
22149	Loarre	2007	1	PSOE	3,0
22149	Loarre	2007	2	PP	2,0
22149	Loarre	2007	3	PAR	2,0
22149	Loarre	2011	1	PP	2,0
22149	Loarre	2011	2	PSOE	4,0
22149	Loarre	2011	3	PAR	1,0
22149	Loarre	2015	5	PAR	4,0
22149	Loarre	2015	6	PSOE	3,0
22150	Loporzano	2007	1	PSOE	2,0
22150	Loporzano	2007	2	PP	2,0
22150	Loporzano	2007	3	PAR	3,0
22150	Loporzano	2007	4	CHA	0,0
22150	Loporzano	2011	1	PP	3,0
22150	Loporzano	2011	2	PSOE	2,0
22150	Loporzano	2011	3	PAR	2,0
22150	Loporzano	2015	5	PAR	2,0
22150	Loporzano	2015	6	PSOE	2,0
22150	Loporzano	2015	8	PP	3,0
22151	Loscorrales	2007	1	PSOE	0,0
22151	Loscorrales	2007	2	PP	5,0
22151	Loscorrales	2007	3	PAR	0,0
22151	Loscorrales	2007	4	CHA	0,0
22151	Loscorrales	2011	1	PP	5,0
22151	Loscorrales	2011	2	PSOE	0,0
22151	Loscorrales	2011	3	PAR	0,0
22151	Loscorrales	2015	5	PAR	0,0
22151	Loscorrales	2015	6	PSOE	0,0
22151	Loscorrales	2015	8	PP	5,0
22155	Monesma y Cajigar	2007	1	PSOE	0,0
22155	Monesma y Cajigar	2007	2	PP	5,0
22155	Monesma y Cajigar	2007	4	CHA	0,0
22155	Monesma y Cajigar	2011	1	PP	3,0
22155	Monesma y Cajigar	2011	2	PSOE	0,0
22155	Monesma y Cajigar	2011	3	PAR	2,0
22155	Monesma y Cajigar	2015	5	PAR	2,0
22155	Monesma y Cajigar	2015	6	PSOE	0,0
22155	Monesma y Cajigar	2015	8	PP	1,0
22156	Monflorite-Lascasas	2007	1	PSOE	4,0
22156	Monflorite-Lascasas	2007	2	PP	1,0
22156	Monflorite-Lascasas	2007	3	PAR	0,0
22156	Monflorite-Lascasas	2007	4	CHA	0,0
22156	Monflorite-Lascasas	2011	1	PP	2,0
22156	Monflorite-Lascasas	2011	2	PSOE	4,0
22156	Monflorite-Lascasas	2011	3	PAR	1,0
22156	Monflorite-Lascasas	2015	5	PAR	2,0
22156	Monflorite-Lascasas	2015	6	PSOE	4,0
22156	Monflorite-Lascasas	2015	8	PP	1,0
22157	Montanuy	2007	1	PSOE	4,0
22157	Montanuy	2007	2	PP	0,0
22157	Montanuy	2007	3	PAR	2,0
22157	Montanuy	2007	4	CHA	1,0
22157	Montanuy	2011	2	PSOE	4,0
22157	Montanuy	2011	3	PAR	2,0
22157	Montanuy	2011	4	CHA	1,0
22157	Montanuy	2015	5	PAR	0,0
22157	Montanuy	2015	6	PSOE	5,0
22157	Montanuy	2015	7	CHA	0,0
22157	Montanuy	2015	8	PP	0,0
22158	Monzón	2007	1	PSOE	7,0
22158	Monzón	2007	2	PP	7,0
22158	Monzón	2007	3	PAR	1,0
22158	Monzón	2007	4	CHA	1,0
22158	Monzón	2007	10	IU-A	1,0
22158	Monzón	2011	1	PP	7,0
22158	Monzón	2011	2	PSOE	5,0
22158	Monzón	2011	3	PAR	2,0
22158	Monzón	2011	4	CHA	1,0
22158	Monzón	2011	5	IU	2,0
22158	Monzón	2011	8	FIA	0,0
22158	Monzón	2015	4	C's	1,0
22158	Monzón	2015	5	PAR	2,0
22158	Monzón	2015	6	PSOE	6,0
22158	Monzón	2015	7	CHA	0,0
22158	Monzón	2015	8	PP	5,0
22158	Monzón	2015	10	EB	0,0
22158	Monzón	2015	23	CAMBIAR	3,0
22160	Naval	2007	1	PSOE	2,0
22160	Naval	2007	2	PP	1,0
22160	Naval	2007	4	CHA	4,0
22160	Naval	2007	42	AE NAVAL-MI	0,0
22160	Naval	2011	1	PP	2,0
22160	Naval	2011	2	PSOE	2,0
22160	Naval	2011	3	PAR	3,0
22160	Naval	2011	37	A E NAVAL-MIPANAS	0,0
22160	Naval	2015	5	PAR	4,0
22160	Naval	2015	6	PSOE	2,0
22160	Naval	2015	8	PP	0,0
22160	Naval	2015	13	ARAGONSIPUEDE	1,0
22162	Novales	2007	1	PSOE	1,0
22162	Novales	2007	2	PP	0,0
22162	Novales	2007	3	PAR	4,0
22162	Novales	2007	4	CHA	0,0
22162	Novales	2011	1	PP	0,0
22162	Novales	2011	2	PSOE	1,0
22162	Novales	2011	3	PAR	4,0
22162	Novales	2015	4	C's	1,0
22162	Novales	2015	5	PAR	4,0
22162	Novales	2015	6	PSOE	0,0
22162	Novales	2015	8	PP	0,0
22163	Nueno	2007	1	PSOE	4,0
22163	Nueno	2007	2	PP	2,0
22163	Nueno	2007	3	PAR	1,0
22163	Nueno	2007	4	CHA	0,0
22163	Nueno	2011	1	PP	4,0
22163	Nueno	2011	2	PSOE	3,0
22163	Nueno	2011	3	PAR	0,0
22163	Nueno	2011	4	CHA	0,0
22163	Nueno	2015	6	PSOE	4,0
22163	Nueno	2015	8	PP	3,0
22164	Olvena	2007	1	PSOE	1,0
22164	Olvena	2007	2	PP	0,0
22164	Olvena	2007	4	CHA	0,0
22164	Olvena	2011	1	PP	1,0
22164	Olvena	2011	2	PSOE	2,0
22164	Olvena	2015	5	PAR	0,0
22164	Olvena	2015	6	PSOE	1,0
22164	Olvena	2015	8	PP	2,0
22165	Ontiñena	2007	1	PSOE	1,0
22165	Ontiñena	2007	2	PP	4,0
22165	Ontiñena	2007	3	PAR	2,0
22165	Ontiñena	2011	1	PP	5,0
22165	Ontiñena	2011	2	PSOE	1,0
22165	Ontiñena	2011	3	PAR	1,0
22165	Ontiñena	2015	5	PAR	2,0
22165	Ontiñena	2015	6	PSOE	0,0
22165	Ontiñena	2015	8	PP	5,0
22167	Osso de Cinca	2007	1	PSOE	2,0
22167	Osso de Cinca	2007	2	PP	5,0
22167	Osso de Cinca	2007	3	PAR	0,0
22167	Osso de Cinca	2007	4	CHA	0,0
22167	Osso de Cinca	2011	1	PP	4,0
22167	Osso de Cinca	2011	2	PSOE	3,0
22167	Osso de Cinca	2015	6	PSOE	3,0
22167	Osso de Cinca	2015	8	PP	4,0
22168	Palo	2007	1	PSOE	1,0
22168	Palo	2007	4	CHA	0,0
22168	Palo	2011	2	PSOE	1,0
22168	Palo	2015	6	PSOE	1,0
22168	Palo	2015	8	PP	0,0
22170	Panticosa	2007	1	PSOE	4,0
22170	Panticosa	2007	2	PP	3,0
22170	Panticosa	2011	1	PP	4,0
22170	Panticosa	2011	2	PSOE	3,0
22170	Panticosa	2011	3	PAR	0,0
22170	Panticosa	2015	6	PSOE	2,0
22170	Panticosa	2015	8	PP	5,0
22172	Peñalba	2007	1	PSOE	0,0
22172	Peñalba	2007	2	PP	3,0
22172	Peñalba	2007	3	PAR	3,0
22172	Peñalba	2007	4	CHA	1,0
22172	Peñalba	2011	1	PP	5,0
22172	Peñalba	2011	2	PSOE	0,0
22172	Peñalba	2011	3	PAR	2,0
22172	Peñalba	2011	4	CHA	0,0
22172	Peñalba	2015	5	PAR	2,0
22172	Peñalba	2015	6	PSOE	0,0
22172	Peñalba	2015	7	CHA	0,0
22172	Peñalba	2015	8	PP	5,0
22173	Peñas de Riglos (Las)	2007	1	PSOE	4,0
22173	Peñas de Riglos (Las)	2007	2	PP	1,0
22173	Peñas de Riglos (Las)	2007	4	CHA	2,0
22173	Peñas de Riglos (Las)	2011	1	PP	1,0
22173	Peñas de Riglos (Las)	2011	2	PSOE	3,0
22173	Peñas de Riglos (Las)	2011	3	PAR	1,0
22173	Peñas de Riglos (Las)	2011	4	CHA	2,0
22173	Peñas de Riglos (Las)	2015	5	PAR	1,0
22173	Peñas de Riglos (Las)	2015	6	PSOE	3,0
22173	Peñas de Riglos (Las)	2015	8	PP	1,0
22173	Peñas de Riglos (Las)	2015	13	ARAGONSIPUEDE	2,0
22174	Peralta de Alcofea	2007	1	PSOE	2,0
22174	Peralta de Alcofea	2007	2	PP	5,0
22174	Peralta de Alcofea	2011	1	PP	5,0
22174	Peralta de Alcofea	2011	2	PSOE	2,0
22174	Peralta de Alcofea	2015	6	PSOE	3,0
22174	Peralta de Alcofea	2015	8	PP	4,0
22175	Peralta de Calasanz	2007	1	PSOE	2,0
22175	Peralta de Calasanz	2007	3	PAR	5,0
22175	Peralta de Calasanz	2011	1	PP	0,0
22175	Peralta de Calasanz	2011	2	PSOE	1,0
22175	Peralta de Calasanz	2011	3	PAR	4,0
22175	Peralta de Calasanz	2015	5	PAR	2,0
22175	Peralta de Calasanz	2015	6	PSOE	3,0
22175	Peralta de Calasanz	2015	8	PP	0,0
22176	Peraltilla	2007	1	PSOE	0,0
22176	Peraltilla	2007	2	PP	5,0
22176	Peraltilla	2007	3	PAR	0,0
22176	Peraltilla	2007	4	CHA	0,0
22176	Peraltilla	2011	1	PP	5,0
22176	Peraltilla	2011	2	PSOE	0,0
22176	Peraltilla	2011	3	PAR	0,0
22176	Peraltilla	2015	5	PAR	0,0
22176	Peraltilla	2015	6	PSOE	0,0
22176	Peraltilla	2015	8	PP	5,0
22177	Perarrúa	2007	1	PSOE	0,0
22177	Perarrúa	2007	2	PP	0,0
22177	Perarrúa	2007	3	PAR	5,0
22177	Perarrúa	2007	4	CHA	0,0
22177	Perarrúa	2011	2	PSOE	0,0
22177	Perarrúa	2011	3	PAR	5,0
22177	Perarrúa	2015	5	PAR	5,0
22177	Perarrúa	2015	6	PSOE	0,0
22177	Perarrúa	2015	8	PP	0,0
22178	Pertusa	2007	1	PSOE	4,0
22178	Pertusa	2007	2	PP	0,0
22178	Pertusa	2007	3	PAR	1,0
22178	Pertusa	2007	4	CHA	0,0
22178	Pertusa	2011	1	PP	2,0
22178	Pertusa	2011	2	PSOE	1,0
22178	Pertusa	2011	3	PAR	2,0
22178	Pertusa	2015	5	PAR	3,0
22178	Pertusa	2015	6	PSOE	1,0
22178	Pertusa	2015	8	PP	1,0
22181	Piracés	2007	1	PSOE	2,0
22181	Piracés	2007	2	PP	3,0
22181	Piracés	2007	3	PAR	0,0
22181	Piracés	2007	4	CHA	0,0
22181	Piracés	2011	1	PP	3,0
22181	Piracés	2011	2	PSOE	2,0
22181	Piracés	2011	3	PAR	0,0
22181	Piracés	2015	5	PAR	1,0
22181	Piracés	2015	6	PSOE	3,0
22181	Piracés	2015	8	PP	1,0
22182	Plan	2007	1	PSOE	3,0
22182	Plan	2007	4	CHA	4,0
22182	Plan	2011	2	PSOE	3,0
22182	Plan	2011	4	CHA	4,0
22182	Plan	2015	6	PSOE	7,0
22184	Poleñino	2007	1	PSOE	4,0
22184	Poleñino	2007	2	PP	1,0
22184	Poleñino	2007	3	PAR	0,0
22184	Poleñino	2007	4	CHA	0,0
22184	Poleñino	2011	1	PP	2,0
22184	Poleñino	2011	2	PSOE	2,0
22184	Poleñino	2011	3	PAR	0,0
22184	Poleñino	2011	4	CHA	0,0
22184	Poleñino	2011	24	A E I POLEÑINO	1,0
22184	Poleñino	2015	5	PAR	0,0
22184	Poleñino	2015	6	PSOE	1,0
22184	Poleñino	2015	8	PP	4,0
22186	Pozán de Vero	2007	1	PSOE	5,0
22186	Pozán de Vero	2007	3	PAR	2,0
22186	Pozán de Vero	2011	1	PP	0,0
22186	Pozán de Vero	2011	2	PSOE	4,0
22186	Pozán de Vero	2011	3	PAR	1,0
22186	Pozán de Vero	2015	5	PAR	0,0
22186	Pozán de Vero	2015	6	PSOE	4,0
22186	Pozán de Vero	2015	8	PP	1,0
22187	Puebla de Castro (La)	2007	1	PSOE	2,0
22187	Puebla de Castro (La)	2007	2	PP	1,0
22187	Puebla de Castro (La)	2007	3	PAR	4,0
22187	Puebla de Castro (La)	2007	4	CHA	0,0
22187	Puebla de Castro (La)	2011	1	PP	1,0
22187	Puebla de Castro (La)	2011	2	PSOE	3,0
22187	Puebla de Castro (La)	2011	3	PAR	3,0
22187	Puebla de Castro (La)	2015	5	PAR	2,0
22187	Puebla de Castro (La)	2015	6	PSOE	4,0
22187	Puebla de Castro (La)	2015	8	PP	1,0
22188	Puente de Montañana	2007	1	PSOE	1,0
22188	Puente de Montañana	2007	4	CHA	0,0
22188	Puente de Montañana	2007	13	LV-GV	0,0
22188	Puente de Montañana	2011	1	PP	0,0
22188	Puente de Montañana	2011	2	PSOE	1,0
22188	Puente de Montañana	2011	3	PAR	0,0
22188	Puente de Montañana	2011	20	CDF	4,0
22188	Puente de Montañana	2015	5	PAR	0,0
22188	Puente de Montañana	2015	6	PSOE	4,0
22188	Puente de Montañana	2015	8	PP	1,0
22189	Puértolas	2007	1	PSOE	1,0
22189	Puértolas	2007	2	PP	4,0
22189	Puértolas	2007	3	PAR	0,0
22189	Puértolas	2007	4	CHA	0,0
22189	Puértolas	2011	1	PP	3,0
22189	Puértolas	2011	2	PSOE	0,0
22189	Puértolas	2011	3	PAR	2,0
22189	Puértolas	2015	6	PSOE	4,0
22189	Puértolas	2015	7	CHA	0,0
22189	Puértolas	2015	8	PP	1,0
22190	Pueyo de Araguás (El)	2007	1	PSOE	4,0
22190	Pueyo de Araguás (El)	2007	2	PP	0,0
22190	Pueyo de Araguás (El)	2007	4	CHA	1,0
22190	Pueyo de Araguás (El)	2011	1	PP	1,0
22190	Pueyo de Araguás (El)	2011	2	PSOE	4,0
22190	Pueyo de Araguás (El)	2011	3	PAR	0,0
22190	Pueyo de Araguás (El)	2011	4	CHA	0,0
22190	Pueyo de Araguás (El)	2015	6	PSOE	4,0
22190	Pueyo de Araguás (El)	2015	7	CHA	0,0
22190	Pueyo de Araguás (El)	2015	8	PP	1,0
22193	Pueyo de Santa Cruz	2007	1	PSOE	3,0
22193	Pueyo de Santa Cruz	2007	2	PP	4,0
22193	Pueyo de Santa Cruz	2011	1	PP	4,0
22193	Pueyo de Santa Cruz	2011	2	PSOE	3,0
22193	Pueyo de Santa Cruz	2015	6	PSOE	3,0
22193	Pueyo de Santa Cruz	2015	8	PP	4,0
22195	Quicena	2007	1	PSOE	1,0
22195	Quicena	2007	2	PP	2,0
22195	Quicena	2007	3	PAR	2,0
22195	Quicena	2007	4	CHA	2,0
22195	Quicena	2011	1	PP	3,0
22195	Quicena	2011	2	PSOE	1,0
22195	Quicena	2011	3	PAR	3,0
22195	Quicena	2015	5	PAR	3,0
22195	Quicena	2015	6	PSOE	0,0
22195	Quicena	2015	8	PP	4,0
22197	Robres	2007	1	PSOE	2,0
22197	Robres	2007	2	PP	0,0
22197	Robres	2007	3	PAR	5,0
22197	Robres	2011	1	PP	1,0
22197	Robres	2011	2	PSOE	2,0
22197	Robres	2011	3	PAR	4,0
22197	Robres	2015	6	PSOE	4,0
22197	Robres	2015	8	PP	3,0
22199	Sabiñánigo	2007	1	PSOE	5,0
22199	Sabiñánigo	2007	2	PP	2,0
22199	Sabiñánigo	2007	3	PAR	3,0
22199	Sabiñánigo	2007	4	CHA	1,0
22199	Sabiñánigo	2007	5	IU	2,0
22199	Sabiñánigo	2011	1	PP	3,0
22199	Sabiñánigo	2011	2	PSOE	7,0
22199	Sabiñánigo	2011	3	PAR	5,0
22199	Sabiñánigo	2011	4	CHA	1,0
22199	Sabiñánigo	2011	5	IU	1,0
22199	Sabiñánigo	2015	4	C's	0,0
22199	Sabiñánigo	2015	5	PAR	4,0
22199	Sabiñánigo	2015	6	PSOE	6,0
22199	Sabiñánigo	2015	8	PP	1,0
22199	Sabiñánigo	2015	24	CHA	0,0
22199	Sabiñánigo	2015	34	CAMBIAR	2,0
22200	Sahún	2007	1	PSOE	5,0
22200	Sahún	2007	2	PP	2,0
22200	Sahún	2011	1	PP	1,0
22200	Sahún	2011	2	PSOE	2,0
22200	Sahún	2011	3	PAR	4,0
22200	Sahún	2015	5	PAR	5,0
22200	Sahún	2015	6	PSOE	1,0
22200	Sahún	2015	8	PP	1,0
22201	Salas Altas	2007	1	PSOE	5,0
22201	Salas Altas	2007	2	PP	2,0
22201	Salas Altas	2011	1	PP	2,0
22201	Salas Altas	2011	2	PSOE	5,0
22201	Salas Altas	2015	6	PSOE	5,0
22201	Salas Altas	2015	8	PP	1,0
22201	Salas Altas	2015	13	ARAGONSIPUEDE	1,0
22202	Salas Bajas	2007	1	PSOE	4,0
22202	Salas Bajas	2007	2	PP	0,0
22202	Salas Bajas	2007	3	PAR	1,0
22202	Salas Bajas	2007	4	CHA	0,0
22202	Salas Bajas	2011	1	PP	2,0
22202	Salas Bajas	2011	2	PSOE	3,0
22202	Salas Bajas	2011	3	PAR	0,0
22202	Salas Bajas	2015	5	PAR	1,0
22202	Salas Bajas	2015	6	PSOE	4,0
22202	Salas Bajas	2015	8	PP	0,0
22202	Salas Bajas	2015	13	ARAGONSIPUEDE	0,0
22203	Salillas	2007	1	PSOE	2,0
22203	Salillas	2007	2	PP	3,0
22203	Salillas	2007	3	PAR	0,0
22203	Salillas	2007	4	CHA	0,0
22203	Salillas	2011	1	PP	4,0
22203	Salillas	2011	2	PSOE	1,0
22203	Salillas	2011	3	PAR	0,0
22203	Salillas	2015	5	PAR	0,0
22203	Salillas	2015	6	PSOE	1,0
22203	Salillas	2015	8	PP	4,0
22204	Sallent de Gállego	2007	1	PSOE	3,0
22204	Sallent de Gállego	2007	2	PP	4,0
22204	Sallent de Gállego	2007	3	PAR	1,0
22204	Sallent de Gállego	2007	4	CHA	1,0
22204	Sallent de Gállego	2011	1	PP	3,0
22204	Sallent de Gállego	2011	2	PSOE	3,0
22204	Sallent de Gállego	2011	3	PAR	2,0
22204	Sallent de Gállego	2011	4	CHA	1,0
22204	Sallent de Gállego	2015	5	PAR	3,0
22204	Sallent de Gállego	2015	6	PSOE	1,0
22204	Sallent de Gállego	2015	8	PP	4,0
22204	Sallent de Gállego	2015	24	CHA	1,0
22205	San Esteban de Litera	2007	1	PSOE	6,0
22205	San Esteban de Litera	2007	2	PP	1,0
22205	San Esteban de Litera	2007	3	PAR	0,0
22205	San Esteban de Litera	2007	4	CHA	0,0
22205	San Esteban de Litera	2011	1	PP	1,0
22205	San Esteban de Litera	2011	2	PSOE	6,0
22205	San Esteban de Litera	2015	6	PSOE	7,0
22206	Sangarrén	2007	1	PSOE	3,0
22206	Sangarrén	2007	2	PP	4,0
22206	Sangarrén	2011	1	PP	3,0
22206	Sangarrén	2011	2	PSOE	1,0
22206	Sangarrén	2011	3	PAR	1,0
22206	Sangarrén	2015	5	PAR	1,0
22206	Sangarrén	2015	6	PSOE	1,0
22206	Sangarrén	2015	8	PP	3,0
22207	San Juan de Plan	2007	1	PSOE	3,0
22207	San Juan de Plan	2007	2	PP	1,0
22207	San Juan de Plan	2007	3	PAR	1,0
22207	San Juan de Plan	2007	4	CHA	0,0
22207	San Juan de Plan	2011	1	PP	1,0
22207	San Juan de Plan	2011	2	PSOE	2,0
22207	San Juan de Plan	2011	3	PAR	2,0
22207	San Juan de Plan	2015	6	PSOE	1,0
22207	San Juan de Plan	2015	7	CHA	0,0
22207	San Juan de Plan	2015	8	PP	0,0
22207	San Juan de Plan	2015	80	AGRUPACION DE ELECTORES SAN JUAN DE PLAN	4,0
22208	Santa Cilia	2007	1	PSOE	0,0
22208	Santa Cilia	2007	2	PP	0,0
22208	Santa Cilia	2007	3	PAR	2,0
22208	Santa Cilia	2007	4	CHA	3,0
22208	Santa Cilia	2011	1	PP	0,0
22208	Santa Cilia	2011	2	PSOE	0,0
22208	Santa Cilia	2011	3	PAR	1,0
22208	Santa Cilia	2011	4	CHA	4,0
22208	Santa Cilia	2011	12	CDL	0,0
22208	Santa Cilia	2015	5	PAR	0,0
22208	Santa Cilia	2015	6	PSOE	1,0
22208	Santa Cilia	2015	7	CHA	4,0
22208	Santa Cilia	2015	8	PP	0,0
22209	Santa Cruz de la Serós	2007	1	PSOE	3,0
22209	Santa Cruz de la Serós	2007	2	PP	0,0
22209	Santa Cruz de la Serós	2007	3	PAR	1,0
22209	Santa Cruz de la Serós	2007	4	CHA	0,0
22209	Santa Cruz de la Serós	2007	34	AESCSB	1,0
22209	Santa Cruz de la Serós	2011	1	PP	0,0
22209	Santa Cruz de la Serós	2011	2	PSOE	4,0
22209	Santa Cruz de la Serós	2011	3	PAR	1,0
22209	Santa Cruz de la Serós	2015	5	PAR	1,0
22209	Santa Cruz de la Serós	2015	6	PSOE	4,0
22209	Santa Cruz de la Serós	2015	8	PP	0,0
22212	Santaliestra y San Quílez	2007	1	PSOE	0,0
22212	Santaliestra y San Quílez	2007	2	PP	0,0
22212	Santaliestra y San Quílez	2007	4	CHA	5,0
22212	Santaliestra y San Quílez	2011	1	PP	0,0
22212	Santaliestra y San Quílez	2011	2	PSOE	0,0
22212	Santaliestra y San Quílez	2011	3	PAR	1,0
22212	Santaliestra y San Quílez	2011	4	CHA	4,0
22212	Santaliestra y San Quílez	2015	5	PAR	0,0
22212	Santaliestra y San Quílez	2015	6	PSOE	1,0
22212	Santaliestra y San Quílez	2015	7	CHA	2,0
22212	Santaliestra y San Quílez	2015	8	PP	0,0
22213	Sariñena	2007	1	PSOE	4,0
22213	Sariñena	2007	2	PP	4,0
22213	Sariñena	2007	3	PAR	2,0
22213	Sariñena	2007	4	CHA	0,0
22213	Sariñena	2007	5	IU	0,0
22213	Sariñena	2007	18	P.S.	1,0
22213	Sariñena	2007	27	I.E.I.	0,0
22213	Sariñena	2011	1	PP	3,0
22213	Sariñena	2011	2	PSOE	5,0
22213	Sariñena	2011	3	PAR	3,0
22213	Sariñena	2011	4	CHA	0,0
22213	Sariñena	2011	5	IU	0,0
22213	Sariñena	2011	7	COMPROMISO CON ARAGON	0,0
22213	Sariñena	2015	5	PAR	5,0
22213	Sariñena	2015	6	PSOE	4,0
22213	Sariñena	2015	7	CHA	0,0
22213	Sariñena	2015	8	PP	2,0
22213	Sariñena	2015	13	ARAGONSIPUEDE	0,0
22213	Sariñena	2015	69	CAMBIAR	0,0
22214	Secastilla	2007	1	PSOE	0,0
22214	Secastilla	2007	2	PP	5,0
22214	Secastilla	2007	3	PAR	0,0
22214	Secastilla	2007	4	CHA	0,0
22214	Secastilla	2011	1	PP	4,0
22214	Secastilla	2011	2	PSOE	1,0
22214	Secastilla	2011	3	PAR	0,0
22214	Secastilla	2015	5	PAR	0,0
22214	Secastilla	2015	6	PSOE	3,0
22214	Secastilla	2015	8	PP	2,0
22215	Seira	2007	1	PSOE	3,0
22215	Seira	2007	2	PP	0,0
22215	Seira	2007	4	CHA	1,0
22215	Seira	2007	32	AE	1,0
22215	Seira	2011	1	PP	1,0
22215	Seira	2011	2	PSOE	3,0
22215	Seira	2011	3	PAR	0,0
22215	Seira	2011	4	CHA	1,0
22215	Seira	2015	5	PAR	0,0
22215	Seira	2015	6	PSOE	2,0
22215	Seira	2015	8	PP	3,0
22217	Sena	2007	1	PSOE	3,0
22217	Sena	2007	2	PP	2,0
22217	Sena	2007	3	PAR	2,0
22217	Sena	2007	4	CHA	0,0
22217	Sena	2011	1	PP	3,0
22217	Sena	2011	2	PSOE	4,0
22217	Sena	2015	6	PSOE	4,0
22217	Sena	2015	8	PP	3,0
22218	Senés de Alcubierre	2007	1	PSOE	1,0
22218	Senés de Alcubierre	2007	2	PP	0,0
22218	Senés de Alcubierre	2007	3	PAR	0,0
22218	Senés de Alcubierre	2007	4	CHA	0,0
22218	Senés de Alcubierre	2011	1	PP	0,0
22218	Senés de Alcubierre	2011	2	PSOE	0,0
22218	Senés de Alcubierre	2011	3	PAR	1,0
22218	Senés de Alcubierre	2015	5	PAR	1,0
22218	Senés de Alcubierre	2015	6	PSOE	0,0
22218	Senés de Alcubierre	2015	8	PP	0,0
22220	Sesa	2007	1	PSOE	4,0
22220	Sesa	2007	2	PP	1,0
22220	Sesa	2007	3	PAR	0,0
22220	Sesa	2007	4	CHA	0,0
22220	Sesa	2011	1	PP	2,0
22220	Sesa	2011	2	PSOE	3,0
22220	Sesa	2011	3	PAR	0,0
22220	Sesa	2015	5	PAR	0,0
22220	Sesa	2015	6	PSOE	4,0
22220	Sesa	2015	8	PP	1,0
22221	Sesué	2007	1	PSOE	5,0
22221	Sesué	2007	2	PP	0,0
22221	Sesué	2007	4	CHA	0,0
22221	Sesué	2011	1	PP	0,0
22221	Sesué	2011	2	PSOE	5,0
22221	Sesué	2011	3	PAR	0,0
22221	Sesué	2015	5	PAR	0,0
22221	Sesué	2015	6	PSOE	5,0
22221	Sesué	2015	8	PP	0,0
22222	Siétamo	2007	1	PSOE	1,0
22222	Siétamo	2007	2	PP	3,0
22222	Siétamo	2007	3	PAR	1,0
22222	Siétamo	2007	4	CHA	0,0
22222	Siétamo	2007	25	A.E.S.	2,0
22222	Siétamo	2011	1	PP	4,0
22222	Siétamo	2011	2	PSOE	1,0
22222	Siétamo	2011	3	PAR	2,0
22222	Siétamo	2011	4	CHA	0,0
22222	Siétamo	2015	5	PAR	2,0
22222	Siétamo	2015	6	PSOE	0,0
22222	Siétamo	2015	8	PP	2,0
22222	Siétamo	2015	63	A.E.G.	3,0
22223	Sopeira	2007	1	PSOE	5,0
22223	Sopeira	2007	2	PP	0,0
22223	Sopeira	2007	4	CHA	0,0
22223	Sopeira	2011	1	PP	0,0
22223	Sopeira	2011	2	PSOE	5,0
22223	Sopeira	2011	3	PAR	0,0
22223	Sopeira	2011	20	CDF	0,0
22223	Sopeira	2015	5	PAR	0,0
22223	Sopeira	2015	6	PSOE	5,0
22223	Sopeira	2015	8	PP	0,0
22225	Tamarite de Litera	2007	1	PSOE	6,0
22225	Tamarite de Litera	2007	2	PP	3,0
22225	Tamarite de Litera	2007	3	PAR	1,0
22225	Tamarite de Litera	2007	4	CHA	1,0
22225	Tamarite de Litera	2011	1	PP	5,0
22225	Tamarite de Litera	2011	2	PSOE	5,0
22225	Tamarite de Litera	2011	3	PAR	0,0
22225	Tamarite de Litera	2011	4	CHA	1,0
22225	Tamarite de Litera	2015	4	C's	0,0
22225	Tamarite de Litera	2015	5	PAR	0,0
22225	Tamarite de Litera	2015	6	PSOE	7,0
22225	Tamarite de Litera	2015	7	CHA	0,0
22225	Tamarite de Litera	2015	8	PP	4,0
22226	Tardienta	2007	1	PSOE	5,0
22226	Tardienta	2007	2	PP	2,0
22226	Tardienta	2007	4	CHA	2,0
22226	Tardienta	2011	1	PP	1,0
22226	Tardienta	2011	2	PSOE	4,0
22226	Tardienta	2011	3	PAR	2,0
22226	Tardienta	2011	4	CHA	2,0
22226	Tardienta	2015	5	PAR	3,0
22226	Tardienta	2015	6	PSOE	3,0
22226	Tardienta	2015	7	CHA	2,0
22226	Tardienta	2015	8	PP	1,0
22227	Tella-Sin	2007	1	PSOE	4,0
22227	Tella-Sin	2007	3	PAR	3,0
22227	Tella-Sin	2007	4	CHA	0,0
22227	Tella-Sin	2011	2	PSOE	3,0
22227	Tella-Sin	2011	3	PAR	4,0
22227	Tella-Sin	2011	4	CHA	0,0
22227	Tella-Sin	2015	5	PAR	6,0
22227	Tella-Sin	2015	6	PSOE	1,0
22227	Tella-Sin	2015	8	PP	0,0
22228	Tierz	2007	1	PSOE	6,0
22228	Tierz	2007	2	PP	1,0
22228	Tierz	2007	4	CHA	0,0
22228	Tierz	2007	5	IU	0,0
22228	Tierz	2011	1	PP	1,0
22228	Tierz	2011	2	PSOE	6,0
22228	Tierz	2011	3	PAR	0,0
22228	Tierz	2011	5	IU	0,0
22228	Tierz	2015	6	PSOE	6,0
22228	Tierz	2015	8	PP	1,0
22229	Tolva	2007	1	PSOE	5,0
22229	Tolva	2007	2	PP	0,0
22229	Tolva	2007	4	CHA	0,0
22229	Tolva	2011	1	PP	0,0
22229	Tolva	2011	2	PSOE	4,0
22229	Tolva	2011	3	PAR	1,0
22229	Tolva	2015	5	PAR	2,0
22229	Tolva	2015	6	PSOE	3,0
22229	Tolva	2015	8	PP	0,0
22230	Torla-Ordesa	2007	1	PSOE	1,0
22230	Torla-Ordesa	2007	2	PP	5,0
22230	Torla-Ordesa	2007	3	PAR	0,0
22230	Torla-Ordesa	2007	4	CHA	1,0
22230	Torla-Ordesa	2011	1	PP	4,0
22230	Torla-Ordesa	2011	2	PSOE	2,0
22230	Torla-Ordesa	2011	4	CHA	1,0
22230	Torla-Ordesa	2015	6	PSOE	3,0
22230	Torla-Ordesa	2015	7	CHA	0,0
22230	Torla-Ordesa	2015	8	PP	4,0
22232	Torralba de Aragón	2007	1	PSOE	1,0
22232	Torralba de Aragón	2007	2	PP	1,0
22232	Torralba de Aragón	2007	3	PAR	2,0
22232	Torralba de Aragón	2007	4	CHA	1,0
22232	Torralba de Aragón	2011	1	PP	1,0
22232	Torralba de Aragón	2011	2	PSOE	0,0
22232	Torralba de Aragón	2011	3	PAR	2,0
22232	Torralba de Aragón	2011	4	CHA	1,0
22232	Torralba de Aragón	2011	5	IU	1,0
22232	Torralba de Aragón	2015	5	PAR	2,0
22232	Torralba de Aragón	2015	6	PSOE	1,0
22232	Torralba de Aragón	2015	7	CHA	1,0
22232	Torralba de Aragón	2015	8	PP	1,0
22233	Torre la Ribera	2007	1	PSOE	4,0
22233	Torre la Ribera	2007	2	PP	1,0
22233	Torre la Ribera	2007	3	PAR	0,0
22233	Torre la Ribera	2007	4	CHA	0,0
22233	Torre la Ribera	2011	1	PP	0,0
22233	Torre la Ribera	2011	2	PSOE	4,0
22233	Torre la Ribera	2011	3	PAR	1,0
22233	Torre la Ribera	2011	4	CHA	0,0
22233	Torre la Ribera	2015	5	PAR	1,0
22233	Torre la Ribera	2015	6	PSOE	4,0
22233	Torre la Ribera	2015	7	CHA	0,0
22233	Torre la Ribera	2015	8	PP	0,0
22234	Torrente de Cinca	2007	1	PSOE	5,0
22234	Torrente de Cinca	2007	3	PAR	4,0
22234	Torrente de Cinca	2011	2	PSOE	5,0
22234	Torrente de Cinca	2011	3	PAR	4,0
22234	Torrente de Cinca	2015	6	PSOE	9,0
22235	Torres de Alcanadre	2007	1	PSOE	3,0
22235	Torres de Alcanadre	2007	2	PP	2,0
22235	Torres de Alcanadre	2007	4	CHA	0,0
22235	Torres de Alcanadre	2011	1	PP	3,0
22235	Torres de Alcanadre	2011	2	PSOE	2,0
22235	Torres de Alcanadre	2011	3	PAR	0,0
22235	Torres de Alcanadre	2015	5	PAR	1,0
22235	Torres de Alcanadre	2015	6	PSOE	2,0
22235	Torres de Alcanadre	2015	8	PP	2,0
22236	Torres de Barbués	2007	1	PSOE	2,0
22236	Torres de Barbués	2007	2	PP	5,0
22236	Torres de Barbués	2007	3	PAR	0,0
22236	Torres de Barbués	2011	1	PP	5,0
22236	Torres de Barbués	2011	2	PSOE	2,0
22236	Torres de Barbués	2015	6	PSOE	5,0
22236	Torres de Barbués	2015	8	PP	2,0
22239	Tramaced	2007	1	PSOE	1,0
22239	Tramaced	2007	2	PP	4,0
22239	Tramaced	2007	3	PAR	0,0
22239	Tramaced	2007	4	CHA	0,0
22239	Tramaced	2011	1	PP	2,0
22239	Tramaced	2011	2	PSOE	1,0
22239	Tramaced	2011	3	PAR	0,0
22239	Tramaced	2015	5	PAR	0,0
22239	Tramaced	2015	6	PSOE	1,0
22239	Tramaced	2015	8	PP	2,0
22242	Valfarta	2007	1	PSOE	0,0
22242	Valfarta	2007	2	PP	0,0
22242	Valfarta	2007	3	PAR	5,0
22242	Valfarta	2007	4	CHA	0,0
22242	Valfarta	2011	1	PP	0,0
22242	Valfarta	2011	2	PSOE	0,0
22242	Valfarta	2011	3	PAR	3,0
22242	Valfarta	2011	4	CHA	0,0
22242	Valfarta	2015	5	PAR	3,0
22242	Valfarta	2015	6	PSOE	0,0
22242	Valfarta	2015	8	PP	0,0
22243	Valle de Bardají	2007	1	PSOE	1,0
22243	Valle de Bardají	2007	2	PP	0,0
22243	Valle de Bardají	2007	4	CHA	0,0
22243	Valle de Bardají	2011	2	PSOE	3,0
22243	Valle de Bardají	2015	6	PSOE	1,0
22243	Valle de Bardají	2015	8	PP	0,0
22244	Valle de Lierp	2007	1	PSOE	1,0
22244	Valle de Lierp	2007	2	PP	0,0
22244	Valle de Lierp	2007	3	PAR	0,0
22244	Valle de Lierp	2007	4	CHA	0,0
22244	Valle de Lierp	2011	1	PP	0,0
22244	Valle de Lierp	2011	2	PSOE	2,0
22244	Valle de Lierp	2011	3	PAR	1,0
22244	Valle de Lierp	2015	5	PAR	1,0
22244	Valle de Lierp	2015	6	PSOE	2,0
22244	Valle de Lierp	2015	8	PP	0,0
22245	Velilla de Cinca	2007	2	PP	2,0
22245	Velilla de Cinca	2007	3	PAR	5,0
22245	Velilla de Cinca	2011	1	PP	2,0
22245	Velilla de Cinca	2011	2	PSOE	2,0
22245	Velilla de Cinca	2011	3	PAR	3,0
22245	Velilla de Cinca	2015	5	PAR	4,0
22245	Velilla de Cinca	2015	6	PSOE	1,0
22245	Velilla de Cinca	2015	8	PP	2,0
22246	Beranuy	2007	1	PSOE	4,0
22246	Beranuy	2007	2	PP	1,0
22246	Beranuy	2007	4	CHA	0,0
22246	Beranuy	2011	1	PP	1,0
22246	Beranuy	2011	2	PSOE	4,0
22246	Beranuy	2011	3	PAR	0,0
22246	Beranuy	2015	5	PAR	1,0
22246	Beranuy	2015	6	PSOE	1,0
22246	Beranuy	2015	8	PP	1,0
22247	Viacamp y Litera	2007	1	PSOE	1,0
22247	Viacamp y Litera	2007	2	PP	0,0
22247	Viacamp y Litera	2007	4	CHA	0,0
22247	Viacamp y Litera	2011	1	PP	0,0
22247	Viacamp y Litera	2011	2	PSOE	3,0
22247	Viacamp y Litera	2011	3	PAR	0,0
22247	Viacamp y Litera	2015	5	PAR	0,0
22247	Viacamp y Litera	2015	6	PSOE	3,0
22247	Viacamp y Litera	2015	8	PP	0,0
22248	Vicién	2007	1	PSOE	4,0
22248	Vicién	2007	2	PP	1,0
22248	Vicién	2007	3	PAR	0,0
22248	Vicién	2007	4	CHA	0,0
22248	Vicién	2011	1	PP	1,0
22248	Vicién	2011	2	PSOE	4,0
22248	Vicién	2011	3	PAR	0,0
22248	Vicién	2015	5	PAR	0,0
22248	Vicién	2015	6	PSOE	4,0
22248	Vicién	2015	8	PP	1,0
22249	Villanova	2007	1	PSOE	5,0
22249	Villanova	2007	2	PP	0,0
22249	Villanova	2007	4	CHA	0,0
22249	Villanova	2011	1	PP	0,0
22249	Villanova	2011	2	PSOE	5,0
22249	Villanova	2011	3	PAR	0,0
22249	Villanova	2015	5	PAR	0,0
22249	Villanova	2015	6	PSOE	5,0
22249	Villanova	2015	7	CHA	0,0
22249	Villanova	2015	8	PP	0,0
22250	Villanúa	2007	1	PSOE	5,0
22250	Villanúa	2007	2	PP	2,0
22250	Villanúa	2011	1	PP	1,0
22250	Villanúa	2011	2	PSOE	6,0
22250	Villanúa	2011	3	PAR	0,0
22250	Villanúa	2011	12	CDL	0,0
22250	Villanúa	2015	6	PSOE	6,0
22250	Villanúa	2015	8	PP	1,0
22251	Villanueva de Sigena	2007	1	PSOE	1,0
22251	Villanueva de Sigena	2007	2	PP	1,0
22251	Villanueva de Sigena	2007	3	PAR	5,0
22251	Villanueva de Sigena	2011	2	PSOE	1,0
22251	Villanueva de Sigena	2011	3	PAR	6,0
22251	Villanueva de Sigena	2015	5	PAR	3,0
22251	Villanueva de Sigena	2015	6	PSOE	1,0
22251	Villanueva de Sigena	2015	67	A.I.E.V.I.	3,0
22252	Yebra de Basa	2007	1	PSOE	3,0
22252	Yebra de Basa	2007	2	PP	0,0
22252	Yebra de Basa	2007	3	PAR	2,0
22252	Yebra de Basa	2011	1	PP	0,0
22252	Yebra de Basa	2011	2	PSOE	3,0
22252	Yebra de Basa	2011	3	PAR	2,0
22252	Yebra de Basa	2015	5	PAR	1,0
22252	Yebra de Basa	2015	6	PSOE	4,0
22252	Yebra de Basa	2015	8	PP	0,0
22253	Yésero	2007	1	PSOE	1,0
22253	Yésero	2007	2	PP	0,0
22253	Yésero	2007	3	PAR	0,0
22253	Yésero	2007	4	CHA	0,0
22253	Yésero	2011	1	PP	0,0
22253	Yésero	2011	2	PSOE	2,0
22253	Yésero	2011	3	PAR	1,0
22253	Yésero	2011	4	CHA	0,0
22253	Yésero	2015	5	PAR	1,0
22253	Yésero	2015	6	PSOE	2,0
22253	Yésero	2015	8	PP	0,0
22254	Zaidín	2007	1	PSOE	4,0
22254	Zaidín	2007	2	PP	1,0
22254	Zaidín	2007	3	PAR	4,0
22254	Zaidín	2011	1	PP	3,0
22254	Zaidín	2011	2	PSOE	6,0
22254	Zaidín	2011	3	PAR	0,0
22254	Zaidín	2015	5	PAR	1,0
22254	Zaidín	2015	6	PSOE	6,0
22254	Zaidín	2015	8	PP	2,0
22901	Valle de Hecho	2007	1	PSOE	5,0
22901	Valle de Hecho	2007	2	PP	1,0
22901	Valle de Hecho	2007	3	PAR	1,0
22901	Valle de Hecho	2011	1	PP	1,0
22901	Valle de Hecho	2011	2	PSOE	4,0
22901	Valle de Hecho	2011	3	PAR	2,0
22901	Valle de Hecho	2015	5	PAR	1,0
22901	Valle de Hecho	2015	6	PSOE	4,0
22901	Valle de Hecho	2015	8	PP	1,0
22901	Valle de Hecho	2015	24	CHA	1,0
22902	Puente la Reina de Jaca	2007	1	PSOE	3,0
22902	Puente la Reina de Jaca	2007	2	PP	1,0
22902	Puente la Reina de Jaca	2007	3	PAR	1,0
22902	Puente la Reina de Jaca	2007	4	CHA	0,0
22902	Puente la Reina de Jaca	2011	1	PP	3,0
22902	Puente la Reina de Jaca	2011	2	PSOE	0,0
22902	Puente la Reina de Jaca	2011	3	PAR	2,0
22902	Puente la Reina de Jaca	2015	6	PSOE	1,0
22902	Puente la Reina de Jaca	2015	8	PP	6,0
22903	San Miguel del Cinca	2007	1	PSOE	5,0
22903	San Miguel del Cinca	2007	2	PP	2,0
22903	San Miguel del Cinca	2007	3	PAR	0,0
22903	San Miguel del Cinca	2011	1	PP	3,0
22903	San Miguel del Cinca	2011	2	PSOE	4,0
22903	San Miguel del Cinca	2015	5	PAR	0,0
22903	San Miguel del Cinca	2015	6	PSOE	5,0
22903	San Miguel del Cinca	2015	8	PP	2,0
22904	Sotonera (La)	2007	1	PSOE	2,0
22904	Sotonera (La)	2007	2	PP	1,0
22904	Sotonera (La)	2007	3	PAR	6,0
22904	Sotonera (La)	2007	4	CHA	0,0
22904	Sotonera (La)	2007	5	IU	0,0
22904	Sotonera (La)	2011	1	PP	3,0
22904	Sotonera (La)	2011	2	PSOE	2,0
22904	Sotonera (La)	2011	3	PAR	3,0
22904	Sotonera (La)	2011	4	CHA	0,0
22904	Sotonera (La)	2011	5	IU	1,0
22904	Sotonera (La)	2015	5	PAR	3,0
22904	Sotonera (La)	2015	6	PSOE	2,0
22904	Sotonera (La)	2015	8	PP	3,0
22904	Sotonera (La)	2015	71	CAMBIAR	1,0
22905	Lupiñén-Ortilla	2007	1	PSOE	1,0
22905	Lupiñén-Ortilla	2007	3	PAR	6,0
22905	Lupiñén-Ortilla	2011	2	PSOE	1,0
22905	Lupiñén-Ortilla	2011	3	PAR	6,0
22905	Lupiñén-Ortilla	2011	4	CHA	0,0
22905	Lupiñén-Ortilla	2015	6	PSOE	3,0
22905	Lupiñén-Ortilla	2015	8	PP	4,0
22906	Santa María de Dulcis	2007	1	PSOE	1,0
22906	Santa María de Dulcis	2007	2	PP	0,0
22906	Santa María de Dulcis	2007	4	CHA	4,0
22906	Santa María de Dulcis	2011	1	PP	0,0
22906	Santa María de Dulcis	2011	2	PSOE	1,0
22906	Santa María de Dulcis	2011	3	PAR	0,0
22906	Santa María de Dulcis	2011	4	CHA	4,0
22906	Santa María de Dulcis	2015	5	PAR	0,0
22906	Santa María de Dulcis	2015	6	PSOE	4,0
22906	Santa María de Dulcis	2015	8	PP	1,0
22907	Aínsa-Sobrarbe	2007	1	PSOE	4,0
22907	Aínsa-Sobrarbe	2007	2	PP	4,0
22907	Aínsa-Sobrarbe	2007	3	PAR	0,0
22907	Aínsa-Sobrarbe	2007	4	CHA	1,0
22907	Aínsa-Sobrarbe	2011	1	PP	4,0
22907	Aínsa-Sobrarbe	2011	2	PSOE	4,0
22907	Aínsa-Sobrarbe	2011	3	PAR	1,0
22907	Aínsa-Sobrarbe	2011	4	CHA	1,0
22907	Aínsa-Sobrarbe	2011	5	IU	1,0
22907	Aínsa-Sobrarbe	2015	5	PAR	2,0
22907	Aínsa-Sobrarbe	2015	6	PSOE	4,0
22907	Aínsa-Sobrarbe	2015	7	CHA	0,0
22907	Aínsa-Sobrarbe	2015	8	PP	3,0
22907	Aínsa-Sobrarbe	2015	60	CAMBIAR	2,0
22908	Hoz y Costeán	2007	1	PSOE	3,0
22908	Hoz y Costeán	2007	2	PP	0,0
22908	Hoz y Costeán	2007	3	PAR	0,0
22908	Hoz y Costeán	2007	4	CHA	2,0
22908	Hoz y Costeán	2011	1	PP	0,0
22908	Hoz y Costeán	2011	2	PSOE	4,0
22908	Hoz y Costeán	2011	3	PAR	0,0
22908	Hoz y Costeán	2011	4	CHA	1,0
22908	Hoz y Costeán	2015	5	PAR	0,0
22908	Hoz y Costeán	2015	6	PSOE	4,0
22908	Hoz y Costeán	2015	7	CHA	1,0
22908	Hoz y Costeán	2015	8	PP	0,0
22909	Vencillón	2007	1	PSOE	5,0
22909	Vencillón	2007	2	PP	2,0
22909	Vencillón	2011	1	PP	2,0
22909	Vencillón	2011	2	PSOE	5,0
22909	Vencillón	2015	6	PSOE	5,0
22909	Vencillón	2015	8	PP	2,0
44001	Ababuj	2007	1	PSOE	0,0
44001	Ababuj	2007	2	PP	1,0
44001	Ababuj	2007	3	PAR	0,0
44001	Ababuj	2011	1	PP	1,0
44001	Ababuj	2011	2	PSOE	1,0
44001	Ababuj	2011	3	PAR	1,0
44001	Ababuj	2015	5	PAR	1,0
44001	Ababuj	2015	6	PSOE	1,0
44001	Ababuj	2015	8	PP	1,0
44002	Abejuela	2007	1	PSOE	1,0
44002	Abejuela	2007	2	PP	0,0
44002	Abejuela	2007	3	PAR	0,0
44002	Abejuela	2011	1	PP	1,0
44002	Abejuela	2011	2	PSOE	1,0
44002	Abejuela	2011	3	PAR	1,0
44002	Abejuela	2015	5	PAR	2,0
44002	Abejuela	2015	6	PSOE	1,0
44002	Abejuela	2015	8	PP	0,0
44003	Aguatón	2007	1	PSOE	1,0
44003	Aguatón	2007	2	PP	0,0
44003	Aguatón	2011	1	PP	0,0
44003	Aguatón	2011	2	PSOE	1,0
44003	Aguatón	2015	6	PSOE	1,0
44003	Aguatón	2015	8	PP	0,0
44004	Aguaviva	2007	1	PSOE	2,0
44004	Aguaviva	2007	2	PP	0,0
44004	Aguaviva	2007	3	PAR	5,0
44004	Aguaviva	2011	1	PP	0,0
44004	Aguaviva	2011	2	PSOE	3,0
44004	Aguaviva	2011	3	PAR	4,0
44004	Aguaviva	2015	5	PAR	3,0
44004	Aguaviva	2015	8	PP	0,0
44004	Aguaviva	2015	45	G:IU-LV	4,0
44005	Aguilar del Alfambra	2007	1	PSOE	1,0
44005	Aguilar del Alfambra	2007	2	PP	0,0
44005	Aguilar del Alfambra	2007	3	PAR	0,0
44005	Aguilar del Alfambra	2011	1	PP	1,0
44005	Aguilar del Alfambra	2011	2	PSOE	1,0
44005	Aguilar del Alfambra	2011	3	PAR	1,0
44005	Aguilar del Alfambra	2015	5	PAR	1,0
44005	Aguilar del Alfambra	2015	6	PSOE	1,0
44005	Aguilar del Alfambra	2015	8	PP	1,0
44006	Alacón	2007	1	PSOE	3,0
44006	Alacón	2007	2	PP	4,0
44006	Alacón	2011	2	PSOE	3,0
44006	Alacón	2011	3	PAR	4,0
44006	Alacón	2015	5	PAR	3,0
44006	Alacón	2015	6	PSOE	4,0
44007	Alba	2007	1	PSOE	2,0
44007	Alba	2007	2	PP	4,0
44007	Alba	2007	3	PAR	1,0
44007	Alba	2011	1	PP	4,0
44007	Alba	2011	2	PSOE	0,0
44007	Alba	2011	3	PAR	1,0
44007	Alba	2011	4	CHA	0,0
44007	Alba	2015	5	PAR	1,0
44007	Alba	2015	6	PSOE	0,0
44007	Alba	2015	7	CHA	0,0
44007	Alba	2015	8	PP	4,0
44008	Albalate del Arzobispo	2007	1	PSOE	6,0
44008	Albalate del Arzobispo	2007	2	PP	2,0
44008	Albalate del Arzobispo	2007	3	PAR	0,0
44008	Albalate del Arzobispo	2007	4	CHA	3,0
44008	Albalate del Arzobispo	2011	1	PP	3,0
44008	Albalate del Arzobispo	2011	2	PSOE	6,0
44008	Albalate del Arzobispo	2011	3	PAR	1,0
44008	Albalate del Arzobispo	2011	4	CHA	1,0
44008	Albalate del Arzobispo	2015	5	PAR	1,0
44008	Albalate del Arzobispo	2015	6	PSOE	7,0
44008	Albalate del Arzobispo	2015	8	PP	3,0
44009	Albarracín	2007	1	PSOE	3,0
44009	Albarracín	2007	2	PP	2,0
44009	Albarracín	2007	3	PAR	4,0
44009	Albarracín	2007	4	CHA	0,0
44009	Albarracín	2011	1	PP	2,0
44009	Albarracín	2011	2	PSOE	3,0
44009	Albarracín	2011	3	PAR	4,0
44009	Albarracín	2011	4	CHA	0,0
44009	Albarracín	2015	5	PAR	4,0
44009	Albarracín	2015	6	PSOE	2,0
44009	Albarracín	2015	7	CHA	2,0
44009	Albarracín	2015	8	PP	1,0
44010	Albentosa	2007	1	PSOE	4,0
44010	Albentosa	2007	2	PP	2,0
44010	Albentosa	2007	3	PAR	1,0
44010	Albentosa	2011	1	PP	2,0
44010	Albentosa	2011	2	PSOE	4,0
44010	Albentosa	2011	3	PAR	1,0
44010	Albentosa	2015	5	PAR	1,0
44010	Albentosa	2015	6	PSOE	4,0
44010	Albentosa	2015	8	PP	2,0
44011	Alcaine	2007	1	PSOE	1,0
44011	Alcaine	2007	2	PP	0,0
44011	Alcaine	2011	1	PP	0,0
44011	Alcaine	2011	2	PSOE	3,0
44011	Alcaine	2011	5	IU	0,0
44011	Alcaine	2015	5	PAR	2,0
44011	Alcaine	2015	6	PSOE	1,0
44012	Alcalá de la Selva	2007	1	PSOE	3,0
44012	Alcalá de la Selva	2007	2	PP	2,0
44012	Alcalá de la Selva	2007	3	PAR	2,0
44012	Alcalá de la Selva	2011	1	PP	2,0
44012	Alcalá de la Selva	2011	2	PSOE	3,0
44012	Alcalá de la Selva	2011	3	PAR	2,0
44012	Alcalá de la Selva	2011	39	LVE	0,0
44012	Alcalá de la Selva	2015	5	PAR	3,0
44012	Alcalá de la Selva	2015	6	PSOE	1,0
44012	Alcalá de la Selva	2015	8	PP	3,0
44012	Alcalá de la Selva	2015	39	G:IU-LV	0,0
44013	Alcañiz	2007	1	PSOE	4,0
44013	Alcañiz	2007	2	PP	4,0
44013	Alcañiz	2007	3	PAR	4,0
44013	Alcañiz	2007	4	CHA	0,0
44013	Alcañiz	2007	5	IU	5,0
44013	Alcañiz	2011	1	PP	6,0
44013	Alcañiz	2011	2	PSOE	3,0
44013	Alcañiz	2011	3	PAR	5,0
44013	Alcañiz	2011	4	CHA	0,0
44013	Alcañiz	2011	5	IU	3,0
44013	Alcañiz	2015	4	C's	1,0
44013	Alcañiz	2015	5	PAR	3,0
44013	Alcañiz	2015	6	PSOE	3,0
44013	Alcañiz	2015	8	PP	7,0
44013	Alcañiz	2015	20	G:IU-LV	3,0
44013	Alcañiz	2015	26	CHA	0,0
44013	Alcañiz	2015	58	G.B.A.	0,0
44014	Alcorisa	2007	1	PSOE	3,0
44014	Alcorisa	2007	2	PP	5,0
44014	Alcorisa	2007	3	PAR	1,0
44014	Alcorisa	2007	4	CHA	1,0
44014	Alcorisa	2007	5	IU	1,0
44014	Alcorisa	2011	1	PP	3,0
44014	Alcorisa	2011	2	PSOE	5,0
44014	Alcorisa	2011	3	PAR	2,0
44014	Alcorisa	2011	4	CHA	1,0
44014	Alcorisa	2011	5	IU	0,0
44014	Alcorisa	2011	7	COMPROMISO CON ARAGON	0,0
44014	Alcorisa	2015	5	PAR	1,0
44014	Alcorisa	2015	6	PSOE	5,0
44014	Alcorisa	2015	8	PP	4,0
44014	Alcorisa	2015	26	CHA	0,0
44014	Alcorisa	2015	53	G:IU-LV	1,0
44016	Alfambra	2007	1	PSOE	2,0
44016	Alfambra	2007	2	PP	1,0
44016	Alfambra	2007	3	PAR	4,0
44016	Alfambra	2011	1	PP	1,0
44016	Alfambra	2011	2	PSOE	1,0
44016	Alfambra	2011	3	PAR	3,0
44016	Alfambra	2011	7	COMPROMISO CON ARAGON	2,0
44016	Alfambra	2015	5	PAR	4,0
44016	Alfambra	2015	6	PSOE	2,0
44016	Alfambra	2015	8	PP	1,0
44017	Aliaga	2007	1	PSOE	5,0
44017	Aliaga	2007	2	PP	1,0
44017	Aliaga	2007	3	PAR	1,0
44017	Aliaga	2007	4	CHA	0,0
44017	Aliaga	2011	1	PP	1,0
44017	Aliaga	2011	2	PSOE	2,0
44017	Aliaga	2011	3	PAR	4,0
44017	Aliaga	2015	5	PAR	5,0
44017	Aliaga	2015	6	PSOE	2,0
44017	Aliaga	2015	8	PP	0,0
44018	Almohaja	2007	1	PSOE	0,0
44018	Almohaja	2007	2	PP	1,0
44018	Almohaja	2011	3	PAR	1,0
44018	Almohaja	2015	4	C's	0,0
44018	Almohaja	2015	5	PAR	1,0
44019	Alobras	2007	1	PSOE	0,0
44019	Alobras	2007	2	PP	1,0
44019	Alobras	2007	3	PAR	0,0
44019	Alobras	2011	1	PP	2,0
44019	Alobras	2011	2	PSOE	0,0
44019	Alobras	2011	3	PAR	1,0
44019	Alobras	2015	5	PAR	1,0
44019	Alobras	2015	8	PP	2,0
44020	Alpeñés	2007	1	PSOE	0,0
44020	Alpeñés	2007	3	PAR	1,0
44020	Alpeñés	2011	1	PP	1,0
44020	Alpeñés	2011	7	COMPROMISO CON ARAGON	0,0
44020	Alpeñés	2015	8	PP	1,0
44021	Allepuz	2007	1	PSOE	1,0
44021	Allepuz	2007	2	PP	2,0
44021	Allepuz	2007	3	PAR	2,0
44021	Allepuz	2007	4	CHA	0,0
44021	Allepuz	2011	1	PP	2,0
44021	Allepuz	2011	2	PSOE	1,0
44021	Allepuz	2011	3	PAR	2,0
44021	Allepuz	2011	4	CHA	0,0
44021	Allepuz	2015	6	PSOE	0,0
44021	Allepuz	2015	8	PP	1,0
44021	Allepuz	2015	79	UxA	4,0
44022	Alloza	2007	1	PSOE	3,0
44022	Alloza	2007	2	PP	1,0
44022	Alloza	2007	3	PAR	3,0
44022	Alloza	2011	1	PP	1,0
44022	Alloza	2011	2	PSOE	4,0
44022	Alloza	2011	3	PAR	2,0
44022	Alloza	2011	5	IU	0,0
44022	Alloza	2015	5	PAR	6,0
44022	Alloza	2015	6	PSOE	1,0
44022	Alloza	2015	8	PP	0,0
44023	Allueva	2007	1	PSOE	1,0
44023	Allueva	2007	2	PP	0,0
44023	Allueva	2007	3	PAR	0,0
44023	Allueva	2011	1	PP	0,0
44023	Allueva	2011	2	PSOE	1,0
44023	Allueva	2015	5	PAR	0,0
44023	Allueva	2015	8	PP	1,0
44024	Anadón	2007	1	PSOE	0,0
44024	Anadón	2007	2	PP	1,0
44024	Anadón	2011	1	PP	1,0
44024	Anadón	2015	8	PP	1,0
44025	Andorra	2007	1	PSOE	4,0
44025	Andorra	2007	2	PP	3,0
44025	Andorra	2007	3	PAR	0,0
44025	Andorra	2007	4	CHA	0,0
44025	Andorra	2007	5	IU	6,0
44025	Andorra	2011	1	PP	4,0
44025	Andorra	2011	2	PSOE	3,0
44025	Andorra	2011	3	PAR	1,0
44025	Andorra	2011	4	CHA	0,0
44025	Andorra	2011	5	IU	5,0
44025	Andorra	2015	5	PAR	2,0
44025	Andorra	2015	6	PSOE	3,0
44025	Andorra	2015	7	CHA	1,0
44025	Andorra	2015	8	PP	2,0
44025	Andorra	2015	27	G:IU-LV	4,0
44025	Andorra	2015	49	Asamblea Abierta	1,0
44026	Arcos de las Salinas	2007	1	PSOE	1,0
44026	Arcos de las Salinas	2007	2	PP	4,0
44026	Arcos de las Salinas	2007	3	PAR	0,0
44026	Arcos de las Salinas	2007	4	CHA	0,0
44026	Arcos de las Salinas	2007	5	IU	0,0
44026	Arcos de las Salinas	2011	1	PP	4,0
44026	Arcos de las Salinas	2011	2	PSOE	1,0
44026	Arcos de las Salinas	2015	5	PAR	0,0
44026	Arcos de las Salinas	2015	6	PSOE	1,0
44026	Arcos de las Salinas	2015	8	PP	2,0
44027	Arens de Lledó	2007	1	PSOE	4,0
44027	Arens de Lledó	2007	2	PP	1,0
44027	Arens de Lledó	2007	3	PAR	0,0
44027	Arens de Lledó	2007	4	CHA	0,0
44027	Arens de Lledó	2011	1	PP	1,0
44027	Arens de Lledó	2011	2	PSOE	4,0
44027	Arens de Lledó	2011	3	PAR	0,0
44027	Arens de Lledó	2015	6	PSOE	4,0
44027	Arens de Lledó	2015	8	PP	1,0
44028	Argente	2007	1	PSOE	0,0
44028	Argente	2007	2	PP	5,0
44028	Argente	2007	4	CHA	0,0
44028	Argente	2011	1	PP	4,0
44028	Argente	2011	2	PSOE	1,0
44028	Argente	2015	5	PAR	1,0
44028	Argente	2015	6	PSOE	1,0
44028	Argente	2015	8	PP	3,0
44029	Ariño	2007	1	PSOE	4,0
44029	Ariño	2007	2	PP	3,0
44029	Ariño	2011	1	PP	3,0
44029	Ariño	2011	2	PSOE	4,0
44029	Ariño	2011	38	DN	0,0
44029	Ariño	2015	5	PAR	0,0
44029	Ariño	2015	6	PSOE	4,0
44029	Ariño	2015	8	PP	3,0
44031	Azaila	2007	1	PSOE	4,0
44031	Azaila	2007	2	PP	0,0
44031	Azaila	2007	3	PAR	1,0
44031	Azaila	2007	4	CHA	0,0
44031	Azaila	2011	2	PSOE	4,0
44031	Azaila	2011	3	PAR	1,0
44031	Azaila	2015	5	PAR	1,0
44031	Azaila	2015	6	PSOE	4,0
44031	Azaila	2015	8	PP	0,0
44032	Bádenas	2007	1	PSOE	1,0
44032	Bádenas	2007	2	PP	0,0
44032	Bádenas	2007	3	PAR	0,0
44032	Bádenas	2011	2	PSOE	1,0
44032	Bádenas	2015	5	PAR	0,0
44032	Bádenas	2015	6	PSOE	1,0
44032	Bádenas	2015	8	PP	0,0
44033	Báguena	2007	1	PSOE	4,0
44033	Báguena	2007	2	PP	2,0
44033	Báguena	2007	3	PAR	1,0
44033	Báguena	2007	4	CHA	0,0
44033	Báguena	2011	1	PP	2,0
44033	Báguena	2011	2	PSOE	4,0
44033	Báguena	2011	3	PAR	1,0
44033	Báguena	2011	4	CHA	0,0
44033	Báguena	2015	5	PAR	2,0
44033	Báguena	2015	6	PSOE	2,0
44033	Báguena	2015	7	CHA	1,0
44033	Báguena	2015	8	PP	2,0
44034	Bañón	2007	1	PSOE	1,0
44034	Bañón	2007	2	PP	0,0
44034	Bañón	2007	3	PAR	4,0
44034	Bañón	2007	4	CHA	0,0
44034	Bañón	2011	1	PP	0,0
44034	Bañón	2011	2	PSOE	1,0
44034	Bañón	2011	3	PAR	4,0
44034	Bañón	2015	5	PAR	5,0
44034	Bañón	2015	6	PSOE	0,0
44035	Barrachina	2007	1	PSOE	0,0
44035	Barrachina	2007	2	PP	5,0
44035	Barrachina	2007	3	PAR	0,0
44035	Barrachina	2007	4	CHA	0,0
44035	Barrachina	2011	1	PP	5,0
44035	Barrachina	2011	2	PSOE	0,0
44035	Barrachina	2011	3	PAR	0,0
44035	Barrachina	2011	4	CHA	0,0
44035	Barrachina	2015	5	PAR	0,0
44035	Barrachina	2015	6	PSOE	0,0
44035	Barrachina	2015	8	PP	5,0
44036	Bea	2007	1	PSOE	0,0
44036	Bea	2007	2	PP	1,0
44036	Bea	2007	3	PAR	0,0
44036	Bea	2011	1	PP	1,0
44036	Bea	2011	2	PSOE	0,0
44036	Bea	2015	5	PAR	0,0
44036	Bea	2015	6	PSOE	0,0
44036	Bea	2015	8	PP	1,0
44037	Beceite	2007	1	PSOE	2,0
44037	Beceite	2007	2	PP	3,0
44037	Beceite	2007	3	PAR	2,0
44037	Beceite	2011	1	PP	3,0
44037	Beceite	2011	2	PSOE	3,0
44037	Beceite	2011	3	PAR	1,0
44037	Beceite	2011	4	CHA	0,0
44037	Beceite	2015	6	PSOE	3,0
44037	Beceite	2015	8	PP	4,0
44038	Belmonte de San José	2007	1	PSOE	1,0
44038	Belmonte de San José	2007	2	PP	0,0
44038	Belmonte de San José	2007	3	PAR	4,0
44038	Belmonte de San José	2007	4	CHA	0,0
44038	Belmonte de San José	2011	1	PP	2,0
44038	Belmonte de San José	2011	2	PSOE	2,0
44038	Belmonte de San José	2011	3	PAR	1,0
44038	Belmonte de San José	2011	4	CHA	0,0
44038	Belmonte de San José	2015	5	PAR	0,0
44038	Belmonte de San José	2015	6	PSOE	1,0
44038	Belmonte de San José	2015	8	PP	4,0
44038	Belmonte de San José	2015	26	CHA	0,0
44039	Bello	2007	1	PSOE	2,0
44039	Bello	2007	2	PP	3,0
44039	Bello	2007	3	PAR	2,0
44039	Bello	2007	4	CHA	0,0
44039	Bello	2011	1	PP	2,0
44039	Bello	2011	2	PSOE	1,0
44039	Bello	2011	3	PAR	4,0
44039	Bello	2015	5	PAR	4,0
44039	Bello	2015	6	PSOE	0,0
44039	Bello	2015	7	CHA	0,0
44039	Bello	2015	8	PP	1,0
44040	Berge	2007	1	PSOE	0,0
44040	Berge	2007	2	PP	4,0
44040	Berge	2007	3	PAR	0,0
44040	Berge	2007	36	FIA	1,0
44040	Berge	2011	1	PP	4,0
44040	Berge	2011	2	PSOE	2,0
44040	Berge	2011	3	PAR	0,0
44040	Berge	2011	8	FIA	1,0
44040	Berge	2015	5	PAR	0,0
44040	Berge	2015	6	PSOE	4,0
44040	Berge	2015	8	PP	1,0
44041	Bezas	2007	1	PSOE	1,0
44041	Bezas	2007	2	PP	0,0
44041	Bezas	2007	3	PAR	0,0
44041	Bezas	2011	2	PSOE	1,0
44041	Bezas	2011	3	PAR	0,0
44041	Bezas	2015	5	PAR	0,0
44041	Bezas	2015	6	PSOE	1,0
44041	Bezas	2015	8	PP	0,0
44042	Blancas	2007	1	PSOE	1,0
44042	Blancas	2007	2	PP	2,0
44042	Blancas	2007	3	PAR	1,0
44042	Blancas	2007	4	CHA	1,0
44042	Blancas	2011	1	PP	2,0
44042	Blancas	2011	2	PSOE	0,0
44042	Blancas	2011	3	PAR	3,0
44042	Blancas	2015	4	C's	2,0
44042	Blancas	2015	5	PAR	3,0
44042	Blancas	2015	6	PSOE	0,0
44043	Blesa	2007	1	PSOE	0,0
44043	Blesa	2007	2	PP	2,0
44043	Blesa	2007	3	PAR	3,0
44043	Blesa	2007	4	CHA	0,0
44043	Blesa	2011	1	PP	1,0
44043	Blesa	2011	2	PSOE	0,0
44043	Blesa	2011	3	PAR	0,0
44043	Blesa	2011	7	COMPROMISO CON ARAGON	4,0
44043	Blesa	2015	5	PAR	0,0
44043	Blesa	2015	6	PSOE	0,0
44043	Blesa	2015	8	PP	1,0
44043	Blesa	2015	12	COMPROMISO CON ARAGON	4,0
44044	Bordón	2007	1	PSOE	0,0
44044	Bordón	2007	2	PP	0,0
44044	Bordón	2007	3	PAR	5,0
44044	Bordón	2007	4	CHA	0,0
44044	Bordón	2011	1	PP	1,0
44044	Bordón	2011	2	PSOE	0,0
44044	Bordón	2011	3	PAR	4,0
44044	Bordón	2015	5	PAR	5,0
44044	Bordón	2015	6	PSOE	0,0
44044	Bordón	2015	8	PP	0,0
44045	Bronchales	2007	1	PSOE	2,0
44045	Bronchales	2007	2	PP	3,0
44045	Bronchales	2007	3	PAR	0,0
44045	Bronchales	2007	4	CHA	2,0
44045	Bronchales	2011	1	PP	3,0
44045	Bronchales	2011	2	PSOE	2,0
44045	Bronchales	2011	3	PAR	0,0
44045	Bronchales	2011	4	CHA	2,0
44045	Bronchales	2015	4	C's	2,0
44045	Bronchales	2015	6	PSOE	2,0
44045	Bronchales	2015	7	CHA	2,0
44045	Bronchales	2015	8	PP	1,0
44046	Bueña	2007	1	PSOE	1,0
44046	Bueña	2007	2	PP	0,0
44046	Bueña	2007	3	PAR	0,0
44046	Bueña	2011	1	PP	0,0
44046	Bueña	2011	2	PSOE	2,0
44046	Bueña	2011	3	PAR	1,0
44046	Bueña	2015	5	PAR	1,0
44046	Bueña	2015	6	PSOE	2,0
44046	Bueña	2015	8	PP	0,0
44047	Burbáguena	2007	1	PSOE	1,0
44047	Burbáguena	2007	2	PP	2,0
44047	Burbáguena	2007	3	PAR	4,0
44047	Burbáguena	2007	4	CHA	0,0
44047	Burbáguena	2011	1	PP	1,0
44047	Burbáguena	2011	2	PSOE	1,0
44047	Burbáguena	2011	3	PAR	3,0
44047	Burbáguena	2011	4	CHA	2,0
44047	Burbáguena	2015	5	PAR	4,0
44047	Burbáguena	2015	7	CHA	2,0
44047	Burbáguena	2015	8	PP	1,0
44048	Cabra de Mora	2007	1	PSOE	1,0
44048	Cabra de Mora	2007	2	PP	4,0
44048	Cabra de Mora	2007	3	PAR	0,0
44048	Cabra de Mora	2007	4	CHA	0,0
44048	Cabra de Mora	2007	5	IU	0,0
44048	Cabra de Mora	2011	1	PP	2,0
44048	Cabra de Mora	2011	2	PSOE	0,0
44048	Cabra de Mora	2011	3	PAR	1,0
44048	Cabra de Mora	2015	5	PAR	2,0
44048	Cabra de Mora	2015	6	PSOE	0,0
44048	Cabra de Mora	2015	8	PP	1,0
44049	Calaceite	2007	1	PSOE	4,0
44049	Calaceite	2007	2	PP	1,0
44049	Calaceite	2007	3	PAR	3,0
44049	Calaceite	2007	29	L'ENTESA	1,0
44049	Calaceite	2011	1	PP	4,0
44049	Calaceite	2011	2	PSOE	4,0
44049	Calaceite	2011	3	PAR	0,0
44049	Calaceite	2011	26	ESQUERRA-AM	1,0
44049	Calaceite	2015	6	PSOE	4,0
44049	Calaceite	2015	8	PP	5,0
44050	Calamocha	2007	1	PSOE	1,0
44050	Calamocha	2007	2	PP	3,0
44050	Calamocha	2007	3	PAR	5,0
44050	Calamocha	2007	4	CHA	2,0
44050	Calamocha	2007	5	IU	0,0
44050	Calamocha	2011	1	PP	4,0
44050	Calamocha	2011	2	PSOE	1,0
44050	Calamocha	2011	3	PAR	4,0
44050	Calamocha	2011	4	CHA	1,0
44050	Calamocha	2011	7	COMPROMISO CON ARAGON	1,0
44050	Calamocha	2015	5	PAR	3,0
44050	Calamocha	2015	6	PSOE	3,0
44050	Calamocha	2015	7	CHA	1,0
44050	Calamocha	2015	8	PP	3,0
44050	Calamocha	2015	12	COMPROMISO CON ARAGON	1,0
44051	Calanda	2007	1	PSOE	6,0
44051	Calanda	2007	2	PP	4,0
44051	Calanda	2007	3	PAR	1,0
44051	Calanda	2007	4	CHA	0,0
44051	Calanda	2011	1	PP	4,0
44051	Calanda	2011	2	PSOE	5,0
44051	Calanda	2011	3	PAR	2,0
44051	Calanda	2015	5	PAR	1,0
44051	Calanda	2015	6	PSOE	6,0
44051	Calanda	2015	8	PP	4,0
44052	Calomarde	2007	1	PSOE	0,0
44052	Calomarde	2007	2	PP	1,0
44052	Calomarde	2007	3	PAR	0,0
44052	Calomarde	2011	1	PP	2,0
44052	Calomarde	2011	3	PAR	1,0
44052	Calomarde	2011	4	CHA	0,0
44052	Calomarde	2015	5	PAR	1,0
44052	Calomarde	2015	6	PSOE	0,0
44052	Calomarde	2015	8	PP	2,0
44053	Camañas	2007	1	PSOE	1,0
44053	Camañas	2007	2	PP	0,0
44053	Camañas	2007	3	PAR	4,0
44053	Camañas	2007	4	CHA	0,0
44053	Camañas	2011	1	PP	2,0
44053	Camañas	2011	2	PSOE	1,0
44053	Camañas	2011	3	PAR	1,0
44053	Camañas	2011	4	CHA	0,0
44053	Camañas	2011	7	COMPROMISO CON ARAGON	1,0
44053	Camañas	2015	5	PAR	2,0
44053	Camañas	2015	6	PSOE	2,0
44053	Camañas	2015	8	PP	1,0
44054	Camarena de la Sierra	2007	1	PSOE	0,0
44054	Camarena de la Sierra	2007	2	PP	4,0
44054	Camarena de la Sierra	2007	3	PAR	1,0
44054	Camarena de la Sierra	2007	4	CHA	0,0
44054	Camarena de la Sierra	2007	5	IU	0,0
44054	Camarena de la Sierra	2011	1	PP	4,0
44054	Camarena de la Sierra	2011	2	PSOE	1,0
44054	Camarena de la Sierra	2011	3	PAR	0,0
44054	Camarena de la Sierra	2011	7	COMPROMISO CON ARAGON	0,0
44054	Camarena de la Sierra	2015	5	PAR	0,0
44054	Camarena de la Sierra	2015	6	PSOE	0,0
44054	Camarena de la Sierra	2015	8	PP	4,0
44054	Camarena de la Sierra	2015	39	G:IU-LV	1,0
44055	Camarillas	2007	1	PSOE	1,0
44055	Camarillas	2007	2	PP	3,0
44055	Camarillas	2007	3	PAR	1,0
44055	Camarillas	2007	4	CHA	0,0
44055	Camarillas	2011	1	PP	3,0
44055	Camarillas	2011	2	PSOE	1,0
44055	Camarillas	2011	3	PAR	1,0
44055	Camarillas	2011	4	CHA	0,0
44055	Camarillas	2015	5	PAR	2,0
44055	Camarillas	2015	6	PSOE	0,0
44055	Camarillas	2015	7	CHA	0,0
44055	Camarillas	2015	8	PP	3,0
44056	Caminreal	2007	1	PSOE	3,0
44056	Caminreal	2007	2	PP	2,0
44056	Caminreal	2007	3	PAR	2,0
44056	Caminreal	2007	4	CHA	0,0
44056	Caminreal	2011	1	PP	2,0
44056	Caminreal	2011	2	PSOE	2,0
44056	Caminreal	2011	3	PAR	1,0
44056	Caminreal	2011	5	IU	0,0
44056	Caminreal	2011	8	FIA	2,0
44056	Caminreal	2015	5	PAR	2,0
44056	Caminreal	2015	6	PSOE	2,0
44056	Caminreal	2015	8	PP	3,0
44059	Cantavieja	2007	1	PSOE	3,0
44059	Cantavieja	2007	2	PP	3,0
44059	Cantavieja	2007	3	PAR	1,0
44059	Cantavieja	2011	1	PP	3,0
44059	Cantavieja	2011	2	PSOE	3,0
44059	Cantavieja	2011	3	PAR	1,0
44059	Cantavieja	2015	5	PAR	1,0
44059	Cantavieja	2015	6	PSOE	2,0
44059	Cantavieja	2015	8	PP	4,0
44060	Cañada de Benatanduz	2007	1	PSOE	0,0
44060	Cañada de Benatanduz	2007	2	PP	0,0
44060	Cañada de Benatanduz	2007	3	PAR	1,0
44060	Cañada de Benatanduz	2011	1	PP	0,0
44060	Cañada de Benatanduz	2011	3	PAR	2,0
44060	Cañada de Benatanduz	2011	4	CHA	1,0
44060	Cañada de Benatanduz	2015	5	PAR	2,0
44060	Cañada de Benatanduz	2015	7	CHA	1,0
44060	Cañada de Benatanduz	2015	8	PP	0,0
44061	Cañada de Verich (La)	2007	1	PSOE	2,0
44061	Cañada de Verich (La)	2007	2	PP	0,0
44061	Cañada de Verich (La)	2007	3	PAR	3,0
44061	Cañada de Verich (La)	2007	4	CHA	0,0
44061	Cañada de Verich (La)	2011	1	PP	0,0
44061	Cañada de Verich (La)	2011	2	PSOE	1,0
44061	Cañada de Verich (La)	2011	3	PAR	4,0
44061	Cañada de Verich (La)	2015	5	PAR	4,0
44061	Cañada de Verich (La)	2015	6	PSOE	1,0
44061	Cañada de Verich (La)	2015	8	PP	0,0
44062	Cañada Vellida	2007	1	PSOE	0,0
44062	Cañada Vellida	2007	2	PP	1,0
44062	Cañada Vellida	2007	3	PAR	0,0
44062	Cañada Vellida	2011	1	PP	1,0
44062	Cañada Vellida	2011	2	PSOE	0,0
44062	Cañada Vellida	2011	7	COMPROMISO CON ARAGON	0,0
44062	Cañada Vellida	2015	5	PAR	1,0
44063	Cañizar del Olivar	2007	2	PP	0,0
44063	Cañizar del Olivar	2007	3	PAR	2,0
44063	Cañizar del Olivar	2007	4	CHA	3,0
44063	Cañizar del Olivar	2011	1	PP	0,0
44063	Cañizar del Olivar	2011	2	PSOE	3,0
44063	Cañizar del Olivar	2011	3	PAR	2,0
44063	Cañizar del Olivar	2011	4	CHA	0,0
44063	Cañizar del Olivar	2011	7	COMPROMISO CON ARAGON	0,0
44063	Cañizar del Olivar	2015	5	PAR	2,0
44063	Cañizar del Olivar	2015	6	PSOE	1,0
44063	Cañizar del Olivar	2015	8	PP	0,0
44063	Cañizar del Olivar	2015	12	COMPROMISO CON ARAGON	0,0
44064	Cascante del Río	2007	1	PSOE	0,0
44064	Cascante del Río	2007	2	PP	1,0
44064	Cascante del Río	2007	3	PAR	0,0
44064	Cascante del Río	2007	4	CHA	0,0
44064	Cascante del Río	2011	1	PP	2,0
44064	Cascante del Río	2011	2	PSOE	0,0
44064	Cascante del Río	2011	3	PAR	1,0
44064	Cascante del Río	2011	4	CHA	0,0
44064	Cascante del Río	2015	5	PAR	1,0
44064	Cascante del Río	2015	6	PSOE	0,0
44064	Cascante del Río	2015	7	CHA	0,0
44064	Cascante del Río	2015	8	PP	2,0
44065	Castejón de Tornos	2007	1	PSOE	0,0
44065	Castejón de Tornos	2007	3	PAR	1,0
44065	Castejón de Tornos	2011	1	PP	0,0
44065	Castejón de Tornos	2011	3	PAR	3,0
44065	Castejón de Tornos	2015	5	PAR	3,0
44066	Castel de Cabra	2007	1	PSOE	4,0
44066	Castel de Cabra	2007	2	PP	0,0
44066	Castel de Cabra	2007	3	PAR	1,0
44066	Castel de Cabra	2007	4	CHA	0,0
44066	Castel de Cabra	2011	1	PP	1,0
44066	Castel de Cabra	2011	2	PSOE	4,0
44066	Castel de Cabra	2011	3	PAR	0,0
44066	Castel de Cabra	2015	6	PSOE	4,0
44066	Castel de Cabra	2015	8	PP	1,0
44066	Castel de Cabra	2015	12	COMPROMISO CON ARAGON	0,0
44067	Castelnou	2007	1	PSOE	0,0
44067	Castelnou	2007	2	PP	0,0
44067	Castelnou	2007	3	PAR	3,0
44067	Castelnou	2007	4	CHA	0,0
44067	Castelnou	2007	5	IU	1,0
44067	Castelnou	2007	37	CDIG	1,0
44067	Castelnou	2011	1	PP	0,0
44067	Castelnou	2011	2	PSOE	0,0
44067	Castelnou	2011	3	PAR	5,0
44067	Castelnou	2015	5	PAR	4,0
44067	Castelnou	2015	6	PSOE	0,0
44067	Castelnou	2015	8	PP	1,0
44067	Castelnou	2015	26	CHA	0,0
44067	Castelnou	2015	45	G:IU-LV	0,0
44068	Castelserás	2007	1	PSOE	4,0
44068	Castelserás	2007	2	PP	3,0
44068	Castelserás	2007	3	PAR	0,0
44068	Castelserás	2011	1	PP	3,0
44068	Castelserás	2011	2	PSOE	3,0
44068	Castelserás	2011	3	PAR	1,0
44068	Castelserás	2015	5	PAR	1,0
44068	Castelserás	2015	6	PSOE	3,0
44068	Castelserás	2015	8	PP	3,0
44070	Castellar (El)	2007	1	PSOE	0,0
44070	Castellar (El)	2007	2	PP	1,0
44070	Castellar (El)	2007	3	PAR	0,0
44070	Castellar (El)	2011	1	PP	2,0
44070	Castellar (El)	2011	2	PSOE	0,0
44070	Castellar (El)	2011	3	PAR	1,0
44070	Castellar (El)	2015	5	PAR	1,0
44070	Castellar (El)	2015	6	PSOE	0,0
44070	Castellar (El)	2015	8	PP	2,0
44071	Castellote	2007	1	PSOE	1,0
44071	Castellote	2007	2	PP	1,0
44071	Castellote	2007	3	PAR	5,0
44071	Castellote	2011	1	PP	1,0
44071	Castellote	2011	2	PSOE	1,0
44071	Castellote	2011	3	PAR	5,0
44071	Castellote	2015	5	PAR	5,0
44071	Castellote	2015	8	PP	2,0
44074	Cedrillas	2007	1	PSOE	3,0
44074	Cedrillas	2007	2	PP	2,0
44074	Cedrillas	2007	3	PAR	2,0
44074	Cedrillas	2007	4	CHA	0,0
44074	Cedrillas	2011	1	PP	2,0
44074	Cedrillas	2011	2	PSOE	5,0
44074	Cedrillas	2011	4	CHA	0,0
44074	Cedrillas	2015	6	PSOE	5,0
44074	Cedrillas	2015	8	PP	2,0
44075	Celadas	2007	1	PSOE	4,0
44075	Celadas	2007	2	PP	3,0
44075	Celadas	2007	3	PAR	0,0
44075	Celadas	2011	1	PP	4,0
44075	Celadas	2011	2	PSOE	3,0
44075	Celadas	2011	3	PAR	0,0
44075	Celadas	2011	4	CHA	0,0
44075	Celadas	2015	6	PSOE	2,0
44075	Celadas	2015	8	PP	5,0
44076	Cella	2007	1	PSOE	5,0
44076	Cella	2007	2	PP	6,0
44076	Cella	2007	3	PAR	0,0
44076	Cella	2007	4	CHA	0,0
44076	Cella	2007	5	IU	0,0
44076	Cella	2011	1	PP	6,0
44076	Cella	2011	2	PSOE	5,0
44076	Cella	2011	3	PAR	0,0
44076	Cella	2011	5	IU	0,0
44076	Cella	2011	7	COMPROMISO CON ARAGON	0,0
44076	Cella	2015	5	PAR	1,0
44076	Cella	2015	6	PSOE	5,0
44076	Cella	2015	8	PP	4,0
44076	Cella	2015	45	G:IU-LV	1,0
44077	Cerollera (La)	2007	1	PSOE	5,0
44077	Cerollera (La)	2007	2	PP	0,0
44077	Cerollera (La)	2007	3	PAR	0,0
44077	Cerollera (La)	2011	1	PP	0,0
44077	Cerollera (La)	2011	2	PSOE	5,0
44077	Cerollera (La)	2015	5	PAR	0,0
44077	Cerollera (La)	2015	6	PSOE	5,0
44077	Cerollera (La)	2015	8	PP	0,0
44080	Codoñera (La)	2007	1	PSOE	3,0
44080	Codoñera (La)	2007	3	PAR	4,0
44080	Codoñera (La)	2011	2	PSOE	3,0
44080	Codoñera (La)	2011	3	PAR	4,0
44080	Codoñera (La)	2015	5	PAR	5,0
44080	Codoñera (La)	2015	6	PSOE	2,0
44082	Corbalán	2007	1	PSOE	0,0
44082	Corbalán	2007	2	PP	1,0
44082	Corbalán	2007	3	PAR	0,0
44082	Corbalán	2011	1	PP	2,0
44082	Corbalán	2011	2	PSOE	1,0
44082	Corbalán	2011	3	PAR	0,0
44082	Corbalán	2011	4	CHA	0,0
44082	Corbalán	2015	5	PAR	0,0
44082	Corbalán	2015	6	PSOE	0,0
44082	Corbalán	2015	8	PP	4,0
44082	Corbalán	2015	93	PNP	1,0
44084	Cortes de Aragón	2007	1	PSOE	4,0
44084	Cortes de Aragón	2007	2	PP	1,0
44084	Cortes de Aragón	2007	3	PAR	0,0
44084	Cortes de Aragón	2007	4	CHA	0,0
44084	Cortes de Aragón	2011	1	PP	1,0
44084	Cortes de Aragón	2011	2	PSOE	2,0
44084	Cortes de Aragón	2015	6	PSOE	1,0
44084	Cortes de Aragón	2015	8	PP	2,0
44085	Cosa	2007	1	PSOE	0,0
44085	Cosa	2007	2	PP	1,0
44085	Cosa	2007	3	PAR	0,0
44085	Cosa	2011	1	PP	3,0
44085	Cosa	2011	3	PAR	0,0
44085	Cosa	2011	4	CHA	0,0
44085	Cosa	2015	5	PAR	0,0
44085	Cosa	2015	7	CHA	0,0
44085	Cosa	2015	8	PP	3,0
44086	Cretas	2007	1	PSOE	3,0
44086	Cretas	2007	2	PP	2,0
44086	Cretas	2007	3	PAR	1,0
44086	Cretas	2007	4	CHA	1,0
44086	Cretas	2011	1	PP	4,0
44086	Cretas	2011	2	PSOE	1,0
44086	Cretas	2011	3	PAR	1,0
44086	Cretas	2011	4	CHA	1,0
44086	Cretas	2015	5	PAR	1,0
44086	Cretas	2015	6	PSOE	1,0
44086	Cretas	2015	8	PP	4,0
44086	Cretas	2015	26	CHA	1,0
44087	Crivillén	2007	1	PSOE	2,0
44087	Crivillén	2007	2	PP	1,0
44087	Crivillén	2007	3	PAR	2,0
44087	Crivillén	2007	4	CHA	0,0
44087	Crivillén	2007	5	IU	0,0
44087	Crivillén	2011	1	PP	1,0
44087	Crivillén	2011	2	PSOE	0,0
44087	Crivillén	2011	3	PAR	2,0
44087	Crivillén	2015	5	PAR	2,0
44087	Crivillén	2015	6	PSOE	1,0
44087	Crivillén	2015	7	CHA	0,0
44087	Crivillén	2015	8	PP	0,0
44088	Cuba (La)	2007	1	PSOE	1,0
44088	Cuba (La)	2007	2	PP	0,0
44088	Cuba (La)	2007	3	PAR	0,0
44088	Cuba (La)	2011	1	PP	1,0
44088	Cuba (La)	2011	2	PSOE	2,0
44088	Cuba (La)	2011	3	PAR	0,0
44088	Cuba (La)	2015	5	PAR	0,0
44088	Cuba (La)	2015	6	PSOE	2,0
44088	Cuba (La)	2015	8	PP	1,0
44089	Cubla	2007	1	PSOE	0,0
44089	Cubla	2007	2	PP	0,0
44089	Cubla	2007	3	PAR	1,0
44089	Cubla	2011	1	PP	2,0
44089	Cubla	2011	2	PSOE	0,0
44089	Cubla	2011	3	PAR	1,0
44089	Cubla	2015	5	PAR	1,0
44089	Cubla	2015	6	PSOE	0,0
44089	Cubla	2015	8	PP	2,0
44090	Cucalón	2007	1	PSOE	0,0
44090	Cucalón	2007	2	PP	0,0
44090	Cucalón	2007	3	PAR	0,0
44090	Cucalón	2007	4	CHA	1,0
44090	Cucalón	2011	1	PP	3,0
44090	Cucalón	2011	2	PSOE	0,0
44090	Cucalón	2011	3	PAR	2,0
44090	Cucalón	2015	5	PAR	4,0
44090	Cucalón	2015	6	PSOE	1,0
44092	Cuervo (El)	2007	1	PSOE	0,0
44092	Cuervo (El)	2007	2	PP	4,0
44092	Cuervo (El)	2007	3	PAR	1,0
44092	Cuervo (El)	2007	4	CHA	0,0
44092	Cuervo (El)	2011	1	PP	3,0
44092	Cuervo (El)	2011	2	PSOE	1,0
44092	Cuervo (El)	2011	3	PAR	1,0
44092	Cuervo (El)	2015	5	PAR	0,0
44092	Cuervo (El)	2015	6	PSOE	1,0
44092	Cuervo (El)	2015	8	PP	2,0
44093	Cuevas de Almudén	2007	1	PSOE	5,0
44093	Cuevas de Almudén	2007	2	PP	0,0
44093	Cuevas de Almudén	2011	1	PP	1,0
44093	Cuevas de Almudén	2011	2	PSOE	1,0
44093	Cuevas de Almudén	2011	4	CHA	3,0
44093	Cuevas de Almudén	2011	7	COMPROMISO CON ARAGON	0,0
44093	Cuevas de Almudén	2015	6	PSOE	3,0
44093	Cuevas de Almudén	2015	7	CHA	1,0
44093	Cuevas de Almudén	2015	8	PP	0,0
44093	Cuevas de Almudén	2015	12	COMPROMISO CON ARAGON	1,0
44094	Cuevas Labradas	2007	1	PSOE	1,0
44094	Cuevas Labradas	2007	2	PP	4,0
44094	Cuevas Labradas	2007	3	PAR	0,0
44094	Cuevas Labradas	2007	4	CHA	0,0
44094	Cuevas Labradas	2011	1	PP	4,0
44094	Cuevas Labradas	2011	2	PSOE	1,0
44094	Cuevas Labradas	2011	3	PAR	0,0
44094	Cuevas Labradas	2011	4	CHA	0,0
44094	Cuevas Labradas	2015	5	PAR	1,0
44094	Cuevas Labradas	2015	6	PSOE	1,0
44094	Cuevas Labradas	2015	8	PP	3,0
44096	Ejulve	2007	1	PSOE	1,0
44096	Ejulve	2007	2	PP	1,0
44096	Ejulve	2007	3	PAR	2,0
44096	Ejulve	2007	4	CHA	1,0
44096	Ejulve	2011	1	PP	1,0
44096	Ejulve	2011	2	PSOE	2,0
44096	Ejulve	2011	3	PAR	1,0
44096	Ejulve	2011	4	CHA	1,0
44096	Ejulve	2011	5	IU	0,0
44096	Ejulve	2015	5	PAR	0,0
44096	Ejulve	2015	6	PSOE	2,0
44096	Ejulve	2015	7	CHA	1,0
44096	Ejulve	2015	8	PP	1,0
44096	Ejulve	2015	57	G:IU-LV	1,0
44097	Escorihuela	2007	1	PSOE	0,0
44097	Escorihuela	2007	2	PP	0,0
44097	Escorihuela	2007	3	PAR	5,0
44097	Escorihuela	2007	4	CHA	0,0
44097	Escorihuela	2011	1	PP	0,0
44097	Escorihuela	2011	2	PSOE	0,0
44097	Escorihuela	2011	3	PAR	0,0
44097	Escorihuela	2011	7	COMPROMISO CON ARAGON	5,0
44097	Escorihuela	2015	5	PAR	0,0
44097	Escorihuela	2015	6	PSOE	0,0
44097	Escorihuela	2015	8	PP	1,0
44097	Escorihuela	2015	12	COMPROMISO CON ARAGON	4,0
44099	Escucha	2007	1	PSOE	4,0
44099	Escucha	2007	2	PP	1,0
44099	Escucha	2007	3	PAR	0,0
44099	Escucha	2007	4	CHA	4,0
44099	Escucha	2011	1	PP	2,0
44099	Escucha	2011	2	PSOE	3,0
44099	Escucha	2011	3	PAR	0,0
44099	Escucha	2011	4	CHA	4,0
44099	Escucha	2011	7	COMPROMISO CON ARAGON	0,0
44099	Escucha	2015	6	PSOE	0,0
44099	Escucha	2015	7	CHA	4,0
44099	Escucha	2015	8	PP	1,0
44099	Escucha	2015	64	C.S.I.E	2,0
44100	Estercuel	2007	1	PSOE	1,0
44100	Estercuel	2007	2	PP	2,0
44100	Estercuel	2007	3	PAR	4,0
44100	Estercuel	2011	1	PP	2,0
44100	Estercuel	2011	2	PSOE	3,0
44100	Estercuel	2011	7	COMPROMISO CON ARAGON	2,0
44100	Estercuel	2015	5	PAR	0,0
44100	Estercuel	2015	6	PSOE	4,0
44100	Estercuel	2015	8	PP	1,0
44100	Estercuel	2015	12	COMPROMISO CON ARAGON	0,0
44101	Ferreruela de Huerva	2007	1	PSOE	1,0
44101	Ferreruela de Huerva	2007	2	PP	0,0
44101	Ferreruela de Huerva	2007	3	PAR	0,0
44101	Ferreruela de Huerva	2011	1	PP	0,0
44101	Ferreruela de Huerva	2011	2	PSOE	1,0
44101	Ferreruela de Huerva	2011	3	PAR	2,0
44101	Ferreruela de Huerva	2015	5	PAR	1,0
44102	Fonfría	2007	1	PSOE	1,0
44102	Fonfría	2007	2	PP	0,0
44102	Fonfría	2007	3	PAR	0,0
44102	Fonfría	2007	4	CHA	0,0
44102	Fonfría	2011	2	PSOE	1,0
44102	Fonfría	2015	5	PAR	1,0
44103	Formiche Alto	2007	1	PSOE	1,0
44103	Formiche Alto	2007	2	PP	0,0
44103	Formiche Alto	2007	3	PAR	4,0
44103	Formiche Alto	2007	4	CHA	0,0
44103	Formiche Alto	2007	5	IU	0,0
44103	Formiche Alto	2011	1	PP	0,0
44103	Formiche Alto	2011	2	PSOE	1,0
44103	Formiche Alto	2011	3	PAR	4,0
44103	Formiche Alto	2015	5	PAR	4,0
44103	Formiche Alto	2015	6	PSOE	1,0
44103	Formiche Alto	2015	8	PP	0,0
44105	Fórnoles	2007	1	PSOE	0,0
44105	Fórnoles	2007	2	PP	4,0
44105	Fórnoles	2007	3	PAR	1,0
44105	Fórnoles	2007	4	CHA	0,0
44105	Fórnoles	2011	1	PP	4,0
44105	Fórnoles	2011	2	PSOE	0,0
44105	Fórnoles	2011	3	PAR	1,0
44105	Fórnoles	2015	5	PAR	1,0
44105	Fórnoles	2015	6	PSOE	0,0
44105	Fórnoles	2015	8	PP	2,0
44106	Fortanete	2007	1	PSOE	2,0
44106	Fortanete	2007	2	PP	1,0
44106	Fortanete	2007	3	PAR	2,0
44106	Fortanete	2007	4	CHA	0,0
44106	Fortanete	2011	1	PP	1,0
44106	Fortanete	2011	2	PSOE	3,0
44106	Fortanete	2011	3	PAR	1,0
44106	Fortanete	2011	4	CHA	0,0
44106	Fortanete	2011	5	IU	0,0
44106	Fortanete	2015	4	C's	1,0
44106	Fortanete	2015	5	PAR	1,0
44106	Fortanete	2015	8	PP	1,0
44107	Foz-Calanda	2007	1	PSOE	6,0
44107	Foz-Calanda	2007	2	PP	1,0
44107	Foz-Calanda	2011	1	PP	2,0
44107	Foz-Calanda	2011	2	PSOE	3,0
44107	Foz-Calanda	2011	3	PAR	2,0
44107	Foz-Calanda	2015	6	PSOE	7,0
44108	Fresneda (La)	2007	1	PSOE	2,0
44108	Fresneda (La)	2007	2	PP	4,0
44108	Fresneda (La)	2007	3	PAR	1,0
44108	Fresneda (La)	2007	4	CHA	0,0
44108	Fresneda (La)	2011	1	PP	3,0
44108	Fresneda (La)	2011	2	PSOE	2,0
44108	Fresneda (La)	2011	3	PAR	2,0
44108	Fresneda (La)	2011	4	CHA	0,0
44108	Fresneda (La)	2015	5	PAR	3,0
44108	Fresneda (La)	2015	6	PSOE	1,0
44108	Fresneda (La)	2015	8	PP	3,0
44109	Frías de Albarracín	2007	1	PSOE	4,0
44109	Frías de Albarracín	2007	2	PP	0,0
44109	Frías de Albarracín	2007	3	PAR	1,0
44109	Frías de Albarracín	2007	4	CHA	0,0
44109	Frías de Albarracín	2007	5	IU	0,0
44109	Frías de Albarracín	2011	1	PP	0,0
44109	Frías de Albarracín	2011	2	PSOE	2,0
44109	Frías de Albarracín	2011	3	PAR	3,0
44109	Frías de Albarracín	2011	4	CHA	0,0
44109	Frías de Albarracín	2015	5	PAR	2,0
44109	Frías de Albarracín	2015	6	PSOE	3,0
44109	Frías de Albarracín	2015	7	CHA	0,0
44109	Frías de Albarracín	2015	8	PP	0,0
44109	Frías de Albarracín	2015	12	COMPROMISO CON ARAGON	0,0
44110	Fuenferrada	2007	1	PSOE	0,0
44110	Fuenferrada	2007	2	PP	1,0
44110	Fuenferrada	2007	3	PAR	0,0
44110	Fuenferrada	2011	1	PP	0,0
44110	Fuenferrada	2011	7	COMPROMISO CON ARAGON	1,0
44110	Fuenferrada	2015	5	PAR	0,0
44110	Fuenferrada	2015	6	PSOE	0,0
44110	Fuenferrada	2015	8	PP	3,0
44110	Fuenferrada	2015	12	COMPROMISO CON ARAGON	0,0
44111	Fuentes Calientes	2007	2	PP	1,0
44111	Fuentes Calientes	2007	3	PAR	2,0
44111	Fuentes Calientes	2007	4	CHA	1,0
44111	Fuentes Calientes	2007	5	IU	1,0
44111	Fuentes Calientes	2011	1	PP	2,0
44111	Fuentes Calientes	2011	2	PSOE	2,0
44111	Fuentes Calientes	2011	3	PAR	0,0
44111	Fuentes Calientes	2011	4	CHA	1,0
44111	Fuentes Calientes	2011	5	IU	0,0
44111	Fuentes Calientes	2015	5	PAR	0,0
44111	Fuentes Calientes	2015	6	PSOE	2,0
44111	Fuentes Calientes	2015	7	CHA	1,0
44111	Fuentes Calientes	2015	8	PP	1,0
44111	Fuentes Calientes	2015	39	G:IU-LV	1,0
44112	Fuentes Claras	2007	1	PSOE	4,0
44112	Fuentes Claras	2007	3	PAR	3,0
44112	Fuentes Claras	2011	2	PSOE	4,0
44112	Fuentes Claras	2011	3	PAR	3,0
44112	Fuentes Claras	2015	5	PAR	7,0
44113	Fuentes de Rubielos	2007	1	PSOE	1,0
44113	Fuentes de Rubielos	2007	2	PP	0,0
44113	Fuentes de Rubielos	2007	3	PAR	0,0
44113	Fuentes de Rubielos	2007	4	CHA	0,0
44113	Fuentes de Rubielos	2007	5	IU	4,0
44113	Fuentes de Rubielos	2011	2	PSOE	3,0
44113	Fuentes de Rubielos	2011	3	PAR	0,0
44113	Fuentes de Rubielos	2011	5	IU	2,0
44113	Fuentes de Rubielos	2015	5	PAR	0,0
44113	Fuentes de Rubielos	2015	6	PSOE	1,0
44113	Fuentes de Rubielos	2015	8	PP	0,0
44113	Fuentes de Rubielos	2015	57	G:IU-LV	4,0
44114	Fuentespalda	2007	1	PSOE	2,0
44114	Fuentespalda	2007	2	PP	2,0
44114	Fuentespalda	2007	3	PAR	3,0
44114	Fuentespalda	2011	1	PP	3,0
44114	Fuentespalda	2011	2	PSOE	1,0
44114	Fuentespalda	2011	3	PAR	3,0
44114	Fuentespalda	2015	5	PAR	5,0
44114	Fuentespalda	2015	6	PSOE	2,0
44115	Galve	2007	1	PSOE	1,0
44115	Galve	2007	2	PP	3,0
44115	Galve	2007	3	PAR	1,0
44115	Galve	2011	1	PP	2,0
44115	Galve	2011	2	PSOE	1,0
44115	Galve	2011	3	PAR	2,0
44115	Galve	2011	4	CHA	0,0
44115	Galve	2015	5	PAR	2,0
44115	Galve	2015	6	PSOE	1,0
44115	Galve	2015	7	CHA	0,0
44115	Galve	2015	8	PP	2,0
44115	Galve	2015	10	EB	0,0
44116	Gargallo	2007	1	PSOE	0,0
44116	Gargallo	2007	2	PP	0,0
44116	Gargallo	2007	3	PAR	5,0
44116	Gargallo	2007	4	CHA	0,0
44116	Gargallo	2011	1	PP	0,0
44116	Gargallo	2011	3	PAR	0,0
44116	Gargallo	2011	7	COMPROMISO CON ARAGON	5,0
44116	Gargallo	2015	5	PAR	1,0
44116	Gargallo	2015	6	PSOE	0,0
44116	Gargallo	2015	7	CHA	0,0
44116	Gargallo	2015	8	PP	0,0
44116	Gargallo	2015	12	COMPROMISO CON ARAGON	4,0
44117	Gea de Albarracín	2007	1	PSOE	3,0
44117	Gea de Albarracín	2007	2	PP	1,0
44117	Gea de Albarracín	2007	3	PAR	3,0
44117	Gea de Albarracín	2011	1	PP	1,0
44117	Gea de Albarracín	2011	2	PSOE	3,0
44117	Gea de Albarracín	2011	3	PAR	3,0
44117	Gea de Albarracín	2015	5	PAR	4,0
44117	Gea de Albarracín	2015	6	PSOE	2,0
44117	Gea de Albarracín	2015	8	PP	1,0
44118	Ginebrosa (La)	2007	1	PSOE	1,0
44118	Ginebrosa (La)	2007	2	PP	0,0
44118	Ginebrosa (La)	2007	3	PAR	4,0
44118	Ginebrosa (La)	2007	4	CHA	0,0
44118	Ginebrosa (La)	2011	1	PP	0,0
44118	Ginebrosa (La)	2011	2	PSOE	1,0
44118	Ginebrosa (La)	2011	3	PAR	4,0
44118	Ginebrosa (La)	2015	5	PAR	4,0
44118	Ginebrosa (La)	2015	6	PSOE	1,0
44118	Ginebrosa (La)	2015	8	PP	0,0
44118	Ginebrosa (La)	2015	26	CHA	0,0
44119	Griegos	2007	1	PSOE	1,0
44119	Griegos	2007	2	PP	4,0
44119	Griegos	2007	3	PAR	0,0
44119	Griegos	2007	5	IU	0,0
44119	Griegos	2011	1	PP	1,0
44119	Griegos	2011	2	PSOE	4,0
44119	Griegos	2011	3	PAR	0,0
44119	Griegos	2011	4	CHA	0,0
44119	Griegos	2011	5	IU	0,0
44119	Griegos	2015	4	C's	2,0
44119	Griegos	2015	5	PAR	1,0
44119	Griegos	2015	6	PSOE	1,0
44119	Griegos	2015	7	CHA	1,0
44119	Griegos	2015	8	PP	0,0
44120	Guadalaviar	2007	1	PSOE	0,0
44120	Guadalaviar	2007	2	PP	3,0
44120	Guadalaviar	2007	3	PAR	3,0
44120	Guadalaviar	2007	4	CHA	1,0
44120	Guadalaviar	2007	5	IU	0,0
44120	Guadalaviar	2011	1	PP	3,0
44120	Guadalaviar	2011	2	PSOE	0,0
44120	Guadalaviar	2011	3	PAR	2,0
44120	Guadalaviar	2011	4	CHA	0,0
44120	Guadalaviar	2015	5	PAR	2,0
44120	Guadalaviar	2015	6	PSOE	3,0
44120	Guadalaviar	2015	7	CHA	0,0
44120	Guadalaviar	2015	8	PP	0,0
44121	Gúdar	2007	1	PSOE	0,0
44121	Gúdar	2007	2	PP	1,0
44121	Gúdar	2007	3	PAR	4,0
44121	Gúdar	2007	4	CHA	0,0
44121	Gúdar	2007	5	IU	0,0
44121	Gúdar	2011	1	PP	1,0
44121	Gúdar	2011	2	PSOE	0,0
44121	Gúdar	2011	3	PAR	2,0
44121	Gúdar	2015	5	PAR	2,0
44121	Gúdar	2015	8	PP	1,0
44122	Híjar	2007	1	PSOE	4,0
44122	Híjar	2007	2	PP	5,0
44122	Híjar	2007	3	PAR	0,0
44122	Híjar	2011	1	PP	4,0
44122	Híjar	2011	2	PSOE	4,0
44122	Híjar	2011	3	PAR	1,0
44122	Híjar	2015	5	PAR	0,0
44122	Híjar	2015	6	PSOE	1,0
44122	Híjar	2015	8	PP	5,0
44122	Híjar	2015	51	G:IU-LV	3,0
44122	Híjar	2015	90	YA	0,0
44123	Hinojosa de Jarque	2007	1	PSOE	4,0
44123	Hinojosa de Jarque	2007	2	PP	1,0
44123	Hinojosa de Jarque	2007	4	CHA	0,0
44123	Hinojosa de Jarque	2011	1	PP	2,0
44123	Hinojosa de Jarque	2011	2	PSOE	3,0
44123	Hinojosa de Jarque	2011	4	CHA	0,0
44123	Hinojosa de Jarque	2011	7	COMPROMISO CON ARAGON	0,0
44123	Hinojosa de Jarque	2015	6	PSOE	5,0
44123	Hinojosa de Jarque	2015	8	PP	0,0
44123	Hinojosa de Jarque	2015	12	COMPROMISO CON ARAGON	0,0
44124	Hoz de la Vieja (La)	2007	1	PSOE	1,0
44124	Hoz de la Vieja (La)	2007	2	PP	0,0
44124	Hoz de la Vieja (La)	2007	3	PAR	4,0
44124	Hoz de la Vieja (La)	2007	4	CHA	0,0
44124	Hoz de la Vieja (La)	2011	1	PP	0,0
44124	Hoz de la Vieja (La)	2011	2	PSOE	1,0
44124	Hoz de la Vieja (La)	2011	3	PAR	0,0
44124	Hoz de la Vieja (La)	2011	4	CHA	0,0
44124	Hoz de la Vieja (La)	2011	7	COMPROMISO CON ARAGON	2,0
44124	Hoz de la Vieja (La)	2015	6	PSOE	1,0
44124	Hoz de la Vieja (La)	2015	57	G:IU-LV	1,0
44125	Huesa del Común	2007	1	PSOE	1,0
44125	Huesa del Común	2007	2	PP	2,0
44125	Huesa del Común	2007	3	PAR	2,0
44125	Huesa del Común	2007	4	CHA	0,0
44125	Huesa del Común	2011	1	PP	1,0
44125	Huesa del Común	2011	2	PSOE	1,0
44125	Huesa del Común	2011	3	PAR	1,0
44125	Huesa del Común	2011	7	COMPROMISO CON ARAGON	0,0
44125	Huesa del Común	2015	4	C's	1,0
44125	Huesa del Común	2015	5	PAR	1,0
44125	Huesa del Común	2015	6	PSOE	1,0
44125	Huesa del Común	2015	12	COMPROMISO CON ARAGON	0,0
44126	Iglesuela del Cid (La)	2007	1	PSOE	2,0
44126	Iglesuela del Cid (La)	2007	2	PP	3,0
44126	Iglesuela del Cid (La)	2007	3	PAR	2,0
44126	Iglesuela del Cid (La)	2011	1	PP	3,0
44126	Iglesuela del Cid (La)	2011	2	PSOE	3,0
44126	Iglesuela del Cid (La)	2011	3	PAR	1,0
44126	Iglesuela del Cid (La)	2015	5	PAR	0,0
44126	Iglesuela del Cid (La)	2015	6	PSOE	5,0
44126	Iglesuela del Cid (La)	2015	8	PP	2,0
44127	Jabaloyas	2007	1	PSOE	1,0
44127	Jabaloyas	2007	2	PP	0,0
44127	Jabaloyas	2007	3	PAR	0,0
44127	Jabaloyas	2011	2	PSOE	1,0
44127	Jabaloyas	2011	3	PAR	0,0
44127	Jabaloyas	2015	5	PAR	0,0
44127	Jabaloyas	2015	6	PSOE	1,0
44127	Jabaloyas	2015	8	PP	0,0
44128	Jarque de la Val	2007	1	PSOE	0,0
44128	Jarque de la Val	2007	2	PP	0,0
44128	Jarque de la Val	2007	3	PAR	1,0
44128	Jarque de la Val	2007	4	CHA	0,0
44128	Jarque de la Val	2011	1	PP	0,0
44128	Jarque de la Val	2011	2	PSOE	1,0
44128	Jarque de la Val	2011	7	COMPROMISO CON ARAGON	2,0
44128	Jarque de la Val	2015	5	PAR	0,0
44128	Jarque de la Val	2015	6	PSOE	1,0
44128	Jarque de la Val	2015	8	PP	0,0
44128	Jarque de la Val	2015	12	COMPROMISO CON ARAGON	2,0
44129	Jatiel	2007	1	PSOE	0,0
44129	Jatiel	2007	2	PP	0,0
44129	Jatiel	2007	3	PAR	1,0
44129	Jatiel	2011	1	PP	0,0
44129	Jatiel	2011	2	PSOE	1,0
44129	Jatiel	2011	3	PAR	0,0
44129	Jatiel	2015	5	PAR	0,0
44129	Jatiel	2015	6	PSOE	1,0
44129	Jatiel	2015	8	PP	0,0
44130	Jorcas	2007	1	PSOE	0,0
44130	Jorcas	2007	2	PP	1,0
44130	Jorcas	2011	1	PP	2,0
44130	Jorcas	2011	3	PAR	1,0
44130	Jorcas	2015	5	PAR	0,0
44130	Jorcas	2015	8	PP	1,0
44131	Josa	2007	1	PSOE	1,0
44131	Josa	2007	3	PAR	0,0
44131	Josa	2011	1	PP	0,0
44131	Josa	2011	2	PSOE	1,0
44131	Josa	2015	6	PSOE	1,0
44132	Lagueruela	2007	1	PSOE	1,0
44132	Lagueruela	2007	2	PP	0,0
44132	Lagueruela	2007	3	PAR	0,0
44132	Lagueruela	2011	1	PP	1,0
44132	Lagueruela	2011	2	PSOE	1,0
44132	Lagueruela	2011	3	PAR	1,0
44132	Lagueruela	2015	5	PAR	0,0
44132	Lagueruela	2015	6	PSOE	3,0
44133	Lanzuela	2007	1	PSOE	1,0
44133	Lanzuela	2007	2	PP	0,0
44133	Lanzuela	2007	3	PAR	0,0
44133	Lanzuela	2011	1	PP	0,0
44133	Lanzuela	2011	3	PAR	1,0
44133	Lanzuela	2011	4	CHA	0,0
44133	Lanzuela	2015	5	PAR	1,0
44133	Lanzuela	2015	8	PP	0,0
44135	Libros	2007	1	PSOE	0,0
44135	Libros	2007	2	PP	4,0
44135	Libros	2007	3	PAR	1,0
44135	Libros	2007	4	CHA	0,0
44135	Libros	2011	1	PP	4,0
44135	Libros	2011	2	PSOE	0,0
44135	Libros	2011	3	PAR	1,0
44135	Libros	2011	4	CHA	0,0
44135	Libros	2011	7	COMPROMISO CON ARAGON	0,0
44135	Libros	2015	5	PAR	0,0
44135	Libros	2015	6	PSOE	1,0
44135	Libros	2015	7	CHA	0,0
44135	Libros	2015	8	PP	4,0
44135	Libros	2015	12	COMPROMISO CON ARAGON	0,0
44136	Lidón	2007	1	PSOE	0,0
44136	Lidón	2007	2	PP	1,0
44136	Lidón	2011	1	PP	2,0
44136	Lidón	2011	2	PSOE	1,0
44136	Lidón	2015	6	PSOE	1,0
44136	Lidón	2015	8	PP	2,0
44137	Linares de Mora	2007	2	PP	3,0
44137	Linares de Mora	2007	3	PAR	4,0
44137	Linares de Mora	2011	1	PP	4,0
44137	Linares de Mora	2011	3	PAR	3,0
44137	Linares de Mora	2015	5	PAR	2,0
44137	Linares de Mora	2015	8	PP	5,0
44138	Loscos	2007	1	PSOE	0,0
44138	Loscos	2007	2	PP	0,0
44138	Loscos	2007	3	PAR	5,0
44138	Loscos	2007	4	CHA	0,0
44138	Loscos	2011	1	PP	1,0
44138	Loscos	2011	2	PSOE	0,0
44138	Loscos	2011	3	PAR	4,0
44138	Loscos	2015	5	PAR	3,0
44138	Loscos	2015	6	PSOE	1,0
44138	Loscos	2015	8	PP	1,0
44141	Lledó	2007	1	PSOE	2,0
44141	Lledó	2007	2	PP	0,0
44141	Lledó	2007	3	PAR	2,0
44141	Lledó	2007	4	CHA	1,0
44141	Lledó	2011	1	PP	1,0
44141	Lledó	2011	2	PSOE	4,0
44141	Lledó	2015	5	PAR	4,0
44141	Lledó	2015	8	PP	1,0
44141	Lledó	2015	26	CHA	0,0
44142	Maicas	2007	1	PSOE	1,0
44142	Maicas	2007	2	PP	0,0
44142	Maicas	2011	2	PSOE	3,0
44142	Maicas	2015	6	PSOE	1,0
44143	Manzanera	2007	1	PSOE	3,0
44143	Manzanera	2007	2	PP	1,0
44143	Manzanera	2007	3	PAR	3,0
44143	Manzanera	2007	4	CHA	0,0
44143	Manzanera	2011	1	PP	1,0
44143	Manzanera	2011	2	PSOE	3,0
44143	Manzanera	2011	3	PAR	3,0
44143	Manzanera	2015	5	PAR	2,0
44143	Manzanera	2015	6	PSOE	3,0
44143	Manzanera	2015	8	PP	2,0
44144	Martín del Río	2007	1	PSOE	4,0
44144	Martín del Río	2007	3	PAR	3,0
44144	Martín del Río	2011	2	PSOE	4,0
44144	Martín del Río	2011	3	PAR	2,0
44144	Martín del Río	2011	4	CHA	0,0
44144	Martín del Río	2011	7	COMPROMISO CON ARAGON	1,0
44144	Martín del Río	2015	5	PAR	1,0
44144	Martín del Río	2015	6	PSOE	5,0
44144	Martín del Río	2015	12	COMPROMISO CON ARAGON	1,0
44145	Mas de las Matas	2007	1	PSOE	3,0
44145	Mas de las Matas	2007	2	PP	5,0
44145	Mas de las Matas	2007	3	PAR	1,0
44145	Mas de las Matas	2007	4	CHA	0,0
44145	Mas de las Matas	2007	5	IU	0,0
44145	Mas de las Matas	2011	1	PP	4,0
44145	Mas de las Matas	2011	2	PSOE	3,0
44145	Mas de las Matas	2011	3	PAR	2,0
44145	Mas de las Matas	2011	4	CHA	0,0
44145	Mas de las Matas	2011	5	IU	0,0
44145	Mas de las Matas	2011	7	COMPROMISO CON ARAGON	0,0
44145	Mas de las Matas	2015	5	PAR	2,0
44145	Mas de las Matas	2015	6	PSOE	4,0
44145	Mas de las Matas	2015	8	PP	3,0
44145	Mas de las Matas	2015	39	G:IU-LV	0,0
44146	Mata de los Olmos (La)	2007	1	PSOE	4,0
44146	Mata de los Olmos (La)	2007	2	PP	2,0
44146	Mata de los Olmos (La)	2007	3	PAR	1,0
44146	Mata de los Olmos (La)	2011	1	PP	1,0
44146	Mata de los Olmos (La)	2011	2	PSOE	5,0
44146	Mata de los Olmos (La)	2011	3	PAR	1,0
44146	Mata de los Olmos (La)	2015	5	PAR	3,0
44146	Mata de los Olmos (La)	2015	6	PSOE	4,0
44147	Mazaleón	2007	1	PSOE	4,0
44147	Mazaleón	2007	2	PP	2,0
44147	Mazaleón	2007	3	PAR	1,0
44147	Mazaleón	2011	1	PP	3,0
44147	Mazaleón	2011	2	PSOE	3,0
44147	Mazaleón	2011	3	PAR	1,0
44147	Mazaleón	2015	5	PAR	1,0
44147	Mazaleón	2015	6	PSOE	3,0
44147	Mazaleón	2015	8	PP	3,0
44148	Mezquita de Jarque	2007	1	PSOE	3,0
44148	Mezquita de Jarque	2007	2	PP	0,0
44148	Mezquita de Jarque	2007	3	PAR	2,0
44148	Mezquita de Jarque	2007	4	CHA	0,0
44148	Mezquita de Jarque	2011	1	PP	1,0
44148	Mezquita de Jarque	2011	2	PSOE	3,0
44148	Mezquita de Jarque	2011	7	COMPROMISO CON ARAGON	1,0
44148	Mezquita de Jarque	2015	6	PSOE	3,0
44148	Mezquita de Jarque	2015	8	PP	0,0
44148	Mezquita de Jarque	2015	12	COMPROMISO CON ARAGON	2,0
44149	Mirambel	2007	1	PSOE	4,0
44149	Mirambel	2007	2	PP	0,0
44149	Mirambel	2007	3	PAR	1,0
44149	Mirambel	2007	4	CHA	0,0
44149	Mirambel	2011	1	PP	0,0
44149	Mirambel	2011	2	PSOE	4,0
44149	Mirambel	2011	3	PAR	1,0
44149	Mirambel	2015	5	PAR	1,0
44149	Mirambel	2015	6	PSOE	4,0
44149	Mirambel	2015	8	PP	0,0
44150	Miravete de la Sierra	2007	1	PSOE	0,0
44150	Miravete de la Sierra	2007	2	PP	1,0
44150	Miravete de la Sierra	2007	3	PAR	0,0
44150	Miravete de la Sierra	2011	1	PP	1,0
44150	Miravete de la Sierra	2011	2	PSOE	0,0
44150	Miravete de la Sierra	2011	3	PAR	0,0
44150	Miravete de la Sierra	2015	5	PAR	0,0
44150	Miravete de la Sierra	2015	8	PP	1,0
44151	Molinos	2007	1	PSOE	4,0
44151	Molinos	2007	2	PP	3,0
44151	Molinos	2007	3	PAR	0,0
44151	Molinos	2011	1	PP	4,0
44151	Molinos	2011	3	PAR	3,0
44151	Molinos	2015	5	PAR	3,0
44151	Molinos	2015	8	PP	4,0
44152	Monforte de Moyuela	2007	1	PSOE	1,0
44152	Monforte de Moyuela	2007	2	PP	0,0
44152	Monforte de Moyuela	2007	3	PAR	0,0
44152	Monforte de Moyuela	2011	1	PP	0,0
44152	Monforte de Moyuela	2011	2	PSOE	1,0
44152	Monforte de Moyuela	2011	3	PAR	2,0
44152	Monforte de Moyuela	2015	5	PAR	3,0
44153	Monreal del Campo	2007	1	PSOE	5,0
44153	Monreal del Campo	2007	2	PP	4,0
44153	Monreal del Campo	2007	3	PAR	2,0
44153	Monreal del Campo	2007	4	CHA	0,0
44153	Monreal del Campo	2011	1	PP	3,0
44153	Monreal del Campo	2011	2	PSOE	6,0
44153	Monreal del Campo	2011	3	PAR	2,0
44153	Monreal del Campo	2011	4	CHA	0,0
44153	Monreal del Campo	2011	7	COMPROMISO CON ARAGON	0,0
44153	Monreal del Campo	2015	5	PAR	1,0
44153	Monreal del Campo	2015	6	PSOE	5,0
44153	Monreal del Campo	2015	8	PP	5,0
44154	Monroyo	2007	1	PSOE	2,0
44154	Monroyo	2007	2	PP	2,0
44154	Monroyo	2007	3	PAR	3,0
44154	Monroyo	2011	1	PP	1,0
44154	Monroyo	2011	2	PSOE	4,0
44154	Monroyo	2011	3	PAR	2,0
44154	Monroyo	2015	5	PAR	2,0
44154	Monroyo	2015	6	PSOE	5,0
44154	Monroyo	2015	8	PP	0,0
44155	Montalbán	2007	1	PSOE	3,0
44155	Montalbán	2007	2	PP	1,0
44155	Montalbán	2007	3	PAR	2,0
44155	Montalbán	2007	4	CHA	1,0
44155	Montalbán	2007	5	IU	2,0
44155	Montalbán	2011	1	PP	1,0
44155	Montalbán	2011	2	PSOE	5,0
44155	Montalbán	2011	3	PAR	1,0
44155	Montalbán	2011	4	CHA	0,0
44155	Montalbán	2011	5	IU	1,0
44155	Montalbán	2011	7	COMPROMISO CON ARAGON	1,0
44155	Montalbán	2015	5	PAR	4,0
44155	Montalbán	2015	6	PSOE	3,0
44155	Montalbán	2015	7	CHA	0,0
44155	Montalbán	2015	8	PP	0,0
44155	Montalbán	2015	12	COMPROMISO CON ARAGON	1,0
44155	Montalbán	2015	75	G:IU-LV	1,0
44156	Monteagudo del Castillo	2007	1	PSOE	0,0
44156	Monteagudo del Castillo	2007	2	PP	1,0
44156	Monteagudo del Castillo	2011	1	PP	1,0
44156	Monteagudo del Castillo	2011	2	PSOE	0,0
44156	Monteagudo del Castillo	2011	3	PAR	0,0
44156	Monteagudo del Castillo	2015	5	PAR	0,0
44156	Monteagudo del Castillo	2015	8	PP	1,0
44157	Monterde de Albarracín	2007	1	PSOE	1,0
44157	Monterde de Albarracín	2007	2	PP	0,0
44157	Monterde de Albarracín	2007	3	PAR	0,0
44157	Monterde de Albarracín	2011	1	PP	0,0
44157	Monterde de Albarracín	2011	2	PSOE	2,0
44157	Monterde de Albarracín	2011	3	PAR	1,0
44157	Monterde de Albarracín	2011	4	CHA	0,0
44157	Monterde de Albarracín	2015	5	PAR	0,0
44157	Monterde de Albarracín	2015	6	PSOE	2,0
44157	Monterde de Albarracín	2015	7	CHA	1,0
44157	Monterde de Albarracín	2015	8	PP	0,0
44158	Mora de Rubielos	2007	1	PSOE	4,0
44158	Mora de Rubielos	2007	2	PP	1,0
44158	Mora de Rubielos	2007	3	PAR	1,0
44158	Mora de Rubielos	2007	8	PCUA	3,0
44158	Mora de Rubielos	2011	1	PP	2,0
44158	Mora de Rubielos	2011	2	PSOE	6,0
44158	Mora de Rubielos	2011	3	PAR	1,0
44158	Mora de Rubielos	2015	5	PAR	4,0
44158	Mora de Rubielos	2015	6	PSOE	4,0
44158	Mora de Rubielos	2015	8	PP	1,0
44159	Moscardón	2007	1	PSOE	0,0
44159	Moscardón	2007	2	PP	0,0
44159	Moscardón	2007	3	PAR	1,0
44159	Moscardón	2011	1	PP	0,0
44159	Moscardón	2011	3	PAR	1,0
44159	Moscardón	2015	5	PAR	1,0
44159	Moscardón	2015	8	PP	0,0
44160	Mosqueruela	2007	1	PSOE	0,0
44160	Mosqueruela	2007	2	PP	3,0
44160	Mosqueruela	2007	3	PAR	2,0
44160	Mosqueruela	2007	5	IU	2,0
44160	Mosqueruela	2011	1	PP	4,0
44160	Mosqueruela	2011	2	PSOE	0,0
44160	Mosqueruela	2011	3	PAR	2,0
44160	Mosqueruela	2011	5	IU	1,0
44160	Mosqueruela	2015	5	PAR	3,0
44160	Mosqueruela	2015	8	PP	4,0
44161	Muniesa	2007	1	PSOE	1,0
44161	Muniesa	2007	2	PP	3,0
44161	Muniesa	2007	3	PAR	3,0
44161	Muniesa	2007	4	CHA	0,0
44161	Muniesa	2011	1	PP	4,0
44161	Muniesa	2011	2	PSOE	1,0
44161	Muniesa	2011	3	PAR	2,0
44161	Muniesa	2011	4	CHA	0,0
44161	Muniesa	2015	5	PAR	1,0
44161	Muniesa	2015	6	PSOE	2,0
44161	Muniesa	2015	8	PP	3,0
44161	Muniesa	2015	12	COMPROMISO CON ARAGON	1,0
44163	Noguera de Albarracín	2007	1	PSOE	4,0
44163	Noguera de Albarracín	2007	2	PP	0,0
44163	Noguera de Albarracín	2007	3	PAR	0,0
44163	Noguera de Albarracín	2007	4	CHA	0,0
44163	Noguera de Albarracín	2007	5	IU	1,0
44163	Noguera de Albarracín	2011	1	PP	4,0
44163	Noguera de Albarracín	2011	2	PSOE	1,0
44163	Noguera de Albarracín	2011	3	PAR	0,0
44163	Noguera de Albarracín	2011	4	CHA	0,0
44163	Noguera de Albarracín	2011	5	IU	0,0
44163	Noguera de Albarracín	2015	5	PAR	1,0
44163	Noguera de Albarracín	2015	6	PSOE	1,0
44163	Noguera de Albarracín	2015	7	CHA	0,0
44163	Noguera de Albarracín	2015	8	PP	3,0
44164	Nogueras	2007	1	PSOE	0,0
44164	Nogueras	2007	2	PP	0,0
44164	Nogueras	2007	3	PAR	1,0
44164	Nogueras	2007	4	CHA	0,0
44164	Nogueras	2011	4	CHA	0,0
44164	Nogueras	2011	7	COMPROMISO CON ARAGON	1,0
44164	Nogueras	2015	5	PAR	1,0
44164	Nogueras	2015	7	CHA	0,0
44165	Nogueruelas	2007	1	PSOE	4,0
44165	Nogueruelas	2007	2	PP	0,0
44165	Nogueruelas	2007	3	PAR	0,0
44165	Nogueruelas	2007	4	CHA	0,0
44165	Nogueruelas	2007	5	IU	0,0
44165	Nogueruelas	2007	30	IPN	1,0
44165	Nogueruelas	2011	1	PP	0,0
44165	Nogueruelas	2011	2	PSOE	4,0
44165	Nogueruelas	2011	3	PAR	1,0
44165	Nogueruelas	2011	5	IU	0,0
44165	Nogueruelas	2015	5	PAR	2,0
44165	Nogueruelas	2015	6	PSOE	3,0
44165	Nogueruelas	2015	8	PP	0,0
44167	Obón	2007	1	PSOE	1,0
44167	Obón	2007	2	PP	0,0
44167	Obón	2007	3	PAR	0,0
44167	Obón	2007	4	CHA	0,0
44167	Obón	2011	1	PP	0,0
44167	Obón	2011	2	PSOE	1,0
44167	Obón	2011	8	FIA	0,0
44167	Obón	2015	5	PAR	2,0
44167	Obón	2015	6	PSOE	1,0
44167	Obón	2015	28	FIA	0,0
44168	Odón	2007	1	PSOE	0,0
44168	Odón	2007	2	PP	2,0
44168	Odón	2007	3	PAR	3,0
44168	Odón	2007	4	CHA	0,0
44168	Odón	2011	1	PP	4,0
44168	Odón	2011	2	PSOE	0,0
44168	Odón	2011	3	PAR	1,0
44168	Odón	2015	5	PAR	3,0
44168	Odón	2015	6	PSOE	1,0
44168	Odón	2015	8	PP	1,0
44169	Ojos Negros	2007	1	PSOE	4,0
44169	Ojos Negros	2007	2	PP	1,0
44169	Ojos Negros	2007	3	PAR	2,0
44169	Ojos Negros	2011	1	PP	1,0
44169	Ojos Negros	2011	2	PSOE	3,0
44169	Ojos Negros	2011	3	PAR	3,0
44169	Ojos Negros	2011	4	CHA	0,0
44169	Ojos Negros	2015	5	PAR	4,0
44169	Ojos Negros	2015	6	PSOE	3,0
44171	Olba	2007	1	PSOE	4,0
44171	Olba	2007	2	PP	0,0
44171	Olba	2007	3	PAR	1,0
44171	Olba	2007	4	CHA	0,0
44171	Olba	2007	5	IU	0,0
44171	Olba	2011	1	PP	0,0
44171	Olba	2011	2	PSOE	4,0
44171	Olba	2011	3	PAR	1,0
44171	Olba	2011	9	ECOLO	0,0
44171	Olba	2015	5	PAR	2,0
44171	Olba	2015	6	PSOE	4,0
44171	Olba	2015	8	PP	1,0
44172	Oliete	2007	1	PSOE	3,0
44172	Oliete	2007	2	PP	4,0
44172	Oliete	2007	4	CHA	0,0
44172	Oliete	2011	1	PP	3,0
44172	Oliete	2011	2	PSOE	4,0
44172	Oliete	2011	4	CHA	0,0
44172	Oliete	2015	5	PAR	3,0
44172	Oliete	2015	6	PSOE	4,0
44173	Olmos (Los)	2007	1	PSOE	1,0
44173	Olmos (Los)	2007	2	PP	1,0
44173	Olmos (Los)	2007	3	PAR	3,0
44173	Olmos (Los)	2007	4	CHA	0,0
44173	Olmos (Los)	2011	1	PP	1,0
44173	Olmos (Los)	2011	2	PSOE	0,0
44173	Olmos (Los)	2011	3	PAR	4,0
44173	Olmos (Los)	2015	5	PAR	4,0
44173	Olmos (Los)	2015	6	PSOE	0,0
44173	Olmos (Los)	2015	8	PP	1,0
44173	Olmos (Los)	2015	39	G:IU-LV	0,0
44174	Orihuela del Tremedal	2007	1	PSOE	1,0
44174	Orihuela del Tremedal	2007	2	PP	2,0
44174	Orihuela del Tremedal	2007	3	PAR	4,0
44174	Orihuela del Tremedal	2007	4	CHA	0,0
44174	Orihuela del Tremedal	2011	1	PP	3,0
44174	Orihuela del Tremedal	2011	2	PSOE	2,0
44174	Orihuela del Tremedal	2011	3	PAR	2,0
44174	Orihuela del Tremedal	2015	5	PAR	2,0
44174	Orihuela del Tremedal	2015	6	PSOE	2,0
44174	Orihuela del Tremedal	2015	7	CHA	0,0
44174	Orihuela del Tremedal	2015	8	PP	3,0
44175	Orrios	2007	2	PP	2,0
44175	Orrios	2007	3	PAR	3,0
44175	Orrios	2007	4	CHA	0,0
44175	Orrios	2011	1	PP	1,0
44175	Orrios	2011	2	PSOE	0,0
44175	Orrios	2011	3	PAR	0,0
44175	Orrios	2011	7	COMPROMISO CON ARAGON	4,0
44175	Orrios	2015	5	PAR	1,0
44175	Orrios	2015	6	PSOE	2,0
44175	Orrios	2015	8	PP	2,0
44176	Palomar de Arroyos	2007	1	PSOE	3,0
44176	Palomar de Arroyos	2007	2	PP	0,0
44176	Palomar de Arroyos	2007	3	PAR	2,0
44176	Palomar de Arroyos	2007	4	CHA	0,0
44176	Palomar de Arroyos	2011	1	PP	0,0
44176	Palomar de Arroyos	2011	2	PSOE	4,0
44176	Palomar de Arroyos	2011	3	PAR	1,0
44176	Palomar de Arroyos	2011	7	COMPROMISO CON ARAGON	0,0
44176	Palomar de Arroyos	2015	5	PAR	1,0
44176	Palomar de Arroyos	2015	6	PSOE	2,0
44176	Palomar de Arroyos	2015	8	PP	1,0
44176	Palomar de Arroyos	2015	12	COMPROMISO CON ARAGON	1,0
44177	Pancrudo	2007	1	PSOE	2,0
44177	Pancrudo	2007	2	PP	0,0
44177	Pancrudo	2007	3	PAR	2,0
44177	Pancrudo	2007	4	CHA	1,0
44177	Pancrudo	2011	1	PP	0,0
44177	Pancrudo	2011	2	PSOE	3,0
44177	Pancrudo	2011	3	PAR	1,0
44177	Pancrudo	2011	4	CHA	1,0
44177	Pancrudo	2015	5	PAR	2,0
44177	Pancrudo	2015	6	PSOE	2,0
44177	Pancrudo	2015	7	CHA	1,0
44177	Pancrudo	2015	8	PP	0,0
44178	Parras de Castellote (Las)	2007	1	PSOE	0,0
44178	Parras de Castellote (Las)	2007	2	PP	0,0
44178	Parras de Castellote (Las)	2007	3	PAR	1,0
44178	Parras de Castellote (Las)	2011	1	PP	1,0
44178	Parras de Castellote (Las)	2011	3	PAR	2,0
44178	Parras de Castellote (Las)	2015	5	PAR	3,0
44178	Parras de Castellote (Las)	2015	6	PSOE	0,0
44178	Parras de Castellote (Las)	2015	8	PP	0,0
44179	Peñarroya de Tastavins	2007	1	PSOE	2,0
44179	Peñarroya de Tastavins	2007	2	PP	1,0
44179	Peñarroya de Tastavins	2007	3	PAR	4,0
44179	Peñarroya de Tastavins	2011	1	PP	2,0
44179	Peñarroya de Tastavins	2011	2	PSOE	1,0
44179	Peñarroya de Tastavins	2011	3	PAR	4,0
44179	Peñarroya de Tastavins	2015	5	PAR	4,0
44179	Peñarroya de Tastavins	2015	6	PSOE	2,0
44179	Peñarroya de Tastavins	2015	8	PP	1,0
44180	Peracense	2007	1	PSOE	1,0
44180	Peracense	2007	2	PP	4,0
44180	Peracense	2007	3	PAR	0,0
44180	Peracense	2007	4	CHA	0,0
44180	Peracense	2011	1	PP	0,0
44180	Peracense	2011	3	PAR	1,0
44180	Peracense	2015	4	C's	0,0
44180	Peracense	2015	5	PAR	2,0
44180	Peracense	2015	6	PSOE	1,0
44181	Peralejos	2007	1	PSOE	0,0
44181	Peralejos	2007	2	PP	0,0
44181	Peralejos	2007	3	PAR	1,0
44181	Peralejos	2011	1	PP	2,0
44181	Peralejos	2011	2	PSOE	0,0
44181	Peralejos	2011	3	PAR	1,0
44181	Peralejos	2015	5	PAR	1,0
44181	Peralejos	2015	6	PSOE	0,0
44181	Peralejos	2015	8	PP	2,0
44182	Perales del Alfambra	2007	1	PSOE	4,0
44182	Perales del Alfambra	2007	2	PP	2,0
44182	Perales del Alfambra	2007	3	PAR	1,0
44182	Perales del Alfambra	2011	1	PP	2,0
44182	Perales del Alfambra	2011	2	PSOE	3,0
44182	Perales del Alfambra	2011	3	PAR	2,0
44182	Perales del Alfambra	2015	5	PAR	1,0
44182	Perales del Alfambra	2015	6	PSOE	4,0
44182	Perales del Alfambra	2015	8	PP	2,0
44183	Pitarque	2007	1	PSOE	2,0
44183	Pitarque	2007	2	PP	0,0
44183	Pitarque	2007	3	PAR	3,0
44183	Pitarque	2007	4	CHA	0,0
44183	Pitarque	2011	1	PP	0,0
44183	Pitarque	2011	2	PSOE	1,0
44183	Pitarque	2011	3	PAR	2,0
44183	Pitarque	2015	5	PAR	2,0
44183	Pitarque	2015	6	PSOE	0,0
44183	Pitarque	2015	8	PP	1,0
44184	Plou	2007	1	PSOE	0,0
44184	Plou	2007	2	PP	0,0
44184	Plou	2007	3	PAR	1,0
44184	Plou	2011	3	PAR	1,0
44184	Plou	2011	7	COMPROMISO CON ARAGON	2,0
44184	Plou	2015	5	PAR	1,0
44184	Plou	2015	6	PSOE	0,0
44184	Plou	2015	12	COMPROMISO CON ARAGON	2,0
44185	Pobo (El)	2007	1	PSOE	1,0
44185	Pobo (El)	2007	2	PP	4,0
44185	Pobo (El)	2007	3	PAR	0,0
44185	Pobo (El)	2011	1	PP	4,0
44185	Pobo (El)	2011	2	PSOE	1,0
44185	Pobo (El)	2011	3	PAR	0,0
44185	Pobo (El)	2011	4	CHA	0,0
44185	Pobo (El)	2015	5	PAR	0,0
44185	Pobo (El)	2015	6	PSOE	0,0
44185	Pobo (El)	2015	7	CHA	1,0
44185	Pobo (El)	2015	8	PP	4,0
44187	Portellada (La)	2007	1	PSOE	1,0
44187	Portellada (La)	2007	2	PP	3,0
44187	Portellada (La)	2007	3	PAR	3,0
44187	Portellada (La)	2011	2	PSOE	1,0
44187	Portellada (La)	2011	3	PAR	6,0
44187	Portellada (La)	2015	5	PAR	4,0
44187	Portellada (La)	2015	6	PSOE	0,0
44187	Portellada (La)	2015	8	PP	1,0
44187	Portellada (La)	2015	26	CHA	0,0
44189	Pozondón	2007	1	PSOE	0,0
44189	Pozondón	2007	2	PP	1,0
44189	Pozondón	2007	3	PAR	0,0
44189	Pozondón	2007	4	CHA	0,0
44189	Pozondón	2011	1	PP	1,0
44189	Pozondón	2011	2	PSOE	0,0
44189	Pozondón	2011	3	PAR	0,0
44189	Pozondón	2011	4	CHA	0,0
44189	Pozondón	2015	5	PAR	0,0
44189	Pozondón	2015	7	CHA	0,0
44189	Pozondón	2015	8	PP	1,0
44190	Pozuel del Campo	2007	1	PSOE	0,0
44190	Pozuel del Campo	2007	2	PP	0,0
44190	Pozuel del Campo	2007	3	PAR	5,0
44190	Pozuel del Campo	2007	4	CHA	0,0
44190	Pozuel del Campo	2011	1	PP	0,0
44190	Pozuel del Campo	2011	2	PSOE	0,0
44190	Pozuel del Campo	2011	3	PAR	2,0
44190	Pozuel del Campo	2011	7	COMPROMISO CON ARAGON	1,0
44190	Pozuel del Campo	2015	5	PAR	2,0
44190	Pozuel del Campo	2015	6	PSOE	1,0
44190	Pozuel del Campo	2015	8	PP	0,0
44191	Puebla de Híjar (La)	2007	1	PSOE	4,0
44191	Puebla de Híjar (La)	2007	2	PP	3,0
44191	Puebla de Híjar (La)	2007	3	PAR	0,0
44191	Puebla de Híjar (La)	2007	5	IU	2,0
44191	Puebla de Híjar (La)	2011	1	PP	1,0
44191	Puebla de Híjar (La)	2011	2	PSOE	2,0
44191	Puebla de Híjar (La)	2011	3	PAR	1,0
44191	Puebla de Híjar (La)	2011	5	IU	5,0
44191	Puebla de Híjar (La)	2015	5	PAR	0,0
44191	Puebla de Híjar (La)	2015	6	PSOE	1,0
44191	Puebla de Híjar (La)	2015	8	PP	1,0
44191	Puebla de Híjar (La)	2015	39	G:IU-LV	5,0
44192	Puebla de Valverde (La)	2007	1	PSOE	3,0
44192	Puebla de Valverde (La)	2007	2	PP	4,0
44192	Puebla de Valverde (La)	2007	3	PAR	0,0
44192	Puebla de Valverde (La)	2011	1	PP	5,0
44192	Puebla de Valverde (La)	2011	2	PSOE	1,0
44192	Puebla de Valverde (La)	2011	3	PAR	1,0
44192	Puebla de Valverde (La)	2015	5	PAR	1,0
44192	Puebla de Valverde (La)	2015	6	PSOE	2,0
44192	Puebla de Valverde (La)	2015	8	PP	4,0
44193	Puertomingalvo	2007	1	PSOE	4,0
44193	Puertomingalvo	2007	2	PP	1,0
44193	Puertomingalvo	2007	3	PAR	0,0
44193	Puertomingalvo	2007	4	CHA	0,0
44193	Puertomingalvo	2007	5	IU	0,0
44193	Puertomingalvo	2011	1	PP	0,0
44193	Puertomingalvo	2011	2	PSOE	4,0
44193	Puertomingalvo	2011	3	PAR	1,0
44193	Puertomingalvo	2011	4	CHA	0,0
44193	Puertomingalvo	2015	5	PAR	0,0
44193	Puertomingalvo	2015	6	PSOE	4,0
44193	Puertomingalvo	2015	8	PP	1,0
44194	Ráfales	2007	1	PSOE	0,0
44194	Ráfales	2007	3	PAR	5,0
44194	Ráfales	2011	1	PP	0,0
44194	Ráfales	2011	3	PAR	5,0
44194	Ráfales	2015	5	PAR	5,0
44194	Ráfales	2015	8	PP	0,0
44194	Ráfales	2015	26	CHA	0,0
44195	Rillo	2007	1	PSOE	0,0
44195	Rillo	2007	2	PP	5,0
44195	Rillo	2007	3	PAR	0,0
44195	Rillo	2007	4	CHA	0,0
44195	Rillo	2011	1	PP	4,0
44195	Rillo	2011	2	PSOE	0,0
44195	Rillo	2011	3	PAR	1,0
44195	Rillo	2015	5	PAR	3,0
44195	Rillo	2015	6	PSOE	1,0
44195	Rillo	2015	8	PP	1,0
44196	Riodeva	2007	1	PSOE	1,0
44196	Riodeva	2007	2	PP	0,0
44196	Riodeva	2007	3	PAR	4,0
44196	Riodeva	2007	4	CHA	0,0
44196	Riodeva	2011	1	PP	0,0
44196	Riodeva	2011	2	PSOE	1,0
44196	Riodeva	2011	3	PAR	4,0
44196	Riodeva	2011	4	CHA	0,0
44196	Riodeva	2015	5	PAR	4,0
44196	Riodeva	2015	6	PSOE	0,0
44196	Riodeva	2015	8	PP	1,0
44197	Ródenas	2007	1	PSOE	0,0
44197	Ródenas	2007	2	PP	1,0
44197	Ródenas	2011	1	PP	1,0
44197	Ródenas	2011	2	PSOE	2,0
44197	Ródenas	2011	3	PAR	0,0
44197	Ródenas	2015	5	PAR	0,0
44197	Ródenas	2015	6	PSOE	2,0
44197	Ródenas	2015	8	PP	1,0
44198	Royuela	2007	1	PSOE	0,0
44198	Royuela	2007	2	PP	4,0
44198	Royuela	2007	3	PAR	1,0
44198	Royuela	2007	4	CHA	0,0
44198	Royuela	2007	5	IU	0,0
44198	Royuela	2011	1	PP	2,0
44198	Royuela	2011	2	PSOE	0,0
44198	Royuela	2011	3	PAR	1,0
44198	Royuela	2011	7	COMPROMISO CON ARAGON	2,0
44198	Royuela	2015	5	PAR	3,0
44198	Royuela	2015	6	PSOE	0,0
44198	Royuela	2015	7	CHA	0,0
44198	Royuela	2015	8	PP	1,0
44198	Royuela	2015	12	COMPROMISO CON ARAGON	1,0
44199	Rubiales	2007	1	PSOE	0,0
44199	Rubiales	2007	2	PP	1,0
44199	Rubiales	2007	3	PAR	0,0
44199	Rubiales	2011	1	PP	2,0
44199	Rubiales	2011	2	PSOE	0,0
44199	Rubiales	2011	3	PAR	1,0
44199	Rubiales	2015	4	C's	0,0
44199	Rubiales	2015	5	PAR	1,0
44199	Rubiales	2015	8	PP	2,0
44200	Rubielos de la Cérida	2007	1	PSOE	0,0
44200	Rubielos de la Cérida	2007	2	PP	0,0
44200	Rubielos de la Cérida	2007	3	PAR	1,0
44200	Rubielos de la Cérida	2011	1	PP	0,0
44200	Rubielos de la Cérida	2011	2	PSOE	1,0
44200	Rubielos de la Cérida	2011	3	PAR	2,0
44200	Rubielos de la Cérida	2015	5	PAR	3,0
44201	Rubielos de Mora	2007	1	PSOE	5,0
44201	Rubielos de Mora	2007	3	PAR	2,0
44201	Rubielos de Mora	2011	1	PP	0,0
44201	Rubielos de Mora	2011	2	PSOE	4,0
44201	Rubielos de Mora	2011	3	PAR	3,0
44201	Rubielos de Mora	2015	5	PAR	2,0
44201	Rubielos de Mora	2015	6	PSOE	5,0
44201	Rubielos de Mora	2015	8	PP	0,0
44203	Salcedillo	2007	1	PSOE	0,0
44203	Salcedillo	2007	2	PP	1,0
44203	Salcedillo	2011	1	PP	1,0
44203	Salcedillo	2011	3	PAR	0,0
44203	Salcedillo	2015	8	PP	1,0
44204	Saldón	2007	1	PSOE	1,0
44204	Saldón	2007	2	PP	0,0
44204	Saldón	2011	1	PP	0,0
44204	Saldón	2011	2	PSOE	1,0
44204	Saldón	2015	5	PAR	0,0
44204	Saldón	2015	6	PSOE	1,0
44204	Saldón	2015	8	PP	0,0
44205	Samper de Calanda	2007	1	PSOE	6,0
44205	Samper de Calanda	2007	2	PP	2,0
44205	Samper de Calanda	2007	3	PAR	1,0
44205	Samper de Calanda	2011	1	PP	1,0
44205	Samper de Calanda	2011	2	PSOE	5,0
44205	Samper de Calanda	2011	3	PAR	1,0
44205	Samper de Calanda	2015	5	PAR	1,0
44205	Samper de Calanda	2015	6	PSOE	4,0
44205	Samper de Calanda	2015	8	PP	2,0
44206	San Agustín	2007	1	PSOE	4,0
44206	San Agustín	2007	2	PP	0,0
44206	San Agustín	2007	3	PAR	1,0
44206	San Agustín	2007	4	CHA	0,0
44206	San Agustín	2007	5	IU	0,0
44206	San Agustín	2011	1	PP	0,0
44206	San Agustín	2011	2	PSOE	4,0
44206	San Agustín	2011	3	PAR	1,0
44206	San Agustín	2011	5	IU	0,0
44206	San Agustín	2015	5	PAR	4,0
44206	San Agustín	2015	6	PSOE	1,0
44206	San Agustín	2015	8	PP	0,0
44206	San Agustín	2015	57	G:IU-LV	0,0
44207	San Martín del Río	2007	1	PSOE	5,0
44207	San Martín del Río	2007	2	PP	0,0
44207	San Martín del Río	2007	3	PAR	0,0
44207	San Martín del Río	2007	4	CHA	0,0
44207	San Martín del Río	2011	1	PP	0,0
44207	San Martín del Río	2011	2	PSOE	5,0
44207	San Martín del Río	2011	3	PAR	0,0
44207	San Martín del Río	2015	5	PAR	0,0
44207	San Martín del Río	2015	6	PSOE	5,0
44207	San Martín del Río	2015	7	CHA	0,0
44207	San Martín del Río	2015	8	PP	0,0
44208	Santa Cruz de Nogueras	2007	1	PSOE	0,0
44208	Santa Cruz de Nogueras	2007	2	PP	0,0
44208	Santa Cruz de Nogueras	2007	3	PAR	1,0
44208	Santa Cruz de Nogueras	2011	1	PP	0,0
44208	Santa Cruz de Nogueras	2011	3	PAR	1,0
44208	Santa Cruz de Nogueras	2015	5	PAR	1,0
44209	Santa Eulalia	2007	1	PSOE	5,0
44209	Santa Eulalia	2007	2	PP	3,0
44209	Santa Eulalia	2007	3	PAR	1,0
44209	Santa Eulalia	2007	4	CHA	0,0
44209	Santa Eulalia	2011	1	PP	3,0
44209	Santa Eulalia	2011	2	PSOE	4,0
44209	Santa Eulalia	2011	3	PAR	1,0
44209	Santa Eulalia	2011	5	IU	1,0
44209	Santa Eulalia	2011	7	COMPROMISO CON ARAGON	0,0
44209	Santa Eulalia	2015	5	PAR	1,0
44209	Santa Eulalia	2015	6	PSOE	4,0
44209	Santa Eulalia	2015	8	PP	4,0
44209	Santa Eulalia	2015	57	G:IU-LV	0,0
44210	Sarrión	2007	1	PSOE	2,0
44210	Sarrión	2007	2	PP	2,0
44210	Sarrión	2007	3	PAR	4,0
44210	Sarrión	2007	4	CHA	1,0
44210	Sarrión	2011	1	PP	2,0
44210	Sarrión	2011	2	PSOE	3,0
44210	Sarrión	2011	3	PAR	3,0
44210	Sarrión	2011	4	CHA	1,0
44210	Sarrión	2015	5	PAR	2,0
44210	Sarrión	2015	6	PSOE	4,0
44210	Sarrión	2015	7	CHA	2,0
44210	Sarrión	2015	8	PP	1,0
44211	Segura de los Baños	2007	1	PSOE	0,0
44211	Segura de los Baños	2007	2	PP	0,0
44211	Segura de los Baños	2007	3	PAR	1,0
44211	Segura de los Baños	2011	7	COMPROMISO CON ARAGON	3,0
44211	Segura de los Baños	2015	6	PSOE	0,0
44211	Segura de los Baños	2015	12	COMPROMISO CON ARAGON	1,0
44212	Seno	2007	1	PSOE	0,0
44212	Seno	2007	2	PP	0,0
44212	Seno	2007	3	PAR	1,0
44212	Seno	2011	1	PP	0,0
44212	Seno	2011	3	PAR	3,0
44212	Seno	2015	5	PAR	3,0
44212	Seno	2015	6	PSOE	0,0
44212	Seno	2015	8	PP	0,0
44213	Singra	2007	1	PSOE	1,0
44213	Singra	2007	2	PP	0,0
44213	Singra	2007	3	PAR	0,0
44213	Singra	2007	4	CHA	0,0
44213	Singra	2011	1	PP	1,0
44213	Singra	2011	2	PSOE	2,0
44213	Singra	2011	3	PAR	0,0
44213	Singra	2011	4	CHA	0,0
44213	Singra	2015	5	PAR	0,0
44213	Singra	2015	6	PSOE	2,0
44213	Singra	2015	8	PP	1,0
44215	Terriente	2007	1	PSOE	1,0
44215	Terriente	2007	2	PP	0,0
44215	Terriente	2007	3	PAR	4,0
44215	Terriente	2007	4	CHA	0,0
44215	Terriente	2007	5	IU	0,0
44215	Terriente	2011	1	PP	0,0
44215	Terriente	2011	2	PSOE	1,0
44215	Terriente	2011	3	PAR	4,0
44215	Terriente	2011	4	CHA	0,0
44215	Terriente	2015	5	PAR	4,0
44215	Terriente	2015	6	PSOE	0,0
44215	Terriente	2015	7	CHA	0,0
44215	Terriente	2015	8	PP	1,0
44216	Teruel	2007	1	PSOE	7,0
44216	Teruel	2007	2	PP	8,0
44216	Teruel	2007	3	PAR	4,0
44216	Teruel	2007	4	CHA	2,0
44216	Teruel	2007	5	IU	0,0
44216	Teruel	2007	8	PCUA	0,0
44216	Teruel	2007	38	FAMILIA Y V	0,0
44216	Teruel	2011	1	PP	12,0
44216	Teruel	2011	2	PSOE	5,0
44216	Teruel	2011	3	PAR	1,0
44216	Teruel	2011	4	CHA	2,0
44216	Teruel	2011	5	IU	1,0
44216	Teruel	2011	6	UPyD	0,0
44216	Teruel	2011	7	COMPROMISO CON ARAGON	0,0
44216	Teruel	2015	4	C's	2,0
44216	Teruel	2015	5	PAR	2,0
44216	Teruel	2015	6	PSOE	5,0
44216	Teruel	2015	7	CHA	1,0
44216	Teruel	2015	8	PP	8,0
44216	Teruel	2015	10	EB	0,0
44216	Teruel	2015	12	COMPROMISO CON ARAGON	0,0
44216	Teruel	2015	16	G:IU-LV	3,0
44216	Teruel	2015	28	FIA	0,0
44217	Toril y Masegoso	2007	1	PSOE	1,0
44217	Toril y Masegoso	2007	2	PP	0,0
44217	Toril y Masegoso	2011	1	PP	0,0
44217	Toril y Masegoso	2011	2	PSOE	1,0
44217	Toril y Masegoso	2011	3	PAR	0,0
44217	Toril y Masegoso	2011	4	CHA	0,0
44217	Toril y Masegoso	2015	6	PSOE	1,0
44217	Toril y Masegoso	2015	7	CHA	0,0
44217	Toril y Masegoso	2015	8	PP	0,0
44218	Tormón	2007	1	PSOE	0,0
44218	Tormón	2007	2	PP	0,0
44218	Tormón	2007	3	PAR	1,0
44218	Tormón	2011	1	PP	1,0
44218	Tormón	2011	2	PSOE	0,0
44218	Tormón	2011	3	PAR	0,0
44218	Tormón	2015	5	PAR	0,0
44218	Tormón	2015	8	PP	1,0
44219	Tornos	2007	1	PSOE	4,0
44219	Tornos	2007	2	PP	1,0
44219	Tornos	2007	3	PAR	0,0
44219	Tornos	2007	4	CHA	0,0
44219	Tornos	2011	1	PP	2,0
44219	Tornos	2011	2	PSOE	3,0
44219	Tornos	2011	3	PAR	0,0
44219	Tornos	2011	4	CHA	0,0
44219	Tornos	2015	5	PAR	0,0
44219	Tornos	2015	6	PSOE	5,0
44219	Tornos	2015	7	CHA	0,0
44220	Torralba de los Sisones	2007	1	PSOE	0,0
44220	Torralba de los Sisones	2007	2	PP	2,0
44220	Torralba de los Sisones	2007	3	PAR	3,0
44220	Torralba de los Sisones	2007	4	CHA	0,0
44220	Torralba de los Sisones	2011	1	PP	2,0
44220	Torralba de los Sisones	2011	2	PSOE	0,0
44220	Torralba de los Sisones	2011	3	PAR	3,0
44220	Torralba de los Sisones	2015	5	PAR	5,0
44220	Torralba de los Sisones	2015	6	PSOE	0,0
44221	Torrecilla de Alcañiz	2007	1	PSOE	4,0
44221	Torrecilla de Alcañiz	2007	2	PP	3,0
44221	Torrecilla de Alcañiz	2007	3	PAR	0,0
44221	Torrecilla de Alcañiz	2011	1	PP	3,0
44221	Torrecilla de Alcañiz	2011	2	PSOE	4,0
44221	Torrecilla de Alcañiz	2015	6	PSOE	4,0
44221	Torrecilla de Alcañiz	2015	8	PP	3,0
44222	Torrecilla del Rebollar	2007	1	PSOE	1,0
44222	Torrecilla del Rebollar	2007	2	PP	4,0
44222	Torrecilla del Rebollar	2007	3	PAR	0,0
44222	Torrecilla del Rebollar	2007	4	CHA	0,0
44222	Torrecilla del Rebollar	2011	1	PP	4,0
44222	Torrecilla del Rebollar	2011	2	PSOE	1,0
44222	Torrecilla del Rebollar	2011	3	PAR	0,0
44222	Torrecilla del Rebollar	2011	4	CHA	0,0
44222	Torrecilla del Rebollar	2015	5	PAR	0,0
44222	Torrecilla del Rebollar	2015	6	PSOE	2,0
44222	Torrecilla del Rebollar	2015	7	CHA	0,0
44222	Torrecilla del Rebollar	2015	8	PP	3,0
44223	Torre de Arcas	2007	1	PSOE	0,0
44223	Torre de Arcas	2007	2	PP	0,0
44223	Torre de Arcas	2007	3	PAR	1,0
44223	Torre de Arcas	2011	2	PSOE	0,0
44223	Torre de Arcas	2011	3	PAR	3,0
44223	Torre de Arcas	2015	5	PAR	2,0
44223	Torre de Arcas	2015	6	PSOE	1,0
44223	Torre de Arcas	2015	8	PP	0,0
44224	Torre de las Arcas	2007	1	PSOE	1,0
44224	Torre de las Arcas	2007	2	PP	0,0
44224	Torre de las Arcas	2011	2	PSOE	1,0
44224	Torre de las Arcas	2015	6	PSOE	1,0
44225	Torre del Compte	2007	1	PSOE	0,0
44225	Torre del Compte	2007	2	PP	4,0
44225	Torre del Compte	2007	3	PAR	1,0
44225	Torre del Compte	2007	4	CHA	0,0
44225	Torre del Compte	2011	1	PP	4,0
44225	Torre del Compte	2011	2	PSOE	0,0
44225	Torre del Compte	2011	4	CHA	1,0
44225	Torre del Compte	2015	6	PSOE	0,0
44225	Torre del Compte	2015	8	PP	4,0
44225	Torre del Compte	2015	26	CHA	1,0
44226	Torrelacárcel	2007	1	PSOE	4,0
44226	Torrelacárcel	2007	2	PP	0,0
44226	Torrelacárcel	2007	3	PAR	1,0
44226	Torrelacárcel	2007	4	CHA	0,0
44226	Torrelacárcel	2011	1	PP	0,0
44226	Torrelacárcel	2011	2	PSOE	4,0
44226	Torrelacárcel	2011	3	PAR	0,0
44226	Torrelacárcel	2011	4	CHA	0,0
44226	Torrelacárcel	2011	5	IU	1,0
44226	Torrelacárcel	2015	5	PAR	0,0
44226	Torrelacárcel	2015	6	PSOE	4,0
44226	Torrelacárcel	2015	7	CHA	0,0
44226	Torrelacárcel	2015	8	PP	1,0
44226	Torrelacárcel	2015	39	G:IU-LV	0,0
44227	Torre los Negros	2007	1	PSOE	2,0
44227	Torre los Negros	2007	2	PP	3,0
44227	Torre los Negros	2007	3	PAR	0,0
44227	Torre los Negros	2007	4	CHA	0,0
44227	Torre los Negros	2011	1	PP	4,0
44227	Torre los Negros	2011	2	PSOE	1,0
44227	Torre los Negros	2011	3	PAR	0,0
44227	Torre los Negros	2015	5	PAR	2,0
44227	Torre los Negros	2015	8	PP	1,0
44228	Torremocha de Jiloca	2007	2	PP	2,0
44228	Torremocha de Jiloca	2007	3	PAR	1,0
44228	Torremocha de Jiloca	2007	4	CHA	1,0
44228	Torremocha de Jiloca	2011	1	PP	4,0
44228	Torremocha de Jiloca	2011	2	PSOE	0,0
44228	Torremocha de Jiloca	2011	3	PAR	1,0
44228	Torremocha de Jiloca	2011	4	CHA	0,0
44228	Torremocha de Jiloca	2015	5	PAR	1,0
44228	Torremocha de Jiloca	2015	6	PSOE	0,0
44228	Torremocha de Jiloca	2015	7	CHA	0,0
44228	Torremocha de Jiloca	2015	8	PP	4,0
44229	Torres de Albarracín	2007	1	PSOE	1,0
44229	Torres de Albarracín	2007	2	PP	0,0
44229	Torres de Albarracín	2007	3	PAR	4,0
44229	Torres de Albarracín	2007	4	CHA	0,0
44229	Torres de Albarracín	2007	5	IU	0,0
44229	Torres de Albarracín	2011	1	PP	1,0
44229	Torres de Albarracín	2011	2	PSOE	0,0
44229	Torres de Albarracín	2011	3	PAR	4,0
44229	Torres de Albarracín	2011	4	CHA	0,0
44229	Torres de Albarracín	2011	5	IU	0,0
44229	Torres de Albarracín	2015	4	C's	2,0
44229	Torres de Albarracín	2015	5	PAR	3,0
44229	Torres de Albarracín	2015	6	PSOE	0,0
44229	Torres de Albarracín	2015	7	CHA	0,0
44229	Torres de Albarracín	2015	8	PP	0,0
44229	Torres de Albarracín	2015	57	G:IU-LV	0,0
44230	Torrevelilla	2007	1	PSOE	4,0
44230	Torrevelilla	2007	2	PP	1,0
44230	Torrevelilla	2007	3	PAR	0,0
44230	Torrevelilla	2007	4	CHA	0,0
44230	Torrevelilla	2011	1	PP	2,0
44230	Torrevelilla	2011	2	PSOE	3,0
44230	Torrevelilla	2011	3	PAR	0,0
44230	Torrevelilla	2015	5	PAR	1,0
44230	Torrevelilla	2015	6	PSOE	4,0
44230	Torrevelilla	2015	8	PP	0,0
44230	Torrevelilla	2015	26	CHA	0,0
44231	Torrijas	2007	1	PSOE	0,0
44231	Torrijas	2007	2	PP	0,0
44231	Torrijas	2007	3	PAR	1,0
44231	Torrijas	2011	1	PP	1,0
44231	Torrijas	2011	2	PSOE	0,0
44231	Torrijas	2011	3	PAR	2,0
44231	Torrijas	2011	5	IU	0,0
44231	Torrijas	2015	5	PAR	1,0
44231	Torrijas	2015	8	PP	2,0
44231	Torrijas	2015	57	G:IU-LV	0,0
44232	Torrijo del Campo	2007	1	PSOE	3,0
44232	Torrijo del Campo	2007	3	PAR	4,0
44232	Torrijo del Campo	2007	4	CHA	0,0
44232	Torrijo del Campo	2011	2	PSOE	2,0
44232	Torrijo del Campo	2011	3	PAR	5,0
44232	Torrijo del Campo	2015	5	PAR	4,0
44232	Torrijo del Campo	2015	6	PSOE	3,0
44234	Tramacastiel	2007	1	PSOE	1,0
44234	Tramacastiel	2007	2	PP	0,0
44234	Tramacastiel	2007	3	PAR	4,0
44234	Tramacastiel	2007	5	IU	0,0
44234	Tramacastiel	2011	1	PP	0,0
44234	Tramacastiel	2011	2	PSOE	1,0
44234	Tramacastiel	2011	3	PAR	2,0
44234	Tramacastiel	2015	5	PAR	2,0
44234	Tramacastiel	2015	6	PSOE	1,0
44234	Tramacastiel	2015	8	PP	0,0
44235	Tramacastilla	2007	1	PSOE	1,0
44235	Tramacastilla	2007	2	PP	3,0
44235	Tramacastilla	2007	3	PAR	1,0
44235	Tramacastilla	2007	4	CHA	0,0
44235	Tramacastilla	2007	5	IU	0,0
44235	Tramacastilla	2011	1	PP	4,0
44235	Tramacastilla	2011	2	PSOE	0,0
44235	Tramacastilla	2011	3	PAR	1,0
44235	Tramacastilla	2011	4	CHA	0,0
44235	Tramacastilla	2015	4	C's	1,0
44235	Tramacastilla	2015	5	PAR	0,0
44235	Tramacastilla	2015	6	PSOE	0,0
44235	Tramacastilla	2015	7	CHA	0,0
44235	Tramacastilla	2015	8	PP	4,0
44235	Tramacastilla	2015	12	COMPROMISO CON ARAGON	0,0
44236	Tronchón	2007	1	PSOE	1,0
44236	Tronchón	2007	2	PP	0,0
44236	Tronchón	2007	3	PAR	0,0
44236	Tronchón	2011	1	PP	2,0
44236	Tronchón	2011	2	PSOE	3,0
44236	Tronchón	2011	3	PAR	0,0
44236	Tronchón	2015	5	PAR	1,0
44236	Tronchón	2015	6	PSOE	1,0
44236	Tronchón	2015	8	PP	1,0
44237	Urrea de Gaén	2007	1	PSOE	4,0
44237	Urrea de Gaén	2007	2	PP	3,0
44237	Urrea de Gaén	2007	3	PAR	0,0
44237	Urrea de Gaén	2011	1	PP	3,0
44237	Urrea de Gaén	2011	2	PSOE	4,0
44237	Urrea de Gaén	2011	3	PAR	0,0
44237	Urrea de Gaén	2015	8	PP	7,0
44238	Utrillas	2007	1	PSOE	5,0
44238	Utrillas	2007	2	PP	0,0
44238	Utrillas	2007	3	PAR	5,0
44238	Utrillas	2007	4	CHA	0,0
44238	Utrillas	2007	5	IU	1,0
44238	Utrillas	2011	1	PP	1,0
44238	Utrillas	2011	2	PSOE	5,0
44238	Utrillas	2011	3	PAR	0,0
44238	Utrillas	2011	4	CHA	0,0
44238	Utrillas	2011	5	IU	0,0
44238	Utrillas	2011	7	COMPROMISO CON ARAGON	5,0
44238	Utrillas	2015	5	PAR	0,0
44238	Utrillas	2015	6	PSOE	5,0
44238	Utrillas	2015	7	CHA	0,0
44238	Utrillas	2015	8	PP	0,0
44238	Utrillas	2015	12	COMPROMISO CON ARAGON	6,0
44238	Utrillas	2015	74	G:IU-LV	0,0
44239	Valacloche	2007	1	PSOE	0,0
44239	Valacloche	2007	2	PP	0,0
44239	Valacloche	2007	3	PAR	1,0
44239	Valacloche	2011	1	PP	0,0
44239	Valacloche	2011	3	PAR	1,0
44239	Valacloche	2015	5	PAR	1,0
44239	Valacloche	2015	8	PP	0,0
44240	Valbona	2007	1	PSOE	1,0
44240	Valbona	2007	2	PP	4,0
44240	Valbona	2007	3	PAR	0,0
44240	Valbona	2007	4	CHA	0,0
44240	Valbona	2007	5	IU	0,0
44240	Valbona	2011	1	PP	4,0
44240	Valbona	2011	2	PSOE	1,0
44240	Valbona	2011	3	PAR	0,0
44240	Valbona	2015	5	PAR	0,0
44240	Valbona	2015	6	PSOE	1,0
44240	Valbona	2015	8	PP	4,0
44241	Valdealgorfa	2007	1	PSOE	5,0
44241	Valdealgorfa	2007	2	PP	1,0
44241	Valdealgorfa	2007	3	PAR	1,0
44241	Valdealgorfa	2011	1	PP	4,0
44241	Valdealgorfa	2011	2	PSOE	2,0
44241	Valdealgorfa	2011	3	PAR	1,0
44241	Valdealgorfa	2015	5	PAR	3,0
44241	Valdealgorfa	2015	8	PP	4,0
44243	Valdecuenca	2007	1	PSOE	0,0
44243	Valdecuenca	2007	2	PP	0,0
44243	Valdecuenca	2007	3	PAR	1,0
44243	Valdecuenca	2011	2	PSOE	0,0
44243	Valdecuenca	2011	3	PAR	1,0
44243	Valdecuenca	2015	8	PP	1,0
44244	Valdelinares	2007	1	PSOE	4,0
44244	Valdelinares	2007	2	PP	1,0
44244	Valdelinares	2007	3	PAR	0,0
44244	Valdelinares	2007	4	CHA	0,0
44244	Valdelinares	2007	5	IU	0,0
44244	Valdelinares	2011	1	PP	1,0
44244	Valdelinares	2011	2	PSOE	3,0
44244	Valdelinares	2011	3	PAR	1,0
44244	Valdelinares	2015	5	PAR	0,0
44244	Valdelinares	2015	6	PSOE	1,0
44244	Valdelinares	2015	8	PP	2,0
44245	Valdeltormo	2007	1	PSOE	2,0
44245	Valdeltormo	2007	3	PAR	5,0
44245	Valdeltormo	2011	1	PP	3,0
44245	Valdeltormo	2011	3	PAR	4,0
44245	Valdeltormo	2015	5	PAR	4,0
44245	Valdeltormo	2015	6	PSOE	0,0
44245	Valdeltormo	2015	8	PP	3,0
44246	Valderrobres	2007	1	PSOE	2,0
44246	Valderrobres	2007	2	PP	6,0
44246	Valderrobres	2007	3	PAR	2,0
44246	Valderrobres	2007	4	CHA	1,0
44246	Valderrobres	2007	5	IU	0,0
44246	Valderrobres	2011	1	PP	7,0
44246	Valderrobres	2011	2	PSOE	1,0
44246	Valderrobres	2011	3	PAR	2,0
44246	Valderrobres	2011	4	CHA	1,0
44246	Valderrobres	2015	5	PAR	1,0
44246	Valderrobres	2015	6	PSOE	1,0
44246	Valderrobres	2015	7	CHA	3,0
44246	Valderrobres	2015	8	PP	6,0
44247	Valjunquera	2007	1	PSOE	3,0
44247	Valjunquera	2007	2	PP	1,0
44247	Valjunquera	2007	3	PAR	3,0
44247	Valjunquera	2011	1	PP	1,0
44247	Valjunquera	2011	2	PSOE	2,0
44247	Valjunquera	2011	3	PAR	4,0
44247	Valjunquera	2015	5	PAR	2,0
44247	Valjunquera	2015	6	PSOE	4,0
44247	Valjunquera	2015	8	PP	1,0
44247	Valjunquera	2015	26	CHA	0,0
44249	Vallecillo (El)	2007	1	PSOE	1,0
44249	Vallecillo (El)	2007	2	PP	0,0
44249	Vallecillo (El)	2007	3	PAR	0,0
44249	Vallecillo (El)	2011	1	PP	1,0
44249	Vallecillo (El)	2011	2	PSOE	0,0
44249	Vallecillo (El)	2015	5	PAR	0,0
44249	Vallecillo (El)	2015	7	CHA	0,0
44249	Vallecillo (El)	2015	8	PP	1,0
44250	Veguillas de la Sierra	2007	1	PSOE	0,0
44250	Veguillas de la Sierra	2007	2	PP	0,0
44250	Veguillas de la Sierra	2007	3	PAR	1,0
44250	Veguillas de la Sierra	2011	1	PP	0,0
44250	Veguillas de la Sierra	2011	2	PSOE	0,0
44250	Veguillas de la Sierra	2011	3	PAR	1,0
44250	Veguillas de la Sierra	2015	5	PAR	0,0
44250	Veguillas de la Sierra	2015	8	PP	1,0
44251	Villafranca del Campo	2007	1	PSOE	1,0
44251	Villafranca del Campo	2007	2	PP	4,0
44251	Villafranca del Campo	2007	3	PAR	2,0
44251	Villafranca del Campo	2011	1	PP	4,0
44251	Villafranca del Campo	2011	2	PSOE	2,0
44251	Villafranca del Campo	2011	3	PAR	1,0
44251	Villafranca del Campo	2015	5	PAR	3,0
44251	Villafranca del Campo	2015	6	PSOE	1,0
44251	Villafranca del Campo	2015	8	PP	3,0
44252	Villahermosa del Campo	2007	1	PSOE	0,0
44252	Villahermosa del Campo	2007	2	PP	0,0
44252	Villahermosa del Campo	2007	3	PAR	1,0
44252	Villahermosa del Campo	2007	4	CHA	0,0
44252	Villahermosa del Campo	2011	1	PP	0,0
44252	Villahermosa del Campo	2011	2	PSOE	0,0
44252	Villahermosa del Campo	2011	3	PAR	3,0
44252	Villahermosa del Campo	2015	5	PAR	4,0
44252	Villahermosa del Campo	2015	6	PSOE	1,0
44256	Villanueva del Rebollar de la Sierra	2007	1	PSOE	0,0
44256	Villanueva del Rebollar de la Sierra	2007	2	PP	0,0
44256	Villanueva del Rebollar de la Sierra	2007	3	PAR	1,0
44256	Villanueva del Rebollar de la Sierra	2011	1	PP	0,0
44256	Villanueva del Rebollar de la Sierra	2011	7	COMPROMISO CON ARAGON	3,0
44256	Villanueva del Rebollar de la Sierra	2015	5	PAR	3,0
44256	Villanueva del Rebollar de la Sierra	2015	6	PSOE	0,0
44257	Villar del Cobo	2007	1	PSOE	3,0
44257	Villar del Cobo	2007	2	PP	1,0
44257	Villar del Cobo	2007	3	PAR	1,0
44257	Villar del Cobo	2007	4	CHA	0,0
44257	Villar del Cobo	2007	5	IU	0,0
44257	Villar del Cobo	2011	1	PP	1,0
44257	Villar del Cobo	2011	2	PSOE	4,0
44257	Villar del Cobo	2011	3	PAR	0,0
44257	Villar del Cobo	2011	4	CHA	0,0
44257	Villar del Cobo	2015	5	PAR	2,0
44257	Villar del Cobo	2015	6	PSOE	1,0
44257	Villar del Cobo	2015	7	CHA	0,0
44257	Villar del Cobo	2015	8	PP	2,0
44258	Villar del Salz	2007	1	PSOE	0,0
44258	Villar del Salz	2007	2	PP	1,0
44258	Villar del Salz	2007	3	PAR	0,0
44258	Villar del Salz	2007	4	CHA	0,0
44258	Villar del Salz	2011	1	PP	2,0
44258	Villar del Salz	2011	2	PSOE	0,0
44258	Villar del Salz	2011	3	PAR	1,0
44258	Villar del Salz	2015	5	PAR	1,0
44258	Villar del Salz	2015	6	PSOE	0,0
44258	Villar del Salz	2015	8	PP	2,0
44260	Villarluengo	2007	1	PSOE	0,0
44260	Villarluengo	2007	2	PP	5,0
44260	Villarluengo	2007	3	PAR	0,0
44260	Villarluengo	2007	4	CHA	0,0
44260	Villarluengo	2007	5	IU	0,0
44260	Villarluengo	2011	1	PP	4,0
44260	Villarluengo	2011	2	PSOE	1,0
44260	Villarluengo	2011	3	PAR	0,0
44260	Villarluengo	2011	4	CHA	0,0
44260	Villarluengo	2015	5	PAR	1,0
44260	Villarluengo	2015	6	PSOE	1,0
44260	Villarluengo	2015	8	PP	3,0
44261	Villarquemado	2007	1	PSOE	4,0
44261	Villarquemado	2007	2	PP	1,0
44261	Villarquemado	2007	4	CHA	2,0
44261	Villarquemado	2011	1	PP	3,0
44261	Villarquemado	2011	2	PSOE	4,0
44261	Villarquemado	2011	3	PAR	0,0
44261	Villarquemado	2015	6	PSOE	4,0
44261	Villarquemado	2015	8	PP	3,0
44262	Villarroya de los Pinares	2007	1	PSOE	0,0
44262	Villarroya de los Pinares	2007	2	PP	4,0
44262	Villarroya de los Pinares	2007	3	PAR	1,0
44262	Villarroya de los Pinares	2007	4	CHA	0,0
44262	Villarroya de los Pinares	2007	5	IU	0,0
44262	Villarroya de los Pinares	2011	1	PP	1,0
44262	Villarroya de los Pinares	2011	2	PSOE	0,0
44262	Villarroya de los Pinares	2011	3	PAR	4,0
44262	Villarroya de los Pinares	2011	4	CHA	0,0
44262	Villarroya de los Pinares	2015	4	C's	1,0
44262	Villarroya de los Pinares	2015	5	PAR	4,0
44262	Villarroya de los Pinares	2015	6	PSOE	0,0
44262	Villarroya de los Pinares	2015	8	PP	0,0
44263	Villastar	2007	1	PSOE	2,0
44263	Villastar	2007	2	PP	0,0
44263	Villastar	2007	3	PAR	3,0
44263	Villastar	2007	4	CHA	2,0
44263	Villastar	2011	1	PP	2,0
44263	Villastar	2011	2	PSOE	2,0
44263	Villastar	2011	3	PAR	1,0
44263	Villastar	2011	4	CHA	2,0
44263	Villastar	2011	7	COMPROMISO CON ARAGON	0,0
44263	Villastar	2015	5	PAR	0,0
44263	Villastar	2015	6	PSOE	2,0
44263	Villastar	2015	7	CHA	3,0
44263	Villastar	2015	8	PP	2,0
44264	Villel	2007	1	PSOE	2,0
44264	Villel	2007	2	PP	1,0
44264	Villel	2007	3	PAR	4,0
44264	Villel	2011	1	PP	3,0
44264	Villel	2011	2	PSOE	2,0
44264	Villel	2011	3	PAR	2,0
44264	Villel	2015	4	C's	1,0
44264	Villel	2015	5	PAR	3,0
44264	Villel	2015	6	PSOE	2,0
44264	Villel	2015	8	PP	1,0
44265	Vinaceite	2007	1	PSOE	1,0
44265	Vinaceite	2007	2	PP	4,0
44265	Vinaceite	2007	3	PAR	0,0
44265	Vinaceite	2007	4	CHA	0,0
44265	Vinaceite	2011	1	PP	4,0
44265	Vinaceite	2011	2	PSOE	1,0
44265	Vinaceite	2011	3	PAR	1,0
44265	Vinaceite	2011	8	FIA	1,0
44265	Vinaceite	2015	4	C's	2,0
44265	Vinaceite	2015	5	PAR	1,0
44265	Vinaceite	2015	6	PSOE	0,0
44265	Vinaceite	2015	8	PP	4,0
44266	Visiedo	2007	1	PSOE	0,0
44266	Visiedo	2007	2	PP	1,0
44266	Visiedo	2007	3	PAR	3,0
44266	Visiedo	2007	4	CHA	1,0
44266	Visiedo	2011	1	PP	4,0
44266	Visiedo	2011	2	PSOE	0,0
44266	Visiedo	2011	3	PAR	1,0
44266	Visiedo	2011	4	CHA	0,0
44266	Visiedo	2015	5	PAR	1,0
44266	Visiedo	2015	6	PSOE	2,0
44266	Visiedo	2015	8	PP	2,0
44267	Vivel del Río Martín	2007	1	PSOE	0,0
44267	Vivel del Río Martín	2007	2	PP	0,0
44267	Vivel del Río Martín	2007	3	PAR	1,0
44267	Vivel del Río Martín	2007	4	CHA	0,0
44267	Vivel del Río Martín	2011	1	PP	2,0
44267	Vivel del Río Martín	2011	2	PSOE	0,0
44267	Vivel del Río Martín	2011	3	PAR	1,0
44267	Vivel del Río Martín	2011	4	CHA	0,0
44267	Vivel del Río Martín	2011	7	COMPROMISO CON ARAGON	0,0
44267	Vivel del Río Martín	2015	5	PAR	0,0
44267	Vivel del Río Martín	2015	6	PSOE	1,0
44267	Vivel del Río Martín	2015	8	PP	2,0
44267	Vivel del Río Martín	2015	12	COMPROMISO CON ARAGON	0,0
44268	Zoma (La)	2007	1	PSOE	1,0
44268	Zoma (La)	2007	2	PP	0,0
44268	Zoma (La)	2007	3	PAR	0,0
44268	Zoma (La)	2011	1	PP	0,0
44268	Zoma (La)	2011	2	PSOE	1,0
44268	Zoma (La)	2011	3	PAR	0,0
44268	Zoma (La)	2015	6	PSOE	1,0
44268	Zoma (La)	2015	8	PP	0,0
50001	Abanto	2007	1	PSOE	1,0
50001	Abanto	2007	2	PP	4,0
50001	Abanto	2007	3	PAR	0,0
50001	Abanto	2007	4	CHA	0,0
50001	Abanto	2007	5	IU	0,0
50001	Abanto	2011	1	PP	4,0
50001	Abanto	2011	2	PSOE	1,0
50001	Abanto	2011	3	PAR	0,0
50001	Abanto	2015	1	PP	5,0
50001	Abanto	2015	2	PSOE	0,0
50002	Acered	2007	1	PSOE	2,0
50002	Acered	2007	2	PP	1,0
50002	Acered	2007	3	PAR	2,0
50002	Acered	2007	4	CHA	0,0
50002	Acered	2007	5	IU	0,0
50002	Acered	2011	1	PP	0,0
50002	Acered	2011	2	PSOE	1,0
50002	Acered	2011	3	PAR	4,0
50002	Acered	2015	1	PP	0,0
50002	Acered	2015	2	PSOE	1,0
50002	Acered	2015	5	PAR	4,0
50002	Acered	2015	7	CHA	0,0
50003	Agón	2007	1	PSOE	4,0
50003	Agón	2007	2	PP	0,0
50003	Agón	2007	3	PAR	0,0
50003	Agón	2007	4	CHA	1,0
50003	Agón	2011	1	PP	0,0
50003	Agón	2011	2	PSOE	4,0
50003	Agón	2011	3	PAR	1,0
50003	Agón	2011	4	CHA	0,0
50003	Agón	2015	1	PP	0,0
50003	Agón	2015	2	PSOE	4,0
50003	Agón	2015	5	PAR	1,0
50003	Agón	2015	7	CHA	0,0
50004	Aguarón	2007	1	PSOE	5,0
50004	Aguarón	2007	2	PP	1,0
50004	Aguarón	2007	3	PAR	0,0
50004	Aguarón	2007	4	CHA	1,0
50004	Aguarón	2011	1	PP	1,0
50004	Aguarón	2011	2	PSOE	5,0
50004	Aguarón	2011	3	PAR	0,0
50004	Aguarón	2011	4	CHA	1,0
50004	Aguarón	2015	1	PP	2,0
50004	Aguarón	2015	2	PSOE	4,0
50004	Aguarón	2015	7	CHA	1,0
50005	Aguilón	2007	1	PSOE	0,0
50005	Aguilón	2007	2	PP	4,0
50005	Aguilón	2007	3	PAR	3,0
50005	Aguilón	2011	1	PP	4,0
50005	Aguilón	2011	2	PSOE	0,0
50005	Aguilón	2011	3	PAR	1,0
50005	Aguilón	2011	4	CHA	0,0
50005	Aguilón	2015	6	PSOE	3,0
50005	Aguilón	2015	8	PP	4,0
50006	Ainzón	2007	1	PSOE	6,0
50006	Ainzón	2007	2	PP	3,0
50006	Ainzón	2007	3	PAR	0,0
50006	Ainzón	2011	1	PP	4,0
50006	Ainzón	2011	2	PSOE	5,0
50006	Ainzón	2015	1	PP	4,0
50006	Ainzón	2015	2	PSOE	5,0
50007	Aladrén	2007	1	PSOE	0,0
50007	Aladrén	2007	2	PP	0,0
50007	Aladrén	2007	3	PAR	1,0
50007	Aladrén	2007	4	CHA	0,0
50007	Aladrén	2011	1	PP	0,0
50007	Aladrén	2011	2	PSOE	0,0
50007	Aladrén	2011	3	PAR	1,0
50007	Aladrén	2015	1	PP	0,0
50007	Aladrén	2015	2	PSOE	0,0
50007	Aladrén	2015	88	JUNTOS POR ALADRÉN	1,0
50008	Alagón	2007	1	PSOE	7,0
50008	Alagón	2007	2	PP	1,0
50008	Alagón	2007	3	PAR	4,0
50008	Alagón	2007	4	CHA	0,0
50008	Alagón	2007	5	IU	1,0
50008	Alagón	2011	1	PP	1,0
50008	Alagón	2011	2	PSOE	6,0
50008	Alagón	2011	3	PAR	4,0
50008	Alagón	2011	4	CHA	1,0
50008	Alagón	2011	5	IU	1,0
50008	Alagón	2015	1	PP	1,0
50008	Alagón	2015	2	PSOE	5,0
50008	Alagón	2015	5	PAR	3,0
50008	Alagón	2015	7	CHA	1,0
50008	Alagón	2015	13	ARAGONSIPUEDE	1,0
50008	Alagón	2015	41	CCA-ZGZ	2,0
50009	Alarba	2007	1	PSOE	4,0
50009	Alarba	2007	2	PP	0,0
50009	Alarba	2007	3	PAR	1,0
50009	Alarba	2007	4	CHA	0,0
50009	Alarba	2011	1	PP	1,0
50009	Alarba	2011	2	PSOE	4,0
50009	Alarba	2011	3	PAR	0,0
50009	Alarba	2015	1	PP	2,0
50009	Alarba	2015	2	PSOE	3,0
50009	Alarba	2015	5	PAR	0,0
50010	Alberite de San Juan	2007	1	PSOE	0,0
50010	Alberite de San Juan	2007	2	PP	0,0
50010	Alberite de San Juan	2007	3	PAR	5,0
50010	Alberite de San Juan	2007	4	CHA	0,0
50010	Alberite de San Juan	2011	1	PP	0,0
50010	Alberite de San Juan	2011	2	PSOE	0,0
50010	Alberite de San Juan	2011	3	PAR	5,0
50010	Alberite de San Juan	2015	1	PP	0,0
50010	Alberite de San Juan	2015	2	PSOE	0,0
50010	Alberite de San Juan	2015	5	PAR	3,0
50011	Albeta	2007	1	PSOE	5,0
50011	Albeta	2007	2	PP	0,0
50011	Albeta	2007	4	CHA	0,0
50011	Albeta	2011	1	PP	0,0
50011	Albeta	2011	2	PSOE	5,0
50011	Albeta	2015	1	PP	0,0
50011	Albeta	2015	2	PSOE	5,0
50011	Albeta	2015	7	CHA	0,0
50012	Alborge	2007	1	PSOE	5,0
50012	Alborge	2007	2	PP	0,0
50012	Alborge	2007	3	PAR	0,0
50012	Alborge	2007	4	CHA	0,0
50012	Alborge	2007	5	IU	0,0
50012	Alborge	2011	1	PP	0,0
50012	Alborge	2011	2	PSOE	5,0
50012	Alborge	2011	3	PAR	0,0
50012	Alborge	2011	4	CHA	0,0
50012	Alborge	2011	5	IU	0,0
50012	Alborge	2015	1	PP	0,0
50012	Alborge	2015	2	PSOE	4,0
50012	Alborge	2015	5	PAR	0,0
50012	Alborge	2015	7	CHA	1,0
50013	Alcalá de Ebro	2007	1	PSOE	4,0
50013	Alcalá de Ebro	2007	2	PP	3,0
50013	Alcalá de Ebro	2007	3	PAR	0,0
50013	Alcalá de Ebro	2011	1	PP	2,0
50013	Alcalá de Ebro	2011	2	PSOE	4,0
50013	Alcalá de Ebro	2011	3	PAR	1,0
50013	Alcalá de Ebro	2015	1	PP	1,0
50013	Alcalá de Ebro	2015	2	PSOE	5,0
50013	Alcalá de Ebro	2015	5	PAR	1,0
50014	Alcalá de Moncayo	2007	1	PSOE	0,0
50014	Alcalá de Moncayo	2007	2	PP	1,0
50014	Alcalá de Moncayo	2007	3	PAR	4,0
50014	Alcalá de Moncayo	2007	4	CHA	0,0
50014	Alcalá de Moncayo	2011	1	PP	1,0
50014	Alcalá de Moncayo	2011	2	PSOE	0,0
50014	Alcalá de Moncayo	2011	3	PAR	4,0
50014	Alcalá de Moncayo	2011	4	CHA	0,0
50014	Alcalá de Moncayo	2011	5	IU	0,0
50014	Alcalá de Moncayo	2015	1	PP	1,0
50014	Alcalá de Moncayo	2015	2	PSOE	0,0
50014	Alcalá de Moncayo	2015	5	PAR	4,0
50015	Alconchel de Ariza	2007	1	PSOE	4,0
50015	Alconchel de Ariza	2007	2	PP	0,0
50015	Alconchel de Ariza	2007	3	PAR	1,0
50015	Alconchel de Ariza	2007	4	CHA	0,0
50015	Alconchel de Ariza	2007	5	IU	0,0
50015	Alconchel de Ariza	2011	1	PP	0,0
50015	Alconchel de Ariza	2011	2	PSOE	3,0
50015	Alconchel de Ariza	2011	3	PAR	0,0
50015	Alconchel de Ariza	2015	1	PP	0,0
50015	Alconchel de Ariza	2015	2	PSOE	3,0
50015	Alconchel de Ariza	2015	5	PAR	0,0
50016	Aldehuela de Liestos	2007	1	PSOE	0,0
50016	Aldehuela de Liestos	2007	2	PP	0,0
50016	Aldehuela de Liestos	2007	3	PAR	1,0
50016	Aldehuela de Liestos	2011	1	PP	0,0
50016	Aldehuela de Liestos	2011	2	PSOE	0,0
50016	Aldehuela de Liestos	2011	3	PAR	1,0
50016	Aldehuela de Liestos	2015	1	PP	0,0
50016	Aldehuela de Liestos	2015	2	PSOE	1,0
50017	Alfajarín	2007	1	PSOE	3,0
50017	Alfajarín	2007	2	PP	1,0
50017	Alfajarín	2007	3	PAR	5,0
50017	Alfajarín	2007	4	CHA	0,0
50017	Alfajarín	2007	5	IU	0,0
50017	Alfajarín	2011	1	PP	2,0
50017	Alfajarín	2011	2	PSOE	2,0
50017	Alfajarín	2011	3	PAR	4,0
50017	Alfajarín	2011	4	CHA	3,0
50017	Alfajarín	2015	1	PP	2,0
50017	Alfajarín	2015	2	PSOE	2,0
50017	Alfajarín	2015	5	PAR	5,0
50017	Alfajarín	2015	61	GA-ZGZ	2,0
50017	Alfajarín	2015	84	A.E.L.H.A.	0,0
50018	Alfamén	2007	1	PSOE	5,0
50018	Alfamén	2007	2	PP	0,0
50018	Alfamén	2007	3	PAR	4,0
50018	Alfamén	2011	1	PP	1,0
50018	Alfamén	2011	2	PSOE	4,0
50018	Alfamén	2011	3	PAR	4,0
50018	Alfamén	2011	4	CHA	0,0
50018	Alfamén	2015	1	PP	0,0
50018	Alfamén	2015	2	PSOE	4,0
50018	Alfamén	2015	5	PAR	5,0
50018	Alfamén	2015	7	CHA	0,0
50019	Alforque	2007	1	PSOE	1,0
50019	Alforque	2007	2	PP	0,0
50019	Alforque	2007	3	PAR	0,0
50019	Alforque	2011	1	PP	0,0
50019	Alforque	2011	2	PSOE	3,0
50019	Alforque	2011	3	PAR	0,0
50019	Alforque	2011	4	CHA	0,0
50019	Alforque	2011	5	IU	0,0
50019	Alforque	2015	1	PP	1,0
50019	Alforque	2015	2	PSOE	2,0
50019	Alforque	2015	5	PAR	0,0
50019	Alforque	2015	7	CHA	0,0
50020	Alhama de Aragón	2007	1	PSOE	1,0
50020	Alhama de Aragón	2007	2	PP	1,0
50020	Alhama de Aragón	2007	3	PAR	4,0
50020	Alhama de Aragón	2007	4	CHA	3,0
50020	Alhama de Aragón	2011	1	PP	1,0
50020	Alhama de Aragón	2011	2	PSOE	2,0
50020	Alhama de Aragón	2011	3	PAR	2,0
50020	Alhama de Aragón	2011	4	CHA	4,0
50020	Alhama de Aragón	2015	5	PAR	4,0
50020	Alhama de Aragón	2015	6	PSOE	1,0
50020	Alhama de Aragón	2015	7	CHA	3,0
50020	Alhama de Aragón	2015	8	PP	1,0
50021	Almochuel	2007	1	PSOE	0,0
50021	Almochuel	2007	2	PP	0,0
50021	Almochuel	2007	3	PAR	1,0
50021	Almochuel	2007	4	CHA	0,0
50021	Almochuel	2011	1	PP	0,0
50021	Almochuel	2011	2	PSOE	0,0
50021	Almochuel	2011	3	PAR	1,0
50021	Almochuel	2015	2	PSOE	0,0
50021	Almochuel	2015	5	PAR	1,0
50021	Almochuel	2015	17	IU-ZGZ	0,0
50022	Almolda (La)	2007	1	PSOE	3,0
50022	Almolda (La)	2007	2	PP	1,0
50022	Almolda (La)	2007	3	PAR	2,0
50022	Almolda (La)	2007	33	A AL	1,0
50022	Almolda (La)	2011	1	PP	1,0
50022	Almolda (La)	2011	2	PSOE	2,0
50022	Almolda (La)	2011	3	PAR	3,0
50022	Almolda (La)	2011	8	FIA	1,0
50022	Almolda (La)	2015	1	PP	1,0
50022	Almolda (La)	2015	2	PSOE	3,0
50022	Almolda (La)	2015	5	PAR	3,0
50023	Almonacid de la Cuba	2007	1	PSOE	2,0
50023	Almonacid de la Cuba	2007	2	PP	0,0
50023	Almonacid de la Cuba	2007	3	PAR	5,0
50023	Almonacid de la Cuba	2011	1	PP	0,0
50023	Almonacid de la Cuba	2011	2	PSOE	2,0
50023	Almonacid de la Cuba	2011	3	PAR	5,0
50023	Almonacid de la Cuba	2015	1	PP	0,0
50023	Almonacid de la Cuba	2015	2	PSOE	0,0
50023	Almonacid de la Cuba	2015	5	PAR	5,0
50023	Almonacid de la Cuba	2015	7	CHA	0,0
50023	Almonacid de la Cuba	2015	30	BAR	0,0
50024	Almonacid de la Sierra	2007	1	PSOE	7,0
50024	Almonacid de la Sierra	2007	2	PP	0,0
50024	Almonacid de la Sierra	2007	3	PAR	0,0
50024	Almonacid de la Sierra	2007	4	CHA	0,0
50024	Almonacid de la Sierra	2011	1	PP	0,0
50024	Almonacid de la Sierra	2011	2	PSOE	7,0
50024	Almonacid de la Sierra	2015	1	PP	0,0
50024	Almonacid de la Sierra	2015	2	PSOE	7,0
50025	Almunia de Doña Godina (La)	2007	1	PSOE	5,0
50025	Almunia de Doña Godina (La)	2007	2	PP	5,0
50025	Almunia de Doña Godina (La)	2007	3	PAR	1,0
50025	Almunia de Doña Godina (La)	2007	4	CHA	2,0
50025	Almunia de Doña Godina (La)	2011	1	PP	7,0
50025	Almunia de Doña Godina (La)	2011	2	PSOE	4,0
50025	Almunia de Doña Godina (La)	2011	3	PAR	0,0
50025	Almunia de Doña Godina (La)	2011	4	CHA	2,0
50025	Almunia de Doña Godina (La)	2015	1	PP	5,0
50025	Almunia de Doña Godina (La)	2015	2	PSOE	5,0
50025	Almunia de Doña Godina (La)	2015	5	PAR	0,0
50025	Almunia de Doña Godina (La)	2015	7	CHA	3,0
50026	Alpartir	2007	1	PSOE	6,0
50026	Alpartir	2007	2	PP	0,0
50026	Alpartir	2007	3	PAR	0,0
50026	Alpartir	2007	4	CHA	1,0
50026	Alpartir	2011	1	PP	3,0
50026	Alpartir	2011	2	PSOE	4,0
50026	Alpartir	2011	3	PAR	0,0
50026	Alpartir	2015	1	PP	3,0
50026	Alpartir	2015	2	PSOE	4,0
50027	Ambel	2007	1	PSOE	5,0
50027	Ambel	2007	2	PP	1,0
50027	Ambel	2007	3	PAR	1,0
50027	Ambel	2011	1	PP	3,0
50027	Ambel	2011	2	PSOE	3,0
50027	Ambel	2011	5	IU	1,0
50027	Ambel	2015	1	PP	5,0
50027	Ambel	2015	2	PSOE	2,0
50028	Anento	2007	1	PSOE	5,0
50028	Anento	2007	2	PP	0,0
50028	Anento	2007	3	PAR	0,0
50028	Anento	2007	4	CHA	0,0
50028	Anento	2011	2	PSOE	5,0
50028	Anento	2011	4	CHA	0,0
50028	Anento	2015	1	PP	0,0
50028	Anento	2015	2	PSOE	4,0
50028	Anento	2015	5	PAR	0,0
50028	Anento	2015	7	CHA	1,0
50029	Aniñón	2007	1	PSOE	6,0
50029	Aniñón	2007	2	PP	1,0
50029	Aniñón	2007	3	PAR	0,0
50029	Aniñón	2011	1	PP	1,0
50029	Aniñón	2011	2	PSOE	5,0
50029	Aniñón	2011	3	PAR	1,0
50029	Aniñón	2015	1	PP	2,0
50029	Aniñón	2015	2	PSOE	5,0
50029	Aniñón	2015	5	PAR	0,0
50030	Añón de Moncayo	2007	1	PSOE	1,0
50030	Añón de Moncayo	2007	2	PP	4,0
50030	Añón de Moncayo	2007	3	PAR	0,0
50030	Añón de Moncayo	2007	4	CHA	0,0
50030	Añón de Moncayo	2011	1	PP	3,0
50030	Añón de Moncayo	2011	2	PSOE	0,0
50030	Añón de Moncayo	2011	3	PAR	2,0
50030	Añón de Moncayo	2011	4	CHA	0,0
50030	Añón de Moncayo	2011	5	IU	0,0
50030	Añón de Moncayo	2015	1	PP	1,0
50030	Añón de Moncayo	2015	2	PSOE	0,0
50030	Añón de Moncayo	2015	5	PAR	4,0
50031	Aranda de Moncayo	2007	1	PSOE	4,0
50031	Aranda de Moncayo	2007	2	PP	1,0
50031	Aranda de Moncayo	2007	3	PAR	0,0
50031	Aranda de Moncayo	2007	4	CHA	0,0
50031	Aranda de Moncayo	2007	5	IU	0,0
50031	Aranda de Moncayo	2011	1	PP	1,0
50031	Aranda de Moncayo	2011	2	PSOE	4,0
50031	Aranda de Moncayo	2011	3	PAR	0,0
50031	Aranda de Moncayo	2015	1	PP	1,0
50031	Aranda de Moncayo	2015	2	PSOE	3,0
50031	Aranda de Moncayo	2015	5	PAR	1,0
50031	Aranda de Moncayo	2015	7	CHA	0,0
50032	Arándiga	2007	1	PSOE	0,0
50032	Arándiga	2007	2	PP	4,0
50032	Arándiga	2007	3	PAR	0,0
50032	Arándiga	2007	22	IA	3,0
50032	Arándiga	2011	1	PP	4,0
50032	Arándiga	2011	2	PSOE	0,0
50032	Arándiga	2011	4	CHA	3,0
50032	Arándiga	2015	1	PP	3,0
50032	Arándiga	2015	2	PSOE	0,0
50032	Arándiga	2015	5	PAR	0,0
50032	Arándiga	2015	7	CHA	4,0
50033	Ardisa	2007	1	PSOE	0,0
50033	Ardisa	2007	2	PP	0,0
50033	Ardisa	2007	3	PAR	1,0
50033	Ardisa	2011	1	PP	0,0
50033	Ardisa	2011	2	PSOE	1,0
50033	Ardisa	2011	3	PAR	2,0
50033	Ardisa	2015	1	PP	0,0
50033	Ardisa	2015	2	PSOE	0,0
50033	Ardisa	2015	7	CHA	1,0
50033	Ardisa	2015	21	PAR	2,0
50034	Ariza	2007	1	PSOE	7,0
50034	Ariza	2007	2	PP	1,0
50034	Ariza	2007	3	PAR	1,0
50034	Ariza	2007	4	CHA	0,0
50034	Ariza	2011	1	PP	0,0
50034	Ariza	2011	2	PSOE	7,0
50034	Ariza	2011	3	PAR	2,0
50034	Ariza	2015	1	PP	1,0
50034	Ariza	2015	2	PSOE	8,0
50034	Ariza	2015	5	PAR	0,0
50035	Artieda	2007	1	PSOE	0,0
50035	Artieda	2007	2	PP	0,0
50035	Artieda	2007	4	CHA	5,0
50035	Artieda	2011	2	PSOE	0,0
50035	Artieda	2011	4	CHA	2,0
50035	Artieda	2011	36	PYLN	1,0
50035	Artieda	2015	1	PP	0,0
50035	Artieda	2015	2	PSOE	0,0
50035	Artieda	2015	7	CHA	2,0
50035	Artieda	2015	91	CAMBIAR ARTIEDA-PUYALÓN DE CUCHAS	1,0
50036	Asín	2007	1	PSOE	4,0
50036	Asín	2007	2	PP	0,0
50036	Asín	2007	3	PAR	1,0
50036	Asín	2007	4	CHA	0,0
50036	Asín	2007	5	IU	0,0
50036	Asín	2011	1	PP	0,0
50036	Asín	2011	2	PSOE	4,0
50036	Asín	2011	3	PAR	1,0
50036	Asín	2011	5	IU	0,0
50036	Asín	2015	1	PP	0,0
50036	Asín	2015	2	PSOE	4,0
50036	Asín	2015	21	PAR	1,0
50037	Atea	2007	1	PSOE	4,0
50037	Atea	2007	2	PP	1,0
50037	Atea	2007	3	PAR	0,0
50037	Atea	2007	4	CHA	0,0
50037	Atea	2011	1	PP	1,0
50037	Atea	2011	2	PSOE	4,0
50037	Atea	2011	3	PAR	0,0
50037	Atea	2011	4	CHA	0,0
50037	Atea	2015	1	PP	1,0
50037	Atea	2015	2	PSOE	4,0
50037	Atea	2015	5	PAR	0,0
50037	Atea	2015	7	CHA	0,0
50038	Ateca	2007	1	PSOE	5,0
50038	Ateca	2007	2	PP	3,0
50038	Ateca	2007	3	PAR	2,0
50038	Ateca	2007	4	CHA	0,0
50038	Ateca	2007	5	IU	1,0
50038	Ateca	2011	1	PP	4,0
50038	Ateca	2011	2	PSOE	5,0
50038	Ateca	2011	3	PAR	2,0
50038	Ateca	2011	4	CHA	0,0
50038	Ateca	2011	5	IU	0,0
50038	Ateca	2015	1	PP	3,0
50038	Ateca	2015	2	PSOE	6,0
50038	Ateca	2015	5	PAR	1,0
50038	Ateca	2015	62	IP ATECA - ZGZ	1,0
50039	Azuara	2007	1	PSOE	5,0
50039	Azuara	2007	2	PP	2,0
50039	Azuara	2007	3	PAR	0,0
50039	Azuara	2007	5	IU	0,0
50039	Azuara	2011	1	PP	2,0
50039	Azuara	2011	2	PSOE	5,0
50039	Azuara	2011	3	PAR	0,0
50039	Azuara	2015	1	PP	3,0
50039	Azuara	2015	2	PSOE	3,0
50039	Azuara	2015	5	PAR	1,0
50040	Badules	2007	1	PSOE	3,0
50040	Badules	2007	2	PP	2,0
50040	Badules	2007	3	PAR	0,0
50040	Badules	2007	4	CHA	0,0
50040	Badules	2011	1	PP	0,0
50040	Badules	2011	2	PSOE	3,0
50040	Badules	2011	3	PAR	0,0
50040	Badules	2011	4	CHA	0,0
50040	Badules	2015	1	PP	0,0
50040	Badules	2015	2	PSOE	3,0
50041	Bagüés	2007	1	PSOE	0,0
50041	Bagüés	2007	2	PP	0,0
50041	Bagüés	2007	3	PAR	1,0
50041	Bagüés	2011	1	PP	0,0
50041	Bagüés	2011	2	PSOE	1,0
50041	Bagüés	2011	3	PAR	0,0
50041	Bagüés	2015	1	PP	0,0
50041	Bagüés	2015	2	PSOE	1,0
50041	Bagüés	2015	21	PAR	0,0
50042	Balconchán	2007	1	PSOE	0,0
50042	Balconchán	2007	2	PP	0,0
50042	Balconchán	2007	3	PAR	1,0
50042	Balconchán	2011	2	PSOE	1,0
50042	Balconchán	2011	3	PAR	0,0
50042	Balconchán	2015	1	PP	0,0
50042	Balconchán	2015	2	PSOE	1,0
50043	Bárboles	2007	1	PSOE	4,0
50043	Bárboles	2007	2	PP	3,0
50043	Bárboles	2007	3	PAR	0,0
50043	Bárboles	2011	1	PP	1,0
50043	Bárboles	2011	2	PSOE	2,0
50043	Bárboles	2011	3	PAR	4,0
50043	Bárboles	2015	1	PP	0,0
50043	Bárboles	2015	2	PSOE	3,0
50043	Bárboles	2015	5	PAR	4,0
50044	Bardallur	2007	1	PSOE	0,0
50044	Bardallur	2007	2	PP	2,0
50044	Bardallur	2007	4	CHA	5,0
50044	Bardallur	2011	1	PP	1,0
50044	Bardallur	2011	2	PSOE	1,0
50044	Bardallur	2011	3	PAR	0,0
50044	Bardallur	2011	4	CHA	5,0
50044	Bardallur	2015	1	PP	1,0
50044	Bardallur	2015	2	PSOE	2,0
50044	Bardallur	2015	7	CHA	4,0
50045	Belchite	2007	1	PSOE	6,0
50045	Belchite	2007	2	PP	2,0
50045	Belchite	2007	3	PAR	1,0
50045	Belchite	2007	4	CHA	0,0
50045	Belchite	2011	1	PP	3,0
50045	Belchite	2011	2	PSOE	5,0
50045	Belchite	2011	3	PAR	1,0
50045	Belchite	2015	1	PP	4,0
50045	Belchite	2015	2	PSOE	4,0
50045	Belchite	2015	5	PAR	1,0
50046	Belmonte de Gracián	2007	1	PSOE	0,0
50046	Belmonte de Gracián	2007	2	PP	0,0
50046	Belmonte de Gracián	2007	3	PAR	5,0
50046	Belmonte de Gracián	2007	4	CHA	0,0
50046	Belmonte de Gracián	2011	1	PP	0,0
50046	Belmonte de Gracián	2011	2	PSOE	0,0
50046	Belmonte de Gracián	2011	3	PAR	5,0
50046	Belmonte de Gracián	2015	1	PP	0,0
50046	Belmonte de Gracián	2015	2	PSOE	0,0
50046	Belmonte de Gracián	2015	5	PAR	5,0
50046	Belmonte de Gracián	2015	7	CHA	0,0
50047	Berdejo	2007	1	PSOE	1,0
50047	Berdejo	2007	2	PP	0,0
50047	Berdejo	2007	3	PAR	0,0
50047	Berdejo	2011	1	PP	0,0
50047	Berdejo	2011	2	PSOE	3,0
50047	Berdejo	2015	1	PP	0,0
50047	Berdejo	2015	2	PSOE	3,0
50047	Berdejo	2015	5	PAR	0,0
50048	Berrueco	2007	1	PSOE	1,0
50048	Berrueco	2007	2	PP	0,0
50048	Berrueco	2007	3	PAR	0,0
50048	Berrueco	2007	4	CHA	0,0
50048	Berrueco	2011	2	PSOE	1,0
50048	Berrueco	2011	3	PAR	0,0
50048	Berrueco	2015	1	PP	0,0
50048	Berrueco	2015	2	PSOE	1,0
50050	Bijuesca	2007	1	PSOE	5,0
50050	Bijuesca	2007	2	PP	0,0
50050	Bijuesca	2007	3	PAR	0,0
50050	Bijuesca	2007	4	CHA	0,0
50050	Bijuesca	2011	1	PP	0,0
50050	Bijuesca	2011	2	PSOE	5,0
50050	Bijuesca	2011	4	CHA	0,0
50050	Bijuesca	2015	1	PP	0,0
50050	Bijuesca	2015	2	PSOE	5,0
50050	Bijuesca	2015	5	PAR	0,0
50051	Biota	2007	1	PSOE	5,0
50051	Biota	2007	2	PP	1,0
50051	Biota	2007	3	PAR	2,0
50051	Biota	2007	4	CHA	1,0
50051	Biota	2011	1	PP	3,0
50051	Biota	2011	2	PSOE	4,0
50051	Biota	2011	3	PAR	2,0
50051	Biota	2015	1	PP	4,0
50051	Biota	2015	2	PSOE	5,0
50051	Biota	2015	7	CHA	0,0
50051	Biota	2015	21	PAR	0,0
50052	Bisimbre	2007	1	PSOE	1,0
50052	Bisimbre	2007	2	PP	4,0
50052	Bisimbre	2007	4	CHA	0,0
50052	Bisimbre	2011	1	PP	4,0
50052	Bisimbre	2011	2	PSOE	0,0
50052	Bisimbre	2011	3	PAR	1,0
50052	Bisimbre	2015	1	PP	3,0
50052	Bisimbre	2015	2	PSOE	0,0
50052	Bisimbre	2015	5	PAR	0,0
50052	Bisimbre	2015	7	CHA	0,0
50053	Boquiñeni	2007	1	PSOE	4,0
50053	Boquiñeni	2007	2	PP	3,0
50053	Boquiñeni	2007	3	PAR	2,0
50053	Boquiñeni	2011	1	PP	1,0
50053	Boquiñeni	2011	2	PSOE	4,0
50053	Boquiñeni	2011	3	PAR	2,0
50053	Boquiñeni	2015	1	PP	2,0
50053	Boquiñeni	2015	2	PSOE	4,0
50053	Boquiñeni	2015	5	PAR	1,0
50054	Bordalba	2007	1	PSOE	0,0
50054	Bordalba	2007	2	PP	0,0
50054	Bordalba	2007	3	PAR	1,0
50054	Bordalba	2007	4	CHA	0,0
50054	Bordalba	2011	1	PP	0,0
50054	Bordalba	2011	2	PSOE	0,0
50054	Bordalba	2011	3	PAR	3,0
50054	Bordalba	2015	1	PP	0,0
50054	Bordalba	2015	2	PSOE	0,0
50054	Bordalba	2015	5	PAR	3,0
50055	Borja	2007	1	PSOE	4,0
50055	Borja	2007	2	PP	0,0
50055	Borja	2007	3	PAR	5,0
50055	Borja	2007	4	CHA	2,0
50055	Borja	2011	1	PP	3,0
50055	Borja	2011	2	PSOE	5,0
50055	Borja	2011	3	PAR	4,0
50055	Borja	2011	4	CHA	1,0
50055	Borja	2011	34	UCE	0,0
50055	Borja	2015	1	PP	2,0
50055	Borja	2015	2	PSOE	4,0
50055	Borja	2015	5	PAR	3,0
50055	Borja	2015	7	CHA	1,0
50055	Borja	2015	12	COMPROMISO CON ARAGON	0,0
50055	Borja	2015	48	IU-ZGZ	1,0
50056	Botorrita	2007	1	PSOE	2,0
50056	Botorrita	2007	2	PP	1,0
50056	Botorrita	2007	3	PAR	4,0
50056	Botorrita	2007	4	CHA	0,0
50056	Botorrita	2011	1	PP	0,0
50056	Botorrita	2011	2	PSOE	5,0
50056	Botorrita	2011	3	PAR	2,0
50056	Botorrita	2011	8	FIA	0,0
50056	Botorrita	2015	1	PP	4,0
50056	Botorrita	2015	2	PSOE	3,0
50057	Brea de Aragón	2007	1	PSOE	4,0
50057	Brea de Aragón	2007	2	PP	2,0
50057	Brea de Aragón	2007	3	PAR	3,0
50057	Brea de Aragón	2007	4	CHA	0,0
50057	Brea de Aragón	2011	1	PP	3,0
50057	Brea de Aragón	2011	2	PSOE	4,0
50057	Brea de Aragón	2011	3	PAR	2,0
50057	Brea de Aragón	2011	4	CHA	0,0
50057	Brea de Aragón	2015	1	PP	4,0
50057	Brea de Aragón	2015	2	PSOE	2,0
50057	Brea de Aragón	2015	5	PAR	1,0
50057	Brea de Aragón	2015	7	CHA	1,0
50057	Brea de Aragón	2015	44	FIA	1,0
50058	Bubierca	2007	1	PSOE	0,0
50058	Bubierca	2007	2	PP	0,0
50058	Bubierca	2007	3	PAR	1,0
50058	Bubierca	2007	4	CHA	0,0
50058	Bubierca	2011	1	PP	0,0
50058	Bubierca	2011	2	PSOE	1,0
50058	Bubierca	2011	3	PAR	2,0
50058	Bubierca	2015	1	PP	0,0
50058	Bubierca	2015	2	PSOE	1,0
50058	Bubierca	2015	5	PAR	2,0
50059	Bujaraloz	2007	1	PSOE	1,0
50059	Bujaraloz	2007	2	PP	1,0
50059	Bujaraloz	2007	3	PAR	4,0
50059	Bujaraloz	2007	4	CHA	1,0
50059	Bujaraloz	2011	1	PP	0,0
50059	Bujaraloz	2011	2	PSOE	2,0
50059	Bujaraloz	2011	3	PAR	6,0
50059	Bujaraloz	2011	4	CHA	1,0
50059	Bujaraloz	2015	1	PP	0,0
50059	Bujaraloz	2015	2	PSOE	4,0
50059	Bujaraloz	2015	5	PAR	4,0
50059	Bujaraloz	2015	7	CHA	1,0
50060	Bulbuente	2007	1	PSOE	2,0
50060	Bulbuente	2007	2	PP	0,0
50060	Bulbuente	2007	3	PAR	4,0
50060	Bulbuente	2007	4	CHA	1,0
50060	Bulbuente	2011	1	PP	0,0
50060	Bulbuente	2011	2	PSOE	1,0
50060	Bulbuente	2011	3	PAR	4,0
50060	Bulbuente	2011	4	CHA	0,0
50060	Bulbuente	2015	1	PP	3,0
50060	Bulbuente	2015	2	PSOE	1,0
50060	Bulbuente	2015	7	CHA	1,0
50061	Bureta	2007	1	PSOE	4,0
50061	Bureta	2007	2	PP	3,0
50061	Bureta	2011	1	PP	4,0
50061	Bureta	2011	2	PSOE	3,0
50061	Bureta	2015	1	PP	4,0
50061	Bureta	2015	2	PSOE	3,0
50062	Burgo de Ebro (El)	2007	1	PSOE	6,0
50062	Burgo de Ebro (El)	2007	2	PP	2,0
50062	Burgo de Ebro (El)	2007	3	PAR	0,0
50062	Burgo de Ebro (El)	2007	4	CHA	1,0
50062	Burgo de Ebro (El)	2011	1	PP	4,0
50062	Burgo de Ebro (El)	2011	2	PSOE	6,0
50062	Burgo de Ebro (El)	2011	3	PAR	0,0
50062	Burgo de Ebro (El)	2011	4	CHA	1,0
50062	Burgo de Ebro (El)	2011	8	FIA	0,0
50062	Burgo de Ebro (El)	2015	1	PP	4,0
50062	Burgo de Ebro (El)	2015	2	PSOE	7,0
50062	Burgo de Ebro (El)	2015	7	CHA	0,0
50062	Burgo de Ebro (El)	2015	30	BAR	0,0
50063	Buste (El)	2007	1	PSOE	0,0
50063	Buste (El)	2007	2	PP	1,0
50063	Buste (El)	2007	3	PAR	0,0
50063	Buste (El)	2007	4	CHA	0,0
50063	Buste (El)	2011	1	PP	1,0
50063	Buste (El)	2011	2	PSOE	2,0
50063	Buste (El)	2011	3	PAR	0,0
50063	Buste (El)	2015	1	PP	2,0
50063	Buste (El)	2015	2	PSOE	1,0
50064	Cabañas de Ebro	2007	1	PSOE	6,0
50064	Cabañas de Ebro	2007	2	PP	1,0
50064	Cabañas de Ebro	2007	3	PAR	0,0
50064	Cabañas de Ebro	2011	1	PP	2,0
50064	Cabañas de Ebro	2011	2	PSOE	5,0
50064	Cabañas de Ebro	2011	3	PAR	0,0
50064	Cabañas de Ebro	2015	1	PP	4,0
50064	Cabañas de Ebro	2015	2	PSOE	3,0
50065	Cabolafuente	2007	1	PSOE	1,0
50065	Cabolafuente	2007	2	PP	0,0
50065	Cabolafuente	2007	3	PAR	0,0
50065	Cabolafuente	2011	1	PP	0,0
50065	Cabolafuente	2011	2	PSOE	1,0
50065	Cabolafuente	2011	3	PAR	0,0
50065	Cabolafuente	2015	1	PP	0,0
50065	Cabolafuente	2015	2	PSOE	1,0
50065	Cabolafuente	2015	5	PAR	0,0
50066	Cadrete	2007	1	PSOE	3,0
50066	Cadrete	2007	2	PP	5,0
50066	Cadrete	2007	3	PAR	1,0
50066	Cadrete	2007	4	CHA	1,0
50066	Cadrete	2007	23	CAVA	1,0
50066	Cadrete	2011	1	PP	5,0
50066	Cadrete	2011	2	PSOE	1,0
50066	Cadrete	2011	3	PAR	4,0
50066	Cadrete	2011	4	CHA	1,0
50066	Cadrete	2011	6	UPyD	0,0
50066	Cadrete	2011	27	CAVA	0,0
50066	Cadrete	2015	1	PP	5,0
50066	Cadrete	2015	2	PSOE	1,0
50066	Cadrete	2015	5	PAR	3,0
50066	Cadrete	2015	7	CHA	1,0
50066	Cadrete	2015	13	ARAGONSIPUEDE	1,0
50067	Calatayud	2007	1	PSOE	6,0
50067	Calatayud	2007	2	PP	9,0
50067	Calatayud	2007	3	PAR	4,0
50067	Calatayud	2007	4	CHA	2,0
50067	Calatayud	2007	5	IU	0,0
50067	Calatayud	2011	1	PP	12,0
50067	Calatayud	2011	2	PSOE	6,0
50067	Calatayud	2011	3	PAR	3,0
50067	Calatayud	2011	4	CHA	0,0
50067	Calatayud	2011	5	IU	0,0
50067	Calatayud	2011	6	UPyD	0,0
50067	Calatayud	2011	8	FIA	0,0
50067	Calatayud	2015	1	PP	9,0
50067	Calatayud	2015	2	PSOE	5,0
50067	Calatayud	2015	4	C's	3,0
50067	Calatayud	2015	5	PAR	2,0
50067	Calatayud	2015	7	CHA	1,0
50067	Calatayud	2015	13	ARAGONSIPUEDE	1,0
50067	Calatayud	2015	52	CALATAYUD PLURAL - ZGZ	0,0
50068	Calatorao	2007	1	PSOE	6,0
50068	Calatorao	2007	2	PP	4,0
50068	Calatorao	2007	3	PAR	0,0
50068	Calatorao	2007	4	CHA	1,0
50068	Calatorao	2011	1	PP	4,0
50068	Calatorao	2011	2	PSOE	6,0
50068	Calatorao	2011	3	PAR	1,0
50068	Calatorao	2011	4	CHA	0,0
50068	Calatorao	2015	1	PP	3,0
50068	Calatorao	2015	2	PSOE	7,0
50068	Calatorao	2015	5	PAR	1,0
50069	Calcena	2007	1	PSOE	1,0
50069	Calcena	2007	2	PP	0,0
50069	Calcena	2007	3	PAR	0,0
50069	Calcena	2007	4	CHA	0,0
50069	Calcena	2011	2	PSOE	1,0
50069	Calcena	2011	31	INDEPENDIENTE CALCENA	2,0
50069	Calcena	2015	1	PP	0,0
50069	Calcena	2015	2	PSOE	3,0
50070	Calmarza	2007	1	PSOE	1,0
50070	Calmarza	2007	2	PP	0,0
50070	Calmarza	2007	3	PAR	0,0
50070	Calmarza	2007	4	CHA	0,0
50070	Calmarza	2011	1	PP	1,0
50070	Calmarza	2011	2	PSOE	2,0
50070	Calmarza	2011	3	PAR	0,0
50070	Calmarza	2015	1	PP	1,0
50070	Calmarza	2015	2	PSOE	2,0
50070	Calmarza	2015	5	PAR	0,0
50071	Campillo de Aragón	2007	1	PSOE	0,0
50071	Campillo de Aragón	2007	2	PP	2,0
50071	Campillo de Aragón	2007	3	PAR	3,0
50071	Campillo de Aragón	2007	4	CHA	0,0
50071	Campillo de Aragón	2011	1	PP	1,0
50071	Campillo de Aragón	2011	2	PSOE	0,0
50071	Campillo de Aragón	2011	3	PAR	4,0
50071	Campillo de Aragón	2015	1	PP	1,0
50071	Campillo de Aragón	2015	2	PSOE	0,0
50071	Campillo de Aragón	2015	5	PAR	4,0
50072	Carenas	2007	1	PSOE	0,0
50072	Carenas	2007	2	PP	5,0
50072	Carenas	2007	3	PAR	0,0
50072	Carenas	2007	4	CHA	0,0
50072	Carenas	2007	5	IU	0,0
50072	Carenas	2011	1	PP	4,0
50072	Carenas	2011	2	PSOE	1,0
50072	Carenas	2011	3	PAR	0,0
50072	Carenas	2011	5	IU	0,0
50072	Carenas	2015	1	PP	4,0
50072	Carenas	2015	2	PSOE	0,0
50072	Carenas	2015	4	C's	1,0
50072	Carenas	2015	5	PAR	0,0
50073	Cariñena	2007	1	PSOE	3,0
50073	Cariñena	2007	2	PP	4,0
50073	Cariñena	2007	3	PAR	1,0
50073	Cariñena	2007	4	CHA	2,0
50073	Cariñena	2007	21	GIC	1,0
50073	Cariñena	2011	1	PP	3,0
50073	Cariñena	2011	2	PSOE	6,0
50073	Cariñena	2011	3	PAR	1,0
50073	Cariñena	2011	4	CHA	1,0
50073	Cariñena	2011	30	PIRUM	0,0
50073	Cariñena	2015	1	PP	3,0
50073	Cariñena	2015	2	PSOE	6,0
50073	Cariñena	2015	5	PAR	1,0
50073	Cariñena	2015	7	CHA	1,0
50074	Caspe	2007	1	PSOE	5,0
50074	Caspe	2007	2	PP	1,0
50074	Caspe	2007	3	PAR	2,0
50074	Caspe	2007	4	CHA	0,0
50074	Caspe	2007	5	IU	0,0
50074	Caspe	2007	7	CPC	5,0
50074	Caspe	2011	1	PP	2,0
50074	Caspe	2011	2	PSOE	5,0
50074	Caspe	2011	3	PAR	2,0
50074	Caspe	2011	4	CHA	1,0
50074	Caspe	2011	13	CPC	3,0
50074	Caspe	2015	1	PP	4,0
50074	Caspe	2015	2	PSOE	7,0
50074	Caspe	2015	4	C's	0,0
50074	Caspe	2015	5	PAR	0,0
50074	Caspe	2015	13	ARAGONSIPUEDE	1,0
50074	Caspe	2015	26	CHA	1,0
50075	Castejón de Alarba	2007	1	PSOE	0,0
50075	Castejón de Alarba	2007	2	PP	4,0
50075	Castejón de Alarba	2007	3	PAR	1,0
50075	Castejón de Alarba	2007	4	CHA	0,0
50075	Castejón de Alarba	2011	1	PP	2,0
50075	Castejón de Alarba	2011	2	PSOE	1,0
50075	Castejón de Alarba	2011	3	PAR	0,0
50075	Castejón de Alarba	2015	1	PP	2,0
50075	Castejón de Alarba	2015	2	PSOE	0,0
50075	Castejón de Alarba	2015	5	PAR	1,0
50076	Castejón de las Armas	2007	1	PSOE	4,0
50076	Castejón de las Armas	2007	2	PP	1,0
50076	Castejón de las Armas	2007	3	PAR	0,0
50076	Castejón de las Armas	2007	4	CHA	0,0
50076	Castejón de las Armas	2011	1	PP	1,0
50076	Castejón de las Armas	2011	2	PSOE	4,0
50076	Castejón de las Armas	2011	3	PAR	0,0
50076	Castejón de las Armas	2015	1	PP	1,0
50076	Castejón de las Armas	2015	2	PSOE	4,0
50076	Castejón de las Armas	2015	5	PAR	0,0
50077	Castejón de Valdejasa	2007	1	PSOE	4,0
50077	Castejón de Valdejasa	2007	2	PP	3,0
50077	Castejón de Valdejasa	2011	1	PP	2,0
50077	Castejón de Valdejasa	2011	2	PSOE	5,0
50077	Castejón de Valdejasa	2015	1	PP	1,0
50077	Castejón de Valdejasa	2015	2	PSOE	4,0
50078	Castiliscar	2007	1	PSOE	4,0
50078	Castiliscar	2007	2	PP	2,0
50078	Castiliscar	2007	4	CHA	1,0
50078	Castiliscar	2011	1	PP	2,0
50078	Castiliscar	2011	2	PSOE	4,0
50078	Castiliscar	2011	4	CHA	1,0
50078	Castiliscar	2011	15	TA	0,0
50078	Castiliscar	2015	7	CHA	1,0
50078	Castiliscar	2015	8	PP	1,0
50078	Castiliscar	2015	19	PSOE	5,0
50079	Cervera de la Cañada	2007	1	PSOE	3,0
50079	Cervera de la Cañada	2007	2	PP	2,0
50079	Cervera de la Cañada	2007	3	PAR	1,0
50079	Cervera de la Cañada	2007	4	CHA	1,0
50079	Cervera de la Cañada	2011	1	PP	1,0
50079	Cervera de la Cañada	2011	2	PSOE	4,0
50079	Cervera de la Cañada	2011	3	PAR	2,0
50079	Cervera de la Cañada	2015	1	PP	0,0
50079	Cervera de la Cañada	2015	2	PSOE	3,0
50079	Cervera de la Cañada	2015	4	C's	0,0
50079	Cervera de la Cañada	2015	5	PAR	2,0
50079	Cervera de la Cañada	2015	77	AGRUPACION DE ELECTORES TODOS CERVERA	2,0
50080	Cerveruela	2007	1	PSOE	0,0
50080	Cerveruela	2007	2	PP	0,0
50080	Cerveruela	2007	3	PAR	1,0
50080	Cerveruela	2007	4	CHA	0,0
50080	Cerveruela	2011	3	PAR	1,0
50080	Cerveruela	2011	4	CHA	0,0
50080	Cerveruela	2015	1	PP	0,0
50080	Cerveruela	2015	2	PSOE	0,0
50080	Cerveruela	2015	5	PAR	1,0
50080	Cerveruela	2015	7	CHA	0,0
50081	Cetina	2007	1	PSOE	3,0
50081	Cetina	2007	2	PP	1,0
50081	Cetina	2007	3	PAR	3,0
50081	Cetina	2011	1	PP	1,0
50081	Cetina	2011	2	PSOE	2,0
50081	Cetina	2011	3	PAR	4,0
50081	Cetina	2015	1	PP	2,0
50081	Cetina	2015	2	PSOE	3,0
50081	Cetina	2015	5	PAR	2,0
50082	Cimballa	2007	1	PSOE	1,0
50082	Cimballa	2007	2	PP	0,0
50082	Cimballa	2007	3	PAR	4,0
50082	Cimballa	2007	4	CHA	0,0
50082	Cimballa	2011	1	PP	0,0
50082	Cimballa	2011	2	PSOE	1,0
50082	Cimballa	2011	3	PAR	4,0
50082	Cimballa	2015	1	PP	0,0
50082	Cimballa	2015	2	PSOE	1,0
50082	Cimballa	2015	5	PAR	4,0
50083	Cinco Olivas	2007	1	PSOE	5,0
50083	Cinco Olivas	2007	2	PP	0,0
50083	Cinco Olivas	2007	3	PAR	0,0
50083	Cinco Olivas	2007	4	CHA	0,0
50083	Cinco Olivas	2011	1	PP	0,0
50083	Cinco Olivas	2011	2	PSOE	5,0
50083	Cinco Olivas	2011	3	PAR	0,0
50083	Cinco Olivas	2011	4	CHA	0,0
50083	Cinco Olivas	2015	1	PP	0,0
50083	Cinco Olivas	2015	2	PSOE	3,0
50083	Cinco Olivas	2015	5	PAR	2,0
50083	Cinco Olivas	2015	7	CHA	0,0
50084	Clarés de Ribota	2007	1	PSOE	2,0
50084	Clarés de Ribota	2007	2	PP	0,0
50084	Clarés de Ribota	2007	3	PAR	3,0
50084	Clarés de Ribota	2007	4	CHA	0,0
50084	Clarés de Ribota	2011	1	PP	1,0
50084	Clarés de Ribota	2011	2	PSOE	0,0
50084	Clarés de Ribota	2011	3	PAR	4,0
50084	Clarés de Ribota	2015	1	PP	1,0
50084	Clarés de Ribota	2015	2	PSOE	0,0
50084	Clarés de Ribota	2015	5	PAR	2,0
50084	Clarés de Ribota	2015	7	CHA	0,0
50085	Codo	2007	1	PSOE	1,0
50085	Codo	2007	2	PP	0,0
50085	Codo	2007	3	PAR	4,0
50085	Codo	2007	4	CHA	0,0
50085	Codo	2007	5	IU	0,0
50085	Codo	2011	1	PP	0,0
50085	Codo	2011	2	PSOE	1,0
50085	Codo	2011	3	PAR	4,0
50085	Codo	2015	1	PP	3,0
50085	Codo	2015	2	PSOE	2,0
50085	Codo	2015	5	PAR	0,0
50085	Codo	2015	7	CHA	0,0
50086	Codos	2007	1	PSOE	6,0
50086	Codos	2007	2	PP	0,0
50086	Codos	2007	4	CHA	1,0
50086	Codos	2011	1	PP	0,0
50086	Codos	2011	2	PSOE	4,0
50086	Codos	2011	3	PAR	3,0
50086	Codos	2015	1	PP	0,0
50086	Codos	2015	2	PSOE	4,0
50086	Codos	2015	5	PAR	1,0
50086	Codos	2015	7	CHA	0,0
50087	Contamina	2007	1	PSOE	1,0
50087	Contamina	2007	2	PP	0,0
50087	Contamina	2007	3	PAR	0,0
50087	Contamina	2011	2	PSOE	0,0
50087	Contamina	2011	3	PAR	1,0
50087	Contamina	2015	1	PP	0,0
50087	Contamina	2015	2	PSOE	0,0
50087	Contamina	2015	5	PAR	1,0
50088	Cosuenda	2007	1	PSOE	6,0
50088	Cosuenda	2007	2	PP	0,0
50088	Cosuenda	2007	3	PAR	1,0
50088	Cosuenda	2007	4	CHA	0,0
50088	Cosuenda	2011	1	PP	1,0
50088	Cosuenda	2011	2	PSOE	6,0
50088	Cosuenda	2011	3	PAR	0,0
50088	Cosuenda	2015	6	PSOE	5,0
50088	Cosuenda	2015	8	PP	2,0
50089	Cuarte de Huerva	2007	1	PSOE	2,0
50089	Cuarte de Huerva	2007	2	PP	2,0
50089	Cuarte de Huerva	2007	3	PAR	6,0
50089	Cuarte de Huerva	2007	4	CHA	1,0
50089	Cuarte de Huerva	2007	5	IU	0,0
50089	Cuarte de Huerva	2011	1	PP	3,0
50089	Cuarte de Huerva	2011	2	PSOE	1,0
50089	Cuarte de Huerva	2011	3	PAR	8,0
50089	Cuarte de Huerva	2011	4	CHA	1,0
50089	Cuarte de Huerva	2011	6	UPyD	0,0
50089	Cuarte de Huerva	2011	7	COMPROMISO CON ARAGON	0,0
50089	Cuarte de Huerva	2011	23	ACC	0,0
50089	Cuarte de Huerva	2015	1	PP	2,0
50089	Cuarte de Huerva	2015	2	PSOE	2,0
50089	Cuarte de Huerva	2015	4	C's	2,0
50089	Cuarte de Huerva	2015	5	PAR	8,0
50089	Cuarte de Huerva	2015	7	CHA	2,0
50089	Cuarte de Huerva	2015	10	EB	0,0
50089	Cuarte de Huerva	2015	13	ARAGONSIPUEDE	1,0
50089	Cuarte de Huerva	2015	17	IU-ZGZ	0,0
50089	Cuarte de Huerva	2015	44	FIA	0,0
50090	Cubel	2007	1	PSOE	5,0
50090	Cubel	2007	2	PP	0,0
50090	Cubel	2007	4	CHA	0,0
50090	Cubel	2011	1	PP	0,0
50090	Cubel	2011	2	PSOE	2,0
50090	Cubel	2011	3	PAR	3,0
50090	Cubel	2011	4	CHA	0,0
50090	Cubel	2011	5	IU	0,0
50090	Cubel	2015	1	PP	2,0
50090	Cubel	2015	2	PSOE	0,0
50090	Cubel	2015	5	PAR	3,0
50090	Cubel	2015	7	CHA	0,0
50091	Cuerlas (Las)	2007	1	PSOE	0,0
50091	Cuerlas (Las)	2007	2	PP	0,0
50091	Cuerlas (Las)	2007	3	PAR	1,0
50091	Cuerlas (Las)	2007	4	CHA	0,0
50091	Cuerlas (Las)	2011	1	PP	0,0
50091	Cuerlas (Las)	2011	3	PAR	3,0
50091	Cuerlas (Las)	2015	1	PP	0,0
50091	Cuerlas (Las)	2015	2	PSOE	0,0
50091	Cuerlas (Las)	2015	5	PAR	3,0
50092	Chiprana	2007	1	PSOE	2,0
50092	Chiprana	2007	2	PP	0,0
50092	Chiprana	2007	3	PAR	5,0
50092	Chiprana	2011	1	PP	0,0
50092	Chiprana	2011	2	PSOE	2,0
50092	Chiprana	2011	3	PAR	5,0
50092	Chiprana	2015	6	PSOE	2,0
50092	Chiprana	2015	8	PP	5,0
50093	Chodes	2007	1	PSOE	4,0
50093	Chodes	2007	2	PP	1,0
50093	Chodes	2007	3	PAR	0,0
50093	Chodes	2007	4	CHA	0,0
50093	Chodes	2007	5	IU	0,0
50093	Chodes	2011	1	PP	1,0
50093	Chodes	2011	2	PSOE	4,0
50093	Chodes	2011	3	PAR	0,0
50093	Chodes	2011	5	IU	0,0
50093	Chodes	2015	1	PP	1,0
50093	Chodes	2015	2	PSOE	4,0
50093	Chodes	2015	7	CHA	0,0
50094	Daroca	2007	1	PSOE	4,0
50094	Daroca	2007	2	PP	3,0
50094	Daroca	2007	3	PAR	4,0
50094	Daroca	2007	4	CHA	0,0
50094	Daroca	2011	1	PP	3,0
50094	Daroca	2011	2	PSOE	3,0
50094	Daroca	2011	3	PAR	5,0
50094	Daroca	2011	4	CHA	0,0
50094	Daroca	2011	5	IU	0,0
50094	Daroca	2015	1	PP	3,0
50094	Daroca	2015	2	PSOE	4,0
50094	Daroca	2015	5	PAR	4,0
50094	Daroca	2015	7	CHA	0,0
50094	Daroca	2015	72	IU	0,0
50095	Ejea de los Caballeros	2007	1	PSOE	9,0
50095	Ejea de los Caballeros	2007	2	PP	4,0
50095	Ejea de los Caballeros	2007	3	PAR	2,0
50095	Ejea de los Caballeros	2007	4	CHA	0,0
50095	Ejea de los Caballeros	2007	5	IU	2,0
50095	Ejea de los Caballeros	2011	1	PP	6,0
50095	Ejea de los Caballeros	2011	2	PSOE	8,0
50095	Ejea de los Caballeros	2011	3	PAR	0,0
50095	Ejea de los Caballeros	2011	4	CHA	1,0
50095	Ejea de los Caballeros	2011	5	IU	2,0
50095	Ejea de los Caballeros	2015	1	PP	4,0
50095	Ejea de los Caballeros	2015	2	PSOE	10,0
50095	Ejea de los Caballeros	2015	7	CHA	1,0
50095	Ejea de los Caballeros	2015	21	PAR	0,0
50095	Ejea de los Caballeros	2015	25	EPC-ZGZ	2,0
50096	Embid de Ariza	2007	1	PSOE	0,0
50096	Embid de Ariza	2007	2	PP	0,0
50096	Embid de Ariza	2007	3	PAR	1,0
50096	Embid de Ariza	2011	2	PSOE	0,0
50096	Embid de Ariza	2011	3	PAR	1,0
50096	Embid de Ariza	2015	1	PP	0,0
50096	Embid de Ariza	2015	2	PSOE	0,0
50096	Embid de Ariza	2015	5	PAR	1,0
50098	Encinacorba	2007	1	PSOE	5,0
50098	Encinacorba	2007	2	PP	1,0
50098	Encinacorba	2007	3	PAR	0,0
50098	Encinacorba	2007	4	CHA	1,0
50098	Encinacorba	2011	1	PP	4,0
50098	Encinacorba	2011	2	PSOE	3,0
50098	Encinacorba	2011	4	CHA	0,0
50098	Encinacorba	2015	1	PP	4,0
50098	Encinacorba	2015	2	PSOE	1,0
50098	Encinacorba	2015	7	CHA	0,0
50099	Épila	2007	1	PSOE	7,0
50099	Épila	2007	2	PP	3,0
50099	Épila	2007	3	PAR	1,0
50099	Épila	2007	4	CHA	0,0
50099	Épila	2007	6	LV-FIA	0,0
50099	Épila	2011	1	PP	4,0
50099	Épila	2011	2	PSOE	6,0
50099	Épila	2011	3	PAR	1,0
50099	Épila	2011	4	CHA	0,0
50099	Épila	2015	1	PP	3,0
50099	Épila	2015	2	PSOE	6,0
50099	Épila	2015	5	PAR	0,0
50099	Épila	2015	40	SOMOS EPILA	2,0
50099	Épila	2015	44	FIA	0,0
50100	Erla	2007	1	PSOE	3,0
50100	Erla	2007	2	PP	2,0
50100	Erla	2007	3	PAR	2,0
50100	Erla	2011	1	PP	1,0
50100	Erla	2011	2	PSOE	4,0
50100	Erla	2011	3	PAR	2,0
50100	Erla	2015	8	PP	2,0
50100	Erla	2015	19	PSOE	5,0
50101	Escatrón	2007	1	PSOE	5,0
50101	Escatrón	2007	2	PP	3,0
50101	Escatrón	2007	3	PAR	1,0
50101	Escatrón	2007	4	CHA	0,0
50101	Escatrón	2011	1	PP	3,0
50101	Escatrón	2011	2	PSOE	5,0
50101	Escatrón	2011	3	PAR	1,0
50101	Escatrón	2015	6	PSOE	5,0
50101	Escatrón	2015	8	PP	4,0
50102	Fabara	2007	1	PSOE	5,0
50102	Fabara	2007	2	PP	3,0
50102	Fabara	2007	3	PAR	0,0
50102	Fabara	2007	4	CHA	1,0
50102	Fabara	2011	1	PP	4,0
50102	Fabara	2011	2	PSOE	5,0
50102	Fabara	2015	6	PSOE	6,0
50102	Fabara	2015	8	PP	3,0
50104	Farlete	2007	1	PSOE	2,0
50104	Farlete	2007	2	PP	1,0
50104	Farlete	2007	3	PAR	3,0
50104	Farlete	2007	4	CHA	1,0
50104	Farlete	2011	1	PP	0,0
50104	Farlete	2011	2	PSOE	3,0
50104	Farlete	2011	3	PAR	3,0
50104	Farlete	2011	4	CHA	1,0
50104	Farlete	2015	1	PP	0,0
50104	Farlete	2015	2	PSOE	3,0
50104	Farlete	2015	5	PAR	4,0
50105	Fayón	2007	1	PSOE	2,0
50105	Fayón	2007	2	PP	5,0
50105	Fayón	2011	1	PP	5,0
50105	Fayón	2011	2	PSOE	2,0
50105	Fayón	2015	6	PSOE	2,0
50105	Fayón	2015	8	PP	5,0
50106	Fayos (Los)	2007	1	PSOE	3,0
50106	Fayos (Los)	2007	2	PP	0,0
50106	Fayos (Los)	2007	3	PAR	2,0
50106	Fayos (Los)	2007	4	CHA	0,0
50106	Fayos (Los)	2011	1	PP	4,0
50106	Fayos (Los)	2011	2	PSOE	1,0
50106	Fayos (Los)	2011	4	CHA	0,0
50106	Fayos (Los)	2011	5	IU	0,0
50106	Fayos (Los)	2015	1	PP	1,0
50106	Fayos (Los)	2015	2	PSOE	4,0
50107	Figueruelas	2007	1	PSOE	2,0
50107	Figueruelas	2007	2	PP	5,0
50107	Figueruelas	2007	3	PAR	2,0
50107	Figueruelas	2007	4	CHA	0,0
50107	Figueruelas	2007	5	IU	0,0
50107	Figueruelas	2011	1	PP	6,0
50107	Figueruelas	2011	2	PSOE	1,0
50107	Figueruelas	2011	3	PAR	1,0
50107	Figueruelas	2011	4	CHA	1,0
50107	Figueruelas	2015	1	PP	6,0
50107	Figueruelas	2015	2	PSOE	1,0
50107	Figueruelas	2015	7	CHA	2,0
50108	Fombuena	2007	1	PSOE	1,0
50108	Fombuena	2007	2	PP	0,0
50108	Fombuena	2007	3	PAR	0,0
50108	Fombuena	2007	4	CHA	0,0
50108	Fombuena	2011	1	PP	0,0
50108	Fombuena	2011	2	PSOE	1,0
50108	Fombuena	2015	1	PP	1,0
50108	Fombuena	2015	2	PSOE	2,0
50108	Fombuena	2015	5	PAR	0,0
50109	Frago (El)	2007	1	PSOE	1,0
50109	Frago (El)	2007	2	PP	0,0
50109	Frago (El)	2007	3	PAR	4,0
50109	Frago (El)	2007	4	CHA	0,0
50109	Frago (El)	2007	5	IU	0,0
50109	Frago (El)	2011	1	PP	0,0
50109	Frago (El)	2011	2	PSOE	1,0
50109	Frago (El)	2011	3	PAR	4,0
50109	Frago (El)	2011	4	CHA	0,0
50109	Frago (El)	2011	5	IU	0,0
50109	Frago (El)	2015	1	PP	0,0
50109	Frago (El)	2015	2	PSOE	0,0
50109	Frago (El)	2015	81	AE EL FRAGO	5,0
50110	Frasno (El)	2007	1	PSOE	5,0
50110	Frasno (El)	2007	2	PP	1,0
50110	Frasno (El)	2007	3	PAR	1,0
50110	Frasno (El)	2007	4	CHA	0,0
50110	Frasno (El)	2011	1	PP	1,0
50110	Frasno (El)	2011	2	PSOE	6,0
50110	Frasno (El)	2011	3	PAR	0,0
50110	Frasno (El)	2015	5	PAR	0,0
50110	Frasno (El)	2015	6	PSOE	5,0
50110	Frasno (El)	2015	8	PP	2,0
50111	Fréscano	2007	1	PSOE	0,0
50111	Fréscano	2007	2	PP	1,0
50111	Fréscano	2007	3	PAR	4,0
50111	Fréscano	2007	4	CHA	0,0
50111	Fréscano	2011	1	PP	0,0
50111	Fréscano	2011	2	PSOE	1,0
50111	Fréscano	2011	3	PAR	4,0
50111	Fréscano	2015	1	PP	0,0
50111	Fréscano	2015	2	PSOE	2,0
50111	Fréscano	2015	5	PAR	3,0
50111	Fréscano	2015	7	CHA	0,0
50113	Fuendejalón	2007	1	PSOE	3,0
50113	Fuendejalón	2007	2	PP	1,0
50113	Fuendejalón	2007	3	PAR	1,0
50113	Fuendejalón	2007	4	CHA	2,0
50113	Fuendejalón	2011	1	PP	1,0
50113	Fuendejalón	2011	2	PSOE	3,0
50113	Fuendejalón	2011	3	PAR	1,0
50113	Fuendejalón	2011	4	CHA	2,0
50113	Fuendejalón	2015	1	PP	2,0
50113	Fuendejalón	2015	2	PSOE	3,0
50113	Fuendejalón	2015	7	CHA	2,0
50114	Fuendetodos	2007	1	PSOE	5,0
50114	Fuendetodos	2007	2	PP	0,0
50114	Fuendetodos	2007	3	PAR	0,0
50114	Fuendetodos	2007	4	CHA	0,0
50114	Fuendetodos	2007	5	IU	0,0
50114	Fuendetodos	2011	1	PP	0,0
50114	Fuendetodos	2011	2	PSOE	5,0
50114	Fuendetodos	2011	3	PAR	0,0
50114	Fuendetodos	2011	5	IU	0,0
50114	Fuendetodos	2015	1	PP	0,0
50114	Fuendetodos	2015	2	PSOE	2,0
50114	Fuendetodos	2015	5	PAR	0,0
50114	Fuendetodos	2015	7	CHA	0,0
50114	Fuendetodos	2015	12	COMPROMISO CON ARAGON	3,0
50114	Fuendetodos	2015	30	BAR	0,0
50115	Fuentes de Ebro	2007	1	PSOE	7,0
50115	Fuentes de Ebro	2007	2	PP	3,0
50115	Fuentes de Ebro	2007	3	PAR	1,0
50115	Fuentes de Ebro	2007	4	CHA	0,0
50115	Fuentes de Ebro	2011	1	PP	4,0
50115	Fuentes de Ebro	2011	2	PSOE	6,0
50115	Fuentes de Ebro	2011	3	PAR	1,0
50115	Fuentes de Ebro	2011	4	CHA	0,0
50115	Fuentes de Ebro	2015	1	PP	4,0
50115	Fuentes de Ebro	2015	2	PSOE	6,0
50115	Fuentes de Ebro	2015	4	C's	1,0
50116	Fuentes de Jiloca	2007	1	PSOE	3,0
50116	Fuentes de Jiloca	2007	2	PP	2,0
50116	Fuentes de Jiloca	2007	3	PAR	2,0
50116	Fuentes de Jiloca	2011	1	PP	3,0
50116	Fuentes de Jiloca	2011	2	PSOE	2,0
50116	Fuentes de Jiloca	2011	3	PAR	2,0
50116	Fuentes de Jiloca	2011	4	CHA	0,0
50116	Fuentes de Jiloca	2015	1	PP	4,0
50116	Fuentes de Jiloca	2015	2	PSOE	0,0
50116	Fuentes de Jiloca	2015	5	PAR	1,0
50116	Fuentes de Jiloca	2015	7	CHA	0,0
50117	Gallocanta	2007	1	PSOE	3,0
50117	Gallocanta	2007	2	PP	1,0
50117	Gallocanta	2007	3	PAR	1,0
50117	Gallocanta	2007	4	CHA	0,0
50117	Gallocanta	2007	5	IU	0,0
50117	Gallocanta	2011	1	PP	0,0
50117	Gallocanta	2011	2	PSOE	2,0
50117	Gallocanta	2011	3	PAR	3,0
50117	Gallocanta	2011	5	IU	0,0
50117	Gallocanta	2015	1	PP	0,0
50117	Gallocanta	2015	2	PSOE	5,0
50117	Gallocanta	2015	5	PAR	0,0
50117	Gallocanta	2015	7	CHA	0,0
50118	Gallur	2007	1	PSOE	3,0
50118	Gallur	2007	2	PP	1,0
50118	Gallur	2007	3	PAR	0,0
50118	Gallur	2007	4	CHA	7,0
50118	Gallur	2011	1	PP	4,0
50118	Gallur	2011	2	PSOE	3,0
50118	Gallur	2011	3	PAR	0,0
50118	Gallur	2011	4	CHA	4,0
50118	Gallur	2015	1	PP	4,0
50118	Gallur	2015	2	PSOE	4,0
50118	Gallur	2015	5	PAR	0,0
50118	Gallur	2015	7	CHA	3,0
50119	Gelsa	2007	1	PSOE	5,0
50119	Gelsa	2007	2	PP	4,0
50119	Gelsa	2007	3	PAR	0,0
50119	Gelsa	2011	1	PP	5,0
50119	Gelsa	2011	2	PSOE	4,0
50119	Gelsa	2015	1	PP	4,0
50119	Gelsa	2015	2	PSOE	5,0
50120	Godojos	2007	1	PSOE	1,0
50120	Godojos	2007	2	PP	0,0
50120	Godojos	2007	3	PAR	0,0
50120	Godojos	2011	1	PP	0,0
50120	Godojos	2011	2	PSOE	3,0
50120	Godojos	2011	3	PAR	0,0
50120	Godojos	2015	1	PP	0,0
50120	Godojos	2015	2	PSOE	1,0
50121	Gotor	2007	1	PSOE	4,0
50121	Gotor	2007	2	PP	0,0
50121	Gotor	2007	3	PAR	3,0
50121	Gotor	2011	1	PP	1,0
50121	Gotor	2011	2	PSOE	4,0
50121	Gotor	2011	3	PAR	2,0
50121	Gotor	2015	5	PAR	2,0
50121	Gotor	2015	6	PSOE	4,0
50121	Gotor	2015	8	PP	1,0
50122	Grisel	2007	1	PSOE	0,0
50122	Grisel	2007	2	PP	1,0
50122	Grisel	2007	4	CHA	0,0
50122	Grisel	2011	1	PP	3,0
50122	Grisel	2011	2	PSOE	0,0
50122	Grisel	2011	3	PAR	0,0
50122	Grisel	2011	4	CHA	0,0
50122	Grisel	2015	1	PP	3,0
50122	Grisel	2015	2	PSOE	0,0
50122	Grisel	2015	5	PAR	0,0
50123	Grisén	2007	1	PSOE	6,0
50123	Grisén	2007	2	PP	0,0
50123	Grisén	2007	6	LV-FIA	1,0
50123	Grisén	2011	1	PP	4,0
50123	Grisén	2011	2	PSOE	3,0
50123	Grisén	2011	3	PAR	0,0
50123	Grisén	2011	8	FIA	0,0
50123	Grisén	2015	1	PP	3,0
50123	Grisén	2015	2	PSOE	4,0
50124	Herrera de los Navarros	2007	1	PSOE	0,0
50124	Herrera de los Navarros	2007	2	PP	3,0
50124	Herrera de los Navarros	2007	3	PAR	4,0
50124	Herrera de los Navarros	2011	1	PP	3,0
50124	Herrera de los Navarros	2011	2	PSOE	1,0
50124	Herrera de los Navarros	2011	3	PAR	3,0
50124	Herrera de los Navarros	2011	4	CHA	0,0
50124	Herrera de los Navarros	2015	5	PAR	1,0
50124	Herrera de los Navarros	2015	6	PSOE	2,0
50124	Herrera de los Navarros	2015	8	PP	1,0
50124	Herrera de los Navarros	2015	66	I.P.H.	3,0
50125	Ibdes	2007	1	PSOE	4,0
50125	Ibdes	2007	2	PP	0,0
50125	Ibdes	2007	3	PAR	3,0
50125	Ibdes	2011	1	PP	1,0
50125	Ibdes	2011	2	PSOE	5,0
50125	Ibdes	2011	3	PAR	1,0
50125	Ibdes	2015	5	PAR	2,0
50125	Ibdes	2015	6	PSOE	5,0
50125	Ibdes	2015	8	PP	0,0
50126	Illueca	2007	1	PSOE	4,0
50126	Illueca	2007	2	PP	3,0
50126	Illueca	2007	3	PAR	2,0
50126	Illueca	2007	4	CHA	2,0
50126	Illueca	2011	1	PP	5,0
50126	Illueca	2011	2	PSOE	2,0
50126	Illueca	2011	3	PAR	3,0
50126	Illueca	2011	4	CHA	1,0
50126	Illueca	2015	5	PAR	1,0
50126	Illueca	2015	6	PSOE	3,0
50126	Illueca	2015	7	CHA	1,0
50126	Illueca	2015	8	PP	6,0
50128	Isuerre	2007	1	PSOE	1,0
50128	Isuerre	2007	2	PP	0,0
50128	Isuerre	2007	3	PAR	0,0
50128	Isuerre	2011	1	PP	0,0
50128	Isuerre	2011	2	PSOE	1,0
50128	Isuerre	2011	3	PAR	0,0
50128	Isuerre	2015	1	PP	0,0
50128	Isuerre	2015	2	PSOE	1,0
50129	Jaraba	2007	1	PSOE	3,0
50129	Jaraba	2007	2	PP	1,0
50129	Jaraba	2007	3	PAR	3,0
50129	Jaraba	2011	1	PP	1,0
50129	Jaraba	2011	2	PSOE	4,0
50129	Jaraba	2011	3	PAR	2,0
50129	Jaraba	2015	5	PAR	4,0
50129	Jaraba	2015	6	PSOE	2,0
50129	Jaraba	2015	8	PP	1,0
50130	Jarque	2007	1	PSOE	1,0
50130	Jarque	2007	2	PP	0,0
50130	Jarque	2007	3	PAR	6,0
50130	Jarque	2011	2	PSOE	1,0
50130	Jarque	2011	3	PAR	6,0
50130	Jarque	2015	5	PAR	4,0
50130	Jarque	2015	6	PSOE	3,0
50130	Jarque	2015	8	PP	0,0
50131	Jaulín	2007	1	PSOE	0,0
50131	Jaulín	2007	2	PP	2,0
50131	Jaulín	2007	3	PAR	4,0
50131	Jaulín	2007	4	CHA	1,0
50131	Jaulín	2011	1	PP	2,0
50131	Jaulín	2011	2	PSOE	0,0
50131	Jaulín	2011	3	PAR	5,0
50131	Jaulín	2015	2	PSOE	1,0
50131	Jaulín	2015	5	PAR	6,0
50132	Joyosa (La)	2007	1	PSOE	5,0
50132	Joyosa (La)	2007	2	PP	0,0
50132	Joyosa (La)	2007	3	PAR	2,0
50132	Joyosa (La)	2011	1	PP	3,0
50132	Joyosa (La)	2011	2	PSOE	1,0
50132	Joyosa (La)	2011	3	PAR	3,0
50132	Joyosa (La)	2015	1	PP	5,0
50132	Joyosa (La)	2015	2	PSOE	4,0
50133	Lagata	2007	1	PSOE	4,0
50133	Lagata	2007	2	PP	1,0
50133	Lagata	2007	3	PAR	0,0
50133	Lagata	2007	4	CHA	0,0
50133	Lagata	2011	1	PP	0,0
50133	Lagata	2011	2	PSOE	4,0
50133	Lagata	2011	3	PAR	1,0
50133	Lagata	2015	1	PP	0,0
50133	Lagata	2015	2	PSOE	4,0
50133	Lagata	2015	5	PAR	1,0
50133	Lagata	2015	7	CHA	0,0
50134	Langa del Castillo	2007	1	PSOE	3,0
50134	Langa del Castillo	2007	2	PP	1,0
50134	Langa del Castillo	2007	3	PAR	1,0
50134	Langa del Castillo	2007	4	CHA	0,0
50134	Langa del Castillo	2011	1	PP	1,0
50134	Langa del Castillo	2011	2	PSOE	4,0
50134	Langa del Castillo	2011	3	PAR	0,0
50134	Langa del Castillo	2011	4	CHA	0,0
50134	Langa del Castillo	2015	1	PP	1,0
50134	Langa del Castillo	2015	2	PSOE	4,0
50134	Langa del Castillo	2015	5	PAR	0,0
50134	Langa del Castillo	2015	7	CHA	0,0
50135	Layana	2007	1	PSOE	1,0
50135	Layana	2007	2	PP	0,0
50135	Layana	2007	3	PAR	0,0
50135	Layana	2007	5	IU	0,0
50135	Layana	2007	35	AIL	4,0
50135	Layana	2011	1	PP	0,0
50135	Layana	2011	2	PSOE	5,0
50135	Layana	2011	5	IU	0,0
50135	Layana	2015	1	PP	1,0
50135	Layana	2015	2	PSOE	4,0
50136	Lécera	2007	1	PSOE	1,0
50136	Lécera	2007	2	PP	2,0
50136	Lécera	2007	3	PAR	4,0
50136	Lécera	2011	1	PP	2,0
50136	Lécera	2011	2	PSOE	1,0
50136	Lécera	2011	3	PAR	4,0
50136	Lécera	2015	1	PP	1,0
50136	Lécera	2015	2	PSOE	2,0
50136	Lécera	2015	5	PAR	4,0
50137	Leciñena	2007	1	PSOE	5,0
50137	Leciñena	2007	2	PP	0,0
50137	Leciñena	2007	3	PAR	4,0
50137	Leciñena	2007	4	CHA	0,0
50137	Leciñena	2011	1	PP	4,0
50137	Leciñena	2011	2	PSOE	5,0
50137	Leciñena	2011	3	PAR	0,0
50137	Leciñena	2015	1	PP	4,0
50137	Leciñena	2015	2	PSOE	5,0
50138	Lechón	2007	1	PSOE	0,0
50138	Lechón	2007	2	PP	0,0
50138	Lechón	2007	3	PAR	1,0
50138	Lechón	2007	4	CHA	0,0
50138	Lechón	2011	1	PP	2,0
50138	Lechón	2011	2	PSOE	0,0
50138	Lechón	2011	3	PAR	0,0
50138	Lechón	2011	4	CHA	0,0
50138	Lechón	2011	7	COMPROMISO CON ARAGON	1,0
50138	Lechón	2015	1	PP	2,0
50138	Lechón	2015	2	PSOE	1,0
50138	Lechón	2015	5	PAR	0,0
50139	Letux	2007	1	PSOE	3,0
50139	Letux	2007	2	PP	0,0
50139	Letux	2007	3	PAR	3,0
50139	Letux	2007	4	CHA	0,0
50139	Letux	2007	31	UCL	1,0
50139	Letux	2011	1	PP	0,0
50139	Letux	2011	2	PSOE	3,0
50139	Letux	2011	3	PAR	3,0
50139	Letux	2011	32	UCL	1,0
50139	Letux	2015	1	PP	0,0
50139	Letux	2015	2	PSOE	4,0
50139	Letux	2015	5	PAR	3,0
50140	Litago	2007	1	PSOE	4,0
50140	Litago	2007	2	PP	1,0
50140	Litago	2007	3	PAR	0,0
50140	Litago	2007	4	CHA	0,0
50140	Litago	2011	1	PP	1,0
50140	Litago	2011	2	PSOE	4,0
50140	Litago	2011	3	PAR	0,0
50140	Litago	2011	4	CHA	0,0
50140	Litago	2015	1	PP	1,0
50140	Litago	2015	2	PSOE	4,0
50141	Lituénigo	2007	1	PSOE	0,0
50141	Lituénigo	2007	2	PP	5,0
50141	Lituénigo	2007	4	CHA	0,0
50141	Lituénigo	2007	5	IU	0,0
50141	Lituénigo	2011	1	PP	5,0
50141	Lituénigo	2011	2	PSOE	0,0
50141	Lituénigo	2011	4	CHA	0,0
50141	Lituénigo	2011	5	IU	0,0
50141	Lituénigo	2015	1	PP	5,0
50141	Lituénigo	2015	2	PSOE	0,0
50141	Lituénigo	2015	72	IU	0,0
50142	Lobera de Onsella	2007	1	PSOE	1,0
50142	Lobera de Onsella	2007	2	PP	0,0
50142	Lobera de Onsella	2007	3	PAR	0,0
50142	Lobera de Onsella	2011	1	PP	0,0
50142	Lobera de Onsella	2011	2	PSOE	2,0
50142	Lobera de Onsella	2011	3	PAR	1,0
50142	Lobera de Onsella	2011	5	IU	0,0
50142	Lobera de Onsella	2015	1	PP	1,0
50142	Lobera de Onsella	2015	7	CHA	2,0
50143	Longares	2007	1	PSOE	2,0
50143	Longares	2007	2	PP	0,0
50143	Longares	2007	3	PAR	0,0
50143	Longares	2007	4	CHA	5,0
50143	Longares	2011	1	PP	0,0
50143	Longares	2011	2	PSOE	1,0
50143	Longares	2011	3	PAR	1,0
50143	Longares	2011	4	CHA	5,0
50143	Longares	2015	1	PP	0,0
50143	Longares	2015	2	PSOE	2,0
50143	Longares	2015	5	PAR	0,0
50143	Longares	2015	7	CHA	5,0
50144	Longás	2007	1	PSOE	0,0
50144	Longás	2007	2	PP	1,0
50144	Longás	2007	3	PAR	0,0
50144	Longás	2011	1	PP	1,0
50144	Longás	2011	2	PSOE	0,0
50144	Longás	2011	3	PAR	0,0
50144	Longás	2015	1	PP	1,0
50144	Longás	2015	2	PSOE	0,0
50146	Lucena de Jalón	2007	1	PSOE	5,0
50146	Lucena de Jalón	2007	2	PP	2,0
50146	Lucena de Jalón	2011	1	PP	3,0
50146	Lucena de Jalón	2011	2	PSOE	4,0
50146	Lucena de Jalón	2015	1	PP	2,0
50146	Lucena de Jalón	2015	2	PSOE	5,0
50147	Luceni	2007	1	PSOE	6,0
50147	Luceni	2007	2	PP	3,0
50147	Luceni	2007	3	PAR	0,0
50147	Luceni	2011	1	PP	3,0
50147	Luceni	2011	2	PSOE	6,0
50147	Luceni	2011	3	PAR	0,0
50147	Luceni	2015	1	PP	3,0
50147	Luceni	2015	2	PSOE	6,0
50148	Luesia	2007	1	PSOE	3,0
50148	Luesia	2007	2	PP	3,0
50148	Luesia	2007	3	PAR	1,0
50148	Luesia	2011	1	PP	3,0
50148	Luesia	2011	2	PSOE	3,0
50148	Luesia	2011	3	PAR	1,0
50148	Luesia	2011	4	CHA	0,0
50148	Luesia	2015	7	CHA	1,0
50148	Luesia	2015	8	PP	4,0
50148	Luesia	2015	19	PSOE	2,0
50149	Luesma	2007	1	PSOE	0,0
50149	Luesma	2007	2	PP	0,0
50149	Luesma	2007	3	PAR	1,0
50149	Luesma	2007	4	CHA	0,0
50149	Luesma	2011	1	PP	0,0
50149	Luesma	2011	2	PSOE	0,0
50149	Luesma	2011	3	PAR	1,0
50149	Luesma	2015	1	PP	0,0
50149	Luesma	2015	2	PSOE	0,0
50149	Luesma	2015	5	PAR	1,0
50150	Lumpiaque	2007	1	PSOE	2,0
50150	Lumpiaque	2007	2	PP	0,0
50150	Lumpiaque	2007	3	PAR	5,0
50150	Lumpiaque	2011	1	PP	1,0
50150	Lumpiaque	2011	2	PSOE	2,0
50150	Lumpiaque	2011	3	PAR	4,0
50150	Lumpiaque	2015	1	PP	3,0
50150	Lumpiaque	2015	2	PSOE	0,0
50150	Lumpiaque	2015	5	PAR	4,0
50151	Luna	2007	1	PSOE	3,0
50151	Luna	2007	2	PP	0,0
50151	Luna	2007	3	PAR	4,0
50151	Luna	2011	1	PP	0,0
50151	Luna	2011	2	PSOE	2,0
50151	Luna	2011	3	PAR	5,0
50151	Luna	2015	8	PP	4,0
50151	Luna	2015	19	PSOE	2,0
50151	Luna	2015	21	PAR	1,0
50152	Maella	2007	1	PSOE	6,0
50152	Maella	2007	2	PP	5,0
50152	Maella	2007	3	PAR	0,0
50152	Maella	2011	1	PP	6,0
50152	Maella	2011	2	PSOE	4,0
50152	Maella	2011	3	PAR	1,0
50152	Maella	2015	1	PP	5,0
50152	Maella	2015	2	PSOE	3,0
50152	Maella	2015	26	CHA	1,0
50153	Magallón	2007	1	PSOE	8,0
50153	Magallón	2007	2	PP	0,0
50153	Magallón	2007	3	PAR	1,0
50153	Magallón	2007	4	CHA	0,0
50153	Magallón	2011	1	PP	1,0
50153	Magallón	2011	2	PSOE	8,0
50153	Magallón	2011	3	PAR	0,0
50153	Magallón	2015	1	PP	0,0
50153	Magallón	2015	2	PSOE	7,0
50153	Magallón	2015	13	ARAGONSIPUEDE	2,0
50154	Mainar	2007	1	PSOE	0,0
50154	Mainar	2007	2	PP	0,0
50154	Mainar	2007	3	PAR	5,0
50154	Mainar	2007	4	CHA	0,0
50154	Mainar	2007	5	IU	0,0
50154	Mainar	2011	1	PP	0,0
50154	Mainar	2011	2	PSOE	0,0
50154	Mainar	2011	3	PAR	5,0
50154	Mainar	2015	1	PP	1,0
50154	Mainar	2015	2	PSOE	0,0
50154	Mainar	2015	5	PAR	4,0
50154	Mainar	2015	7	CHA	0,0
50155	Malanquilla	2007	1	PSOE	5,0
50155	Malanquilla	2007	2	PP	0,0
50155	Malanquilla	2007	3	PAR	0,0
50155	Malanquilla	2007	4	CHA	0,0
50155	Malanquilla	2011	1	PP	0,0
50155	Malanquilla	2011	2	PSOE	5,0
50155	Malanquilla	2011	3	PAR	0,0
50155	Malanquilla	2015	1	PP	0,0
50155	Malanquilla	2015	2	PSOE	4,0
50155	Malanquilla	2015	5	PAR	1,0
50156	Maleján	2007	1	PSOE	2,0
50156	Maleján	2007	2	PP	0,0
50156	Maleján	2007	3	PAR	4,0
50156	Maleján	2007	4	CHA	1,0
50156	Maleján	2011	1	PP	0,0
50156	Maleján	2011	2	PSOE	3,0
50156	Maleján	2011	3	PAR	4,0
50156	Maleján	2015	1	PP	0,0
50156	Maleján	2015	2	PSOE	1,0
50156	Maleján	2015	5	PAR	5,0
50156	Maleján	2015	7	CHA	1,0
50157	Malón	2007	1	PSOE	3,0
50157	Malón	2007	2	PP	4,0
50157	Malón	2007	3	PAR	0,0
50157	Malón	2007	4	CHA	0,0
50157	Malón	2011	1	PP	4,0
50157	Malón	2011	2	PSOE	3,0
50157	Malón	2015	1	PP	3,0
50157	Malón	2015	2	PSOE	4,0
50159	Maluenda	2007	1	PSOE	2,0
50159	Maluenda	2007	2	PP	5,0
50159	Maluenda	2007	3	PAR	2,0
50159	Maluenda	2011	1	PP	4,0
50159	Maluenda	2011	2	PSOE	2,0
50159	Maluenda	2011	3	PAR	3,0
50159	Maluenda	2015	5	PAR	5,0
50159	Maluenda	2015	6	PSOE	1,0
50159	Maluenda	2015	8	PP	3,0
50160	Mallén	2007	1	PSOE	9,0
50160	Mallén	2007	2	PP	2,0
50160	Mallén	2007	4	CHA	0,0
50160	Mallén	2011	1	PP	3,0
50160	Mallén	2011	2	PSOE	8,0
50160	Mallén	2011	3	PAR	0,0
50160	Mallén	2011	4	CHA	0,0
50160	Mallén	2015	1	PP	2,0
50160	Mallén	2015	2	PSOE	5,0
50160	Mallén	2015	7	CHA	0,0
50160	Mallén	2015	38	POR MALLEN	4,0
50161	Manchones	2007	1	PSOE	0,0
50161	Manchones	2007	2	PP	1,0
50161	Manchones	2007	3	PAR	4,0
50161	Manchones	2007	4	CHA	0,0
50161	Manchones	2007	5	IU	0,0
50161	Manchones	2011	2	PSOE	1,0
50161	Manchones	2011	3	PAR	4,0
50161	Manchones	2015	1	PP	0,0
50161	Manchones	2015	2	PSOE	1,0
50161	Manchones	2015	5	PAR	4,0
50161	Manchones	2015	72	IU	0,0
50162	Mara	2007	1	PSOE	5,0
50162	Mara	2007	2	PP	0,0
50162	Mara	2007	3	PAR	0,0
50162	Mara	2007	4	CHA	0,0
50162	Mara	2007	5	IU	0,0
50162	Mara	2011	1	PP	0,0
50162	Mara	2011	2	PSOE	4,0
50162	Mara	2011	3	PAR	1,0
50162	Mara	2011	4	CHA	0,0
50162	Mara	2015	1	PP	0,0
50162	Mara	2015	2	PSOE	3,0
50162	Mara	2015	4	C's	1,0
50162	Mara	2015	5	PAR	1,0
50162	Mara	2015	7	CHA	0,0
50163	María de Huerva	2007	1	PSOE	3,0
50163	María de Huerva	2007	2	PP	4,0
50163	María de Huerva	2007	3	PAR	1,0
50163	María de Huerva	2007	4	CHA	3,0
50163	María de Huerva	2007	5	IU	0,0
50163	María de Huerva	2011	1	PP	8,0
50163	María de Huerva	2011	2	PSOE	1,0
50163	María de Huerva	2011	3	PAR	0,0
50163	María de Huerva	2011	4	CHA	2,0
50163	María de Huerva	2011	5	IU	0,0
50163	María de Huerva	2011	8	FIA	0,0
50163	María de Huerva	2015	1	PP	9,0
50163	María de Huerva	2015	2	PSOE	1,0
50163	María de Huerva	2015	5	PAR	0,0
50163	María de Huerva	2015	7	CHA	2,0
50163	María de Huerva	2015	33	IU-ZGZ	1,0
50164	Mediana de Aragón	2007	1	PSOE	3,0
50164	Mediana de Aragón	2007	2	PP	4,0
50164	Mediana de Aragón	2007	4	CHA	0,0
50164	Mediana de Aragón	2011	1	PP	5,0
50164	Mediana de Aragón	2011	2	PSOE	2,0
50164	Mediana de Aragón	2015	1	PP	5,0
50164	Mediana de Aragón	2015	2	PSOE	2,0
50165	Mequinenza	2007	1	PSOE	7,0
50165	Mequinenza	2007	2	PP	0,0
50165	Mequinenza	2007	3	PAR	1,0
50165	Mequinenza	2007	4	CHA	0,0
50165	Mequinenza	2007	5	IU	3,0
50165	Mequinenza	2011	1	PP	1,0
50165	Mequinenza	2011	2	PSOE	7,0
50165	Mequinenza	2011	3	PAR	3,0
50165	Mequinenza	2015	5	PAR	4,0
50165	Mequinenza	2015	6	PSOE	7,0
50165	Mequinenza	2015	8	PP	0,0
50166	Mesones de Isuela	2007	1	PSOE	2,0
50166	Mesones de Isuela	2007	2	PP	4,0
50166	Mesones de Isuela	2007	3	PAR	0,0
50166	Mesones de Isuela	2007	5	IU	1,0
50166	Mesones de Isuela	2011	1	PP	4,0
50166	Mesones de Isuela	2011	2	PSOE	1,0
50166	Mesones de Isuela	2011	3	PAR	1,0
50166	Mesones de Isuela	2011	5	IU	1,0
50166	Mesones de Isuela	2015	5	PAR	1,0
50166	Mesones de Isuela	2015	6	PSOE	3,0
50166	Mesones de Isuela	2015	8	PP	2,0
50166	Mesones de Isuela	2015	86	IU-ZGZ	1,0
50167	Mezalocha	2007	1	PSOE	1,0
50167	Mezalocha	2007	2	PP	5,0
50167	Mezalocha	2007	3	PAR	1,0
50167	Mezalocha	2011	1	PP	3,0
50167	Mezalocha	2011	2	PSOE	1,0
50167	Mezalocha	2011	3	PAR	1,0
50167	Mezalocha	2011	4	CHA	0,0
50167	Mezalocha	2011	5	IU	0,0
50167	Mezalocha	2015	1	PP	1,0
50167	Mezalocha	2015	2	PSOE	2,0
50167	Mezalocha	2015	5	PAR	2,0
50167	Mezalocha	2015	7	CHA	0,0
50168	Mianos	2007	1	PSOE	0,0
50168	Mianos	2007	2	PP	0,0
50168	Mianos	2007	3	PAR	0,0
50168	Mianos	2007	4	CHA	1,0
50168	Mianos	2011	1	PP	0,0
50168	Mianos	2011	3	PAR	3,0
50168	Mianos	2015	1	PP	0,0
50168	Mianos	2015	2	PSOE	0,0
50168	Mianos	2015	7	CHA	1,0
50169	Miedes de Aragón	2007	1	PSOE	4,0
50169	Miedes de Aragón	2007	2	PP	2,0
50169	Miedes de Aragón	2007	3	PAR	1,0
50169	Miedes de Aragón	2007	4	CHA	0,0
50169	Miedes de Aragón	2011	1	PP	4,0
50169	Miedes de Aragón	2011	2	PSOE	2,0
50169	Miedes de Aragón	2011	3	PAR	1,0
50169	Miedes de Aragón	2015	5	PAR	0,0
50169	Miedes de Aragón	2015	6	PSOE	3,0
50169	Miedes de Aragón	2015	8	PP	4,0
50170	Monegrillo	2007	1	PSOE	4,0
50170	Monegrillo	2007	2	PP	0,0
50170	Monegrillo	2007	3	PAR	3,0
50170	Monegrillo	2011	1	PP	0,0
50170	Monegrillo	2011	2	PSOE	4,0
50170	Monegrillo	2011	3	PAR	3,0
50170	Monegrillo	2015	1	PP	1,0
50170	Monegrillo	2015	2	PSOE	6,0
50171	Moneva	2007	1	PSOE	0,0
50171	Moneva	2007	2	PP	0,0
50171	Moneva	2007	3	PAR	1,0
50171	Moneva	2007	4	CHA	0,0
50171	Moneva	2011	1	PP	0,0
50171	Moneva	2011	2	PSOE	0,0
50171	Moneva	2011	3	PAR	5,0
50171	Moneva	2015	1	PP	0,0
50171	Moneva	2015	2	PSOE	0,0
50171	Moneva	2015	4	C's	0,0
50171	Moneva	2015	5	PAR	5,0
50171	Moneva	2015	7	CHA	0,0
50172	Monreal de Ariza	2007	1	PSOE	2,0
50172	Monreal de Ariza	2007	2	PP	0,0
50172	Monreal de Ariza	2007	3	PAR	3,0
50172	Monreal de Ariza	2007	4	CHA	0,0
50172	Monreal de Ariza	2007	5	IU	0,0
50172	Monreal de Ariza	2011	1	PP	0,0
50172	Monreal de Ariza	2011	2	PSOE	0,0
50172	Monreal de Ariza	2011	3	PAR	4,0
50172	Monreal de Ariza	2011	4	CHA	1,0
50172	Monreal de Ariza	2011	5	IU	0,0
50172	Monreal de Ariza	2015	1	PP	0,0
50172	Monreal de Ariza	2015	2	PSOE	0,0
50172	Monreal de Ariza	2015	5	PAR	4,0
50172	Monreal de Ariza	2015	7	CHA	1,0
50173	Monterde	2007	1	PSOE	1,0
50173	Monterde	2007	2	PP	4,0
50173	Monterde	2007	3	PAR	0,0
50173	Monterde	2007	4	CHA	0,0
50173	Monterde	2007	5	IU	0,0
50173	Monterde	2011	1	PP	4,0
50173	Monterde	2011	2	PSOE	1,0
50173	Monterde	2011	3	PAR	0,0
50173	Monterde	2015	1	PP	4,0
50173	Monterde	2015	2	PSOE	1,0
50173	Monterde	2015	5	PAR	0,0
50174	Montón	2007	1	PSOE	0,0
50174	Montón	2007	2	PP	0,0
50174	Montón	2007	3	PAR	5,0
50174	Montón	2007	4	CHA	0,0
50174	Montón	2011	1	PP	0,0
50174	Montón	2011	2	PSOE	0,0
50174	Montón	2011	3	PAR	5,0
50174	Montón	2011	4	CHA	0,0
50174	Montón	2015	2	PSOE	0,0
50174	Montón	2015	5	PAR	5,0
50175	Morata de Jalón	2007	1	PSOE	3,0
50175	Morata de Jalón	2007	2	PP	1,0
50175	Morata de Jalón	2007	3	PAR	1,0
50175	Morata de Jalón	2007	4	CHA	4,0
50175	Morata de Jalón	2007	5	IU	0,0
50175	Morata de Jalón	2011	1	PP	1,0
50175	Morata de Jalón	2011	2	PSOE	5,0
50175	Morata de Jalón	2011	3	PAR	2,0
50175	Morata de Jalón	2011	5	IU	1,0
50175	Morata de Jalón	2015	1	PP	1,0
50175	Morata de Jalón	2015	2	PSOE	4,0
50175	Morata de Jalón	2015	5	PAR	1,0
50175	Morata de Jalón	2015	56	ZGZ	3,0
50176	Morata de Jiloca	2007	1	PSOE	1,0
50176	Morata de Jiloca	2007	2	PP	0,0
50176	Morata de Jiloca	2007	3	PAR	6,0
50176	Morata de Jiloca	2011	1	PP	0,0
50176	Morata de Jiloca	2011	2	PSOE	1,0
50176	Morata de Jiloca	2011	3	PAR	5,0
50176	Morata de Jiloca	2011	8	FIA	1,0
50176	Morata de Jiloca	2015	1	PP	1,0
50176	Morata de Jiloca	2015	2	PSOE	0,0
50176	Morata de Jiloca	2015	5	PAR	4,0
50176	Morata de Jiloca	2015	7	CHA	0,0
50177	Morés	2007	1	PSOE	3,0
50177	Morés	2007	2	PP	3,0
50177	Morés	2007	3	PAR	1,0
50177	Morés	2007	4	CHA	0,0
50177	Morés	2011	1	PP	3,0
50177	Morés	2011	2	PSOE	4,0
50177	Morés	2011	3	PAR	0,0
50177	Morés	2015	5	PAR	1,0
50177	Morés	2015	6	PSOE	3,0
50177	Morés	2015	8	PP	3,0
50178	Moros	2007	1	PSOE	4,0
50178	Moros	2007	2	PP	3,0
50178	Moros	2007	3	PAR	0,0
50178	Moros	2011	1	PP	2,0
50178	Moros	2011	2	PSOE	5,0
50178	Moros	2011	3	PAR	0,0
50178	Moros	2015	5	PAR	0,0
50178	Moros	2015	6	PSOE	7,0
50178	Moros	2015	8	PP	0,0
50179	Moyuela	2007	1	PSOE	3,0
50179	Moyuela	2007	2	PP	0,0
50179	Moyuela	2007	3	PAR	4,0
50179	Moyuela	2011	1	PP	2,0
50179	Moyuela	2011	2	PSOE	4,0
50179	Moyuela	2011	3	PAR	1,0
50179	Moyuela	2015	1	PP	3,0
50179	Moyuela	2015	2	PSOE	4,0
50180	Mozota	2007	1	PSOE	0,0
50180	Mozota	2007	2	PP	0,0
50180	Mozota	2007	3	PAR	5,0
50180	Mozota	2007	4	CHA	0,0
50180	Mozota	2011	1	PP	0,0
50180	Mozota	2011	3	PAR	5,0
50180	Mozota	2015	2	PSOE	0,0
50180	Mozota	2015	5	PAR	5,0
50180	Mozota	2015	7	CHA	0,0
50181	Muel	2007	1	PSOE	4,0
50181	Muel	2007	2	PP	3,0
50181	Muel	2007	3	PAR	1,0
50181	Muel	2007	4	CHA	1,0
50181	Muel	2007	5	IU	0,0
50181	Muel	2011	1	PP	2,0
50181	Muel	2011	2	PSOE	4,0
50181	Muel	2011	3	PAR	1,0
50181	Muel	2011	4	CHA	2,0
50181	Muel	2015	1	PP	3,0
50181	Muel	2015	2	PSOE	3,0
50181	Muel	2015	5	PAR	1,0
50181	Muel	2015	7	CHA	2,0
50182	Muela (La)	2007	1	PSOE	2,0
50182	Muela (La)	2007	2	PP	2,0
50182	Muela (La)	2007	3	PAR	7,0
50182	Muela (La)	2007	4	CHA	0,0
50182	Muela (La)	2011	1	PP	6,0
50182	Muela (La)	2011	2	PSOE	1,0
50182	Muela (La)	2011	3	PAR	0,0
50182	Muela (La)	2011	4	CHA	2,0
50182	Muela (La)	2011	5	IU	0,0
50182	Muela (La)	2011	6	UPyD	0,0
50182	Muela (La)	2011	7	COMPROMISO CON ARAGON	0,0
50182	Muela (La)	2011	8	FIA	3,0
50182	Muela (La)	2011	12	CDL	1,0
50182	Muela (La)	2015	1	PP	3,0
50182	Muela (La)	2015	2	PSOE	1,0
50182	Muela (La)	2015	4	C's	1,0
50182	Muela (La)	2015	5	PAR	3,0
50182	Muela (La)	2015	7	CHA	2,0
50182	Muela (La)	2015	55	GLM-ZGZ	1,0
50183	Munébrega	2007	1	PSOE	1,0
50183	Munébrega	2007	2	PP	0,0
50183	Munébrega	2007	3	PAR	6,0
50183	Munébrega	2011	1	PP	3,0
50183	Munébrega	2011	2	PSOE	0,0
50183	Munébrega	2011	3	PAR	4,0
50183	Munébrega	2015	5	PAR	5,0
50183	Munébrega	2015	6	PSOE	0,0
50183	Munébrega	2015	8	PP	2,0
50184	Murero	2007	1	PSOE	1,0
50184	Murero	2007	2	PP	0,0
50184	Murero	2007	3	PAR	4,0
50184	Murero	2007	4	CHA	0,0
50184	Murero	2011	1	PP	0,0
50184	Murero	2011	2	PSOE	1,0
50184	Murero	2011	3	PAR	4,0
50184	Murero	2015	2	PSOE	0,0
50184	Murero	2015	5	PAR	5,0
50185	Murillo de Gállego	2007	1	PSOE	0,0
50185	Murillo de Gállego	2007	2	PP	4,0
50185	Murillo de Gállego	2007	3	PAR	0,0
50185	Murillo de Gállego	2007	4	CHA	1,0
50185	Murillo de Gállego	2007	5	IU	0,0
50185	Murillo de Gállego	2011	1	PP	2,0
50185	Murillo de Gállego	2011	2	PSOE	0,0
50185	Murillo de Gállego	2011	3	PAR	0,0
50185	Murillo de Gállego	2011	4	CHA	2,0
50185	Murillo de Gállego	2011	5	IU	0,0
50185	Murillo de Gállego	2011	29	ECOLO VERDES	1,0
50185	Murillo de Gállego	2015	1	PP	1,0
50185	Murillo de Gállego	2015	2	PSOE	0,0
50185	Murillo de Gállego	2015	21	PAR	1,0
50185	Murillo de Gállego	2015	78	AE MURILLO DE GALLEGO	3,0
50186	Navardún	2007	1	PSOE	1,0
50186	Navardún	2007	2	PP	0,0
50186	Navardún	2007	3	PAR	0,0
50186	Navardún	2011	1	PP	1,0
50186	Navardún	2011	2	PSOE	0,0
50186	Navardún	2011	3	PAR	0,0
50186	Navardún	2015	1	PP	1,0
50186	Navardún	2015	2	PSOE	0,0
50187	Nigüella	2007	1	PSOE	0,0
50187	Nigüella	2007	2	PP	0,0
50187	Nigüella	2007	3	PAR	0,0
50187	Nigüella	2007	4	CHA	1,0
50187	Nigüella	2011	1	PP	0,0
50187	Nigüella	2011	2	PSOE	1,0
50187	Nigüella	2011	3	PAR	0,0
50187	Nigüella	2011	4	CHA	2,0
50187	Nigüella	2015	1	PP	0,0
50187	Nigüella	2015	2	PSOE	0,0
50187	Nigüella	2015	5	PAR	1,0
50187	Nigüella	2015	7	CHA	2,0
50188	Nombrevilla	2007	1	PSOE	0,0
50188	Nombrevilla	2007	2	PP	1,0
50188	Nombrevilla	2007	3	PAR	0,0
50188	Nombrevilla	2007	4	CHA	0,0
50188	Nombrevilla	2011	1	PP	0,0
50188	Nombrevilla	2011	3	PAR	1,0
50188	Nombrevilla	2011	4	CHA	0,0
50188	Nombrevilla	2015	1	PP	0,0
50188	Nombrevilla	2015	2	PSOE	0,0
50188	Nombrevilla	2015	5	PAR	1,0
50188	Nombrevilla	2015	7	CHA	0,0
50189	Nonaspe	2007	1	PSOE	2,0
50189	Nonaspe	2007	2	PP	6,0
50189	Nonaspe	2007	3	PAR	0,0
50189	Nonaspe	2007	4	CHA	1,0
50189	Nonaspe	2011	1	PP	6,0
50189	Nonaspe	2011	2	PSOE	0,0
50189	Nonaspe	2011	4	CHA	3,0
50189	Nonaspe	2015	1	PP	6,0
50189	Nonaspe	2015	26	CHA	3,0
50190	Novallas	2007	1	PSOE	4,0
50190	Novallas	2007	2	PP	2,0
50190	Novallas	2007	3	PAR	1,0
50190	Novallas	2007	4	CHA	0,0
50190	Novallas	2011	1	PP	2,0
50190	Novallas	2011	2	PSOE	5,0
50190	Novallas	2011	4	CHA	0,0
50190	Novallas	2015	1	PP	2,0
50190	Novallas	2015	2	PSOE	5,0
50191	Novillas	2007	1	PSOE	4,0
50191	Novillas	2007	2	PP	1,0
50191	Novillas	2007	3	PAR	2,0
50191	Novillas	2011	1	PP	3,0
50191	Novillas	2011	2	PSOE	4,0
50191	Novillas	2011	4	CHA	0,0
50191	Novillas	2015	1	PP	2,0
50191	Novillas	2015	2	PSOE	5,0
50192	Nuévalos	2007	1	PSOE	4,0
50192	Nuévalos	2007	2	PP	0,0
50192	Nuévalos	2007	3	PAR	3,0
50192	Nuévalos	2007	4	CHA	0,0
50192	Nuévalos	2011	1	PP	0,0
50192	Nuévalos	2011	2	PSOE	4,0
50192	Nuévalos	2011	3	PAR	2,0
50192	Nuévalos	2011	4	CHA	1,0
50192	Nuévalos	2015	5	PAR	1,0
50192	Nuévalos	2015	6	PSOE	6,0
50192	Nuévalos	2015	8	PP	0,0
50193	Nuez de Ebro	2007	1	PSOE	5,0
50193	Nuez de Ebro	2007	2	PP	2,0
50193	Nuez de Ebro	2007	4	CHA	0,0
50193	Nuez de Ebro	2011	1	PP	2,0
50193	Nuez de Ebro	2011	2	PSOE	3,0
50193	Nuez de Ebro	2011	4	CHA	2,0
50193	Nuez de Ebro	2015	1	PP	2,0
50193	Nuez de Ebro	2015	2	PSOE	5,0
50194	Olvés	2007	1	PSOE	0,0
50194	Olvés	2007	2	PP	4,0
50194	Olvés	2007	3	PAR	1,0
50194	Olvés	2007	4	CHA	0,0
50194	Olvés	2011	1	PP	4,0
50194	Olvés	2011	2	PSOE	0,0
50194	Olvés	2011	3	PAR	1,0
50194	Olvés	2015	1	PP	4,0
50194	Olvés	2015	2	PSOE	1,0
50194	Olvés	2015	5	PAR	0,0
50195	Orcajo	2007	1	PSOE	0,0
50195	Orcajo	2007	2	PP	0,0
50195	Orcajo	2007	3	PAR	1,0
50195	Orcajo	2007	4	CHA	0,0
50195	Orcajo	2011	2	PSOE	1,0
50195	Orcajo	2015	1	PP	0,0
50195	Orcajo	2015	2	PSOE	3,0
50196	Orera	2007	1	PSOE	4,0
50196	Orera	2007	2	PP	0,0
50196	Orera	2007	3	PAR	1,0
50196	Orera	2011	2	PSOE	5,0
50196	Orera	2011	3	PAR	0,0
50196	Orera	2015	1	PP	0,0
50196	Orera	2015	2	PSOE	5,0
50196	Orera	2015	5	PAR	0,0
50197	Orés	2007	1	PSOE	1,0
50197	Orés	2007	2	PP	4,0
50197	Orés	2007	3	PAR	0,0
50197	Orés	2007	4	CHA	0,0
50197	Orés	2007	5	IU	0,0
50197	Orés	2011	1	PP	3,0
50197	Orés	2011	2	PSOE	1,0
50197	Orés	2011	3	PAR	1,0
50197	Orés	2015	1	PP	3,0
50197	Orés	2015	2	PSOE	1,0
50197	Orés	2015	21	PAR	1,0
50198	Oseja	2007	1	PSOE	0,0
50198	Oseja	2007	2	PP	1,0
50198	Oseja	2007	3	PAR	0,0
50198	Oseja	2011	1	PP	0,0
50198	Oseja	2011	3	PAR	1,0
50198	Oseja	2015	1	PP	0,0
50198	Oseja	2015	2	PSOE	0,0
50198	Oseja	2015	5	PAR	1,0
50199	Osera de Ebro	2007	1	PSOE	3,0
50199	Osera de Ebro	2007	2	PP	2,0
50199	Osera de Ebro	2007	3	PAR	2,0
50199	Osera de Ebro	2007	4	CHA	0,0
50199	Osera de Ebro	2011	1	PP	3,0
50199	Osera de Ebro	2011	2	PSOE	2,0
50199	Osera de Ebro	2011	3	PAR	2,0
50199	Osera de Ebro	2015	1	PP	3,0
50199	Osera de Ebro	2015	2	PSOE	3,0
50199	Osera de Ebro	2015	5	PAR	1,0
50200	Paniza	2007	1	PSOE	4,0
50200	Paniza	2007	2	PP	0,0
50200	Paniza	2007	3	PAR	2,0
50200	Paniza	2007	4	CHA	1,0
50200	Paniza	2011	1	PP	1,0
50200	Paniza	2011	2	PSOE	4,0
50200	Paniza	2011	3	PAR	1,0
50200	Paniza	2011	4	CHA	1,0
50200	Paniza	2015	4	C's	4,0
50200	Paniza	2015	6	PSOE	3,0
50200	Paniza	2015	8	PP	0,0
50200	Paniza	2015	24	CHA	0,0
50201	Paracuellos de Jiloca	2007	1	PSOE	5,0
50201	Paracuellos de Jiloca	2007	2	PP	1,0
50201	Paracuellos de Jiloca	2007	3	PAR	1,0
50201	Paracuellos de Jiloca	2011	1	PP	1,0
50201	Paracuellos de Jiloca	2011	2	PSOE	5,0
50201	Paracuellos de Jiloca	2011	3	PAR	1,0
50201	Paracuellos de Jiloca	2015	5	PAR	1,0
50201	Paracuellos de Jiloca	2015	6	PSOE	5,0
50201	Paracuellos de Jiloca	2015	8	PP	1,0
50202	Paracuellos de la Ribera	2007	1	PSOE	5,0
50202	Paracuellos de la Ribera	2007	2	PP	0,0
50202	Paracuellos de la Ribera	2007	3	PAR	0,0
50202	Paracuellos de la Ribera	2007	4	CHA	0,0
50202	Paracuellos de la Ribera	2011	1	PP	0,0
50202	Paracuellos de la Ribera	2011	2	PSOE	2,0
50202	Paracuellos de la Ribera	2011	3	PAR	3,0
50202	Paracuellos de la Ribera	2015	1	PP	0,0
50202	Paracuellos de la Ribera	2015	2	PSOE	1,0
50202	Paracuellos de la Ribera	2015	5	PAR	4,0
50202	Paracuellos de la Ribera	2015	7	CHA	0,0
50202	Paracuellos de la Ribera	2015	92	COMIENZOS NUEVOS	0,0
50203	Pastriz	2007	1	PSOE	4,0
50203	Pastriz	2007	2	PP	0,0
50203	Pastriz	2007	3	PAR	4,0
50203	Pastriz	2007	4	CHA	1,0
50203	Pastriz	2007	40	PAVIP	0,0
50203	Pastriz	2011	1	PP	0,0
50203	Pastriz	2011	2	PSOE	4,0
50203	Pastriz	2011	3	PAR	5,0
50203	Pastriz	2011	4	CHA	0,0
50203	Pastriz	2015	1	PP	1,0
50203	Pastriz	2015	2	PSOE	1,0
50203	Pastriz	2015	5	PAR	4,0
50203	Pastriz	2015	54	ZGZ	3,0
50204	Pedrola	2007	1	PSOE	6,0
50204	Pedrola	2007	2	PP	1,0
50204	Pedrola	2007	3	PAR	3,0
50204	Pedrola	2007	4	CHA	0,0
50204	Pedrola	2007	5	IU	1,0
50204	Pedrola	2011	1	PP	1,0
50204	Pedrola	2011	2	PSOE	7,0
50204	Pedrola	2011	3	PAR	3,0
50204	Pedrola	2011	4	CHA	0,0
50204	Pedrola	2011	5	IU	0,0
50204	Pedrola	2015	1	PP	1,0
50204	Pedrola	2015	2	PSOE	7,0
50204	Pedrola	2015	7	CHA	0,0
50204	Pedrola	2015	13	ARAGONSIPUEDE	2,0
50204	Pedrola	2015	30	BAR	0,0
50204	Pedrola	2015	33	IU-ZGZ	1,0
50205	Pedrosas (Las)	2007	1	PSOE	3,0
50205	Pedrosas (Las)	2007	2	PP	0,0
50205	Pedrosas (Las)	2007	3	PAR	2,0
50205	Pedrosas (Las)	2007	4	CHA	0,0
50205	Pedrosas (Las)	2007	5	IU	0,0
50205	Pedrosas (Las)	2011	1	PP	0,0
50205	Pedrosas (Las)	2011	2	PSOE	4,0
50205	Pedrosas (Las)	2011	3	PAR	1,0
50205	Pedrosas (Las)	2011	5	IU	0,0
50205	Pedrosas (Las)	2015	1	PP	1,0
50205	Pedrosas (Las)	2015	2	PSOE	4,0
50206	Perdiguera	2007	1	PSOE	2,0
50206	Perdiguera	2007	2	PP	3,0
50206	Perdiguera	2007	3	PAR	2,0
50206	Perdiguera	2007	4	CHA	0,0
50206	Perdiguera	2011	1	PP	5,0
50206	Perdiguera	2011	2	PSOE	1,0
50206	Perdiguera	2011	3	PAR	1,0
50206	Perdiguera	2011	4	CHA	0,0
50206	Perdiguera	2015	1	PP	6,0
50206	Perdiguera	2015	2	PSOE	1,0
50207	Piedratajada	2007	1	PSOE	1,0
50207	Piedratajada	2007	2	PP	0,0
50207	Piedratajada	2007	3	PAR	3,0
50207	Piedratajada	2007	4	CHA	1,0
50207	Piedratajada	2007	5	IU	0,0
50207	Piedratajada	2011	1	PP	0,0
50207	Piedratajada	2011	2	PSOE	4,0
50207	Piedratajada	2011	3	PAR	1,0
50207	Piedratajada	2011	5	IU	0,0
50207	Piedratajada	2015	1	PP	0,0
50207	Piedratajada	2015	2	PSOE	4,0
50207	Piedratajada	2015	89	GANAR-ZRZ	1,0
50208	Pina de Ebro	2007	1	PSOE	4,0
50208	Pina de Ebro	2007	2	PP	2,0
50208	Pina de Ebro	2007	3	PAR	1,0
50208	Pina de Ebro	2007	4	CHA	4,0
50208	Pina de Ebro	2011	1	PP	3,0
50208	Pina de Ebro	2011	2	PSOE	4,0
50208	Pina de Ebro	2011	3	PAR	1,0
50208	Pina de Ebro	2011	4	CHA	3,0
50208	Pina de Ebro	2015	1	PP	4,0
50208	Pina de Ebro	2015	2	PSOE	3,0
50208	Pina de Ebro	2015	7	CHA	3,0
50208	Pina de Ebro	2015	59	A.V.P.	1,0
50209	Pinseque	2007	1	PSOE	4,0
50209	Pinseque	2007	2	PP	4,0
50209	Pinseque	2007	3	PAR	2,0
50209	Pinseque	2007	4	CHA	1,0
50209	Pinseque	2011	1	PP	6,0
50209	Pinseque	2011	2	PSOE	3,0
50209	Pinseque	2011	3	PAR	0,0
50209	Pinseque	2011	4	CHA	1,0
50209	Pinseque	2011	6	UPyD	1,0
50209	Pinseque	2015	1	PP	4,0
50209	Pinseque	2015	2	PSOE	5,0
50209	Pinseque	2015	4	C's	1,0
50209	Pinseque	2015	7	CHA	1,0
50210	Pintanos (Los)	2007	1	PSOE	0,0
50210	Pintanos (Los)	2007	2	PP	0,0
50210	Pintanos (Los)	2007	3	PAR	1,0
50210	Pintanos (Los)	2011	2	PSOE	0,0
50210	Pintanos (Los)	2011	3	PAR	1,0
50210	Pintanos (Los)	2015	1	PP	1,0
50210	Pintanos (Los)	2015	2	PSOE	0,0
50210	Pintanos (Los)	2015	21	PAR	2,0
50210	Pintanos (Los)	2015	44	FIA	0,0
50211	Plasencia de Jalón	2007	1	PSOE	2,0
50211	Plasencia de Jalón	2007	2	PP	5,0
50211	Plasencia de Jalón	2007	3	PAR	0,0
50211	Plasencia de Jalón	2011	1	PP	5,0
50211	Plasencia de Jalón	2011	2	PSOE	2,0
50211	Plasencia de Jalón	2011	3	PAR	0,0
50211	Plasencia de Jalón	2015	1	PP	4,0
50211	Plasencia de Jalón	2015	2	PSOE	3,0
50212	Pleitas	2007	1	PSOE	0,0
50212	Pleitas	2007	2	PP	1,0
50212	Pleitas	2007	3	PAR	0,0
50212	Pleitas	2007	4	CHA	0,0
50212	Pleitas	2011	1	PP	1,0
50212	Pleitas	2011	2	PSOE	0,0
50212	Pleitas	2015	1	PP	1,0
50212	Pleitas	2015	2	PSOE	0,0
50213	Plenas	2007	1	PSOE	0,0
50213	Plenas	2007	2	PP	0,0
50213	Plenas	2007	3	PAR	5,0
50213	Plenas	2007	4	CHA	0,0
50213	Plenas	2007	5	IU	0,0
50213	Plenas	2011	1	PP	1,0
50213	Plenas	2011	2	PSOE	0,0
50213	Plenas	2011	3	PAR	4,0
50213	Plenas	2015	1	PP	0,0
50213	Plenas	2015	2	PSOE	0,0
50213	Plenas	2015	5	PAR	5,0
50213	Plenas	2015	7	CHA	0,0
50214	Pomer	2007	1	PSOE	0,0
50214	Pomer	2007	2	PP	1,0
50214	Pomer	2007	3	PAR	0,0
50214	Pomer	2007	4	CHA	0,0
50214	Pomer	2011	1	PP	1,0
50214	Pomer	2011	2	PSOE	0,0
50214	Pomer	2011	3	PAR	0,0
50214	Pomer	2011	4	CHA	0,0
50214	Pomer	2015	1	PP	1,0
50214	Pomer	2015	2	PSOE	0,0
50215	Pozuel de Ariza	2007	1	PSOE	0,0
50215	Pozuel de Ariza	2007	2	PP	0,0
50215	Pozuel de Ariza	2007	3	PAR	1,0
50215	Pozuel de Ariza	2011	3	PAR	1,0
50215	Pozuel de Ariza	2011	5	IU	0,0
50215	Pozuel de Ariza	2015	1	PP	0,0
50215	Pozuel de Ariza	2015	2	PSOE	0,0
50215	Pozuel de Ariza	2015	5	PAR	0,0
50215	Pozuel de Ariza	2015	33	IU-ZGZ	1,0
50216	Pozuelo de Aragón	2007	1	PSOE	2,0
50216	Pozuelo de Aragón	2007	2	PP	2,0
50216	Pozuelo de Aragón	2007	3	PAR	3,0
50216	Pozuelo de Aragón	2011	1	PP	4,0
50216	Pozuelo de Aragón	2011	2	PSOE	3,0
50216	Pozuelo de Aragón	2015	1	PP	5,0
50216	Pozuelo de Aragón	2015	2	PSOE	2,0
50217	Pradilla de Ebro	2007	1	PSOE	5,0
50217	Pradilla de Ebro	2007	2	PP	2,0
50217	Pradilla de Ebro	2007	3	PAR	0,0
50217	Pradilla de Ebro	2007	4	CHA	0,0
50217	Pradilla de Ebro	2011	1	PP	1,0
50217	Pradilla de Ebro	2011	2	PSOE	5,0
50217	Pradilla de Ebro	2011	3	PAR	1,0
50217	Pradilla de Ebro	2015	8	PP	2,0
50217	Pradilla de Ebro	2015	19	PSOE	5,0
50218	Puebla de Albortón	2007	1	PSOE	0,0
50218	Puebla de Albortón	2007	2	PP	0,0
50218	Puebla de Albortón	2007	3	PAR	4,0
50218	Puebla de Albortón	2007	4	CHA	1,0
50218	Puebla de Albortón	2007	5	IU	0,0
50218	Puebla de Albortón	2011	1	PP	0,0
50218	Puebla de Albortón	2011	2	PSOE	0,0
50218	Puebla de Albortón	2011	3	PAR	4,0
50218	Puebla de Albortón	2011	4	CHA	1,0
50218	Puebla de Albortón	2015	1	PP	1,0
50218	Puebla de Albortón	2015	2	PSOE	0,0
50218	Puebla de Albortón	2015	5	PAR	4,0
50218	Puebla de Albortón	2015	7	CHA	0,0
50219	Puebla de Alfindén (La)	2007	1	PSOE	5,0
50219	Puebla de Alfindén (La)	2007	2	PP	3,0
50219	Puebla de Alfindén (La)	2007	3	PAR	2,0
50219	Puebla de Alfindén (La)	2007	4	CHA	1,0
50219	Puebla de Alfindén (La)	2011	1	PP	4,0
50219	Puebla de Alfindén (La)	2011	2	PSOE	3,0
50219	Puebla de Alfindén (La)	2011	3	PAR	4,0
50219	Puebla de Alfindén (La)	2011	4	CHA	1,0
50219	Puebla de Alfindén (La)	2011	8	FIA	1,0
50219	Puebla de Alfindén (La)	2015	1	PP	3,0
50219	Puebla de Alfindén (La)	2015	2	PSOE	4,0
50219	Puebla de Alfindén (La)	2015	4	C's	2,0
50219	Puebla de Alfindén (La)	2015	5	PAR	2,0
50219	Puebla de Alfindén (La)	2015	7	CHA	1,0
50219	Puebla de Alfindén (La)	2015	44	FIA	1,0
50220	Puendeluna	2007	1	PSOE	1,0
50220	Puendeluna	2007	2	PP	0,0
50220	Puendeluna	2007	3	PAR	0,0
50220	Puendeluna	2011	1	PP	0,0
50220	Puendeluna	2011	2	PSOE	1,0
50220	Puendeluna	2015	1	PP	0,0
50220	Puendeluna	2015	2	PSOE	1,0
50221	Purujosa	2007	1	PSOE	1,0
50221	Purujosa	2007	2	PP	0,0
50221	Purujosa	2007	3	PAR	0,0
50221	Purujosa	2007	4	CHA	0,0
50221	Purujosa	2011	1	PP	0,0
50221	Purujosa	2011	2	PSOE	1,0
50221	Purujosa	2015	1	PP	0,0
50221	Purujosa	2015	2	PSOE	1,0
50222	Quinto	2007	1	PSOE	3,0
50222	Quinto	2007	2	PP	3,0
50222	Quinto	2007	3	PAR	4,0
50222	Quinto	2007	4	CHA	1,0
50222	Quinto	2011	1	PP	3,0
50222	Quinto	2011	2	PSOE	5,0
50222	Quinto	2011	3	PAR	3,0
50222	Quinto	2011	4	CHA	0,0
50222	Quinto	2015	1	PP	3,0
50222	Quinto	2015	2	PSOE	6,0
50222	Quinto	2015	5	PAR	1,0
50222	Quinto	2015	7	CHA	1,0
50222	Quinto	2015	10	EB	0,0
50223	Remolinos	2007	1	PSOE	7,0
50223	Remolinos	2007	2	PP	2,0
50223	Remolinos	2007	3	PAR	0,0
50223	Remolinos	2011	1	PP	3,0
50223	Remolinos	2011	2	PSOE	6,0
50223	Remolinos	2011	3	PAR	0,0
50223	Remolinos	2015	1	PP	3,0
50223	Remolinos	2015	2	PSOE	6,0
50224	Retascón	2007	1	PSOE	0,0
50224	Retascón	2007	3	PAR	1,0
50224	Retascón	2007	4	CHA	0,0
50224	Retascón	2011	1	PP	0,0
50224	Retascón	2011	2	PSOE	0,0
50224	Retascón	2011	3	PAR	1,0
50224	Retascón	2011	4	CHA	0,0
50224	Retascón	2015	1	PP	0,0
50224	Retascón	2015	2	PSOE	0,0
50224	Retascón	2015	5	PAR	1,0
50225	Ricla	2007	1	PSOE	1,0
50225	Ricla	2007	2	PP	1,0
50225	Ricla	2007	3	PAR	3,0
50225	Ricla	2007	4	CHA	6,0
50225	Ricla	2011	1	PP	1,0
50225	Ricla	2011	2	PSOE	2,0
50225	Ricla	2011	3	PAR	3,0
50225	Ricla	2011	4	CHA	5,0
50225	Ricla	2015	1	PP	1,0
50225	Ricla	2015	2	PSOE	5,0
50225	Ricla	2015	5	PAR	3,0
50225	Ricla	2015	7	CHA	0,0
50225	Ricla	2015	33	IU-ZGZ	2,0
50227	Romanos	2007	1	PSOE	1,0
50227	Romanos	2007	2	PP	3,0
50227	Romanos	2007	3	PAR	1,0
50227	Romanos	2007	4	CHA	0,0
50227	Romanos	2007	5	IU	0,0
50227	Romanos	2011	1	PP	2,0
50227	Romanos	2011	2	PSOE	2,0
50227	Romanos	2011	3	PAR	1,0
50227	Romanos	2011	4	CHA	0,0
50227	Romanos	2015	1	PP	1,0
50227	Romanos	2015	2	PSOE	3,0
50227	Romanos	2015	5	PAR	1,0
50227	Romanos	2015	7	CHA	0,0
50228	Rueda de Jalón	2007	1	PSOE	2,0
50228	Rueda de Jalón	2007	2	PP	4,0
50228	Rueda de Jalón	2007	3	PAR	1,0
50228	Rueda de Jalón	2011	1	PP	4,0
50228	Rueda de Jalón	2011	2	PSOE	2,0
50228	Rueda de Jalón	2011	3	PAR	1,0
50228	Rueda de Jalón	2015	1	PP	5,0
50228	Rueda de Jalón	2015	2	PSOE	0,0
50228	Rueda de Jalón	2015	5	PAR	2,0
50229	Ruesca	2007	1	PSOE	1,0
50229	Ruesca	2007	2	PP	0,0
50229	Ruesca	2007	3	PAR	0,0
50229	Ruesca	2007	4	CHA	0,0
50229	Ruesca	2011	1	PP	1,0
50229	Ruesca	2011	2	PSOE	1,0
50229	Ruesca	2011	3	PAR	1,0
50229	Ruesca	2015	1	PP	0,0
50229	Ruesca	2015	2	PSOE	2,0
50229	Ruesca	2015	5	PAR	1,0
50230	Sádaba	2007	1	PSOE	4,0
50230	Sádaba	2007	2	PP	4,0
50230	Sádaba	2007	3	PAR	1,0
50230	Sádaba	2007	5	IU	0,0
50230	Sádaba	2011	1	PP	3,0
50230	Sádaba	2011	2	PSOE	4,0
50230	Sádaba	2011	3	PAR	2,0
50230	Sádaba	2015	1	PP	3,0
50230	Sádaba	2015	2	PSOE	5,0
50230	Sádaba	2015	21	PAR	1,0
50231	Salillas de Jalón	2007	1	PSOE	4,0
50231	Salillas de Jalón	2007	2	PP	1,0
50231	Salillas de Jalón	2007	3	PAR	1,0
50231	Salillas de Jalón	2007	4	CHA	1,0
50231	Salillas de Jalón	2011	1	PP	1,0
50231	Salillas de Jalón	2011	2	PSOE	3,0
50231	Salillas de Jalón	2011	4	CHA	3,0
50231	Salillas de Jalón	2015	1	PP	2,0
50231	Salillas de Jalón	2015	2	PSOE	5,0
50232	Salvatierra de Esca	2007	1	PSOE	1,0
50232	Salvatierra de Esca	2007	2	PP	0,0
50232	Salvatierra de Esca	2007	3	PAR	5,0
50232	Salvatierra de Esca	2007	4	CHA	1,0
50232	Salvatierra de Esca	2011	1	PP	0,0
50232	Salvatierra de Esca	2011	2	PSOE	4,0
50232	Salvatierra de Esca	2011	5	IU	1,0
50232	Salvatierra de Esca	2015	1	PP	0,0
50232	Salvatierra de Esca	2015	2	PSOE	1,0
50232	Salvatierra de Esca	2015	7	CHA	4,0
50233	Samper del Salz	2007	1	PSOE	0,0
50233	Samper del Salz	2007	2	PP	1,0
50233	Samper del Salz	2007	3	PAR	4,0
50233	Samper del Salz	2007	4	CHA	0,0
50233	Samper del Salz	2007	5	IU	0,0
50233	Samper del Salz	2011	1	PP	1,0
50233	Samper del Salz	2011	2	PSOE	0,0
50233	Samper del Salz	2011	3	PAR	4,0
50233	Samper del Salz	2015	1	PP	4,0
50233	Samper del Salz	2015	5	PAR	1,0
50233	Samper del Salz	2015	7	CHA	0,0
50234	San Martín de la Virgen de Moncayo	2007	1	PSOE	0,0
50234	San Martín de la Virgen de Moncayo	2007	2	PP	0,0
50234	San Martín de la Virgen de Moncayo	2007	3	PAR	7,0
50234	San Martín de la Virgen de Moncayo	2007	4	CHA	0,0
50234	San Martín de la Virgen de Moncayo	2011	1	PP	0,0
50234	San Martín de la Virgen de Moncayo	2011	2	PSOE	1,0
50234	San Martín de la Virgen de Moncayo	2011	3	PAR	6,0
50234	San Martín de la Virgen de Moncayo	2015	1	PP	6,0
50234	San Martín de la Virgen de Moncayo	2015	2	PSOE	1,0
50235	San Mateo de Gállego	2007	1	PSOE	7,0
50235	San Mateo de Gállego	2007	2	PP	3,0
50235	San Mateo de Gállego	2007	3	PAR	1,0
50235	San Mateo de Gállego	2007	4	CHA	0,0
50235	San Mateo de Gállego	2011	1	PP	3,0
50235	San Mateo de Gállego	2011	2	PSOE	5,0
50235	San Mateo de Gállego	2011	3	PAR	1,0
50235	San Mateo de Gállego	2011	4	CHA	2,0
50235	San Mateo de Gállego	2015	1	PP	2,0
50235	San Mateo de Gállego	2015	2	PSOE	6,0
50235	San Mateo de Gállego	2015	5	PAR	1,0
50235	San Mateo de Gállego	2015	7	CHA	2,0
50235	San Mateo de Gállego	2015	28	FIA	0,0
50236	Santa Cruz de Grío	2007	1	PSOE	1,0
50236	Santa Cruz de Grío	2007	2	PP	4,0
50236	Santa Cruz de Grío	2007	3	PAR	0,0
50236	Santa Cruz de Grío	2007	4	CHA	0,0
50236	Santa Cruz de Grío	2011	1	PP	4,0
50236	Santa Cruz de Grío	2011	2	PSOE	1,0
50236	Santa Cruz de Grío	2011	3	PAR	0,0
50236	Santa Cruz de Grío	2011	4	CHA	0,0
50236	Santa Cruz de Grío	2015	1	PP	4,0
50236	Santa Cruz de Grío	2015	2	PSOE	1,0
50236	Santa Cruz de Grío	2015	5	PAR	0,0
50237	Santa Cruz de Moncayo	2007	1	PSOE	1,0
50237	Santa Cruz de Moncayo	2007	2	PP	4,0
50237	Santa Cruz de Moncayo	2007	3	PAR	0,0
50237	Santa Cruz de Moncayo	2007	4	CHA	0,0
50237	Santa Cruz de Moncayo	2007	5	IU	0,0
50237	Santa Cruz de Moncayo	2011	1	PP	4,0
50237	Santa Cruz de Moncayo	2011	2	PSOE	1,0
50237	Santa Cruz de Moncayo	2011	3	PAR	0,0
50237	Santa Cruz de Moncayo	2011	4	CHA	0,0
50237	Santa Cruz de Moncayo	2015	1	PP	4,0
50237	Santa Cruz de Moncayo	2015	2	PSOE	1,0
50238	Santa Eulalia de Gállego	2007	1	PSOE	0,0
50238	Santa Eulalia de Gállego	2007	2	PP	0,0
50238	Santa Eulalia de Gállego	2007	3	PAR	3,0
50238	Santa Eulalia de Gállego	2007	4	CHA	2,0
50238	Santa Eulalia de Gállego	2007	5	IU	0,0
50238	Santa Eulalia de Gállego	2011	1	PP	0,0
50238	Santa Eulalia de Gállego	2011	2	PSOE	0,0
50238	Santa Eulalia de Gállego	2011	3	PAR	3,0
50238	Santa Eulalia de Gállego	2011	4	CHA	2,0
50238	Santa Eulalia de Gállego	2015	1	PP	0,0
50238	Santa Eulalia de Gállego	2015	2	PSOE	0,0
50238	Santa Eulalia de Gállego	2015	7	CHA	2,0
50238	Santa Eulalia de Gállego	2015	21	PAR	3,0
50239	Santed	2007	1	PSOE	0,0
50239	Santed	2007	2	PP	1,0
50239	Santed	2007	3	PAR	0,0
50239	Santed	2007	4	CHA	0,0
50239	Santed	2011	1	PP	3,0
50239	Santed	2011	2	PSOE	0,0
50239	Santed	2011	3	PAR	0,0
50239	Santed	2015	1	PP	3,0
50239	Santed	2015	2	PSOE	0,0
50240	Sástago	2007	1	PSOE	5,0
50240	Sástago	2007	2	PP	4,0
50240	Sástago	2011	1	PP	2,0
50240	Sástago	2011	2	PSOE	4,0
50240	Sástago	2011	3	PAR	3,0
50240	Sástago	2015	5	PAR	4,0
50240	Sástago	2015	6	PSOE	4,0
50240	Sástago	2015	8	PP	1,0
50241	Saviñán	2007	1	PSOE	1,0
50241	Saviñán	2007	2	PP	5,0
50241	Saviñán	2007	3	PAR	1,0
50241	Saviñán	2011	1	PP	6,0
50241	Saviñán	2011	2	PSOE	1,0
50241	Saviñán	2011	3	PAR	0,0
50241	Saviñán	2011	35	A E I SABIÑAN	0,0
50241	Saviñán	2015	5	PAR	0,0
50241	Saviñán	2015	6	PSOE	2,0
50241	Saviñán	2015	8	PP	5,0
50242	Sediles	2007	1	PSOE	0,0
50242	Sediles	2007	2	PP	0,0
50242	Sediles	2007	3	PAR	0,0
50242	Sediles	2007	4	CHA	1,0
50242	Sediles	2011	1	PP	0,0
50242	Sediles	2011	2	PSOE	1,0
50242	Sediles	2011	3	PAR	0,0
50242	Sediles	2011	4	CHA	4,0
50242	Sediles	2015	1	PP	0,0
50242	Sediles	2015	2	PSOE	1,0
50242	Sediles	2015	5	PAR	0,0
50242	Sediles	2015	7	CHA	4,0
50243	Sestrica	2007	1	PSOE	2,0
50243	Sestrica	2007	2	PP	2,0
50243	Sestrica	2007	3	PAR	3,0
50243	Sestrica	2011	1	PP	2,0
50243	Sestrica	2011	2	PSOE	2,0
50243	Sestrica	2011	3	PAR	3,0
50243	Sestrica	2015	5	PAR	4,0
50243	Sestrica	2015	6	PSOE	1,0
50243	Sestrica	2015	8	PP	2,0
50244	Sierra de Luna	2007	1	PSOE	2,0
50244	Sierra de Luna	2007	2	PP	0,0
50244	Sierra de Luna	2007	3	PAR	5,0
50244	Sierra de Luna	2011	1	PP	0,0
50244	Sierra de Luna	2011	2	PSOE	0,0
50244	Sierra de Luna	2011	3	PAR	7,0
50244	Sierra de Luna	2015	1	PP	0,0
50244	Sierra de Luna	2015	2	PSOE	0,0
50244	Sierra de Luna	2015	21	PAR	7,0
50245	Sigüés	2007	1	PSOE	0,0
50245	Sigüés	2007	2	PP	0,0
50245	Sigüés	2007	3	PAR	5,0
50245	Sigüés	2007	5	IU	0,0
50245	Sigüés	2011	1	PP	0,0
50245	Sigüés	2011	2	PSOE	0,0
50245	Sigüés	2011	3	PAR	5,0
50245	Sigüés	2011	4	CHA	0,0
50245	Sigüés	2011	5	IU	0,0
50245	Sigüés	2015	1	PP	1,0
50245	Sigüés	2015	2	PSOE	0,0
50245	Sigüés	2015	21	PAR	4,0
50246	Sisamón	2007	1	PSOE	0,0
50246	Sisamón	2007	2	PP	0,0
50246	Sisamón	2007	3	PAR	1,0
50246	Sisamón	2011	1	PP	0,0
50246	Sisamón	2011	3	PAR	3,0
50246	Sisamón	2015	1	PP	0,0
50246	Sisamón	2015	2	PSOE	0,0
50246	Sisamón	2015	5	PAR	1,0
50247	Sobradiel	2007	1	PSOE	2,0
50247	Sobradiel	2007	2	PP	0,0
50247	Sobradiel	2007	3	PAR	5,0
50247	Sobradiel	2011	1	PP	0,0
50247	Sobradiel	2011	2	PSOE	1,0
50247	Sobradiel	2011	3	PAR	6,0
50247	Sobradiel	2015	1	PP	4,0
50247	Sobradiel	2015	2	PSOE	2,0
50247	Sobradiel	2015	5	PAR	3,0
50248	Sos del Rey Católico	2007	1	PSOE	5,0
50248	Sos del Rey Católico	2007	2	PP	1,0
50248	Sos del Rey Católico	2007	3	PAR	1,0
50248	Sos del Rey Católico	2011	1	PP	3,0
50248	Sos del Rey Católico	2011	2	PSOE	3,0
50248	Sos del Rey Católico	2011	3	PAR	0,0
50248	Sos del Rey Católico	2011	5	IU	0,0
50248	Sos del Rey Católico	2011	25	AISOS	1,0
50248	Sos del Rey Católico	2015	1	PP	1,0
50248	Sos del Rey Católico	2015	2	PSOE	4,0
50248	Sos del Rey Católico	2015	12	COMPROMISO CON ARAGON	2,0
50249	Tabuenca	2007	1	PSOE	2,0
50249	Tabuenca	2007	2	PP	5,0
50249	Tabuenca	2011	1	PP	5,0
50249	Tabuenca	2011	2	PSOE	1,0
50249	Tabuenca	2011	3	PAR	1,0
50249	Tabuenca	2015	1	PP	5,0
50249	Tabuenca	2015	2	PSOE	0,0
50249	Tabuenca	2015	5	PAR	2,0
50250	Talamantes	2007	1	PSOE	0,0
50250	Talamantes	2007	2	PP	1,0
50250	Talamantes	2007	3	PAR	0,0
50250	Talamantes	2007	4	CHA	0,0
50250	Talamantes	2011	1	PP	3,0
50250	Talamantes	2011	2	PSOE	0,0
50250	Talamantes	2015	1	PP	3,0
50250	Talamantes	2015	2	PSOE	0,0
50250	Talamantes	2015	7	CHA	0,0
50251	Tarazona	2007	1	PSOE	6,0
50251	Tarazona	2007	2	PP	8,0
50251	Tarazona	2007	3	PAR	1,0
50251	Tarazona	2007	4	CHA	1,0
50251	Tarazona	2007	14	CC-IU	1,0
50251	Tarazona	2011	1	PP	10,0
50251	Tarazona	2011	2	PSOE	4,0
50251	Tarazona	2011	3	PAR	0,0
50251	Tarazona	2011	4	CHA	1,0
50251	Tarazona	2011	5	IU	2,0
50251	Tarazona	2011	7	COMPROMISO CON ARAGON	0,0
50251	Tarazona	2015	1	PP	10,0
50251	Tarazona	2015	2	PSOE	3,0
50251	Tarazona	2015	4	C's	1,0
50251	Tarazona	2015	5	PAR	0,0
50251	Tarazona	2015	29	ZGZ	3,0
50252	Tauste	2007	1	PSOE	5,0
50252	Tauste	2007	2	PP	4,0
50252	Tauste	2007	3	PAR	3,0
50252	Tauste	2007	4	CHA	1,0
50252	Tauste	2007	5	IU	0,0
50252	Tauste	2007	6	LV-FIA	0,0
50252	Tauste	2011	1	PP	6,0
50252	Tauste	2011	2	PSOE	5,0
50252	Tauste	2011	3	PAR	1,0
50252	Tauste	2011	4	CHA	1,0
50252	Tauste	2011	5	IU	0,0
50252	Tauste	2015	1	PP	8,0
50252	Tauste	2015	7	CHA	0,0
50252	Tauste	2015	17	IU-ZGZ	1,0
50252	Tauste	2015	19	PSOE	3,0
50252	Tauste	2015	21	PAR	1,0
50253	Terrer	2007	1	PSOE	2,0
50253	Terrer	2007	2	PP	3,0
50253	Terrer	2007	3	PAR	2,0
50253	Terrer	2011	1	PP	4,0
50253	Terrer	2011	2	PSOE	2,0
50253	Terrer	2011	3	PAR	1,0
50253	Terrer	2015	5	PAR	1,0
50253	Terrer	2015	6	PSOE	2,0
50253	Terrer	2015	8	PP	4,0
50254	Tierga	2007	1	PSOE	3,0
50254	Tierga	2007	2	PP	0,0
50254	Tierga	2007	3	PAR	2,0
50254	Tierga	2007	4	CHA	0,0
50254	Tierga	2007	5	IU	0,0
50254	Tierga	2011	1	PP	0,0
50254	Tierga	2011	2	PSOE	1,0
50254	Tierga	2011	3	PAR	4,0
50254	Tierga	2011	5	IU	0,0
50254	Tierga	2015	1	PP	0,0
50254	Tierga	2015	2	PSOE	1,0
50254	Tierga	2015	5	PAR	4,0
50255	Tobed	2007	1	PSOE	7,0
50255	Tobed	2007	2	PP	0,0
50255	Tobed	2007	3	PAR	0,0
50255	Tobed	2011	1	PP	0,0
50255	Tobed	2011	2	PSOE	7,0
50255	Tobed	2011	3	PAR	0,0
50255	Tobed	2015	1	PP	0,0
50255	Tobed	2015	2	PSOE	5,0
50255	Tobed	2015	5	PAR	0,0
50255	Tobed	2015	7	CHA	0,0
50256	Torralba de los Frailes	2007	1	PSOE	2,0
50256	Torralba de los Frailes	2007	2	PP	2,0
50256	Torralba de los Frailes	2007	3	PAR	1,0
50256	Torralba de los Frailes	2007	4	CHA	0,0
50256	Torralba de los Frailes	2011	1	PP	1,0
50256	Torralba de los Frailes	2011	2	PSOE	2,0
50256	Torralba de los Frailes	2011	3	PAR	0,0
50256	Torralba de los Frailes	2011	4	CHA	0,0
50256	Torralba de los Frailes	2015	1	PP	1,0
50256	Torralba de los Frailes	2015	2	PSOE	1,0
50256	Torralba de los Frailes	2015	5	PAR	1,0
50256	Torralba de los Frailes	2015	7	CHA	0,0
50257	Torralba de Ribota	2007	1	PSOE	3,0
50257	Torralba de Ribota	2007	2	PP	1,0
50257	Torralba de Ribota	2007	3	PAR	0,0
50257	Torralba de Ribota	2007	4	CHA	1,0
50257	Torralba de Ribota	2011	1	PP	1,0
50257	Torralba de Ribota	2011	2	PSOE	2,0
50257	Torralba de Ribota	2011	3	PAR	0,0
50257	Torralba de Ribota	2011	4	CHA	2,0
50257	Torralba de Ribota	2015	1	PP	1,0
50257	Torralba de Ribota	2015	2	PSOE	3,0
50257	Torralba de Ribota	2015	5	PAR	0,0
50257	Torralba de Ribota	2015	7	CHA	1,0
50258	Torralbilla	2007	1	PSOE	0,0
50258	Torralbilla	2007	2	PP	0,0
50258	Torralbilla	2007	3	PAR	1,0
50258	Torralbilla	2007	4	CHA	0,0
50258	Torralbilla	2011	1	PP	0,0
50258	Torralbilla	2011	2	PSOE	0,0
50258	Torralbilla	2011	3	PAR	1,0
50258	Torralbilla	2015	1	PP	0,0
50258	Torralbilla	2015	2	PSOE	1,0
50258	Torralbilla	2015	5	PAR	0,0
50259	Torrehermosa	2007	1	PSOE	1,0
50259	Torrehermosa	2007	2	PP	0,0
50259	Torrehermosa	2007	3	PAR	0,0
50259	Torrehermosa	2011	1	PP	1,0
50259	Torrehermosa	2011	2	PSOE	2,0
50259	Torrehermosa	2011	3	PAR	0,0
50259	Torrehermosa	2015	1	PP	1,0
50259	Torrehermosa	2015	2	PSOE	2,0
50259	Torrehermosa	2015	5	PAR	0,0
50260	Torrelapaja	2007	1	PSOE	0,0
50260	Torrelapaja	2007	2	PP	0,0
50260	Torrelapaja	2007	3	PAR	1,0
50260	Torrelapaja	2007	4	CHA	0,0
50260	Torrelapaja	2011	1	PP	0,0
50260	Torrelapaja	2011	2	PSOE	0,0
50260	Torrelapaja	2011	3	PAR	1,0
50260	Torrelapaja	2015	1	PP	0,0
50260	Torrelapaja	2015	2	PSOE	0,0
50260	Torrelapaja	2015	5	PAR	1,0
50261	Torrellas	2007	1	PSOE	6,0
50261	Torrellas	2007	2	PP	1,0
50261	Torrellas	2007	3	PAR	0,0
50261	Torrellas	2007	4	CHA	0,0
50261	Torrellas	2011	1	PP	2,0
50261	Torrellas	2011	2	PSOE	5,0
50261	Torrellas	2011	3	PAR	0,0
50261	Torrellas	2011	4	CHA	0,0
50261	Torrellas	2015	1	PP	1,0
50261	Torrellas	2015	2	PSOE	6,0
50261	Torrellas	2015	5	PAR	0,0
50262	Torres de Berrellén	2007	1	PSOE	4,0
50262	Torres de Berrellén	2007	2	PP	2,0
50262	Torres de Berrellén	2007	3	PAR	1,0
50262	Torres de Berrellén	2007	4	CHA	0,0
50262	Torres de Berrellén	2007	5	IU	2,0
50262	Torres de Berrellén	2011	1	PP	3,0
50262	Torres de Berrellén	2011	2	PSOE	5,0
50262	Torres de Berrellén	2011	3	PAR	0,0
50262	Torres de Berrellén	2011	5	IU	1,0
50262	Torres de Berrellén	2015	1	PP	2,0
50262	Torres de Berrellén	2015	2	PSOE	5,0
50262	Torres de Berrellén	2015	33	IU-ZGZ	2,0
50263	Torrijo de la Cañada	2007	1	PSOE	3,0
50263	Torrijo de la Cañada	2007	2	PP	1,0
50263	Torrijo de la Cañada	2007	3	PAR	3,0
50263	Torrijo de la Cañada	2011	1	PP	0,0
50263	Torrijo de la Cañada	2011	2	PSOE	2,0
50263	Torrijo de la Cañada	2011	3	PAR	5,0
50263	Torrijo de la Cañada	2015	5	PAR	5,0
50263	Torrijo de la Cañada	2015	6	PSOE	2,0
50263	Torrijo de la Cañada	2015	8	PP	0,0
50264	Tosos	2007	1	PSOE	3,0
50264	Tosos	2007	2	PP	0,0
50264	Tosos	2007	3	PAR	2,0
50264	Tosos	2007	4	CHA	0,0
50264	Tosos	2007	5	IU	0,0
50264	Tosos	2011	1	PP	0,0
50264	Tosos	2011	2	PSOE	4,0
50264	Tosos	2011	3	PAR	1,0
50264	Tosos	2011	4	CHA	0,0
50264	Tosos	2011	5	IU	0,0
50264	Tosos	2015	1	PP	0,0
50264	Tosos	2015	2	PSOE	3,0
50264	Tosos	2015	5	PAR	2,0
50264	Tosos	2015	7	CHA	0,0
50265	Trasmoz	2007	1	PSOE	0,0
50265	Trasmoz	2007	2	PP	0,0
50265	Trasmoz	2007	3	PAR	1,0
50265	Trasmoz	2007	4	CHA	0,0
50265	Trasmoz	2011	1	PP	0,0
50265	Trasmoz	2011	2	PSOE	0,0
50265	Trasmoz	2011	3	PAR	3,0
50265	Trasmoz	2011	4	CHA	0,0
50265	Trasmoz	2015	1	PP	2,0
50265	Trasmoz	2015	2	PSOE	0,0
50265	Trasmoz	2015	5	PAR	1,0
50265	Trasmoz	2015	12	COMPROMISO CON ARAGON	0,0
50266	Trasobares	2007	1	PSOE	4,0
50266	Trasobares	2007	2	PP	1,0
50266	Trasobares	2007	3	PAR	0,0
50266	Trasobares	2007	4	CHA	0,0
50266	Trasobares	2007	5	IU	0,0
50266	Trasobares	2011	1	PP	0,0
50266	Trasobares	2011	2	PSOE	3,0
50266	Trasobares	2011	3	PAR	2,0
50266	Trasobares	2011	5	IU	0,0
50266	Trasobares	2015	1	PP	0,0
50266	Trasobares	2015	2	PSOE	5,0
50266	Trasobares	2015	7	CHA	0,0
50267	Uncastillo	2007	1	PSOE	5,0
50267	Uncastillo	2007	2	PP	0,0
50267	Uncastillo	2007	3	PAR	1,0
50267	Uncastillo	2007	4	CHA	1,0
50267	Uncastillo	2011	1	PP	3,0
50267	Uncastillo	2011	2	PSOE	3,0
50267	Uncastillo	2011	3	PAR	1,0
50267	Uncastillo	2011	4	CHA	0,0
50267	Uncastillo	2015	1	PP	1,0
50267	Uncastillo	2015	2	PSOE	4,0
50267	Uncastillo	2015	7	CHA	2,0
50268	Undués de Lerda	2007	1	PSOE	0,0
50268	Undués de Lerda	2007	2	PP	1,0
50268	Undués de Lerda	2007	3	PAR	0,0
50268	Undués de Lerda	2011	1	PP	3,0
50268	Undués de Lerda	2011	2	PSOE	0,0
50268	Undués de Lerda	2011	5	IU	0,0
50268	Undués de Lerda	2015	1	PP	2,0
50268	Undués de Lerda	2015	2	PSOE	0,0
50268	Undués de Lerda	2015	7	CHA	1,0
50269	Urrea de Jalón	2007	1	PSOE	2,0
50269	Urrea de Jalón	2007	2	PP	4,0
50269	Urrea de Jalón	2007	3	PAR	0,0
50269	Urrea de Jalón	2007	4	CHA	1,0
50269	Urrea de Jalón	2011	1	PP	5,0
50269	Urrea de Jalón	2011	2	PSOE	2,0
50269	Urrea de Jalón	2011	3	PAR	0,0
50269	Urrea de Jalón	2011	4	CHA	0,0
50269	Urrea de Jalón	2015	1	PP	6,0
50269	Urrea de Jalón	2015	2	PSOE	1,0
50270	Urriés	2007	1	PSOE	0,0
50270	Urriés	2007	2	PP	1,0
50270	Urriés	2007	3	PAR	0,0
50270	Urriés	2011	1	PP	1,0
50270	Urriés	2011	2	PSOE	0,0
50270	Urriés	2011	3	PAR	0,0
50270	Urriés	2015	1	PP	0,0
50270	Urriés	2015	2	PSOE	0,0
50270	Urriés	2015	87	UCIN	1,0
50271	Used	2007	1	PSOE	6,0
50271	Used	2007	2	PP	0,0
50271	Used	2007	3	PAR	1,0
50271	Used	2007	4	CHA	0,0
50271	Used	2011	1	PP	3,0
50271	Used	2011	2	PSOE	4,0
50271	Used	2011	3	PAR	0,0
50271	Used	2015	6	PSOE	5,0
50271	Used	2015	8	PP	2,0
50272	Utebo	2007	1	PSOE	7,0
50272	Utebo	2007	2	PP	5,0
50272	Utebo	2007	3	PAR	2,0
50272	Utebo	2007	4	CHA	2,0
50272	Utebo	2007	5	IU	1,0
50272	Utebo	2011	1	PP	7,0
50272	Utebo	2011	2	PSOE	7,0
50272	Utebo	2011	3	PAR	0,0
50272	Utebo	2011	4	CHA	1,0
50272	Utebo	2011	5	IU	2,0
50272	Utebo	2011	6	UPyD	0,0
50272	Utebo	2011	7	COMPROMISO CON ARAGON	0,0
50272	Utebo	2011	8	FIA	0,0
50272	Utebo	2015	1	PP	5,0
50272	Utebo	2015	2	PSOE	6,0
50272	Utebo	2015	4	C's	2,0
50272	Utebo	2015	7	CHA	1,0
50272	Utebo	2015	10	EB	0,0
50272	Utebo	2015	13	ARAGONSIPUEDE	0,0
50272	Utebo	2015	17	IU-ZGZ	3,0
50272	Utebo	2015	46	UNIÓN UTEBO	0,0
50273	Valdehorna	2007	1	PSOE	0,0
50273	Valdehorna	2007	2	PP	1,0
50273	Valdehorna	2007	3	PAR	0,0
50273	Valdehorna	2007	4	CHA	0,0
50273	Valdehorna	2011	1	PP	0,0
50273	Valdehorna	2011	3	PAR	1,0
50273	Valdehorna	2011	4	CHA	0,0
50273	Valdehorna	2015	1	PP	0,0
50273	Valdehorna	2015	2	PSOE	0,0
50273	Valdehorna	2015	5	PAR	1,0
50274	Val de San Martín	2007	1	PSOE	1,0
50274	Val de San Martín	2007	2	PP	0,0
50274	Val de San Martín	2007	3	PAR	0,0
50274	Val de San Martín	2007	4	CHA	0,0
50274	Val de San Martín	2011	1	PP	0,0
50274	Val de San Martín	2011	2	PSOE	1,0
50274	Val de San Martín	2011	3	PAR	0,0
50274	Val de San Martín	2015	1	PP	0,0
50274	Val de San Martín	2015	2	PSOE	1,0
50274	Val de San Martín	2015	5	PAR	0,0
50275	Valmadrid	2007	1	PSOE	0,0
50275	Valmadrid	2007	2	PP	1,0
50275	Valmadrid	2007	3	PAR	0,0
50275	Valmadrid	2007	4	CHA	0,0
50275	Valmadrid	2011	1	PP	4,0
50275	Valmadrid	2011	2	PSOE	1,0
50275	Valmadrid	2015	1	PP	4,0
50275	Valmadrid	2015	2	PSOE	1,0
50275	Valmadrid	2015	7	CHA	0,0
50276	Valpalmas	2007	1	PSOE	5,0
50276	Valpalmas	2007	2	PP	0,0
50276	Valpalmas	2007	3	PAR	0,0
50276	Valpalmas	2007	4	CHA	0,0
50276	Valpalmas	2007	5	IU	0,0
50276	Valpalmas	2011	1	PP	1,0
50276	Valpalmas	2011	2	PSOE	1,0
50276	Valpalmas	2011	3	PAR	3,0
50276	Valpalmas	2011	5	IU	0,0
50276	Valpalmas	2015	1	PP	1,0
50276	Valpalmas	2015	2	PSOE	0,0
50276	Valpalmas	2015	21	PAR	4,0
50277	Valtorres	2007	1	PSOE	1,0
50277	Valtorres	2007	2	PP	0,0
50277	Valtorres	2007	3	PAR	0,0
50277	Valtorres	2007	4	CHA	4,0
50277	Valtorres	2011	1	PP	1,0
50277	Valtorres	2011	2	PSOE	0,0
50277	Valtorres	2011	3	PAR	0,0
50277	Valtorres	2011	4	CHA	4,0
50277	Valtorres	2015	1	PP	1,0
50277	Valtorres	2015	2	PSOE	0,0
50277	Valtorres	2015	5	PAR	0,0
50277	Valtorres	2015	7	CHA	2,0
50278	Velilla de Ebro	2007	1	PSOE	3,0
50278	Velilla de Ebro	2007	2	PP	0,0
50278	Velilla de Ebro	2007	3	PAR	4,0
50278	Velilla de Ebro	2011	1	PP	0,0
50278	Velilla de Ebro	2011	2	PSOE	1,0
50278	Velilla de Ebro	2011	3	PAR	6,0
50278	Velilla de Ebro	2015	1	PP	0,0
50278	Velilla de Ebro	2015	2	PSOE	0,0
50278	Velilla de Ebro	2015	5	PAR	5,0
50278	Velilla de Ebro	2015	7	CHA	0,0
50279	Velilla de Jiloca	2007	1	PSOE	4,0
50279	Velilla de Jiloca	2007	2	PP	0,0
50279	Velilla de Jiloca	2007	3	PAR	1,0
50279	Velilla de Jiloca	2007	4	CHA	0,0
50279	Velilla de Jiloca	2011	1	PP	0,0
50279	Velilla de Jiloca	2011	2	PSOE	5,0
50279	Velilla de Jiloca	2011	3	PAR	0,0
50279	Velilla de Jiloca	2011	5	IU	0,0
50279	Velilla de Jiloca	2015	1	PP	0,0
50279	Velilla de Jiloca	2015	2	PSOE	5,0
50279	Velilla de Jiloca	2015	5	PAR	0,0
50280	Vera de Moncayo	2007	1	PSOE	4,0
50280	Vera de Moncayo	2007	2	PP	1,0
50280	Vera de Moncayo	2007	3	PAR	0,0
50280	Vera de Moncayo	2007	4	CHA	2,0
50280	Vera de Moncayo	2011	1	PP	2,0
50280	Vera de Moncayo	2011	2	PSOE	4,0
50280	Vera de Moncayo	2011	4	CHA	1,0
50280	Vera de Moncayo	2011	5	IU	0,0
50280	Vera de Moncayo	2011	34	UCE	0,0
50280	Vera de Moncayo	2015	1	PP	2,0
50280	Vera de Moncayo	2015	2	PSOE	3,0
50280	Vera de Moncayo	2015	4	C's	1,0
50280	Vera de Moncayo	2015	7	CHA	1,0
50281	Vierlas	2007	1	PSOE	0,0
50281	Vierlas	2007	2	PP	5,0
50281	Vierlas	2007	3	PAR	0,0
50281	Vierlas	2007	4	CHA	0,0
50281	Vierlas	2011	1	PP	5,0
50281	Vierlas	2011	2	PSOE	0,0
50281	Vierlas	2011	4	CHA	0,0
50281	Vierlas	2011	5	IU	0,0
50281	Vierlas	2015	1	PP	5,0
50281	Vierlas	2015	2	PSOE	0,0
50282	Vilueña (La)	2007	1	PSOE	0,0
50282	Vilueña (La)	2007	2	PP	3,0
50282	Vilueña (La)	2007	3	PAR	1,0
50282	Vilueña (La)	2007	4	CHA	1,0
50282	Vilueña (La)	2011	1	PP	4,0
50282	Vilueña (La)	2011	2	PSOE	1,0
50282	Vilueña (La)	2011	3	PAR	0,0
50282	Vilueña (La)	2015	1	PP	4,0
50282	Vilueña (La)	2015	2	PSOE	1,0
50282	Vilueña (La)	2015	5	PAR	0,0
50283	Villadoz	2007	1	PSOE	1,0
50283	Villadoz	2007	2	PP	0,0
50283	Villadoz	2007	3	PAR	0,0
50283	Villadoz	2007	4	CHA	0,0
50283	Villadoz	2011	1	PP	0,0
50283	Villadoz	2011	2	PSOE	1,0
50283	Villadoz	2015	1	PP	0,0
50283	Villadoz	2015	2	PSOE	1,0
50283	Villadoz	2015	7	CHA	0,0
50284	Villafeliche	2007	1	PSOE	5,0
50284	Villafeliche	2007	2	PP	0,0
50284	Villafeliche	2007	3	PAR	0,0
50284	Villafeliche	2007	4	CHA	0,0
50284	Villafeliche	2007	5	IU	0,0
50284	Villafeliche	2011	1	PP	0,0
50284	Villafeliche	2011	2	PSOE	5,0
50284	Villafeliche	2011	3	PAR	0,0
50284	Villafeliche	2015	1	PP	0,0
50284	Villafeliche	2015	2	PSOE	5,0
50284	Villafeliche	2015	5	PAR	0,0
50284	Villafeliche	2015	7	CHA	0,0
50285	Villafranca de Ebro	2007	1	PSOE	3,0
50285	Villafranca de Ebro	2007	2	PP	3,0
50285	Villafranca de Ebro	2007	3	PAR	1,0
50285	Villafranca de Ebro	2007	4	CHA	0,0
50285	Villafranca de Ebro	2011	1	PP	1,0
50285	Villafranca de Ebro	2011	2	PSOE	3,0
50285	Villafranca de Ebro	2011	3	PAR	2,0
50285	Villafranca de Ebro	2011	22	L'VIA	1,0
50285	Villafranca de Ebro	2015	1	PP	1,0
50285	Villafranca de Ebro	2015	2	PSOE	1,0
50285	Villafranca de Ebro	2015	5	PAR	4,0
50285	Villafranca de Ebro	2015	12	COMPROMISO CON ARAGON	1,0
50286	Villalba de Perejil	2007	1	PSOE	0,0
50286	Villalba de Perejil	2007	2	PP	4,0
50286	Villalba de Perejil	2007	3	PAR	1,0
50286	Villalba de Perejil	2007	4	CHA	0,0
50286	Villalba de Perejil	2011	1	PP	4,0
50286	Villalba de Perejil	2011	2	PSOE	0,0
50286	Villalba de Perejil	2011	3	PAR	1,0
50286	Villalba de Perejil	2015	1	PP	4,0
50286	Villalba de Perejil	2015	2	PSOE	1,0
50286	Villalba de Perejil	2015	5	PAR	0,0
50287	Villalengua	2007	1	PSOE	4,0
50287	Villalengua	2007	2	PP	3,0
50287	Villalengua	2011	1	PP	1,0
50287	Villalengua	2011	2	PSOE	4,0
50287	Villalengua	2011	3	PAR	2,0
50287	Villalengua	2015	5	PAR	2,0
50287	Villalengua	2015	6	PSOE	5,0
50287	Villalengua	2015	8	PP	0,0
50288	Villanueva de Gállego	2007	1	PSOE	1,0
50288	Villanueva de Gállego	2007	2	PP	1,0
50288	Villanueva de Gállego	2007	3	PAR	0,0
50288	Villanueva de Gállego	2007	4	CHA	0,0
50288	Villanueva de Gállego	2007	9	CDL	3,0
50288	Villanueva de Gállego	2007	12	CIPV	6,0
50288	Villanueva de Gállego	2007	24	PSD	0,0
50288	Villanueva de Gállego	2011	1	PP	2,0
50288	Villanueva de Gállego	2011	2	PSOE	3,0
50288	Villanueva de Gállego	2011	4	CHA	1,0
50288	Villanueva de Gállego	2011	8	FIA	3,0
50288	Villanueva de Gállego	2011	12	CDL	2,0
50288	Villanueva de Gállego	2015	1	PP	2,0
50288	Villanueva de Gállego	2015	2	PSOE	3,0
50288	Villanueva de Gállego	2015	4	C's	5,0
50288	Villanueva de Gállego	2015	7	CHA	0,0
50288	Villanueva de Gállego	2015	12	COMPROMISO CON ARAGON	1,0
50288	Villanueva de Gállego	2015	44	FIA	0,0
50289	Villanueva de Jiloca	2007	1	PSOE	0,0
50289	Villanueva de Jiloca	2007	2	PP	1,0
50289	Villanueva de Jiloca	2007	3	PAR	0,0
50289	Villanueva de Jiloca	2007	4	CHA	0,0
50289	Villanueva de Jiloca	2007	39	IND	0,0
50289	Villanueva de Jiloca	2011	1	PP	2,0
50289	Villanueva de Jiloca	2011	2	PSOE	0,0
50289	Villanueva de Jiloca	2011	3	PAR	1,0
50289	Villanueva de Jiloca	2011	4	CHA	0,0
50289	Villanueva de Jiloca	2015	1	PP	2,0
50289	Villanueva de Jiloca	2015	2	PSOE	0,0
50289	Villanueva de Jiloca	2015	5	PAR	0,0
50289	Villanueva de Jiloca	2015	7	CHA	1,0
50290	Villanueva de Huerva	2007	1	PSOE	2,0
50290	Villanueva de Huerva	2007	2	PP	3,0
50290	Villanueva de Huerva	2007	3	PAR	2,0
50290	Villanueva de Huerva	2011	1	PP	2,0
50290	Villanueva de Huerva	2011	2	PSOE	4,0
50290	Villanueva de Huerva	2011	3	PAR	1,0
50290	Villanueva de Huerva	2011	4	CHA	0,0
50290	Villanueva de Huerva	2015	5	PAR	1,0
50290	Villanueva de Huerva	2015	6	PSOE	3,0
50290	Villanueva de Huerva	2015	8	PP	1,0
50290	Villanueva de Huerva	2015	12	COMPROMISO CON ARAGON	2,0
50291	Villar de los Navarros	2007	1	PSOE	0,0
50291	Villar de los Navarros	2007	2	PP	4,0
50291	Villar de los Navarros	2007	3	PAR	1,0
50291	Villar de los Navarros	2007	4	CHA	0,0
50291	Villar de los Navarros	2007	5	IU	0,0
50291	Villar de los Navarros	2011	1	PP	4,0
50291	Villar de los Navarros	2011	2	PSOE	0,0
50291	Villar de los Navarros	2011	3	PAR	1,0
50291	Villar de los Navarros	2011	5	IU	0,0
50291	Villar de los Navarros	2015	1	PP	5,0
50291	Villar de los Navarros	2015	2	PSOE	0,0
50291	Villar de los Navarros	2015	7	CHA	0,0
50292	Villarreal de Huerva	2007	1	PSOE	2,0
50292	Villarreal de Huerva	2007	2	PP	2,0
50292	Villarreal de Huerva	2007	3	PAR	1,0
50292	Villarreal de Huerva	2007	4	CHA	0,0
50292	Villarreal de Huerva	2011	1	PP	2,0
50292	Villarreal de Huerva	2011	2	PSOE	2,0
50292	Villarreal de Huerva	2011	3	PAR	1,0
50292	Villarreal de Huerva	2011	4	CHA	0,0
50292	Villarreal de Huerva	2015	1	PP	1,0
50292	Villarreal de Huerva	2015	2	PSOE	3,0
50292	Villarreal de Huerva	2015	5	PAR	1,0
50292	Villarreal de Huerva	2015	7	CHA	0,0
50293	Villarroya de la Sierra	2007	1	PSOE	6,0
50293	Villarroya de la Sierra	2007	2	PP	1,0
50293	Villarroya de la Sierra	2007	3	PAR	0,0
50293	Villarroya de la Sierra	2011	1	PP	0,0
50293	Villarroya de la Sierra	2011	2	PSOE	5,0
50293	Villarroya de la Sierra	2011	3	PAR	2,0
50293	Villarroya de la Sierra	2015	5	PAR	3,0
50293	Villarroya de la Sierra	2015	6	PSOE	4,0
50293	Villarroya de la Sierra	2015	8	PP	0,0
50294	Villarroya del Campo	2007	1	PSOE	0,0
50294	Villarroya del Campo	2007	2	PP	1,0
50294	Villarroya del Campo	2007	3	PAR	0,0
50294	Villarroya del Campo	2007	4	CHA	0,0
50294	Villarroya del Campo	2011	1	PP	1,0
50294	Villarroya del Campo	2011	2	PSOE	0,0
50294	Villarroya del Campo	2011	3	PAR	0,0
50294	Villarroya del Campo	2015	1	PP	1,0
50294	Villarroya del Campo	2015	2	PSOE	0,0
50295	Vistabella	2007	1	PSOE	0,0
50295	Vistabella	2007	2	PP	0,0
50295	Vistabella	2007	3	PAR	1,0
50295	Vistabella	2007	4	CHA	0,0
50295	Vistabella	2011	2	PSOE	0,0
50295	Vistabella	2011	3	PAR	1,0
50295	Vistabella	2015	1	PP	0,0
50295	Vistabella	2015	2	PSOE	0,0
50295	Vistabella	2015	5	PAR	1,0
50295	Vistabella	2015	7	CHA	0,0
50296	Zaida (La)	2007	1	PSOE	4,0
50296	Zaida (La)	2007	2	PP	1,0
50296	Zaida (La)	2007	3	PAR	2,0
50296	Zaida (La)	2011	1	PP	1,0
50296	Zaida (La)	2011	2	PSOE	6,0
50296	Zaida (La)	2015	1	PP	1,0
50296	Zaida (La)	2015	2	PSOE	3,0
50296	Zaida (La)	2015	5	PAR	3,0
50296	Zaida (La)	2015	7	CHA	0,0
50297	Zaragoza	2007	1	PSOE	13,0
50297	Zaragoza	2007	2	PP	12,0
50297	Zaragoza	2007	3	PAR	2,0
50297	Zaragoza	2007	4	CHA	3,0
50297	Zaragoza	2007	5	IU	1,0
50297	Zaragoza	2007	6	LV-FIA	0,0
50297	Zaragoza	2007	8	PCUA	0,0
50297	Zaragoza	2007	9	CDL	0,0
50297	Zaragoza	2007	11	PACMA	0,0
50297	Zaragoza	2007	15	PUM+J	0,0
50297	Zaragoza	2007	16	PFYV	0,0
50297	Zaragoza	2007	17	PH	0,0
50297	Zaragoza	2011	1	PP	15,0
50297	Zaragoza	2011	2	PSOE	10,0
50297	Zaragoza	2011	3	PAR	0,0
50297	Zaragoza	2011	4	CHA	3,0
50297	Zaragoza	2011	5	IU	3,0
50297	Zaragoza	2011	6	UPyD	0,0
50297	Zaragoza	2011	7	COMPROMISO CON ARAGON	0,0
50297	Zaragoza	2011	8	FIA	0,0
50297	Zaragoza	2011	9	ECOLO	0,0
50297	Zaragoza	2011	10	LV-GV	0,0
50297	Zaragoza	2011	11	PACMA	0,0
50297	Zaragoza	2011	12	CDL	0,0
50297	Zaragoza	2011	14	PUM+J	0,0
50297	Zaragoza	2011	15	TA	0,0
50297	Zaragoza	2011	16	pCUA	0,0
50297	Zaragoza	2011	17	AES	0,0
50297	Zaragoza	2011	18	PCPE	0,0
50297	Zaragoza	2011	19	PFyV	0,0
50297	Zaragoza	2011	21	PH	0,0
50297	Zaragoza	2011	22	L'VIA	0,0
50297	Zaragoza	2015	1	PP	10,0
50297	Zaragoza	2015	2	PSOE	6,0
50297	Zaragoza	2015	3	ZGZ	9,0
50297	Zaragoza	2015	4	C's	4,0
50297	Zaragoza	2015	5	PAR	0,0
50297	Zaragoza	2015	7	CHA	2,0
50297	Zaragoza	2015	9	UPyD	0,0
50297	Zaragoza	2015	10	EB	0,0
50297	Zaragoza	2015	11	PACMA	0,0
50297	Zaragoza	2015	12	COMPROMISO CON ARAGON	0,0
50297	Zaragoza	2015	14	LV-GV	0,0
50297	Zaragoza	2015	18	P.C.P.E.	0,0
50297	Zaragoza	2015	22	M.S.R.	0,0
50297	Zaragoza	2015	28	FIA	0,0
50297	Zaragoza	2015	30	BAR	0,0
50297	Zaragoza	2015	32	E.A.	0,0
50298	Zuera	2007	1	PSOE	6,0
50298	Zuera	2007	2	PP	6,0
50298	Zuera	2007	3	PAR	1,0
50298	Zuera	2011	1	PP	6,0
50298	Zuera	2011	2	PSOE	6,0
50298	Zuera	2011	3	PAR	1,0
50298	Zuera	2015	1	PP	4,0
50298	Zuera	2015	2	PSOE	5,0
50298	Zuera	2015	5	PAR	1,0
50298	Zuera	2015	37	SZ - ZGZ	2,0
50298	Zuera	2015	43	FIA-PILL	1,0
50901	Biel	2007	1	PSOE	4,0
50901	Biel	2007	2	PP	0,0
50901	Biel	2007	3	PAR	1,0
50901	Biel	2007	4	CHA	0,0
50901	Biel	2011	1	PP	0,0
50901	Biel	2011	2	PSOE	3,0
50901	Biel	2011	5	IU	2,0
50901	Biel	2015	1	PP	0,0
50901	Biel	2015	2	PSOE	2,0
50901	Biel	2015	17	IU-ZGZ	3,0
50902	Marracos	2007	1	PSOE	1,0
50902	Marracos	2007	2	PP	4,0
50902	Marracos	2007	3	PAR	0,0
50902	Marracos	2007	4	CHA	0,0
50902	Marracos	2007	5	IU	0,0
50902	Marracos	2011	1	PP	2,0
50902	Marracos	2011	2	PSOE	1,0
50902	Marracos	2011	3	PAR	0,0
50902	Marracos	2015	1	PP	2,0
50902	Marracos	2015	2	PSOE	1,0
50903	Villamayor de Gállego	2007	1	PSOE	6,0
50903	Villamayor de Gállego	2007	2	PP	1,0
50903	Villamayor de Gállego	2007	3	PAR	0,0
50903	Villamayor de Gállego	2007	4	CHA	4,0
50903	Villamayor de Gállego	2011	1	PP	2,0
50903	Villamayor de Gállego	2011	2	PSOE	5,0
50903	Villamayor de Gállego	2011	4	CHA	4,0
50903	Villamayor de Gállego	2015	1	PP	1,0
50903	Villamayor de Gállego	2015	2	PSOE	4,0
50903	Villamayor de Gállego	2015	5	PAR	0,0
50903	Villamayor de Gállego	2015	7	CHA	6,0